version 1
nodes
  0 "ValveBiped.Bip01_Spine4" -1
  1 "ValveBiped.Bip01_L_Clavicle" 0
  2 "ValveBiped.Bip01_L_UpperArm" 1
  3 "ValveBiped.Bip01_L_Forearm" 2
  4 "ValveBiped.Bip01_L_Hand" 3
  5 "ValveBiped.Bip01_L_Finger4" 4
  6 "ValveBiped.Bip01_L_Finger41" 5
  7 "ValveBiped.Bip01_L_Finger42" 6
  8 "ValveBiped.Bip01_L_Finger3" 4
  9 "ValveBiped.Bip01_L_Finger31" 8
  10 "ValveBiped.Bip01_L_Finger32" 9
  11 "ValveBiped.Bip01_L_Finger2" 4
  12 "ValveBiped.Bip01_L_Finger21" 11
  13 "ValveBiped.Bip01_L_Finger22" 12
  14 "ValveBiped.Bip01_L_Finger1" 4
  15 "ValveBiped.Bip01_L_Finger11" 14
  16 "ValveBiped.Bip01_L_Finger12" 15
  17 "ValveBiped.Bip01_L_Finger0" 4
  18 "ValveBiped.Bip01_L_Finger01" 17
  19 "ValveBiped.Bip01_L_Finger02" 18
  20 "ValveBiped.Bip01_R_Clavicle" 0
  21 "ValveBiped.Bip01_R_UpperArm" 20
  22 "ValveBiped.Bip01_R_Forearm" 21
  23 "ValveBiped.Bip01_R_Hand" 22
  24 "ValveBiped.Bip01_R_Finger4" 23
  25 "ValveBiped.Bip01_R_Finger41" 24
  26 "ValveBiped.Bip01_R_Finger42" 25
  27 "ValveBiped.Bip01_R_Finger3" 23
  28 "ValveBiped.Bip01_R_Finger31" 27
  29 "ValveBiped.Bip01_R_Finger32" 28
  30 "ValveBiped.Bip01_R_Finger2" 23
  31 "ValveBiped.Bip01_R_Finger21" 30
  32 "ValveBiped.Bip01_R_Finger22" 31
  33 "ValveBiped.Bip01_R_Finger1" 23
  34 "ValveBiped.Bip01_R_Finger11" 33
  35 "ValveBiped.Bip01_R_Finger12" 34
  36 "ValveBiped.Bip01_R_Finger0" 23
  37 "ValveBiped.Bip01_R_Finger01" 36
  38 "ValveBiped.Bip01_R_Finger02" 37
  39 "Python" -1
  40 "Cylinder_release" 39
  41 "Cylinder" 40
  42 "Bullet1" 41
  43 "Bullet2" 41
  44 "Bullet3" 41
  45 "Bullet4" 41
  46 "Bullet5" 41
  47 "Bullet6" 41
end
skeleton
  time 0
    0 -0.999512 8.335938 -6.640625 -1.570760 -1.391893 -1.570827
    1 2.033349 1.000767 1.937660 1.596637 -1.286515 2.942961
    2 6.321118 -0.964873 1.468795 -0.212157 -1.085131 -1.943637
    3 11.692554 0.000001 0.000000 0.000000 0.000000 -0.740343
    4 11.481670 0.000001 -0.000031 -0.301079 -0.344001 0.943704
    5 3.859711 -0.142405 -1.191975 -0.491312 0.054898 -1.089461
    6 1.312555 -0.000002 0.000000 0.000000 0.000000 -0.435484
    7 0.729363 -0.000002 -0.000002 0.000000 0.000000 -0.240207
    8 3.942337 0.046767 -0.431443 -0.150125 0.076994 -0.776666
    9 1.539097 0.000000 0.000000 0.000000 0.000000 -0.409593
    10 1.196325 -0.000002 -0.000001 0.000000 0.000000 -0.581464
    11 3.883698 -0.046765 0.431443 0.085347 0.023775 -0.564480
    12 1.719570 -0.000004 -0.000001 0.000000 0.000000 -0.762886
    13 1.209169 -0.000004 0.000000 0.000000 0.000000 -0.256535
    14 3.859863 -0.137946 1.332466 0.483960 -0.048432 -0.425648
    15 1.719431 0.000002 0.000000 0.000000 0.000000 -0.496225
    16 1.099667 0.000000 -0.000001 0.000000 0.000000 -0.354423
    17 0.806053 -0.348926 1.321258 -1.287532 -0.366649 -0.722385
    18 1.789778 -0.000002 0.000002 0.000000 0.000000 0.212596
    19 1.207005 0.000000 0.000002 0.000000 0.000000 0.186299
    20 2.033356 1.000772 -1.937610 -2.129147 1.252455 2.502299
    21 6.028145 0.000000 0.000000 1.744498 1.244809 -1.091347
    22 11.692554 0.000001 0.000002 0.000000 0.000000 -0.718981
    23 11.481699 0.000001 0.000001 -1.500653 0.033923 0.750096
    24 3.859680 -0.132567 1.193109 0.076298 0.048710 -1.410444
    25 1.312555 -0.000002 0.000002 0.000000 0.000000 -0.439672
    26 0.729365 0.000000 -0.000001 0.000000 0.000000 -1.116930
    27 3.942307 0.050327 0.431044 0.032619 0.047813 -1.244423
    28 1.539099 -0.000002 0.000000 0.000000 0.000000 -0.858600
    29 1.196321 0.000010 0.000000 0.000000 0.000000 -1.041607
    30 3.883659 -0.050321 -0.431042 0.013675 -0.048012 -1.095524
    31 1.719578 0.000002 0.000000 0.000000 -0.007974 -1.239047
    32 1.209185 0.000002 0.000000 0.000000 -0.004460 -0.914505
    33 3.859840 -0.148937 -1.331282 -0.130416 -0.094966 -0.552749
    34 1.719421 0.000002 0.000000 0.000000 -0.006613 -0.362970
    35 1.099669 0.000002 -0.000001 0.000000 -0.004211 -0.767879
    36 0.806023 -0.359837 -1.318334 1.402404 0.526435 -0.917775
    37 1.789782 0.000000 -0.000004 -0.170078 0.039352 0.399730
    38 1.206999 0.000002 0.000000 0.000000 0.000000 1.061014
    39 -3.318944 -22.438121 -6.947674 1.928936 -0.034611 0.252047
    40 0.025545 -1.273521 1.753304 0.000000 0.000000 0.000000
    41 0.001032 1.440453 -1.526783 0.000000 0.000000 0.000000
    42 0.004413 0.696487 -1.430595 0.000000 0.000000 0.000000
    43 0.580660 0.349014 -1.430595 0.000000 0.000000 0.000000
    44 0.583444 -0.305904 -1.430599 0.000000 0.000000 0.000000
    45 0.005318 -0.648720 -1.430599 0.000000 0.000000 0.000000
    46 -0.574618 -0.303123 -1.430601 0.000000 0.000000 0.000000
    47 -0.573714 0.348118 -1.430595 0.000000 0.000000 0.000000
  time 1
    0 -0.999512 8.335938 -6.640625 -1.570760 -1.391893 -1.570827
    1 2.033349 1.000767 1.937660 1.596637 -1.286515 2.942961
    2 6.321118 -0.964873 1.468795 -0.212157 -1.085131 -1.943637
    3 11.692554 0.000001 0.000000 0.000000 0.000000 -0.740343
    4 11.481670 0.000001 -0.000031 -0.301015 -0.344001 0.943745
    5 3.859711 -0.142405 -1.191975 -0.491312 0.054898 -1.089461
    6 1.312555 -0.000002 0.000000 0.000000 0.000000 -0.435484
    7 0.729363 -0.000002 -0.000002 0.000000 0.000000 -0.240207
    8 3.942337 0.046767 -0.431443 -0.150125 0.076994 -0.776666
    9 1.539097 0.000000 0.000000 0.000000 0.000000 -0.409593
    10 1.196325 -0.000002 -0.000001 0.000000 0.000000 -0.581464
    11 3.883698 -0.046765 0.431443 0.085347 0.023775 -0.564480
    12 1.719570 -0.000004 -0.000001 0.000000 0.000000 -0.762886
    13 1.209169 -0.000004 0.000000 0.000000 0.000000 -0.256535
    14 3.859863 -0.137946 1.332466 0.483960 -0.048432 -0.425648
    15 1.719431 0.000002 0.000000 0.000000 0.000000 -0.496225
    16 1.099667 0.000000 -0.000001 0.000000 0.000000 -0.354423
    17 0.806053 -0.348926 1.321258 -1.287532 -0.366649 -0.722385
    18 1.789778 -0.000002 0.000002 0.000000 0.000000 0.212596
    19 1.207005 0.000000 0.000002 0.000000 0.000000 0.186299
    20 2.033356 1.000772 -1.937610 -2.129147 1.252455 2.502299
    21 6.028145 0.000000 0.000000 1.744498 1.244809 -1.091347
    22 11.692554 0.000001 0.000002 0.000000 0.000000 -0.718981
    23 11.481699 0.000001 0.000001 -1.500844 0.034079 0.749873
    24 3.859680 -0.132567 1.193109 0.076298 0.048710 -1.410444
    25 1.312555 -0.000002 0.000002 0.000000 0.000000 -0.439672
    26 0.729365 0.000000 -0.000001 0.000000 0.000000 -1.116930
    27 3.942307 0.050327 0.431044 0.032619 0.047813 -1.244423
    28 1.539099 -0.000002 0.000000 0.000000 0.000000 -0.858600
    29 1.196321 0.000010 0.000000 0.000000 0.000000 -1.041589
    30 3.883659 -0.050321 -0.431042 0.013675 -0.048012 -1.095524
    31 1.719578 0.000002 0.000000 0.000000 -0.007974 -1.239047
    32 1.209185 0.000002 0.000000 0.000000 -0.004460 -0.914505
    33 3.859840 -0.148937 -1.331282 -0.130416 -0.094966 -0.552749
    34 1.719421 0.000002 0.000000 0.000000 -0.006613 -0.362970
    35 1.099669 0.000002 -0.000001 0.000000 -0.004211 -0.767879
    36 0.806023 -0.359837 -1.318334 1.402404 0.526435 -0.917775
    37 1.789782 0.000000 -0.000004 -0.170078 0.039352 0.399730
    38 1.206999 0.000002 0.000000 0.000000 0.000000 1.061014
    39 -3.318944 -22.438121 -6.947674 1.928936 -0.034669 0.252047
    40 0.025545 -1.273521 1.753304 0.000000 0.000000 0.000000
    41 0.001032 1.440453 -1.526783 0.000000 0.000000 0.000000
    42 0.004413 0.696487 -1.430595 0.000000 0.000000 0.000000
    43 0.580660 0.349014 -1.430595 0.000000 0.000000 0.000000
    44 0.583444 -0.305904 -1.430599 0.000000 0.000000 0.000000
    45 0.005318 -0.648720 -1.430599 0.000000 0.000000 0.000000
    46 -0.574618 -0.303123 -1.430601 0.000000 0.000000 0.000000
    47 -0.573714 0.348118 -1.430595 0.000000 0.000000 0.000000
  time 2
    0 -0.999512 8.335938 -6.640625 -1.570760 -1.391893 -1.570827
    1 2.033349 1.000767 1.937660 1.596637 -1.286515 2.942961
    2 6.321118 -0.964873 1.468795 -0.212205 -1.085131 -1.943488
    3 11.692554 0.000001 0.000000 0.000000 0.000000 -0.740464
    4 11.481670 0.000001 -0.000031 -0.300888 -0.344001 0.943787
    5 3.859711 -0.142405 -1.191975 -0.491312 0.054898 -1.089461
    6 1.312555 -0.000002 0.000000 0.000000 0.000000 -0.435484
    7 0.729363 -0.000002 -0.000002 0.000000 0.000000 -0.240207
    8 3.942337 0.046767 -0.431443 -0.150125 0.076994 -0.776666
    9 1.539097 0.000000 0.000000 0.000000 0.000000 -0.409593
    10 1.196325 -0.000002 -0.000001 0.000000 0.000000 -0.581464
    11 3.883698 -0.046765 0.431443 0.085347 0.023775 -0.564480
    12 1.719570 -0.000004 -0.000001 0.000000 0.000000 -0.762886
    13 1.209169 -0.000004 0.000000 0.000000 0.000000 -0.256535
    14 3.859863 -0.137946 1.332466 0.483960 -0.048432 -0.425648
    15 1.719431 0.000002 0.000000 0.000000 0.000000 -0.496225
    16 1.099667 0.000000 -0.000001 0.000000 0.000000 -0.354423
    17 0.806053 -0.348926 1.321258 -1.287532 -0.366649 -0.722385
    18 1.789778 -0.000002 0.000002 0.000000 0.000000 0.212596
    19 1.207005 0.000000 0.000002 0.000000 0.000000 0.186299
    20 2.033356 1.000772 -1.937610 -2.129147 1.252455 2.502299
    21 6.028145 0.000000 0.000000 1.744448 1.244730 -1.091375
    22 11.692554 0.000001 0.000002 0.000000 0.000000 -0.718939
    23 11.481699 0.000001 0.000001 -1.500557 0.033923 0.750068
    24 3.859680 -0.132567 1.193109 0.076298 0.048710 -1.410444
    25 1.312555 -0.000002 0.000002 0.000000 0.000000 -0.439672
    26 0.729365 0.000000 -0.000001 0.000000 0.000000 -1.116930
    27 3.942307 0.050327 0.431044 0.032619 0.047813 -1.244423
    28 1.539099 -0.000002 0.000000 0.000000 0.000000 -0.858600
    29 1.196321 0.000010 0.000000 0.000000 0.000000 -1.041589
    30 3.883659 -0.050321 -0.431042 0.013675 -0.048012 -1.095524
    31 1.719578 0.000002 0.000000 0.000000 -0.007974 -1.239047
    32 1.209185 0.000002 0.000000 0.000000 -0.004460 -0.914505
    33 3.859840 -0.148937 -1.331282 -0.130416 -0.094966 -0.552749
    34 1.719421 0.000002 0.000000 0.000000 -0.006613 -0.362970
    35 1.099669 0.000002 -0.000001 0.000000 -0.004211 -0.767879
    36 0.806023 -0.359837 -1.318334 1.402404 0.526435 -0.917775
    37 1.789782 0.000000 -0.000004 -0.170078 0.039352 0.399730
    38 1.206999 0.000002 0.000000 0.000000 0.000000 1.061014
    39 -3.318944 -22.438121 -6.947674 1.928888 -0.034726 0.252047
    40 0.025545 -1.273521 1.753304 0.000000 0.000000 0.000000
    41 0.001032 1.440453 -1.526783 0.000000 0.000000 0.000000
    42 0.004413 0.696487 -1.430595 0.000000 0.000000 0.000000
    43 0.580660 0.349014 -1.430595 0.000000 0.000000 0.000000
    44 0.583444 -0.305904 -1.430599 0.000000 0.000000 0.000000
    45 0.005318 -0.648720 -1.430599 0.000000 0.000000 0.000000
    46 -0.574618 -0.303123 -1.430601 0.000000 0.000000 0.000000
    47 -0.573714 0.348118 -1.430595 0.000000 0.000000 0.000000
  time 3
    0 -0.999512 8.335938 -6.640625 -1.570760 -1.391893 -1.570827
    1 2.033349 1.000767 1.937660 1.596637 -1.286515 2.942961
    2 6.321118 -0.964873 1.468795 -0.212350 -1.085131 -1.943339
    3 11.692554 0.000001 0.000000 0.000000 0.000000 -0.740545
    4 11.481670 0.000001 -0.000031 -0.300760 -0.344042 0.943787
    5 3.859711 -0.142405 -1.191975 -0.491312 0.054898 -1.089461
    6 1.312555 -0.000002 0.000000 0.000000 0.000000 -0.435484
    7 0.729363 -0.000002 -0.000002 0.000000 0.000000 -0.240207
    8 3.942337 0.046767 -0.431443 -0.150125 0.076994 -0.776666
    9 1.539097 0.000000 0.000000 0.000000 0.000000 -0.409593
    10 1.196325 -0.000002 -0.000001 0.000000 0.000000 -0.581464
    11 3.883698 -0.046765 0.431443 0.085347 0.023775 -0.564480
    12 1.719570 -0.000004 -0.000001 0.000000 0.000000 -0.762886
    13 1.209169 -0.000004 0.000000 0.000000 0.000000 -0.256535
    14 3.859863 -0.137946 1.332466 0.483960 -0.048432 -0.425648
    15 1.719431 0.000002 0.000000 0.000000 0.000000 -0.496225
    16 1.099667 0.000000 -0.000001 0.000000 0.000000 -0.354423
    17 0.806053 -0.348926 1.321258 -1.287532 -0.366649 -0.722385
    18 1.789778 -0.000002 0.000002 0.000000 0.000000 0.212596
    19 1.207005 0.000000 0.000002 0.000000 0.000000 0.186299
    20 2.033356 1.000772 -1.937610 -2.129147 1.252455 2.502299
    21 6.028145 0.000000 0.000000 1.744398 1.244730 -1.091458
    22 11.692554 0.000001 0.000002 0.000000 0.000000 -0.718939
    23 11.481699 0.000001 0.000001 -1.500414 0.033910 0.750012
    24 3.859680 -0.132567 1.193109 0.076298 0.048710 -1.410444
    25 1.312555 -0.000002 0.000002 0.000000 0.000000 -0.439672
    26 0.729365 0.000000 -0.000001 0.000000 0.000000 -1.116930
    27 3.942307 0.050327 0.431044 0.032619 0.047813 -1.244423
    28 1.539099 -0.000002 0.000000 0.000000 0.000000 -0.858600
    29 1.196321 0.000010 0.000000 0.000000 0.000000 -1.041589
    30 3.883659 -0.050321 -0.431042 0.013675 -0.048012 -1.095524
    31 1.719578 0.000002 0.000000 0.000000 -0.007974 -1.239047
    32 1.209185 0.000002 0.000000 0.000000 -0.004460 -0.914505
    33 3.859840 -0.148937 -1.331282 -0.130416 -0.094966 -0.552749
    34 1.719421 0.000002 0.000000 0.000000 -0.006613 -0.362970
    35 1.099669 0.000002 -0.000001 0.000000 -0.004211 -0.767879
    36 0.806023 -0.359837 -1.318334 1.402404 0.526435 -0.917775
    37 1.789782 0.000000 -0.000004 -0.170078 0.039352 0.399730
    38 1.206999 0.000002 0.000000 0.000000 0.000000 1.061014
    39 -3.318944 -22.438121 -6.947674 1.928840 -0.034880 0.251907
    40 0.025545 -1.273521 1.753304 0.000000 0.000000 0.000000
    41 0.001032 1.440453 -1.526783 0.000000 0.000000 0.000000
    42 0.004413 0.696487 -1.430595 0.000000 0.000000 0.000000
    43 0.580660 0.349014 -1.430595 0.000000 0.000000 0.000000
    44 0.583444 -0.305904 -1.430599 0.000000 0.000000 0.000000
    45 0.005318 -0.648720 -1.430599 0.000000 0.000000 0.000000
    46 -0.574618 -0.303123 -1.430601 0.000000 0.000000 0.000000
    47 -0.573714 0.348118 -1.430595 0.000000 0.000000 0.000000
  time 4
    0 -0.999512 8.335938 -6.640625 -1.570760 -1.391893 -1.570827
    1 2.033349 1.000767 1.937660 1.596637 -1.286515 2.942961
    2 6.321118 -0.964873 1.468795 -0.212543 -1.085176 -1.943190
    3 11.692554 0.000001 0.000000 0.000000 0.000000 -0.740666
    4 11.481670 0.000001 -0.000031 -0.300569 -0.344042 0.943787
    5 3.859711 -0.142405 -1.191975 -0.491312 0.054898 -1.089461
    6 1.312555 -0.000002 0.000000 0.000000 0.000000 -0.435484
    7 0.729363 -0.000002 -0.000002 0.000000 0.000000 -0.240207
    8 3.942337 0.046767 -0.431443 -0.150125 0.076994 -0.776666
    9 1.539097 0.000000 0.000000 0.000000 0.000000 -0.409593
    10 1.196325 -0.000002 -0.000001 0.000000 0.000000 -0.581464
    11 3.883698 -0.046765 0.431443 0.085347 0.023775 -0.564480
    12 1.719570 -0.000004 -0.000001 0.000000 0.000000 -0.762886
    13 1.209169 -0.000004 0.000000 0.000000 0.000000 -0.256535
    14 3.859863 -0.137946 1.332466 0.483960 -0.048432 -0.425648
    15 1.719431 0.000002 0.000000 0.000000 0.000000 -0.496225
    16 1.099667 0.000000 -0.000001 0.000000 0.000000 -0.354423
    17 0.806053 -0.348926 1.321258 -1.287532 -0.366649 -0.722385
    18 1.789778 -0.000002 0.000002 0.000000 0.000000 0.212596
    19 1.207005 0.000000 0.000002 0.000000 0.000000 0.186299
    20 2.033356 1.000772 -1.937610 -2.129147 1.252455 2.502299
    21 6.028145 0.000000 0.000000 1.744298 1.244730 -1.091514
    22 11.692554 0.000001 0.000002 0.000000 0.000012 -0.719319
    23 11.481699 0.000001 0.000001 -1.500223 0.033936 0.749985
    24 3.859680 -0.132567 1.193109 0.076298 0.048710 -1.410444
    25 1.312555 -0.000002 0.000002 0.000000 0.000000 -0.439672
    26 0.729365 0.000000 -0.000001 0.000000 0.000000 -1.116930
    27 3.942307 0.050327 0.431044 0.032619 0.047813 -1.244423
    28 1.539099 -0.000002 0.000000 0.000000 0.000000 -0.858600
    29 1.196321 0.000010 0.000000 0.000000 0.000000 -1.041589
    30 3.883659 -0.050321 -0.431042 0.013675 -0.048012 -1.095524
    31 1.719578 0.000002 0.000000 0.000000 -0.007974 -1.239047
    32 1.209185 0.000002 0.000000 0.000000 -0.004460 -0.914505
    33 3.859840 -0.148937 -1.331282 -0.130416 -0.094966 -0.552749
    34 1.719421 0.000002 0.000000 0.000000 -0.006613 -0.362970
    35 1.099669 0.000002 -0.000001 0.000000 -0.004211 -0.767879
    36 0.806023 -0.359837 -1.318334 1.402404 0.526435 -0.917775
    37 1.789782 0.000000 -0.000004 -0.170078 0.039352 0.399730
    38 1.206999 0.000002 0.000000 0.000000 0.000000 1.061014
    39 -3.318944 -22.438121 -6.947674 1.928745 -0.035033 0.251907
    40 0.025545 -1.273521 1.753304 0.000000 0.000000 0.000000
    41 0.001032 1.440453 -1.526783 0.000000 0.000000 0.000000
    42 0.004413 0.696487 -1.430595 0.000000 0.000000 0.000000
    43 0.580660 0.349014 -1.430595 0.000000 0.000000 0.000000
    44 0.583444 -0.305904 -1.430599 0.000000 0.000000 0.000000
    45 0.005318 -0.648720 -1.430599 0.000000 0.000000 0.000000
    46 -0.574618 -0.303123 -1.430601 0.000000 0.000000 0.000000
    47 -0.573714 0.348118 -1.430595 0.000000 0.000000 0.000000
  time 5
    0 -0.999512 8.335938 -6.640625 -1.570760 -1.391893 -1.570827
    1 2.033349 1.000767 1.937660 1.596637 -1.286515 2.942961
    2 6.321118 -0.964873 1.468795 -0.212736 -1.085176 -1.942941
    3 11.692554 0.000001 0.000000 0.000000 0.000000 -0.740787
    4 11.481670 0.000001 -0.000031 -0.300314 -0.344083 0.943787
    5 3.859711 -0.142405 -1.191975 -0.491312 0.054898 -1.089461
    6 1.312555 -0.000002 0.000000 0.000000 0.000000 -0.435484
    7 0.729363 -0.000002 -0.000002 0.000000 0.000000 -0.240207
    8 3.942337 0.046767 -0.431443 -0.150125 0.076994 -0.776666
    9 1.539097 0.000000 0.000000 0.000000 0.000000 -0.409593
    10 1.196325 -0.000002 -0.000001 0.000000 0.000000 -0.581464
    11 3.883698 -0.046765 0.431443 0.085347 0.023775 -0.564480
    12 1.719570 -0.000004 -0.000001 0.000000 0.000000 -0.762886
    13 1.209169 -0.000004 0.000000 0.000000 0.000000 -0.256535
    14 3.859863 -0.137946 1.332466 0.483960 -0.048432 -0.425648
    15 1.719431 0.000002 0.000000 0.000000 0.000000 -0.496225
    16 1.099667 0.000000 -0.000001 0.000000 0.000000 -0.354423
    17 0.806053 -0.348926 1.321258 -1.287532 -0.366649 -0.722385
    18 1.789778 -0.000002 0.000002 0.000000 0.000000 0.212596
    19 1.207005 0.000000 0.000002 0.000000 0.000000 0.186299
    20 2.033356 1.000772 -1.937610 -2.129147 1.252455 2.502299
    21 6.028145 0.000000 0.000000 1.744198 1.244730 -1.091654
    22 11.692554 0.000001 0.000002 0.000000 0.000000 -0.718981
    23 11.481699 0.000001 0.000001 -1.499841 0.033754 0.750236
    24 3.859680 -0.132567 1.193109 0.076298 0.048710 -1.410444
    25 1.312555 -0.000002 0.000002 0.000000 0.000000 -0.439672
    26 0.729365 0.000000 -0.000001 0.000000 0.000000 -1.116930
    27 3.942307 0.050327 0.431044 0.032619 0.047813 -1.244423
    28 1.539099 -0.000002 0.000000 0.000000 0.000000 -0.858600
    29 1.196321 0.000010 0.000000 0.000000 0.000000 -1.041607
    30 3.883659 -0.050321 -0.431042 0.013675 -0.048012 -1.095524
    31 1.719578 0.000002 0.000000 0.000000 -0.007974 -1.239047
    32 1.209185 0.000002 0.000000 0.000000 -0.004460 -0.914505
    33 3.859840 -0.148937 -1.331282 -0.130416 -0.094966 -0.552749
    34 1.719421 0.000002 0.000000 0.000000 -0.006613 -0.362970
    35 1.099669 0.000002 -0.000001 0.000000 -0.004211 -0.767879
    36 0.806023 -0.359837 -1.318334 1.402404 0.526435 -0.917775
    37 1.789782 0.000000 -0.000004 -0.170078 0.039352 0.399730
    38 1.206999 0.000002 0.000000 0.000000 0.000000 1.061014
    39 -3.318944 -22.438121 -6.947674 1.928650 -0.035244 0.251837
    40 0.025545 -1.273521 1.753304 0.000000 0.000000 0.000000
    41 0.001032 1.440453 -1.526783 0.000000 0.000000 0.000000
    42 0.004413 0.696487 -1.430595 0.000000 0.000000 0.000000
    43 0.580660 0.349014 -1.430595 0.000000 0.000000 0.000000
    44 0.583444 -0.305904 -1.430599 0.000000 0.000000 0.000000
    45 0.005318 -0.648720 -1.430599 0.000000 0.000000 0.000000
    46 -0.574618 -0.303123 -1.430601 0.000000 0.000000 0.000000
    47 -0.573714 0.348118 -1.430595 0.000000 0.000000 0.000000
  time 6
    0 -0.999512 8.335938 -6.640625 -1.570760 -1.391893 -1.570827
    1 2.033349 1.000767 1.937660 1.596637 -1.286515 2.942961
    2 6.321118 -0.964873 1.468795 -0.212977 -1.085268 -1.942742
    3 11.692554 0.000001 0.000000 0.000000 0.000000 -0.740948
    4 11.481670 0.000001 -0.000031 -0.300059 -0.344083 0.943787
    5 3.859711 -0.142405 -1.191975 -0.491312 0.054898 -1.089461
    6 1.312555 -0.000002 0.000000 0.000000 0.000000 -0.435484
    7 0.729363 -0.000002 -0.000002 0.000000 0.000000 -0.240207
    8 3.942337 0.046767 -0.431443 -0.150125 0.076994 -0.776666
    9 1.539097 0.000000 0.000000 0.000000 0.000000 -0.409593
    10 1.196325 -0.000002 -0.000001 0.000000 0.000000 -0.581464
    11 3.883698 -0.046765 0.431443 0.085347 0.023775 -0.564480
    12 1.719570 -0.000004 -0.000001 0.000000 0.000000 -0.762886
    13 1.209169 -0.000004 0.000000 0.000000 0.000000 -0.256535
    14 3.859863 -0.137946 1.332466 0.483960 -0.048432 -0.425648
    15 1.719431 0.000002 0.000000 0.000000 0.000000 -0.496225
    16 1.099667 0.000000 -0.000001 0.000000 0.000000 -0.354423
    17 0.806053 -0.348926 1.321258 -1.287532 -0.366649 -0.722385
    18 1.789778 -0.000002 0.000002 0.000000 0.000000 0.212596
    19 1.207005 0.000000 0.000002 0.000000 0.000000 0.186299
    20 2.033356 1.000772 -1.937610 -2.129147 1.252455 2.502299
    21 6.028145 0.000000 0.000000 1.744098 1.244730 -1.091738
    22 11.692554 0.000001 0.000002 0.000000 0.000000 -0.718981
    23 11.481699 0.000001 0.000001 -1.499745 0.033858 0.749845
    24 3.859680 -0.132567 1.193109 0.076298 0.048710 -1.410444
    25 1.312555 -0.000002 0.000002 0.000000 0.000000 -0.439672
    26 0.729365 0.000000 -0.000001 0.000000 0.000000 -1.116930
    27 3.942307 0.050327 0.431044 0.032619 0.047813 -1.244423
    28 1.539099 -0.000002 0.000000 0.000000 0.000000 -0.858600
    29 1.196321 0.000010 0.000000 0.000000 0.000000 -1.041589
    30 3.883659 -0.050321 -0.431042 0.013675 -0.048012 -1.095524
    31 1.719578 0.000002 0.000000 0.000000 -0.007974 -1.239047
    32 1.209185 0.000002 0.000000 0.000000 -0.004460 -0.914505
    33 3.859840 -0.148937 -1.331282 -0.130416 -0.094966 -0.552749
    34 1.719421 0.000002 0.000000 0.000000 -0.006613 -0.362970
    35 1.099669 0.000002 -0.000001 0.000000 -0.004211 -0.767879
    36 0.806023 -0.359837 -1.318334 1.402404 0.526435 -0.917775
    37 1.789782 0.000000 -0.000004 -0.170078 0.039352 0.399730
    38 1.206999 0.000002 0.000000 0.000000 0.000000 1.061014
    39 -3.318944 -22.438121 -6.943767 1.928554 -0.035455 0.251768
    40 0.025545 -1.273521 1.753304 0.000000 0.000000 0.000000
    41 0.001032 1.440453 -1.526783 0.000000 0.000000 0.000000
    42 0.004413 0.696487 -1.430595 0.000000 0.000000 0.000000
    43 0.580660 0.349014 -1.430595 0.000000 0.000000 0.000000
    44 0.583444 -0.305904 -1.430599 0.000000 0.000000 0.000000
    45 0.005318 -0.648720 -1.430599 0.000000 0.000000 0.000000
    46 -0.574618 -0.303123 -1.430601 0.000000 0.000000 0.000000
    47 -0.573714 0.348118 -1.430595 0.000000 0.000000 0.000000
  time 7
    0 -0.999512 8.335938 -6.640625 -1.570760 -1.391893 -1.570827
    1 2.033349 1.000767 1.937660 1.596637 -1.286515 2.942961
    2 6.321118 -0.964873 1.468795 -0.213170 -1.085268 -1.942544
    3 11.692554 0.000001 0.000000 0.000000 0.000000 -0.741069
    4 11.481670 0.000001 -0.000031 -0.299676 -0.344124 0.943787
    5 3.859711 -0.142405 -1.191975 -0.491312 0.054898 -1.089461
    6 1.312555 -0.000002 0.000000 0.000000 0.000000 -0.435484
    7 0.729363 -0.000002 -0.000002 0.000000 0.000000 -0.240207
    8 3.942337 0.046767 -0.431443 -0.150125 0.076994 -0.776666
    9 1.539097 0.000000 0.000000 0.000000 0.000000 -0.409593
    10 1.196325 -0.000002 -0.000001 0.000000 0.000000 -0.581464
    11 3.883698 -0.046765 0.431443 0.085347 0.023775 -0.564480
    12 1.719570 -0.000004 -0.000001 0.000000 0.000000 -0.762886
    13 1.209169 -0.000004 0.000000 0.000000 0.000000 -0.256535
    14 3.859863 -0.137946 1.332466 0.483960 -0.048432 -0.425648
    15 1.719431 0.000002 0.000000 0.000000 0.000000 -0.496225
    16 1.099667 0.000000 -0.000001 0.000000 0.000000 -0.354423
    17 0.806053 -0.348926 1.321258 -1.287532 -0.366649 -0.722385
    18 1.789778 -0.000002 0.000002 0.000000 0.000000 0.212596
    19 1.207005 0.000000 0.000002 0.000000 0.000000 0.186299
    20 2.033356 1.000772 -1.937610 -2.129147 1.252455 2.502299
    21 6.028145 0.000000 0.000000 1.743948 1.244730 -1.091849
    22 11.692554 0.000001 0.000002 0.000000 0.000000 -0.718981
    23 11.481699 0.000001 0.000001 -1.499459 0.033845 0.749789
    24 3.859680 -0.132567 1.193109 0.076298 0.048710 -1.410444
    25 1.312555 -0.000002 0.000002 0.000000 0.000000 -0.439672
    26 0.729365 0.000000 -0.000001 0.000000 0.000000 -1.116930
    27 3.942307 0.050327 0.431044 0.032619 0.047813 -1.244423
    28 1.539099 -0.000002 0.000000 0.000000 0.000000 -0.858600
    29 1.196321 0.000010 0.000000 0.000000 0.000000 -1.041607
    30 3.883659 -0.050321 -0.431042 0.013675 -0.048012 -1.095542
    31 1.719578 0.000002 0.000000 0.000000 -0.007974 -1.239047
    32 1.209185 0.000002 0.000000 0.000000 -0.004460 -0.914505
    33 3.859840 -0.148937 -1.331282 -0.130416 -0.094966 -0.552749
    34 1.719421 0.000002 0.000000 0.000000 -0.006613 -0.362970
    35 1.099669 0.000002 -0.000001 0.000000 -0.004211 -0.767879
    36 0.806023 -0.359837 -1.318334 1.402404 0.526435 -0.917775
    37 1.789782 0.000000 -0.000004 -0.170078 0.039352 0.399730
    38 1.206999 0.000002 0.000000 0.000000 0.000000 1.061014
    39 -3.318944 -22.438121 -6.943767 1.928459 -0.035685 0.251768
    40 0.025545 -1.273521 1.753304 0.000000 0.000000 0.000000
    41 0.001032 1.440453 -1.526783 0.000000 0.000000 0.000000
    42 0.004413 0.696487 -1.430595 0.000000 0.000000 0.000000
    43 0.580660 0.349014 -1.430595 0.000000 0.000000 0.000000
    44 0.583444 -0.305904 -1.430599 0.000000 0.000000 0.000000
    45 0.005318 -0.648720 -1.430599 0.000000 0.000000 0.000000
    46 -0.574618 -0.303123 -1.430601 0.000000 0.000000 0.000000
    47 -0.573714 0.348118 -1.430595 0.000000 0.000000 0.000000
  time 8
    0 -0.999512 8.335938 -6.640625 -1.570760 -1.391893 -1.570827
    1 2.033349 1.000767 1.937660 1.596637 -1.286515 2.942961
    2 6.321118 -0.964873 1.468795 -0.213460 -1.085268 -1.942246
    3 11.692554 0.000001 0.000000 0.000000 0.000000 -0.741311
    4 11.481670 0.000001 -0.000031 -0.299358 -0.344124 0.943828
    5 3.859711 -0.142405 -1.191975 -0.491312 0.054898 -1.089461
    6 1.312555 -0.000002 0.000000 0.000000 0.000000 -0.435484
    7 0.729363 -0.000002 -0.000002 0.000000 0.000000 -0.240207
    8 3.942337 0.046767 -0.431443 -0.150125 0.076994 -0.776666
    9 1.539097 0.000000 0.000000 0.000000 0.000000 -0.409593
    10 1.196325 -0.000002 -0.000001 0.000000 0.000000 -0.581464
    11 3.883698 -0.046765 0.431443 0.085347 0.023775 -0.564480
    12 1.719570 -0.000004 -0.000001 0.000000 0.000000 -0.762886
    13 1.209169 -0.000004 0.000000 0.000000 0.000000 -0.256535
    14 3.859863 -0.137946 1.332466 0.483960 -0.048432 -0.425648
    15 1.719431 0.000002 0.000000 0.000000 0.000000 -0.496225
    16 1.099667 0.000000 -0.000001 0.000000 0.000000 -0.354423
    17 0.806053 -0.348926 1.321258 -1.287532 -0.366649 -0.722385
    18 1.789778 -0.000002 0.000002 0.000000 0.000000 0.212596
    19 1.207005 0.000000 0.000002 0.000000 0.000000 0.186299
    20 2.033356 1.000772 -1.937610 -2.129147 1.252455 2.502299
    21 6.028145 0.000000 0.000000 1.743848 1.244730 -1.091989
    22 11.692554 0.000001 0.000002 0.000000 0.000000 -0.719066
    23 11.481699 0.000001 0.000001 -1.499172 0.033832 0.749705
    24 3.859680 -0.132567 1.193109 0.076298 0.048710 -1.410444
    25 1.312555 -0.000002 0.000002 0.000000 0.000000 -0.439672
    26 0.729365 0.000000 -0.000001 0.000000 0.000000 -1.116930
    27 3.942307 0.050327 0.431044 0.032619 0.047813 -1.244423
    28 1.539099 -0.000002 0.000000 0.000000 0.000000 -0.858600
    29 1.196321 0.000010 0.000000 0.000000 0.000000 -1.041589
    30 3.883659 -0.050321 -0.431042 0.013675 -0.048012 -1.095524
    31 1.719578 0.000002 0.000000 0.000000 -0.007974 -1.239047
    32 1.209185 0.000002 0.000000 0.000000 -0.004460 -0.914505
    33 3.859840 -0.148937 -1.331282 -0.130416 -0.094966 -0.552749
    34 1.719421 0.000002 0.000000 0.000000 -0.006613 -0.362970
    35 1.099669 0.000002 -0.000001 0.000000 -0.004211 -0.767879
    36 0.806023 -0.359837 -1.318334 1.402404 0.526435 -0.917775
    37 1.789782 0.000000 -0.000004 -0.170078 0.039352 0.399730
    38 1.206999 0.000002 0.000000 0.000000 0.000000 1.061014
    39 -3.318944 -22.438121 -6.943767 1.928316 -0.035973 0.251698
    40 0.025545 -1.273521 1.753304 0.000000 0.000000 0.000000
    41 0.001032 1.440453 -1.526783 0.000000 0.000000 0.000000
    42 0.004413 0.696487 -1.430595 0.000000 0.000000 0.000000
    43 0.580660 0.349014 -1.430595 0.000000 0.000000 0.000000
    44 0.583444 -0.305904 -1.430599 0.000000 0.000000 0.000000
    45 0.005318 -0.648720 -1.430599 0.000000 0.000000 0.000000
    46 -0.574618 -0.303123 -1.430601 0.000000 0.000000 0.000000
    47 -0.573714 0.348118 -1.430595 0.000000 0.000000 0.000000
  time 9
    0 -0.999512 8.335938 -6.640625 -1.570760 -1.391893 -1.570827
    1 2.033349 1.000767 1.937660 1.596637 -1.286515 2.942961
    2 6.321118 -0.964873 1.468795 -0.213701 -1.085268 -1.941948
    3 11.692554 0.000001 0.000000 0.000000 0.000000 -0.741432
    4 11.481670 0.000001 -0.000031 -0.299103 -0.344185 0.943828
    5 3.859711 -0.142405 -1.191975 -0.491312 0.054898 -1.089461
    6 1.312555 -0.000002 0.000000 0.000000 0.000000 -0.435484
    7 0.729363 -0.000002 -0.000002 0.000000 0.000000 -0.240207
    8 3.942337 0.046767 -0.431443 -0.150125 0.076994 -0.776666
    9 1.539097 0.000000 0.000000 0.000000 0.000000 -0.409593
    10 1.196325 -0.000002 -0.000001 0.000000 0.000000 -0.581464
    11 3.883698 -0.046765 0.431443 0.085347 0.023775 -0.564480
    12 1.719570 -0.000004 -0.000001 0.000000 0.000000 -0.762886
    13 1.209169 -0.000004 0.000000 0.000000 0.000000 -0.256535
    14 3.859863 -0.137946 1.332466 0.483960 -0.048432 -0.425648
    15 1.719431 0.000002 0.000000 0.000000 0.000000 -0.496225
    16 1.099667 0.000000 -0.000001 0.000000 0.000000 -0.354423
    17 0.806053 -0.348926 1.321258 -1.287532 -0.366649 -0.722385
    18 1.789778 -0.000002 0.000002 0.000000 0.000000 0.212596
    19 1.207005 0.000000 0.000002 0.000000 0.000000 0.186299
    20 2.033356 1.000772 -1.937610 -2.129147 1.252455 2.502299
    21 6.028145 0.000000 0.000000 1.743698 1.244730 -1.092101
    22 11.692554 0.000001 0.000002 0.000012 0.000060 -0.719404
    23 11.481699 0.000001 0.000001 -1.498933 0.033780 0.749957
    24 3.859680 -0.132567 1.193109 0.076298 0.048710 -1.410444
    25 1.312555 -0.000002 0.000002 0.000000 0.000000 -0.439672
    26 0.729365 0.000000 -0.000001 0.000000 0.000000 -1.116930
    27 3.942307 0.050327 0.431044 0.032619 0.047813 -1.244423
    28 1.539099 -0.000002 0.000000 0.000000 0.000000 -0.858600
    29 1.196321 0.000010 0.000000 0.000000 0.000000 -1.041589
    30 3.883659 -0.050321 -0.431042 0.013675 -0.048012 -1.095524
    31 1.719578 0.000002 0.000000 0.000000 -0.007974 -1.239047
    32 1.209185 0.000002 0.000000 0.000000 -0.004460 -0.914505
    33 3.859840 -0.148937 -1.331282 -0.130416 -0.094966 -0.552749
    34 1.719421 0.000002 0.000000 0.000000 -0.006613 -0.362970
    35 1.099669 0.000002 -0.000001 0.000000 -0.004211 -0.767879
    36 0.806023 -0.359837 -1.318334 1.402404 0.526435 -0.917775
    37 1.789782 0.000000 -0.000004 -0.170078 0.039352 0.399730
    38 1.206999 0.000002 0.000000 0.000000 0.000000 1.061014
    39 -3.315038 -22.438121 -6.943767 1.928173 -0.036222 0.251698
    40 0.025545 -1.273521 1.753304 0.000000 0.000000 0.000000
    41 0.001032 1.440453 -1.526783 0.000000 0.000000 0.000000
    42 0.004413 0.696487 -1.430595 0.000000 0.000000 0.000000
    43 0.580660 0.349014 -1.430595 0.000000 0.000000 0.000000
    44 0.583444 -0.305904 -1.430599 0.000000 0.000000 0.000000
    45 0.005318 -0.648720 -1.430599 0.000000 0.000000 0.000000
    46 -0.574618 -0.303123 -1.430601 0.000000 0.000000 0.000000
    47 -0.573714 0.348118 -1.430595 0.000000 0.000000 0.000000
  time 10
    0 -0.999512 8.335938 -6.640625 -1.570760 -1.391893 -1.570827
    1 2.033349 1.000767 1.937660 1.596637 -1.286515 2.942961
    2 6.321118 -0.964873 1.468795 -0.213990 -1.085313 -1.941650
    3 11.692554 0.000001 0.000000 0.000000 0.000000 -0.741674
    4 11.481670 0.000001 -0.000031 -0.298657 -0.344185 0.943828
    5 3.859711 -0.142405 -1.191975 -0.491312 0.054898 -1.089461
    6 1.312555 -0.000002 0.000000 0.000000 0.000000 -0.435484
    7 0.729363 -0.000002 -0.000002 0.000000 0.000000 -0.240207
    8 3.942337 0.046767 -0.431443 -0.150125 0.076994 -0.776666
    9 1.539097 0.000000 0.000000 0.000000 0.000000 -0.409593
    10 1.196325 -0.000002 -0.000001 0.000000 0.000000 -0.581464
    11 3.883698 -0.046765 0.431443 0.085347 0.023775 -0.564480
    12 1.719570 -0.000004 -0.000001 0.000000 0.000000 -0.762886
    13 1.209169 -0.000004 0.000000 0.000000 0.000000 -0.256535
    14 3.859863 -0.137946 1.332466 0.483960 -0.048432 -0.425648
    15 1.719431 0.000002 0.000000 0.000000 0.000000 -0.496225
    16 1.099667 0.000000 -0.000001 0.000000 0.000000 -0.354423
    17 0.806053 -0.348926 1.321258 -1.287532 -0.366649 -0.722385
    18 1.789778 -0.000002 0.000002 0.000000 0.000000 0.212596
    19 1.207005 0.000000 0.000002 0.000000 0.000000 0.186299
    20 2.033356 1.000772 -1.937610 -2.129147 1.252455 2.502299
    21 6.028145 0.000000 0.000000 1.743548 1.244730 -1.092212
    22 11.692554 0.000001 0.000002 0.000000 0.000000 -0.719066
    23 11.481699 0.000001 0.000001 -1.498551 0.033780 0.749594
    24 3.859680 -0.132567 1.193109 0.076298 0.048710 -1.410444
    25 1.312555 -0.000002 0.000002 0.000000 0.000000 -0.439672
    26 0.729365 0.000000 -0.000001 0.000000 0.000000 -1.116930
    27 3.942307 0.050327 0.431044 0.032619 0.047813 -1.244423
    28 1.539099 -0.000002 0.000000 0.000000 0.000000 -0.858600
    29 1.196321 0.000010 0.000000 0.000000 0.000000 -1.041589
    30 3.883659 -0.050321 -0.431042 0.013675 -0.048012 -1.095524
    31 1.719578 0.000002 0.000000 0.000000 -0.007974 -1.239047
    32 1.209185 0.000002 0.000000 0.000000 -0.004460 -0.914505
    33 3.859840 -0.148937 -1.331282 -0.130416 -0.094966 -0.552749
    34 1.719421 0.000002 0.000000 0.000000 -0.006613 -0.362970
    35 1.099669 0.000002 -0.000001 0.000000 -0.004211 -0.767879
    36 0.806023 -0.359837 -1.318334 1.402404 0.526435 -0.917775
    37 1.789782 0.000000 -0.000004 -0.170078 0.039352 0.399730
    38 1.206999 0.000002 0.000000 0.000000 0.000000 1.061014
    39 -3.315038 -22.438121 -6.939861 1.928078 -0.036510 0.251628
    40 0.025545 -1.273521 1.753304 0.000000 0.000000 0.000000
    41 0.001032 1.440453 -1.526783 0.000000 0.000000 0.000000
    42 0.004413 0.696487 -1.430595 0.000000 0.000000 0.000000
    43 0.580660 0.349014 -1.430595 0.000000 0.000000 0.000000
    44 0.583444 -0.305904 -1.430599 0.000000 0.000000 0.000000
    45 0.005318 -0.648720 -1.430599 0.000000 0.000000 0.000000
    46 -0.574618 -0.303123 -1.430601 0.000000 0.000000 0.000000
    47 -0.573714 0.348118 -1.430595 0.000000 0.000000 0.000000
  time 11
    0 -0.999512 8.335938 -6.640625 -1.570760 -1.391893 -1.570827
    1 2.033349 1.000767 1.937660 1.596637 -1.286515 2.942961
    2 6.321118 -0.964873 1.468795 -0.214232 -1.085405 -1.941401
    3 11.692554 0.000001 0.000000 0.000000 0.000000 -0.741835
    4 11.481670 0.000001 -0.000031 -0.298402 -0.344226 0.943828
    5 3.859711 -0.142405 -1.191975 -0.491312 0.054898 -1.089461
    6 1.312555 -0.000002 0.000000 0.000000 0.000000 -0.435484
    7 0.729363 -0.000002 -0.000002 0.000000 0.000000 -0.240207
    8 3.942337 0.046767 -0.431443 -0.150125 0.076994 -0.776666
    9 1.539097 0.000000 0.000000 0.000000 0.000000 -0.409593
    10 1.196325 -0.000002 -0.000001 0.000000 0.000000 -0.581464
    11 3.883698 -0.046765 0.431443 0.085347 0.023775 -0.564480
    12 1.719570 -0.000004 -0.000001 0.000000 0.000000 -0.762886
    13 1.209169 -0.000004 0.000000 0.000000 0.000000 -0.256535
    14 3.859863 -0.137946 1.332466 0.483960 -0.048432 -0.425648
    15 1.719431 0.000002 0.000000 0.000000 0.000000 -0.496225
    16 1.099667 0.000000 -0.000001 0.000000 0.000000 -0.354423
    17 0.806053 -0.348926 1.321258 -1.287532 -0.366649 -0.722385
    18 1.789778 -0.000002 0.000002 0.000000 0.000000 0.212596
    19 1.207005 0.000000 0.000002 0.000000 0.000000 0.186299
    20 2.033356 1.000772 -1.937610 -2.129147 1.252455 2.502299
    21 6.028145 0.000000 0.000000 1.743448 1.244730 -1.092352
    22 11.692554 0.000001 0.000002 0.000000 0.000000 -0.719066
    23 11.481699 0.000001 0.000001 -1.498265 0.033702 0.749845
    24 3.859680 -0.132567 1.193109 0.076298 0.048710 -1.410444
    25 1.312555 -0.000002 0.000002 0.000000 0.000000 -0.439672
    26 0.729365 0.000000 -0.000001 0.000000 0.000000 -1.116930
    27 3.942307 0.050327 0.431044 0.032619 0.047813 -1.244423
    28 1.539099 -0.000002 0.000000 0.000000 0.000000 -0.858600
    29 1.196321 0.000010 0.000000 0.000000 0.000000 -1.041589
    30 3.883659 -0.050321 -0.431042 0.013675 -0.048012 -1.095524
    31 1.719578 0.000002 0.000000 0.000000 -0.007974 -1.239047
    32 1.209185 0.000002 0.000000 0.000000 -0.004460 -0.914505
    33 3.859840 -0.148937 -1.331282 -0.130416 -0.094966 -0.552749
    34 1.719421 0.000002 0.000000 0.000000 -0.006613 -0.362970
    35 1.099669 0.000002 -0.000001 0.000000 -0.004211 -0.767879
    36 0.806023 -0.359837 -1.318334 1.402404 0.526435 -0.917775
    37 1.789782 0.000000 -0.000004 -0.170078 0.039352 0.399730
    38 1.206999 0.000002 0.000000 0.000000 0.000000 1.061014
    39 -3.315038 -22.438121 -6.939861 1.927935 -0.036759 0.251628
    40 0.025545 -1.273521 1.753304 0.000000 0.000000 0.000000
    41 0.001032 1.440453 -1.526783 0.000000 0.000000 0.000000
    42 0.004413 0.696487 -1.430595 0.000000 0.000000 0.000000
    43 0.580660 0.349014 -1.430595 0.000000 0.000000 0.000000
    44 0.583444 -0.305904 -1.430599 0.000000 0.000000 0.000000
    45 0.005318 -0.648720 -1.430599 0.000000 0.000000 0.000000
    46 -0.574618 -0.303123 -1.430601 0.000000 0.000000 0.000000
    47 -0.573714 0.348118 -1.430595 0.000000 0.000000 0.000000
  time 12
    0 -0.999512 8.335938 -6.640625 -1.570760 -1.391893 -1.570827
    1 2.033349 1.000767 1.937660 1.596637 -1.286515 2.942961
    2 6.321118 -0.964873 1.468795 -0.214473 -1.085405 -1.941103
    3 11.692554 0.000001 0.000000 0.000000 0.000000 -0.742037
    4 11.481670 0.000001 -0.000031 -0.298083 -0.344267 0.943911
    5 3.859711 -0.142405 -1.191975 -0.491312 0.054898 -1.089461
    6 1.312555 -0.000002 0.000000 0.000000 0.000000 -0.435484
    7 0.729363 -0.000002 -0.000002 0.000000 0.000000 -0.240207
    8 3.942337 0.046767 -0.431443 -0.150125 0.076994 -0.776666
    9 1.539097 0.000000 0.000000 0.000000 0.000000 -0.409593
    10 1.196325 -0.000002 -0.000001 0.000000 0.000000 -0.581464
    11 3.883698 -0.046765 0.431443 0.085347 0.023775 -0.564480
    12 1.719570 -0.000004 -0.000001 0.000000 0.000000 -0.762886
    13 1.209169 -0.000004 0.000000 0.000000 0.000000 -0.256535
    14 3.859863 -0.137946 1.332466 0.483960 -0.048432 -0.425648
    15 1.719431 0.000002 0.000000 0.000000 0.000000 -0.496225
    16 1.099667 0.000000 -0.000001 0.000000 0.000000 -0.354423
    17 0.806053 -0.348926 1.321258 -1.287532 -0.366649 -0.722385
    18 1.789778 -0.000002 0.000002 0.000000 0.000000 0.212596
    19 1.207005 0.000000 0.000002 0.000000 0.000000 0.186299
    20 2.033356 1.000772 -1.937610 -2.129147 1.252455 2.502299
    21 6.028145 0.000000 0.000000 1.743298 1.244730 -1.092464
    22 11.692554 0.000001 0.000002 0.000000 0.000000 -0.719108
    23 11.481699 0.000001 0.000001 -1.498169 0.033897 0.749203
    24 3.859680 -0.132567 1.193109 0.076298 0.048710 -1.410444
    25 1.312555 -0.000002 0.000002 0.000000 0.000000 -0.439672
    26 0.729365 0.000000 -0.000001 0.000000 0.000000 -1.116930
    27 3.942307 0.050327 0.431044 0.032619 0.047813 -1.244423
    28 1.539099 -0.000002 0.000000 0.000000 0.000000 -0.858600
    29 1.196321 0.000010 0.000000 0.000000 0.000000 -1.041607
    30 3.883659 -0.050321 -0.431042 0.013675 -0.048012 -1.095524
    31 1.719578 0.000002 0.000000 0.000000 -0.007974 -1.239047
    32 1.209185 0.000002 0.000000 0.000000 -0.004460 -0.914505
    33 3.859840 -0.148937 -1.331282 -0.130416 -0.094966 -0.552749
    34 1.719421 0.000002 0.000000 0.000000 -0.006613 -0.362970
    35 1.099669 0.000002 -0.000001 0.000000 -0.004211 -0.767879
    36 0.806023 -0.359837 -1.318334 1.402404 0.526435 -0.917775
    37 1.789782 0.000000 -0.000004 -0.170078 0.039352 0.399730
    38 1.206999 0.000002 0.000000 0.000000 0.000000 1.061014
    39 -3.315038 -22.438121 -6.939861 1.927792 -0.037047 0.251558
    40 0.025545 -1.273521 1.753304 0.000000 0.000000 0.000000
    41 0.001032 1.440453 -1.526783 0.000000 0.000000 0.000000
    42 0.004413 0.696487 -1.430595 0.000000 0.000000 0.000000
    43 0.580660 0.349014 -1.430595 0.000000 0.000000 0.000000
    44 0.583444 -0.305904 -1.430599 0.000000 0.000000 0.000000
    45 0.005318 -0.648720 -1.430599 0.000000 0.000000 0.000000
    46 -0.574618 -0.303123 -1.430601 0.000000 0.000000 0.000000
    47 -0.573714 0.348118 -1.430595 0.000000 0.000000 0.000000
  time 13
    0 -0.999512 8.335938 -6.640625 -1.570760 -1.391893 -1.570827
    1 2.033349 1.000767 1.937660 1.596637 -1.286515 2.942961
    2 6.321118 -0.964873 1.468795 -0.214714 -1.085405 -1.940905
    3 11.692554 0.000001 0.000000 0.000000 0.000000 -0.742198
    4 11.481670 0.000001 -0.000031 -0.297700 -0.344267 0.943911
    5 3.859711 -0.142405 -1.191975 -0.491312 0.054898 -1.089461
    6 1.312555 -0.000002 0.000000 0.000000 0.000000 -0.435484
    7 0.729363 -0.000002 -0.000002 0.000000 0.000000 -0.240207
    8 3.942337 0.046767 -0.431443 -0.150125 0.076994 -0.776666
    9 1.539097 0.000000 0.000000 0.000000 0.000000 -0.409593
    10 1.196325 -0.000002 -0.000001 0.000000 0.000000 -0.581464
    11 3.883698 -0.046765 0.431443 0.085347 0.023775 -0.564480
    12 1.719570 -0.000004 -0.000001 0.000000 0.000000 -0.762886
    13 1.209169 -0.000004 0.000000 0.000000 0.000000 -0.256535
    14 3.859863 -0.137946 1.332466 0.483960 -0.048432 -0.425648
    15 1.719431 0.000002 0.000000 0.000000 0.000000 -0.496225
    16 1.099667 0.000000 -0.000001 0.000000 0.000000 -0.354423
    17 0.806053 -0.348926 1.321258 -1.287532 -0.366649 -0.722385
    18 1.789778 -0.000002 0.000002 0.000000 0.000000 0.212596
    19 1.207005 0.000000 0.000002 0.000000 0.000000 0.186299
    20 2.033356 1.000772 -1.937610 -2.129147 1.252455 2.502299
    21 6.028145 0.000000 0.000000 1.743198 1.244730 -1.092547
    22 11.692554 0.000001 0.000002 0.000000 0.000000 -0.719108
    23 11.481699 0.000001 0.000001 -1.497692 0.033728 0.749314
    24 3.859680 -0.132567 1.193109 0.076298 0.048710 -1.410444
    25 1.312555 -0.000002 0.000002 0.000000 0.000000 -0.439672
    26 0.729365 0.000000 -0.000001 0.000000 0.000000 -1.116930
    27 3.942307 0.050327 0.431044 0.032619 0.047813 -1.244423
    28 1.539099 -0.000002 0.000000 0.000000 0.000000 -0.858600
    29 1.196321 0.000010 0.000000 0.000000 0.000000 -1.041589
    30 3.883659 -0.050321 -0.431042 0.013675 -0.048012 -1.095524
    31 1.719578 0.000002 0.000000 0.000000 -0.007974 -1.239047
    32 1.209185 0.000002 0.000000 0.000000 -0.004460 -0.914505
    33 3.859840 -0.148937 -1.331282 -0.130416 -0.094966 -0.552749
    34 1.719421 0.000002 0.000000 0.000000 -0.006613 -0.362970
    35 1.099669 0.000002 -0.000001 0.000000 -0.004211 -0.767879
    36 0.806023 -0.359837 -1.318334 1.402404 0.526435 -0.917775
    37 1.789782 0.000000 -0.000004 -0.170078 0.039352 0.399730
    38 1.206999 0.000002 0.000000 0.000000 0.000000 1.061014
    39 -3.315038 -22.438121 -6.935954 1.927696 -0.037277 0.251488
    40 0.025545 -1.273521 1.753304 0.000000 0.000000 0.000000
    41 0.001032 1.440453 -1.526783 0.000000 0.000000 0.000000
    42 0.004413 0.696487 -1.430595 0.000000 0.000000 0.000000
    43 0.580660 0.349014 -1.430595 0.000000 0.000000 0.000000
    44 0.583444 -0.305904 -1.430599 0.000000 0.000000 0.000000
    45 0.005318 -0.648720 -1.430599 0.000000 0.000000 0.000000
    46 -0.574618 -0.303123 -1.430601 0.000000 0.000000 0.000000
    47 -0.573714 0.348118 -1.430595 0.000000 0.000000 0.000000
  time 14
    0 -0.999512 8.335938 -6.640625 -1.570760 -1.391893 -1.570827
    1 2.033349 1.000767 1.937660 1.596637 -1.286515 2.942961
    2 6.321118 -0.964873 1.468795 -0.214955 -1.085450 -1.940706
    3 11.692554 0.000001 0.000000 0.000000 0.000000 -0.742279
    4 11.481670 0.000001 -0.000031 -0.297382 -0.344308 0.943911
    5 3.859711 -0.142405 -1.191975 -0.491312 0.054898 -1.089461
    6 1.312555 -0.000002 0.000000 0.000000 0.000000 -0.435484
    7 0.729363 -0.000002 -0.000002 0.000000 0.000000 -0.240207
    8 3.942337 0.046767 -0.431443 -0.150125 0.076994 -0.776666
    9 1.539097 0.000000 0.000000 0.000000 0.000000 -0.409593
    10 1.196325 -0.000002 -0.000001 0.000000 0.000000 -0.581464
    11 3.883698 -0.046765 0.431443 0.085347 0.023775 -0.564480
    12 1.719570 -0.000004 -0.000001 0.000000 0.000000 -0.762886
    13 1.209169 -0.000004 0.000000 0.000000 0.000000 -0.256535
    14 3.859863 -0.137946 1.332466 0.483960 -0.048432 -0.425648
    15 1.719431 0.000002 0.000000 0.000000 0.000000 -0.496225
    16 1.099667 0.000000 -0.000001 0.000000 0.000000 -0.354423
    17 0.806053 -0.348926 1.321258 -1.287532 -0.366649 -0.722385
    18 1.789778 -0.000002 0.000002 0.000000 0.000000 0.212596
    19 1.207005 0.000000 0.000002 0.000000 0.000000 0.186299
    20 2.033356 1.000772 -1.937610 -2.129147 1.252455 2.502299
    21 6.028145 0.000000 0.000000 1.743097 1.244730 -1.092687
    22 11.692554 0.000001 0.000002 0.000000 0.000000 -0.719108
    23 11.481699 0.000001 0.000001 -1.497692 0.033871 0.749231
    24 3.859680 -0.132567 1.193109 0.076298 0.048710 -1.410444
    25 1.312555 -0.000002 0.000002 0.000000 0.000000 -0.439672
    26 0.729365 0.000000 -0.000001 0.000000 0.000000 -1.116930
    27 3.942307 0.050327 0.431044 0.032619 0.047813 -1.244423
    28 1.539099 -0.000002 0.000000 0.000000 0.000000 -0.858600
    29 1.196321 0.000010 0.000000 0.000000 0.000000 -1.041589
    30 3.883659 -0.050321 -0.431042 0.013675 -0.048012 -1.095524
    31 1.719578 0.000002 0.000000 0.000000 -0.007974 -1.239047
    32 1.209185 0.000002 0.000000 0.000000 -0.004460 -0.914505
    33 3.859840 -0.148937 -1.331282 -0.130416 -0.094966 -0.552749
    34 1.719421 0.000002 0.000000 0.000000 -0.006613 -0.362970
    35 1.099669 0.000002 -0.000001 0.000000 -0.004211 -0.767879
    36 0.806023 -0.359837 -1.318334 1.402404 0.526435 -0.917775
    37 1.789782 0.000000 -0.000004 -0.170078 0.039352 0.399730
    38 1.206999 0.000002 0.000000 0.000000 0.000000 1.061014
    39 -3.315038 -22.438121 -6.935954 1.927601 -0.037507 0.251418
    40 0.025545 -1.273521 1.753304 0.000000 0.000000 0.000000
    41 0.001032 1.440453 -1.526783 0.000000 0.000000 0.000000
    42 0.004413 0.696487 -1.430595 0.000000 0.000000 0.000000
    43 0.580660 0.349014 -1.430595 0.000000 0.000000 0.000000
    44 0.583444 -0.305904 -1.430599 0.000000 0.000000 0.000000
    45 0.005318 -0.648720 -1.430599 0.000000 0.000000 0.000000
    46 -0.574618 -0.303123 -1.430601 0.000000 0.000000 0.000000
    47 -0.573714 0.348118 -1.430595 0.000000 0.000000 0.000000
  time 15
    0 -0.999512 8.335938 -6.640625 -1.570760 -1.391893 -1.570827
    1 2.033349 1.000767 1.937660 1.596637 -1.286515 2.942961
    2 6.321118 -0.964873 1.468795 -0.215100 -1.085450 -1.940458
    3 11.692554 0.000001 0.000000 0.000000 0.000000 -0.742440
    4 11.481670 0.000001 -0.000031 -0.297254 -0.344349 0.943911
    5 3.859711 -0.142405 -1.191975 -0.491312 0.054898 -1.089461
    6 1.312555 -0.000002 0.000000 0.000000 0.000000 -0.435484
    7 0.729363 -0.000002 -0.000002 0.000000 0.000000 -0.240207
    8 3.942337 0.046767 -0.431443 -0.150125 0.076994 -0.776666
    9 1.539097 0.000000 0.000000 0.000000 0.000000 -0.409593
    10 1.196325 -0.000002 -0.000001 0.000000 0.000000 -0.581464
    11 3.883698 -0.046765 0.431443 0.085347 0.023775 -0.564480
    12 1.719570 -0.000004 -0.000001 0.000000 0.000000 -0.762886
    13 1.209169 -0.000004 0.000000 0.000000 0.000000 -0.256535
    14 3.859863 -0.137946 1.332466 0.483960 -0.048432 -0.425648
    15 1.719431 0.000002 0.000000 0.000000 0.000000 -0.496225
    16 1.099667 0.000000 -0.000001 0.000000 0.000000 -0.354423
    17 0.806053 -0.348926 1.321258 -1.287532 -0.366649 -0.722385
    18 1.789778 -0.000002 0.000002 0.000000 0.000000 0.212596
    19 1.207005 0.000000 0.000002 0.000000 0.000000 0.186299
    20 2.033356 1.000772 -1.937610 -2.129147 1.252455 2.502299
    21 6.028145 0.000000 0.000000 1.742997 1.244730 -1.092771
    22 11.692554 0.000001 0.000002 0.000000 0.000000 -0.719108
    23 11.481699 0.000001 0.000001 -1.497214 0.033676 0.749231
    24 3.859680 -0.132567 1.193109 0.076298 0.048710 -1.410444
    25 1.312555 -0.000002 0.000002 0.000000 0.000000 -0.439672
    26 0.729365 0.000000 -0.000001 0.000000 0.000000 -1.116930
    27 3.942307 0.050327 0.431044 0.032619 0.047813 -1.244423
    28 1.539099 -0.000002 0.000000 0.000000 0.000000 -0.858600
    29 1.196321 0.000010 0.000000 0.000000 0.000000 -1.041589
    30 3.883659 -0.050321 -0.431042 0.013663 -0.048012 -1.095524
    31 1.719578 0.000002 0.000000 0.000000 -0.007974 -1.239073
    32 1.209185 0.000002 0.000000 0.000000 -0.004460 -0.914505
    33 3.859840 -0.148937 -1.331282 -0.130416 -0.094966 -0.552749
    34 1.719421 0.000002 0.000000 0.000000 -0.006613 -0.362970
    35 1.099669 0.000002 -0.000001 0.000000 -0.004211 -0.767879
    36 0.806023 -0.359837 -1.318334 1.402404 0.526435 -0.917775
    37 1.789782 0.000000 -0.000004 -0.170078 0.039352 0.399730
    38 1.206999 0.000002 0.000000 0.000000 0.000000 1.061014
    39 -3.315038 -22.438121 -6.935954 1.927506 -0.037718 0.251418
    40 0.025545 -1.273521 1.753304 0.000000 0.000000 0.000000
    41 0.001032 1.440453 -1.526783 0.000000 0.000000 0.000000
    42 0.004413 0.696487 -1.430595 0.000000 0.000000 0.000000
    43 0.580660 0.349014 -1.430595 0.000000 0.000000 0.000000
    44 0.583444 -0.305904 -1.430599 0.000000 0.000000 0.000000
    45 0.005318 -0.648720 -1.430599 0.000000 0.000000 0.000000
    46 -0.574618 -0.303123 -1.430601 0.000000 0.000000 0.000000
    47 -0.573714 0.348118 -1.430595 0.000000 0.000000 0.000000
  time 16
    0 -0.999512 8.335938 -6.640625 -1.570760 -1.391893 -1.570827
    1 2.033349 1.000767 1.937660 1.596637 -1.286515 2.942961
    2 6.321118 -0.964873 1.468795 -0.215245 -1.085450 -1.940309
    3 11.692554 0.000001 0.000000 0.000000 0.000000 -0.742521
    4 11.481670 0.000001 -0.000031 -0.296936 -0.344349 0.943911
    5 3.859711 -0.142405 -1.191975 -0.491312 0.054898 -1.089461
    6 1.312555 -0.000002 0.000000 0.000000 0.000000 -0.435484
    7 0.729363 -0.000002 -0.000002 0.000000 0.000000 -0.240207
    8 3.942337 0.046767 -0.431443 -0.150125 0.076994 -0.776666
    9 1.539097 0.000000 0.000000 0.000000 0.000000 -0.409593
    10 1.196325 -0.000002 -0.000001 0.000000 0.000000 -0.581464
    11 3.883698 -0.046765 0.431443 0.085347 0.023775 -0.564480
    12 1.719570 -0.000004 -0.000001 0.000000 0.000000 -0.762886
    13 1.209169 -0.000004 0.000000 0.000000 0.000000 -0.256535
    14 3.859863 -0.137946 1.332466 0.483960 -0.048432 -0.425648
    15 1.719431 0.000002 0.000000 0.000000 0.000000 -0.496225
    16 1.099667 0.000000 -0.000001 0.000000 0.000000 -0.354423
    17 0.806053 -0.348926 1.321258 -1.287532 -0.366649 -0.722385
    18 1.789778 -0.000002 0.000002 0.000000 0.000000 0.212596
    19 1.207005 0.000000 0.000002 0.000000 0.000000 0.186299
    20 2.033356 1.000772 -1.937610 -2.129147 1.252455 2.502299
    21 6.028145 0.000000 0.000000 1.742947 1.244651 -1.092827
    22 11.692554 0.000001 0.000002 0.000000 0.000000 -0.719108
    23 11.481699 0.000001 0.000001 -1.497023 0.033663 0.749175
    24 3.859680 -0.132567 1.193109 0.076298 0.048710 -1.410444
    25 1.312555 -0.000002 0.000002 0.000000 0.000000 -0.439672
    26 0.729365 0.000000 -0.000001 0.000000 0.000000 -1.116930
    27 3.942307 0.050327 0.431044 0.032619 0.047813 -1.244423
    28 1.539099 -0.000002 0.000000 0.000000 0.000000 -0.858600
    29 1.196321 0.000010 0.000000 0.000000 0.000000 -1.041589
    30 3.883659 -0.050321 -0.431042 0.013675 -0.048012 -1.095524
    31 1.719578 0.000002 0.000000 0.000000 -0.007974 -1.239047
    32 1.209185 0.000002 0.000000 0.000000 -0.004460 -0.914505
    33 3.859840 -0.148937 -1.331282 -0.130416 -0.094966 -0.552749
    34 1.719421 0.000002 0.000000 0.000000 -0.006613 -0.362970
    35 1.099669 0.000002 -0.000001 0.000000 -0.004211 -0.767879
    36 0.806023 -0.359837 -1.318334 1.402404 0.526435 -0.917775
    37 1.789782 0.000000 -0.000004 -0.170078 0.039352 0.399730
    38 1.206999 0.000002 0.000000 0.000000 0.000000 1.061014
    39 -3.315038 -22.438121 -6.935954 1.927410 -0.037891 0.251278
    40 0.025545 -1.273521 1.753304 0.000000 0.000000 0.000000
    41 0.001032 1.440453 -1.526783 0.000000 0.000000 0.000000
    42 0.004413 0.696487 -1.430595 0.000000 0.000000 0.000000
    43 0.580660 0.349014 -1.430595 0.000000 0.000000 0.000000
    44 0.583444 -0.305904 -1.430599 0.000000 0.000000 0.000000
    45 0.005318 -0.648720 -1.430599 0.000000 0.000000 0.000000
    46 -0.574618 -0.303123 -1.430601 0.000000 0.000000 0.000000
    47 -0.573714 0.348118 -1.430595 0.000000 0.000000 0.000000
  time 17
    0 -0.999512 8.335938 -6.640625 -1.570760 -1.391893 -1.570827
    1 2.033349 1.000767 1.937660 1.596637 -1.286515 2.942961
    2 6.321118 -0.964873 1.468795 -0.215341 -1.085450 -1.940259
    3 11.692554 0.000001 0.000000 0.000000 0.000000 -0.742561
    4 11.481670 0.000001 -0.000031 -0.296872 -0.344390 0.943869
    5 3.859711 -0.142405 -1.191975 -0.491312 0.054898 -1.089461
    6 1.312555 -0.000002 0.000000 0.000000 0.000000 -0.435484
    7 0.729363 -0.000002 -0.000002 0.000000 0.000000 -0.240207
    8 3.942337 0.046767 -0.431443 -0.150125 0.076994 -0.776666
    9 1.539097 0.000000 0.000000 0.000000 0.000000 -0.409593
    10 1.196325 -0.000002 -0.000001 0.000000 0.000000 -0.581464
    11 3.883698 -0.046765 0.431443 0.085347 0.023775 -0.564480
    12 1.719570 -0.000004 -0.000001 0.000000 0.000000 -0.762886
    13 1.209169 -0.000004 0.000000 0.000000 0.000000 -0.256535
    14 3.859863 -0.137946 1.332466 0.483960 -0.048432 -0.425648
    15 1.719431 0.000002 0.000000 0.000000 0.000000 -0.496225
    16 1.099667 0.000000 -0.000001 0.000000 0.000000 -0.354423
    17 0.806053 -0.348926 1.321258 -1.287532 -0.366649 -0.722385
    18 1.789778 -0.000002 0.000002 0.000000 0.000000 0.212596
    19 1.207005 0.000000 0.000002 0.000000 0.000000 0.186299
    20 2.033356 1.000772 -1.937610 -2.129147 1.252455 2.502299
    21 6.028145 0.000000 0.000000 1.742897 1.244651 -1.092827
    22 11.692554 0.000001 0.000002 0.000000 0.000000 -0.719108
    23 11.481699 0.000001 0.000001 -1.496927 0.033650 0.749147
    24 3.859680 -0.132567 1.193109 0.076298 0.048710 -1.410444
    25 1.312555 -0.000002 0.000002 0.000000 0.000000 -0.439672
    26 0.729365 0.000000 -0.000001 0.000000 0.000000 -1.116930
    27 3.942307 0.050327 0.431044 0.032619 0.047813 -1.244423
    28 1.539099 -0.000002 0.000000 0.000000 0.000000 -0.858600
    29 1.196321 0.000010 0.000000 0.000000 0.000000 -1.041589
    30 3.883659 -0.050321 -0.431042 0.013675 -0.048012 -1.095524
    31 1.719578 0.000002 0.000000 0.000000 -0.007974 -1.239047
    32 1.209185 0.000002 0.000000 0.000000 -0.004460 -0.914505
    33 3.859840 -0.148937 -1.331282 -0.130416 -0.094966 -0.552749
    34 1.719421 0.000002 0.000000 0.000000 -0.006613 -0.362970
    35 1.099669 0.000002 -0.000001 0.000000 -0.004211 -0.767879
    36 0.806023 -0.359837 -1.318334 1.402404 0.526435 -0.917775
    37 1.789782 0.000000 -0.000004 -0.170078 0.039352 0.399730
    38 1.206999 0.000002 0.000000 0.000000 0.000000 1.061014
    39 -3.315038 -22.438121 -6.935954 1.927363 -0.038006 0.251278
    40 0.025545 -1.273521 1.753304 0.000000 0.000000 0.000000
    41 0.001032 1.440453 -1.526783 0.000000 0.000000 0.000000
    42 0.004413 0.696487 -1.430595 0.000000 0.000000 0.000000
    43 0.580660 0.349014 -1.430595 0.000000 0.000000 0.000000
    44 0.583444 -0.305904 -1.430599 0.000000 0.000000 0.000000
    45 0.005318 -0.648720 -1.430599 0.000000 0.000000 0.000000
    46 -0.574618 -0.303123 -1.430601 0.000000 0.000000 0.000000
    47 -0.573714 0.348118 -1.430595 0.000000 0.000000 0.000000
  time 18
    0 -0.999512 8.335938 -6.640625 -1.570760 -1.391893 -1.570827
    1 2.033349 1.000767 1.937660 1.596637 -1.286515 2.942961
    2 6.321118 -0.964873 1.468795 -0.215390 -1.085542 -1.940259
    3 11.692554 0.000001 0.000000 0.000000 0.000000 -0.742642
    4 11.481670 0.000001 -0.000031 -0.296872 -0.344390 0.943911
    5 3.859711 -0.142405 -1.191975 -0.491312 0.054898 -1.089461
    6 1.312555 -0.000002 0.000000 0.000000 0.000000 -0.435484
    7 0.729363 -0.000002 -0.000002 0.000000 0.000000 -0.240207
    8 3.942337 0.046767 -0.431443 -0.150125 0.076994 -0.776666
    9 1.539097 0.000000 0.000000 0.000000 0.000000 -0.409593
    10 1.196325 -0.000002 -0.000001 0.000000 0.000000 -0.581464
    11 3.883698 -0.046765 0.431443 0.085347 0.023775 -0.564480
    12 1.719570 -0.000004 -0.000001 0.000000 0.000000 -0.762886
    13 1.209169 -0.000004 0.000000 0.000000 0.000000 -0.256535
    14 3.859863 -0.137946 1.332466 0.483960 -0.048432 -0.425648
    15 1.719431 0.000002 0.000000 0.000000 0.000000 -0.496225
    16 1.099667 0.000000 -0.000001 0.000000 0.000000 -0.354423
    17 0.806053 -0.348926 1.321258 -1.287532 -0.366649 -0.722385
    18 1.789778 -0.000002 0.000002 0.000000 0.000000 0.212596
    19 1.207005 0.000000 0.000002 0.000000 0.000000 0.186299
    20 2.033356 1.000772 -1.937610 -2.129147 1.252455 2.502299
    21 6.028145 0.000000 0.000000 1.742897 1.244651 -1.092855
    22 11.692554 0.000001 0.000002 0.000000 0.000000 -0.719108
    23 11.481699 0.000001 0.000001 -1.496880 0.033650 0.749147
    24 3.859680 -0.132567 1.193109 0.076298 0.048710 -1.410444
    25 1.312555 -0.000002 0.000002 0.000000 0.000000 -0.439672
    26 0.729365 0.000000 -0.000001 0.000000 0.000000 -1.116930
    27 3.942307 0.050327 0.431044 0.032619 0.047813 -1.244423
    28 1.539099 -0.000002 0.000000 0.000000 0.000000 -0.858600
    29 1.196321 0.000010 0.000000 0.000000 0.000000 -1.041607
    30 3.883659 -0.050321 -0.431042 0.013675 -0.048012 -1.095524
    31 1.719578 0.000002 0.000000 0.000000 -0.007974 -1.239047
    32 1.209185 0.000002 0.000000 0.000000 -0.004460 -0.914505
    33 3.859840 -0.148937 -1.331282 -0.130416 -0.094966 -0.552749
    34 1.719421 0.000002 0.000000 0.000000 -0.006613 -0.362970
    35 1.099669 0.000002 -0.000001 0.000000 -0.004211 -0.767879
    36 0.806023 -0.359837 -1.318334 1.402404 0.526435 -0.917775
    37 1.789782 0.000000 -0.000004 -0.170078 0.039352 0.399730
    38 1.206999 0.000002 0.000000 0.000000 0.000000 1.061014
    39 -3.315038 -22.438121 -6.935954 1.927315 -0.038044 0.251278
    40 0.025545 -1.273521 1.753304 0.000000 0.000000 0.000000
    41 0.001032 1.440453 -1.526783 0.000000 0.000000 0.000000
    42 0.004413 0.696487 -1.430595 0.000000 0.000000 0.000000
    43 0.580660 0.349014 -1.430595 0.000000 0.000000 0.000000
    44 0.583444 -0.305904 -1.430599 0.000000 0.000000 0.000000
    45 0.005318 -0.648720 -1.430599 0.000000 0.000000 0.000000
    46 -0.574618 -0.303123 -1.430601 0.000000 0.000000 0.000000
    47 -0.573714 0.348118 -1.430595 0.000000 0.000000 0.000000
  time 19
    0 -0.999512 8.335938 -6.640625 -1.570760 -1.391893 -1.570827
    1 2.033349 1.000767 1.937660 1.596637 -1.286515 2.942961
    2 6.321118 -0.964873 1.468795 -0.215341 -1.085450 -1.940259
    3 11.692554 0.000001 0.000000 0.000000 0.000000 -0.742561
    4 11.481670 0.000001 -0.000031 -0.296872 -0.344390 0.943869
    5 3.859711 -0.142405 -1.191975 -0.491312 0.054898 -1.089461
    6 1.312555 -0.000002 0.000000 0.000000 0.000000 -0.435484
    7 0.729363 -0.000002 -0.000002 0.000000 0.000000 -0.240207
    8 3.942337 0.046767 -0.431443 -0.150125 0.076994 -0.776666
    9 1.539097 0.000000 0.000000 0.000000 0.000000 -0.409593
    10 1.196325 -0.000002 -0.000001 0.000000 0.000000 -0.581464
    11 3.883698 -0.046765 0.431443 0.085347 0.023775 -0.564480
    12 1.719570 -0.000004 -0.000001 0.000000 0.000000 -0.762886
    13 1.209169 -0.000004 0.000000 0.000000 0.000000 -0.256535
    14 3.859863 -0.137946 1.332466 0.483960 -0.048432 -0.425648
    15 1.719431 0.000002 0.000000 0.000000 0.000000 -0.496225
    16 1.099667 0.000000 -0.000001 0.000000 0.000000 -0.354423
    17 0.806053 -0.348926 1.321258 -1.287532 -0.366649 -0.722385
    18 1.789778 -0.000002 0.000002 0.000000 0.000000 0.212596
    19 1.207005 0.000000 0.000002 0.000000 0.000000 0.186299
    20 2.033356 1.000772 -1.937610 -2.129147 1.252455 2.502299
    21 6.028145 0.000000 0.000000 1.742897 1.244651 -1.092827
    22 11.692554 0.000001 0.000002 0.000000 0.000000 -0.719108
    23 11.481699 0.000001 0.000001 -1.496880 0.033650 0.749147
    24 3.859680 -0.132567 1.193109 0.076298 0.048710 -1.410444
    25 1.312555 -0.000002 0.000002 0.000000 0.000000 -0.439672
    26 0.729365 0.000000 -0.000001 0.000000 0.000000 -1.116930
    27 3.942307 0.050327 0.431044 0.032619 0.047813 -1.244423
    28 1.539099 -0.000002 0.000000 0.000000 0.000000 -0.858600
    29 1.196321 0.000010 0.000000 0.000000 0.000000 -1.041589
    30 3.883659 -0.050321 -0.431042 0.013675 -0.048012 -1.095524
    31 1.719578 0.000002 0.000000 0.000000 -0.007974 -1.239047
    32 1.209185 0.000002 0.000000 0.000000 -0.004460 -0.914505
    33 3.859840 -0.148937 -1.331282 -0.130416 -0.094966 -0.552749
    34 1.719421 0.000002 0.000000 0.000000 -0.006613 -0.362970
    35 1.099669 0.000002 -0.000001 0.000000 -0.004211 -0.767879
    36 0.806023 -0.359837 -1.318334 1.402404 0.526435 -0.917775
    37 1.789782 0.000000 -0.000004 -0.170078 0.039352 0.399730
    38 1.206999 0.000002 0.000000 0.000000 0.000000 1.061014
    39 -3.315038 -22.438121 -6.935954 1.927315 -0.038025 0.251278
    40 0.025545 -1.273521 1.753304 0.000000 0.000000 0.000000
    41 0.001032 1.440453 -1.526783 0.000000 0.000000 0.000000
    42 0.004413 0.696487 -1.430595 0.000000 0.000000 0.000000
    43 0.580660 0.349014 -1.430595 0.000000 0.000000 0.000000
    44 0.583444 -0.305904 -1.430599 0.000000 0.000000 0.000000
    45 0.005318 -0.648720 -1.430599 0.000000 0.000000 0.000000
    46 -0.574618 -0.303123 -1.430601 0.000000 0.000000 0.000000
    47 -0.573714 0.348118 -1.430595 0.000000 0.000000 0.000000
  time 20
    0 -0.999512 8.335938 -6.640625 -1.570760 -1.391893 -1.570827
    1 2.033349 1.000767 1.937660 1.596637 -1.286515 2.942961
    2 6.321118 -0.964873 1.468795 -0.215293 -1.085450 -1.940309
    3 11.692554 0.000001 0.000000 0.000000 0.000000 -0.742521
    4 11.481670 0.000001 -0.000031 -0.296936 -0.344390 0.943911
    5 3.859711 -0.142405 -1.191975 -0.491312 0.054898 -1.089461
    6 1.312555 -0.000002 0.000000 0.000000 0.000000 -0.435484
    7 0.729363 -0.000002 -0.000002 0.000000 0.000000 -0.240207
    8 3.942337 0.046767 -0.431443 -0.150125 0.076994 -0.776666
    9 1.539097 0.000000 0.000000 0.000000 0.000000 -0.409593
    10 1.196325 -0.000002 -0.000001 0.000000 0.000000 -0.581464
    11 3.883698 -0.046765 0.431443 0.085347 0.023775 -0.564480
    12 1.719570 -0.000004 -0.000001 0.000000 0.000000 -0.762886
    13 1.209169 -0.000004 0.000000 0.000000 0.000000 -0.256535
    14 3.859863 -0.137946 1.332466 0.483960 -0.048432 -0.425648
    15 1.719431 0.000002 0.000000 0.000000 0.000000 -0.496225
    16 1.099667 0.000000 -0.000001 0.000000 0.000000 -0.354423
    17 0.806053 -0.348926 1.321258 -1.287532 -0.366649 -0.722385
    18 1.789778 -0.000002 0.000002 0.000000 0.000000 0.212596
    19 1.207005 0.000000 0.000002 0.000000 0.000000 0.186299
    20 2.033356 1.000772 -1.937610 -2.129147 1.252455 2.502299
    21 6.028145 0.000000 0.000000 1.742947 1.244651 -1.092827
    22 11.692554 0.000001 0.000002 0.000000 0.000000 -0.719108
    23 11.481699 0.000001 0.000001 -1.496975 0.033715 0.748812
    24 3.859680 -0.132567 1.193109 0.076298 0.048710 -1.410444
    25 1.312555 -0.000002 0.000002 0.000000 0.000000 -0.439672
    26 0.729365 0.000000 -0.000001 0.000000 0.000000 -1.116930
    27 3.942307 0.050327 0.431044 0.032619 0.047813 -1.244423
    28 1.539099 -0.000002 0.000000 0.000000 0.000000 -0.858600
    29 1.196321 0.000010 0.000000 0.000000 0.000000 -1.041589
    30 3.883659 -0.050321 -0.431042 0.013675 -0.048012 -1.095542
    31 1.719578 0.000002 0.000000 0.000000 -0.007974 -1.239047
    32 1.209185 0.000002 0.000000 0.000000 -0.004460 -0.914505
    33 3.859840 -0.148937 -1.331282 -0.130416 -0.094966 -0.552749
    34 1.719421 0.000002 0.000000 0.000000 -0.006613 -0.362970
    35 1.099669 0.000002 -0.000001 0.000000 -0.004211 -0.767879
    36 0.806023 -0.359837 -1.318334 1.402404 0.526435 -0.917775
    37 1.789782 0.000000 -0.000004 -0.170078 0.039352 0.399730
    38 1.206999 0.000002 0.000000 0.000000 0.000000 1.061014
    39 -3.315038 -22.438121 -6.935954 1.927363 -0.037948 0.251278
    40 0.025545 -1.273521 1.753304 0.000000 0.000000 0.000000
    41 0.001032 1.440453 -1.526783 0.000000 0.000000 0.000000
    42 0.004413 0.696487 -1.430595 0.000000 0.000000 0.000000
    43 0.580660 0.349014 -1.430595 0.000000 0.000000 0.000000
    44 0.583444 -0.305904 -1.430599 0.000000 0.000000 0.000000
    45 0.005318 -0.648720 -1.430599 0.000000 0.000000 0.000000
    46 -0.574618 -0.303123 -1.430601 0.000000 0.000000 0.000000
    47 -0.573714 0.348118 -1.430595 0.000000 0.000000 0.000000
  time 21
    0 -0.999512 8.335938 -6.640625 -1.570760 -1.391893 -1.570827
    1 2.033349 1.000767 1.937660 1.596637 -1.286515 2.942961
    2 6.321118 -0.964873 1.468795 -0.215197 -1.085450 -1.940458
    3 11.692554 0.000001 0.000000 0.000000 0.000000 -0.742440
    4 11.481670 0.000001 -0.000031 -0.296936 -0.344390 0.943828
    5 3.859711 -0.142405 -1.191975 -0.491312 0.054898 -1.089461
    6 1.312555 -0.000002 0.000000 0.000000 0.000000 -0.435484
    7 0.729363 -0.000002 -0.000002 0.000000 0.000000 -0.240207
    8 3.942337 0.046767 -0.431443 -0.150125 0.076994 -0.776666
    9 1.539097 0.000000 0.000000 0.000000 0.000000 -0.409593
    10 1.196325 -0.000002 -0.000001 0.000000 0.000000 -0.581464
    11 3.883698 -0.046765 0.431443 0.085347 0.023775 -0.564480
    12 1.719570 -0.000004 -0.000001 0.000000 0.000000 -0.762886
    13 1.209169 -0.000004 0.000000 0.000000 0.000000 -0.256535
    14 3.859863 -0.137946 1.332466 0.483960 -0.048432 -0.425648
    15 1.719431 0.000002 0.000000 0.000000 0.000000 -0.496225
    16 1.099667 0.000000 -0.000001 0.000000 0.000000 -0.354423
    17 0.806053 -0.348926 1.321258 -1.287532 -0.366649 -0.722385
    18 1.789778 -0.000002 0.000002 0.000000 0.000000 0.212596
    19 1.207005 0.000000 0.000002 0.000000 0.000000 0.186299
    20 2.033356 1.000772 -1.937610 -2.129147 1.252455 2.502299
    21 6.028145 0.000000 0.000000 1.742997 1.244651 -1.092771
    22 11.692554 0.000001 0.000002 0.000000 0.000000 -0.719108
    23 11.481699 0.000001 0.000001 -1.497023 0.033637 0.749119
    24 3.859680 -0.132567 1.193109 0.076298 0.048710 -1.410444
    25 1.312555 -0.000002 0.000002 0.000000 0.000000 -0.439672
    26 0.729365 0.000000 -0.000001 0.000000 0.000000 -1.116930
    27 3.942307 0.050327 0.431044 0.032619 0.047813 -1.244423
    28 1.539099 -0.000002 0.000000 0.000000 0.000000 -0.858600
    29 1.196321 0.000010 0.000000 0.000000 0.000000 -1.041589
    30 3.883659 -0.050321 -0.431042 0.013675 -0.048012 -1.095524
    31 1.719578 0.000002 0.000000 0.000000 -0.007974 -1.239047
    32 1.209185 0.000002 0.000000 0.000000 -0.004460 -0.914505
    33 3.859840 -0.148937 -1.331282 -0.130416 -0.094966 -0.552749
    34 1.719421 0.000002 0.000000 0.000000 -0.006613 -0.362970
    35 1.099669 0.000002 -0.000001 0.000000 -0.004211 -0.767879
    36 0.806023 -0.359837 -1.318334 1.402404 0.526435 -0.917775
    37 1.789782 0.000000 -0.000004 -0.170078 0.039352 0.399730
    38 1.206999 0.000002 0.000000 0.000000 0.000000 1.061014
    39 -3.315038 -22.438121 -6.935954 1.927410 -0.037891 0.251278
    40 0.025545 -1.273521 1.753304 0.000000 0.000000 0.000000
    41 0.001032 1.440453 -1.526783 0.000000 0.000000 0.000000
    42 0.004413 0.696487 -1.430595 0.000000 0.000000 0.000000
    43 0.580660 0.349014 -1.430595 0.000000 0.000000 0.000000
    44 0.583444 -0.305904 -1.430599 0.000000 0.000000 0.000000
    45 0.005318 -0.648720 -1.430599 0.000000 0.000000 0.000000
    46 -0.574618 -0.303123 -1.430601 0.000000 0.000000 0.000000
    47 -0.573714 0.348118 -1.430595 0.000000 0.000000 0.000000
  time 22
    0 -0.999512 8.335938 -6.640625 -1.570760 -1.391893 -1.570827
    1 2.033349 1.000767 1.937660 1.596637 -1.286515 2.942961
    2 6.321118 -0.964873 1.468795 -0.215052 -1.085450 -1.940607
    3 11.692554 0.000001 0.000000 0.000000 0.000000 -0.742400
    4 11.481670 0.000001 -0.000031 -0.297127 -0.344390 0.943828
    5 3.859711 -0.142405 -1.191975 -0.491312 0.054898 -1.089461
    6 1.312555 -0.000002 0.000000 0.000000 0.000000 -0.435484
    7 0.729363 -0.000002 -0.000002 0.000000 0.000000 -0.240207
    8 3.942337 0.046767 -0.431443 -0.150125 0.076994 -0.776666
    9 1.539097 0.000000 0.000000 0.000000 0.000000 -0.409593
    10 1.196325 -0.000002 -0.000001 0.000000 0.000000 -0.581464
    11 3.883698 -0.046765 0.431443 0.085347 0.023775 -0.564480
    12 1.719570 -0.000004 -0.000001 0.000000 0.000000 -0.762886
    13 1.209169 -0.000004 0.000000 0.000000 0.000000 -0.256535
    14 3.859863 -0.137946 1.332466 0.483960 -0.048432 -0.425648
    15 1.719431 0.000002 0.000000 0.000000 0.000000 -0.496225
    16 1.099667 0.000000 -0.000001 0.000000 0.000000 -0.354423
    17 0.806053 -0.348926 1.321258 -1.287532 -0.366649 -0.722385
    18 1.789778 -0.000002 0.000002 0.000000 0.000000 0.212596
    19 1.207005 0.000000 0.000002 0.000000 0.000000 0.186299
    20 2.033356 1.000772 -1.937610 -2.129147 1.252455 2.502299
    21 6.028145 0.000000 0.000000 1.743097 1.244651 -1.092715
    22 11.692554 0.000001 0.000002 0.000000 0.000000 -0.719108
    23 11.481699 0.000001 0.000001 -1.497118 0.033650 0.749175
    24 3.859680 -0.132567 1.193109 0.076298 0.048710 -1.410444
    25 1.312555 -0.000002 0.000002 0.000000 0.000000 -0.439672
    26 0.729365 0.000000 -0.000001 0.000000 0.000000 -1.116930
    27 3.942307 0.050327 0.431044 0.032619 0.047813 -1.244423
    28 1.539099 -0.000002 0.000000 0.000000 0.000000 -0.858600
    29 1.196321 0.000010 0.000000 0.000000 0.000000 -1.041589
    30 3.883659 -0.050321 -0.431042 0.013675 -0.048012 -1.095524
    31 1.719578 0.000002 0.000000 0.000000 -0.007974 -1.239047
    32 1.209185 0.000002 0.000000 0.000000 -0.004460 -0.914505
    33 3.859840 -0.148937 -1.331282 -0.130416 -0.094966 -0.552749
    34 1.719421 0.000002 0.000000 0.000000 -0.006613 -0.362970
    35 1.099669 0.000002 -0.000001 0.000000 -0.004211 -0.767879
    36 0.806023 -0.359837 -1.318334 1.402404 0.526435 -0.917775
    37 1.789782 0.000000 -0.000004 -0.170078 0.039352 0.399730
    38 1.206999 0.000002 0.000000 0.000000 0.000000 1.061014
    39 -3.315038 -22.438121 -6.935954 1.927410 -0.037795 0.251418
    40 0.025545 -1.273521 1.753304 0.000000 0.000000 0.000000
    41 0.001032 1.440453 -1.526783 0.000000 0.000000 0.000000
    42 0.004413 0.696487 -1.430595 0.000000 0.000000 0.000000
    43 0.580660 0.349014 -1.430595 0.000000 0.000000 0.000000
    44 0.583444 -0.305904 -1.430599 0.000000 0.000000 0.000000
    45 0.005318 -0.648720 -1.430599 0.000000 0.000000 0.000000
    46 -0.574618 -0.303123 -1.430601 0.000000 0.000000 0.000000
    47 -0.573714 0.348118 -1.430595 0.000000 0.000000 0.000000
  time 23
    0 -0.999512 8.335938 -6.640625 -1.570760 -1.391893 -1.570827
    1 2.033349 1.000767 1.937660 1.596637 -1.286515 2.942961
    2 6.321118 -0.964873 1.468795 -0.214859 -1.085405 -1.940756
    3 11.692554 0.000001 0.000000 0.000000 0.000000 -0.742279
    4 11.481670 0.000001 -0.000031 -0.297318 -0.344410 0.943828
    5 3.859711 -0.142405 -1.191975 -0.491312 0.054898 -1.089461
    6 1.312555 -0.000002 0.000000 0.000000 0.000000 -0.435484
    7 0.729363 -0.000002 -0.000002 0.000000 0.000000 -0.240207
    8 3.942337 0.046767 -0.431443 -0.150125 0.076994 -0.776666
    9 1.539097 0.000000 0.000000 0.000000 0.000000 -0.409593
    10 1.196325 -0.000002 -0.000001 0.000000 0.000000 -0.581464
    11 3.883698 -0.046765 0.431443 0.085347 0.023775 -0.564480
    12 1.719570 -0.000004 -0.000001 0.000000 0.000000 -0.762886
    13 1.209169 -0.000004 0.000000 0.000000 0.000000 -0.256535
    14 3.859863 -0.137946 1.332466 0.483960 -0.048432 -0.425648
    15 1.719431 0.000002 0.000000 0.000000 0.000000 -0.496225
    16 1.099667 0.000000 -0.000001 0.000000 0.000000 -0.354423
    17 0.806053 -0.348926 1.321258 -1.287532 -0.366649 -0.722385
    18 1.789778 -0.000002 0.000002 0.000000 0.000000 0.212596
    19 1.207005 0.000000 0.000002 0.000000 0.000000 0.186299
    20 2.033356 1.000772 -1.937610 -2.129147 1.252455 2.502299
    21 6.028145 0.000000 0.000000 1.743148 1.244651 -1.092603
    22 11.692554 0.000001 0.000002 0.000000 0.000000 -0.719108
    23 11.481699 0.000001 0.000001 -1.497309 0.033650 0.749203
    24 3.859680 -0.132567 1.193109 0.076298 0.048710 -1.410444
    25 1.312555 -0.000002 0.000002 0.000000 0.000000 -0.439672
    26 0.729365 0.000000 -0.000001 0.000000 0.000000 -1.116930
    27 3.942307 0.050327 0.431044 0.032619 0.047813 -1.244423
    28 1.539099 -0.000002 0.000000 0.000000 0.000000 -0.858600
    29 1.196321 0.000010 0.000000 0.000000 0.000000 -1.041626
    30 3.883659 -0.050321 -0.431042 0.013675 -0.048012 -1.095524
    31 1.719578 0.000002 0.000000 0.000000 -0.007974 -1.239047
    32 1.209185 0.000002 0.000000 0.000000 -0.004460 -0.914505
    33 3.859840 -0.148937 -1.331282 -0.130416 -0.094966 -0.552749
    34 1.719421 0.000002 0.000000 0.000000 -0.006613 -0.362970
    35 1.099669 0.000002 -0.000001 0.000000 -0.004211 -0.767879
    36 0.806023 -0.359837 -1.318334 1.402404 0.526435 -0.917775
    37 1.789782 0.000000 -0.000004 -0.170078 0.039352 0.399730
    38 1.206999 0.000002 0.000000 0.000000 0.000000 1.061014
    39 -3.315038 -22.438121 -6.935954 1.927458 -0.037641 0.251418
    40 0.025545 -1.273521 1.753304 0.000000 0.000000 0.000000
    41 0.001032 1.440453 -1.526783 0.000000 0.000000 0.000000
    42 0.004413 0.696487 -1.430595 0.000000 0.000000 0.000000
    43 0.580660 0.349014 -1.430595 0.000000 0.000000 0.000000
    44 0.583444 -0.305904 -1.430599 0.000000 0.000000 0.000000
    45 0.005318 -0.648720 -1.430599 0.000000 0.000000 0.000000
    46 -0.574618 -0.303123 -1.430601 0.000000 0.000000 0.000000
    47 -0.573714 0.348118 -1.430595 0.000000 0.000000 0.000000
  time 24
    0 -0.999512 8.335938 -6.640625 -1.570760 -1.391893 -1.570827
    1 2.033349 1.000767 1.937660 1.596637 -1.286515 2.942961
    2 6.321118 -0.964873 1.468795 -0.214666 -1.085405 -1.940905
    3 11.692554 0.000001 0.000000 0.000000 0.000000 -0.742077
    4 11.481670 0.000001 -0.000031 -0.297445 -0.344410 0.943787
    5 3.859711 -0.142405 -1.191975 -0.491312 0.054898 -1.089461
    6 1.312555 -0.000002 0.000000 0.000000 0.000000 -0.435484
    7 0.729363 -0.000002 -0.000002 0.000000 0.000000 -0.240207
    8 3.942337 0.046767 -0.431443 -0.150125 0.076994 -0.776666
    9 1.539097 0.000000 0.000000 0.000000 0.000000 -0.409593
    10 1.196325 -0.000002 -0.000001 0.000000 0.000000 -0.581464
    11 3.883698 -0.046765 0.431443 0.085347 0.023775 -0.564480
    12 1.719570 -0.000004 -0.000001 0.000000 0.000000 -0.762886
    13 1.209169 -0.000004 0.000000 0.000000 0.000000 -0.256535
    14 3.859863 -0.137946 1.332466 0.483960 -0.048432 -0.425648
    15 1.719431 0.000002 0.000000 0.000000 0.000000 -0.496225
    16 1.099667 0.000000 -0.000001 0.000000 0.000000 -0.354423
    17 0.806053 -0.348926 1.321258 -1.287532 -0.366649 -0.722385
    18 1.789778 -0.000002 0.000002 0.000000 0.000000 0.212596
    19 1.207005 0.000000 0.000002 0.000000 0.000000 0.186299
    20 2.033356 1.000772 -1.937610 -2.129147 1.252455 2.502299
    21 6.028145 0.000000 0.000000 1.743298 1.244651 -1.092492
    22 11.692554 0.000001 0.000002 0.000000 0.000000 -0.719150
    23 11.481699 0.000001 0.000001 -1.497453 0.033650 0.749203
    24 3.859680 -0.132567 1.193109 0.076298 0.048710 -1.410444
    25 1.312555 -0.000002 0.000002 0.000000 0.000000 -0.439672
    26 0.729365 0.000000 -0.000001 0.000000 0.000000 -1.116930
    27 3.942307 0.050327 0.431044 0.032619 0.047813 -1.244423
    28 1.539099 -0.000002 0.000000 0.000000 0.000000 -0.858600
    29 1.196321 0.000010 0.000000 0.000000 0.000000 -1.041589
    30 3.883659 -0.050321 -0.431042 0.013675 -0.048012 -1.095524
    31 1.719578 0.000002 0.000000 0.000000 -0.007974 -1.239047
    32 1.209185 0.000002 0.000000 0.000000 -0.004460 -0.914505
    33 3.859840 -0.148937 -1.331282 -0.130416 -0.094966 -0.552749
    34 1.719421 0.000002 0.000000 0.000000 -0.006613 -0.362970
    35 1.099669 0.000002 -0.000001 0.000000 -0.004211 -0.767879
    36 0.806023 -0.359837 -1.318334 1.402404 0.526435 -0.917775
    37 1.789782 0.000000 -0.000004 -0.170078 0.039352 0.399730
    38 1.206999 0.000002 0.000000 0.000000 0.000000 1.061014
    39 -3.315038 -22.438121 -6.935954 1.927506 -0.037507 0.251418
    40 0.025545 -1.273521 1.753304 0.000000 0.000000 0.000000
    41 0.001032 1.440453 -1.526783 0.000000 0.000000 0.000000
    42 0.004413 0.696487 -1.430595 0.000000 0.000000 0.000000
    43 0.580660 0.349014 -1.430595 0.000000 0.000000 0.000000
    44 0.583444 -0.305904 -1.430599 0.000000 0.000000 0.000000
    45 0.005318 -0.648720 -1.430599 0.000000 0.000000 0.000000
    46 -0.574618 -0.303123 -1.430601 0.000000 0.000000 0.000000
    47 -0.573714 0.348118 -1.430595 0.000000 0.000000 0.000000
  time 25
    0 -0.999512 8.335938 -6.640625 -1.570760 -1.391893 -1.570827
    1 2.033349 1.000767 1.937660 1.596637 -1.286515 2.942961
    2 6.321118 -0.964873 1.468795 -0.214473 -1.085405 -1.941203
    3 11.692554 0.000001 0.000000 0.000000 0.000000 -0.741916
    4 11.481670 0.000001 -0.000031 -0.297700 -0.344451 0.943704
    5 3.859711 -0.142405 -1.191975 -0.491312 0.054898 -1.089461
    6 1.312555 -0.000002 0.000000 0.000000 0.000000 -0.435484
    7 0.729363 -0.000002 -0.000002 0.000000 0.000000 -0.240207
    8 3.942337 0.046767 -0.431443 -0.150125 0.076994 -0.776666
    9 1.539097 0.000000 0.000000 0.000000 0.000000 -0.409593
    10 1.196325 -0.000002 -0.000001 0.000000 0.000000 -0.581464
    11 3.883698 -0.046765 0.431443 0.085347 0.023775 -0.564480
    12 1.719570 -0.000004 -0.000001 0.000000 0.000000 -0.762886
    13 1.209169 -0.000004 0.000000 0.000000 0.000000 -0.256535
    14 3.859863 -0.137946 1.332466 0.483960 -0.048432 -0.425648
    15 1.719431 0.000002 0.000000 0.000000 0.000000 -0.496225
    16 1.099667 0.000000 -0.000001 0.000000 0.000000 -0.354423
    17 0.806053 -0.348926 1.321258 -1.287532 -0.366649 -0.722385
    18 1.789778 -0.000002 0.000002 0.000000 0.000000 0.212596
    19 1.207005 0.000000 0.000002 0.000000 0.000000 0.186299
    20 2.033356 1.000772 -1.937610 -2.129147 1.252455 2.502299
    21 6.028145 0.000000 0.000000 1.743398 1.244651 -1.092408
    22 11.692554 0.000001 0.000002 0.000000 0.000000 -0.719150
    23 11.481699 0.000001 0.000001 -1.497692 0.033650 0.749231
    24 3.859680 -0.132567 1.193109 0.076298 0.048710 -1.410444
    25 1.312555 -0.000002 0.000002 0.000000 0.000000 -0.439672
    26 0.729365 0.000000 -0.000001 0.000000 0.000000 -1.116930
    27 3.942307 0.050327 0.431044 0.032619 0.047813 -1.244423
    28 1.539099 -0.000002 0.000000 0.000000 0.000000 -0.858600
    29 1.196321 0.000010 0.000000 0.000000 0.000000 -1.041589
    30 3.883659 -0.050321 -0.431042 0.013675 -0.048012 -1.095524
    31 1.719578 0.000002 0.000000 0.000000 -0.007974 -1.239047
    32 1.209185 0.000002 0.000000 0.000000 -0.004460 -0.914505
    33 3.859840 -0.148937 -1.331282 -0.130416 -0.094966 -0.552749
    34 1.719421 0.000002 0.000000 0.000000 -0.006613 -0.362970
    35 1.099669 0.000002 -0.000001 0.000000 -0.004211 -0.767879
    36 0.806023 -0.359837 -1.318334 1.402404 0.526435 -0.917775
    37 1.789782 0.000000 -0.000004 -0.170078 0.039352 0.399730
    38 1.206999 0.000002 0.000000 0.000000 0.000000 1.061014
    39 -3.318944 -22.438121 -6.935954 1.927601 -0.037296 0.251488
    40 0.025545 -1.273521 1.753304 0.000000 0.000000 0.000000
    41 0.001032 1.440453 -1.526783 0.000000 0.000000 0.000000
    42 0.004413 0.696487 -1.430595 0.000000 0.000000 0.000000
    43 0.580660 0.349014 -1.430595 0.000000 0.000000 0.000000
    44 0.583444 -0.305904 -1.430599 0.000000 0.000000 0.000000
    45 0.005318 -0.648720 -1.430599 0.000000 0.000000 0.000000
    46 -0.574618 -0.303123 -1.430601 0.000000 0.000000 0.000000
    47 -0.573714 0.348118 -1.430595 0.000000 0.000000 0.000000
  time 26
    0 -0.999512 8.335938 -6.640625 -1.570760 -1.391893 -1.570827
    1 2.033349 1.000767 1.937660 1.596637 -1.286515 2.942961
    2 6.321118 -0.964873 1.468795 -0.214183 -1.085313 -1.941401
    3 11.692554 0.000001 0.000000 0.000000 0.000000 -0.741714
    4 11.481670 0.000001 -0.000031 -0.297892 -0.344431 0.943621
    5 3.859711 -0.142405 -1.191975 -0.491312 0.054898 -1.089461
    6 1.312555 -0.000002 0.000000 0.000000 0.000000 -0.435484
    7 0.729363 -0.000002 -0.000002 0.000000 0.000000 -0.240207
    8 3.942337 0.046767 -0.431443 -0.150125 0.076994 -0.776666
    9 1.539097 0.000000 0.000000 0.000000 0.000000 -0.409593
    10 1.196325 -0.000002 -0.000001 0.000000 0.000000 -0.581464
    11 3.883698 -0.046765 0.431443 0.085347 0.023775 -0.564480
    12 1.719570 -0.000004 -0.000001 0.000000 0.000000 -0.762886
    13 1.209169 -0.000004 0.000000 0.000000 0.000000 -0.256535
    14 3.859863 -0.137946 1.332466 0.483960 -0.048432 -0.425648
    15 1.719431 0.000002 0.000000 0.000000 0.000000 -0.496225
    16 1.099667 0.000000 -0.000001 0.000000 0.000000 -0.354423
    17 0.806053 -0.348926 1.321258 -1.287532 -0.366649 -0.722385
    18 1.789778 -0.000002 0.000002 0.000000 0.000000 0.212596
    19 1.207005 0.000000 0.000002 0.000000 0.000000 0.186299
    20 2.033356 1.000772 -1.937610 -2.129147 1.252455 2.502299
    21 6.028145 0.000000 0.000000 1.743548 1.244571 -1.092240
    22 11.692554 0.000001 0.000002 0.000000 0.000000 -0.719150
    23 11.481699 0.000001 0.000001 -1.498074 0.033715 0.749566
    24 3.859680 -0.132567 1.193109 0.076298 0.048710 -1.410444
    25 1.312555 -0.000002 0.000002 0.000000 0.000000 -0.439672
    26 0.729365 0.000000 -0.000001 0.000000 0.000000 -1.116930
    27 3.942307 0.050327 0.431044 0.032619 0.047813 -1.244423
    28 1.539099 -0.000002 0.000000 0.000000 0.000000 -0.858600
    29 1.196321 0.000010 0.000000 0.000000 0.000000 -1.041589
    30 3.883659 -0.050321 -0.431042 0.013675 -0.048012 -1.095524
    31 1.719578 0.000002 0.000000 0.000000 -0.007974 -1.239047
    32 1.209185 0.000002 0.000000 0.000000 -0.004460 -0.914505
    33 3.859840 -0.148937 -1.331282 -0.130416 -0.094966 -0.552749
    34 1.719421 0.000002 0.000000 0.000000 -0.006613 -0.362970
    35 1.099669 0.000002 -0.000001 0.000000 -0.004211 -0.767879
    36 0.806023 -0.359837 -1.318334 1.402404 0.526435 -0.917775
    37 1.789782 0.000000 -0.000004 -0.170078 0.039352 0.399730
    38 1.206999 0.000002 0.000000 0.000000 0.000000 1.061014
    39 -3.318944 -22.438121 -6.939861 1.927649 -0.037104 0.251558
    40 0.025545 -1.273521 1.753304 0.000000 0.000000 0.000000
    41 0.001032 1.440453 -1.526783 0.000000 0.000000 0.000000
    42 0.004413 0.696487 -1.430595 0.000000 0.000000 0.000000
    43 0.580660 0.349014 -1.430595 0.000000 0.000000 0.000000
    44 0.583444 -0.305904 -1.430599 0.000000 0.000000 0.000000
    45 0.005318 -0.648720 -1.430599 0.000000 0.000000 0.000000
    46 -0.574618 -0.303123 -1.430601 0.000000 0.000000 0.000000
    47 -0.573714 0.348118 -1.430595 0.000000 0.000000 0.000000
  time 27
    0 -0.999512 8.335938 -6.640625 -1.570760 -1.391893 -1.570827
    1 2.033349 1.000767 1.937660 1.596637 -1.286515 2.942961
    2 6.321118 -0.964873 1.468795 -0.213942 -1.085268 -1.941699
    3 11.692554 0.000001 0.000000 0.000000 0.000000 -0.741553
    4 11.481670 0.000001 -0.000031 -0.298274 -0.344451 0.943621
    5 3.859711 -0.142405 -1.191975 -0.491312 0.054898 -1.089461
    6 1.312555 -0.000002 0.000000 0.000000 0.000000 -0.435484
    7 0.729363 -0.000002 -0.000002 0.000000 0.000000 -0.240207
    8 3.942337 0.046767 -0.431443 -0.150125 0.076994 -0.776666
    9 1.539097 0.000000 0.000000 0.000000 0.000000 -0.409593
    10 1.196325 -0.000002 -0.000001 0.000000 0.000000 -0.581464
    11 3.883698 -0.046765 0.431443 0.085347 0.023775 -0.564480
    12 1.719570 -0.000004 -0.000001 0.000000 0.000000 -0.762886
    13 1.209169 -0.000004 0.000000 0.000000 0.000000 -0.256535
    14 3.859863 -0.137946 1.332466 0.483960 -0.048432 -0.425648
    15 1.719431 0.000002 0.000000 0.000000 0.000000 -0.496225
    16 1.099667 0.000000 -0.000001 0.000000 0.000000 -0.354423
    17 0.806053 -0.348926 1.321258 -1.287532 -0.366649 -0.722385
    18 1.789778 -0.000002 0.000002 0.000000 0.000000 0.212596
    19 1.207005 0.000000 0.000002 0.000000 0.000000 0.186299
    20 2.033356 1.000772 -1.937610 -2.129147 1.252455 2.502299
    21 6.028145 0.000000 0.000000 1.743698 1.244571 -1.092129
    22 11.692554 0.000001 0.000002 0.000000 0.000000 -0.718812
    23 11.481699 0.000001 0.000001 -1.498169 0.033663 0.748924
    24 3.859680 -0.132567 1.193109 0.076298 0.048710 -1.410444
    25 1.312555 -0.000002 0.000002 0.000000 0.000000 -0.439672
    26 0.729365 0.000000 -0.000001 0.000000 0.000000 -1.116930
    27 3.942307 0.050327 0.431044 0.032619 0.047813 -1.244423
    28 1.539099 -0.000002 0.000000 0.000000 0.000000 -0.858600
    29 1.196321 0.000010 0.000000 0.000000 0.000000 -1.041589
    30 3.883659 -0.050321 -0.431042 0.013675 -0.048012 -1.095524
    31 1.719578 0.000002 0.000000 0.000000 -0.007974 -1.239047
    32 1.209185 0.000002 0.000000 0.000000 -0.004460 -0.914505
    33 3.859840 -0.148937 -1.331282 -0.130416 -0.094966 -0.552749
    34 1.719421 0.000002 0.000000 0.000000 -0.006613 -0.362970
    35 1.099669 0.000002 -0.000001 0.000000 -0.004211 -0.767879
    36 0.806023 -0.359837 -1.318334 1.402404 0.526435 -0.917775
    37 1.789782 0.000000 -0.000004 -0.170078 0.039352 0.399730
    38 1.206999 0.000002 0.000000 0.000000 0.000000 1.061014
    39 -3.318944 -22.438121 -6.939861 1.927744 -0.036874 0.251558
    40 0.025545 -1.273521 1.753304 0.000000 0.000000 0.000000
    41 0.001032 1.440453 -1.526783 0.000000 0.000000 0.000000
    42 0.004413 0.696487 -1.430595 0.000000 0.000000 0.000000
    43 0.580660 0.349014 -1.430595 0.000000 0.000000 0.000000
    44 0.583444 -0.305904 -1.430599 0.000000 0.000000 0.000000
    45 0.005318 -0.648720 -1.430599 0.000000 0.000000 0.000000
    46 -0.574618 -0.303123 -1.430601 0.000000 0.000000 0.000000
    47 -0.573714 0.348118 -1.430595 0.000000 0.000000 0.000000
  time 28
    0 -0.999512 8.335938 -6.640625 -1.570760 -1.391893 -1.570827
    1 2.033349 1.000767 1.937660 1.596637 -1.286515 2.942961
    2 6.321118 -0.964873 1.468795 -0.213653 -1.085268 -1.941997
    3 11.692554 0.000001 0.000000 0.000000 0.000000 -0.741311
    4 11.481670 0.000001 -0.000031 -0.298529 -0.344451 0.943497
    5 3.859711 -0.142405 -1.191975 -0.491312 0.054898 -1.089461
    6 1.312555 -0.000002 0.000000 0.000000 0.000000 -0.435484
    7 0.729363 -0.000002 -0.000002 0.000000 0.000000 -0.240207
    8 3.942337 0.046767 -0.431443 -0.150125 0.076994 -0.776666
    9 1.539097 0.000000 0.000000 0.000000 0.000000 -0.409593
    10 1.196325 -0.000002 -0.000001 0.000000 0.000000 -0.581464
    11 3.883698 -0.046765 0.431443 0.085347 0.023775 -0.564480
    12 1.719570 -0.000004 -0.000001 0.000000 0.000000 -0.762886
    13 1.209169 -0.000004 0.000000 0.000000 0.000000 -0.256535
    14 3.859863 -0.137946 1.332466 0.483960 -0.048432 -0.425648
    15 1.719431 0.000002 0.000000 0.000000 0.000000 -0.496225
    16 1.099667 0.000000 -0.000001 0.000000 0.000000 -0.354423
    17 0.806053 -0.348926 1.321258 -1.287532 -0.366649 -0.722385
    18 1.789778 -0.000002 0.000002 0.000000 0.000000 0.212596
    19 1.207005 0.000000 0.000002 0.000000 0.000000 0.186299
    20 2.033356 1.000772 -1.937610 -2.129147 1.252455 2.502299
    21 6.028145 0.000000 0.000000 1.743848 1.244571 -1.092017
    22 11.692554 0.000001 0.000002 0.000000 0.000000 -0.719150
    23 11.481699 0.000001 0.000001 -1.498408 0.033663 0.749314
    24 3.859680 -0.132567 1.193109 0.076298 0.048710 -1.410444
    25 1.312555 -0.000002 0.000002 0.000000 0.000000 -0.439672
    26 0.729365 0.000000 -0.000001 0.000000 0.000000 -1.116930
    27 3.942307 0.050327 0.431044 0.032619 0.047813 -1.244423
    28 1.539099 -0.000002 0.000000 0.000000 0.000000 -0.858600
    29 1.196321 0.000010 0.000000 0.000000 0.000000 -1.041607
    30 3.883659 -0.050321 -0.431042 0.013675 -0.048012 -1.095524
    31 1.719578 0.000002 0.000000 0.000000 -0.007974 -1.239047
    32 1.209185 0.000002 0.000000 0.000000 -0.004460 -0.914505
    33 3.859840 -0.148937 -1.331282 -0.130416 -0.094966 -0.552749
    34 1.719421 0.000002 0.000000 0.000000 -0.006613 -0.362970
    35 1.099669 0.000002 -0.000001 0.000000 -0.004211 -0.767879
    36 0.806023 -0.359837 -1.318334 1.402404 0.526435 -0.917775
    37 1.789782 0.000000 -0.000004 -0.170078 0.039352 0.399730
    38 1.206999 0.000002 0.000000 0.000000 0.000000 1.061014
    39 -3.318944 -22.438121 -6.939861 1.927792 -0.036644 0.251628
    40 0.025545 -1.273521 1.753304 0.000000 0.000000 0.000000
    41 0.001032 1.440453 -1.526783 0.000000 0.000000 0.000000
    42 0.004413 0.696487 -1.430595 0.000000 0.000000 0.000000
    43 0.580660 0.349014 -1.430595 0.000000 0.000000 0.000000
    44 0.583444 -0.305904 -1.430599 0.000000 0.000000 0.000000
    45 0.005318 -0.648720 -1.430599 0.000000 0.000000 0.000000
    46 -0.574618 -0.303123 -1.430601 0.000000 0.000000 0.000000
    47 -0.573714 0.348118 -1.430595 0.000000 0.000000 0.000000
  time 29
    0 -0.999512 8.335938 -6.640625 -1.570760 -1.391893 -1.570827
    1 2.033349 1.000767 1.937660 1.596637 -1.286515 2.942961
    2 6.321118 -0.964873 1.468795 -0.213363 -1.085268 -1.942295
    3 11.692554 0.000001 0.000000 0.000000 0.000000 -0.741150
    4 11.481670 0.000001 -0.000031 -0.298848 -0.344451 0.943497
    5 3.859711 -0.142405 -1.191975 -0.491312 0.054898 -1.089461
    6 1.312555 -0.000002 0.000000 0.000000 0.000000 -0.435484
    7 0.729363 -0.000002 -0.000002 0.000000 0.000000 -0.240207
    8 3.942337 0.046767 -0.431443 -0.150125 0.076994 -0.776666
    9 1.539097 0.000000 0.000000 0.000000 0.000000 -0.409593
    10 1.196325 -0.000002 -0.000001 0.000000 0.000000 -0.581464
    11 3.883698 -0.046765 0.431443 0.085347 0.023775 -0.564480
    12 1.719570 -0.000004 -0.000001 0.000000 0.000000 -0.762886
    13 1.209169 -0.000004 0.000000 0.000000 0.000000 -0.256535
    14 3.859863 -0.137946 1.332466 0.483960 -0.048432 -0.425648
    15 1.719431 0.000002 0.000000 0.000000 0.000000 -0.496225
    16 1.099667 0.000000 -0.000001 0.000000 0.000000 -0.354423
    17 0.806053 -0.348926 1.321258 -1.287532 -0.366649 -0.722385
    18 1.789778 -0.000002 0.000002 0.000000 0.000000 0.212596
    19 1.207005 0.000000 0.000002 0.000000 0.000000 0.186299
    20 2.033356 1.000772 -1.937610 -2.129147 1.252455 2.502299
    21 6.028145 0.000000 0.000000 1.743998 1.244532 -1.091821
    22 11.692554 0.000001 0.000002 0.000000 0.000000 -0.719150
    23 11.481699 0.000001 0.000001 -1.498695 0.033676 0.749342
    24 3.859680 -0.132567 1.193109 0.076298 0.048710 -1.410444
    25 1.312555 -0.000002 0.000002 0.000000 0.000000 -0.439672
    26 0.729365 0.000000 -0.000001 0.000000 0.000000 -1.116930
    27 3.942307 0.050327 0.431044 0.032619 0.047813 -1.244423
    28 1.539099 -0.000002 0.000000 0.000000 0.000000 -0.858600
    29 1.196321 0.000010 0.000000 0.000000 0.000000 -1.041589
    30 3.883659 -0.050321 -0.431042 0.013675 -0.048012 -1.095524
    31 1.719578 0.000002 0.000000 0.000000 -0.007974 -1.239047
    32 1.209185 0.000002 0.000000 0.000000 -0.004460 -0.914505
    33 3.859840 -0.148937 -1.331282 -0.130416 -0.094966 -0.552749
    34 1.719421 0.000002 0.000000 0.000000 -0.006613 -0.362970
    35 1.099669 0.000002 -0.000001 0.000000 -0.004211 -0.767879
    36 0.806023 -0.359837 -1.318334 1.402404 0.526435 -0.917775
    37 1.789782 0.000000 -0.000004 -0.170078 0.039352 0.399730
    38 1.206999 0.000002 0.000000 0.000000 0.000000 1.061014
    39 -3.318944 -22.438121 -6.939861 1.927935 -0.036395 0.251698
    40 0.025545 -1.273521 1.753304 0.000000 0.000000 0.000000
    41 0.001032 1.440453 -1.526783 0.000000 0.000000 0.000000
    42 0.004413 0.696487 -1.430595 0.000000 0.000000 0.000000
    43 0.580660 0.349014 -1.430595 0.000000 0.000000 0.000000
    44 0.583444 -0.305904 -1.430599 0.000000 0.000000 0.000000
    45 0.005318 -0.648720 -1.430599 0.000000 0.000000 0.000000
    46 -0.574618 -0.303123 -1.430601 0.000000 0.000000 0.000000
    47 -0.573714 0.348118 -1.430595 0.000000 0.000000 0.000000
  time 30
    0 -0.999512 8.335938 -6.640625 -1.570760 -1.391893 -1.570827
    1 2.033349 1.000767 1.937660 1.596637 -1.286515 2.942961
    2 6.321118 -0.964873 1.468795 -0.213074 -1.085176 -1.942643
    3 11.692554 0.000001 0.000000 0.000000 0.000000 -0.740908
    4 11.481670 0.000001 -0.000031 -0.299103 -0.344492 0.943414
    5 3.859711 -0.142405 -1.191975 -0.491312 0.054898 -1.089461
    6 1.312555 -0.000002 0.000000 0.000000 0.000000 -0.435484
    7 0.729363 -0.000002 -0.000002 0.000000 0.000000 -0.240207
    8 3.942337 0.046767 -0.431443 -0.150125 0.076994 -0.776666
    9 1.539097 0.000000 0.000000 0.000000 0.000000 -0.409593
    10 1.196325 -0.000002 -0.000001 0.000000 0.000000 -0.581464
    11 3.883698 -0.046765 0.431443 0.085347 0.023775 -0.564480
    12 1.719570 -0.000004 -0.000001 0.000000 0.000000 -0.762886
    13 1.209169 -0.000004 0.000000 0.000000 0.000000 -0.256535
    14 3.859863 -0.137946 1.332466 0.483960 -0.048432 -0.425648
    15 1.719431 0.000002 0.000000 0.000000 0.000000 -0.496225
    16 1.099667 0.000000 -0.000001 0.000000 0.000000 -0.354423
    17 0.806053 -0.348926 1.321258 -1.287532 -0.366649 -0.722385
    18 1.789778 -0.000002 0.000002 0.000000 0.000000 0.212596
    19 1.207005 0.000000 0.000002 0.000000 0.000000 0.186299
    20 2.033356 1.000772 -1.937610 -2.129147 1.252455 2.502299
    21 6.028145 0.000000 0.000000 1.744148 1.244532 -1.091682
    22 11.692554 0.000001 0.000002 0.000000 0.000000 -0.718812
    23 11.481699 0.000001 0.000001 -1.498886 0.033572 0.749370
    24 3.859680 -0.132567 1.193109 0.076298 0.048710 -1.410444
    25 1.312555 -0.000002 0.000002 0.000000 0.000000 -0.439672
    26 0.729365 0.000000 -0.000001 0.000000 0.000000 -1.116930
    27 3.942307 0.050327 0.431044 0.032619 0.047813 -1.244423
    28 1.539099 -0.000002 0.000000 0.000000 0.000000 -0.858600
    29 1.196321 0.000010 0.000000 0.000000 0.000000 -1.041589
    30 3.883659 -0.050321 -0.431042 0.013675 -0.048012 -1.095524
    31 1.719578 0.000002 0.000000 0.000000 -0.007974 -1.239047
    32 1.209185 0.000002 0.000000 0.000000 -0.004460 -0.914505
    33 3.859840 -0.148937 -1.331282 -0.130416 -0.094966 -0.552749
    34 1.719421 0.000002 0.000000 0.000000 -0.006613 -0.362970
    35 1.099669 0.000002 -0.000001 0.000000 -0.004211 -0.767879
    36 0.806023 -0.359837 -1.318334 1.402404 0.526435 -0.917775
    37 1.789782 0.000000 -0.000004 -0.170078 0.039352 0.399730
    38 1.206999 0.000002 0.000000 0.000000 0.000000 1.061014
    39 -3.318944 -22.438121 -6.943767 1.927982 -0.036107 0.251698
    40 0.025545 -1.273521 1.753304 0.000000 0.000000 0.000000
    41 0.001032 1.440453 -1.526783 0.000000 0.000000 0.000000
    42 0.004413 0.696487 -1.430595 0.000000 0.000000 0.000000
    43 0.580660 0.349014 -1.430595 0.000000 0.000000 0.000000
    44 0.583444 -0.305904 -1.430599 0.000000 0.000000 0.000000
    45 0.005318 -0.648720 -1.430599 0.000000 0.000000 0.000000
    46 -0.574618 -0.303123 -1.430601 0.000000 0.000000 0.000000
    47 -0.573714 0.348118 -1.430595 0.000000 0.000000 0.000000
  time 31
    0 -0.999512 8.335938 -6.640625 -1.570760 -1.391893 -1.570827
    1 2.033349 1.000767 1.937660 1.596637 -1.286515 2.942961
    2 6.321118 -0.964873 1.468795 -0.212784 -1.085131 -1.942892
    3 11.692554 0.000001 0.000000 0.000000 0.000000 -0.740706
    4 11.481670 0.000001 -0.000031 -0.299549 -0.344492 0.943331
    5 3.859711 -0.142405 -1.191975 -0.491312 0.054898 -1.089461
    6 1.312555 -0.000002 0.000000 0.000000 0.000000 -0.435484
    7 0.729363 -0.000002 -0.000002 0.000000 0.000000 -0.240207
    8 3.942337 0.046767 -0.431443 -0.150125 0.076994 -0.776666
    9 1.539097 0.000000 0.000000 0.000000 0.000000 -0.409593
    10 1.196325 -0.000002 -0.000001 0.000000 0.000000 -0.581464
    11 3.883698 -0.046765 0.431443 0.085347 0.023775 -0.564480
    12 1.719570 -0.000004 -0.000001 0.000000 0.000000 -0.762886
    13 1.209169 -0.000004 0.000000 0.000000 0.000000 -0.256535
    14 3.859863 -0.137946 1.332466 0.483960 -0.048432 -0.425648
    15 1.719431 0.000002 0.000000 0.000000 0.000000 -0.496225
    16 1.099667 0.000000 -0.000001 0.000000 0.000000 -0.354423
    17 0.806053 -0.348926 1.321258 -1.287532 -0.366649 -0.722385
    18 1.789778 -0.000002 0.000002 0.000000 0.000000 0.212596
    19 1.207005 0.000000 0.000002 0.000000 0.000000 0.186299
    20 2.033356 1.000772 -1.937610 -2.129147 1.252455 2.502299
    21 6.028145 0.000000 0.000000 1.744298 1.244532 -1.091570
    22 11.692554 0.000001 0.000002 0.000000 0.000000 -0.719150
    23 11.481699 0.000001 0.000001 -1.499506 0.033845 0.749231
    24 3.859680 -0.132567 1.193109 0.076298 0.048710 -1.410444
    25 1.312555 -0.000002 0.000002 0.000000 0.000000 -0.439672
    26 0.729365 0.000000 -0.000001 0.000000 0.000000 -1.116930
    27 3.942307 0.050327 0.431044 0.032619 0.047813 -1.244423
    28 1.539099 -0.000002 0.000000 0.000000 0.000000 -0.858600
    29 1.196321 0.000010 0.000000 0.000000 0.000000 -1.041589
    30 3.883659 -0.050321 -0.431042 0.013675 -0.048012 -1.095524
    31 1.719578 0.000002 0.000000 0.000000 -0.007974 -1.239047
    32 1.209185 0.000002 0.000000 0.000000 -0.004460 -0.914505
    33 3.859840 -0.148937 -1.331282 -0.130416 -0.094966 -0.552749
    34 1.719421 0.000002 0.000000 0.000000 -0.006613 -0.362970
    35 1.099669 0.000002 -0.000001 0.000000 -0.004211 -0.767879
    36 0.806023 -0.359837 -1.318334 1.402404 0.526435 -0.917775
    37 1.789782 0.000000 -0.000004 -0.170078 0.039352 0.399730
    38 1.206999 0.000002 0.000000 0.000000 0.000000 1.061014
    39 -3.322851 -22.438121 -6.943767 1.928125 -0.035858 0.251698
    40 0.025545 -1.273521 1.753304 0.000000 0.000000 0.000000
    41 0.001032 1.440453 -1.526783 0.000000 0.000000 0.000000
    42 0.004413 0.696487 -1.430595 0.000000 0.000000 0.000000
    43 0.580660 0.349014 -1.430595 0.000000 0.000000 0.000000
    44 0.583444 -0.305904 -1.430599 0.000000 0.000000 0.000000
    45 0.005318 -0.648720 -1.430599 0.000000 0.000000 0.000000
    46 -0.574618 -0.303123 -1.430601 0.000000 0.000000 0.000000
    47 -0.573714 0.348118 -1.430595 0.000000 0.000000 0.000000
  time 32
    0 -0.999512 8.335938 -6.640625 -1.570760 -1.391893 -1.570827
    1 2.033349 1.000767 1.937660 1.596637 -1.286515 2.942961
    2 6.321118 -0.964873 1.468795 -0.212398 -1.085131 -1.943289
    3 11.692554 0.000001 0.000000 0.000000 0.000000 -0.740464
    4 11.481670 0.000001 -0.000031 -0.299868 -0.344492 0.943331
    5 3.859711 -0.142405 -1.191975 -0.491312 0.054898 -1.089461
    6 1.312555 -0.000002 0.000000 0.000000 0.000000 -0.435484
    7 0.729363 -0.000002 -0.000002 0.000000 0.000000 -0.240207
    8 3.942337 0.046767 -0.431443 -0.150125 0.076994 -0.776666
    9 1.539097 0.000000 0.000000 0.000000 0.000000 -0.409593
    10 1.196325 -0.000002 -0.000001 0.000000 0.000000 -0.581464
    11 3.883698 -0.046765 0.431443 0.085347 0.023775 -0.564480
    12 1.719570 -0.000004 -0.000001 0.000000 0.000000 -0.762886
    13 1.209169 -0.000004 0.000000 0.000000 0.000000 -0.256535
    14 3.859863 -0.137946 1.332466 0.483960 -0.048432 -0.425648
    15 1.719431 0.000002 0.000000 0.000000 0.000000 -0.496225
    16 1.099667 0.000000 -0.000001 0.000000 0.000000 -0.354423
    17 0.806053 -0.348926 1.321258 -1.287532 -0.366649 -0.722385
    18 1.789778 -0.000002 0.000002 0.000000 0.000000 0.212596
    19 1.207005 0.000000 0.000002 0.000000 0.000000 0.186299
    20 2.033356 1.000772 -1.937610 -2.129147 1.252455 2.502299
    21 6.028145 0.000000 0.000000 1.744448 1.244532 -1.091402
    22 11.692554 0.000001 0.000002 0.000000 0.000000 -0.719150
    23 11.481699 0.000001 0.000001 -1.499650 0.033728 0.749510
    24 3.859680 -0.132567 1.193109 0.076298 0.048710 -1.410444
    25 1.312555 -0.000002 0.000002 0.000000 0.000000 -0.439672
    26 0.729365 0.000000 -0.000001 0.000000 0.000000 -1.116930
    27 3.942307 0.050327 0.431044 0.032619 0.047813 -1.244423
    28 1.539099 -0.000002 0.000000 0.000000 0.000000 -0.858600
    29 1.196321 0.000010 0.000000 0.000000 0.000000 -1.041589
    30 3.883659 -0.050321 -0.431042 0.013675 -0.048012 -1.095524
    31 1.719578 0.000002 0.000000 0.000000 -0.007974 -1.239047
    32 1.209185 0.000002 0.000000 0.000000 -0.004460 -0.914505
    33 3.859840 -0.148937 -1.331282 -0.130416 -0.094966 -0.552749
    34 1.719421 0.000002 0.000000 0.000000 -0.006613 -0.362970
    35 1.099669 0.000002 -0.000001 0.000000 -0.004211 -0.767879
    36 0.806023 -0.359837 -1.318334 1.402404 0.526435 -0.917775
    37 1.789782 0.000000 -0.000004 -0.170078 0.039352 0.399730
    38 1.206999 0.000002 0.000000 0.000000 0.000000 1.061014
    39 -3.322851 -22.438121 -6.943767 1.928173 -0.035551 0.251768
    40 0.025545 -1.273521 1.753304 0.000000 0.000000 0.000000
    41 0.001032 1.440453 -1.526783 0.000000 0.000000 0.000000
    42 0.004413 0.696487 -1.430595 0.000000 0.000000 0.000000
    43 0.580660 0.349014 -1.430595 0.000000 0.000000 0.000000
    44 0.583444 -0.305904 -1.430599 0.000000 0.000000 0.000000
    45 0.005318 -0.648720 -1.430599 0.000000 0.000000 0.000000
    46 -0.574618 -0.303123 -1.430601 0.000000 0.000000 0.000000
    47 -0.573714 0.348118 -1.430595 0.000000 0.000000 0.000000
  time 33
    0 -0.999512 8.335938 -6.640625 -1.570760 -1.391893 -1.570827
    1 2.033349 1.000767 1.937660 1.596637 -1.286515 2.942961
    2 6.321118 -0.964873 1.468795 -0.212157 -1.085131 -1.943587
    3 11.692554 0.000001 0.000000 0.000000 0.000000 -0.740222
    4 11.481670 0.000001 -0.000031 -0.300250 -0.344471 0.943207
    5 3.859711 -0.142405 -1.191975 -0.491312 0.054898 -1.089461
    6 1.312555 -0.000002 0.000000 0.000000 0.000000 -0.435484
    7 0.729363 -0.000002 -0.000002 0.000000 0.000000 -0.240207
    8 3.942337 0.046767 -0.431443 -0.150125 0.076994 -0.776666
    9 1.539097 0.000000 0.000000 0.000000 0.000000 -0.409593
    10 1.196325 -0.000002 -0.000001 0.000000 0.000000 -0.581464
    11 3.883698 -0.046765 0.431443 0.085347 0.023775 -0.564480
    12 1.719570 -0.000004 -0.000001 0.000000 0.000000 -0.762886
    13 1.209169 -0.000004 0.000000 0.000000 0.000000 -0.256535
    14 3.859863 -0.137946 1.332466 0.483960 -0.048432 -0.425648
    15 1.719431 0.000002 0.000000 0.000000 0.000000 -0.496225
    16 1.099667 0.000000 -0.000001 0.000000 0.000000 -0.354423
    17 0.806053 -0.348926 1.321258 -1.287532 -0.366649 -0.722385
    18 1.789778 -0.000002 0.000002 0.000000 0.000000 0.212596
    19 1.207005 0.000000 0.000002 0.000000 0.000000 0.186299
    20 2.033356 1.000772 -1.937610 -2.129147 1.252455 2.502299
    21 6.028145 0.000000 0.000000 1.744598 1.244532 -1.091291
    22 11.692554 0.000001 0.000002 0.000000 0.000000 -0.718812
    23 11.481699 0.000001 0.000001 -1.499984 0.033741 0.749231
    24 3.859680 -0.132567 1.193109 0.076298 0.048710 -1.410444
    25 1.312555 -0.000002 0.000002 0.000000 0.000000 -0.439672
    26 0.729365 0.000000 -0.000001 0.000000 0.000000 -1.116930
    27 3.942307 0.050327 0.431044 0.032619 0.047813 -1.244423
    28 1.539099 -0.000002 0.000000 0.000000 0.000000 -0.858600
    29 1.196321 0.000010 0.000000 0.000000 0.000000 -1.041589
    30 3.883659 -0.050321 -0.431042 0.013675 -0.048012 -1.095524
    31 1.719578 0.000002 0.000000 0.000000 -0.007974 -1.239047
    32 1.209185 0.000002 0.000000 0.000000 -0.004460 -0.914505
    33 3.859840 -0.148937 -1.331282 -0.130416 -0.094966 -0.552749
    34 1.719421 0.000002 0.000000 0.000000 -0.006613 -0.362970
    35 1.099669 0.000002 -0.000001 0.000000 -0.004211 -0.767879
    36 0.806023 -0.359837 -1.318334 1.402404 0.526435 -0.917775
    37 1.789782 0.000000 -0.000004 -0.170078 0.039352 0.399730
    38 1.206999 0.000002 0.000000 0.000000 0.000000 1.061014
    39 -3.322851 -22.438121 -6.943767 1.928316 -0.035244 0.251837
    40 0.025545 -1.273521 1.753304 0.000000 0.000000 0.000000
    41 0.001032 1.440453 -1.526783 0.000000 0.000000 0.000000
    42 0.004413 0.696487 -1.430595 0.000000 0.000000 0.000000
    43 0.580660 0.349014 -1.430595 0.000000 0.000000 0.000000
    44 0.583444 -0.305904 -1.430599 0.000000 0.000000 0.000000
    45 0.005318 -0.648720 -1.430599 0.000000 0.000000 0.000000
    46 -0.574618 -0.303123 -1.430601 0.000000 0.000000 0.000000
    47 -0.573714 0.348118 -1.430595 0.000000 0.000000 0.000000
  time 34
    0 -0.999512 8.335938 -6.640625 -1.570760 -1.391893 -1.570827
    1 2.033349 1.000767 1.937660 1.596637 -1.286515 2.942961
    2 6.321118 -0.964873 1.468795 -0.211819 -1.085039 -1.943835
    3 11.692554 0.000001 0.000000 0.000000 0.000000 -0.740061
    4 11.481670 0.000001 -0.000031 -0.300569 -0.344492 0.943207
    5 3.859711 -0.142405 -1.191975 -0.491312 0.054898 -1.089461
    6 1.312555 -0.000002 0.000000 0.000000 0.000000 -0.435484
    7 0.729363 -0.000002 -0.000002 0.000000 0.000000 -0.240207
    8 3.942337 0.046767 -0.431443 -0.150125 0.076994 -0.776666
    9 1.539097 0.000000 0.000000 0.000000 0.000000 -0.409593
    10 1.196325 -0.000002 -0.000001 0.000000 0.000000 -0.581464
    11 3.883698 -0.046765 0.431443 0.085347 0.023775 -0.564480
    12 1.719570 -0.000004 -0.000001 0.000000 0.000000 -0.762886
    13 1.209169 -0.000004 0.000000 0.000000 0.000000 -0.256535
    14 3.859863 -0.137946 1.332466 0.483960 -0.048432 -0.425648
    15 1.719431 0.000002 0.000000 0.000000 0.000000 -0.496225
    16 1.099667 0.000000 -0.000001 0.000000 0.000000 -0.354423
    17 0.806053 -0.348926 1.321258 -1.287532 -0.366649 -0.722385
    18 1.789778 -0.000002 0.000002 0.000000 0.000000 0.212596
    19 1.207005 0.000000 0.000002 0.000000 0.000000 0.186299
    20 2.033356 1.000772 -1.937610 -2.129147 1.252455 2.502299
    21 6.028145 0.000000 0.000000 1.744749 1.244532 -1.091123
    22 11.692554 0.000001 0.000002 0.000000 0.000000 -0.719150
    23 11.481699 0.000001 0.000001 -1.500318 0.033767 0.749622
    24 3.859680 -0.132567 1.193109 0.076298 0.048710 -1.410444
    25 1.312555 -0.000002 0.000002 0.000000 0.000000 -0.439672
    26 0.729365 0.000000 -0.000001 0.000000 0.000000 -1.116930
    27 3.942307 0.050327 0.431044 0.032619 0.047813 -1.244423
    28 1.539099 -0.000002 0.000000 0.000000 0.000000 -0.858600
    29 1.196321 0.000010 0.000000 0.000000 0.000000 -1.041589
    30 3.883659 -0.050321 -0.431042 0.013675 -0.048012 -1.095524
    31 1.719578 0.000002 0.000000 0.000000 -0.007974 -1.239047
    32 1.209185 0.000002 0.000000 0.000000 -0.004460 -0.914505
    33 3.859840 -0.148937 -1.331282 -0.130416 -0.094966 -0.552749
    34 1.719421 0.000002 0.000000 0.000000 -0.006613 -0.362970
    35 1.099669 0.000002 -0.000001 0.000000 -0.004211 -0.767879
    36 0.806023 -0.359837 -1.318334 1.402404 0.526435 -0.917775
    37 1.789782 0.000000 -0.000004 -0.170078 0.039352 0.399730
    38 1.206999 0.000002 0.000000 0.000000 0.000000 1.061014
    39 -3.322851 -22.438121 -6.947674 1.928411 -0.034937 0.251907
    40 0.025545 -1.273521 1.753304 0.000000 0.000000 0.000000
    41 0.001032 1.440453 -1.526783 0.000000 0.000000 0.000000
    42 0.004413 0.696487 -1.430595 0.000000 0.000000 0.000000
    43 0.580660 0.349014 -1.430595 0.000000 0.000000 0.000000
    44 0.583444 -0.305904 -1.430599 0.000000 0.000000 0.000000
    45 0.005318 -0.648720 -1.430599 0.000000 0.000000 0.000000
    46 -0.574618 -0.303123 -1.430601 0.000000 0.000000 0.000000
    47 -0.573714 0.348118 -1.430595 0.000000 0.000000 0.000000
  time 35
    0 -0.999512 8.335938 -6.640625 -1.570760 -1.391893 -1.570827
    1 2.033349 1.000767 1.937660 1.596637 -1.286515 2.942961
    2 6.321118 -0.964873 1.468795 -0.211578 -1.084994 -1.944183
    3 11.692554 0.000001 0.000000 0.000000 0.000000 -0.739819
    4 11.481670 0.000001 -0.000031 -0.300888 -0.344492 0.943124
    5 3.859711 -0.142405 -1.191975 -0.491312 0.054898 -1.089461
    6 1.312555 -0.000002 0.000000 0.000000 0.000000 -0.435484
    7 0.729363 -0.000002 -0.000002 0.000000 0.000000 -0.240207
    8 3.942337 0.046767 -0.431443 -0.150125 0.076994 -0.776666
    9 1.539097 0.000000 0.000000 0.000000 0.000000 -0.409593
    10 1.196325 -0.000002 -0.000001 0.000000 0.000000 -0.581464
    11 3.883698 -0.046765 0.431443 0.085347 0.023775 -0.564480
    12 1.719570 -0.000004 -0.000001 0.000000 0.000000 -0.762886
    13 1.209169 -0.000004 0.000000 0.000000 0.000000 -0.256535
    14 3.859863 -0.137946 1.332466 0.483960 -0.048432 -0.425648
    15 1.719431 0.000002 0.000000 0.000000 0.000000 -0.496225
    16 1.099667 0.000000 -0.000001 0.000000 0.000000 -0.354423
    17 0.806053 -0.348926 1.321258 -1.287532 -0.366649 -0.722385
    18 1.789778 -0.000002 0.000002 0.000000 0.000000 0.212596
    19 1.207005 0.000000 0.000002 0.000000 0.000000 0.186299
    20 2.033356 1.000772 -1.937610 -2.129147 1.252455 2.502299
    21 6.028145 0.000000 0.000000 1.744899 1.244532 -1.091011
    22 11.692554 0.000001 0.000002 0.000000 0.000000 -0.719150
    23 11.481699 0.000001 0.000001 -1.500653 0.033793 0.749649
    24 3.859680 -0.132567 1.193109 0.076298 0.048710 -1.410444
    25 1.312555 -0.000002 0.000002 0.000000 0.000000 -0.439672
    26 0.729365 0.000000 -0.000001 0.000000 0.000000 -1.116930
    27 3.942307 0.050327 0.431044 0.032619 0.047813 -1.244423
    28 1.539099 -0.000002 0.000000 0.000000 0.000000 -0.858600
    29 1.196321 0.000010 0.000000 0.000000 0.000000 -1.041589
    30 3.883659 -0.050321 -0.431042 0.013675 -0.048012 -1.095524
    31 1.719578 0.000002 0.000000 0.000000 -0.007974 -1.239047
    32 1.209185 0.000002 0.000000 0.000000 -0.004460 -0.914505
    33 3.859840 -0.148937 -1.331282 -0.130416 -0.094966 -0.552749
    34 1.719421 0.000002 0.000000 0.000000 -0.006613 -0.362970
    35 1.099669 0.000002 -0.000001 0.000000 -0.004211 -0.767879
    36 0.806023 -0.359837 -1.318334 1.402404 0.526435 -0.917775
    37 1.789782 0.000000 -0.000004 -0.170078 0.039352 0.399730
    38 1.206999 0.000002 0.000000 0.000000 0.000000 1.061014
    39 -3.322851 -22.438121 -6.947674 1.928507 -0.034669 0.252047
    40 0.025545 -1.273521 1.753304 0.000000 0.000000 0.000000
    41 0.001032 1.440453 -1.526783 0.000000 0.000000 0.000000
    42 0.004413 0.696487 -1.430595 0.000000 0.000000 0.000000
    43 0.580660 0.349014 -1.430595 0.000000 0.000000 0.000000
    44 0.583444 -0.305904 -1.430599 0.000000 0.000000 0.000000
    45 0.005318 -0.648720 -1.430599 0.000000 0.000000 0.000000
    46 -0.574618 -0.303123 -1.430601 0.000000 0.000000 0.000000
    47 -0.573714 0.348118 -1.430595 0.000000 0.000000 0.000000
  time 36
    0 -0.999512 8.335938 -6.640625 -1.570760 -1.391893 -1.570827
    1 2.033349 1.000767 1.937660 1.596637 -1.286515 2.942961
    2 6.321118 -0.964873 1.468795 -0.211337 -1.084994 -1.944481
    3 11.692554 0.000001 0.000000 0.000000 0.000000 -0.739617
    4 11.481670 0.000001 -0.000031 -0.301334 -0.344451 0.943124
    5 3.859711 -0.142405 -1.191975 -0.491312 0.054898 -1.089461
    6 1.312555 -0.000002 0.000000 0.000000 0.000000 -0.435484
    7 0.729363 -0.000002 -0.000002 0.000000 0.000000 -0.240207
    8 3.942337 0.046767 -0.431443 -0.150125 0.076994 -0.776666
    9 1.539097 0.000000 0.000000 0.000000 0.000000 -0.409593
    10 1.196325 -0.000002 -0.000001 0.000000 0.000000 -0.581464
    11 3.883698 -0.046765 0.431443 0.085347 0.023775 -0.564480
    12 1.719570 -0.000004 -0.000001 0.000000 0.000000 -0.762886
    13 1.209169 -0.000004 0.000000 0.000000 0.000000 -0.256535
    14 3.859863 -0.137946 1.332466 0.483960 -0.048432 -0.425648
    15 1.719431 0.000002 0.000000 0.000000 0.000000 -0.496225
    16 1.099667 0.000000 -0.000001 0.000000 0.000000 -0.354423
    17 0.806053 -0.348926 1.321258 -1.287532 -0.366649 -0.722385
    18 1.789778 -0.000002 0.000002 0.000000 0.000000 0.212596
    19 1.207005 0.000000 0.000002 0.000000 0.000000 0.186299
    20 2.033356 1.000772 -1.937610 -2.129147 1.252455 2.502299
    21 6.028145 0.000000 0.000000 1.744999 1.244532 -1.090928
    22 11.692554 0.000001 0.000002 0.000000 0.000000 -0.719150
    23 11.481699 0.000001 0.000001 -1.500939 0.033819 0.749677
    24 3.859680 -0.132567 1.193109 0.076298 0.048710 -1.410444
    25 1.312555 -0.000002 0.000002 0.000000 0.000000 -0.439672
    26 0.729365 0.000000 -0.000001 0.000000 0.000000 -1.116930
    27 3.942307 0.050327 0.431044 0.032619 0.047813 -1.244423
    28 1.539099 -0.000002 0.000000 0.000000 0.000000 -0.858600
    29 1.196321 0.000010 0.000000 0.000000 0.000000 -1.041589
    30 3.883659 -0.050321 -0.431042 0.013675 -0.048012 -1.095524
    31 1.719578 0.000002 0.000000 0.000000 -0.007974 -1.239047
    32 1.209185 0.000002 0.000000 0.000000 -0.004460 -0.914505
    33 3.859840 -0.148937 -1.331282 -0.130416 -0.094966 -0.552749
    34 1.719421 0.000002 0.000000 0.000000 -0.006613 -0.362970
    35 1.099669 0.000002 -0.000001 0.000000 -0.004211 -0.767879
    36 0.806023 -0.359837 -1.318334 1.402404 0.526435 -0.917775
    37 1.789782 0.000000 -0.000004 -0.170078 0.039352 0.399730
    38 1.206999 0.000002 0.000000 0.000000 0.000000 1.061014
    39 -3.322851 -22.438121 -6.947674 1.928602 -0.034362 0.252117
    40 0.025545 -1.273521 1.753304 0.000000 0.000000 0.000000
    41 0.001032 1.440453 -1.526783 0.000000 0.000000 0.000000
    42 0.004413 0.696487 -1.430595 0.000000 0.000000 0.000000
    43 0.580660 0.349014 -1.430595 0.000000 0.000000 0.000000
    44 0.583444 -0.305904 -1.430599 0.000000 0.000000 0.000000
    45 0.005318 -0.648720 -1.430599 0.000000 0.000000 0.000000
    46 -0.574618 -0.303123 -1.430601 0.000000 0.000000 0.000000
    47 -0.573714 0.348118 -1.430595 0.000000 0.000000 0.000000
  time 37
    0 -0.999512 8.335938 -6.640625 -1.570760 -1.391893 -1.570827
    1 2.033349 1.000767 1.937660 1.596637 -1.286515 2.942961
    2 6.321118 -0.964873 1.468795 -0.211047 -1.084994 -1.944680
    3 11.692554 0.000001 0.000000 0.000000 0.000000 -0.739456
    4 11.481670 0.000001 -0.000031 -0.301589 -0.344451 0.943041
    5 3.859711 -0.142405 -1.191975 -0.491312 0.054898 -1.089461
    6 1.312555 -0.000002 0.000000 0.000000 0.000000 -0.435484
    7 0.729363 -0.000002 -0.000002 0.000000 0.000000 -0.240207
    8 3.942337 0.046767 -0.431443 -0.150125 0.076994 -0.776666
    9 1.539097 0.000000 0.000000 0.000000 0.000000 -0.409593
    10 1.196325 -0.000002 -0.000001 0.000000 0.000000 -0.581464
    11 3.883698 -0.046765 0.431443 0.085347 0.023775 -0.564480
    12 1.719570 -0.000004 -0.000001 0.000000 0.000000 -0.762886
    13 1.209169 -0.000004 0.000000 0.000000 0.000000 -0.256535
    14 3.859863 -0.137946 1.332466 0.483960 -0.048432 -0.425648
    15 1.719431 0.000002 0.000000 0.000000 0.000000 -0.496225
    16 1.099667 0.000000 -0.000001 0.000000 0.000000 -0.354423
    17 0.806053 -0.348926 1.321258 -1.287532 -0.366649 -0.722385
    18 1.789778 -0.000002 0.000002 0.000000 0.000000 0.212596
    19 1.207005 0.000000 0.000002 0.000000 0.000000 0.186299
    20 2.033356 1.000772 -1.937610 -2.129147 1.252455 2.502299
    21 6.028145 0.000000 0.000000 1.745099 1.244532 -1.090816
    22 11.692554 0.000001 0.000002 0.000000 0.000000 -0.719108
    23 11.481699 0.000001 0.000001 -1.501274 0.033858 0.749733
    24 3.859680 -0.132567 1.193109 0.076298 0.048710 -1.410444
    25 1.312555 -0.000002 0.000002 0.000000 0.000000 -0.439672
    26 0.729365 0.000000 -0.000001 0.000000 0.000000 -1.116930
    27 3.942307 0.050327 0.431044 0.032619 0.047813 -1.244423
    28 1.539099 -0.000002 0.000000 0.000000 0.000000 -0.858600
    29 1.196321 0.000010 0.000000 0.000000 0.000000 -1.041589
    30 3.883659 -0.050321 -0.431042 0.013675 -0.048012 -1.095524
    31 1.719578 0.000002 0.000000 0.000000 -0.007974 -1.239047
    32 1.209185 0.000002 0.000000 0.000000 -0.004460 -0.914505
    33 3.859840 -0.148937 -1.331282 -0.130416 -0.094966 -0.552749
    34 1.719421 0.000002 0.000000 0.000000 -0.006613 -0.362970
    35 1.099669 0.000002 -0.000001 0.000000 -0.004211 -0.767895
    36 0.806023 -0.359837 -1.318334 1.402404 0.526435 -0.917775
    37 1.789782 0.000000 -0.000004 -0.170078 0.039352 0.399730
    38 1.206999 0.000002 0.000000 0.000000 0.000000 1.061014
    39 -3.322851 -22.438121 -6.947674 1.928697 -0.034055 0.252117
    40 0.025545 -1.273521 1.753304 0.000000 0.000000 0.000000
    41 0.001032 1.440453 -1.526783 0.000000 0.000000 0.000000
    42 0.004413 0.696487 -1.430595 0.000000 0.000000 0.000000
    43 0.580660 0.349014 -1.430595 0.000000 0.000000 0.000000
    44 0.583444 -0.305904 -1.430599 0.000000 0.000000 0.000000
    45 0.005318 -0.648720 -1.430599 0.000000 0.000000 0.000000
    46 -0.574618 -0.303123 -1.430601 0.000000 0.000000 0.000000
    47 -0.573714 0.348118 -1.430595 0.000000 0.000000 0.000000
  time 38
    0 -0.999512 8.335938 -6.640625 -1.570760 -1.391893 -1.570827
    1 2.033349 1.000767 1.937660 1.596637 -1.286515 2.942961
    2 6.321118 -0.964873 1.468795 -0.210854 -1.084902 -1.944928
    3 11.692554 0.000001 0.000000 0.000000 0.000000 -0.739335
    4 11.481670 0.000001 -0.000031 -0.301907 -0.344431 0.943041
    5 3.859711 -0.142405 -1.191975 -0.491312 0.054898 -1.089461
    6 1.312555 -0.000002 0.000000 0.000000 0.000000 -0.435484
    7 0.729363 -0.000002 -0.000002 0.000000 0.000000 -0.240207
    8 3.942337 0.046767 -0.431443 -0.150125 0.076994 -0.776666
    9 1.539097 0.000000 0.000000 0.000000 0.000000 -0.409593
    10 1.196325 -0.000002 -0.000001 0.000000 0.000000 -0.581464
    11 3.883698 -0.046765 0.431443 0.085347 0.023775 -0.564480
    12 1.719570 -0.000004 -0.000001 0.000000 0.000000 -0.762886
    13 1.209169 -0.000004 0.000000 0.000000 0.000000 -0.256535
    14 3.859863 -0.137946 1.332466 0.483960 -0.048432 -0.425648
    15 1.719431 0.000002 0.000000 0.000000 0.000000 -0.496225
    16 1.099667 0.000000 -0.000001 0.000000 0.000000 -0.354423
    17 0.806053 -0.348926 1.321258 -1.287532 -0.366649 -0.722385
    18 1.789778 -0.000002 0.000002 0.000000 0.000000 0.212596
    19 1.207005 0.000000 0.000002 0.000000 0.000000 0.186299
    20 2.033356 1.000772 -1.937610 -2.129147 1.252455 2.502299
    21 6.028145 0.000000 0.000000 1.745199 1.244532 -1.090704
    22 11.692554 0.000001 0.000002 0.000000 0.000000 -0.719108
    23 11.481699 0.000001 0.000001 -1.501560 0.033884 0.749789
    24 3.859680 -0.132567 1.193109 0.076298 0.048710 -1.410444
    25 1.312555 -0.000002 0.000002 0.000000 0.000000 -0.439672
    26 0.729365 0.000000 -0.000001 0.000000 0.000000 -1.116930
    27 3.942307 0.050327 0.431044 0.032619 0.047813 -1.244423
    28 1.539099 -0.000002 0.000000 0.000000 0.000000 -0.858600
    29 1.196321 0.000010 0.000000 0.000000 0.000000 -1.041589
    30 3.883659 -0.050321 -0.431042 0.013675 -0.048012 -1.095524
    31 1.719578 0.000002 0.000000 0.000000 -0.007974 -1.239047
    32 1.209185 0.000002 0.000000 0.000000 -0.004460 -0.914505
    33 3.859840 -0.148937 -1.331282 -0.130416 -0.094966 -0.552749
    34 1.719421 0.000002 0.000000 0.000000 -0.006613 -0.362970
    35 1.099669 0.000002 -0.000001 0.000000 -0.004211 -0.767879
    36 0.806023 -0.359837 -1.318334 1.402404 0.526435 -0.917775
    37 1.789782 0.000000 -0.000004 -0.170078 0.039352 0.399730
    38 1.206999 0.000002 0.000000 0.000000 0.000000 1.061014
    39 -3.322851 -22.434214 -6.947674 1.928793 -0.033806 0.252187
    40 0.025545 -1.273521 1.753304 0.000000 0.000000 0.000000
    41 0.001032 1.440453 -1.526783 0.000000 0.000000 0.000000
    42 0.004413 0.696487 -1.430595 0.000000 0.000000 0.000000
    43 0.580660 0.349014 -1.430595 0.000000 0.000000 0.000000
    44 0.583444 -0.305904 -1.430599 0.000000 0.000000 0.000000
    45 0.005318 -0.648720 -1.430599 0.000000 0.000000 0.000000
    46 -0.574618 -0.303123 -1.430601 0.000000 0.000000 0.000000
    47 -0.573714 0.348118 -1.430595 0.000000 0.000000 0.000000
  time 39
    0 -0.999512 8.335938 -6.640625 -1.570760 -1.391893 -1.570827
    1 2.033349 1.000767 1.937660 1.596637 -1.286515 2.942961
    2 6.321118 -0.964873 1.468795 -0.210661 -1.084902 -1.945127
    3 11.692554 0.000001 0.000000 0.000000 0.000000 -0.739133
    4 11.481670 0.000001 -0.000031 -0.302162 -0.344431 0.942958
    5 3.859711 -0.142405 -1.191975 -0.491312 0.054898 -1.089461
    6 1.312555 -0.000002 0.000000 0.000000 0.000000 -0.435484
    7 0.729363 -0.000002 -0.000002 0.000000 0.000000 -0.240207
    8 3.942337 0.046767 -0.431443 -0.150125 0.076994 -0.776666
    9 1.539097 0.000000 0.000000 0.000000 0.000000 -0.409593
    10 1.196325 -0.000002 -0.000001 0.000000 0.000000 -0.581464
    11 3.883698 -0.046765 0.431443 0.085347 0.023775 -0.564480
    12 1.719570 -0.000004 -0.000001 0.000000 0.000000 -0.762886
    13 1.209169 -0.000004 0.000000 0.000000 0.000000 -0.256535
    14 3.859863 -0.137946 1.332466 0.483960 -0.048432 -0.425648
    15 1.719431 0.000002 0.000000 0.000000 0.000000 -0.496225
    16 1.099667 0.000000 -0.000001 0.000000 0.000000 -0.354423
    17 0.806053 -0.348926 1.321258 -1.287532 -0.366649 -0.722385
    18 1.789778 -0.000002 0.000002 0.000000 0.000000 0.212596
    19 1.207005 0.000000 0.000002 0.000000 0.000000 0.186299
    20 2.033356 1.000772 -1.937610 -2.129147 1.252455 2.502299
    21 6.028145 0.000000 0.000000 1.745299 1.244532 -1.090621
    22 11.692554 0.000001 0.000002 0.000000 0.000000 -0.719108
    23 11.481699 0.000001 0.000001 -1.501799 0.033923 0.749845
    24 3.859680 -0.132567 1.193109 0.076298 0.048710 -1.410444
    25 1.312555 -0.000002 0.000002 0.000000 0.000000 -0.439672
    26 0.729365 0.000000 -0.000001 0.000000 0.000000 -1.116930
    27 3.942307 0.050327 0.431044 0.032619 0.047813 -1.244423
    28 1.539099 -0.000002 0.000000 0.000000 0.000000 -0.858600
    29 1.196321 0.000010 0.000000 0.000000 0.000000 -1.041607
    30 3.883659 -0.050321 -0.431042 0.013675 -0.048012 -1.095524
    31 1.719578 0.000002 0.000000 0.000000 -0.007974 -1.239047
    32 1.209185 0.000002 0.000000 0.000000 -0.004460 -0.914505
    33 3.859840 -0.148937 -1.331282 -0.130416 -0.094966 -0.552749
    34 1.719421 0.000002 0.000000 0.000000 -0.006613 -0.362970
    35 1.099669 0.000002 -0.000001 0.000000 -0.004211 -0.767879
    36 0.806023 -0.359837 -1.318334 1.402404 0.526435 -0.917775
    37 1.789782 0.000000 -0.000004 -0.170078 0.039352 0.399730
    38 1.206999 0.000002 0.000000 0.000000 0.000000 1.061014
    39 -3.322851 -22.434214 -6.951580 1.928888 -0.033556 0.252257
    40 0.025545 -1.273521 1.753304 0.000000 0.000000 0.000000
    41 0.001032 1.440453 -1.526783 0.000000 0.000000 0.000000
    42 0.004413 0.696487 -1.430595 0.000000 0.000000 0.000000
    43 0.580660 0.349014 -1.430595 0.000000 0.000000 0.000000
    44 0.583444 -0.305904 -1.430599 0.000000 0.000000 0.000000
    45 0.005318 -0.648720 -1.430599 0.000000 0.000000 0.000000
    46 -0.574618 -0.303123 -1.430601 0.000000 0.000000 0.000000
    47 -0.573714 0.348118 -1.430595 0.000000 0.000000 0.000000
  time 40
    0 -0.999512 8.335938 -6.640625 -1.570760 -1.391893 -1.570827
    1 2.033349 1.000767 1.937660 1.596637 -1.286515 2.942961
    2 6.321118 -0.964873 1.468795 -0.210565 -1.084857 -1.945276
    3 11.692554 0.000001 0.000000 0.000000 0.000000 -0.739093
    4 11.481670 0.000001 -0.000031 -0.302417 -0.344410 0.942917
    5 3.859711 -0.142405 -1.191975 -0.491312 0.054898 -1.089461
    6 1.312555 -0.000002 0.000000 0.000000 0.000000 -0.435484
    7 0.729363 -0.000002 -0.000002 0.000000 0.000000 -0.240207
    8 3.942337 0.046767 -0.431443 -0.150125 0.076994 -0.776666
    9 1.539097 0.000000 0.000000 0.000000 0.000000 -0.409593
    10 1.196325 -0.000002 -0.000001 0.000000 0.000000 -0.581464
    11 3.883698 -0.046765 0.431443 0.085347 0.023775 -0.564480
    12 1.719570 -0.000004 -0.000001 0.000000 0.000000 -0.762886
    13 1.209169 -0.000004 0.000000 0.000000 0.000000 -0.256535
    14 3.859863 -0.137946 1.332466 0.483960 -0.048432 -0.425648
    15 1.719431 0.000002 0.000000 0.000000 0.000000 -0.496225
    16 1.099667 0.000000 -0.000001 0.000000 0.000000 -0.354423
    17 0.806053 -0.348926 1.321258 -1.287532 -0.366649 -0.722385
    18 1.789778 -0.000002 0.000002 0.000000 0.000000 0.212596
    19 1.207005 0.000000 0.000002 0.000000 0.000000 0.186299
    20 2.033356 1.000772 -1.937610 -2.129147 1.252455 2.502299
    21 6.028145 0.000000 0.000000 1.745349 1.244571 -1.090565
    22 11.692554 0.000001 0.000002 0.000000 0.000000 -0.719108
    23 11.481699 0.000001 0.000001 -1.502038 0.033949 0.749873
    24 3.859680 -0.132567 1.193109 0.076298 0.048710 -1.410444
    25 1.312555 -0.000002 0.000002 0.000000 0.000000 -0.439672
    26 0.729365 0.000000 -0.000001 0.000000 0.000000 -1.116930
    27 3.942307 0.050327 0.431044 0.032619 0.047813 -1.244423
    28 1.539099 -0.000002 0.000000 0.000000 0.000000 -0.858600
    29 1.196321 0.000010 0.000000 0.000000 0.000000 -1.041589
    30 3.883659 -0.050321 -0.431042 0.013675 -0.048012 -1.095524
    31 1.719578 0.000002 0.000000 0.000000 -0.007974 -1.239047
    32 1.209185 0.000002 0.000000 0.000000 -0.004460 -0.914505
    33 3.859840 -0.148937 -1.331282 -0.130416 -0.094966 -0.552749
    34 1.719421 0.000002 0.000000 0.000000 -0.006613 -0.362970
    35 1.099669 0.000002 -0.000001 0.000000 -0.004211 -0.767879
    36 0.806023 -0.359837 -1.318334 1.402404 0.526435 -0.917775
    37 1.789782 0.000000 -0.000004 -0.170078 0.039352 0.399730
    38 1.206999 0.000002 0.000000 0.000000 0.000000 1.061014
    39 -3.322851 -22.434214 -6.951580 1.928936 -0.033345 0.252257
    40 0.025545 -1.273521 1.753304 0.000000 0.000000 0.000000
    41 0.001032 1.440453 -1.526783 0.000000 0.000000 0.000000
    42 0.004413 0.696487 -1.430595 0.000000 0.000000 0.000000
    43 0.580660 0.349014 -1.430595 0.000000 0.000000 0.000000
    44 0.583444 -0.305904 -1.430599 0.000000 0.000000 0.000000
    45 0.005318 -0.648720 -1.430599 0.000000 0.000000 0.000000
    46 -0.574618 -0.303123 -1.430601 0.000000 0.000000 0.000000
    47 -0.573714 0.348118 -1.430595 0.000000 0.000000 0.000000
  time 41
    0 -0.999512 8.335938 -6.640625 -1.570760 -1.391893 -1.570827
    1 2.033349 1.000767 1.937660 1.596637 -1.286515 2.942961
    2 6.321118 -0.964873 1.468795 -0.210468 -1.084857 -1.945325
    3 11.692554 0.000001 0.000000 0.000000 0.000000 -0.738972
    4 11.481670 0.000001 -0.000031 -0.302609 -0.344390 0.942917
    5 3.859711 -0.142405 -1.191975 -0.491312 0.054898 -1.089461
    6 1.312555 -0.000002 0.000000 0.000000 0.000000 -0.435484
    7 0.729363 -0.000002 -0.000002 0.000000 0.000000 -0.240207
    8 3.942337 0.046767 -0.431443 -0.150125 0.076994 -0.776666
    9 1.539097 0.000000 0.000000 0.000000 0.000000 -0.409593
    10 1.196325 -0.000002 -0.000001 0.000000 0.000000 -0.581464
    11 3.883698 -0.046765 0.431443 0.085347 0.023775 -0.564480
    12 1.719570 -0.000004 -0.000001 0.000000 0.000000 -0.762886
    13 1.209169 -0.000004 0.000000 0.000000 0.000000 -0.256535
    14 3.859863 -0.137946 1.332466 0.483960 -0.048432 -0.425648
    15 1.719431 0.000002 0.000000 0.000000 0.000000 -0.496225
    16 1.099667 0.000000 -0.000001 0.000000 0.000000 -0.354423
    17 0.806053 -0.348926 1.321258 -1.287532 -0.366649 -0.722385
    18 1.789778 -0.000002 0.000002 0.000000 0.000000 0.212596
    19 1.207005 0.000000 0.000002 0.000000 0.000000 0.186299
    20 2.033356 1.000772 -1.937610 -2.129147 1.252455 2.502299
    21 6.028145 0.000000 0.000000 1.745399 1.244571 -1.090565
    22 11.692554 0.000001 0.000002 0.000000 0.000000 -0.719108
    23 11.481699 0.000001 0.000001 -1.502181 0.033975 0.749901
    24 3.859680 -0.132567 1.193109 0.076298 0.048710 -1.410444
    25 1.312555 -0.000002 0.000002 0.000000 0.000000 -0.439672
    26 0.729365 0.000000 -0.000001 0.000000 0.000000 -1.116930
    27 3.942307 0.050327 0.431044 0.032619 0.047813 -1.244423
    28 1.539099 -0.000002 0.000000 0.000000 0.000000 -0.858600
    29 1.196321 0.000010 0.000000 0.000000 0.000000 -1.041589
    30 3.883659 -0.050321 -0.431042 0.013675 -0.048012 -1.095524
    31 1.719578 0.000002 0.000000 0.000000 -0.007974 -1.239047
    32 1.209185 0.000002 0.000000 0.000000 -0.004460 -0.914505
    33 3.859840 -0.148937 -1.331282 -0.130416 -0.094966 -0.552749
    34 1.719421 0.000002 0.000000 0.000000 -0.006613 -0.362970
    35 1.099669 0.000002 -0.000001 0.000000 -0.004211 -0.767879
    36 0.806023 -0.359837 -1.318334 1.402404 0.526435 -0.917775
    37 1.789782 0.000000 -0.000004 -0.170078 0.039352 0.399730
    38 1.206999 0.000002 0.000000 0.000000 0.000000 1.061014
    39 -3.322851 -22.434214 -6.951580 1.928983 -0.033211 0.252257
    40 0.025545 -1.273521 1.753304 0.000000 0.000000 0.000000
    41 0.001032 1.440453 -1.526783 0.000000 0.000000 0.000000
    42 0.004413 0.696487 -1.430595 0.000000 0.000000 0.000000
    43 0.580660 0.349014 -1.430595 0.000000 0.000000 0.000000
    44 0.583444 -0.305904 -1.430599 0.000000 0.000000 0.000000
    45 0.005318 -0.648720 -1.430599 0.000000 0.000000 0.000000
    46 -0.574618 -0.303123 -1.430601 0.000000 0.000000 0.000000
    47 -0.573714 0.348118 -1.430595 0.000000 0.000000 0.000000
  time 42
    0 -0.999512 8.335938 -6.640625 -1.570760 -1.391893 -1.570827
    1 2.033349 1.000767 1.937660 1.596637 -1.286515 2.942961
    2 6.321118 -0.964873 1.468795 -0.210420 -1.084857 -1.945425
    3 11.692554 0.000001 0.000000 0.000000 0.000000 -0.738972
    4 11.481670 0.000001 -0.000031 -0.302609 -0.344390 0.942917
    5 3.859711 -0.142405 -1.191975 -0.491312 0.054898 -1.089461
    6 1.312555 -0.000002 0.000000 0.000000 0.000000 -0.435484
    7 0.729363 -0.000002 -0.000002 0.000000 0.000000 -0.240207
    8 3.942337 0.046767 -0.431443 -0.150125 0.076994 -0.776666
    9 1.539097 0.000000 0.000000 0.000000 0.000000 -0.409593
    10 1.196325 -0.000002 -0.000001 0.000000 0.000000 -0.581464
    11 3.883698 -0.046765 0.431443 0.085347 0.023775 -0.564480
    12 1.719570 -0.000004 -0.000001 0.000000 0.000000 -0.762886
    13 1.209169 -0.000004 0.000000 0.000000 0.000000 -0.256535
    14 3.859863 -0.137946 1.332466 0.483960 -0.048432 -0.425648
    15 1.719431 0.000002 0.000000 0.000000 0.000000 -0.496225
    16 1.099667 0.000000 -0.000001 0.000000 0.000000 -0.354423
    17 0.806053 -0.348926 1.321258 -1.287532 -0.366649 -0.722385
    18 1.789778 -0.000002 0.000002 0.000000 0.000000 0.212596
    19 1.207005 0.000000 0.000002 0.000000 0.000000 0.186299
    20 2.033356 1.000772 -1.937610 -2.129147 1.252455 2.502299
    21 6.028145 0.000000 0.000000 1.745399 1.244571 -1.090537
    22 11.692554 0.000001 0.000002 0.000000 0.000000 -0.719108
    23 11.481699 0.000001 0.000001 -1.502229 0.033988 0.749929
    24 3.859680 -0.132567 1.193109 0.076298 0.048710 -1.410444
    25 1.312555 -0.000002 0.000002 0.000000 0.000000 -0.439672
    26 0.729365 0.000000 -0.000001 0.000000 0.000000 -1.116930
    27 3.942307 0.050327 0.431044 0.032619 0.047813 -1.244423
    28 1.539099 -0.000002 0.000000 0.000000 0.000000 -0.858600
    29 1.196321 0.000010 0.000000 0.000000 0.000000 -1.041589
    30 3.883659 -0.050321 -0.431042 0.013675 -0.048012 -1.095524
    31 1.719578 0.000002 0.000000 0.000000 -0.007974 -1.239047
    32 1.209185 0.000002 0.000000 0.000000 -0.004460 -0.914505
    33 3.859840 -0.148937 -1.331282 -0.130416 -0.094966 -0.552749
    34 1.719421 0.000002 0.000000 0.000000 -0.006613 -0.362970
    35 1.099669 0.000002 -0.000001 0.000000 -0.004211 -0.767879
    36 0.806023 -0.359837 -1.318334 1.402404 0.526435 -0.917775
    37 1.789782 0.000000 -0.000004 -0.170078 0.039352 0.399730
    38 1.206999 0.000002 0.000000 0.000000 0.000000 1.061014
    39 -3.322851 -22.434214 -6.951580 1.929031 -0.033173 0.252257
    40 0.025545 -1.273521 1.753304 0.000000 0.000000 0.000000
    41 0.001032 1.440453 -1.526783 0.000000 0.000000 0.000000
    42 0.004413 0.696487 -1.430595 0.000000 0.000000 0.000000
    43 0.580660 0.349014 -1.430595 0.000000 0.000000 0.000000
    44 0.583444 -0.305904 -1.430599 0.000000 0.000000 0.000000
    45 0.005318 -0.648720 -1.430599 0.000000 0.000000 0.000000
    46 -0.574618 -0.303123 -1.430601 0.000000 0.000000 0.000000
    47 -0.573714 0.348118 -1.430595 0.000000 0.000000 0.000000
  time 43
    0 -0.999512 8.335938 -6.640625 -1.570760 -1.391893 -1.570827
    1 2.033349 1.000767 1.937660 1.596637 -1.286515 2.942961
    2 6.321118 -0.964873 1.468795 -0.210420 -1.084857 -1.945425
    3 11.692554 0.000001 0.000000 0.000000 0.000000 -0.738972
    4 11.481670 0.000001 -0.000031 -0.302609 -0.344390 0.942917
    5 3.859711 -0.142405 -1.191975 -0.491312 0.054898 -1.089461
    6 1.312555 -0.000002 0.000000 0.000000 0.000000 -0.435484
    7 0.729363 -0.000002 -0.000002 0.000000 0.000000 -0.240207
    8 3.942337 0.046767 -0.431443 -0.150125 0.076994 -0.776666
    9 1.539097 0.000000 0.000000 0.000000 0.000000 -0.409593
    10 1.196325 -0.000002 -0.000001 0.000000 0.000000 -0.581464
    11 3.883698 -0.046765 0.431443 0.085347 0.023775 -0.564480
    12 1.719570 -0.000004 -0.000001 0.000000 0.000000 -0.762886
    13 1.209169 -0.000004 0.000000 0.000000 0.000000 -0.256535
    14 3.859863 -0.137946 1.332466 0.483960 -0.048432 -0.425648
    15 1.719431 0.000002 0.000000 0.000000 0.000000 -0.496225
    16 1.099667 0.000000 -0.000001 0.000000 0.000000 -0.354423
    17 0.806053 -0.348926 1.321258 -1.287532 -0.366649 -0.722385
    18 1.789778 -0.000002 0.000002 0.000000 0.000000 0.212596
    19 1.207005 0.000000 0.000002 0.000000 0.000000 0.186299
    20 2.033356 1.000772 -1.937610 -2.129147 1.252455 2.502299
    21 6.028145 0.000000 0.000000 1.745399 1.244571 -1.090565
    22 11.692554 0.000001 0.000002 0.000000 0.000000 -0.719108
    23 11.481699 0.000001 0.000001 -1.502229 0.033988 0.749929
    24 3.859680 -0.132567 1.193109 0.076298 0.048710 -1.410444
    25 1.312555 -0.000002 0.000002 0.000000 0.000000 -0.439672
    26 0.729365 0.000000 -0.000001 0.000000 0.000000 -1.116930
    27 3.942307 0.050327 0.431044 0.032619 0.047813 -1.244423
    28 1.539099 -0.000002 0.000000 0.000000 0.000000 -0.858600
    29 1.196321 0.000010 0.000000 0.000000 0.000000 -1.041589
    30 3.883659 -0.050321 -0.431042 0.013675 -0.048012 -1.095524
    31 1.719578 0.000002 0.000000 0.000000 -0.007974 -1.239047
    32 1.209185 0.000002 0.000000 0.000000 -0.004460 -0.914505
    33 3.859840 -0.148937 -1.331282 -0.130416 -0.094966 -0.552749
    34 1.719421 0.000002 0.000000 0.000000 -0.006613 -0.362970
    35 1.099669 0.000002 -0.000001 0.000000 -0.004211 -0.767879
    36 0.806023 -0.359837 -1.318334 1.402404 0.526435 -0.917775
    37 1.789782 0.000000 -0.000004 -0.170078 0.039352 0.399730
    38 1.206999 0.000002 0.000000 0.000000 0.000000 1.061014
    39 -3.322851 -22.434214 -6.951580 1.929031 -0.033173 0.252257
    40 0.025545 -1.273521 1.753304 0.000000 0.000000 0.000000
    41 0.001032 1.440453 -1.526783 0.000000 0.000000 0.000000
    42 0.004413 0.696487 -1.430595 0.000000 0.000000 0.000000
    43 0.580660 0.349014 -1.430595 0.000000 0.000000 0.000000
    44 0.583444 -0.305904 -1.430599 0.000000 0.000000 0.000000
    45 0.005318 -0.648720 -1.430599 0.000000 0.000000 0.000000
    46 -0.574618 -0.303123 -1.430601 0.000000 0.000000 0.000000
    47 -0.573714 0.348118 -1.430595 0.000000 0.000000 0.000000
  time 44
    0 -0.999512 8.335938 -6.640625 -1.570760 -1.391893 -1.570827
    1 2.033349 1.000767 1.937660 1.596637 -1.286515 2.942961
    2 6.321118 -0.964873 1.468795 -0.210468 -1.084857 -1.945325
    3 11.692554 0.000001 0.000000 0.000000 0.000000 -0.738972
    4 11.481670 0.000001 -0.000031 -0.302609 -0.344390 0.942917
    5 3.859711 -0.142405 -1.191975 -0.491312 0.054898 -1.089461
    6 1.312555 -0.000002 0.000000 0.000000 0.000000 -0.435484
    7 0.729363 -0.000002 -0.000002 0.000000 0.000000 -0.240207
    8 3.942337 0.046767 -0.431443 -0.150125 0.076994 -0.776666
    9 1.539097 0.000000 0.000000 0.000000 0.000000 -0.409593
    10 1.196325 -0.000002 -0.000001 0.000000 0.000000 -0.581464
    11 3.883698 -0.046765 0.431443 0.085347 0.023775 -0.564480
    12 1.719570 -0.000004 -0.000001 0.000000 0.000000 -0.762886
    13 1.209169 -0.000004 0.000000 0.000000 0.000000 -0.256535
    14 3.859863 -0.137946 1.332466 0.483960 -0.048432 -0.425648
    15 1.719431 0.000002 0.000000 0.000000 0.000000 -0.496225
    16 1.099667 0.000000 -0.000001 0.000000 0.000000 -0.354423
    17 0.806053 -0.348926 1.321258 -1.287532 -0.366649 -0.722385
    18 1.789778 -0.000002 0.000002 0.000000 0.000000 0.212596
    19 1.207005 0.000000 0.000002 0.000000 0.000000 0.186299
    20 2.033356 1.000772 -1.937610 -2.129147 1.252455 2.502299
    21 6.028145 0.000000 0.000000 1.745349 1.244571 -1.090565
    22 11.692554 0.000001 0.000002 0.000000 0.000000 -0.719108
    23 11.481699 0.000001 0.000001 -1.502276 0.034066 0.749594
    24 3.859680 -0.132567 1.193109 0.076298 0.048710 -1.410444
    25 1.312555 -0.000002 0.000002 0.000000 0.000000 -0.439672
    26 0.729365 0.000000 -0.000001 0.000000 0.000000 -1.116930
    27 3.942307 0.050327 0.431044 0.032619 0.047813 -1.244423
    28 1.539099 -0.000002 0.000000 0.000000 0.000000 -0.858600
    29 1.196321 0.000010 0.000000 0.000000 0.000000 -1.041589
    30 3.883659 -0.050321 -0.431042 0.013675 -0.048012 -1.095524
    31 1.719578 0.000002 0.000000 0.000000 -0.007974 -1.239047
    32 1.209185 0.000002 0.000000 0.000000 -0.004460 -0.914505
    33 3.859840 -0.148937 -1.331282 -0.130416 -0.094966 -0.552749
    34 1.719421 0.000002 0.000000 0.000000 -0.006613 -0.362970
    35 1.099669 0.000002 -0.000001 0.000000 -0.004211 -0.767879
    36 0.806023 -0.359837 -1.318334 1.402404 0.526435 -0.917775
    37 1.789782 0.000000 -0.000004 -0.170078 0.039352 0.399730
    38 1.206999 0.000002 0.000000 0.000000 0.000000 1.061014
    39 -3.322851 -22.434214 -6.951580 1.928983 -0.033192 0.252257
    40 0.025545 -1.273521 1.753304 0.000000 0.000000 0.000000
    41 0.001032 1.440453 -1.526783 0.000000 0.000000 0.000000
    42 0.004413 0.696487 -1.430595 0.000000 0.000000 0.000000
    43 0.580660 0.349014 -1.430595 0.000000 0.000000 0.000000
    44 0.583444 -0.305904 -1.430599 0.000000 0.000000 0.000000
    45 0.005318 -0.648720 -1.430599 0.000000 0.000000 0.000000
    46 -0.574618 -0.303123 -1.430601 0.000000 0.000000 0.000000
    47 -0.573714 0.348118 -1.430595 0.000000 0.000000 0.000000
  time 45
    0 -0.999512 8.335938 -6.640625 -1.570760 -1.391893 -1.570827
    1 2.033349 1.000767 1.937660 1.596637 -1.286515 2.942961
    2 6.321118 -0.964873 1.468795 -0.210468 -1.084857 -1.945276
    3 11.692554 0.000001 0.000000 0.000000 0.000000 -0.739012
    4 11.481670 0.000001 -0.000031 -0.302609 -0.344390 0.942958
    5 3.859711 -0.142405 -1.191975 -0.491312 0.054898 -1.089461
    6 1.312555 -0.000002 0.000000 0.000000 0.000000 -0.435484
    7 0.729363 -0.000002 -0.000002 0.000000 0.000000 -0.240207
    8 3.942337 0.046767 -0.431443 -0.150125 0.076994 -0.776666
    9 1.539097 0.000000 0.000000 0.000000 0.000000 -0.409593
    10 1.196325 -0.000002 -0.000001 0.000000 0.000000 -0.581464
    11 3.883698 -0.046765 0.431443 0.085347 0.023775 -0.564480
    12 1.719570 -0.000004 -0.000001 0.000000 0.000000 -0.762886
    13 1.209169 -0.000004 0.000000 0.000000 0.000000 -0.256535
    14 3.859863 -0.137946 1.332466 0.483960 -0.048432 -0.425648
    15 1.719431 0.000002 0.000000 0.000000 0.000000 -0.496225
    16 1.099667 0.000000 -0.000001 0.000000 0.000000 -0.354423
    17 0.806053 -0.348926 1.321258 -1.287532 -0.366649 -0.722385
    18 1.789778 -0.000002 0.000002 0.000000 0.000000 0.212596
    19 1.207005 0.000000 0.000002 0.000000 0.000000 0.186299
    20 2.033356 1.000772 -1.937610 -2.129147 1.252455 2.502299
    21 6.028145 0.000000 0.000000 1.745349 1.244571 -1.090565
    22 11.692554 0.000001 0.000002 0.000000 0.000000 -0.719108
    23 11.481699 0.000001 0.000001 -1.502181 0.033988 0.749901
    24 3.859680 -0.132567 1.193109 0.076298 0.048710 -1.410444
    25 1.312555 -0.000002 0.000002 0.000000 0.000000 -0.439672
    26 0.729365 0.000000 -0.000001 0.000000 0.000000 -1.116930
    27 3.942307 0.050327 0.431044 0.032619 0.047813 -1.244423
    28 1.539099 -0.000002 0.000000 0.000000 0.000000 -0.858600
    29 1.196321 0.000010 0.000000 0.000000 0.000000 -1.041589
    30 3.883659 -0.050321 -0.431042 0.013663 -0.048012 -1.095524
    31 1.719578 0.000002 0.000000 0.000000 -0.007974 -1.239047
    32 1.209185 0.000002 0.000000 0.000000 -0.004460 -0.914505
    33 3.859840 -0.148937 -1.331282 -0.130416 -0.094966 -0.552749
    34 1.719421 0.000002 0.000000 0.000000 -0.006613 -0.362970
    35 1.099669 0.000002 -0.000001 0.000000 -0.004211 -0.767879
    36 0.806023 -0.359837 -1.318334 1.402404 0.526435 -0.917775
    37 1.789782 0.000000 -0.000004 -0.170078 0.039352 0.399730
    38 1.206999 0.000002 0.000000 0.000000 0.000000 1.061014
    39 -3.322851 -22.434214 -6.951580 1.928983 -0.033192 0.252257
    40 0.025545 -1.273521 1.753304 0.000000 0.000000 0.000000
    41 0.001032 1.440453 -1.526783 0.000000 0.000000 0.000000
    42 0.004413 0.696487 -1.430595 0.000000 0.000000 0.000000
    43 0.580660 0.349014 -1.430595 0.000000 0.000000 0.000000
    44 0.583444 -0.305904 -1.430599 0.000000 0.000000 0.000000
    45 0.005318 -0.648720 -1.430599 0.000000 0.000000 0.000000
    46 -0.574618 -0.303123 -1.430601 0.000000 0.000000 0.000000
    47 -0.573714 0.348118 -1.430595 0.000000 0.000000 0.000000
  time 46
    0 -0.999512 8.335938 -6.640625 -1.570760 -1.391893 -1.570827
    1 2.033349 1.000767 1.937660 1.596637 -1.286515 2.942961
    2 6.321118 -0.964873 1.468795 -0.210565 -1.084857 -1.945276
    3 11.692554 0.000001 0.000000 0.000000 0.000000 -0.739093
    4 11.481670 0.000001 -0.000031 -0.302609 -0.344410 0.942917
    5 3.859711 -0.142405 -1.191975 -0.491312 0.054898 -1.089461
    6 1.312555 -0.000002 0.000000 0.000000 0.000000 -0.435484
    7 0.729363 -0.000002 -0.000002 0.000000 0.000000 -0.240207
    8 3.942337 0.046767 -0.431443 -0.150125 0.076994 -0.776666
    9 1.539097 0.000000 0.000000 0.000000 0.000000 -0.409593
    10 1.196325 -0.000002 -0.000001 0.000000 0.000000 -0.581464
    11 3.883698 -0.046765 0.431443 0.085347 0.023775 -0.564480
    12 1.719570 -0.000004 -0.000001 0.000000 0.000000 -0.762886
    13 1.209169 -0.000004 0.000000 0.000000 0.000000 -0.256535
    14 3.859863 -0.137946 1.332466 0.483960 -0.048432 -0.425648
    15 1.719431 0.000002 0.000000 0.000000 0.000000 -0.496225
    16 1.099667 0.000000 -0.000001 0.000000 0.000000 -0.354423
    17 0.806053 -0.348926 1.321258 -1.287532 -0.366649 -0.722385
    18 1.789778 -0.000002 0.000002 0.000000 0.000000 0.212596
    19 1.207005 0.000000 0.000002 0.000000 0.000000 0.186299
    20 2.033356 1.000772 -1.937610 -2.129147 1.252455 2.502299
    21 6.028145 0.000000 0.000000 1.745299 1.244571 -1.090621
    22 11.692554 0.000001 0.000002 0.000000 0.000000 -0.719108
    23 11.481699 0.000001 0.000001 -1.502133 0.034001 0.749873
    24 3.859680 -0.132567 1.193109 0.076298 0.048710 -1.410444
    25 1.312555 -0.000002 0.000002 0.000000 0.000000 -0.439672
    26 0.729365 0.000000 -0.000001 0.000000 0.000000 -1.116930
    27 3.942307 0.050327 0.431044 0.032619 0.047813 -1.244423
    28 1.539099 -0.000002 0.000000 0.000000 0.000000 -0.858600
    29 1.196321 0.000010 0.000000 0.000000 0.000000 -1.041607
    30 3.883659 -0.050321 -0.431042 0.013675 -0.048012 -1.095524
    31 1.719578 0.000002 0.000000 0.000000 -0.007974 -1.239047
    32 1.209185 0.000002 0.000000 0.000000 -0.004460 -0.914505
    33 3.859840 -0.148937 -1.331282 -0.130416 -0.094966 -0.552749
    34 1.719421 0.000002 0.000000 0.000000 -0.006613 -0.362970
    35 1.099669 0.000002 -0.000001 0.000000 -0.004211 -0.767911
    36 0.806023 -0.359837 -1.318334 1.402404 0.526435 -0.917775
    37 1.789782 0.000000 -0.000004 -0.170078 0.039352 0.399730
    38 1.206999 0.000002 0.000000 0.000000 0.000000 1.061014
    39 -3.322851 -22.434214 -6.951580 1.928936 -0.033230 0.252257
    40 0.025545 -1.273521 1.753304 0.000000 0.000000 0.000000
    41 0.001032 1.440453 -1.526783 0.000000 0.000000 0.000000
    42 0.004413 0.696487 -1.430595 0.000000 0.000000 0.000000
    43 0.580660 0.349014 -1.430595 0.000000 0.000000 0.000000
    44 0.583444 -0.305904 -1.430599 0.000000 0.000000 0.000000
    45 0.005318 -0.648720 -1.430599 0.000000 0.000000 0.000000
    46 -0.574618 -0.303123 -1.430601 0.000000 0.000000 0.000000
    47 -0.573714 0.348118 -1.430595 0.000000 0.000000 0.000000
  time 47
    0 -0.999512 8.335938 -6.640625 -1.570760 -1.391893 -1.570827
    1 2.033349 1.000767 1.937660 1.596637 -1.286515 2.942961
    2 6.321118 -0.964873 1.468795 -0.210661 -1.084857 -1.945127
    3 11.692554 0.000001 0.000000 0.000000 0.000000 -0.739093
    4 11.481670 0.000001 -0.000031 -0.302545 -0.344410 0.942917
    5 3.859711 -0.142405 -1.191975 -0.491312 0.054898 -1.089461
    6 1.312555 -0.000002 0.000000 0.000000 0.000000 -0.435484
    7 0.729363 -0.000002 -0.000002 0.000000 0.000000 -0.240207
    8 3.942337 0.046767 -0.431443 -0.150125 0.076994 -0.776666
    9 1.539097 0.000000 0.000000 0.000000 0.000000 -0.409593
    10 1.196325 -0.000002 -0.000001 0.000000 0.000000 -0.581464
    11 3.883698 -0.046765 0.431443 0.085347 0.023775 -0.564480
    12 1.719570 -0.000004 -0.000001 0.000000 0.000000 -0.762886
    13 1.209169 -0.000004 0.000000 0.000000 0.000000 -0.256535
    14 3.859863 -0.137946 1.332466 0.483960 -0.048432 -0.425648
    15 1.719431 0.000002 0.000000 0.000000 0.000000 -0.496225
    16 1.099667 0.000000 -0.000001 0.000000 0.000000 -0.354423
    17 0.806053 -0.348926 1.321258 -1.287532 -0.366649 -0.722385
    18 1.789778 -0.000002 0.000002 0.000000 0.000000 0.212596
    19 1.207005 0.000000 0.000002 0.000000 0.000000 0.186299
    20 2.033356 1.000772 -1.937610 -2.129147 1.252455 2.502299
    21 6.028145 0.000000 0.000000 1.745249 1.244571 -1.090648
    22 11.692554 0.000001 0.000002 0.000000 0.000000 -0.719108
    23 11.481699 0.000001 0.000001 -1.502085 0.034001 0.749873
    24 3.859680 -0.132567 1.193109 0.076298 0.048710 -1.410444
    25 1.312555 -0.000002 0.000002 0.000000 0.000000 -0.439672
    26 0.729365 0.000000 -0.000001 0.000000 0.000000 -1.116930
    27 3.942307 0.050327 0.431044 0.032619 0.047813 -1.244423
    28 1.539099 -0.000002 0.000000 0.000000 0.000000 -0.858600
    29 1.196321 0.000010 0.000000 0.000000 0.000000 -1.041589
    30 3.883659 -0.050321 -0.431042 0.013663 -0.048012 -1.095524
    31 1.719578 0.000002 0.000000 0.000000 -0.007974 -1.239047
    32 1.209185 0.000002 0.000000 0.000000 -0.004460 -0.914505
    33 3.859840 -0.148937 -1.331282 -0.130416 -0.094966 -0.552749
    34 1.719421 0.000002 0.000000 0.000000 -0.006613 -0.362970
    35 1.099669 0.000002 -0.000001 0.000000 -0.004211 -0.767879
    36 0.806023 -0.359837 -1.318334 1.402404 0.526435 -0.917775
    37 1.789782 0.000000 -0.000004 -0.170078 0.039352 0.399730
    38 1.206999 0.000002 0.000000 0.000000 0.000000 1.061014
    39 -3.322851 -22.434214 -6.951580 1.928936 -0.033288 0.252257
    40 0.025545 -1.273521 1.753304 0.000000 0.000000 0.000000
    41 0.001032 1.440453 -1.526783 0.000000 0.000000 0.000000
    42 0.004413 0.696487 -1.430595 0.000000 0.000000 0.000000
    43 0.580660 0.349014 -1.430595 0.000000 0.000000 0.000000
    44 0.583444 -0.305904 -1.430599 0.000000 0.000000 0.000000
    45 0.005318 -0.648720 -1.430599 0.000000 0.000000 0.000000
    46 -0.574618 -0.303123 -1.430601 0.000000 0.000000 0.000000
    47 -0.573714 0.348118 -1.430595 0.000000 0.000000 0.000000
  time 48
    0 -0.999512 8.335938 -6.640625 -1.570760 -1.391893 -1.570827
    1 2.033349 1.000767 1.937660 1.596637 -1.286515 2.942961
    2 6.321118 -0.964873 1.468795 -0.210758 -1.084902 -1.945027
    3 11.692554 0.000001 0.000000 0.000000 0.000000 -0.739214
    4 11.481670 0.000001 -0.000031 -0.302481 -0.344410 0.942917
    5 3.859711 -0.142405 -1.191975 -0.491312 0.054898 -1.089461
    6 1.312555 -0.000002 0.000000 0.000000 0.000000 -0.435484
    7 0.729363 -0.000002 -0.000002 0.000000 0.000000 -0.240207
    8 3.942337 0.046767 -0.431443 -0.150125 0.076994 -0.776666
    9 1.539097 0.000000 0.000000 0.000000 0.000000 -0.409593
    10 1.196325 -0.000002 -0.000001 0.000000 0.000000 -0.581464
    11 3.883698 -0.046765 0.431443 0.085347 0.023775 -0.564480
    12 1.719570 -0.000004 -0.000001 0.000000 0.000000 -0.762886
    13 1.209169 -0.000004 0.000000 0.000000 0.000000 -0.256535
    14 3.859863 -0.137946 1.332466 0.483960 -0.048432 -0.425648
    15 1.719431 0.000002 0.000000 0.000000 0.000000 -0.496225
    16 1.099667 0.000000 -0.000001 0.000000 0.000000 -0.354423
    17 0.806053 -0.348926 1.321258 -1.287532 -0.366649 -0.722385
    18 1.789778 -0.000002 0.000002 0.000000 0.000000 0.212596
    19 1.207005 0.000000 0.000002 0.000000 0.000000 0.186299
    20 2.033356 1.000772 -1.937610 -2.129147 1.252455 2.502299
    21 6.028145 0.000000 0.000000 1.745199 1.244571 -1.090704
    22 11.692554 0.000001 0.000002 0.000000 0.000000 -0.719108
    23 11.481699 0.000001 0.000001 -1.502038 0.034014 0.749845
    24 3.859680 -0.132567 1.193109 0.076298 0.048710 -1.410444
    25 1.312555 -0.000002 0.000002 0.000000 0.000000 -0.439672
    26 0.729365 0.000000 -0.000001 0.000000 0.000000 -1.116930
    27 3.942307 0.050327 0.431044 0.032619 0.047813 -1.244423
    28 1.539099 -0.000002 0.000000 0.000000 0.000000 -0.858600
    29 1.196321 0.000010 0.000000 0.000000 0.000000 -1.041589
    30 3.883659 -0.050321 -0.431042 0.013675 -0.048012 -1.095524
    31 1.719578 0.000002 0.000000 0.000000 -0.007974 -1.239047
    32 1.209185 0.000002 0.000000 0.000000 -0.004460 -0.914505
    33 3.859840 -0.148937 -1.331282 -0.130416 -0.094966 -0.552749
    34 1.719421 0.000002 0.000000 0.000000 -0.006613 -0.362970
    35 1.099669 0.000002 -0.000001 0.000000 -0.004211 -0.767879
    36 0.806023 -0.359837 -1.318334 1.402404 0.526435 -0.917775
    37 1.789782 0.000000 -0.000004 -0.170078 0.039352 0.399730
    38 1.206999 0.000002 0.000000 0.000000 0.000000 1.061014
    39 -3.322851 -22.434214 -6.951580 1.928888 -0.033326 0.252257
    40 0.025545 -1.273521 1.753304 0.000000 0.000000 0.000000
    41 0.001032 1.440453 -1.526783 0.000000 0.000000 0.000000
    42 0.004413 0.696487 -1.430595 0.000000 0.000000 0.000000
    43 0.580660 0.349014 -1.430595 0.000000 0.000000 0.000000
    44 0.583444 -0.305904 -1.430599 0.000000 0.000000 0.000000
    45 0.005318 -0.648720 -1.430599 0.000000 0.000000 0.000000
    46 -0.574618 -0.303123 -1.430601 0.000000 0.000000 0.000000
    47 -0.573714 0.348118 -1.430595 0.000000 0.000000 0.000000
  time 49
    0 -0.999512 8.335938 -6.640625 -1.570760 -1.391893 -1.570827
    1 2.033349 1.000767 1.937660 1.596637 -1.286515 2.942961
    2 6.321118 -0.964873 1.468795 -0.210854 -1.084902 -1.944928
    3 11.692554 0.000001 0.000000 0.000000 0.000000 -0.739254
    4 11.481670 0.000001 -0.000031 -0.302354 -0.344410 0.942917
    5 3.859711 -0.142405 -1.191975 -0.491312 0.054898 -1.089461
    6 1.312555 -0.000002 0.000000 0.000000 0.000000 -0.435484
    7 0.729363 -0.000002 -0.000002 0.000000 0.000000 -0.240207
    8 3.942337 0.046767 -0.431443 -0.150125 0.076994 -0.776666
    9 1.539097 0.000000 0.000000 0.000000 0.000000 -0.409593
    10 1.196325 -0.000002 -0.000001 0.000000 0.000000 -0.581464
    11 3.883698 -0.046765 0.431443 0.085347 0.023775 -0.564480
    12 1.719570 -0.000004 -0.000001 0.000000 0.000000 -0.762886
    13 1.209169 -0.000004 0.000000 0.000000 0.000000 -0.256535
    14 3.859863 -0.137946 1.332466 0.483960 -0.048432 -0.425648
    15 1.719431 0.000002 0.000000 0.000000 0.000000 -0.496225
    16 1.099667 0.000000 -0.000001 0.000000 0.000000 -0.354423
    17 0.806053 -0.348926 1.321258 -1.287532 -0.366649 -0.722385
    18 1.789778 -0.000002 0.000002 0.000000 0.000000 0.212596
    19 1.207005 0.000000 0.000002 0.000000 0.000000 0.186299
    20 2.033356 1.000772 -1.937610 -2.129147 1.252455 2.502299
    21 6.028145 0.000000 0.000000 1.745099 1.244571 -1.090816
    22 11.692554 0.000001 0.000002 0.000000 0.000000 -0.719108
    23 11.481699 0.000001 0.000001 -1.501942 0.034014 0.749789
    24 3.859680 -0.132567 1.193109 0.076298 0.048710 -1.410444
    25 1.312555 -0.000002 0.000002 0.000000 0.000000 -0.439672
    26 0.729365 0.000000 -0.000001 0.000000 0.000000 -1.116930
    27 3.942307 0.050327 0.431044 0.032619 0.047813 -1.244423
    28 1.539099 -0.000002 0.000000 0.000000 0.000000 -0.858600
    29 1.196321 0.000010 0.000000 0.000000 0.000000 -1.041589
    30 3.883659 -0.050321 -0.431042 0.013675 -0.048012 -1.095524
    31 1.719578 0.000002 0.000000 0.000000 -0.007974 -1.239047
    32 1.209185 0.000002 0.000000 0.000000 -0.004460 -0.914505
    33 3.859840 -0.148937 -1.331282 -0.130416 -0.094966 -0.552749
    34 1.719421 0.000002 0.000000 0.000000 -0.006613 -0.362970
    35 1.099669 0.000002 -0.000001 0.000000 -0.004211 -0.767879
    36 0.806023 -0.359837 -1.318334 1.402404 0.526435 -0.917775
    37 1.789782 0.000000 -0.000004 -0.170078 0.039352 0.399730
    38 1.206999 0.000002 0.000000 0.000000 0.000000 1.061014
    39 -3.322851 -22.434214 -6.951580 1.928840 -0.033403 0.252257
    40 0.025545 -1.273521 1.753304 0.000000 0.000000 0.000000
    41 0.001032 1.440453 -1.526783 0.000000 0.000000 0.000000
    42 0.004413 0.696487 -1.430595 0.000000 0.000000 0.000000
    43 0.580660 0.349014 -1.430595 0.000000 0.000000 0.000000
    44 0.583444 -0.305904 -1.430599 0.000000 0.000000 0.000000
    45 0.005318 -0.648720 -1.430599 0.000000 0.000000 0.000000
    46 -0.574618 -0.303123 -1.430601 0.000000 0.000000 0.000000
    47 -0.573714 0.348118 -1.430595 0.000000 0.000000 0.000000
  time 50
    0 -0.999512 8.335938 -6.640625 -1.570760 -1.391893 -1.570827
    1 2.033349 1.000767 1.937660 1.596637 -1.286515 2.942961
    2 6.321118 -0.964873 1.468795 -0.210999 -1.084902 -1.944829
    3 11.692554 0.000001 0.000000 0.000000 0.000000 -0.739335
    4 11.481670 0.000001 -0.000031 -0.302290 -0.344451 0.942917
    5 3.859711 -0.142405 -1.191975 -0.491312 0.054898 -1.089461
    6 1.312555 -0.000002 0.000000 0.000000 0.000000 -0.435484
    7 0.729363 -0.000002 -0.000002 0.000000 0.000000 -0.240207
    8 3.942337 0.046767 -0.431443 -0.150125 0.076994 -0.776666
    9 1.539097 0.000000 0.000000 0.000000 0.000000 -0.409593
    10 1.196325 -0.000002 -0.000001 0.000000 0.000000 -0.581464
    11 3.883698 -0.046765 0.431443 0.085347 0.023775 -0.564480
    12 1.719570 -0.000004 -0.000001 0.000000 0.000000 -0.762886
    13 1.209169 -0.000004 0.000000 0.000000 0.000000 -0.256535
    14 3.859863 -0.137946 1.332466 0.483960 -0.048432 -0.425648
    15 1.719431 0.000002 0.000000 0.000000 0.000000 -0.496225
    16 1.099667 0.000000 -0.000001 0.000000 0.000000 -0.354423
    17 0.806053 -0.348926 1.321258 -1.287532 -0.366649 -0.722385
    18 1.789778 -0.000002 0.000002 0.000000 0.000000 0.212596
    19 1.207005 0.000000 0.000002 0.000000 0.000000 0.186299
    20 2.033356 1.000772 -1.937610 -2.129147 1.252455 2.502299
    21 6.028145 0.000000 0.000000 1.745049 1.244651 -1.090872
    22 11.692554 0.000001 0.000002 0.000000 0.000000 -0.719108
    23 11.481699 0.000001 0.000001 -1.501847 0.034027 0.749733
    24 3.859680 -0.132567 1.193109 0.076298 0.048710 -1.410444
    25 1.312555 -0.000002 0.000002 0.000000 0.000000 -0.439672
    26 0.729365 0.000000 -0.000001 0.000000 0.000000 -1.116930
    27 3.942307 0.050327 0.431044 0.032619 0.047813 -1.244423
    28 1.539099 -0.000002 0.000000 0.000000 0.000000 -0.858600
    29 1.196321 0.000010 0.000000 0.000000 0.000000 -1.041589
    30 3.883659 -0.050321 -0.431042 0.013675 -0.048012 -1.095524
    31 1.719578 0.000002 0.000000 0.000000 -0.007974 -1.239047
    32 1.209185 0.000002 0.000000 0.000000 -0.004460 -0.914505
    33 3.859840 -0.148937 -1.331282 -0.130416 -0.094966 -0.552749
    34 1.719421 0.000002 0.000000 0.000000 -0.006613 -0.362970
    35 1.099669 0.000002 -0.000001 0.000000 -0.004211 -0.767879
    36 0.806023 -0.359837 -1.318334 1.402404 0.526435 -0.917775
    37 1.789782 0.000000 -0.000004 -0.170078 0.039352 0.399730
    38 1.206999 0.000002 0.000000 0.000000 0.000000 1.061014
    39 -3.322851 -22.434214 -6.951580 1.928840 -0.033480 0.252257
    40 0.025545 -1.273521 1.753304 0.000000 0.000000 0.000000
    41 0.001032 1.440453 -1.526783 0.000000 0.000000 0.000000
    42 0.004413 0.696487 -1.430595 0.000000 0.000000 0.000000
    43 0.580660 0.349014 -1.430595 0.000000 0.000000 0.000000
    44 0.583444 -0.305904 -1.430599 0.000000 0.000000 0.000000
    45 0.005318 -0.648720 -1.430599 0.000000 0.000000 0.000000
    46 -0.574618 -0.303123 -1.430601 0.000000 0.000000 0.000000
    47 -0.573714 0.348118 -1.430595 0.000000 0.000000 0.000000
  time 51
    0 -0.999512 8.335938 -6.640625 -1.570760 -1.391893 -1.570827
    1 2.033349 1.000767 1.937660 1.596637 -1.286515 2.942961
    2 6.321118 -0.964873 1.468795 -0.211144 -1.084902 -1.944680
    3 11.692554 0.000001 0.000000 0.000000 0.000000 -0.739456
    4 11.481670 0.000001 -0.000031 -0.302099 -0.344431 0.942958
    5 3.859711 -0.142405 -1.191975 -0.491312 0.054898 -1.089461
    6 1.312555 -0.000002 0.000000 0.000000 0.000000 -0.435484
    7 0.729363 -0.000002 -0.000002 0.000000 0.000000 -0.240207
    8 3.942337 0.046767 -0.431443 -0.150125 0.076994 -0.776666
    9 1.539097 0.000000 0.000000 0.000000 0.000000 -0.409593
    10 1.196325 -0.000002 -0.000001 0.000000 0.000000 -0.581464
    11 3.883698 -0.046765 0.431443 0.085347 0.023775 -0.564480
    12 1.719570 -0.000004 -0.000001 0.000000 0.000000 -0.762886
    13 1.209169 -0.000004 0.000000 0.000000 0.000000 -0.256535
    14 3.859863 -0.137946 1.332466 0.483960 -0.048432 -0.425648
    15 1.719431 0.000002 0.000000 0.000000 0.000000 -0.496225
    16 1.099667 0.000000 -0.000001 0.000000 0.000000 -0.354423
    17 0.806053 -0.348926 1.321258 -1.287532 -0.366649 -0.722385
    18 1.789778 -0.000002 0.000002 0.000000 0.000000 0.212596
    19 1.207005 0.000000 0.000002 0.000000 0.000000 0.186299
    20 2.033356 1.000772 -1.937610 -2.129147 1.252455 2.502299
    21 6.028145 0.000000 0.000000 1.744949 1.244651 -1.090956
    22 11.692554 0.000001 0.000002 0.000000 0.000000 -0.719108
    23 11.481699 0.000001 0.000001 -1.501751 0.034027 0.749705
    24 3.859680 -0.132567 1.193109 0.076298 0.048710 -1.410444
    25 1.312555 -0.000002 0.000002 0.000000 0.000000 -0.439672
    26 0.729365 0.000000 -0.000001 0.000000 0.000000 -1.116930
    27 3.942307 0.050327 0.431044 0.032619 0.047813 -1.244423
    28 1.539099 -0.000002 0.000000 0.000000 0.000000 -0.858600
    29 1.196321 0.000010 0.000000 0.000000 0.000000 -1.041589
    30 3.883659 -0.050321 -0.431042 0.013675 -0.048012 -1.095524
    31 1.719578 0.000002 0.000000 0.000000 -0.007974 -1.239047
    32 1.209185 0.000002 0.000000 0.000000 -0.004460 -0.914505
    33 3.859840 -0.148937 -1.331282 -0.130416 -0.094966 -0.552749
    34 1.719421 0.000002 0.000000 0.000000 -0.006613 -0.362970
    35 1.099669 0.000002 -0.000001 0.000000 -0.004211 -0.767879
    36 0.806023 -0.359837 -1.318334 1.402404 0.526435 -0.917775
    37 1.789782 0.000000 -0.000004 -0.170078 0.039352 0.399730
    38 1.206999 0.000002 0.000000 0.000000 0.000000 1.061014
    39 -3.318944 -22.434214 -6.947674 1.928745 -0.033537 0.252257
    40 0.025545 -1.273521 1.753304 0.000000 0.000000 0.000000
    41 0.001032 1.440453 -1.526783 0.000000 0.000000 0.000000
    42 0.004413 0.696487 -1.430595 0.000000 0.000000 0.000000
    43 0.580660 0.349014 -1.430595 0.000000 0.000000 0.000000
    44 0.583444 -0.305904 -1.430599 0.000000 0.000000 0.000000
    45 0.005318 -0.648720 -1.430599 0.000000 0.000000 0.000000
    46 -0.574618 -0.303123 -1.430601 0.000000 0.000000 0.000000
    47 -0.573714 0.348118 -1.430595 0.000000 0.000000 0.000000
  time 52
    0 -0.999512 8.335938 -6.640625 -1.570760 -1.391893 -1.570827
    1 2.033349 1.000767 1.937660 1.596637 -1.286515 2.942961
    2 6.321118 -0.964873 1.468795 -0.211240 -1.084994 -1.944531
    3 11.692554 0.000001 0.000000 0.000000 0.000000 -0.739496
    4 11.481670 0.000001 -0.000031 -0.302035 -0.344451 0.942917
    5 3.859711 -0.142405 -1.191975 -0.491312 0.054898 -1.089461
    6 1.312555 -0.000002 0.000000 0.000000 0.000000 -0.435484
    7 0.729363 -0.000002 -0.000002 0.000000 0.000000 -0.240207
    8 3.942337 0.046767 -0.431443 -0.150125 0.076994 -0.776666
    9 1.539097 0.000000 0.000000 0.000000 0.000000 -0.409593
    10 1.196325 -0.000002 -0.000001 0.000000 0.000000 -0.581464
    11 3.883698 -0.046765 0.431443 0.085347 0.023775 -0.564480
    12 1.719570 -0.000004 -0.000001 0.000000 0.000000 -0.762886
    13 1.209169 -0.000004 0.000000 0.000000 0.000000 -0.256535
    14 3.859863 -0.137946 1.332466 0.483960 -0.048432 -0.425648
    15 1.719431 0.000002 0.000000 0.000000 0.000000 -0.496225
    16 1.099667 0.000000 -0.000001 0.000000 0.000000 -0.354423
    17 0.806053 -0.348926 1.321258 -1.287532 -0.366649 -0.722385
    18 1.789778 -0.000002 0.000002 0.000000 0.000000 0.212596
    19 1.207005 0.000000 0.000002 0.000000 0.000000 0.186299
    20 2.033356 1.000772 -1.937610 -2.129147 1.252455 2.502299
    21 6.028145 0.000000 0.000000 1.744899 1.244651 -1.091011
    22 11.692554 0.000001 0.000002 0.000000 0.000000 -0.719108
    23 11.481699 0.000001 0.000001 -1.501751 0.034132 0.749342
    24 3.859680 -0.132567 1.193109 0.076298 0.048710 -1.410444
    25 1.312555 -0.000002 0.000002 0.000000 0.000000 -0.439672
    26 0.729365 0.000000 -0.000001 0.000000 0.000000 -1.116930
    27 3.942307 0.050327 0.431044 0.032619 0.047813 -1.244423
    28 1.539099 -0.000002 0.000000 0.000000 0.000000 -0.858600
    29 1.196321 0.000010 0.000000 0.000000 0.000000 -1.041589
    30 3.883659 -0.050321 -0.431042 0.013675 -0.048012 -1.095524
    31 1.719578 0.000002 0.000000 0.000000 -0.007974 -1.239073
    32 1.209185 0.000002 0.000000 0.000000 -0.004460 -0.914505
    33 3.859840 -0.148937 -1.331282 -0.130416 -0.094966 -0.552749
    34 1.719421 0.000002 0.000000 0.000000 -0.006613 -0.362970
    35 1.099669 0.000002 -0.000001 0.000000 -0.004211 -0.767879
    36 0.806023 -0.359837 -1.318334 1.402404 0.526435 -0.917775
    37 1.789782 0.000000 -0.000004 -0.170078 0.039352 0.399730
    38 1.206999 0.000002 0.000000 0.000000 0.000000 1.061014
    39 -3.318944 -22.434214 -6.947674 1.928697 -0.033633 0.252257
    40 0.025545 -1.273521 1.753304 0.000000 0.000000 0.000000
    41 0.001032 1.440453 -1.526783 0.000000 0.000000 0.000000
    42 0.004413 0.696487 -1.430595 0.000000 0.000000 0.000000
    43 0.580660 0.349014 -1.430595 0.000000 0.000000 0.000000
    44 0.583444 -0.305904 -1.430599 0.000000 0.000000 0.000000
    45 0.005318 -0.648720 -1.430599 0.000000 0.000000 0.000000
    46 -0.574618 -0.303123 -1.430601 0.000000 0.000000 0.000000
    47 -0.573714 0.348118 -1.430595 0.000000 0.000000 0.000000
  time 53
    0 -0.999512 8.335938 -6.640625 -1.570760 -1.391893 -1.570827
    1 2.033349 1.000767 1.937660 1.596637 -1.286515 2.942961
    2 6.321118 -0.964873 1.468795 -0.211433 -1.084994 -1.944382
    3 11.692554 0.000001 0.000000 0.000000 0.000000 -0.739617
    4 11.481670 0.000001 -0.000031 -0.301844 -0.344492 0.942917
    5 3.859711 -0.142405 -1.191975 -0.491312 0.054898 -1.089461
    6 1.312555 -0.000002 0.000000 0.000000 0.000000 -0.435484
    7 0.729363 -0.000002 -0.000002 0.000000 0.000000 -0.240207
    8 3.942337 0.046767 -0.431443 -0.150125 0.076994 -0.776666
    9 1.539097 0.000000 0.000000 0.000000 0.000000 -0.409593
    10 1.196325 -0.000002 -0.000001 0.000000 0.000000 -0.581464
    11 3.883698 -0.046765 0.431443 0.085347 0.023775 -0.564480
    12 1.719570 -0.000004 -0.000001 0.000000 0.000000 -0.762886
    13 1.209169 -0.000004 0.000000 0.000000 0.000000 -0.256535
    14 3.859863 -0.137946 1.332466 0.483960 -0.048432 -0.425648
    15 1.719431 0.000002 0.000000 0.000000 0.000000 -0.496225
    16 1.099667 0.000000 -0.000001 0.000000 0.000000 -0.354423
    17 0.806053 -0.348926 1.321258 -1.287532 -0.366649 -0.722385
    18 1.789778 -0.000002 0.000002 0.000000 0.000000 0.212596
    19 1.207005 0.000000 0.000002 0.000000 0.000000 0.186299
    20 2.033356 1.000772 -1.937610 -2.129147 1.252455 2.502299
    21 6.028145 0.000000 0.000000 1.744799 1.244651 -1.091095
    22 11.692554 0.000001 0.000002 0.000000 0.000000 -0.719108
    23 11.481699 0.000001 0.000001 -1.501560 0.034040 0.749622
    24 3.859680 -0.132567 1.193109 0.076298 0.048710 -1.410444
    25 1.312555 -0.000002 0.000002 0.000000 0.000000 -0.439672
    26 0.729365 0.000000 -0.000001 0.000000 0.000000 -1.116930
    27 3.942307 0.050327 0.431044 0.032619 0.047813 -1.244423
    28 1.539099 -0.000002 0.000000 0.000000 0.000000 -0.858600
    29 1.196321 0.000010 0.000000 0.000000 0.000000 -1.041589
    30 3.883659 -0.050321 -0.431042 0.013675 -0.048012 -1.095524
    31 1.719578 0.000002 0.000000 0.000000 -0.007974 -1.239047
    32 1.209185 0.000002 0.000000 0.000000 -0.004460 -0.914505
    33 3.859840 -0.148937 -1.331282 -0.130416 -0.094966 -0.552749
    34 1.719421 0.000002 0.000000 0.000000 -0.006613 -0.362970
    35 1.099669 0.000002 -0.000001 0.000000 -0.004211 -0.767879
    36 0.806023 -0.359837 -1.318334 1.402404 0.526435 -0.917775
    37 1.789782 0.000000 -0.000004 -0.170078 0.039352 0.399730
    38 1.206999 0.000002 0.000000 0.000000 0.000000 1.061014
    39 -3.318944 -22.434214 -6.947674 1.928650 -0.033729 0.252187
    40 0.025545 -1.273521 1.753304 0.000000 0.000000 0.000000
    41 0.001032 1.440453 -1.526783 0.000000 0.000000 0.000000
    42 0.004413 0.696487 -1.430595 0.000000 0.000000 0.000000
    43 0.580660 0.349014 -1.430595 0.000000 0.000000 0.000000
    44 0.583444 -0.305904 -1.430599 0.000000 0.000000 0.000000
    45 0.005318 -0.648720 -1.430599 0.000000 0.000000 0.000000
    46 -0.574618 -0.303123 -1.430601 0.000000 0.000000 0.000000
    47 -0.573714 0.348118 -1.430595 0.000000 0.000000 0.000000
  time 54
    0 -0.999512 8.335938 -6.640625 -1.570760 -1.391893 -1.570827
    1 2.033349 1.000767 1.937660 1.596637 -1.286515 2.942961
    2 6.321118 -0.964873 1.468795 -0.211578 -1.084994 -1.944133
    3 11.692554 0.000001 0.000000 0.000000 0.000000 -0.739738
    4 11.481670 0.000001 -0.000031 -0.301780 -0.344492 0.942917
    5 3.859711 -0.142405 -1.191975 -0.491312 0.054898 -1.089461
    6 1.312555 -0.000002 0.000000 0.000000 0.000000 -0.435484
    7 0.729363 -0.000002 -0.000002 0.000000 0.000000 -0.240207
    8 3.942337 0.046767 -0.431443 -0.150125 0.076994 -0.776666
    9 1.539097 0.000000 0.000000 0.000000 0.000000 -0.409593
    10 1.196325 -0.000002 -0.000001 0.000000 0.000000 -0.581464
    11 3.883698 -0.046765 0.431443 0.085347 0.023775 -0.564480
    12 1.719570 -0.000004 -0.000001 0.000000 0.000000 -0.762886
    13 1.209169 -0.000004 0.000000 0.000000 0.000000 -0.256535
    14 3.859863 -0.137946 1.332466 0.483960 -0.048432 -0.425648
    15 1.719431 0.000002 0.000000 0.000000 0.000000 -0.496225
    16 1.099667 0.000000 -0.000001 0.000000 0.000000 -0.354423
    17 0.806053 -0.348926 1.321258 -1.287532 -0.366649 -0.722385
    18 1.789778 -0.000002 0.000002 0.000000 0.000000 0.212596
    19 1.207005 0.000000 0.000002 0.000000 0.000000 0.186299
    20 2.033356 1.000772 -1.937610 -2.129147 1.252455 2.502299
    21 6.028145 0.000000 0.000000 1.744699 1.244651 -1.091207
    22 11.692554 0.000001 0.000002 0.000000 0.000000 -0.719108
    23 11.481699 0.000001 0.000001 -1.501703 0.034236 0.749454
    24 3.859680 -0.132567 1.193109 0.076298 0.048710 -1.410444
    25 1.312555 -0.000002 0.000002 0.000000 0.000000 -0.439672
    26 0.729365 0.000000 -0.000001 0.000000 0.000000 -1.116930
    27 3.942307 0.050327 0.431044 0.032619 0.047813 -1.244423
    28 1.539099 -0.000002 0.000000 0.000000 0.000000 -0.858600
    29 1.196321 0.000010 0.000000 0.000000 0.000000 -1.041607
    30 3.883659 -0.050321 -0.431042 0.013675 -0.048012 -1.095524
    31 1.719578 0.000002 0.000000 0.000000 -0.007974 -1.239047
    32 1.209185 0.000002 0.000000 0.000000 -0.004460 -0.914505
    33 3.859840 -0.148937 -1.331282 -0.130416 -0.094966 -0.552749
    34 1.719421 0.000002 0.000000 0.000000 -0.006613 -0.362970
    35 1.099669 0.000002 -0.000001 0.000000 -0.004211 -0.767879
    36 0.806023 -0.359837 -1.318334 1.402404 0.526435 -0.917775
    37 1.789782 0.000000 -0.000004 -0.170078 0.039352 0.399730
    38 1.206999 0.000002 0.000000 0.000000 0.000000 1.061014
    39 -3.318944 -22.434214 -6.947674 1.928554 -0.033844 0.252187
    40 0.025545 -1.273521 1.753304 0.000000 0.000000 0.000000
    41 0.001032 1.440453 -1.526783 0.000000 0.000000 0.000000
    42 0.004413 0.696487 -1.430595 0.000000 0.000000 0.000000
    43 0.580660 0.349014 -1.430595 0.000000 0.000000 0.000000
    44 0.583444 -0.305904 -1.430599 0.000000 0.000000 0.000000
    45 0.005318 -0.648720 -1.430599 0.000000 0.000000 0.000000
    46 -0.574618 -0.303123 -1.430601 0.000000 0.000000 0.000000
    47 -0.573714 0.348118 -1.430595 0.000000 0.000000 0.000000
  time 55
    0 -0.999512 8.335938 -6.640625 -1.570760 -1.391893 -1.570827
    1 2.033349 1.000767 1.937660 1.596637 -1.286515 2.942961
    2 6.321118 -0.964873 1.468795 -0.211723 -1.084994 -1.943984
    3 11.692554 0.000001 0.000000 0.000000 0.000000 -0.739859
    4 11.481670 0.000001 -0.000031 -0.301589 -0.344533 0.942917
    5 3.859711 -0.142405 -1.191975 -0.491312 0.054898 -1.089461
    6 1.312555 -0.000002 0.000000 0.000000 0.000000 -0.435484
    7 0.729363 -0.000002 -0.000002 0.000000 0.000000 -0.240207
    8 3.942337 0.046767 -0.431443 -0.150125 0.076994 -0.776666
    9 1.539097 0.000000 0.000000 0.000000 0.000000 -0.409593
    10 1.196325 -0.000002 -0.000001 0.000000 0.000000 -0.581464
    11 3.883698 -0.046765 0.431443 0.085347 0.023775 -0.564480
    12 1.719570 -0.000004 -0.000001 0.000000 0.000000 -0.762886
    13 1.209169 -0.000004 0.000000 0.000000 0.000000 -0.256535
    14 3.859863 -0.137946 1.332466 0.483960 -0.048432 -0.425648
    15 1.719431 0.000002 0.000000 0.000000 0.000000 -0.496225
    16 1.099667 0.000000 -0.000001 0.000000 0.000000 -0.354423
    17 0.806053 -0.348926 1.321258 -1.287532 -0.366649 -0.722385
    18 1.789778 -0.000002 0.000002 0.000000 0.000000 0.212596
    19 1.207005 0.000000 0.000002 0.000000 0.000000 0.186299
    20 2.033356 1.000772 -1.937610 -2.129147 1.252455 2.502299
    21 6.028145 0.000000 0.000000 1.744598 1.244651 -1.091291
    22 11.692554 0.000001 0.000002 0.000000 0.000000 -0.719108
    23 11.481699 0.000001 0.000001 -1.501321 0.034053 0.749538
    24 3.859680 -0.132567 1.193109 0.076298 0.048710 -1.410444
    25 1.312555 -0.000002 0.000002 0.000000 0.000000 -0.439672
    26 0.729365 0.000000 -0.000001 0.000000 0.000000 -1.116930
    27 3.942307 0.050327 0.431044 0.032619 0.047813 -1.244423
    28 1.539099 -0.000002 0.000000 0.000000 0.000000 -0.858600
    29 1.196321 0.000010 0.000000 0.000000 0.000000 -1.041589
    30 3.883659 -0.050321 -0.431042 0.013675 -0.048012 -1.095524
    31 1.719578 0.000002 0.000000 0.000000 -0.007974 -1.239047
    32 1.209185 0.000002 0.000000 0.000000 -0.004460 -0.914505
    33 3.859840 -0.148937 -1.331282 -0.130416 -0.094966 -0.552749
    34 1.719421 0.000002 0.000000 0.000000 -0.006613 -0.362970
    35 1.099669 0.000002 -0.000001 0.000000 -0.004211 -0.767879
    36 0.806023 -0.359837 -1.318334 1.402404 0.526435 -0.917775
    37 1.789782 0.000000 -0.000004 -0.170078 0.039352 0.399730
    38 1.206999 0.000002 0.000000 0.000000 0.000000 1.061014
    39 -3.318944 -22.434214 -6.947674 1.928507 -0.033940 0.252187
    40 0.025545 -1.273521 1.753304 0.000000 0.000000 0.000000
    41 0.001032 1.440453 -1.526783 0.000000 0.000000 0.000000
    42 0.004413 0.696487 -1.430595 0.000000 0.000000 0.000000
    43 0.580660 0.349014 -1.430595 0.000000 0.000000 0.000000
    44 0.583444 -0.305904 -1.430599 0.000000 0.000000 0.000000
    45 0.005318 -0.648720 -1.430599 0.000000 0.000000 0.000000
    46 -0.574618 -0.303123 -1.430601 0.000000 0.000000 0.000000
    47 -0.573714 0.348118 -1.430595 0.000000 0.000000 0.000000
  time 56
    0 -0.999512 8.335938 -6.640625 -1.570760 -1.391893 -1.570827
    1 2.033349 1.000767 1.937660 1.596637 -1.286515 2.942961
    2 6.321118 -0.964873 1.468795 -0.211916 -1.084994 -1.943885
    3 11.692554 0.000001 0.000000 0.000000 0.000000 -0.739980
    4 11.481670 0.000001 -0.000031 -0.301397 -0.344533 0.942917
    5 3.859711 -0.142405 -1.191975 -0.491312 0.054898 -1.089461
    6 1.312555 -0.000002 0.000000 0.000000 0.000000 -0.435484
    7 0.729363 -0.000002 -0.000002 0.000000 0.000000 -0.240207
    8 3.942337 0.046767 -0.431443 -0.150125 0.076994 -0.776666
    9 1.539097 0.000000 0.000000 0.000000 0.000000 -0.409593
    10 1.196325 -0.000002 -0.000001 0.000000 0.000000 -0.581464
    11 3.883698 -0.046765 0.431443 0.085347 0.023775 -0.564480
    12 1.719570 -0.000004 -0.000001 0.000000 0.000000 -0.762886
    13 1.209169 -0.000004 0.000000 0.000000 0.000000 -0.256535
    14 3.859863 -0.137946 1.332466 0.483960 -0.048432 -0.425648
    15 1.719431 0.000002 0.000000 0.000000 0.000000 -0.496225
    16 1.099667 0.000000 -0.000001 0.000000 0.000000 -0.354423
    17 0.806053 -0.348926 1.321258 -1.287532 -0.366649 -0.722385
    18 1.789778 -0.000002 0.000002 0.000000 0.000000 0.212596
    19 1.207005 0.000000 0.000002 0.000000 0.000000 0.186299
    20 2.033356 1.000772 -1.937610 -2.129147 1.252455 2.502299
    21 6.028145 0.000000 0.000000 1.744498 1.244651 -1.091347
    22 11.692554 0.000001 0.000002 0.000000 0.000000 -0.719108
    23 11.481699 0.000001 0.000001 -1.501130 0.034053 0.749482
    24 3.859680 -0.132567 1.193109 0.076298 0.048710 -1.410444
    25 1.312555 -0.000002 0.000002 0.000000 0.000000 -0.439672
    26 0.729365 0.000000 -0.000001 0.000000 0.000000 -1.116930
    27 3.942307 0.050327 0.431044 0.032619 0.047813 -1.244423
    28 1.539099 -0.000002 0.000000 0.000000 0.000000 -0.858600
    29 1.196321 0.000010 0.000000 0.000000 0.000000 -1.041589
    30 3.883659 -0.050321 -0.431042 0.013675 -0.048012 -1.095524
    31 1.719578 0.000002 0.000000 0.000000 -0.007974 -1.239047
    32 1.209185 0.000002 0.000000 0.000000 -0.004460 -0.914505
    33 3.859840 -0.148937 -1.331282 -0.130416 -0.094966 -0.552749
    34 1.719421 0.000002 0.000000 0.000000 -0.006613 -0.362970
    35 1.099669 0.000002 -0.000001 0.000000 -0.004211 -0.767879
    36 0.806023 -0.359837 -1.318334 1.402404 0.526435 -0.917775
    37 1.789782 0.000000 -0.000004 -0.170078 0.039352 0.399730
    38 1.206999 0.000002 0.000000 0.000000 0.000000 1.061014
    39 -3.318944 -22.434214 -6.947674 1.928459 -0.034055 0.252117
    40 0.025545 -1.273521 1.753304 0.000000 0.000000 0.000000
    41 0.001032 1.440453 -1.526783 0.000000 0.000000 0.000000
    42 0.004413 0.696487 -1.430595 0.000000 0.000000 0.000000
    43 0.580660 0.349014 -1.430595 0.000000 0.000000 0.000000
    44 0.583444 -0.305904 -1.430599 0.000000 0.000000 0.000000
    45 0.005318 -0.648720 -1.430599 0.000000 0.000000 0.000000
    46 -0.574618 -0.303123 -1.430601 0.000000 0.000000 0.000000
    47 -0.573714 0.348118 -1.430595 0.000000 0.000000 0.000000
  time 57
    0 -0.999512 8.335938 -6.640625 -1.570760 -1.391893 -1.570827
    1 2.033349 1.000767 1.937660 1.596637 -1.286515 2.942961
    2 6.321118 -0.964873 1.468795 -0.212012 -1.084994 -1.943637
    3 11.692554 0.000001 0.000000 0.000000 0.000000 -0.740061
    4 11.481670 0.000001 -0.000031 -0.301206 -0.344574 0.942917
    5 3.859711 -0.142405 -1.191975 -0.491312 0.054898 -1.089461
    6 1.312555 -0.000002 0.000000 0.000000 0.000000 -0.435484
    7 0.729363 -0.000002 -0.000002 0.000000 0.000000 -0.240207
    8 3.942337 0.046767 -0.431443 -0.150125 0.076994 -0.776666
    9 1.539097 0.000000 0.000000 0.000000 0.000000 -0.409593
    10 1.196325 -0.000002 -0.000001 0.000000 0.000000 -0.581464
    11 3.883698 -0.046765 0.431443 0.085347 0.023775 -0.564480
    12 1.719570 -0.000004 -0.000001 0.000000 0.000000 -0.762886
    13 1.209169 -0.000004 0.000000 0.000000 0.000000 -0.256535
    14 3.859863 -0.137946 1.332466 0.483960 -0.048432 -0.425648
    15 1.719431 0.000002 0.000000 0.000000 0.000000 -0.496225
    16 1.099667 0.000000 -0.000001 0.000000 0.000000 -0.354423
    17 0.806053 -0.348926 1.321258 -1.287532 -0.366649 -0.722385
    18 1.789778 -0.000002 0.000002 0.000000 0.000000 0.212596
    19 1.207005 0.000000 0.000002 0.000000 0.000000 0.186299
    20 2.033356 1.000772 -1.937610 -2.129147 1.252455 2.502299
    21 6.028145 0.000000 0.000000 1.744398 1.244571 -1.091430
    22 11.692554 0.000001 0.000002 0.000000 0.000000 -0.719108
    23 11.481699 0.000001 0.000001 -1.501130 0.034184 0.749091
    24 3.859680 -0.132567 1.193109 0.076298 0.048710 -1.410444
    25 1.312555 -0.000002 0.000002 0.000000 0.000000 -0.439672
    26 0.729365 0.000000 -0.000001 0.000000 0.000000 -1.116930
    27 3.942307 0.050327 0.431044 0.032619 0.047813 -1.244423
    28 1.539099 -0.000002 0.000000 0.000000 0.000000 -0.858600
    29 1.196321 0.000010 0.000000 0.000000 0.000000 -1.041589
    30 3.883659 -0.050321 -0.431042 0.013675 -0.048012 -1.095524
    31 1.719578 0.000002 0.000000 0.000000 -0.007974 -1.239047
    32 1.209185 0.000002 0.000000 0.000000 -0.004460 -0.914505
    33 3.859840 -0.148937 -1.331282 -0.130416 -0.094966 -0.552749
    34 1.719421 0.000002 0.000000 0.000000 -0.006613 -0.362970
    35 1.099669 0.000002 -0.000001 0.000000 -0.004211 -0.767879
    36 0.806023 -0.359837 -1.318334 1.402404 0.526435 -0.917775
    37 1.789782 0.000000 -0.000004 -0.170078 0.039352 0.399730
    38 1.206999 0.000002 0.000000 0.000000 0.000000 1.061014
    39 -3.318944 -22.434214 -6.947674 1.928364 -0.034170 0.252117
    40 0.025545 -1.273521 1.753304 0.000000 0.000000 0.000000
    41 0.001032 1.440453 -1.526783 0.000000 0.000000 0.000000
    42 0.004413 0.696487 -1.430595 0.000000 0.000000 0.000000
    43 0.580660 0.349014 -1.430595 0.000000 0.000000 0.000000
    44 0.583444 -0.305904 -1.430599 0.000000 0.000000 0.000000
    45 0.005318 -0.648720 -1.430599 0.000000 0.000000 0.000000
    46 -0.574618 -0.303123 -1.430601 0.000000 0.000000 0.000000
    47 -0.573714 0.348118 -1.430595 0.000000 0.000000 0.000000
  time 58
    0 -0.999512 8.335938 -6.640625 -1.570760 -1.391893 -1.570827
    1 2.033349 1.000767 1.937660 1.596637 -1.286515 2.942961
    2 6.321118 -0.964873 1.468795 -0.212205 -1.084994 -1.943488
    3 11.692554 0.000001 0.000000 0.000000 0.000000 -0.740182
    4 11.481670 0.000001 -0.000031 -0.301079 -0.344574 0.942917
    5 3.859711 -0.142405 -1.191975 -0.491312 0.054898 -1.089461
    6 1.312555 -0.000002 0.000000 0.000000 0.000000 -0.435484
    7 0.729363 -0.000002 -0.000002 0.000000 0.000000 -0.240207
    8 3.942337 0.046767 -0.431443 -0.150125 0.076994 -0.776666
    9 1.539097 0.000000 0.000000 0.000000 0.000000 -0.409593
    10 1.196325 -0.000002 -0.000001 0.000000 0.000000 -0.581464
    11 3.883698 -0.046765 0.431443 0.085347 0.023775 -0.564480
    12 1.719570 -0.000004 -0.000001 0.000000 0.000000 -0.762886
    13 1.209169 -0.000004 0.000000 0.000000 0.000000 -0.256535
    14 3.859863 -0.137946 1.332466 0.483960 -0.048432 -0.425648
    15 1.719431 0.000002 0.000000 0.000000 0.000000 -0.496225
    16 1.099667 0.000000 -0.000001 0.000000 0.000000 -0.354423
    17 0.806053 -0.348926 1.321258 -1.287532 -0.366649 -0.722385
    18 1.789778 -0.000002 0.000002 0.000000 0.000000 0.212596
    19 1.207005 0.000000 0.000002 0.000000 0.000000 0.186299
    20 2.033356 1.000772 -1.937610 -2.129147 1.252455 2.502299
    21 6.028145 0.000000 0.000000 1.744298 1.244571 -1.091570
    22 11.692554 0.000001 0.000002 0.000000 0.000000 -0.719108
    23 11.481699 0.000001 0.000001 -1.500844 0.034053 0.749314
    24 3.859680 -0.132567 1.193109 0.076298 0.048710 -1.410444
    25 1.312555 -0.000002 0.000002 0.000000 0.000000 -0.439672
    26 0.729365 0.000000 -0.000001 0.000000 0.000000 -1.116930
    27 3.942307 0.050327 0.431044 0.032619 0.047813 -1.244423
    28 1.539099 -0.000002 0.000000 0.000000 0.000000 -0.858600
    29 1.196321 0.000010 0.000000 0.000000 0.000000 -1.041589
    30 3.883659 -0.050321 -0.431042 0.013663 -0.048012 -1.095524
    31 1.719578 0.000002 0.000000 0.000000 -0.007974 -1.239047
    32 1.209185 0.000002 0.000000 0.000000 -0.004460 -0.914505
    33 3.859840 -0.148937 -1.331282 -0.130416 -0.094966 -0.552749
    34 1.719421 0.000002 0.000000 0.000000 -0.006613 -0.362970
    35 1.099669 0.000002 -0.000001 0.000000 -0.004211 -0.767879
    36 0.806023 -0.359837 -1.318334 1.402404 0.526435 -0.917775
    37 1.789782 0.000000 -0.000004 -0.170078 0.039352 0.399730
    38 1.206999 0.000002 0.000000 0.000000 0.000000 1.061014
    39 -3.318944 -22.434214 -6.947674 1.928268 -0.034304 0.252117
    40 0.025545 -1.273521 1.753304 0.000000 0.000000 0.000000
    41 0.001032 1.440453 -1.526783 0.000000 0.000000 0.000000
    42 0.004413 0.696487 -1.430595 0.000000 0.000000 0.000000
    43 0.580660 0.349014 -1.430595 0.000000 0.000000 0.000000
    44 0.583444 -0.305904 -1.430599 0.000000 0.000000 0.000000
    45 0.005318 -0.648720 -1.430599 0.000000 0.000000 0.000000
    46 -0.574618 -0.303123 -1.430601 0.000000 0.000000 0.000000
    47 -0.573714 0.348118 -1.430595 0.000000 0.000000 0.000000
  time 59
    0 -0.999512 8.335938 -6.640625 -1.570760 -1.391893 -1.570827
    1 2.033349 1.000767 1.937660 1.596637 -1.286515 2.942961
    2 6.321118 -0.964873 1.468795 -0.212398 -1.085039 -1.943339
    3 11.692554 0.000001 0.000000 0.000000 0.000000 -0.740222
    4 11.481670 0.000001 -0.000031 -0.300951 -0.344615 0.942917
    5 3.859711 -0.142405 -1.191975 -0.491312 0.054898 -1.089461
    6 1.312555 -0.000002 0.000000 0.000000 0.000000 -0.435484
    7 0.729363 -0.000002 -0.000002 0.000000 0.000000 -0.240207
    8 3.942337 0.046767 -0.431443 -0.150125 0.076994 -0.776666
    9 1.539097 0.000000 0.000000 0.000000 0.000000 -0.409593
    10 1.196325 -0.000002 -0.000001 0.000000 0.000000 -0.581464
    11 3.883698 -0.046765 0.431443 0.085347 0.023775 -0.564480
    12 1.719570 -0.000004 -0.000001 0.000000 0.000000 -0.762886
    13 1.209169 -0.000004 0.000000 0.000000 0.000000 -0.256535
    14 3.859863 -0.137946 1.332466 0.483960 -0.048432 -0.425648
    15 1.719431 0.000002 0.000000 0.000000 0.000000 -0.496225
    16 1.099667 0.000000 -0.000001 0.000000 0.000000 -0.354423
    17 0.806053 -0.348926 1.321258 -1.287532 -0.366649 -0.722385
    18 1.789778 -0.000002 0.000002 0.000000 0.000000 0.212596
    19 1.207005 0.000000 0.000002 0.000000 0.000000 0.186299
    20 2.033356 1.000772 -1.937610 -2.129147 1.252455 2.502299
    21 6.028145 0.000000 0.000000 1.744248 1.244571 -1.091654
    22 11.692554 0.000001 0.000002 0.000000 0.000000 -0.719108
    23 11.481699 0.000001 0.000001 -1.500700 0.034040 0.749259
    24 3.859680 -0.132567 1.193109 0.076298 0.048710 -1.410444
    25 1.312555 -0.000002 0.000002 0.000000 0.000000 -0.439672
    26 0.729365 0.000000 -0.000001 0.000000 0.000000 -1.116930
    27 3.942307 0.050327 0.431044 0.032619 0.047813 -1.244423
    28 1.539099 -0.000002 0.000000 0.000000 0.000000 -0.858600
    29 1.196321 0.000010 0.000000 0.000000 0.000000 -1.041589
    30 3.883659 -0.050321 -0.431042 0.013675 -0.048012 -1.095524
    31 1.719578 0.000002 0.000000 0.000000 -0.007974 -1.239047
    32 1.209185 0.000002 0.000000 0.000000 -0.004460 -0.914505
    33 3.859840 -0.148937 -1.331282 -0.130416 -0.094966 -0.552749
    34 1.719421 0.000002 0.000000 0.000000 -0.006613 -0.362970
    35 1.099669 0.000002 -0.000001 0.000000 -0.004211 -0.767879
    36 0.806023 -0.359837 -1.318334 1.402404 0.526435 -0.917775
    37 1.789782 0.000000 -0.000004 -0.170078 0.039352 0.399730
    38 1.206999 0.000002 0.000000 0.000000 0.000000 1.061014
    39 -3.318944 -22.434214 -6.943767 1.928173 -0.034458 0.252047
    40 0.025545 -1.273521 1.753304 0.000000 0.000000 0.000000
    41 0.001032 1.440453 -1.526783 0.000000 0.000000 0.000000
    42 0.004413 0.696487 -1.430595 0.000000 0.000000 0.000000
    43 0.580660 0.349014 -1.430595 0.000000 0.000000 0.000000
    44 0.583444 -0.305904 -1.430599 0.000000 0.000000 0.000000
    45 0.005318 -0.648720 -1.430599 0.000000 0.000000 0.000000
    46 -0.574618 -0.303123 -1.430601 0.000000 0.000000 0.000000
    47 -0.573714 0.348118 -1.430595 0.000000 0.000000 0.000000
  time 60
    0 -0.999512 8.335938 -6.640625 -1.570760 -1.391893 -1.570827
    1 2.033349 1.000767 1.937660 1.596637 -1.286515 2.942961
    2 6.321118 -0.964873 1.468795 -0.212543 -1.085039 -1.943190
    3 11.692554 0.000001 0.000000 0.000000 0.000000 -0.740343
    4 11.481670 0.000001 -0.000031 -0.300760 -0.344656 0.942917
    5 3.859711 -0.142405 -1.191975 -0.491312 0.054898 -1.089461
    6 1.312555 -0.000002 0.000000 0.000000 0.000000 -0.435484
    7 0.729363 -0.000002 -0.000002 0.000000 0.000000 -0.240207
    8 3.942337 0.046767 -0.431443 -0.150125 0.076994 -0.776666
    9 1.539097 0.000000 0.000000 0.000000 0.000000 -0.409593
    10 1.196325 -0.000002 -0.000001 0.000000 0.000000 -0.581464
    11 3.883698 -0.046765 0.431443 0.085347 0.023775 -0.564480
    12 1.719570 -0.000004 -0.000001 0.000000 0.000000 -0.762886
    13 1.209169 -0.000004 0.000000 0.000000 0.000000 -0.256535
    14 3.859863 -0.137946 1.332466 0.483960 -0.048432 -0.425648
    15 1.719431 0.000002 0.000000 0.000000 0.000000 -0.496225
    16 1.099667 0.000000 -0.000001 0.000000 0.000000 -0.354423
    17 0.806053 -0.348926 1.321258 -1.287532 -0.366649 -0.722385
    18 1.789778 -0.000002 0.000002 0.000000 0.000000 0.212596
    19 1.207005 0.000000 0.000002 0.000000 0.000000 0.186299
    20 2.033356 1.000772 -1.937610 -2.129147 1.252455 2.502299
    21 6.028145 0.000000 0.000000 1.744148 1.244571 -1.091710
    22 11.692554 0.000001 0.000002 0.000000 0.000000 -0.719108
    23 11.481699 0.000001 0.000001 -1.500653 0.034171 0.748924
    24 3.859680 -0.132567 1.193109 0.076298 0.048710 -1.410444
    25 1.312555 -0.000002 0.000002 0.000000 0.000000 -0.439672
    26 0.729365 0.000000 -0.000001 0.000000 0.000000 -1.116930
    27 3.942307 0.050327 0.431044 0.032619 0.047813 -1.244423
    28 1.539099 -0.000002 0.000000 0.000000 0.000000 -0.858600
    29 1.196321 0.000010 0.000000 0.000000 0.000000 -1.041589
    30 3.883659 -0.050321 -0.431042 0.013675 -0.048012 -1.095524
    31 1.719578 0.000002 0.000000 0.000000 -0.007974 -1.239047
    32 1.209185 0.000002 0.000000 0.000000 -0.004460 -0.914505
    33 3.859840 -0.148937 -1.331282 -0.130416 -0.094966 -0.552749
    34 1.719421 0.000002 0.000000 0.000000 -0.006613 -0.362970
    35 1.099669 0.000002 -0.000001 0.000000 -0.004211 -0.767879
    36 0.806023 -0.359837 -1.318334 1.402404 0.526435 -0.917775
    37 1.789782 0.000000 -0.000004 -0.170078 0.039352 0.399730
    38 1.206999 0.000002 0.000000 0.000000 0.000000 1.061014
    39 -3.318944 -22.434214 -6.943767 1.928078 -0.034592 0.252047
    40 0.025545 -1.273521 1.753304 0.000000 0.000000 0.000000
    41 0.001032 1.440453 -1.526783 0.000000 0.000000 0.000000
    42 0.004413 0.696487 -1.430595 0.000000 0.000000 0.000000
    43 0.580660 0.349014 -1.430595 0.000000 0.000000 0.000000
    44 0.583444 -0.305904 -1.430599 0.000000 0.000000 0.000000
    45 0.005318 -0.648720 -1.430599 0.000000 0.000000 0.000000
    46 -0.574618 -0.303123 -1.430601 0.000000 0.000000 0.000000
    47 -0.573714 0.348118 -1.430595 0.000000 0.000000 0.000000
  time 61
    0 -0.999512 8.335938 -6.640625 -1.570760 -1.391893 -1.570827
    1 2.033349 1.000767 1.937660 1.596637 -1.286515 2.942961
    2 6.321118 -0.964873 1.468795 -0.212688 -1.085039 -1.942991
    3 11.692554 0.000001 0.000000 0.000000 0.000000 -0.740464
    4 11.481670 0.000001 -0.000031 -0.300569 -0.344676 0.942834
    5 3.859711 -0.142405 -1.191975 -0.491312 0.054898 -1.089461
    6 1.312555 -0.000002 0.000000 0.000000 0.000000 -0.435484
    7 0.729363 -0.000002 -0.000002 0.000000 0.000000 -0.240207
    8 3.942337 0.046767 -0.431443 -0.150125 0.076994 -0.776666
    9 1.539097 0.000000 0.000000 0.000000 0.000000 -0.409593
    10 1.196325 -0.000002 -0.000001 0.000000 0.000000 -0.581464
    11 3.883698 -0.046765 0.431443 0.085347 0.023775 -0.564480
    12 1.719570 -0.000004 -0.000001 0.000000 0.000000 -0.762886
    13 1.209169 -0.000004 0.000000 0.000000 0.000000 -0.256535
    14 3.859863 -0.137946 1.332466 0.483960 -0.048432 -0.425648
    15 1.719431 0.000002 0.000000 0.000000 0.000000 -0.496225
    16 1.099667 0.000000 -0.000001 0.000000 0.000000 -0.354423
    17 0.806053 -0.348926 1.321258 -1.287532 -0.366649 -0.722385
    18 1.789778 -0.000002 0.000002 0.000000 0.000000 0.212596
    19 1.207005 0.000000 0.000002 0.000000 0.000000 0.186299
    20 2.033356 1.000772 -1.937610 -2.129147 1.252455 2.502299
    21 6.028145 0.000000 0.000000 1.744048 1.244571 -1.091765
    22 11.692554 0.000001 0.000002 0.000000 0.000012 -0.718812
    23 11.481699 0.000001 0.000001 -1.500366 0.034014 0.748784
    24 3.859680 -0.132567 1.193109 0.076298 0.048710 -1.410444
    25 1.312555 -0.000002 0.000002 0.000000 0.000000 -0.439672
    26 0.729365 0.000000 -0.000001 0.000000 0.000000 -1.116930
    27 3.942307 0.050327 0.431044 0.032619 0.047813 -1.244423
    28 1.539099 -0.000002 0.000000 0.000000 0.000000 -0.858600
    29 1.196321 0.000010 0.000000 0.000000 0.000000 -1.041589
    30 3.883659 -0.050321 -0.431042 0.013675 -0.048012 -1.095524
    31 1.719578 0.000002 0.000000 0.000000 -0.007974 -1.239047
    32 1.209185 0.000002 0.000000 0.000000 -0.004460 -0.914505
    33 3.859840 -0.148937 -1.331282 -0.130416 -0.094966 -0.552749
    34 1.719421 0.000002 0.000000 0.000000 -0.006613 -0.362970
    35 1.099669 0.000002 -0.000001 0.000000 -0.004211 -0.767895
    36 0.806023 -0.359837 -1.318334 1.402404 0.526435 -0.917775
    37 1.789782 0.000000 -0.000004 -0.170078 0.039352 0.399730
    38 1.206999 0.000002 0.000000 0.000000 0.000000 1.061014
    39 -3.318944 -22.434214 -6.943767 1.927982 -0.034726 0.251907
    40 0.025545 -1.273521 1.753304 0.000000 0.000000 0.000000
    41 0.001032 1.440453 -1.526783 0.000000 0.000000 0.000000
    42 0.004413 0.696487 -1.430595 0.000000 0.000000 0.000000
    43 0.580660 0.349014 -1.430595 0.000000 0.000000 0.000000
    44 0.583444 -0.305904 -1.430599 0.000000 0.000000 0.000000
    45 0.005318 -0.648720 -1.430599 0.000000 0.000000 0.000000
    46 -0.574618 -0.303123 -1.430601 0.000000 0.000000 0.000000
    47 -0.573714 0.348118 -1.430595 0.000000 0.000000 0.000000
  time 62
    0 -0.999512 8.335938 -6.640625 -1.570760 -1.391893 -1.570827
    1 2.033349 1.000767 1.937660 1.596637 -1.286515 2.942961
    2 6.321118 -0.964873 1.468795 -0.212784 -1.085039 -1.942842
    3 11.692554 0.000001 0.000000 0.000000 0.000000 -0.740585
    4 11.481670 0.000001 -0.000031 -0.300378 -0.344717 0.942834
    5 3.859711 -0.142405 -1.191975 -0.491312 0.054898 -1.089461
    6 1.312555 -0.000002 0.000000 0.000000 0.000000 -0.435484
    7 0.729363 -0.000002 -0.000002 0.000000 0.000000 -0.240207
    8 3.942337 0.046767 -0.431443 -0.150125 0.076994 -0.776666
    9 1.539097 0.000000 0.000000 0.000000 0.000000 -0.409593
    10 1.196325 -0.000002 -0.000001 0.000000 0.000000 -0.581464
    11 3.883698 -0.046765 0.431443 0.085347 0.023775 -0.564480
    12 1.719570 -0.000004 -0.000001 0.000000 0.000000 -0.762886
    13 1.209169 -0.000004 0.000000 0.000000 0.000000 -0.256535
    14 3.859863 -0.137946 1.332466 0.483960 -0.048432 -0.425648
    15 1.719431 0.000002 0.000000 0.000000 0.000000 -0.496225
    16 1.099667 0.000000 -0.000001 0.000000 0.000000 -0.354423
    17 0.806053 -0.348926 1.321258 -1.287532 -0.366649 -0.722385
    18 1.789778 -0.000002 0.000002 0.000000 0.000000 0.212596
    19 1.207005 0.000000 0.000002 0.000000 0.000000 0.186299
    20 2.033356 1.000772 -1.937610 -2.129147 1.252455 2.502299
    21 6.028145 0.000000 0.000000 1.743948 1.244532 -1.091849
    22 11.692554 0.000001 0.000002 0.000000 0.000012 -0.719446
    23 11.481699 0.000001 0.000001 -1.500223 0.034066 0.749063
    24 3.859680 -0.132567 1.193109 0.076298 0.048710 -1.410444
    25 1.312555 -0.000002 0.000002 0.000000 0.000000 -0.439672
    26 0.729365 0.000000 -0.000001 0.000000 0.000000 -1.116930
    27 3.942307 0.050327 0.431044 0.032619 0.047813 -1.244423
    28 1.539099 -0.000002 0.000000 0.000000 0.000000 -0.858600
    29 1.196321 0.000010 0.000000 0.000000 0.000000 -1.041589
    30 3.883659 -0.050321 -0.431042 0.013675 -0.048012 -1.095524
    31 1.719578 0.000002 0.000000 0.000000 -0.007974 -1.239047
    32 1.209185 0.000002 0.000000 0.000000 -0.004460 -0.914505
    33 3.859840 -0.148937 -1.331282 -0.130416 -0.094966 -0.552749
    34 1.719421 0.000002 0.000000 0.000000 -0.006613 -0.362970
    35 1.099669 0.000002 -0.000001 0.000000 -0.004211 -0.767879
    36 0.806023 -0.359837 -1.318334 1.402404 0.526435 -0.917775
    37 1.789782 0.000000 -0.000004 -0.170078 0.039352 0.399730
    38 1.206999 0.000002 0.000000 0.000000 0.000000 1.061014
    39 -3.318944 -22.434214 -6.943767 1.927887 -0.034880 0.251907
    40 0.025545 -1.273521 1.753304 0.000000 0.000000 0.000000
    41 0.001032 1.440453 -1.526783 0.000000 0.000000 0.000000
    42 0.004413 0.696487 -1.430595 0.000000 0.000000 0.000000
    43 0.580660 0.349014 -1.430595 0.000000 0.000000 0.000000
    44 0.583444 -0.305904 -1.430599 0.000000 0.000000 0.000000
    45 0.005318 -0.648720 -1.430599 0.000000 0.000000 0.000000
    46 -0.574618 -0.303123 -1.430601 0.000000 0.000000 0.000000
    47 -0.573714 0.348118 -1.430595 0.000000 0.000000 0.000000
  time 63
    0 -0.999512 8.335938 -6.640625 -1.570760 -1.391893 -1.570827
    1 2.033349 1.000767 1.937660 1.596637 -1.286515 2.942961
    2 6.321118 -0.964873 1.468795 -0.212977 -1.085131 -1.942693
    3 11.692554 0.000001 0.000000 0.000000 0.000000 -0.740666
    4 11.481670 0.000001 -0.000031 -0.300123 -0.344758 0.942834
    5 3.859711 -0.142405 -1.191975 -0.491312 0.054898 -1.089461
    6 1.312555 -0.000002 0.000000 0.000000 0.000000 -0.435484
    7 0.729363 -0.000002 -0.000002 0.000000 0.000000 -0.240207
    8 3.942337 0.046767 -0.431443 -0.150125 0.076994 -0.776666
    9 1.539097 0.000000 0.000000 0.000000 0.000000 -0.409593
    10 1.196325 -0.000002 -0.000001 0.000000 0.000000 -0.581464
    11 3.883698 -0.046765 0.431443 0.085347 0.023775 -0.564480
    12 1.719570 -0.000004 -0.000001 0.000000 0.000000 -0.762886
    13 1.209169 -0.000004 0.000000 0.000000 0.000000 -0.256535
    14 3.859863 -0.137946 1.332466 0.483960 -0.048432 -0.425648
    15 1.719431 0.000002 0.000000 0.000000 0.000000 -0.496225
    16 1.099667 0.000000 -0.000001 0.000000 0.000000 -0.354423
    17 0.806053 -0.348926 1.321258 -1.287532 -0.366649 -0.722385
    18 1.789778 -0.000002 0.000002 0.000000 0.000000 0.212596
    19 1.207005 0.000000 0.000002 0.000000 0.000000 0.186299
    20 2.033356 1.000772 -1.937610 -2.129147 1.252455 2.502299
    21 6.028145 0.000000 0.000000 1.743898 1.244532 -1.091933
    22 11.692554 0.000001 0.000002 0.000000 0.000000 -0.719150
    23 11.481699 0.000001 0.000001 -1.500223 0.034106 0.749259
    24 3.859680 -0.132567 1.193109 0.076298 0.048710 -1.410444
    25 1.312555 -0.000002 0.000002 0.000000 0.000000 -0.439672
    26 0.729365 0.000000 -0.000001 0.000000 0.000000 -1.116930
    27 3.942307 0.050327 0.431044 0.032619 0.047813 -1.244423
    28 1.539099 -0.000002 0.000000 0.000000 0.000000 -0.858600
    29 1.196321 0.000010 0.000000 0.000000 0.000000 -1.041589
    30 3.883659 -0.050321 -0.431042 0.013675 -0.048012 -1.095524
    31 1.719578 0.000002 0.000000 0.000000 -0.007974 -1.239047
    32 1.209185 0.000002 0.000000 0.000000 -0.004460 -0.914505
    33 3.859840 -0.148937 -1.331282 -0.130416 -0.094966 -0.552749
    34 1.719421 0.000002 0.000000 0.000000 -0.006613 -0.362970
    35 1.099669 0.000002 -0.000001 0.000000 -0.004211 -0.767879
    36 0.806023 -0.359837 -1.318334 1.402404 0.526435 -0.917775
    37 1.789782 0.000000 -0.000004 -0.170078 0.039352 0.399730
    38 1.206999 0.000002 0.000000 0.000000 0.000000 1.061014
    39 -3.315038 -22.434214 -6.943767 1.927792 -0.035014 0.251837
    40 0.025545 -1.273521 1.753304 0.000000 0.000000 0.000000
    41 0.001032 1.440453 -1.526783 0.000000 0.000000 0.000000
    42 0.004413 0.696487 -1.430595 0.000000 0.000000 0.000000
    43 0.580660 0.349014 -1.430595 0.000000 0.000000 0.000000
    44 0.583444 -0.305904 -1.430599 0.000000 0.000000 0.000000
    45 0.005318 -0.648720 -1.430599 0.000000 0.000000 0.000000
    46 -0.574618 -0.303123 -1.430601 0.000000 0.000000 0.000000
    47 -0.573714 0.348118 -1.430595 0.000000 0.000000 0.000000
  time 64
    0 -0.999512 8.335938 -6.640625 -1.570760 -1.391893 -1.570827
    1 2.033349 1.000767 1.937660 1.596637 -1.286515 2.942961
    2 6.321118 -0.964873 1.468795 -0.213122 -1.085131 -1.942544
    3 11.692554 0.000001 0.000000 0.000000 0.000000 -0.740706
    4 11.481670 0.000001 -0.000031 -0.300059 -0.344799 0.942834
    5 3.859711 -0.142405 -1.191975 -0.491312 0.054898 -1.089461
    6 1.312555 -0.000002 0.000000 0.000000 0.000000 -0.435484
    7 0.729363 -0.000002 -0.000002 0.000000 0.000000 -0.240207
    8 3.942337 0.046767 -0.431443 -0.150125 0.076994 -0.776666
    9 1.539097 0.000000 0.000000 0.000000 0.000000 -0.409593
    10 1.196325 -0.000002 -0.000001 0.000000 0.000000 -0.581464
    11 3.883698 -0.046765 0.431443 0.085347 0.023775 -0.564480
    12 1.719570 -0.000004 -0.000001 0.000000 0.000000 -0.762886
    13 1.209169 -0.000004 0.000000 0.000000 0.000000 -0.256535
    14 3.859863 -0.137946 1.332466 0.483960 -0.048432 -0.425648
    15 1.719431 0.000002 0.000000 0.000000 0.000000 -0.496225
    16 1.099667 0.000000 -0.000001 0.000000 0.000000 -0.354423
    17 0.806053 -0.348926 1.321258 -1.287532 -0.366649 -0.722385
    18 1.789778 -0.000002 0.000002 0.000000 0.000000 0.212596
    19 1.207005 0.000000 0.000002 0.000000 0.000000 0.186299
    20 2.033356 1.000772 -1.937610 -2.129147 1.252455 2.502299
    21 6.028145 0.000000 0.000000 1.743848 1.244532 -1.092017
    22 11.692554 0.000001 0.000002 0.000000 0.000000 -0.719150
    23 11.481699 0.000001 0.000001 -1.499888 0.034001 0.748924
    24 3.859680 -0.132567 1.193109 0.076298 0.048710 -1.410444
    25 1.312555 -0.000002 0.000002 0.000000 0.000000 -0.439672
    26 0.729365 0.000000 -0.000001 0.000000 0.000000 -1.116930
    27 3.942307 0.050327 0.431044 0.032619 0.047813 -1.244423
    28 1.539099 -0.000002 0.000000 0.000000 0.000000 -0.858600
    29 1.196321 0.000010 0.000000 0.000000 0.000000 -1.041589
    30 3.883659 -0.050321 -0.431042 0.013675 -0.048012 -1.095524
    31 1.719578 0.000002 0.000000 0.000000 -0.007974 -1.239047
    32 1.209185 0.000002 0.000000 0.000000 -0.004460 -0.914505
    33 3.859840 -0.148937 -1.331282 -0.130416 -0.094966 -0.552749
    34 1.719421 0.000002 0.000000 0.000000 -0.006613 -0.362970
    35 1.099669 0.000002 -0.000001 0.000000 -0.004211 -0.767879
    36 0.806023 -0.359837 -1.318334 1.402404 0.526435 -0.917775
    37 1.789782 0.000000 -0.000004 -0.170078 0.039352 0.399730
    38 1.206999 0.000002 0.000000 0.000000 0.000000 1.061014
    39 -3.315038 -22.434214 -6.943767 1.927744 -0.035129 0.251837
    40 0.025545 -1.273521 1.753304 0.000000 0.000000 0.000000
    41 0.001032 1.440453 -1.526783 0.000000 0.000000 0.000000
    42 0.004413 0.696487 -1.430595 0.000000 0.000000 0.000000
    43 0.580660 0.349014 -1.430595 0.000000 0.000000 0.000000
    44 0.583444 -0.305904 -1.430599 0.000000 0.000000 0.000000
    45 0.005318 -0.648720 -1.430599 0.000000 0.000000 0.000000
    46 -0.574618 -0.303123 -1.430601 0.000000 0.000000 0.000000
    47 -0.573714 0.348118 -1.430595 0.000000 0.000000 0.000000
  time 65
    0 -0.999512 8.335938 -6.640625 -1.570760 -1.391893 -1.570827
    1 2.033349 1.000767 1.937660 1.596637 -1.286515 2.942961
    2 6.321118 -0.964873 1.468795 -0.213170 -1.085131 -1.942395
    3 11.692554 0.000001 0.000000 0.000000 0.000000 -0.740787
    4 11.481670 0.000001 -0.000031 -0.299868 -0.344840 0.942751
    5 3.859711 -0.142405 -1.191975 -0.491312 0.054898 -1.089461
    6 1.312555 -0.000002 0.000000 0.000000 0.000000 -0.435484
    7 0.729363 -0.000002 -0.000002 0.000000 0.000000 -0.240207
    8 3.942337 0.046767 -0.431443 -0.150125 0.076994 -0.776666
    9 1.539097 0.000000 0.000000 0.000000 0.000000 -0.409593
    10 1.196325 -0.000002 -0.000001 0.000000 0.000000 -0.581464
    11 3.883698 -0.046765 0.431443 0.085347 0.023775 -0.564480
    12 1.719570 -0.000004 -0.000001 0.000000 0.000000 -0.762886
    13 1.209169 -0.000004 0.000000 0.000000 0.000000 -0.256535
    14 3.859863 -0.137946 1.332466 0.483960 -0.048432 -0.425648
    15 1.719431 0.000002 0.000000 0.000000 0.000000 -0.496225
    16 1.099667 0.000000 -0.000001 0.000000 0.000000 -0.354423
    17 0.806053 -0.348926 1.321258 -1.287532 -0.366649 -0.722385
    18 1.789778 -0.000002 0.000002 0.000000 0.000000 0.212596
    19 1.207005 0.000000 0.000002 0.000000 0.000000 0.186299
    20 2.033356 1.000772 -1.937610 -2.129147 1.252455 2.502299
    21 6.028145 0.000000 0.000000 1.743798 1.244532 -1.092045
    22 11.692554 0.000001 0.000002 0.000000 0.000000 -0.719150
    23 11.481699 0.000001 0.000001 -1.499745 0.033988 0.748868
    24 3.859680 -0.132567 1.193109 0.076298 0.048710 -1.410444
    25 1.312555 -0.000002 0.000002 0.000000 0.000000 -0.439672
    26 0.729365 0.000000 -0.000001 0.000000 0.000000 -1.116930
    27 3.942307 0.050327 0.431044 0.032619 0.047813 -1.244423
    28 1.539099 -0.000002 0.000000 0.000000 0.000000 -0.858600
    29 1.196321 0.000010 0.000000 0.000000 0.000000 -1.041589
    30 3.883659 -0.050321 -0.431042 0.013675 -0.048012 -1.095524
    31 1.719578 0.000002 0.000000 0.000000 -0.007974 -1.239047
    32 1.209185 0.000002 0.000000 0.000000 -0.004460 -0.914505
    33 3.859840 -0.148937 -1.331282 -0.130416 -0.094966 -0.552749
    34 1.719421 0.000002 0.000000 0.000000 -0.006613 -0.362970
    35 1.099669 0.000002 -0.000001 0.000000 -0.004211 -0.767879
    36 0.806023 -0.359837 -1.318334 1.402404 0.526435 -0.917775
    37 1.789782 0.000000 -0.000004 -0.170078 0.039352 0.399730
    38 1.206999 0.000002 0.000000 0.000000 0.000000 1.061014
    39 -3.315038 -22.434214 -6.939861 1.927649 -0.035263 0.251837
    40 0.025545 -1.273521 1.753304 0.000000 0.000000 0.000000
    41 0.001032 1.440453 -1.526783 0.000000 0.000000 0.000000
    42 0.004413 0.696487 -1.430595 0.000000 0.000000 0.000000
    43 0.580660 0.349014 -1.430595 0.000000 0.000000 0.000000
    44 0.583444 -0.305904 -1.430599 0.000000 0.000000 0.000000
    45 0.005318 -0.648720 -1.430599 0.000000 0.000000 0.000000
    46 -0.574618 -0.303123 -1.430601 0.000000 0.000000 0.000000
    47 -0.573714 0.348118 -1.430595 0.000000 0.000000 0.000000
  time 66
    0 -0.999512 8.335938 -6.640625 -1.570760 -1.391893 -1.570827
    1 2.033349 1.000767 1.937660 1.596637 -1.286515 2.942961
    2 6.321118 -0.964873 1.468795 -0.213315 -1.085131 -1.942295
    3 11.692554 0.000001 0.000000 0.000000 0.000000 -0.740827
    4 11.481670 0.000001 -0.000031 -0.299676 -0.344881 0.942710
    5 3.859711 -0.142405 -1.191975 -0.491312 0.054898 -1.089461
    6 1.312555 -0.000002 0.000000 0.000000 0.000000 -0.435484
    7 0.729363 -0.000002 -0.000002 0.000000 0.000000 -0.240207
    8 3.942337 0.046767 -0.431443 -0.150125 0.076994 -0.776666
    9 1.539097 0.000000 0.000000 0.000000 0.000000 -0.409593
    10 1.196325 -0.000002 -0.000001 0.000000 0.000000 -0.581464
    11 3.883698 -0.046765 0.431443 0.085347 0.023775 -0.564480
    12 1.719570 -0.000004 -0.000001 0.000000 0.000000 -0.762886
    13 1.209169 -0.000004 0.000000 0.000000 0.000000 -0.256535
    14 3.859863 -0.137946 1.332466 0.483960 -0.048432 -0.425648
    15 1.719431 0.000002 0.000000 0.000000 0.000000 -0.496225
    16 1.099667 0.000000 -0.000001 0.000000 0.000000 -0.354423
    17 0.806053 -0.348926 1.321258 -1.287532 -0.366649 -0.722385
    18 1.789778 -0.000002 0.000002 0.000000 0.000000 0.212596
    19 1.207005 0.000000 0.000002 0.000000 0.000000 0.186299
    20 2.033356 1.000772 -1.937610 -2.129147 1.252455 2.502299
    21 6.028145 0.000000 0.000000 1.743748 1.244532 -1.092073
    22 11.692554 0.000001 0.000002 0.000000 0.000000 -0.719235
    23 11.481699 0.000001 0.000001 -1.499602 0.033962 0.748812
    24 3.859680 -0.132567 1.193109 0.076298 0.048710 -1.410444
    25 1.312555 -0.000002 0.000002 0.000000 0.000000 -0.439672
    26 0.729365 0.000000 -0.000001 0.000000 0.000000 -1.116930
    27 3.942307 0.050327 0.431044 0.032619 0.047813 -1.244423
    28 1.539099 -0.000002 0.000000 0.000000 0.000000 -0.858600
    29 1.196321 0.000010 0.000000 0.000000 0.000000 -1.041589
    30 3.883659 -0.050321 -0.431042 0.013675 -0.048012 -1.095524
    31 1.719578 0.000002 0.000000 0.000000 -0.007974 -1.239047
    32 1.209185 0.000002 0.000000 0.000000 -0.004460 -0.914505
    33 3.859840 -0.148937 -1.331282 -0.130416 -0.094966 -0.552749
    34 1.719421 0.000002 0.000000 0.000000 -0.006613 -0.362970
    35 1.099669 0.000002 -0.000001 0.000000 -0.004211 -0.767879
    36 0.806023 -0.359837 -1.318334 1.402404 0.526435 -0.917775
    37 1.789782 0.000000 -0.000004 -0.170078 0.039352 0.399730
    38 1.206999 0.000002 0.000000 0.000000 0.000000 1.061014
    39 -3.315038 -22.434214 -6.939861 1.927553 -0.035378 0.251768
    40 0.025545 -1.273521 1.753304 0.000000 0.000000 0.000000
    41 0.001032 1.440453 -1.526783 0.000000 0.000000 0.000000
    42 0.004413 0.696487 -1.430595 0.000000 0.000000 0.000000
    43 0.580660 0.349014 -1.430595 0.000000 0.000000 0.000000
    44 0.583444 -0.305904 -1.430599 0.000000 0.000000 0.000000
    45 0.005318 -0.648720 -1.430599 0.000000 0.000000 0.000000
    46 -0.574618 -0.303123 -1.430601 0.000000 0.000000 0.000000
    47 -0.573714 0.348118 -1.430595 0.000000 0.000000 0.000000
  time 67
    0 -0.999512 8.335938 -6.640625 -1.570760 -1.391893 -1.570827
    1 2.033349 1.000767 1.937660 1.596637 -1.286515 2.942961
    2 6.321118 -0.964873 1.468795 -0.213363 -1.085131 -1.942246
    3 11.692554 0.000001 0.000000 0.000000 0.000000 -0.740908
    4 11.481670 0.000001 -0.000031 -0.299613 -0.344922 0.942710
    5 3.859711 -0.142405 -1.191975 -0.491312 0.054898 -1.089461
    6 1.312555 -0.000002 0.000000 0.000000 0.000000 -0.435484
    7 0.729363 -0.000002 -0.000002 0.000000 0.000000 -0.240207
    8 3.942337 0.046767 -0.431443 -0.150125 0.076994 -0.776666
    9 1.539097 0.000000 0.000000 0.000000 0.000000 -0.409593
    10 1.196325 -0.000002 -0.000001 0.000000 0.000000 -0.581464
    11 3.883698 -0.046765 0.431443 0.085347 0.023775 -0.564480
    12 1.719570 -0.000004 -0.000001 0.000000 0.000000 -0.762886
    13 1.209169 -0.000004 0.000000 0.000000 0.000000 -0.256535
    14 3.859863 -0.137946 1.332466 0.483960 -0.048432 -0.425648
    15 1.719431 0.000002 0.000000 0.000000 0.000000 -0.496225
    16 1.099667 0.000000 -0.000001 0.000000 0.000000 -0.354423
    17 0.806053 -0.348926 1.321258 -1.287532 -0.366649 -0.722385
    18 1.789778 -0.000002 0.000002 0.000000 0.000000 0.212596
    19 1.207005 0.000000 0.000002 0.000000 0.000000 0.186299
    20 2.033356 1.000772 -1.937610 -2.129147 1.252455 2.502299
    21 6.028145 0.000000 0.000000 1.743698 1.244453 -1.092101
    22 11.692554 0.000001 0.000002 0.000000 0.000000 -0.719235
    23 11.481699 0.000001 0.000001 -1.499506 0.033949 0.748728
    24 3.859680 -0.132567 1.193109 0.076298 0.048710 -1.410444
    25 1.312555 -0.000002 0.000002 0.000000 0.000000 -0.439672
    26 0.729365 0.000000 -0.000001 0.000000 0.000000 -1.116930
    27 3.942307 0.050327 0.431044 0.032619 0.047813 -1.244423
    28 1.539099 -0.000002 0.000000 0.000000 0.000000 -0.858600
    29 1.196321 0.000010 0.000000 0.000000 0.000000 -1.041589
    30 3.883659 -0.050321 -0.431042 0.013675 -0.048012 -1.095524
    31 1.719578 0.000002 0.000000 0.000000 -0.007974 -1.239047
    32 1.209185 0.000002 0.000000 0.000000 -0.004460 -0.914505
    33 3.859840 -0.148937 -1.331282 -0.130416 -0.094966 -0.552749
    34 1.719421 0.000002 0.000000 0.000000 -0.006613 -0.362970
    35 1.099669 0.000002 -0.000001 0.000000 -0.004211 -0.767879
    36 0.806023 -0.359837 -1.318334 1.402404 0.526435 -0.917775
    37 1.789782 0.000000 -0.000004 -0.170078 0.039352 0.399730
    38 1.206999 0.000002 0.000000 0.000000 0.000000 1.061014
    39 -3.315038 -22.434214 -6.939861 1.927506 -0.035474 0.251768
    40 0.025545 -1.273521 1.753304 0.000000 0.000000 0.000000
    41 0.001032 1.440453 -1.526783 0.000000 0.000000 0.000000
    42 0.004413 0.696487 -1.430595 0.000000 0.000000 0.000000
    43 0.580660 0.349014 -1.430595 0.000000 0.000000 0.000000
    44 0.583444 -0.305904 -1.430599 0.000000 0.000000 0.000000
    45 0.005318 -0.648720 -1.430599 0.000000 0.000000 0.000000
    46 -0.574618 -0.303123 -1.430601 0.000000 0.000000 0.000000
    47 -0.573714 0.348118 -1.430595 0.000000 0.000000 0.000000
  time 68
    0 -0.999512 8.335938 -6.640625 -1.570760 -1.391893 -1.570827
    1 2.033349 1.000767 1.937660 1.596637 -1.286515 2.942961
    2 6.321118 -0.964873 1.468795 -0.213460 -1.085131 -1.942146
    3 11.692554 0.000001 0.000000 0.000000 0.000000 -0.740948
    4 11.481670 0.000001 -0.000031 -0.299421 -0.344942 0.942710
    5 3.859711 -0.142405 -1.191975 -0.491312 0.054898 -1.089461
    6 1.312555 -0.000002 0.000000 0.000000 0.000000 -0.435484
    7 0.729363 -0.000002 -0.000002 0.000000 0.000000 -0.240207
    8 3.942337 0.046767 -0.431443 -0.150125 0.076994 -0.776666
    9 1.539097 0.000000 0.000000 0.000000 0.000000 -0.409593
    10 1.196325 -0.000002 -0.000001 0.000000 0.000000 -0.581464
    11 3.883698 -0.046765 0.431443 0.085347 0.023775 -0.564480
    12 1.719570 -0.000004 -0.000001 0.000000 0.000000 -0.762886
    13 1.209169 -0.000004 0.000000 0.000000 0.000000 -0.256535
    14 3.859863 -0.137946 1.332466 0.483960 -0.048432 -0.425648
    15 1.719431 0.000002 0.000000 0.000000 0.000000 -0.496225
    16 1.099667 0.000000 -0.000001 0.000000 0.000000 -0.354423
    17 0.806053 -0.348926 1.321258 -1.287532 -0.366649 -0.722385
    18 1.789778 -0.000002 0.000002 0.000000 0.000000 0.212596
    19 1.207005 0.000000 0.000002 0.000000 0.000000 0.186299
    20 2.033356 1.000772 -1.937610 -2.129147 1.252455 2.502299
    21 6.028145 0.000000 0.000000 1.743698 1.244453 -1.092129
    22 11.692554 0.000001 0.000002 0.000000 0.000000 -0.719235
    23 11.481699 0.000001 0.000001 -1.499411 0.033949 0.748700
    24 3.859680 -0.132567 1.193109 0.076298 0.048710 -1.410444
    25 1.312555 -0.000002 0.000002 0.000000 0.000000 -0.439672
    26 0.729365 0.000000 -0.000001 0.000000 0.000000 -1.116930
    27 3.942307 0.050327 0.431044 0.032619 0.047813 -1.244423
    28 1.539099 -0.000002 0.000000 0.000000 0.000000 -0.858600
    29 1.196321 0.000010 0.000000 0.000000 0.000000 -1.041589
    30 3.883659 -0.050321 -0.431042 0.013675 -0.048012 -1.095524
    31 1.719578 0.000002 0.000000 0.000000 -0.007974 -1.239047
    32 1.209185 0.000002 0.000000 0.000000 -0.004460 -0.914505
    33 3.859840 -0.148937 -1.331282 -0.130416 -0.094966 -0.552749
    34 1.719421 0.000002 0.000000 0.000000 -0.006613 -0.362970
    35 1.099669 0.000002 -0.000001 0.000000 -0.004211 -0.767879
    36 0.806023 -0.359837 -1.318334 1.402404 0.526435 -0.917775
    37 1.789782 0.000000 -0.000004 -0.170078 0.039352 0.399730
    38 1.206999 0.000002 0.000000 0.000000 0.000000 1.061014
    39 -3.315038 -22.434214 -6.939861 1.927458 -0.035570 0.251768
    40 0.025545 -1.273521 1.753304 0.000000 0.000000 0.000000
    41 0.001032 1.440453 -1.526783 0.000000 0.000000 0.000000
    42 0.004413 0.696487 -1.430595 0.000000 0.000000 0.000000
    43 0.580660 0.349014 -1.430595 0.000000 0.000000 0.000000
    44 0.583444 -0.305904 -1.430599 0.000000 0.000000 0.000000
    45 0.005318 -0.648720 -1.430599 0.000000 0.000000 0.000000
    46 -0.574618 -0.303123 -1.430601 0.000000 0.000000 0.000000
    47 -0.573714 0.348118 -1.430595 0.000000 0.000000 0.000000
  time 69
    0 -0.999512 8.335938 -6.640625 -1.570760 -1.391893 -1.570827
    1 2.033349 1.000767 1.937660 1.596637 -1.286515 2.942961
    2 6.321118 -0.964873 1.468795 -0.213460 -1.085131 -1.942146
    3 11.692554 0.000001 0.000000 0.000000 0.000000 -0.740948
    4 11.481670 0.000001 -0.000031 -0.299421 -0.344942 0.942710
    5 3.859711 -0.142405 -1.191975 -0.491312 0.054898 -1.089461
    6 1.312555 -0.000002 0.000000 0.000000 0.000000 -0.435484
    7 0.729363 -0.000002 -0.000002 0.000000 0.000000 -0.240207
    8 3.942337 0.046767 -0.431443 -0.150125 0.076994 -0.776666
    9 1.539097 0.000000 0.000000 0.000000 0.000000 -0.409593
    10 1.196325 -0.000002 -0.000001 0.000000 0.000000 -0.581464
    11 3.883698 -0.046765 0.431443 0.085347 0.023775 -0.564480
    12 1.719570 -0.000004 -0.000001 0.000000 0.000000 -0.762886
    13 1.209169 -0.000004 0.000000 0.000000 0.000000 -0.256535
    14 3.859863 -0.137946 1.332466 0.483960 -0.048432 -0.425648
    15 1.719431 0.000002 0.000000 0.000000 0.000000 -0.496225
    16 1.099667 0.000000 -0.000001 0.000000 0.000000 -0.354423
    17 0.806053 -0.348926 1.321258 -1.287532 -0.366649 -0.722385
    18 1.789778 -0.000002 0.000002 0.000000 0.000000 0.212596
    19 1.207005 0.000000 0.000002 0.000000 0.000000 0.186299
    20 2.033356 1.000772 -1.937610 -2.129147 1.252455 2.502299
    21 6.028145 0.000000 0.000000 1.743648 1.244453 -1.092129
    22 11.692554 0.000001 0.000002 0.000000 0.000000 -0.719235
    23 11.481699 0.000001 0.000001 -1.499411 0.033936 0.748700
    24 3.859680 -0.132567 1.193109 0.076298 0.048710 -1.410444
    25 1.312555 -0.000002 0.000002 0.000000 0.000000 -0.439672
    26 0.729365 0.000000 -0.000001 0.000000 0.000000 -1.116930
    27 3.942307 0.050327 0.431044 0.032619 0.047813 -1.244423
    28 1.539099 -0.000002 0.000000 0.000000 0.000000 -0.858600
    29 1.196321 0.000010 0.000000 0.000000 0.000000 -1.041589
    30 3.883659 -0.050321 -0.431042 0.013663 -0.048012 -1.095524
    31 1.719578 0.000002 0.000000 0.000000 -0.007974 -1.239047
    32 1.209185 0.000002 0.000000 0.000000 -0.004460 -0.914505
    33 3.859840 -0.148937 -1.331282 -0.130416 -0.094966 -0.552749
    34 1.719421 0.000002 0.000000 0.000000 -0.006613 -0.362970
    35 1.099669 0.000002 -0.000001 0.000000 -0.004211 -0.767879
    36 0.806023 -0.359837 -1.318334 1.402404 0.526435 -0.917775
    37 1.789782 0.000000 -0.000004 -0.170078 0.039352 0.399730
    38 1.206999 0.000002 0.000000 0.000000 0.000000 1.061014
    39 -3.315038 -22.434214 -6.939861 1.927410 -0.035589 0.251768
    40 0.025545 -1.273521 1.753304 0.000000 0.000000 0.000000
    41 0.001032 1.440453 -1.526783 0.000000 0.000000 0.000000
    42 0.004413 0.696487 -1.430595 0.000000 0.000000 0.000000
    43 0.580660 0.349014 -1.430595 0.000000 0.000000 0.000000
    44 0.583444 -0.305904 -1.430599 0.000000 0.000000 0.000000
    45 0.005318 -0.648720 -1.430599 0.000000 0.000000 0.000000
    46 -0.574618 -0.303123 -1.430601 0.000000 0.000000 0.000000
    47 -0.573714 0.348118 -1.430595 0.000000 0.000000 0.000000
  time 70
    0 -0.999512 8.335938 -6.640625 -1.570760 -1.391893 -1.570827
    1 2.033349 1.000767 1.937660 1.596637 -1.286515 2.942961
    2 6.321118 -0.964873 1.468795 -0.213363 -1.085131 -1.942246
    3 11.692554 0.000001 0.000000 0.000000 0.000000 -0.740908
    4 11.481670 0.000001 -0.000031 -0.299421 -0.344922 0.942710
    5 3.859711 -0.142405 -1.191975 -0.491312 0.054898 -1.089461
    6 1.312555 -0.000002 0.000000 0.000000 0.000000 -0.435484
    7 0.729363 -0.000002 -0.000002 0.000000 0.000000 -0.240207
    8 3.942337 0.046767 -0.431443 -0.150125 0.076994 -0.776666
    9 1.539097 0.000000 0.000000 0.000000 0.000000 -0.409593
    10 1.196325 -0.000002 -0.000001 0.000000 0.000000 -0.581464
    11 3.883698 -0.046765 0.431443 0.085347 0.023775 -0.564480
    12 1.719570 -0.000004 -0.000001 0.000000 0.000000 -0.762886
    13 1.209169 -0.000004 0.000000 0.000000 0.000000 -0.256535
    14 3.859863 -0.137946 1.332466 0.483960 -0.048432 -0.425648
    15 1.719431 0.000002 0.000000 0.000000 0.000000 -0.496225
    16 1.099667 0.000000 -0.000001 0.000000 0.000000 -0.354423
    17 0.806053 -0.348926 1.321258 -1.287532 -0.366649 -0.722385
    18 1.789778 -0.000002 0.000002 0.000000 0.000000 0.212596
    19 1.207005 0.000000 0.000002 0.000000 0.000000 0.186299
    20 2.033356 1.000772 -1.937610 -2.129147 1.252455 2.502299
    21 6.028145 0.000000 0.000000 1.743698 1.244453 -1.092129
    22 11.692554 0.000001 0.000002 0.000000 0.000000 -0.719235
    23 11.481699 0.000001 0.000001 -1.499602 0.034014 0.748951
    24 3.859680 -0.132567 1.193109 0.076298 0.048710 -1.410444
    25 1.312555 -0.000002 0.000002 0.000000 0.000000 -0.439672
    26 0.729365 0.000000 -0.000001 0.000000 0.000000 -1.116930
    27 3.942307 0.050327 0.431044 0.032619 0.047813 -1.244423
    28 1.539099 -0.000002 0.000000 0.000000 0.000000 -0.858600
    29 1.196321 0.000010 0.000000 0.000000 0.000000 -1.041589
    30 3.883659 -0.050321 -0.431042 0.013675 -0.048012 -1.095524
    31 1.719578 0.000002 0.000000 0.000000 -0.007974 -1.239047
    32 1.209185 0.000002 0.000000 0.000000 -0.004460 -0.914505
    33 3.859840 -0.148937 -1.331282 -0.130416 -0.094966 -0.552749
    34 1.719421 0.000002 0.000000 0.000000 -0.006613 -0.362970
    35 1.099669 0.000002 -0.000001 0.000000 -0.004211 -0.767879
    36 0.806023 -0.359837 -1.318334 1.402404 0.526435 -0.917775
    37 1.789782 0.000000 -0.000004 -0.170078 0.039352 0.399730
    38 1.206999 0.000002 0.000000 0.000000 0.000000 1.061014
    39 -3.318944 -22.434214 -6.939861 1.927458 -0.035570 0.251768
    40 0.025545 -1.273521 1.753304 0.000000 0.000000 0.000000
    41 0.001032 1.440453 -1.526783 0.000000 0.000000 0.000000
    42 0.004413 0.696487 -1.430595 0.000000 0.000000 0.000000
    43 0.580660 0.349014 -1.430595 0.000000 0.000000 0.000000
    44 0.583444 -0.305904 -1.430599 0.000000 0.000000 0.000000
    45 0.005318 -0.648720 -1.430599 0.000000 0.000000 0.000000
    46 -0.574618 -0.303123 -1.430601 0.000000 0.000000 0.000000
    47 -0.573714 0.348118 -1.430595 0.000000 0.000000 0.000000
  time 71
    0 -0.999512 8.335938 -6.640625 -1.570760 -1.391893 -1.570827
    1 2.033349 1.000767 1.937660 1.596637 -1.286515 2.942961
    2 6.321118 -0.964873 1.468795 -0.213363 -1.085131 -1.942246
    3 11.692554 0.000001 0.000000 0.000000 0.000000 -0.740827
    4 11.481670 0.000001 -0.000031 -0.299421 -0.344922 0.942710
    5 3.859711 -0.142405 -1.191975 -0.491312 0.054898 -1.089461
    6 1.312555 -0.000002 0.000000 0.000000 0.000000 -0.435484
    7 0.729363 -0.000002 -0.000002 0.000000 0.000000 -0.240207
    8 3.942337 0.046767 -0.431443 -0.150125 0.076994 -0.776666
    9 1.539097 0.000000 0.000000 0.000000 0.000000 -0.409593
    10 1.196325 -0.000002 -0.000001 0.000000 0.000000 -0.581464
    11 3.883698 -0.046765 0.431443 0.085347 0.023775 -0.564480
    12 1.719570 -0.000004 -0.000001 0.000000 0.000000 -0.762886
    13 1.209169 -0.000004 0.000000 0.000000 0.000000 -0.256535
    14 3.859863 -0.137946 1.332466 0.483960 -0.048432 -0.425648
    15 1.719431 0.000002 0.000000 0.000000 0.000000 -0.496225
    16 1.099667 0.000000 -0.000001 0.000000 0.000000 -0.354423
    17 0.806053 -0.348926 1.321258 -1.287532 -0.366649 -0.722385
    18 1.789778 -0.000002 0.000002 0.000000 0.000000 0.212596
    19 1.207005 0.000000 0.000002 0.000000 0.000000 0.186299
    20 2.033356 1.000772 -1.937610 -2.129147 1.252455 2.502299
    21 6.028145 0.000000 0.000000 1.743748 1.244453 -1.092073
    22 11.692554 0.000001 0.000002 0.000000 0.000000 -0.719235
    23 11.481699 0.000001 0.000001 -1.499459 0.033923 0.748728
    24 3.859680 -0.132567 1.193109 0.076298 0.048710 -1.410444
    25 1.312555 -0.000002 0.000002 0.000000 0.000000 -0.439672
    26 0.729365 0.000000 -0.000001 0.000000 0.000000 -1.116930
    27 3.942307 0.050327 0.431044 0.032619 0.047813 -1.244423
    28 1.539099 -0.000002 0.000000 0.000000 0.000000 -0.858600
    29 1.196321 0.000010 0.000000 0.000000 0.000000 -1.041589
    30 3.883659 -0.050321 -0.431042 0.013675 -0.048012 -1.095524
    31 1.719578 0.000002 0.000000 0.000000 -0.007974 -1.239047
    32 1.209185 0.000002 0.000000 0.000000 -0.004460 -0.914505
    33 3.859840 -0.148937 -1.331282 -0.130416 -0.094966 -0.552749
    34 1.719421 0.000002 0.000000 0.000000 -0.006613 -0.362970
    35 1.099669 0.000002 -0.000001 0.000000 -0.004211 -0.767895
    36 0.806023 -0.359837 -1.318334 1.402404 0.526435 -0.917775
    37 1.789782 0.000000 -0.000004 -0.170078 0.039352 0.399730
    38 1.206999 0.000002 0.000000 0.000000 0.000000 1.061014
    39 -3.318944 -22.434214 -6.939861 1.927458 -0.035570 0.251768
    40 0.025545 -1.273521 1.753304 0.000000 0.000000 0.000000
    41 0.001032 1.440453 -1.526783 0.000000 0.000000 0.000000
    42 0.004413 0.696487 -1.430595 0.000000 0.000000 0.000000
    43 0.580660 0.349014 -1.430595 0.000000 0.000000 0.000000
    44 0.583444 -0.305904 -1.430599 0.000000 0.000000 0.000000
    45 0.005318 -0.648720 -1.430599 0.000000 0.000000 0.000000
    46 -0.574618 -0.303123 -1.430601 0.000000 0.000000 0.000000
    47 -0.573714 0.348118 -1.430595 0.000000 0.000000 0.000000
  time 72
    0 -0.999512 8.335938 -6.640625 -1.570760 -1.391893 -1.570827
    1 2.033349 1.000767 1.937660 1.596637 -1.286515 2.942961
    2 6.321118 -0.964873 1.468795 -0.213170 -1.085131 -1.942395
    3 11.692554 0.000001 0.000000 0.000000 0.000000 -0.740787
    4 11.481670 0.000001 -0.000031 -0.299549 -0.344942 0.942710
    5 3.859711 -0.142405 -1.191975 -0.491312 0.054898 -1.089461
    6 1.312555 -0.000002 0.000000 0.000000 0.000000 -0.435484
    7 0.729363 -0.000002 -0.000002 0.000000 0.000000 -0.240207
    8 3.942337 0.046767 -0.431443 -0.150125 0.076994 -0.776666
    9 1.539097 0.000000 0.000000 0.000000 0.000000 -0.409593
    10 1.196325 -0.000002 -0.000001 0.000000 0.000000 -0.581464
    11 3.883698 -0.046765 0.431443 0.085347 0.023775 -0.564480
    12 1.719570 -0.000004 -0.000001 0.000000 0.000000 -0.762886
    13 1.209169 -0.000004 0.000000 0.000000 0.000000 -0.256535
    14 3.859863 -0.137946 1.332466 0.483960 -0.048432 -0.425648
    15 1.719431 0.000002 0.000000 0.000000 0.000000 -0.496225
    16 1.099667 0.000000 -0.000001 0.000000 0.000000 -0.354423
    17 0.806053 -0.348926 1.321258 -1.287532 -0.366649 -0.722385
    18 1.789778 -0.000002 0.000002 0.000000 0.000000 0.212596
    19 1.207005 0.000000 0.000002 0.000000 0.000000 0.186299
    20 2.033356 1.000772 -1.937610 -2.129147 1.252455 2.502299
    21 6.028145 0.000000 0.000000 1.743848 1.244453 -1.092017
    22 11.692554 0.000001 0.000002 0.000000 0.000000 -0.719235
    23 11.481699 0.000001 0.000001 -1.499459 0.033897 0.748784
    24 3.859680 -0.132567 1.193109 0.076298 0.048710 -1.410444
    25 1.312555 -0.000002 0.000002 0.000000 0.000000 -0.439672
    26 0.729365 0.000000 -0.000001 0.000000 0.000000 -1.116930
    27 3.942307 0.050327 0.431044 0.032619 0.047813 -1.244423
    28 1.539099 -0.000002 0.000000 0.000000 0.000000 -0.858600
    29 1.196321 0.000010 0.000000 0.000000 0.000000 -1.041589
    30 3.883659 -0.050321 -0.431042 0.013675 -0.048012 -1.095524
    31 1.719578 0.000002 0.000000 0.000000 -0.007974 -1.239047
    32 1.209185 0.000002 0.000000 0.000000 -0.004460 -0.914505
    33 3.859840 -0.148937 -1.331282 -0.130416 -0.094966 -0.552749
    34 1.719421 0.000002 0.000000 0.000000 -0.006613 -0.362970
    35 1.099669 0.000002 -0.000001 0.000000 -0.004211 -0.767879
    36 0.806023 -0.359837 -1.318334 1.402404 0.526435 -0.917775
    37 1.789782 0.000000 -0.000004 -0.170078 0.039352 0.399730
    38 1.206999 0.000002 0.000000 0.000000 0.000000 1.061014
    39 -3.318944 -22.434214 -6.939861 1.927506 -0.035551 0.251768
    40 0.025545 -1.273521 1.753304 0.000000 0.000000 0.000000
    41 0.001032 1.440453 -1.526783 0.000000 0.000000 0.000000
    42 0.004413 0.696487 -1.430595 0.000000 0.000000 0.000000
    43 0.580660 0.349014 -1.430595 0.000000 0.000000 0.000000
    44 0.583444 -0.305904 -1.430599 0.000000 0.000000 0.000000
    45 0.005318 -0.648720 -1.430599 0.000000 0.000000 0.000000
    46 -0.574618 -0.303123 -1.430601 0.000000 0.000000 0.000000
    47 -0.573714 0.348118 -1.430595 0.000000 0.000000 0.000000
  time 73
    0 -0.999512 8.335938 -6.640625 -1.570760 -1.391893 -1.570827
    1 2.033349 1.000767 1.937660 1.596637 -1.286515 2.942961
    2 6.321118 -0.964873 1.468795 -0.213074 -1.085131 -1.942544
    3 11.692554 0.000001 0.000000 0.000000 0.000000 -0.740666
    4 11.481670 0.000001 -0.000031 -0.299613 -0.344922 0.942751
    5 3.859711 -0.142405 -1.191975 -0.491312 0.054898 -1.089461
    6 1.312555 -0.000002 0.000000 0.000000 0.000000 -0.435484
    7 0.729363 -0.000002 -0.000002 0.000000 0.000000 -0.240207
    8 3.942337 0.046767 -0.431443 -0.150125 0.076994 -0.776666
    9 1.539097 0.000000 0.000000 0.000000 0.000000 -0.409593
    10 1.196325 -0.000002 -0.000001 0.000000 0.000000 -0.581464
    11 3.883698 -0.046765 0.431443 0.085347 0.023775 -0.564480
    12 1.719570 -0.000004 -0.000001 0.000000 0.000000 -0.762886
    13 1.209169 -0.000004 0.000000 0.000000 0.000000 -0.256535
    14 3.859863 -0.137946 1.332466 0.483960 -0.048432 -0.425648
    15 1.719431 0.000002 0.000000 0.000000 0.000000 -0.496225
    16 1.099667 0.000000 -0.000001 0.000000 0.000000 -0.354423
    17 0.806053 -0.348926 1.321258 -1.287532 -0.366649 -0.722385
    18 1.789778 -0.000002 0.000002 0.000000 0.000000 0.212596
    19 1.207005 0.000000 0.000002 0.000000 0.000000 0.186299
    20 2.033356 1.000772 -1.937610 -2.129147 1.252455 2.502299
    21 6.028145 0.000000 0.000000 1.743948 1.244453 -1.091905
    22 11.692554 0.000001 0.000002 0.000000 0.000000 -0.719277
    23 11.481699 0.000001 0.000001 -1.499506 0.033871 0.748840
    24 3.859680 -0.132567 1.193109 0.076298 0.048710 -1.410444
    25 1.312555 -0.000002 0.000002 0.000000 0.000000 -0.439672
    26 0.729365 0.000000 -0.000001 0.000000 0.000000 -1.116930
    27 3.942307 0.050327 0.431044 0.032619 0.047813 -1.244423
    28 1.539099 -0.000002 0.000000 0.000000 0.000000 -0.858600
    29 1.196321 0.000010 0.000000 0.000000 0.000000 -1.041589
    30 3.883659 -0.050321 -0.431042 0.013675 -0.048012 -1.095524
    31 1.719578 0.000002 0.000000 0.000000 -0.007974 -1.239047
    32 1.209185 0.000002 0.000000 0.000000 -0.004460 -0.914505
    33 3.859840 -0.148937 -1.331282 -0.130416 -0.094966 -0.552749
    34 1.719421 0.000002 0.000000 0.000000 -0.006613 -0.362970
    35 1.099669 0.000002 -0.000001 0.000000 -0.004211 -0.767879
    36 0.806023 -0.359837 -1.318334 1.402404 0.526435 -0.917775
    37 1.789782 0.000000 -0.000004 -0.170078 0.039352 0.399730
    38 1.206999 0.000002 0.000000 0.000000 0.000000 1.061014
    39 -3.318944 -22.434214 -6.939861 1.927553 -0.035493 0.251768
    40 0.025545 -1.273521 1.753304 0.000000 0.000000 0.000000
    41 0.001032 1.440453 -1.526783 0.000000 0.000000 0.000000
    42 0.004413 0.696487 -1.430595 0.000000 0.000000 0.000000
    43 0.580660 0.349014 -1.430595 0.000000 0.000000 0.000000
    44 0.583444 -0.305904 -1.430599 0.000000 0.000000 0.000000
    45 0.005318 -0.648720 -1.430599 0.000000 0.000000 0.000000
    46 -0.574618 -0.303123 -1.430601 0.000000 0.000000 0.000000
    47 -0.573714 0.348118 -1.430595 0.000000 0.000000 0.000000
  time 74
    0 -0.999512 8.335938 -6.640625 -1.570760 -1.391893 -1.570827
    1 2.033349 1.000767 1.937660 1.596637 -1.286515 2.942961
    2 6.321118 -0.964873 1.468795 -0.212881 -1.085039 -1.942742
    3 11.692554 0.000001 0.000000 0.000000 0.000000 -0.740545
    4 11.481670 0.000001 -0.000031 -0.299676 -0.344881 0.942710
    5 3.859711 -0.142405 -1.191975 -0.491312 0.054898 -1.089461
    6 1.312555 -0.000002 0.000000 0.000000 0.000000 -0.435484
    7 0.729363 -0.000002 -0.000002 0.000000 0.000000 -0.240207
    8 3.942337 0.046767 -0.431443 -0.150125 0.076994 -0.776666
    9 1.539097 0.000000 0.000000 0.000000 0.000000 -0.409593
    10 1.196325 -0.000002 -0.000001 0.000000 0.000000 -0.581464
    11 3.883698 -0.046765 0.431443 0.085347 0.023775 -0.564480
    12 1.719570 -0.000004 -0.000001 0.000000 0.000000 -0.762886
    13 1.209169 -0.000004 0.000000 0.000000 0.000000 -0.256535
    14 3.859863 -0.137946 1.332466 0.483960 -0.048432 -0.425648
    15 1.719431 0.000002 0.000000 0.000000 0.000000 -0.496225
    16 1.099667 0.000000 -0.000001 0.000000 0.000000 -0.354423
    17 0.806053 -0.348926 1.321258 -1.287532 -0.366649 -0.722385
    18 1.789778 -0.000002 0.000002 0.000000 0.000000 0.212596
    19 1.207005 0.000000 0.000002 0.000000 0.000000 0.186299
    20 2.033356 1.000772 -1.937610 -2.129147 1.252455 2.502299
    21 6.028145 0.000000 0.000000 1.744098 1.244453 -1.091765
    22 11.692554 0.000001 0.000002 0.000000 0.000000 -0.719277
    23 11.481699 0.000001 0.000001 -1.499602 0.033845 0.748896
    24 3.859680 -0.132567 1.193109 0.076298 0.048710 -1.410444
    25 1.312555 -0.000002 0.000002 0.000000 0.000000 -0.439672
    26 0.729365 0.000000 -0.000001 0.000000 0.000000 -1.116930
    27 3.942307 0.050327 0.431044 0.032619 0.047813 -1.244423
    28 1.539099 -0.000002 0.000000 0.000000 0.000000 -0.858600
    29 1.196321 0.000010 0.000000 0.000000 0.000000 -1.041607
    30 3.883659 -0.050321 -0.431042 0.013675 -0.048012 -1.095524
    31 1.719578 0.000002 0.000000 0.000000 -0.007974 -1.239047
    32 1.209185 0.000002 0.000000 0.000000 -0.004460 -0.914505
    33 3.859840 -0.148937 -1.331282 -0.130416 -0.094966 -0.552749
    34 1.719421 0.000002 0.000000 0.000000 -0.006613 -0.362970
    35 1.099669 0.000002 -0.000001 0.000000 -0.004211 -0.767879
    36 0.806023 -0.359837 -1.318334 1.402404 0.526435 -0.917775
    37 1.789782 0.000000 -0.000004 -0.170078 0.039352 0.399730
    38 1.206999 0.000002 0.000000 0.000000 0.000000 1.061014
    39 -3.318944 -22.434214 -6.943767 1.927649 -0.035455 0.251768
    40 0.025545 -1.273521 1.753304 0.000000 0.000000 0.000000
    41 0.001032 1.440453 -1.526783 0.000000 0.000000 0.000000
    42 0.004413 0.696487 -1.430595 0.000000 0.000000 0.000000
    43 0.580660 0.349014 -1.430595 0.000000 0.000000 0.000000
    44 0.583444 -0.305904 -1.430599 0.000000 0.000000 0.000000
    45 0.005318 -0.648720 -1.430599 0.000000 0.000000 0.000000
    46 -0.574618 -0.303123 -1.430601 0.000000 0.000000 0.000000
    47 -0.573714 0.348118 -1.430595 0.000000 0.000000 0.000000
  time 75
    0 -0.999512 8.335938 -6.640625 -1.570760 -1.391893 -1.570827
    1 2.033349 1.000767 1.937660 1.596637 -1.286515 2.942961
    2 6.321118 -0.964873 1.468795 -0.212591 -1.085039 -1.943041
    3 11.692554 0.000001 0.000000 0.000000 0.000000 -0.740424
    4 11.481670 0.000001 -0.000031 -0.299868 -0.344840 0.942751
    5 3.859711 -0.142405 -1.191975 -0.491312 0.054898 -1.089461
    6 1.312555 -0.000002 0.000000 0.000000 0.000000 -0.435484
    7 0.729363 -0.000002 -0.000002 0.000000 0.000000 -0.240207
    8 3.942337 0.046767 -0.431443 -0.150125 0.076994 -0.776666
    9 1.539097 0.000000 0.000000 0.000000 0.000000 -0.409593
    10 1.196325 -0.000002 -0.000001 0.000000 0.000000 -0.581464
    11 3.883698 -0.046765 0.431443 0.085347 0.023775 -0.564480
    12 1.719570 -0.000004 -0.000001 0.000000 0.000000 -0.762886
    13 1.209169 -0.000004 0.000000 0.000000 0.000000 -0.256535
    14 3.859863 -0.137946 1.332466 0.483960 -0.048432 -0.425648
    15 1.719431 0.000002 0.000000 0.000000 0.000000 -0.496225
    16 1.099667 0.000000 -0.000001 0.000000 0.000000 -0.354423
    17 0.806053 -0.348926 1.321258 -1.287532 -0.366649 -0.722385
    18 1.789778 -0.000002 0.000002 0.000000 0.000000 0.212596
    19 1.207005 0.000000 0.000002 0.000000 0.000000 0.186299
    20 2.033356 1.000772 -1.937610 -2.129147 1.252455 2.502299
    21 6.028145 0.000000 0.000000 1.744248 1.244453 -1.091626
    22 11.692554 0.000001 0.000002 0.000000 0.000024 -0.719615
    23 11.481699 0.000001 0.000001 -1.499745 0.033832 0.748951
    24 3.859680 -0.132567 1.193109 0.076298 0.048710 -1.410444
    25 1.312555 -0.000002 0.000002 0.000000 0.000000 -0.439672
    26 0.729365 0.000000 -0.000001 0.000000 0.000000 -1.116930
    27 3.942307 0.050327 0.431044 0.032619 0.047813 -1.244423
    28 1.539099 -0.000002 0.000000 0.000000 0.000000 -0.858637
    29 1.196321 0.000010 0.000000 0.000000 0.000000 -1.041589
    30 3.883659 -0.050321 -0.431042 0.013675 -0.048012 -1.095524
    31 1.719578 0.000002 0.000000 0.000000 -0.007974 -1.239047
    32 1.209185 0.000002 0.000000 0.000000 -0.004460 -0.914505
    33 3.859840 -0.148937 -1.331282 -0.130416 -0.094966 -0.552749
    34 1.719421 0.000002 0.000000 0.000000 -0.006613 -0.362970
    35 1.099669 0.000002 -0.000001 0.000000 -0.004211 -0.767879
    36 0.806023 -0.359837 -1.318334 1.402404 0.526435 -0.917775
    37 1.789782 0.000000 -0.000004 -0.170078 0.039352 0.399730
    38 1.206999 0.000002 0.000000 0.000000 0.000000 1.061014
    39 -3.318944 -22.434214 -6.943767 1.927744 -0.035417 0.251768
    40 0.025545 -1.273521 1.753304 0.000000 0.000000 0.000000
    41 0.001032 1.440453 -1.526783 0.000000 0.000000 0.000000
    42 0.004413 0.696487 -1.430595 0.000000 0.000000 0.000000
    43 0.580660 0.349014 -1.430595 0.000000 0.000000 0.000000
    44 0.583444 -0.305904 -1.430599 0.000000 0.000000 0.000000
    45 0.005318 -0.648720 -1.430599 0.000000 0.000000 0.000000
    46 -0.574618 -0.303123 -1.430601 0.000000 0.000000 0.000000
    47 -0.573714 0.348118 -1.430595 0.000000 0.000000 0.000000
  time 76
    0 -0.999512 8.335938 -6.640625 -1.570760 -1.391893 -1.570827
    1 2.033349 1.000767 1.937660 1.596637 -1.286515 2.942961
    2 6.321118 -0.964873 1.468795 -0.212398 -1.085039 -1.943289
    3 11.692554 0.000001 0.000000 0.000000 0.000000 -0.740222
    4 11.481670 0.000001 -0.000031 -0.299995 -0.344799 0.942834
    5 3.859711 -0.142405 -1.191975 -0.491312 0.054898 -1.089461
    6 1.312555 -0.000002 0.000000 0.000000 0.000000 -0.435484
    7 0.729363 -0.000002 -0.000002 0.000000 0.000000 -0.240207
    8 3.942337 0.046767 -0.431443 -0.150125 0.076994 -0.776666
    9 1.539097 0.000000 0.000000 0.000000 0.000000 -0.409593
    10 1.196325 -0.000002 -0.000001 0.000000 0.000000 -0.581464
    11 3.883698 -0.046765 0.431443 0.085347 0.023775 -0.564480
    12 1.719570 -0.000004 -0.000001 0.000000 0.000000 -0.762886
    13 1.209169 -0.000004 0.000000 0.000000 0.000000 -0.256535
    14 3.859863 -0.137946 1.332466 0.483960 -0.048432 -0.425648
    15 1.719431 0.000002 0.000000 0.000000 0.000000 -0.496225
    16 1.099667 0.000000 -0.000001 0.000000 0.000000 -0.354423
    17 0.806053 -0.348926 1.321258 -1.287532 -0.366649 -0.722385
    18 1.789778 -0.000002 0.000002 0.000000 0.000000 0.212596
    19 1.207005 0.000000 0.000002 0.000000 0.000000 0.186299
    20 2.033356 1.000772 -1.937610 -2.129147 1.252455 2.502299
    21 6.028145 0.000000 0.000000 1.744398 1.244453 -1.091458
    22 11.692554 0.000001 0.000002 0.000000 0.000000 -0.719277
    23 11.481699 0.000001 0.000001 -1.499841 0.033767 0.749063
    24 3.859680 -0.132567 1.193109 0.076298 0.048710 -1.410444
    25 1.312555 -0.000002 0.000002 0.000000 0.000000 -0.439672
    26 0.729365 0.000000 -0.000001 0.000000 0.000000 -1.116930
    27 3.942307 0.050327 0.431044 0.032619 0.047813 -1.244423
    28 1.539099 -0.000002 0.000000 0.000000 0.000000 -0.858600
    29 1.196321 0.000010 0.000000 0.000000 0.000000 -1.041626
    30 3.883659 -0.050321 -0.431042 0.013675 -0.048012 -1.095524
    31 1.719578 0.000002 0.000000 0.000000 -0.007974 -1.239047
    32 1.209185 0.000002 0.000000 0.000000 -0.004460 -0.914505
    33 3.859840 -0.148937 -1.331282 -0.130416 -0.094966 -0.552749
    34 1.719421 0.000002 0.000000 0.000000 -0.006613 -0.362970
    35 1.099669 0.000002 -0.000001 0.000000 -0.004211 -0.767879
    36 0.806023 -0.359837 -1.318334 1.402404 0.526435 -0.917775
    37 1.789782 0.000000 -0.000004 -0.170078 0.039352 0.399730
    38 1.206999 0.000002 0.000000 0.000000 0.000000 1.061014
    39 -3.322851 -22.434214 -6.943767 1.927839 -0.035340 0.251837
    40 0.025545 -1.273521 1.753304 0.000000 0.000000 0.000000
    41 0.001032 1.440453 -1.526783 0.000000 0.000000 0.000000
    42 0.004413 0.696487 -1.430595 0.000000 0.000000 0.000000
    43 0.580660 0.349014 -1.430595 0.000000 0.000000 0.000000
    44 0.583444 -0.305904 -1.430599 0.000000 0.000000 0.000000
    45 0.005318 -0.648720 -1.430599 0.000000 0.000000 0.000000
    46 -0.574618 -0.303123 -1.430601 0.000000 0.000000 0.000000
    47 -0.573714 0.348118 -1.430595 0.000000 0.000000 0.000000
  time 77
    0 -0.999512 8.335938 -6.640625 -1.570760 -1.391893 -1.570827
    1 2.033349 1.000767 1.937660 1.596637 -1.286515 2.942961
    2 6.321118 -0.964873 1.468795 -0.212157 -1.084994 -1.943587
    3 11.692554 0.000001 0.000000 0.000000 0.000000 -0.740101
    4 11.481670 0.000001 -0.000031 -0.300123 -0.344758 0.942917
    5 3.859711 -0.142405 -1.191975 -0.491312 0.054898 -1.089461
    6 1.312555 -0.000002 0.000000 0.000000 0.000000 -0.435484
    7 0.729363 -0.000002 -0.000002 0.000000 0.000000 -0.240207
    8 3.942337 0.046767 -0.431443 -0.150125 0.076994 -0.776666
    9 1.539097 0.000000 0.000000 0.000000 0.000000 -0.409593
    10 1.196325 -0.000002 -0.000001 0.000000 0.000000 -0.581464
    11 3.883698 -0.046765 0.431443 0.085347 0.023775 -0.564480
    12 1.719570 -0.000004 -0.000001 0.000000 0.000000 -0.762886
    13 1.209169 -0.000004 0.000000 0.000000 0.000000 -0.256535
    14 3.859863 -0.137946 1.332466 0.483960 -0.048432 -0.425648
    15 1.719431 0.000002 0.000000 0.000000 0.000000 -0.496225
    16 1.099667 0.000000 -0.000001 0.000000 0.000000 -0.354423
    17 0.806053 -0.348926 1.321258 -1.287532 -0.366649 -0.722385
    18 1.789778 -0.000002 0.000002 0.000000 0.000000 0.212596
    19 1.207005 0.000000 0.000002 0.000000 0.000000 0.186299
    20 2.033356 1.000772 -1.937610 -2.129147 1.252455 2.502299
    21 6.028145 0.000000 0.000000 1.744598 1.244453 -1.091319
    22 11.692554 0.000001 0.000002 0.000000 0.000000 -0.719235
    23 11.481699 0.000001 0.000001 -1.500032 0.033806 0.748896
    24 3.859680 -0.132567 1.193109 0.076298 0.048710 -1.410444
    25 1.312555 -0.000002 0.000002 0.000000 0.000000 -0.439672
    26 0.729365 0.000000 -0.000001 0.000000 0.000000 -1.116930
    27 3.942307 0.050327 0.431044 0.032619 0.047813 -1.244423
    28 1.539099 -0.000002 0.000000 0.000000 0.000000 -0.858600
    29 1.196321 0.000010 0.000000 0.000000 0.000000 -1.041589
    30 3.883659 -0.050321 -0.431042 0.013675 -0.048012 -1.095524
    31 1.719578 0.000002 0.000000 0.000000 -0.007974 -1.239047
    32 1.209185 0.000002 0.000000 0.000000 -0.004460 -0.914505
    33 3.859840 -0.148937 -1.331282 -0.130416 -0.094966 -0.552749
    34 1.719421 0.000002 0.000000 0.000000 -0.006613 -0.362970
    35 1.099669 0.000002 -0.000001 0.000000 -0.004211 -0.767879
    36 0.806023 -0.359837 -1.318334 1.402404 0.526435 -0.917775
    37 1.789782 0.000000 -0.000004 -0.170078 0.039352 0.399730
    38 1.206999 0.000002 0.000000 0.000000 0.000000 1.061014
    39 -3.322851 -22.434214 -6.943767 1.927982 -0.035244 0.251837
    40 0.025545 -1.273521 1.753304 0.000000 0.000000 0.000000
    41 0.001032 1.440453 -1.526783 0.000000 0.000000 0.000000
    42 0.004413 0.696487 -1.430595 0.000000 0.000000 0.000000
    43 0.580660 0.349014 -1.430595 0.000000 0.000000 0.000000
    44 0.583444 -0.305904 -1.430599 0.000000 0.000000 0.000000
    45 0.005318 -0.648720 -1.430599 0.000000 0.000000 0.000000
    46 -0.574618 -0.303123 -1.430601 0.000000 0.000000 0.000000
    47 -0.573714 0.348118 -1.430595 0.000000 0.000000 0.000000
  time 78
    0 -0.999512 8.335938 -6.640625 -1.570760 -1.391893 -1.570827
    1 2.033349 1.000767 1.937660 1.596637 -1.286515 2.942961
    2 6.321118 -0.964873 1.468795 -0.211916 -1.084994 -1.943786
    3 11.692554 0.000001 0.000000 0.000000 0.000000 -0.739940
    4 11.481670 0.000001 -0.000031 -0.300314 -0.344676 0.942917
    5 3.859711 -0.142405 -1.191975 -0.491312 0.054898 -1.089461
    6 1.312555 -0.000002 0.000000 0.000000 0.000000 -0.435484
    7 0.729363 -0.000002 -0.000002 0.000000 0.000000 -0.240207
    8 3.942337 0.046767 -0.431443 -0.150125 0.076994 -0.776666
    9 1.539097 0.000000 0.000000 0.000000 0.000000 -0.409593
    10 1.196325 -0.000002 -0.000001 0.000000 0.000000 -0.581464
    11 3.883698 -0.046765 0.431443 0.085347 0.023775 -0.564480
    12 1.719570 -0.000004 -0.000001 0.000000 0.000000 -0.762886
    13 1.209169 -0.000004 0.000000 0.000000 0.000000 -0.256535
    14 3.859863 -0.137946 1.332466 0.483960 -0.048432 -0.425648
    15 1.719431 0.000002 0.000000 0.000000 0.000000 -0.496225
    16 1.099667 0.000000 -0.000001 0.000000 0.000000 -0.354423
    17 0.806053 -0.348926 1.321258 -1.287532 -0.366649 -0.722385
    18 1.789778 -0.000002 0.000002 0.000000 0.000000 0.212596
    19 1.207005 0.000000 0.000002 0.000000 0.000000 0.186299
    20 2.033356 1.000772 -1.937610 -2.129147 1.252455 2.502299
    21 6.028145 0.000000 0.000000 1.744749 1.244453 -1.091123
    22 11.692554 0.000001 0.000002 0.000000 0.000000 -0.719277
    23 11.481699 0.000001 0.000001 -1.500080 0.033728 0.749342
    24 3.859680 -0.132567 1.193109 0.076298 0.048710 -1.410444
    25 1.312555 -0.000002 0.000002 0.000000 0.000000 -0.439672
    26 0.729365 0.000000 -0.000001 0.000000 0.000000 -1.116930
    27 3.942307 0.050327 0.431044 0.032619 0.047813 -1.244423
    28 1.539099 -0.000002 0.000000 0.000000 0.000000 -0.858600
    29 1.196321 0.000010 0.000000 0.000000 0.000000 -1.041589
    30 3.883659 -0.050321 -0.431042 0.013675 -0.048012 -1.095524
    31 1.719578 0.000002 0.000000 0.000000 -0.007974 -1.239047
    32 1.209185 0.000002 0.000000 0.000000 -0.004460 -0.914505
    33 3.859840 -0.148937 -1.331282 -0.130416 -0.094966 -0.552749
    34 1.719421 0.000002 0.000000 0.000000 -0.006613 -0.362970
    35 1.099669 0.000002 -0.000001 0.000000 -0.004211 -0.767879
    36 0.806023 -0.359837 -1.318334 1.402404 0.526435 -0.917775
    37 1.789782 0.000000 -0.000004 -0.170078 0.039352 0.399730
    38 1.206999 0.000002 0.000000 0.000000 0.000000 1.061014
    39 -3.322851 -22.434214 -6.943767 1.928125 -0.035129 0.251837
    40 0.025545 -1.273521 1.753304 0.000000 0.000000 0.000000
    41 0.001032 1.440453 -1.526783 0.000000 0.000000 0.000000
    42 0.004413 0.696487 -1.430595 0.000000 0.000000 0.000000
    43 0.580660 0.349014 -1.430595 0.000000 0.000000 0.000000
    44 0.583444 -0.305904 -1.430599 0.000000 0.000000 0.000000
    45 0.005318 -0.648720 -1.430599 0.000000 0.000000 0.000000
    46 -0.574618 -0.303123 -1.430601 0.000000 0.000000 0.000000
    47 -0.573714 0.348118 -1.430595 0.000000 0.000000 0.000000
  time 79
    0 -0.999512 8.335938 -6.640625 -1.570760 -1.391893 -1.570827
    1 2.033349 1.000767 1.937660 1.596637 -1.286515 2.942961
    2 6.321118 -0.964873 1.468795 -0.211626 -1.084994 -1.944084
    3 11.692554 0.000001 0.000000 0.000000 0.000000 -0.739859
    4 11.481670 0.000001 -0.000031 -0.300505 -0.344615 0.943041
    5 3.859711 -0.142405 -1.191975 -0.491312 0.054898 -1.089461
    6 1.312555 -0.000002 0.000000 0.000000 0.000000 -0.435484
    7 0.729363 -0.000002 -0.000002 0.000000 0.000000 -0.240207
    8 3.942337 0.046767 -0.431443 -0.150125 0.076994 -0.776666
    9 1.539097 0.000000 0.000000 0.000000 0.000000 -0.409593
    10 1.196325 -0.000002 -0.000001 0.000000 0.000000 -0.581464
    11 3.883698 -0.046765 0.431443 0.085347 0.023775 -0.564480
    12 1.719570 -0.000004 -0.000001 0.000000 0.000000 -0.762886
    13 1.209169 -0.000004 0.000000 0.000000 0.000000 -0.256535
    14 3.859863 -0.137946 1.332466 0.483960 -0.048432 -0.425648
    15 1.719431 0.000002 0.000000 0.000000 0.000000 -0.496225
    16 1.099667 0.000000 -0.000001 0.000000 0.000000 -0.354423
    17 0.806053 -0.348926 1.321258 -1.287532 -0.366649 -0.722385
    18 1.789778 -0.000002 0.000002 0.000000 0.000000 0.212596
    19 1.207005 0.000000 0.000002 0.000000 0.000000 0.186299
    20 2.033356 1.000772 -1.937610 -2.129147 1.252455 2.502299
    21 6.028145 0.000000 0.000000 1.744899 1.244453 -1.090984
    22 11.692554 0.000001 0.000002 0.000000 0.000000 -0.719235
    23 11.481699 0.000001 0.000001 -1.500223 0.033689 0.749510
    24 3.859680 -0.132567 1.193109 0.076298 0.048710 -1.410444
    25 1.312555 -0.000002 0.000002 0.000000 0.000000 -0.439672
    26 0.729365 0.000000 -0.000001 0.000000 0.000000 -1.116930
    27 3.942307 0.050327 0.431044 0.032619 0.047813 -1.244423
    28 1.539099 -0.000002 0.000000 0.000000 0.000000 -0.858600
    29 1.196321 0.000010 0.000000 0.000000 0.000000 -1.041589
    30 3.883659 -0.050321 -0.431042 0.013675 -0.048012 -1.095542
    31 1.719578 0.000002 0.000000 0.000000 -0.007974 -1.239047
    32 1.209185 0.000002 0.000000 0.000000 -0.004460 -0.914505
    33 3.859840 -0.148937 -1.331282 -0.130416 -0.094966 -0.552749
    34 1.719421 0.000002 0.000000 0.000000 -0.006613 -0.362970
    35 1.099669 0.000002 -0.000001 0.000000 -0.004211 -0.767879
    36 0.806023 -0.359837 -1.318334 1.402404 0.526435 -0.917775
    37 1.789782 0.000000 -0.000004 -0.170078 0.039352 0.399730
    38 1.206999 0.000002 0.000000 0.000000 0.000000 1.061014
    39 -3.322851 -22.438121 -6.947674 1.928316 -0.035033 0.251907
    40 0.025545 -1.273521 1.753304 0.000000 0.000000 0.000000
    41 0.001032 1.440453 -1.526783 0.000000 0.000000 0.000000
    42 0.004413 0.696487 -1.430595 0.000000 0.000000 0.000000
    43 0.580660 0.349014 -1.430595 0.000000 0.000000 0.000000
    44 0.583444 -0.305904 -1.430599 0.000000 0.000000 0.000000
    45 0.005318 -0.648720 -1.430599 0.000000 0.000000 0.000000
    46 -0.574618 -0.303123 -1.430601 0.000000 0.000000 0.000000
    47 -0.573714 0.348118 -1.430595 0.000000 0.000000 0.000000
  time 80
    0 -0.999512 8.335938 -6.640625 -1.570760 -1.391893 -1.570827
    1 2.033349 1.000767 1.937660 1.596637 -1.286515 2.942961
    2 6.321118 -0.964873 1.468795 -0.211433 -1.084994 -1.944382
    3 11.692554 0.000001 0.000000 0.000000 0.000000 -0.739698
    4 11.481670 0.000001 -0.000031 -0.300633 -0.344533 0.943124
    5 3.859711 -0.142405 -1.191975 -0.491312 0.054898 -1.089461
    6 1.312555 -0.000002 0.000000 0.000000 0.000000 -0.435484
    7 0.729363 -0.000002 -0.000002 0.000000 0.000000 -0.240207
    8 3.942337 0.046767 -0.431443 -0.150125 0.076994 -0.776666
    9 1.539097 0.000000 0.000000 0.000000 0.000000 -0.409593
    10 1.196325 -0.000002 -0.000001 0.000000 0.000000 -0.581464
    11 3.883698 -0.046765 0.431443 0.085347 0.023775 -0.564480
    12 1.719570 -0.000004 -0.000001 0.000000 0.000000 -0.762886
    13 1.209169 -0.000004 0.000000 0.000000 0.000000 -0.256535
    14 3.859863 -0.137946 1.332466 0.483960 -0.048432 -0.425648
    15 1.719431 0.000002 0.000000 0.000000 0.000000 -0.496225
    16 1.099667 0.000000 -0.000001 0.000000 0.000000 -0.354423
    17 0.806053 -0.348926 1.321258 -1.287532 -0.366649 -0.722385
    18 1.789778 -0.000002 0.000002 0.000000 0.000000 0.212596
    19 1.207005 0.000000 0.000002 0.000000 0.000000 0.186299
    20 2.033356 1.000772 -1.937610 -2.129147 1.252455 2.502299
    21 6.028145 0.000000 0.000000 1.745099 1.244453 -1.090844
    22 11.692554 0.000001 0.000002 0.000000 0.000000 -0.719235
    23 11.481699 0.000001 0.000001 -1.500366 0.033676 0.749622
    24 3.859680 -0.132567 1.193109 0.076298 0.048710 -1.410444
    25 1.312555 -0.000002 0.000002 0.000000 0.000000 -0.439672
    26 0.729365 0.000000 -0.000001 0.000000 0.000000 -1.116930
    27 3.942307 0.050327 0.431044 0.032619 0.047813 -1.244423
    28 1.539099 -0.000002 0.000000 0.000000 0.000000 -0.858600
    29 1.196321 0.000010 0.000000 0.000000 0.000000 -1.041589
    30 3.883659 -0.050321 -0.431042 0.013675 -0.048012 -1.095524
    31 1.719578 0.000002 0.000000 0.000000 -0.007974 -1.239073
    32 1.209185 0.000002 0.000000 0.000000 -0.004460 -0.914505
    33 3.859840 -0.148937 -1.331282 -0.130416 -0.094966 -0.552749
    34 1.719421 0.000002 0.000000 0.000000 -0.006613 -0.362970
    35 1.099669 0.000002 -0.000001 0.000000 -0.004211 -0.767879
    36 0.806023 -0.359837 -1.318334 1.402404 0.526435 -0.917775
    37 1.789782 0.000000 -0.000004 -0.170078 0.039352 0.399730
    38 1.206999 0.000002 0.000000 0.000000 0.000000 1.061014
    39 -3.326757 -22.438121 -6.947674 1.928459 -0.034918 0.251907
    40 0.025545 -1.273521 1.753304 0.000000 0.000000 0.000000
    41 0.001032 1.440453 -1.526783 0.000000 0.000000 0.000000
    42 0.004413 0.696487 -1.430595 0.000000 0.000000 0.000000
    43 0.580660 0.349014 -1.430595 0.000000 0.000000 0.000000
    44 0.583444 -0.305904 -1.430599 0.000000 0.000000 0.000000
    45 0.005318 -0.648720 -1.430599 0.000000 0.000000 0.000000
    46 -0.574618 -0.303123 -1.430601 0.000000 0.000000 0.000000
    47 -0.573714 0.348118 -1.430595 0.000000 0.000000 0.000000
  time 81
    0 -0.999512 8.335938 -6.640625 -1.570760 -1.391893 -1.570827
    1 2.033349 1.000767 1.937660 1.596637 -1.286515 2.942961
    2 6.321118 -0.964873 1.468795 -0.211240 -1.084994 -1.944531
    3 11.692554 0.000001 0.000000 0.000000 0.000000 -0.739577
    4 11.481670 0.000001 -0.000031 -0.300888 -0.344431 0.943207
    5 3.859711 -0.142405 -1.191975 -0.491312 0.054898 -1.089461
    6 1.312555 -0.000002 0.000000 0.000000 0.000000 -0.435484
    7 0.729363 -0.000002 -0.000002 0.000000 0.000000 -0.240207
    8 3.942337 0.046767 -0.431443 -0.150125 0.076994 -0.776666
    9 1.539097 0.000000 0.000000 0.000000 0.000000 -0.409593
    10 1.196325 -0.000002 -0.000001 0.000000 0.000000 -0.581464
    11 3.883698 -0.046765 0.431443 0.085347 0.023775 -0.564480
    12 1.719570 -0.000004 -0.000001 0.000000 0.000000 -0.762886
    13 1.209169 -0.000004 0.000000 0.000000 0.000000 -0.256535
    14 3.859863 -0.137946 1.332466 0.483960 -0.048432 -0.425648
    15 1.719431 0.000002 0.000000 0.000000 0.000000 -0.496225
    16 1.099667 0.000000 -0.000001 0.000000 0.000000 -0.354423
    17 0.806053 -0.348926 1.321258 -1.287532 -0.366649 -0.722385
    18 1.789778 -0.000002 0.000002 0.000000 0.000000 0.212596
    19 1.207005 0.000000 0.000002 0.000000 0.000000 0.186299
    20 2.033356 1.000772 -1.937610 -2.129147 1.252455 2.502299
    21 6.028145 0.000000 0.000000 1.745249 1.244453 -1.090704
    22 11.692554 0.000001 0.000002 0.000000 0.000000 -0.719235
    23 11.481699 0.000001 0.000001 -1.500557 0.033650 0.749817
    24 3.859680 -0.132567 1.193109 0.076298 0.048710 -1.410444
    25 1.312555 -0.000002 0.000002 0.000000 0.000000 -0.439672
    26 0.729365 0.000000 -0.000001 0.000000 0.000000 -1.116930
    27 3.942307 0.050327 0.431044 0.032619 0.047813 -1.244423
    28 1.539099 -0.000002 0.000000 0.000000 0.000000 -0.858600
    29 1.196321 0.000010 0.000000 0.000000 0.000000 -1.041607
    30 3.883659 -0.050321 -0.431042 0.013675 -0.048012 -1.095524
    31 1.719578 0.000002 0.000000 0.000000 -0.007974 -1.239047
    32 1.209185 0.000002 0.000000 0.000000 -0.004460 -0.914505
    33 3.859840 -0.148937 -1.331282 -0.130416 -0.094966 -0.552749
    34 1.719421 0.000002 0.000000 0.000000 -0.006613 -0.362970
    35 1.099669 0.000002 -0.000001 0.000000 -0.004211 -0.767879
    36 0.806023 -0.359837 -1.318334 1.402404 0.526435 -0.917775
    37 1.789782 0.000000 -0.000004 -0.170078 0.039352 0.399730
    38 1.206999 0.000002 0.000000 0.000000 0.000000 1.061014
    39 -3.326757 -22.438121 -6.947674 1.928650 -0.034822 0.251907
    40 0.025545 -1.273521 1.753304 0.000000 0.000000 0.000000
    41 0.001032 1.440453 -1.526783 0.000000 0.000000 0.000000
    42 0.004413 0.696487 -1.430595 0.000000 0.000000 0.000000
    43 0.580660 0.349014 -1.430595 0.000000 0.000000 0.000000
    44 0.583444 -0.305904 -1.430599 0.000000 0.000000 0.000000
    45 0.005318 -0.648720 -1.430599 0.000000 0.000000 0.000000
    46 -0.574618 -0.303123 -1.430601 0.000000 0.000000 0.000000
    47 -0.573714 0.348118 -1.430595 0.000000 0.000000 0.000000
  time 82
    0 -0.999512 8.335938 -6.640625 -1.570760 -1.391893 -1.570827
    1 2.033349 1.000767 1.937660 1.596637 -1.286515 2.942961
    2 6.321118 -0.964873 1.468795 -0.211047 -1.084994 -1.944729
    3 11.692554 0.000001 0.000000 0.000000 0.000000 -0.739456
    4 11.481670 0.000001 -0.000031 -0.301015 -0.344390 0.943248
    5 3.859711 -0.142405 -1.191975 -0.491312 0.054898 -1.089461
    6 1.312555 -0.000002 0.000000 0.000000 0.000000 -0.435484
    7 0.729363 -0.000002 -0.000002 0.000000 0.000000 -0.240207
    8 3.942337 0.046767 -0.431443 -0.150125 0.076994 -0.776666
    9 1.539097 0.000000 0.000000 0.000000 0.000000 -0.409593
    10 1.196325 -0.000002 -0.000001 0.000000 0.000000 -0.581464
    11 3.883698 -0.046765 0.431443 0.085347 0.023775 -0.564480
    12 1.719570 -0.000004 -0.000001 0.000000 0.000000 -0.762886
    13 1.209169 -0.000004 0.000000 0.000000 0.000000 -0.256535
    14 3.859863 -0.137946 1.332466 0.483960 -0.048432 -0.425648
    15 1.719431 0.000002 0.000000 0.000000 0.000000 -0.496225
    16 1.099667 0.000000 -0.000001 0.000000 0.000000 -0.354423
    17 0.806053 -0.348926 1.321258 -1.287532 -0.366649 -0.722385
    18 1.789778 -0.000002 0.000002 0.000000 0.000000 0.212596
    19 1.207005 0.000000 0.000002 0.000000 0.000000 0.186299
    20 2.033356 1.000772 -1.937610 -2.129147 1.252455 2.502299
    21 6.028145 0.000000 0.000000 1.745349 1.244453 -1.090593
    22 11.692554 0.000001 0.000002 0.000000 0.000000 -0.719150
    23 11.481699 0.000001 0.000001 -1.500653 0.033637 0.749929
    24 3.859680 -0.132567 1.193109 0.076298 0.048710 -1.410444
    25 1.312555 -0.000002 0.000002 0.000000 0.000000 -0.439672
    26 0.729365 0.000000 -0.000001 0.000000 0.000000 -1.116930
    27 3.942307 0.050327 0.431044 0.032619 0.047813 -1.244423
    28 1.539099 -0.000002 0.000000 0.000000 0.000000 -0.858600
    29 1.196321 0.000010 0.000000 0.000000 0.000000 -1.041589
    30 3.883659 -0.050321 -0.431042 0.013675 -0.048012 -1.095524
    31 1.719578 0.000002 0.000000 0.000000 -0.007974 -1.239047
    32 1.209185 0.000002 0.000000 0.000000 -0.004460 -0.914505
    33 3.859840 -0.148937 -1.331282 -0.130416 -0.094966 -0.552749
    34 1.719421 0.000002 0.000000 0.000000 -0.006613 -0.362970
    35 1.099669 0.000002 -0.000001 0.000000 -0.004211 -0.767879
    36 0.806023 -0.359837 -1.318334 1.402404 0.526435 -0.917775
    37 1.789782 0.000000 -0.000004 -0.170078 0.039352 0.399730
    38 1.206999 0.000002 0.000000 0.000000 0.000000 1.061014
    39 -3.326757 -22.438121 -6.947674 1.928745 -0.034745 0.251907
    40 0.025545 -1.273521 1.753304 0.000000 0.000000 0.000000
    41 0.001032 1.440453 -1.526783 0.000000 0.000000 0.000000
    42 0.004413 0.696487 -1.430595 0.000000 0.000000 0.000000
    43 0.580660 0.349014 -1.430595 0.000000 0.000000 0.000000
    44 0.583444 -0.305904 -1.430599 0.000000 0.000000 0.000000
    45 0.005318 -0.648720 -1.430599 0.000000 0.000000 0.000000
    46 -0.574618 -0.303123 -1.430601 0.000000 0.000000 0.000000
    47 -0.573714 0.348118 -1.430595 0.000000 0.000000 0.000000
  time 83
    0 -0.999512 8.335938 -6.640625 -1.570760 -1.391893 -1.570827
    1 2.033349 1.000767 1.937660 1.596637 -1.286515 2.942961
    2 6.321118 -0.964873 1.468795 -0.210854 -1.084994 -1.944878
    3 11.692554 0.000001 0.000000 0.000000 0.000000 -0.739375
    4 11.481670 0.000001 -0.000031 -0.301079 -0.344308 0.943331
    5 3.859711 -0.142405 -1.191975 -0.491312 0.054898 -1.089461
    6 1.312555 -0.000002 0.000000 0.000000 0.000000 -0.435484
    7 0.729363 -0.000002 -0.000002 0.000000 0.000000 -0.240207
    8 3.942337 0.046767 -0.431443 -0.150125 0.076994 -0.776666
    9 1.539097 0.000000 0.000000 0.000000 0.000000 -0.409593
    10 1.196325 -0.000002 -0.000001 0.000000 0.000000 -0.581464
    11 3.883698 -0.046765 0.431443 0.085347 0.023775 -0.564480
    12 1.719570 -0.000004 -0.000001 0.000000 0.000000 -0.762886
    13 1.209169 -0.000004 0.000000 0.000000 0.000000 -0.256535
    14 3.859863 -0.137946 1.332466 0.483960 -0.048432 -0.425648
    15 1.719431 0.000002 0.000000 0.000000 0.000000 -0.496225
    16 1.099667 0.000000 -0.000001 0.000000 0.000000 -0.354423
    17 0.806053 -0.348926 1.321258 -1.287532 -0.366649 -0.722385
    18 1.789778 -0.000002 0.000002 0.000000 0.000000 0.212596
    19 1.207005 0.000000 0.000002 0.000000 0.000000 0.186299
    20 2.033356 1.000772 -1.937610 -2.129147 1.252455 2.502299
    21 6.028145 0.000000 0.000000 1.745449 1.244453 -1.090509
    22 11.692554 0.000001 0.000002 0.000000 0.000000 -0.719150
    23 11.481699 0.000001 0.000001 -1.500748 0.033624 0.749985
    24 3.859680 -0.132567 1.193109 0.076298 0.048710 -1.410444
    25 1.312555 -0.000002 0.000002 0.000000 0.000000 -0.439672
    26 0.729365 0.000000 -0.000001 0.000000 0.000000 -1.116930
    27 3.942307 0.050327 0.431044 0.032619 0.047813 -1.244423
    28 1.539099 -0.000002 0.000000 0.000000 0.000000 -0.858600
    29 1.196321 0.000010 0.000000 0.000000 0.000000 -1.041589
    30 3.883659 -0.050321 -0.431042 0.013675 -0.048012 -1.095524
    31 1.719578 0.000002 0.000000 0.000000 -0.007974 -1.239047
    32 1.209185 0.000002 0.000000 0.000000 -0.004460 -0.914505
    33 3.859840 -0.148937 -1.331282 -0.130416 -0.094966 -0.552749
    34 1.719421 0.000002 0.000000 0.000000 -0.006613 -0.362970
    35 1.099669 0.000002 -0.000001 0.000000 -0.004211 -0.767879
    36 0.806023 -0.359837 -1.318334 1.402404 0.526435 -0.917775
    37 1.789782 0.000000 -0.000004 -0.170078 0.039352 0.399730
    38 1.206999 0.000002 0.000000 0.000000 0.000000 1.061014
    39 -3.326757 -22.438121 -6.951580 1.928888 -0.034688 0.252047
    40 0.025545 -1.273521 1.753304 0.000000 0.000000 0.000000
    41 0.001032 1.440453 -1.526783 0.000000 0.000000 0.000000
    42 0.004413 0.696487 -1.430595 0.000000 0.000000 0.000000
    43 0.580660 0.349014 -1.430595 0.000000 0.000000 0.000000
    44 0.583444 -0.305904 -1.430599 0.000000 0.000000 0.000000
    45 0.005318 -0.648720 -1.430599 0.000000 0.000000 0.000000
    46 -0.574618 -0.303123 -1.430601 0.000000 0.000000 0.000000
    47 -0.573714 0.348118 -1.430595 0.000000 0.000000 0.000000
  time 84
    0 -0.999512 8.335938 -6.640625 -1.570760 -1.391893 -1.570827
    1 2.033349 1.000767 1.937660 1.596637 -1.286515 2.942961
    2 6.321118 -0.964873 1.468795 -0.210806 -1.084994 -1.944978
    3 11.692554 0.000001 0.000000 0.000000 0.000000 -0.739335
    4 11.481670 0.000001 -0.000031 -0.301142 -0.344308 0.943331
    5 3.859711 -0.142405 -1.191975 -0.491312 0.054898 -1.089461
    6 1.312555 -0.000002 0.000000 0.000000 0.000000 -0.435484
    7 0.729363 -0.000002 -0.000002 0.000000 0.000000 -0.240207
    8 3.942337 0.046767 -0.431443 -0.150125 0.076994 -0.776666
    9 1.539097 0.000000 0.000000 0.000000 0.000000 -0.409593
    10 1.196325 -0.000002 -0.000001 0.000000 0.000000 -0.581464
    11 3.883698 -0.046765 0.431443 0.085347 0.023775 -0.564480
    12 1.719570 -0.000004 -0.000001 0.000000 0.000000 -0.762886
    13 1.209169 -0.000004 0.000000 0.000000 0.000000 -0.256535
    14 3.859863 -0.137946 1.332466 0.483960 -0.048432 -0.425648
    15 1.719431 0.000002 0.000000 0.000000 0.000000 -0.496225
    16 1.099667 0.000000 -0.000001 0.000000 0.000000 -0.354423
    17 0.806053 -0.348926 1.321258 -1.287532 -0.366649 -0.722385
    18 1.789778 -0.000002 0.000002 0.000000 0.000000 0.212596
    19 1.207005 0.000000 0.000002 0.000000 0.000000 0.186299
    20 2.033356 1.000772 -1.937610 -2.129147 1.252455 2.502299
    21 6.028145 0.000000 0.000000 1.745499 1.244453 -1.090453
    22 11.692554 0.000001 0.000002 0.000000 0.000000 -0.719150
    23 11.481699 0.000001 0.000001 -1.500796 0.033611 0.750040
    24 3.859680 -0.132567 1.193109 0.076298 0.048710 -1.410444
    25 1.312555 -0.000002 0.000002 0.000000 0.000000 -0.439672
    26 0.729365 0.000000 -0.000001 0.000000 0.000000 -1.116930
    27 3.942307 0.050327 0.431044 0.032619 0.047813 -1.244423
    28 1.539099 -0.000002 0.000000 0.000000 0.000000 -0.858600
    29 1.196321 0.000010 0.000000 0.000000 0.000000 -1.041589
    30 3.883659 -0.050321 -0.431042 0.013675 -0.048012 -1.095524
    31 1.719578 0.000002 0.000000 0.000000 -0.007974 -1.239047
    32 1.209185 0.000002 0.000000 0.000000 -0.004460 -0.914505
    33 3.859840 -0.148937 -1.331282 -0.130416 -0.094966 -0.552749
    34 1.719421 0.000002 0.000000 0.000000 -0.006613 -0.362970
    35 1.099669 0.000002 -0.000001 0.000000 -0.004211 -0.767879
    36 0.806023 -0.359837 -1.318334 1.402404 0.526435 -0.917775
    37 1.789782 0.000000 -0.000004 -0.170078 0.039352 0.399730
    38 1.206999 0.000002 0.000000 0.000000 0.000000 1.061014
    39 -3.326757 -22.438121 -6.951580 1.928936 -0.034630 0.252047
    40 0.025545 -1.273521 1.753304 0.000000 0.000000 0.000000
    41 0.001032 1.440453 -1.526783 0.000000 0.000000 0.000000
    42 0.004413 0.696487 -1.430595 0.000000 0.000000 0.000000
    43 0.580660 0.349014 -1.430595 0.000000 0.000000 0.000000
    44 0.583444 -0.305904 -1.430599 0.000000 0.000000 0.000000
    45 0.005318 -0.648720 -1.430599 0.000000 0.000000 0.000000
    46 -0.574618 -0.303123 -1.430601 0.000000 0.000000 0.000000
    47 -0.573714 0.348118 -1.430595 0.000000 0.000000 0.000000
  time 85
    0 -0.999512 8.335938 -6.640625 -1.570760 -1.391893 -1.570827
    1 2.033349 1.000767 1.937660 1.596637 -1.286515 2.942961
    2 6.321118 -0.964873 1.468795 -0.210758 -1.084994 -1.945027
    3 11.692554 0.000001 0.000000 0.000000 0.000000 -0.739335
    4 11.481670 0.000001 -0.000031 -0.301270 -0.344267 0.943414
    5 3.859711 -0.142405 -1.191975 -0.491312 0.054898 -1.089461
    6 1.312555 -0.000002 0.000000 0.000000 0.000000 -0.435484
    7 0.729363 -0.000002 -0.000002 0.000000 0.000000 -0.240207
    8 3.942337 0.046767 -0.431443 -0.150125 0.076994 -0.776666
    9 1.539097 0.000000 0.000000 0.000000 0.000000 -0.409593
    10 1.196325 -0.000002 -0.000001 0.000000 0.000000 -0.581464
    11 3.883698 -0.046765 0.431443 0.085347 0.023775 -0.564480
    12 1.719570 -0.000004 -0.000001 0.000000 0.000000 -0.762886
    13 1.209169 -0.000004 0.000000 0.000000 0.000000 -0.256535
    14 3.859863 -0.137946 1.332466 0.483960 -0.048432 -0.425648
    15 1.719431 0.000002 0.000000 0.000000 0.000000 -0.496225
    16 1.099667 0.000000 -0.000001 0.000000 0.000000 -0.354423
    17 0.806053 -0.348926 1.321258 -1.287532 -0.366649 -0.722385
    18 1.789778 -0.000002 0.000002 0.000000 0.000000 0.212596
    19 1.207005 0.000000 0.000002 0.000000 0.000000 0.186299
    20 2.033356 1.000772 -1.937610 -2.129147 1.252455 2.502299
    21 6.028145 0.000000 0.000000 1.745499 1.244453 -1.090453
    22 11.692554 0.000001 0.000002 0.000000 0.000000 -0.719150
    23 11.481699 0.000001 0.000001 -1.500796 0.033611 0.750068
    24 3.859680 -0.132567 1.193109 0.076298 0.048710 -1.410444
    25 1.312555 -0.000002 0.000002 0.000000 0.000000 -0.439672
    26 0.729365 0.000000 -0.000001 0.000000 0.000000 -1.116930
    27 3.942307 0.050327 0.431044 0.032619 0.047813 -1.244423
    28 1.539099 -0.000002 0.000000 0.000000 0.000000 -0.858600
    29 1.196321 0.000010 0.000000 0.000000 0.000000 -1.041607
    30 3.883659 -0.050321 -0.431042 0.013675 -0.048012 -1.095524
    31 1.719578 0.000002 0.000000 0.000000 -0.007974 -1.239047
    32 1.209185 0.000002 0.000000 0.000000 -0.004460 -0.914505
    33 3.859840 -0.148937 -1.331282 -0.130416 -0.094966 -0.552749
    34 1.719421 0.000002 0.000000 0.000000 -0.006613 -0.362970
    35 1.099669 0.000002 -0.000001 0.000000 -0.004211 -0.767879
    36 0.806023 -0.359837 -1.318334 1.402404 0.526435 -0.917775
    37 1.789782 0.000000 -0.000004 -0.170078 0.039352 0.399730
    38 1.206999 0.000002 0.000000 0.000000 0.000000 1.061014
    39 -3.326757 -22.438121 -6.951580 1.928936 -0.034611 0.252047
    40 0.025545 -1.273521 1.753304 0.000000 0.000000 0.000000
    41 0.001032 1.440453 -1.526783 0.000000 0.000000 0.000000
    42 0.004413 0.696487 -1.430595 0.000000 0.000000 0.000000
    43 0.580660 0.349014 -1.430595 0.000000 0.000000 0.000000
    44 0.583444 -0.305904 -1.430599 0.000000 0.000000 0.000000
    45 0.005318 -0.648720 -1.430599 0.000000 0.000000 0.000000
    46 -0.574618 -0.303123 -1.430601 0.000000 0.000000 0.000000
    47 -0.573714 0.348118 -1.430595 0.000000 0.000000 0.000000
  time 86
    0 -0.999512 8.335938 -6.640625 -1.570760 -1.391893 -1.570827
    1 2.033349 1.000767 1.937660 1.596637 -1.286515 2.942961
    2 6.321118 -0.964873 1.468795 -0.210806 -1.084994 -1.944978
    3 11.692554 0.000001 0.000000 0.000000 0.000000 -0.739335
    4 11.481670 0.000001 -0.000031 -0.301270 -0.344267 0.943414
    5 3.859711 -0.142405 -1.191975 -0.491312 0.054898 -1.089461
    6 1.312555 -0.000002 0.000000 0.000000 0.000000 -0.435484
    7 0.729363 -0.000002 -0.000002 0.000000 0.000000 -0.240207
    8 3.942337 0.046767 -0.431443 -0.150125 0.076994 -0.776666
    9 1.539097 0.000000 0.000000 0.000000 0.000000 -0.409593
    10 1.196325 -0.000002 -0.000001 0.000000 0.000000 -0.581464
    11 3.883698 -0.046765 0.431443 0.085347 0.023775 -0.564480
    12 1.719570 -0.000004 -0.000001 0.000000 0.000000 -0.762886
    13 1.209169 -0.000004 0.000000 0.000000 0.000000 -0.256535
    14 3.859863 -0.137946 1.332466 0.483960 -0.048432 -0.425648
    15 1.719431 0.000002 0.000000 0.000000 0.000000 -0.496225
    16 1.099667 0.000000 -0.000001 0.000000 0.000000 -0.354423
    17 0.806053 -0.348926 1.321258 -1.287532 -0.366649 -0.722385
    18 1.789778 -0.000002 0.000002 0.000000 0.000000 0.212596
    19 1.207005 0.000000 0.000002 0.000000 0.000000 0.186299
    20 2.033356 1.000772 -1.937610 -2.129147 1.252455 2.502299
    21 6.028145 0.000000 0.000000 1.745499 1.244532 -1.090453
    22 11.692554 0.000001 0.000002 0.000000 0.000012 -0.718812
    23 11.481699 0.000001 0.000001 -1.500796 0.033598 0.749705
    24 3.859680 -0.132567 1.193109 0.076298 0.048710 -1.410444
    25 1.312555 -0.000002 0.000002 0.000000 0.000000 -0.439672
    26 0.729365 0.000000 -0.000001 0.000000 0.000000 -1.116930
    27 3.942307 0.050327 0.431044 0.032619 0.047813 -1.244423
    28 1.539099 -0.000002 0.000000 0.000000 0.000000 -0.858600
    29 1.196321 0.000010 0.000000 0.000000 0.000000 -1.041607
    30 3.883659 -0.050321 -0.431042 0.013675 -0.048012 -1.095524
    31 1.719578 0.000002 0.000000 0.000000 -0.007974 -1.239047
    32 1.209185 0.000002 0.000000 0.000000 -0.004460 -0.914505
    33 3.859840 -0.148937 -1.331282 -0.130416 -0.094966 -0.552749
    34 1.719421 0.000002 0.000000 0.000000 -0.006613 -0.362970
    35 1.099669 0.000002 -0.000001 0.000000 -0.004211 -0.767879
    36 0.806023 -0.359837 -1.318334 1.402404 0.526435 -0.917775
    37 1.789782 0.000000 -0.000004 -0.170078 0.039352 0.399730
    38 1.206999 0.000002 0.000000 0.000000 0.000000 1.061014
    39 -3.326757 -22.438121 -6.951580 1.928936 -0.034611 0.252047
    40 0.025545 -1.273521 1.753304 0.000000 0.000000 0.000000
    41 0.001032 1.440453 -1.526783 0.000000 0.000000 0.000000
    42 0.004413 0.696487 -1.430595 0.000000 0.000000 0.000000
    43 0.580660 0.349014 -1.430595 0.000000 0.000000 0.000000
    44 0.583444 -0.305904 -1.430599 0.000000 0.000000 0.000000
    45 0.005318 -0.648720 -1.430599 0.000000 0.000000 0.000000
    46 -0.574618 -0.303123 -1.430601 0.000000 0.000000 0.000000
    47 -0.573714 0.348118 -1.430595 0.000000 0.000000 0.000000
  time 87
    0 -0.999512 8.335938 -6.640625 -1.570760 -1.391893 -1.570827
    1 2.033349 1.000767 1.937660 1.596637 -1.286515 2.942961
    2 6.321118 -0.964873 1.468795 -0.210854 -1.084994 -1.944978
    3 11.692554 0.000001 0.000000 0.000000 0.000000 -0.739375
    4 11.481670 0.000001 -0.000031 -0.301142 -0.344267 0.943414
    5 3.859711 -0.142405 -1.191975 -0.491312 0.054898 -1.089461
    6 1.312555 -0.000002 0.000000 0.000000 0.000000 -0.435484
    7 0.729363 -0.000002 -0.000002 0.000000 0.000000 -0.240207
    8 3.942337 0.046767 -0.431443 -0.150125 0.076994 -0.776666
    9 1.539097 0.000000 0.000000 0.000000 0.000000 -0.409593
    10 1.196325 -0.000002 -0.000001 0.000000 0.000000 -0.581464
    11 3.883698 -0.046765 0.431443 0.085347 0.023775 -0.564480
    12 1.719570 -0.000004 -0.000001 0.000000 0.000000 -0.762886
    13 1.209169 -0.000004 0.000000 0.000000 0.000000 -0.256535
    14 3.859863 -0.137946 1.332466 0.483960 -0.048432 -0.425648
    15 1.719431 0.000002 0.000000 0.000000 0.000000 -0.496225
    16 1.099667 0.000000 -0.000001 0.000000 0.000000 -0.354423
    17 0.806053 -0.348926 1.321258 -1.287532 -0.366649 -0.722385
    18 1.789778 -0.000002 0.000002 0.000000 0.000000 0.212596
    19 1.207005 0.000000 0.000002 0.000000 0.000000 0.186299
    20 2.033356 1.000772 -1.937610 -2.129147 1.252455 2.502299
    21 6.028145 0.000000 0.000000 1.745449 1.244532 -1.090481
    22 11.692554 0.000001 0.000002 0.000000 0.000000 -0.719150
    23 11.481699 0.000001 0.000001 -1.500796 0.033624 0.750068
    24 3.859680 -0.132567 1.193109 0.076298 0.048710 -1.410444
    25 1.312555 -0.000002 0.000002 0.000000 0.000000 -0.439672
    26 0.729365 0.000000 -0.000001 0.000000 0.000000 -1.116930
    27 3.942307 0.050327 0.431044 0.032619 0.047813 -1.244423
    28 1.539099 -0.000002 0.000000 0.000000 0.000000 -0.858600
    29 1.196321 0.000010 0.000000 0.000000 0.000000 -1.041626
    30 3.883659 -0.050321 -0.431042 0.013675 -0.048012 -1.095524
    31 1.719578 0.000002 0.000000 0.000000 -0.007974 -1.239047
    32 1.209185 0.000002 0.000000 0.000000 -0.004460 -0.914505
    33 3.859840 -0.148937 -1.331282 -0.130416 -0.094966 -0.552749
    34 1.719421 0.000002 0.000000 0.000000 -0.006613 -0.362970
    35 1.099669 0.000002 -0.000001 0.000000 -0.004211 -0.767879
    36 0.806023 -0.359837 -1.318334 1.402404 0.526435 -0.917775
    37 1.789782 0.000000 -0.000004 -0.170078 0.039352 0.399730
    38 1.206999 0.000002 0.000000 0.000000 0.000000 1.061014
    39 -3.326757 -22.438121 -6.951580 1.928936 -0.034611 0.252047
    40 0.025545 -1.273521 1.753304 0.000000 0.000000 0.000000
    41 0.001032 1.440453 -1.526783 0.000000 0.000000 0.000000
    42 0.004413 0.696487 -1.430595 0.000000 0.000000 0.000000
    43 0.580660 0.349014 -1.430595 0.000000 0.000000 0.000000
    44 0.583444 -0.305904 -1.430599 0.000000 0.000000 0.000000
    45 0.005318 -0.648720 -1.430599 0.000000 0.000000 0.000000
    46 -0.574618 -0.303123 -1.430601 0.000000 0.000000 0.000000
    47 -0.573714 0.348118 -1.430595 0.000000 0.000000 0.000000
  time 88
    0 -0.999512 8.335938 -6.640625 -1.570760 -1.391893 -1.570827
    1 2.033349 1.000767 1.937660 1.596637 -1.286515 2.942961
    2 6.321118 -0.964873 1.468795 -0.210854 -1.084994 -1.944878
    3 11.692554 0.000001 0.000000 0.000000 0.000000 -0.739456
    4 11.481670 0.000001 -0.000031 -0.301142 -0.344267 0.943414
    5 3.859711 -0.142405 -1.191975 -0.491312 0.054898 -1.089461
    6 1.312555 -0.000002 0.000000 0.000000 0.000000 -0.435484
    7 0.729363 -0.000002 -0.000002 0.000000 0.000000 -0.240207
    8 3.942337 0.046767 -0.431443 -0.150125 0.076994 -0.776666
    9 1.539097 0.000000 0.000000 0.000000 0.000000 -0.409593
    10 1.196325 -0.000002 -0.000001 0.000000 0.000000 -0.581464
    11 3.883698 -0.046765 0.431443 0.085347 0.023775 -0.564480
    12 1.719570 -0.000004 -0.000001 0.000000 0.000000 -0.762886
    13 1.209169 -0.000004 0.000000 0.000000 0.000000 -0.256535
    14 3.859863 -0.137946 1.332466 0.483960 -0.048432 -0.425648
    15 1.719431 0.000002 0.000000 0.000000 0.000000 -0.496225
    16 1.099667 0.000000 -0.000001 0.000000 0.000000 -0.354423
    17 0.806053 -0.348926 1.321258 -1.287532 -0.366649 -0.722385
    18 1.789778 -0.000002 0.000002 0.000000 0.000000 0.212596
    19 1.207005 0.000000 0.000002 0.000000 0.000000 0.186299
    20 2.033356 1.000772 -1.937610 -2.129147 1.252455 2.502299
    21 6.028145 0.000000 0.000000 1.745399 1.244532 -1.090537
    22 11.692554 0.000001 0.000002 0.000000 0.000000 -0.719108
    23 11.481699 0.000001 0.000001 -1.500796 0.033637 0.750068
    24 3.859680 -0.132567 1.193109 0.076298 0.048710 -1.410444
    25 1.312555 -0.000002 0.000002 0.000000 0.000000 -0.439672
    26 0.729365 0.000000 -0.000001 0.000000 0.000000 -1.116930
    27 3.942307 0.050327 0.431044 0.032619 0.047813 -1.244423
    28 1.539099 -0.000002 0.000000 0.000000 0.000000 -0.858600
    29 1.196321 0.000010 0.000000 0.000000 0.000000 -1.041626
    30 3.883659 -0.050321 -0.431042 0.013675 -0.048012 -1.095524
    31 1.719578 0.000002 0.000000 0.000000 -0.007974 -1.239047
    32 1.209185 0.000002 0.000000 0.000000 -0.004460 -0.914505
    33 3.859840 -0.148937 -1.331282 -0.130416 -0.094966 -0.552749
    34 1.719421 0.000002 0.000000 0.000000 -0.006613 -0.362970
    35 1.099669 0.000002 -0.000001 0.000000 -0.004211 -0.767879
    36 0.806023 -0.359837 -1.318334 1.402404 0.526435 -0.917775
    37 1.789782 0.000000 -0.000004 -0.170078 0.039352 0.399730
    38 1.206999 0.000002 0.000000 0.000000 0.000000 1.061014
    39 -3.326757 -22.438121 -6.951580 1.928936 -0.034611 0.252047
    40 0.025545 -1.273521 1.753304 0.000000 0.000000 0.000000
    41 0.001032 1.440453 -1.526783 0.000000 0.000000 0.000000
    42 0.004413 0.696487 -1.430595 0.000000 0.000000 0.000000
    43 0.580660 0.349014 -1.430595 0.000000 0.000000 0.000000
    44 0.583444 -0.305904 -1.430599 0.000000 0.000000 0.000000
    45 0.005318 -0.648720 -1.430599 0.000000 0.000000 0.000000
    46 -0.574618 -0.303123 -1.430601 0.000000 0.000000 0.000000
    47 -0.573714 0.348118 -1.430595 0.000000 0.000000 0.000000
  time 89
    0 -0.999512 8.335938 -6.640625 -1.570760 -1.391893 -1.570827
    1 2.033349 1.000767 1.937660 1.596637 -1.286515 2.942961
    2 6.321118 -0.964873 1.468795 -0.210999 -1.084994 -1.944829
    3 11.692554 0.000001 0.000000 0.000000 0.000000 -0.739496
    4 11.481670 0.000001 -0.000031 -0.301142 -0.344226 0.943414
    5 3.859711 -0.142405 -1.191975 -0.491312 0.054898 -1.089461
    6 1.312555 -0.000002 0.000000 0.000000 0.000000 -0.435484
    7 0.729363 -0.000002 -0.000002 0.000000 0.000000 -0.240207
    8 3.942337 0.046767 -0.431443 -0.150125 0.076994 -0.776666
    9 1.539097 0.000000 0.000000 0.000000 0.000000 -0.409593
    10 1.196325 -0.000002 -0.000001 0.000000 0.000000 -0.581464
    11 3.883698 -0.046765 0.431443 0.085347 0.023775 -0.564480
    12 1.719570 -0.000004 -0.000001 0.000000 0.000000 -0.762886
    13 1.209169 -0.000004 0.000000 0.000000 0.000000 -0.256535
    14 3.859863 -0.137946 1.332466 0.483960 -0.048432 -0.425648
    15 1.719431 0.000002 0.000000 0.000000 0.000000 -0.496225
    16 1.099667 0.000000 -0.000001 0.000000 0.000000 -0.354423
    17 0.806053 -0.348926 1.321258 -1.287532 -0.366649 -0.722385
    18 1.789778 -0.000002 0.000002 0.000000 0.000000 0.212596
    19 1.207005 0.000000 0.000002 0.000000 0.000000 0.186299
    20 2.033356 1.000772 -1.937610 -2.129147 1.252455 2.502299
    21 6.028145 0.000000 0.000000 1.745349 1.244532 -1.090565
    22 11.692554 0.000001 0.000002 0.000000 0.000000 -0.719108
    23 11.481699 0.000001 0.000001 -1.500796 0.033663 0.750068
    24 3.859680 -0.132567 1.193109 0.076298 0.048710 -1.410444
    25 1.312555 -0.000002 0.000002 0.000000 0.000000 -0.439672
    26 0.729365 0.000000 -0.000001 0.000000 0.000000 -1.116930
    27 3.942307 0.050327 0.431044 0.032619 0.047813 -1.244423
    28 1.539099 -0.000002 0.000000 0.000000 0.000000 -0.858600
    29 1.196321 0.000010 0.000000 0.000000 0.000000 -1.041607
    30 3.883659 -0.050321 -0.431042 0.013675 -0.048012 -1.095524
    31 1.719578 0.000002 0.000000 0.000000 -0.007974 -1.239047
    32 1.209185 0.000002 0.000000 0.000000 -0.004460 -0.914505
    33 3.859840 -0.148937 -1.331282 -0.130416 -0.094966 -0.552749
    34 1.719421 0.000002 0.000000 0.000000 -0.006613 -0.362970
    35 1.099669 0.000002 -0.000001 0.000000 -0.004211 -0.767879
    36 0.806023 -0.359837 -1.318334 1.402404 0.526435 -0.917775
    37 1.789782 0.000000 -0.000004 -0.170078 0.039352 0.399730
    38 1.206999 0.000002 0.000000 0.000000 0.000000 1.061014
    39 -3.326757 -22.438121 -6.951580 1.928936 -0.034611 0.252047
    40 0.025545 -1.273521 1.753304 0.000000 0.000000 0.000000
    41 0.001032 1.440453 -1.526783 0.000000 0.000000 0.000000
    42 0.004413 0.696487 -1.430595 0.000000 0.000000 0.000000
    43 0.580660 0.349014 -1.430595 0.000000 0.000000 0.000000
    44 0.583444 -0.305904 -1.430599 0.000000 0.000000 0.000000
    45 0.005318 -0.648720 -1.430599 0.000000 0.000000 0.000000
    46 -0.574618 -0.303123 -1.430601 0.000000 0.000000 0.000000
    47 -0.573714 0.348118 -1.430595 0.000000 0.000000 0.000000
  time 90
    0 -0.999512 8.335938 -6.640625 -1.570760 -1.391893 -1.570827
    1 2.033349 1.000767 1.937660 1.596637 -1.286515 2.942961
    2 6.321118 -0.964873 1.468795 -0.211144 -1.084994 -1.944680
    3 11.692554 0.000001 0.000000 0.000000 0.000000 -0.739617
    4 11.481670 0.000001 -0.000031 -0.301142 -0.344226 0.943497
    5 3.859711 -0.142405 -1.191975 -0.491312 0.054898 -1.089461
    6 1.312555 -0.000002 0.000000 0.000000 0.000000 -0.435484
    7 0.729363 -0.000002 -0.000002 0.000000 0.000000 -0.240207
    8 3.942337 0.046767 -0.431443 -0.150125 0.076994 -0.776666
    9 1.539097 0.000000 0.000000 0.000000 0.000000 -0.409593
    10 1.196325 -0.000002 -0.000001 0.000000 0.000000 -0.581464
    11 3.883698 -0.046765 0.431443 0.085347 0.023775 -0.564480
    12 1.719570 -0.000004 -0.000001 0.000000 0.000000 -0.762886
    13 1.209169 -0.000004 0.000000 0.000000 0.000000 -0.256535
    14 3.859863 -0.137946 1.332466 0.483960 -0.048432 -0.425648
    15 1.719431 0.000002 0.000000 0.000000 0.000000 -0.496225
    16 1.099667 0.000000 -0.000001 0.000000 0.000000 -0.354423
    17 0.806053 -0.348926 1.321258 -1.287532 -0.366649 -0.722385
    18 1.789778 -0.000002 0.000002 0.000000 0.000000 0.212596
    19 1.207005 0.000000 0.000002 0.000000 0.000000 0.186299
    20 2.033356 1.000772 -1.937610 -2.129147 1.252455 2.502299
    21 6.028145 0.000000 0.000000 1.745249 1.244532 -1.090648
    22 11.692554 0.000001 0.000002 0.000000 0.000000 -0.719108
    23 11.481699 0.000001 0.000001 -1.500748 0.033689 0.750068
    24 3.859680 -0.132567 1.193109 0.076298 0.048710 -1.410444
    25 1.312555 -0.000002 0.000002 0.000000 0.000000 -0.439672
    26 0.729365 0.000000 -0.000001 0.000000 0.000000 -1.116930
    27 3.942307 0.050327 0.431044 0.032619 0.047813 -1.244423
    28 1.539099 -0.000002 0.000000 0.000000 0.000000 -0.858600
    29 1.196321 0.000010 0.000000 0.000000 0.000000 -1.041626
    30 3.883659 -0.050321 -0.431042 0.013675 -0.048012 -1.095524
    31 1.719578 0.000002 0.000000 0.000000 -0.007974 -1.239047
    32 1.209185 0.000002 0.000000 0.000000 -0.004460 -0.914505
    33 3.859840 -0.148937 -1.331282 -0.130416 -0.094966 -0.552749
    34 1.719421 0.000002 0.000000 0.000000 -0.006613 -0.362970
    35 1.099669 0.000002 -0.000001 0.000000 -0.004211 -0.767879
    36 0.806023 -0.359837 -1.318334 1.402404 0.526435 -0.917775
    37 1.789782 0.000000 -0.000004 -0.170078 0.039352 0.399730
    38 1.206999 0.000002 0.000000 0.000000 0.000000 1.061014
    39 -3.326757 -22.438121 -6.951580 1.928936 -0.034611 0.252047
    40 0.025545 -1.273521 1.753304 0.000000 0.000000 0.000000
    41 0.001032 1.440453 -1.526783 0.000000 0.000000 0.000000
    42 0.004413 0.696487 -1.430595 0.000000 0.000000 0.000000
    43 0.580660 0.349014 -1.430595 0.000000 0.000000 0.000000
    44 0.583444 -0.305904 -1.430599 0.000000 0.000000 0.000000
    45 0.005318 -0.648720 -1.430599 0.000000 0.000000 0.000000
    46 -0.574618 -0.303123 -1.430601 0.000000 0.000000 0.000000
    47 -0.573714 0.348118 -1.430595 0.000000 0.000000 0.000000
  time 91
    0 -0.999512 8.335938 -6.640625 -1.570760 -1.391893 -1.570827
    1 2.033349 1.000767 1.937660 1.596637 -1.286515 2.942961
    2 6.321118 -0.964873 1.468795 -0.211240 -1.084994 -1.944531
    3 11.692554 0.000001 0.000000 0.000000 0.000000 -0.739698
    4 11.481670 0.000001 -0.000031 -0.301142 -0.344165 0.943497
    5 3.859711 -0.142405 -1.191975 -0.491312 0.054898 -1.089461
    6 1.312555 -0.000002 0.000000 0.000000 0.000000 -0.435484
    7 0.729363 -0.000002 -0.000002 0.000000 0.000000 -0.240207
    8 3.942337 0.046767 -0.431443 -0.150125 0.076994 -0.776666
    9 1.539097 0.000000 0.000000 0.000000 0.000000 -0.409593
    10 1.196325 -0.000002 -0.000001 0.000000 0.000000 -0.581464
    11 3.883698 -0.046765 0.431443 0.085347 0.023775 -0.564480
    12 1.719570 -0.000004 -0.000001 0.000000 0.000000 -0.762886
    13 1.209169 -0.000004 0.000000 0.000000 0.000000 -0.256535
    14 3.859863 -0.137946 1.332466 0.483960 -0.048432 -0.425648
    15 1.719431 0.000002 0.000000 0.000000 0.000000 -0.496225
    16 1.099667 0.000000 -0.000001 0.000000 0.000000 -0.354423
    17 0.806053 -0.348926 1.321258 -1.287532 -0.366649 -0.722385
    18 1.789778 -0.000002 0.000002 0.000000 0.000000 0.212596
    19 1.207005 0.000000 0.000002 0.000000 0.000000 0.186299
    20 2.033356 1.000772 -1.937610 -2.129147 1.252455 2.502299
    21 6.028145 0.000000 0.000000 1.745149 1.244571 -1.090732
    22 11.692554 0.000001 0.000002 0.000000 0.000000 -0.719108
    23 11.481699 0.000001 0.000001 -1.500748 0.033728 0.750068
    24 3.859680 -0.132567 1.193109 0.076298 0.048710 -1.410444
    25 1.312555 -0.000002 0.000002 0.000000 0.000000 -0.439672
    26 0.729365 0.000000 -0.000001 0.000000 0.000000 -1.116930
    27 3.942307 0.050327 0.431044 0.032619 0.047813 -1.244423
    28 1.539099 -0.000002 0.000000 0.000000 0.000000 -0.858600
    29 1.196321 0.000010 0.000000 0.000000 0.000000 -1.041626
    30 3.883659 -0.050321 -0.431042 0.013675 -0.048012 -1.095524
    31 1.719578 0.000002 0.000000 0.000000 -0.007974 -1.239047
    32 1.209185 0.000002 0.000000 0.000000 -0.004460 -0.914505
    33 3.859840 -0.148937 -1.331282 -0.130416 -0.094966 -0.552749
    34 1.719421 0.000002 0.000000 0.000000 -0.006613 -0.362970
    35 1.099669 0.000002 -0.000001 0.000000 -0.004211 -0.767879
    36 0.806023 -0.359837 -1.318334 1.402404 0.526435 -0.917775
    37 1.789782 0.000000 -0.000004 -0.170078 0.039352 0.399730
    38 1.206999 0.000002 0.000000 0.000000 0.000000 1.061014
    39 -3.322851 -22.438121 -6.951580 1.928936 -0.034611 0.252047
    40 0.025545 -1.273521 1.753304 0.000000 0.000000 0.000000
    41 0.001032 1.440453 -1.526783 0.000000 0.000000 0.000000
    42 0.004413 0.696487 -1.430595 0.000000 0.000000 0.000000
    43 0.580660 0.349014 -1.430595 0.000000 0.000000 0.000000
    44 0.583444 -0.305904 -1.430599 0.000000 0.000000 0.000000
    45 0.005318 -0.648720 -1.430599 0.000000 0.000000 0.000000
    46 -0.574618 -0.303123 -1.430601 0.000000 0.000000 0.000000
    47 -0.573714 0.348118 -1.430595 0.000000 0.000000 0.000000
  time 92
    0 -0.999512 8.335938 -6.640625 -1.570760 -1.391893 -1.570827
    1 2.033349 1.000767 1.937660 1.596637 -1.286515 2.942961
    2 6.321118 -0.964873 1.468795 -0.211385 -1.084994 -1.944382
    3 11.692554 0.000001 0.000000 0.000000 0.000000 -0.739819
    4 11.481670 0.000001 -0.000031 -0.301079 -0.344144 0.943538
    5 3.859711 -0.142405 -1.191975 -0.491312 0.054898 -1.089461
    6 1.312555 -0.000002 0.000000 0.000000 0.000000 -0.435484
    7 0.729363 -0.000002 -0.000002 0.000000 0.000000 -0.240207
    8 3.942337 0.046767 -0.431443 -0.150125 0.076994 -0.776666
    9 1.539097 0.000000 0.000000 0.000000 0.000000 -0.409593
    10 1.196325 -0.000002 -0.000001 0.000000 0.000000 -0.581464
    11 3.883698 -0.046765 0.431443 0.085347 0.023775 -0.564480
    12 1.719570 -0.000004 -0.000001 0.000000 0.000000 -0.762886
    13 1.209169 -0.000004 0.000000 0.000000 0.000000 -0.256535
    14 3.859863 -0.137946 1.332466 0.483960 -0.048432 -0.425648
    15 1.719431 0.000002 0.000000 0.000000 0.000000 -0.496225
    16 1.099667 0.000000 -0.000001 0.000000 0.000000 -0.354423
    17 0.806053 -0.348926 1.321258 -1.287532 -0.366649 -0.722385
    18 1.789778 -0.000002 0.000002 0.000000 0.000000 0.212596
    19 1.207005 0.000000 0.000002 0.000000 0.000000 0.186299
    20 2.033356 1.000772 -1.937610 -2.129147 1.252455 2.502299
    21 6.028145 0.000000 0.000000 1.745099 1.244651 -1.090844
    22 11.692554 0.000001 0.000002 0.000000 0.000000 -0.719108
    23 11.481699 0.000001 0.000001 -1.500748 0.033754 0.750068
    24 3.859680 -0.132567 1.193109 0.076298 0.048710 -1.410444
    25 1.312555 -0.000002 0.000002 0.000000 0.000000 -0.439672
    26 0.729365 0.000000 -0.000001 0.000000 0.000000 -1.116930
    27 3.942307 0.050327 0.431044 0.032619 0.047813 -1.244423
    28 1.539099 -0.000002 0.000000 0.000000 0.000000 -0.858600
    29 1.196321 0.000010 0.000000 0.000000 0.000000 -1.041607
    30 3.883659 -0.050321 -0.431042 0.013675 -0.048012 -1.095524
    31 1.719578 0.000002 0.000000 0.000000 -0.007974 -1.239047
    32 1.209185 0.000002 0.000000 0.000000 -0.004460 -0.914505
    33 3.859840 -0.148937 -1.331282 -0.130416 -0.094966 -0.552749
    34 1.719421 0.000002 0.000000 0.000000 -0.006613 -0.362970
    35 1.099669 0.000002 -0.000001 0.000000 -0.004211 -0.767879
    36 0.806023 -0.359837 -1.318334 1.402404 0.526435 -0.917775
    37 1.789782 0.000000 -0.000004 -0.170078 0.039352 0.399730
    38 1.206999 0.000002 0.000000 0.000000 0.000000 1.061014
    39 -3.322851 -22.438121 -6.951580 1.928936 -0.034611 0.252047
    40 0.025545 -1.273521 1.753304 0.000000 0.000000 0.000000
    41 0.001032 1.440453 -1.526783 0.000000 0.000000 0.000000
    42 0.004413 0.696487 -1.430595 0.000000 0.000000 0.000000
    43 0.580660 0.349014 -1.430595 0.000000 0.000000 0.000000
    44 0.583444 -0.305904 -1.430599 0.000000 0.000000 0.000000
    45 0.005318 -0.648720 -1.430599 0.000000 0.000000 0.000000
    46 -0.574618 -0.303123 -1.430601 0.000000 0.000000 0.000000
    47 -0.573714 0.348118 -1.430595 0.000000 0.000000 0.000000
  time 93
    0 -0.999512 8.335938 -6.640625 -1.570760 -1.391893 -1.570827
    1 2.033349 1.000767 1.937660 1.596637 -1.286515 2.942961
    2 6.321118 -0.964873 1.468795 -0.211530 -1.085039 -1.944233
    3 11.692554 0.000001 0.000000 0.000000 0.000000 -0.739859
    4 11.481670 0.000001 -0.000031 -0.301079 -0.344124 0.943538
    5 3.859711 -0.142405 -1.191975 -0.491312 0.054898 -1.089461
    6 1.312555 -0.000002 0.000000 0.000000 0.000000 -0.435484
    7 0.729363 -0.000002 -0.000002 0.000000 0.000000 -0.240207
    8 3.942337 0.046767 -0.431443 -0.150125 0.076994 -0.776666
    9 1.539097 0.000000 0.000000 0.000000 0.000000 -0.409593
    10 1.196325 -0.000002 -0.000001 0.000000 0.000000 -0.581464
    11 3.883698 -0.046765 0.431443 0.085347 0.023775 -0.564480
    12 1.719570 -0.000004 -0.000001 0.000000 0.000000 -0.762886
    13 1.209169 -0.000004 0.000000 0.000000 0.000000 -0.256535
    14 3.859863 -0.137946 1.332466 0.483960 -0.048432 -0.425648
    15 1.719431 0.000002 0.000000 0.000000 0.000000 -0.496225
    16 1.099667 0.000000 -0.000001 0.000000 0.000000 -0.354423
    17 0.806053 -0.348926 1.321258 -1.287532 -0.366649 -0.722385
    18 1.789778 -0.000002 0.000002 0.000000 0.000000 0.212596
    19 1.207005 0.000000 0.000002 0.000000 0.000000 0.186299
    20 2.033356 1.000772 -1.937610 -2.129147 1.252455 2.502299
    21 6.028145 0.000000 0.000000 1.744949 1.244651 -1.090956
    22 11.692554 0.000001 0.000002 0.000000 0.000000 -0.719066
    23 11.481699 0.000001 0.000001 -1.500796 0.033871 0.749789
    24 3.859680 -0.132567 1.193109 0.076298 0.048710 -1.410444
    25 1.312555 -0.000002 0.000002 0.000000 0.000000 -0.439672
    26 0.729365 0.000000 -0.000001 0.000000 0.000000 -1.116930
    27 3.942307 0.050327 0.431044 0.032619 0.047813 -1.244423
    28 1.539099 -0.000002 0.000000 0.000000 0.000000 -0.858600
    29 1.196321 0.000010 0.000000 0.000000 0.000000 -1.041589
    30 3.883659 -0.050321 -0.431042 0.013675 -0.048012 -1.095524
    31 1.719578 0.000002 0.000000 0.000000 -0.007974 -1.239047
    32 1.209185 0.000002 0.000000 0.000000 -0.004460 -0.914505
    33 3.859840 -0.148937 -1.331282 -0.130416 -0.094966 -0.552749
    34 1.719421 0.000002 0.000000 0.000000 -0.006613 -0.362970
    35 1.099669 0.000002 -0.000001 0.000000 -0.004211 -0.767879
    36 0.806023 -0.359837 -1.318334 1.402404 0.526435 -0.917775
    37 1.789782 0.000000 -0.000004 -0.170078 0.039352 0.399730
    38 1.206999 0.000002 0.000000 0.000000 0.000000 1.061014
    39 -3.322851 -22.438121 -6.947674 1.928936 -0.034611 0.252047
    40 0.025545 -1.273521 1.753304 0.000000 0.000000 0.000000
    41 0.001032 1.440453 -1.526783 0.000000 0.000000 0.000000
    42 0.004413 0.696487 -1.430595 0.000000 0.000000 0.000000
    43 0.580660 0.349014 -1.430595 0.000000 0.000000 0.000000
    44 0.583444 -0.305904 -1.430599 0.000000 0.000000 0.000000
    45 0.005318 -0.648720 -1.430599 0.000000 0.000000 0.000000
    46 -0.574618 -0.303123 -1.430601 0.000000 0.000000 0.000000
    47 -0.573714 0.348118 -1.430595 0.000000 0.000000 0.000000
  time 94
    0 -0.999512 8.335938 -6.640625 -1.570760 -1.391893 -1.570827
    1 2.033349 1.000767 1.937660 1.596637 -1.286515 2.942961
    2 6.321118 -0.964873 1.468795 -0.211626 -1.085039 -1.944084
    3 11.692554 0.000001 0.000000 0.000000 0.000000 -0.739980
    4 11.481670 0.000001 -0.000031 -0.301079 -0.344083 0.943621
    5 3.859711 -0.142405 -1.191975 -0.491312 0.054898 -1.089461
    6 1.312555 -0.000002 0.000000 0.000000 0.000000 -0.435484
    7 0.729363 -0.000002 -0.000002 0.000000 0.000000 -0.240207
    8 3.942337 0.046767 -0.431443 -0.150125 0.076994 -0.776666
    9 1.539097 0.000000 0.000000 0.000000 0.000000 -0.409593
    10 1.196325 -0.000002 -0.000001 0.000000 0.000000 -0.581464
    11 3.883698 -0.046765 0.431443 0.085347 0.023775 -0.564480
    12 1.719570 -0.000004 -0.000001 0.000000 0.000000 -0.762886
    13 1.209169 -0.000004 0.000000 0.000000 0.000000 -0.256535
    14 3.859863 -0.137946 1.332466 0.483960 -0.048432 -0.425648
    15 1.719431 0.000002 0.000000 0.000000 0.000000 -0.496225
    16 1.099667 0.000000 -0.000001 0.000000 0.000000 -0.354423
    17 0.806053 -0.348926 1.321258 -1.287532 -0.366649 -0.722385
    18 1.789778 -0.000002 0.000002 0.000000 0.000000 0.212596
    19 1.207005 0.000000 0.000002 0.000000 0.000000 0.186299
    20 2.033356 1.000772 -1.937610 -2.129147 1.252455 2.502299
    21 6.028145 0.000000 0.000000 1.744849 1.244651 -1.091011
    22 11.692554 0.000001 0.000002 0.000000 0.000000 -0.719066
    23 11.481699 0.000001 0.000001 -1.500700 0.033858 0.749733
    24 3.859680 -0.132567 1.193109 0.076298 0.048710 -1.410444
    25 1.312555 -0.000002 0.000002 0.000000 0.000000 -0.439672
    26 0.729365 0.000000 -0.000001 0.000000 0.000000 -1.116930
    27 3.942307 0.050327 0.431044 0.032619 0.047813 -1.244423
    28 1.539099 -0.000002 0.000000 0.000000 0.000000 -0.858600
    29 1.196321 0.000010 0.000000 0.000000 0.000000 -1.041589
    30 3.883659 -0.050321 -0.431042 0.013675 -0.048012 -1.095524
    31 1.719578 0.000002 0.000000 0.000000 -0.007974 -1.239100
    32 1.209185 0.000002 0.000000 0.000000 -0.004460 -0.914505
    33 3.859840 -0.148937 -1.331282 -0.130416 -0.094966 -0.552749
    34 1.719421 0.000002 0.000000 0.000000 -0.006613 -0.362970
    35 1.099669 0.000002 -0.000001 0.000000 -0.004211 -0.767879
    36 0.806023 -0.359837 -1.318334 1.402404 0.526435 -0.917775
    37 1.789782 0.000000 -0.000004 -0.170078 0.039352 0.399730
    38 1.206999 0.000002 0.000000 0.000000 0.000000 1.061014
    39 -3.322851 -22.438121 -6.947674 1.928936 -0.034611 0.252047
    40 0.025545 -1.273521 1.753304 0.000000 0.000000 0.000000
    41 0.001032 1.440453 -1.526783 0.000000 0.000000 0.000000
    42 0.004413 0.696487 -1.430595 0.000000 0.000000 0.000000
    43 0.580660 0.349014 -1.430595 0.000000 0.000000 0.000000
    44 0.583444 -0.305904 -1.430599 0.000000 0.000000 0.000000
    45 0.005318 -0.648720 -1.430599 0.000000 0.000000 0.000000
    46 -0.574618 -0.303123 -1.430601 0.000000 0.000000 0.000000
    47 -0.573714 0.348118 -1.430595 0.000000 0.000000 0.000000
  time 95
    0 -0.999512 8.335938 -6.640625 -1.570760 -1.391893 -1.570827
    1 2.033349 1.000767 1.937660 1.596637 -1.286515 2.942961
    2 6.321118 -0.964873 1.468795 -0.211771 -1.085131 -1.944034
    3 11.692554 0.000001 0.000000 0.000000 0.000000 -0.740101
    4 11.481670 0.000001 -0.000031 -0.301079 -0.344083 0.943621
    5 3.859711 -0.142405 -1.191975 -0.491312 0.054898 -1.089461
    6 1.312555 -0.000002 0.000000 0.000000 0.000000 -0.435484
    7 0.729363 -0.000002 -0.000002 0.000000 0.000000 -0.240207
    8 3.942337 0.046767 -0.431443 -0.150125 0.076994 -0.776666
    9 1.539097 0.000000 0.000000 0.000000 0.000000 -0.409593
    10 1.196325 -0.000002 -0.000001 0.000000 0.000000 -0.581464
    11 3.883698 -0.046765 0.431443 0.085347 0.023775 -0.564480
    12 1.719570 -0.000004 -0.000001 0.000000 0.000000 -0.762886
    13 1.209169 -0.000004 0.000000 0.000000 0.000000 -0.256535
    14 3.859863 -0.137946 1.332466 0.483960 -0.048432 -0.425648
    15 1.719431 0.000002 0.000000 0.000000 0.000000 -0.496225
    16 1.099667 0.000000 -0.000001 0.000000 0.000000 -0.354423
    17 0.806053 -0.348926 1.321258 -1.287532 -0.366649 -0.722385
    18 1.789778 -0.000002 0.000002 0.000000 0.000000 0.212596
    19 1.207005 0.000000 0.000002 0.000000 0.000000 0.186299
    20 2.033356 1.000772 -1.937610 -2.129147 1.252455 2.502299
    21 6.028145 0.000000 0.000000 1.744799 1.244730 -1.091095
    22 11.692554 0.000001 0.000002 0.000000 0.000000 -0.718981
    23 11.481699 0.000001 0.000001 -1.500700 0.033845 0.750096
    24 3.859680 -0.132567 1.193109 0.076298 0.048710 -1.410444
    25 1.312555 -0.000002 0.000002 0.000000 0.000000 -0.439672
    26 0.729365 0.000000 -0.000001 0.000000 0.000000 -1.116930
    27 3.942307 0.050327 0.431044 0.032619 0.047813 -1.244423
    28 1.539099 -0.000002 0.000000 0.000000 0.000000 -0.858600
    29 1.196321 0.000010 0.000000 0.000000 0.000000 -1.041607
    30 3.883659 -0.050321 -0.431042 0.013675 -0.048012 -1.095524
    31 1.719578 0.000002 0.000000 0.000000 -0.007974 -1.239047
    32 1.209185 0.000002 0.000000 0.000000 -0.004460 -0.914505
    33 3.859840 -0.148937 -1.331282 -0.130416 -0.094966 -0.552749
    34 1.719421 0.000002 0.000000 0.000000 -0.006613 -0.362970
    35 1.099669 0.000002 -0.000001 0.000000 -0.004211 -0.767879
    36 0.806023 -0.359837 -1.318334 1.402404 0.526435 -0.917775
    37 1.789782 0.000000 -0.000004 -0.170078 0.039352 0.399730
    38 1.206999 0.000002 0.000000 0.000000 0.000000 1.061014
    39 -3.322851 -22.438121 -6.947674 1.928936 -0.034611 0.252047
    40 0.025545 -1.273521 1.753304 0.000000 0.000000 0.000000
    41 0.001032 1.440453 -1.526783 0.000000 0.000000 0.000000
    42 0.004413 0.696487 -1.430595 0.000000 0.000000 0.000000
    43 0.580660 0.349014 -1.430595 0.000000 0.000000 0.000000
    44 0.583444 -0.305904 -1.430599 0.000000 0.000000 0.000000
    45 0.005318 -0.648720 -1.430599 0.000000 0.000000 0.000000
    46 -0.574618 -0.303123 -1.430601 0.000000 0.000000 0.000000
    47 -0.573714 0.348118 -1.430595 0.000000 0.000000 0.000000
  time 96
    0 -0.999512 8.335938 -6.640625 -1.570760 -1.391893 -1.570827
    1 2.033349 1.000767 1.937660 1.596637 -1.286515 2.942961
    2 6.321118 -0.964873 1.468795 -0.211916 -1.085131 -1.943885
    3 11.692554 0.000001 0.000000 0.000000 0.000000 -0.740182
    4 11.481670 0.000001 -0.000031 -0.301079 -0.344042 0.943704
    5 3.859711 -0.142405 -1.191975 -0.491312 0.054898 -1.089461
    6 1.312555 -0.000002 0.000000 0.000000 0.000000 -0.435484
    7 0.729363 -0.000002 -0.000002 0.000000 0.000000 -0.240207
    8 3.942337 0.046767 -0.431443 -0.150125 0.076994 -0.776666
    9 1.539097 0.000000 0.000000 0.000000 0.000000 -0.409593
    10 1.196325 -0.000002 -0.000001 0.000000 0.000000 -0.581464
    11 3.883698 -0.046765 0.431443 0.085347 0.023775 -0.564480
    12 1.719570 -0.000004 -0.000001 0.000000 0.000000 -0.762886
    13 1.209169 -0.000004 0.000000 0.000000 0.000000 -0.256535
    14 3.859863 -0.137946 1.332466 0.483960 -0.048432 -0.425648
    15 1.719431 0.000002 0.000000 0.000000 0.000000 -0.496225
    16 1.099667 0.000000 -0.000001 0.000000 0.000000 -0.354423
    17 0.806053 -0.348926 1.321258 -1.287532 -0.366649 -0.722385
    18 1.789778 -0.000002 0.000002 0.000000 0.000000 0.212596
    19 1.207005 0.000000 0.000002 0.000000 0.000000 0.186299
    20 2.033356 1.000772 -1.937610 -2.129147 1.252455 2.502299
    21 6.028145 0.000000 0.000000 1.744699 1.244730 -1.091207
    22 11.692554 0.000001 0.000002 0.000000 0.000000 -0.718981
    23 11.481699 0.000001 0.000001 -1.500700 0.033871 0.750096
    24 3.859680 -0.132567 1.193109 0.076298 0.048710 -1.410444
    25 1.312555 -0.000002 0.000002 0.000000 0.000000 -0.439672
    26 0.729365 0.000000 -0.000001 0.000000 0.000000 -1.116930
    27 3.942307 0.050327 0.431044 0.032619 0.047813 -1.244423
    28 1.539099 -0.000002 0.000000 0.000000 0.000000 -0.858600
    29 1.196321 0.000010 0.000000 0.000000 0.000000 -1.041607
    30 3.883659 -0.050321 -0.431042 0.013675 -0.048012 -1.095524
    31 1.719578 0.000002 0.000000 0.000000 -0.007974 -1.239047
    32 1.209185 0.000002 0.000000 0.000000 -0.004460 -0.914505
    33 3.859840 -0.148937 -1.331282 -0.130416 -0.094966 -0.552749
    34 1.719421 0.000002 0.000000 0.000000 -0.006613 -0.362970
    35 1.099669 0.000002 -0.000001 0.000000 -0.004211 -0.767879
    36 0.806023 -0.359837 -1.318334 1.402404 0.526435 -0.917775
    37 1.789782 0.000000 -0.000004 -0.170078 0.039352 0.399730
    38 1.206999 0.000002 0.000000 0.000000 0.000000 1.061014
    39 -3.318944 -22.438121 -6.947674 1.928936 -0.034611 0.252047
    40 0.025545 -1.273521 1.753304 0.000000 0.000000 0.000000
    41 0.001032 1.440453 -1.526783 0.000000 0.000000 0.000000
    42 0.004413 0.696487 -1.430595 0.000000 0.000000 0.000000
    43 0.580660 0.349014 -1.430595 0.000000 0.000000 0.000000
    44 0.583444 -0.305904 -1.430599 0.000000 0.000000 0.000000
    45 0.005318 -0.648720 -1.430599 0.000000 0.000000 0.000000
    46 -0.574618 -0.303123 -1.430601 0.000000 0.000000 0.000000
    47 -0.573714 0.348118 -1.430595 0.000000 0.000000 0.000000
  time 97
    0 -0.999512 8.335938 -6.640625 -1.570760 -1.391893 -1.570827
    1 2.033349 1.000767 1.937660 1.596637 -1.286515 2.942961
    2 6.321118 -0.964873 1.468795 -0.212012 -1.085131 -1.943786
    3 11.692554 0.000001 0.000000 0.000000 0.000000 -0.740222
    4 11.481670 0.000001 -0.000031 -0.301079 -0.344042 0.943704
    5 3.859711 -0.142405 -1.191975 -0.491312 0.054898 -1.089461
    6 1.312555 -0.000002 0.000000 0.000000 0.000000 -0.435484
    7 0.729363 -0.000002 -0.000002 0.000000 0.000000 -0.240207
    8 3.942337 0.046767 -0.431443 -0.150125 0.076994 -0.776666
    9 1.539097 0.000000 0.000000 0.000000 0.000000 -0.409593
    10 1.196325 -0.000002 -0.000001 0.000000 0.000000 -0.581464
    11 3.883698 -0.046765 0.431443 0.085347 0.023775 -0.564480
    12 1.719570 -0.000004 -0.000001 0.000000 0.000000 -0.762886
    13 1.209169 -0.000004 0.000000 0.000000 0.000000 -0.256535
    14 3.859863 -0.137946 1.332466 0.483960 -0.048432 -0.425648
    15 1.719431 0.000002 0.000000 0.000000 0.000000 -0.496225
    16 1.099667 0.000000 -0.000001 0.000000 0.000000 -0.354423
    17 0.806053 -0.348926 1.321258 -1.287532 -0.366649 -0.722385
    18 1.789778 -0.000002 0.000002 0.000000 0.000000 0.212596
    19 1.207005 0.000000 0.000002 0.000000 0.000000 0.186299
    20 2.033356 1.000772 -1.937610 -2.129147 1.252455 2.502299
    21 6.028145 0.000000 0.000000 1.744598 1.244730 -1.091263
    22 11.692554 0.000001 0.000002 0.000000 0.000000 -0.718981
    23 11.481699 0.000001 0.000001 -1.500700 0.033897 0.750096
    24 3.859680 -0.132567 1.193109 0.076298 0.048710 -1.410444
    25 1.312555 -0.000002 0.000002 0.000000 0.000000 -0.439672
    26 0.729365 0.000000 -0.000001 0.000000 0.000000 -1.116930
    27 3.942307 0.050327 0.431044 0.032619 0.047813 -1.244423
    28 1.539099 -0.000002 0.000000 0.000000 0.000000 -0.858600
    29 1.196321 0.000010 0.000000 0.000000 0.000000 -1.041607
    30 3.883659 -0.050321 -0.431042 0.013675 -0.048012 -1.095524
    31 1.719578 0.000002 0.000000 0.000000 -0.007974 -1.239047
    32 1.209185 0.000002 0.000000 0.000000 -0.004460 -0.914505
    33 3.859840 -0.148937 -1.331282 -0.130416 -0.094966 -0.552749
    34 1.719421 0.000002 0.000000 0.000000 -0.006613 -0.362970
    35 1.099669 0.000002 -0.000001 0.000000 -0.004211 -0.767879
    36 0.806023 -0.359837 -1.318334 1.402404 0.526435 -0.917775
    37 1.789782 0.000000 -0.000004 -0.170078 0.039352 0.399730
    38 1.206999 0.000002 0.000000 0.000000 0.000000 1.061014
    39 -3.318944 -22.438121 -6.947674 1.928936 -0.034611 0.252047
    40 0.025545 -1.273521 1.753304 0.000000 0.000000 0.000000
    41 0.001032 1.440453 -1.526783 0.000000 0.000000 0.000000
    42 0.004413 0.696487 -1.430595 0.000000 0.000000 0.000000
    43 0.580660 0.349014 -1.430595 0.000000 0.000000 0.000000
    44 0.583444 -0.305904 -1.430599 0.000000 0.000000 0.000000
    45 0.005318 -0.648720 -1.430599 0.000000 0.000000 0.000000
    46 -0.574618 -0.303123 -1.430601 0.000000 0.000000 0.000000
    47 -0.573714 0.348118 -1.430595 0.000000 0.000000 0.000000
  time 98
    0 -0.999512 8.335938 -6.640625 -1.570760 -1.391893 -1.570827
    1 2.033349 1.000767 1.937660 1.596637 -1.286515 2.942961
    2 6.321118 -0.964873 1.468795 -0.212012 -1.085131 -1.943736
    3 11.692554 0.000001 0.000000 0.000000 0.000000 -0.740343
    4 11.481670 0.000001 -0.000031 -0.301079 -0.344001 0.943704
    5 3.859711 -0.142405 -1.191975 -0.491312 0.054898 -1.089461
    6 1.312555 -0.000002 0.000000 0.000000 0.000000 -0.435484
    7 0.729363 -0.000002 -0.000002 0.000000 0.000000 -0.240207
    8 3.942337 0.046767 -0.431443 -0.150125 0.076994 -0.776666
    9 1.539097 0.000000 0.000000 0.000000 0.000000 -0.409593
    10 1.196325 -0.000002 -0.000001 0.000000 0.000000 -0.581464
    11 3.883698 -0.046765 0.431443 0.085347 0.023775 -0.564480
    12 1.719570 -0.000004 -0.000001 0.000000 0.000000 -0.762886
    13 1.209169 -0.000004 0.000000 0.000000 0.000000 -0.256535
    14 3.859863 -0.137946 1.332466 0.483960 -0.048432 -0.425648
    15 1.719431 0.000002 0.000000 0.000000 0.000000 -0.496225
    16 1.099667 0.000000 -0.000001 0.000000 0.000000 -0.354423
    17 0.806053 -0.348926 1.321258 -1.287532 -0.366649 -0.722385
    18 1.789778 -0.000002 0.000002 0.000000 0.000000 0.212596
    19 1.207005 0.000000 0.000002 0.000000 0.000000 0.186299
    20 2.033356 1.000772 -1.937610 -2.129147 1.252455 2.502299
    21 6.028145 0.000000 0.000000 1.744548 1.244730 -1.091319
    22 11.692554 0.000001 0.000002 0.000000 0.000000 -0.718939
    23 11.481699 0.000001 0.000001 -1.500700 0.033910 0.750096
    24 3.859680 -0.132567 1.193109 0.076298 0.048710 -1.410444
    25 1.312555 -0.000002 0.000002 0.000000 0.000000 -0.439672
    26 0.729365 0.000000 -0.000001 0.000000 0.000000 -1.116930
    27 3.942307 0.050327 0.431044 0.032619 0.047813 -1.244423
    28 1.539099 -0.000002 0.000000 0.000000 0.000000 -0.858600
    29 1.196321 0.000010 0.000000 0.000000 0.000000 -1.041607
    30 3.883659 -0.050321 -0.431042 0.013675 -0.048012 -1.095524
    31 1.719578 0.000002 0.000000 0.000000 -0.007974 -1.239047
    32 1.209185 0.000002 0.000000 0.000000 -0.004460 -0.914505
    33 3.859840 -0.148937 -1.331282 -0.130416 -0.094966 -0.552749
    34 1.719421 0.000002 0.000000 0.000000 -0.006613 -0.362970
    35 1.099669 0.000002 -0.000001 0.000000 -0.004211 -0.767879
    36 0.806023 -0.359837 -1.318334 1.402404 0.526435 -0.917775
    37 1.789782 0.000000 -0.000004 -0.170078 0.039352 0.399730
    38 1.206999 0.000002 0.000000 0.000000 0.000000 1.061014
    39 -3.318944 -22.438121 -6.947674 1.928936 -0.034611 0.252047
    40 0.025545 -1.273521 1.753304 0.000000 0.000000 0.000000
    41 0.001032 1.440453 -1.526783 0.000000 0.000000 0.000000
    42 0.004413 0.696487 -1.430595 0.000000 0.000000 0.000000
    43 0.580660 0.349014 -1.430595 0.000000 0.000000 0.000000
    44 0.583444 -0.305904 -1.430599 0.000000 0.000000 0.000000
    45 0.005318 -0.648720 -1.430599 0.000000 0.000000 0.000000
    46 -0.574618 -0.303123 -1.430601 0.000000 0.000000 0.000000
    47 -0.573714 0.348118 -1.430595 0.000000 0.000000 0.000000
  time 99
    0 -0.999512 8.335938 -6.640625 -1.570760 -1.391893 -1.570827
    1 2.033349 1.000767 1.937660 1.596637 -1.286515 2.942961
    2 6.321118 -0.964873 1.468795 -0.212109 -1.085131 -1.943637
    3 11.692554 0.000001 0.000000 0.000000 0.000000 -0.740343
    4 11.481670 0.000001 -0.000031 -0.301079 -0.344001 0.943745
    5 3.859711 -0.142405 -1.191975 -0.491312 0.054898 -1.089461
    6 1.312555 -0.000002 0.000000 0.000000 0.000000 -0.435484
    7 0.729363 -0.000002 -0.000002 0.000000 0.000000 -0.240207
    8 3.942337 0.046767 -0.431443 -0.150125 0.076994 -0.776666
    9 1.539097 0.000000 0.000000 0.000000 0.000000 -0.409593
    10 1.196325 -0.000002 -0.000001 0.000000 0.000000 -0.581464
    11 3.883698 -0.046765 0.431443 0.085347 0.023775 -0.564480
    12 1.719570 -0.000004 -0.000001 0.000000 0.000000 -0.762886
    13 1.209169 -0.000004 0.000000 0.000000 0.000000 -0.256535
    14 3.859863 -0.137946 1.332466 0.483960 -0.048432 -0.425648
    15 1.719431 0.000002 0.000000 0.000000 0.000000 -0.496225
    16 1.099667 0.000000 -0.000001 0.000000 0.000000 -0.354423
    17 0.806053 -0.348926 1.321258 -1.287532 -0.366649 -0.722385
    18 1.789778 -0.000002 0.000002 0.000000 0.000000 0.212596
    19 1.207005 0.000000 0.000002 0.000000 0.000000 0.186299
    20 2.033356 1.000772 -1.937610 -2.129147 1.252455 2.502299
    21 6.028145 0.000000 0.000000 1.744498 1.244730 -1.091319
    22 11.692554 0.000001 0.000002 0.000000 0.000000 -0.718981
    23 11.481699 0.000001 0.000001 -1.500748 0.034014 0.749789
    24 3.859680 -0.132567 1.193109 0.076298 0.048710 -1.410444
    25 1.312555 -0.000002 0.000002 0.000000 0.000000 -0.439672
    26 0.729365 0.000000 -0.000001 0.000000 0.000000 -1.116930
    27 3.942307 0.050327 0.431044 0.032619 0.047813 -1.244423
    28 1.539099 -0.000002 0.000000 0.000000 0.000000 -0.858600
    29 1.196321 0.000010 0.000000 0.000000 0.000000 -1.041589
    30 3.883659 -0.050321 -0.431042 0.013675 -0.048012 -1.095524
    31 1.719578 0.000002 0.000000 0.000000 -0.007974 -1.239047
    32 1.209185 0.000002 0.000000 0.000000 -0.004460 -0.914505
    33 3.859840 -0.148937 -1.331282 -0.130416 -0.094966 -0.552749
    34 1.719421 0.000002 0.000000 0.000000 -0.006613 -0.362970
    35 1.099669 0.000002 -0.000001 0.000000 -0.004211 -0.767879
    36 0.806023 -0.359837 -1.318334 1.402404 0.526435 -0.917775
    37 1.789782 0.000000 -0.000004 -0.170078 0.039352 0.399730
    38 1.206999 0.000002 0.000000 0.000000 0.000000 1.061014
    39 -3.318944 -22.438121 -6.947674 1.928936 -0.034611 0.252047
    40 0.025545 -1.273521 1.753304 0.000000 0.000000 0.000000
    41 0.001032 1.440453 -1.526783 0.000000 0.000000 0.000000
    42 0.004413 0.696487 -1.430595 0.000000 0.000000 0.000000
    43 0.580660 0.349014 -1.430595 0.000000 0.000000 0.000000
    44 0.583444 -0.305904 -1.430599 0.000000 0.000000 0.000000
    45 0.005318 -0.648720 -1.430599 0.000000 0.000000 0.000000
    46 -0.574618 -0.303123 -1.430601 0.000000 0.000000 0.000000
    47 -0.573714 0.348118 -1.430595 0.000000 0.000000 0.000000
  time 100
    0 -0.999512 8.335938 -6.640625 -1.570760 -1.391893 -1.570827
    1 2.033349 1.000767 1.937660 1.596637 -1.286515 2.942961
    2 6.321118 -0.964873 1.468795 -0.212157 -1.085131 -1.943637
    3 11.692554 0.000001 0.000000 0.000000 0.000000 -0.740343
    4 11.481670 0.000001 -0.000031 -0.301079 -0.344001 0.943704
    5 3.859711 -0.142405 -1.191975 -0.491312 0.054898 -1.089461
    6 1.312555 -0.000002 0.000000 0.000000 0.000000 -0.435484
    7 0.729363 -0.000002 -0.000002 0.000000 0.000000 -0.240207
    8 3.942337 0.046767 -0.431443 -0.150125 0.076994 -0.776666
    9 1.539097 0.000000 0.000000 0.000000 0.000000 -0.409593
    10 1.196325 -0.000002 -0.000001 0.000000 0.000000 -0.581464
    11 3.883698 -0.046765 0.431443 0.085347 0.023775 -0.564480
    12 1.719570 -0.000004 -0.000001 0.000000 0.000000 -0.762886
    13 1.209169 -0.000004 0.000000 0.000000 0.000000 -0.256535
    14 3.859863 -0.137946 1.332466 0.483960 -0.048432 -0.425648
    15 1.719431 0.000002 0.000000 0.000000 0.000000 -0.496225
    16 1.099667 0.000000 -0.000001 0.000000 0.000000 -0.354423
    17 0.806053 -0.348926 1.321258 -1.287532 -0.366649 -0.722385
    18 1.789778 -0.000002 0.000002 0.000000 0.000000 0.212596
    19 1.207005 0.000000 0.000002 0.000000 0.000000 0.186299
    20 2.033356 1.000772 -1.937610 -2.129147 1.252455 2.502299
    21 6.028145 0.000000 0.000000 1.744498 1.244809 -1.091347
    22 11.692554 0.000001 0.000002 0.000000 0.000000 -0.718981
    23 11.481699 0.000001 0.000001 -1.500653 0.033923 0.750096
    24 3.859680 -0.132567 1.193109 0.076298 0.048710 -1.410444
    25 1.312555 -0.000002 0.000002 0.000000 0.000000 -0.439672
    26 0.729365 0.000000 -0.000001 0.000000 0.000000 -1.116930
    27 3.942307 0.050327 0.431044 0.032619 0.047813 -1.244423
    28 1.539099 -0.000002 0.000000 0.000000 0.000000 -0.858600
    29 1.196321 0.000010 0.000000 0.000000 0.000000 -1.041607
    30 3.883659 -0.050321 -0.431042 0.013675 -0.048012 -1.095524
    31 1.719578 0.000002 0.000000 0.000000 -0.007974 -1.239047
    32 1.209185 0.000002 0.000000 0.000000 -0.004460 -0.914505
    33 3.859840 -0.148937 -1.331282 -0.130416 -0.094966 -0.552749
    34 1.719421 0.000002 0.000000 0.000000 -0.006613 -0.362970
    35 1.099669 0.000002 -0.000001 0.000000 -0.004211 -0.767879
    36 0.806023 -0.359837 -1.318334 1.402404 0.526435 -0.917775
    37 1.789782 0.000000 -0.000004 -0.170078 0.039352 0.399730
    38 1.206999 0.000002 0.000000 0.000000 0.000000 1.061014
    39 -3.318944 -22.438121 -6.947674 1.928936 -0.034611 0.252047
    40 0.025545 -1.273521 1.753304 0.000000 0.000000 0.000000
    41 0.001032 1.440453 -1.526783 0.000000 0.000000 0.000000
    42 0.004413 0.696487 -1.430595 0.000000 0.000000 0.000000
    43 0.580660 0.349014 -1.430595 0.000000 0.000000 0.000000
    44 0.583444 -0.305904 -1.430599 0.000000 0.000000 0.000000
    45 0.005318 -0.648720 -1.430599 0.000000 0.000000 0.000000
    46 -0.574618 -0.303123 -1.430601 0.000000 0.000000 0.000000
    47 -0.573714 0.348118 -1.430595 0.000000 0.000000 0.000000
end
