version 1
nodes
  0 "crossbow_model.weapon_base" -1
  1 "crossbow_model.bowr1" 0
  2 "crossbow_model.bowr2" 1
  3 "crossbow_model.bowr3" 2
  4 "crossbow_model.bowr4" 3
  5 "crossbow_model.bowr5" 4
  6 "crossbow_model.bowr6" 5
  7 "crossbow_model.bowr_wheel" 6
  8 "crossbow_model.bowl1" 0
  9 "crossbow_model.bowl2" 8
  10 "crossbow_model.bowl3" 9
  11 "crossbow_model.bowl4" 10
  12 "crossbow_model.bowl5" 11
  13 "crossbow_model.bowl6" 12
  14 "crossbow_model.bowl_wheel" 13
  15 "crossbow_model.bolt" 0
  16 "crossbow_model.pull" 0
  17 "crossbow_model.wire" 0
  18 "crossbow_model.Spark2" 0
  19 "l_wrist" -1
  20 "l_thumb_low" 19
  21 "l_thumb_mid" 20
  22 "l_thumb_tip" 21
  23 "l_index_low" 19
  24 "l_index_mid" 23
  25 "l_index_tip" 24
  26 "l_middle_low" 19
  27 "l_middle_mid" 26
  28 "l_middle_tip" 27
  29 "l_ring_low" 19
  30 "l_ring_mid" 29
  31 "l_ring_tip" 30
  32 "l_pinky_low" 19
  33 "l_pinky_mid" 32
  34 "l_pinky_tip" 33
  35 "l_upperarm" -1
  36 "l_forearm" 35
  37 "r_wrist" -1
  38 "r_thumb_low" 37
  39 "r_thumb_mid" 38
  40 "r_thumb_tip" 39
  41 "r_index_low" 37
  42 "r_index_mid" 41
  43 "r_index_tip" 42
  44 "r_middle_low" 37
  45 "r_middle_mid" 44
  46 "r_middle_tip" 45
  47 "r_ring_low" 37
  48 "r_ring_mid" 47
  49 "r_ring_tip" 48
  50 "r_pinky_low" 37
  51 "r_pinky_mid" 50
  52 "r_pinky_tip" 51
  53 "r_upperarm" -1
  54 "r_forearm" 53
  55 "ValveBiped.Bip01_L_UpperArm" 35
  56 "ValveBiped.Bip01_L_Forearm" 36
  57 "ValveBiped.Bip01_L_Hand" 19
  58 "ValveBiped.Bip01_L_Finger0" 20
  59 "ValveBiped.Bip01_L_Finger01" 21
  60 "ValveBiped.Bip01_L_Finger02" 22
  61 "ValveBiped.Bip01_L_Finger1" 23
  62 "ValveBiped.Bip01_L_Finger11" 24
  63 "ValveBiped.Bip01_L_Finger12" 25
  64 "ValveBiped.Bip01_L_Finger2" 26
  65 "ValveBiped.Bip01_L_Finger21" 27
  66 "ValveBiped.Bip01_L_Finger22" 28
  67 "ValveBiped.Bip01_L_Finger3" 29
  68 "ValveBiped.Bip01_L_Finger31" 30
  69 "ValveBiped.Bip01_L_Finger32" 31
  70 "ValveBiped.Bip01_L_Finger4" 32
  71 "ValveBiped.Bip01_L_Finger41" 33
  72 "ValveBiped.Bip01_L_Finger42" 34
  73 "ValveBiped.Bip01_R_UpperArm" 53
  74 "ValveBiped.Bip01_R_Forearm" 54
  75 "ValveBiped.Bip01_R_Hand" 37
  76 "ValveBiped.Bip01_R_Finger0" 38
  77 "ValveBiped.Bip01_R_Finger01" 39
  78 "ValveBiped.Bip01_R_Finger02" 40
  79 "ValveBiped.Bip01_R_Finger1" 41
  80 "ValveBiped.Bip01_R_Finger11" 42
  81 "ValveBiped.Bip01_R_Finger12" 43
  82 "ValveBiped.Bip01_R_Finger2" 44
  83 "ValveBiped.Bip01_R_Finger21" 45
  84 "ValveBiped.Bip01_R_Finger22" 46
  85 "ValveBiped.Bip01_R_Finger3" 47
  86 "ValveBiped.Bip01_R_Finger31" 48
  87 "ValveBiped.Bip01_R_Finger32" 49
  88 "ValveBiped.Bip01_R_Finger4" 50
  89 "ValveBiped.Bip01_R_Finger41" 51
  90 "ValveBiped.Bip01_R_Finger42" 52
end
skeleton
  time 0
    0 -5.910967 -19.810610 -6.282997 -2.424434 -1.509012 -0.714783
    1 1.602392 15.810356 -4.239069 -1.570791 1.453891 -1.570792
    2 2.106979 0.000008 0.000000 0.000000 0.000000 -0.289078
    3 2.198853 0.000000 0.000001 0.005241 0.016373 -0.201464
    4 2.200351 -0.000008 0.000008 0.000465 0.001424 -0.122120
    5 2.258553 -0.000013 -0.000005 -0.007121 -0.018610 -0.113143
    6 2.304474 -0.000002 0.000001 -0.000063 0.000836 -0.151620
    7 2.754811 0.166965 -0.731880 2.565037 -1.565257 -1.570756
    8 1.602386 15.817284 3.928030 -1.570794 -1.440985 -1.570804
    9 2.106978 -0.000011 0.000000 0.000003 -0.000001 0.252912
    10 2.165398 0.000002 -0.000002 -0.042679 0.017068 0.175168
    11 2.110378 0.000002 -0.000002 0.001858 -0.005415 0.168740
    12 2.226635 -0.000013 0.000001 0.029119 -0.023216 0.128196
    13 2.304460 0.000006 -0.000004 -0.000046 -0.000684 0.123999
    14 2.813987 0.009438 -0.732745 -2.550310 -1.565269 -1.570803
    15 1.099818 8.247097 -1.004785 0.000001 0.000000 -1.570796
    16 2.040268 -2.922199 -0.052909 -0.000003 0.000000 1.570796
    17 -0.518020 2.382971 0.515877 -0.055396 -0.341920 -1.052481
    18 2.266786 16.501297 -0.311092 0.000001 0.000000 -1.570796
    19 -3.628217 -22.305069 -10.154071 1.273263 -0.266045 -2.330956
    20 2.473575 0.628721 -1.303334 2.323667 0.383178 0.380823
    21 1.832617 0.000000 -0.000004 -3.023870 -0.006009 -0.161369
    22 1.003336 0.000000 0.000003 2.903518 -0.018428 0.072555
    23 4.823799 -0.430293 -1.419616 0.116193 -0.020078 -0.166575
    24 2.187960 0.000000 -0.000011 0.050253 0.038370 1.115316
    25 1.100958 0.000008 0.000010 0.032222 -0.080343 0.490955
    26 4.987793 -0.588135 -0.482800 0.240576 -0.052109 0.178176
    27 1.890100 -0.000006 0.000004 -0.071899 0.004011 1.259310
    28 1.310925 -0.000002 0.000001 0.022851 0.076662 0.411713
    29 5.117876 -0.665211 0.445601 0.089344 -0.184785 0.608027
    30 1.655293 0.000000 0.000001 -0.039562 0.134203 1.044566
    31 0.869586 0.000004 0.000006 0.057666 -0.031828 0.217997
    32 5.150560 -0.592267 1.346776 -0.375042 -0.027942 1.219035
    33 1.157244 0.000004 0.000011 0.034830 0.039189 0.490097
    34 1.019835 0.000004 0.000011 -1.467664 -0.051051 0.396031
    35 4.682155 -2.413729 -9.650656 -1.515612 0.562032 -1.780007
    36 12.695432 -0.000005 0.000001 -0.088877 0.267586 -1.109880
    37 -7.174880 -9.956520 -8.037233 3.027452 0.056232 -1.491791
    38 2.474129 -0.485417 -1.382847 1.349114 0.371396 -0.523342
    39 1.832172 -0.000001 0.000001 -2.638245 0.021714 0.611148
    40 1.042032 0.000000 0.000000 -2.898935 -0.187378 -0.094133
    41 4.823236 0.677341 -1.337761 0.194928 0.165945 -0.119482
    42 2.152369 -0.000003 0.000000 0.060422 -0.051202 -0.689345
    43 1.056617 0.000002 0.000000 0.228893 0.032090 -0.926299
    44 4.985044 0.893762 -0.374954 0.052714 0.026422 -0.473278
    45 1.830180 0.000010 -0.000001 0.389985 -0.003162 -1.463776
    46 1.561353 0.000001 0.000000 0.100752 -0.050203 -1.133848
    47 5.116426 0.722720 0.545802 0.253303 0.009774 -0.925453
    48 1.752730 -0.000005 0.000000 -0.201802 0.024646 -0.948344
    49 0.869359 -0.000001 0.000000 0.036248 0.150759 -1.080583
    50 5.118731 0.342195 1.413550 -0.041671 0.154675 -1.169245
    51 1.176319 0.000005 0.000001 -0.567548 0.062509 -0.265395
    52 0.970203 0.000000 0.000002 2.156760 1.015941 -1.458550
    53 -7.508377 4.005328 -3.815796 -2.859691 1.086131 -2.352881
    54 12.706350 -0.000002 -0.000004 -0.323880 0.279018 -1.940771
    55 0.000000 0.000000 0.000000 0.000000 0.000000 0.000000
    56 1.200003 -0.000001 0.000000 0.000000 0.000000 0.000000
    57 -0.000002 -0.300000 -0.000002 -3.141593 0.000000 -0.174533
    58 0.000000 0.000000 0.000000 0.000000 0.000000 0.000000
    59 0.000000 0.000000 0.000000 -3.141593 0.000000 0.000000
    60 0.000000 0.000000 -0.000001 0.000000 0.000000 0.349066
    61 -0.000002 0.000000 -0.000001 -3.141593 0.000000 0.000000
    62 0.000000 -0.000002 -0.000003 -3.141593 0.000000 0.000000
    63 0.000000 0.000002 0.000001 -3.141593 0.000000 0.000000
    64 -0.000002 -0.000002 0.000000 -3.141593 0.000000 0.000000
    65 0.000000 0.000002 -0.000001 -3.141593 0.000000 0.000000
    66 0.000002 0.000002 0.000001 -3.141593 0.000000 0.000000
    67 -0.000003 0.000000 0.000006 -3.141593 0.000000 0.000000
    68 0.000000 0.000000 0.000000 -3.141593 0.000000 0.000000
    69 0.000000 0.000001 0.000000 -3.141592 0.000000 0.000000
    70 0.000001 0.000000 0.000008 -3.141593 0.000000 0.000000
    71 0.000000 0.000000 0.000004 -3.141593 0.000000 0.000000
    72 0.000000 -0.000001 0.000000 -1.570796 0.000000 0.000000
    73 0.000000 0.000000 0.000000 0.000000 0.000000 0.000000
    74 1.200001 -0.000001 0.000000 0.000000 0.000000 0.000000
    75 0.000000 0.300000 0.000000 0.000000 0.000000 0.174533
    76 0.000000 0.000000 0.000000 0.000000 0.000000 0.000000
    77 0.000000 0.000000 0.000000 -3.141592 0.000000 0.000000
    78 0.000000 0.000000 0.000000 0.000000 0.000000 0.349066
    79 0.000000 0.000000 0.000000 0.000000 0.000000 0.000000
    80 0.000000 -0.000001 0.000000 0.000000 0.000000 0.000000
    81 0.000000 0.000000 0.000000 0.000000 0.000000 0.000000
    82 0.000000 0.000000 0.000000 0.000000 0.000000 0.000000
    83 -0.000002 0.000000 0.000000 0.000000 0.000000 0.000000
    84 0.000001 0.000000 0.000000 0.000000 0.000000 -0.000001
    85 0.000000 -0.000002 0.000000 0.000000 0.000000 0.000000
    86 -0.000001 0.000000 0.000000 0.000000 0.000000 0.000000
    87 -0.000001 0.000000 0.000000 0.000000 0.000000 0.000000
    88 0.000000 0.000003 0.000000 0.000000 0.000000 0.000000
    89 0.000000 0.000000 0.000000 0.000000 0.000000 0.000000
    90 -0.000001 0.000000 0.000000 -1.570797 0.000000 0.000000
  time 1
    0 -5.910967 -19.810610 -6.282997 -2.610051 -1.420135 -0.517951
    1 1.602392 15.810356 -4.239069 -1.570791 1.502956 -1.570792
    2 2.106979 0.000008 0.000000 0.000000 0.000000 -0.201818
    3 2.198853 0.000000 0.000001 0.005241 0.016373 -0.201464
    4 2.200351 -0.000008 0.000008 0.000465 0.001424 -0.122120
    5 2.258553 -0.000013 -0.000005 -0.006306 -0.018898 -0.156731
    6 2.304474 -0.000002 0.000001 -0.000063 0.000836 -0.162454
    7 2.754811 0.166965 -0.731880 1.967735 -1.565257 -1.570744
    8 1.602386 15.817284 3.928030 -1.570794 -1.502706 -1.570804
    9 2.106978 -0.000011 0.000000 0.000003 -0.000001 0.165652
    10 2.165398 0.000002 -0.000002 -0.042679 0.017068 0.175168
    11 2.110378 0.000002 -0.000002 0.001858 -0.005415 0.168740
    12 2.226635 -0.000013 0.000001 0.028076 -0.024379 0.171772
    13 2.304460 0.000006 -0.000004 -0.000046 -0.000684 0.134833
    14 2.813987 0.009438 -0.732745 -1.963521 -1.565257 -1.570827
    15 1.103724 8.254910 -1.055568 0.000001 0.000000 -1.570796
    16 2.040268 4.120985 -0.052909 -0.000003 0.000000 1.570796
    17 -0.510207 2.414222 0.547128 -0.055396 -0.341920 -1.052481
    18 2.266786 16.501297 -0.311092 0.000001 0.000000 -1.570796
    19 -3.932914 -22.137095 -10.419704 1.184586 -0.296584 -2.294153
    20 2.473575 0.628721 -1.303334 2.323667 0.383178 0.380823
    21 1.832617 0.000000 -0.000004 -3.023870 -0.006009 -0.161369
    22 1.003336 0.000000 0.000003 2.903518 -0.018428 0.072555
    23 4.823799 -0.430293 -1.419616 0.116193 -0.020078 -0.166575
    24 2.187960 0.000000 -0.000011 0.050253 0.038370 1.115316
    25 1.100958 0.000008 0.000010 0.032222 -0.080343 0.490955
    26 4.987793 -0.588135 -0.482800 0.240576 -0.052109 0.178176
    27 1.890100 -0.000006 0.000004 -0.071899 0.004011 1.259310
    28 1.310925 -0.000002 0.000001 0.022851 0.076662 0.411713
    29 5.117876 -0.665211 0.445601 0.089344 -0.184785 0.608027
    30 1.655293 0.000000 0.000001 -0.039562 0.134203 1.044566
    31 0.869586 0.000004 0.000006 0.057666 -0.031828 0.217997
    32 5.150560 -0.592267 1.346776 -0.375042 -0.027942 1.219035
    33 1.157244 0.000004 0.000011 0.034830 0.039189 0.490097
    34 1.019835 0.000004 0.000011 -1.467664 -0.051051 0.396031
    35 4.682155 -2.413729 -9.650656 -1.502674 0.574131 -1.788654
    36 12.695432 -0.000005 0.000001 -0.089884 0.268113 -1.113699
    37 -7.452232 -9.921363 -7.505967 2.946760 0.098125 -1.485845
    38 2.474129 -0.485417 -1.382847 1.349114 0.371396 -0.523342
    39 1.832172 -0.000001 0.000001 -2.638245 0.021714 0.611148
    40 1.042032 0.000000 0.000000 -2.898935 -0.187378 -0.094133
    41 4.823236 0.677341 -1.337761 0.194928 0.165945 -0.119482
    42 2.152369 -0.000003 0.000000 0.068212 -0.040141 -0.860983
    43 1.056617 0.000002 0.000000 0.214188 0.087303 -1.171107
    44 4.985044 0.893762 -0.374954 0.052714 0.026422 -0.473278
    45 1.830180 0.000010 -0.000001 0.389985 -0.003162 -1.463776
    46 1.561353 0.000001 0.000000 0.100752 -0.050203 -1.133848
    47 5.116426 0.722720 0.545802 0.253303 0.009774 -0.925453
    48 1.752730 -0.000005 0.000000 -0.201802 0.024646 -0.948344
    49 0.869359 -0.000001 0.000000 0.036248 0.150759 -1.080583
    50 5.118731 0.342195 1.413550 -0.041671 0.154675 -1.169245
    51 1.176319 0.000005 0.000001 -0.567548 0.062509 -0.265395
    52 0.970203 0.000000 0.000002 2.156760 1.015941 -1.458550
    53 -7.508377 4.005328 -3.815796 -2.714249 1.111299 -2.264500
    54 12.706350 -0.000002 -0.000004 -0.328837 0.277161 -1.958623
    55 0.000000 0.000000 0.000000 0.000000 0.000000 0.000000
    56 1.200003 -0.000001 0.000000 0.000000 0.000000 0.000000
    57 -0.000002 -0.300000 -0.000002 -3.141593 0.000000 -0.174533
    58 0.000000 0.000000 0.000000 0.000000 0.000000 0.000000
    59 0.000000 0.000000 0.000000 -3.141593 0.000000 0.000000
    60 0.000000 0.000000 -0.000001 0.000000 0.000000 0.349066
    61 -0.000002 0.000000 -0.000001 -3.141593 0.000000 0.000000
    62 0.000000 -0.000002 -0.000003 -3.141593 0.000000 0.000000
    63 0.000000 0.000002 0.000001 -3.141593 0.000000 0.000000
    64 -0.000002 -0.000002 0.000000 -3.141593 0.000000 0.000000
    65 0.000000 0.000002 -0.000001 -3.141593 0.000000 0.000000
    66 0.000002 0.000002 0.000001 -3.141593 0.000000 0.000000
    67 -0.000003 0.000000 0.000006 -3.141593 0.000000 0.000000
    68 0.000000 0.000000 0.000000 -3.141593 0.000000 0.000000
    69 0.000000 0.000001 0.000000 -3.141592 0.000000 0.000000
    70 0.000001 0.000000 0.000008 -3.141593 0.000000 0.000000
    71 0.000000 0.000000 0.000004 -3.141593 0.000000 0.000000
    72 0.000000 -0.000001 0.000000 -1.570796 0.000000 0.000000
    73 0.000000 0.000000 0.000000 0.000000 0.000000 0.000000
    74 1.200001 -0.000001 0.000000 0.000000 0.000000 0.000000
    75 0.000000 0.300000 0.000000 0.000000 0.000000 0.174533
    76 0.000000 0.000000 0.000000 0.000000 0.000000 0.000000
    77 0.000000 0.000000 0.000000 -3.141592 0.000000 0.000000
    78 0.000000 0.000000 0.000000 0.000000 0.000000 0.349066
    79 0.000000 0.000000 0.000000 0.000000 0.000000 0.000000
    80 0.000000 -0.000001 0.000000 0.000000 0.000000 0.000000
    81 0.000000 0.000000 0.000000 0.000000 0.000000 0.000000
    82 0.000000 0.000000 0.000000 0.000000 0.000000 0.000000
    83 -0.000002 0.000000 0.000000 0.000000 0.000000 0.000000
    84 0.000001 0.000000 0.000000 0.000000 0.000000 -0.000001
    85 0.000000 -0.000002 0.000000 0.000000 0.000000 0.000000
    86 -0.000001 0.000000 0.000000 0.000000 0.000000 0.000000
    87 -0.000001 0.000000 0.000000 0.000000 0.000000 0.000000
    88 0.000000 0.000003 0.000000 0.000000 0.000000 0.000000
    89 0.000000 0.000000 0.000000 0.000000 0.000000 0.000000
    90 -0.000001 0.000000 0.000000 -1.570797 0.000000 0.000000
  time 2
    0 -5.910967 -18.810580 -6.251746 0.922334 -1.476913 2.215728
    1 1.602392 15.810356 -4.239069 1.570800 1.513155 1.570317
    2 2.106979 0.000008 0.000000 0.000000 0.000000 -0.114558
    3 2.198853 0.000000 0.000001 0.005241 0.016373 -0.201464
    4 2.200351 -0.000008 0.000008 0.000465 0.001424 -0.122120
    5 2.258553 -0.000013 -0.000005 -0.005479 -0.019089 -0.200391
    6 2.304474 -0.000002 0.000001 -0.000135 0.000836 -0.238807
    7 2.754811 0.166965 -0.731880 0.994620 -1.565257 -1.570780
    8 1.602386 15.817284 3.928030 -4.712003 -1.526064 -4.712294
    9 2.106978 -0.000011 0.000000 0.000003 -0.000001 0.078392
    10 2.165398 0.000002 -0.000002 -0.042679 0.017068 0.175168
    11 2.110378 0.000002 -0.000002 0.001858 -0.005415 0.168740
    12 2.226635 -0.000013 0.000001 0.027058 -0.025661 0.215396
    13 2.304460 0.000006 -0.000004 -0.000094 -0.000684 0.211235
    14 2.813987 0.009438 -0.732745 -0.980044 -1.565257 -1.570827
    15 1.092005 8.235378 -1.180572 0.000001 0.000000 -1.570796
    16 2.040268 10.253985 -0.052909 -0.000003 0.000000 1.570796
    17 -0.435986 2.515787 0.660413 -0.055396 -0.341920 -1.052481
    18 2.266786 16.501297 -0.311092 0.000001 0.000000 -1.570796
    19 -3.268831 -21.730833 -9.552490 1.433649 -0.274870 -2.378791
    20 2.473575 0.628721 -1.303334 2.323667 0.383178 0.380823
    21 1.832617 0.000000 -0.000004 -3.023870 -0.006009 -0.161369
    22 1.003336 0.000000 0.000003 2.903518 -0.018428 0.072555
    23 4.823799 -0.430293 -1.419616 0.116193 -0.020078 -0.166575
    24 2.187960 0.000000 -0.000011 0.050253 0.038370 1.115316
    25 1.100958 0.000008 0.000010 0.032222 -0.080343 0.490955
    26 4.987793 -0.588135 -0.482800 0.240576 -0.052109 0.178176
    27 1.890100 -0.000006 0.000004 -0.071899 0.004011 1.259310
    28 1.310925 -0.000002 0.000001 0.022851 0.076662 0.411713
    29 5.117876 -0.665211 0.445601 0.089344 -0.184785 0.608027
    30 1.655293 0.000000 0.000001 -0.039562 0.134203 1.044566
    31 0.869586 0.000004 0.000006 0.057666 -0.031828 0.217997
    32 5.150560 -0.592267 1.346776 -0.375042 -0.027942 1.219035
    33 1.157244 0.000004 0.000011 0.034830 0.039189 0.490097
    34 1.019835 0.000004 0.000011 -1.467664 -0.051051 0.396031
    35 4.682155 -2.413729 -9.650656 -1.514883 0.579999 -1.760269
    36 12.695432 -0.000005 0.000001 -0.115327 0.278695 -1.207608
    37 -6.846745 -9.241654 -9.482590 3.121576 -0.066968 -1.497166
    38 2.474129 -0.485417 -1.382847 1.349114 0.371396 -0.523342
    39 1.832172 -0.000001 0.000001 -2.638245 0.021714 0.611148
    40 1.042032 0.000000 0.000000 -2.898935 -0.187378 -0.094133
    41 4.823236 0.677341 -1.337761 0.194928 0.165945 -0.119482
    42 2.152369 -0.000003 0.000000 0.068200 -0.040141 -0.860983
    43 1.056617 0.000002 0.000000 0.214188 0.087363 -1.171107
    44 4.985044 0.893762 -0.374954 0.052714 0.026422 -0.473278
    45 1.830180 0.000010 -0.000001 0.389985 -0.003162 -1.463776
    46 1.561353 0.000001 0.000000 0.100752 -0.050203 -1.133848
    47 5.116426 0.722720 0.545802 0.253303 0.009774 -0.925453
    48 1.752730 -0.000005 0.000000 -0.201802 0.024646 -0.948344
    49 0.869359 -0.000001 0.000000 0.036248 0.150759 -1.080583
    50 5.118731 0.342195 1.413550 -0.041671 0.154675 -1.169245
    51 1.176319 0.000005 0.000001 -0.567548 0.062509 -0.265395
    52 0.970203 0.000000 0.000002 2.156760 1.015941 -1.458550
    53 -7.508377 4.005328 -3.815796 -3.276216 0.990252 -2.620210
    54 12.706350 -0.000002 -0.000004 -0.328448 0.277280 -1.957398
    55 0.000000 0.000000 0.000000 0.000000 0.000000 0.000000
    56 1.200003 -0.000001 0.000000 0.000000 0.000000 0.000000
    57 -0.000002 -0.300000 -0.000002 -3.141593 0.000000 -0.174533
    58 0.000000 0.000000 0.000000 0.000000 0.000000 0.000000
    59 0.000000 0.000000 0.000000 -3.141593 0.000000 0.000000
    60 0.000000 0.000000 -0.000001 0.000000 0.000000 0.349066
    61 -0.000002 0.000000 -0.000001 -3.141593 0.000000 0.000000
    62 0.000000 -0.000002 -0.000003 -3.141593 0.000000 0.000000
    63 0.000000 0.000002 0.000001 -3.141593 0.000000 0.000000
    64 -0.000002 -0.000002 0.000000 -3.141593 0.000000 0.000000
    65 0.000000 0.000002 -0.000001 -3.141593 0.000000 0.000000
    66 0.000002 0.000002 0.000001 -3.141593 0.000000 0.000000
    67 -0.000003 0.000000 0.000006 -3.141593 0.000000 0.000000
    68 0.000000 0.000000 0.000000 -3.141593 0.000000 0.000000
    69 0.000000 0.000001 0.000000 -3.141592 0.000000 0.000000
    70 0.000001 0.000000 0.000008 -3.141593 0.000000 0.000000
    71 0.000000 0.000000 0.000004 -3.141593 0.000000 0.000000
    72 0.000000 -0.000001 0.000000 -1.570796 0.000000 0.000000
    73 0.000000 0.000000 0.000000 0.000000 0.000000 0.000000
    74 1.200001 -0.000001 0.000000 0.000000 0.000000 0.000000
    75 0.000000 0.300000 0.000000 0.000000 0.000000 0.174533
    76 0.000000 0.000000 0.000000 0.000000 0.000000 0.000000
    77 0.000000 0.000000 0.000000 -3.141592 0.000000 0.000000
    78 0.000000 0.000000 0.000000 0.000000 0.000000 0.349066
    79 0.000000 0.000000 0.000000 0.000000 0.000000 0.000000
    80 0.000000 -0.000001 0.000000 0.000000 0.000000 0.000000
    81 0.000000 0.000000 0.000000 0.000000 0.000000 0.000000
    82 0.000000 0.000000 0.000000 0.000000 0.000000 0.000000
    83 -0.000002 0.000000 0.000000 0.000000 0.000000 0.000000
    84 0.000001 0.000000 0.000000 0.000000 0.000000 -0.000001
    85 0.000000 -0.000002 0.000000 0.000000 0.000000 0.000000
    86 -0.000001 0.000000 0.000000 0.000000 0.000000 0.000000
    87 -0.000001 0.000000 0.000000 0.000000 0.000000 0.000000
    88 0.000000 0.000003 0.000000 0.000000 0.000000 0.000000
    89 0.000000 0.000000 0.000000 0.000000 0.000000 0.000000
    90 -0.000001 0.000000 0.000000 -1.570797 0.000000 0.000000
  time 3
    0 -5.910967 -17.943366 -6.228308 0.555989 -1.439149 2.584083
    1 1.602392 15.810356 -4.239069 1.570417 1.338635 1.570317
    2 2.106979 0.000008 0.000000 0.000000 0.000000 -0.114558
    3 2.198853 0.000000 0.000001 0.005852 0.016145 -0.159326
    4 2.200351 -0.000008 0.000008 0.000489 0.001424 -0.098223
    5 2.258553 -0.000013 -0.000005 -0.005479 -0.019089 -0.200379
    6 2.304474 -0.000002 0.000001 -0.000279 0.000800 -0.423142
    7 2.754811 0.166965 -0.731880 0.136912 -1.565257 -1.570720
    8 1.602386 15.817284 3.928030 1.570415 -1.438888 -4.712007
    9 2.106978 -0.000011 0.000000 0.000003 -0.000001 0.078392
    10 2.165398 0.000002 -0.000002 -0.043278 0.015258 0.133066
    11 2.110378 0.000002 -0.000002 0.002314 -0.005211 0.069544
    12 2.226635 -0.000013 0.000001 0.027058 -0.025661 0.215396
    13 2.304460 0.000006 -0.000004 -0.000214 -0.000660 0.395558
    14 2.813987 0.009438 -0.732745 0.003242 -1.565257 -1.570851
    15 1.092005 8.231471 -1.286044 0.000001 0.000000 -1.570796
    16 2.040268 13.019694 -0.052909 -0.000003 0.000000 1.570796
    17 -0.381297 2.632978 0.773697 -0.055396 -0.341920 -1.052481
    18 2.266786 16.501297 -0.311092 0.000001 0.000000 -1.570796
    19 -3.077419 -20.840181 -9.396235 1.469024 -0.231491 -2.383426
    20 2.473575 0.628721 -1.303334 2.323667 0.383178 0.380823
    21 1.832617 0.000000 -0.000004 -3.023870 -0.006009 -0.161369
    22 1.003336 0.000000 0.000003 2.903518 -0.018428 0.072555
    23 4.823799 -0.430293 -1.419616 0.116193 -0.020078 -0.166575
    24 2.187960 0.000000 -0.000011 0.050253 0.038370 1.115316
    25 1.100958 0.000008 0.000010 0.032222 -0.080343 0.490955
    26 4.987793 -0.588135 -0.482800 0.240576 -0.052109 0.178176
    27 1.890100 -0.000006 0.000004 -0.071899 0.004011 1.259310
    28 1.310925 -0.000002 0.000001 0.022851 0.076662 0.411713
    29 5.117876 -0.665211 0.445601 0.089344 -0.184785 0.608027
    30 1.655293 0.000000 0.000001 -0.039562 0.134203 1.044566
    31 0.869586 0.000004 0.000006 0.057666 -0.031828 0.217997
    32 5.150560 -0.592267 1.346776 -0.375042 -0.027942 1.219035
    33 1.157244 0.000004 0.000011 0.034830 0.039189 0.490097
    34 1.019835 0.000004 0.000011 -1.467664 -0.051051 0.396031
    35 4.682155 -2.413729 -9.650656 -1.497207 0.626490 -1.741754
    36 12.695432 -0.000005 0.000001 -0.149567 0.289002 -1.329925
    37 -6.721741 -8.362721 -9.443526 3.177083 -0.065924 -1.496515
    38 2.474129 -0.485417 -1.382847 1.349114 0.371396 -0.523342
    39 1.832172 -0.000001 0.000001 -2.638245 0.021714 0.611148
    40 1.042032 0.000000 0.000000 -2.898935 -0.187378 -0.094133
    41 4.823236 0.677341 -1.337761 0.194928 0.165945 -0.119482
    42 2.152369 -0.000003 0.000000 0.068212 -0.040141 -0.860983
    43 1.056617 0.000002 0.000000 0.214188 0.087327 -1.171126
    44 4.985044 0.893762 -0.374954 0.052714 0.026422 -0.473278
    45 1.830180 0.000010 -0.000001 0.389985 -0.003162 -1.463776
    46 1.561353 0.000001 0.000000 0.100752 -0.050203 -1.133848
    47 5.116426 0.722720 0.545802 0.253303 0.009774 -0.925453
    48 1.752730 -0.000005 0.000000 -0.201802 0.024646 -0.948344
    49 0.869359 -0.000001 0.000000 0.036248 0.150759 -1.080583
    50 5.118731 0.342195 1.413550 -0.041671 0.154675 -1.169245
    51 1.176319 0.000005 0.000001 -0.567548 0.062509 -0.265395
    52 0.970203 0.000000 0.000002 2.156760 1.015941 -1.458550
    53 -7.508377 4.005328 -3.815796 -3.407920 0.954925 -2.713818
    54 12.706350 -0.000002 -0.000004 -0.349575 0.268052 -2.035748
    55 0.000000 0.000000 0.000000 0.000000 0.000000 0.000000
    56 1.200003 -0.000001 0.000000 0.000000 0.000000 0.000000
    57 -0.000002 -0.300000 -0.000002 -3.141593 0.000000 -0.174533
    58 0.000000 0.000000 0.000000 0.000000 0.000000 0.000000
    59 0.000000 0.000000 0.000000 -3.141593 0.000000 0.000000
    60 0.000000 0.000000 -0.000001 0.000000 0.000000 0.349066
    61 -0.000002 0.000000 -0.000001 -3.141593 0.000000 0.000000
    62 0.000000 -0.000002 -0.000003 -3.141593 0.000000 0.000000
    63 0.000000 0.000002 0.000001 -3.141593 0.000000 0.000000
    64 -0.000002 -0.000002 0.000000 -3.141593 0.000000 0.000000
    65 0.000000 0.000002 -0.000001 -3.141593 0.000000 0.000000
    66 0.000002 0.000002 0.000001 -3.141593 0.000000 0.000000
    67 -0.000003 0.000000 0.000006 -3.141593 0.000000 0.000000
    68 0.000000 0.000000 0.000000 -3.141593 0.000000 0.000000
    69 0.000000 0.000001 0.000000 -3.141592 0.000000 0.000000
    70 0.000001 0.000000 0.000008 -3.141593 0.000000 0.000000
    71 0.000000 0.000000 0.000004 -3.141593 0.000000 0.000000
    72 0.000000 -0.000001 0.000000 -1.570796 0.000000 0.000000
    73 0.000000 0.000000 0.000000 0.000000 0.000000 0.000000
    74 1.200001 -0.000001 0.000000 0.000000 0.000000 0.000000
    75 0.000000 0.300000 0.000000 0.000000 0.000000 0.174533
    76 0.000000 0.000000 0.000000 0.000000 0.000000 0.000000
    77 0.000000 0.000000 0.000000 -3.141592 0.000000 0.000000
    78 0.000000 0.000000 0.000000 0.000000 0.000000 0.349066
    79 0.000000 0.000000 0.000000 0.000000 0.000000 0.000000
    80 0.000000 -0.000001 0.000000 0.000000 0.000000 0.000000
    81 0.000000 0.000000 0.000000 0.000000 0.000000 0.000000
    82 0.000000 0.000000 0.000000 0.000000 0.000000 0.000000
    83 -0.000002 0.000000 0.000000 0.000000 0.000000 0.000000
    84 0.000001 0.000000 0.000000 0.000000 0.000000 -0.000001
    85 0.000000 -0.000002 0.000000 0.000000 0.000000 0.000000
    86 -0.000001 0.000000 0.000000 0.000000 0.000000 0.000000
    87 -0.000001 0.000000 0.000000 0.000000 0.000000 0.000000
    88 0.000000 0.000003 0.000000 0.000000 0.000000 0.000000
    89 0.000000 0.000000 0.000000 0.000000 0.000000 0.000000
    90 -0.000001 0.000000 0.000000 -1.570797 0.000000 0.000000
  time 4
    0 -5.910967 -17.212875 -6.208776 0.372577 -1.426590 2.772797
    1 1.602392 15.810356 -4.239069 1.570417 1.480509 1.570796
    2 2.106979 0.000008 0.000000 0.000000 0.000000 -0.114558
    3 2.198853 0.000000 0.000001 0.007278 0.015534 -0.069058
    4 2.200351 -0.000008 0.000008 0.000561 0.001424 -0.051519
    5 2.258553 -0.000013 -0.000005 -0.005479 -0.019089 -0.200367
    6 2.304474 -0.000002 0.000001 -0.000279 0.000800 -0.418289
    7 2.754811 0.166965 -0.731880 -0.373319 -1.565257 -1.570768
    8 1.602386 15.817284 3.928030 1.570798 -1.505917 -4.712390
    9 2.106978 -0.000011 0.000000 0.000003 -0.000001 0.078392
    10 2.165398 0.000002 -0.000002 -0.044549 0.011291 0.042894
    11 2.110378 0.000002 -0.000002 0.002242 -0.005271 0.094340
    12 2.226635 -0.000013 0.000001 0.027058 -0.025661 0.215384
    13 2.304460 0.000006 -0.000004 -0.000214 -0.000684 0.390621
    14 2.813987 0.009438 -0.732745 0.591086 -1.565257 -1.570803
    15 1.088099 8.251003 -1.371984 0.000001 0.000000 -1.570796
    16 2.040268 12.156386 -0.052909 -0.000003 0.000000 1.570796
    17 -0.361765 2.691574 0.828387 -0.055396 -0.341920 -1.052481
    18 2.266786 16.501297 -0.311092 0.000001 0.000000 -1.570796
    19 -2.987572 -20.035469 -9.357172 1.472092 -0.203481 -2.377493
    20 2.473575 0.628721 -1.303334 2.323667 0.383178 0.380823
    21 1.832617 0.000000 -0.000004 -3.023870 -0.006009 -0.161369
    22 1.003336 0.000000 0.000003 2.903518 -0.018428 0.072555
    23 4.823799 -0.430293 -1.419616 0.116193 -0.020078 -0.166575
    24 2.187960 0.000000 -0.000011 0.050253 0.038370 1.115316
    25 1.100958 0.000008 0.000010 0.032222 -0.080343 0.490955
    26 4.987793 -0.588135 -0.482800 0.240576 -0.052109 0.178176
    27 1.890100 -0.000006 0.000004 -0.071899 0.004011 1.259310
    28 1.310925 -0.000002 0.000001 0.022851 0.076662 0.411713
    29 5.117876 -0.665211 0.445601 0.089344 -0.184785 0.608027
    30 1.655293 0.000000 0.000001 -0.039562 0.134203 1.044566
    31 0.869586 0.000004 0.000006 0.057666 -0.031828 0.217997
    32 5.150560 -0.592267 1.346776 -0.375042 -0.027942 1.219035
    33 1.157244 0.000004 0.000011 0.034830 0.039189 0.490097
    34 1.019835 0.000004 0.000011 -1.467664 -0.051051 0.396031
    35 4.682155 -2.413729 -9.650656 -1.476980 0.667022 -1.726621
    36 12.695432 -0.000005 0.000001 -0.177946 0.294203 -1.428822
    37 -6.741273 -7.585354 -9.252114 3.200932 -0.050785 -1.491058
    38 2.474129 -0.485417 -1.382847 1.349114 0.371396 -0.523342
    39 1.832172 -0.000001 0.000001 -2.638245 0.021714 0.611148
    40 1.042032 0.000000 0.000000 -2.898935 -0.187378 -0.094133
    41 4.823236 0.677341 -1.337761 0.194928 0.165945 -0.119482
    42 2.152369 -0.000003 0.000000 0.068200 -0.040141 -0.860983
    43 1.056617 0.000002 0.000000 0.214188 0.087327 -1.171107
    44 4.985044 0.893762 -0.374954 0.052714 0.026422 -0.473278
    45 1.830180 0.000010 -0.000001 0.389985 -0.003162 -1.463776
    46 1.561353 0.000001 0.000000 0.100752 -0.050203 -1.133848
    47 5.116426 0.722720 0.545802 0.253303 0.009774 -0.925453
    48 1.752730 -0.000005 0.000000 -0.201802 0.024646 -0.948344
    49 0.869359 -0.000001 0.000000 0.036248 0.150759 -1.080583
    50 5.118731 0.342195 1.413550 -0.041671 0.154675 -1.169245
    51 1.176319 0.000005 0.000001 -0.567548 0.062509 -0.265395
    52 0.970203 0.000000 0.000002 2.156760 1.015941 -1.458550
    53 -7.508377 4.005328 -3.815796 -3.489582 0.936035 -2.787374
    54 12.706350 -0.000002 -0.000004 -0.368782 0.257865 -2.109664
    55 0.000000 0.000000 0.000000 0.000000 0.000000 0.000000
    56 1.200003 -0.000001 0.000000 0.000000 0.000000 0.000000
    57 -0.000002 -0.300000 -0.000002 -3.141593 0.000000 -0.174533
    58 0.000000 0.000000 0.000000 0.000000 0.000000 0.000000
    59 0.000000 0.000000 0.000000 -3.141593 0.000000 0.000000
    60 0.000000 0.000000 -0.000001 0.000000 0.000000 0.349066
    61 -0.000002 0.000000 -0.000001 -3.141593 0.000000 0.000000
    62 0.000000 -0.000002 -0.000003 -3.141593 0.000000 0.000000
    63 0.000000 0.000002 0.000001 -3.141593 0.000000 0.000000
    64 -0.000002 -0.000002 0.000000 -3.141593 0.000000 0.000000
    65 0.000000 0.000002 -0.000001 -3.141593 0.000000 0.000000
    66 0.000002 0.000002 0.000001 -3.141593 0.000000 0.000000
    67 -0.000003 0.000000 0.000006 -3.141593 0.000000 0.000000
    68 0.000000 0.000000 0.000000 -3.141593 0.000000 0.000000
    69 0.000000 0.000001 0.000000 -3.141592 0.000000 0.000000
    70 0.000001 0.000000 0.000008 -3.141593 0.000000 0.000000
    71 0.000000 0.000000 0.000004 -3.141593 0.000000 0.000000
    72 0.000000 -0.000001 0.000000 -1.570796 0.000000 0.000000
    73 0.000000 0.000000 0.000000 0.000000 0.000000 0.000000
    74 1.200001 -0.000001 0.000000 0.000000 0.000000 0.000000
    75 0.000000 0.300000 0.000000 0.000000 0.000000 0.174533
    76 0.000000 0.000000 0.000000 0.000000 0.000000 0.000000
    77 0.000000 0.000000 0.000000 -3.141592 0.000000 0.000000
    78 0.000000 0.000000 0.000000 0.000000 0.000000 0.349066
    79 0.000000 0.000000 0.000000 0.000000 0.000000 0.000000
    80 0.000000 -0.000001 0.000000 0.000000 0.000000 0.000000
    81 0.000000 0.000000 0.000000 0.000000 0.000000 0.000000
    82 0.000000 0.000000 0.000000 0.000000 0.000000 0.000000
    83 -0.000002 0.000000 0.000000 0.000000 0.000000 0.000000
    84 0.000001 0.000000 0.000000 0.000000 0.000000 -0.000001
    85 0.000000 -0.000002 0.000000 0.000000 0.000000 0.000000
    86 -0.000001 0.000000 0.000000 0.000000 0.000000 0.000000
    87 -0.000001 0.000000 0.000000 0.000000 0.000000 0.000000
    88 0.000000 0.000003 0.000000 0.000000 0.000000 0.000000
    89 0.000000 0.000000 0.000000 0.000000 0.000000 0.000000
    90 -0.000001 0.000000 0.000000 -1.570797 0.000000 0.000000
  time 5
    0 -5.910967 -16.966774 -6.200963 0.210929 -1.430542 2.938590
    1 1.602392 15.810356 -4.239069 -1.570791 1.518907 -1.570792
    2 2.106979 0.000008 0.000000 0.000000 0.000000 -0.114558
    3 2.198853 0.000000 0.000001 0.007950 0.015222 -0.026920
    4 2.200351 -0.000008 0.000008 0.000597 0.001388 -0.022864
    5 2.258553 -0.000013 -0.000005 -0.005479 -0.019089 -0.200379
    6 2.304474 -0.000002 0.000001 -0.000267 0.000800 -0.413411
    7 2.754811 0.166965 -0.731880 -0.277639 -1.565257 -1.570756
    8 1.602386 15.817284 3.928030 -1.570794 -1.568285 -1.570804
    9 2.106978 -0.000011 0.000000 0.000003 -0.000001 0.078392
    10 2.165398 0.000002 -0.000002 -0.044908 0.009482 0.000792
    11 2.110378 0.000002 -0.000002 0.002122 -0.005319 0.119136
    12 2.226635 -0.000013 0.000001 0.027058 -0.025661 0.215384
    13 2.304460 0.000006 -0.000004 -0.000214 -0.000660 0.385767
    14 2.813987 0.009438 -0.732745 0.495317 -1.565257 -1.570779
    15 1.049035 8.254910 -1.426673 0.000001 0.000000 -1.570796
    16 2.040268 11.285266 -0.052909 -0.000003 0.000000 1.570796
    17 -0.373484 2.644698 0.777604 -0.055396 -0.341920 -1.052481
    18 2.266786 16.501297 -0.311092 0.000001 0.000000 -1.570796
    19 -2.964134 -19.695615 -9.407954 1.456945 -0.185634 -2.368408
    20 2.473575 0.628721 -1.303334 2.323667 0.383178 0.380823
    21 1.832617 0.000000 -0.000004 -3.023870 -0.006009 -0.161369
    22 1.003336 0.000000 0.000003 2.903518 -0.018428 0.072555
    23 4.823799 -0.430293 -1.419616 0.116193 -0.020078 -0.166575
    24 2.187960 0.000000 -0.000011 0.050253 0.038370 1.115316
    25 1.100958 0.000008 0.000010 0.032222 -0.080343 0.490955
    26 4.987793 -0.588135 -0.482800 0.240576 -0.052109 0.178176
    27 1.890100 -0.000006 0.000004 -0.071899 0.004011 1.259310
    28 1.310925 -0.000002 0.000001 0.022851 0.076662 0.411713
    29 5.117876 -0.665211 0.445601 0.089344 -0.184785 0.608027
    30 1.655293 0.000000 0.000001 -0.039562 0.134203 1.044566
    31 0.869586 0.000004 0.000006 0.057666 -0.031828 0.217997
    32 5.150560 -0.592267 1.346776 -0.375042 -0.027942 1.219035
    33 1.157244 0.000004 0.000011 0.034830 0.039189 0.490097
    34 1.019835 0.000004 0.000011 -1.467664 -0.051051 0.396031
    35 4.682155 -2.413729 -9.650656 -1.466502 0.686048 -1.720136
    36 12.695432 -0.000005 0.000001 -0.189440 0.295582 -1.468217
    37 -6.784243 -7.272844 -8.978668 3.205303 -0.027903 -1.485356
    38 2.474129 -0.485417 -1.382847 1.349114 0.371396 -0.523342
    39 1.832172 -0.000001 0.000001 -2.638245 0.021714 0.611148
    40 1.042032 0.000000 0.000000 -2.898935 -0.187378 -0.094133
    41 4.823236 0.677341 -1.337761 0.194928 0.165945 -0.119482
    42 2.152369 -0.000003 0.000000 0.068021 -0.040428 -0.855799
    43 1.056617 0.000002 0.000000 0.215098 0.084822 -1.159669
    44 4.985044 0.893762 -0.374954 0.052714 0.026422 -0.473278
    45 1.830180 0.000010 -0.000001 0.389985 -0.003162 -1.463776
    46 1.561353 0.000001 0.000000 0.100752 -0.050203 -1.133848
    47 5.116426 0.722720 0.545802 0.253303 0.009774 -0.925453
    48 1.752730 -0.000005 0.000000 -0.201802 0.024646 -0.948344
    49 0.869359 -0.000001 0.000000 0.036248 0.150759 -1.080583
    50 5.118731 0.342195 1.413550 -0.041671 0.154675 -1.169245
    51 1.176319 0.000005 0.000001 -0.567548 0.062509 -0.265395
    52 0.970203 0.000000 0.000002 2.156760 1.015941 -1.458550
    53 -7.508377 4.005328 -3.815796 -3.490196 0.952186 -2.811893
    54 12.706350 -0.000002 -0.000004 -0.378064 0.252280 -2.146243
    55 0.000000 0.000000 0.000000 0.000000 0.000000 0.000000
    56 1.200003 -0.000001 0.000000 0.000000 0.000000 0.000000
    57 -0.000002 -0.300000 -0.000002 -3.141593 0.000000 -0.174533
    58 0.000000 0.000000 0.000000 0.000000 0.000000 0.000000
    59 0.000000 0.000000 0.000000 -3.141593 0.000000 0.000000
    60 0.000000 0.000000 -0.000001 0.000000 0.000000 0.349066
    61 -0.000002 0.000000 -0.000001 -3.141593 0.000000 0.000000
    62 0.000000 -0.000002 -0.000003 -3.141593 0.000000 0.000000
    63 0.000000 0.000002 0.000001 -3.141593 0.000000 0.000000
    64 -0.000002 -0.000002 0.000000 -3.141593 0.000000 0.000000
    65 0.000000 0.000002 -0.000001 -3.141593 0.000000 0.000000
    66 0.000002 0.000002 0.000001 -3.141593 0.000000 0.000000
    67 -0.000003 0.000000 0.000006 -3.141593 0.000000 0.000000
    68 0.000000 0.000000 0.000000 -3.141593 0.000000 0.000000
    69 0.000000 0.000001 0.000000 -3.141592 0.000000 0.000000
    70 0.000001 0.000000 0.000008 -3.141593 0.000000 0.000000
    71 0.000000 0.000000 0.000004 -3.141593 0.000000 0.000000
    72 0.000000 -0.000001 0.000000 -1.570796 0.000000 0.000000
    73 0.000000 0.000000 0.000000 0.000000 0.000000 0.000000
    74 1.200001 -0.000001 0.000000 0.000000 0.000000 0.000000
    75 0.000000 0.300000 0.000000 0.000000 0.000000 0.174533
    76 0.000000 0.000000 0.000000 0.000000 0.000000 0.000000
    77 0.000000 0.000000 0.000000 -3.141592 0.000000 0.000000
    78 0.000000 0.000000 0.000000 0.000000 0.000000 0.349066
    79 0.000000 0.000000 0.000000 0.000000 0.000000 0.000000
    80 0.000000 -0.000001 0.000000 0.000000 0.000000 0.000000
    81 0.000000 0.000000 0.000000 0.000000 0.000000 0.000000
    82 0.000000 0.000000 0.000000 0.000000 0.000000 0.000000
    83 -0.000002 0.000000 0.000000 0.000000 0.000000 0.000000
    84 0.000001 0.000000 0.000000 0.000000 0.000000 -0.000001
    85 0.000000 -0.000002 0.000000 0.000000 0.000000 0.000000
    86 -0.000001 0.000000 0.000000 0.000000 0.000000 0.000000
    87 -0.000001 0.000000 0.000000 0.000000 0.000000 0.000000
    88 0.000000 0.000003 0.000000 0.000000 0.000000 0.000000
    89 0.000000 0.000000 0.000000 0.000000 0.000000 0.000000
    90 -0.000001 0.000000 0.000000 -1.570797 0.000000 0.000000
  time 6
    0 -5.907061 -17.244126 -6.228308 -0.052445 -1.452454 3.204948
    1 1.602392 15.810356 -4.239069 -1.570791 1.518907 -1.570792
    2 2.106979 0.000008 0.000000 0.000000 0.000000 -0.114558
    3 2.198853 0.000000 0.000001 0.007950 0.015222 -0.026920
    4 2.200351 -0.000008 0.000008 0.000597 0.001388 -0.022864
    5 2.258553 -0.000013 -0.000005 -0.005479 -0.019089 -0.200391
    6 2.304474 -0.000002 0.000001 -0.000267 0.000800 -0.413411
    7 2.754811 0.166965 -0.731880 -0.023959 -1.565257 -1.570828
    8 1.602386 15.817284 3.928030 -1.570794 -1.568285 -1.570804
    9 2.106978 -0.000011 0.000000 0.000003 -0.000001 0.078392
    10 2.165398 0.000002 -0.000002 -0.044908 0.009482 0.000792
    11 2.110378 0.000002 -0.000002 0.002122 -0.005319 0.119136
    12 2.226635 -0.000013 0.000001 0.027058 -0.025661 0.215396
    13 2.304460 0.000006 -0.000004 -0.000214 -0.000660 0.385767
    14 2.813987 0.009438 -0.732745 0.241754 -1.565257 -1.570803
    15 0.646679 8.251003 -1.457924 0.000001 0.000000 -1.570796
    16 2.040268 11.328236 -0.052909 -0.000003 0.000000 1.570796
    17 -0.451612 2.531413 0.648694 -0.055396 -0.341920 -1.052481
    18 2.266786 16.501297 -0.311092 0.000001 0.000000 -1.570796
    19 -3.011011 -19.844057 -9.583741 1.418023 -0.174480 -2.356357
    20 2.473575 0.628721 -1.303334 2.323667 0.383178 0.380823
    21 1.832617 0.000000 -0.000004 -3.023870 -0.006009 -0.161369
    22 1.003336 0.000000 0.000003 2.903518 -0.018428 0.072555
    23 4.823799 -0.430293 -1.419616 0.116193 -0.020078 -0.166575
    24 2.187960 0.000000 -0.000011 0.050253 0.038370 1.115316
    25 1.100958 0.000008 0.000010 0.032222 -0.080343 0.490955
    26 4.987793 -0.588135 -0.482800 0.240576 -0.052109 0.178176
    27 1.890100 -0.000006 0.000004 -0.071899 0.004011 1.259310
    28 1.310925 -0.000002 0.000001 0.022851 0.076662 0.411713
    29 5.117876 -0.665211 0.445601 0.089344 -0.184785 0.608027
    30 1.655293 0.000000 0.000001 -0.039562 0.134203 1.044566
    31 0.869586 0.000004 0.000006 0.057666 -0.031828 0.217997
    32 5.150560 -0.592267 1.346776 -0.375042 -0.027942 1.219035
    33 1.157244 0.000004 0.000011 0.034830 0.039189 0.490097
    34 1.019835 0.000004 0.000011 -1.467664 -0.051051 0.396031
    35 4.682155 -2.413729 -9.650656 -1.466502 0.686774 -1.722204
    36 12.695432 -0.000005 0.000001 -0.183963 0.294958 -1.449084
    37 -6.913153 -7.468163 -8.564593 3.189241 0.008944 -1.480143
    38 2.474129 -0.485417 -1.382847 1.349114 0.371396 -0.523342
    39 1.832172 -0.000001 0.000001 -2.638245 0.021714 0.611148
    40 1.042032 0.000000 0.000000 -2.898935 -0.187378 -0.094133
    41 4.823236 0.677341 -1.337761 0.194928 0.165945 -0.119482
    42 2.152369 -0.000003 0.000000 0.067361 -0.041567 -0.840038
    43 1.056617 0.000002 0.000000 0.217999 0.077320 -1.125069
    44 4.985044 0.893762 -0.374954 0.052714 0.026422 -0.473278
    45 1.830180 0.000010 -0.000001 0.389985 -0.003162 -1.463776
    46 1.561353 0.000001 0.000000 0.100752 -0.050203 -1.133848
    47 5.116426 0.722720 0.545802 0.253303 0.009774 -0.925453
    48 1.752730 -0.000005 0.000000 -0.201802 0.024646 -0.948344
    49 0.869359 -0.000001 0.000000 0.036248 0.150759 -1.080583
    50 5.118731 0.342195 1.413550 -0.041671 0.154675 -1.169245
    51 1.176319 0.000005 0.000001 -0.567548 0.062509 -0.265395
    52 0.970203 0.000000 0.000002 2.156760 1.015941 -1.458550
    53 -7.508377 4.005328 -3.815796 -3.388809 1.012110 -2.769603
    54 12.706350 -0.000002 -0.000004 -0.377809 0.252436 -2.145368
    55 0.000000 0.000000 0.000000 0.000000 0.000000 0.000000
    56 1.200003 -0.000001 0.000000 0.000000 0.000000 0.000000
    57 -0.000002 -0.300000 -0.000002 -3.141593 0.000000 -0.174533
    58 0.000000 0.000000 0.000000 0.000000 0.000000 0.000000
    59 0.000000 0.000000 0.000000 -3.141593 0.000000 0.000000
    60 0.000000 0.000000 -0.000001 0.000000 0.000000 0.349066
    61 -0.000002 0.000000 -0.000001 -3.141593 0.000000 0.000000
    62 0.000000 -0.000002 -0.000003 -3.141593 0.000000 0.000000
    63 0.000000 0.000002 0.000001 -3.141593 0.000000 0.000000
    64 -0.000002 -0.000002 0.000000 -3.141593 0.000000 0.000000
    65 0.000000 0.000002 -0.000001 -3.141593 0.000000 0.000000
    66 0.000002 0.000002 0.000001 -3.141593 0.000000 0.000000
    67 -0.000003 0.000000 0.000006 -3.141593 0.000000 0.000000
    68 0.000000 0.000000 0.000000 -3.141593 0.000000 0.000000
    69 0.000000 0.000001 0.000000 -3.141592 0.000000 0.000000
    70 0.000001 0.000000 0.000008 -3.141593 0.000000 0.000000
    71 0.000000 0.000000 0.000004 -3.141593 0.000000 0.000000
    72 0.000000 -0.000001 0.000000 -1.570796 0.000000 0.000000
    73 0.000000 0.000000 0.000000 0.000000 0.000000 0.000000
    74 1.200001 -0.000001 0.000000 0.000000 0.000000 0.000000
    75 0.000000 0.300000 0.000000 0.000000 0.000000 0.174533
    76 0.000000 0.000000 0.000000 0.000000 0.000000 0.000000
    77 0.000000 0.000000 0.000000 -3.141592 0.000000 0.000000
    78 0.000000 0.000000 0.000000 0.000000 0.000000 0.349066
    79 0.000000 0.000000 0.000000 0.000000 0.000000 0.000000
    80 0.000000 -0.000001 0.000000 0.000000 0.000000 0.000000
    81 0.000000 0.000000 0.000000 0.000000 0.000000 0.000000
    82 0.000000 0.000000 0.000000 0.000000 0.000000 0.000000
    83 -0.000002 0.000000 0.000000 0.000000 0.000000 0.000000
    84 0.000001 0.000000 0.000000 0.000000 0.000000 -0.000001
    85 0.000000 -0.000002 0.000000 0.000000 0.000000 0.000000
    86 -0.000001 0.000000 0.000000 0.000000 0.000000 0.000000
    87 -0.000001 0.000000 0.000000 0.000000 0.000000 0.000000
    88 0.000000 0.000003 0.000000 0.000000 0.000000 0.000000
    89 0.000000 0.000000 0.000000 0.000000 0.000000 0.000000
    90 -0.000001 0.000000 0.000000 -1.570797 0.000000 0.000000
  time 7
    0 -5.903154 -17.939460 -6.294716 -0.627705 -1.486178 3.782455
    1 1.602392 15.810356 -4.239069 -1.570791 1.518919 -1.570792
    2 2.106979 0.000008 0.000000 0.000000 0.000000 -0.114558
    3 2.198853 0.000000 0.000001 0.007950 0.015222 -0.026920
    4 2.200351 -0.000008 0.000008 0.000597 0.001388 -0.022864
    5 2.258553 -0.000013 -0.000005 -0.005479 -0.019089 -0.200367
    6 2.304474 -0.000002 0.000001 -0.000267 0.000800 -0.413411
    7 2.754811 0.166965 -0.731880 0.229902 -1.565257 -1.570768
    8 1.602386 15.817284 3.928030 -1.570794 -1.568285 -1.570804
    9 2.106978 -0.000011 0.000000 0.000003 -0.000001 0.078392
    10 2.165398 0.000002 -0.000002 -0.044908 0.009482 0.000792
    11 2.110378 0.000002 -0.000002 0.002122 -0.005319 0.119136
    12 2.226635 -0.000013 0.000001 0.027058 -0.025661 0.215396
    13 2.304460 0.000006 -0.000004 -0.000214 -0.000660 0.385767
    14 2.813987 0.009438 -0.732745 -0.012096 -1.565257 -1.570767
    15 0.306825 8.251003 -1.493081 0.000001 0.000000 -1.570796
    16 2.040268 11.371206 -0.052909 -0.000003 0.000000 1.570796
    17 -0.502395 2.418128 0.554941 -0.055396 -0.341920 -1.052481
    18 2.266786 16.501297 -0.311092 0.000001 0.000000 -1.570796
    19 -3.167265 -20.379229 -9.904063 1.351012 -0.179140 -2.339763
    20 2.473575 0.628721 -1.303334 2.323667 0.383178 0.380823
    21 1.832617 0.000000 -0.000004 -3.023870 -0.006009 -0.161369
    22 1.003336 0.000000 0.000003 2.903518 -0.018428 0.072555
    23 4.823799 -0.430293 -1.419616 0.116193 -0.020078 -0.166575
    24 2.187960 0.000000 -0.000011 0.050253 0.038370 1.115316
    25 1.100958 0.000008 0.000010 0.032222 -0.080343 0.490955
    26 4.987793 -0.588135 -0.482800 0.240576 -0.052109 0.178176
    27 1.890100 -0.000006 0.000004 -0.071899 0.004011 1.259310
    28 1.310925 -0.000002 0.000001 0.022851 0.076662 0.411713
    29 5.117876 -0.665211 0.445601 0.089344 -0.184785 0.608027
    30 1.655293 0.000000 0.000001 -0.039562 0.134203 1.044566
    31 0.869586 0.000004 0.000006 0.057666 -0.031828 0.217997
    32 5.150560 -0.592267 1.346776 -0.375042 -0.027942 1.219035
    33 1.157244 0.000004 0.000011 0.034830 0.039189 0.490097
    34 1.019835 0.000004 0.000011 -1.467664 -0.051051 0.396031
    35 4.682155 -2.413729 -9.650656 -1.473882 0.672134 -1.733764
    36 12.695432 -0.000005 0.000001 -0.163888 0.291950 -1.380153
    37 -7.073314 -8.081463 -8.076297 3.143176 0.056145 -1.476804
    38 2.474129 -0.485417 -1.382847 1.349114 0.371396 -0.523342
    39 1.832172 -0.000001 0.000001 -2.638245 0.021714 0.611148
    40 1.042032 0.000000 0.000000 -2.898935 -0.187378 -0.094133
    41 4.823236 0.677341 -1.337761 0.194928 0.165945 -0.119482
    42 2.152369 -0.000003 0.000000 0.066343 -0.043304 -0.814255
    43 1.056617 0.000002 0.000000 0.222061 0.064556 -1.068095
    44 4.985044 0.893762 -0.374954 0.052714 0.026422 -0.473278
    45 1.830180 0.000010 -0.000001 0.389985 -0.003162 -1.463776
    46 1.561353 0.000001 0.000000 0.100752 -0.050203 -1.133848
    47 5.116426 0.722720 0.545802 0.253303 0.009774 -0.925453
    48 1.752730 -0.000005 0.000000 -0.201802 0.024646 -0.948344
    49 0.869359 -0.000001 0.000000 0.036248 0.150759 -1.080583
    50 5.118731 0.342195 1.413550 -0.041671 0.154675 -1.169245
    51 1.176319 0.000005 0.000001 -0.567548 0.062509 -0.265395
    52 0.970203 0.000000 0.000002 2.156760 1.015941 -1.458550
    53 -7.508377 4.005328 -3.815796 -3.180201 1.083049 -2.634180
    54 12.706350 -0.000002 -0.000004 -0.368770 0.257865 -2.109664
    55 0.000000 0.000000 0.000000 0.000000 0.000000 0.000000
    56 1.200003 -0.000001 0.000000 0.000000 0.000000 0.000000
    57 -0.000002 -0.300000 -0.000002 -3.141593 0.000000 -0.174533
    58 0.000000 0.000000 0.000000 0.000000 0.000000 0.000000
    59 0.000000 0.000000 0.000000 -3.141593 0.000000 0.000000
    60 0.000000 0.000000 -0.000001 0.000000 0.000000 0.349066
    61 -0.000002 0.000000 -0.000001 -3.141593 0.000000 0.000000
    62 0.000000 -0.000002 -0.000003 -3.141593 0.000000 0.000000
    63 0.000000 0.000002 0.000001 -3.141593 0.000000 0.000000
    64 -0.000002 -0.000002 0.000000 -3.141593 0.000000 0.000000
    65 0.000000 0.000002 -0.000001 -3.141593 0.000000 0.000000
    66 0.000002 0.000002 0.000001 -3.141593 0.000000 0.000000
    67 -0.000003 0.000000 0.000006 -3.141593 0.000000 0.000000
    68 0.000000 0.000000 0.000000 -3.141593 0.000000 0.000000
    69 0.000000 0.000001 0.000000 -3.141592 0.000000 0.000000
    70 0.000001 0.000000 0.000008 -3.141593 0.000000 0.000000
    71 0.000000 0.000000 0.000004 -3.141593 0.000000 0.000000
    72 0.000000 -0.000001 0.000000 -1.570796 0.000000 0.000000
    73 0.000000 0.000000 0.000000 0.000000 0.000000 0.000000
    74 1.200001 -0.000001 0.000000 0.000000 0.000000 0.000000
    75 0.000000 0.300000 0.000000 0.000000 0.000000 0.174533
    76 0.000000 0.000000 0.000000 0.000000 0.000000 0.000000
    77 0.000000 0.000000 0.000000 -3.141592 0.000000 0.000000
    78 0.000000 0.000000 0.000000 0.000000 0.000000 0.349066
    79 0.000000 0.000000 0.000000 0.000000 0.000000 0.000000
    80 0.000000 -0.000001 0.000000 0.000000 0.000000 0.000000
    81 0.000000 0.000000 0.000000 0.000000 0.000000 0.000000
    82 0.000000 0.000000 0.000000 0.000000 0.000000 0.000000
    83 -0.000002 0.000000 0.000000 0.000000 0.000000 0.000000
    84 0.000001 0.000000 0.000000 0.000000 0.000000 -0.000001
    85 0.000000 -0.000002 0.000000 0.000000 0.000000 0.000000
    86 -0.000001 0.000000 0.000000 0.000000 0.000000 0.000000
    87 -0.000001 0.000000 0.000000 0.000000 0.000000 0.000000
    88 0.000000 0.000003 0.000000 0.000000 0.000000 0.000000
    89 0.000000 0.000000 0.000000 0.000000 0.000000 0.000000
    90 -0.000001 0.000000 0.000000 -1.570797 0.000000 0.000000
  time 8
    0 -5.903154 -18.513696 -6.361124 -1.258765 -1.500054 4.414112
    1 1.602392 15.810356 -4.239069 -1.570791 1.518919 -1.570792
    2 2.106979 0.000008 0.000000 0.000000 0.000000 -0.114558
    3 2.198853 0.000000 0.000001 0.007950 0.015222 -0.026920
    4 2.200351 -0.000008 0.000008 0.000597 0.001388 -0.022864
    5 2.258553 -0.000013 -0.000005 -0.005479 -0.019089 -0.200379
    6 2.304474 -0.000002 0.000001 -0.000267 0.000800 -0.413399
    7 2.754811 0.166965 -0.731880 0.325312 -1.565257 -1.570768
    8 1.602386 15.817284 3.928030 -1.570794 -1.568285 -1.570804
    9 2.106978 -0.000011 0.000000 0.000003 -0.000001 0.078392
    10 2.165398 0.000002 -0.000002 -0.044908 0.009482 0.000792
    11 2.110378 0.000002 -0.000002 0.002122 -0.005319 0.119136
    12 2.226635 -0.000013 0.000001 0.027058 -0.025661 0.215384
    13 2.304460 0.000006 -0.000004 -0.000214 -0.000660 0.385767
    14 2.813987 0.009438 -0.732745 -0.107386 -1.565257 -1.570851
    15 0.318544 8.243191 -1.539958 0.000001 0.000000 -1.570796
    16 2.040268 11.355581 -0.052909 -0.000003 0.000000 1.570796
    17 -0.518020 2.382971 0.515877 -0.055396 -0.341920 -1.052481
    18 2.266786 16.501297 -0.311092 0.000001 0.000000 -1.570796
    19 -3.331333 -20.879244 -10.130633 1.304995 -0.199317 -2.328546
    20 2.473575 0.628721 -1.303334 2.323667 0.383178 0.380823
    21 1.832617 0.000000 -0.000004 -3.023870 -0.006009 -0.161369
    22 1.003336 0.000000 0.000003 2.903518 -0.018428 0.072555
    23 4.823799 -0.430293 -1.419616 0.116193 -0.020078 -0.166575
    24 2.187960 0.000000 -0.000011 0.050253 0.038370 1.115316
    25 1.100958 0.000008 0.000010 0.032222 -0.080343 0.490955
    26 4.987793 -0.588135 -0.482800 0.240576 -0.052109 0.178176
    27 1.890100 -0.000006 0.000004 -0.071899 0.004011 1.259310
    28 1.310925 -0.000002 0.000001 0.022851 0.076662 0.411713
    29 5.117876 -0.665211 0.445601 0.089344 -0.184785 0.608027
    30 1.655293 0.000000 0.000001 -0.039562 0.134203 1.044566
    31 0.869586 0.000004 0.000006 0.057666 -0.031828 0.217997
    32 5.150560 -0.592267 1.346776 -0.375042 -0.027942 1.219035
    33 1.157244 0.000004 0.000011 0.034830 0.039189 0.490097
    34 1.019835 0.000004 0.000011 -1.467664 -0.051051 0.396031
    35 4.682155 -2.413729 -9.650656 -1.482082 0.652382 -1.745889
    36 12.695432 -0.000005 0.000001 -0.144198 0.287684 -1.311104
    37 -7.174880 -8.628354 -7.880978 3.097939 0.077548 -1.477293
    38 2.474129 -0.485417 -1.382847 1.349114 0.371396 -0.523342
    39 1.832172 -0.000001 0.000001 -2.638245 0.021714 0.611148
    40 1.042032 0.000000 0.000000 -2.898935 -0.187378 -0.094133
    41 4.823236 0.677341 -1.337761 0.194928 0.165945 -0.119482
    42 2.152369 -0.000003 0.000000 0.064821 -0.045582 -0.779785
    43 1.056617 0.000002 0.000000 0.226208 0.047275 -0.991739
    44 4.985044 0.893762 -0.374954 0.052714 0.026422 -0.473278
    45 1.830180 0.000010 -0.000001 0.389985 -0.003162 -1.463776
    46 1.561353 0.000001 0.000000 0.100752 -0.050203 -1.133848
    47 5.116426 0.722720 0.545802 0.253303 0.009774 -0.925453
    48 1.752730 -0.000005 0.000000 -0.201802 0.024646 -0.948344
    49 0.869359 -0.000001 0.000000 0.036248 0.150759 -1.080583
    50 5.118731 0.342195 1.413550 -0.041671 0.154675 -1.169245
    51 1.176319 0.000005 0.000001 -0.567548 0.062509 -0.265395
    52 0.970203 0.000000 0.000002 2.156760 1.015941 -1.458550
    53 -7.508377 4.005328 -3.815796 -3.033992 1.105649 -2.522231
    54 12.706350 -0.000002 -0.000004 -0.357921 0.263894 -2.067543
    55 0.000000 0.000000 0.000000 0.000000 0.000000 0.000000
    56 1.200003 -0.000001 0.000000 0.000000 0.000000 0.000000
    57 -0.000002 -0.300000 -0.000002 -3.141593 0.000000 -0.174533
    58 0.000000 0.000000 0.000000 0.000000 0.000000 0.000000
    59 0.000000 0.000000 0.000000 -3.141593 0.000000 0.000000
    60 0.000000 0.000000 -0.000001 0.000000 0.000000 0.349066
    61 -0.000002 0.000000 -0.000001 -3.141593 0.000000 0.000000
    62 0.000000 -0.000002 -0.000003 -3.141593 0.000000 0.000000
    63 0.000000 0.000002 0.000001 -3.141593 0.000000 0.000000
    64 -0.000002 -0.000002 0.000000 -3.141593 0.000000 0.000000
    65 0.000000 0.000002 -0.000001 -3.141593 0.000000 0.000000
    66 0.000002 0.000002 0.000001 -3.141593 0.000000 0.000000
    67 -0.000003 0.000000 0.000006 -3.141593 0.000000 0.000000
    68 0.000000 0.000000 0.000000 -3.141593 0.000000 0.000000
    69 0.000000 0.000001 0.000000 -3.141592 0.000000 0.000000
    70 0.000001 0.000000 0.000008 -3.141593 0.000000 0.000000
    71 0.000000 0.000000 0.000004 -3.141593 0.000000 0.000000
    72 0.000000 -0.000001 0.000000 -1.570796 0.000000 0.000000
    73 0.000000 0.000000 0.000000 0.000000 0.000000 0.000000
    74 1.200001 -0.000001 0.000000 0.000000 0.000000 0.000000
    75 0.000000 0.300000 0.000000 0.000000 0.000000 0.174533
    76 0.000000 0.000000 0.000000 0.000000 0.000000 0.000000
    77 0.000000 0.000000 0.000000 -3.141592 0.000000 0.000000
    78 0.000000 0.000000 0.000000 0.000000 0.000000 0.349066
    79 0.000000 0.000000 0.000000 0.000000 0.000000 0.000000
    80 0.000000 -0.000001 0.000000 0.000000 0.000000 0.000000
    81 0.000000 0.000000 0.000000 0.000000 0.000000 0.000000
    82 0.000000 0.000000 0.000000 0.000000 0.000000 0.000000
    83 -0.000002 0.000000 0.000000 0.000000 0.000000 0.000000
    84 0.000001 0.000000 0.000000 0.000000 0.000000 -0.000001
    85 0.000000 -0.000002 0.000000 0.000000 0.000000 0.000000
    86 -0.000001 0.000000 0.000000 0.000000 0.000000 0.000000
    87 -0.000001 0.000000 0.000000 0.000000 0.000000 0.000000
    88 0.000000 0.000003 0.000000 0.000000 0.000000 0.000000
    89 0.000000 0.000000 0.000000 0.000000 0.000000 0.000000
    90 -0.000001 0.000000 0.000000 -1.570797 0.000000 0.000000
  time 9
    0 -5.899248 -18.806673 -6.411907 -1.827985 -1.504050 -1.300312
    1 1.602392 15.810356 -4.239069 -1.570791 1.518907 -1.570792
    2 2.106979 0.000008 0.000000 0.000000 0.000000 -0.114558
    3 2.198853 0.000000 0.000001 0.007950 0.015222 -0.026920
    4 2.200351 -0.000008 0.000008 0.000597 0.001388 -0.022864
    5 2.258553 -0.000013 -0.000005 -0.005479 -0.019089 -0.200367
    6 2.304474 -0.000002 0.000001 -0.000267 0.000800 -0.413375
    7 2.754811 0.166965 -0.731880 0.325312 -1.565257 -1.570756
    8 1.602386 15.817284 3.928030 -1.570794 -1.568285 -1.570804
    9 2.106978 -0.000011 0.000000 0.000003 -0.000001 0.078392
    10 2.165398 0.000002 -0.000002 -0.044908 0.009482 0.000792
    11 2.110378 0.000002 -0.000002 0.002122 -0.005319 0.119136
    12 2.226635 -0.000013 0.000001 0.027058 -0.025661 0.215384
    13 2.304460 0.000006 -0.000004 -0.000214 -0.000660 0.385767
    14 2.813987 0.009438 -0.732745 -0.107386 -1.565257 -1.570863
    15 0.365421 8.235378 -1.618085 0.000001 0.000000 -1.570796
    16 2.040268 11.359487 -0.052909 -0.000003 0.000000 1.570796
    17 -0.518020 2.382971 0.515877 -0.055396 -0.341920 -1.052481
    18 2.266786 16.501297 -0.311092 0.000001 0.000000 -1.570796
    19 -3.479775 -21.187848 -10.271262 1.278248 -0.228269 -2.322520
    20 2.473575 0.628721 -1.303334 2.323667 0.383178 0.380823
    21 1.832617 0.000000 -0.000004 -3.023870 -0.006009 -0.161369
    22 1.003336 0.000000 0.000003 2.903518 -0.018428 0.072555
    23 4.823799 -0.430293 -1.419616 0.116193 -0.020078 -0.166575
    24 2.187960 0.000000 -0.000011 0.050253 0.038370 1.115316
    25 1.100958 0.000008 0.000010 0.032222 -0.080343 0.490955
    26 4.987793 -0.588135 -0.482800 0.240576 -0.052109 0.178176
    27 1.890100 -0.000006 0.000004 -0.071899 0.004011 1.259310
    28 1.310925 -0.000002 0.000001 0.022851 0.076662 0.411713
    29 5.117876 -0.665211 0.445601 0.089344 -0.184785 0.608027
    30 1.655293 0.000000 0.000001 -0.039562 0.134203 1.044566
    31 0.869586 0.000004 0.000006 0.057666 -0.031828 0.217997
    32 5.150560 -0.592267 1.346776 -0.375042 -0.027942 1.219035
    33 1.157244 0.000004 0.000011 0.034830 0.039189 0.490097
    34 1.019835 0.000004 0.000011 -1.467664 -0.051051 0.396031
    35 4.682155 -2.413729 -9.650656 -1.486182 0.637833 -1.755570
    36 12.695432 -0.000005 0.000001 -0.131134 0.283992 -1.264889
    37 -7.233475 -8.929145 -7.920042 3.058983 0.077722 -1.479899
    38 2.474129 -0.485417 -1.382847 1.349114 0.371396 -0.523342
    39 1.832172 -0.000001 0.000001 -2.638245 0.021714 0.611148
    40 1.042032 0.000000 0.000000 -2.898935 -0.187378 -0.094133
    41 4.823236 0.677341 -1.337761 0.194928 0.165945 -0.119482
    42 2.152369 -0.000003 0.000000 0.062915 -0.048098 -0.739368
    43 1.056617 0.000002 0.000000 0.229636 0.026421 -0.901997
    44 4.985044 0.893762 -0.374954 0.052714 0.026422 -0.473278
    45 1.830180 0.000010 -0.000001 0.389985 -0.003162 -1.463776
    46 1.561353 0.000001 0.000000 0.100752 -0.050203 -1.133848
    47 5.116426 0.722720 0.545802 0.253303 0.009774 -0.925453
    48 1.752730 -0.000005 0.000000 -0.201802 0.024646 -0.948344
    49 0.869359 -0.000001 0.000000 0.036248 0.150759 -1.080583
    50 5.118731 0.342195 1.413550 -0.041671 0.154675 -1.169245
    51 1.176319 0.000005 0.000001 -0.567548 0.062509 -0.265395
    52 0.970203 0.000000 0.000002 2.156760 1.015941 -1.458550
    53 -7.508377 4.005328 -3.815796 -2.986637 1.107247 -2.483362
    54 12.706350 -0.000002 -0.000004 -0.350571 0.267645 -2.039540
    55 0.000000 0.000000 0.000000 0.000000 0.000000 0.000000
    56 1.200003 -0.000001 0.000000 0.000000 0.000000 0.000000
    57 -0.000002 -0.300000 -0.000002 -3.141593 0.000000 -0.174533
    58 0.000000 0.000000 0.000000 0.000000 0.000000 0.000000
    59 0.000000 0.000000 0.000000 -3.141593 0.000000 0.000000
    60 0.000000 0.000000 -0.000001 0.000000 0.000000 0.349066
    61 -0.000002 0.000000 -0.000001 -3.141593 0.000000 0.000000
    62 0.000000 -0.000002 -0.000003 -3.141593 0.000000 0.000000
    63 0.000000 0.000002 0.000001 -3.141593 0.000000 0.000000
    64 -0.000002 -0.000002 0.000000 -3.141593 0.000000 0.000000
    65 0.000000 0.000002 -0.000001 -3.141593 0.000000 0.000000
    66 0.000002 0.000002 0.000001 -3.141593 0.000000 0.000000
    67 -0.000003 0.000000 0.000006 -3.141593 0.000000 0.000000
    68 0.000000 0.000000 0.000000 -3.141593 0.000000 0.000000
    69 0.000000 0.000001 0.000000 -3.141592 0.000000 0.000000
    70 0.000001 0.000000 0.000008 -3.141593 0.000000 0.000000
    71 0.000000 0.000000 0.000004 -3.141593 0.000000 0.000000
    72 0.000000 -0.000001 0.000000 -1.570796 0.000000 0.000000
    73 0.000000 0.000000 0.000000 0.000000 0.000000 0.000000
    74 1.200001 -0.000001 0.000000 0.000000 0.000000 0.000000
    75 0.000000 0.300000 0.000000 0.000000 0.000000 0.174533
    76 0.000000 0.000000 0.000000 0.000000 0.000000 0.000000
    77 0.000000 0.000000 0.000000 -3.141592 0.000000 0.000000
    78 0.000000 0.000000 0.000000 0.000000 0.000000 0.349066
    79 0.000000 0.000000 0.000000 0.000000 0.000000 0.000000
    80 0.000000 -0.000001 0.000000 0.000000 0.000000 0.000000
    81 0.000000 0.000000 0.000000 0.000000 0.000000 0.000000
    82 0.000000 0.000000 0.000000 0.000000 0.000000 0.000000
    83 -0.000002 0.000000 0.000000 0.000000 0.000000 0.000000
    84 0.000001 0.000000 0.000000 0.000000 0.000000 -0.000001
    85 0.000000 -0.000002 0.000000 0.000000 0.000000 0.000000
    86 -0.000001 0.000000 0.000000 0.000000 0.000000 0.000000
    87 -0.000001 0.000000 0.000000 0.000000 0.000000 0.000000
    88 0.000000 0.000003 0.000000 0.000000 0.000000 0.000000
    89 0.000000 0.000000 0.000000 0.000000 0.000000 0.000000
    90 -0.000001 0.000000 0.000000 -1.570797 0.000000 0.000000
  time 10
    0 -5.899248 -19.001992 -6.458784 -2.257225 -1.497683 -0.872363
    1 1.602392 15.810356 -4.239069 -1.570791 1.518907 -1.570792
    2 2.106979 0.000008 0.000000 0.000000 0.000000 -0.114558
    3 2.198853 0.000000 0.000001 0.007950 0.015222 -0.026920
    4 2.200351 -0.000008 0.000008 0.000597 0.001388 -0.022864
    5 2.258553 -0.000013 -0.000005 -0.005479 -0.019089 -0.200379
    6 2.304474 -0.000002 0.000001 -0.000267 0.000800 -0.413411
    7 2.754811 0.166965 -0.731880 0.325402 -1.565257 -1.570708
    8 1.602386 15.817284 3.928030 -1.570794 -1.568285 -1.570804
    9 2.106978 -0.000011 0.000000 0.000003 -0.000001 0.078392
    10 2.165398 0.000002 -0.000002 -0.044908 0.009482 0.000792
    11 2.110378 0.000002 -0.000002 0.002122 -0.005319 0.119136
    12 2.226635 -0.000013 0.000001 0.027058 -0.025661 0.215384
    13 2.304460 0.000006 -0.000004 -0.000214 -0.000660 0.385767
    14 2.813987 0.009438 -0.732745 -0.107386 -1.565257 -1.570815
    15 0.412297 8.239284 -1.633710 0.000001 0.000000 -1.570796
    16 2.040268 11.355581 -0.052909 -0.000003 0.000000 1.570796
    17 -0.518020 2.382971 0.515877 -0.055396 -0.341920 -1.052481
    18 2.266786 16.501297 -0.311092 0.000001 0.000000 -1.570796
    19 -3.593060 -21.414417 -10.368921 1.262430 -0.254395 -2.318997
    20 2.473575 0.628721 -1.303334 2.323667 0.383178 0.380823
    21 1.832617 0.000000 -0.000004 -3.023870 -0.006009 -0.161369
    22 1.003336 0.000000 0.000003 2.903518 -0.018428 0.072555
    23 4.823799 -0.430293 -1.419616 0.116193 -0.020078 -0.166575
    24 2.187960 0.000000 -0.000011 0.050253 0.038370 1.115316
    25 1.100958 0.000008 0.000010 0.032222 -0.080343 0.490955
    26 4.987793 -0.588135 -0.482800 0.240576 -0.052109 0.178176
    27 1.890100 -0.000006 0.000004 -0.071899 0.004011 1.259310
    28 1.310925 -0.000002 0.000001 0.022851 0.076662 0.411713
    29 5.117876 -0.665211 0.445601 0.089344 -0.184785 0.608027
    30 1.655293 0.000000 0.000001 -0.039562 0.134203 1.044566
    31 0.869586 0.000004 0.000006 0.057666 -0.031828 0.217997
    32 5.150560 -0.592267 1.346776 -0.375042 -0.027942 1.219035
    33 1.157244 0.000004 0.000011 0.034830 0.039189 0.490097
    34 1.019835 0.000004 0.000011 -1.467664 -0.051051 0.396031
    35 4.682155 -2.413729 -9.650656 -1.489280 0.625764 -1.763277
    36 12.695432 -0.000005 0.000001 -0.121175 0.280805 -1.229313
    37 -7.280352 -9.132276 -8.021608 3.029086 0.071980 -1.482587
    38 2.474129 -0.485417 -1.382847 1.349114 0.371396 -0.523342
    39 1.832172 -0.000001 0.000001 -2.638245 0.021714 0.611148
    40 1.042032 0.000000 0.000000 -2.898935 -0.187378 -0.094133
    41 4.823236 0.677341 -1.337761 0.194928 0.165945 -0.119482
    42 2.152369 -0.000003 0.000000 0.060866 -0.050807 -0.696853
    43 1.056617 0.000002 0.000000 0.231134 0.004346 -0.807511
    44 4.985044 0.893762 -0.374954 0.052714 0.026422 -0.473278
    45 1.830180 0.000010 -0.000001 0.389985 -0.003162 -1.463776
    46 1.561353 0.000001 0.000000 0.100752 -0.050203 -1.133848
    47 5.116426 0.722720 0.545802 0.253303 0.009774 -0.925453
    48 1.752730 -0.000005 0.000000 -0.201802 0.024646 -0.948344
    49 0.869359 -0.000001 0.000000 0.036248 0.150759 -1.080583
    50 5.118731 0.342195 1.413550 -0.041671 0.154675 -1.169245
    51 1.176319 0.000005 0.000001 -0.567548 0.062509 -0.265395
    52 0.970203 0.000000 0.000002 2.156760 1.015941 -1.458550
    53 -7.508377 4.005328 -3.815796 -2.972054 1.103994 -2.469107
    54 12.706350 -0.000002 -0.000004 -0.344691 0.270341 -2.017546
    55 0.000000 0.000000 0.000000 0.000000 0.000000 0.000000
    56 1.200003 -0.000001 0.000000 0.000000 0.000000 0.000000
    57 -0.000002 -0.300000 -0.000002 -3.141593 0.000000 -0.174533
    58 0.000000 0.000000 0.000000 0.000000 0.000000 0.000000
    59 0.000000 0.000000 0.000000 -3.141593 0.000000 0.000000
    60 0.000000 0.000000 -0.000001 0.000000 0.000000 0.349066
    61 -0.000002 0.000000 -0.000001 -3.141593 0.000000 0.000000
    62 0.000000 -0.000002 -0.000003 -3.141593 0.000000 0.000000
    63 0.000000 0.000002 0.000001 -3.141593 0.000000 0.000000
    64 -0.000002 -0.000002 0.000000 -3.141593 0.000000 0.000000
    65 0.000000 0.000002 -0.000001 -3.141593 0.000000 0.000000
    66 0.000002 0.000002 0.000001 -3.141593 0.000000 0.000000
    67 -0.000003 0.000000 0.000006 -3.141593 0.000000 0.000000
    68 0.000000 0.000000 0.000000 -3.141593 0.000000 0.000000
    69 0.000000 0.000001 0.000000 -3.141592 0.000000 0.000000
    70 0.000001 0.000000 0.000008 -3.141593 0.000000 0.000000
    71 0.000000 0.000000 0.000004 -3.141593 0.000000 0.000000
    72 0.000000 -0.000001 0.000000 -1.570796 0.000000 0.000000
    73 0.000000 0.000000 0.000000 0.000000 0.000000 0.000000
    74 1.200001 -0.000001 0.000000 0.000000 0.000000 0.000000
    75 0.000000 0.300000 0.000000 0.000000 0.000000 0.174533
    76 0.000000 0.000000 0.000000 0.000000 0.000000 0.000000
    77 0.000000 0.000000 0.000000 -3.141592 0.000000 0.000000
    78 0.000000 0.000000 0.000000 0.000000 0.000000 0.349066
    79 0.000000 0.000000 0.000000 0.000000 0.000000 0.000000
    80 0.000000 -0.000001 0.000000 0.000000 0.000000 0.000000
    81 0.000000 0.000000 0.000000 0.000000 0.000000 0.000000
    82 0.000000 0.000000 0.000000 0.000000 0.000000 0.000000
    83 -0.000002 0.000000 0.000000 0.000000 0.000000 0.000000
    84 0.000001 0.000000 0.000000 0.000000 0.000000 -0.000001
    85 0.000000 -0.000002 0.000000 0.000000 0.000000 0.000000
    86 -0.000001 0.000000 0.000000 0.000000 0.000000 0.000000
    87 -0.000001 0.000000 0.000000 0.000000 0.000000 0.000000
    88 0.000000 0.000003 0.000000 0.000000 0.000000 0.000000
    89 0.000000 0.000000 0.000000 0.000000 0.000000 0.000000
    90 -0.000001 0.000000 0.000000 -1.570797 0.000000 0.000000
  time 11
    0 -5.899248 -19.212936 -6.505660 -2.511394 -1.493292 -0.619471
    1 1.602392 15.810356 -4.239069 -1.570791 1.518907 -1.570792
    2 2.106979 0.000008 0.000000 0.000000 0.000000 -0.114558
    3 2.198853 0.000000 0.000001 0.007950 0.015222 -0.026920
    4 2.200351 -0.000008 0.000008 0.000597 0.001388 -0.022864
    5 2.258553 -0.000013 -0.000005 -0.005479 -0.019089 -0.200367
    6 2.304474 -0.000002 0.000001 -0.000267 0.000800 -0.413411
    7 2.754811 0.166965 -0.731880 0.325222 -1.565257 -1.570780
    8 1.602386 15.817284 3.928030 -1.570794 -1.568285 -1.570804
    9 2.106978 -0.000011 0.000000 0.000003 -0.000001 0.078392
    10 2.165398 0.000002 -0.000002 -0.044908 0.009482 0.000792
    11 2.110378 0.000002 -0.000002 0.002122 -0.005319 0.119136
    12 2.226635 -0.000013 0.000001 0.027058 -0.025661 0.215384
    13 2.304460 0.000006 -0.000004 -0.000214 -0.000660 0.385767
    14 2.813987 0.009438 -0.732745 -0.107386 -1.565257 -1.570839
    15 0.466986 8.235378 -1.629804 0.000001 0.000000 -1.570796
    16 2.040268 11.371206 -0.052909 -0.000003 0.000000 1.570796
    17 -0.518020 2.382971 0.515877 -0.055396 -0.341920 -1.052481
    18 2.266786 16.501297 -0.311092 0.000001 0.000000 -1.570796
    19 -3.655562 -21.672237 -10.419704 1.257541 -0.273432 -2.318163
    20 2.473575 0.628721 -1.303334 2.323667 0.383178 0.380823
    21 1.832617 0.000000 -0.000004 -3.023870 -0.006009 -0.161369
    22 1.003336 0.000000 0.000003 2.903518 -0.018428 0.072555
    23 4.823799 -0.430293 -1.419616 0.116193 -0.020078 -0.166575
    24 2.187960 0.000000 -0.000011 0.050253 0.038370 1.115316
    25 1.100958 0.000008 0.000010 0.032222 -0.080343 0.490955
    26 4.987793 -0.588135 -0.482800 0.240576 -0.052109 0.178176
    27 1.890100 -0.000006 0.000004 -0.071899 0.004011 1.259310
    28 1.310925 -0.000002 0.000001 0.022851 0.076662 0.411713
    29 5.117876 -0.665211 0.445601 0.089344 -0.184785 0.608027
    30 1.655293 0.000000 0.000001 -0.039562 0.134203 1.044566
    31 0.869586 0.000004 0.000006 0.057666 -0.031828 0.217997
    32 5.150560 -0.592267 1.346776 -0.375042 -0.027942 1.219035
    33 1.157244 0.000004 0.000011 0.034830 0.039189 0.490097
    34 1.019835 0.000004 0.000011 -1.467664 -0.051051 0.396031
    35 4.682155 -2.413729 -9.650656 -1.494656 0.611487 -1.769668
    36 12.695432 -0.000005 0.000001 -0.111012 0.277101 -1.192138
    37 -7.295977 -9.366658 -8.181769 3.011984 0.062409 -1.484053
    38 2.474129 -0.485417 -1.382847 1.349114 0.371396 -0.523342
    39 1.832172 -0.000001 0.000001 -2.638245 0.021714 0.611148
    40 1.042032 0.000000 0.000000 -2.898935 -0.187378 -0.094133
    41 4.823236 0.677341 -1.337761 0.194928 0.165945 -0.119482
    42 2.152369 -0.000003 0.000000 0.058721 -0.053252 -0.656453
    43 1.056617 0.000002 0.000000 0.230595 -0.016687 -0.717885
    44 4.985044 0.893762 -0.374954 0.052714 0.026422 -0.473278
    45 1.830180 0.000010 -0.000001 0.389985 -0.003162 -1.463776
    46 1.561353 0.000001 0.000000 0.100752 -0.050203 -1.133848
    47 5.116426 0.722720 0.545802 0.253303 0.009774 -0.925453
    48 1.752730 -0.000005 0.000000 -0.201802 0.024646 -0.948344
    49 0.869359 -0.000001 0.000000 0.036248 0.150759 -1.080583
    50 5.118731 0.342195 1.413550 -0.041671 0.154675 -1.169245
    51 1.176319 0.000005 0.000001 -0.567548 0.062509 -0.265395
    52 0.970203 0.000000 0.000002 2.156760 1.015941 -1.458550
    53 -7.508377 4.005328 -3.815796 -2.967219 1.097545 -2.460079
    54 12.706350 -0.000002 -0.000004 -0.337839 0.273409 -1.991935
    55 0.000000 0.000000 0.000000 0.000000 0.000000 0.000000
    56 1.200003 -0.000001 0.000000 0.000000 0.000000 0.000000
    57 -0.000002 -0.300000 -0.000002 -3.141593 0.000000 -0.174533
    58 0.000000 0.000000 0.000000 0.000000 0.000000 0.000000
    59 0.000000 0.000000 0.000000 -3.141593 0.000000 0.000000
    60 0.000000 0.000000 -0.000001 0.000000 0.000000 0.349066
    61 -0.000002 0.000000 -0.000001 -3.141593 0.000000 0.000000
    62 0.000000 -0.000002 -0.000003 -3.141593 0.000000 0.000000
    63 0.000000 0.000002 0.000001 -3.141593 0.000000 0.000000
    64 -0.000002 -0.000002 0.000000 -3.141593 0.000000 0.000000
    65 0.000000 0.000002 -0.000001 -3.141593 0.000000 0.000000
    66 0.000002 0.000002 0.000001 -3.141593 0.000000 0.000000
    67 -0.000003 0.000000 0.000006 -3.141593 0.000000 0.000000
    68 0.000000 0.000000 0.000000 -3.141593 0.000000 0.000000
    69 0.000000 0.000001 0.000000 -3.141592 0.000000 0.000000
    70 0.000001 0.000000 0.000008 -3.141593 0.000000 0.000000
    71 0.000000 0.000000 0.000004 -3.141593 0.000000 0.000000
    72 0.000000 -0.000001 0.000000 -1.570796 0.000000 0.000000
    73 0.000000 0.000000 0.000000 0.000000 0.000000 0.000000
    74 1.200001 -0.000001 0.000000 0.000000 0.000000 0.000000
    75 0.000000 0.300000 0.000000 0.000000 0.000000 0.174533
    76 0.000000 0.000000 0.000000 0.000000 0.000000 0.000000
    77 0.000000 0.000000 0.000000 -3.141592 0.000000 0.000000
    78 0.000000 0.000000 0.000000 0.000000 0.000000 0.349066
    79 0.000000 0.000000 0.000000 0.000000 0.000000 0.000000
    80 0.000000 -0.000001 0.000000 0.000000 0.000000 0.000000
    81 0.000000 0.000000 0.000000 0.000000 0.000000 0.000000
    82 0.000000 0.000000 0.000000 0.000000 0.000000 0.000000
    83 -0.000002 0.000000 0.000000 0.000000 0.000000 0.000000
    84 0.000001 0.000000 0.000000 0.000000 0.000000 -0.000001
    85 0.000000 -0.000002 0.000000 0.000000 0.000000 0.000000
    86 -0.000001 0.000000 0.000000 0.000000 0.000000 0.000000
    87 -0.000001 0.000000 0.000000 0.000000 0.000000 0.000000
    88 0.000000 0.000003 0.000000 0.000000 0.000000 0.000000
    89 0.000000 0.000000 0.000000 0.000000 0.000000 0.000000
    90 -0.000001 0.000000 0.000000 -1.570797 0.000000 0.000000
  time 12
    0 -5.899248 -19.400442 -6.548630 -2.706119 -1.494302 -0.425695
    1 1.602392 15.810356 -4.239069 -1.570791 1.518907 -1.570792
    2 2.106979 0.000008 0.000000 0.000000 0.000000 -0.114558
    3 2.198853 0.000000 0.000001 0.007950 0.015222 -0.026920
    4 2.200351 -0.000008 0.000008 0.000597 0.001388 -0.022864
    5 2.258553 -0.000013 -0.000005 -0.005479 -0.019089 -0.200391
    6 2.304474 -0.000002 0.000001 -0.000267 0.000800 -0.413411
    7 2.754811 0.166965 -0.731880 0.325222 -1.565257 -1.570768
    8 1.602386 15.817284 3.928030 -1.570794 -1.568285 -1.570804
    9 2.106978 -0.000011 0.000000 0.000003 -0.000001 0.078392
    10 2.165398 0.000002 -0.000002 -0.044908 0.009482 0.000792
    11 2.110378 0.000002 -0.000002 0.002122 -0.005319 0.119136
    12 2.226635 -0.000013 0.000001 0.027058 -0.025661 0.215396
    13 2.304460 0.000006 -0.000004 -0.000214 -0.000660 0.385767
    14 2.813987 0.009438 -0.732745 -0.107386 -1.565257 -1.570851
    15 0.521675 8.239284 -1.606366 0.000001 0.000000 -1.570796
    16 2.040268 11.367300 -0.052909 -0.000003 0.000000 1.570796
    17 -0.518020 2.382971 0.515877 -0.055396 -0.341920 -1.052481
    18 2.266786 16.501297 -0.311092 0.000001 0.000000 -1.570796
    19 -3.682906 -21.914432 -10.450955 1.262430 -0.287710 -2.320017
    20 2.473575 0.628721 -1.303334 2.323667 0.383178 0.380823
    21 1.832617 0.000000 -0.000004 -3.023870 -0.006009 -0.161369
    22 1.003336 0.000000 0.000003 2.903518 -0.018428 0.072555
    23 4.823799 -0.430293 -1.419616 0.116193 -0.020078 -0.166575
    24 2.187960 0.000000 -0.000011 0.050253 0.038370 1.115316
    25 1.100958 0.000008 0.000010 0.032222 -0.080343 0.490955
    26 4.987793 -0.588135 -0.482800 0.240576 -0.052109 0.178176
    27 1.890100 -0.000006 0.000004 -0.071899 0.004011 1.259310
    28 1.310925 -0.000002 0.000001 0.022851 0.076662 0.411713
    29 5.117876 -0.665211 0.445601 0.089344 -0.184785 0.608027
    30 1.655293 0.000000 0.000001 -0.039562 0.134203 1.044566
    31 0.869586 0.000004 0.000006 0.057666 -0.031828 0.217997
    32 5.150560 -0.592267 1.346776 -0.375042 -0.027942 1.219035
    33 1.157244 0.000004 0.000011 0.034830 0.039189 0.490097
    34 1.019835 0.000004 0.000011 -1.467664 -0.051051 0.396031
    35 4.682155 -2.413729 -9.650656 -1.501125 0.597452 -1.775120
    36 12.695432 -0.000005 0.000001 -0.101952 0.273518 -1.158744
    37 -7.295977 -9.573696 -8.373181 3.004282 0.049576 -1.484867
    38 2.474129 -0.485417 -1.382847 1.349114 0.371396 -0.523342
    39 1.832172 -0.000001 0.000001 -2.638245 0.021714 0.611148
    40 1.042032 0.000000 0.000000 -2.898935 -0.187378 -0.094133
    41 4.823236 0.677341 -1.337761 0.194928 0.165945 -0.119482
    42 2.152369 -0.000003 0.000000 0.056923 -0.055181 -0.621966
    43 1.056617 0.000002 0.000000 0.228701 -0.034472 -0.641721
    44 4.985044 0.893762 -0.374954 0.052714 0.026422 -0.473278
    45 1.830180 0.000010 -0.000001 0.389985 -0.003162 -1.463776
    46 1.561353 0.000001 0.000000 0.100752 -0.050203 -1.133848
    47 5.116426 0.722720 0.545802 0.253303 0.009774 -0.925453
    48 1.752730 -0.000005 0.000000 -0.201802 0.024646 -0.948344
    49 0.869359 -0.000001 0.000000 0.036248 0.150759 -1.080583
    50 5.118731 0.342195 1.413550 -0.041671 0.154675 -1.169245
    51 1.176319 0.000005 0.000001 -0.567548 0.062509 -0.265395
    52 0.970203 0.000000 0.000002 2.156760 1.015941 -1.458550
    53 -7.508377 4.005328 -3.815796 -2.974280 1.088471 -2.457988
    54 12.706350 -0.000002 -0.000004 -0.330951 0.276346 -1.966499
    55 0.000000 0.000000 0.000000 0.000000 0.000000 0.000000
    56 1.200003 -0.000001 0.000000 0.000000 0.000000 0.000000
    57 -0.000002 -0.300000 -0.000002 -3.141593 0.000000 -0.174533
    58 0.000000 0.000000 0.000000 0.000000 0.000000 0.000000
    59 0.000000 0.000000 0.000000 -3.141593 0.000000 0.000000
    60 0.000000 0.000000 -0.000001 0.000000 0.000000 0.349066
    61 -0.000002 0.000000 -0.000001 -3.141593 0.000000 0.000000
    62 0.000000 -0.000002 -0.000003 -3.141593 0.000000 0.000000
    63 0.000000 0.000002 0.000001 -3.141593 0.000000 0.000000
    64 -0.000002 -0.000002 0.000000 -3.141593 0.000000 0.000000
    65 0.000000 0.000002 -0.000001 -3.141593 0.000000 0.000000
    66 0.000002 0.000002 0.000001 -3.141593 0.000000 0.000000
    67 -0.000003 0.000000 0.000006 -3.141593 0.000000 0.000000
    68 0.000000 0.000000 0.000000 -3.141593 0.000000 0.000000
    69 0.000000 0.000001 0.000000 -3.141592 0.000000 0.000000
    70 0.000001 0.000000 0.000008 -3.141593 0.000000 0.000000
    71 0.000000 0.000000 0.000004 -3.141593 0.000000 0.000000
    72 0.000000 -0.000001 0.000000 -1.570796 0.000000 0.000000
    73 0.000000 0.000000 0.000000 0.000000 0.000000 0.000000
    74 1.200001 -0.000001 0.000000 0.000000 0.000000 0.000000
    75 0.000000 0.300000 0.000000 0.000000 0.000000 0.174533
    76 0.000000 0.000000 0.000000 0.000000 0.000000 0.000000
    77 0.000000 0.000000 0.000000 -3.141592 0.000000 0.000000
    78 0.000000 0.000000 0.000000 0.000000 0.000000 0.349066
    79 0.000000 0.000000 0.000000 0.000000 0.000000 0.000000
    80 0.000000 -0.000001 0.000000 0.000000 0.000000 0.000000
    81 0.000000 0.000000 0.000000 0.000000 0.000000 0.000000
    82 0.000000 0.000000 0.000000 0.000000 0.000000 0.000000
    83 -0.000002 0.000000 0.000000 0.000000 0.000000 0.000000
    84 0.000001 0.000000 0.000000 0.000000 0.000000 -0.000001
    85 0.000000 -0.000002 0.000000 0.000000 0.000000 0.000000
    86 -0.000001 0.000000 0.000000 0.000000 0.000000 0.000000
    87 -0.000001 0.000000 0.000000 0.000000 0.000000 0.000000
    88 0.000000 0.000003 0.000000 0.000000 0.000000 0.000000
    89 0.000000 0.000000 0.000000 0.000000 0.000000 0.000000
    90 -0.000001 0.000000 0.000000 -1.570797 0.000000 0.000000
  time 13
    0 -5.899248 -19.541071 -6.564255 -2.839867 -1.497332 -0.292755
    1 1.602392 15.810356 -4.239069 -1.570791 1.518919 -1.570792
    2 2.106979 0.000008 0.000000 0.000000 0.000000 -0.114558
    3 2.198853 0.000000 0.000001 0.007950 0.015222 -0.026920
    4 2.200351 -0.000008 0.000008 0.000597 0.001388 -0.022864
    5 2.258553 -0.000013 -0.000005 -0.005479 -0.019089 -0.200379
    6 2.304474 -0.000002 0.000001 -0.000267 0.000800 -0.413399
    7 2.754811 0.166965 -0.731880 0.325133 -1.565257 -1.570768
    8 1.602386 15.817284 3.928030 -1.570794 -1.568285 -1.570804
    9 2.106978 -0.000011 0.000000 0.000003 -0.000001 0.078392
    10 2.165398 0.000002 -0.000002 -0.044908 0.009482 0.000792
    11 2.110378 0.000002 -0.000002 0.002122 -0.005319 0.119136
    12 2.226635 -0.000013 0.000001 0.027058 -0.025661 0.215384
    13 2.304460 0.000006 -0.000004 -0.000214 -0.000660 0.385767
    14 2.813987 0.009438 -0.732745 -0.107386 -1.565257 -1.570827
    15 0.580271 8.251003 -1.551677 0.000001 0.000000 -1.570796
    16 2.040268 11.371206 -0.052909 -0.000003 0.000000 1.570796
    17 -0.518020 2.382971 0.515877 -0.055396 -0.341920 -1.052481
    18 2.266786 16.501297 -0.311092 0.000001 0.000000 -1.570796
    19 -3.686813 -22.094125 -10.439236 1.268949 -0.295840 -2.322242
    20 2.473575 0.628721 -1.303334 2.323667 0.383178 0.380823
    21 1.832617 0.000000 -0.000004 -3.023870 -0.006009 -0.161369
    22 1.003336 0.000000 0.000003 2.903518 -0.018428 0.072555
    23 4.823799 -0.430293 -1.419616 0.116193 -0.020078 -0.166575
    24 2.187960 0.000000 -0.000011 0.050253 0.038370 1.115316
    25 1.100958 0.000008 0.000010 0.032222 -0.080343 0.490955
    26 4.987793 -0.588135 -0.482800 0.240576 -0.052109 0.178176
    27 1.890100 -0.000006 0.000004 -0.071899 0.004011 1.259310
    28 1.310925 -0.000002 0.000001 0.022851 0.076662 0.411713
    29 5.117876 -0.665211 0.445601 0.089344 -0.184785 0.608027
    30 1.655293 0.000000 0.000001 -0.039562 0.134203 1.044566
    31 0.869586 0.000004 0.000006 0.057666 -0.031828 0.217997
    32 5.150560 -0.592267 1.346776 -0.375042 -0.027942 1.219035
    33 1.157244 0.000004 0.000011 0.034830 0.039189 0.490097
    34 1.019835 0.000004 0.000011 -1.467664 -0.051051 0.396031
    35 4.682155 -2.413729 -9.650656 -1.505863 0.585716 -1.777751
    36 12.695432 -0.000005 0.000001 -0.095325 0.270642 -1.134039
    37 -7.295977 -9.733857 -8.513810 3.002606 0.039179 -1.485438
    38 2.474129 -0.485417 -1.382847 1.349114 0.371396 -0.523342
    39 1.832172 -0.000001 0.000001 -2.638245 0.021714 0.611148
    40 1.042032 0.000000 0.000000 -2.898935 -0.187378 -0.094133
    41 4.823236 0.677341 -1.337761 0.194928 0.165945 -0.119482
    42 2.152369 -0.000003 0.000000 0.055473 -0.056643 -0.596131
    43 1.056617 0.000002 0.000000 0.226400 -0.047595 -0.584960
    44 4.985044 0.893762 -0.374954 0.052714 0.026422 -0.473278
    45 1.830180 0.000010 -0.000001 0.389985 -0.003162 -1.463776
    46 1.561353 0.000001 0.000000 0.100752 -0.050203 -1.133848
    47 5.116426 0.722720 0.545802 0.253303 0.009774 -0.925453
    48 1.752730 -0.000005 0.000000 -0.201802 0.024646 -0.948344
    49 0.869359 -0.000001 0.000000 0.036248 0.150759 -1.080583
    50 5.118731 0.342195 1.413550 -0.041671 0.154675 -1.169245
    51 1.176319 0.000005 0.000001 -0.567548 0.062509 -0.265395
    52 0.970203 0.000000 0.000002 2.156760 1.015941 -1.458550
    53 -7.508377 4.005328 -3.815796 -2.978578 1.081280 -2.455137
    54 12.706350 -0.000002 -0.000004 -0.325751 0.278359 -1.947597
    55 0.000000 0.000000 0.000000 0.000000 0.000000 0.000000
    56 1.200003 -0.000001 0.000000 0.000000 0.000000 0.000000
    57 -0.000002 -0.300000 -0.000002 -3.141593 0.000000 -0.174533
    58 0.000000 0.000000 0.000000 0.000000 0.000000 0.000000
    59 0.000000 0.000000 0.000000 -3.141593 0.000000 0.000000
    60 0.000000 0.000000 -0.000001 0.000000 0.000000 0.349066
    61 -0.000002 0.000000 -0.000001 -3.141593 0.000000 0.000000
    62 0.000000 -0.000002 -0.000003 -3.141593 0.000000 0.000000
    63 0.000000 0.000002 0.000001 -3.141593 0.000000 0.000000
    64 -0.000002 -0.000002 0.000000 -3.141593 0.000000 0.000000
    65 0.000000 0.000002 -0.000001 -3.141593 0.000000 0.000000
    66 0.000002 0.000002 0.000001 -3.141593 0.000000 0.000000
    67 -0.000003 0.000000 0.000006 -3.141593 0.000000 0.000000
    68 0.000000 0.000000 0.000000 -3.141593 0.000000 0.000000
    69 0.000000 0.000001 0.000000 -3.141592 0.000000 0.000000
    70 0.000001 0.000000 0.000008 -3.141593 0.000000 0.000000
    71 0.000000 0.000000 0.000004 -3.141593 0.000000 0.000000
    72 0.000000 -0.000001 0.000000 -1.570796 0.000000 0.000000
    73 0.000000 0.000000 0.000000 0.000000 0.000000 0.000000
    74 1.200001 -0.000001 0.000000 0.000000 0.000000 0.000000
    75 0.000000 0.300000 0.000000 0.000000 0.000000 0.174533
    76 0.000000 0.000000 0.000000 0.000000 0.000000 0.000000
    77 0.000000 0.000000 0.000000 -3.141592 0.000000 0.000000
    78 0.000000 0.000000 0.000000 0.000000 0.000000 0.349066
    79 0.000000 0.000000 0.000000 0.000000 0.000000 0.000000
    80 0.000000 -0.000001 0.000000 0.000000 0.000000 0.000000
    81 0.000000 0.000000 0.000000 0.000000 0.000000 0.000000
    82 0.000000 0.000000 0.000000 0.000000 0.000000 0.000000
    83 -0.000002 0.000000 0.000000 0.000000 0.000000 0.000000
    84 0.000001 0.000000 0.000000 0.000000 0.000000 -0.000001
    85 0.000000 -0.000002 0.000000 0.000000 0.000000 0.000000
    86 -0.000001 0.000000 0.000000 0.000000 0.000000 0.000000
    87 -0.000001 0.000000 0.000000 0.000000 0.000000 0.000000
    88 0.000000 0.000003 0.000000 0.000000 0.000000 0.000000
    89 0.000000 0.000000 0.000000 0.000000 0.000000 0.000000
    90 -0.000001 0.000000 0.000000 -1.570797 0.000000 0.000000
  time 14
    0 -5.903154 -19.646543 -6.536911 -2.931717 -1.502557 -0.201454
    1 1.602392 15.810356 -4.239069 -1.570791 1.518919 -1.570792
    2 2.106979 0.000008 0.000000 0.000000 0.000000 -0.114558
    3 2.198853 0.000000 0.000001 0.007950 0.015222 -0.026920
    4 2.200351 -0.000008 0.000008 0.000597 0.001388 -0.022864
    5 2.258553 -0.000013 -0.000005 -0.005479 -0.019089 -0.200355
    6 2.304474 -0.000002 0.000001 -0.000267 0.000800 -0.413387
    7 2.754811 0.166965 -0.731880 0.325133 -1.565257 -1.570744
    8 1.602386 15.817284 3.928030 -1.570794 -1.568285 -1.570804
    9 2.106978 -0.000011 0.000000 0.000003 -0.000001 0.078392
    10 2.165398 0.000002 -0.000002 -0.044908 0.009482 0.000792
    11 2.110378 0.000002 -0.000002 0.002122 -0.005319 0.119136
    12 2.226635 -0.000013 0.000001 0.027058 -0.025661 0.215396
    13 2.304460 0.000006 -0.000004 -0.000214 -0.000660 0.385767
    14 2.813987 0.009438 -0.732745 -0.107482 -1.565257 -1.570803
    15 0.654492 8.231471 -1.500894 0.000001 0.000000 -1.570796
    16 2.040268 11.367300 -0.052909 -0.000003 0.000000 1.570796
    17 -0.518020 2.382971 0.515877 -0.055396 -0.341920 -1.052481
    18 2.266786 16.501297 -0.311092 0.000001 0.000000 -1.570796
    19 -3.675093 -22.230848 -10.384547 1.277098 -0.298914 -2.325023
    20 2.473575 0.628721 -1.303334 2.323667 0.383178 0.380823
    21 1.832617 0.000000 -0.000004 -3.023870 -0.006009 -0.161369
    22 1.003336 0.000000 0.000003 2.903518 -0.018428 0.072555
    23 4.823799 -0.430293 -1.419616 0.116193 -0.020078 -0.166575
    24 2.187960 0.000000 -0.000011 0.050253 0.038370 1.115316
    25 1.100958 0.000008 0.000010 0.032222 -0.080343 0.490955
    26 4.987793 -0.588135 -0.482800 0.240576 -0.052109 0.178176
    27 1.890100 -0.000006 0.000004 -0.071899 0.004011 1.259310
    28 1.310925 -0.000002 0.000001 0.022851 0.076662 0.411713
    29 5.117876 -0.665211 0.445601 0.089344 -0.184785 0.608027
    30 1.655293 0.000000 0.000001 -0.039562 0.134203 1.044566
    31 0.869586 0.000004 0.000006 0.057666 -0.031828 0.217997
    32 5.150560 -0.592267 1.346776 -0.375042 -0.027942 1.219035
    33 1.157244 0.000004 0.000011 0.034830 0.039189 0.490097
    34 1.019835 0.000004 0.000011 -1.467664 -0.051051 0.396031
    35 4.682155 -2.413729 -9.650656 -1.510783 0.575250 -1.779819
    36 12.695432 -0.000005 0.000001 -0.090567 0.268365 -1.116154
    37 -7.292071 -9.854954 -8.584125 3.005534 0.031305 -1.485682
    38 2.474129 -0.485417 -1.382847 1.349114 0.371396 -0.523342
    39 1.832172 -0.000001 0.000001 -2.638245 0.021714 0.611148
    40 1.042032 0.000000 0.000000 -2.898935 -0.187378 -0.094133
    41 4.823236 0.677341 -1.337761 0.194928 0.165945 -0.119482
    42 2.152369 -0.000003 0.000000 0.054586 -0.057518 -0.580387
    43 1.056617 0.000002 0.000000 0.224566 -0.055469 -0.550475
    44 4.985044 0.893762 -0.374954 0.052714 0.026422 -0.473278
    45 1.830180 0.000010 -0.000001 0.389985 -0.003162 -1.463776
    46 1.561353 0.000001 0.000000 0.100752 -0.050203 -1.133848
    47 5.116426 0.722720 0.545802 0.253303 0.009774 -0.925453
    48 1.752730 -0.000005 0.000000 -0.201802 0.024646 -0.948344
    49 0.869359 -0.000001 0.000000 0.036248 0.150759 -1.080583
    50 5.118731 0.342195 1.413550 -0.041671 0.154675 -1.169245
    51 1.176319 0.000005 0.000001 -0.567548 0.062509 -0.265395
    52 0.970203 0.000000 0.000002 2.156760 1.015941 -1.458550
    53 -7.508377 4.005328 -3.815796 -2.974894 1.076486 -2.447344
    54 12.706350 -0.000002 -0.000004 -0.321997 0.279713 -1.933887
    55 0.000000 0.000000 0.000000 0.000000 0.000000 0.000000
    56 1.200003 -0.000001 0.000000 0.000000 0.000000 0.000000
    57 -0.000002 -0.300000 -0.000002 -3.141593 0.000000 -0.174533
    58 0.000000 0.000000 0.000000 0.000000 0.000000 0.000000
    59 0.000000 0.000000 0.000000 -3.141593 0.000000 0.000000
    60 0.000000 0.000000 -0.000001 0.000000 0.000000 0.349066
    61 -0.000002 0.000000 -0.000001 -3.141593 0.000000 0.000000
    62 0.000000 -0.000002 -0.000003 -3.141593 0.000000 0.000000
    63 0.000000 0.000002 0.000001 -3.141593 0.000000 0.000000
    64 -0.000002 -0.000002 0.000000 -3.141593 0.000000 0.000000
    65 0.000000 0.000002 -0.000001 -3.141593 0.000000 0.000000
    66 0.000002 0.000002 0.000001 -3.141593 0.000000 0.000000
    67 -0.000003 0.000000 0.000006 -3.141593 0.000000 0.000000
    68 0.000000 0.000000 0.000000 -3.141593 0.000000 0.000000
    69 0.000000 0.000001 0.000000 -3.141592 0.000000 0.000000
    70 0.000001 0.000000 0.000008 -3.141593 0.000000 0.000000
    71 0.000000 0.000000 0.000004 -3.141593 0.000000 0.000000
    72 0.000000 -0.000001 0.000000 -1.570796 0.000000 0.000000
    73 0.000000 0.000000 0.000000 0.000000 0.000000 0.000000
    74 1.200001 -0.000001 0.000000 0.000000 0.000000 0.000000
    75 0.000000 0.300000 0.000000 0.000000 0.000000 0.174533
    76 0.000000 0.000000 0.000000 0.000000 0.000000 0.000000
    77 0.000000 0.000000 0.000000 -3.141592 0.000000 0.000000
    78 0.000000 0.000000 0.000000 0.000000 0.000000 0.349066
    79 0.000000 0.000000 0.000000 0.000000 0.000000 0.000000
    80 0.000000 -0.000001 0.000000 0.000000 0.000000 0.000000
    81 0.000000 0.000000 0.000000 0.000000 0.000000 0.000000
    82 0.000000 0.000000 0.000000 0.000000 0.000000 0.000000
    83 -0.000002 0.000000 0.000000 0.000000 0.000000 0.000000
    84 0.000001 0.000000 0.000000 0.000000 0.000000 -0.000001
    85 0.000000 -0.000002 0.000000 0.000000 0.000000 0.000000
    86 -0.000001 0.000000 0.000000 0.000000 0.000000 0.000000
    87 -0.000001 0.000000 0.000000 0.000000 0.000000 0.000000
    88 0.000000 0.000003 0.000000 0.000000 0.000000 0.000000
    89 0.000000 0.000000 0.000000 0.000000 0.000000 0.000000
    90 -0.000001 0.000000 0.000000 -1.570797 0.000000 0.000000
  time 15
    0 -5.903154 -19.728577 -6.466596 -3.005638 -1.513667 -0.128203
    1 1.602392 15.810356 -4.239069 -1.570791 1.518907 -1.570792
    2 2.106979 0.000008 0.000000 0.000000 0.000000 -0.114558
    3 2.198853 0.000000 0.000001 0.007950 0.015222 -0.026920
    4 2.200351 -0.000008 0.000008 0.000597 0.001388 -0.022864
    5 2.258553 -0.000013 -0.000005 -0.005479 -0.019089 -0.200367
    6 2.304474 -0.000002 0.000001 -0.000267 0.000800 -0.413399
    7 2.754811 0.166965 -0.731880 0.325312 -1.565257 -1.570756
    8 1.602386 15.817284 3.928030 -1.570794 -1.568285 -1.570804
    9 2.106978 -0.000011 0.000000 0.000003 -0.000001 0.078392
    10 2.165398 0.000002 -0.000002 -0.044908 0.009482 0.000792
    11 2.110378 0.000002 -0.000002 0.002122 -0.005319 0.119136
    12 2.226635 -0.000013 0.000001 0.027058 -0.025661 0.215384
    13 2.304460 0.000006 -0.000004 -0.000214 -0.000660 0.385767
    14 2.813987 0.009438 -0.732745 -0.107482 -1.565257 -1.570827
    15 0.728713 8.239284 -1.446205 0.000001 0.000000 -1.570796
    16 2.040268 11.371206 -0.052909 -0.000003 0.000000 1.570796
    17 -0.518020 2.382971 0.515877 -0.055396 -0.341920 -1.052481
    18 2.266786 16.501297 -0.311092 0.000001 0.000000 -1.570796
    19 -3.639936 -22.336320 -10.279075 1.289369 -0.296584 -2.329009
    20 2.473575 0.628721 -1.303334 2.323667 0.383178 0.380823
    21 1.832617 0.000000 -0.000004 -3.023870 -0.006009 -0.161369
    22 1.003336 0.000000 0.000003 2.903518 -0.018428 0.072555
    23 4.823799 -0.430293 -1.419616 0.116193 -0.020078 -0.166575
    24 2.187960 0.000000 -0.000011 0.050253 0.038370 1.115316
    25 1.100958 0.000008 0.000010 0.032222 -0.080343 0.490955
    26 4.987793 -0.588135 -0.482800 0.240576 -0.052109 0.178176
    27 1.890100 -0.000006 0.000004 -0.071899 0.004011 1.259310
    28 1.310925 -0.000002 0.000001 0.022851 0.076662 0.411713
    29 5.117876 -0.665211 0.445601 0.089344 -0.184785 0.608027
    30 1.655293 0.000000 0.000001 -0.039562 0.134203 1.044566
    31 0.869586 0.000004 0.000006 0.057666 -0.031828 0.217997
    32 5.150560 -0.592267 1.346776 -0.375042 -0.027942 1.219035
    33 1.157244 0.000004 0.000011 0.034830 0.039189 0.490097
    34 1.019835 0.000004 0.000011 -1.467664 -0.051051 0.396031
    35 4.682155 -2.413729 -9.650656 -1.514974 0.564875 -1.780571
    36 12.695432 -0.000005 0.000001 -0.087295 0.266807 -1.103879
    37 -7.264726 -9.944801 -8.603657 3.015061 0.024127 -1.485763
    38 2.474129 -0.485417 -1.382847 1.349114 0.371396 -0.523342
    39 1.832172 -0.000001 0.000001 -2.638245 0.021714 0.611148
    40 1.042032 0.000000 0.000000 -2.898935 -0.187378 -0.094133
    41 4.823236 0.677341 -1.337761 0.194928 0.165945 -0.119482
    42 2.152369 -0.000003 0.000000 0.054298 -0.057794 -0.575185
    43 1.056617 0.000002 0.000000 0.224003 -0.058058 -0.539134
    44 4.985044 0.893762 -0.374954 0.052714 0.026422 -0.473278
    45 1.830180 0.000010 -0.000001 0.389985 -0.003162 -1.463776
    46 1.561353 0.000001 0.000000 0.100752 -0.050203 -1.133848
    47 5.116426 0.722720 0.545802 0.253303 0.009774 -0.925453
    48 1.752730 -0.000005 0.000000 -0.201802 0.024646 -0.948344
    49 0.869359 -0.000001 0.000000 0.036248 0.150759 -1.080583
    50 5.118731 0.342195 1.413550 -0.041671 0.154675 -1.169245
    51 1.176319 0.000005 0.000001 -0.567548 0.062509 -0.265395
    52 0.970203 0.000000 0.000002 2.156760 1.015941 -1.458550
    53 -7.508377 4.005328 -3.815796 -2.966298 1.073747 -2.436035
    54 12.706350 -0.000002 -0.000004 -0.319373 0.280744 -1.924319
    55 0.000000 0.000000 0.000000 0.000000 0.000000 0.000000
    56 1.200003 -0.000001 0.000000 0.000000 0.000000 0.000000
    57 -0.000002 -0.300000 -0.000002 -3.141593 0.000000 -0.174533
    58 0.000000 0.000000 0.000000 0.000000 0.000000 0.000000
    59 0.000000 0.000000 0.000000 -3.141593 0.000000 0.000000
    60 0.000000 0.000000 -0.000001 0.000000 0.000000 0.349066
    61 -0.000002 0.000000 -0.000001 -3.141593 0.000000 0.000000
    62 0.000000 -0.000002 -0.000003 -3.141593 0.000000 0.000000
    63 0.000000 0.000002 0.000001 -3.141593 0.000000 0.000000
    64 -0.000002 -0.000002 0.000000 -3.141593 0.000000 0.000000
    65 0.000000 0.000002 -0.000001 -3.141593 0.000000 0.000000
    66 0.000002 0.000002 0.000001 -3.141593 0.000000 0.000000
    67 -0.000003 0.000000 0.000006 -3.141593 0.000000 0.000000
    68 0.000000 0.000000 0.000000 -3.141593 0.000000 0.000000
    69 0.000000 0.000001 0.000000 -3.141592 0.000000 0.000000
    70 0.000001 0.000000 0.000008 -3.141593 0.000000 0.000000
    71 0.000000 0.000000 0.000004 -3.141593 0.000000 0.000000
    72 0.000000 -0.000001 0.000000 -1.570796 0.000000 0.000000
    73 0.000000 0.000000 0.000000 0.000000 0.000000 0.000000
    74 1.200001 -0.000001 0.000000 0.000000 0.000000 0.000000
    75 0.000000 0.300000 0.000000 0.000000 0.000000 0.174533
    76 0.000000 0.000000 0.000000 0.000000 0.000000 0.000000
    77 0.000000 0.000000 0.000000 -3.141592 0.000000 0.000000
    78 0.000000 0.000000 0.000000 0.000000 0.000000 0.349066
    79 0.000000 0.000000 0.000000 0.000000 0.000000 0.000000
    80 0.000000 -0.000001 0.000000 0.000000 0.000000 0.000000
    81 0.000000 0.000000 0.000000 0.000000 0.000000 0.000000
    82 0.000000 0.000000 0.000000 0.000000 0.000000 0.000000
    83 -0.000002 0.000000 0.000000 0.000000 0.000000 0.000000
    84 0.000001 0.000000 0.000000 0.000000 0.000000 -0.000001
    85 0.000000 -0.000002 0.000000 0.000000 0.000000 0.000000
    86 -0.000001 0.000000 0.000000 0.000000 0.000000 0.000000
    87 -0.000001 0.000000 0.000000 0.000000 0.000000 0.000000
    88 0.000000 0.000003 0.000000 0.000000 0.000000 0.000000
    89 0.000000 0.000000 0.000000 0.000000 0.000000 0.000000
    90 -0.000001 0.000000 0.000000 -1.570797 0.000000 0.000000
  time 16
    0 -5.907061 -19.779359 -6.376750 -3.066903 -1.527894 -0.067177
    1 1.602392 15.810356 -4.239069 -1.570791 1.518919 -1.570792
    2 2.106979 0.000008 0.000000 0.000000 0.000000 -0.114558
    3 2.198853 0.000000 0.000001 0.007950 0.015222 -0.026920
    4 2.200351 -0.000008 0.000008 0.000597 0.001388 -0.022864
    5 2.258553 -0.000013 -0.000005 -0.005479 -0.019089 -0.200379
    6 2.304474 -0.000002 0.000001 -0.000267 0.000800 -0.413411
    7 2.754811 0.166965 -0.731880 0.325222 -1.565257 -1.570768
    8 1.602386 15.817284 3.928030 -1.570794 -1.568285 -1.570804
    9 2.106978 -0.000011 0.000000 0.000003 -0.000001 0.078392
    10 2.165398 0.000002 -0.000002 -0.044908 0.009482 0.000792
    11 2.110378 0.000002 -0.000002 0.002122 -0.005319 0.119136
    12 2.226635 -0.000013 0.000001 0.027058 -0.025661 0.215396
    13 2.304460 0.000006 -0.000004 -0.000214 -0.000660 0.385767
    14 2.813987 0.009438 -0.732745 -0.107386 -1.565257 -1.570815
    15 0.806840 8.247097 -1.364171 0.000001 0.000000 -1.570796
    16 2.040268 11.371206 -0.052909 -0.000003 0.000000 1.570796
    17 -0.518020 2.382971 0.515877 -0.055396 -0.341920 -1.052481
    18 2.266786 16.501297 -0.311092 0.000001 0.000000 -1.570796
    19 -3.593060 -22.406635 -10.146258 1.302982 -0.290387 -2.333459
    20 2.473575 0.628721 -1.303334 2.323667 0.383178 0.380823
    21 1.832617 0.000000 -0.000004 -3.023870 -0.006009 -0.161369
    22 1.003336 0.000000 0.000003 2.903518 -0.018428 0.072555
    23 4.823799 -0.430293 -1.419616 0.116193 -0.020078 -0.166575
    24 2.187960 0.000000 -0.000011 0.050253 0.038370 1.115316
    25 1.100958 0.000008 0.000010 0.032222 -0.080343 0.490955
    26 4.987793 -0.588135 -0.482800 0.240576 -0.052109 0.178176
    27 1.890100 -0.000006 0.000004 -0.071899 0.004011 1.259310
    28 1.310925 -0.000002 0.000001 0.022851 0.076662 0.411713
    29 5.117876 -0.665211 0.445601 0.089344 -0.184785 0.608027
    30 1.655293 0.000000 0.000001 -0.039562 0.134203 1.044566
    31 0.869586 0.000004 0.000006 0.057666 -0.031828 0.217997
    32 5.150560 -0.592267 1.346776 -0.375042 -0.027942 1.219035
    33 1.157244 0.000004 0.000011 0.034830 0.039189 0.490097
    34 1.019835 0.000004 0.000011 -1.467664 -0.051051 0.396031
    35 4.682155 -2.413729 -9.650656 -1.519074 0.556194 -1.780289
    36 12.695432 -0.000005 0.000001 -0.085641 0.266028 -1.097450
    37 -7.233475 -10.011209 -8.584125 3.028471 0.018515 -1.485763
    38 2.474129 -0.485417 -1.382847 1.349114 0.371396 -0.523342
    39 1.832172 -0.000001 0.000001 -2.638245 0.021714 0.611148
    40 1.042032 0.000000 0.000000 -2.898935 -0.187378 -0.094133
    41 4.823236 0.677341 -1.337761 0.194928 0.165945 -0.119482
    42 2.152369 -0.000003 0.000000 0.054298 -0.057794 -0.575185
    43 1.056617 0.000002 0.000000 0.224003 -0.058058 -0.539134
    44 4.985044 0.893762 -0.374954 0.052714 0.026422 -0.473278
    45 1.830180 0.000010 -0.000001 0.389985 -0.003162 -1.463776
    46 1.561353 0.000001 0.000000 0.100752 -0.050203 -1.133848
    47 5.116426 0.722720 0.545802 0.253303 0.009774 -0.925453
    48 1.752730 -0.000005 0.000000 -0.201802 0.024646 -0.948344
    49 0.869359 -0.000001 0.000000 0.036248 0.150759 -1.080583
    50 5.118731 0.342195 1.413550 -0.041671 0.154675 -1.169245
    51 1.176319 0.000005 0.000001 -0.567548 0.062509 -0.265395
    52 0.970203 0.000000 0.000002 2.156760 1.015941 -1.458550
    53 -7.508377 4.005328 -3.815796 -2.956550 1.071749 -2.424536
    54 12.706350 -0.000002 -0.000004 -0.317915 0.281163 -1.919302
    55 0.000000 0.000000 0.000000 0.000000 0.000000 0.000000
    56 1.200003 -0.000001 0.000000 0.000000 0.000000 0.000000
    57 -0.000002 -0.300000 -0.000002 -3.141593 0.000000 -0.174533
    58 0.000000 0.000000 0.000000 0.000000 0.000000 0.000000
    59 0.000000 0.000000 0.000000 -3.141593 0.000000 0.000000
    60 0.000000 0.000000 -0.000001 0.000000 0.000000 0.349066
    61 -0.000002 0.000000 -0.000001 -3.141593 0.000000 0.000000
    62 0.000000 -0.000002 -0.000003 -3.141593 0.000000 0.000000
    63 0.000000 0.000002 0.000001 -3.141593 0.000000 0.000000
    64 -0.000002 -0.000002 0.000000 -3.141593 0.000000 0.000000
    65 0.000000 0.000002 -0.000001 -3.141593 0.000000 0.000000
    66 0.000002 0.000002 0.000001 -3.141593 0.000000 0.000000
    67 -0.000003 0.000000 0.000006 -3.141593 0.000000 0.000000
    68 0.000000 0.000000 0.000000 -3.141593 0.000000 0.000000
    69 0.000000 0.000001 0.000000 -3.141592 0.000000 0.000000
    70 0.000001 0.000000 0.000008 -3.141593 0.000000 0.000000
    71 0.000000 0.000000 0.000004 -3.141593 0.000000 0.000000
    72 0.000000 -0.000001 0.000000 -1.570796 0.000000 0.000000
    73 0.000000 0.000000 0.000000 0.000000 0.000000 0.000000
    74 1.200001 -0.000001 0.000000 0.000000 0.000000 0.000000
    75 0.000000 0.300000 0.000000 0.000000 0.000000 0.174533
    76 0.000000 0.000000 0.000000 0.000000 0.000000 0.000000
    77 0.000000 0.000000 0.000000 -3.141592 0.000000 0.000000
    78 0.000000 0.000000 0.000000 0.000000 0.000000 0.349066
    79 0.000000 0.000000 0.000000 0.000000 0.000000 0.000000
    80 0.000000 -0.000001 0.000000 0.000000 0.000000 0.000000
    81 0.000000 0.000000 0.000000 0.000000 0.000000 0.000000
    82 0.000000 0.000000 0.000000 0.000000 0.000000 0.000000
    83 -0.000002 0.000000 0.000000 0.000000 0.000000 0.000000
    84 0.000001 0.000000 0.000000 0.000000 0.000000 -0.000001
    85 0.000000 -0.000002 0.000000 0.000000 0.000000 0.000000
    86 -0.000001 0.000000 0.000000 0.000000 0.000000 0.000000
    87 -0.000001 0.000000 0.000000 0.000000 0.000000 0.000000
    88 0.000000 0.000003 0.000000 0.000000 0.000000 0.000000
    89 0.000000 0.000000 0.000000 0.000000 0.000000 0.000000
    90 -0.000001 0.000000 0.000000 -1.570797 0.000000 0.000000
  time 17
    0 -5.910967 -19.802798 -6.306435 -3.114650 -1.539926 -0.019903
    1 1.602392 15.810356 -4.239069 -1.570791 1.518919 -1.570792
    2 2.106979 0.000008 0.000000 0.000000 0.000000 -0.114558
    3 2.198853 0.000000 0.000001 0.007950 0.015222 -0.026920
    4 2.200351 -0.000008 0.000008 0.000597 0.001388 -0.022864
    5 2.258553 -0.000013 -0.000005 -0.005479 -0.019089 -0.200367
    6 2.304474 -0.000002 0.000001 -0.000267 0.000800 -0.413411
    7 2.754811 0.166965 -0.731880 0.325312 -1.565257 -1.570768
    8 1.602386 15.817284 3.928030 -1.570794 -1.568285 -1.570804
    9 2.106978 -0.000011 0.000000 0.000003 -0.000001 0.078392
    10 2.165398 0.000002 -0.000002 -0.044908 0.009482 0.000792
    11 2.110378 0.000002 -0.000002 0.002122 -0.005319 0.119136
    12 2.226635 -0.000013 0.000001 0.027058 -0.025661 0.215384
    13 2.304460 0.000006 -0.000004 -0.000214 -0.000660 0.385767
    14 2.813987 0.009438 -0.732745 -0.107386 -1.565269 -1.570827
    15 0.869342 8.251003 -1.278231 0.000001 0.000000 -1.570796
    16 2.040268 11.367300 -0.052909 -0.000003 0.000000 1.570796
    17 -0.518020 2.382971 0.515877 -0.055396 -0.341920 -1.052481
    18 2.266786 16.501297 -0.311092 0.000001 0.000000 -1.570796
    19 -3.550090 -22.437886 -10.036880 1.313719 -0.283744 -2.336889
    20 2.473575 0.628721 -1.303334 2.323667 0.383178 0.380823
    21 1.832617 0.000000 -0.000004 -3.023870 -0.006009 -0.161369
    22 1.003336 0.000000 0.000003 2.903518 -0.018428 0.072555
    23 4.823799 -0.430293 -1.419616 0.116193 -0.020078 -0.166575
    24 2.187960 0.000000 -0.000011 0.050253 0.038370 1.115316
    25 1.100958 0.000008 0.000010 0.032222 -0.080343 0.490955
    26 4.987793 -0.588135 -0.482800 0.240576 -0.052109 0.178176
    27 1.890100 -0.000006 0.000004 -0.071899 0.004011 1.259310
    28 1.310925 -0.000002 0.000001 0.022851 0.076662 0.411713
    29 5.117876 -0.665211 0.445601 0.089344 -0.184785 0.608027
    30 1.655293 0.000000 0.000001 -0.039562 0.134203 1.044566
    31 0.869586 0.000004 0.000006 0.057666 -0.031828 0.217997
    32 5.150560 -0.592267 1.346776 -0.375042 -0.027942 1.219035
    33 1.157244 0.000004 0.000011 0.034830 0.039189 0.490097
    34 1.019835 0.000004 0.000011 -1.467664 -0.051051 0.396031
    35 4.682155 -2.413729 -9.650656 -1.521990 0.550840 -1.779631
    36 12.695432 -0.000005 0.000001 -0.085174 0.265836 -1.095852
    37 -7.206131 -10.038554 -8.552874 3.040183 0.015209 -1.486008
    38 2.474129 -0.485417 -1.382847 1.349114 0.371396 -0.523342
    39 1.832172 -0.000001 0.000001 -2.638245 0.021714 0.611148
    40 1.042032 0.000000 0.000000 -2.898935 -0.187378 -0.094133
    41 4.823236 0.677341 -1.337761 0.194928 0.165945 -0.119482
    42 2.152369 -0.000003 0.000000 0.054298 -0.057794 -0.575185
    43 1.056617 0.000002 0.000000 0.224003 -0.058058 -0.539134
    44 4.985044 0.893762 -0.374954 0.052714 0.026422 -0.473278
    45 1.830180 0.000010 -0.000001 0.389985 -0.003162 -1.463776
    46 1.561353 0.000001 0.000000 0.100752 -0.050203 -1.133848
    47 5.116426 0.722720 0.545802 0.253303 0.009774 -0.925453
    48 1.752730 -0.000005 0.000000 -0.201802 0.024646 -0.948344
    49 0.869359 -0.000001 0.000000 0.036248 0.150759 -1.080583
    50 5.118731 0.342195 1.413550 -0.041671 0.154675 -1.169245
    51 1.176319 0.000005 0.000001 -0.567548 0.062509 -0.265395
    52 0.970203 0.000000 0.000002 2.156760 1.015941 -1.458550
    53 -7.508377 4.005328 -3.815796 -2.949873 1.070893 -2.416744
    54 12.706350 -0.000002 -0.000004 -0.317441 0.281343 -1.917552
    55 0.000000 0.000000 0.000000 0.000000 0.000000 0.000000
    56 1.200003 -0.000001 0.000000 0.000000 0.000000 0.000000
    57 -0.000002 -0.300000 -0.000002 -3.141593 0.000000 -0.174533
    58 0.000000 0.000000 0.000000 0.000000 0.000000 0.000000
    59 0.000000 0.000000 0.000000 -3.141593 0.000000 0.000000
    60 0.000000 0.000000 -0.000001 0.000000 0.000000 0.349066
    61 -0.000002 0.000000 -0.000001 -3.141593 0.000000 0.000000
    62 0.000000 -0.000002 -0.000003 -3.141593 0.000000 0.000000
    63 0.000000 0.000002 0.000001 -3.141593 0.000000 0.000000
    64 -0.000002 -0.000002 0.000000 -3.141593 0.000000 0.000000
    65 0.000000 0.000002 -0.000001 -3.141593 0.000000 0.000000
    66 0.000002 0.000002 0.000001 -3.141593 0.000000 0.000000
    67 -0.000003 0.000000 0.000006 -3.141593 0.000000 0.000000
    68 0.000000 0.000000 0.000000 -3.141593 0.000000 0.000000
    69 0.000000 0.000001 0.000000 -3.141592 0.000000 0.000000
    70 0.000001 0.000000 0.000008 -3.141593 0.000000 0.000000
    71 0.000000 0.000000 0.000004 -3.141593 0.000000 0.000000
    72 0.000000 -0.000001 0.000000 -1.570796 0.000000 0.000000
    73 0.000000 0.000000 0.000000 0.000000 0.000000 0.000000
    74 1.200001 -0.000001 0.000000 0.000000 0.000000 0.000000
    75 0.000000 0.300000 0.000000 0.000000 0.000000 0.174533
    76 0.000000 0.000000 0.000000 0.000000 0.000000 0.000000
    77 0.000000 0.000000 0.000000 -3.141592 0.000000 0.000000
    78 0.000000 0.000000 0.000000 0.000000 0.000000 0.349066
    79 0.000000 0.000000 0.000000 0.000000 0.000000 0.000000
    80 0.000000 -0.000001 0.000000 0.000000 0.000000 0.000000
    81 0.000000 0.000000 0.000000 0.000000 0.000000 0.000000
    82 0.000000 0.000000 0.000000 0.000000 0.000000 0.000000
    83 -0.000002 0.000000 0.000000 0.000000 0.000000 0.000000
    84 0.000001 0.000000 0.000000 0.000000 0.000000 -0.000001
    85 0.000000 -0.000002 0.000000 0.000000 0.000000 0.000000
    86 -0.000001 0.000000 0.000000 0.000000 0.000000 0.000000
    87 -0.000001 0.000000 0.000000 0.000000 0.000000 0.000000
    88 0.000000 0.000003 0.000000 0.000000 0.000000 0.000000
    89 0.000000 0.000000 0.000000 0.000000 0.000000 0.000000
    90 -0.000001 0.000000 0.000000 -1.570797 0.000000 0.000000
  time 18
    0 -5.910967 -19.810610 -6.282997 -3.135455 -1.546732 0.000153
    1 1.602392 15.810356 -4.239069 -1.570791 1.518919 -1.570792
    2 2.106979 0.000008 0.000000 0.000000 0.000000 -0.114558
    3 2.198853 0.000000 0.000001 0.007950 0.015222 -0.026920
    4 2.200351 -0.000008 0.000008 0.000597 0.001388 -0.022864
    5 2.258553 -0.000013 -0.000005 -0.005479 -0.019089 -0.200379
    6 2.304474 -0.000002 0.000001 -0.000267 0.000800 -0.413399
    7 2.754811 0.166965 -0.731880 0.325133 -1.565257 -1.570780
    8 1.602386 15.817284 3.928030 -1.570794 -1.568285 -1.570804
    9 2.106978 -0.000011 0.000000 0.000003 -0.000001 0.078392
    10 2.165398 0.000002 -0.000002 -0.044908 0.009482 0.000792
    11 2.110378 0.000002 -0.000002 0.002122 -0.005319 0.119136
    12 2.226635 -0.000013 0.000001 0.027058 -0.025661 0.215384
    13 2.304460 0.000006 -0.000004 -0.000214 -0.000660 0.385767
    14 2.813987 0.009438 -0.732745 -0.107482 -1.565257 -1.570851
    15 0.955282 8.254910 -1.200103 0.000001 0.000000 -1.570796
    16 2.040268 11.371206 -0.052909 -0.000003 0.000000 1.570796
    17 -0.518020 2.382971 0.515877 -0.055396 -0.341920 -1.052481
    18 2.266786 16.501297 -0.311092 0.000001 0.000000 -1.570796
    19 -3.530558 -22.449605 -9.997816 1.319375 -0.279431 -2.339021
    20 2.473575 0.628721 -1.303334 2.323667 0.383178 0.380823
    21 1.832617 0.000000 -0.000004 -3.023870 -0.006009 -0.161369
    22 1.003336 0.000000 0.000003 2.903518 -0.018428 0.072555
    23 4.823799 -0.430293 -1.419616 0.116193 -0.020078 -0.166575
    24 2.187960 0.000000 -0.000011 0.050253 0.038370 1.115316
    25 1.100958 0.000008 0.000010 0.032222 -0.080343 0.490955
    26 4.987793 -0.588135 -0.482800 0.240576 -0.052109 0.178176
    27 1.890100 -0.000006 0.000004 -0.071899 0.004011 1.259310
    28 1.310925 -0.000002 0.000001 0.022851 0.076662 0.411713
    29 5.117876 -0.665211 0.445601 0.089344 -0.184785 0.608027
    30 1.655293 0.000000 0.000001 -0.039562 0.134203 1.044566
    31 0.869586 0.000004 0.000006 0.057666 -0.031828 0.217997
    32 5.150560 -0.592267 1.346776 -0.375042 -0.027942 1.219035
    33 1.157244 0.000004 0.000011 0.034830 0.039189 0.490097
    34 1.019835 0.000004 0.000011 -1.467664 -0.051051 0.396031
    35 4.682155 -2.413729 -9.650656 -1.522810 0.548995 -1.778973
    36 12.695432 -0.000005 0.000001 -0.085210 0.265848 -1.095969
    37 -7.174880 -10.042460 -8.548967 3.046888 0.013991 -1.486659
    38 2.474129 -0.485417 -1.382847 1.349114 0.371396 -0.523342
    39 1.832172 -0.000001 0.000001 -2.638245 0.021714 0.611148
    40 1.042032 0.000000 0.000000 -2.898935 -0.187378 -0.094133
    41 4.823236 0.677341 -1.337761 0.194928 0.165945 -0.119482
    42 2.152369 -0.000003 0.000000 0.054298 -0.057794 -0.575185
    43 1.056617 0.000002 0.000000 0.224003 -0.058058 -0.539134
    44 4.985044 0.893762 -0.374954 0.052714 0.026422 -0.473278
    45 1.830180 0.000010 -0.000001 0.389985 -0.003162 -1.463776
    46 1.561353 0.000001 0.000000 0.100752 -0.050203 -1.133848
    47 5.116426 0.722720 0.545802 0.253303 0.009774 -0.925453
    48 1.752730 -0.000005 0.000000 -0.201802 0.024646 -0.948344
    49 0.869359 -0.000001 0.000000 0.036248 0.150759 -1.080583
    50 5.118731 0.342195 1.413550 -0.041671 0.154675 -1.169245
    51 1.176319 0.000005 0.000001 -0.567548 0.062509 -0.265395
    52 0.970203 0.000000 0.000002 2.156760 1.015941 -1.458550
    53 -7.508377 4.005328 -3.815796 -2.949796 1.069752 -2.414938
    54 12.706350 -0.000002 -0.000004 -0.317441 0.281343 -1.917318
    55 0.000000 0.000000 0.000000 0.000000 0.000000 0.000000
    56 1.200003 -0.000001 0.000000 0.000000 0.000000 0.000000
    57 -0.000002 -0.300000 -0.000002 -3.141593 0.000000 -0.174533
    58 0.000000 0.000000 0.000000 0.000000 0.000000 0.000000
    59 0.000000 0.000000 0.000000 -3.141593 0.000000 0.000000
    60 0.000000 0.000000 -0.000001 0.000000 0.000000 0.349066
    61 -0.000002 0.000000 -0.000001 -3.141593 0.000000 0.000000
    62 0.000000 -0.000002 -0.000003 -3.141593 0.000000 0.000000
    63 0.000000 0.000002 0.000001 -3.141593 0.000000 0.000000
    64 -0.000002 -0.000002 0.000000 -3.141593 0.000000 0.000000
    65 0.000000 0.000002 -0.000001 -3.141593 0.000000 0.000000
    66 0.000002 0.000002 0.000001 -3.141593 0.000000 0.000000
    67 -0.000003 0.000000 0.000006 -3.141593 0.000000 0.000000
    68 0.000000 0.000000 0.000000 -3.141593 0.000000 0.000000
    69 0.000000 0.000001 0.000000 -3.141592 0.000000 0.000000
    70 0.000001 0.000000 0.000008 -3.141593 0.000000 0.000000
    71 0.000000 0.000000 0.000004 -3.141593 0.000000 0.000000
    72 0.000000 -0.000001 0.000000 -1.570796 0.000000 0.000000
    73 0.000000 0.000000 0.000000 0.000000 0.000000 0.000000
    74 1.200001 -0.000001 0.000000 0.000000 0.000000 0.000000
    75 0.000000 0.300000 0.000000 0.000000 0.000000 0.174533
    76 0.000000 0.000000 0.000000 0.000000 0.000000 0.000000
    77 0.000000 0.000000 0.000000 -3.141592 0.000000 0.000000
    78 0.000000 0.000000 0.000000 0.000000 0.000000 0.349066
    79 0.000000 0.000000 0.000000 0.000000 0.000000 0.000000
    80 0.000000 -0.000001 0.000000 0.000000 0.000000 0.000000
    81 0.000000 0.000000 0.000000 0.000000 0.000000 0.000000
    82 0.000000 0.000000 0.000000 0.000000 0.000000 0.000000
    83 -0.000002 0.000000 0.000000 0.000000 0.000000 0.000000
    84 0.000001 0.000000 0.000000 0.000000 0.000000 -0.000001
    85 0.000000 -0.000002 0.000000 0.000000 0.000000 0.000000
    86 -0.000001 0.000000 0.000000 0.000000 0.000000 0.000000
    87 -0.000001 0.000000 0.000000 0.000000 0.000000 0.000000
    88 0.000000 0.000003 0.000000 0.000000 0.000000 0.000000
    89 0.000000 0.000000 0.000000 0.000000 0.000000 0.000000
    90 -0.000001 0.000000 0.000000 -1.570797 0.000000 0.000000
  time 19
    0 -5.910967 -19.810610 -6.282997 -3.137181 -1.550201 0.000726
    1 1.602392 15.810356 -4.239069 -1.570791 1.518919 -1.570792
    2 2.106979 0.000008 0.000000 0.000000 0.000000 -0.114558
    3 2.198853 0.000000 0.000001 0.007950 0.015222 -0.026920
    4 2.200351 -0.000008 0.000008 0.000597 0.001388 -0.022864
    5 2.258553 -0.000013 -0.000005 -0.005479 -0.019089 -0.200367
    6 2.304474 -0.000002 0.000001 -0.000267 0.000800 -0.413399
    7 2.754811 0.166965 -0.731880 0.325222 -1.565257 -1.570756
    8 1.602386 15.817284 3.928030 -1.570794 -1.568285 -1.570804
    9 2.106978 -0.000011 0.000000 0.000003 -0.000001 0.078392
    10 2.165398 0.000002 -0.000002 -0.044908 0.009482 0.000792
    11 2.110378 0.000002 -0.000002 0.002122 -0.005319 0.119136
    12 2.226635 -0.000013 0.000001 0.027058 -0.025661 0.215384
    13 2.304460 0.000006 -0.000004 -0.000214 -0.000660 0.385767
    14 2.813987 0.009438 -0.732745 -0.107482 -1.565257 -1.570839
    15 0.994346 8.239284 -1.133695 0.000001 0.000000 -1.570796
    16 2.040268 11.367300 -0.052909 -0.000003 0.000000 1.570796
    17 -0.518020 2.382971 0.515877 -0.055396 -0.341920 -1.052481
    18 2.266786 16.501297 -0.311092 0.000001 0.000000 -1.570796
    19 -3.518839 -22.449605 -9.986097 1.321772 -0.277101 -2.340968
    20 2.473575 0.628721 -1.303334 2.323667 0.383178 0.380823
    21 1.832617 0.000000 -0.000004 -3.023870 -0.006009 -0.161369
    22 1.003336 0.000000 0.000003 2.903518 -0.018428 0.072555
    23 4.823799 -0.430293 -1.419616 0.116193 -0.020078 -0.166575
    24 2.187960 0.000000 -0.000011 0.050253 0.038370 1.115316
    25 1.100958 0.000008 0.000010 0.032222 -0.080343 0.490955
    26 4.987793 -0.588135 -0.482800 0.240576 -0.052109 0.178176
    27 1.890100 -0.000006 0.000004 -0.071899 0.004011 1.259310
    28 1.310925 -0.000002 0.000001 0.022851 0.076662 0.411713
    29 5.117876 -0.665211 0.445601 0.089344 -0.184785 0.608027
    30 1.655293 0.000000 0.000001 -0.039562 0.134203 1.044566
    31 0.869586 0.000004 0.000006 0.057666 -0.031828 0.217997
    32 5.150560 -0.592267 1.346776 -0.375042 -0.027942 1.219035
    33 1.157244 0.000004 0.000011 0.034830 0.039189 0.490097
    34 1.019835 0.000004 0.000011 -1.467664 -0.051051 0.396031
    35 4.682155 -2.413729 -9.650656 -1.523174 0.548753 -1.778691
    36 12.695432 -0.000005 0.000001 -0.085222 0.265872 -1.096125
    37 -7.167067 -10.042460 -8.552874 3.050283 0.013730 -1.487800
    38 2.474129 -0.485417 -1.382847 1.349114 0.371396 -0.523342
    39 1.832172 -0.000001 0.000001 -2.638245 0.021714 0.611148
    40 1.042032 0.000000 0.000000 -2.898935 -0.187378 -0.094133
    41 4.823236 0.677341 -1.337761 0.194928 0.165945 -0.119482
    42 2.152369 -0.000003 0.000000 0.054298 -0.057794 -0.575185
    43 1.056617 0.000002 0.000000 0.224003 -0.058058 -0.539134
    44 4.985044 0.893762 -0.374954 0.052714 0.026422 -0.473278
    45 1.830180 0.000010 -0.000001 0.389985 -0.003162 -1.463776
    46 1.561353 0.000001 0.000000 0.100752 -0.050203 -1.133848
    47 5.116426 0.722720 0.545802 0.253303 0.009774 -0.925453
    48 1.752730 -0.000005 0.000000 -0.201802 0.024646 -0.948344
    49 0.869359 -0.000001 0.000000 0.036248 0.150759 -1.080583
    50 5.118731 0.342195 1.413550 -0.041671 0.154675 -1.169245
    51 1.176319 0.000005 0.000001 -0.567548 0.062509 -0.265395
    52 0.970203 0.000000 0.000002 2.156760 1.015941 -1.458550
    53 -7.508377 4.005328 -3.815796 -2.953173 1.068268 -2.415318
    54 12.706350 -0.000002 -0.000004 -0.317392 0.281343 -1.917318
    55 0.000000 0.000000 0.000000 0.000000 0.000000 0.000000
    56 1.200003 -0.000001 0.000000 0.000000 0.000000 0.000000
    57 -0.000002 -0.300000 -0.000002 -3.141593 0.000000 -0.174533
    58 0.000000 0.000000 0.000000 0.000000 0.000000 0.000000
    59 0.000000 0.000000 0.000000 -3.141593 0.000000 0.000000
    60 0.000000 0.000000 -0.000001 0.000000 0.000000 0.349066
    61 -0.000002 0.000000 -0.000001 -3.141593 0.000000 0.000000
    62 0.000000 -0.000002 -0.000003 -3.141593 0.000000 0.000000
    63 0.000000 0.000002 0.000001 -3.141593 0.000000 0.000000
    64 -0.000002 -0.000002 0.000000 -3.141593 0.000000 0.000000
    65 0.000000 0.000002 -0.000001 -3.141593 0.000000 0.000000
    66 0.000002 0.000002 0.000001 -3.141593 0.000000 0.000000
    67 -0.000003 0.000000 0.000006 -3.141593 0.000000 0.000000
    68 0.000000 0.000000 0.000000 -3.141593 0.000000 0.000000
    69 0.000000 0.000001 0.000000 -3.141592 0.000000 0.000000
    70 0.000001 0.000000 0.000008 -3.141593 0.000000 0.000000
    71 0.000000 0.000000 0.000004 -3.141593 0.000000 0.000000
    72 0.000000 -0.000001 0.000000 -1.570796 0.000000 0.000000
    73 0.000000 0.000000 0.000000 0.000000 0.000000 0.000000
    74 1.200001 -0.000001 0.000000 0.000000 0.000000 0.000000
    75 0.000000 0.300000 0.000000 0.000000 0.000000 0.174533
    76 0.000000 0.000000 0.000000 0.000000 0.000000 0.000000
    77 0.000000 0.000000 0.000000 -3.141592 0.000000 0.000000
    78 0.000000 0.000000 0.000000 0.000000 0.000000 0.349066
    79 0.000000 0.000000 0.000000 0.000000 0.000000 0.000000
    80 0.000000 -0.000001 0.000000 0.000000 0.000000 0.000000
    81 0.000000 0.000000 0.000000 0.000000 0.000000 0.000000
    82 0.000000 0.000000 0.000000 0.000000 0.000000 0.000000
    83 -0.000002 0.000000 0.000000 0.000000 0.000000 0.000000
    84 0.000001 0.000000 0.000000 0.000000 0.000000 -0.000001
    85 0.000000 -0.000002 0.000000 0.000000 0.000000 0.000000
    86 -0.000001 0.000000 0.000000 0.000000 0.000000 0.000000
    87 -0.000001 0.000000 0.000000 0.000000 0.000000 0.000000
    88 0.000000 0.000003 0.000000 0.000000 0.000000 0.000000
    89 0.000000 0.000000 0.000000 0.000000 0.000000 0.000000
    90 -0.000001 0.000000 0.000000 -1.570797 0.000000 0.000000
  time 20
    0 -5.910967 -19.810610 -6.282997 -3.138811 -1.552397 0.000917
    1 1.602392 15.810356 -4.239069 -1.570791 1.518907 -1.570792
    2 2.106979 0.000008 0.000000 0.000000 0.000000 -0.114558
    3 2.198853 0.000000 0.000001 0.007950 0.015222 -0.026920
    4 2.200351 -0.000008 0.000008 0.000597 0.001388 -0.022864
    5 2.258553 -0.000013 -0.000005 -0.005479 -0.019089 -0.200379
    6 2.304474 -0.000002 0.000001 -0.000267 0.000800 -0.413411
    7 2.754811 0.166965 -0.731880 0.325133 -1.565257 -1.570732
    8 1.602386 15.817284 3.928030 -1.570794 -1.568285 -1.570804
    9 2.106978 -0.000011 0.000000 0.000003 -0.000001 0.078392
    10 2.165398 0.000002 -0.000002 -0.044908 0.009482 0.000792
    11 2.110378 0.000002 -0.000002 0.002122 -0.005319 0.119136
    12 2.226635 -0.000013 0.000001 0.027058 -0.025661 0.215396
    13 2.304460 0.000006 -0.000004 -0.000214 -0.000660 0.385767
    14 2.813987 0.009438 -0.732745 -0.107482 -1.565257 -1.570827
    15 1.049035 8.235378 -1.086819 0.000001 0.000000 -1.570796
    16 2.040268 11.351674 -0.052909 -0.000003 0.000000 1.570796
    17 -0.518020 2.382971 0.515877 -0.055396 -0.341920 -1.052481
    18 2.266786 16.501297 -0.311092 0.000001 0.000000 -1.570796
    19 -3.514932 -22.453511 -9.986097 1.323689 -0.275564 -2.342915
    20 2.473575 0.628721 -1.303334 2.323667 0.383178 0.380823
    21 1.832617 0.000000 -0.000004 -3.023870 -0.006009 -0.161369
    22 1.003336 0.000000 0.000003 2.903518 -0.018428 0.072555
    23 4.823799 -0.430293 -1.419616 0.116193 -0.020078 -0.166575
    24 2.187960 0.000000 -0.000011 0.050253 0.038370 1.115316
    25 1.100958 0.000008 0.000010 0.032222 -0.080343 0.490955
    26 4.987793 -0.588135 -0.482800 0.240576 -0.052109 0.178176
    27 1.890100 -0.000006 0.000004 -0.071899 0.004011 1.259310
    28 1.310925 -0.000002 0.000001 0.022851 0.076662 0.411713
    29 5.117876 -0.665211 0.445601 0.089344 -0.184785 0.608027
    30 1.655293 0.000000 0.000001 -0.039562 0.134203 1.044566
    31 0.869586 0.000004 0.000006 0.057666 -0.031828 0.217997
    32 5.150560 -0.592267 1.346776 -0.375042 -0.027942 1.219035
    33 1.157244 0.000004 0.000011 0.034830 0.039189 0.490097
    34 1.019835 0.000004 0.000011 -1.467664 -0.051051 0.396031
    35 4.682155 -2.413729 -9.650656 -1.523539 0.548360 -1.778597
    36 12.695432 -0.000005 0.000001 -0.085162 0.265824 -1.095813
    37 -7.143629 -10.038554 -8.552874 3.052532 0.013469 -1.489429
    38 2.474129 -0.485417 -1.382847 1.349114 0.371396 -0.523342
    39 1.832172 -0.000001 0.000001 -2.638245 0.021714 0.611148
    40 1.042032 0.000000 0.000000 -2.898935 -0.187378 -0.094133
    41 4.823236 0.677341 -1.337761 0.194928 0.165945 -0.119482
    42 2.152369 -0.000003 0.000000 0.054298 -0.057794 -0.575185
    43 1.056617 0.000002 0.000000 0.224003 -0.058058 -0.539134
    44 4.985044 0.893762 -0.374954 0.052714 0.026422 -0.473278
    45 1.830180 0.000010 -0.000001 0.389985 -0.003162 -1.463776
    46 1.561353 0.000001 0.000000 0.100752 -0.050203 -1.133848
    47 5.116426 0.722720 0.545802 0.253303 0.009774 -0.925453
    48 1.752730 -0.000005 0.000000 -0.201802 0.024646 -0.948344
    49 0.869359 -0.000001 0.000000 0.036248 0.150759 -1.080583
    50 5.118731 0.342195 1.413550 -0.041671 0.154675 -1.169245
    51 1.176319 0.000005 0.000001 -0.567548 0.062509 -0.265395
    52 0.970203 0.000000 0.000002 2.156760 1.015941 -1.458550
    53 -7.508377 4.005328 -3.815796 -2.956857 1.066670 -2.415793
    54 12.706350 -0.000002 -0.000004 -0.317441 0.281343 -1.917318
    55 0.000000 0.000000 0.000000 0.000000 0.000000 0.000000
    56 1.200003 -0.000001 0.000000 0.000000 0.000000 0.000000
    57 -0.000002 -0.300000 -0.000002 -3.141593 0.000000 -0.174533
    58 0.000000 0.000000 0.000000 0.000000 0.000000 0.000000
    59 0.000000 0.000000 0.000000 -3.141593 0.000000 0.000000
    60 0.000000 0.000000 -0.000001 0.000000 0.000000 0.349066
    61 -0.000002 0.000000 -0.000001 -3.141593 0.000000 0.000000
    62 0.000000 -0.000002 -0.000003 -3.141593 0.000000 0.000000
    63 0.000000 0.000002 0.000001 -3.141593 0.000000 0.000000
    64 -0.000002 -0.000002 0.000000 -3.141593 0.000000 0.000000
    65 0.000000 0.000002 -0.000001 -3.141593 0.000000 0.000000
    66 0.000002 0.000002 0.000001 -3.141593 0.000000 0.000000
    67 -0.000003 0.000000 0.000006 -3.141593 0.000000 0.000000
    68 0.000000 0.000000 0.000000 -3.141593 0.000000 0.000000
    69 0.000000 0.000001 0.000000 -3.141592 0.000000 0.000000
    70 0.000001 0.000000 0.000008 -3.141593 0.000000 0.000000
    71 0.000000 0.000000 0.000004 -3.141593 0.000000 0.000000
    72 0.000000 -0.000001 0.000000 -1.570796 0.000000 0.000000
    73 0.000000 0.000000 0.000000 0.000000 0.000000 0.000000
    74 1.200001 -0.000001 0.000000 0.000000 0.000000 0.000000
    75 0.000000 0.300000 0.000000 0.000000 0.000000 0.174533
    76 0.000000 0.000000 0.000000 0.000000 0.000000 0.000000
    77 0.000000 0.000000 0.000000 -3.141592 0.000000 0.000000
    78 0.000000 0.000000 0.000000 0.000000 0.000000 0.349066
    79 0.000000 0.000000 0.000000 0.000000 0.000000 0.000000
    80 0.000000 -0.000001 0.000000 0.000000 0.000000 0.000000
    81 0.000000 0.000000 0.000000 0.000000 0.000000 0.000000
    82 0.000000 0.000000 0.000000 0.000000 0.000000 0.000000
    83 -0.000002 0.000000 0.000000 0.000000 0.000000 0.000000
    84 0.000001 0.000000 0.000000 0.000000 0.000000 -0.000001
    85 0.000000 -0.000002 0.000000 0.000000 0.000000 0.000000
    86 -0.000001 0.000000 0.000000 0.000000 0.000000 0.000000
    87 -0.000001 0.000000 0.000000 0.000000 0.000000 0.000000
    88 0.000000 0.000003 0.000000 0.000000 0.000000 0.000000
    89 0.000000 0.000000 0.000000 0.000000 0.000000 0.000000
    90 -0.000001 0.000000 0.000000 -1.570797 0.000000 0.000000
  time 21
    0 -5.910967 -19.810610 -6.282997 -3.140441 -1.553714 0.000726
    1 1.602392 15.810356 -4.239069 -1.570791 1.518919 -1.570792
    2 2.106979 0.000008 0.000000 0.000000 0.000000 -0.114558
    3 2.198853 0.000000 0.000001 0.007950 0.015222 -0.026920
    4 2.200351 -0.000008 0.000008 0.000597 0.001388 -0.022864
    5 2.258553 -0.000013 -0.000005 -0.005479 -0.019089 -0.200379
    6 2.304474 -0.000002 0.000001 -0.000267 0.000800 -0.413399
    7 2.754811 0.166965 -0.731880 0.325133 -1.565257 -1.570744
    8 1.602386 15.817284 3.928030 -1.570794 -1.568285 -1.570804
    9 2.106978 -0.000011 0.000000 0.000003 -0.000001 0.078392
    10 2.165398 0.000002 -0.000002 -0.044908 0.009482 0.000792
    11 2.110378 0.000002 -0.000002 0.002122 -0.005319 0.119136
    12 2.226635 -0.000013 0.000001 0.027058 -0.025661 0.215384
    13 2.304460 0.000006 -0.000004 -0.000214 -0.000660 0.385767
    14 2.813987 0.009438 -0.732745 -0.107386 -1.565257 -1.570827
    15 1.076380 8.247097 -1.043849 0.000001 0.000000 -1.570796
    16 2.040268 11.371206 -0.052909 -0.000003 0.000000 1.570796
    17 -0.518020 2.382971 0.515877 -0.055396 -0.341920 -1.052481
    18 2.266786 16.501297 -0.311092 0.000001 0.000000 -1.570796
    19 -3.514932 -22.457418 -9.982191 1.324456 -0.274721 -2.344954
    20 2.473575 0.628721 -1.303334 2.323667 0.383178 0.380823
    21 1.832617 0.000000 -0.000004 -3.023870 -0.006009 -0.161369
    22 1.003336 0.000000 0.000003 2.903518 -0.018428 0.072555
    23 4.823799 -0.430293 -1.419616 0.116193 -0.020078 -0.166575
    24 2.187960 0.000000 -0.000011 0.050253 0.038370 1.115316
    25 1.100958 0.000008 0.000010 0.032222 -0.080343 0.490955
    26 4.987793 -0.588135 -0.482800 0.240576 -0.052109 0.178176
    27 1.890100 -0.000006 0.000004 -0.071899 0.004011 1.259310
    28 1.310925 -0.000002 0.000001 0.022851 0.076662 0.411713
    29 5.117876 -0.665211 0.445601 0.089344 -0.184785 0.608027
    30 1.655293 0.000000 0.000001 -0.039562 0.134203 1.044566
    31 0.869586 0.000004 0.000006 0.057666 -0.031828 0.217997
    32 5.150560 -0.592267 1.346776 -0.375042 -0.027942 1.219035
    33 1.157244 0.000004 0.000011 0.034830 0.039189 0.490097
    34 1.019835 0.000004 0.000011 -1.467664 -0.051051 0.396031
    35 4.682155 -2.413729 -9.650656 -1.523539 0.547997 -1.778691
    36 12.695432 -0.000005 0.000001 -0.085018 0.265752 -1.095112
    37 -7.112378 -10.038554 -8.552874 3.053763 0.013338 -1.491058
    38 2.474129 -0.485417 -1.382847 1.349114 0.371396 -0.523342
    39 1.832172 -0.000001 0.000001 -2.638245 0.021714 0.611148
    40 1.042032 0.000000 0.000000 -2.898935 -0.187378 -0.094133
    41 4.823236 0.677341 -1.337761 0.194928 0.165945 -0.119482
    42 2.152369 -0.000003 0.000000 0.054298 -0.057794 -0.575185
    43 1.056617 0.000002 0.000000 0.224003 -0.058058 -0.539134
    44 4.985044 0.893762 -0.374954 0.052714 0.026422 -0.473278
    45 1.830180 0.000010 -0.000001 0.389985 -0.003162 -1.463776
    46 1.561353 0.000001 0.000000 0.100752 -0.050203 -1.133848
    47 5.116426 0.722720 0.545802 0.253303 0.009774 -0.925453
    48 1.752730 -0.000005 0.000000 -0.201802 0.024646 -0.948344
    49 0.869359 -0.000001 0.000000 0.036248 0.150759 -1.080583
    50 5.118731 0.342195 1.413550 -0.041671 0.154675 -1.169245
    51 1.176319 0.000005 0.000001 -0.567548 0.062509 -0.265395
    52 0.970203 0.000000 0.000002 2.156760 1.015941 -1.458550
    53 -7.508377 4.005328 -3.815796 -2.959620 1.065243 -2.416173
    54 12.706350 -0.000002 -0.000004 -0.317441 0.281343 -1.917435
    55 0.000000 0.000000 0.000000 0.000000 0.000000 0.000000
    56 1.200003 -0.000001 0.000000 0.000000 0.000000 0.000000
    57 -0.000002 -0.300000 -0.000002 -3.141593 0.000000 -0.174533
    58 0.000000 0.000000 0.000000 0.000000 0.000000 0.000000
    59 0.000000 0.000000 0.000000 -3.141593 0.000000 0.000000
    60 0.000000 0.000000 -0.000001 0.000000 0.000000 0.349066
    61 -0.000002 0.000000 -0.000001 -3.141593 0.000000 0.000000
    62 0.000000 -0.000002 -0.000003 -3.141593 0.000000 0.000000
    63 0.000000 0.000002 0.000001 -3.141593 0.000000 0.000000
    64 -0.000002 -0.000002 0.000000 -3.141593 0.000000 0.000000
    65 0.000000 0.000002 -0.000001 -3.141593 0.000000 0.000000
    66 0.000002 0.000002 0.000001 -3.141593 0.000000 0.000000
    67 -0.000003 0.000000 0.000006 -3.141593 0.000000 0.000000
    68 0.000000 0.000000 0.000000 -3.141593 0.000000 0.000000
    69 0.000000 0.000001 0.000000 -3.141592 0.000000 0.000000
    70 0.000001 0.000000 0.000008 -3.141593 0.000000 0.000000
    71 0.000000 0.000000 0.000004 -3.141593 0.000000 0.000000
    72 0.000000 -0.000001 0.000000 -1.570796 0.000000 0.000000
    73 0.000000 0.000000 0.000000 0.000000 0.000000 0.000000
    74 1.200001 -0.000001 0.000000 0.000000 0.000000 0.000000
    75 0.000000 0.300000 0.000000 0.000000 0.000000 0.174533
    76 0.000000 0.000000 0.000000 0.000000 0.000000 0.000000
    77 0.000000 0.000000 0.000000 -3.141592 0.000000 0.000000
    78 0.000000 0.000000 0.000000 0.000000 0.000000 0.349066
    79 0.000000 0.000000 0.000000 0.000000 0.000000 0.000000
    80 0.000000 -0.000001 0.000000 0.000000 0.000000 0.000000
    81 0.000000 0.000000 0.000000 0.000000 0.000000 0.000000
    82 0.000000 0.000000 0.000000 0.000000 0.000000 0.000000
    83 -0.000002 0.000000 0.000000 0.000000 0.000000 0.000000
    84 0.000001 0.000000 0.000000 0.000000 0.000000 -0.000001
    85 0.000000 -0.000002 0.000000 0.000000 0.000000 0.000000
    86 -0.000001 0.000000 0.000000 0.000000 0.000000 0.000000
    87 -0.000001 0.000000 0.000000 0.000000 0.000000 0.000000
    88 0.000000 0.000003 0.000000 0.000000 0.000000 0.000000
    89 0.000000 0.000000 0.000000 0.000000 0.000000 0.000000
    90 -0.000001 0.000000 0.000000 -1.570797 0.000000 0.000000
  time 22
    0 -5.910967 -19.810610 -6.282997 -3.141208 -1.554197 0.000344
    1 1.602392 15.810356 -4.239069 -1.570791 1.518907 -1.570792
    2 2.106979 0.000008 0.000000 0.000000 0.000000 -0.114558
    3 2.198853 0.000000 0.000001 0.007950 0.015222 -0.026920
    4 2.200351 -0.000008 0.000008 0.000597 0.001388 -0.022864
    5 2.258553 -0.000013 -0.000005 -0.005479 -0.019089 -0.200367
    6 2.304474 -0.000002 0.000001 -0.000267 0.000800 -0.413399
    7 2.754811 0.166965 -0.731880 0.325133 -1.565257 -1.570792
    8 1.602386 15.817284 3.928030 -1.570794 -1.568285 -1.570804
    9 2.106978 -0.000011 0.000000 0.000003 -0.000001 0.078392
    10 2.165398 0.000002 -0.000002 -0.044908 0.009482 0.000792
    11 2.110378 0.000002 -0.000002 0.002122 -0.005319 0.119136
    12 2.226635 -0.000013 0.000001 0.027058 -0.025661 0.215384
    13 2.304460 0.000006 -0.000004 -0.000214 -0.000660 0.385767
    14 2.813987 0.009438 -0.732745 -0.107386 -1.565257 -1.570815
    15 1.092005 8.231471 -1.024317 0.000001 0.000000 -1.570796
    16 2.040268 11.363393 -0.052909 -0.000003 0.000000 1.570796
    17 -0.518020 2.382971 0.515877 -0.055396 -0.341920 -1.052481
    18 2.266786 16.501297 -0.311092 0.000001 0.000000 -1.570796
    19 -3.518839 -22.461324 -9.974378 1.324744 -0.274473 -2.346252
    20 2.473575 0.628721 -1.303334 2.323667 0.383178 0.380823
    21 1.832617 0.000000 -0.000004 -3.023870 -0.006009 -0.161369
    22 1.003336 0.000000 0.000003 2.903518 -0.018428 0.072555
    23 4.823799 -0.430293 -1.419616 0.116193 -0.020078 -0.166575
    24 2.187960 0.000000 -0.000011 0.050253 0.038370 1.115316
    25 1.100958 0.000008 0.000010 0.032222 -0.080343 0.490955
    26 4.987793 -0.588135 -0.482800 0.240576 -0.052109 0.178176
    27 1.890100 -0.000006 0.000004 -0.071899 0.004011 1.259310
    28 1.310925 -0.000002 0.000001 0.022851 0.076662 0.411713
    29 5.117876 -0.665211 0.445601 0.089344 -0.184785 0.608027
    30 1.655293 0.000000 0.000001 -0.039562 0.134203 1.044566
    31 0.869586 0.000004 0.000006 0.057666 -0.031828 0.217997
    32 5.150560 -0.592267 1.346776 -0.375042 -0.027942 1.219035
    33 1.157244 0.000004 0.000011 0.034830 0.039189 0.490097
    34 1.019835 0.000004 0.000011 -1.467664 -0.051051 0.396031
    35 4.682155 -2.413729 -9.650656 -1.523539 0.547755 -1.778785
    36 12.695432 -0.000005 0.000001 -0.084886 0.265692 -1.094722
    37 -7.104565 -10.038554 -8.552874 3.054166 0.013338 -1.492198
    38 2.474129 -0.485417 -1.382847 1.349114 0.371396 -0.523342
    39 1.832172 -0.000001 0.000001 -2.638245 0.021714 0.611148
    40 1.042032 0.000000 0.000000 -2.898935 -0.187378 -0.094133
    41 4.823236 0.677341 -1.337761 0.194928 0.165945 -0.119482
    42 2.152369 -0.000003 0.000000 0.054298 -0.057794 -0.575185
    43 1.056617 0.000002 0.000000 0.224003 -0.058058 -0.539134
    44 4.985044 0.893762 -0.374954 0.052714 0.026422 -0.473278
    45 1.830180 0.000010 -0.000001 0.389985 -0.003162 -1.463776
    46 1.561353 0.000001 0.000000 0.100752 -0.050203 -1.133848
    47 5.116426 0.722720 0.545802 0.253303 0.009774 -0.925453
    48 1.752730 -0.000005 0.000000 -0.201802 0.024646 -0.948344
    49 0.869359 -0.000001 0.000000 0.036248 0.150759 -1.080583
    50 5.118731 0.342195 1.413550 -0.041671 0.154675 -1.169245
    51 1.176319 0.000005 0.000001 -0.567548 0.062509 -0.265395
    52 0.970203 0.000000 0.000002 2.156760 1.015941 -1.458550
    53 -7.508377 4.005328 -3.815796 -2.961539 1.064330 -2.416268
    54 12.706350 -0.000002 -0.000004 -0.317441 0.281343 -1.917435
    55 0.000000 0.000000 0.000000 0.000000 0.000000 0.000000
    56 1.200003 -0.000001 0.000000 0.000000 0.000000 0.000000
    57 -0.000002 -0.300000 -0.000002 -3.141593 0.000000 -0.174533
    58 0.000000 0.000000 0.000000 0.000000 0.000000 0.000000
    59 0.000000 0.000000 0.000000 -3.141593 0.000000 0.000000
    60 0.000000 0.000000 -0.000001 0.000000 0.000000 0.349066
    61 -0.000002 0.000000 -0.000001 -3.141593 0.000000 0.000000
    62 0.000000 -0.000002 -0.000003 -3.141593 0.000000 0.000000
    63 0.000000 0.000002 0.000001 -3.141593 0.000000 0.000000
    64 -0.000002 -0.000002 0.000000 -3.141593 0.000000 0.000000
    65 0.000000 0.000002 -0.000001 -3.141593 0.000000 0.000000
    66 0.000002 0.000002 0.000001 -3.141593 0.000000 0.000000
    67 -0.000003 0.000000 0.000006 -3.141593 0.000000 0.000000
    68 0.000000 0.000000 0.000000 -3.141593 0.000000 0.000000
    69 0.000000 0.000001 0.000000 -3.141592 0.000000 0.000000
    70 0.000001 0.000000 0.000008 -3.141593 0.000000 0.000000
    71 0.000000 0.000000 0.000004 -3.141593 0.000000 0.000000
    72 0.000000 -0.000001 0.000000 -1.570796 0.000000 0.000000
    73 0.000000 0.000000 0.000000 0.000000 0.000000 0.000000
    74 1.200001 -0.000001 0.000000 0.000000 0.000000 0.000000
    75 0.000000 0.300000 0.000000 0.000000 0.000000 0.174533
    76 0.000000 0.000000 0.000000 0.000000 0.000000 0.000000
    77 0.000000 0.000000 0.000000 -3.141592 0.000000 0.000000
    78 0.000000 0.000000 0.000000 0.000000 0.000000 0.349066
    79 0.000000 0.000000 0.000000 0.000000 0.000000 0.000000
    80 0.000000 -0.000001 0.000000 0.000000 0.000000 0.000000
    81 0.000000 0.000000 0.000000 0.000000 0.000000 0.000000
    82 0.000000 0.000000 0.000000 0.000000 0.000000 0.000000
    83 -0.000002 0.000000 0.000000 0.000000 0.000000 0.000000
    84 0.000001 0.000000 0.000000 0.000000 0.000000 -0.000001
    85 0.000000 -0.000002 0.000000 0.000000 0.000000 0.000000
    86 -0.000001 0.000000 0.000000 0.000000 0.000000 0.000000
    87 -0.000001 0.000000 0.000000 0.000000 0.000000 0.000000
    88 0.000000 0.000003 0.000000 0.000000 0.000000 0.000000
    89 0.000000 0.000000 0.000000 0.000000 0.000000 0.000000
    90 -0.000001 0.000000 0.000000 -1.570797 0.000000 0.000000
  time 23
    0 -5.910967 -19.810610 -6.282997 3.141208 -1.554197 0.000153
    1 1.602392 15.810356 -4.239069 -1.570791 1.518907 -1.570792
    2 2.106979 0.000008 0.000000 0.000000 0.000000 -0.114558
    3 2.198853 0.000000 0.000001 0.007950 0.015222 -0.026920
    4 2.200351 -0.000008 0.000008 0.000597 0.001388 -0.022864
    5 2.258553 -0.000013 -0.000005 -0.005479 -0.019089 -0.200367
    6 2.304474 -0.000002 0.000001 -0.000267 0.000800 -0.413399
    7 2.754811 0.166965 -0.731880 0.325133 -1.565257 -1.570768
    8 1.602386 15.817284 3.928030 -1.570794 -1.568285 -1.570804
    9 2.106978 -0.000011 0.000000 0.000003 -0.000001 0.078392
    10 2.165398 0.000002 -0.000002 -0.044908 0.009482 0.000792
    11 2.110378 0.000002 -0.000002 0.002122 -0.005319 0.119136
    12 2.226635 -0.000013 0.000001 0.027058 -0.025661 0.215384
    13 2.304460 0.000006 -0.000004 -0.000214 -0.000660 0.385767
    14 2.813987 0.009438 -0.732745 -0.107482 -1.565257 -1.570827
    15 1.103724 8.251003 -1.004785 0.000001 0.000000 -1.570796
    16 2.040268 11.367300 -0.052909 -0.000003 0.000000 1.570796
    17 -0.518020 2.382971 0.515877 -0.055396 -0.341920 -1.052481
    18 2.266786 16.501297 -0.311092 0.000001 0.000000 -1.570796
    19 -3.518839 -22.461324 -9.974378 1.324744 -0.274473 -2.346530
    20 2.473575 0.628721 -1.303334 2.323667 0.383178 0.380823
    21 1.832617 0.000000 -0.000004 -3.023870 -0.006009 -0.161369
    22 1.003336 0.000000 0.000003 2.903518 -0.018428 0.072555
    23 4.823799 -0.430293 -1.419616 0.116193 -0.020078 -0.166575
    24 2.187960 0.000000 -0.000011 0.050253 0.038370 1.115316
    25 1.100958 0.000008 0.000010 0.032222 -0.080343 0.490955
    26 4.987793 -0.588135 -0.482800 0.240576 -0.052109 0.178176
    27 1.890100 -0.000006 0.000004 -0.071899 0.004011 1.259310
    28 1.310925 -0.000002 0.000001 0.022851 0.076662 0.411713
    29 5.117876 -0.665211 0.445601 0.089344 -0.184785 0.608027
    30 1.655293 0.000000 0.000001 -0.039562 0.134203 1.044566
    31 0.869586 0.000004 0.000006 0.057666 -0.031828 0.217997
    32 5.150560 -0.592267 1.346776 -0.375042 -0.027942 1.219035
    33 1.157244 0.000004 0.000011 0.034830 0.039189 0.490097
    34 1.019835 0.000004 0.000011 -1.467664 -0.051051 0.396031
    35 4.682155 -2.413729 -9.650656 -1.523539 0.547664 -1.778879
    36 12.695432 -0.000005 0.000001 -0.084838 0.265668 -1.094566
    37 -7.100659 -10.034647 -8.552874 3.054166 0.013338 -1.492605
    38 2.474129 -0.485417 -1.382847 1.349114 0.371396 -0.523342
    39 1.832172 -0.000001 0.000001 -2.638245 0.021714 0.611148
    40 1.042032 0.000000 0.000000 -2.898935 -0.187378 -0.094133
    41 4.823236 0.677341 -1.337761 0.194928 0.165945 -0.119482
    42 2.152369 -0.000003 0.000000 0.054298 -0.057794 -0.575185
    43 1.056617 0.000002 0.000000 0.224003 -0.058058 -0.539134
    44 4.985044 0.893762 -0.374954 0.052714 0.026422 -0.473278
    45 1.830180 0.000010 -0.000001 0.389985 -0.003162 -1.463776
    46 1.561353 0.000001 0.000000 0.100752 -0.050203 -1.133848
    47 5.116426 0.722720 0.545802 0.253303 0.009774 -0.925453
    48 1.752730 -0.000005 0.000000 -0.201802 0.024646 -0.948344
    49 0.869359 -0.000001 0.000000 0.036248 0.150759 -1.080583
    50 5.118731 0.342195 1.413550 -0.041671 0.154675 -1.169245
    51 1.176319 0.000005 0.000001 -0.567548 0.062509 -0.265395
    52 0.970203 0.000000 0.000002 2.156760 1.015941 -1.458550
    53 -7.508377 4.005328 -3.815796 -2.962000 1.064102 -2.416363
    54 12.706350 -0.000002 -0.000004 -0.317441 0.281343 -1.917435
    55 0.000000 0.000000 0.000000 0.000000 0.000000 0.000000
    56 1.200003 -0.000001 0.000000 0.000000 0.000000 0.000000
    57 -0.000002 -0.300000 -0.000002 -3.141593 0.000000 -0.174533
    58 0.000000 0.000000 0.000000 0.000000 0.000000 0.000000
    59 0.000000 0.000000 0.000000 -3.141593 0.000000 0.000000
    60 0.000000 0.000000 -0.000001 0.000000 0.000000 0.349066
    61 -0.000002 0.000000 -0.000001 -3.141593 0.000000 0.000000
    62 0.000000 -0.000002 -0.000003 -3.141593 0.000000 0.000000
    63 0.000000 0.000002 0.000001 -3.141593 0.000000 0.000000
    64 -0.000002 -0.000002 0.000000 -3.141593 0.000000 0.000000
    65 0.000000 0.000002 -0.000001 -3.141593 0.000000 0.000000
    66 0.000002 0.000002 0.000001 -3.141593 0.000000 0.000000
    67 -0.000003 0.000000 0.000006 -3.141593 0.000000 0.000000
    68 0.000000 0.000000 0.000000 -3.141593 0.000000 0.000000
    69 0.000000 0.000001 0.000000 -3.141592 0.000000 0.000000
    70 0.000001 0.000000 0.000008 -3.141593 0.000000 0.000000
    71 0.000000 0.000000 0.000004 -3.141593 0.000000 0.000000
    72 0.000000 -0.000001 0.000000 -1.570796 0.000000 0.000000
    73 0.000000 0.000000 0.000000 0.000000 0.000000 0.000000
    74 1.200001 -0.000001 0.000000 0.000000 0.000000 0.000000
    75 0.000000 0.300000 0.000000 0.000000 0.000000 0.174533
    76 0.000000 0.000000 0.000000 0.000000 0.000000 0.000000
    77 0.000000 0.000000 0.000000 -3.141592 0.000000 0.000000
    78 0.000000 0.000000 0.000000 0.000000 0.000000 0.349066
    79 0.000000 0.000000 0.000000 0.000000 0.000000 0.000000
    80 0.000000 -0.000001 0.000000 0.000000 0.000000 0.000000
    81 0.000000 0.000000 0.000000 0.000000 0.000000 0.000000
    82 0.000000 0.000000 0.000000 0.000000 0.000000 0.000000
    83 -0.000002 0.000000 0.000000 0.000000 0.000000 0.000000
    84 0.000001 0.000000 0.000000 0.000000 0.000000 -0.000001
    85 0.000000 -0.000002 0.000000 0.000000 0.000000 0.000000
    86 -0.000001 0.000000 0.000000 0.000000 0.000000 0.000000
    87 -0.000001 0.000000 0.000000 0.000000 0.000000 0.000000
    88 0.000000 0.000003 0.000000 0.000000 0.000000 0.000000
    89 0.000000 0.000000 0.000000 0.000000 0.000000 0.000000
    90 -0.000001 0.000000 0.000000 -1.570797 0.000000 0.000000
end
