version 1
nodes
  0 "crossbow_model.weapon_base" -1
  1 "crossbow_model.bowr1" 0
  2 "crossbow_model.bowr2" 1
  3 "crossbow_model.bowr3" 2
  4 "crossbow_model.bowr4" 3
  5 "crossbow_model.bowr5" 4
  6 "crossbow_model.bowr6" 5
  7 "crossbow_model.bowr_wheel" 6
  8 "crossbow_model.bowl1" 0
  9 "crossbow_model.bowl2" 8
  10 "crossbow_model.bowl3" 9
  11 "crossbow_model.bowl4" 10
  12 "crossbow_model.bowl5" 11
  13 "crossbow_model.bowl6" 12
  14 "crossbow_model.bowl_wheel" 13
  15 "crossbow_model.bolt" 0
  16 "crossbow_model.pull" 0
  17 "crossbow_model.wire" 0
  18 "crossbow_model.Spark2" 0
  19 "l_wrist" -1
  20 "l_thumb_low" 19
  21 "l_thumb_mid" 20
  22 "l_thumb_tip" 21
  23 "l_index_low" 19
  24 "l_index_mid" 23
  25 "l_index_tip" 24
  26 "l_middle_low" 19
  27 "l_middle_mid" 26
  28 "l_middle_tip" 27
  29 "l_ring_low" 19
  30 "l_ring_mid" 29
  31 "l_ring_tip" 30
  32 "l_pinky_low" 19
  33 "l_pinky_mid" 32
  34 "l_pinky_tip" 33
  35 "l_upperarm" -1
  36 "l_forearm" 35
  37 "r_wrist" -1
  38 "r_thumb_low" 37
  39 "r_thumb_mid" 38
  40 "r_thumb_tip" 39
  41 "r_index_low" 37
  42 "r_index_mid" 41
  43 "r_index_tip" 42
  44 "r_middle_low" 37
  45 "r_middle_mid" 44
  46 "r_middle_tip" 45
  47 "r_ring_low" 37
  48 "r_ring_mid" 47
  49 "r_ring_tip" 48
  50 "r_pinky_low" 37
  51 "r_pinky_mid" 50
  52 "r_pinky_tip" 51
  53 "r_upperarm" -1
  54 "r_forearm" 53
  55 "ValveBiped.Bip01_L_UpperArm" 35
  56 "ValveBiped.Bip01_L_Forearm" 36
  57 "ValveBiped.Bip01_L_Hand" 19
  58 "ValveBiped.Bip01_L_Finger0" 20
  59 "ValveBiped.Bip01_L_Finger01" 21
  60 "ValveBiped.Bip01_L_Finger02" 22
  61 "ValveBiped.Bip01_L_Finger1" 23
  62 "ValveBiped.Bip01_L_Finger11" 24
  63 "ValveBiped.Bip01_L_Finger12" 25
  64 "ValveBiped.Bip01_L_Finger2" 26
  65 "ValveBiped.Bip01_L_Finger21" 27
  66 "ValveBiped.Bip01_L_Finger22" 28
  67 "ValveBiped.Bip01_L_Finger3" 29
  68 "ValveBiped.Bip01_L_Finger31" 30
  69 "ValveBiped.Bip01_L_Finger32" 31
  70 "ValveBiped.Bip01_L_Finger4" 32
  71 "ValveBiped.Bip01_L_Finger41" 33
  72 "ValveBiped.Bip01_L_Finger42" 34
  73 "ValveBiped.Bip01_R_UpperArm" 53
  74 "ValveBiped.Bip01_R_Forearm" 54
  75 "ValveBiped.Bip01_R_Hand" 37
  76 "ValveBiped.Bip01_R_Finger0" 38
  77 "ValveBiped.Bip01_R_Finger01" 39
  78 "ValveBiped.Bip01_R_Finger02" 40
  79 "ValveBiped.Bip01_R_Finger1" 41
  80 "ValveBiped.Bip01_R_Finger11" 42
  81 "ValveBiped.Bip01_R_Finger12" 43
  82 "ValveBiped.Bip01_R_Finger2" 44
  83 "ValveBiped.Bip01_R_Finger21" 45
  84 "ValveBiped.Bip01_R_Finger22" 46
  85 "ValveBiped.Bip01_R_Finger3" 47
  86 "ValveBiped.Bip01_R_Finger31" 48
  87 "ValveBiped.Bip01_R_Finger32" 49
  88 "ValveBiped.Bip01_R_Finger4" 50
  89 "ValveBiped.Bip01_R_Finger41" 51
  90 "ValveBiped.Bip01_R_Finger42" 52
end
skeleton
  time 0
    0 -5.910967 -19.810610 -6.282997 3.141208 -1.554197 0.000153
    1 1.602392 15.810356 -4.239069 -1.570791 1.453891 -1.570792
    2 2.106979 0.000008 0.000000 0.000000 0.000000 -0.289078
    3 2.198853 0.000000 0.000001 0.005241 0.016373 -0.201464
    4 2.200351 -0.000008 0.000008 0.000465 0.001424 -0.122120
    5 2.258553 -0.000013 -0.000005 -0.007121 -0.018610 -0.113143
    6 2.304474 -0.000002 0.000001 -0.000063 0.000836 -0.151620
    7 2.754811 0.166965 -0.731880 2.565037 -1.565257 -1.570732
    8 1.602386 15.817284 3.928030 -1.570794 -1.440985 -1.570804
    9 2.106978 -0.000011 0.000000 0.000003 -0.000001 0.252912
    10 2.165398 0.000002 -0.000002 -0.042679 0.017068 0.175168
    11 2.110378 0.000002 -0.000002 0.001858 -0.005415 0.168740
    12 2.226635 -0.000013 0.000001 0.029119 -0.023216 0.128196
    13 2.304460 0.000006 -0.000004 -0.000046 -0.000684 0.123999
    14 2.813987 0.009438 -0.732745 -2.550118 -1.565257 -1.570815
    15 2.439703 10.751080 -0.106320 0.000001 0.000000 -1.570796
    16 2.040268 -2.875322 -0.052909 -0.000003 0.000000 1.570796
    17 -0.518020 2.382971 0.515877 -0.055396 -0.341920 -1.052481
    18 2.266786 16.501297 -0.311092 0.000001 0.000000 -1.570796
    19 -3.518839 -22.461324 -9.974378 1.324744 -0.274473 -2.346530
    20 2.473575 0.628721 -1.303334 2.323667 0.383178 0.380823
    21 1.832617 0.000000 -0.000004 -3.023870 -0.006009 -0.161369
    22 1.003336 0.000000 0.000003 2.903518 -0.018428 0.072555
    23 4.823799 -0.430293 -1.419616 0.116193 -0.020078 -0.166575
    24 2.187960 0.000000 -0.000011 0.050253 0.038370 1.115316
    25 1.100958 0.000008 0.000010 0.032222 -0.080343 0.490955
    26 4.987793 -0.588135 -0.482800 0.240576 -0.052109 0.178176
    27 1.890100 -0.000006 0.000004 -0.071899 0.004011 1.259310
    28 1.310925 -0.000002 0.000001 0.022851 0.076662 0.411713
    29 5.117876 -0.665211 0.445601 0.089344 -0.184785 0.608027
    30 1.655293 0.000000 0.000001 -0.039562 0.134203 1.044566
    31 0.869586 0.000004 0.000006 0.057666 -0.031828 0.217997
    32 5.150560 -0.592267 1.346776 -0.375042 -0.027942 1.219035
    33 1.157244 0.000004 0.000011 0.034830 0.039189 0.490097
    34 1.019835 0.000004 0.000011 -1.467664 -0.051051 0.396031
    35 4.682155 -2.413729 -9.650656 -1.523539 0.547664 -1.778879
    36 12.695432 -0.000005 0.000001 -0.084838 0.265668 -1.094566
    37 -7.100659 -10.034647 -8.552874 3.054166 0.013338 -1.492605
    38 2.474129 -0.485417 -1.382847 1.349114 0.371396 -0.523342
    39 1.832172 -0.000001 0.000001 -2.638245 0.021714 0.611148
    40 1.042032 0.000000 0.000000 -2.898935 -0.187378 -0.094133
    41 4.823236 0.677341 -1.337761 0.194928 0.165945 -0.119482
    42 2.152369 -0.000003 0.000000 0.054298 -0.057794 -0.575185
    43 1.056617 0.000002 0.000000 0.224003 -0.058058 -0.539134
    44 4.985044 0.893762 -0.374954 0.052714 0.026422 -0.473278
    45 1.830180 0.000010 -0.000001 0.389985 -0.003162 -1.463776
    46 1.561353 0.000001 0.000000 0.100752 -0.050203 -1.133848
    47 5.116426 0.722720 0.545802 0.253303 0.009774 -0.925453
    48 1.752730 -0.000005 0.000000 -0.201802 0.024646 -0.948344
    49 0.869359 -0.000001 0.000000 0.036248 0.150759 -1.080583
    50 5.118731 0.342195 1.413550 -0.041671 0.154675 -1.169245
    51 1.176319 0.000005 0.000001 -0.567548 0.062509 -0.265395
    52 0.970203 0.000000 0.000002 2.156760 1.015941 -1.458550
    53 -7.508377 4.005328 -3.815796 -2.962000 1.064102 -2.416363
    54 12.706350 -0.000002 -0.000004 -0.317441 0.281343 -1.917435
    55 0.000000 0.000000 0.000000 0.000000 0.000000 0.000000
    56 1.200003 -0.000001 0.000000 0.000000 0.000000 0.000000
    57 -0.000002 -0.300000 -0.000002 -3.141593 0.000000 -0.174533
    58 0.000000 0.000000 0.000000 0.000000 0.000000 0.000000
    59 0.000000 0.000000 0.000000 -3.141593 0.000000 0.000000
    60 0.000000 0.000000 -0.000001 0.000000 0.000000 0.349066
    61 -0.000002 0.000000 -0.000001 -3.141593 0.000000 0.000000
    62 0.000000 -0.000002 -0.000003 -3.141593 0.000000 0.000000
    63 0.000000 0.000002 0.000001 -3.141593 0.000000 0.000000
    64 -0.000002 -0.000002 0.000000 -3.141593 0.000000 0.000000
    65 0.000000 0.000002 -0.000001 -3.141593 0.000000 0.000000
    66 0.000002 0.000002 0.000001 -3.141593 0.000000 0.000000
    67 -0.000003 0.000000 0.000006 -3.141593 0.000000 0.000000
    68 0.000000 0.000000 0.000000 -3.141593 0.000000 0.000000
    69 0.000000 0.000001 0.000000 -3.141592 0.000000 0.000000
    70 0.000001 0.000000 0.000008 -3.141593 0.000000 0.000000
    71 0.000000 0.000000 0.000004 -3.141593 0.000000 0.000000
    72 0.000000 -0.000001 0.000000 -1.570796 0.000000 0.000000
    73 0.000000 0.000000 0.000000 0.000000 0.000000 0.000000
    74 1.200001 -0.000001 0.000000 0.000000 0.000000 0.000000
    75 0.000000 0.300000 0.000000 0.000000 0.000000 0.174533
    76 0.000000 0.000000 0.000000 0.000000 0.000000 0.000000
    77 0.000000 0.000000 0.000000 -3.141592 0.000000 0.000000
    78 0.000000 0.000000 0.000000 0.000000 0.000000 0.349066
    79 0.000000 0.000000 0.000000 0.000000 0.000000 0.000000
    80 0.000000 -0.000001 0.000000 0.000000 0.000000 0.000000
    81 0.000000 0.000000 0.000000 0.000000 0.000000 0.000000
    82 0.000000 0.000000 0.000000 0.000000 0.000000 0.000000
    83 -0.000002 0.000000 0.000000 0.000000 0.000000 0.000000
    84 0.000001 0.000000 0.000000 0.000000 0.000000 -0.000001
    85 0.000000 -0.000002 0.000000 0.000000 0.000000 0.000000
    86 -0.000001 0.000000 0.000000 0.000000 0.000000 0.000000
    87 -0.000001 0.000000 0.000000 0.000000 0.000000 0.000000
    88 0.000000 0.000003 0.000000 0.000000 0.000000 0.000000
    89 0.000000 0.000000 0.000000 0.000000 0.000000 0.000000
    90 -0.000001 0.000000 0.000000 -1.570797 0.000000 0.000000
  time 1
    0 -5.891435 -19.802798 -6.282997 -1.607085 -1.560652 -1.527800
    1 1.602392 15.810356 -4.239069 -1.570791 1.453891 -1.570792
    2 2.106979 0.000008 0.000000 0.000000 0.000000 -0.289078
    3 2.198853 0.000000 0.000001 0.005241 0.016373 -0.201464
    4 2.200351 -0.000008 0.000008 0.000465 0.001424 -0.122120
    5 2.258553 -0.000013 -0.000005 -0.007121 -0.018610 -0.113143
    6 2.304474 -0.000002 0.000001 -0.000063 0.000836 -0.151620
    7 2.754811 0.166965 -0.731880 2.565037 -1.565257 -1.570732
    8 1.602386 15.817284 3.928030 -1.570794 -1.440985 -1.570804
    9 2.106978 -0.000011 0.000000 0.000003 -0.000001 0.252912
    10 2.165398 0.000002 -0.000002 -0.042679 0.017068 0.175168
    11 2.110378 0.000002 -0.000002 0.001858 -0.005415 0.168740
    12 2.226635 -0.000013 0.000001 0.029119 -0.023216 0.128196
    13 2.304460 0.000006 -0.000004 -0.000046 -0.000684 0.123999
    14 2.813987 0.009438 -0.732745 -2.550118 -1.565257 -1.570779
    15 2.439703 10.751080 -0.106320 0.000001 0.000000 -1.570796
    16 2.040268 -2.875322 -0.052909 -0.000003 0.000000 1.570796
    17 -0.518020 2.382971 0.515877 -0.055396 -0.341920 -1.052481
    18 2.266786 16.501297 -0.311092 0.000001 0.000000 -1.570796
    19 -3.421179 -22.398822 -9.966565 1.329346 -0.255684 -2.341524
    20 2.473575 0.628721 -1.303334 2.323667 0.383178 0.380823
    21 1.832617 0.000000 -0.000004 -3.023870 -0.006009 -0.161369
    22 1.003336 0.000000 0.000003 2.903518 -0.018428 0.072555
    23 4.823799 -0.430293 -1.419616 0.116193 -0.020078 -0.166575
    24 2.187960 0.000000 -0.000011 0.050253 0.038370 1.115316
    25 1.100958 0.000008 0.000010 0.032222 -0.080343 0.490955
    26 4.987793 -0.588135 -0.482800 0.240576 -0.052109 0.178176
    27 1.890100 -0.000006 0.000004 -0.071899 0.004011 1.259310
    28 1.310925 -0.000002 0.000001 0.022851 0.076662 0.411713
    29 5.117876 -0.665211 0.445601 0.089344 -0.184785 0.608027
    30 1.655293 0.000000 0.000001 -0.039562 0.134203 1.044566
    31 0.869586 0.000004 0.000006 0.057666 -0.031828 0.217997
    32 5.150560 -0.592267 1.346776 -0.375042 -0.027942 1.219035
    33 1.157244 0.000004 0.000011 0.034830 0.039189 0.490097
    34 1.019835 0.000004 0.000011 -1.467664 -0.051051 0.396031
    35 4.682155 -2.413729 -9.650656 -1.527457 0.554470 -1.776342
    36 12.695432 -0.000005 0.000001 -0.088481 0.267478 -1.108516
    37 -7.112378 -10.015115 -8.459121 3.071332 0.022213 -1.485926
    38 2.474129 -0.485417 -1.382847 1.349114 0.371396 -0.523342
    39 1.832172 -0.000001 0.000001 -2.638245 0.021714 0.611148
    40 1.042032 0.000000 0.000000 -2.898935 -0.187378 -0.094133
    41 4.823236 0.677341 -1.337761 0.194928 0.165945 -0.119482
    42 2.152369 -0.000003 0.000000 0.054298 -0.057794 -0.575185
    43 1.056617 0.000002 0.000000 0.224003 -0.058058 -0.539134
    44 4.985044 0.893762 -0.374954 0.052714 0.026422 -0.473278
    45 1.830180 0.000010 -0.000001 0.389985 -0.003162 -1.463776
    46 1.561353 0.000001 0.000000 0.100752 -0.050203 -1.133848
    47 5.116426 0.722720 0.545802 0.253303 0.009774 -0.925453
    48 1.752730 -0.000005 0.000000 -0.201802 0.024646 -0.948344
    49 0.869359 -0.000001 0.000000 0.036248 0.150759 -1.080583
    50 5.118731 0.342195 1.413550 -0.041671 0.154675 -1.169245
    51 1.176319 0.000005 0.000001 -0.567548 0.062509 -0.265395
    52 0.970203 0.000000 0.000002 2.156760 1.015941 -1.458550
    53 -7.508377 4.005328 -3.901736 -2.939972 1.064387 -2.402489
    54 12.706350 -0.000002 -0.000004 -0.319616 0.280576 -1.925253
    55 0.000000 0.000000 0.000000 0.000000 0.000000 0.000000
    56 1.200003 -0.000001 0.000000 0.000000 0.000000 0.000000
    57 -0.000002 -0.300000 -0.000002 -3.141593 0.000000 -0.174533
    58 0.000000 0.000000 0.000000 0.000000 0.000000 0.000000
    59 0.000000 0.000000 0.000000 -3.141593 0.000000 0.000000
    60 0.000000 0.000000 -0.000001 0.000000 0.000000 0.349066
    61 -0.000002 0.000000 -0.000001 -3.141593 0.000000 0.000000
    62 0.000000 -0.000002 -0.000003 -3.141593 0.000000 0.000000
    63 0.000000 0.000002 0.000001 -3.141593 0.000000 0.000000
    64 -0.000002 -0.000002 0.000000 -3.141593 0.000000 0.000000
    65 0.000000 0.000002 -0.000001 -3.141593 0.000000 0.000000
    66 0.000002 0.000002 0.000001 -3.141593 0.000000 0.000000
    67 -0.000003 0.000000 0.000006 -3.141593 0.000000 0.000000
    68 0.000000 0.000000 0.000000 -3.141593 0.000000 0.000000
    69 0.000000 0.000001 0.000000 -3.141592 0.000000 0.000000
    70 0.000001 0.000000 0.000008 -3.141593 0.000000 0.000000
    71 0.000000 0.000000 0.000004 -3.141593 0.000000 0.000000
    72 0.000000 -0.000001 0.000000 -1.570796 0.000000 0.000000
    73 0.000000 0.000000 0.000000 0.000000 0.000000 0.000000
    74 1.200001 -0.000001 0.000000 0.000000 0.000000 0.000000
    75 0.000000 0.300000 0.000000 0.000000 0.000000 0.174533
    76 0.000000 0.000000 0.000000 0.000000 0.000000 0.000000
    77 0.000000 0.000000 0.000000 -3.141592 0.000000 0.000000
    78 0.000000 0.000000 0.000000 0.000000 0.000000 0.349066
    79 0.000000 0.000000 0.000000 0.000000 0.000000 0.000000
    80 0.000000 -0.000001 0.000000 0.000000 0.000000 0.000000
    81 0.000000 0.000000 0.000000 0.000000 0.000000 0.000000
    82 0.000000 0.000000 0.000000 0.000000 0.000000 0.000000
    83 -0.000002 0.000000 0.000000 0.000000 0.000000 0.000000
    84 0.000001 0.000000 0.000000 0.000000 0.000000 -0.000001
    85 0.000000 -0.000002 0.000000 0.000000 0.000000 0.000000
    86 -0.000001 0.000000 0.000000 0.000000 0.000000 0.000000
    87 -0.000001 0.000000 0.000000 0.000000 0.000000 0.000000
    88 0.000000 0.000003 0.000000 0.000000 0.000000 0.000000
    89 0.000000 0.000000 0.000000 0.000000 0.000000 0.000000
    90 -0.000001 0.000000 0.000000 -1.570797 0.000000 0.000000
  time 2
    0 -5.782057 -19.763734 -6.294716 -0.731060 -1.523415 3.903075
    1 1.602392 15.810356 -4.239069 -1.570791 1.453891 -1.570792
    2 2.106979 0.000008 0.000000 0.000000 0.000000 -0.289078
    3 2.198853 0.000000 0.000001 0.005241 0.016373 -0.201464
    4 2.200351 -0.000008 0.000008 0.000465 0.001424 -0.122120
    5 2.258553 -0.000013 -0.000005 -0.007121 -0.018610 -0.113143
    6 2.304474 -0.000002 0.000001 -0.000063 0.000836 -0.151620
    7 2.754811 0.166965 -0.731880 2.565037 -1.565257 -1.570732
    8 1.602386 15.817284 3.928030 -1.570794 -1.440985 -1.570804
    9 2.106978 -0.000011 0.000000 0.000003 -0.000001 0.252912
    10 2.165398 0.000002 -0.000002 -0.042679 0.017068 0.175168
    11 2.110378 0.000002 -0.000002 0.001858 -0.005415 0.168740
    12 2.226635 -0.000013 0.000001 0.029119 -0.023216 0.128196
    13 2.304460 0.000006 -0.000004 -0.000046 -0.000684 0.123999
    14 2.813987 0.009438 -0.732745 -2.550310 -1.565257 -1.570839
    15 2.439703 10.751080 -0.106320 0.000001 0.000000 -1.570796
    16 2.040268 -2.875322 -0.052909 -0.000003 0.000000 1.570796
    17 -0.518020 2.382971 0.515877 -0.055396 -0.341920 -1.052481
    18 2.266786 16.501297 -0.311092 0.000001 0.000000 -1.570796
    19 -3.120389 -22.223035 -9.943127 1.340083 -0.215429 -2.320295
    20 2.473575 0.628721 -1.303334 2.323667 0.383178 0.380823
    21 1.832617 0.000000 -0.000004 -3.023870 -0.006009 -0.161369
    22 1.003336 0.000000 0.000003 2.903518 -0.018428 0.072555
    23 4.823799 -0.430293 -1.419616 0.116193 -0.020078 -0.166575
    24 2.187960 0.000000 -0.000011 0.050253 0.038370 1.115316
    25 1.100958 0.000008 0.000010 0.032222 -0.080343 0.490955
    26 4.987793 -0.588135 -0.482800 0.240576 -0.052109 0.178176
    27 1.890100 -0.000006 0.000004 -0.071899 0.004011 1.259310
    28 1.310925 -0.000002 0.000001 0.022851 0.076662 0.411713
    29 5.117876 -0.665211 0.445601 0.089344 -0.184785 0.608027
    30 1.655293 0.000000 0.000001 -0.039562 0.134203 1.044566
    31 0.869586 0.000004 0.000006 0.057666 -0.031828 0.217997
    32 5.150560 -0.592267 1.346776 -0.375042 -0.027942 1.219035
    33 1.157244 0.000004 0.000011 0.034830 0.039189 0.490097
    34 1.019835 0.000004 0.000011 -1.467664 -0.051051 0.396031
    35 4.682155 -2.413729 -9.650656 -1.539666 0.575129 -1.767319
    36 12.695432 -0.000005 0.000001 -0.099507 0.272427 -1.149977
    37 -7.217850 -9.964333 -8.255990 3.108612 0.040745 -1.460921
    38 2.474129 -0.485417 -1.382847 1.349114 0.371396 -0.523342
    39 1.832172 -0.000001 0.000001 -2.638245 0.021714 0.611148
    40 1.042032 0.000000 0.000000 -2.898935 -0.187378 -0.094133
    41 4.823236 0.677341 -1.337761 0.194928 0.165945 -0.119482
    42 2.152369 -0.000003 0.000000 0.054298 -0.057794 -0.575185
    43 1.056617 0.000002 0.000000 0.224003 -0.058058 -0.539134
    44 4.985044 0.893762 -0.374954 0.052714 0.026422 -0.473278
    45 1.830180 0.000010 -0.000001 0.389985 -0.003162 -1.463776
    46 1.561353 0.000001 0.000000 0.100752 -0.050203 -1.133848
    47 5.116426 0.722720 0.545802 0.253303 0.009774 -0.925453
    48 1.752730 -0.000005 0.000000 -0.201802 0.024646 -0.948344
    49 0.869359 -0.000001 0.000000 0.036248 0.150759 -1.080583
    50 5.118731 0.342195 1.413550 -0.041671 0.154675 -1.169245
    51 1.176319 0.000005 0.000001 -0.567548 0.062509 -0.265395
    52 0.970203 0.000000 0.000002 2.156760 1.015941 -1.458550
    53 -7.508377 4.005328 -4.155650 -2.883714 1.063987 -2.369987
    54 12.706350 -0.000002 -0.000004 -0.324694 0.278730 -1.943513
    55 0.000000 0.000000 0.000000 0.000000 0.000000 0.000000
    56 1.200003 -0.000001 0.000000 0.000000 0.000000 0.000000
    57 -0.000002 -0.300000 -0.000002 -3.141593 0.000000 -0.174533
    58 0.000000 0.000000 0.000000 0.000000 0.000000 0.000000
    59 0.000000 0.000000 0.000000 -3.141593 0.000000 0.000000
    60 0.000000 0.000000 -0.000001 0.000000 0.000000 0.349066
    61 -0.000002 0.000000 -0.000001 -3.141593 0.000000 0.000000
    62 0.000000 -0.000002 -0.000003 -3.141593 0.000000 0.000000
    63 0.000000 0.000002 0.000001 -3.141593 0.000000 0.000000
    64 -0.000002 -0.000002 0.000000 -3.141593 0.000000 0.000000
    65 0.000000 0.000002 -0.000001 -3.141593 0.000000 0.000000
    66 0.000002 0.000002 0.000001 -3.141593 0.000000 0.000000
    67 -0.000003 0.000000 0.000006 -3.141593 0.000000 0.000000
    68 0.000000 0.000000 0.000000 -3.141593 0.000000 0.000000
    69 0.000000 0.000001 0.000000 -3.141592 0.000000 0.000000
    70 0.000001 0.000000 0.000008 -3.141593 0.000000 0.000000
    71 0.000000 0.000000 0.000004 -3.141593 0.000000 0.000000
    72 0.000000 -0.000001 0.000000 -1.570796 0.000000 0.000000
    73 0.000000 0.000000 0.000000 0.000000 0.000000 0.000000
    74 1.200001 -0.000001 0.000000 0.000000 0.000000 0.000000
    75 0.000000 0.300000 0.000000 0.000000 0.000000 0.174533
    76 0.000000 0.000000 0.000000 0.000000 0.000000 0.000000
    77 0.000000 0.000000 0.000000 -3.141592 0.000000 0.000000
    78 0.000000 0.000000 0.000000 0.000000 0.000000 0.349066
    79 0.000000 0.000000 0.000000 0.000000 0.000000 0.000000
    80 0.000000 -0.000001 0.000000 0.000000 0.000000 0.000000
    81 0.000000 0.000000 0.000000 0.000000 0.000000 0.000000
    82 0.000000 0.000000 0.000000 0.000000 0.000000 0.000000
    83 -0.000002 0.000000 0.000000 0.000000 0.000000 0.000000
    84 0.000001 0.000000 0.000000 0.000000 0.000000 -0.000001
    85 0.000000 -0.000002 0.000000 0.000000 0.000000 0.000000
    86 -0.000001 0.000000 0.000000 0.000000 0.000000 0.000000
    87 -0.000001 0.000000 0.000000 0.000000 0.000000 0.000000
    88 0.000000 0.000003 0.000000 0.000000 0.000000 0.000000
    89 0.000000 0.000000 0.000000 0.000000 0.000000 0.000000
    90 -0.000001 0.000000 0.000000 -1.570797 0.000000 0.000000
  time 3
    0 -5.563300 -19.689513 -6.318154 -0.657235 -1.503743 3.867166
    1 1.602392 15.810356 -4.239069 -1.570791 1.453891 -1.570792
    2 2.106979 0.000008 0.000000 0.000000 0.000000 -0.289078
    3 2.198853 0.000000 0.000001 0.005241 0.016373 -0.201464
    4 2.200351 -0.000008 0.000008 0.000465 0.001424 -0.122120
    5 2.258553 -0.000013 -0.000005 -0.007121 -0.018610 -0.113143
    6 2.304474 -0.000002 0.000001 -0.000063 0.000836 -0.151620
    7 2.754811 0.166965 -0.731880 2.565037 -1.565257 -1.570720
    8 1.602386 15.817284 3.928030 -1.570794 -1.440985 -1.570804
    9 2.106978 -0.000011 0.000000 0.000003 -0.000001 0.252912
    10 2.165398 0.000002 -0.000002 -0.042679 0.017068 0.175168
    11 2.110378 0.000002 -0.000002 0.001858 -0.005415 0.168740
    12 2.226635 -0.000013 0.000001 0.029119 -0.023216 0.128196
    13 2.304460 0.000006 -0.000004 -0.000046 -0.000684 0.123999
    14 2.813987 0.009438 -0.732745 -2.550310 -1.565257 -1.570827
    15 2.439703 10.751080 -0.106320 0.000001 0.000000 -1.570796
    16 2.040268 -2.875322 -0.052909 -0.000003 0.000000 1.570796
    17 -0.518020 2.382971 0.515877 -0.055396 -0.341920 -1.052481
    18 2.266786 16.501297 -0.311092 0.000001 0.000000 -1.570796
    19 -2.749284 -22.008185 -9.943127 1.345931 -0.196293 -2.283492
    20 2.473575 0.628721 -1.303334 2.323667 0.383178 0.380823
    21 1.832617 0.000000 -0.000004 -3.023870 -0.006009 -0.161369
    22 1.003336 0.000000 0.000003 2.903518 -0.018428 0.072555
    23 4.823799 -0.430293 -1.419616 0.116193 -0.020078 -0.166575
    24 2.187960 0.000000 -0.000011 0.050253 0.038370 1.115316
    25 1.100958 0.000008 0.000010 0.032222 -0.080343 0.490955
    26 4.987793 -0.588135 -0.482800 0.240576 -0.052109 0.178176
    27 1.890100 -0.000006 0.000004 -0.071899 0.004011 1.259310
    28 1.310925 -0.000002 0.000001 0.022851 0.076662 0.411713
    29 5.117876 -0.665211 0.445601 0.089344 -0.184785 0.608027
    30 1.655293 0.000000 0.000001 -0.039562 0.134203 1.044566
    31 0.869586 0.000004 0.000006 0.057666 -0.031828 0.217997
    32 5.150560 -0.592267 1.346776 -0.375042 -0.027942 1.219035
    33 1.157244 0.000004 0.000011 0.034830 0.039189 0.490097
    34 1.019835 0.000004 0.000011 -1.467664 -0.051051 0.396031
    35 4.682155 -2.413729 -9.650656 -1.559802 0.601596 -1.759423
    36 12.695432 -0.000005 0.000001 -0.112630 0.277724 -1.198100
    37 -7.409262 -9.929175 -8.189582 3.127114 0.048619 -1.422314
    38 2.474129 -0.485417 -1.382847 1.349114 0.371396 -0.523342
    39 1.832172 -0.000001 0.000001 -2.638245 0.021714 0.611148
    40 1.042032 0.000000 0.000000 -2.898935 -0.187378 -0.094133
    41 4.823236 0.677341 -1.337761 0.194928 0.165945 -0.119482
    42 2.152369 -0.000003 0.000000 0.054298 -0.057794 -0.575185
    43 1.056617 0.000002 0.000000 0.224003 -0.058058 -0.539134
    44 4.985044 0.893762 -0.374954 0.052714 0.026422 -0.473278
    45 1.830180 0.000010 -0.000001 0.389985 -0.003162 -1.463776
    46 1.561353 0.000001 0.000000 0.100752 -0.050203 -1.133848
    47 5.116426 0.722720 0.545802 0.253303 0.009774 -0.925453
    48 1.752730 -0.000005 0.000000 -0.201802 0.024646 -0.948344
    49 0.869359 -0.000001 0.000000 0.036248 0.150759 -1.080583
    50 5.118731 0.342195 1.413550 -0.041671 0.154675 -1.169245
    51 1.176319 0.000005 0.000001 -0.567548 0.062509 -0.265395
    52 0.970203 0.000000 0.000002 2.156760 1.015941 -1.458550
    53 -7.508377 4.005328 -4.585351 -2.832368 1.054057 -2.345373
    54 12.706350 -0.000002 -0.000004 -0.329104 0.277101 -1.959673
    55 0.000000 0.000000 0.000000 0.000000 0.000000 0.000000
    56 1.200003 -0.000001 0.000000 0.000000 0.000000 0.000000
    57 -0.000002 -0.300000 -0.000002 -3.141593 0.000000 -0.174533
    58 0.000000 0.000000 0.000000 0.000000 0.000000 0.000000
    59 0.000000 0.000000 0.000000 -3.141593 0.000000 0.000000
    60 0.000000 0.000000 -0.000001 0.000000 0.000000 0.349066
    61 -0.000002 0.000000 -0.000001 -3.141593 0.000000 0.000000
    62 0.000000 -0.000002 -0.000003 -3.141593 0.000000 0.000000
    63 0.000000 0.000002 0.000001 -3.141593 0.000000 0.000000
    64 -0.000002 -0.000002 0.000000 -3.141593 0.000000 0.000000
    65 0.000000 0.000002 -0.000001 -3.141593 0.000000 0.000000
    66 0.000002 0.000002 0.000001 -3.141593 0.000000 0.000000
    67 -0.000003 0.000000 0.000006 -3.141593 0.000000 0.000000
    68 0.000000 0.000000 0.000000 -3.141593 0.000000 0.000000
    69 0.000000 0.000001 0.000000 -3.141592 0.000000 0.000000
    70 0.000001 0.000000 0.000008 -3.141593 0.000000 0.000000
    71 0.000000 0.000000 0.000004 -3.141593 0.000000 0.000000
    72 0.000000 -0.000001 0.000000 -1.570796 0.000000 0.000000
    73 0.000000 0.000000 0.000000 0.000000 0.000000 0.000000
    74 1.200001 -0.000001 0.000000 0.000000 0.000000 0.000000
    75 0.000000 0.300000 0.000000 0.000000 0.000000 0.174533
    76 0.000000 0.000000 0.000000 0.000000 0.000000 0.000000
    77 0.000000 0.000000 0.000000 -3.141592 0.000000 0.000000
    78 0.000000 0.000000 0.000000 0.000000 0.000000 0.349066
    79 0.000000 0.000000 0.000000 0.000000 0.000000 0.000000
    80 0.000000 -0.000001 0.000000 0.000000 0.000000 0.000000
    81 0.000000 0.000000 0.000000 0.000000 0.000000 0.000000
    82 0.000000 0.000000 0.000000 0.000000 0.000000 0.000000
    83 -0.000002 0.000000 0.000000 0.000000 0.000000 0.000000
    84 0.000001 0.000000 0.000000 0.000000 0.000000 -0.000001
    85 0.000000 -0.000002 0.000000 0.000000 0.000000 0.000000
    86 -0.000001 0.000000 0.000000 0.000000 0.000000 0.000000
    87 -0.000001 0.000000 0.000000 0.000000 0.000000 0.000000
    88 0.000000 0.000003 0.000000 0.000000 0.000000 0.000000
    89 0.000000 0.000000 0.000000 0.000000 0.000000 0.000000
    90 -0.000001 0.000000 0.000000 -1.570797 0.000000 0.000000
  time 4
    0 -5.270323 -19.591854 -6.423626 -0.542087 -1.517575 3.798022
    1 1.602392 15.810356 -4.239069 -1.570791 1.453891 -1.570792
    2 2.106979 0.000008 0.000000 0.000000 0.000000 -0.289078
    3 2.198853 0.000000 0.000001 0.005241 0.016373 -0.201464
    4 2.200351 -0.000008 0.000008 0.000465 0.001424 -0.122120
    5 2.258553 -0.000013 -0.000005 -0.007121 -0.018610 -0.113143
    6 2.304474 -0.000002 0.000001 -0.000063 0.000836 -0.151620
    7 2.754811 0.166965 -0.731880 2.565127 -1.565257 -1.570732
    8 1.602386 15.817284 3.928030 -1.570794 -1.440985 -1.570804
    9 2.106978 -0.000011 0.000000 0.000003 -0.000001 0.252912
    10 2.165398 0.000002 -0.000002 -0.042679 0.017068 0.175168
    11 2.110378 0.000002 -0.000002 0.001858 -0.005415 0.168740
    12 2.226635 -0.000013 0.000001 0.029119 -0.023216 0.128196
    13 2.304460 0.000006 -0.000004 -0.000046 -0.000684 0.123999
    14 2.813987 0.009438 -0.732745 -2.550118 -1.565269 -1.570779
    15 2.439703 10.751080 -0.106320 0.000001 0.000000 -1.570796
    16 2.040268 -2.875322 -0.052909 -0.000003 0.000000 1.570796
    17 -0.518020 2.382971 0.515877 -0.055396 -0.341920 -1.052481
    18 2.266786 16.501297 -0.311092 0.000001 0.000000 -1.570796
    19 -2.374272 -21.828492 -10.036880 1.350245 -0.211066 -2.238716
    20 2.473575 0.628721 -1.303334 2.323667 0.383178 0.380823
    21 1.832617 0.000000 -0.000004 -3.023870 -0.006009 -0.161369
    22 1.003336 0.000000 0.000003 2.903518 -0.018428 0.072555
    23 4.823799 -0.430293 -1.419616 0.116193 -0.020078 -0.166575
    24 2.187960 0.000000 -0.000011 0.050253 0.038370 1.115316
    25 1.100958 0.000008 0.000010 0.032222 -0.080343 0.490955
    26 4.987793 -0.588135 -0.482800 0.240576 -0.052109 0.178176
    27 1.890100 -0.000006 0.000004 -0.071899 0.004011 1.259310
    28 1.310925 -0.000002 0.000001 0.022851 0.076662 0.411713
    29 5.117876 -0.665211 0.445601 0.089344 -0.184785 0.608027
    30 1.655293 0.000000 0.000001 -0.039562 0.134203 1.044566
    31 0.869586 0.000004 0.000006 0.057666 -0.031828 0.217997
    32 5.150560 -0.592267 1.346776 -0.375042 -0.027942 1.219035
    33 1.157244 0.000004 0.000011 0.034830 0.039189 0.490097
    34 1.019835 0.000004 0.000011 -1.467664 -0.051051 0.396031
    35 4.682155 -2.413729 -9.650656 -1.588503 0.630120 -1.756228
    36 12.695432 -0.000005 0.000001 -0.124100 0.281763 -1.239834
    37 -7.663176 -9.956520 -8.447402 3.118542 0.035829 -1.376946
    38 2.474129 -0.485417 -1.382847 1.349114 0.371396 -0.523342
    39 1.832172 -0.000001 0.000001 -2.638245 0.021714 0.611148
    40 1.042032 0.000000 0.000000 -2.898935 -0.187378 -0.094133
    41 4.823236 0.677341 -1.337761 0.194928 0.165945 -0.119482
    42 2.152369 -0.000003 0.000000 0.054298 -0.057794 -0.575185
    43 1.056617 0.000002 0.000000 0.224003 -0.058058 -0.539134
    44 4.985044 0.893762 -0.374954 0.052714 0.026422 -0.473278
    45 1.830180 0.000010 -0.000001 0.389985 -0.003162 -1.463776
    46 1.561353 0.000001 0.000000 0.100752 -0.050203 -1.133848
    47 5.116426 0.722720 0.545802 0.253303 0.009774 -0.925453
    48 1.752730 -0.000005 0.000000 -0.201802 0.024646 -0.948344
    49 0.869359 -0.000001 0.000000 0.036248 0.150759 -1.080583
    50 5.118731 0.342195 1.413550 -0.041671 0.154675 -1.169245
    51 1.176319 0.000005 0.000001 -0.567548 0.062509 -0.265395
    52 0.970203 0.000000 0.000002 2.156760 1.015941 -1.458550
    53 -7.508377 4.005328 -5.175212 -2.821930 1.030487 -2.352501
    54 12.706350 -0.000002 -0.000004 -0.330562 0.276453 -1.964982
    55 0.000000 0.000000 0.000000 0.000000 0.000000 0.000000
    56 1.200003 -0.000001 0.000000 0.000000 0.000000 0.000000
    57 -0.000002 -0.300000 -0.000002 -3.141593 0.000000 -0.174533
    58 0.000000 0.000000 0.000000 0.000000 0.000000 0.000000
    59 0.000000 0.000000 0.000000 -3.141593 0.000000 0.000000
    60 0.000000 0.000000 -0.000001 0.000000 0.000000 0.349066
    61 -0.000002 0.000000 -0.000001 -3.141593 0.000000 0.000000
    62 0.000000 -0.000002 -0.000003 -3.141593 0.000000 0.000000
    63 0.000000 0.000002 0.000001 -3.141593 0.000000 0.000000
    64 -0.000002 -0.000002 0.000000 -3.141593 0.000000 0.000000
    65 0.000000 0.000002 -0.000001 -3.141593 0.000000 0.000000
    66 0.000002 0.000002 0.000001 -3.141593 0.000000 0.000000
    67 -0.000003 0.000000 0.000006 -3.141593 0.000000 0.000000
    68 0.000000 0.000000 0.000000 -3.141593 0.000000 0.000000
    69 0.000000 0.000001 0.000000 -3.141592 0.000000 0.000000
    70 0.000001 0.000000 0.000008 -3.141593 0.000000 0.000000
    71 0.000000 0.000000 0.000004 -3.141593 0.000000 0.000000
    72 0.000000 -0.000001 0.000000 -1.570796 0.000000 0.000000
    73 0.000000 0.000000 0.000000 0.000000 0.000000 0.000000
    74 1.200001 -0.000001 0.000000 0.000000 0.000000 0.000000
    75 0.000000 0.300000 0.000000 0.000000 0.000000 0.174533
    76 0.000000 0.000000 0.000000 0.000000 0.000000 0.000000
    77 0.000000 0.000000 0.000000 -3.141592 0.000000 0.000000
    78 0.000000 0.000000 0.000000 0.000000 0.000000 0.349066
    79 0.000000 0.000000 0.000000 0.000000 0.000000 0.000000
    80 0.000000 -0.000001 0.000000 0.000000 0.000000 0.000000
    81 0.000000 0.000000 0.000000 0.000000 0.000000 0.000000
    82 0.000000 0.000000 0.000000 0.000000 0.000000 0.000000
    83 -0.000002 0.000000 0.000000 0.000000 0.000000 0.000000
    84 0.000001 0.000000 0.000000 0.000000 0.000000 -0.000001
    85 0.000000 -0.000002 0.000000 0.000000 0.000000 0.000000
    86 -0.000001 0.000000 0.000000 0.000000 0.000000 0.000000
    87 -0.000001 0.000000 0.000000 0.000000 0.000000 0.000000
    88 0.000000 0.000003 0.000000 0.000000 0.000000 0.000000
    89 0.000000 0.000000 0.000000 0.000000 0.000000 0.000000
    90 -0.000001 0.000000 0.000000 -1.570797 0.000000 0.000000
  time 5
    0 -4.910937 -19.470756 -6.673634 0.574110 -1.548796 2.736697
    1 1.602392 15.810356 -4.239069 -1.570791 1.453891 -1.570792
    2 2.106979 0.000008 0.000000 0.000000 0.000000 -0.289078
    3 2.198853 0.000000 0.000001 0.005241 0.016373 -0.201464
    4 2.200351 -0.000008 0.000008 0.000465 0.001424 -0.122120
    5 2.258553 -0.000013 -0.000005 -0.007121 -0.018610 -0.113143
    6 2.304474 -0.000002 0.000001 -0.000063 0.000836 -0.151620
    7 2.754811 0.166965 -0.731880 2.565037 -1.565257 -1.570720
    8 1.602386 15.817284 3.928030 -1.570794 -1.440985 -1.570804
    9 2.106978 -0.000011 0.000000 0.000003 -0.000001 0.252912
    10 2.165398 0.000002 -0.000002 -0.042679 0.017068 0.175168
    11 2.110378 0.000002 -0.000002 0.001858 -0.005415 0.168740
    12 2.226635 -0.000013 0.000001 0.029119 -0.023216 0.128196
    13 2.304460 0.000006 -0.000004 -0.000046 -0.000684 0.123999
    14 2.813987 0.009438 -0.732745 -2.550310 -1.565257 -1.570767
    15 2.439703 10.751080 -0.106320 0.000001 0.000000 -1.570796
    16 2.040268 -2.875322 -0.052909 -0.000003 0.000000 1.570796
    17 -0.518020 2.382971 0.515877 -0.055396 -0.341920 -1.052481
    18 2.266786 16.501297 -0.311092 0.000001 0.000000 -1.570796
    19 -1.971916 -21.703488 -10.255636 1.359448 -0.258212 -2.185968
    20 2.473575 0.628721 -1.303334 2.323667 0.383178 0.380823
    21 1.832617 0.000000 -0.000004 -3.023870 -0.006009 -0.161369
    22 1.003336 0.000000 0.000003 2.903518 -0.018428 0.072555
    23 4.823799 -0.430293 -1.419616 0.116193 -0.020078 -0.166575
    24 2.187960 0.000000 -0.000011 0.050253 0.038370 1.115316
    25 1.100958 0.000008 0.000010 0.032222 -0.080343 0.490955
    26 4.987793 -0.588135 -0.482800 0.240576 -0.052109 0.178176
    27 1.890100 -0.000006 0.000004 -0.071899 0.004011 1.259310
    28 1.310925 -0.000002 0.000001 0.022851 0.076662 0.411713
    29 5.117876 -0.665211 0.445601 0.089344 -0.184785 0.608027
    30 1.655293 0.000000 0.000001 -0.039562 0.134203 1.044566
    31 0.869586 0.000004 0.000006 0.057666 -0.031828 0.217997
    32 5.150560 -0.592267 1.346776 -0.375042 -0.027942 1.219035
    33 1.157244 0.000004 0.000011 0.034830 0.039189 0.490097
    34 1.019835 0.000004 0.000011 -1.467664 -0.051051 0.396031
    35 4.682155 -2.413729 -9.650656 -1.626406 0.662243 -1.758766
    36 12.695432 -0.000005 0.000001 -0.133627 0.284735 -1.273852
    37 -7.983498 -10.081524 -9.134923 3.088391 -0.001279 -1.322700
    38 2.474129 -0.485417 -1.382847 1.349114 0.371396 -0.523342
    39 1.832172 -0.000001 0.000001 -2.638245 0.021714 0.611148
    40 1.042032 0.000000 0.000000 -2.898935 -0.187378 -0.094133
    41 4.823236 0.677341 -1.337761 0.194928 0.165945 -0.119482
    42 2.152369 -0.000003 0.000000 0.054298 -0.057794 -0.575185
    43 1.056617 0.000002 0.000000 0.224003 -0.058058 -0.539134
    44 4.985044 0.893762 -0.374954 0.052714 0.026422 -0.473278
    45 1.830180 0.000010 -0.000001 0.389985 -0.003162 -1.463776
    46 1.561353 0.000001 0.000000 0.100752 -0.050203 -1.133848
    47 5.116426 0.722720 0.545802 0.253303 0.009774 -0.925453
    48 1.752730 -0.000005 0.000000 -0.201802 0.024646 -0.948344
    49 0.869359 -0.000001 0.000000 0.036248 0.150759 -1.080583
    50 5.118731 0.342195 1.413550 -0.041671 0.154675 -1.169245
    51 1.176319 0.000005 0.000001 -0.567548 0.062509 -0.265395
    52 0.970203 0.000000 0.000002 2.156760 1.015941 -1.458550
    53 -7.508377 4.005328 -5.917423 -2.866445 0.991850 -2.400303
    54 12.706350 -0.000002 -0.000004 -0.327440 0.277748 -1.953606
    55 0.000000 0.000000 0.000000 0.000000 0.000000 0.000000
    56 1.200003 -0.000001 0.000000 0.000000 0.000000 0.000000
    57 -0.000002 -0.300000 -0.000002 -3.141593 0.000000 -0.174533
    58 0.000000 0.000000 0.000000 0.000000 0.000000 0.000000
    59 0.000000 0.000000 0.000000 -3.141593 0.000000 0.000000
    60 0.000000 0.000000 -0.000001 0.000000 0.000000 0.349066
    61 -0.000002 0.000000 -0.000001 -3.141593 0.000000 0.000000
    62 0.000000 -0.000002 -0.000003 -3.141593 0.000000 0.000000
    63 0.000000 0.000002 0.000001 -3.141593 0.000000 0.000000
    64 -0.000002 -0.000002 0.000000 -3.141593 0.000000 0.000000
    65 0.000000 0.000002 -0.000001 -3.141593 0.000000 0.000000
    66 0.000002 0.000002 0.000001 -3.141593 0.000000 0.000000
    67 -0.000003 0.000000 0.000006 -3.141593 0.000000 0.000000
    68 0.000000 0.000000 0.000000 -3.141593 0.000000 0.000000
    69 0.000000 0.000001 0.000000 -3.141592 0.000000 0.000000
    70 0.000001 0.000000 0.000008 -3.141593 0.000000 0.000000
    71 0.000000 0.000000 0.000004 -3.141593 0.000000 0.000000
    72 0.000000 -0.000001 0.000000 -1.570796 0.000000 0.000000
    73 0.000000 0.000000 0.000000 0.000000 0.000000 0.000000
    74 1.200001 -0.000001 0.000000 0.000000 0.000000 0.000000
    75 0.000000 0.300000 0.000000 0.000000 0.000000 0.174533
    76 0.000000 0.000000 0.000000 0.000000 0.000000 0.000000
    77 0.000000 0.000000 0.000000 -3.141592 0.000000 0.000000
    78 0.000000 0.000000 0.000000 0.000000 0.000000 0.349066
    79 0.000000 0.000000 0.000000 0.000000 0.000000 0.000000
    80 0.000000 -0.000001 0.000000 0.000000 0.000000 0.000000
    81 0.000000 0.000000 0.000000 0.000000 0.000000 0.000000
    82 0.000000 0.000000 0.000000 0.000000 0.000000 0.000000
    83 -0.000002 0.000000 0.000000 0.000000 0.000000 0.000000
    84 0.000001 0.000000 0.000000 0.000000 0.000000 -0.000001
    85 0.000000 -0.000002 0.000000 0.000000 0.000000 0.000000
    86 -0.000001 0.000000 0.000000 0.000000 0.000000 0.000000
    87 -0.000001 0.000000 0.000000 0.000000 0.000000 0.000000
    88 0.000000 0.000003 0.000000 0.000000 0.000000 0.000000
    89 0.000000 0.000000 0.000000 0.000000 0.000000 0.000000
    90 -0.000001 0.000000 0.000000 -1.570797 0.000000 0.000000
  time 6
    0 -4.492955 -19.326221 -7.068177 1.956172 -1.488681 1.420187
    1 1.602392 15.810356 -4.239069 -1.570791 1.453891 -1.570792
    2 2.106979 0.000008 0.000000 0.000000 0.000000 -0.289078
    3 2.198853 0.000000 0.000001 0.005241 0.016373 -0.201464
    4 2.200351 -0.000008 0.000008 0.000465 0.001424 -0.122120
    5 2.258553 -0.000013 -0.000005 -0.007121 -0.018610 -0.113143
    6 2.304474 -0.000002 0.000001 -0.000063 0.000836 -0.151620
    7 2.754811 0.166965 -0.731880 2.565037 -1.565257 -1.570720
    8 1.602386 15.817284 3.928030 -1.570794 -1.440985 -1.570804
    9 2.106978 -0.000011 0.000000 0.000003 -0.000001 0.252912
    10 2.165398 0.000002 -0.000002 -0.042679 0.017068 0.175168
    11 2.110378 0.000002 -0.000002 0.001858 -0.005415 0.168740
    12 2.226635 -0.000013 0.000001 0.029119 -0.023216 0.128196
    13 2.304460 0.000006 -0.000004 -0.000046 -0.000684 0.123999
    14 2.813987 0.009438 -0.732745 -2.550118 -1.565269 -1.570803
    15 2.439703 10.751080 -0.106320 0.000001 0.000000 -1.570796
    16 2.040268 -2.875322 -0.052909 -0.000003 0.000000 1.570796
    17 -0.518020 2.382971 0.515877 -0.055396 -0.341920 -1.052481
    18 2.266786 16.501297 -0.311092 0.000001 0.000000 -1.570796
    19 -1.534403 -21.629267 -10.587678 1.370473 -0.338326 -2.125154
    20 2.473575 0.628721 -1.303334 2.323667 0.383178 0.380823
    21 1.832617 0.000000 -0.000004 -3.023870 -0.006009 -0.161369
    22 1.003336 0.000000 0.000003 2.903518 -0.018428 0.072555
    23 4.823799 -0.430293 -1.419616 0.116193 -0.020078 -0.166575
    24 2.187960 0.000000 -0.000011 0.050253 0.038370 1.115316
    25 1.100958 0.000008 0.000010 0.032222 -0.080343 0.490955
    26 4.987793 -0.588135 -0.482800 0.240576 -0.052109 0.178176
    27 1.890100 -0.000006 0.000004 -0.071899 0.004011 1.259310
    28 1.310925 -0.000002 0.000001 0.022851 0.076662 0.411713
    29 5.117876 -0.665211 0.445601 0.089344 -0.184785 0.608027
    30 1.655293 0.000000 0.000001 -0.039562 0.134203 1.044566
    31 0.869586 0.000004 0.000006 0.057666 -0.031828 0.217997
    32 5.150560 -0.592267 1.346776 -0.375042 -0.027942 1.219035
    33 1.157244 0.000004 0.000011 0.034830 0.039189 0.490097
    34 1.019835 0.000004 0.000011 -1.467664 -0.051051 0.396031
    35 4.682155 -2.413729 -9.650656 -1.674423 0.696635 -1.765909
    36 12.695432 -0.000005 0.000001 -0.141106 0.286881 -1.300154
    37 -8.381948 -10.366689 -10.213081 3.034136 -0.061400 -1.256806
    38 2.474129 -0.485417 -1.382847 1.349114 0.371396 -0.523342
    39 1.832172 -0.000001 0.000001 -2.638245 0.021714 0.611148
    40 1.042032 0.000000 0.000000 -2.898935 -0.187378 -0.094133
    41 4.823236 0.677341 -1.337761 0.194928 0.165945 -0.119482
    42 2.152369 -0.000003 0.000000 0.054298 -0.057794 -0.575185
    43 1.056617 0.000002 0.000000 0.224003 -0.058058 -0.539134
    44 4.985044 0.893762 -0.374954 0.052714 0.026422 -0.473278
    45 1.830180 0.000010 -0.000001 0.389985 -0.003162 -1.463776
    46 1.561353 0.000001 0.000000 0.100752 -0.050203 -1.133848
    47 5.116426 0.722720 0.545802 0.253303 0.009774 -0.925453
    48 1.752730 -0.000005 0.000000 -0.201802 0.024646 -0.948344
    49 0.869359 -0.000001 0.000000 0.036248 0.150759 -1.080583
    50 5.118731 0.342195 1.413550 -0.041671 0.154675 -1.169245
    51 1.176319 0.000005 0.000001 -0.567548 0.062509 -0.265395
    52 0.970203 0.000000 0.000002 2.156760 1.015941 -1.458550
    53 -7.508377 4.005328 -6.792449 -2.946112 0.935978 -2.467016
    54 12.706350 -0.000002 -0.000004 -0.318085 0.281127 -1.919769
    55 0.000000 0.000000 0.000000 0.000000 0.000000 0.000000
    56 1.200003 -0.000001 0.000000 0.000000 0.000000 0.000000
    57 -0.000002 -0.300000 -0.000002 -3.141593 0.000000 -0.174533
    58 0.000000 0.000000 0.000000 0.000000 0.000000 0.000000
    59 0.000000 0.000000 0.000000 -3.141593 0.000000 0.000000
    60 0.000000 0.000000 -0.000001 0.000000 0.000000 0.349066
    61 -0.000002 0.000000 -0.000001 -3.141593 0.000000 0.000000
    62 0.000000 -0.000002 -0.000003 -3.141593 0.000000 0.000000
    63 0.000000 0.000002 0.000001 -3.141593 0.000000 0.000000
    64 -0.000002 -0.000002 0.000000 -3.141593 0.000000 0.000000
    65 0.000000 0.000002 -0.000001 -3.141593 0.000000 0.000000
    66 0.000002 0.000002 0.000001 -3.141593 0.000000 0.000000
    67 -0.000003 0.000000 0.000006 -3.141593 0.000000 0.000000
    68 0.000000 0.000000 0.000000 -3.141593 0.000000 0.000000
    69 0.000000 0.000001 0.000000 -3.141592 0.000000 0.000000
    70 0.000001 0.000000 0.000008 -3.141593 0.000000 0.000000
    71 0.000000 0.000000 0.000004 -3.141593 0.000000 0.000000
    72 0.000000 -0.000001 0.000000 -1.570796 0.000000 0.000000
    73 0.000000 0.000000 0.000000 0.000000 0.000000 0.000000
    74 1.200001 -0.000001 0.000000 0.000000 0.000000 0.000000
    75 0.000000 0.300000 0.000000 0.000000 0.000000 0.174533
    76 0.000000 0.000000 0.000000 0.000000 0.000000 0.000000
    77 0.000000 0.000000 0.000000 -3.141592 0.000000 0.000000
    78 0.000000 0.000000 0.000000 0.000000 0.000000 0.349066
    79 0.000000 0.000000 0.000000 0.000000 0.000000 0.000000
    80 0.000000 -0.000001 0.000000 0.000000 0.000000 0.000000
    81 0.000000 0.000000 0.000000 0.000000 0.000000 0.000000
    82 0.000000 0.000000 0.000000 0.000000 0.000000 0.000000
    83 -0.000002 0.000000 0.000000 0.000000 0.000000 0.000000
    84 0.000001 0.000000 0.000000 0.000000 0.000000 -0.000001
    85 0.000000 -0.000002 0.000000 0.000000 0.000000 0.000000
    86 -0.000001 0.000000 0.000000 0.000000 0.000000 0.000000
    87 -0.000001 0.000000 0.000000 0.000000 0.000000 0.000000
    88 0.000000 0.000003 0.000000 0.000000 0.000000 0.000000
    89 0.000000 0.000000 0.000000 0.000000 0.000000 0.000000
    90 -0.000001 0.000000 0.000000 -1.570797 0.000000 0.000000
  time 7
    0 -4.028097 -19.169966 -7.568192 2.142173 -1.380922 1.307971
    1 1.602392 15.810356 -4.239069 -1.570791 1.453891 -1.570792
    2 2.106979 0.000008 0.000000 0.000000 0.000000 -0.289078
    3 2.198853 0.000000 0.000001 0.005241 0.016373 -0.201464
    4 2.200351 -0.000008 0.000008 0.000465 0.001424 -0.122120
    5 2.258553 -0.000013 -0.000005 -0.007121 -0.018610 -0.113143
    6 2.304474 -0.000002 0.000001 -0.000063 0.000836 -0.151620
    7 2.754811 0.166965 -0.731880 2.565037 -1.565257 -1.570756
    8 1.602386 15.817284 3.928030 -1.570794 -1.440985 -1.570804
    9 2.106978 -0.000011 0.000000 0.000003 -0.000001 0.252912
    10 2.165398 0.000002 -0.000002 -0.042679 0.017068 0.175168
    11 2.110378 0.000002 -0.000002 0.001858 -0.005415 0.168740
    12 2.226635 -0.000013 0.000001 0.029119 -0.023216 0.128196
    13 2.304460 0.000006 -0.000004 -0.000046 -0.000684 0.123999
    14 2.813987 0.009438 -0.732745 -2.550214 -1.565257 -1.570755
    15 2.439703 10.751080 -0.106320 0.000001 0.000000 -1.570796
    16 2.040268 -2.875322 -0.052909 -0.000003 0.000000 1.570796
    17 -0.518020 2.382971 0.515877 -0.055396 -0.341920 -1.052481
    18 2.266786 16.501297 -0.311092 0.000001 0.000000 -1.570796
    19 -1.057826 -21.605829 -10.978315 1.380347 -0.448482 -2.056461
    20 2.473575 0.628721 -1.303334 2.323667 0.383178 0.380823
    21 1.832617 0.000000 -0.000004 -3.023870 -0.006009 -0.161369
    22 1.003336 0.000000 0.000003 2.903518 -0.018428 0.072555
    23 4.823799 -0.430293 -1.419616 0.116193 -0.020078 -0.166575
    24 2.187960 0.000000 -0.000011 0.050253 0.038370 1.115316
    25 1.100958 0.000008 0.000010 0.032222 -0.080343 0.490955
    26 4.987793 -0.588135 -0.482800 0.240576 -0.052109 0.178176
    27 1.890100 -0.000006 0.000004 -0.071899 0.004011 1.259310
    28 1.310925 -0.000002 0.000001 0.022851 0.076662 0.411713
    29 5.117876 -0.665211 0.445601 0.089344 -0.184785 0.608027
    30 1.655293 0.000000 0.000001 -0.039562 0.134203 1.044566
    31 0.869586 0.000004 0.000006 0.057666 -0.031828 0.217997
    32 5.150560 -0.592267 1.346776 -0.375042 -0.027942 1.219035
    33 1.157244 0.000004 0.000011 0.034830 0.039189 0.490097
    34 1.019835 0.000004 0.000011 -1.467664 -0.051051 0.396031
    35 4.682155 -2.413729 -9.650656 -1.733282 0.730815 -1.778033
    36 12.695432 -0.000005 0.000001 -0.146523 0.288271 -1.319248
    37 -8.854618 -10.882329 -11.572497 2.955226 -0.139052 -1.176578
    38 2.474129 -0.485417 -1.382847 1.349114 0.371396 -0.523342
    39 1.832172 -0.000001 0.000001 -2.638245 0.021714 0.611148
    40 1.042032 0.000000 0.000000 -2.898935 -0.187378 -0.094133
    41 4.823236 0.677341 -1.337761 0.194928 0.165945 -0.119482
    42 2.152369 -0.000003 0.000000 0.054298 -0.057794 -0.575185
    43 1.056617 0.000002 0.000000 0.224003 -0.058058 -0.539134
    44 4.985044 0.893762 -0.374954 0.052714 0.026422 -0.473278
    45 1.830180 0.000010 -0.000001 0.389985 -0.003162 -1.463776
    46 1.561353 0.000001 0.000000 0.100752 -0.050203 -1.133848
    47 5.116426 0.722720 0.545802 0.253303 0.009774 -0.925453
    48 1.752730 -0.000005 0.000000 -0.201802 0.024646 -0.948344
    49 0.869359 -0.000001 0.000000 0.036248 0.150759 -1.080583
    50 5.118731 0.342195 1.413550 -0.041671 0.154675 -1.169245
    51 1.176319 0.000005 0.000001 -0.567548 0.062509 -0.265395
    52 0.970203 0.000000 0.000002 2.156760 1.015941 -1.458550
    53 -7.508377 4.005328 -7.765135 -3.029540 0.862813 -2.521946
    54 12.706350 -0.000002 -0.000004 -0.300469 0.286604 -1.856820
    55 0.000000 0.000000 0.000000 0.000000 0.000000 0.000000
    56 1.200003 -0.000001 0.000000 0.000000 0.000000 0.000000
    57 -0.000002 -0.300000 -0.000002 -3.141593 0.000000 -0.174533
    58 0.000000 0.000000 0.000000 0.000000 0.000000 0.000000
    59 0.000000 0.000000 0.000000 -3.141593 0.000000 0.000000
    60 0.000000 0.000000 -0.000001 0.000000 0.000000 0.349066
    61 -0.000002 0.000000 -0.000001 -3.141593 0.000000 0.000000
    62 0.000000 -0.000002 -0.000003 -3.141593 0.000000 0.000000
    63 0.000000 0.000002 0.000001 -3.141593 0.000000 0.000000
    64 -0.000002 -0.000002 0.000000 -3.141593 0.000000 0.000000
    65 0.000000 0.000002 -0.000001 -3.141593 0.000000 0.000000
    66 0.000002 0.000002 0.000001 -3.141593 0.000000 0.000000
    67 -0.000003 0.000000 0.000006 -3.141593 0.000000 0.000000
    68 0.000000 0.000000 0.000000 -3.141593 0.000000 0.000000
    69 0.000000 0.000001 0.000000 -3.141592 0.000000 0.000000
    70 0.000001 0.000000 0.000008 -3.141593 0.000000 0.000000
    71 0.000000 0.000000 0.000004 -3.141593 0.000000 0.000000
    72 0.000000 -0.000001 0.000000 -1.570796 0.000000 0.000000
    73 0.000000 0.000000 0.000000 0.000000 0.000000 0.000000
    74 1.200001 -0.000001 0.000000 0.000000 0.000000 0.000000
    75 0.000000 0.300000 0.000000 0.000000 0.000000 0.174533
    76 0.000000 0.000000 0.000000 0.000000 0.000000 0.000000
    77 0.000000 0.000000 0.000000 -3.141592 0.000000 0.000000
    78 0.000000 0.000000 0.000000 0.000000 0.000000 0.349066
    79 0.000000 0.000000 0.000000 0.000000 0.000000 0.000000
    80 0.000000 -0.000001 0.000000 0.000000 0.000000 0.000000
    81 0.000000 0.000000 0.000000 0.000000 0.000000 0.000000
    82 0.000000 0.000000 0.000000 0.000000 0.000000 0.000000
    83 -0.000002 0.000000 0.000000 0.000000 0.000000 0.000000
    84 0.000001 0.000000 0.000000 0.000000 0.000000 -0.000001
    85 0.000000 -0.000002 0.000000 0.000000 0.000000 0.000000
    86 -0.000001 0.000000 0.000000 0.000000 0.000000 0.000000
    87 -0.000001 0.000000 0.000000 0.000000 0.000000 0.000000
    88 0.000000 0.000003 0.000000 0.000000 0.000000 0.000000
    89 0.000000 0.000000 0.000000 0.000000 0.000000 0.000000
    90 -0.000001 0.000000 0.000000 -1.570797 0.000000 0.000000
  time 8
    0 -3.535895 -19.001992 -8.126803 2.221271 -1.251427 1.308831
    1 1.602392 15.810356 -4.239069 -1.570791 1.453891 -1.570792
    2 2.106979 0.000008 0.000000 0.000000 0.000000 -0.289078
    3 2.198853 0.000000 0.000001 0.005241 0.016373 -0.201464
    4 2.200351 -0.000008 0.000008 0.000465 0.001424 -0.122120
    5 2.258553 -0.000013 -0.000005 -0.007121 -0.018610 -0.113143
    6 2.304474 -0.000002 0.000001 -0.000063 0.000836 -0.151620
    7 2.754811 0.166965 -0.731880 2.565037 -1.565257 -1.570792
    8 1.602386 15.817284 3.928030 -1.570794 -1.440985 -1.570804
    9 2.106978 -0.000011 0.000000 0.000003 -0.000001 0.252912
    10 2.165398 0.000002 -0.000002 -0.042679 0.017068 0.175168
    11 2.110378 0.000002 -0.000002 0.001858 -0.005415 0.168740
    12 2.226635 -0.000013 0.000001 0.029119 -0.023216 0.128196
    13 2.304460 0.000006 -0.000004 -0.000046 -0.000684 0.123999
    14 2.813987 0.009438 -0.732745 -2.550502 -1.565257 -1.570815
    15 2.439703 10.751080 -0.106320 0.000001 0.000000 -1.570796
    16 2.040268 -2.875322 -0.052909 -0.000003 0.000000 1.570796
    17 -0.518020 2.382971 0.515877 -0.055396 -0.341920 -1.052481
    18 2.266786 16.501297 -0.311092 0.000001 0.000000 -1.570796
    19 -0.546092 -21.605829 -11.400203 1.384853 -0.579063 -1.981371
    20 2.473575 0.628721 -1.303334 2.323667 0.383178 0.380823
    21 1.832617 0.000000 -0.000004 -3.023870 -0.006009 -0.161369
    22 1.003336 0.000000 0.000003 2.903518 -0.018428 0.072555
    23 4.823799 -0.430293 -1.419616 0.116193 -0.020078 -0.166575
    24 2.187960 0.000000 -0.000011 0.050253 0.038370 1.115316
    25 1.100958 0.000008 0.000010 0.032222 -0.080343 0.490955
    26 4.987793 -0.588135 -0.482800 0.240576 -0.052109 0.178176
    27 1.890100 -0.000006 0.000004 -0.071899 0.004011 1.259310
    28 1.310925 -0.000002 0.000001 0.022851 0.076662 0.411713
    29 5.117876 -0.665211 0.445601 0.089344 -0.184785 0.608027
    30 1.655293 0.000000 0.000001 -0.039562 0.134203 1.044566
    31 0.869586 0.000004 0.000006 0.057666 -0.031828 0.217997
    32 5.150560 -0.592267 1.346776 -0.375042 -0.027942 1.219035
    33 1.157244 0.000004 0.000011 0.034830 0.039189 0.490097
    34 1.019835 0.000004 0.000011 -1.467664 -0.051051 0.396031
    35 4.682155 -2.413729 -9.650656 -1.801617 0.761970 -1.795327
    36 12.695432 -0.000005 0.000001 -0.150502 0.289218 -1.333237
    37 -9.354634 -11.663603 -13.025667 2.854822 -0.224578 -1.080629
    38 2.474129 -0.485417 -1.382847 1.349114 0.371396 -0.523342
    39 1.832172 -0.000001 0.000001 -2.638245 0.021714 0.611148
    40 1.042032 0.000000 0.000000 -2.898935 -0.187378 -0.094133
    41 4.823236 0.677341 -1.337761 0.194928 0.165945 -0.119482
    42 2.152369 -0.000003 0.000000 0.054298 -0.057794 -0.575185
    43 1.056617 0.000002 0.000000 0.224003 -0.058058 -0.539134
    44 4.985044 0.893762 -0.374954 0.052714 0.026422 -0.473278
    45 1.830180 0.000010 -0.000001 0.389985 -0.003162 -1.463776
    46 1.561353 0.000001 0.000000 0.100752 -0.050203 -1.133848
    47 5.116426 0.722720 0.545802 0.253303 0.009774 -0.925453
    48 1.752730 -0.000005 0.000000 -0.201802 0.024646 -0.948344
    49 0.869359 -0.000001 0.000000 0.036248 0.150759 -1.080583
    50 5.118731 0.342195 1.413550 -0.041671 0.154675 -1.169245
    51 1.176319 0.000005 0.000001 -0.567548 0.062509 -0.265395
    52 0.970203 0.000000 0.000002 2.156760 1.015941 -1.458550
    53 -7.508377 4.005328 -8.808136 -3.085952 0.784113 -2.537436
    54 12.706350 -0.000002 -0.000004 -0.273535 0.292896 -1.762660
    55 0.000000 0.000000 0.000000 0.000000 0.000000 0.000000
    56 1.200003 -0.000001 0.000000 0.000000 0.000000 0.000000
    57 -0.000002 -0.300000 -0.000002 -3.141593 0.000000 -0.174533
    58 0.000000 0.000000 0.000000 0.000000 0.000000 0.000000
    59 0.000000 0.000000 0.000000 -3.141593 0.000000 0.000000
    60 0.000000 0.000000 -0.000001 0.000000 0.000000 0.349066
    61 -0.000002 0.000000 -0.000001 -3.141593 0.000000 0.000000
    62 0.000000 -0.000002 -0.000003 -3.141593 0.000000 0.000000
    63 0.000000 0.000002 0.000001 -3.141593 0.000000 0.000000
    64 -0.000002 -0.000002 0.000000 -3.141593 0.000000 0.000000
    65 0.000000 0.000002 -0.000001 -3.141593 0.000000 0.000000
    66 0.000002 0.000002 0.000001 -3.141593 0.000000 0.000000
    67 -0.000003 0.000000 0.000006 -3.141593 0.000000 0.000000
    68 0.000000 0.000000 0.000000 -3.141593 0.000000 0.000000
    69 0.000000 0.000001 0.000000 -3.141592 0.000000 0.000000
    70 0.000001 0.000000 0.000008 -3.141593 0.000000 0.000000
    71 0.000000 0.000000 0.000004 -3.141593 0.000000 0.000000
    72 0.000000 -0.000001 0.000000 -1.570796 0.000000 0.000000
    73 0.000000 0.000000 0.000000 0.000000 0.000000 0.000000
    74 1.200001 -0.000001 0.000000 0.000000 0.000000 0.000000
    75 0.000000 0.300000 0.000000 0.000000 0.000000 0.174533
    76 0.000000 0.000000 0.000000 0.000000 0.000000 0.000000
    77 0.000000 0.000000 0.000000 -3.141592 0.000000 0.000000
    78 0.000000 0.000000 0.000000 0.000000 0.000000 0.349066
    79 0.000000 0.000000 0.000000 0.000000 0.000000 0.000000
    80 0.000000 -0.000001 0.000000 0.000000 0.000000 0.000000
    81 0.000000 0.000000 0.000000 0.000000 0.000000 0.000000
    82 0.000000 0.000000 0.000000 0.000000 0.000000 0.000000
    83 -0.000002 0.000000 0.000000 0.000000 0.000000 0.000000
    84 0.000001 0.000000 0.000000 0.000000 0.000000 -0.000001
    85 0.000000 -0.000002 0.000000 0.000000 0.000000 0.000000
    86 -0.000001 0.000000 0.000000 0.000000 0.000000 0.000000
    87 -0.000001 0.000000 0.000000 0.000000 0.000000 0.000000
    88 0.000000 0.000003 0.000000 0.000000 0.000000 0.000000
    89 0.000000 0.000000 0.000000 0.000000 0.000000 0.000000
    90 -0.000001 0.000000 0.000000 -1.570797 0.000000 0.000000
  time 9
    0 -3.039786 -18.834018 -8.681508 2.272757 -1.116355 1.339487
    1 1.602392 15.810356 -4.239069 -1.570791 1.453891 -1.570792
    2 2.106979 0.000008 0.000000 0.000000 0.000000 -0.289078
    3 2.198853 0.000000 0.000001 0.005241 0.016373 -0.201464
    4 2.200351 -0.000008 0.000008 0.000465 0.001424 -0.122120
    5 2.258553 -0.000013 -0.000005 -0.007121 -0.018610 -0.113143
    6 2.304474 -0.000002 0.000001 -0.000063 0.000836 -0.151620
    7 2.754811 0.166965 -0.731880 2.565037 -1.565257 -1.570780
    8 1.602386 15.817284 3.928030 -1.570794 -1.440985 -1.570804
    9 2.106978 -0.000011 0.000000 0.000003 -0.000001 0.252912
    10 2.165398 0.000002 -0.000002 -0.042679 0.017068 0.175168
    11 2.110378 0.000002 -0.000002 0.001858 -0.005415 0.168740
    12 2.226635 -0.000013 0.000001 0.029119 -0.023216 0.128196
    13 2.304460 0.000006 -0.000004 -0.000046 -0.000684 0.123999
    14 2.813987 0.009438 -0.732745 -2.550310 -1.565257 -1.570755
    15 2.439703 10.751080 -0.106320 0.000001 0.000000 -1.570796
    16 2.040268 -2.875322 -0.052909 -0.000003 0.000000 1.570796
    17 -0.518020 2.382971 0.515877 -0.055396 -0.341920 -1.052481
    18 2.266786 16.501297 -0.311092 0.000001 0.000000 -1.570796
    19 -0.007013 -21.605829 -11.771308 1.381306 -0.715494 -1.900441
    20 2.473575 0.628721 -1.303334 2.323667 0.383178 0.380823
    21 1.832617 0.000000 -0.000004 -3.023870 -0.006009 -0.161369
    22 1.003336 0.000000 0.000003 2.903518 -0.018428 0.072555
    23 4.823799 -0.430293 -1.419616 0.116193 -0.020078 -0.166575
    24 2.187960 0.000000 -0.000011 0.050253 0.038370 1.115316
    25 1.100958 0.000008 0.000010 0.032222 -0.080343 0.490955
    26 4.987793 -0.588135 -0.482800 0.240576 -0.052109 0.178176
    27 1.890100 -0.000006 0.000004 -0.071899 0.004011 1.259310
    28 1.310925 -0.000002 0.000001 0.022851 0.076662 0.411713
    29 5.117876 -0.665211 0.445601 0.089344 -0.184785 0.608027
    30 1.655293 0.000000 0.000001 -0.039562 0.134203 1.044566
    31 0.869586 0.000004 0.000006 0.057666 -0.031828 0.217997
    32 5.150560 -0.592267 1.346776 -0.375042 -0.027942 1.219035
    33 1.157244 0.000004 0.000011 0.034830 0.039189 0.490097
    34 1.019835 0.000004 0.000011 -1.467664 -0.051051 0.396031
    35 4.682155 -2.413729 -9.650656 -1.876239 0.788437 -1.816287
    36 12.695432 -0.000005 0.000001 -0.154217 0.290057 -1.346213
    37 -9.831211 -12.663634 -14.353832 2.741220 -0.305754 -0.972137
    38 2.474129 -0.485417 -1.382847 1.349114 0.371396 -0.523342
    39 1.832172 -0.000001 0.000001 -2.638245 0.021714 0.611148
    40 1.042032 0.000000 0.000000 -2.898935 -0.187378 -0.094133
    41 4.823236 0.677341 -1.337761 0.194928 0.165945 -0.119482
    42 2.152369 -0.000003 0.000000 0.054298 -0.057794 -0.575185
    43 1.056617 0.000002 0.000000 0.224003 -0.058058 -0.539134
    44 4.985044 0.893762 -0.374954 0.052714 0.026422 -0.473278
    45 1.830180 0.000010 -0.000001 0.389985 -0.003162 -1.463776
    46 1.561353 0.000001 0.000000 0.100752 -0.050203 -1.133848
    47 5.116426 0.722720 0.545802 0.253303 0.009774 -0.925453
    48 1.752730 -0.000005 0.000000 -0.201802 0.024646 -0.948344
    49 0.869359 -0.000001 0.000000 0.036248 0.150759 -1.080583
    50 5.118731 0.342195 1.413550 -0.041671 0.154675 -1.169245
    51 1.176319 0.000005 0.000001 -0.567548 0.062509 -0.265395
    52 0.970203 0.000000 0.000002 2.156760 1.015941 -1.458550
    53 -7.508377 4.005328 -9.870668 -3.096390 0.715400 -2.508736
    54 12.706350 -0.000002 -0.000004 -0.239093 0.297331 -1.644406
    55 0.000000 0.000000 0.000000 0.000000 0.000000 0.000000
    56 1.200003 -0.000001 0.000000 0.000000 0.000000 0.000000
    57 -0.000002 -0.300000 -0.000002 -3.141593 0.000000 -0.174533
    58 0.000000 0.000000 0.000000 0.000000 0.000000 0.000000
    59 0.000000 0.000000 0.000000 -3.141593 0.000000 0.000000
    60 0.000000 0.000000 -0.000001 0.000000 0.000000 0.349066
    61 -0.000002 0.000000 -0.000001 -3.141593 0.000000 0.000000
    62 0.000000 -0.000002 -0.000003 -3.141593 0.000000 0.000000
    63 0.000000 0.000002 0.000001 -3.141593 0.000000 0.000000
    64 -0.000002 -0.000002 0.000000 -3.141593 0.000000 0.000000
    65 0.000000 0.000002 -0.000001 -3.141593 0.000000 0.000000
    66 0.000002 0.000002 0.000001 -3.141593 0.000000 0.000000
    67 -0.000003 0.000000 0.000006 -3.141593 0.000000 0.000000
    68 0.000000 0.000000 0.000000 -3.141593 0.000000 0.000000
    69 0.000000 0.000001 0.000000 -3.141592 0.000000 0.000000
    70 0.000001 0.000000 0.000008 -3.141593 0.000000 0.000000
    71 0.000000 0.000000 0.000004 -3.141593 0.000000 0.000000
    72 0.000000 -0.000001 0.000000 -1.570796 0.000000 0.000000
    73 0.000000 0.000000 0.000000 0.000000 0.000000 0.000000
    74 1.200001 -0.000001 0.000000 0.000000 0.000000 0.000000
    75 0.000000 0.300000 0.000000 0.000000 0.000000 0.174533
    76 0.000000 0.000000 0.000000 0.000000 0.000000 0.000000
    77 0.000000 0.000000 0.000000 -3.141592 0.000000 0.000000
    78 0.000000 0.000000 0.000000 0.000000 0.000000 0.349066
    79 0.000000 0.000000 0.000000 0.000000 0.000000 0.000000
    80 0.000000 -0.000001 0.000000 0.000000 0.000000 0.000000
    81 0.000000 0.000000 0.000000 0.000000 0.000000 0.000000
    82 0.000000 0.000000 0.000000 0.000000 0.000000 0.000000
    83 -0.000002 0.000000 0.000000 0.000000 0.000000 0.000000
    84 0.000001 0.000000 0.000000 0.000000 0.000000 -0.000001
    85 0.000000 -0.000002 0.000000 0.000000 0.000000 0.000000
    86 -0.000001 0.000000 0.000000 0.000000 0.000000 0.000000
    87 -0.000001 0.000000 0.000000 0.000000 0.000000 0.000000
    88 0.000000 0.000003 0.000000 0.000000 0.000000 0.000000
    89 0.000000 0.000000 0.000000 0.000000 0.000000 0.000000
    90 -0.000001 0.000000 0.000000 -1.570797 0.000000 0.000000
  time 10
    0 -2.574928 -18.677763 -9.165897 2.310916 -0.991163 1.381413
    1 1.602392 15.810356 -4.239069 -1.570791 1.453891 -1.570792
    2 2.106979 0.000008 0.000000 0.000000 0.000000 -0.289078
    3 2.198853 0.000000 0.000001 0.005241 0.016373 -0.201464
    4 2.200351 -0.000008 0.000008 0.000465 0.001424 -0.122120
    5 2.258553 -0.000013 -0.000005 -0.007121 -0.018610 -0.113143
    6 2.304474 -0.000002 0.000001 -0.000063 0.000836 -0.151620
    7 2.754811 0.166965 -0.731880 2.565037 -1.565257 -1.570756
    8 1.602386 15.817284 3.928030 -1.570794 -1.440985 -1.570804
    9 2.106978 -0.000011 0.000000 0.000003 -0.000001 0.252912
    10 2.165398 0.000002 -0.000002 -0.042679 0.017068 0.175168
    11 2.110378 0.000002 -0.000002 0.001858 -0.005415 0.168740
    12 2.226635 -0.000013 0.000001 0.029119 -0.023216 0.128196
    13 2.304460 0.000006 -0.000004 -0.000046 -0.000684 0.123999
    14 2.813987 0.009438 -0.732745 -2.550406 -1.565257 -1.570910
    15 2.439703 10.751080 -0.106320 0.000001 0.000000 -1.570796
    16 2.040268 -2.875322 -0.052909 -0.000003 0.000000 1.570796
    17 -0.518020 2.382971 0.515877 -0.055396 -0.341920 -1.052481
    18 2.266786 16.501297 -0.311092 0.000001 0.000000 -1.570796
    19 0.535973 -21.570672 -12.060379 1.368843 -0.841861 -1.816359
    20 2.473575 0.628721 -1.303334 2.323667 0.383178 0.380823
    21 1.832617 0.000000 -0.000004 -3.023870 -0.006009 -0.161369
    22 1.003336 0.000000 0.000003 2.903518 -0.018428 0.072555
    23 4.823799 -0.430293 -1.419616 0.116193 -0.020078 -0.166575
    24 2.187960 0.000000 -0.000011 0.050253 0.038370 1.115316
    25 1.100958 0.000008 0.000010 0.032222 -0.080343 0.490955
    26 4.987793 -0.588135 -0.482800 0.240576 -0.052109 0.178176
    27 1.890100 -0.000006 0.000004 -0.071899 0.004011 1.259310
    28 1.310925 -0.000002 0.000001 0.022851 0.076662 0.411713
    29 5.117876 -0.665211 0.445601 0.089344 -0.184785 0.608027
    30 1.655293 0.000000 0.000001 -0.039562 0.134203 1.044566
    31 0.869586 0.000004 0.000006 0.057666 -0.031828 0.217997
    32 5.150560 -0.592267 1.346776 -0.375042 -0.027942 1.219035
    33 1.157244 0.000004 0.000011 0.034830 0.039189 0.490097
    34 1.019835 0.000004 0.000011 -1.467664 -0.051051 0.396031
    35 4.682155 -2.413729 -9.650656 -1.952136 0.809671 -1.838186
    36 12.695432 -0.000005 0.000001 -0.158591 0.290920 -1.361526
    37 -10.174971 -13.753511 -15.420271 2.627194 -0.372661 -0.859084
    38 2.474129 -0.485417 -1.382847 1.349114 0.371396 -0.523342
    39 1.832172 -0.000001 0.000001 -2.638245 0.021714 0.611148
    40 1.042032 0.000000 0.000000 -2.898935 -0.187378 -0.094133
    41 4.823236 0.677341 -1.337761 0.194928 0.165945 -0.119482
    42 2.152369 -0.000003 0.000000 0.054298 -0.057794 -0.575185
    43 1.056617 0.000002 0.000000 0.224003 -0.058058 -0.539134
    44 4.985044 0.893762 -0.374954 0.052714 0.026422 -0.473278
    45 1.830180 0.000010 -0.000001 0.389985 -0.003162 -1.463776
    46 1.561353 0.000001 0.000000 0.100752 -0.050203 -1.133848
    47 5.116426 0.722720 0.545802 0.253303 0.009774 -0.925453
    48 1.752730 -0.000005 0.000000 -0.201802 0.024646 -0.948344
    49 0.869359 -0.000001 0.000000 0.036248 0.150759 -1.080583
    50 5.118731 0.342195 1.413550 -0.041671 0.154675 -1.169245
    51 1.176319 0.000005 0.000001 -0.567548 0.062509 -0.265395
    52 0.970203 0.000000 0.000002 2.156760 1.015941 -1.458550
    53 -7.508377 4.005328 -10.909762 -3.061929 0.663979 -2.446869
    54 12.706350 -0.000002 -0.000004 -0.201784 0.297654 -1.517459
    55 0.000000 0.000000 0.000000 0.000000 0.000000 0.000000
    56 1.200003 -0.000001 0.000000 0.000000 0.000000 0.000000
    57 -0.000002 -0.300000 -0.000002 -3.141593 0.000000 -0.174533
    58 0.000000 0.000000 0.000000 0.000000 0.000000 0.000000
    59 0.000000 0.000000 0.000000 -3.141593 0.000000 0.000000
    60 0.000000 0.000000 -0.000001 0.000000 0.000000 0.349066
    61 -0.000002 0.000000 -0.000001 -3.141593 0.000000 0.000000
    62 0.000000 -0.000002 -0.000003 -3.141593 0.000000 0.000000
    63 0.000000 0.000002 0.000001 -3.141593 0.000000 0.000000
    64 -0.000002 -0.000002 0.000000 -3.141593 0.000000 0.000000
    65 0.000000 0.000002 -0.000001 -3.141593 0.000000 0.000000
    66 0.000002 0.000002 0.000001 -3.141593 0.000000 0.000000
    67 -0.000003 0.000000 0.000006 -3.141593 0.000000 0.000000
    68 0.000000 0.000000 0.000000 -3.141593 0.000000 0.000000
    69 0.000000 0.000001 0.000000 -3.141592 0.000000 0.000000
    70 0.000001 0.000000 0.000008 -3.141593 0.000000 0.000000
    71 0.000000 0.000000 0.000004 -3.141593 0.000000 0.000000
    72 0.000000 -0.000001 0.000000 -1.570796 0.000000 0.000000
    73 0.000000 0.000000 0.000000 0.000000 0.000000 0.000000
    74 1.200001 -0.000001 0.000000 0.000000 0.000000 0.000000
    75 0.000000 0.300000 0.000000 0.000000 0.000000 0.174533
    76 0.000000 0.000000 0.000000 0.000000 0.000000 0.000000
    77 0.000000 0.000000 0.000000 -3.141592 0.000000 0.000000
    78 0.000000 0.000000 0.000000 0.000000 0.000000 0.349066
    79 0.000000 0.000000 0.000000 0.000000 0.000000 0.000000
    80 0.000000 -0.000001 0.000000 0.000000 0.000000 0.000000
    81 0.000000 0.000000 0.000000 0.000000 0.000000 0.000000
    82 0.000000 0.000000 0.000000 0.000000 0.000000 0.000000
    83 -0.000002 0.000000 0.000000 0.000000 0.000000 0.000000
    84 0.000001 0.000000 0.000000 0.000000 0.000000 -0.000001
    85 0.000000 -0.000002 0.000000 0.000000 0.000000 0.000000
    86 -0.000001 0.000000 0.000000 0.000000 0.000000 0.000000
    87 -0.000001 0.000000 0.000000 0.000000 0.000000 0.000000
    88 0.000000 0.000003 0.000000 0.000000 0.000000 0.000000
    89 0.000000 0.000000 0.000000 0.000000 0.000000 0.000000
    90 -0.000001 0.000000 0.000000 -1.570797 0.000000 0.000000
  time 11
    0 -2.160853 -18.537134 -9.533096 2.338816 -0.887400 1.427159
    1 1.602392 15.810356 -4.239069 -1.570791 1.453891 -1.570792
    2 2.106979 0.000008 0.000000 0.000000 0.000000 -0.289078
    3 2.198853 0.000000 0.000001 0.005241 0.016373 -0.201464
    4 2.200351 -0.000008 0.000008 0.000465 0.001424 -0.122120
    5 2.258553 -0.000013 -0.000005 -0.007121 -0.018610 -0.113143
    6 2.304474 -0.000002 0.000001 -0.000063 0.000836 -0.151620
    7 2.754811 0.166965 -0.731880 2.565037 -1.565257 -1.570768
    8 1.602386 15.817284 3.928030 -1.570794 -1.440985 -1.570804
    9 2.106978 -0.000011 0.000000 0.000003 -0.000001 0.252912
    10 2.165398 0.000002 -0.000002 -0.042679 0.017068 0.175168
    11 2.110378 0.000002 -0.000002 0.001858 -0.005415 0.168740
    12 2.226635 -0.000013 0.000001 0.029119 -0.023216 0.128196
    13 2.304460 0.000006 -0.000004 -0.000046 -0.000684 0.123999
    14 2.813987 0.009438 -0.732745 -2.550310 -1.565257 -1.570934
    15 2.439703 10.751080 -0.106320 0.000001 0.000000 -1.570796
    16 2.040268 -2.875322 -0.052909 -0.000003 0.000000 1.570796
    17 -0.518020 2.382971 0.515877 -0.055396 -0.341920 -1.052481
    18 2.266786 16.501297 -0.311092 0.000001 0.000000 -1.570796
    19 1.055520 -21.496451 -12.240072 1.348807 -0.946167 -1.732648
    20 2.473575 0.628721 -1.303334 2.323667 0.383178 0.380823
    21 1.832617 0.000000 -0.000004 -3.023870 -0.006009 -0.161369
    22 1.003336 0.000000 0.000003 2.903518 -0.018428 0.072555
    23 4.823799 -0.430293 -1.419616 0.116193 -0.020078 -0.166575
    24 2.187960 0.000000 -0.000011 0.050253 0.038370 1.115316
    25 1.100958 0.000008 0.000010 0.032222 -0.080343 0.490955
    26 4.987793 -0.588135 -0.482800 0.240576 -0.052109 0.178176
    27 1.890100 -0.000006 0.000004 -0.071899 0.004011 1.259310
    28 1.310925 -0.000002 0.000001 0.022851 0.076662 0.411713
    29 5.117876 -0.665211 0.445601 0.089344 -0.184785 0.608027
    30 1.655293 0.000000 0.000001 -0.039562 0.134203 1.044566
    31 0.869586 0.000004 0.000006 0.057666 -0.031828 0.217997
    32 5.150560 -0.592267 1.346776 -0.375042 -0.027942 1.219035
    33 1.157244 0.000004 0.000011 0.034830 0.039189 0.490097
    34 1.019835 0.000004 0.000011 -1.467664 -0.051051 0.396031
    35 4.682155 -2.413729 -9.650656 -2.025300 0.825793 -1.861120
    36 12.695432 -0.000005 0.000001 -0.164356 0.292070 -1.381322
    37 -10.424979 -14.796511 -16.158575 2.526323 -0.421471 -0.751895
    38 2.474129 -0.485417 -1.382847 1.349114 0.371396 -0.523342
    39 1.832172 -0.000001 0.000001 -2.638245 0.021714 0.611148
    40 1.042032 0.000000 0.000000 -2.898935 -0.187378 -0.094133
    41 4.823236 0.677341 -1.337761 0.194928 0.165945 -0.119482
    42 2.152369 -0.000003 0.000000 0.054298 -0.057794 -0.575185
    43 1.056617 0.000002 0.000000 0.224003 -0.058058 -0.539134
    44 4.985044 0.893762 -0.374954 0.052714 0.026422 -0.473278
    45 1.830180 0.000010 -0.000001 0.389985 -0.003162 -1.463776
    46 1.561353 0.000001 0.000000 0.100752 -0.050203 -1.133848
    47 5.116426 0.722720 0.545802 0.253303 0.009774 -0.925453
    48 1.752730 -0.000005 0.000000 -0.201802 0.024646 -0.948344
    49 0.869359 -0.000001 0.000000 0.036248 0.150759 -1.080583
    50 5.118731 0.342195 1.413550 -0.041671 0.154675 -1.169245
    51 1.176319 0.000005 0.000001 -0.567548 0.062509 -0.265395
    52 0.970203 0.000000 0.000002 2.156760 1.015941 -1.458550
    53 -7.508377 4.005328 -11.886355 -2.996154 0.624943 -2.369892
    54 12.706350 -0.000002 -0.000004 -0.166637 0.293855 -1.396988
    55 0.000000 0.000000 0.000000 0.000000 0.000000 0.000000
    56 1.200003 -0.000001 0.000000 0.000000 0.000000 0.000000
    57 -0.000002 -0.300000 -0.000002 -3.141593 0.000000 -0.174533
    58 0.000000 0.000000 0.000000 0.000000 0.000000 0.000000
    59 0.000000 0.000000 0.000000 -3.141593 0.000000 0.000000
    60 0.000000 0.000000 -0.000001 0.000000 0.000000 0.349066
    61 -0.000002 0.000000 -0.000001 -3.141593 0.000000 0.000000
    62 0.000000 -0.000002 -0.000003 -3.141593 0.000000 0.000000
    63 0.000000 0.000002 0.000001 -3.141593 0.000000 0.000000
    64 -0.000002 -0.000002 0.000000 -3.141593 0.000000 0.000000
    65 0.000000 0.000002 -0.000001 -3.141593 0.000000 0.000000
    66 0.000002 0.000002 0.000001 -3.141593 0.000000 0.000000
    67 -0.000003 0.000000 0.000006 -3.141593 0.000000 0.000000
    68 0.000000 0.000000 0.000000 -3.141593 0.000000 0.000000
    69 0.000000 0.000001 0.000000 -3.141592 0.000000 0.000000
    70 0.000001 0.000000 0.000008 -3.141593 0.000000 0.000000
    71 0.000000 0.000000 0.000004 -3.141593 0.000000 0.000000
    72 0.000000 -0.000001 0.000000 -1.570796 0.000000 0.000000
    73 0.000000 0.000000 0.000000 0.000000 0.000000 0.000000
    74 1.200001 -0.000001 0.000000 0.000000 0.000000 0.000000
    75 0.000000 0.300000 0.000000 0.000000 0.000000 0.174533
    76 0.000000 0.000000 0.000000 0.000000 0.000000 0.000000
    77 0.000000 0.000000 0.000000 -3.141592 0.000000 0.000000
    78 0.000000 0.000000 0.000000 0.000000 0.000000 0.349066
    79 0.000000 0.000000 0.000000 0.000000 0.000000 0.000000
    80 0.000000 -0.000001 0.000000 0.000000 0.000000 0.000000
    81 0.000000 0.000000 0.000000 0.000000 0.000000 0.000000
    82 0.000000 0.000000 0.000000 0.000000 0.000000 0.000000
    83 -0.000002 0.000000 0.000000 0.000000 0.000000 0.000000
    84 0.000001 0.000000 0.000000 0.000000 0.000000 -0.000001
    85 0.000000 -0.000002 0.000000 0.000000 0.000000 0.000000
    86 -0.000001 0.000000 0.000000 0.000000 0.000000 0.000000
    87 -0.000001 0.000000 0.000000 0.000000 0.000000 0.000000
    88 0.000000 0.000003 0.000000 0.000000 0.000000 0.000000
    89 0.000000 0.000000 0.000000 0.000000 0.000000 0.000000
    90 -0.000001 0.000000 0.000000 -1.570797 0.000000 0.000000
  time 12
    0 -1.809279 -18.416037 -9.767478 2.355978 -0.810950 1.474242
    1 1.602392 15.810356 -4.239069 -1.570791 1.453891 -1.570792
    2 2.106979 0.000008 0.000000 0.000000 0.000000 -0.289078
    3 2.198853 0.000000 0.000001 0.005241 0.016373 -0.201464
    4 2.200351 -0.000008 0.000008 0.000465 0.001424 -0.122120
    5 2.258553 -0.000013 -0.000005 -0.007121 -0.018610 -0.113143
    6 2.304474 -0.000002 0.000001 -0.000063 0.000836 -0.151620
    7 2.754811 0.166965 -0.731880 2.565037 -1.565257 -1.570660
    8 1.602386 15.817284 3.928030 -1.570794 -1.440985 -1.570804
    9 2.106978 -0.000011 0.000000 0.000003 -0.000001 0.252912
    10 2.165398 0.000002 -0.000002 -0.042679 0.017068 0.175168
    11 2.110378 0.000002 -0.000002 0.001858 -0.005415 0.168740
    12 2.226635 -0.000013 0.000001 0.029119 -0.023216 0.128196
    13 2.304460 0.000006 -0.000004 -0.000046 -0.000684 0.123999
    14 2.813987 0.009438 -0.732745 -2.550406 -1.565257 -1.570887
    15 2.439703 10.751080 -0.106320 0.000001 0.000000 -1.570796
    16 2.040268 -2.875322 -0.052909 -0.000003 0.000000 1.570796
    17 -0.518020 2.382971 0.515877 -0.055396 -0.341920 -1.052481
    18 2.266786 16.501297 -0.311092 0.000001 0.000000 -1.570796
    19 1.532097 -21.375353 -12.318199 1.328387 -1.022711 -1.655889
    20 2.473575 0.628721 -1.303334 2.323667 0.383178 0.380823
    21 1.832617 0.000000 -0.000004 -3.023870 -0.006009 -0.161369
    22 1.003336 0.000000 0.000003 2.903518 -0.018428 0.072555
    23 4.823799 -0.430293 -1.419616 0.116193 -0.020078 -0.166575
    24 2.187960 0.000000 -0.000011 0.050253 0.038370 1.115316
    25 1.100958 0.000008 0.000010 0.032222 -0.080343 0.490955
    26 4.987793 -0.588135 -0.482800 0.240576 -0.052109 0.178176
    27 1.890100 -0.000006 0.000004 -0.071899 0.004011 1.259310
    28 1.310925 -0.000002 0.000001 0.022851 0.076662 0.411713
    29 5.117876 -0.665211 0.445601 0.089344 -0.184785 0.608027
    30 1.655293 0.000000 0.000001 -0.039562 0.134203 1.044566
    31 0.869586 0.000004 0.000006 0.057666 -0.031828 0.217997
    32 5.150560 -0.592267 1.346776 -0.375042 -0.027942 1.219035
    33 1.157244 0.000004 0.000011 0.034830 0.039189 0.490097
    34 1.019835 0.000004 0.000011 -1.467664 -0.051051 0.396031
    35 4.682155 -2.413729 -9.650656 -2.090537 0.837136 -1.881421
    36 12.695432 -0.000005 0.000001 -0.171283 0.293257 -1.405598
    37 -10.518732 -15.687164 -16.599994 2.448983 -0.454098 -0.659286
    38 2.474129 -0.485417 -1.382847 1.349114 0.371396 -0.523342
    39 1.832172 -0.000001 0.000001 -2.638245 0.021714 0.611148
    40 1.042032 0.000000 0.000000 -2.898935 -0.187378 -0.094133
    41 4.823236 0.677341 -1.337761 0.194928 0.165945 -0.119482
    42 2.152369 -0.000003 0.000000 0.054298 -0.057794 -0.575185
    43 1.056617 0.000002 0.000000 0.224003 -0.058058 -0.539134
    44 4.985044 0.893762 -0.374954 0.052714 0.026422 -0.473278
    45 1.830180 0.000010 -0.000001 0.389985 -0.003162 -1.463776
    46 1.561353 0.000001 0.000000 0.100752 -0.050203 -1.133848
    47 5.116426 0.722720 0.545802 0.253303 0.009774 -0.925453
    48 1.752730 -0.000005 0.000000 -0.201802 0.024646 -0.948344
    49 0.869359 -0.000001 0.000000 0.036248 0.150759 -1.080583
    50 5.118731 0.342195 1.413550 -0.041671 0.154675 -1.169245
    51 1.176319 0.000005 0.000001 -0.567548 0.062509 -0.265395
    52 0.970203 0.000000 0.000002 2.156760 1.015941 -1.458550
    53 -7.508377 4.005328 -12.757475 -2.898527 0.602514 -2.285122
    54 12.706350 -0.000002 -0.000004 -0.137298 0.287359 -1.294602
    55 0.000000 0.000000 0.000000 0.000000 0.000000 0.000000
    56 1.200003 -0.000001 0.000000 0.000000 0.000000 0.000000
    57 -0.000002 -0.300000 -0.000002 -3.141593 0.000000 -0.174533
    58 0.000000 0.000000 0.000000 0.000000 0.000000 0.000000
    59 0.000000 0.000000 0.000000 -3.141593 0.000000 0.000000
    60 0.000000 0.000000 -0.000001 0.000000 0.000000 0.349066
    61 -0.000002 0.000000 -0.000001 -3.141593 0.000000 0.000000
    62 0.000000 -0.000002 -0.000003 -3.141593 0.000000 0.000000
    63 0.000000 0.000002 0.000001 -3.141593 0.000000 0.000000
    64 -0.000002 -0.000002 0.000000 -3.141593 0.000000 0.000000
    65 0.000000 0.000002 -0.000001 -3.141593 0.000000 0.000000
    66 0.000002 0.000002 0.000001 -3.141593 0.000000 0.000000
    67 -0.000003 0.000000 0.000006 -3.141593 0.000000 0.000000
    68 0.000000 0.000000 0.000000 -3.141593 0.000000 0.000000
    69 0.000000 0.000001 0.000000 -3.141592 0.000000 0.000000
    70 0.000001 0.000000 0.000008 -3.141593 0.000000 0.000000
    71 0.000000 0.000000 0.000004 -3.141593 0.000000 0.000000
    72 0.000000 -0.000001 0.000000 -1.570796 0.000000 0.000000
    73 0.000000 0.000000 0.000000 0.000000 0.000000 0.000000
    74 1.200001 -0.000001 0.000000 0.000000 0.000000 0.000000
    75 0.000000 0.300000 0.000000 0.000000 0.000000 0.174533
    76 0.000000 0.000000 0.000000 0.000000 0.000000 0.000000
    77 0.000000 0.000000 0.000000 -3.141592 0.000000 0.000000
    78 0.000000 0.000000 0.000000 0.000000 0.000000 0.349066
    79 0.000000 0.000000 0.000000 0.000000 0.000000 0.000000
    80 0.000000 -0.000001 0.000000 0.000000 0.000000 0.000000
    81 0.000000 0.000000 0.000000 0.000000 0.000000 0.000000
    82 0.000000 0.000000 0.000000 0.000000 0.000000 0.000000
    83 -0.000002 0.000000 0.000000 0.000000 0.000000 0.000000
    84 0.000001 0.000000 0.000000 0.000000 0.000000 -0.000001
    85 0.000000 -0.000002 0.000000 0.000000 0.000000 0.000000
    86 -0.000001 0.000000 0.000000 0.000000 0.000000 0.000000
    87 -0.000001 0.000000 0.000000 0.000000 0.000000 0.000000
    88 0.000000 0.000003 0.000000 0.000000 0.000000 0.000000
    89 0.000000 0.000000 0.000000 0.000000 0.000000 0.000000
    90 -0.000001 0.000000 0.000000 -1.570797 0.000000 0.000000
  time 13
    0 -1.520208 -18.318377 -9.837793 2.362977 -0.762779 1.520179
    1 1.602392 15.810356 -4.239069 -1.570791 1.453891 -1.570792
    2 2.106979 0.000008 0.000000 0.000000 0.000000 -0.289078
    3 2.198853 0.000000 0.000001 0.005241 0.016373 -0.201464
    4 2.200351 -0.000008 0.000008 0.000465 0.001424 -0.122120
    5 2.258553 -0.000013 -0.000005 -0.007121 -0.018610 -0.113143
    6 2.304474 -0.000002 0.000001 -0.000063 0.000836 -0.151620
    7 2.754811 0.166965 -0.731880 2.565037 -1.565257 -1.570768
    8 1.602386 15.817284 3.928030 -1.570794 -1.440985 -1.570804
    9 2.106978 -0.000011 0.000000 0.000003 -0.000001 0.252912
    10 2.165398 0.000002 -0.000002 -0.042679 0.017068 0.175168
    11 2.110378 0.000002 -0.000002 0.001858 -0.005415 0.168740
    12 2.226635 -0.000013 0.000001 0.029119 -0.023216 0.128196
    13 2.304460 0.000006 -0.000004 -0.000046 -0.000684 0.123999
    14 2.813987 0.009438 -0.732745 -2.550310 -1.565257 -1.570743
    15 2.439703 10.751080 -0.106320 0.000001 0.000000 -1.570796
    16 2.040268 -2.875322 -0.052909 -0.000003 0.000000 1.570796
    17 -0.518020 2.382971 0.515877 -0.055396 -0.341920 -1.052481
    18 2.266786 16.501297 -0.311092 0.000001 0.000000 -1.570796
    19 1.950078 -21.223005 -12.283042 1.316595 -1.070551 -1.594149
    20 2.473575 0.628721 -1.303334 2.323667 0.383178 0.380823
    21 1.832617 0.000000 -0.000004 -3.023870 -0.006009 -0.161369
    22 1.003336 0.000000 0.000003 2.903518 -0.018428 0.072555
    23 4.823799 -0.430293 -1.419616 0.116193 -0.020078 -0.166575
    24 2.187960 0.000000 -0.000011 0.050253 0.038370 1.115316
    25 1.100958 0.000008 0.000010 0.032222 -0.080343 0.490955
    26 4.987793 -0.588135 -0.482800 0.240576 -0.052109 0.178176
    27 1.890100 -0.000006 0.000004 -0.071899 0.004011 1.259310
    28 1.310925 -0.000002 0.000001 0.022851 0.076662 0.411713
    29 5.117876 -0.665211 0.445601 0.089344 -0.184785 0.608027
    30 1.655293 0.000000 0.000001 -0.039562 0.134203 1.044566
    31 0.869586 0.000004 0.000006 0.057666 -0.031828 0.217997
    32 5.150560 -0.592267 1.346776 -0.375042 -0.027942 1.219035
    33 1.157244 0.000004 0.000011 0.034830 0.039189 0.490097
    34 1.019835 0.000004 0.000011 -1.467664 -0.051051 0.396031
    35 4.682155 -2.413729 -9.650656 -2.145570 0.844093 -1.899373
    36 12.695432 -0.000005 0.000001 -0.179229 0.294443 -1.432757
    37 -10.518732 -16.374685 -16.803126 2.400351 -0.474849 -0.586062
    38 2.474129 -0.485417 -1.382847 1.349114 0.371396 -0.523342
    39 1.832172 -0.000001 0.000001 -2.638245 0.021714 0.611148
    40 1.042032 0.000000 0.000000 -2.898935 -0.187378 -0.094133
    41 4.823236 0.677341 -1.337761 0.194928 0.165945 -0.119482
    42 2.152369 -0.000003 0.000000 0.054298 -0.057794 -0.575185
    43 1.056617 0.000002 0.000000 0.224003 -0.058058 -0.539134
    44 4.985044 0.893762 -0.374954 0.052714 0.026422 -0.473278
    45 1.830180 0.000010 -0.000001 0.389985 -0.003162 -1.463776
    46 1.561353 0.000001 0.000000 0.100752 -0.050203 -1.133848
    47 5.116426 0.722720 0.545802 0.253303 0.009774 -0.925453
    48 1.752730 -0.000005 0.000000 -0.201802 0.024646 -0.948344
    49 0.869359 -0.000001 0.000000 0.036248 0.150759 -1.080583
    50 5.118731 0.342195 1.413550 -0.041671 0.154675 -1.169245
    51 1.176319 0.000005 0.000001 -0.567548 0.062509 -0.265395
    52 0.970203 0.000000 0.000002 2.156760 1.015941 -1.458550
    53 -7.508377 4.005328 -13.499685 -2.775419 0.592812 -2.198927
    54 12.706350 -0.000002 -0.000004 -0.115272 0.280552 -1.216019
    55 0.000000 0.000000 0.000000 0.000000 0.000000 0.000000
    56 1.200003 -0.000001 0.000000 0.000000 0.000000 0.000000
    57 -0.000002 -0.300000 -0.000002 -3.141593 0.000000 -0.174533
    58 0.000000 0.000000 0.000000 0.000000 0.000000 0.000000
    59 0.000000 0.000000 0.000000 -3.141593 0.000000 0.000000
    60 0.000000 0.000000 -0.000001 0.000000 0.000000 0.349066
    61 -0.000002 0.000000 -0.000001 -3.141593 0.000000 0.000000
    62 0.000000 -0.000002 -0.000003 -3.141593 0.000000 0.000000
    63 0.000000 0.000002 0.000001 -3.141593 0.000000 0.000000
    64 -0.000002 -0.000002 0.000000 -3.141593 0.000000 0.000000
    65 0.000000 0.000002 -0.000001 -3.141593 0.000000 0.000000
    66 0.000002 0.000002 0.000001 -3.141593 0.000000 0.000000
    67 -0.000003 0.000000 0.000006 -3.141593 0.000000 0.000000
    68 0.000000 0.000000 0.000000 -3.141593 0.000000 0.000000
    69 0.000000 0.000001 0.000000 -3.141592 0.000000 0.000000
    70 0.000001 0.000000 0.000008 -3.141593 0.000000 0.000000
    71 0.000000 0.000000 0.000004 -3.141593 0.000000 0.000000
    72 0.000000 -0.000001 0.000000 -1.570796 0.000000 0.000000
    73 0.000000 0.000000 0.000000 0.000000 0.000000 0.000000
    74 1.200001 -0.000001 0.000000 0.000000 0.000000 0.000000
    75 0.000000 0.300000 0.000000 0.000000 0.000000 0.174533
    76 0.000000 0.000000 0.000000 0.000000 0.000000 0.000000
    77 0.000000 0.000000 0.000000 -3.141592 0.000000 0.000000
    78 0.000000 0.000000 0.000000 0.000000 0.000000 0.349066
    79 0.000000 0.000000 0.000000 0.000000 0.000000 0.000000
    80 0.000000 -0.000001 0.000000 0.000000 0.000000 0.000000
    81 0.000000 0.000000 0.000000 0.000000 0.000000 0.000000
    82 0.000000 0.000000 0.000000 0.000000 0.000000 0.000000
    83 -0.000002 0.000000 0.000000 0.000000 0.000000 0.000000
    84 0.000001 0.000000 0.000000 0.000000 0.000000 -0.000001
    85 0.000000 -0.000002 0.000000 0.000000 0.000000 0.000000
    86 -0.000001 0.000000 0.000000 0.000000 0.000000 0.000000
    87 -0.000001 0.000000 0.000000 0.000000 0.000000 0.000000
    88 0.000000 0.000003 0.000000 0.000000 0.000000 0.000000
    89 0.000000 0.000000 0.000000 0.000000 0.000000 0.000000
    90 -0.000001 0.000000 0.000000 -1.570797 0.000000 0.000000
  time 14
    0 -1.281920 -18.236344 -9.837793 2.362114 -0.734105 1.568408
    1 1.602392 15.810356 -4.239069 -1.570791 1.453891 -1.570792
    2 2.106979 0.000008 0.000000 0.000000 0.000000 -0.289078
    3 2.198853 0.000000 0.000001 0.005241 0.016373 -0.201464
    4 2.200351 -0.000008 0.000008 0.000465 0.001424 -0.122120
    5 2.258553 -0.000013 -0.000005 -0.007121 -0.018610 -0.113143
    6 2.304474 -0.000002 0.000001 -0.000063 0.000836 -0.151620
    7 2.754811 0.166965 -0.731880 2.565037 -1.565257 -1.570732
    8 1.602386 15.817284 3.928030 -1.570794 -1.440985 -1.570804
    9 2.106978 -0.000011 0.000000 0.000003 -0.000001 0.252912
    10 2.165398 0.000002 -0.000002 -0.042679 0.017068 0.175168
    11 2.110378 0.000002 -0.000002 0.001858 -0.005415 0.168740
    12 2.226635 -0.000013 0.000001 0.029119 -0.023216 0.128196
    13 2.304460 0.000006 -0.000004 -0.000046 -0.000684 0.123999
    14 2.813987 0.009438 -0.732745 -2.550406 -1.565257 -1.570910
    15 2.439703 10.751080 -0.106320 0.000001 0.000000 -1.570796
    16 2.040268 -2.875322 -0.052909 -0.000003 0.000000 1.570796
    17 -0.518020 2.382971 0.515877 -0.055396 -0.341920 -1.052481
    18 2.266786 16.501297 -0.311092 0.000001 0.000000 -1.570796
    19 2.321183 -21.043312 -12.193196 1.317170 -1.099255 -1.547148
    20 2.473575 0.628721 -1.303334 2.323667 0.383178 0.380823
    21 1.832617 0.000000 -0.000004 -3.023870 -0.006009 -0.161369
    22 1.003336 0.000000 0.000003 2.903518 -0.018428 0.072555
    23 4.823799 -0.430293 -1.419616 0.116193 -0.020078 -0.166575
    24 2.187960 0.000000 -0.000011 0.050253 0.038370 1.115316
    25 1.100958 0.000008 0.000010 0.032222 -0.080343 0.490955
    26 4.987793 -0.588135 -0.482800 0.240576 -0.052109 0.178176
    27 1.890100 -0.000006 0.000004 -0.071899 0.004011 1.259310
    28 1.310925 -0.000002 0.000001 0.022851 0.076662 0.411713
    29 5.117876 -0.665211 0.445601 0.089344 -0.184785 0.608027
    30 1.655293 0.000000 0.000001 -0.039562 0.134203 1.044566
    31 0.869586 0.000004 0.000006 0.057666 -0.031828 0.217997
    32 5.150560 -0.592267 1.346776 -0.375042 -0.027942 1.219035
    33 1.157244 0.000004 0.000011 0.034830 0.039189 0.490097
    34 1.019835 0.000004 0.000011 -1.467664 -0.051051 0.396031
    35 4.682155 -2.413729 -9.650656 -2.190944 0.849084 -1.914317
    36 12.695432 -0.000005 0.000001 -0.187702 0.295450 -1.461905
    37 -10.456230 -16.925483 -16.908598 2.373022 -0.490118 -0.525952
    38 2.474129 -0.485417 -1.382847 1.349114 0.371396 -0.523342
    39 1.832172 -0.000001 0.000001 -2.638245 0.021714 0.611148
    40 1.042032 0.000000 0.000000 -2.898935 -0.187378 -0.094133
    41 4.823236 0.677341 -1.337761 0.194928 0.165945 -0.119482
    42 2.152369 -0.000003 0.000000 0.054298 -0.057794 -0.575185
    43 1.056617 0.000002 0.000000 0.224003 -0.058058 -0.539134
    44 4.985044 0.893762 -0.374954 0.052714 0.026422 -0.473278
    45 1.830180 0.000010 -0.000001 0.389985 -0.003162 -1.463776
    46 1.561353 0.000001 0.000000 0.100752 -0.050203 -1.133848
    47 5.116426 0.722720 0.545802 0.253303 0.009774 -0.925453
    48 1.752730 -0.000005 0.000000 -0.201802 0.024646 -0.948344
    49 0.869359 -0.000001 0.000000 0.036248 0.150759 -1.080583
    50 5.118731 0.342195 1.413550 -0.041671 0.154675 -1.169245
    51 1.176319 0.000005 0.000001 -0.567548 0.062509 -0.265395
    52 0.970203 0.000000 0.000002 2.156760 1.015941 -1.458550
    53 -7.508377 4.005328 -14.089547 -2.664131 0.580428 -2.120904
    54 12.706350 -0.000002 -0.000004 -0.097231 0.273445 -1.150095
    55 0.000000 0.000000 0.000000 0.000000 0.000000 0.000000
    56 1.200003 -0.000001 0.000000 0.000000 0.000000 0.000000
    57 -0.000002 -0.300000 -0.000002 -3.141593 0.000000 -0.174533
    58 0.000000 0.000000 0.000000 0.000000 0.000000 0.000000
    59 0.000000 0.000000 0.000000 -3.141593 0.000000 0.000000
    60 0.000000 0.000000 -0.000001 0.000000 0.000000 0.349066
    61 -0.000002 0.000000 -0.000001 -3.141593 0.000000 0.000000
    62 0.000000 -0.000002 -0.000003 -3.141593 0.000000 0.000000
    63 0.000000 0.000002 0.000001 -3.141593 0.000000 0.000000
    64 -0.000002 -0.000002 0.000000 -3.141593 0.000000 0.000000
    65 0.000000 0.000002 -0.000001 -3.141593 0.000000 0.000000
    66 0.000002 0.000002 0.000001 -3.141593 0.000000 0.000000
    67 -0.000003 0.000000 0.000006 -3.141593 0.000000 0.000000
    68 0.000000 0.000000 0.000000 -3.141593 0.000000 0.000000
    69 0.000000 0.000001 0.000000 -3.141592 0.000000 0.000000
    70 0.000001 0.000000 0.000008 -3.141593 0.000000 0.000000
    71 0.000000 0.000000 0.000004 -3.141593 0.000000 0.000000
    72 0.000000 -0.000001 0.000000 -1.570796 0.000000 0.000000
    73 0.000000 0.000000 0.000000 0.000000 0.000000 0.000000
    74 1.200001 -0.000001 0.000000 0.000000 0.000000 0.000000
    75 0.000000 0.300000 0.000000 0.000000 0.000000 0.174533
    76 0.000000 0.000000 0.000000 0.000000 0.000000 0.000000
    77 0.000000 0.000000 0.000000 -3.141592 0.000000 0.000000
    78 0.000000 0.000000 0.000000 0.000000 0.000000 0.349066
    79 0.000000 0.000000 0.000000 0.000000 0.000000 0.000000
    80 0.000000 -0.000001 0.000000 0.000000 0.000000 0.000000
    81 0.000000 0.000000 0.000000 0.000000 0.000000 0.000000
    82 0.000000 0.000000 0.000000 0.000000 0.000000 0.000000
    83 -0.000002 0.000000 0.000000 0.000000 0.000000 0.000000
    84 0.000001 0.000000 0.000000 0.000000 0.000000 -0.000001
    85 0.000000 -0.000002 0.000000 0.000000 0.000000 0.000000
    86 -0.000001 0.000000 0.000000 0.000000 0.000000 0.000000
    87 -0.000001 0.000000 0.000000 0.000000 0.000000 0.000000
    88 0.000000 0.000003 0.000000 0.000000 0.000000 0.000000
    89 0.000000 0.000000 0.000000 0.000000 0.000000 0.000000
    90 -0.000001 0.000000 0.000000 -1.570797 0.000000 0.000000
  time 15
    0 -1.098320 -18.173842 -9.833887 2.354444 -0.717111 1.618452
    1 1.602392 15.810356 -4.239069 -1.570791 1.453891 -1.570792
    2 2.106979 0.000008 0.000000 0.000000 0.000000 -0.289078
    3 2.198853 0.000000 0.000001 0.005241 0.016373 -0.201464
    4 2.200351 -0.000008 0.000008 0.000465 0.001424 -0.122120
    5 2.258553 -0.000013 -0.000005 -0.007121 -0.018610 -0.113143
    6 2.304474 -0.000002 0.000001 -0.000063 0.000836 -0.151620
    7 2.754811 0.166965 -0.731880 2.565037 -1.565257 -1.570780
    8 1.602386 15.817284 3.928030 -1.570794 -1.440985 -1.570804
    9 2.106978 -0.000011 0.000000 0.000003 -0.000001 0.252912
    10 2.165398 0.000002 -0.000002 -0.042679 0.017068 0.175168
    11 2.110378 0.000002 -0.000002 0.001858 -0.005415 0.168740
    12 2.226635 -0.000013 0.000001 0.029119 -0.023216 0.128196
    13 2.304460 0.000006 -0.000004 -0.000046 -0.000684 0.123999
    14 2.813987 0.009438 -0.732745 -2.550214 -1.565257 -1.570827
    15 2.439703 10.751080 -0.106320 0.000001 0.000000 -1.570796
    16 2.040268 -2.875322 -0.052909 -0.000003 0.000000 1.570796
    17 -0.518020 2.382971 0.515877 -0.055396 -0.341920 -1.052481
    18 2.266786 16.501297 -0.311092 0.000001 0.000000 -1.570796
    19 2.645412 -20.851900 -12.126787 1.328675 -1.116309 -1.512662
    20 2.473575 0.628721 -1.303334 2.323667 0.383178 0.380823
    21 1.832617 0.000000 -0.000004 -3.023870 -0.006009 -0.161369
    22 1.003336 0.000000 0.000003 2.903518 -0.018428 0.072555
    23 4.823799 -0.430293 -1.419616 0.116193 -0.020078 -0.166575
    24 2.187960 0.000000 -0.000011 0.050253 0.038370 1.115316
    25 1.100958 0.000008 0.000010 0.032222 -0.080343 0.490955
    26 4.987793 -0.588135 -0.482800 0.240576 -0.052109 0.178176
    27 1.890100 -0.000006 0.000004 -0.071899 0.004011 1.259310
    28 1.310925 -0.000002 0.000001 0.022851 0.076662 0.411713
    29 5.117876 -0.665211 0.445601 0.089344 -0.184785 0.608027
    30 1.655293 0.000000 0.000001 -0.039562 0.134203 1.044566
    31 0.869586 0.000004 0.000006 0.057666 -0.031828 0.217997
    32 5.150560 -0.592267 1.346776 -0.375042 -0.027942 1.219035
    33 1.157244 0.000004 0.000011 0.034830 0.039189 0.490097
    34 1.019835 0.000004 0.000011 -1.467664 -0.051051 0.396031
    35 4.682155 -2.413729 -9.650656 -2.229576 0.854589 -1.927570
    36 12.695432 -0.000005 0.000001 -0.195947 0.296205 -1.490662
    37 -10.362477 -17.398153 -17.010163 2.359485 -0.503517 -0.474231
    38 2.474129 -0.485417 -1.382847 1.349114 0.371396 -0.523342
    39 1.832172 -0.000001 0.000001 -2.638245 0.021714 0.611148
    40 1.042032 0.000000 0.000000 -2.898935 -0.187378 -0.094133
    41 4.823236 0.677341 -1.337761 0.194928 0.165945 -0.119482
    42 2.152369 -0.000003 0.000000 0.054298 -0.057794 -0.575185
    43 1.056617 0.000002 0.000000 0.224003 -0.058058 -0.539134
    44 4.985044 0.893762 -0.374954 0.052714 0.026422 -0.473278
    45 1.830180 0.000010 -0.000001 0.389985 -0.003162 -1.463776
    46 1.561353 0.000001 0.000000 0.100752 -0.050203 -1.133848
    47 5.116426 0.722720 0.545802 0.253303 0.009774 -0.925453
    48 1.752730 -0.000005 0.000000 -0.201802 0.024646 -0.948344
    49 0.869359 -0.000001 0.000000 0.036248 0.150759 -1.080583
    50 5.118731 0.342195 1.413550 -0.041671 0.154675 -1.169245
    51 1.176319 0.000005 0.000001 -0.567548 0.062509 -0.265395
    52 0.970203 0.000000 0.000002 2.156760 1.015941 -1.458550
    53 -7.508377 4.005328 -14.515341 -2.586076 0.561081 -2.060463
    54 12.706350 -0.000002 -0.000004 -0.080660 0.265715 -1.087905
    55 0.000000 0.000000 0.000000 0.000000 0.000000 0.000000
    56 1.200003 -0.000001 0.000000 0.000000 0.000000 0.000000
    57 -0.000002 -0.300000 -0.000002 -3.141593 0.000000 -0.174533
    58 0.000000 0.000000 0.000000 0.000000 0.000000 0.000000
    59 0.000000 0.000000 0.000000 -3.141593 0.000000 0.000000
    60 0.000000 0.000000 -0.000001 0.000000 0.000000 0.349066
    61 -0.000002 0.000000 -0.000001 -3.141593 0.000000 0.000000
    62 0.000000 -0.000002 -0.000003 -3.141593 0.000000 0.000000
    63 0.000000 0.000002 0.000001 -3.141593 0.000000 0.000000
    64 -0.000002 -0.000002 0.000000 -3.141593 0.000000 0.000000
    65 0.000000 0.000002 -0.000001 -3.141593 0.000000 0.000000
    66 0.000002 0.000002 0.000001 -3.141593 0.000000 0.000000
    67 -0.000003 0.000000 0.000006 -3.141593 0.000000 0.000000
    68 0.000000 0.000000 0.000000 -3.141593 0.000000 0.000000
    69 0.000000 0.000001 0.000000 -3.141592 0.000000 0.000000
    70 0.000001 0.000000 0.000008 -3.141593 0.000000 0.000000
    71 0.000000 0.000000 0.000004 -3.141593 0.000000 0.000000
    72 0.000000 -0.000001 0.000000 -1.570796 0.000000 0.000000
    73 0.000000 0.000000 0.000000 0.000000 0.000000 0.000000
    74 1.200001 -0.000001 0.000000 0.000000 0.000000 0.000000
    75 0.000000 0.300000 0.000000 0.000000 0.000000 0.174533
    76 0.000000 0.000000 0.000000 0.000000 0.000000 0.000000
    77 0.000000 0.000000 0.000000 -3.141592 0.000000 0.000000
    78 0.000000 0.000000 0.000000 0.000000 0.000000 0.349066
    79 0.000000 0.000000 0.000000 0.000000 0.000000 0.000000
    80 0.000000 -0.000001 0.000000 0.000000 0.000000 0.000000
    81 0.000000 0.000000 0.000000 0.000000 0.000000 0.000000
    82 0.000000 0.000000 0.000000 0.000000 0.000000 0.000000
    83 -0.000002 0.000000 0.000000 0.000000 0.000000 0.000000
    84 0.000001 0.000000 0.000000 0.000000 0.000000 -0.000001
    85 0.000000 -0.000002 0.000000 0.000000 0.000000 0.000000
    86 -0.000001 0.000000 0.000000 0.000000 0.000000 0.000000
    87 -0.000001 0.000000 0.000000 0.000000 0.000000 0.000000
    88 0.000000 0.000003 0.000000 0.000000 0.000000 0.000000
    89 0.000000 0.000000 0.000000 0.000000 0.000000 0.000000
    90 -0.000001 0.000000 0.000000 -1.570797 0.000000 0.000000
  time 16
    0 -0.973316 -18.130872 -9.826074 2.341788 -0.711139 1.665726
    1 1.602392 15.810356 -4.239069 -1.570791 1.453891 -1.570792
    2 2.106979 0.000008 0.000000 0.000000 0.000000 -0.289078
    3 2.198853 0.000000 0.000001 0.005241 0.016373 -0.201464
    4 2.200351 -0.000008 0.000008 0.000465 0.001424 -0.122120
    5 2.258553 -0.000013 -0.000005 -0.007121 -0.018610 -0.113143
    6 2.304474 -0.000002 0.000001 -0.000063 0.000836 -0.151620
    7 2.754811 0.166965 -0.731880 2.565037 -1.565257 -1.570756
    8 1.602386 15.817284 3.928030 -1.570794 -1.440985 -1.570804
    9 2.106978 -0.000011 0.000000 0.000003 -0.000001 0.252912
    10 2.165398 0.000002 -0.000002 -0.042679 0.017068 0.175168
    11 2.110378 0.000002 -0.000002 0.001858 -0.005415 0.168740
    12 2.226635 -0.000013 0.000001 0.029119 -0.023216 0.128196
    13 2.304460 0.000006 -0.000004 -0.000046 -0.000684 0.123999
    14 2.813987 0.009438 -0.732745 -2.550118 -1.565257 -1.570803
    15 2.439703 10.751080 -0.106320 0.000001 0.000000 -1.570796
    16 2.040268 -2.875322 -0.052909 -0.000003 0.000000 1.570796
    17 -0.518020 2.382971 0.515877 -0.055396 -0.341920 -1.052481
    18 2.266786 16.501297 -0.311092 0.000001 0.000000 -1.570796
    19 2.895420 -20.672207 -12.064285 1.351012 -1.122407 -1.493380
    20 2.473575 0.628721 -1.303334 2.323667 0.383178 0.380823
    21 1.832617 0.000000 -0.000004 -3.023870 -0.006009 -0.161369
    22 1.003336 0.000000 0.000003 2.903518 -0.018428 0.072555
    23 4.823799 -0.430293 -1.419616 0.116193 -0.020078 -0.166575
    24 2.187960 0.000000 -0.000011 0.050253 0.038370 1.115316
    25 1.100958 0.000008 0.000010 0.032222 -0.080343 0.490955
    26 4.987793 -0.588135 -0.482800 0.240576 -0.052109 0.178176
    27 1.890100 -0.000006 0.000004 -0.071899 0.004011 1.259310
    28 1.310925 -0.000002 0.000001 0.022851 0.076662 0.411713
    29 5.117876 -0.665211 0.445601 0.089344 -0.184785 0.608027
    30 1.655293 0.000000 0.000001 -0.039562 0.134203 1.044566
    31 0.869586 0.000004 0.000006 0.057666 -0.031828 0.217997
    32 5.150560 -0.592267 1.346776 -0.375042 -0.027942 1.219035
    33 1.157244 0.000004 0.000011 0.034830 0.039189 0.490097
    34 1.019835 0.000004 0.000011 -1.467664 -0.051051 0.396031
    35 4.682155 -2.413729 -9.650656 -2.259370 0.859852 -1.938566
    36 12.695432 -0.000005 0.000001 -0.203414 0.296612 -1.515756
    37 -10.264818 -17.757539 -17.107822 2.358891 -0.514915 -0.434890
    38 2.474129 -0.485417 -1.382847 1.349114 0.371396 -0.523342
    39 1.832172 -0.000001 0.000001 -2.638245 0.021714 0.611148
    40 1.042032 0.000000 0.000000 -2.898935 -0.187378 -0.094133
    41 4.823236 0.677341 -1.337761 0.194928 0.165945 -0.119482
    42 2.152369 -0.000003 0.000000 0.054298 -0.057794 -0.575185
    43 1.056617 0.000002 0.000000 0.224003 -0.058058 -0.539134
    44 4.985044 0.893762 -0.374954 0.052714 0.026422 -0.473278
    45 1.830180 0.000010 -0.000001 0.389985 -0.003162 -1.463776
    46 1.561353 0.000001 0.000000 0.100752 -0.050203 -1.133848
    47 5.116426 0.722720 0.545802 0.253303 0.009774 -0.925453
    48 1.752730 -0.000005 0.000000 -0.201802 0.024646 -0.948344
    49 0.869359 -0.000001 0.000000 0.036248 0.150759 -1.080583
    50 5.118731 0.342195 1.413550 -0.041671 0.154675 -1.169245
    51 1.176319 0.000005 0.000001 -0.567548 0.062509 -0.265395
    52 0.970203 0.000000 0.000002 2.156760 1.015941 -1.458550
    53 -7.508377 4.005328 -14.769255 -2.544170 0.542533 -2.021119
    54 12.706350 -0.000002 -0.000004 -0.067600 0.258656 -1.037383
    55 0.000000 0.000000 0.000000 0.000000 0.000000 0.000000
    56 1.200003 -0.000001 0.000000 0.000000 0.000000 0.000000
    57 -0.000002 -0.300000 -0.000002 -3.141593 0.000000 -0.174533
    58 0.000000 0.000000 0.000000 0.000000 0.000000 0.000000
    59 0.000000 0.000000 0.000000 -3.141593 0.000000 0.000000
    60 0.000000 0.000000 -0.000001 0.000000 0.000000 0.349066
    61 -0.000002 0.000000 -0.000001 -3.141593 0.000000 0.000000
    62 0.000000 -0.000002 -0.000003 -3.141593 0.000000 0.000000
    63 0.000000 0.000002 0.000001 -3.141593 0.000000 0.000000
    64 -0.000002 -0.000002 0.000000 -3.141593 0.000000 0.000000
    65 0.000000 0.000002 -0.000001 -3.141593 0.000000 0.000000
    66 0.000002 0.000002 0.000001 -3.141593 0.000000 0.000000
    67 -0.000003 0.000000 0.000006 -3.141593 0.000000 0.000000
    68 0.000000 0.000000 0.000000 -3.141593 0.000000 0.000000
    69 0.000000 0.000001 0.000000 -3.141592 0.000000 0.000000
    70 0.000001 0.000000 0.000008 -3.141593 0.000000 0.000000
    71 0.000000 0.000000 0.000004 -3.141593 0.000000 0.000000
    72 0.000000 -0.000001 0.000000 -1.570796 0.000000 0.000000
    73 0.000000 0.000000 0.000000 0.000000 0.000000 0.000000
    74 1.200001 -0.000001 0.000000 0.000000 0.000000 0.000000
    75 0.000000 0.300000 0.000000 0.000000 0.000000 0.174533
    76 0.000000 0.000000 0.000000 0.000000 0.000000 0.000000
    77 0.000000 0.000000 0.000000 -3.141592 0.000000 0.000000
    78 0.000000 0.000000 0.000000 0.000000 0.000000 0.349066
    79 0.000000 0.000000 0.000000 0.000000 0.000000 0.000000
    80 0.000000 -0.000001 0.000000 0.000000 0.000000 0.000000
    81 0.000000 0.000000 0.000000 0.000000 0.000000 0.000000
    82 0.000000 0.000000 0.000000 0.000000 0.000000 0.000000
    83 -0.000002 0.000000 0.000000 0.000000 0.000000 0.000000
    84 0.000001 0.000000 0.000000 0.000000 0.000000 -0.000001
    85 0.000000 -0.000002 0.000000 0.000000 0.000000 0.000000
    86 -0.000001 0.000000 0.000000 0.000000 0.000000 0.000000
    87 -0.000001 0.000000 0.000000 0.000000 0.000000 0.000000
    88 0.000000 0.000003 0.000000 0.000000 0.000000 0.000000
    89 0.000000 0.000000 0.000000 0.000000 0.000000 0.000000
    90 -0.000001 0.000000 0.000000 -1.570797 0.000000 0.000000
  time 17
    0 -0.906908 -18.111340 -9.818261 2.327886 -0.712149 1.703163
    1 1.602392 15.810356 -4.239069 -1.570791 1.453891 -1.570792
    2 2.106979 0.000008 0.000000 0.000000 0.000000 -0.289078
    3 2.198853 0.000000 0.000001 0.005241 0.016373 -0.201464
    4 2.200351 -0.000008 0.000008 0.000465 0.001424 -0.122120
    5 2.258553 -0.000013 -0.000005 -0.007121 -0.018610 -0.113143
    6 2.304474 -0.000002 0.000001 -0.000063 0.000836 -0.151620
    7 2.754811 0.166965 -0.731880 2.565037 -1.565257 -1.570732
    8 1.602386 15.817284 3.928030 -1.570794 -1.440985 -1.570804
    9 2.106978 -0.000011 0.000000 0.000003 -0.000001 0.252912
    10 2.165398 0.000002 -0.000002 -0.042679 0.017068 0.175168
    11 2.110378 0.000002 -0.000002 0.001858 -0.005415 0.168740
    12 2.226635 -0.000013 0.000001 0.029119 -0.023216 0.128196
    13 2.304460 0.000006 -0.000004 -0.000046 -0.000684 0.123999
    14 2.813987 0.009438 -0.732745 -2.550214 -1.565257 -1.570827
    15 2.439703 10.751080 -0.106320 0.000001 0.000000 -1.570796
    16 2.040268 -2.875322 -0.052909 -0.000003 0.000000 1.570796
    17 -0.518020 2.382971 0.515877 -0.055396 -0.341920 -1.052481
    18 2.266786 16.501297 -0.311092 0.000001 0.000000 -1.570796
    19 3.055581 -20.535484 -12.017409 1.375266 -1.121118 -1.486798
    20 2.473575 0.628721 -1.303334 2.323667 0.383178 0.380823
    21 1.832617 0.000000 -0.000004 -3.023870 -0.006009 -0.161369
    22 1.003336 0.000000 0.000003 2.903518 -0.018428 0.072555
    23 4.823799 -0.430293 -1.419616 0.116193 -0.020078 -0.166575
    24 2.187960 0.000000 -0.000011 0.050253 0.038370 1.115316
    25 1.100958 0.000008 0.000010 0.032222 -0.080343 0.490955
    26 4.987793 -0.588135 -0.482800 0.240576 -0.052109 0.178176
    27 1.890100 -0.000006 0.000004 -0.071899 0.004011 1.259310
    28 1.310925 -0.000002 0.000001 0.022851 0.076662 0.411713
    29 5.117876 -0.665211 0.445601 0.089344 -0.184785 0.608027
    30 1.655293 0.000000 0.000001 -0.039562 0.134203 1.044566
    31 0.869586 0.000004 0.000006 0.057666 -0.031828 0.217997
    32 5.150560 -0.592267 1.346776 -0.375042 -0.027942 1.219035
    33 1.157244 0.000004 0.000011 0.034830 0.039189 0.490097
    34 1.019835 0.000004 0.000011 -1.467664 -0.051051 0.396031
    35 4.682155 -2.413729 -9.650656 -2.280235 0.863724 -1.947026
    36 12.695432 -0.000005 0.000001 -0.208879 0.296912 -1.534460
    37 -10.171065 -17.984109 -17.189856 2.366105 -0.523485 -0.409966
    38 2.474129 -0.485417 -1.382847 1.349114 0.371396 -0.523342
    39 1.832172 -0.000001 0.000001 -2.638245 0.021714 0.611148
    40 1.042032 0.000000 0.000000 -2.898935 -0.187378 -0.094133
    41 4.823236 0.677341 -1.337761 0.194928 0.165945 -0.119482
    42 2.152369 -0.000003 0.000000 0.054298 -0.057794 -0.575185
    43 1.056617 0.000002 0.000000 0.224003 -0.058058 -0.539134
    44 4.985044 0.893762 -0.374954 0.052714 0.026422 -0.473278
    45 1.830180 0.000010 -0.000001 0.389985 -0.003162 -1.463776
    46 1.561353 0.000001 0.000000 0.100752 -0.050203 -1.133848
    47 5.116426 0.722720 0.545802 0.253303 0.009774 -0.925453
    48 1.752730 -0.000005 0.000000 -0.201802 0.024646 -0.948344
    49 0.869359 -0.000001 0.000000 0.036248 0.150759 -1.080583
    50 5.118731 0.342195 1.413550 -0.041671 0.154675 -1.169245
    51 1.176319 0.000005 0.000001 -0.567548 0.062509 -0.265395
    52 0.970203 0.000000 0.000002 2.156760 1.015941 -1.458550
    53 -7.508377 4.005328 -14.855195 -2.532197 0.529578 -2.001637
    54 12.706350 -0.000002 -0.000004 -0.058865 0.253563 -1.002963
    55 0.000000 0.000000 0.000000 0.000000 0.000000 0.000000
    56 1.200003 -0.000001 0.000000 0.000000 0.000000 0.000000
    57 -0.000002 -0.300000 -0.000002 -3.141593 0.000000 -0.174533
    58 0.000000 0.000000 0.000000 0.000000 0.000000 0.000000
    59 0.000000 0.000000 0.000000 -3.141593 0.000000 0.000000
    60 0.000000 0.000000 -0.000001 0.000000 0.000000 0.349066
    61 -0.000002 0.000000 -0.000001 -3.141593 0.000000 0.000000
    62 0.000000 -0.000002 -0.000003 -3.141593 0.000000 0.000000
    63 0.000000 0.000002 0.000001 -3.141593 0.000000 0.000000
    64 -0.000002 -0.000002 0.000000 -3.141593 0.000000 0.000000
    65 0.000000 0.000002 -0.000001 -3.141593 0.000000 0.000000
    66 0.000002 0.000002 0.000001 -3.141593 0.000000 0.000000
    67 -0.000003 0.000000 0.000006 -3.141593 0.000000 0.000000
    68 0.000000 0.000000 0.000000 -3.141593 0.000000 0.000000
    69 0.000000 0.000001 0.000000 -3.141592 0.000000 0.000000
    70 0.000001 0.000000 0.000008 -3.141593 0.000000 0.000000
    71 0.000000 0.000000 0.000004 -3.141593 0.000000 0.000000
    72 0.000000 -0.000001 0.000000 -1.570796 0.000000 0.000000
    73 0.000000 0.000000 0.000000 0.000000 0.000000 0.000000
    74 1.200001 -0.000001 0.000000 0.000000 0.000000 0.000000
    75 0.000000 0.300000 0.000000 0.000000 0.000000 0.174533
    76 0.000000 0.000000 0.000000 0.000000 0.000000 0.000000
    77 0.000000 0.000000 0.000000 -3.141592 0.000000 0.000000
    78 0.000000 0.000000 0.000000 0.000000 0.000000 0.349066
    79 0.000000 0.000000 0.000000 0.000000 0.000000 0.000000
    80 0.000000 -0.000001 0.000000 0.000000 0.000000 0.000000
    81 0.000000 0.000000 0.000000 0.000000 0.000000 0.000000
    82 0.000000 0.000000 0.000000 0.000000 0.000000 0.000000
    83 -0.000002 0.000000 0.000000 0.000000 0.000000 0.000000
    84 0.000001 0.000000 0.000000 0.000000 0.000000 -0.000001
    85 0.000000 -0.000002 0.000000 0.000000 0.000000 0.000000
    86 -0.000001 0.000000 0.000000 0.000000 0.000000 0.000000
    87 -0.000001 0.000000 0.000000 0.000000 0.000000 0.000000
    88 0.000000 0.000003 0.000000 0.000000 0.000000 0.000000
    89 0.000000 0.000000 0.000000 0.000000 0.000000 0.000000
    90 -0.000001 0.000000 0.000000 -1.570797 0.000000 0.000000
  time 18
    0 -0.879564 -18.099621 -9.806542 2.317148 -0.715135 1.726466
    1 1.602392 15.810356 -4.239069 -1.570791 1.453891 -1.570792
    2 2.106979 0.000008 0.000000 0.000000 0.000000 -0.289078
    3 2.198853 0.000000 0.000001 0.005241 0.016373 -0.201464
    4 2.200351 -0.000008 0.000008 0.000465 0.001424 -0.122120
    5 2.258553 -0.000013 -0.000005 -0.007121 -0.018610 -0.113143
    6 2.304474 -0.000002 0.000001 -0.000063 0.000836 -0.151620
    7 2.754811 0.166965 -0.731880 2.565037 -1.565257 -1.570720
    8 1.602386 15.817284 3.928030 -1.570794 -1.440985 -1.570804
    9 2.106978 -0.000011 0.000000 0.000003 -0.000001 0.252912
    10 2.165398 0.000002 -0.000002 -0.042679 0.017068 0.175168
    11 2.110378 0.000002 -0.000002 0.001858 -0.005415 0.168740
    12 2.226635 -0.000013 0.000001 0.029119 -0.023216 0.128196
    13 2.304460 0.000006 -0.000004 -0.000046 -0.000684 0.123999
    14 2.813987 0.009438 -0.732745 -2.550214 -1.565257 -1.570851
    15 2.439703 10.751080 -0.106320 0.000001 0.000000 -1.570796
    16 2.040268 -2.875322 -0.052909 -0.000003 0.000000 1.570796
    17 -0.518020 2.382971 0.515877 -0.055396 -0.341920 -1.052481
    18 2.266786 16.501297 -0.311092 0.000001 0.000000 -1.570796
    19 3.137614 -20.453450 -11.997877 1.392714 -1.117499 -1.486427
    20 2.473575 0.628721 -1.303334 2.323667 0.383178 0.380823
    21 1.832617 0.000000 -0.000004 -3.023870 -0.006009 -0.161369
    22 1.003336 0.000000 0.000003 2.903518 -0.018428 0.072555
    23 4.823799 -0.430293 -1.419616 0.116193 -0.020078 -0.166575
    24 2.187960 0.000000 -0.000011 0.050253 0.038370 1.115316
    25 1.100958 0.000008 0.000010 0.032222 -0.080343 0.490955
    26 4.987793 -0.588135 -0.482800 0.240576 -0.052109 0.178176
    27 1.890100 -0.000006 0.000004 -0.071899 0.004011 1.259310
    28 1.310925 -0.000002 0.000001 0.022851 0.076662 0.411713
    29 5.117876 -0.665211 0.445601 0.089344 -0.184785 0.608027
    30 1.655293 0.000000 0.000001 -0.039562 0.134203 1.044566
    31 0.869586 0.000004 0.000006 0.057666 -0.031828 0.217997
    32 5.150560 -0.592267 1.346776 -0.375042 -0.027942 1.219035
    33 1.157244 0.000004 0.000011 0.034830 0.039189 0.490097
    34 1.019835 0.000004 0.000011 -1.467664 -0.051051 0.396031
    35 4.682155 -2.413729 -9.650656 -2.292262 0.865841 -1.952571
    36 12.695432 -0.000005 0.000001 -0.211995 0.297008 -1.545449
    37 -10.139814 -18.093487 -17.244545 2.373892 -0.528531 -0.397749
    38 2.474129 -0.485417 -1.382847 1.349114 0.371396 -0.523342
    39 1.832172 -0.000001 0.000001 -2.638245 0.021714 0.611148
    40 1.042032 0.000000 0.000000 -2.898935 -0.187378 -0.094133
    41 4.823236 0.677341 -1.337761 0.194928 0.165945 -0.119482
    42 2.152369 -0.000003 0.000000 0.054298 -0.057794 -0.575185
    43 1.056617 0.000002 0.000000 0.224003 -0.058058 -0.539134
    44 4.985044 0.893762 -0.374954 0.052714 0.026422 -0.473278
    45 1.830180 0.000010 -0.000001 0.389985 -0.003162 -1.463776
    46 1.561353 0.000001 0.000000 0.100752 -0.050203 -1.133848
    47 5.116426 0.722720 0.545802 0.253303 0.009774 -0.925453
    48 1.752730 -0.000005 0.000000 -0.201802 0.024646 -0.948344
    49 0.869359 -0.000001 0.000000 0.036248 0.150759 -1.080583
    50 5.118731 0.342195 1.413550 -0.041671 0.154675 -1.169245
    51 1.176319 0.000005 0.000001 -0.567548 0.062509 -0.265395
    52 0.970203 0.000000 0.000002 2.156760 1.015941 -1.458550
    53 -7.508377 4.005328 -14.855195 -2.533118 0.523357 -1.994700
    54 12.706350 -0.000002 -0.000004 -0.054394 0.250711 -0.985111
    55 0.000000 0.000000 0.000000 0.000000 0.000000 0.000000
    56 1.200003 -0.000001 0.000000 0.000000 0.000000 0.000000
    57 -0.000002 -0.300000 -0.000002 -3.141593 0.000000 -0.174533
    58 0.000000 0.000000 0.000000 0.000000 0.000000 0.000000
    59 0.000000 0.000000 0.000000 -3.141593 0.000000 0.000000
    60 0.000000 0.000000 -0.000001 0.000000 0.000000 0.349066
    61 -0.000002 0.000000 -0.000001 -3.141593 0.000000 0.000000
    62 0.000000 -0.000002 -0.000003 -3.141593 0.000000 0.000000
    63 0.000000 0.000002 0.000001 -3.141593 0.000000 0.000000
    64 -0.000002 -0.000002 0.000000 -3.141593 0.000000 0.000000
    65 0.000000 0.000002 -0.000001 -3.141593 0.000000 0.000000
    66 0.000002 0.000002 0.000001 -3.141593 0.000000 0.000000
    67 -0.000003 0.000000 0.000006 -3.141593 0.000000 0.000000
    68 0.000000 0.000000 0.000000 -3.141593 0.000000 0.000000
    69 0.000000 0.000001 0.000000 -3.141592 0.000000 0.000000
    70 0.000001 0.000000 0.000008 -3.141593 0.000000 0.000000
    71 0.000000 0.000000 0.000004 -3.141593 0.000000 0.000000
    72 0.000000 -0.000001 0.000000 -1.570796 0.000000 0.000000
    73 0.000000 0.000000 0.000000 0.000000 0.000000 0.000000
    74 1.200001 -0.000001 0.000000 0.000000 0.000000 0.000000
    75 0.000000 0.300000 0.000000 0.000000 0.000000 0.174533
    76 0.000000 0.000000 0.000000 0.000000 0.000000 0.000000
    77 0.000000 0.000000 0.000000 -3.141592 0.000000 0.000000
    78 0.000000 0.000000 0.000000 0.000000 0.000000 0.349066
    79 0.000000 0.000000 0.000000 0.000000 0.000000 0.000000
    80 0.000000 -0.000001 0.000000 0.000000 0.000000 0.000000
    81 0.000000 0.000000 0.000000 0.000000 0.000000 0.000000
    82 0.000000 0.000000 0.000000 0.000000 0.000000 0.000000
    83 -0.000002 0.000000 0.000000 0.000000 0.000000 0.000000
    84 0.000001 0.000000 0.000000 0.000000 0.000000 -0.000001
    85 0.000000 -0.000002 0.000000 0.000000 0.000000 0.000000
    86 -0.000001 0.000000 0.000000 0.000000 0.000000 0.000000
    87 -0.000001 0.000000 0.000000 0.000000 0.000000 0.000000
    88 0.000000 0.000003 0.000000 0.000000 0.000000 0.000000
    89 0.000000 0.000000 0.000000 0.000000 0.000000 0.000000
    90 -0.000001 0.000000 0.000000 -1.570797 0.000000 0.000000
  time 19
    0 -0.875657 -18.099621 -9.806542 2.313696 -0.716628 1.733724
    1 1.602392 15.810356 -4.239069 -1.570791 1.453891 -1.570792
    2 2.106979 0.000008 0.000000 0.000000 0.000000 -0.289078
    3 2.198853 0.000000 0.000001 0.005241 0.016373 -0.201464
    4 2.200351 -0.000008 0.000008 0.000465 0.001424 -0.122120
    5 2.258553 -0.000013 -0.000005 -0.007121 -0.018610 -0.113143
    6 2.304474 -0.000002 0.000001 -0.000063 0.000836 -0.151620
    7 2.754811 0.166965 -0.731880 2.565037 -1.565257 -1.570792
    8 1.602386 15.817284 3.928030 -1.570794 -1.440985 -1.570804
    9 2.106978 -0.000011 0.000000 0.000003 -0.000001 0.252912
    10 2.165398 0.000002 -0.000002 -0.042679 0.017068 0.175168
    11 2.110378 0.000002 -0.000002 0.001858 -0.005415 0.168740
    12 2.226635 -0.000013 0.000001 0.029119 -0.023216 0.128196
    13 2.304460 0.000006 -0.000004 -0.000046 -0.000684 0.123999
    14 2.813987 0.009438 -0.732745 -2.550118 -1.565269 -1.570803
    15 2.439703 10.751080 -0.106320 0.000001 0.000000 -1.570796
    16 2.040268 -2.875322 -0.052909 -0.000003 0.000000 1.570796
    17 -0.518020 2.382971 0.515877 -0.055396 -0.341920 -1.052481
    18 2.266786 16.501297 -0.311092 0.000001 0.000000 -1.570796
    19 3.161053 -20.426106 -11.986158 1.398562 -1.115813 -1.487076
    20 2.473575 0.628721 -1.303334 2.323667 0.383178 0.380823
    21 1.832617 0.000000 -0.000004 -3.023870 -0.006009 -0.161369
    22 1.003336 0.000000 0.000003 2.903518 -0.018428 0.072555
    23 4.823799 -0.430293 -1.419616 0.116193 -0.020078 -0.166575
    24 2.187960 0.000000 -0.000011 0.050253 0.038370 1.115316
    25 1.100958 0.000008 0.000010 0.032222 -0.080343 0.490955
    26 4.987793 -0.588135 -0.482800 0.240576 -0.052109 0.178176
    27 1.890100 -0.000006 0.000004 -0.071899 0.004011 1.259310
    28 1.310925 -0.000002 0.000001 0.022851 0.076662 0.411713
    29 5.117876 -0.665211 0.445601 0.089344 -0.184785 0.608027
    30 1.655293 0.000000 0.000001 -0.039562 0.134203 1.044566
    31 0.869586 0.000004 0.000006 0.057666 -0.031828 0.217997
    32 5.150560 -0.592267 1.346776 -0.375042 -0.027942 1.219035
    33 1.157244 0.000004 0.000011 0.034830 0.039189 0.490097
    34 1.019835 0.000004 0.000011 -1.467664 -0.051051 0.396031
    35 4.682155 -2.413729 -9.650656 -2.296089 0.866416 -1.954451
    36 12.695432 -0.000005 0.000001 -0.212917 0.297032 -1.548488
    37 -10.108563 -18.124738 -17.264077 2.377202 -0.530141 -0.394572
    38 2.474129 -0.485417 -1.382847 1.349114 0.371396 -0.523342
    39 1.832172 -0.000001 0.000001 -2.638245 0.021714 0.611148
    40 1.042032 0.000000 0.000000 -2.898935 -0.187378 -0.094133
    41 4.823236 0.677341 -1.337761 0.194928 0.165945 -0.119482
    42 2.152369 -0.000003 0.000000 0.054298 -0.057794 -0.575185
    43 1.056617 0.000002 0.000000 0.224003 -0.058058 -0.539134
    44 4.985044 0.893762 -0.374954 0.052714 0.026422 -0.473278
    45 1.830180 0.000010 -0.000001 0.389985 -0.003162 -1.463776
    46 1.561353 0.000001 0.000000 0.100752 -0.050203 -1.133848
    47 5.116426 0.722720 0.545802 0.253303 0.009774 -0.925453
    48 1.752730 -0.000005 0.000000 -0.201802 0.024646 -0.948344
    49 0.869359 -0.000001 0.000000 0.036248 0.150759 -1.080583
    50 5.118731 0.342195 1.413550 -0.041671 0.154675 -1.169245
    51 1.176319 0.000005 0.000001 -0.567548 0.062509 -0.265395
    52 0.970203 0.000000 0.000002 2.156760 1.015941 -1.458550
    53 -7.508377 4.005328 -14.855195 -2.533732 0.522216 -1.992514
    54 12.706350 -0.000002 -0.000004 -0.053240 0.249944 -0.980502
    55 0.000000 0.000000 0.000000 0.000000 0.000000 0.000000
    56 1.200003 -0.000001 0.000000 0.000000 0.000000 0.000000
    57 -0.000002 -0.300000 -0.000002 -3.141593 0.000000 -0.174533
    58 0.000000 0.000000 0.000000 0.000000 0.000000 0.000000
    59 0.000000 0.000000 0.000000 -3.141593 0.000000 0.000000
    60 0.000000 0.000000 -0.000001 0.000000 0.000000 0.349066
    61 -0.000002 0.000000 -0.000001 -3.141593 0.000000 0.000000
    62 0.000000 -0.000002 -0.000003 -3.141593 0.000000 0.000000
    63 0.000000 0.000002 0.000001 -3.141593 0.000000 0.000000
    64 -0.000002 -0.000002 0.000000 -3.141593 0.000000 0.000000
    65 0.000000 0.000002 -0.000001 -3.141593 0.000000 0.000000
    66 0.000002 0.000002 0.000001 -3.141593 0.000000 0.000000
    67 -0.000003 0.000000 0.000006 -3.141593 0.000000 0.000000
    68 0.000000 0.000000 0.000000 -3.141593 0.000000 0.000000
    69 0.000000 0.000001 0.000000 -3.141592 0.000000 0.000000
    70 0.000001 0.000000 0.000008 -3.141593 0.000000 0.000000
    71 0.000000 0.000000 0.000004 -3.141593 0.000000 0.000000
    72 0.000000 -0.000001 0.000000 -1.570796 0.000000 0.000000
    73 0.000000 0.000000 0.000000 0.000000 0.000000 0.000000
    74 1.200001 -0.000001 0.000000 0.000000 0.000000 0.000000
    75 0.000000 0.300000 0.000000 0.000000 0.000000 0.174533
    76 0.000000 0.000000 0.000000 0.000000 0.000000 0.000000
    77 0.000000 0.000000 0.000000 -3.141592 0.000000 0.000000
    78 0.000000 0.000000 0.000000 0.000000 0.000000 0.349066
    79 0.000000 0.000000 0.000000 0.000000 0.000000 0.000000
    80 0.000000 -0.000001 0.000000 0.000000 0.000000 0.000000
    81 0.000000 0.000000 0.000000 0.000000 0.000000 0.000000
    82 0.000000 0.000000 0.000000 0.000000 0.000000 0.000000
    83 -0.000002 0.000000 0.000000 0.000000 0.000000 0.000000
    84 0.000001 0.000000 0.000000 0.000000 0.000000 -0.000001
    85 0.000000 -0.000002 0.000000 0.000000 0.000000 0.000000
    86 -0.000001 0.000000 0.000000 0.000000 0.000000 0.000000
    87 -0.000001 0.000000 0.000000 0.000000 0.000000 0.000000
    88 0.000000 0.000003 0.000000 0.000000 0.000000 0.000000
    89 0.000000 0.000000 0.000000 0.000000 0.000000 0.000000
    90 -0.000001 0.000000 0.000000 -1.570797 0.000000 0.000000
end
