version 1
nodes
  0 "smg" -1
  1 "smg_magbullet" 0
  2 "smg_bolt" 0
  3 "smg_boltpull" 0
  4 "smg_boltrelease" 0
  5 "smg_trigger" 0
  6 "smg_selectfire" 0
  7 "smg_mag" 0
  8 "smg_magbull2" 7
  9 "smg_magbull1" 8
  10 "smg_grip" 0
  11 "smg_stock" 0
  12 "l_wrist" -1
  13 "l_thumb_low" 12
  14 "l_thumb_mid" 13
  15 "l_thumb_tip" 14
  16 "l_index_low" 12
  17 "l_index_mid" 16
  18 "l_index_tip" 17
  19 "l_middle_low" 12
  20 "l_middle_mid" 19
  21 "l_middle_tip" 20
  22 "l_ring_low" 12
  23 "l_ring_mid" 22
  24 "l_ring_tip" 23
  25 "l_pinky_low" 12
  26 "l_pinky_mid" 25
  27 "l_pinky_tip" 26
  28 "l_upperarm" -1
  29 "l_forearm" 28
  30 "r_wrist" -1
  31 "r_thumb_low" 30
  32 "r_thumb_mid" 31
  33 "r_thumb_tip" 32
  34 "r_index_low" 30
  35 "r_index_mid" 34
  36 "r_index_tip" 35
  37 "r_middle_low" 30
  38 "r_middle_mid" 37
  39 "r_middle_tip" 38
  40 "r_ring_low" 30
  41 "r_ring_mid" 40
  42 "r_ring_tip" 41
  43 "r_pinky_low" 30
  44 "r_pinky_mid" 43
  45 "r_pinky_tip" 44
  46 "r_upperarm" -1
  47 "r_forearm" 46
  48 "ValveBiped.Bip01_L_UpperArm" 28
  49 "ValveBiped.Bip01_L_Forearm" 29
  50 "ValveBiped.Bip01_L_Hand" 12
  51 "ValveBiped.Bip01_L_Finger0" 13
  52 "ValveBiped.Bip01_L_Finger01" 14
  53 "ValveBiped.Bip01_L_Finger02" 15
  54 "ValveBiped.Bip01_L_Finger1" 16
  55 "ValveBiped.Bip01_L_Finger11" 17
  56 "ValveBiped.Bip01_L_Finger12" 18
  57 "ValveBiped.Bip01_L_Finger2" 19
  58 "ValveBiped.Bip01_L_Finger21" 20
  59 "ValveBiped.Bip01_L_Finger22" 21
  60 "ValveBiped.Bip01_L_Finger3" 22
  61 "ValveBiped.Bip01_L_Finger31" 23
  62 "ValveBiped.Bip01_L_Finger32" 24
  63 "ValveBiped.Bip01_L_Finger4" 25
  64 "ValveBiped.Bip01_L_Finger41" 26
  65 "ValveBiped.Bip01_L_Finger42" 27
  66 "ValveBiped.Bip01_R_UpperArm" 46
  67 "ValveBiped.Bip01_R_Forearm" 47
  68 "ValveBiped.Bip01_R_Hand" 30
  69 "ValveBiped.Bip01_R_Finger0" 31
  70 "ValveBiped.Bip01_R_Finger01" 32
  71 "ValveBiped.Bip01_R_Finger02" 33
  72 "ValveBiped.Bip01_R_Finger1" 34
  73 "ValveBiped.Bip01_R_Finger11" 35
  74 "ValveBiped.Bip01_R_Finger12" 36
  75 "ValveBiped.Bip01_R_Finger2" 37
  76 "ValveBiped.Bip01_R_Finger21" 38
  77 "ValveBiped.Bip01_R_Finger22" 39
  78 "ValveBiped.Bip01_R_Finger3" 40
  79 "ValveBiped.Bip01_R_Finger31" 41
  80 "ValveBiped.Bip01_R_Finger32" 42
  81 "ValveBiped.Bip01_R_Finger4" 43
  82 "ValveBiped.Bip01_R_Finger41" 44
  83 "ValveBiped.Bip01_R_Finger42" 45
end
skeleton
  time 0
    0 -4.935002 -16.674564 -4.246470 -1.605629 0.000000 -1.570801
    1 -1.185547 -1.036133 0.043274 0.000000 0.000004 0.000000
    2 -1.936995 -1.361039 0.227474 0.000003 0.000007 -0.000003
    3 -4.549240 -1.689358 -0.012529 0.000000 0.000000 0.000000
    4 4.331499 0.360595 -0.709097 0.000015 0.000003 0.056022
    5 3.513922 0.962076 -0.004281 0.000004 -0.000001 1.176003
    6 2.855053 0.477292 0.679213 -0.000001 -0.000004 2.896619
    7 1.649902 5.878080 0.032496 -0.000003 0.000002 -1.570796
    8 6.587842 -0.691444 0.025964 -0.000001 -0.000001 1.570796
    9 0.000002 -0.241401 -0.052690 0.000001 0.000001 0.000000
    10 10.620066 1.884898 -0.004843 -1.570796 -0.000002 1.570796
    11 -9.087198 1.359573 -0.008167 -0.000003 0.000002 -1.570796
    12 -2.480645 -24.352275 -8.212248 3.073372 -0.030059 -2.101122
    13 1.473659 0.639418 -1.295234 2.246183 0.440257 0.736868
    14 1.832607 0.000002 -0.000008 3.110046 0.047491 0.758067
    15 1.003335 0.000005 0.000001 -3.040061 -0.014385 -0.167803
    16 3.823895 -0.419603 -1.411520 0.229129 -0.129700 0.759577
    17 2.187956 0.000010 0.000000 -0.012082 -0.011908 1.896829
    18 1.100960 0.000002 0.000000 0.384821 -0.022925 0.395360
    19 3.987863 -0.577452 -0.474712 0.106909 -0.099139 0.745896
    20 1.890109 -0.000010 -0.000001 -0.024571 -0.089012 1.713779
    21 1.310925 0.000000 0.000000 0.487416 0.014826 0.431452
    22 4.117986 -0.654534 0.453695 0.083857 -0.114196 0.864680
    23 1.655294 0.000008 0.000000 -0.039797 0.033474 1.386062
    24 0.869582 0.000004 0.000000 0.072305 -0.050347 0.567074
    25 4.150630 -0.581594 1.354863 -0.339030 -0.077155 0.722463
    26 1.157247 -0.000010 -0.000002 -0.226722 -0.320708 1.453911
    27 1.019835 -0.000006 0.000000 -1.463105 -0.151684 0.429397
    28 7.406140 -6.039003 -8.901889 -1.640481 0.573412 -1.934215
    29 12.695427 -0.000020 -0.000008 -0.117920 0.279676 -1.217359
    30 -5.519798 -13.920227 -8.188808 3.035983 0.007670 -1.559826
    31 1.474215 -0.497926 -1.376118 0.979456 0.426216 -0.250736
    32 1.832179 -0.000010 -0.000002 -2.526123 -0.301549 0.609667
    33 1.042025 -0.000004 -0.000009 -2.896901 -0.278827 -0.192682
    34 3.823320 0.664865 -1.331676 0.244544 0.361997 0.003988
    35 2.152367 -0.000001 0.000004 0.123680 -0.231520 -0.430903
    36 1.056622 -0.000011 0.000000 0.257997 -0.115162 -0.370345
    37 3.985134 0.881805 -0.368986 0.128322 -0.008132 -0.090211
    38 1.830183 0.000015 0.000000 0.063848 -0.073976 -1.510189
    39 1.561352 0.000008 -0.000004 0.027634 -0.015755 -1.357316
    40 4.116518 0.711272 0.551869 0.187923 0.006580 -0.361666
    41 1.752727 0.000006 0.000000 0.026509 0.029549 -1.405299
    42 0.869359 -0.000006 0.000000 0.015642 -0.073475 -0.926076
    43 4.118826 0.331223 1.419829 0.128888 -0.005990 -0.280207
    44 1.176321 0.000006 0.000000 -0.027338 0.139049 -0.923507
    45 0.970199 -0.000002 -0.000004 1.655726 0.044655 -1.487290
    46 -7.606037 1.001330 -4.120493 -2.810117 1.005612 -2.160531
    47 12.706336 -0.000035 -0.000009 -0.295204 0.288129 -1.838176
    48 0.000000 0.000000 -0.000003 0.000000 0.000000 0.000000
    49 1.200000 0.000000 0.000010 0.000000 0.000000 0.000000
    50 0.000010 -0.300000 0.000000 3.141593 0.000000 -0.174533
    51 0.000000 -0.000001 0.000000 0.000000 0.000000 0.000000
    52 -0.000003 0.000000 0.000001 3.141592 0.000000 0.000000
    53 0.000006 0.000000 0.000004 0.000000 0.000000 0.349065
    54 0.000000 0.000000 0.000000 3.141593 0.000000 0.000000
    55 -0.000008 -0.000006 0.000000 3.141593 0.000000 0.000000
    56 0.000002 -0.000002 0.000000 3.141593 0.000000 0.000000
    57 0.000014 -0.000004 0.000000 3.141593 0.000000 0.000000
    58 -0.000001 0.000000 0.000000 3.141593 0.000000 -0.000001
    59 0.000000 0.000000 0.000000 3.141593 0.000000 0.000000
    60 0.000010 0.000017 0.000000 3.141593 0.000000 -0.000001
    61 0.000000 0.000004 0.000000 3.141593 0.000000 -0.000001
    62 0.000000 0.000006 0.000000 3.141593 0.000000 -0.000001
    63 0.000001 0.000002 0.000000 3.141593 0.000000 0.000000
    64 0.000000 0.000000 0.000000 -3.141592 0.000000 0.000000
    65 0.000000 0.000000 0.000000 -1.570797 -0.000001 0.000000
    66 0.000000 0.000000 0.000000 0.000000 0.000000 0.000000
    67 1.200000 0.000000 0.000000 0.000000 0.000000 0.000000
    68 0.000009 0.299994 0.000000 0.000000 0.000000 0.174533
    69 -0.000001 -0.000001 -0.000004 0.000000 0.000000 0.000000
    70 -0.000010 0.000000 -0.000003 -3.141592 0.000001 0.000000
    71 0.000000 0.000000 0.000000 0.000001 -0.000001 0.349065
    72 0.000000 -0.000003 0.000000 0.000000 0.000000 0.000000
    73 0.000003 0.000000 0.000000 0.000000 0.000000 0.000000
    74 -0.000010 -0.000006 0.000000 -0.000001 0.000000 0.000000
    75 0.000019 0.000002 0.000000 0.000000 0.000000 0.000000
    76 0.000001 0.000004 0.000000 0.000000 0.000000 -0.000001
    77 0.000000 0.000000 0.000000 0.000000 0.000000 -0.000001
    78 0.000001 -0.000002 0.000000 0.000000 0.000000 -0.000001
    79 0.000000 0.000000 0.000000 0.000000 0.000000 -0.000001
    80 0.000001 0.000008 0.000000 0.000000 0.000000 0.000000
    81 -0.000003 0.000004 0.000000 0.000000 0.000000 0.000000
    82 -0.000007 -0.000008 0.000000 0.000000 0.000000 -0.000001
    83 0.000000 0.000002 -0.000002 -1.570796 0.000000 0.000000
  time 1
    0 -4.935002 -16.674564 -4.297253 -1.609170 -0.015751 -1.570730
    1 -1.185547 -1.036133 0.043274 0.000000 0.000004 0.000000
    2 -1.936995 -1.361039 0.227474 0.000003 0.000007 -0.000003
    3 -4.549240 -1.689358 -0.012529 0.000000 0.000000 0.000000
    4 4.331499 0.360595 -0.709097 0.000015 0.000003 0.056022
    5 3.513922 0.962076 -0.004281 0.000004 -0.000001 1.176003
    6 2.855053 0.477292 0.679213 -0.000001 -0.000004 2.896619
    7 1.649902 5.878080 0.032496 -0.000003 0.000002 -1.570796
    8 6.587842 -0.691444 0.025964 -0.000001 -0.000001 1.570796
    9 0.000002 -0.241401 -0.052690 0.000001 0.000001 0.000000
    10 10.620066 1.884898 -0.004843 -1.570796 -0.000002 1.570796
    11 -9.087198 1.359573 -0.008167 -0.000003 0.000002 -1.570796
    12 -2.359548 -24.371807 -8.356783 3.128941 -0.035412 -2.108655
    13 1.473659 0.639418 -1.295234 2.249230 0.449123 0.755053
    14 1.832607 0.000002 -0.000008 3.110249 0.047335 0.747631
    15 1.003335 0.000005 0.000001 -3.039234 -0.012383 -0.177038
    16 3.823895 -0.419603 -1.411520 0.219088 -0.027626 0.657339
    17 2.187956 0.000010 0.000000 -0.051931 0.026886 1.468513
    18 1.100960 0.000002 0.000000 0.381753 -0.015483 0.301386
    19 3.987863 -0.577452 -0.474712 0.103463 -0.037586 0.712512
    20 1.890109 -0.000010 -0.000001 -0.080962 -0.020257 1.325056
    21 1.310925 0.000000 0.000000 0.481745 0.012656 0.329848
    22 4.117986 -0.654534 0.453695 0.083426 -0.053120 0.859691
    23 1.655294 0.000008 0.000000 -0.098749 0.060008 1.062973
    24 0.869582 0.000004 0.000000 0.076045 -0.038710 0.430621
    25 4.150630 -0.581594 1.354863 -0.336022 -0.064859 0.775047
    26 1.157247 -0.000010 -0.000002 -0.094496 -0.306915 1.100424
    27 1.019835 -0.000006 0.000000 -1.448939 -0.116666 0.323907
    28 7.406140 -6.039003 -8.901889 -1.627726 0.581762 -1.920856
    29 12.695427 -0.000020 -0.000008 -0.119582 0.280263 -1.223289
    30 -5.531517 -13.986636 -8.274749 3.032267 -0.008096 -1.559329
    31 1.474215 -0.497926 -1.376118 0.979456 0.426216 -0.250748
    32 1.832179 -0.000010 -0.000002 -2.526135 -0.301549 0.609667
    33 1.042025 -0.000004 -0.000009 -2.896901 -0.278827 -0.192682
    34 3.823320 0.664865 -1.331676 0.245071 0.358450 0.008458
    35 2.152367 -0.000001 0.000004 0.120755 -0.225731 -0.418646
    36 1.056622 -0.000011 0.000000 0.256894 -0.112118 -0.360242
    37 3.985134 0.881805 -0.368986 0.128322 -0.008132 -0.090211
    38 1.830183 0.000015 0.000000 0.063848 -0.073976 -1.510189
    39 1.561352 0.000008 -0.000004 0.027634 -0.015755 -1.357316
    40 4.116518 0.711272 0.551869 0.187923 0.006580 -0.361666
    41 1.752727 0.000006 0.000000 0.026509 0.029549 -1.405299
    42 0.869359 -0.000006 0.000000 0.015642 -0.073475 -0.926076
    43 4.118826 0.331223 1.419829 0.128888 -0.005990 -0.280207
    44 1.176321 0.000006 0.000000 -0.027338 0.139049 -0.923507
    45 0.970199 -0.000002 -0.000004 1.655726 0.044655 -1.487290
    46 -7.606037 1.001330 -4.120493 -2.813932 1.004878 -2.162968
    47 12.706336 -0.000035 -0.000009 -0.292678 0.288644 -1.829746
    48 0.000000 0.000000 -0.000003 0.000000 0.000000 0.000000
    49 1.200000 0.000000 0.000010 0.000000 0.000000 0.000000
    50 0.000010 -0.300000 0.000000 3.141593 0.000000 -0.174533
    51 0.000000 -0.000001 0.000000 0.000000 0.000000 0.000000
    52 -0.000003 0.000000 0.000001 3.141592 0.000000 0.000000
    53 0.000006 0.000000 0.000004 0.000000 0.000000 0.349065
    54 0.000000 0.000000 0.000000 3.141593 0.000000 0.000000
    55 -0.000008 -0.000006 0.000000 3.141593 0.000000 0.000000
    56 0.000002 -0.000002 0.000000 3.141593 0.000000 0.000000
    57 0.000014 -0.000004 0.000000 3.141593 0.000000 0.000000
    58 -0.000001 0.000000 0.000000 3.141593 0.000000 -0.000001
    59 0.000000 0.000000 0.000000 3.141593 0.000000 0.000000
    60 0.000010 0.000017 0.000000 3.141593 0.000000 -0.000001
    61 0.000000 0.000004 0.000000 3.141593 0.000000 -0.000001
    62 0.000000 0.000006 0.000000 3.141593 0.000000 -0.000001
    63 0.000001 0.000002 0.000000 3.141593 0.000000 0.000000
    64 0.000000 0.000000 0.000000 -3.141592 0.000000 0.000000
    65 0.000000 0.000000 0.000000 -1.570797 -0.000001 0.000000
    66 0.000000 0.000000 0.000000 0.000000 0.000000 0.000000
    67 1.200000 0.000000 0.000000 0.000000 0.000000 0.000000
    68 0.000009 0.299994 0.000000 0.000000 0.000000 0.174533
    69 -0.000001 -0.000001 -0.000004 0.000000 0.000000 0.000000
    70 -0.000010 0.000000 -0.000003 -3.141592 0.000001 0.000000
    71 0.000000 0.000000 0.000000 0.000001 -0.000001 0.349065
    72 0.000000 -0.000003 0.000000 0.000000 0.000000 0.000000
    73 0.000003 0.000000 0.000000 0.000000 0.000000 0.000000
    74 -0.000010 -0.000006 0.000000 -0.000001 0.000000 0.000000
    75 0.000019 0.000002 0.000000 0.000000 0.000000 0.000000
    76 0.000001 0.000004 0.000000 0.000000 0.000000 -0.000001
    77 0.000000 0.000000 0.000000 0.000000 0.000000 -0.000001
    78 0.000001 -0.000002 0.000000 0.000000 0.000000 -0.000001
    79 0.000000 0.000000 0.000000 0.000000 0.000000 -0.000001
    80 0.000001 0.000008 0.000000 0.000000 0.000000 0.000000
    81 -0.000003 0.000004 0.000000 0.000000 0.000000 0.000000
    82 -0.000007 -0.000008 0.000000 0.000000 0.000000 -0.000001
    83 0.000000 0.000002 -0.000002 -1.570796 0.000000 0.000000
  time 2
    0 -4.931096 -16.670658 -4.433975 -1.618763 -0.049639 -1.568388
    1 -1.185547 -1.036133 0.043274 0.000000 0.000004 0.000000
    2 -1.936995 -1.361039 0.227474 0.000003 0.000007 -0.000003
    3 -4.549240 -1.689358 -0.012529 0.000000 0.000000 0.000000
    4 4.331499 0.360595 -0.709097 0.000015 0.000003 0.056022
    5 3.513922 0.962076 -0.004281 0.000004 -0.000001 1.176003
    6 2.855053 0.477292 0.679213 -0.000001 -0.000004 2.896619
    7 1.649902 5.878080 0.032496 -0.000003 0.000002 -1.570796
    8 6.587842 -0.691444 0.025964 -0.000001 -0.000001 1.570796
    9 0.000002 -0.241401 -0.052690 0.000001 0.000001 0.000000
    10 10.620066 1.884898 -0.004843 -1.570796 -0.000002 1.570796
    11 -9.087198 1.359573 -0.008167 -0.000003 0.000002 -1.570796
    12 -1.988443 -24.418684 -8.798203 3.270098 -0.040281 -2.125242
    13 1.473659 0.639418 -1.295234 2.258946 0.475211 0.809664
    14 1.832607 0.000002 -0.000008 3.110957 0.046952 0.714823
    15 1.003335 0.000005 0.000001 -3.036885 -0.006223 -0.204429
    16 3.823895 -0.419603 -1.411520 0.157896 0.189912 0.413074
    17 2.187956 0.000010 0.000000 -0.182731 0.031333 0.425727
    18 1.100960 0.000002 0.000000 0.372980 -0.000298 0.100111
    19 3.987863 -0.577452 -0.474712 0.088183 0.096067 0.625917
    20 1.890109 -0.000010 -0.000001 -0.282525 0.027694 0.387914
    21 1.310925 0.000000 0.000000 0.470417 0.006364 0.111239
    22 4.117986 -0.654534 0.453695 0.081880 0.078415 0.838343
    23 1.655294 0.000008 0.000000 -0.246998 0.043865 0.321207
    24 0.869582 0.000004 0.000000 0.078537 -0.012619 0.136078
    25 4.150630 -0.581594 1.354863 -0.327417 -0.039135 0.887606
    26 1.157247 -0.000010 -0.000002 0.134290 -0.126883 0.325960
    27 1.019835 -0.000006 0.000000 -1.431622 -0.037423 0.099273
    28 7.406140 -6.039003 -8.901889 -1.590889 0.608100 -1.881056
    29 12.695427 -0.000020 -0.000008 -0.124937 0.282073 -1.242821
    30 -5.570580 -14.119452 -8.497412 3.022416 -0.041858 -1.557482
    31 1.474215 -0.497926 -1.376118 0.979456 0.426216 -0.250748
    32 1.832179 -0.000010 -0.000002 -2.526123 -0.301549 0.609667
    33 1.042025 -0.000004 -0.000009 -2.896901 -0.278839 -0.192682
    34 3.823320 0.664865 -1.331676 0.247037 0.347400 0.022253
    35 2.152367 -0.000001 0.000004 0.112043 -0.208066 -0.381846
    36 1.056622 -0.000011 0.000000 0.254042 -0.102890 -0.329885
    37 3.985134 0.881805 -0.368986 0.128322 -0.008132 -0.090211
    38 1.830183 0.000015 0.000000 0.063848 -0.073976 -1.510189
    39 1.561352 0.000008 -0.000004 0.027634 -0.015755 -1.357316
    40 4.116518 0.711272 0.551869 0.187923 0.006580 -0.361666
    41 1.752727 0.000006 0.000000 0.026509 0.029549 -1.405299
    42 0.869359 -0.000006 0.000000 0.015642 -0.073475 -0.926076
    43 4.118826 0.331223 1.419829 0.128888 -0.005990 -0.280207
    44 1.176321 0.000006 0.000000 -0.027338 0.139049 -0.923530
    45 0.970199 -0.000002 -0.000004 1.655726 0.044655 -1.487290
    46 -7.606037 1.001330 -4.120493 -2.824616 1.003543 -2.169965
    47 12.706336 -0.000035 -0.000009 -0.287223 0.289962 -1.810486
    48 0.000000 0.000000 -0.000003 0.000000 0.000000 0.000000
    49 1.200000 0.000000 0.000010 0.000000 0.000000 0.000000
    50 0.000010 -0.300000 0.000000 3.141593 0.000000 -0.174533
    51 0.000000 -0.000001 0.000000 0.000000 0.000000 0.000000
    52 -0.000003 0.000000 0.000001 3.141592 0.000000 0.000000
    53 0.000006 0.000000 0.000004 0.000000 0.000000 0.349065
    54 0.000000 0.000000 0.000000 3.141593 0.000000 0.000000
    55 -0.000008 -0.000006 0.000000 3.141593 0.000000 0.000000
    56 0.000002 -0.000002 0.000000 3.141593 0.000000 0.000000
    57 0.000014 -0.000004 0.000000 3.141593 0.000000 0.000000
    58 -0.000001 0.000000 0.000000 3.141593 0.000000 -0.000001
    59 0.000000 0.000000 0.000000 3.141593 0.000000 0.000000
    60 0.000010 0.000017 0.000000 3.141593 0.000000 -0.000001
    61 0.000000 0.000004 0.000000 3.141593 0.000000 -0.000001
    62 0.000000 0.000006 0.000000 3.141593 0.000000 -0.000001
    63 0.000001 0.000002 0.000000 3.141593 0.000000 0.000000
    64 0.000000 0.000000 0.000000 -3.141592 0.000000 0.000000
    65 0.000000 0.000000 0.000000 -1.570797 -0.000001 0.000000
    66 0.000000 0.000000 0.000000 0.000000 0.000000 0.000000
    67 1.200000 0.000000 0.000000 0.000000 0.000000 0.000000
    68 0.000009 0.299994 0.000000 0.000000 0.000000 0.174533
    69 -0.000001 -0.000001 -0.000004 0.000000 0.000000 0.000000
    70 -0.000010 0.000000 -0.000003 -3.141592 0.000001 0.000000
    71 0.000000 0.000000 0.000000 0.000001 -0.000001 0.349065
    72 0.000000 -0.000003 0.000000 0.000000 0.000000 0.000000
    73 0.000003 0.000000 0.000000 0.000000 0.000000 0.000000
    74 -0.000010 -0.000006 0.000000 -0.000001 0.000000 0.000000
    75 0.000019 0.000002 0.000000 0.000000 0.000000 0.000000
    76 0.000001 0.000004 0.000000 0.000000 0.000000 -0.000001
    77 0.000000 0.000000 0.000000 0.000000 0.000000 -0.000001
    78 0.000001 -0.000002 0.000000 0.000000 0.000000 -0.000001
    79 0.000000 0.000000 0.000000 0.000000 0.000000 -0.000001
    80 0.000001 0.000008 0.000000 0.000000 0.000000 0.000000
    81 -0.000003 0.000004 0.000000 0.000000 0.000000 0.000000
    82 -0.000007 -0.000008 0.000000 0.000000 0.000000 -0.000001
    83 0.000000 0.000002 -0.000002 -1.570796 0.000000 0.000000
  time 3
    0 -4.927190 -16.670658 -4.574605 -1.628849 -0.065405 -1.565478
    1 -1.185547 -1.036133 0.043274 0.000000 0.000004 0.000000
    2 -1.936995 -1.361039 0.227474 0.000003 0.000007 -0.000003
    3 -4.549240 -1.689358 -0.012529 0.000000 0.000000 0.000000
    4 4.331499 0.360595 -0.709097 0.000015 0.000003 0.056022
    5 3.513922 0.962076 -0.004281 0.000004 -0.000001 1.176003
    6 2.855053 0.477292 0.679213 -0.000001 -0.000004 2.896619
    7 1.649902 5.878080 0.032496 -0.000003 0.000002 -1.570796
    8 6.587842 -0.691444 0.025964 -0.000001 -0.000001 1.570796
    9 0.000002 -0.241401 -0.052690 0.000001 0.000001 0.000000
    10 10.620066 1.884898 -0.004843 -1.570796 -0.000002 1.570796
    11 -9.087198 1.359573 -0.008167 -0.000003 0.000002 -1.570796
    12 -1.472802 -24.399152 -9.407597 3.401492 -0.027967 -2.136614
    13 1.473659 0.639418 -1.295234 2.275331 0.514294 0.895719
    14 1.832607 0.000002 -0.000008 3.111975 0.046065 0.660132
    15 1.003335 0.000005 0.000001 -3.033649 0.003197 -0.246193
    16 3.823895 -0.419603 -1.411520 0.097113 0.293464 0.246092
    17 2.187956 0.000010 0.000000 -0.228093 -0.005712 -0.003612
    18 1.100960 0.000002 0.000000 0.368103 0.006114 0.006280
    19 3.987863 -0.577452 -0.474712 0.073245 0.163588 0.547460
    20 1.890109 -0.000010 -0.000001 -0.367620 -0.005024 -0.006682
    21 1.310925 0.000000 0.000000 0.465696 0.002625 0.009683
    22 4.117986 -0.654534 0.453695 0.081053 0.142153 0.801030
    23 1.655294 0.000008 0.000000 -0.309210 0.002327 -0.000339
    24 0.869582 0.000004 0.000000 0.077099 -0.000383 -0.000157
    25 4.150630 -0.581594 1.354863 -0.322552 -0.027515 0.940359
    26 1.157247 -0.000010 -0.000002 0.177458 -0.006862 0.009959
    27 1.019835 -0.000006 0.000000 -1.429596 0.000292 -0.004384
    28 7.406140 -6.039003 -8.901889 -1.542915 0.646818 -1.826975
    29 12.695427 -0.000020 -0.000008 -0.134002 0.284745 -1.275163
    30 -5.613550 -14.185860 -8.669292 3.012073 -0.057532 -1.555067
    31 1.474215 -0.497926 -1.376118 0.979456 0.426216 -0.250736
    32 1.832179 -0.000010 -0.000002 -2.526135 -0.301549 0.609667
    33 1.042025 -0.000004 -0.000009 -2.896901 -0.278839 -0.192682
    34 3.823320 0.664865 -1.331676 0.249638 0.329603 0.044172
    35 2.152367 -0.000001 0.000004 0.099411 -0.179027 -0.323089
    36 1.056622 -0.000011 0.000000 0.249895 -0.087945 -0.281072
    37 3.985134 0.881805 -0.368986 0.128322 -0.008132 -0.090211
    38 1.830183 0.000015 0.000000 0.063848 -0.073976 -1.510189
    39 1.561352 0.000008 -0.000004 0.027634 -0.015755 -1.357316
    40 4.116518 0.711272 0.551869 0.187923 0.006580 -0.361666
    41 1.752727 0.000006 0.000000 0.026485 0.029549 -1.405299
    42 0.869359 -0.000006 0.000000 0.015642 -0.073475 -0.926076
    43 4.118826 0.331223 1.419829 0.128888 -0.005990 -0.280207
    44 1.176321 0.000006 0.000000 -0.027338 0.139049 -0.923484
    45 0.970199 -0.000002 -0.000004 1.655726 0.044655 -1.487290
    46 -7.606037 1.001330 -4.120493 -2.837103 1.003877 -2.179774
    47 12.706336 -0.000035 -0.000009 -0.284177 0.290718 -1.799534
    48 0.000000 0.000000 -0.000003 0.000000 0.000000 0.000000
    49 1.200000 0.000000 0.000010 0.000000 0.000000 0.000000
    50 0.000010 -0.300000 0.000000 3.141593 0.000000 -0.174533
    51 0.000000 -0.000001 0.000000 0.000000 0.000000 0.000000
    52 -0.000003 0.000000 0.000001 3.141592 0.000000 0.000000
    53 0.000006 0.000000 0.000004 0.000000 0.000000 0.349065
    54 0.000000 0.000000 0.000000 3.141593 0.000000 0.000000
    55 -0.000008 -0.000006 0.000000 3.141593 0.000000 0.000000
    56 0.000002 -0.000002 0.000000 3.141593 0.000000 0.000000
    57 0.000014 -0.000004 0.000000 3.141593 0.000000 0.000000
    58 -0.000001 0.000000 0.000000 3.141593 0.000000 -0.000001
    59 0.000000 0.000000 0.000000 3.141593 0.000000 0.000000
    60 0.000010 0.000017 0.000000 3.141593 0.000000 -0.000001
    61 0.000000 0.000004 0.000000 3.141593 0.000000 -0.000001
    62 0.000000 0.000006 0.000000 3.141593 0.000000 -0.000001
    63 0.000001 0.000002 0.000000 3.141593 0.000000 0.000000
    64 0.000000 0.000000 0.000000 -3.141592 0.000000 0.000000
    65 0.000000 0.000000 0.000000 -1.570797 -0.000001 0.000000
    66 0.000000 0.000000 0.000000 0.000000 0.000000 0.000000
    67 1.200000 0.000000 0.000000 0.000000 0.000000 0.000000
    68 0.000009 0.299994 0.000000 0.000000 0.000000 0.174533
    69 -0.000001 -0.000001 -0.000004 0.000000 0.000000 0.000000
    70 -0.000010 0.000000 -0.000003 -3.141592 0.000001 0.000000
    71 0.000000 0.000000 0.000000 0.000001 -0.000001 0.349065
    72 0.000000 -0.000003 0.000000 0.000000 0.000000 0.000000
    73 0.000003 0.000000 0.000000 0.000000 0.000000 0.000000
    74 -0.000010 -0.000006 0.000000 -0.000001 0.000000 0.000000
    75 0.000019 0.000002 0.000000 0.000000 0.000000 0.000000
    76 0.000001 0.000004 0.000000 0.000000 0.000000 -0.000001
    77 0.000000 0.000000 0.000000 0.000000 0.000000 -0.000001
    78 0.000001 -0.000002 0.000000 0.000000 0.000000 -0.000001
    79 0.000000 0.000000 0.000000 0.000000 0.000000 -0.000001
    80 0.000001 0.000008 0.000000 0.000000 0.000000 0.000000
    81 -0.000003 0.000004 0.000000 0.000000 0.000000 0.000000
    82 -0.000007 -0.000008 0.000000 0.000000 0.000000 -0.000001
    83 0.000000 0.000002 -0.000002 -1.570796 0.000000 0.000000
  time 4
    0 -4.919377 -16.670658 -4.723047 -1.639473 -0.058111 -1.563632
    1 -1.185547 -1.036133 0.043274 0.000000 0.000004 0.000000
    2 -1.936995 -1.361039 0.227474 0.000003 0.000007 -0.000003
    3 -4.549240 -1.689358 -0.012529 0.000000 0.000000 0.000000
    4 4.331499 0.360595 -0.709097 0.000015 0.000003 0.056022
    5 3.513922 0.962076 -0.004281 0.000004 -0.000001 1.176003
    6 2.855053 0.477292 0.679213 -0.000001 -0.000004 2.896619
    7 1.649902 5.878080 0.032496 -0.000003 0.000002 -1.570796
    8 6.587842 -0.691444 0.025964 -0.000001 -0.000001 1.570796
    9 0.000002 -0.241401 -0.052690 0.000001 0.000001 0.000000
    10 10.620066 1.884898 -0.004843 -1.570796 -0.000002 1.570796
    11 -9.087198 1.359573 -0.008167 -0.000003 0.000002 -1.570796
    12 -1.023569 -24.305399 -9.868548 3.438446 -0.015411 -2.139222
    13 1.473659 0.639418 -1.295234 2.295683 0.557440 0.997369
    14 1.832607 0.000002 -0.000008 3.112730 0.044783 0.588907
    15 1.003335 0.000005 0.000001 -3.030449 0.014079 -0.293453
    16 3.823895 -0.419603 -1.411520 0.077643 0.265856 0.176189
    17 2.187956 0.000010 0.000000 -0.235871 -0.010757 0.075126
    18 1.100960 0.000002 0.000000 0.372106 -0.003905 0.075907
    19 3.987863 -0.577452 -0.474712 0.068271 0.135616 0.485778
    20 1.890109 -0.000010 -0.000001 -0.380741 0.013480 0.077413
    21 1.310925 0.000000 0.000000 0.465923 0.016336 0.045341
    22 4.117986 -0.654534 0.453695 0.083582 0.113248 0.739087
    23 1.655294 0.000008 0.000000 -0.319122 0.000828 0.042978
    24 0.869582 0.000004 0.000000 0.077099 -0.000383 -0.000157
    25 4.150630 -0.581594 1.354863 -0.319412 -0.027059 0.866572
    26 1.157247 -0.000010 -0.000002 0.177039 -0.027683 0.067040
    27 1.019835 -0.000006 0.000000 -1.429608 0.000292 -0.004384
    28 7.406140 -6.039003 -8.901889 -1.503413 0.679720 -1.780634
    29 12.695427 -0.000020 -0.000008 -0.143151 0.287382 -1.307584
    30 -5.656520 -14.158516 -8.794296 3.001506 -0.050077 -1.553149
    31 1.474215 -0.497926 -1.376118 0.979456 0.426216 -0.250748
    32 1.832179 -0.000010 -0.000002 -2.526135 -0.301549 0.609667
    33 1.042025 -0.000004 -0.000009 -2.896901 -0.278851 -0.192682
    34 3.823320 0.664865 -1.331676 0.252286 0.306748 0.071989
    35 2.152367 -0.000001 0.000004 0.085952 -0.140893 -0.248925
    36 1.056622 -0.000011 0.000000 0.245844 -0.068566 -0.219123
    37 3.985134 0.881805 -0.368986 0.128322 -0.008132 -0.090211
    38 1.830183 0.000015 0.000000 0.063848 -0.073976 -1.510189
    39 1.561352 0.000008 -0.000004 0.027634 -0.015755 -1.357316
    40 4.116518 0.711272 0.551869 0.187923 0.006580 -0.361666
    41 1.752727 0.000006 0.000000 0.026509 0.029549 -1.405299
    42 0.869359 -0.000006 0.000000 0.015642 -0.073475 -0.926032
    43 4.118826 0.331223 1.419829 0.128888 -0.005990 -0.280207
    44 1.176321 0.000006 0.000000 -0.027338 0.139049 -0.923530
    45 0.970199 -0.000002 -0.000004 1.655726 0.044655 -1.487290
    46 -7.606037 1.001330 -4.120493 -2.854030 1.006313 -2.195019
    47 12.706336 -0.000035 -0.000009 -0.283955 0.290718 -1.799288
    48 0.000000 0.000000 -0.000003 0.000000 0.000000 0.000000
    49 1.200000 0.000000 0.000010 0.000000 0.000000 0.000000
    50 0.000010 -0.300000 0.000000 3.141593 0.000000 -0.174533
    51 0.000000 -0.000001 0.000000 0.000000 0.000000 0.000000
    52 -0.000003 0.000000 0.000001 3.141592 0.000000 0.000000
    53 0.000006 0.000000 0.000004 0.000000 0.000000 0.349065
    54 0.000000 0.000000 0.000000 3.141593 0.000000 0.000000
    55 -0.000008 -0.000006 0.000000 3.141593 0.000000 0.000000
    56 0.000002 -0.000002 0.000000 3.141593 0.000000 0.000000
    57 0.000014 -0.000004 0.000000 3.141593 0.000000 0.000000
    58 -0.000001 0.000000 0.000000 3.141593 0.000000 -0.000001
    59 0.000000 0.000000 0.000000 3.141593 0.000000 0.000000
    60 0.000010 0.000017 0.000000 3.141593 0.000000 -0.000001
    61 0.000000 0.000004 0.000000 3.141593 0.000000 -0.000001
    62 0.000000 0.000006 0.000000 3.141593 0.000000 -0.000001
    63 0.000001 0.000002 0.000000 3.141593 0.000000 0.000000
    64 0.000000 0.000000 0.000000 -3.141592 0.000000 0.000000
    65 0.000000 0.000000 0.000000 -1.570797 -0.000001 0.000000
    66 0.000000 0.000000 0.000000 0.000000 0.000000 0.000000
    67 1.200000 0.000000 0.000000 0.000000 0.000000 0.000000
    68 0.000009 0.299994 0.000000 0.000000 0.000000 0.174533
    69 -0.000001 -0.000001 -0.000004 0.000000 0.000000 0.000000
    70 -0.000010 0.000000 -0.000003 -3.141592 0.000001 0.000000
    71 0.000000 0.000000 0.000000 0.000001 -0.000001 0.349065
    72 0.000000 -0.000003 0.000000 0.000000 0.000000 0.000000
    73 0.000003 0.000000 0.000000 0.000000 0.000000 0.000000
    74 -0.000010 -0.000006 0.000000 -0.000001 0.000000 0.000000
    75 0.000019 0.000002 0.000000 0.000000 0.000000 0.000000
    76 0.000001 0.000004 0.000000 0.000000 0.000000 -0.000001
    77 0.000000 0.000000 0.000000 0.000000 0.000000 -0.000001
    78 0.000001 -0.000002 0.000000 0.000000 0.000000 -0.000001
    79 0.000000 0.000000 0.000000 0.000000 0.000000 -0.000001
    80 0.000001 0.000008 0.000000 0.000000 0.000000 0.000000
    81 -0.000003 0.000004 0.000000 0.000000 0.000000 0.000000
    82 -0.000007 -0.000008 0.000000 0.000000 0.000000 -0.000001
    83 0.000000 0.000002 -0.000002 -1.570796 0.000000 0.000000
  time 5
    0 -4.911564 -16.670658 -4.902740 -1.652249 -0.037286 -1.562994
    1 -1.185547 -1.036133 0.043274 0.000000 0.000004 0.000000
    2 -1.936995 -1.361039 0.227474 0.000003 0.000007 -0.000003
    3 -4.549240 -1.689358 -0.012529 0.000000 0.000000 0.000000
    4 4.331499 0.360595 -0.709097 0.000015 0.000003 0.056022
    5 3.513922 0.962076 -0.004281 0.000004 -0.000001 1.176003
    6 2.855053 0.477292 0.679213 -0.000001 -0.000004 2.896619
    7 1.649902 5.878080 0.032496 -0.000003 0.000002 -1.570796
    8 6.587842 -0.691444 0.025964 -0.000001 -0.000001 1.570796
    9 0.000002 -0.241401 -0.052690 0.000001 0.000001 0.000000
    10 10.620066 1.884898 -0.004843 -1.570796 -0.000002 1.570796
    11 -9.087198 1.359573 -0.008167 -0.000003 0.000002 -1.570796
    12 -0.511835 -24.406965 -10.243560 3.358059 -0.015491 -2.129878
    13 1.473659 0.639418 -1.295234 2.312528 0.594763 1.090602
    14 1.832607 0.000002 -0.000008 3.112898 0.043225 0.510833
    15 1.003335 0.000005 0.000001 -3.028064 0.023726 -0.335139
    16 3.823895 -0.419603 -1.411520 0.068827 0.167970 0.119936
    17 2.187956 0.000010 0.000000 -0.251259 -0.020213 0.283497
    18 1.100960 0.000002 0.000000 0.378685 -0.031434 0.259909
    19 3.987863 -0.577452 -0.474712 0.069620 0.047361 0.423893
    20 1.890109 -0.000010 -0.000001 -0.401086 0.052022 0.300374
    21 1.310925 0.000000 0.000000 0.468730 0.051714 0.138994
    22 4.117986 -0.654534 0.453695 0.092977 0.031140 0.650229
    23 1.655294 0.000008 0.000000 -0.321327 0.001823 0.152606
    24 0.869582 0.000004 0.000000 0.077135 -0.000383 -0.000157
    25 4.150630 -0.581594 1.354863 -0.311238 -0.024701 0.671956
    26 1.157247 -0.000010 -0.000002 0.172676 -0.082672 0.212687
    27 1.019835 -0.000006 0.000000 -1.429596 0.000304 -0.004384
    28 7.406140 -6.039003 -8.901889 -1.480473 0.702153 -1.740004
    29 12.695427 -0.000020 -0.000008 -0.147499 0.288389 -1.323004
    30 -5.703397 -14.068669 -8.915393 2.988924 -0.029102 -1.551657
    31 1.474215 -0.497926 -1.376118 0.979456 0.426216 -0.250736
    32 1.832179 -0.000010 -0.000002 -2.526123 -0.301549 0.609667
    33 1.042025 -0.000004 -0.000009 -2.896901 -0.278839 -0.192682
    34 3.823320 0.664865 -1.331676 0.254443 0.282264 0.101579
    35 2.152367 -0.000001 0.000004 0.074866 -0.098707 -0.169743
    36 1.056622 -0.000011 0.000000 0.242740 -0.047437 -0.152285
    37 3.985134 0.881805 -0.368986 0.128322 -0.008132 -0.090211
    38 1.830183 0.000015 0.000000 0.063848 -0.073976 -1.510189
    39 1.561352 0.000008 -0.000004 0.027634 -0.015755 -1.357316
    40 4.116518 0.711272 0.551869 0.187923 0.006580 -0.361666
    41 1.752727 0.000006 0.000000 0.026509 0.029549 -1.405236
    42 0.869359 -0.000006 0.000000 0.015630 -0.073475 -0.926076
    43 4.118826 0.331223 1.419829 0.128888 -0.005990 -0.280207
    44 1.176321 0.000006 0.000000 -0.027338 0.139049 -0.923507
    45 0.970199 -0.000002 -0.000004 1.655726 0.044655 -1.487290
    46 -7.606037 1.001330 -4.120493 -2.876507 1.010017 -2.215449
    47 12.706336 -0.000035 -0.000009 -0.285557 0.290490 -1.804395
    48 0.000000 0.000000 -0.000003 0.000000 0.000000 0.000000
    49 1.200000 0.000000 0.000010 0.000000 0.000000 0.000000
    50 0.000010 -0.300000 0.000000 3.141593 0.000000 -0.174533
    51 0.000000 -0.000001 0.000000 0.000000 0.000000 0.000000
    52 -0.000003 0.000000 0.000001 3.141592 0.000000 0.000000
    53 0.000006 0.000000 0.000004 0.000000 0.000000 0.349065
    54 0.000000 0.000000 0.000000 3.141593 0.000000 0.000000
    55 -0.000008 -0.000006 0.000000 3.141593 0.000000 0.000000
    56 0.000002 -0.000002 0.000000 3.141593 0.000000 0.000000
    57 0.000014 -0.000004 0.000000 3.141593 0.000000 0.000000
    58 -0.000001 0.000000 0.000000 3.141593 0.000000 -0.000001
    59 0.000000 0.000000 0.000000 3.141593 0.000000 0.000000
    60 0.000010 0.000017 0.000000 3.141593 0.000000 -0.000001
    61 0.000000 0.000004 0.000000 3.141593 0.000000 -0.000001
    62 0.000000 0.000006 0.000000 3.141593 0.000000 -0.000001
    63 0.000001 0.000002 0.000000 3.141593 0.000000 0.000000
    64 0.000000 0.000000 0.000000 -3.141592 0.000000 0.000000
    65 0.000000 0.000000 0.000000 -1.570797 -0.000001 0.000000
    66 0.000000 0.000000 0.000000 0.000000 0.000000 0.000000
    67 1.200000 0.000000 0.000000 0.000000 0.000000 0.000000
    68 0.000009 0.299994 0.000000 0.000000 0.000000 0.174533
    69 -0.000001 -0.000001 -0.000004 0.000000 0.000000 0.000000
    70 -0.000010 0.000000 -0.000003 -3.141592 0.000001 0.000000
    71 0.000000 0.000000 0.000000 0.000001 -0.000001 0.349065
    72 0.000000 -0.000003 0.000000 0.000000 0.000000 0.000000
    73 0.000003 0.000000 0.000000 0.000000 0.000000 0.000000
    74 -0.000010 -0.000006 0.000000 -0.000001 0.000000 0.000000
    75 0.000019 0.000002 0.000000 0.000000 0.000000 0.000000
    76 0.000001 0.000004 0.000000 0.000000 0.000000 -0.000001
    77 0.000000 0.000000 0.000000 0.000000 0.000000 -0.000001
    78 0.000001 -0.000002 0.000000 0.000000 0.000000 -0.000001
    79 0.000000 0.000000 0.000000 0.000000 0.000000 -0.000001
    80 0.000001 0.000008 0.000000 0.000000 0.000000 0.000000
    81 -0.000003 0.000004 0.000000 0.000000 0.000000 0.000000
    82 -0.000007 -0.000008 0.000000 0.000000 0.000000 -0.000001
    83 0.000000 0.000002 -0.000002 -1.570796 0.000000 0.000000
  time 6
    0 -4.880313 -16.670658 -5.047275 -1.662335 -0.011704 -1.559729
    1 -1.185547 -1.036133 0.043274 0.000000 0.000004 0.000000
    2 -1.936995 -1.361039 0.227474 0.000003 0.000007 -0.000003
    3 -4.549240 -1.689358 -0.012529 0.000000 0.000000 0.000000
    4 4.331499 0.360595 -0.709097 0.000015 0.000003 0.056022
    5 3.513922 0.962076 -0.004281 0.000004 -0.000001 1.176003
    6 2.855053 0.477292 0.679213 -0.000001 -0.000004 2.896619
    7 1.649902 5.878080 0.032496 -0.000003 0.000002 -1.570796
    8 6.587842 -0.691444 0.025964 -0.000001 -0.000001 1.570796
    9 0.000002 -0.241401 -0.052690 0.000001 0.000001 0.000000
    10 10.620066 1.884898 -0.004843 -1.570796 -0.000002 1.570796
    11 -9.087198 1.359573 -0.008167 -0.000003 0.000002 -1.570796
    12 0.101465 -24.680410 -10.540444 3.183506 -0.023781 -2.098369
    13 1.473659 0.639418 -1.295234 2.316926 0.620111 1.154165
    14 1.832607 0.000002 -0.000008 3.112107 0.041187 0.435303
    15 1.003335 0.000005 0.000001 -3.026722 0.030282 -0.362593
    16 3.823895 -0.419603 -1.411520 0.070349 0.066072 0.088218
    17 2.187956 0.000010 0.000000 -0.266923 -0.026157 0.493542
    18 1.100960 0.000002 0.000000 0.380135 -0.059862 0.443875
    19 3.987863 -0.577452 -0.474712 0.076740 -0.043290 0.380688
    20 1.890109 -0.000010 -0.000001 -0.411465 0.091607 0.525019
    21 1.310925 0.000000 0.000000 0.474869 0.086697 0.232954
    22 4.117986 -0.654534 0.453695 0.107958 -0.051251 0.574763
    23 1.655294 0.000008 0.000000 -0.318726 0.003333 0.262723
    24 0.869582 0.000004 0.000000 0.077123 -0.000383 -0.000157
    25 4.150630 -0.581594 1.354863 -0.303904 -0.020833 0.477634
    26 1.157247 -0.000010 -0.000002 0.160404 -0.137346 0.360668
    27 1.019835 -0.000006 0.000000 -1.429596 0.000304 -0.004384
    28 7.406140 -6.039003 -8.901889 -1.467147 0.711334 -1.698822
    29 12.695427 -0.000020 -0.000008 -0.145434 0.287849 -1.315571
    30 -5.719022 -13.974916 -8.973989 2.979118 -0.003406 -1.548460
    31 1.474215 -0.497926 -1.376118 0.979456 0.426216 -0.250736
    32 1.832179 -0.000010 -0.000002 -2.526123 -0.301549 0.609667
    33 1.042025 -0.000004 -0.000009 -2.896901 -0.278839 -0.192682
    34 3.823320 0.664865 -1.331676 0.255882 0.259301 0.128796
    35 2.152367 -0.000001 0.000004 0.067424 -0.058942 -0.097195
    36 1.056622 -0.000011 0.000000 0.241146 -0.027699 -0.090541
    37 3.985134 0.881805 -0.368986 0.128322 -0.008132 -0.090211
    38 1.830183 0.000015 0.000000 0.063848 -0.073976 -1.510189
    39 1.561352 0.000008 -0.000004 0.027634 -0.015755 -1.357316
    40 4.116518 0.711272 0.551869 0.187923 0.006580 -0.361666
    41 1.752727 0.000006 0.000000 0.026473 0.029549 -1.405299
    42 0.869359 -0.000006 0.000000 0.015642 -0.073475 -0.926076
    43 4.118826 0.331223 1.419829 0.128888 -0.005990 -0.280207
    44 1.176321 0.000006 0.000000 -0.027338 0.139049 -0.923484
    45 0.970199 -0.000002 -0.000004 1.655726 0.044655 -1.487290
    46 -7.606037 1.001330 -4.120493 -2.895654 1.013120 -2.232318
    47 12.706336 -0.000035 -0.000009 -0.287796 0.289939 -1.812271
    48 0.000000 0.000000 -0.000003 0.000000 0.000000 0.000000
    49 1.200000 0.000000 0.000010 0.000000 0.000000 0.000000
    50 0.000010 -0.300000 0.000000 3.141593 0.000000 -0.174533
    51 0.000000 -0.000001 0.000000 0.000000 0.000000 0.000000
    52 -0.000003 0.000000 0.000001 3.141592 0.000000 0.000000
    53 0.000006 0.000000 0.000004 0.000000 0.000000 0.349065
    54 0.000000 0.000000 0.000000 3.141593 0.000000 0.000000
    55 -0.000008 -0.000006 0.000000 3.141593 0.000000 0.000000
    56 0.000002 -0.000002 0.000000 3.141593 0.000000 0.000000
    57 0.000014 -0.000004 0.000000 3.141593 0.000000 0.000000
    58 -0.000001 0.000000 0.000000 3.141593 0.000000 -0.000001
    59 0.000000 0.000000 0.000000 3.141593 0.000000 0.000000
    60 0.000010 0.000017 0.000000 3.141593 0.000000 -0.000001
    61 0.000000 0.000004 0.000000 3.141593 0.000000 -0.000001
    62 0.000000 0.000006 0.000000 3.141593 0.000000 -0.000001
    63 0.000001 0.000002 0.000000 3.141593 0.000000 0.000000
    64 0.000000 0.000000 0.000000 -3.141592 0.000000 0.000000
    65 0.000000 0.000000 0.000000 -1.570797 -0.000001 0.000000
    66 0.000000 0.000000 0.000000 0.000000 0.000000 0.000000
    67 1.200000 0.000000 0.000000 0.000000 0.000000 0.000000
    68 0.000009 0.299994 0.000000 0.000000 0.000000 0.174533
    69 -0.000001 -0.000001 -0.000004 0.000000 0.000000 0.000000
    70 -0.000010 0.000000 -0.000003 -3.141592 0.000001 0.000000
    71 0.000000 0.000000 0.000000 0.000001 -0.000001 0.349065
    72 0.000000 -0.000003 0.000000 0.000000 0.000000 0.000000
    73 0.000003 0.000000 0.000000 0.000000 0.000000 0.000000
    74 -0.000010 -0.000006 0.000000 -0.000001 0.000000 0.000000
    75 0.000019 0.000002 0.000000 0.000000 0.000000 0.000000
    76 0.000001 0.000004 0.000000 0.000000 0.000000 -0.000001
    77 0.000000 0.000000 0.000000 0.000000 0.000000 -0.000001
    78 0.000001 -0.000002 0.000000 0.000000 0.000000 -0.000001
    79 0.000000 0.000000 0.000000 0.000000 0.000000 -0.000001
    80 0.000001 0.000008 0.000000 0.000000 0.000000 0.000000
    81 -0.000003 0.000004 0.000000 0.000000 0.000000 0.000000
    82 -0.000007 -0.000008 0.000000 0.000000 0.000000 -0.000001
    83 0.000000 0.000002 -0.000002 -1.570796 0.000000 0.000000
  time 7
    0 -4.829530 -16.670658 -5.098058 -1.665697 0.007581 -1.551424
    1 -1.185547 -1.036133 0.043274 0.000000 0.000004 0.000000
    2 -1.936995 -1.361039 0.227474 0.000003 0.000007 -0.000003
    3 -4.549240 -1.689358 -0.012529 0.000000 0.000000 0.000000
    4 4.331499 0.360595 -0.709097 0.000015 0.000003 0.056022
    5 3.513922 0.962076 -0.004281 0.000004 -0.000001 1.176003
    6 2.855053 0.477292 0.679213 -0.000001 -0.000004 2.896619
    7 1.649902 5.878080 0.032496 -0.000003 0.000002 -1.570796
    8 6.587842 -0.691444 0.025964 -0.000001 -0.000001 1.570796
    9 0.000002 -0.241401 -0.052690 0.000001 0.000001 0.000000
    10 10.620066 1.884898 -0.004843 -1.570796 -0.000002 1.570796
    11 -9.087198 1.359573 -0.008167 -0.000003 0.000002 -1.570796
    12 0.441319 -24.852291 -10.645916 3.031490 -0.026478 -2.055561
    13 1.473659 0.639418 -1.295234 2.303329 0.631757 1.177248
    14 1.832607 0.000002 -0.000008 3.110321 0.039042 0.368317
    15 1.003335 0.000005 0.000001 -3.026387 0.032535 -0.372169
    16 3.823895 -0.419603 -1.411520 0.072372 0.026798 0.079431
    17 2.187956 0.000010 0.000000 -0.272999 -0.027583 0.573256
    18 1.100960 0.000002 0.000000 0.379308 -0.070576 0.513502
    19 3.987863 -0.577452 -0.474712 0.080511 -0.078213 0.366705
    20 1.890109 -0.000010 -0.000001 -0.412939 0.106780 0.610680
    21 1.310925 0.000000 0.000000 0.478073 0.099868 0.268918
    22 4.117986 -0.654534 0.453695 0.115221 -0.082478 0.547638
    23 1.655294 0.000008 0.000000 -0.317060 0.003885 0.305212
    24 0.869582 0.000004 0.000000 0.077111 -0.000383 -0.000157
    25 4.150630 -0.581594 1.354863 -0.301183 -0.019040 0.403931
    26 1.157247 -0.000010 -0.000002 0.153513 -0.157852 0.417897
    27 1.019835 -0.000006 0.000000 -1.429608 0.000268 -0.004384
    28 7.406140 -6.039003 -8.901889 -1.439448 0.709257 -1.664918
    29 12.695427 -0.000020 -0.000008 -0.144108 0.287610 -1.310826
    30 -5.703397 -13.904602 -8.973989 2.975939 0.015889 -1.540930
    31 1.474215 -0.497926 -1.376118 0.979456 0.426216 -0.250736
    32 1.832179 -0.000010 -0.000002 -2.526123 -0.301549 0.609667
    33 1.042025 -0.000004 -0.000009 -2.896901 -0.278851 -0.192682
    34 3.823320 0.664865 -1.331676 0.256493 0.241348 0.149900
    35 2.152367 -0.000001 0.000004 0.063817 -0.027458 -0.040649
    36 1.056622 -0.000011 0.000000 0.240655 -0.012191 -0.042195
    37 3.985134 0.881805 -0.368986 0.128322 -0.008132 -0.090211
    38 1.830183 0.000015 0.000000 0.063848 -0.073976 -1.510189
    39 1.561352 0.000008 -0.000004 0.027634 -0.015755 -1.357316
    40 4.116518 0.711272 0.551869 0.187923 0.006580 -0.361666
    41 1.752727 0.000006 0.000000 0.026497 0.029549 -1.405299
    42 0.869359 -0.000006 0.000000 0.015642 -0.073475 -0.926076
    43 4.118826 0.331223 1.419829 0.128888 -0.005990 -0.280207
    44 1.176321 0.000006 0.000000 -0.027338 0.139049 -0.923484
    45 0.970199 -0.000002 -0.000004 1.655726 0.044655 -1.487290
    46 -7.606037 1.001330 -4.120493 -2.903285 1.014455 -2.238129
    47 12.706336 -0.000035 -0.000009 -0.289723 0.289387 -1.818978
    48 0.000000 0.000000 -0.000003 0.000000 0.000000 0.000000
    49 1.200000 0.000000 0.000010 0.000000 0.000000 0.000000
    50 0.000010 -0.300000 0.000000 3.141593 0.000000 -0.174533
    51 0.000000 -0.000001 0.000000 0.000000 0.000000 0.000000
    52 -0.000003 0.000000 0.000001 3.141592 0.000000 0.000000
    53 0.000006 0.000000 0.000004 0.000000 0.000000 0.349065
    54 0.000000 0.000000 0.000000 3.141593 0.000000 0.000000
    55 -0.000008 -0.000006 0.000000 3.141593 0.000000 0.000000
    56 0.000002 -0.000002 0.000000 3.141593 0.000000 0.000000
    57 0.000014 -0.000004 0.000000 3.141593 0.000000 0.000000
    58 -0.000001 0.000000 0.000000 3.141593 0.000000 -0.000001
    59 0.000000 0.000000 0.000000 3.141593 0.000000 0.000000
    60 0.000010 0.000017 0.000000 3.141593 0.000000 -0.000001
    61 0.000000 0.000004 0.000000 3.141593 0.000000 -0.000001
    62 0.000000 0.000006 0.000000 3.141593 0.000000 -0.000001
    63 0.000001 0.000002 0.000000 3.141593 0.000000 0.000000
    64 0.000000 0.000000 0.000000 -3.141592 0.000000 0.000000
    65 0.000000 0.000000 0.000000 -1.570797 -0.000001 0.000000
    66 0.000000 0.000000 0.000000 0.000000 0.000000 0.000000
    67 1.200000 0.000000 0.000000 0.000000 0.000000 0.000000
    68 0.000009 0.299994 0.000000 0.000000 0.000000 0.174533
    69 -0.000001 -0.000001 -0.000004 0.000000 0.000000 0.000000
    70 -0.000010 0.000000 -0.000003 -3.141592 0.000001 0.000000
    71 0.000000 0.000000 0.000000 0.000001 -0.000001 0.349065
    72 0.000000 -0.000003 0.000000 0.000000 0.000000 0.000000
    73 0.000003 0.000000 0.000000 0.000000 0.000000 0.000000
    74 -0.000010 -0.000006 0.000000 -0.000001 0.000000 0.000000
    75 0.000019 0.000002 0.000000 0.000000 0.000000 0.000000
    76 0.000001 0.000004 0.000000 0.000000 0.000000 -0.000001
    77 0.000000 0.000000 0.000000 0.000000 0.000000 -0.000001
    78 0.000001 -0.000002 0.000000 0.000000 0.000000 -0.000001
    79 0.000000 0.000000 0.000000 0.000000 0.000000 -0.000001
    80 0.000001 0.000008 0.000000 0.000000 0.000000 0.000000
    81 -0.000003 0.000004 0.000000 0.000000 0.000000 0.000000
    82 -0.000007 -0.000008 0.000000 0.000000 0.000000 -0.000001
    83 0.000000 0.000002 -0.000002 -1.570796 0.000000 0.000000
  time 8
    0 -4.743590 -16.670658 -5.047275 -1.655073 0.022290 -1.536802
    1 -1.185547 -1.036133 0.043274 0.000000 0.000004 0.000000
    2 -1.936995 -1.361039 0.227474 0.000003 0.000007 -0.000003
    3 -4.549240 -1.689358 -0.012529 0.000000 0.000000 0.000000
    4 4.331499 0.360595 -0.709097 0.000015 0.000003 0.056022
    5 3.513922 0.962076 -0.004281 0.000004 -0.000001 1.176003
    6 2.855053 0.477292 0.679213 -0.000001 -0.000004 2.896619
    7 1.649902 5.878080 0.032496 -0.000003 0.000002 -1.570796
    8 6.587842 -0.691444 0.025964 -0.000001 -0.000001 1.570796
    9 0.000002 -0.241401 -0.052690 0.000001 0.000001 0.000000
    10 10.620066 1.884898 -0.004843 -1.570796 -0.000002 1.570796
    11 -9.087198 1.359573 -0.008167 -0.000003 0.000002 -1.570796
    12 0.320222 -24.805414 -10.520912 2.912597 -0.018228 -2.002902
    13 1.473659 0.639418 -1.295234 2.160061 0.684328 0.984814
    14 1.832607 0.000002 -0.000008 3.107038 0.035363 0.280753
    15 1.003335 0.000005 0.000001 -3.024900 0.021090 -0.278131
    16 3.823895 -0.419603 -1.411520 0.074061 0.164310 0.141065
    17 2.187956 0.000010 0.000000 -0.251475 -0.019973 0.283311
    18 1.100960 0.000002 0.000000 0.378493 -0.028498 0.260477
    19 3.987863 -0.577452 -0.474712 0.070628 0.044748 0.441815
    20 1.890109 -0.000010 -0.000001 -0.402177 0.052406 0.299904
    21 1.310925 0.000000 0.000000 0.469127 0.051858 0.139027
    22 4.117986 -0.654534 0.453695 0.091683 0.029592 0.666299
    23 1.655294 0.000008 0.000000 -0.319421 0.001919 0.151778
    24 0.869582 0.000004 0.000000 0.077087 -0.000383 -0.000157
    25 4.150630 -0.581594 1.354863 -0.311238 -0.024701 0.672040
    26 1.157247 -0.000010 -0.000002 0.173263 -0.083052 0.211613
    27 1.019835 -0.000006 0.000000 -1.429608 0.000292 -0.004384
    28 7.406140 -6.039003 -8.901889 -1.393378 0.692972 -1.644372
    29 12.695427 -0.000020 -0.000008 -0.144511 0.287621 -1.312012
    30 -5.621363 -13.861632 -8.891955 2.986730 0.030570 -1.526865
    31 1.474215 -0.497926 -1.376118 0.979456 0.426216 -0.250748
    32 1.832179 -0.000010 -0.000002 -2.526135 -0.301549 0.609667
    33 1.042025 -0.000004 -0.000009 -2.896925 -0.278839 -0.192682
    34 3.823320 0.664865 -1.331676 0.256637 0.230202 0.163059
    35 2.152367 -0.000001 0.000004 0.062426 -0.007923 -0.005688
    36 1.056622 -0.000011 0.000000 0.240835 -0.002483 -0.012113
    37 3.985134 0.881805 -0.368986 0.128322 -0.008132 -0.090211
    38 1.830183 0.000015 0.000000 0.063848 -0.073976 -1.510189
    39 1.561352 0.000008 -0.000004 0.027634 -0.015755 -1.357316
    40 4.116518 0.711272 0.551869 0.187923 0.006580 -0.361666
    41 1.752727 0.000006 0.000000 0.026509 0.029549 -1.405299
    42 0.869359 -0.000006 0.000000 0.015642 -0.073475 -0.926076
    43 4.118826 0.331223 1.419829 0.128888 -0.005990 -0.280207
    44 1.176321 0.000006 0.000000 -0.027338 0.139049 -0.923507
    45 0.970199 -0.000002 -0.000004 1.655726 0.044655 -1.487290
    46 -7.606037 1.001330 -4.120493 -2.900024 1.013387 -2.231131
    47 12.706336 -0.000035 -0.000009 -0.291311 0.289088 -1.825008
    48 0.000000 0.000000 -0.000003 0.000000 0.000000 0.000000
    49 1.200000 0.000000 0.000010 0.000000 0.000000 0.000000
    50 0.000010 -0.300000 0.000000 3.141593 0.000000 -0.174533
    51 0.000000 -0.000001 0.000000 0.000000 0.000000 0.000000
    52 -0.000003 0.000000 0.000001 3.141592 0.000000 0.000000
    53 0.000006 0.000000 0.000004 0.000000 0.000000 0.349065
    54 0.000000 0.000000 0.000000 3.141593 0.000000 0.000000
    55 -0.000008 -0.000006 0.000000 3.141593 0.000000 0.000000
    56 0.000002 -0.000002 0.000000 3.141593 0.000000 0.000000
    57 0.000014 -0.000004 0.000000 3.141593 0.000000 0.000000
    58 -0.000001 0.000000 0.000000 3.141593 0.000000 -0.000001
    59 0.000000 0.000000 0.000000 3.141593 0.000000 0.000000
    60 0.000010 0.000017 0.000000 3.141593 0.000000 -0.000001
    61 0.000000 0.000004 0.000000 3.141593 0.000000 -0.000001
    62 0.000000 0.000006 0.000000 3.141593 0.000000 -0.000001
    63 0.000001 0.000002 0.000000 3.141593 0.000000 0.000000
    64 0.000000 0.000000 0.000000 -3.141592 0.000000 0.000000
    65 0.000000 0.000000 0.000000 -1.570797 -0.000001 0.000000
    66 0.000000 0.000000 0.000000 0.000000 0.000000 0.000000
    67 1.200000 0.000000 0.000000 0.000000 0.000000 0.000000
    68 0.000009 0.299994 0.000000 0.000000 0.000000 0.174533
    69 -0.000001 -0.000001 -0.000004 0.000000 0.000000 0.000000
    70 -0.000010 0.000000 -0.000003 -3.141592 0.000001 0.000000
    71 0.000000 0.000000 0.000000 0.000001 -0.000001 0.349065
    72 0.000000 -0.000003 0.000000 0.000000 0.000000 0.000000
    73 0.000003 0.000000 0.000000 0.000000 0.000000 0.000000
    74 -0.000010 -0.000006 0.000000 -0.000001 0.000000 0.000000
    75 0.000019 0.000002 0.000000 0.000000 0.000000 0.000000
    76 0.000001 0.000004 0.000000 0.000000 0.000000 -0.000001
    77 0.000000 0.000000 0.000000 0.000000 0.000000 -0.000001
    78 0.000001 -0.000002 0.000000 0.000000 0.000000 -0.000001
    79 0.000000 0.000000 0.000000 0.000000 0.000000 -0.000001
    80 0.000001 0.000008 0.000000 0.000000 0.000000 0.000000
    81 -0.000003 0.000004 0.000000 0.000000 0.000000 0.000000
    82 -0.000007 -0.000008 0.000000 0.000000 0.000000 -0.000001
    83 0.000000 0.000002 -0.000002 -1.570796 0.000000 0.000000
  time 9
    0 -4.614680 -16.670658 -4.902740 -1.624501 0.033692 -1.513379
    1 -1.185547 -1.036133 0.043274 0.000000 0.000004 0.000000
    2 -1.936995 -1.361039 0.227474 0.000003 0.000007 -0.000003
    3 -4.549240 -1.689358 -0.012529 0.000000 0.000000 0.000000
    4 4.331499 0.360595 -0.709097 0.000015 0.000003 0.056022
    5 3.513922 0.962076 -0.004281 0.000004 -0.000001 1.176003
    6 2.855053 0.477292 0.679213 -0.000001 -0.000004 2.896619
    7 1.649902 5.878080 0.032496 -0.000003 0.000002 -1.570796
    8 6.587842 -0.691444 0.025964 -0.000001 -0.000001 1.570796
    9 0.000002 -0.241401 -0.052690 0.000001 0.000001 0.000000
    10 10.620066 1.884898 -0.004843 -1.570796 -0.000002 1.570796
    11 -9.087198 1.359573 -0.008167 -0.000003 0.000002 -1.570796
    12 0.171780 -24.672598 -10.173245 2.875825 0.004993 -1.944810
    13 1.473659 0.639418 -1.295234 1.935499 0.723625 0.658329
    14 1.832607 0.000002 -0.000008 3.103922 0.032366 0.228867
    15 1.003335 0.000005 0.000001 -3.026458 -0.006187 -0.059002
    16 3.823895 -0.419603 -1.411520 0.097131 0.293464 0.246092
    17 2.187956 0.000010 0.000000 -0.228093 -0.005712 -0.003612
    18 1.100960 0.000002 0.000000 0.368103 0.006114 0.006280
    19 3.987863 -0.577452 -0.474712 0.073245 0.163588 0.547460
    20 1.890109 -0.000010 -0.000001 -0.367620 -0.005024 -0.006721
    21 1.310925 0.000000 0.000000 0.465710 0.002625 0.009683
    22 4.117986 -0.654534 0.453695 0.081053 0.142153 0.801030
    23 1.655294 0.000008 0.000000 -0.309210 0.002327 -0.000414
    24 0.869582 0.000004 0.000000 0.077087 -0.000383 -0.000157
    25 4.150630 -0.581594 1.354863 -0.322552 -0.027515 0.940275
    26 1.157247 -0.000010 -0.000002 0.177446 -0.006862 0.009959
    27 1.019835 -0.000006 0.000000 -1.429608 0.000292 -0.004384
    28 7.406140 -6.039003 -8.901889 -1.349878 0.671079 -1.626868
    29 12.695427 -0.000020 -0.000008 -0.148221 0.288532 -1.325376
    30 -5.441670 -13.822568 -8.731794 3.017446 0.041539 -1.501788
    31 1.474215 -0.497926 -1.376118 0.979456 0.426216 -0.250748
    32 1.832179 -0.000010 -0.000002 -2.526123 -0.301549 0.609667
    33 1.042025 -0.000004 -0.000009 -2.896901 -0.278827 -0.192682
    34 3.823320 0.664865 -1.331676 0.256661 0.226439 0.167554
    35 2.152367 -0.000001 0.000004 0.062007 -0.001524 0.005920
    36 1.056622 -0.000011 0.000000 0.241003 0.000705 -0.002214
    37 3.985134 0.881805 -0.368986 0.128322 -0.008132 -0.090211
    38 1.830183 0.000015 0.000000 0.063848 -0.073976 -1.510189
    39 1.561352 0.000008 -0.000004 0.027634 -0.015755 -1.357316
    40 4.116518 0.711272 0.551869 0.187923 0.006580 -0.361666
    41 1.752727 0.000006 0.000000 0.026509 0.029549 -1.405299
    42 0.869359 -0.000006 0.000000 0.015642 -0.073475 -0.926076
    43 4.118826 0.331223 1.419829 0.128888 -0.005990 -0.280207
    44 1.176321 0.000006 0.000000 -0.027338 0.139049 -0.923507
    45 0.970199 -0.000002 -0.000004 1.655726 0.044655 -1.487290
    46 -7.606037 1.001330 -4.120493 -2.888231 1.009483 -2.211138
    47 12.706336 -0.000035 -0.000009 -0.292795 0.288596 -1.830177
    48 0.000000 0.000000 -0.000003 0.000000 0.000000 0.000000
    49 1.200000 0.000000 0.000010 0.000000 0.000000 0.000000
    50 0.000010 -0.300000 0.000000 3.141593 0.000000 -0.174533
    51 0.000000 -0.000001 0.000000 0.000000 0.000000 0.000000
    52 -0.000003 0.000000 0.000001 3.141592 0.000000 0.000000
    53 0.000006 0.000000 0.000004 0.000000 0.000000 0.349065
    54 0.000000 0.000000 0.000000 3.141593 0.000000 0.000000
    55 -0.000008 -0.000006 0.000000 3.141593 0.000000 0.000000
    56 0.000002 -0.000002 0.000000 3.141593 0.000000 0.000000
    57 0.000014 -0.000004 0.000000 3.141593 0.000000 0.000000
    58 -0.000001 0.000000 0.000000 3.141593 0.000000 -0.000001
    59 0.000000 0.000000 0.000000 3.141593 0.000000 0.000000
    60 0.000010 0.000017 0.000000 3.141593 0.000000 -0.000001
    61 0.000000 0.000004 0.000000 3.141593 0.000000 -0.000001
    62 0.000000 0.000006 0.000000 3.141593 0.000000 -0.000001
    63 0.000001 0.000002 0.000000 3.141593 0.000000 0.000000
    64 0.000000 0.000000 0.000000 -3.141592 0.000000 0.000000
    65 0.000000 0.000000 0.000000 -1.570797 -0.000001 0.000000
    66 0.000000 0.000000 0.000000 0.000000 0.000000 0.000000
    67 1.200000 0.000000 0.000000 0.000000 0.000000 0.000000
    68 0.000009 0.299994 0.000000 0.000000 0.000000 0.174533
    69 -0.000001 -0.000001 -0.000004 0.000000 0.000000 0.000000
    70 -0.000010 0.000000 -0.000003 -3.141592 0.000001 0.000000
    71 0.000000 0.000000 0.000000 0.000001 -0.000001 0.349065
    72 0.000000 -0.000003 0.000000 0.000000 0.000000 0.000000
    73 0.000003 0.000000 0.000000 0.000000 0.000000 0.000000
    74 -0.000010 -0.000006 0.000000 -0.000001 0.000000 0.000000
    75 0.000019 0.000002 0.000000 0.000000 0.000000 0.000000
    76 0.000001 0.000004 0.000000 0.000000 0.000000 -0.000001
    77 0.000000 0.000000 0.000000 0.000000 0.000000 -0.000001
    78 0.000001 -0.000002 0.000000 0.000000 0.000000 -0.000001
    79 0.000000 0.000000 0.000000 0.000000 0.000000 -0.000001
    80 0.000001 0.000008 0.000000 0.000000 0.000000 0.000000
    81 -0.000003 0.000004 0.000000 0.000000 0.000000 0.000000
    82 -0.000007 -0.000008 0.000000 0.000000 0.000000 -0.000001
    83 0.000000 0.000002 -0.000002 -1.570796 0.000000 0.000000
  time 10
    0 -4.485770 -16.670658 -4.742579 -1.589760 0.036561 -1.486122
    1 -1.185547 -1.036133 0.043274 0.000000 0.000004 0.000000
    2 -1.936995 -1.361039 0.227474 0.000003 0.000007 -0.000003
    3 -4.549240 -1.689358 -0.012529 0.000000 0.000000 0.000000
    4 4.331499 0.360595 -0.709097 0.000015 0.000003 0.056022
    5 3.513922 0.962076 -0.004281 0.000004 -0.000001 1.176003
    6 2.855053 0.477292 0.679213 -0.000001 -0.000004 2.896619
    7 1.649902 5.878080 0.032496 -0.000003 0.000002 -1.570796
    8 6.587842 -0.691444 0.025964 -0.000001 -0.000001 1.570796
    9 0.000002 -0.241401 -0.052690 0.000001 0.000001 0.000000
    10 10.620066 1.884898 -0.004843 -1.570796 -0.000002 1.570796
    11 -9.087198 1.359573 -0.008167 -0.000003 0.000002 -1.570796
    12 0.246001 -24.500717 -9.755263 2.912232 0.026805 -1.892658
    13 1.473659 0.639418 -1.295234 1.803499 0.728823 0.463896
    14 1.832607 0.000002 -0.000008 3.102471 0.032103 0.250326
    15 1.003335 0.000005 0.000001 -3.031888 -0.024452 0.080927
    16 3.823895 -0.419603 -1.411520 0.124451 0.268073 0.327127
    17 2.187956 0.000010 0.000000 -0.202290 -0.011236 0.012424
    18 1.100960 0.000002 0.000000 0.371327 -0.011683 0.042355
    19 3.987863 -0.577452 -0.474712 0.080381 0.148955 0.599136
    20 1.890109 -0.000010 -0.000001 -0.322964 -0.024224 0.002205
    21 1.310925 0.000000 0.000000 0.467298 -0.004625 0.042874
    22 4.117986 -0.654534 0.453695 0.080525 0.128465 0.827656
    23 1.655294 0.000008 0.000000 -0.281622 0.009409 0.029355
    24 0.869582 0.000004 0.000000 0.077423 -0.004578 0.048008
    25 4.150630 -0.581594 1.354863 -0.323403 -0.028034 0.935657
    26 1.157247 -0.000010 -0.000002 0.177098 -0.025349 0.041000
    27 1.019835 -0.000006 0.000000 -1.430579 -0.008828 0.030381
    28 7.406140 -6.039003 -8.901889 -1.318276 0.654088 -1.603190
    29 12.695427 -0.000020 -0.000008 -0.155859 0.290390 -1.352262
    30 -5.250258 -13.818662 -8.587258 3.052371 0.044075 -1.475007
    31 1.474215 -0.497926 -1.376118 0.979456 0.426216 -0.250748
    32 1.832179 -0.000010 -0.000002 -2.526123 -0.301549 0.609667
    33 1.042025 -0.000004 -0.000009 -2.896937 -0.278839 -0.192682
    34 3.823320 0.664865 -1.331676 0.256661 0.226427 0.167554
    35 2.152367 -0.000001 0.000004 0.062019 -0.001524 0.005920
    36 1.056622 -0.000011 0.000000 0.240991 0.000705 -0.002202
    37 3.985134 0.881805 -0.368986 0.128322 -0.008132 -0.090211
    38 1.830183 0.000015 0.000000 0.063848 -0.073976 -1.510189
    39 1.561352 0.000008 -0.000004 0.027634 -0.015755 -1.357316
    40 4.116518 0.711272 0.551869 0.187923 0.006580 -0.361666
    41 1.752727 0.000006 0.000000 0.026509 0.029549 -1.405299
    42 0.869359 -0.000006 0.000000 0.015582 -0.073475 -0.926076
    43 4.118826 0.331223 1.419829 0.128888 -0.005990 -0.280207
    44 1.176321 0.000006 0.000000 -0.027338 0.139049 -0.923507
    45 0.970199 -0.000002 -0.000004 1.655726 0.044655 -1.487290
    46 -7.606037 1.001330 -4.120493 -2.874634 1.004411 -2.187709
    47 12.706336 -0.000035 -0.000009 -0.293329 0.288476 -1.831776
    48 0.000000 0.000000 -0.000003 0.000000 0.000000 0.000000
    49 1.200000 0.000000 0.000010 0.000000 0.000000 0.000000
    50 0.000010 -0.300000 0.000000 3.141593 0.000000 -0.174533
    51 0.000000 -0.000001 0.000000 0.000000 0.000000 0.000000
    52 -0.000003 0.000000 0.000001 3.141592 0.000000 0.000000
    53 0.000006 0.000000 0.000004 0.000000 0.000000 0.349065
    54 0.000000 0.000000 0.000000 3.141593 0.000000 0.000000
    55 -0.000008 -0.000006 0.000000 3.141593 0.000000 0.000000
    56 0.000002 -0.000002 0.000000 3.141593 0.000000 0.000000
    57 0.000014 -0.000004 0.000000 3.141593 0.000000 0.000000
    58 -0.000001 0.000000 0.000000 3.141593 0.000000 -0.000001
    59 0.000000 0.000000 0.000000 3.141593 0.000000 0.000000
    60 0.000010 0.000017 0.000000 3.141593 0.000000 -0.000001
    61 0.000000 0.000004 0.000000 3.141593 0.000000 -0.000001
    62 0.000000 0.000006 0.000000 3.141593 0.000000 -0.000001
    63 0.000001 0.000002 0.000000 3.141593 0.000000 0.000000
    64 0.000000 0.000000 0.000000 -3.141592 0.000000 0.000000
    65 0.000000 0.000000 0.000000 -1.570797 -0.000001 0.000000
    66 0.000000 0.000000 0.000000 0.000000 0.000000 0.000000
    67 1.200000 0.000000 0.000000 0.000000 0.000000 0.000000
    68 0.000009 0.299994 0.000000 0.000000 0.000000 0.174533
    69 -0.000001 -0.000001 -0.000004 0.000000 0.000000 0.000000
    70 -0.000010 0.000000 -0.000003 -3.141592 0.000001 0.000000
    71 0.000000 0.000000 0.000000 0.000001 -0.000001 0.349065
    72 0.000000 -0.000003 0.000000 0.000000 0.000000 0.000000
    73 0.000003 0.000000 0.000000 0.000000 0.000000 0.000000
    74 -0.000010 -0.000006 0.000000 -0.000001 0.000000 0.000000
    75 0.000019 0.000002 0.000000 0.000000 0.000000 0.000000
    76 0.000001 0.000004 0.000000 0.000000 0.000000 -0.000001
    77 0.000000 0.000000 0.000000 0.000000 0.000000 -0.000001
    78 0.000001 -0.000002 0.000000 0.000000 0.000000 -0.000001
    79 0.000000 0.000000 0.000000 0.000000 0.000000 -0.000001
    80 0.000001 0.000008 0.000000 0.000000 0.000000 0.000000
    81 -0.000003 0.000004 0.000000 0.000000 0.000000 0.000000
    82 -0.000007 -0.000008 0.000000 0.000000 0.000000 -0.000001
    83 0.000000 0.000002 -0.000002 -1.570796 0.000000 0.000000
  time 11
    0 -4.349047 -16.670658 -4.566792 -1.551567 0.014981 -1.457801
    1 -1.185547 -1.036133 0.043274 0.000000 0.000004 0.000000
    2 -1.936995 -1.361039 0.227474 0.000003 0.000007 -0.000003
    3 -4.549240 -1.689358 -0.012529 0.000000 0.000000 0.000000
    4 4.331499 0.360595 -0.709097 0.000015 0.000003 0.056022
    5 3.513922 0.962076 -0.004281 0.000004 -0.000001 1.176003
    6 2.855053 0.477292 0.679213 -0.000001 -0.000004 2.896619
    7 1.649902 5.878080 0.032496 -0.000003 0.000002 -1.570796
    8 6.587842 -0.691444 0.025964 -0.000001 -0.000001 1.570796
    9 0.000002 -0.241401 -0.052690 0.000001 0.000001 0.000000
    10 10.620066 1.884898 -0.004843 -1.570796 -0.000002 1.570796
    11 -9.087198 1.359573 -0.008167 -0.000003 0.000002 -1.570796
    12 0.316315 -24.344463 -9.134151 2.971998 0.027208 -1.837971
    13 1.473659 0.639418 -1.295234 1.681876 0.721947 0.285706
    14 1.832607 0.000002 -0.000008 3.101752 0.032930 0.311637
    15 1.003335 0.000005 0.000001 -3.036561 -0.032206 0.126288
    16 3.823895 -0.419603 -1.411520 0.161107 0.218611 0.427168
    17 2.187956 0.000010 0.000000 -0.147173 -0.027775 0.078054
    18 1.100960 0.000002 0.000000 0.375689 -0.044581 0.155237
    19 3.987863 -0.577452 -0.474712 0.089760 0.120683 0.647464
    20 1.890109 -0.000010 -0.000001 -0.223701 -0.044621 0.038654
    21 1.310925 0.000000 0.000000 0.473352 -0.026413 0.142430
    22 4.117986 -0.654534 0.453695 0.080717 0.093179 0.847402
    23 1.655294 0.000008 0.000000 -0.239867 0.018985 0.121031
    24 0.869582 0.000004 0.000000 0.076812 -0.017066 0.193980
    25 4.150630 -0.581594 1.354863 -0.325811 -0.030078 0.920081
    26 1.157247 -0.000010 -0.000002 0.173012 -0.080587 0.133233
    27 1.019835 -0.000006 0.000000 -1.435157 -0.036057 0.134635
    28 7.406140 -6.039003 -8.901889 -1.297811 0.626296 -1.586514
    29 12.695427 -0.000020 -0.000008 -0.162943 0.291672 -1.376696
    30 -5.031501 -13.920227 -8.489599 3.090207 0.022015 -1.446450
    31 1.474215 -0.497926 -1.376118 0.979456 0.426216 -0.250736
    32 1.832179 -0.000010 -0.000002 -2.526123 -0.301549 0.609667
    33 1.042025 -0.000004 -0.000009 -2.896901 -0.278827 -0.192682
    34 3.823320 0.664865 -1.331676 0.256661 0.226427 0.167554
    35 2.152367 -0.000001 0.000004 0.062007 -0.001524 0.005920
    36 1.056622 -0.000011 0.000000 0.240991 0.000705 -0.002202
    37 3.985134 0.881805 -0.368986 0.128322 -0.008132 -0.090211
    38 1.830183 0.000015 0.000000 0.063848 -0.073976 -1.510189
    39 1.561352 0.000008 -0.000004 0.027634 -0.015755 -1.357316
    40 4.116518 0.711272 0.551869 0.187923 0.006580 -0.361666
    41 1.752727 0.000006 0.000000 0.026485 0.029549 -1.405299
    42 0.869359 -0.000006 0.000000 0.015642 -0.073475 -0.926076
    43 4.118826 0.331223 1.419829 0.128888 -0.005990 -0.280207
    44 1.176321 0.000006 0.000000 -0.027338 0.139049 -0.923484
    45 0.970199 -0.000002 -0.000004 1.655726 0.044655 -1.487290
    46 -7.606037 1.001330 -4.120493 -2.857568 0.996302 -2.158282
    47 12.706336 -0.000035 -0.000009 -0.290608 0.289160 -1.822424
    48 0.000000 0.000000 -0.000003 0.000000 0.000000 0.000000
    49 1.200000 0.000000 0.000010 0.000000 0.000000 0.000000
    50 0.000010 -0.300000 0.000000 3.141593 0.000000 -0.174533
    51 0.000000 -0.000001 0.000000 0.000000 0.000000 0.000000
    52 -0.000003 0.000000 0.000001 3.141592 0.000000 0.000000
    53 0.000006 0.000000 0.000004 0.000000 0.000000 0.349065
    54 0.000000 0.000000 0.000000 3.141593 0.000000 0.000000
    55 -0.000008 -0.000006 0.000000 3.141593 0.000000 0.000000
    56 0.000002 -0.000002 0.000000 3.141593 0.000000 0.000000
    57 0.000014 -0.000004 0.000000 3.141593 0.000000 0.000000
    58 -0.000001 0.000000 0.000000 3.141593 0.000000 -0.000001
    59 0.000000 0.000000 0.000000 3.141593 0.000000 0.000000
    60 0.000010 0.000017 0.000000 3.141593 0.000000 -0.000001
    61 0.000000 0.000004 0.000000 3.141593 0.000000 -0.000001
    62 0.000000 0.000006 0.000000 3.141593 0.000000 -0.000001
    63 0.000001 0.000002 0.000000 3.141593 0.000000 0.000000
    64 0.000000 0.000000 0.000000 -3.141592 0.000000 0.000000
    65 0.000000 0.000000 0.000000 -1.570797 -0.000001 0.000000
    66 0.000000 0.000000 0.000000 0.000000 0.000000 0.000000
    67 1.200000 0.000000 0.000000 0.000000 0.000000 0.000000
    68 0.000009 0.299994 0.000000 0.000000 0.000000 0.174533
    69 -0.000001 -0.000001 -0.000004 0.000000 0.000000 0.000000
    70 -0.000010 0.000000 -0.000003 -3.141592 0.000001 0.000000
    71 0.000000 0.000000 0.000000 0.000001 -0.000001 0.349065
    72 0.000000 -0.000003 0.000000 0.000000 0.000000 0.000000
    73 0.000003 0.000000 0.000000 0.000000 0.000000 0.000000
    74 -0.000010 -0.000006 0.000000 -0.000001 0.000000 0.000000
    75 0.000019 0.000002 0.000000 0.000000 0.000000 0.000000
    76 0.000001 0.000004 0.000000 0.000000 0.000000 -0.000001
    77 0.000000 0.000000 0.000000 0.000000 0.000000 -0.000001
    78 0.000001 -0.000002 0.000000 0.000000 0.000000 -0.000001
    79 0.000000 0.000000 0.000000 0.000000 0.000000 -0.000001
    80 0.000001 0.000008 0.000000 0.000000 0.000000 0.000000
    81 -0.000003 0.000004 0.000000 0.000000 0.000000 0.000000
    82 -0.000007 -0.000008 0.000000 0.000000 0.000000 -0.000001
    83 0.000000 0.000002 -0.000002 -1.570796 0.000000 0.000000
  time 12
    0 -4.188886 -16.670658 -4.340223 -1.504678 -0.044444 -1.426428
    1 -1.185547 -1.036133 0.043274 0.000000 0.000004 0.000000
    2 -1.936995 -1.361039 0.227474 0.000003 0.000007 -0.000003
    3 -4.549240 -1.689358 -0.012529 0.000000 0.000000 0.000000
    4 4.331499 0.360595 -0.709097 0.000015 0.000003 0.056022
    5 3.513922 0.962076 -0.004281 0.000004 -0.000001 1.176003
    6 2.855053 0.477292 0.679213 -0.000001 -0.000004 2.896619
    7 1.649902 5.878080 0.032496 -0.000003 0.000002 -1.570796
    8 6.587842 -0.691444 0.025964 -0.000001 -0.000001 1.570796
    9 0.000002 -0.241401 -0.052690 0.000001 0.000001 0.000000
    10 10.620066 1.884898 -0.004843 -1.570796 -0.000002 1.570796
    11 -9.087198 1.359573 -0.008167 -0.000003 0.000002 -1.570796
    12 0.460851 -24.223365 -8.161465 3.062696 -0.007523 -1.780821
    13 1.473659 0.639418 -1.295234 1.575287 0.706880 0.128910
    14 1.832607 0.000002 -0.000008 3.101513 0.034560 0.387330
    15 1.003335 0.000005 0.000001 -3.041200 -0.037216 0.144445
    16 3.823895 -0.419603 -1.411520 0.198450 0.146239 0.535330
    17 2.187956 0.000010 0.000000 -0.087765 -0.043751 0.210058
    18 1.100960 0.000002 0.000000 0.375245 -0.089595 0.332130
    19 3.987863 -0.577452 -0.474712 0.099464 0.079672 0.688875
    20 1.890109 -0.000010 -0.000001 -0.112010 -0.058667 0.124080
    21 1.310925 0.000000 0.000000 0.479108 -0.060713 0.296416
    22 4.117986 -0.654534 0.453695 0.081292 0.040901 0.859796
    23 1.655294 0.000008 0.000000 -0.187255 0.024929 0.263551
    24 0.869582 0.000004 0.000000 0.072341 -0.035977 0.423619
    25 4.150630 -0.581594 1.354863 -0.329694 -0.034324 0.892854
    26 1.157247 -0.000010 -0.000002 0.156497 -0.164670 0.278510
    27 1.019835 -0.000006 0.000000 -1.447957 -0.076877 0.296721
    28 7.406140 -6.039003 -8.901889 -1.297716 0.581596 -1.577025
    29 12.695427 -0.000020 -0.000008 -0.168483 0.292799 -1.396228
    30 -4.746336 -14.150703 -8.438816 3.136326 -0.037932 -1.414696
    31 1.474215 -0.497926 -1.376118 0.979456 0.426216 -0.250736
    32 1.832179 -0.000010 -0.000002 -2.526123 -0.301549 0.609667
    33 1.042025 -0.000004 -0.000009 -2.896901 -0.278827 -0.192682
    34 3.823320 0.664865 -1.331676 0.256661 0.226427 0.167554
    35 2.152367 -0.000001 0.000004 0.062007 -0.001524 0.005920
    36 1.056622 -0.000011 0.000000 0.240991 0.000705 -0.002202
    37 3.985134 0.881805 -0.368986 0.128322 -0.008132 -0.090211
    38 1.830183 0.000015 0.000000 0.063848 -0.073976 -1.510189
    39 1.561352 0.000008 -0.000004 0.027634 -0.015755 -1.357316
    40 4.116518 0.711272 0.551869 0.187923 0.006580 -0.361666
    41 1.752727 0.000006 0.000000 0.026509 0.029549 -1.405299
    42 0.869359 -0.000006 0.000000 0.015618 -0.073475 -0.926076
    43 4.118826 0.331223 1.419829 0.128888 -0.005990 -0.280207
    44 1.176321 0.000006 0.000000 -0.027338 0.139049 -0.923484
    45 0.970199 -0.000002 -0.000004 1.655726 0.044655 -1.487290
    46 -7.606037 1.001330 -4.120493 -2.832802 0.982554 -2.115297
    47 12.706336 -0.000035 -0.000009 -0.283057 0.290921 -1.795842
    48 0.000000 0.000000 -0.000003 0.000000 0.000000 0.000000
    49 1.200000 0.000000 0.000010 0.000000 0.000000 0.000000
    50 0.000010 -0.300000 0.000000 3.141593 0.000000 -0.174533
    51 0.000000 -0.000001 0.000000 0.000000 0.000000 0.000000
    52 -0.000003 0.000000 0.000001 3.141592 0.000000 0.000000
    53 0.000006 0.000000 0.000004 0.000000 0.000000 0.349065
    54 0.000000 0.000000 0.000000 3.141593 0.000000 0.000000
    55 -0.000008 -0.000006 0.000000 3.141593 0.000000 0.000000
    56 0.000002 -0.000002 0.000000 3.141593 0.000000 0.000000
    57 0.000014 -0.000004 0.000000 3.141593 0.000000 0.000000
    58 -0.000001 0.000000 0.000000 3.141593 0.000000 -0.000001
    59 0.000000 0.000000 0.000000 3.141593 0.000000 0.000000
    60 0.000010 0.000017 0.000000 3.141593 0.000000 -0.000001
    61 0.000000 0.000004 0.000000 3.141593 0.000000 -0.000001
    62 0.000000 0.000006 0.000000 3.141593 0.000000 -0.000001
    63 0.000001 0.000002 0.000000 3.141593 0.000000 0.000000
    64 0.000000 0.000000 0.000000 -3.141592 0.000000 0.000000
    65 0.000000 0.000000 0.000000 -1.570797 -0.000001 0.000000
    66 0.000000 0.000000 0.000000 0.000000 0.000000 0.000000
    67 1.200000 0.000000 0.000000 0.000000 0.000000 0.000000
    68 0.000009 0.299994 0.000000 0.000000 0.000000 0.174533
    69 -0.000001 -0.000001 -0.000004 0.000000 0.000000 0.000000
    70 -0.000010 0.000000 -0.000003 -3.141592 0.000001 0.000000
    71 0.000000 0.000000 0.000000 0.000001 -0.000001 0.349065
    72 0.000000 -0.000003 0.000000 0.000000 0.000000 0.000000
    73 0.000003 0.000000 0.000000 0.000000 0.000000 0.000000
    74 -0.000010 -0.000006 0.000000 -0.000001 0.000000 0.000000
    75 0.000019 0.000002 0.000000 0.000000 0.000000 0.000000
    76 0.000001 0.000004 0.000000 0.000000 0.000000 -0.000001
    77 0.000000 0.000000 0.000000 0.000000 0.000000 -0.000001
    78 0.000001 -0.000002 0.000000 0.000000 0.000000 -0.000001
    79 0.000000 0.000000 0.000000 0.000000 0.000000 -0.000001
    80 0.000001 0.000008 0.000000 0.000000 0.000000 0.000000
    81 -0.000003 0.000004 0.000000 0.000000 0.000000 0.000000
    82 -0.000007 -0.000008 0.000000 0.000000 0.000000 -0.000001
    83 0.000000 0.000002 -0.000002 -1.570796 0.000000 0.000000
  time 13
    0 -4.036537 -16.670658 -4.117560 -1.461196 -0.120798 -1.398675
    1 -1.185547 -1.036133 0.043274 0.000000 0.000004 0.000000
    2 -1.936995 -1.361039 0.227474 0.000003 0.000007 -0.000003
    3 -4.549240 -1.689358 -0.012529 0.000000 0.000000 0.000000
    4 4.331499 0.360595 -0.709097 0.000015 0.000003 0.056022
    5 3.513922 0.962076 -0.004281 0.000004 -0.000001 1.176003
    6 2.855053 0.477292 0.679213 -0.000001 -0.000004 2.896619
    7 1.649902 5.878080 0.032496 -0.000003 0.000002 -1.570796
    8 6.587842 -0.691444 0.025964 -0.000001 -0.000001 1.570796
    9 0.000002 -0.241401 -0.052690 0.000001 0.000001 0.000000
    10 10.620066 1.884898 -0.004843 -1.570796 -0.000002 1.570796
    11 -9.087198 1.359573 -0.008167 -0.000003 0.000002 -1.570796
    12 0.601480 -24.078830 -7.122371 3.159417 -0.064629 -1.731566
    13 1.473659 0.639418 -1.295234 1.486722 0.687881 -0.002157
    14 1.832607 0.000002 -0.000008 3.101225 0.036226 0.445054
    15 1.003335 0.000005 0.000001 -3.044399 -0.040116 0.145971
    16 3.823895 -0.419603 -1.411520 0.226345 0.060635 0.634902
    17 2.187956 0.000010 0.000000 -0.048839 -0.045980 0.395887
    18 1.100960 0.000002 0.000000 0.365190 -0.137342 0.536675
    19 3.987863 -0.577452 -0.474712 0.107169 0.030750 0.719910
    20 1.890109 -0.000010 -0.000001 -0.034478 -0.062598 0.261028
    21 1.310925 0.000000 0.000000 0.479349 -0.100107 0.472626
    22 4.117986 -0.654534 0.453695 0.081976 -0.017815 0.865284
    23 1.655294 0.000008 0.000000 -0.133001 0.022545 0.426356
    24 0.869582 0.000004 0.000000 0.062023 -0.056147 0.688458
    25 4.150630 -0.581594 1.354863 -0.334033 -0.041352 0.855887
    26 1.157247 -0.000010 -0.000002 0.121957 -0.256646 0.448975
    27 1.019835 -0.000006 0.000000 -1.470368 -0.120297 0.483398
    28 7.406140 -6.039003 -8.901889 -1.304855 0.532409 -1.573155
    29 12.695427 -0.000020 -0.000008 -0.172428 0.293434 -1.409829
    30 -4.433827 -14.455400 -8.403659 3.178952 -0.114744 -1.386636
    31 1.474215 -0.497926 -1.376118 0.979456 0.426216 -0.250736
    32 1.832179 -0.000010 -0.000002 -2.526123 -0.301549 0.609667
    33 1.042025 -0.000004 -0.000009 -2.896901 -0.278827 -0.192682
    34 3.823320 0.664865 -1.331676 0.256661 0.226427 0.167566
    35 2.152367 -0.000001 0.000004 0.062007 -0.001524 0.005920
    36 1.056622 -0.000011 0.000000 0.240991 0.000705 -0.002214
    37 3.985134 0.881805 -0.368986 0.128322 -0.008132 -0.090211
    38 1.830183 0.000015 0.000000 0.063848 -0.073976 -1.510189
    39 1.561352 0.000008 -0.000004 0.027634 -0.015755 -1.357316
    40 4.116518 0.711272 0.551869 0.187923 0.006580 -0.361666
    41 1.752727 0.000006 0.000000 0.026509 0.029549 -1.405236
    42 0.869359 -0.000006 0.000000 0.015606 -0.073475 -0.926076
    43 4.118826 0.331223 1.419829 0.128888 -0.005990 -0.280207
    44 1.176321 0.000006 0.000000 -0.027338 0.139049 -0.923484
    45 0.970199 -0.000002 -0.000004 1.655726 0.044667 -1.487290
    46 -7.606037 1.001330 -4.120493 -2.803804 0.966003 -2.067439
    47 12.706336 -0.000035 -0.000009 -0.272785 0.293055 -1.760277
    48 0.000000 0.000000 -0.000003 0.000000 0.000000 0.000000
    49 1.200000 0.000000 0.000010 0.000000 0.000000 0.000000
    50 0.000010 -0.300000 0.000000 3.141593 0.000000 -0.174533
    51 0.000000 -0.000001 0.000000 0.000000 0.000000 0.000000
    52 -0.000003 0.000000 0.000001 3.141592 0.000000 0.000000
    53 0.000006 0.000000 0.000004 0.000000 0.000000 0.349065
    54 0.000000 0.000000 0.000000 3.141593 0.000000 0.000000
    55 -0.000008 -0.000006 0.000000 3.141593 0.000000 0.000000
    56 0.000002 -0.000002 0.000000 3.141593 0.000000 0.000000
    57 0.000014 -0.000004 0.000000 3.141593 0.000000 0.000000
    58 -0.000001 0.000000 0.000000 3.141593 0.000000 -0.000001
    59 0.000000 0.000000 0.000000 3.141593 0.000000 0.000000
    60 0.000010 0.000017 0.000000 3.141593 0.000000 -0.000001
    61 0.000000 0.000004 0.000000 3.141593 0.000000 -0.000001
    62 0.000000 0.000006 0.000000 3.141593 0.000000 -0.000001
    63 0.000001 0.000002 0.000000 3.141593 0.000000 0.000000
    64 0.000000 0.000000 0.000000 -3.141592 0.000000 0.000000
    65 0.000000 0.000000 0.000000 -1.570797 -0.000001 0.000000
    66 0.000000 0.000000 0.000000 0.000000 0.000000 0.000000
    67 1.200000 0.000000 0.000000 0.000000 0.000000 0.000000
    68 0.000009 0.299994 0.000000 0.000000 0.000000 0.174533
    69 -0.000001 -0.000001 -0.000004 0.000000 0.000000 0.000000
    70 -0.000010 0.000000 -0.000003 -3.141592 0.000001 0.000000
    71 0.000000 0.000000 0.000000 0.000001 -0.000001 0.349065
    72 0.000000 -0.000003 0.000000 0.000000 0.000000 0.000000
    73 0.000003 0.000000 0.000000 0.000000 0.000000 0.000000
    74 -0.000010 -0.000006 0.000000 -0.000001 0.000000 0.000000
    75 0.000019 0.000002 0.000000 0.000000 0.000000 0.000000
    76 0.000001 0.000004 0.000000 0.000000 0.000000 -0.000001
    77 0.000000 0.000000 0.000000 0.000000 0.000000 -0.000001
    78 0.000001 -0.000002 0.000000 0.000000 0.000000 -0.000001
    79 0.000000 0.000000 0.000000 0.000000 0.000000 -0.000001
    80 0.000001 0.000008 0.000000 0.000000 0.000000 0.000000
    81 -0.000003 0.000004 0.000000 0.000000 0.000000 0.000000
    82 -0.000007 -0.000008 0.000000 0.000000 0.000000 -0.000001
    83 0.000000 0.000002 -0.000002 -1.570796 0.000000 0.000000
  time 14
    0 -3.915440 -16.670658 -3.961305 -1.433448 -0.180268 -1.378871
    1 -1.185547 -1.036133 0.043274 0.000000 0.000004 0.000000
    2 -1.936995 -1.361039 0.227474 0.000003 0.000007 -0.000003
    3 -4.549240 -1.689358 -0.012529 0.000000 0.000000 0.000000
    4 4.331499 0.360595 -0.709097 0.000015 0.000003 0.056022
    5 3.513922 0.962076 -0.004281 0.000004 -0.000001 1.176003
    6 2.855053 0.477292 0.679213 -0.000001 -0.000004 2.896619
    7 1.649902 5.878080 0.032496 -0.000003 0.000002 -1.570796
    8 6.587842 -0.691444 0.025964 -0.000001 -0.000001 1.570796
    9 0.000002 -0.241401 -0.052690 0.000001 0.000001 0.000000
    10 10.620066 1.884898 -0.004843 -1.570796 -0.000002 1.570796
    11 -9.087198 1.359573 -0.008167 -0.000003 0.000002 -1.570796
    12 0.667888 -23.918668 -6.387973 3.236246 -0.116141 -1.696798
    13 1.473659 0.639418 -1.295234 1.418652 0.669491 -0.103638
    14 1.832607 0.000002 -0.000008 3.100842 0.037807 0.491396
    15 1.003335 0.000005 0.000001 -3.043956 -0.035142 0.069528
    16 3.823895 -0.419603 -1.411520 0.239690 -0.021925 0.710087
    17 2.187956 0.000010 0.000000 -0.026332 -0.034559 0.730359
    18 1.100960 0.000002 0.000000 0.348807 -0.175021 0.717265
    19 3.987863 -0.577452 -0.474712 0.111184 -0.019034 0.738905
    20 1.890109 -0.000010 -0.000001 0.009013 -0.068722 0.577128
    21 1.310925 0.000000 0.000000 0.473692 -0.133268 0.627661
    22 4.117986 -0.654534 0.453695 0.082850 -0.069168 0.866282
    23 1.655294 0.000008 0.000000 -0.088898 0.013256 0.568613
    24 0.869582 0.000004 0.000000 0.049079 -0.070876 0.918890
    25 4.150630 -0.581594 1.354863 -0.337472 -0.051258 0.812392
    26 1.157247 -0.000010 -0.000002 0.078010 -0.331289 0.604290
    27 1.019835 -0.000006 0.000000 -1.496566 -0.154189 0.648347
    28 7.406140 -6.039003 -8.901889 -1.307044 0.497721 -1.570023
    29 12.695427 -0.000020 -0.000008 -0.175903 0.293830 -1.421690
    30 -4.195538 -14.689782 -8.376314 3.205952 -0.174553 -1.366106
    31 1.474215 -0.497926 -1.376118 0.979456 0.426216 -0.250748
    32 1.832179 -0.000010 -0.000002 -2.526123 -0.301549 0.609667
    33 1.042025 -0.000004 -0.000009 -2.896901 -0.278827 -0.192682
    34 3.823320 0.664865 -1.331676 0.256661 0.226427 0.167566
    35 2.152367 -0.000001 0.000004 0.062055 -0.001524 0.005920
    36 1.056622 -0.000011 0.000000 0.241003 0.000705 -0.002214
    37 3.985134 0.881805 -0.368986 0.128322 -0.008132 -0.090211
    38 1.830183 0.000015 0.000000 0.063848 -0.073976 -1.510189
    39 1.561352 0.000008 -0.000004 0.027634 -0.015755 -1.357316
    40 4.116518 0.711272 0.551869 0.187923 0.006580 -0.361666
    41 1.752727 0.000006 0.000000 0.026509 0.029549 -1.405236
    42 0.869359 -0.000006 0.000000 0.015642 -0.073475 -0.926076
    43 4.118826 0.331223 1.419829 0.128888 -0.005990 -0.280207
    44 1.176321 0.000006 0.000000 -0.027338 0.139049 -0.923484
    45 0.970199 -0.000002 -0.000004 1.655714 0.044655 -1.487290
    46 -7.606037 1.001330 -4.120493 -2.781674 0.952822 -2.031514
    47 12.706336 -0.000035 -0.000009 -0.264570 0.294505 -1.731726
    48 0.000000 0.000000 -0.000003 0.000000 0.000000 0.000000
    49 1.200000 0.000000 0.000010 0.000000 0.000000 0.000000
    50 0.000010 -0.300000 0.000000 3.141593 0.000000 -0.174533
    51 0.000000 -0.000001 0.000000 0.000000 0.000000 0.000000
    52 -0.000003 0.000000 0.000001 3.141592 0.000000 0.000000
    53 0.000006 0.000000 0.000004 0.000000 0.000000 0.349065
    54 0.000000 0.000000 0.000000 3.141593 0.000000 0.000000
    55 -0.000008 -0.000006 0.000000 3.141593 0.000000 0.000000
    56 0.000002 -0.000002 0.000000 3.141593 0.000000 0.000000
    57 0.000014 -0.000004 0.000000 3.141593 0.000000 0.000000
    58 -0.000001 0.000000 0.000000 3.141593 0.000000 -0.000001
    59 0.000000 0.000000 0.000000 3.141593 0.000000 0.000000
    60 0.000010 0.000017 0.000000 3.141593 0.000000 -0.000001
    61 0.000000 0.000004 0.000000 3.141593 0.000000 -0.000001
    62 0.000000 0.000006 0.000000 3.141593 0.000000 -0.000001
    63 0.000001 0.000002 0.000000 3.141593 0.000000 0.000000
    64 0.000000 0.000000 0.000000 -3.141592 0.000000 0.000000
    65 0.000000 0.000000 0.000000 -1.570797 -0.000001 0.000000
    66 0.000000 0.000000 0.000000 0.000000 0.000000 0.000000
    67 1.200000 0.000000 0.000000 0.000000 0.000000 0.000000
    68 0.000009 0.299994 0.000000 0.000000 0.000000 0.174533
    69 -0.000001 -0.000001 -0.000004 0.000000 0.000000 0.000000
    70 -0.000010 0.000000 -0.000003 -3.141592 0.000001 0.000000
    71 0.000000 0.000000 0.000000 0.000001 -0.000001 0.349065
    72 0.000000 -0.000003 0.000000 0.000000 0.000000 0.000000
    73 0.000003 0.000000 0.000000 0.000000 0.000000 0.000000
    74 -0.000010 -0.000006 0.000000 -0.000001 0.000000 0.000000
    75 0.000019 0.000002 0.000000 0.000000 0.000000 0.000000
    76 0.000001 0.000004 0.000000 0.000000 0.000000 -0.000001
    77 0.000000 0.000000 0.000000 0.000000 0.000000 -0.000001
    78 0.000001 -0.000002 0.000000 0.000000 0.000000 -0.000001
    79 0.000000 0.000000 0.000000 0.000000 0.000000 -0.000001
    80 0.000001 0.000008 0.000000 0.000000 0.000000 0.000000
    81 -0.000003 0.000004 0.000000 0.000000 0.000000 0.000000
    82 -0.000007 -0.000008 0.000000 0.000000 0.000000 -0.000001
    83 0.000000 0.000002 -0.000002 -1.570796 0.000000 0.000000
  time 15
    0 -3.837313 -16.674564 -3.914428 -1.425424 -0.201712 -1.364604
    1 -1.185547 -1.036133 0.043274 0.000000 0.000004 0.000000
    2 -1.936995 -1.361039 0.227474 0.000003 0.000007 -0.000003
    3 -4.549240 -1.689358 -0.012529 0.000000 0.000000 0.000000
    4 4.331499 0.360595 -0.709097 0.000015 0.000003 0.056022
    5 3.513922 0.962076 -0.004281 0.000004 -0.000001 1.176003
    6 2.855053 0.477292 0.679213 -0.000001 -0.000004 2.896619
    7 1.649902 5.878080 0.032496 -0.000003 0.000002 -1.570796
    8 6.587842 -0.691444 0.025964 -0.000001 -0.000001 1.570796
    9 0.000002 -0.241401 -0.052690 0.000001 0.000001 0.000000
    10 10.620066 1.884898 -0.004843 -1.570796 -0.000002 1.570796
    11 -9.087198 1.359573 -0.008167 -0.000003 0.000002 -1.570796
    12 0.679608 -23.762414 -6.153591 3.278949 -0.141696 -1.675937
    13 1.473659 0.639418 -1.295234 1.373780 0.655937 -0.170607
    14 1.832607 0.000002 -0.000008 3.100722 0.039330 0.530531
    15 1.003335 0.000005 0.000001 -3.040936 -0.021240 -0.092653
    16 3.823895 -0.419603 -1.411520 0.239356 -0.087505 0.752024
    17 2.187956 0.000010 0.000000 -0.010321 -0.022011 1.167460
    18 1.100960 0.000002 0.000000 0.334774 -0.197025 0.834412
    19 3.987863 -0.577452 -0.474712 0.110989 -0.063472 0.746821
    20 1.890109 -0.000010 -0.000001 0.021751 -0.085273 1.035970
    21 1.310925 0.000000 0.000000 0.466901 -0.153031 0.728700
    22 4.117986 -0.654534 0.453695 0.083629 -0.102887 0.865363
    23 1.655294 0.000008 0.000000 -0.061681 0.004040 0.660553
    24 0.869582 0.000004 0.000000 0.039288 -0.078523 1.065710
    25 4.150630 -0.581594 1.354863 -0.339294 -0.063413 0.767029
    26 1.157247 -0.000010 -0.000002 0.042452 -0.375487 0.709192
    27 1.019835 -0.000006 0.000000 -1.516377 -0.173652 0.755731
    28 7.406140 -6.039003 -8.901889 -1.300381 0.487543 -1.564311
    29 12.695427 -0.000020 -0.000008 -0.179999 0.294513 -1.436003
    30 -4.097879 -14.787441 -8.364595 3.213832 -0.196124 -1.352040
    31 1.474215 -0.497926 -1.376118 0.979456 0.426216 -0.250748
    32 1.832179 -0.000010 -0.000002 -2.526135 -0.301549 0.609667
    33 1.042025 -0.000004 -0.000009 -2.896901 -0.278851 -0.192682
    34 3.823320 0.664865 -1.331676 0.256661 0.226415 0.167566
    35 2.152367 -0.000001 0.000004 0.062043 -0.001524 0.005920
    36 1.056622 -0.000011 0.000000 0.240991 0.000705 -0.002190
    37 3.985134 0.881805 -0.368986 0.128322 -0.008132 -0.090211
    38 1.830183 0.000015 0.000000 0.063848 -0.073976 -1.510189
    39 1.561352 0.000008 -0.000004 0.027634 -0.015755 -1.357316
    40 4.116518 0.711272 0.551869 0.187923 0.006580 -0.361666
    41 1.752727 0.000006 0.000000 0.026509 0.029549 -1.405267
    42 0.869359 -0.000006 0.000000 0.015642 -0.073487 -0.926076
    43 4.118826 0.331223 1.419829 0.128888 -0.005990 -0.280207
    44 1.176321 0.000006 0.000000 -0.027338 0.139049 -0.923507
    45 0.970199 -0.000002 -0.000004 1.655726 0.044655 -1.487290
    46 -7.606037 1.001330 -4.120493 -2.773557 0.947483 -2.017644
    47 12.706336 -0.000035 -0.000009 -0.261211 0.294972 -1.720342
    48 0.000000 0.000000 -0.000003 0.000000 0.000000 0.000000
    49 1.200000 0.000000 0.000010 0.000000 0.000000 0.000000
    50 0.000010 -0.300000 0.000000 3.141593 0.000000 -0.174533
    51 0.000000 -0.000001 0.000000 0.000000 0.000000 0.000000
    52 -0.000003 0.000000 0.000001 3.141592 0.000000 0.000000
    53 0.000006 0.000000 0.000004 0.000000 0.000000 0.349065
    54 0.000000 0.000000 0.000000 3.141593 0.000000 0.000000
    55 -0.000008 -0.000006 0.000000 3.141593 0.000000 0.000000
    56 0.000002 -0.000002 0.000000 3.141593 0.000000 0.000000
    57 0.000014 -0.000004 0.000000 3.141593 0.000000 0.000000
    58 -0.000001 0.000000 0.000000 3.141593 0.000000 -0.000001
    59 0.000000 0.000000 0.000000 3.141593 0.000000 0.000000
    60 0.000010 0.000017 0.000000 3.141593 0.000000 -0.000001
    61 0.000000 0.000004 0.000000 3.141593 0.000000 -0.000001
    62 0.000000 0.000006 0.000000 3.141593 0.000000 -0.000001
    63 0.000001 0.000002 0.000000 3.141593 0.000000 0.000000
    64 0.000000 0.000000 0.000000 -3.141592 0.000000 0.000000
    65 0.000000 0.000000 0.000000 -1.570797 -0.000001 0.000000
    66 0.000000 0.000000 0.000000 0.000000 0.000000 0.000000
    67 1.200000 0.000000 0.000000 0.000000 0.000000 0.000000
    68 0.000009 0.299994 0.000000 0.000000 0.000000 0.174533
    69 -0.000001 -0.000001 -0.000004 0.000000 0.000000 0.000000
    70 -0.000010 0.000000 -0.000003 -3.141592 0.000001 0.000000
    71 0.000000 0.000000 0.000000 0.000001 -0.000001 0.349065
    72 0.000000 -0.000003 0.000000 0.000000 0.000000 0.000000
    73 0.000003 0.000000 0.000000 0.000000 0.000000 0.000000
    74 -0.000010 -0.000006 0.000000 -0.000001 0.000000 0.000000
    75 0.000019 0.000002 0.000000 0.000000 0.000000 0.000000
    76 0.000001 0.000004 0.000000 0.000000 0.000000 -0.000001
    77 0.000000 0.000000 0.000000 0.000000 0.000000 -0.000001
    78 0.000001 -0.000002 0.000000 0.000000 0.000000 -0.000001
    79 0.000000 0.000000 0.000000 0.000000 0.000000 -0.000001
    80 0.000001 0.000008 0.000000 0.000000 0.000000 0.000000
    81 -0.000003 0.000004 0.000000 0.000000 0.000000 0.000000
    82 -0.000007 -0.000008 0.000000 0.000000 0.000000 -0.000001
    83 0.000000 0.000002 -0.000002 -1.570796 0.000000 0.000000
  time 16
    0 -3.790436 -16.686284 -3.926147 -1.439410 -0.196653 -1.353957
    1 -1.185547 -1.036133 0.043274 0.000000 0.000004 0.000000
    2 -1.936995 -1.361039 0.227474 0.000003 0.000007 -0.000003
    3 -4.549240 -1.689358 -0.012529 0.000000 0.000000 0.000000
    4 4.331499 0.360595 -0.709097 0.000015 0.000003 0.056022
    5 3.513922 0.962076 -0.004281 0.000004 -0.000001 1.176003
    6 2.855053 0.477292 0.679213 -0.000001 -0.000004 2.896619
    7 1.649902 5.878080 0.032496 -0.000003 0.000002 -1.570796
    8 6.587842 -0.691444 0.025964 -0.000001 -0.000001 1.570796
    9 0.000002 -0.241401 -0.052690 0.000001 0.000001 0.000000
    10 10.620066 1.884898 -0.004843 -1.570796 -0.000002 1.570796
    11 -9.087198 1.359573 -0.008167 -0.000003 0.000002 -1.570796
    12 0.687420 -23.696005 -6.247344 3.286978 -0.151435 -1.664565
    13 1.473659 0.639418 -1.295234 1.357165 0.650887 -0.195548
    14 1.832607 0.000002 -0.000008 3.100722 0.039821 0.543804
    15 1.003335 0.000005 0.000001 -3.040061 -0.014397 -0.167803
    16 3.823895 -0.419603 -1.411520 0.229129 -0.129700 0.759577
    17 2.187956 0.000010 0.000000 -0.004113 -0.016498 1.343713
    18 1.100960 0.000002 0.000000 0.329428 -0.203856 0.873615
    19 3.987863 -0.577452 -0.474712 0.106909 -0.099139 0.745896
    20 1.890109 -0.000010 -0.000001 0.020085 -0.090259 1.224518
    21 1.310925 0.000000 0.000000 0.463442 -0.157489 0.763181
    22 4.117986 -0.654534 0.453695 0.083857 -0.114196 0.864680
    23 1.655294 0.000008 0.000000 -0.051913 0.000409 0.691224
    24 0.869582 0.000004 0.000000 0.035668 -0.080632 1.114203
    25 4.150630 -0.581594 1.354863 -0.339030 -0.077155 0.722463
    26 1.157247 -0.000010 -0.000002 0.029616 -0.389490 0.744863
    27 1.019835 -0.000006 0.000000 -1.523400 -0.179704 0.791732
    28 7.406140 -6.039003 -8.901889 -1.290577 0.493151 -1.557401
    29 12.695427 -0.000020 -0.000008 -0.182920 0.294752 -1.445808
    30 -4.129130 -14.795254 -8.360689 3.199773 -0.190945 -1.341669
    31 1.474215 -0.497926 -1.376118 0.979456 0.426216 -0.250748
    32 1.832179 -0.000010 -0.000002 -2.526123 -0.301549 0.609667
    33 1.042025 -0.000004 -0.000009 -2.896901 -0.278827 -0.192682
    34 3.823320 0.664865 -1.331676 0.256661 0.226415 0.167566
    35 2.152367 -0.000001 0.000004 0.062019 -0.001524 0.005920
    36 1.056622 -0.000011 0.000000 0.241003 0.000705 -0.002202
    37 3.985134 0.881805 -0.368986 0.128322 -0.008132 -0.090211
    38 1.830183 0.000015 0.000000 0.063848 -0.073976 -1.510189
    39 1.561352 0.000008 -0.000004 0.027634 -0.015755 -1.357316
    40 4.116518 0.711272 0.551869 0.187923 0.006580 -0.361666
    41 1.752727 0.000006 0.000000 0.026509 0.029549 -1.405299
    42 0.869359 -0.000006 0.000000 0.015630 -0.073475 -0.926076
    43 4.118826 0.331223 1.419829 0.128888 -0.005990 -0.280207
    44 1.176321 0.000006 0.000000 -0.027338 0.139049 -0.923484
    45 0.970199 -0.000002 -0.000004 1.655726 0.044667 -1.487290
    46 -7.606037 1.001330 -4.120493 -2.772586 0.948017 -2.019206
    47 12.706336 -0.000035 -0.000009 -0.261224 0.294972 -1.720465
    48 0.000000 0.000000 -0.000003 0.000000 0.000000 0.000000
    49 1.200000 0.000000 0.000010 0.000000 0.000000 0.000000
    50 0.000010 -0.300000 0.000000 3.141593 0.000000 -0.174533
    51 0.000000 -0.000001 0.000000 0.000000 0.000000 0.000000
    52 -0.000003 0.000000 0.000001 3.141592 0.000000 0.000000
    53 0.000006 0.000000 0.000004 0.000000 0.000000 0.349065
    54 0.000000 0.000000 0.000000 3.141593 0.000000 0.000000
    55 -0.000008 -0.000006 0.000000 3.141593 0.000000 0.000000
    56 0.000002 -0.000002 0.000000 3.141593 0.000000 0.000000
    57 0.000014 -0.000004 0.000000 3.141593 0.000000 0.000000
    58 -0.000001 0.000000 0.000000 3.141593 0.000000 -0.000001
    59 0.000000 0.000000 0.000000 3.141593 0.000000 0.000000
    60 0.000010 0.000017 0.000000 3.141593 0.000000 -0.000001
    61 0.000000 0.000004 0.000000 3.141593 0.000000 -0.000001
    62 0.000000 0.000006 0.000000 3.141593 0.000000 -0.000001
    63 0.000001 0.000002 0.000000 3.141593 0.000000 0.000000
    64 0.000000 0.000000 0.000000 -3.141592 0.000000 0.000000
    65 0.000000 0.000000 0.000000 -1.570797 -0.000001 0.000000
    66 0.000000 0.000000 0.000000 0.000000 0.000000 0.000000
    67 1.200000 0.000000 0.000000 0.000000 0.000000 0.000000
    68 0.000009 0.299994 0.000000 0.000000 0.000000 0.174533
    69 -0.000001 -0.000001 -0.000004 0.000000 0.000000 0.000000
    70 -0.000010 0.000000 -0.000003 -3.141592 0.000001 0.000000
    71 0.000000 0.000000 0.000000 0.000001 -0.000001 0.349065
    72 0.000000 -0.000003 0.000000 0.000000 0.000000 0.000000
    73 0.000003 0.000000 0.000000 0.000000 0.000000 0.000000
    74 -0.000010 -0.000006 0.000000 -0.000001 0.000000 0.000000
    75 0.000019 0.000002 0.000000 0.000000 0.000000 0.000000
    76 0.000001 0.000004 0.000000 0.000000 0.000000 -0.000001
    77 0.000000 0.000000 0.000000 0.000000 0.000000 -0.000001
    78 0.000001 -0.000002 0.000000 0.000000 0.000000 -0.000001
    79 0.000000 0.000000 0.000000 0.000000 0.000000 -0.000001
    80 0.000001 0.000008 0.000000 0.000000 0.000000 0.000000
    81 -0.000003 0.000004 0.000000 0.000000 0.000000 0.000000
    82 -0.000007 -0.000008 0.000000 0.000000 0.000000 -0.000001
    83 0.000000 0.000002 -0.000002 -1.570796 0.000000 0.000000
  time 17
    0 -3.759185 -16.725347 -3.949586 -1.476437 -0.180600 -1.343949
    1 -1.185547 -1.036133 0.043274 0.000000 0.000004 0.000000
    2 -1.936995 -1.361039 0.227474 0.000003 0.000007 -0.000003
    3 -4.549240 -1.689358 -0.012529 0.000000 0.000000 0.000000
    4 4.331499 0.360595 -0.709097 0.000015 0.000003 0.056022
    5 3.513922 0.962076 -0.004281 0.000004 -0.000001 1.176003
    6 2.855053 0.477292 0.679213 -0.000001 -0.000004 2.896619
    7 1.649902 5.878080 0.032496 -0.000003 0.000002 -1.570796
    8 6.587842 -0.691444 0.025964 -0.000001 -0.000001 1.570796
    9 0.000002 -0.241401 -0.052690 0.000001 0.000001 0.000000
    10 10.620066 1.884898 -0.004843 -1.570796 -0.000002 1.570796
    11 -9.087198 1.359573 -0.008167 -0.000003 0.000002 -1.570796
    12 1.124934 -24.176489 -6.407505 3.295099 -0.192041 -1.780314
    13 1.473659 0.639418 -1.295234 1.357165 0.650887 -0.195548
    14 1.832607 0.000002 -0.000008 3.100722 0.039809 0.543804
    15 1.003335 0.000005 0.000001 -3.040061 -0.014385 -0.167803
    16 3.823895 -0.419603 -1.411520 0.204649 -0.159050 0.749358
    17 2.187956 0.000010 0.000000 -0.004101 -0.014388 1.334185
    18 1.100960 0.000002 0.000000 0.328853 -0.203317 0.872584
    19 3.987863 -0.577452 -0.474712 0.085095 -0.127614 0.736741
    20 1.890109 -0.000010 -0.000001 0.021043 -0.088245 1.215709
    21 1.310925 0.000000 0.000000 0.461556 -0.154073 0.763245
    22 4.117986 -0.654534 0.453695 0.085187 -0.113271 0.853678
    23 1.655294 0.000008 0.000000 -0.050679 0.000169 0.689983
    24 0.869582 0.000004 0.000000 0.035189 -0.080296 1.112644
    25 4.150630 -0.581594 1.354863 -0.336693 -0.093414 0.673404
    26 1.157247 -0.000010 -0.000002 0.030072 -0.388913 0.743344
    27 1.019835 -0.000006 0.000000 -1.523328 -0.179621 0.791279
    28 7.406140 -6.039003 -8.901889 -1.305331 0.493359 -1.544226
    29 12.695427 -0.000020 -0.000008 -0.172747 0.293398 -1.410936
    30 -4.281479 -14.799160 -8.360689 3.163012 -0.174446 -1.332292
    31 1.474215 -0.497926 -1.376118 0.979456 0.426216 -0.250736
    32 1.832179 -0.000010 -0.000002 -2.526123 -0.301549 0.609667
    33 1.042025 -0.000004 -0.000009 -2.896901 -0.278827 -0.192682
    34 3.823320 0.664865 -1.331676 0.256661 0.226415 0.167566
    35 2.152367 -0.000001 0.000004 0.062007 -0.001524 0.005920
    36 1.056622 -0.000011 0.000000 0.241003 0.000705 -0.002202
    37 3.985134 0.881805 -0.368986 0.128322 -0.008132 -0.090211
    38 1.830183 0.000015 0.000000 0.063848 -0.073976 -1.510189
    39 1.561352 0.000008 -0.000004 0.027634 -0.015755 -1.357316
    40 4.116518 0.711272 0.551869 0.187923 0.006580 -0.361666
    41 1.752727 0.000006 0.000000 0.026461 0.029549 -1.405299
    42 0.869359 -0.000006 0.000000 0.015546 -0.073487 -0.926076
    43 4.118826 0.331223 1.419829 0.128888 -0.005990 -0.280207
    44 1.176321 0.000006 0.000000 -0.027338 0.139049 -0.923507
    45 0.970199 -0.000002 -0.000004 1.655726 0.044655 -1.487290
    46 -7.606037 1.001330 -4.120493 -2.769464 0.950853 -2.027203
    47 12.706336 -0.000035 -0.000009 -0.262057 0.294744 -1.723357
    48 0.000000 0.000000 -0.000003 0.000000 0.000000 0.000000
    49 1.200000 0.000000 0.000010 0.000000 0.000000 0.000000
    50 0.000010 -0.300000 0.000000 3.141593 0.000000 -0.174533
    51 0.000000 -0.000001 0.000000 0.000000 0.000000 0.000000
    52 -0.000003 0.000000 0.000001 3.141592 0.000000 0.000000
    53 0.000006 0.000000 0.000004 0.000000 0.000000 0.349065
    54 0.000000 0.000000 0.000000 3.141593 0.000000 0.000000
    55 -0.000008 -0.000006 0.000000 3.141593 0.000000 0.000000
    56 0.000002 -0.000002 0.000000 3.141593 0.000000 0.000000
    57 0.000014 -0.000004 0.000000 3.141593 0.000000 0.000000
    58 -0.000001 0.000000 0.000000 3.141593 0.000000 -0.000001
    59 0.000000 0.000000 0.000000 3.141593 0.000000 0.000000
    60 0.000010 0.000017 0.000000 3.141593 0.000000 -0.000001
    61 0.000000 0.000004 0.000000 3.141593 0.000000 -0.000001
    62 0.000000 0.000006 0.000000 3.141593 0.000000 -0.000001
    63 0.000001 0.000002 0.000000 3.141593 0.000000 0.000000
    64 0.000000 0.000000 0.000000 -3.141592 0.000000 0.000000
    65 0.000000 0.000000 0.000000 -1.570797 -0.000001 0.000000
    66 0.000000 0.000000 0.000000 0.000000 0.000000 0.000000
    67 1.200000 0.000000 0.000000 0.000000 0.000000 0.000000
    68 0.000009 0.299994 0.000000 0.000000 0.000000 0.174533
    69 -0.000001 -0.000001 -0.000004 0.000000 0.000000 0.000000
    70 -0.000010 0.000000 -0.000003 -3.141592 0.000001 0.000000
    71 0.000000 0.000000 0.000000 0.000001 -0.000001 0.349065
    72 0.000000 -0.000003 0.000000 0.000000 0.000000 0.000000
    73 0.000003 0.000000 0.000000 0.000000 0.000000 0.000000
    74 -0.000010 -0.000006 0.000000 -0.000001 0.000000 0.000000
    75 0.000019 0.000002 0.000000 0.000000 0.000000 0.000000
    76 0.000001 0.000004 0.000000 0.000000 0.000000 -0.000001
    77 0.000000 0.000000 0.000000 0.000000 0.000000 -0.000001
    78 0.000001 -0.000002 0.000000 0.000000 0.000000 -0.000001
    79 0.000000 0.000000 0.000000 0.000000 0.000000 -0.000001
    80 0.000001 0.000008 0.000000 0.000000 0.000000 0.000000
    81 -0.000003 0.000004 0.000000 0.000000 0.000000 0.000000
    82 -0.000007 -0.000008 0.000000 0.000000 0.000000 -0.000001
    83 0.000000 0.000002 -0.000002 -1.570796 0.000000 0.000000
  time 18
    0 -3.743560 -16.772224 -3.976930 -1.523147 -0.158310 -1.337135
    1 -1.185547 -1.036133 0.043274 0.000000 0.000004 0.000000
    2 -1.936995 -1.361039 0.227474 0.000003 0.000007 -0.000003
    3 -4.549240 -1.689358 -0.012529 0.000000 0.000000 0.000000
    4 4.331499 0.360595 -0.709097 0.000015 0.000003 0.056022
    5 3.513922 0.962076 -0.004281 0.000004 -0.000001 1.176003
    6 2.855053 0.477292 0.679213 -0.000001 -0.000004 2.896619
    7 1.649902 5.878080 0.032496 -0.000003 0.000002 -1.570796
    8 6.587842 -0.691444 0.025964 -0.000001 -0.000001 1.570796
    9 0.000002 -0.241401 -0.052690 0.000001 0.000001 0.000000
    10 10.620066 1.884898 -0.004843 -1.570796 -0.000002 1.773911
    11 -9.087198 1.359573 -0.008167 -0.000003 0.000002 -1.570796
    12 1.519477 -24.805414 -6.438756 3.209511 -0.147330 -2.004423
    13 1.473659 0.639418 -1.295234 1.319997 0.507106 -0.251651
    14 1.832607 0.000002 -0.000008 3.100722 0.039797 0.543804
    15 1.003335 0.000005 0.000001 -3.040061 -0.014397 -0.167803
    16 3.823895 -0.419603 -1.411520 0.162035 -0.184652 0.733166
    17 2.187956 0.000010 0.000000 -0.004975 -0.011980 1.311874
    18 1.100960 0.000002 0.000000 0.327115 -0.201531 0.869563
    19 3.987863 -0.577452 -0.474712 0.034786 -0.151032 0.715120
    20 1.890109 -0.000010 -0.000001 0.022252 -0.085908 1.195351
    21 1.310925 0.000000 0.000000 0.458196 -0.150070 0.761632
    22 4.114079 -0.654534 0.453695 0.088927 -0.110420 0.820540
    23 1.655294 0.000008 0.000000 -0.049384 0.000097 0.686370
    24 0.869582 0.000004 0.000000 0.033775 -0.079302 1.108104
    25 4.150630 -0.585500 1.354863 -0.331864 -0.113414 0.613640
    26 1.157247 -0.000010 -0.000002 0.031689 -0.387248 0.738899
    27 1.019835 -0.000006 0.000000 -1.522800 -0.178997 0.789899
    28 7.406140 -6.039003 -8.901889 -1.327890 0.478528 -1.540633
    29 12.695427 -0.000020 -0.000008 -0.155238 0.290126 -1.349652
    30 -4.476797 -14.799160 -8.333344 3.116580 -0.151607 -1.325401
    31 1.474215 -0.497926 -1.376118 0.979456 0.426216 -0.250736
    32 1.832179 -0.000010 -0.000002 -2.526123 -0.301549 0.609667
    33 1.042025 -0.000004 -0.000009 -2.896973 -0.278827 -0.192682
    34 3.823320 0.664865 -1.331676 0.256661 0.226415 0.167566
    35 2.152367 -0.000001 0.000004 0.062019 -0.001524 0.005920
    36 1.056622 -0.000011 0.000000 0.240991 0.000705 -0.002214
    37 3.985134 0.881805 -0.368986 0.128322 -0.008132 -0.090211
    38 1.830183 0.000015 0.000000 0.063848 -0.073976 -1.510189
    39 1.561352 0.000008 -0.000004 0.027634 -0.015755 -1.357316
    40 4.116518 0.711272 0.551869 0.187923 0.006580 -0.361666
    41 1.752727 0.000006 0.000000 0.026497 0.029549 -1.405299
    42 0.869359 -0.000006 0.000000 0.015630 -0.073475 -0.926076
    43 4.118826 0.331223 1.419829 0.128888 -0.005990 -0.280207
    44 1.176321 0.000006 0.000000 -0.027338 0.139049 -0.923507
    45 0.970199 -0.000002 -0.000004 1.655726 0.044655 -1.487290
    46 -7.606037 1.001330 -4.120493 -2.764469 0.955158 -2.037637
    47 12.706336 -0.000035 -0.000009 -0.263633 0.294601 -1.728465
    48 0.000000 0.000000 -0.000003 0.000000 0.000000 0.000000
    49 1.200000 0.000000 0.000010 0.000000 0.000000 0.000000
    50 0.000010 -0.300000 0.000000 3.141593 0.000000 -0.174533
    51 0.000000 -0.000001 0.000000 0.000000 0.000000 0.000000
    52 -0.000003 0.000000 0.000001 3.141592 0.000000 0.000000
    53 0.000006 0.000000 0.000004 0.000000 0.000000 0.349065
    54 0.000000 0.000000 0.000000 3.141593 0.000000 0.000000
    55 -0.000008 -0.000006 0.000000 3.141593 0.000000 0.000000
    56 0.000002 -0.000002 0.000000 3.141593 0.000000 0.000000
    57 0.000014 -0.000004 0.000000 3.141593 0.000000 0.000000
    58 -0.000001 0.000000 0.000000 3.141593 0.000000 -0.000001
    59 0.000000 0.000000 0.000000 3.141593 0.000000 0.000000
    60 0.000010 0.000017 0.000000 3.141593 0.000000 -0.000001
    61 0.000000 0.000004 0.000000 3.141593 0.000000 -0.000001
    62 0.000000 0.000006 0.000000 3.141593 0.000000 -0.000001
    63 0.000001 0.000002 0.000000 3.141593 0.000000 0.000000
    64 0.000000 0.000000 0.000000 -3.141592 0.000000 0.000000
    65 0.000000 0.000000 0.000000 -1.570797 -0.000001 0.000000
    66 0.000000 0.000000 0.000000 0.000000 0.000000 0.000000
    67 1.200000 0.000000 0.000000 0.000000 0.000000 0.000000
    68 0.000009 0.299994 0.000000 0.000000 0.000000 0.174533
    69 -0.000001 -0.000001 -0.000004 0.000000 0.000000 0.000000
    70 -0.000010 0.000000 -0.000003 -3.141592 0.000001 0.000000
    71 0.000000 0.000000 0.000000 0.000001 -0.000001 0.349065
    72 0.000000 -0.000003 0.000000 0.000000 0.000000 0.000000
    73 0.000003 0.000000 0.000000 0.000000 0.000000 0.000000
    74 -0.000010 -0.000006 0.000000 -0.000001 0.000000 0.000000
    75 0.000019 0.000002 0.000000 0.000000 0.000000 0.000000
    76 0.000001 0.000004 0.000000 0.000000 0.000000 -0.000001
    77 0.000000 0.000000 0.000000 0.000000 0.000000 -0.000001
    78 0.000001 -0.000002 0.000000 0.000000 0.000000 -0.000001
    79 0.000000 0.000000 0.000000 0.000000 0.000000 -0.000001
    80 0.000001 0.000008 0.000000 0.000000 0.000000 0.000000
    81 -0.000003 0.000004 0.000000 0.000000 0.000000 0.000000
    82 -0.000007 -0.000008 0.000000 0.000000 0.000000 -0.000001
    83 0.000000 0.000002 -0.000002 -1.570796 0.000000 0.000000
  time 19
    0 -3.739653 -16.807381 -4.000368 -1.559098 -0.138678 -1.332734
    1 -1.185547 -1.036133 0.043274 0.000000 0.000004 0.000000
    2 -1.936995 -1.361039 0.227474 0.000003 0.000007 -0.000003
    3 -4.549240 -1.689358 -0.012529 0.000000 0.000000 0.000000
    4 4.331499 0.360595 -0.709097 0.000015 0.000003 0.056022
    5 3.513922 0.962076 -0.004281 0.000004 -0.000001 1.176003
    6 2.855053 0.477292 0.679213 -0.000001 -0.000004 2.896619
    7 1.649902 5.878080 0.032496 -0.000003 0.000002 -1.570796
    8 6.587842 -0.691444 0.025964 -0.000001 -0.000001 1.570796
    9 0.000002 -0.241401 -0.052690 0.000001 0.000001 0.000000
    10 10.620066 1.884898 -0.004843 -1.570796 -0.000002 2.356122
    11 -9.087198 1.359573 -0.008167 -0.000003 0.000002 -1.570796
    12 1.163997 -24.840572 -6.661419 2.784944 -0.041931 -2.209120
    13 1.473659 0.639418 -1.295234 1.262448 0.602280 -0.192564
    14 1.832607 0.000002 -0.000008 3.100638 0.039569 0.540347
    15 1.003335 0.000005 0.000001 -3.040061 -0.014385 -0.167803
    16 3.823895 -0.419603 -1.411520 0.113278 -0.203286 0.705101
    17 2.187956 0.000010 0.000000 -0.006653 -0.009427 1.281941
    18 1.100960 0.000002 0.000000 0.324251 -0.198787 0.864765
    19 3.987863 -0.577452 -0.474712 -0.026560 -0.170675 0.676890
    20 1.890109 -0.000010 -0.000001 0.023623 -0.083380 1.167789
    21 1.310925 0.000000 0.000000 0.453404 -0.145384 0.758391
    22 4.106267 -0.654534 0.453695 0.094739 -0.105398 0.765424
    23 1.655294 0.000008 0.000000 -0.048414 0.000085 0.680499
    24 0.869582 0.000004 0.000000 0.031150 -0.077444 1.100473
    25 4.135005 -0.605032 1.354863 -0.323810 -0.136701 0.543296
    26 1.157247 -0.000010 -0.000002 0.034470 -0.384573 0.731824
    27 1.019835 -0.000006 0.000000 -1.522033 -0.178170 0.787613
    28 7.406140 -6.039003 -8.901889 -1.314564 0.480730 -1.553071
    29 12.695427 -0.000020 -0.000008 -0.151595 0.289323 -1.337079
    30 -4.640864 -14.783535 -8.309906 3.080849 -0.131564 -1.321281
    31 1.474215 -0.497926 -1.376118 0.979456 0.426216 -0.250736
    32 1.832179 -0.000010 -0.000002 -2.526123 -0.301549 0.609667
    33 1.042025 -0.000004 -0.000009 -2.896937 -0.278839 -0.192682
    34 3.823320 0.664865 -1.331676 0.256661 0.226415 0.167566
    35 2.152367 -0.000001 0.000004 0.062007 -0.001524 0.005920
    36 1.056622 -0.000011 0.000000 0.240991 0.000705 -0.002202
    37 3.985134 0.881805 -0.368986 0.128322 -0.008132 -0.090211
    38 1.830183 0.000015 0.000000 0.063848 -0.073976 -1.510189
    39 1.561352 0.000008 -0.000004 0.027634 -0.015755 -1.357316
    40 4.116518 0.711272 0.551869 0.187923 0.006580 -0.361666
    41 1.752727 0.000006 0.000000 0.026461 0.029549 -1.405299
    42 0.869359 -0.000006 0.000000 0.015642 -0.073475 -0.926076
    43 4.118826 0.331223 1.419829 0.128888 -0.005990 -0.280207
    44 1.176321 0.000006 0.000000 -0.027338 0.139049 -0.923530
    45 0.970199 -0.000002 -0.000004 1.655726 0.044655 -1.487290
    46 -7.606037 1.001330 -4.120493 -2.759613 0.958628 -2.045759
    47 12.706336 -0.000035 -0.000009 -0.265117 0.294421 -1.733449
    48 0.000000 0.000000 -0.000003 0.000000 0.000000 0.000000
    49 1.200000 0.000000 0.000010 0.000000 0.000000 0.000000
    50 0.000010 -0.300000 0.000000 3.141593 0.000000 -0.174533
    51 0.000000 -0.000001 0.000000 0.000000 0.000000 0.000000
    52 -0.000003 0.000000 0.000001 3.141592 0.000000 0.000000
    53 0.000006 0.000000 0.000004 0.000000 0.000000 0.349065
    54 0.000000 0.000000 0.000000 3.141593 0.000000 0.000000
    55 -0.000008 -0.000006 0.000000 3.141593 0.000000 0.000000
    56 0.000002 -0.000002 0.000000 3.141593 0.000000 0.000000
    57 0.000014 -0.000004 0.000000 3.141593 0.000000 0.000000
    58 -0.000001 0.000000 0.000000 3.141593 0.000000 -0.000001
    59 0.000000 0.000000 0.000000 3.141593 0.000000 0.000000
    60 0.000010 0.000017 0.000000 3.141593 0.000000 -0.000001
    61 0.000000 0.000004 0.000000 3.141593 0.000000 -0.000001
    62 0.000000 0.000006 0.000000 3.141593 0.000000 -0.000001
    63 0.000001 0.000002 0.000000 3.141593 0.000000 0.000000
    64 0.000000 0.000000 0.000000 -3.141592 0.000000 0.000000
    65 0.000000 0.000000 0.000000 -1.570797 -0.000001 0.000000
    66 0.000000 0.000000 0.000000 0.000000 0.000000 0.000000
    67 1.200000 0.000000 0.000000 0.000000 0.000000 0.000000
    68 0.000009 0.299994 0.000000 0.000000 0.000000 0.174533
    69 -0.000001 -0.000001 -0.000004 0.000000 0.000000 0.000000
    70 -0.000010 0.000000 -0.000003 -3.141592 0.000001 0.000000
    71 0.000000 0.000000 0.000000 0.000001 -0.000001 0.349065
    72 0.000000 -0.000003 0.000000 0.000000 0.000000 0.000000
    73 0.000003 0.000000 0.000000 0.000000 0.000000 0.000000
    74 -0.000010 -0.000006 0.000000 -0.000001 0.000000 0.000000
    75 0.000019 0.000002 0.000000 0.000000 0.000000 0.000000
    76 0.000001 0.000004 0.000000 0.000000 0.000000 -0.000001
    77 0.000000 0.000000 0.000000 0.000000 0.000000 -0.000001
    78 0.000001 -0.000002 0.000000 0.000000 0.000000 -0.000001
    79 0.000000 0.000000 0.000000 0.000000 0.000000 -0.000001
    80 0.000001 0.000008 0.000000 0.000000 0.000000 0.000000
    81 -0.000003 0.000004 0.000000 0.000000 0.000000 0.000000
    82 -0.000007 -0.000008 0.000000 0.000000 0.000000 -0.000001
    83 0.000000 0.000002 -0.000002 -1.570796 0.000000 0.000000
  time 20
    0 -3.735747 -16.823006 -4.012088 -1.571426 -0.127820 -1.329114
    1 -1.185547 -1.036133 0.043274 0.000000 0.000004 0.000000
    2 -1.936995 -1.361039 0.227474 0.000003 0.000007 -0.000003
    3 -4.549240 -1.689358 -0.012529 0.000000 0.000000 0.000000
    4 4.331499 0.360595 -0.709097 0.000015 0.000003 0.056022
    5 3.513922 0.962076 -0.004281 0.000004 -0.000001 1.176003
    6 2.855053 0.477292 0.679213 -0.000001 -0.000004 2.896619
    7 1.649902 5.878080 0.032496 -0.000003 0.000002 -1.570796
    8 6.587842 -0.691444 0.025964 -0.000001 -0.000001 1.570796
    9 0.000002 -0.241401 -0.052690 0.000001 0.000001 0.000000
    10 10.620066 1.884898 -0.004843 -1.570796 -0.000002 2.938333
    11 -9.087198 1.359573 -0.008167 -0.000003 0.000002 -1.570796
    12 0.413974 -24.078830 -7.231749 2.280994 -0.132842 -2.232661
    13 1.473659 0.639418 -1.295234 1.209671 0.832798 -0.075516
    14 1.832607 0.000002 -0.000008 3.100098 0.039222 0.529096
    15 1.003335 0.000005 0.000001 -3.040061 -0.014385 -0.167803
    16 3.823895 -0.419603 -1.411520 0.076214 -0.213615 0.661091
    17 2.187956 0.000010 0.000000 -0.008870 -0.006551 1.246709
    18 1.100960 0.000002 0.000000 0.320260 -0.194832 0.857941
    19 3.987863 -0.577452 -0.474712 -0.072659 -0.189047 0.622440
    20 1.890109 -0.000010 -0.000001 0.025024 -0.080407 1.135764
    21 1.310925 0.000000 0.000000 0.447109 -0.140051 0.753536
    22 4.098454 -0.654534 0.453695 0.102349 -0.098016 0.690483
    23 1.655294 0.000008 0.000000 -0.047455 0.000145 0.672370
    24 0.869582 0.000004 0.000000 0.027795 -0.075059 1.090107
    25 4.092034 -0.636283 1.347050 -0.312401 -0.162095 0.464619
    26 1.157247 -0.000010 -0.000002 0.037909 -0.380876 0.722082
    27 1.019835 -0.000006 0.000000 -1.521039 -0.177128 0.784462
    28 7.406140 -6.039003 -8.901889 -1.263354 0.521982 -1.559428
    29 12.695427 -0.000020 -0.000008 -0.170464 0.293051 -1.402870
    30 -4.707273 -14.771816 -8.286468 3.068714 -0.120580 -1.317516
    31 1.474215 -0.497926 -1.376118 0.984873 0.431390 -0.250867
    32 1.832179 -0.000010 -0.000002 -2.526123 -0.301549 0.609667
    33 1.042025 -0.000004 -0.000009 -2.896901 -0.278815 -0.192682
    34 3.823320 0.664865 -1.331676 0.256661 0.226415 0.167566
    35 2.152367 -0.000001 0.000004 0.062007 -0.001524 0.005920
    36 1.056622 -0.000011 0.000000 0.240991 0.000705 -0.002202
    37 3.985134 0.881805 -0.368986 0.128322 -0.008132 -0.090211
    38 1.830183 0.000015 0.000000 0.063848 -0.073976 -1.510189
    39 1.561352 0.000008 -0.000004 0.027634 -0.015755 -1.357316
    40 4.116518 0.711272 0.551869 0.187923 0.006580 -0.361666
    41 1.752727 0.000006 0.000000 0.026509 0.029549 -1.405299
    42 0.869359 -0.000006 0.000000 0.015642 -0.073475 -0.926076
    43 4.118826 0.331223 1.419829 0.128888 -0.005990 -0.280207
    44 1.176321 0.000006 0.000000 -0.027338 0.139049 -0.923484
    45 0.970199 -0.000002 -0.000004 1.655726 0.044655 -1.487290
    46 -7.606037 1.001330 -4.120493 -2.757879 0.960430 -2.049445
    47 12.706336 -0.000035 -0.000009 -0.266028 0.294229 -1.737141
    48 0.000000 0.000000 -0.000003 0.000000 0.000000 0.000000
    49 1.200000 0.000000 0.000010 0.000000 0.000000 0.000000
    50 0.000010 -0.300000 0.000000 3.141593 0.000000 -0.174533
    51 0.000000 -0.000001 0.000000 0.000000 0.000000 0.000000
    52 -0.000003 0.000000 0.000001 3.141592 0.000000 0.000000
    53 0.000006 0.000000 0.000004 0.000000 0.000000 0.349065
    54 0.000000 0.000000 0.000000 3.141593 0.000000 0.000000
    55 -0.000008 -0.000006 0.000000 3.141593 0.000000 0.000000
    56 0.000002 -0.000002 0.000000 3.141593 0.000000 0.000000
    57 0.000014 -0.000004 0.000000 3.141593 0.000000 0.000000
    58 -0.000001 0.000000 0.000000 3.141593 0.000000 -0.000001
    59 0.000000 0.000000 0.000000 3.141593 0.000000 0.000000
    60 0.000010 0.000017 0.000000 3.141593 0.000000 -0.000001
    61 0.000000 0.000004 0.000000 3.141593 0.000000 -0.000001
    62 0.000000 0.000006 0.000000 3.141593 0.000000 -0.000001
    63 0.000001 0.000002 0.000000 3.141593 0.000000 0.000000
    64 0.000000 0.000000 0.000000 -3.141592 0.000000 0.000000
    65 0.000000 0.000000 0.000000 -1.570797 -0.000001 0.000000
    66 0.000000 0.000000 0.000000 0.000000 0.000000 0.000000
    67 1.200000 0.000000 0.000000 0.000000 0.000000 0.000000
    68 0.000009 0.299994 0.000000 0.000000 0.000000 0.174533
    69 -0.000001 -0.000001 -0.000004 0.000000 0.000000 0.000000
    70 -0.000010 0.000000 -0.000003 -3.141592 0.000001 0.000000
    71 0.000000 0.000000 0.000000 0.000001 -0.000001 0.349065
    72 0.000000 -0.000003 0.000000 0.000000 0.000000 0.000000
    73 0.000003 0.000000 0.000000 0.000000 0.000000 0.000000
    74 -0.000010 -0.000006 0.000000 -0.000001 0.000000 0.000000
    75 0.000019 0.000002 0.000000 0.000000 0.000000 0.000000
    76 0.000001 0.000004 0.000000 0.000000 0.000000 -0.000001
    77 0.000000 0.000000 0.000000 0.000000 0.000000 -0.000001
    78 0.000001 -0.000002 0.000000 0.000000 0.000000 -0.000001
    79 0.000000 0.000000 0.000000 0.000000 0.000000 -0.000001
    80 0.000001 0.000008 0.000000 0.000000 0.000000 0.000000
    81 -0.000003 0.000004 0.000000 0.000000 0.000000 0.000000
    82 -0.000007 -0.000008 0.000000 0.000000 0.000000 -0.000001
    83 0.000000 0.000002 -0.000002 -1.570796 0.000000 0.000000
  time 21
    0 -3.759185 -16.780036 -3.801144 -1.541974 -0.129315 -1.326630
    1 -1.185547 -1.036133 0.043274 0.000000 0.000004 0.000000
    2 -1.936995 -1.361039 0.227474 0.000003 0.000007 -0.000003
    3 -4.549240 -1.689358 -0.012529 0.000000 0.000000 0.000000
    4 4.331499 0.360595 -0.709097 0.000015 0.000003 0.056022
    5 3.513922 0.962076 -0.004281 0.000004 -0.000001 1.176003
    6 2.855053 0.477292 0.679213 -0.000001 -0.000004 2.896619
    7 1.649902 5.878080 0.032496 -0.000003 0.000002 -1.570796
    8 6.587842 -0.691444 0.025964 -0.000001 -0.000001 1.570796
    9 0.000002 -0.241401 -0.052690 0.000001 0.000001 0.000000
    10 10.620066 1.884898 -0.004843 -1.568531 -0.000002 3.141351
    11 -9.087198 1.359573 -0.008167 -0.000003 0.000002 -1.570796
    12 0.136622 -23.449904 -7.048150 2.123869 -0.147531 -2.167326
    13 1.473659 0.639418 -1.295234 1.217461 0.944109 0.003304
    14 1.832607 0.000002 -0.000008 3.099331 0.038395 0.509333
    15 1.003335 0.000005 0.000001 -3.040061 -0.014385 -0.167803
    16 3.823895 -0.419603 -1.411520 0.060902 -0.216254 0.602419
    17 2.187956 0.000010 0.000000 -0.011627 -0.003830 1.207619
    18 1.100960 0.000002 0.000000 0.315287 -0.189775 0.849304
    19 3.987863 -0.577452 -0.474712 -0.087191 -0.206952 0.556116
    20 1.890109 -0.000010 -0.000001 0.026454 -0.077363 1.100059
    21 1.310925 0.000000 0.000000 0.439496 -0.134251 0.747085
    22 4.086735 -0.666253 0.453695 0.110739 -0.088444 0.600207
    23 1.655294 0.000008 0.000000 -0.046700 0.000277 0.662096
    24 0.869582 0.000004 0.000000 0.023216 -0.072147 1.076787
    25 4.052971 -0.667534 1.354863 -0.297516 -0.188102 0.380168
    26 1.157247 -0.000010 -0.000002 0.042440 -0.376064 0.710192
    27 1.019835 -0.000006 0.000000 -1.519636 -0.175666 0.780466
    28 7.406140 -6.039003 -8.901889 -1.246506 0.528795 -1.561547
    29 12.695427 -0.000020 -0.000008 -0.187083 0.295340 -1.460200
    30 -4.617426 -14.705408 -8.091149 3.098222 -0.122352 -1.315456
    31 1.474215 -0.497926 -1.376118 1.000992 0.446707 -0.251119
    32 1.832179 -0.000010 -0.000002 -2.526123 -0.301549 0.609667
    33 1.042025 -0.000004 -0.000009 -2.896901 -0.278839 -0.192682
    34 3.823320 0.664865 -1.331676 0.256661 0.226415 0.167566
    35 2.152367 -0.000001 0.000004 0.062007 -0.001524 0.005920
    36 1.056622 -0.000011 0.000000 0.240979 0.000705 -0.002202
    37 3.985134 0.881805 -0.368986 0.128322 -0.008132 -0.090211
    38 1.830183 0.000015 0.000000 0.063848 -0.073976 -1.510189
    39 1.561352 0.000008 -0.000004 0.027634 -0.015755 -1.357283
    40 4.116518 0.711272 0.551869 0.187923 0.006580 -0.361666
    41 1.752727 0.000006 0.000000 0.026509 0.029549 -1.405236
    42 0.869359 -0.000006 0.000000 0.015630 -0.073475 -0.926076
    43 4.118826 0.331223 1.419829 0.128888 -0.005990 -0.280207
    44 1.176321 0.000006 0.000000 -0.027338 0.139049 -0.923507
    45 0.970199 -0.000002 -0.000004 1.655726 0.044655 -1.487290
    46 -7.606037 1.001330 -4.120493 -2.745045 0.957694 -2.035950
    47 12.706336 -0.000035 -0.000009 -0.268853 0.293786 -1.746863
    48 0.000000 0.000000 -0.000003 0.000000 0.000000 0.000000
    49 1.200000 0.000000 0.000010 0.000000 0.000000 0.000000
    50 0.000010 -0.300000 0.000000 3.141593 0.000000 -0.174533
    51 0.000000 -0.000001 0.000000 0.000000 0.000000 0.000000
    52 -0.000003 0.000000 0.000001 3.141592 0.000000 0.000000
    53 0.000006 0.000000 0.000004 0.000000 0.000000 0.349065
    54 0.000000 0.000000 0.000000 3.141593 0.000000 0.000000
    55 -0.000008 -0.000006 0.000000 3.141593 0.000000 0.000000
    56 0.000002 -0.000002 0.000000 3.141593 0.000000 0.000000
    57 0.000014 -0.000004 0.000000 3.141593 0.000000 0.000000
    58 -0.000001 0.000000 0.000000 3.141593 0.000000 -0.000001
    59 0.000000 0.000000 0.000000 3.141593 0.000000 0.000000
    60 0.000010 0.000017 0.000000 3.141593 0.000000 -0.000001
    61 0.000000 0.000004 0.000000 3.141593 0.000000 -0.000001
    62 0.000000 0.000006 0.000000 3.141593 0.000000 -0.000001
    63 0.000001 0.000002 0.000000 3.141593 0.000000 0.000000
    64 0.000000 0.000000 0.000000 -3.141592 0.000000 0.000000
    65 0.000000 0.000000 0.000000 -1.570797 -0.000001 0.000000
    66 0.000000 0.000000 0.000000 0.000000 0.000000 0.000000
    67 1.200000 0.000000 0.000000 0.000000 0.000000 0.000000
    68 0.000009 0.299994 0.000000 0.000000 0.000000 0.174533
    69 -0.000001 -0.000001 -0.000004 0.000000 0.000000 0.000000
    70 -0.000010 0.000000 -0.000003 -3.141592 0.000001 0.000000
    71 0.000000 0.000000 0.000000 0.000001 -0.000001 0.349065
    72 0.000000 -0.000003 0.000000 0.000000 0.000000 0.000000
    73 0.000003 0.000000 0.000000 0.000000 0.000000 0.000000
    74 -0.000010 -0.000006 0.000000 -0.000001 0.000000 0.000000
    75 0.000019 0.000002 0.000000 0.000000 0.000000 0.000000
    76 0.000001 0.000004 0.000000 0.000000 0.000000 -0.000001
    77 0.000000 0.000000 0.000000 0.000000 0.000000 -0.000001
    78 0.000001 -0.000002 0.000000 0.000000 0.000000 -0.000001
    79 0.000000 0.000000 0.000000 0.000000 0.000000 -0.000001
    80 0.000001 0.000008 0.000000 0.000000 0.000000 0.000000
    81 -0.000003 0.000004 0.000000 0.000000 0.000000 0.000000
    82 -0.000007 -0.000008 0.000000 0.000000 0.000000 -0.000001
    83 0.000000 0.000002 -0.000002 -1.570796 0.000000 0.000000
  time 22
    0 -3.778717 -16.748785 -3.621451 -1.519426 -0.172868 -1.329114
    1 -1.185547 -1.036133 0.043274 0.000000 0.000004 0.000000
    2 -1.936995 -1.361039 0.227474 0.000003 0.000007 -0.000003
    3 -4.549240 -1.689358 -0.012529 0.000000 0.000000 0.000000
    4 4.331499 0.360595 -0.709097 0.000015 0.000003 0.056022
    5 3.513922 0.962076 -0.004281 0.000004 -0.000001 1.176003
    6 2.855053 0.477292 0.679213 -0.000001 -0.000004 2.896619
    7 1.649902 5.878080 0.032496 -0.000003 0.000002 -1.570796
    8 6.587842 -0.691444 0.025964 -0.000001 -0.000001 1.570796
    9 0.000002 -0.241401 -0.052690 0.000001 0.000001 0.000000
    10 10.620066 1.884898 -0.004843 -1.529186 -0.000002 3.141591
    11 -9.087198 1.359573 -0.008167 -0.000003 0.000002 -1.570796
    12 0.222562 -23.531938 -6.493445 2.171682 -0.160047 -2.173338
    13 1.473659 0.639418 -1.295234 1.261327 0.943023 0.030103
    14 1.832607 0.000002 -0.000008 3.098373 0.037064 0.481221
    15 1.003335 0.000005 0.000001 -3.040061 -0.014397 -0.167803
    16 3.823895 -0.415697 -1.411520 0.065115 -0.213087 0.517385
    17 2.187956 0.000010 0.000000 -0.014575 -0.001050 1.165694
    18 1.100960 0.000002 0.000000 0.309103 -0.183962 0.838819
    19 3.987863 -0.577452 -0.474712 -0.077308 -0.222796 0.466284
    20 1.890109 -0.000010 -0.000001 0.027825 -0.074175 1.062044
    21 1.310925 0.000000 0.000000 0.430422 -0.127659 0.739102
    22 4.078922 -0.670160 0.453695 0.118768 -0.077003 0.501633
    23 1.655294 0.000008 0.000000 -0.046125 0.000589 0.649752
    24 0.869582 0.000004 0.000000 0.017799 -0.068635 1.060732
    25 4.002188 -0.698785 1.335331 -0.279982 -0.212820 0.295214
    26 1.157247 -0.000010 -0.000002 0.047857 -0.370177 0.695153
    27 1.019835 -0.000006 0.000000 -1.518030 -0.173820 0.775688
    28 7.406140 -6.039003 -8.901889 -1.266971 0.499798 -1.569562
    29 12.695427 -0.000020 -0.000008 -0.183541 0.294824 -1.447864
    30 -4.496329 -14.834318 -8.013022 3.120162 -0.166166 -1.317303
    31 1.474215 -0.497926 -1.376118 1.025884 0.469946 -0.250820
    32 1.832179 -0.000010 -0.000002 -2.526123 -0.301549 0.609667
    33 1.042025 -0.000004 -0.000009 -2.896889 -0.278839 -0.192682
    34 3.823320 0.664865 -1.331676 0.256661 0.226415 0.167566
    35 2.152367 -0.000001 0.000004 0.062019 -0.001524 0.005920
    36 1.056622 -0.000011 0.000000 0.240991 0.000705 -0.002214
    37 3.985134 0.881805 -0.368986 0.128322 -0.008132 -0.090211
    38 1.830183 0.000015 0.000000 0.063848 -0.073976 -1.510189
    39 1.561352 0.000008 -0.000004 0.027634 -0.015755 -1.357316
    40 4.116518 0.711272 0.551869 0.187923 0.006580 -0.361666
    41 1.752727 0.000006 0.000000 0.026497 0.029549 -1.405299
    42 0.869359 -0.000006 0.000000 0.015630 -0.073475 -0.926076
    43 4.118826 0.331223 1.419829 0.128888 -0.005990 -0.280207
    44 1.176321 0.000006 0.000000 -0.027338 0.139049 -0.923484
    45 0.970199 -0.000002 -0.000004 1.655714 0.044655 -1.487290
    46 -7.606037 1.001330 -4.120493 -2.728048 0.949285 -2.014145
    47 12.706336 -0.000035 -0.000009 -0.265052 0.294433 -1.733326
    48 0.000000 0.000000 -0.000003 0.000000 0.000000 0.000000
    49 1.200000 0.000000 0.000010 0.000000 0.000000 0.000000
    50 0.000010 -0.300000 0.000000 3.141593 0.000000 -0.174533
    51 0.000000 -0.000001 0.000000 0.000000 0.000000 0.000000
    52 -0.000003 0.000000 0.000001 3.141592 0.000000 0.000000
    53 0.000006 0.000000 0.000004 0.000000 0.000000 0.349065
    54 0.000000 0.000000 0.000000 3.141593 0.000000 0.000000
    55 -0.000008 -0.000006 0.000000 3.141593 0.000000 0.000000
    56 0.000002 -0.000002 0.000000 3.141593 0.000000 0.000000
    57 0.000014 -0.000004 0.000000 3.141593 0.000000 0.000000
    58 -0.000001 0.000000 0.000000 3.141593 0.000000 -0.000001
    59 0.000000 0.000000 0.000000 3.141593 0.000000 0.000000
    60 0.000010 0.000017 0.000000 3.141593 0.000000 -0.000001
    61 0.000000 0.000004 0.000000 3.141593 0.000000 -0.000001
    62 0.000000 0.000006 0.000000 3.141593 0.000000 -0.000001
    63 0.000001 0.000002 0.000000 3.141593 0.000000 0.000000
    64 0.000000 0.000000 0.000000 -3.141592 0.000000 0.000000
    65 0.000000 0.000000 0.000000 -1.570797 -0.000001 0.000000
    66 0.000000 0.000000 0.000000 0.000000 0.000000 0.000000
    67 1.200000 0.000000 0.000000 0.000000 0.000000 0.000000
    68 0.000009 0.299994 0.000000 0.000000 0.000000 0.174533
    69 -0.000001 -0.000001 -0.000004 0.000000 0.000000 0.000000
    70 -0.000010 0.000000 -0.000003 -3.141592 0.000001 0.000000
    71 0.000000 0.000000 0.000000 0.000001 -0.000001 0.349065
    72 0.000000 -0.000003 0.000000 0.000000 0.000000 0.000000
    73 0.000003 0.000000 0.000000 0.000000 0.000000 0.000000
    74 -0.000010 -0.000006 0.000000 -0.000001 0.000000 0.000000
    75 0.000019 0.000002 0.000000 0.000000 0.000000 0.000000
    76 0.000001 0.000004 0.000000 0.000000 0.000000 -0.000001
    77 0.000000 0.000000 0.000000 0.000000 0.000000 -0.000001
    78 0.000001 -0.000002 0.000000 0.000000 0.000000 -0.000001
    79 0.000000 0.000000 0.000000 0.000000 0.000000 -0.000001
    80 0.000001 0.000008 0.000000 0.000000 0.000000 0.000000
    81 -0.000003 0.000004 0.000000 0.000000 0.000000 0.000000
    82 -0.000007 -0.000008 0.000000 0.000000 0.000000 -0.000001
    83 0.000000 0.000002 -0.000002 -1.570796 0.000000 0.000000
  time 23
    0 -3.845125 -16.725347 -3.473009 -1.511402 -0.214609 -1.330605
    1 -1.185547 -1.036133 0.043274 0.000000 0.000004 0.000000
    2 -1.936995 -1.361039 0.227474 0.000003 0.000007 -0.000003
    3 -4.549240 -1.689358 -0.012529 0.000000 0.000000 0.000000
    4 4.331499 0.360595 -0.709097 0.000015 0.000003 0.056022
    5 3.513922 0.962076 -0.004281 0.000004 -0.000001 1.176003
    6 2.855053 0.477292 0.679213 -0.000001 -0.000004 2.896619
    7 1.649902 5.878080 0.032496 -0.000003 0.000002 -1.570796
    8 6.587842 -0.691444 0.025964 -0.000001 -0.000001 1.570796
    9 0.000002 -0.241401 -0.052690 0.000001 0.000001 0.000000
    10 10.620066 1.884898 -0.004843 -1.568531 -0.000002 3.141351
    11 -9.087198 1.359573 -0.008167 -0.000003 0.000002 -1.570796
    12 0.203030 -23.613972 -6.009055 2.208819 -0.181698 -2.180002
    13 1.473659 0.639418 -1.295234 1.339774 0.934075 0.049189
    14 1.832607 0.000002 -0.000008 3.096994 0.035506 0.445543
    15 1.003335 0.000005 0.000001 -3.040061 -0.014397 -0.167803
    16 3.823895 -0.388352 -1.411520 0.084343 -0.203814 0.394068
    17 2.187956 0.000010 0.000000 -0.017991 0.001515 1.121584
    18 1.100960 0.000002 0.000000 0.301768 -0.177155 0.826806
    19 3.987863 -0.577452 -0.474712 -0.052942 -0.233893 0.340201
    20 1.890109 -0.000010 -0.000001 0.029034 -0.070988 1.022150
    21 1.310925 0.000000 0.000000 0.420101 -0.120804 0.729619
    22 4.071109 -0.662347 0.453695 0.125755 -0.064920 0.403191
    23 1.655294 0.000008 0.000000 -0.045525 0.000769 0.635488
    24 0.869582 0.000004 0.000000 0.011496 -0.064704 1.042106
    25 3.959218 -0.714410 1.350957 -0.261274 -0.234598 0.214584
    26 1.157247 -0.000010 -0.000002 0.054017 -0.363254 0.678188
    27 1.019835 -0.000006 0.000000 -1.516305 -0.171819 0.770148
    28 7.406140 -6.039003 -8.901889 -1.282296 0.470261 -1.580894
    29 12.695427 -0.000020 -0.000008 -0.178035 0.294141 -1.429044
    30 -4.488516 -14.982760 -7.942707 3.127729 -0.207994 -1.319150
    31 1.474215 -0.497926 -1.376118 1.054300 0.496356 -0.249813
    32 1.832179 -0.000010 -0.000002 -2.526123 -0.301549 0.609667
    33 1.042025 -0.000004 -0.000009 -2.896901 -0.278827 -0.192682
    34 3.823320 0.664865 -1.331676 0.256661 0.226415 0.167566
    35 2.152367 -0.000001 0.000004 0.062019 -0.001524 0.005920
    36 1.056622 -0.000011 0.000000 0.240991 0.000705 -0.002202
    37 3.985134 0.881805 -0.368986 0.128322 -0.008132 -0.090211
    38 1.830183 0.000015 0.000000 0.063848 -0.073976 -1.510189
    39 1.561352 0.000008 -0.000004 0.027634 -0.015755 -1.357316
    40 4.116518 0.711272 0.551869 0.187923 0.006580 -0.361666
    41 1.752727 0.000006 0.000000 0.026509 0.029549 -1.405299
    42 0.869359 -0.000006 0.000000 0.015642 -0.073475 -0.926076
    43 4.118826 0.331223 1.419829 0.128888 -0.005990 -0.280207
    44 1.176321 0.000006 0.000000 -0.027338 0.139049 -0.923484
    45 0.970199 -0.000002 -0.000004 1.655726 0.044655 -1.487290
    46 -7.606037 1.001330 -4.120493 -2.709179 0.942511 -1.997901
    47 12.706336 -0.000035 -0.000009 -0.261003 0.295032 -1.719296
    48 0.000000 0.000000 -0.000003 0.000000 0.000000 0.000000
    49 1.200000 0.000000 0.000010 0.000000 0.000000 0.000000
    50 0.000010 -0.300000 0.000000 3.141593 0.000000 -0.174533
    51 0.000000 -0.000001 0.000000 0.000000 0.000000 0.000000
    52 -0.000003 0.000000 0.000001 3.141592 0.000000 0.000000
    53 0.000006 0.000000 0.000004 0.000000 0.000000 0.349065
    54 0.000000 0.000000 0.000000 3.141593 0.000000 0.000000
    55 -0.000008 -0.000006 0.000000 3.141593 0.000000 0.000000
    56 0.000002 -0.000002 0.000000 3.141593 0.000000 0.000000
    57 0.000014 -0.000004 0.000000 3.141593 0.000000 0.000000
    58 -0.000001 0.000000 0.000000 3.141593 0.000000 -0.000001
    59 0.000000 0.000000 0.000000 3.141593 0.000000 0.000000
    60 0.000010 0.000017 0.000000 3.141593 0.000000 -0.000001
    61 0.000000 0.000004 0.000000 3.141593 0.000000 -0.000001
    62 0.000000 0.000006 0.000000 3.141593 0.000000 -0.000001
    63 0.000001 0.000002 0.000000 3.141593 0.000000 0.000000
    64 0.000000 0.000000 0.000000 -3.141592 0.000000 0.000000
    65 0.000000 0.000000 0.000000 -1.570797 -0.000001 0.000000
    66 0.000000 0.000000 0.000000 0.000000 0.000000 0.000000
    67 1.200000 0.000000 0.000000 0.000000 0.000000 0.000000
    68 0.000009 0.299994 0.000000 0.000000 0.000000 0.174533
    69 -0.000001 -0.000001 -0.000004 0.000000 0.000000 0.000000
    70 -0.000010 0.000000 -0.000003 -3.141592 0.000001 0.000000
    71 0.000000 0.000000 0.000000 0.000001 -0.000001 0.349065
    72 0.000000 -0.000003 0.000000 0.000000 0.000000 0.000000
    73 0.000003 0.000000 0.000000 0.000000 0.000000 0.000000
    74 -0.000010 -0.000006 0.000000 -0.000001 0.000000 0.000000
    75 0.000019 0.000002 0.000000 0.000000 0.000000 0.000000
    76 0.000001 0.000004 0.000000 0.000000 0.000000 -0.000001
    77 0.000000 0.000000 0.000000 0.000000 0.000000 -0.000001
    78 0.000001 -0.000002 0.000000 0.000000 0.000000 -0.000001
    79 0.000000 0.000000 0.000000 0.000000 0.000000 -0.000001
    80 0.000001 0.000008 0.000000 0.000000 0.000000 0.000000
    81 -0.000003 0.000004 0.000000 0.000000 0.000000 0.000000
    82 -0.000007 -0.000008 0.000000 0.000000 0.000000 -0.000001
    83 0.000000 0.000002 -0.000002 -1.570796 0.000000 0.000000
  time 24
    0 -4.013099 -16.709722 -3.316754 -1.517185 -0.201048 -1.332309
    1 -1.185547 -1.036133 0.043274 0.000000 0.000004 0.000000
    2 -1.936995 -1.361039 0.227474 0.000003 0.000007 -0.000003
    3 -4.549240 -1.689358 -0.012529 0.000000 0.000000 0.000000
    4 4.331499 0.360595 -0.709097 0.000015 0.000003 0.056022
    5 3.513922 0.962076 -0.004281 0.000004 -0.000001 1.176003
    6 2.855053 0.477292 0.679213 -0.000001 -0.000004 2.896619
    7 1.649902 5.878080 0.032496 -0.000003 0.000002 -1.570796
    8 6.587842 -0.691444 0.025964 -0.000001 -0.000001 1.570796
    9 0.000002 -0.241401 -0.052690 0.000001 0.000001 0.000000
    10 10.620066 1.884898 -0.004843 -1.568531 -0.000002 3.141351
    11 -9.087198 1.359573 -0.008167 -0.000003 0.000002 -1.570796
    12 -0.004007 -23.571002 -5.969992 2.194493 -0.177070 -2.179712
    13 1.473659 0.639418 -1.295234 1.444523 0.916573 0.059886
    14 1.832607 0.000002 -0.000008 3.095568 0.033721 0.403734
    15 1.003335 0.000005 0.000001 -3.040061 -0.014397 -0.167803
    16 3.823895 -0.333663 -1.411520 0.114169 -0.186306 0.245154
    17 2.187956 0.000010 0.000000 -0.021478 0.004152 1.075708
    18 1.100960 0.000002 0.000000 0.293523 -0.169521 0.812980
    19 3.987863 -0.561826 -0.474712 -0.017506 -0.236614 0.189779
    20 1.890109 -0.000010 -0.000001 0.030169 -0.067464 0.980729
    21 1.310925 0.000000 0.000000 0.408447 -0.113446 0.718685
    22 4.055484 -0.693598 0.453695 0.131065 -0.053328 0.313388
    23 1.655294 0.000008 0.000000 -0.045310 0.001080 0.619231
    24 0.869582 0.000004 0.000000 0.004197 -0.060270 1.020909
    25 3.916248 -0.761286 1.335331 -0.243298 -0.252428 0.143589
    26 1.157247 -0.000010 -0.000002 0.060896 -0.355348 0.659371
    27 1.019835 -0.000006 0.000000 -1.514147 -0.169482 0.763866
    28 7.406140 -6.039003 -8.901889 -1.276204 0.463531 -1.589370
    29 12.695427 -0.000020 -0.000008 -0.176222 0.293865 -1.422718
    30 -4.691647 -14.920258 -7.759108 3.121953 -0.194367 -1.319789
    31 1.474215 -0.497926 -1.376118 1.079791 0.519633 -0.248171
    32 1.832179 -0.000010 -0.000002 -2.526123 -0.301549 0.609667
    33 1.042025 -0.000004 -0.000009 -2.896901 -0.278839 -0.192682
    34 3.823320 0.664865 -1.331676 0.256661 0.226415 0.167566
    35 2.152367 -0.000001 0.000004 0.062007 -0.001524 0.005920
    36 1.056622 -0.000011 0.000000 0.241003 0.000705 -0.002202
    37 3.985134 0.881805 -0.368986 0.128322 -0.008132 -0.090211
    38 1.830183 0.000015 0.000000 0.063848 -0.073976 -1.510189
    39 1.561352 0.000008 -0.000004 0.027634 -0.015755 -1.357316
    40 4.116518 0.711272 0.551869 0.187923 0.006580 -0.361666
    41 1.752727 0.000006 0.000000 0.026509 0.029549 -1.405299
    42 0.869359 -0.000006 0.000000 0.015642 -0.073475 -0.926076
    43 4.118826 0.331223 1.419829 0.128888 -0.005990 -0.280207
    44 1.176321 0.000006 0.000000 -0.027338 0.139049 -0.923530
    45 0.970199 -0.000002 -0.000004 1.655726 0.044655 -1.487290
    46 -7.606037 1.001330 -4.120493 -2.692529 0.946215 -2.001712
    47 12.706336 -0.000035 -0.000009 -0.265364 0.294361 -1.734864
    48 0.000000 0.000000 -0.000003 0.000000 0.000000 0.000000
    49 1.200000 0.000000 0.000010 0.000000 0.000000 0.000000
    50 0.000010 -0.300000 0.000000 3.141593 0.000000 -0.174533
    51 0.000000 -0.000001 0.000000 0.000000 0.000000 0.000000
    52 -0.000003 0.000000 0.000001 3.141592 0.000000 0.000000
    53 0.000006 0.000000 0.000004 0.000000 0.000000 0.349065
    54 0.000000 0.000000 0.000000 3.141593 0.000000 0.000000
    55 -0.000008 -0.000006 0.000000 3.141593 0.000000 0.000000
    56 0.000002 -0.000002 0.000000 3.141593 0.000000 0.000000
    57 0.000014 -0.000004 0.000000 3.141593 0.000000 0.000000
    58 -0.000001 0.000000 0.000000 3.141593 0.000000 -0.000001
    59 0.000000 0.000000 0.000000 3.141593 0.000000 0.000000
    60 0.000010 0.000017 0.000000 3.141593 0.000000 -0.000001
    61 0.000000 0.000004 0.000000 3.141593 0.000000 -0.000001
    62 0.000000 0.000006 0.000000 3.141593 0.000000 -0.000001
    63 0.000001 0.000002 0.000000 3.141593 0.000000 0.000000
    64 0.000000 0.000000 0.000000 -3.141592 0.000000 0.000000
    65 0.000000 0.000000 0.000000 -1.570797 -0.000001 0.000000
    66 0.000000 0.000000 0.000000 0.000000 0.000000 0.000000
    67 1.200000 0.000000 0.000000 0.000000 0.000000 0.000000
    68 0.000009 0.299994 0.000000 0.000000 0.000000 0.174533
    69 -0.000001 -0.000001 -0.000004 0.000000 0.000000 0.000000
    70 -0.000010 0.000000 -0.000003 -3.141592 0.000001 0.000000
    71 0.000000 0.000000 0.000000 0.000001 -0.000001 0.349065
    72 0.000000 -0.000003 0.000000 0.000000 0.000000 0.000000
    73 0.000003 0.000000 0.000000 0.000000 0.000000 0.000000
    74 -0.000010 -0.000006 0.000000 -0.000001 0.000000 0.000000
    75 0.000019 0.000002 0.000000 0.000000 0.000000 0.000000
    76 0.000001 0.000004 0.000000 0.000000 0.000000 -0.000001
    77 0.000000 0.000000 0.000000 0.000000 0.000000 -0.000001
    78 0.000001 -0.000002 0.000000 0.000000 0.000000 -0.000001
    79 0.000000 0.000000 0.000000 0.000000 0.000000 -0.000001
    80 0.000001 0.000008 0.000000 0.000000 0.000000 0.000000
    81 -0.000003 0.000004 0.000000 0.000000 0.000000 0.000000
    82 -0.000007 -0.000008 0.000000 0.000000 0.000000 -0.000001
    83 0.000000 0.000002 -0.000002 -1.570796 0.000000 0.000000
  time 25
    0 -4.259200 -16.701909 -3.144874 -1.536819 -0.161874 -1.335716
    1 -1.185547 -1.036133 0.043274 0.000000 0.000004 0.000000
    2 -1.936995 -1.361039 0.227474 0.000003 0.000007 -0.000003
    3 -4.549240 -1.689358 -0.012529 0.000000 0.000000 0.000000
    4 4.331499 0.360595 -0.709097 0.000015 0.000003 0.056022
    5 3.513922 0.962076 -0.004281 0.000004 -0.000001 1.176003
    6 2.855053 0.477292 0.679213 -0.000001 -0.000004 2.896619
    7 1.649902 5.878080 0.032496 -0.000003 0.000002 -1.570796
    8 6.587842 -0.691444 0.025964 -0.000001 -0.000001 1.570796
    9 0.000002 -0.241401 -0.052690 0.000001 0.000001 0.000000
    10 10.620066 1.884898 -0.004843 -1.568531 -0.000002 3.141351
    11 -9.087198 1.359573 -0.008167 -0.000003 0.000002 -1.570796
    12 -0.379019 -23.504593 -6.145778 2.151790 -0.165520 -2.179350
    13 1.473659 0.639418 -1.295234 1.557781 0.891768 0.063461
    14 1.832607 0.000002 -0.000008 3.093639 0.030785 0.341608
    15 1.003335 0.000005 0.000001 -3.040061 -0.014397 -0.167803
    16 3.819989 -0.278974 -1.399801 0.145962 -0.162182 0.096166
    17 2.187956 0.000010 0.000000 -0.025325 0.006513 1.028577
    18 1.100960 0.000002 0.000000 0.284163 -0.161119 0.797697
    19 3.987863 -0.546201 -0.474712 0.020514 -0.229795 0.039893
    20 1.890109 -0.000010 -0.000001 0.031157 -0.064060 0.938094
    21 1.310925 0.000000 0.000000 0.395574 -0.105763 0.706379
    22 4.047671 -0.693598 0.453695 0.134768 -0.043397 0.239077
    23 1.655294 0.000008 0.000000 -0.044998 0.001536 0.601317
    24 0.869582 0.000004 0.000000 -0.004060 -0.055608 0.997278
    25 3.873278 -0.792537 1.343144 -0.227718 -0.265794 0.086197
    26 1.157247 -0.000010 -0.000002 0.068135 -0.346393 0.638109
    27 1.019835 -0.000006 0.000000 -1.512014 -0.166761 0.756946
    28 7.406140 -6.039003 -8.901889 -1.258785 0.464611 -1.600610
    29 12.695427 -0.000020 -0.000008 -0.174325 0.293722 -1.416313
    30 -5.051033 -14.756190 -7.513007 3.102789 -0.155014 -1.323341
    31 1.474215 -0.497926 -1.376118 1.096725 0.534822 -0.246685
    32 1.832179 -0.000010 -0.000002 -2.526123 -0.301549 0.609667
    33 1.042025 -0.000004 -0.000009 -2.896901 -0.278827 -0.192682
    34 3.823320 0.664865 -1.331676 0.256661 0.226415 0.167566
    35 2.152367 -0.000001 0.000004 0.062043 -0.001524 0.005920
    36 1.056622 -0.000011 0.000000 0.240991 0.000705 -0.002202
    37 3.985134 0.881805 -0.368986 0.128322 -0.008132 -0.090211
    38 1.830183 0.000015 0.000000 0.063848 -0.073976 -1.510189
    39 1.561352 0.000008 -0.000004 0.027634 -0.015755 -1.357316
    40 4.116518 0.711272 0.551869 0.187923 0.006580 -0.361666
    41 1.752727 0.000006 0.000000 0.026509 0.029549 -1.405299
    42 0.869359 -0.000006 0.000000 0.015594 -0.073475 -0.926076
    43 4.118826 0.331223 1.419829 0.128888 -0.005990 -0.280207
    44 1.176321 0.000006 0.000000 -0.027338 0.139049 -0.923507
    45 0.970199 -0.000002 -0.000004 1.655726 0.044655 -1.487290
    46 -7.606037 1.001330 -4.120493 -2.671509 0.955558 -2.014395
    47 12.706336 -0.000035 -0.000009 -0.273644 0.292935 -1.763415
    48 0.000000 0.000000 -0.000003 0.000000 0.000000 0.000000
    49 1.200000 0.000000 0.000010 0.000000 0.000000 0.000000
    50 0.000010 -0.300000 0.000000 3.141593 0.000000 -0.174533
    51 0.000000 -0.000001 0.000000 0.000000 0.000000 0.000000
    52 -0.000003 0.000000 0.000001 3.141592 0.000000 0.000000
    53 0.000006 0.000000 0.000004 0.000000 0.000000 0.349065
    54 0.000000 0.000000 0.000000 3.141593 0.000000 0.000000
    55 -0.000008 -0.000006 0.000000 3.141593 0.000000 0.000000
    56 0.000002 -0.000002 0.000000 3.141593 0.000000 0.000000
    57 0.000014 -0.000004 0.000000 3.141593 0.000000 0.000000
    58 -0.000001 0.000000 0.000000 3.141593 0.000000 -0.000001
    59 0.000000 0.000000 0.000000 3.141593 0.000000 0.000000
    60 0.000010 0.000017 0.000000 3.141593 0.000000 -0.000001
    61 0.000000 0.000004 0.000000 3.141593 0.000000 -0.000001
    62 0.000000 0.000006 0.000000 3.141593 0.000000 -0.000001
    63 0.000001 0.000002 0.000000 3.141593 0.000000 0.000000
    64 0.000000 0.000000 0.000000 -3.141592 0.000000 0.000000
    65 0.000000 0.000000 0.000000 -1.570797 -0.000001 0.000000
    66 0.000000 0.000000 0.000000 0.000000 0.000000 0.000000
    67 1.200000 0.000000 0.000000 0.000000 0.000000 0.000000
    68 0.000009 0.299994 0.000000 0.000000 0.000000 0.174533
    69 -0.000001 -0.000001 -0.000004 0.000000 0.000000 0.000000
    70 -0.000010 0.000000 -0.000003 -3.141592 0.000001 0.000000
    71 0.000000 0.000000 0.000000 0.000001 -0.000001 0.349065
    72 0.000000 -0.000003 0.000000 0.000000 0.000000 0.000000
    73 0.000003 0.000000 0.000000 0.000000 0.000000 0.000000
    74 -0.000010 -0.000006 0.000000 -0.000001 0.000000 0.000000
    75 0.000019 0.000002 0.000000 0.000000 0.000000 0.000000
    76 0.000001 0.000004 0.000000 0.000000 0.000000 -0.000001
    77 0.000000 0.000000 0.000000 0.000000 0.000000 -0.000001
    78 0.000001 -0.000002 0.000000 0.000000 0.000000 -0.000001
    79 0.000000 0.000000 0.000000 0.000000 0.000000 -0.000001
    80 0.000001 0.000008 0.000000 0.000000 0.000000 0.000000
    81 -0.000003 0.000004 0.000000 0.000000 0.000000 0.000000
    82 -0.000007 -0.000008 0.000000 0.000000 0.000000 -0.000001
    83 0.000000 0.000002 -0.000002 -1.570796 0.000000 0.000000
  time 26
    0 -4.474051 -16.698003 -3.035495 -1.568108 -0.112960 -1.343169
    1 -1.185547 -1.036133 0.043274 0.000000 0.000004 0.000000
    2 -1.936995 -1.361039 0.227474 0.000003 0.000007 -0.000003
    3 -4.549240 -1.689358 -0.012529 0.000000 0.000000 0.000000
    4 4.331499 0.360595 -0.709097 0.000015 0.000003 0.056022
    5 3.513922 0.962076 -0.004281 0.000004 -0.000001 1.176003
    6 2.855053 0.477292 0.679213 -0.000001 -0.000004 2.896619
    7 1.649902 5.878080 0.032496 -0.000003 0.000002 -1.570796
    8 6.587842 -0.691444 0.025964 -0.000001 -0.000001 1.570796
    9 0.000002 -0.241401 -0.052690 0.000001 0.000001 0.000000
    10 10.620066 1.884898 -0.004843 -1.568531 -0.000002 3.141351
    11 -9.087198 1.359573 -0.008167 -0.000003 0.000002 -1.570796
    12 -0.800906 -23.406934 -6.458288 2.093849 -0.156063 -2.181740
    13 1.473659 0.639418 -1.295234 1.657471 0.862357 0.064249
    14 1.832607 0.000002 -0.000008 3.091110 0.026386 0.254598
    15 1.003335 0.000005 0.000001 -3.040061 -0.014397 -0.167803
    16 3.823895 -0.236004 -1.391988 0.171352 -0.137847 -0.024288
    17 2.187956 0.000010 0.000000 -0.029268 0.008550 0.980377
    18 1.100960 0.000002 0.000000 0.273724 -0.152323 0.780850
    19 3.983956 -0.526669 -0.474712 0.051496 -0.217978 -0.081196
    20 1.890109 -0.000010 -0.000001 0.032042 -0.060441 0.894872
    21 1.310925 0.000000 0.000000 0.381538 -0.097890 0.692735
    22 4.039858 -0.709224 0.453695 0.136925 -0.036015 0.184486
    23 1.655294 0.000008 0.000000 -0.044914 0.001883 0.581672
    24 0.869582 0.000004 0.000000 -0.013337 -0.050754 0.971404
    25 3.849840 -0.827695 1.335331 -0.215949 -0.274851 0.044759
    26 1.157247 -0.000010 -0.000002 0.075889 -0.336376 0.614884
    27 1.019835 -0.000006 0.000000 -1.509449 -0.164005 0.749408
    28 7.406140 -6.039003 -8.901889 -1.234703 0.470884 -1.611205
    29 12.695427 -0.000020 -0.000008 -0.172428 0.293326 -1.409750
    30 -5.418232 -14.568685 -7.278624 3.072252 -0.105685 -1.331084
    31 1.474215 -0.497926 -1.376118 1.102490 0.539983 -0.246086
    32 1.832179 -0.000010 -0.000002 -2.526123 -0.301549 0.609667
    33 1.042025 -0.000004 -0.000009 -2.896901 -0.278827 -0.192682
    34 3.823320 0.664865 -1.331676 0.256661 0.226415 0.167566
    35 2.152367 -0.000001 0.000004 0.062007 -0.001524 0.005920
    36 1.056622 -0.000011 0.000000 0.240991 0.000705 -0.002202
    37 3.985134 0.881805 -0.368986 0.128322 -0.008132 -0.090211
    38 1.830183 0.000015 0.000000 0.063848 -0.073976 -1.510189
    39 1.561352 0.000008 -0.000004 0.027634 -0.015755 -1.357316
    40 4.116518 0.711272 0.551869 0.187923 0.006580 -0.361666
    41 1.752727 0.000006 0.000000 0.026509 0.029549 -1.405299
    42 0.869359 -0.000006 0.000000 0.015642 -0.073475 -0.926076
    43 4.118826 0.331223 1.419829 0.128888 -0.005990 -0.280207
    44 1.176321 0.000006 0.000000 -0.027338 0.139049 -0.923507
    45 0.970199 -0.000002 -0.000004 1.655726 0.044655 -1.487290
    46 -7.606037 1.001330 -4.120493 -2.650489 0.966403 -2.027828
    47 12.706336 -0.000035 -0.000009 -0.282367 0.291185 -1.793504
    48 0.000000 0.000000 -0.000003 0.000000 0.000000 0.000000
    49 1.200000 0.000000 0.000010 0.000000 0.000000 0.000000
    50 0.000010 -0.300000 0.000000 3.141593 0.000000 -0.174533
    51 0.000000 -0.000001 0.000000 0.000000 0.000000 0.000000
    52 -0.000003 0.000000 0.000001 3.141592 0.000000 0.000000
    53 0.000006 0.000000 0.000004 0.000000 0.000000 0.349065
    54 0.000000 0.000000 0.000000 3.141593 0.000000 0.000000
    55 -0.000008 -0.000006 0.000000 3.141593 0.000000 0.000000
    56 0.000002 -0.000002 0.000000 3.141593 0.000000 0.000000
    57 0.000014 -0.000004 0.000000 3.141593 0.000000 0.000000
    58 -0.000001 0.000000 0.000000 3.141593 0.000000 -0.000001
    59 0.000000 0.000000 0.000000 3.141593 0.000000 0.000000
    60 0.000010 0.000017 0.000000 3.141593 0.000000 -0.000001
    61 0.000000 0.000004 0.000000 3.141593 0.000000 -0.000001
    62 0.000000 0.000006 0.000000 3.141593 0.000000 -0.000001
    63 0.000001 0.000002 0.000000 3.141593 0.000000 0.000000
    64 0.000000 0.000000 0.000000 -3.141592 0.000000 0.000000
    65 0.000000 0.000000 0.000000 -1.570797 -0.000001 0.000000
    66 0.000000 0.000000 0.000000 0.000000 0.000000 0.000000
    67 1.200000 0.000000 0.000000 0.000000 0.000000 0.000000
    68 0.000009 0.299994 0.000000 0.000000 0.000000 0.174533
    69 -0.000001 -0.000001 -0.000004 0.000000 0.000000 0.000000
    70 -0.000010 0.000000 -0.000003 -3.141592 0.000001 0.000000
    71 0.000000 0.000000 0.000000 0.000001 -0.000001 0.349065
    72 0.000000 -0.000003 0.000000 0.000000 0.000000 0.000000
    73 0.000003 0.000000 0.000000 0.000000 0.000000 0.000000
    74 -0.000010 -0.000006 0.000000 -0.000001 0.000000 0.000000
    75 0.000019 0.000002 0.000000 0.000000 0.000000 0.000000
    76 0.000001 0.000004 0.000000 0.000000 0.000000 -0.000001
    77 0.000000 0.000000 0.000000 0.000000 0.000000 -0.000001
    78 0.000001 -0.000002 0.000000 0.000000 0.000000 -0.000001
    79 0.000000 0.000000 0.000000 0.000000 0.000000 -0.000001
    80 0.000001 0.000008 0.000000 0.000000 0.000000 0.000000
    81 -0.000003 0.000004 0.000000 0.000000 0.000000 0.000000
    82 -0.000007 -0.000008 0.000000 0.000000 0.000000 -0.000001
    83 0.000000 0.000002 -0.000002 -1.570796 0.000000 0.000000
  time 27
    0 -4.548272 -16.698003 -3.000338 -1.603298 -0.074572 -1.353957
    1 -1.185547 -1.036133 0.043274 0.000000 0.000004 0.000000
    2 -1.936995 -1.361039 0.227474 0.000003 0.000007 -0.000003
    3 -4.549240 -1.689358 -0.012529 0.000000 0.000000 0.000000
    4 4.331499 0.360595 -0.709097 0.000015 0.000003 0.056022
    5 3.513922 0.962076 -0.004281 0.000004 -0.000001 1.176003
    6 2.855053 0.477292 0.679213 -0.000001 -0.000004 2.896619
    7 1.649902 5.878080 0.032496 -0.000003 0.000002 -1.570796
    8 6.587842 -0.691444 0.025964 -0.000001 -0.000001 1.570796
    9 0.000002 -0.241401 -0.052690 0.000001 0.000001 0.000000
    10 10.620066 1.884898 -0.004843 -1.529186 -0.000002 3.141591
    11 -9.087198 1.359573 -0.008167 -0.000003 0.000002 -1.570796
    12 -1.125135 -23.356151 -6.766891 2.041383 -0.156425 -2.187752
    13 1.473659 0.639418 -1.295234 1.727668 0.831071 0.067937
    14 1.832607 0.000002 -0.000008 3.089180 0.022383 0.176948
    15 1.003335 0.000005 0.000001 -3.040061 -0.014397 -0.167803
    16 3.812176 -0.177408 -1.384175 0.186534 -0.120691 -0.098511
    17 2.187956 0.000010 0.000000 -0.033583 0.010587 0.931712
    18 1.100960 0.000002 0.000000 0.262482 -0.142903 0.762617
    19 3.987863 -0.514950 -0.474712 0.070303 -0.207863 -0.155806
    20 1.890109 -0.000010 -0.000001 0.032734 -0.056978 0.851102
    21 1.310925 0.000000 0.000000 0.366368 -0.089980 0.677882
    22 4.035952 -0.689692 0.453695 0.138040 -0.031465 0.151637
    23 1.655294 0.000008 0.000000 -0.044974 0.002327 0.560484
    24 0.869582 0.000004 0.000000 -0.023368 -0.045841 0.943287
    25 3.830308 -0.819882 1.315799 -0.208638 -0.279977 0.019967
    26 1.157247 -0.000010 -0.000002 0.084050 -0.325493 0.590659
    27 1.019835 -0.000006 0.000000 -1.506969 -0.160901 0.741314
    28 7.406140 -6.039003 -8.901889 -1.212334 0.477531 -1.617286
    29 12.695427 -0.000020 -0.000008 -0.170548 0.293051 -1.402870
    30 -5.640895 -14.424149 -7.134089 3.037595 -0.066912 -1.342237
    31 1.474215 -0.497926 -1.376118 1.084992 0.524281 -0.247692
    32 1.832179 -0.000010 -0.000002 -2.526123 -0.301549 0.609667
    33 1.042025 -0.000004 -0.000009 -2.896937 -0.278827 -0.192682
    34 3.823320 0.664865 -1.331676 0.256661 0.226415 0.167566
    35 2.152367 -0.000001 0.000004 0.062007 -0.001524 0.005920
    36 1.056622 -0.000011 0.000000 0.240991 0.000705 -0.002190
    37 3.985134 0.881805 -0.368986 0.128322 -0.008132 -0.090211
    38 1.830183 0.000015 0.000000 0.063848 -0.073976 -1.510189
    39 1.561352 0.000008 -0.000004 0.027634 -0.015755 -1.357316
    40 4.116518 0.711272 0.551869 0.187923 0.006580 -0.361666
    41 1.752727 0.000006 0.000000 0.026509 0.029549 -1.405299
    42 0.869359 -0.000006 0.000000 0.015570 -0.073475 -0.926076
    43 4.118826 0.331223 1.419829 0.128888 -0.005990 -0.280207
    44 1.176321 0.000006 0.000000 -0.027338 0.139049 -0.923507
    45 0.970199 -0.000002 -0.000004 1.655726 0.044655 -1.487290
    46 -7.606037 1.001330 -4.120493 -2.637586 0.973811 -2.036075
    47 12.706336 -0.000035 -0.000009 -0.288095 0.289879 -1.813625
    48 0.000000 0.000000 -0.000003 0.000000 0.000000 0.000000
    49 1.200000 0.000000 0.000010 0.000000 0.000000 0.000000
    50 0.000010 -0.300000 0.000000 3.141593 0.000000 -0.174533
    51 0.000000 -0.000001 0.000000 0.000000 0.000000 0.000000
    52 -0.000003 0.000000 0.000001 3.141592 0.000000 0.000000
    53 0.000006 0.000000 0.000004 0.000000 0.000000 0.349065
    54 0.000000 0.000000 0.000000 3.141593 0.000000 0.000000
    55 -0.000008 -0.000006 0.000000 3.141593 0.000000 0.000000
    56 0.000002 -0.000002 0.000000 3.141593 0.000000 0.000000
    57 0.000014 -0.000004 0.000000 3.141593 0.000000 0.000000
    58 -0.000001 0.000000 0.000000 3.141593 0.000000 -0.000001
    59 0.000000 0.000000 0.000000 3.141593 0.000000 0.000000
    60 0.000010 0.000017 0.000000 3.141593 0.000000 -0.000001
    61 0.000000 0.000004 0.000000 3.141593 0.000000 -0.000001
    62 0.000000 0.000006 0.000000 3.141593 0.000000 -0.000001
    63 0.000001 0.000002 0.000000 3.141593 0.000000 0.000000
    64 0.000000 0.000000 0.000000 -3.141592 0.000000 0.000000
    65 0.000000 0.000000 0.000000 -1.570797 -0.000001 0.000000
    66 0.000000 0.000000 0.000000 0.000000 0.000000 0.000000
    67 1.200000 0.000000 0.000000 0.000000 0.000000 0.000000
    68 0.000009 0.299994 0.000000 0.000000 0.000000 0.174533
    69 -0.000001 -0.000001 -0.000004 0.000000 0.000000 0.000000
    70 -0.000010 0.000000 -0.000003 -3.141592 0.000001 0.000000
    71 0.000000 0.000000 0.000000 0.000001 -0.000001 0.349065
    72 0.000000 -0.000003 0.000000 0.000000 0.000000 0.000000
    73 0.000003 0.000000 0.000000 0.000000 0.000000 0.000000
    74 -0.000010 -0.000006 0.000000 -0.000001 0.000000 0.000000
    75 0.000019 0.000002 0.000000 0.000000 0.000000 0.000000
    76 0.000001 0.000004 0.000000 0.000000 0.000000 -0.000001
    77 0.000000 0.000000 0.000000 0.000000 0.000000 -0.000001
    78 0.000001 -0.000002 0.000000 0.000000 0.000000 -0.000001
    79 0.000000 0.000000 0.000000 0.000000 0.000000 -0.000001
    80 0.000001 0.000008 0.000000 0.000000 0.000000 0.000000
    81 -0.000003 0.000004 0.000000 0.000000 0.000000 0.000000
    82 -0.000007 -0.000008 0.000000 0.000000 0.000000 -0.000001
    83 0.000000 0.000002 -0.000002 -1.570796 0.000000 0.000000
  time 28
    0 -4.548272 -16.705815 -3.078465 -1.637232 -0.043795 -1.369218
    1 -1.185547 -1.036133 0.043274 0.000000 0.000004 0.000000
    2 -1.936995 -1.361039 0.227474 0.000003 0.000007 -0.000003
    3 -4.549240 -1.689358 -0.012529 0.000000 0.000000 0.000000
    4 4.331499 0.360595 -0.709097 0.000015 0.000003 0.056022
    5 3.513922 0.962076 -0.004281 0.000004 -0.000001 1.176003
    6 2.855053 0.477292 0.679213 -0.000001 -0.000004 2.896619
    7 1.649902 5.878080 0.032496 -0.000003 0.000002 -1.570796
    8 6.587842 -0.691444 0.025964 -0.000001 -0.000001 1.570796
    9 0.000002 -0.241401 -0.052690 0.000001 0.000001 0.000000
    10 10.620066 1.884898 -0.004843 -1.568531 -0.000002 3.141351
    11 -9.087198 1.359573 -0.008167 -0.000003 0.000002 -1.570796
    12 -1.226701 -23.293649 -7.145809 2.027331 -0.135981 -2.198110
    13 1.473659 0.639418 -1.295234 1.762795 0.799686 0.078831
    14 1.832607 0.000002 -0.000008 3.088402 0.020478 0.138694
    15 1.003335 0.000005 0.000001 -3.040061 -0.014397 -0.167803
    16 3.812176 -0.161783 -1.391988 0.191490 -0.114673 -0.122676
    17 2.187956 0.000010 0.000000 -0.037933 0.012205 0.882443
    18 1.100960 0.000002 0.000000 0.250162 -0.133004 0.742962
    19 3.980050 -0.503231 -0.474712 0.076366 -0.204064 -0.180053
    20 1.890109 -0.000010 -0.000001 0.033265 -0.053262 0.807058
    21 1.310925 0.000000 0.000000 0.350248 -0.081794 0.661867
    22 4.028139 -0.705317 0.453695 0.138255 -0.029898 0.140845
    23 1.655294 0.000008 0.000000 -0.045286 0.002926 0.538092
    24 0.869582 0.000004 0.000000 -0.034226 -0.040699 0.913420
    25 3.822495 -0.831601 1.323612 -0.206265 -0.281628 0.011948
    26 1.157247 -0.000010 -0.000002 0.092224 -0.313641 0.564656
    27 1.019835 -0.000006 0.000000 -1.504140 -0.157461 0.732726
    28 7.406140 -6.039003 -8.901889 -1.191298 0.492985 -1.610653
    29 12.695427 -0.000020 -0.000008 -0.172361 0.293302 -1.409196
    30 -5.761992 -14.318677 -7.106744 3.003924 -0.035778 -1.358505
    31 1.474215 -0.497926 -1.376118 1.039978 0.483170 -0.250484
    32 1.832179 -0.000010 -0.000002 -2.526123 -0.301549 0.609667
    33 1.042025 -0.000004 -0.000009 -2.896889 -0.278815 -0.192682
    34 3.823320 0.664865 -1.331676 0.256661 0.226415 0.167566
    35 2.152367 -0.000001 0.000004 0.062007 -0.001524 0.005920
    36 1.056622 -0.000011 0.000000 0.240991 0.000705 -0.002202
    37 3.985134 0.881805 -0.368986 0.128322 -0.008132 -0.090211
    38 1.830183 0.000015 0.000000 0.063848 -0.073976 -1.510189
    39 1.561352 0.000008 -0.000004 0.027634 -0.015755 -1.357316
    40 4.116518 0.711272 0.551869 0.187923 0.006580 -0.361666
    41 1.752727 0.000006 0.000000 0.026509 0.029549 -1.405267
    42 0.869359 -0.000006 0.000000 0.015642 -0.073475 -0.926054
    43 4.118826 0.331223 1.419829 0.128888 -0.005990 -0.280207
    44 1.176321 0.000006 0.000000 -0.027338 0.139049 -0.923507
    45 0.970199 -0.000002 -0.000004 1.655726 0.044655 -1.487290
    46 -7.606037 1.001330 -4.120493 -2.639459 0.980385 -2.047321
    47 12.706336 -0.000035 -0.000009 -0.291858 0.288980 -1.826485
    48 0.000000 0.000000 -0.000003 0.000000 0.000000 0.000000
    49 1.200000 0.000000 0.000010 0.000000 0.000000 0.000000
    50 0.000010 -0.300000 0.000000 3.141593 0.000000 -0.174533
    51 0.000000 -0.000001 0.000000 0.000000 0.000000 0.000000
    52 -0.000003 0.000000 0.000001 3.141592 0.000000 0.000000
    53 0.000006 0.000000 0.000004 0.000000 0.000000 0.349065
    54 0.000000 0.000000 0.000000 3.141593 0.000000 0.000000
    55 -0.000008 -0.000006 0.000000 3.141593 0.000000 0.000000
    56 0.000002 -0.000002 0.000000 3.141593 0.000000 0.000000
    57 0.000014 -0.000004 0.000000 3.141593 0.000000 0.000000
    58 -0.000001 0.000000 0.000000 3.141593 0.000000 -0.000001
    59 0.000000 0.000000 0.000000 3.141593 0.000000 0.000000
    60 0.000010 0.000017 0.000000 3.141593 0.000000 -0.000001
    61 0.000000 0.000004 0.000000 3.141593 0.000000 -0.000001
    62 0.000000 0.000006 0.000000 3.141593 0.000000 -0.000001
    63 0.000001 0.000002 0.000000 3.141593 0.000000 0.000000
    64 0.000000 0.000000 0.000000 -3.141592 0.000000 0.000000
    65 0.000000 0.000000 0.000000 -1.570797 -0.000001 0.000000
    66 0.000000 0.000000 0.000000 0.000000 0.000000 0.000000
    67 1.200000 0.000000 0.000000 0.000000 0.000000 0.000000
    68 0.000009 0.299994 0.000000 0.000000 0.000000 0.174533
    69 -0.000001 -0.000001 -0.000004 0.000000 0.000000 0.000000
    70 -0.000010 0.000000 -0.000003 -3.141592 0.000001 0.000000
    71 0.000000 0.000000 0.000000 0.000001 -0.000001 0.349065
    72 0.000000 -0.000003 0.000000 0.000000 0.000000 0.000000
    73 0.000003 0.000000 0.000000 0.000000 0.000000 0.000000
    74 -0.000010 -0.000006 0.000000 -0.000001 0.000000 0.000000
    75 0.000019 0.000002 0.000000 0.000000 0.000000 0.000000
    76 0.000001 0.000004 0.000000 0.000000 0.000000 -0.000001
    77 0.000000 0.000000 0.000000 0.000000 0.000000 -0.000001
    78 0.000001 -0.000002 0.000000 0.000000 0.000000 -0.000001
    79 0.000000 0.000000 0.000000 0.000000 0.000000 -0.000001
    80 0.000001 0.000008 0.000000 0.000000 0.000000 0.000000
    81 -0.000003 0.000004 0.000000 0.000000 0.000000 0.000000
    82 -0.000007 -0.000008 0.000000 0.000000 0.000000 -0.000001
    83 0.000000 0.000002 -0.000002 -1.570796 0.000000 0.000000
  time 29
    0 -4.540459 -16.721441 -3.308941 -1.674483 -0.014075 -1.391506
    1 -1.185547 -1.036133 0.043274 0.000000 0.000004 0.000000
    2 -1.936995 -1.361039 0.227474 0.000003 0.000007 -0.000003
    3 -4.549240 -1.689358 -0.012529 0.000000 0.000000 0.000000
    4 4.331499 0.360595 -0.709097 0.000015 0.000003 0.056022
    5 3.513922 0.962076 -0.004281 0.000004 -0.000001 1.176003
    6 2.855053 0.477292 0.679213 -0.000001 -0.000004 2.896619
    7 1.649902 5.878080 0.032496 -0.000003 0.000002 -1.570796
    8 6.587842 -0.691444 0.025964 -0.000001 -0.000001 1.570796
    9 0.000002 -0.241401 -0.052690 0.000001 0.000001 0.000000
    10 10.620066 1.884898 -0.004843 -1.568531 -0.000002 3.141351
    11 -9.087198 1.359573 -0.008167 -0.000003 0.000002 -1.570796
    12 -1.035289 -23.184271 -7.700513 2.076786 -0.067285 -2.212162
    13 1.473659 0.639418 -1.295234 1.797290 0.766722 0.117312
    14 1.832607 0.000002 -0.000008 3.088138 0.019471 0.122877
    15 1.003335 0.000005 0.000001 -3.040061 -0.014445 -0.165748
    16 3.808270 -0.181315 -1.388082 0.189485 -0.118034 -0.102954
    17 2.187956 0.000010 0.000000 -0.042271 0.013727 0.833313
    18 1.100960 0.000002 0.000000 0.237075 -0.122889 0.722383
    19 3.956612 -0.522763 -0.474712 0.072660 -0.204974 -0.159690
    20 1.890109 -0.000010 -0.000001 0.033619 -0.049739 0.762818
    21 1.310925 0.000000 0.000000 0.333150 -0.073777 0.644836
    22 4.032046 -0.709224 0.453695 0.136721 -0.032730 0.160066
    23 1.655294 0.000008 0.000000 -0.045501 0.003333 0.514344
    24 0.869582 0.000004 0.000000 -0.045851 -0.035870 0.881638
    25 3.826401 -0.827695 1.323612 -0.211742 -0.277587 0.032017
    26 1.157247 -0.000010 -0.000002 0.100625 -0.300923 0.537245
    27 1.019835 -0.000006 0.000000 -1.501408 -0.154010 0.723726
    28 7.406140 -6.039003 -8.901889 -1.168168 0.526510 -1.585132
    29 12.695427 -0.000020 -0.000008 -0.180469 0.294561 -1.437347
    30 -5.863558 -14.213205 -7.231748 2.967163 -0.005667 -1.381095
    31 1.474215 -0.497926 -1.376118 0.996127 0.441995 -0.251071
    32 1.832179 -0.000010 -0.000002 -2.526123 -0.301549 0.609667
    33 1.042025 -0.000004 -0.000009 -2.896901 -0.278851 -0.192682
    34 3.823320 0.664865 -1.331676 0.256673 0.226415 0.167566
    35 2.152367 -0.000001 0.000004 0.062043 -0.001524 0.005920
    36 1.056622 -0.000011 0.000000 0.241003 0.000705 -0.002214
    37 3.985134 0.881805 -0.368986 0.128322 -0.008132 -0.090211
    38 1.830183 0.000015 0.000000 0.063848 -0.073976 -1.510189
    39 1.561352 0.000008 -0.000004 0.027634 -0.015755 -1.357316
    40 4.116518 0.711272 0.551869 0.187923 0.006580 -0.361666
    41 1.752727 0.000006 0.000000 0.026473 0.029549 -1.405299
    42 0.869359 -0.000006 0.000000 0.015642 -0.073475 -0.926076
    43 4.118826 0.331223 1.419829 0.128888 -0.005990 -0.280207
    44 1.176321 0.000006 0.000000 -0.027338 0.139049 -0.923484
    45 0.970199 -0.000002 -0.000004 1.655726 0.044655 -1.487290
    46 -7.606037 1.001330 -4.120493 -2.656941 0.989495 -2.069001
    47 12.706336 -0.000035 -0.000009 -0.294384 0.288333 -1.835284
    48 0.000000 0.000000 -0.000003 0.000000 0.000000 0.000000
    49 1.200000 0.000000 0.000010 0.000000 0.000000 0.000000
    50 0.000010 -0.300000 0.000000 3.141593 0.000000 -0.174533
    51 0.000000 -0.000001 0.000000 0.000000 0.000000 0.000000
    52 -0.000003 0.000000 0.000001 3.141592 0.000000 0.000000
    53 0.000006 0.000000 0.000004 0.000000 0.000000 0.349065
    54 0.000000 0.000000 0.000000 3.141593 0.000000 0.000000
    55 -0.000008 -0.000006 0.000000 3.141593 0.000000 0.000000
    56 0.000002 -0.000002 0.000000 3.141593 0.000000 0.000000
    57 0.000014 -0.000004 0.000000 3.141593 0.000000 0.000000
    58 -0.000001 0.000000 0.000000 3.141593 0.000000 -0.000001
    59 0.000000 0.000000 0.000000 3.141593 0.000000 0.000000
    60 0.000010 0.000017 0.000000 3.141593 0.000000 -0.000001
    61 0.000000 0.000004 0.000000 3.141593 0.000000 -0.000001
    62 0.000000 0.000006 0.000000 3.141593 0.000000 -0.000001
    63 0.000001 0.000002 0.000000 3.141593 0.000000 0.000000
    64 0.000000 0.000000 0.000000 -3.141592 0.000000 0.000000
    65 0.000000 0.000000 0.000000 -1.570797 -0.000001 0.000000
    66 0.000000 0.000000 0.000000 0.000000 0.000000 0.000000
    67 1.200000 0.000000 0.000000 0.000000 0.000000 0.000000
    68 0.000009 0.299994 0.000000 0.000000 0.000000 0.174533
    69 -0.000001 -0.000001 -0.000004 0.000000 0.000000 0.000000
    70 -0.000010 0.000000 -0.000003 -3.141592 0.000001 0.000000
    71 0.000000 0.000000 0.000000 0.000001 -0.000001 0.349065
    72 0.000000 -0.000003 0.000000 0.000000 0.000000 0.000000
    73 0.000003 0.000000 0.000000 0.000000 0.000000 0.000000
    74 -0.000010 -0.000006 0.000000 -0.000001 0.000000 0.000000
    75 0.000019 0.000002 0.000000 0.000000 0.000000 0.000000
    76 0.000001 0.000004 0.000000 0.000000 0.000000 -0.000001
    77 0.000000 0.000000 0.000000 0.000000 0.000000 -0.000001
    78 0.000001 -0.000002 0.000000 0.000000 0.000000 -0.000001
    79 0.000000 0.000000 0.000000 0.000000 0.000000 -0.000001
    80 0.000001 0.000008 0.000000 0.000000 0.000000 0.000000
    81 -0.000003 0.000004 0.000000 0.000000 0.000000 0.000000
    82 -0.000007 -0.000008 0.000000 0.000000 0.000000 -0.000001
    83 0.000000 0.000002 -0.000002 -1.570796 0.000000 0.000000
  time 30
    0 -4.520927 -16.737066 -3.582387 -1.725765 0.007279 -1.414361
    1 -1.187500 -1.036133 0.043274 0.000000 0.000004 0.000000
    2 -1.937500 -1.362305 0.225708 0.000000 0.000002 0.000000
    3 -4.549240 -1.689358 -0.012529 0.000000 0.000000 0.000000
    4 4.331499 0.360595 -0.709097 0.000015 0.000003 0.056022
    5 3.513922 0.962076 -0.004281 0.000004 -0.000001 1.176003
    6 2.855053 0.477292 0.679213 -0.000001 -0.000004 2.896619
    7 1.649902 5.878080 0.032496 -0.000003 0.000002 -1.570796
    8 6.587842 -0.691444 0.025964 -0.000001 -0.000001 1.570796
    9 0.000002 -0.241401 -0.052690 0.000001 0.000001 0.000000
    10 10.620066 1.884898 -0.004843 -1.568531 -0.000002 3.141351
    11 -9.087198 1.359573 -0.008167 -0.000003 0.000002 -1.570796
    12 -0.625120 -23.063174 -8.325532 2.180715 0.030870 -2.217667
    13 1.473659 0.639418 -1.295234 1.860559 0.727359 0.197709
    14 1.832607 0.000002 -0.000008 3.087694 0.018380 0.108071
    15 1.003335 0.000005 0.000001 -3.040121 -0.014589 -0.159472
    16 3.812176 -0.204753 -1.399801 0.183249 -0.127905 -0.043442
    17 2.187956 0.000010 0.000000 -0.046826 0.014998 0.784137
    18 1.100960 0.000002 0.000000 0.223221 -0.112726 0.700667
    19 3.987863 -0.514950 -0.474712 0.061314 -0.207779 -0.098193
    20 1.890109 -0.000010 -0.000001 0.033840 -0.046167 0.718813
    21 1.310925 0.000000 0.000000 0.315272 -0.065987 0.626854
    22 4.039858 -0.709224 0.453695 0.131951 -0.040735 0.218333
    23 1.655294 0.000008 0.000000 -0.045993 0.003885 0.489657
    24 0.869582 0.000004 0.000000 -0.058087 -0.031207 0.848434
    25 3.865465 -0.796444 1.335331 -0.227837 -0.264772 0.091676
    26 1.157247 -0.000010 -0.000002 0.108870 -0.287392 0.509279
    27 1.019835 -0.000006 0.000000 -1.498448 -0.150258 0.714334
    28 7.406140 -6.039003 -8.901889 -1.145800 0.570670 -1.546345
    29 12.695427 -0.000020 -0.000008 -0.191599 0.295783 -1.475699
    30 -5.992468 -14.158516 -7.407535 2.915895 0.016225 -1.403685
    31 1.474215 -0.497926 -1.376118 0.979456 0.426216 -0.250736
    32 1.832179 -0.000010 -0.000002 -2.526135 -0.301549 0.609667
    33 1.042025 -0.000004 -0.000009 -2.896901 -0.278851 -0.192682
    34 3.823320 0.664865 -1.331676 0.256673 0.226415 0.167566
    35 2.152367 -0.000001 0.000004 0.062007 -0.001476 0.005920
    36 1.056622 -0.000011 0.000000 0.241003 0.000705 -0.002190
    37 3.985134 0.881805 -0.368986 0.128322 -0.008132 -0.090211
    38 1.830183 0.000015 0.000000 0.063848 -0.073976 -1.510189
    39 1.561352 0.000008 -0.000004 0.027622 -0.015755 -1.357316
    40 4.116518 0.711272 0.551869 0.187923 0.006580 -0.361666
    41 1.752727 0.000006 0.000000 0.026521 0.029537 -1.405331
    42 0.869359 -0.000006 0.000000 0.015642 -0.073487 -0.926076
    43 4.118826 0.331223 1.419829 0.128888 -0.005990 -0.280207
    44 1.176321 0.000006 0.000000 -0.027338 0.139049 -0.923530
    45 0.970199 -0.000002 -0.000004 1.655738 0.044655 -1.487290
    46 -7.606037 1.001330 -4.120493 -2.676088 0.998571 -2.093617
    47 12.706336 -0.000035 -0.000009 -0.295425 0.287913 -1.839468
    48 0.000000 0.000000 -0.000003 0.000000 0.000000 0.000000
    49 1.200000 0.000000 0.000010 0.000000 0.000000 0.000000
    50 0.000010 -0.300000 0.000000 3.141593 0.000000 -0.174533
    51 0.000000 -0.000001 0.000000 0.000000 0.000000 0.000000
    52 -0.000003 0.000000 0.000001 3.141592 0.000000 0.000000
    53 0.000006 0.000000 0.000004 0.000000 0.000000 0.349065
    54 0.000000 0.000000 0.000000 3.141593 0.000000 0.000000
    55 -0.000008 -0.000006 0.000000 3.141593 0.000000 0.000000
    56 0.000002 -0.000002 0.000000 3.141593 0.000000 0.000000
    57 0.000014 -0.000004 0.000000 3.141593 0.000000 0.000000
    58 -0.000001 0.000000 0.000000 3.141593 0.000000 -0.000001
    59 0.000000 0.000000 0.000000 3.141593 0.000000 0.000000
    60 0.000010 0.000017 0.000000 3.141593 0.000000 -0.000001
    61 0.000000 0.000004 0.000000 3.141593 0.000000 -0.000001
    62 0.000000 0.000006 0.000000 3.141593 0.000000 -0.000001
    63 0.000001 0.000002 0.000000 3.141593 0.000000 0.000000
    64 0.000000 0.000000 0.000000 -3.141592 0.000000 0.000000
    65 0.000000 0.000000 0.000000 -1.570797 -0.000001 0.000000
    66 0.000000 0.000000 0.000000 0.000000 0.000000 0.000000
    67 1.200000 0.000000 0.000000 0.000000 0.000000 0.000000
    68 0.000009 0.299994 0.000000 0.000000 0.000000 0.174533
    69 -0.000001 -0.000001 -0.000004 0.000000 0.000000 0.000000
    70 -0.000010 0.000000 -0.000003 -3.141592 0.000001 0.000000
    71 0.000000 0.000000 0.000000 0.000001 -0.000001 0.349065
    72 0.000000 -0.000003 0.000000 0.000000 0.000000 0.000000
    73 0.000003 0.000000 0.000000 0.000000 0.000000 0.000000
    74 -0.000010 -0.000006 0.000000 -0.000001 0.000000 0.000000
    75 0.000019 0.000002 0.000000 0.000000 0.000000 0.000000
    76 0.000001 0.000004 0.000000 0.000000 0.000000 -0.000001
    77 0.000000 0.000000 0.000000 0.000000 0.000000 -0.000001
    78 0.000001 -0.000002 0.000000 0.000000 0.000000 -0.000001
    79 0.000000 0.000000 0.000000 0.000000 0.000000 -0.000001
    80 0.000001 0.000008 0.000000 0.000000 0.000000 0.000000
    81 -0.000003 0.000004 0.000000 0.000000 0.000000 0.000000
    82 -0.000007 -0.000008 0.000000 0.000000 0.000000 -0.000001
    83 0.000000 0.000002 -0.000002 -1.570796 0.000000 0.000000
  time 31
    0 -4.489676 -16.744879 -3.793331 -1.794933 0.016884 -1.429267
    1 -1.187500 -1.036133 0.043274 0.000000 0.000004 0.000000
    2 -1.937500 -1.362305 0.225708 0.000000 0.000002 0.000000
    3 -4.549240 -1.689358 -0.012529 0.000000 0.000000 0.000000
    4 4.331499 0.360595 -0.709097 0.000015 0.000003 0.056022
    5 3.513922 0.962076 -0.004281 0.000004 -0.000001 1.176003
    6 2.855053 0.477292 0.679213 -0.000001 -0.000004 2.896619
    7 1.649902 5.878080 0.032496 -0.000003 0.000002 -1.570796
    8 6.587842 -0.691444 0.025964 -0.000001 -0.000001 1.570796
    9 0.000002 -0.241401 -0.052690 0.000001 0.000001 0.000000
    10 10.620066 1.884898 -0.004843 -1.529186 -0.000002 3.141591
    11 -9.087198 1.359573 -0.008167 -0.000003 0.000002 -1.570796
    12 -0.140730 -22.969421 -8.919300 2.309645 0.130031 -2.201949
    13 1.473659 0.639418 -1.295234 1.939466 0.678094 0.304623
    14 1.832607 0.000002 -0.000008 3.087479 0.017326 0.094341
    15 1.003335 0.000005 0.000001 -3.040205 -0.014708 -0.149102
    16 3.812176 -0.236004 -1.411520 0.171946 -0.143020 0.053538
    17 2.187956 0.000010 0.000000 -0.051452 0.015992 0.735100
    18 1.100960 0.000002 0.000000 0.208744 -0.102455 0.677991
    19 3.987863 -0.522763 -0.474712 0.042572 -0.210535 0.001737
    20 1.890109 -0.000010 -0.000001 0.033899 -0.042572 0.675082
    21 1.310925 0.000000 0.000000 0.296742 -0.058221 0.608082
    22 4.051577 -0.681879 0.453695 0.123778 -0.053290 0.313020
    23 1.655294 0.000008 0.000000 -0.046400 0.004520 0.464028
    24 0.869582 0.000004 0.000000 -0.070994 -0.026641 0.813972
    25 3.908435 -0.761286 1.339238 -0.251914 -0.242004 0.187567
    26 1.157247 -0.000010 -0.000002 0.116972 -0.273153 0.480349
    27 1.019835 -0.000006 0.000000 -1.495392 -0.146423 0.704675
    28 7.406140 -6.039003 -8.901889 -1.128761 0.615370 -1.505900
    29 12.695427 -0.000020 -0.000008 -0.202242 0.296574 -1.512153
    30 -6.191693 -14.146797 -7.505194 2.846851 0.026476 -1.420237
    31 1.474215 -0.497926 -1.376118 0.979456 0.426216 -0.250748
    32 1.832179 -0.000010 -0.000002 -2.526135 -0.301549 0.609667
    33 1.042025 -0.000004 -0.000009 -2.896901 -0.278839 -0.192682
    34 3.823320 0.664865 -1.331676 0.256673 0.226415 0.167566
    35 2.152367 -0.000001 0.000004 0.062007 -0.001476 0.005920
    36 1.056622 -0.000011 0.000000 0.241003 0.000705 -0.002190
    37 3.985134 0.881805 -0.368986 0.128322 -0.008132 -0.090211
    38 1.830183 0.000015 0.000000 0.063848 -0.073976 -1.510189
    39 1.561352 0.000008 -0.000004 0.027622 -0.015755 -1.357316
    40 4.116518 0.711272 0.551869 0.187923 0.006580 -0.361666
    41 1.752727 0.000006 0.000000 0.026521 0.029537 -1.405331
    42 0.869359 -0.000006 0.000000 0.015642 -0.073487 -0.926076
    43 4.118826 0.331223 1.419829 0.128888 -0.005990 -0.280207
    44 1.176321 0.000006 0.000000 -0.027338 0.139049 -0.923530
    45 0.970199 -0.000002 -0.000004 1.655738 0.044655 -1.487290
    46 -7.606037 1.001330 -4.120493 -2.680042 1.005712 -2.110361
    47 12.706336 -0.000035 -0.000009 -0.295894 0.287817 -1.840575
    48 0.000000 0.000000 -0.000003 0.000000 0.000000 0.000000
    49 1.200000 0.000000 0.000010 0.000000 0.000000 0.000000
    50 0.000010 -0.300000 0.000000 3.141593 0.000000 -0.174533
    51 0.000000 -0.000001 0.000000 0.000000 0.000000 0.000000
    52 -0.000003 0.000000 0.000001 3.141592 0.000000 0.000000
    53 0.000006 0.000000 0.000004 0.000000 0.000000 0.349065
    54 0.000000 0.000000 0.000000 3.141593 0.000000 0.000000
    55 -0.000008 -0.000006 0.000000 3.141593 0.000000 0.000000
    56 0.000002 -0.000002 0.000000 3.141593 0.000000 0.000000
    57 0.000014 -0.000004 0.000000 3.141593 0.000000 0.000000
    58 -0.000001 0.000000 0.000000 3.141593 0.000000 -0.000001
    59 0.000000 0.000000 0.000000 3.141593 0.000000 0.000000
    60 0.000010 0.000017 0.000000 3.141593 0.000000 -0.000001
    61 0.000000 0.000004 0.000000 3.141593 0.000000 -0.000001
    62 0.000000 0.000006 0.000000 3.141593 0.000000 -0.000001
    63 0.000001 0.000002 0.000000 3.141593 0.000000 0.000000
    64 0.000000 0.000000 0.000000 -3.141592 0.000000 0.000000
    65 0.000000 0.000000 0.000000 -1.570797 -0.000001 0.000000
    66 0.000000 0.000000 0.000000 0.000000 0.000000 0.000000
    67 1.200000 0.000000 0.000000 0.000000 0.000000 0.000000
    68 0.000009 0.299994 0.000000 0.000000 0.000000 0.174533
    69 -0.000001 -0.000001 -0.000004 0.000000 0.000000 0.000000
    70 -0.000010 0.000000 -0.000003 -3.141592 0.000001 0.000000
    71 0.000000 0.000000 0.000000 0.000001 -0.000001 0.349065
    72 0.000000 -0.000003 0.000000 0.000000 0.000000 0.000000
    73 0.000003 0.000000 0.000000 0.000000 0.000000 0.000000
    74 -0.000010 -0.000006 0.000000 -0.000001 0.000000 0.000000
    75 0.000019 0.000002 0.000000 0.000000 0.000000 0.000000
    76 0.000001 0.000004 0.000000 0.000000 0.000000 -0.000001
    77 0.000000 0.000000 0.000000 0.000000 0.000000 -0.000001
    78 0.000001 -0.000002 0.000000 0.000000 0.000000 -0.000001
    79 0.000000 0.000000 0.000000 0.000000 0.000000 -0.000001
    80 0.000001 0.000008 0.000000 0.000000 0.000000 0.000000
    81 -0.000003 0.000004 0.000000 0.000000 0.000000 0.000000
    82 -0.000007 -0.000008 0.000000 0.000000 0.000000 -0.000001
    83 0.000000 0.000002 -0.000002 -1.570796 0.000000 0.000000
  time 32
    0 -4.446706 -16.744879 -3.937867 -1.885842 0.021701 -1.439275
    1 -1.187500 -1.036133 0.043274 0.000000 0.000004 0.000000
    2 -1.937500 -1.362305 0.225708 0.000000 0.000002 0.000000
    3 -4.549240 -1.689358 -0.012529 0.000000 0.000000 0.000000
    4 4.331499 0.360595 -0.709097 0.000015 0.000003 0.056022
    5 3.513922 0.962076 -0.004281 0.000004 -0.000001 1.176003
    6 2.855053 0.477292 0.679213 -0.000001 -0.000004 2.896619
    7 1.649902 5.878080 0.032496 -0.000003 0.000002 -1.570796
    8 6.587842 -0.691444 0.025964 -0.000001 -0.000001 1.570796
    9 0.000002 -0.241401 -0.052690 0.000001 0.000001 0.000000
    10 10.620066 1.884898 -0.004843 -1.529186 -0.000002 3.141591
    11 -9.087198 1.359573 -0.008167 -0.000003 0.000002 -1.570796
    12 0.156154 -22.883481 -9.536507 2.407187 0.196594 -2.176380
    13 1.473659 0.639418 -1.295234 2.014406 0.620473 0.412832
    14 1.832607 0.000002 -0.000008 3.087143 0.016008 0.081655
    15 1.003335 0.000005 0.000001 -3.040325 -0.015140 -0.134666
    16 3.823895 -0.275068 -1.407614 0.155242 -0.160792 0.178682
    17 2.187956 0.000010 0.000000 -0.056006 0.016712 0.686714
    18 1.100960 0.000002 0.000000 0.193415 -0.092220 0.654640
    19 3.987863 -0.534482 -0.474712 0.018222 -0.211638 0.130335
    20 1.890109 -0.000010 -0.000001 0.033781 -0.039168 0.631860
    21 1.310925 0.000000 0.000000 0.277588 -0.050898 0.588648
    22 4.078922 -0.674066 0.453695 0.112189 -0.068092 0.435016
    23 1.655294 0.000008 0.000000 -0.047047 0.004999 0.437985
    24 0.869582 0.000004 0.000000 -0.084477 -0.022423 0.778443
    25 3.974843 -0.722223 1.347050 -0.279167 -0.209817 0.309005
    26 1.157247 -0.000010 -0.000002 0.124786 -0.258298 0.450827
    27 1.019835 -0.000006 0.000000 -1.492359 -0.142456 0.694769
    28 7.406140 -6.039003 -8.901889 -1.109914 0.655168 -1.475958
    29 12.695427 -0.000020 -0.000008 -0.208537 0.296862 -1.533503
    30 -6.457326 -14.158516 -7.497381 2.756046 0.032159 -1.430608
    31 1.474215 -0.497926 -1.376118 0.979456 0.426216 -0.250736
    32 1.832179 -0.000010 -0.000002 -2.526135 -0.301549 0.609667
    33 1.042025 -0.000004 -0.000009 -2.896901 -0.278851 -0.192682
    34 3.823320 0.664865 -1.331676 0.256673 0.226415 0.167566
    35 2.152367 -0.000001 0.000004 0.062031 -0.001476 0.005920
    36 1.056622 -0.000011 0.000000 0.241003 0.000705 -0.002190
    37 3.985134 0.881805 -0.368986 0.128322 -0.008132 -0.090211
    38 1.830183 0.000015 0.000000 0.063848 -0.073976 -1.510189
    39 1.561352 0.000008 -0.000004 0.027622 -0.015755 -1.357316
    40 4.116518 0.711272 0.551869 0.187923 0.006580 -0.361666
    41 1.752727 0.000006 0.000000 0.026521 0.029549 -1.405331
    42 0.869359 -0.000006 0.000000 0.015594 -0.073487 -0.926076
    43 4.118826 0.331223 1.419829 0.128888 -0.005990 -0.280207
    44 1.176321 0.000006 0.000000 -0.027338 0.139049 -0.923530
    45 0.970199 -0.000002 -0.000004 1.655738 0.044655 -1.487290
    46 -7.606037 1.001330 -4.120493 -2.665682 1.011919 -2.117921
    47 12.706336 -0.000035 -0.000009 -0.296089 0.287745 -1.841745
    48 0.000000 0.000000 -0.000003 0.000000 0.000000 0.000000
    49 1.200000 0.000000 0.000010 0.000000 0.000000 0.000000
    50 0.000010 -0.300000 0.000000 3.141593 0.000000 -0.174533
    51 0.000000 -0.000001 0.000000 0.000000 0.000000 0.000000
    52 -0.000003 0.000000 0.000001 3.141592 0.000000 0.000000
    53 0.000006 0.000000 0.000004 0.000000 0.000000 0.349065
    54 0.000000 0.000000 0.000000 3.141593 0.000000 0.000000
    55 -0.000008 -0.000006 0.000000 3.141593 0.000000 0.000000
    56 0.000002 -0.000002 0.000000 3.141593 0.000000 0.000000
    57 0.000014 -0.000004 0.000000 3.141593 0.000000 0.000000
    58 -0.000001 0.000000 0.000000 3.141593 0.000000 -0.000001
    59 0.000000 0.000000 0.000000 3.141593 0.000000 0.000000
    60 0.000010 0.000017 0.000000 3.141593 0.000000 -0.000001
    61 0.000000 0.000004 0.000000 3.141593 0.000000 -0.000001
    62 0.000000 0.000006 0.000000 3.141593 0.000000 -0.000001
    63 0.000001 0.000002 0.000000 3.141593 0.000000 0.000000
    64 0.000000 0.000000 0.000000 -3.141592 0.000000 0.000000
    65 0.000000 0.000000 0.000000 -1.570797 -0.000001 0.000000
    66 0.000000 0.000000 0.000000 0.000000 0.000000 0.000000
    67 1.200000 0.000000 0.000000 0.000000 0.000000 0.000000
    68 0.000009 0.299994 0.000000 0.000000 0.000000 0.174533
    69 -0.000001 -0.000001 -0.000004 0.000000 0.000000 0.000000
    70 -0.000010 0.000000 -0.000003 -3.141592 0.000001 0.000000
    71 0.000000 0.000000 0.000000 0.000001 -0.000001 0.349065
    72 0.000000 -0.000003 0.000000 0.000000 0.000000 0.000000
    73 0.000003 0.000000 0.000000 0.000000 0.000000 0.000000
    74 -0.000010 -0.000006 0.000000 -0.000001 0.000000 0.000000
    75 0.000019 0.000002 0.000000 0.000000 0.000000 0.000000
    76 0.000001 0.000004 0.000000 0.000000 0.000000 -0.000001
    77 0.000000 0.000000 0.000000 0.000000 0.000000 -0.000001
    78 0.000001 -0.000002 0.000000 0.000000 0.000000 -0.000001
    79 0.000000 0.000000 0.000000 0.000000 0.000000 -0.000001
    80 0.000001 0.000008 0.000000 0.000000 0.000000 0.000000
    81 -0.000003 0.000004 0.000000 0.000000 0.000000 0.000000
    82 -0.000007 -0.000008 0.000000 0.000000 0.000000 -0.000001
    83 0.000000 0.000002 -0.000002 -1.570796 0.000000 0.000000
  time 33
    0 -4.388111 -16.744879 -4.058964 -2.002885 0.027349 -1.444883
    1 -1.187500 -1.036133 0.043274 0.000000 0.000004 0.000000
    2 -1.937500 -1.362305 0.225708 0.000000 0.000002 0.000000
    3 -4.549240 -1.689358 -0.012529 0.000000 0.000000 0.000000
    4 4.331499 0.360595 -0.709097 0.000015 0.000003 0.056022
    5 3.513922 0.962076 -0.004281 0.000004 -0.000001 1.176003
    6 2.855053 0.477292 0.679213 -0.000001 -0.000004 2.896619
    7 1.649902 5.878080 0.032496 -0.000003 0.000002 -1.570796
    8 6.587842 -0.691444 0.025964 -0.000001 -0.000001 1.570796
    9 0.000002 -0.241401 -0.052690 0.000001 0.000001 0.000000
    10 10.620066 1.884898 -0.004843 -1.529186 -0.000002 3.141591
    11 -9.087198 1.359573 -0.008167 -0.000003 0.000002 -1.570796
    12 0.046776 -22.820979 -10.184964 2.423155 0.208265 -2.165008
    13 1.473659 0.639418 -1.295234 2.068189 0.563082 0.497057
    14 1.832607 0.000002 -0.000008 3.086855 0.014545 0.070143
    15 1.003335 0.000005 0.000001 -3.040445 -0.015440 -0.116587
    16 3.823895 -0.333663 -1.411520 0.134622 -0.177508 0.315106
    17 2.187956 0.000010 0.000000 -0.060524 0.017059 0.639072
    18 1.100960 0.000002 0.000000 0.177751 -0.082297 0.630649
    19 3.987863 -0.565733 -0.474712 -0.008062 -0.209253 0.269623
    20 1.890109 -0.000010 -0.000001 0.033560 -0.035813 0.589304
    21 1.310925 0.000000 0.000000 0.258009 -0.043887 0.568682
    22 4.090641 -0.677973 0.453695 0.099054 -0.082648 0.567358
    23 1.655294 0.000008 0.000000 -0.047790 0.005478 0.411340
    24 0.869582 0.000004 0.000000 -0.098343 -0.018720 0.742039
    25 4.041252 -0.671440 1.354863 -0.303700 -0.171561 0.438861
    26 1.157247 -0.000010 -0.000002 0.132384 -0.242984 0.421268
    27 1.019835 -0.000006 0.000000 -1.489351 -0.138454 0.684698
    28 7.406140 -6.039003 -8.901889 -1.083262 0.682171 -1.467021
    29 12.695427 -0.000020 -0.000008 -0.207614 0.296826 -1.530419
    30 -6.793274 -14.185860 -7.384096 2.639316 0.038728 -1.437641
    31 1.474215 -0.497926 -1.376118 0.979456 0.426216 -0.250736
    32 1.832179 -0.000010 -0.000002 -2.526135 -0.301549 0.609667
    33 1.042025 -0.000004 -0.000009 -2.896901 -0.278839 -0.192682
    34 3.823320 0.664865 -1.331676 0.256673 0.226403 0.167566
    35 2.152367 -0.000001 0.000004 0.062055 -0.001476 0.005920
    36 1.056622 -0.000011 0.000000 0.241003 0.000705 -0.002190
    37 3.985134 0.881805 -0.368986 0.128322 -0.008132 -0.090211
    38 1.830183 0.000015 0.000000 0.063848 -0.073976 -1.510189
    39 1.561352 0.000008 -0.000004 0.027622 -0.015755 -1.357316
    40 4.116518 0.711272 0.551869 0.187923 0.006580 -0.361666
    41 1.752727 0.000006 0.000000 0.026521 0.029537 -1.405331
    42 0.869359 -0.000006 0.000000 0.015618 -0.073511 -0.926032
    43 4.118826 0.331223 1.419829 0.128888 -0.005990 -0.280207
    44 1.176321 0.000006 0.000000 -0.027338 0.139049 -0.923530
    45 0.970199 -0.000002 -0.000004 1.655738 0.044655 -1.487290
    46 -7.606037 1.001330 -4.120493 -2.631481 1.017058 -2.115297
    47 12.706336 -0.000035 -0.000009 -0.296714 0.287602 -1.843714
    48 0.000000 0.000000 -0.000003 0.000000 0.000000 0.000000
    49 1.200000 0.000000 0.000010 0.000000 0.000000 0.000000
    50 0.000010 -0.300000 0.000000 3.141593 0.000000 -0.174533
    51 0.000000 -0.000001 0.000000 0.000000 0.000000 0.000000
    52 -0.000003 0.000000 0.000001 3.141592 0.000000 0.000000
    53 0.000006 0.000000 0.000004 0.000000 0.000000 0.349065
    54 0.000000 0.000000 0.000000 3.141593 0.000000 0.000000
    55 -0.000008 -0.000006 0.000000 3.141593 0.000000 0.000000
    56 0.000002 -0.000002 0.000000 3.141593 0.000000 0.000000
    57 0.000014 -0.000004 0.000000 3.141593 0.000000 0.000000
    58 -0.000001 0.000000 0.000000 3.141593 0.000000 -0.000001
    59 0.000000 0.000000 0.000000 3.141593 0.000000 0.000000
    60 0.000010 0.000017 0.000000 3.141593 0.000000 -0.000001
    61 0.000000 0.000004 0.000000 3.141593 0.000000 -0.000001
    62 0.000000 0.000006 0.000000 3.141593 0.000000 -0.000001
    63 0.000001 0.000002 0.000000 3.141593 0.000000 0.000000
    64 0.000000 0.000000 0.000000 -3.141592 0.000000 0.000000
    65 0.000000 0.000000 0.000000 -1.570797 -0.000001 0.000000
    66 0.000000 0.000000 0.000000 0.000000 0.000000 0.000000
    67 1.200000 0.000000 0.000000 0.000000 0.000000 0.000000
    68 0.000009 0.299994 0.000000 0.000000 0.000000 0.174533
    69 -0.000001 -0.000001 -0.000004 0.000000 0.000000 0.000000
    70 -0.000010 0.000000 -0.000003 -3.141592 0.000001 0.000000
    71 0.000000 0.000000 0.000000 0.000001 -0.000001 0.349065
    72 0.000000 -0.000003 0.000000 0.000000 0.000000 0.000000
    73 0.000003 0.000000 0.000000 0.000000 0.000000 0.000000
    74 -0.000010 -0.000006 0.000000 -0.000001 0.000000 0.000000
    75 0.000019 0.000002 0.000000 0.000000 0.000000 0.000000
    76 0.000001 0.000004 0.000000 0.000000 0.000000 -0.000001
    77 0.000000 0.000000 0.000000 0.000000 0.000000 -0.000001
    78 0.000001 -0.000002 0.000000 0.000000 0.000000 -0.000001
    79 0.000000 0.000000 0.000000 0.000000 0.000000 -0.000001
    80 0.000001 0.000008 0.000000 0.000000 0.000000 0.000000
    81 -0.000003 0.000004 0.000000 0.000000 0.000000 0.000000
    82 -0.000007 -0.000008 0.000000 0.000000 0.000000 -0.000001
    83 0.000000 0.000002 -0.000002 -1.570796 0.000000 0.000000
  time 34
    0 -4.321702 -16.744879 -4.144904 -2.126652 0.031804 -1.446870
    1 -1.187500 -1.036133 0.043274 0.000000 0.000004 0.000000
    2 -1.937500 -1.362305 0.225708 0.000000 0.000002 0.000000
    3 -4.549240 -1.689358 -0.012529 0.000000 0.000000 0.000000
    4 4.331499 0.360595 -0.709097 0.000015 0.000003 0.056022
    5 3.513922 0.962076 -0.004281 0.000004 -0.000001 1.176003
    6 2.855053 0.477292 0.679213 -0.000001 -0.000004 2.896619
    7 1.649902 5.878080 0.032496 -0.000003 0.000002 -1.570796
    8 6.587842 -0.691444 0.025964 -0.000001 -0.000001 1.570796
    9 0.000002 -0.241401 -0.052690 0.000001 0.000001 0.000000
    10 10.620066 1.884898 -0.004843 -1.529186 -0.000002 3.141591
    11 -9.087198 1.359573 -0.008167 -0.000003 0.000002 -1.570796
    12 -0.418082 -22.801447 -10.626384 2.358188 0.167538 -2.174135
    13 1.473659 0.639418 -1.295234 2.094290 0.516087 0.543223
    14 1.832607 0.000002 -0.000008 3.086652 0.013083 0.059707
    15 1.003335 0.000005 0.000001 -3.040684 -0.016027 -0.095051
    16 3.823895 -0.357101 -1.411520 0.113705 -0.190353 0.441583
    17 2.187956 0.000010 0.000000 -0.064850 0.017419 0.592080
    18 1.100960 0.000002 0.000000 0.161524 -0.072385 0.606267
    19 3.987863 -0.577452 -0.474712 -0.031778 -0.203920 0.397944
    20 1.890109 -0.000010 -0.000001 0.033162 -0.032373 0.547413
    21 1.310925 0.000000 0.000000 0.238061 -0.037224 0.548329
    22 4.102360 -0.654534 0.453695 0.086913 -0.094882 0.689984
    23 1.655294 0.000008 0.000000 -0.048569 0.006126 0.384093
    24 0.869582 0.000004 0.000000 -0.112593 -0.015292 0.705279
    25 4.092034 -0.628470 1.354863 -0.321689 -0.133745 0.557004
    26 1.157247 -0.000010 -0.000002 0.139467 -0.227198 0.391042
    27 1.019835 -0.000006 0.000000 -1.486355 -0.134367 0.674544
    28 7.406140 -6.039003 -8.901889 -1.061274 0.688195 -1.484249
    29 12.695427 -0.000020 -0.000008 -0.200362 0.296334 -1.505906
    30 -7.121409 -14.221018 -7.180965 2.515601 0.043968 -1.441122
    31 1.474215 -0.497926 -1.376118 0.979456 0.426216 -0.250748
    32 1.832179 -0.000010 -0.000002 -2.526135 -0.301549 0.609667
    33 1.042025 -0.000004 -0.000009 -2.896961 -0.278851 -0.192682
    34 3.823320 0.664865 -1.331676 0.256673 0.226403 0.167566
    35 2.152367 -0.000001 0.000004 0.062067 -0.001476 0.005920
    36 1.056622 -0.000011 0.000000 0.241003 0.000705 -0.002190
    37 3.985134 0.881805 -0.368986 0.128322 -0.008132 -0.090211
    38 1.830183 0.000015 0.000000 0.063848 -0.073976 -1.510189
    39 1.561352 0.000008 -0.000004 0.027622 -0.015755 -1.357316
    40 4.116518 0.711272 0.551869 0.187923 0.006580 -0.361666
    41 1.752727 0.000006 0.000000 0.026497 0.029597 -1.405331
    42 0.869359 -0.000006 0.000000 0.015546 -0.073487 -0.926032
    43 4.118826 0.331223 1.419829 0.128888 -0.005990 -0.280207
    44 1.176321 0.000006 0.000000 -0.027338 0.139049 -0.923530
    45 0.970199 -0.000002 -0.000004 1.655714 0.044655 -1.487290
    46 -7.606037 1.001330 -4.120493 -2.582226 1.018960 -2.100365
    47 12.706336 -0.000035 -0.000009 -0.297287 0.287578 -1.845436
    48 0.000000 0.000000 -0.000003 0.000000 0.000000 0.000000
    49 1.200000 0.000000 0.000010 0.000000 0.000000 0.000000
    50 0.000010 -0.300000 0.000000 3.141593 0.000000 -0.174533
    51 0.000000 -0.000001 0.000000 0.000000 0.000000 0.000000
    52 -0.000003 0.000000 0.000001 3.141592 0.000000 0.000000
    53 0.000006 0.000000 0.000004 0.000000 0.000000 0.349065
    54 0.000000 0.000000 0.000000 3.141593 0.000000 0.000000
    55 -0.000008 -0.000006 0.000000 3.141593 0.000000 0.000000
    56 0.000002 -0.000002 0.000000 3.141593 0.000000 0.000000
    57 0.000014 -0.000004 0.000000 3.141593 0.000000 0.000000
    58 -0.000001 0.000000 0.000000 3.141593 0.000000 -0.000001
    59 0.000000 0.000000 0.000000 3.141593 0.000000 0.000000
    60 0.000010 0.000017 0.000000 3.141593 0.000000 -0.000001
    61 0.000000 0.000004 0.000000 3.141593 0.000000 -0.000001
    62 0.000000 0.000006 0.000000 3.141593 0.000000 -0.000001
    63 0.000001 0.000002 0.000000 3.141593 0.000000 0.000000
    64 0.000000 0.000000 0.000000 -3.141592 0.000000 0.000000
    65 0.000000 0.000000 0.000000 -1.570797 -0.000001 0.000000
    66 0.000000 0.000000 0.000000 0.000000 0.000000 0.000000
    67 1.200000 0.000000 0.000000 0.000000 0.000000 0.000000
    68 0.000009 0.299994 0.000000 0.000000 0.000000 0.174533
    69 -0.000001 -0.000001 -0.000004 0.000000 0.000000 0.000000
    70 -0.000010 0.000000 -0.000003 -3.141592 0.000001 0.000000
    71 0.000000 0.000000 0.000000 0.000001 -0.000001 0.349065
    72 0.000000 -0.000003 0.000000 0.000000 0.000000 0.000000
    73 0.000003 0.000000 0.000000 0.000000 0.000000 0.000000
    74 -0.000010 -0.000006 0.000000 -0.000001 0.000000 0.000000
    75 0.000019 0.000002 0.000000 0.000000 0.000000 0.000000
    76 0.000001 0.000004 0.000000 0.000000 0.000000 -0.000001
    77 0.000000 0.000000 0.000000 0.000000 0.000000 -0.000001
    78 0.000001 -0.000002 0.000000 0.000000 0.000000 -0.000001
    79 0.000000 0.000000 0.000000 0.000000 0.000000 -0.000001
    80 0.000001 0.000008 0.000000 0.000000 0.000000 0.000000
    81 -0.000003 0.000004 0.000000 0.000000 0.000000 0.000000
    82 -0.000007 -0.000008 0.000000 0.000000 0.000000 -0.000001
    83 0.000000 0.000002 -0.000002 -1.570796 0.000000 0.000000
  time 35
    0 -4.263107 -16.744879 -4.195687 -2.233340 0.033435 -1.446728
    1 -1.187500 -1.036133 0.043274 0.000000 0.000004 0.000000
    2 -1.937500 -1.362305 0.225708 0.000000 0.000002 0.000000
    3 -4.549240 -1.689358 -0.012529 0.000000 0.000000 0.000000
    4 4.331499 0.360595 -0.709097 0.000015 0.000003 0.056022
    5 3.513922 0.962076 -0.004281 0.000004 -0.000001 1.176003
    6 2.855053 0.477292 0.679213 -0.000001 -0.000004 2.896619
    7 1.649902 5.878080 0.032496 -0.000003 0.000002 -1.570796
    8 6.587842 -0.691444 0.025964 -0.000001 -0.000001 1.570796
    9 0.000002 -0.241401 -0.052690 0.000001 0.000001 0.000000
    10 10.620066 1.884898 -0.004843 -1.568531 -0.000002 3.141351
    11 -9.087198 1.359573 -0.008167 -0.000003 0.000002 -1.570796
    12 -0.922004 -22.805353 -10.778732 2.267672 0.109265 -2.188694
    13 1.473659 0.639418 -1.295234 2.093859 0.484883 0.549191
    14 1.832607 0.000002 -0.000008 3.086352 0.011573 0.050543
    15 1.003335 0.000005 0.000001 -3.040924 -0.016458 -0.070572
    16 3.823895 -0.403978 -1.411520 0.096370 -0.198500 0.540390
    17 2.187956 0.000010 0.000000 -0.069345 0.017431 0.546018
    18 1.100960 0.000002 0.000000 0.145093 -0.063025 0.581423
    19 3.987863 -0.577452 -0.474712 -0.049577 -0.197724 0.497578
    20 1.890109 -0.000010 -0.000001 0.032646 -0.029149 0.506305
    21 1.310925 0.000000 0.000000 0.218014 -0.031075 0.527750
    22 4.110173 -0.654534 0.453695 0.079231 -0.103982 0.785748
    23 1.655294 0.000008 0.000000 -0.049384 0.006557 0.357034
    24 0.869582 0.000004 0.000000 -0.126950 -0.012595 0.668164
    25 4.146724 -0.593313 1.354863 -0.332463 -0.103005 0.647920
    26 1.157247 -0.000010 -0.000002 0.145951 -0.211189 0.361372
    27 1.019835 -0.000006 0.000000 -1.483455 -0.130052 0.664370
    28 7.406140 -6.039003 -8.901889 -1.059180 0.682088 -1.515390
    29 12.695427 -0.000020 -0.000008 -0.192388 0.295843 -1.478150
    30 -7.379229 -14.263988 -6.950489 2.409035 0.046107 -1.442614
    31 1.474215 -0.497926 -1.376118 0.979456 0.426216 -0.250748
    32 1.832179 -0.000010 -0.000002 -2.526135 -0.301549 0.609667
    33 1.042025 -0.000004 -0.000009 -2.896973 -0.278839 -0.192682
    34 3.823320 0.664865 -1.331676 0.256673 0.226403 0.167566
    35 2.152367 -0.000001 0.000004 0.062067 -0.001476 0.005920
    36 1.056622 -0.000011 0.000000 0.241003 0.000705 -0.002190
    37 3.985134 0.881805 -0.368986 0.128322 -0.008132 -0.090211
    38 1.830183 0.000015 0.000000 0.063848 -0.073976 -1.510189
    39 1.561352 0.000008 -0.000004 0.027622 -0.015755 -1.357316
    40 4.116518 0.711272 0.551869 0.187923 0.006580 -0.361666
    41 1.752727 0.000006 0.000000 0.026497 0.029549 -1.405331
    42 0.869359 -0.000006 0.000000 0.015570 -0.073487 -0.926076
    43 4.118826 0.331223 1.419829 0.128888 -0.005990 -0.280207
    44 1.176321 0.000006 0.000000 -0.027338 0.139037 -0.923530
    45 0.970199 -0.000002 -0.000004 1.655738 0.044643 -1.487290
    46 -7.606037 1.001330 -4.120493 -2.533179 1.017158 -2.079872
    47 12.706336 -0.000035 -0.000009 -0.297430 0.287518 -1.846175
    48 0.000000 0.000000 -0.000003 0.000000 0.000000 0.000000
    49 1.200000 0.000000 0.000010 0.000000 0.000000 0.000000
    50 0.000010 -0.300000 0.000000 3.141593 0.000000 -0.174533
    51 0.000000 -0.000001 0.000000 0.000000 0.000000 0.000000
    52 -0.000003 0.000000 0.000001 3.141592 0.000000 0.000000
    53 0.000006 0.000000 0.000004 0.000000 0.000000 0.349065
    54 0.000000 0.000000 0.000000 3.141593 0.000000 0.000000
    55 -0.000008 -0.000006 0.000000 3.141593 0.000000 0.000000
    56 0.000002 -0.000002 0.000000 3.141593 0.000000 0.000000
    57 0.000014 -0.000004 0.000000 3.141593 0.000000 0.000000
    58 -0.000001 0.000000 0.000000 3.141593 0.000000 -0.000001
    59 0.000000 0.000000 0.000000 3.141593 0.000000 0.000000
    60 0.000010 0.000017 0.000000 3.141593 0.000000 -0.000001
    61 0.000000 0.000004 0.000000 3.141593 0.000000 -0.000001
    62 0.000000 0.000006 0.000000 3.141593 0.000000 -0.000001
    63 0.000001 0.000002 0.000000 3.141593 0.000000 0.000000
    64 0.000000 0.000000 0.000000 -3.141592 0.000000 0.000000
    65 0.000000 0.000000 0.000000 -1.570797 -0.000001 0.000000
    66 0.000000 0.000000 0.000000 0.000000 0.000000 0.000000
    67 1.200000 0.000000 0.000000 0.000000 0.000000 0.000000
    68 0.000009 0.299994 0.000000 0.000000 0.000000 0.174533
    69 -0.000001 -0.000001 -0.000004 0.000000 0.000000 0.000000
    70 -0.000010 0.000000 -0.000003 -3.141592 0.000001 0.000000
    71 0.000000 0.000000 0.000000 0.000001 -0.000001 0.349065
    72 0.000000 -0.000003 0.000000 0.000000 0.000000 0.000000
    73 0.000003 0.000000 0.000000 0.000000 0.000000 0.000000
    74 -0.000010 -0.000006 0.000000 -0.000001 0.000000 0.000000
    75 0.000019 0.000002 0.000000 0.000000 0.000000 0.000000
    76 0.000001 0.000004 0.000000 0.000000 0.000000 -0.000001
    77 0.000000 0.000000 0.000000 0.000000 0.000000 -0.000001
    78 0.000001 -0.000002 0.000000 0.000000 0.000000 -0.000001
    79 0.000000 0.000000 0.000000 0.000000 0.000000 -0.000001
    80 0.000001 0.000008 0.000000 0.000000 0.000000 0.000000
    81 -0.000003 0.000004 0.000000 0.000000 0.000000 0.000000
    82 -0.000007 -0.000008 0.000000 0.000000 0.000000 -0.000001
    83 0.000000 0.000002 -0.000002 -1.570796 0.000000 0.000000
  time 36
    0 -4.208418 -16.744879 -4.234751 -2.328373 0.030913 -1.444386
    1 -1.187500 -1.036133 0.043274 0.000000 0.000004 0.000000
    2 -1.937500 -1.362305 0.225708 0.000000 0.000002 0.000000
    3 -4.549240 -1.689358 -0.012529 0.000000 0.000000 0.000000
    4 4.331499 0.360595 -0.709097 0.000015 0.000003 0.056022
    5 3.513922 0.962076 -0.004281 0.000004 -0.000001 1.176003
    6 2.855053 0.477292 0.679213 -0.000001 -0.000004 2.896619
    7 1.649902 5.878080 0.032496 -0.000003 0.000002 -1.570796
    8 6.587842 -0.691444 0.025964 -0.000001 -0.000001 1.570796
    9 0.000002 -0.241401 -0.052690 0.000001 0.000001 0.000000
    10 10.620066 1.884898 -0.004843 -1.529186 -0.000002 3.141591
    11 -9.087198 1.359573 -0.008167 -0.000003 0.000002 -1.570796
    12 -1.304828 -22.805353 -10.684979 2.180715 0.051475 -2.199269
    13 1.473659 0.639418 -1.295234 2.076669 0.456311 0.531794
    14 1.832607 0.000002 -0.000008 3.086076 0.010039 0.042553
    15 1.003335 0.000005 0.000001 -3.041200 -0.017021 -0.043742
    16 3.823895 -0.419603 -1.411520 0.085271 -0.202670 0.601407
    17 2.187956 0.000010 0.000000 -0.073479 0.017167 0.501211
    18 1.100960 0.000002 0.000000 0.128567 -0.053941 0.556828
    19 3.987863 -0.577452 -0.474712 -0.060224 -0.193062 0.558816
    20 1.890109 -0.000010 -0.000001 0.032012 -0.026045 0.466215
    21 1.310925 0.000000 0.000000 0.197896 -0.025551 0.507107
    22 4.117986 -0.654534 0.453695 0.078057 -0.110269 0.844934
    23 1.655294 0.000008 0.000000 -0.050247 0.007001 0.329938
    24 0.869582 0.000004 0.000000 -0.141452 -0.010306 0.631185
    25 4.150630 -0.581594 1.354863 -0.337544 -0.083649 0.704011
    26 1.157247 -0.000010 -0.000002 0.152063 -0.195036 0.331442
    27 1.019835 -0.000006 0.000000 -1.480519 -0.125966 0.654216
    28 7.406140 -6.039003 -8.901889 -1.079645 0.674984 -1.550768
    29 12.695427 -0.000020 -0.000008 -0.186529 0.295280 -1.458144
    30 -7.590173 -14.318677 -6.712201 2.314066 0.044014 -1.441264
    31 1.474215 -0.497926 -1.376118 0.979456 0.426216 -0.250736
    32 1.832179 -0.000010 -0.000002 -2.526135 -0.301549 0.609667
    33 1.042025 -0.000004 -0.000009 -2.896901 -0.278827 -0.192682
    34 3.823320 0.664865 -1.331676 0.256673 0.226403 0.167566
    35 2.152367 -0.000001 0.000004 0.062007 -0.001476 0.005920
    36 1.056622 -0.000011 0.000000 0.241003 0.000705 -0.002178
    37 3.985134 0.881805 -0.368986 0.128322 -0.008132 -0.090211
    38 1.830183 0.000015 0.000000 0.063848 -0.073976 -1.510189
    39 1.561352 0.000008 -0.000004 0.027622 -0.015755 -1.357316
    40 4.116518 0.711272 0.551869 0.187923 0.006580 -0.361666
    41 1.752727 0.000006 0.000000 0.026521 0.029537 -1.405331
    42 0.869359 -0.000006 0.000000 0.015642 -0.073487 -0.926076
    43 4.118826 0.331223 1.419829 0.128888 -0.005990 -0.280207
    44 1.176321 0.000006 0.000000 -0.027338 0.139049 -0.923530
    45 0.970199 -0.000002 -0.000004 1.655738 0.044691 -1.487290
    46 -7.606037 1.001330 -4.120493 -2.487185 1.012453 -2.057380
    47 12.706336 -0.000035 -0.000009 -0.297144 0.287602 -1.845006
    48 0.000000 0.000000 -0.000003 0.000000 0.000000 0.000000
    49 1.200000 0.000000 0.000010 0.000000 0.000000 0.000000
    50 0.000010 -0.300000 0.000000 3.141593 0.000000 -0.174533
    51 0.000000 -0.000001 0.000000 0.000000 0.000000 0.000000
    52 -0.000003 0.000000 0.000001 3.141592 0.000000 0.000000
    53 0.000006 0.000000 0.000004 0.000000 0.000000 0.349065
    54 0.000000 0.000000 0.000000 3.141593 0.000000 0.000000
    55 -0.000008 -0.000006 0.000000 3.141593 0.000000 0.000000
    56 0.000002 -0.000002 0.000000 3.141593 0.000000 0.000000
    57 0.000014 -0.000004 0.000000 3.141593 0.000000 0.000000
    58 -0.000001 0.000000 0.000000 3.141593 0.000000 -0.000001
    59 0.000000 0.000000 0.000000 3.141593 0.000000 0.000000
    60 0.000010 0.000017 0.000000 3.141593 0.000000 -0.000001
    61 0.000000 0.000004 0.000000 3.141593 0.000000 -0.000001
    62 0.000000 0.000006 0.000000 3.141593 0.000000 -0.000001
    63 0.000001 0.000002 0.000000 3.141593 0.000000 0.000000
    64 0.000000 0.000000 0.000000 -3.141592 0.000000 0.000000
    65 0.000000 0.000000 0.000000 -1.570797 -0.000001 0.000000
    66 0.000000 0.000000 0.000000 0.000000 0.000000 0.000000
    67 1.200000 0.000000 0.000000 0.000000 0.000000 0.000000
    68 0.000009 0.299994 0.000000 0.000000 0.000000 0.174533
    69 -0.000001 -0.000001 -0.000004 0.000000 0.000000 0.000000
    70 -0.000010 0.000000 -0.000003 -3.141592 0.000001 0.000000
    71 0.000000 0.000000 0.000000 0.000001 -0.000001 0.349065
    72 0.000000 -0.000003 0.000000 0.000000 0.000000 0.000000
    73 0.000003 0.000000 0.000000 0.000000 0.000000 0.000000
    74 -0.000010 -0.000006 0.000000 -0.000001 0.000000 0.000000
    75 0.000019 0.000002 0.000000 0.000000 0.000000 0.000000
    76 0.000001 0.000004 0.000000 0.000000 0.000000 -0.000001
    77 0.000000 0.000000 0.000000 0.000000 0.000000 -0.000001
    78 0.000001 -0.000002 0.000000 0.000000 0.000000 -0.000001
    79 0.000000 0.000000 0.000000 0.000000 0.000000 -0.000001
    80 0.000001 0.000008 0.000000 0.000000 0.000000 0.000000
    81 -0.000003 0.000004 0.000000 0.000000 0.000000 0.000000
    82 -0.000007 -0.000008 0.000000 0.000000 0.000000 -0.000001
    83 0.000000 0.000002 -0.000002 -1.570796 0.000000 0.000000
  time 37
    0 -4.157635 -16.737066 -4.262095 -2.423899 0.023770 -1.438779
    1 -1.187500 -1.036133 0.043274 0.000000 0.000004 0.000000
    2 -1.937500 -1.362305 0.225708 0.000000 0.000002 0.000000
    3 -4.549240 -1.689358 -0.012529 0.000000 0.000000 0.000000
    4 4.331499 0.360595 -0.709097 0.000015 0.000003 0.056022
    5 3.513922 0.962076 -0.004281 0.000004 -0.000001 1.176003
    6 2.855053 0.477292 0.679213 -0.000001 -0.000004 2.896619
    7 1.649902 5.878080 0.032496 -0.000003 0.000002 -1.570796
    8 6.587842 -0.691444 0.025964 -0.000001 -0.000001 1.570796
    9 0.000002 -0.241401 -0.052690 0.000001 0.000001 0.000000
    10 10.620066 1.884898 -0.004843 -1.568531 -0.000002 3.141351
    11 -9.087198 1.359573 -0.008167 -0.000003 0.000002 -1.570796
    12 -1.589993 -22.820979 -10.407627 2.089743 -0.014767 -2.205426
    13 1.473659 0.639418 -1.295234 2.049418 0.422525 0.508092
    14 1.832607 0.000002 -0.000008 3.085933 0.008481 0.035737
    15 1.003335 0.000005 0.000001 -3.041451 -0.017753 -0.015183
    16 3.823895 -0.419603 -1.411520 0.081559 -0.203902 0.621573
    17 2.187956 0.000010 0.000000 -0.077734 0.016831 0.457845
    18 1.100960 0.000002 0.000000 0.111752 -0.045408 0.532055
    19 3.987863 -0.577452 -0.474712 -0.063670 -0.191384 0.579087
    20 1.890109 -0.000010 -0.000001 0.031304 -0.023061 0.427456
    21 1.310925 0.000000 0.000000 0.177934 -0.020481 0.486528
    22 4.117986 -0.654534 0.453695 0.083857 -0.114196 0.864680
    23 1.655294 0.000008 0.000000 -0.051194 0.007540 0.302992
    24 0.869582 0.000004 0.000000 -0.155725 -0.008641 0.594508
    25 4.150630 -0.581594 1.354863 -0.339030 -0.077155 0.722463
    26 1.157247 -0.000010 -0.000002 0.157576 -0.178804 0.302550
    27 1.019835 -0.000006 0.000000 -1.477534 -0.121663 0.644186
    28 7.406140 -6.039003 -8.901889 -1.122098 0.668628 -1.592134
    29 12.695427 -0.000020 -0.000008 -0.182215 0.294668 -1.443515
    30 -7.777679 -14.400711 -6.462193 2.218515 0.037063 -1.436149
    31 1.474215 -0.497926 -1.376118 0.979456 0.426216 -0.250748
    32 1.832179 -0.000010 -0.000002 -2.526135 -0.301549 0.609667
    33 1.042025 -0.000004 -0.000009 -2.896901 -0.278851 -0.192682
    34 3.823320 0.664865 -1.331676 0.256673 0.226403 0.167554
    35 2.152367 -0.000001 0.000004 0.062007 -0.001476 0.005920
    36 1.056622 -0.000011 0.000000 0.241003 0.000705 -0.002190
    37 3.985134 0.881805 -0.368986 0.128322 -0.008132 -0.090211
    38 1.830183 0.000015 0.000000 0.063848 -0.073976 -1.510189
    39 1.561352 0.000008 -0.000004 0.027622 -0.015755 -1.357316
    40 4.116518 0.711272 0.551869 0.187923 0.006580 -0.361666
    41 1.752727 0.000006 0.000000 0.026521 0.029549 -1.405331
    42 0.869359 -0.000006 0.000000 0.015630 -0.073487 -0.926054
    43 4.118826 0.331223 1.419829 0.128888 -0.005990 -0.280207
    44 1.176321 0.000006 0.000000 -0.027338 0.139025 -0.923530
    45 0.970199 -0.000002 -0.000004 1.655726 0.044655 -1.487290
    46 -7.606037 1.001330 -4.120493 -2.439456 1.004411 -2.031889
    47 12.706336 -0.000035 -0.000009 -0.296037 0.287769 -1.841314
    48 0.000000 0.000000 -0.000003 0.000000 0.000000 0.000000
    49 1.200000 0.000000 0.000010 0.000000 0.000000 0.000000
    50 0.000010 -0.300000 0.000000 3.141593 0.000000 -0.174533
    51 0.000000 -0.000001 0.000000 0.000000 0.000000 0.000000
    52 -0.000003 0.000000 0.000001 3.141592 0.000000 0.000000
    53 0.000006 0.000000 0.000004 0.000000 0.000000 0.349065
    54 0.000000 0.000000 0.000000 3.141593 0.000000 0.000000
    55 -0.000008 -0.000006 0.000000 3.141593 0.000000 0.000000
    56 0.000002 -0.000002 0.000000 3.141593 0.000000 0.000000
    57 0.000014 -0.000004 0.000000 3.141593 0.000000 0.000000
    58 -0.000001 0.000000 0.000000 3.141593 0.000000 -0.000001
    59 0.000000 0.000000 0.000000 3.141593 0.000000 0.000000
    60 0.000010 0.000017 0.000000 3.141593 0.000000 -0.000001
    61 0.000000 0.000004 0.000000 3.141593 0.000000 -0.000001
    62 0.000000 0.000006 0.000000 3.141593 0.000000 -0.000001
    63 0.000001 0.000002 0.000000 3.141593 0.000000 0.000000
    64 0.000000 0.000000 0.000000 -3.141592 0.000000 0.000000
    65 0.000000 0.000000 0.000000 -1.570797 -0.000001 0.000000
    66 0.000000 0.000000 0.000000 0.000000 0.000000 0.000000
    67 1.200000 0.000000 0.000000 0.000000 0.000000 0.000000
    68 0.000009 0.299994 0.000000 0.000000 0.000000 0.174533
    69 -0.000001 -0.000001 -0.000004 0.000000 0.000000 0.000000
    70 -0.000010 0.000000 -0.000003 -3.141592 0.000001 0.000000
    71 0.000000 0.000000 0.000000 0.000001 -0.000001 0.349065
    72 0.000000 -0.000003 0.000000 0.000000 0.000000 0.000000
    73 0.000003 0.000000 0.000000 0.000000 0.000000 0.000000
    74 -0.000010 -0.000006 0.000000 -0.000001 0.000000 0.000000
    75 0.000019 0.000002 0.000000 0.000000 0.000000 0.000000
    76 0.000001 0.000004 0.000000 0.000000 0.000000 -0.000001
    77 0.000000 0.000000 0.000000 0.000000 0.000000 -0.000001
    78 0.000001 -0.000002 0.000000 0.000000 0.000000 -0.000001
    79 0.000000 0.000000 0.000000 0.000000 0.000000 -0.000001
    80 0.000001 0.000008 0.000000 0.000000 0.000000 0.000000
    81 -0.000003 0.000004 0.000000 0.000000 0.000000 0.000000
    82 -0.000007 -0.000008 0.000000 0.000000 0.000000 -0.000001
    83 0.000000 0.000002 -0.000002 -1.570796 0.000000 0.000000
  time 38
    0 -4.106852 -16.744879 -4.281627 -2.517408 0.012716 -1.428203
    1 -1.187500 -1.036133 0.043274 0.000000 0.000004 0.000000
    2 -1.937500 -1.362305 0.225708 0.000000 0.000002 0.000000
    3 -4.549240 -1.689358 -0.012529 0.000000 0.000000 0.000000
    4 4.331499 0.360595 -0.709097 0.000015 0.000003 0.056022
    5 3.513922 0.962076 -0.004281 0.000004 -0.000001 1.176003
    6 2.855053 0.477292 0.679213 -0.000001 -0.000004 2.896619
    7 1.649902 5.878080 0.032496 -0.000003 0.000002 -1.570796
    8 6.587842 -0.691444 0.025964 -0.000001 -0.000001 1.570796
    9 0.000002 -0.241401 -0.052690 0.000001 0.000001 0.000000
    10 10.620066 1.884898 -0.004843 -1.529186 -0.000002 3.141591
    11 -9.087198 1.359573 -0.008167 -0.000003 0.000002 -1.570796
    12 -1.738435 -22.820979 -9.970114 1.997311 -0.086964 -2.206730
    13 1.473659 0.639418 -1.295234 2.015412 0.398986 0.482841
    14 1.832607 0.000002 -0.000008 3.085729 0.006959 0.030095
    15 1.003335 0.000005 0.000001 -3.041859 -0.018364 0.014232
    16 3.823895 -0.419603 -1.411520 0.089540 -0.204905 0.600691
    17 2.187956 0.000010 0.000000 -0.081713 0.016196 0.415734
    18 1.100960 0.000002 0.000000 0.095249 -0.037414 0.507531
    19 3.987863 -0.577452 -0.474712 -0.057412 -0.194188 0.563255
    20 1.890109 -0.000010 -0.000001 0.030464 -0.020341 0.389715
    21 1.310925 0.000000 0.000000 0.158213 -0.016023 0.466159
    22 4.117986 -0.654534 0.453695 0.099185 -0.123145 0.845958
    23 1.655294 0.000008 0.000000 -0.052285 0.007827 0.276309
    24 0.869582 0.000004 0.000000 -0.169891 -0.007346 0.558377
    25 4.150630 -0.581594 1.354863 -0.337832 -0.083366 0.706593
    26 1.157247 -0.000010 -0.000002 0.162597 -0.162677 0.273991
    27 1.019835 -0.000006 0.000000 -1.474874 -0.117492 0.634321
    28 7.406140 -6.039003 -8.901889 -1.182161 0.663726 -1.634422
    29 12.695427 -0.000020 -0.000008 -0.180620 0.294585 -1.437980
    30 -7.941746 -14.494464 -6.200466 2.125113 0.026094 -1.426772
    31 1.474215 -0.497926 -1.376118 0.979456 0.426216 -0.250736
    32 1.832179 -0.000010 -0.000002 -2.526135 -0.301549 0.609667
    33 1.042025 -0.000004 -0.000009 -2.896961 -0.278839 -0.192682
    34 3.823320 0.664865 -1.331676 0.256685 0.226403 0.167554
    35 2.152367 -0.000001 0.000004 0.062055 -0.001476 0.005920
    36 1.056622 -0.000011 0.000000 0.241003 0.000705 -0.002190
    37 3.985134 0.881805 -0.368986 0.128322 -0.008132 -0.090211
    38 1.830183 0.000015 0.000000 0.063848 -0.073976 -1.510189
    39 1.561352 0.000008 -0.000004 0.027622 -0.015755 -1.357316
    40 4.116518 0.711272 0.551869 0.187923 0.006580 -0.361666
    41 1.752727 0.000006 0.000000 0.026485 0.029561 -1.405331
    42 0.869359 -0.000006 0.000000 0.015606 -0.073535 -0.926076
    43 4.118826 0.331223 1.419829 0.128888 -0.005990 -0.280207
    44 1.176321 0.000006 0.000000 -0.027338 0.139049 -0.923530
    45 0.970199 -0.000002 -0.000004 1.655738 0.044679 -1.487290
    46 -7.606037 1.001330 -4.120493 -2.393392 0.993332 -2.005398
    47 12.706336 -0.000035 -0.000009 -0.294253 0.288345 -1.835284
    48 0.000000 0.000000 -0.000003 0.000000 0.000000 0.000000
    49 1.200000 0.000000 0.000010 0.000000 0.000000 0.000000
    50 0.000010 -0.300000 0.000000 3.141593 0.000000 -0.174533
    51 0.000000 -0.000001 0.000000 0.000000 0.000000 0.000000
    52 -0.000003 0.000000 0.000001 3.141592 0.000000 0.000000
    53 0.000006 0.000000 0.000004 0.000000 0.000000 0.349065
    54 0.000000 0.000000 0.000000 3.141593 0.000000 0.000000
    55 -0.000008 -0.000006 0.000000 3.141593 0.000000 0.000000
    56 0.000002 -0.000002 0.000000 3.141593 0.000000 0.000000
    57 0.000014 -0.000004 0.000000 3.141593 0.000000 0.000000
    58 -0.000001 0.000000 0.000000 3.141593 0.000000 -0.000001
    59 0.000000 0.000000 0.000000 3.141593 0.000000 0.000000
    60 0.000010 0.000017 0.000000 3.141593 0.000000 -0.000001
    61 0.000000 0.000004 0.000000 3.141593 0.000000 -0.000001
    62 0.000000 0.000006 0.000000 3.141593 0.000000 -0.000001
    63 0.000001 0.000002 0.000000 3.141593 0.000000 0.000000
    64 0.000000 0.000000 0.000000 -3.141592 0.000000 0.000000
    65 0.000000 0.000000 0.000000 -1.570797 -0.000001 0.000000
    66 0.000000 0.000000 0.000000 0.000000 0.000000 0.000000
    67 1.200000 0.000000 0.000000 0.000000 0.000000 0.000000
    68 0.000009 0.299994 0.000000 0.000000 0.000000 0.174533
    69 -0.000001 -0.000001 -0.000004 0.000000 0.000000 0.000000
    70 -0.000010 0.000000 -0.000003 -3.141592 0.000001 0.000000
    71 0.000000 0.000000 0.000000 0.000001 -0.000001 0.349065
    72 0.000000 -0.000003 0.000000 0.000000 0.000000 0.000000
    73 0.000003 0.000000 0.000000 0.000000 0.000000 0.000000
    74 -0.000010 -0.000006 0.000000 -0.000001 0.000000 0.000000
    75 0.000019 0.000002 0.000000 0.000000 0.000000 0.000000
    76 0.000001 0.000004 0.000000 0.000000 0.000000 -0.000001
    77 0.000000 0.000000 0.000000 0.000000 0.000000 -0.000001
    78 0.000001 -0.000002 0.000000 0.000000 0.000000 -0.000001
    79 0.000000 0.000000 0.000000 0.000000 0.000000 -0.000001
    80 0.000001 0.000008 0.000000 0.000000 0.000000 0.000000
    81 -0.000003 0.000004 0.000000 0.000000 0.000000 0.000000
    82 -0.000007 -0.000008 0.000000 0.000000 0.000000 -0.000001
    83 0.000000 0.000002 -0.000002 -1.570796 0.000000 0.000000
  time 39
    0 -4.056069 -16.744879 -4.297253 -2.605627 -0.000589 -1.414007
    1 -1.187500 -1.036133 0.043274 0.000000 0.000004 0.000000
    2 -1.937500 -1.362305 0.225708 0.000000 0.000002 0.000000
    3 -4.549240 -1.689358 -0.012529 0.000000 0.000000 0.000000
    4 4.331499 0.360595 -0.709097 0.000015 0.000003 0.056022
    5 3.513922 0.962076 -0.004281 0.000004 -0.000001 1.176003
    6 2.855053 0.477292 0.679213 -0.000001 -0.000004 2.896619
    7 1.649902 5.878080 0.032496 -0.000003 0.000002 -1.570796
    8 6.587842 -0.691444 0.025964 -0.000001 -0.000001 1.570796
    9 0.000002 -0.241401 -0.052690 0.000001 0.000001 0.000000
    10 10.620066 1.884898 -0.004843 -1.529186 -0.000002 3.141591
    11 -9.087198 1.359573 -0.008167 -0.000003 0.000002 -1.570796
    12 -1.726716 -22.805353 -9.450567 1.908438 -0.161053 -2.204122
    13 1.473659 0.639418 -1.295234 1.980371 0.396453 0.461081
    14 1.832607 0.000002 -0.000008 3.085525 0.005533 0.025366
    15 1.003335 0.000005 0.000001 -3.042170 -0.018843 0.043975
    16 3.823895 -0.419603 -1.411520 0.114002 -0.207069 0.537280
    17 2.187956 0.000010 0.000000 -0.085524 0.015501 0.374924
    18 1.100960 0.000002 0.000000 0.078807 -0.030128 0.483718
    19 3.987863 -0.577452 -0.474712 -0.038166 -0.202566 0.515352
    20 1.890109 -0.000010 -0.000001 0.029565 -0.017500 0.353227
    21 1.310925 0.000000 0.000000 0.138889 -0.012044 0.446177
    22 4.117986 -0.654534 0.453695 0.126570 -0.143271 0.788321
    23 1.655294 0.000008 0.000000 -0.053231 0.008319 0.250492
    24 0.869582 0.000004 0.000000 -0.183781 -0.006723 0.523067
    25 4.150630 -0.581594 1.354863 -0.333578 -0.102125 0.658479
    26 1.157247 -0.000010 -0.000002 0.166900 -0.146878 0.246247
    27 1.019835 -0.000006 0.000000 -1.472081 -0.113490 0.624682
    28 7.406140 -6.039003 -8.901889 -1.251266 0.660361 -1.673394
    29 12.695427 -0.000020 -0.000008 -0.182131 0.294656 -1.443357
    30 -8.070657 -14.592123 -5.934833 2.036950 0.012742 -1.413772
    31 1.474215 -0.497926 -1.376118 0.979456 0.426216 -0.250736
    32 1.832179 -0.000010 -0.000002 -2.526135 -0.301549 0.609667
    33 1.042025 -0.000004 -0.000009 -2.896901 -0.278827 -0.192682
    34 3.823320 0.664865 -1.331676 0.256685 0.226391 0.167554
    35 2.152367 -0.000001 0.000004 0.062031 -0.001476 0.005920
    36 1.056622 -0.000011 0.000000 0.241003 0.000705 -0.002190
    37 3.985134 0.881805 -0.368986 0.128322 -0.008132 -0.090211
    38 1.830183 0.000015 0.000000 0.063848 -0.073976 -1.510189
    39 1.561352 0.000008 -0.000004 0.027622 -0.015755 -1.357316
    40 4.116518 0.711272 0.551869 0.187923 0.006580 -0.361666
    41 1.752727 0.000006 0.000000 0.026521 0.029537 -1.405331
    42 0.869359 -0.000006 0.000000 0.015570 -0.073487 -0.926076
    43 4.118826 0.331223 1.419829 0.128888 -0.005990 -0.280207
    44 1.176321 0.000006 0.000000 -0.027338 0.139049 -0.923507
    45 0.970199 -0.000002 -0.000004 1.655714 0.044667 -1.487290
    46 -7.606037 1.001330 -4.120493 -2.351838 0.980185 -1.979970
    47 12.706336 -0.000035 -0.000009 -0.292066 0.288896 -1.827654
    48 0.000000 0.000000 -0.000003 0.000000 0.000000 0.000000
    49 1.200000 0.000000 0.000010 0.000000 0.000000 0.000000
    50 0.000010 -0.300000 0.000000 3.141593 0.000000 -0.174533
    51 0.000000 -0.000001 0.000000 0.000000 0.000000 0.000000
    52 -0.000003 0.000000 0.000001 3.141592 0.000000 0.000000
    53 0.000006 0.000000 0.000004 0.000000 0.000000 0.349065
    54 0.000000 0.000000 0.000000 3.141593 0.000000 0.000000
    55 -0.000008 -0.000006 0.000000 3.141593 0.000000 0.000000
    56 0.000002 -0.000002 0.000000 3.141593 0.000000 0.000000
    57 0.000014 -0.000004 0.000000 3.141593 0.000000 0.000000
    58 -0.000001 0.000000 0.000000 3.141593 0.000000 -0.000001
    59 0.000000 0.000000 0.000000 3.141593 0.000000 0.000000
    60 0.000010 0.000017 0.000000 3.141593 0.000000 -0.000001
    61 0.000000 0.000004 0.000000 3.141593 0.000000 -0.000001
    62 0.000000 0.000006 0.000000 3.141593 0.000000 -0.000001
    63 0.000001 0.000002 0.000000 3.141593 0.000000 0.000000
    64 0.000000 0.000000 0.000000 -3.141592 0.000000 0.000000
    65 0.000000 0.000000 0.000000 -1.570797 -0.000001 0.000000
    66 0.000000 0.000000 0.000000 0.000000 0.000000 0.000000
    67 1.200000 0.000000 0.000000 0.000000 0.000000 0.000000
    68 0.000009 0.299994 0.000000 0.000000 0.000000 0.174533
    69 -0.000001 -0.000001 -0.000004 0.000000 0.000000 0.000000
    70 -0.000010 0.000000 -0.000003 -3.141592 0.000001 0.000000
    71 0.000000 0.000000 0.000000 0.000001 -0.000001 0.349065
    72 0.000000 -0.000003 0.000000 0.000000 0.000000 0.000000
    73 0.000003 0.000000 0.000000 0.000000 0.000000 0.000000
    74 -0.000010 -0.000006 0.000000 -0.000001 0.000000 0.000000
    75 0.000019 0.000002 0.000000 0.000000 0.000000 0.000000
    76 0.000001 0.000004 0.000000 0.000000 0.000000 -0.000001
    77 0.000000 0.000000 0.000000 0.000000 0.000000 -0.000001
    78 0.000001 -0.000002 0.000000 0.000000 0.000000 -0.000001
    79 0.000000 0.000000 0.000000 0.000000 0.000000 -0.000001
    80 0.000001 0.000008 0.000000 0.000000 0.000000 0.000000
    81 -0.000003 0.000004 0.000000 0.000000 0.000000 0.000000
    82 -0.000007 -0.000008 0.000000 0.000000 0.000000 -0.000001
    83 0.000000 0.000002 -0.000002 -1.570796 0.000000 0.000000
  time 40
    0 -4.005286 -16.744879 -4.305065 -2.685240 -0.014211 -1.397326
    1 -1.187500 -1.036133 0.043274 0.000000 0.000004 0.000000
    2 -1.937500 -1.362305 0.225708 0.000000 0.000002 0.000000
    3 -4.549240 -1.689358 -0.012529 0.000000 0.000000 0.000000
    4 4.331499 0.360595 -0.709097 0.000015 0.000003 0.056022
    5 3.513922 0.962076 -0.004281 0.000004 -0.000001 1.176003
    6 2.855053 0.477292 0.679213 -0.000001 -0.000004 2.896619
    7 1.649902 5.878080 0.032496 -0.000003 0.000002 -1.570796
    8 6.587842 -0.691444 0.025964 -0.000001 -0.000001 1.570796
    9 0.000002 -0.241401 -0.052690 0.000001 0.000001 0.000000
    10 10.620066 1.884898 -0.004843 -1.529186 -0.000002 3.141591
    11 -9.087198 1.359573 -0.008167 -0.000003 0.000002 -1.570796
    12 -1.570461 -22.754570 -8.903675 1.826773 -0.231721 -2.199631
    13 1.473659 0.639418 -1.295234 1.942168 0.423446 0.440982
    14 1.832607 0.000002 -0.000008 3.085345 0.004203 0.021681
    15 1.003335 0.000005 0.000001 -3.042590 -0.019430 0.073016
    16 3.823895 -0.419603 -1.411520 0.154314 -0.207245 0.433635
    17 2.187956 0.000010 0.000000 -0.089059 0.014686 0.336159
    18 1.100960 0.000002 0.000000 0.062639 -0.023309 0.460331
    19 3.987863 -0.577452 -0.474712 -0.006193 -0.213963 0.437450
    20 1.890109 -0.000010 -0.000001 0.028621 -0.015056 0.318148
    21 1.310925 0.000000 0.000000 0.120047 -0.008520 0.426678
    22 4.117986 -0.654534 0.453695 0.167821 -0.171326 0.693345
    23 1.655294 0.000008 0.000000 -0.054142 0.008559 0.225466
    24 0.869582 0.000004 0.000000 -0.197396 -0.006555 0.488796
    25 4.150630 -0.593313 1.354863 -0.324853 -0.132330 0.580998
    26 1.157247 -0.000010 -0.000002 0.170735 -0.131354 0.219244
    27 1.019835 -0.000006 0.000000 -1.469637 -0.109475 0.615332
    28 7.406140 -6.039003 -8.901889 -1.319228 0.658076 -1.704994
    29 12.695427 -0.000020 -0.000008 -0.186798 0.295316 -1.459251
    30 -8.168316 -14.693688 -5.684826 1.957339 -0.000870 -1.399565
    31 1.474215 -0.497926 -1.376118 0.979456 0.426216 -0.250748
    32 1.832179 -0.000010 -0.000002 -2.526135 -0.301549 0.609667
    33 1.042025 -0.000004 -0.000009 -2.896901 -0.278839 -0.192682
    34 3.823320 0.664865 -1.331676 0.256385 0.226907 0.166020
    35 2.152367 -0.000001 0.000004 0.062031 -0.001476 0.005920
    36 1.056622 -0.000011 0.000000 0.241003 0.000705 -0.002190
    37 3.985134 0.881805 -0.368986 0.128322 -0.008132 -0.090211
    38 1.830183 0.000015 0.000000 0.063848 -0.073976 -1.510189
    39 1.561352 0.000008 -0.000004 0.027622 -0.015755 -1.357316
    40 4.116518 0.711272 0.551869 0.187923 0.006580 -0.361666
    41 1.752727 0.000006 0.000000 0.026521 0.029537 -1.405331
    42 0.869359 -0.000006 0.000000 0.015606 -0.073547 -0.926076
    43 4.118826 0.331223 1.419829 0.128888 -0.005990 -0.280207
    44 1.176321 0.000006 0.000000 -0.027338 0.139049 -0.923484
    45 0.970199 -0.000002 -0.000004 1.655726 0.044679 -1.487290
    46 -7.606037 1.001330 -4.120493 -2.316527 0.966003 -1.957290
    47 12.706336 -0.000035 -0.000009 -0.289866 0.289351 -1.819532
    48 0.000000 0.000000 -0.000003 0.000000 0.000000 0.000000
    49 1.200000 0.000000 0.000010 0.000000 0.000000 0.000000
    50 0.000010 -0.300000 0.000000 3.141593 0.000000 -0.174533
    51 0.000000 -0.000001 0.000000 0.000000 0.000000 0.000000
    52 -0.000003 0.000000 0.000001 3.141592 0.000000 0.000000
    53 0.000006 0.000000 0.000004 0.000000 0.000000 0.349065
    54 0.000000 0.000000 0.000000 3.141593 0.000000 0.000000
    55 -0.000008 -0.000006 0.000000 3.141593 0.000000 0.000000
    56 0.000002 -0.000002 0.000000 3.141593 0.000000 0.000000
    57 0.000014 -0.000004 0.000000 3.141593 0.000000 0.000000
    58 -0.000001 0.000000 0.000000 3.141593 0.000000 -0.000001
    59 0.000000 0.000000 0.000000 3.141593 0.000000 0.000000
    60 0.000010 0.000017 0.000000 3.141593 0.000000 -0.000001
    61 0.000000 0.000004 0.000000 3.141593 0.000000 -0.000001
    62 0.000000 0.000006 0.000000 3.141593 0.000000 -0.000001
    63 0.000001 0.000002 0.000000 3.141593 0.000000 0.000000
    64 0.000000 0.000000 0.000000 -3.141592 0.000000 0.000000
    65 0.000000 0.000000 0.000000 -1.570797 -0.000001 0.000000
    66 0.000000 0.000000 0.000000 0.000000 0.000000 0.000000
    67 1.200000 0.000000 0.000000 0.000000 0.000000 0.000000
    68 0.000009 0.299994 0.000000 0.000000 0.000000 0.174533
    69 -0.000001 -0.000001 -0.000004 0.000000 0.000000 0.000000
    70 -0.000010 0.000000 -0.000003 -3.141592 0.000001 0.000000
    71 0.000000 0.000000 0.000000 0.000001 -0.000001 0.349065
    72 0.000000 -0.000003 0.000000 0.000000 0.000000 0.000000
    73 0.000003 0.000000 0.000000 0.000000 0.000000 0.000000
    74 -0.000010 -0.000006 0.000000 -0.000001 0.000000 0.000000
    75 0.000019 0.000002 0.000000 0.000000 0.000000 0.000000
    76 0.000001 0.000004 0.000000 0.000000 0.000000 -0.000001
    77 0.000000 0.000000 0.000000 0.000000 0.000000 -0.000001
    78 0.000001 -0.000002 0.000000 0.000000 0.000000 -0.000001
    79 0.000000 0.000000 0.000000 0.000000 0.000000 -0.000001
    80 0.000001 0.000008 0.000000 0.000000 0.000000 0.000000
    81 -0.000003 0.000004 0.000000 0.000000 0.000000 0.000000
    82 -0.000007 -0.000008 0.000000 0.000000 0.000000 -0.000001
    83 0.000000 0.000002 -0.000002 -1.570796 0.000000 0.000000
  time 41
    0 -3.958410 -16.744879 -4.308972 -2.754542 -0.026156 -1.382420
    1 -1.187500 -1.036133 0.043274 0.000000 0.000004 0.000000
    2 -1.937500 -1.362305 0.225708 0.000000 0.000002 0.000000
    3 -4.549240 -1.689358 -0.012529 0.000000 0.000000 0.000000
    4 4.331499 0.360595 -0.709097 0.000015 0.000003 0.056022
    5 3.513922 0.962076 -0.004281 0.000004 -0.000001 1.176003
    6 2.855053 0.477292 0.679213 -0.000001 -0.000004 2.896619
    7 1.649902 5.878080 0.032496 -0.000003 0.000002 -1.570796
    8 6.587842 -0.691444 0.025964 -0.000001 -0.000001 1.570796
    9 0.000002 -0.241401 -0.052690 0.000001 0.000001 0.000000
    10 10.620066 1.884898 -0.004843 -1.529186 -0.000002 3.141591
    11 -9.087198 1.359573 -0.008167 -0.000003 0.000002 -1.570796
    12 -1.312641 -22.664724 -8.391941 1.756605 -0.294743 -2.195865
    13 1.473659 0.639418 -1.295234 1.895600 0.488206 0.419250
    14 1.832607 0.000002 -0.000008 3.085238 0.002812 0.018811
    15 1.003335 0.000005 0.000001 -3.042841 -0.020090 0.100828
    16 3.823895 -0.419603 -1.411520 0.206393 -0.201456 0.299630
    17 2.187956 0.000010 0.000000 -0.092595 0.013751 0.298696
    18 1.100960 0.000002 0.000000 0.047107 -0.017101 0.437762
    19 3.987863 -0.577452 -0.474712 0.036135 -0.224929 0.336946
    20 1.890109 -0.000010 -0.000001 0.027633 -0.012623 0.284557
    21 1.310925 0.000000 0.000000 0.101871 -0.005620 0.407922
    22 4.117986 -0.654534 0.453695 0.221992 -0.200817 0.568986
    23 1.655294 0.000008 0.000000 -0.055149 0.008846 0.201116
    24 0.869582 0.000004 0.000000 -0.210267 -0.006927 0.455783
    25 4.150630 -0.589406 1.354863 -0.310363 -0.170743 0.480572
    26 1.157247 -0.000010 -0.000002 0.173982 -0.116289 0.193611
    27 1.019835 -0.000006 0.000000 -1.467324 -0.105568 0.606291
    28 7.406140 -6.039003 -8.901889 -1.376054 0.656373 -1.726184
    29 12.695427 -0.000020 -0.000008 -0.193647 0.295963 -1.482737
    30 -8.234724 -14.791348 -5.462163 1.888250 -0.012954 -1.384718
    31 1.474215 -0.497926 -1.376118 0.979456 0.426216 -0.250748
    32 1.832179 -0.000010 -0.000002 -2.526135 -0.301549 0.609667
    33 1.042025 -0.000004 -0.000009 -2.896961 -0.278851 -0.192682
    34 3.823320 0.664865 -1.331676 0.255210 0.227973 0.161370
    35 2.152367 -0.000001 0.000004 0.062055 -0.001476 0.005920
    36 1.056622 -0.000011 0.000000 0.241003 0.000705 -0.002190
    37 3.985134 0.881805 -0.368986 0.128322 -0.008132 -0.090211
    38 1.830183 0.000015 0.000000 0.063848 -0.073976 -1.510189
    39 1.561352 0.000008 -0.000004 0.027622 -0.015755 -1.357316
    40 4.116518 0.711272 0.551869 0.187923 0.006580 -0.361666
    41 1.752727 0.000006 0.000000 0.026521 0.029537 -1.405331
    42 0.869359 -0.000006 0.000000 0.015606 -0.073487 -0.926076
    43 4.118826 0.331223 1.419829 0.128888 -0.005990 -0.280207
    44 1.176321 0.000006 0.000000 -0.027338 0.139049 -0.923530
    45 0.970199 -0.000002 -0.000004 1.655738 0.044655 -1.487290
    46 -7.606037 1.001330 -4.120493 -2.288708 0.952455 -1.938547
    47 12.706336 -0.000035 -0.000009 -0.287796 0.289939 -1.812148
    48 0.000000 0.000000 -0.000003 0.000000 0.000000 0.000000
    49 1.200000 0.000000 0.000010 0.000000 0.000000 0.000000
    50 0.000010 -0.300000 0.000000 3.141593 0.000000 -0.174533
    51 0.000000 -0.000001 0.000000 0.000000 0.000000 0.000000
    52 -0.000003 0.000000 0.000001 3.141592 0.000000 0.000000
    53 0.000006 0.000000 0.000004 0.000000 0.000000 0.349065
    54 0.000000 0.000000 0.000000 3.141593 0.000000 0.000000
    55 -0.000008 -0.000006 0.000000 3.141593 0.000000 0.000000
    56 0.000002 -0.000002 0.000000 3.141593 0.000000 0.000000
    57 0.000014 -0.000004 0.000000 3.141593 0.000000 0.000000
    58 -0.000001 0.000000 0.000000 3.141593 0.000000 -0.000001
    59 0.000000 0.000000 0.000000 3.141593 0.000000 0.000000
    60 0.000010 0.000017 0.000000 3.141593 0.000000 -0.000001
    61 0.000000 0.000004 0.000000 3.141593 0.000000 -0.000001
    62 0.000000 0.000006 0.000000 3.141593 0.000000 -0.000001
    63 0.000001 0.000002 0.000000 3.141593 0.000000 0.000000
    64 0.000000 0.000000 0.000000 -3.141592 0.000000 0.000000
    65 0.000000 0.000000 0.000000 -1.570797 -0.000001 0.000000
    66 0.000000 0.000000 0.000000 0.000000 0.000000 0.000000
    67 1.200000 0.000000 0.000000 0.000000 0.000000 0.000000
    68 0.000009 0.299994 0.000000 0.000000 0.000000 0.174533
    69 -0.000001 -0.000001 -0.000004 0.000000 0.000000 0.000000
    70 -0.000010 0.000000 -0.000003 -3.141592 0.000001 0.000000
    71 0.000000 0.000000 0.000000 0.000001 -0.000001 0.349065
    72 0.000000 -0.000003 0.000000 0.000000 0.000000 0.000000
    73 0.000003 0.000000 0.000000 0.000000 0.000000 0.000000
    74 -0.000010 -0.000006 0.000000 -0.000001 0.000000 0.000000
    75 0.000019 0.000002 0.000000 0.000000 0.000000 0.000000
    76 0.000001 0.000004 0.000000 0.000000 0.000000 -0.000001
    77 0.000000 0.000000 0.000000 0.000000 0.000000 -0.000001
    78 0.000001 -0.000002 0.000000 0.000000 0.000000 -0.000001
    79 0.000000 0.000000 0.000000 0.000000 0.000000 -0.000001
    80 0.000001 0.000008 0.000000 0.000000 0.000000 0.000000
    81 -0.000003 0.000004 0.000000 0.000000 0.000000 0.000000
    82 -0.000007 -0.000008 0.000000 0.000000 0.000000 -0.000001
    83 0.000000 0.000002 -0.000002 -1.570796 0.000000 0.000000
  time 42
    0 -3.911534 -16.740973 -4.312878 -2.813041 -0.035368 -1.368863
    1 -1.187500 -1.036133 0.043274 0.000000 0.000004 0.000000
    2 -1.937500 -1.362305 0.225708 0.000000 0.000002 0.000000
    3 -4.549240 -1.689358 -0.012529 0.000000 0.000000 0.000000
    4 4.331499 0.360595 -0.709097 0.000015 0.000003 0.056022
    5 3.513922 0.962076 -0.004281 0.000004 -0.000001 1.176003
    6 2.855053 0.477292 0.679213 -0.000001 -0.000004 2.896619
    7 1.649902 5.878080 0.032496 -0.000003 0.000002 -1.570796
    8 6.587842 -0.691444 0.025964 -0.000001 -0.000001 1.570796
    9 0.000002 -0.241401 -0.052690 0.000001 0.000001 0.000000
    10 10.620066 1.884898 -0.004843 -1.529186 -0.000002 3.141591
    11 -9.087198 1.359573 -0.008167 -0.000003 0.000002 -1.570796
    12 -1.011850 -22.547533 -7.962240 1.699850 -0.347583 -2.194851
    13 1.473659 0.639418 -1.295234 1.842047 0.582130 0.396702
    14 1.832607 0.000002 -0.000008 3.085154 0.001662 0.016724
    15 1.003335 0.000005 0.000001 -3.043309 -0.020557 0.126662
    16 3.796551 -0.419603 -1.411520 0.262463 -0.187397 0.154147
    17 2.187956 0.000010 0.000000 -0.095819 0.012865 0.263092
    18 1.100960 0.000002 0.000000 0.031911 -0.011480 0.416010
    19 3.987863 -0.577452 -0.474712 0.083079 -0.232036 0.227546
    20 1.890109 -0.000010 -0.000001 0.026616 -0.010358 0.252532
    21 1.310925 0.000000 0.000000 0.084433 -0.003187 0.389762
    22 4.117986 -0.662347 0.453695 0.283497 -0.224832 0.431970
    23 1.655294 0.000008 0.000000 -0.056240 0.009206 0.177896
    24 0.869582 0.000004 0.000000 -0.222671 -0.007574 0.424303
    25 4.142817 -0.601125 1.354863 -0.290924 -0.211688 0.370973
    26 1.157247 -0.000010 -0.000002 0.176847 -0.101880 0.168867
    27 1.019835 -0.000006 0.000000 -1.465023 -0.101805 0.597641
    28 7.406140 -6.039003 -8.901889 -1.416413 0.654753 -1.736042
    29 12.695427 -0.000020 -0.000008 -0.201453 0.296442 -1.509464
    30 -8.265975 -14.857756 -5.262938 1.829818 -0.022426 -1.372144
    31 1.474215 -0.497926 -1.376118 0.979456 0.426216 -0.250748
    32 1.832179 -0.000010 -0.000002 -2.526135 -0.301549 0.609667
    33 1.042025 -0.000004 -0.000009 -2.896901 -0.278827 -0.192682
    34 3.823320 0.664865 -1.331676 0.253521 0.230071 0.153604
    35 2.152367 -0.000001 0.000004 0.062031 -0.001476 0.005920
    36 1.056622 -0.000011 0.000000 0.241003 0.000705 -0.002190
    37 3.985134 0.881805 -0.368986 0.128322 -0.008132 -0.090211
    38 1.830183 0.000015 0.000000 0.063848 -0.073976 -1.510189
    39 1.561352 0.000008 -0.000004 0.027622 -0.015755 -1.357316
    40 4.116518 0.711272 0.551869 0.187923 0.006580 -0.361666
    41 1.752727 0.000006 0.000000 0.026509 0.029537 -1.405331
    42 0.869359 -0.000006 0.000000 0.015630 -0.073487 -0.926076
    43 4.118826 0.331223 1.419829 0.128888 -0.005990 -0.280207
    44 1.176321 0.000006 0.000000 -0.027338 0.139049 -0.923484
    45 0.970199 -0.000002 -0.000004 1.655738 0.044655 -1.487290
    46 -7.606037 1.001330 -4.120493 -2.267896 0.940275 -1.923427
    47 12.706336 -0.000035 -0.000009 -0.286025 0.290358 -1.806487
    48 0.000000 0.000000 -0.000003 0.000000 0.000000 0.000000
    49 1.200000 0.000000 0.000010 0.000000 0.000000 0.000000
    50 0.000010 -0.300000 0.000000 3.141593 0.000000 -0.174533
    51 0.000000 -0.000001 0.000000 0.000000 0.000000 0.000000
    52 -0.000003 0.000000 0.000001 3.141592 0.000000 0.000000
    53 0.000006 0.000000 0.000004 0.000000 0.000000 0.349065
    54 0.000000 0.000000 0.000000 3.141593 0.000000 0.000000
    55 -0.000008 -0.000006 0.000000 3.141593 0.000000 0.000000
    56 0.000002 -0.000002 0.000000 3.141593 0.000000 0.000000
    57 0.000014 -0.000004 0.000000 3.141593 0.000000 0.000000
    58 -0.000001 0.000000 0.000000 3.141593 0.000000 -0.000001
    59 0.000000 0.000000 0.000000 3.141593 0.000000 0.000000
    60 0.000010 0.000017 0.000000 3.141593 0.000000 -0.000001
    61 0.000000 0.000004 0.000000 3.141593 0.000000 -0.000001
    62 0.000000 0.000006 0.000000 3.141593 0.000000 -0.000001
    63 0.000001 0.000002 0.000000 3.141593 0.000000 0.000000
    64 0.000000 0.000000 0.000000 -3.141592 0.000000 0.000000
    65 0.000000 0.000000 0.000000 -1.570797 -0.000001 0.000000
    66 0.000000 0.000000 0.000000 0.000000 0.000000 0.000000
    67 1.200000 0.000000 0.000000 0.000000 0.000000 0.000000
    68 0.000009 0.299994 0.000000 0.000000 0.000000 0.174533
    69 -0.000001 -0.000001 -0.000004 0.000000 0.000000 0.000000
    70 -0.000010 0.000000 -0.000003 -3.141592 0.000001 0.000000
    71 0.000000 0.000000 0.000000 0.000001 -0.000001 0.349065
    72 0.000000 -0.000003 0.000000 0.000000 0.000000 0.000000
    73 0.000003 0.000000 0.000000 0.000000 0.000000 0.000000
    74 -0.000010 -0.000006 0.000000 -0.000001 0.000000 0.000000
    75 0.000019 0.000002 0.000000 0.000000 0.000000 0.000000
    76 0.000001 0.000004 0.000000 0.000000 0.000000 -0.000001
    77 0.000000 0.000000 0.000000 0.000000 0.000000 -0.000001
    78 0.000001 -0.000002 0.000000 0.000000 0.000000 -0.000001
    79 0.000000 0.000000 0.000000 0.000000 0.000000 -0.000001
    80 0.000001 0.000008 0.000000 0.000000 0.000000 0.000000
    81 -0.000003 0.000004 0.000000 0.000000 0.000000 0.000000
    82 -0.000007 -0.000008 0.000000 0.000000 0.000000 -0.000001
    83 0.000000 0.000002 -0.000002 -1.570796 0.000000 0.000000
  time 43
    0 -3.864657 -16.740973 -4.320691 -2.861858 -0.041741 -1.359352
    1 -1.187500 -1.036133 0.043274 0.000000 0.000004 0.000000
    2 -1.937500 -1.362305 0.225708 0.000000 0.000002 0.000000
    3 -4.549240 -1.689358 -0.012529 0.000000 0.000000 0.000000
    4 4.331499 0.360595 -0.709097 0.000015 0.000003 0.056022
    5 3.513922 0.962076 -0.004281 0.000004 -0.000001 1.176003
    6 2.855053 0.477292 0.679213 -0.000001 -0.000004 2.896619
    7 1.649902 5.878080 0.032496 -0.000003 0.000002 -1.570796
    8 6.587842 -0.691444 0.025964 -0.000001 -0.000001 1.570796
    9 0.000002 -0.241401 -0.052690 0.000001 0.000001 0.000000
    10 10.620066 1.884898 -0.004843 -1.568531 -0.000002 3.141351
    11 -9.087198 1.359573 -0.008167 -0.000003 0.000002 -1.570796
    12 -0.714966 -22.430342 -7.630199 1.657877 -0.389316 -2.197603
    13 1.473659 0.639418 -1.295234 1.787804 0.684427 0.376884
    14 1.832607 0.000002 -0.000008 3.085070 0.000547 0.015191
    15 1.003335 0.000005 0.000001 -3.043549 -0.020893 0.149864
    16 3.792645 -0.419603 -1.411520 0.313187 -0.167056 0.019969
    17 2.187956 0.000010 0.000000 -0.098875 0.011690 0.229394
    18 1.100960 0.000002 0.000000 0.017493 -0.006338 0.395289
    19 3.987863 -0.577452 -0.474712 0.127195 -0.234001 0.126044
    20 1.890109 -0.000010 -0.000001 0.025584 -0.008116 0.222230
    21 1.310925 0.000000 0.000000 0.067902 -0.001330 0.372522
    22 4.117986 -0.670160 0.453695 0.343240 -0.239445 0.303646
    23 1.655294 0.000008 0.000000 -0.057126 0.009326 0.155692
    24 0.869582 0.000004 0.000000 -0.234416 -0.008617 0.394381
    25 4.123285 -0.616751 1.354863 -0.269196 -0.249457 0.268218
    26 1.157247 -0.000010 -0.000002 0.179136 -0.088008 0.145568
    27 1.019835 -0.000006 0.000000 -1.462745 -0.098077 0.589423
    28 7.406140 -6.039003 -8.901889 -1.439067 0.653257 -1.734753
    29 12.695427 -0.000020 -0.000008 -0.209108 0.296874 -1.535559
    30 -8.277694 -14.908539 -5.102777 1.781102 -0.028903 -1.363193
    31 1.474215 -0.497926 -1.376118 0.979456 0.426216 -0.250748
    32 1.832179 -0.000010 -0.000002 -2.526135 -0.301549 0.609667
    33 1.042025 -0.000004 -0.000009 -2.896901 -0.278839 -0.192682
    34 3.823320 0.664865 -1.331676 0.251052 0.232671 0.142794
    35 2.152367 -0.000001 0.000004 0.062043 -0.001476 0.005920
    36 1.056622 -0.000011 0.000000 0.241003 0.000705 -0.002190
    37 3.985134 0.881805 -0.368986 0.128322 -0.008132 -0.090211
    38 1.830183 0.000015 0.000000 0.063848 -0.073976 -1.510189
    39 1.561352 0.000008 -0.000004 0.027622 -0.015755 -1.357316
    40 4.116518 0.711272 0.551869 0.187923 0.006580 -0.361666
    41 1.752727 0.000006 0.000000 0.026521 0.029549 -1.405331
    42 0.869359 -0.000006 0.000000 0.015642 -0.073487 -0.926076
    43 4.118826 0.331223 1.419829 0.128888 -0.005990 -0.280207
    44 1.176321 0.000006 0.000000 -0.027338 0.139049 -0.923484
    45 0.970199 -0.000002 -0.000004 1.655738 0.044667 -1.487290
    46 -7.606037 1.001330 -4.120493 -2.252912 0.930064 -1.911744
    47 12.706336 -0.000035 -0.000009 -0.285049 0.290610 -1.802672
    48 0.000000 0.000000 -0.000003 0.000000 0.000000 0.000000
    49 1.200000 0.000000 0.000010 0.000000 0.000000 0.000000
    50 0.000010 -0.300000 0.000000 3.141593 0.000000 -0.174533
    51 0.000000 -0.000001 0.000000 0.000000 0.000000 0.000000
    52 -0.000003 0.000000 0.000001 3.141592 0.000000 0.000000
    53 0.000006 0.000000 0.000004 0.000000 0.000000 0.349065
    54 0.000000 0.000000 0.000000 3.141593 0.000000 0.000000
    55 -0.000008 -0.000006 0.000000 3.141593 0.000000 0.000000
    56 0.000002 -0.000002 0.000000 3.141593 0.000000 0.000000
    57 0.000014 -0.000004 0.000000 3.141593 0.000000 0.000000
    58 -0.000001 0.000000 0.000000 3.141593 0.000000 -0.000001
    59 0.000000 0.000000 0.000000 3.141593 0.000000 0.000000
    60 0.000010 0.000017 0.000000 3.141593 0.000000 -0.000001
    61 0.000000 0.000004 0.000000 3.141593 0.000000 -0.000001
    62 0.000000 0.000006 0.000000 3.141593 0.000000 -0.000001
    63 0.000001 0.000002 0.000000 3.141593 0.000000 0.000000
    64 0.000000 0.000000 0.000000 -3.141592 0.000000 0.000000
    65 0.000000 0.000000 0.000000 -1.570797 -0.000001 0.000000
    66 0.000000 0.000000 0.000000 0.000000 0.000000 0.000000
    67 1.200000 0.000000 0.000000 0.000000 0.000000 0.000000
    68 0.000009 0.299994 0.000000 0.000000 0.000000 0.174533
    69 -0.000001 -0.000001 -0.000004 0.000000 0.000000 0.000000
    70 -0.000010 0.000000 -0.000003 -3.141592 0.000001 0.000000
    71 0.000000 0.000000 0.000000 0.000001 -0.000001 0.349065
    72 0.000000 -0.000003 0.000000 0.000000 0.000000 0.000000
    73 0.000003 0.000000 0.000000 0.000000 0.000000 0.000000
    74 -0.000010 -0.000006 0.000000 -0.000001 0.000000 0.000000
    75 0.000019 0.000002 0.000000 0.000000 0.000000 0.000000
    76 0.000001 0.000004 0.000000 0.000000 0.000000 -0.000001
    77 0.000000 0.000000 0.000000 0.000000 0.000000 -0.000001
    78 0.000001 -0.000002 0.000000 0.000000 0.000000 -0.000001
    79 0.000000 0.000000 0.000000 0.000000 0.000000 -0.000001
    80 0.000001 0.000008 0.000000 0.000000 0.000000 0.000000
    81 -0.000003 0.000004 0.000000 0.000000 0.000000 0.000000
    82 -0.000007 -0.000008 0.000000 0.000000 0.000000 -0.000001
    83 0.000000 0.000002 -0.000002 -1.570796 0.000000 0.000000
  time 44
    0 -3.817781 -16.744879 -4.332410 -2.904309 -0.046951 -1.353532
    1 -1.187500 -1.036133 0.043274 0.000000 0.000004 0.000000
    2 -1.937500 -1.362305 0.225708 0.000000 0.000002 0.000000
    3 -4.549240 -1.689358 -0.012529 0.000000 0.000000 0.000000
    4 4.331499 0.360595 -0.709097 0.000015 0.000003 0.056022
    5 3.513922 0.962076 -0.004281 0.000004 -0.000001 1.176003
    6 2.855053 0.477292 0.679213 -0.000001 -0.000004 2.896619
    7 1.649902 5.878080 0.032496 -0.000003 0.000002 -1.570796
    8 6.587842 -0.691444 0.025964 -0.000001 -0.000001 1.570796
    9 0.000002 -0.241401 -0.052690 0.000001 0.000001 0.000000
    10 10.620066 1.884898 -0.004843 -1.568531 -0.000002 3.141351
    11 -9.087198 1.359573 -0.008167 -0.000003 0.000002 -1.570796
    12 -0.441520 -22.313151 -7.388004 1.629317 -0.422839 -2.203905
    13 1.473659 0.639418 -1.295234 1.742788 0.772282 0.367116
    14 1.832607 0.000002 -0.000008 3.084962 -0.000304 0.014115
    15 1.003335 0.000005 0.000001 -3.043908 -0.021360 0.170123
    16 3.792645 -0.407884 -1.411520 0.352330 -0.146064 -0.084565
    17 2.187956 0.000010 0.000000 -0.101643 0.010611 0.197648
    18 1.100960 0.000002 0.000000 0.003639 -0.001880 0.375634
    19 3.987863 -0.577452 -0.474712 0.161867 -0.232659 0.046773
    20 1.890109 -0.000010 -0.000001 0.024552 -0.006247 0.193494
    21 1.310925 0.000000 0.000000 0.052250 0.000228 0.356249
    22 4.117986 -0.670160 0.453695 0.392209 -0.245241 0.203182
    23 1.655294 0.000008 0.000000 -0.057989 0.009493 0.134918
    24 0.869582 0.000004 0.000000 -0.245466 -0.009791 0.366264
    25 4.138911 -0.640189 1.354863 -0.250177 -0.280260 0.187735
    26 1.157247 -0.000010 -0.000002 0.180898 -0.075041 0.124010
    27 1.019835 -0.000006 0.000000 -1.460756 -0.094782 0.581659
    28 7.406140 -6.039003 -8.901889 -1.451822 0.652468 -1.728948
    29 12.695427 -0.000020 -0.000008 -0.215823 0.296946 -1.558412
    30 -8.269881 -14.939790 -4.958241 1.738610 -0.034296 -1.357297
    31 1.474215 -0.497926 -1.376118 0.979456 0.426216 -0.250748
    32 1.832179 -0.000010 -0.000002 -2.526135 -0.301549 0.609667
    33 1.042025 -0.000004 -0.000009 -2.896901 -0.278839 -0.192682
    34 3.823320 0.664865 -1.331676 0.247864 0.236183 0.129203
    35 2.152367 -0.000001 0.000004 0.062055 -0.001476 0.005920
    36 1.056622 -0.000011 0.000000 0.241003 0.000705 -0.002190
    37 3.985134 0.881805 -0.368986 0.128322 -0.008132 -0.090211
    38 1.830183 0.000015 0.000000 0.063848 -0.073976 -1.510189
    39 1.561352 0.000008 -0.000004 0.027622 -0.015755 -1.357316
    40 4.116518 0.711272 0.551869 0.187923 0.006580 -0.361666
    41 1.752727 0.000006 0.000000 0.026521 0.029537 -1.405331
    42 0.869359 -0.000006 0.000000 0.015594 -0.073487 -0.926076
    43 4.118826 0.331223 1.419829 0.128888 -0.005990 -0.280207
    44 1.176321 0.000006 0.000000 -0.027338 0.139049 -0.923530
    45 0.970199 -0.000002 -0.000004 1.655726 0.044655 -1.487290
    46 -7.606037 1.001330 -4.120493 -2.241951 0.921388 -1.902247
    47 12.706336 -0.000035 -0.000009 -0.284359 0.290718 -1.800211
    48 0.000000 0.000000 -0.000003 0.000000 0.000000 0.000000
    49 1.200000 0.000000 0.000010 0.000000 0.000000 0.000000
    50 0.000010 -0.300000 0.000000 3.141593 0.000000 -0.174533
    51 0.000000 -0.000001 0.000000 0.000000 0.000000 0.000000
    52 -0.000003 0.000000 0.000001 3.141592 0.000000 0.000000
    53 0.000006 0.000000 0.000004 0.000000 0.000000 0.349065
    54 0.000000 0.000000 0.000000 3.141593 0.000000 0.000000
    55 -0.000008 -0.000006 0.000000 3.141593 0.000000 0.000000
    56 0.000002 -0.000002 0.000000 3.141593 0.000000 0.000000
    57 0.000014 -0.000004 0.000000 3.141593 0.000000 0.000000
    58 -0.000001 0.000000 0.000000 3.141593 0.000000 -0.000001
    59 0.000000 0.000000 0.000000 3.141593 0.000000 0.000000
    60 0.000010 0.000017 0.000000 3.141593 0.000000 -0.000001
    61 0.000000 0.000004 0.000000 3.141593 0.000000 -0.000001
    62 0.000000 0.000006 0.000000 3.141593 0.000000 -0.000001
    63 0.000001 0.000002 0.000000 3.141593 0.000000 0.000000
    64 0.000000 0.000000 0.000000 -3.141592 0.000000 0.000000
    65 0.000000 0.000000 0.000000 -1.570797 -0.000001 0.000000
    66 0.000000 0.000000 0.000000 0.000000 0.000000 0.000000
    67 1.200000 0.000000 0.000000 0.000000 0.000000 0.000000
    68 0.000009 0.299994 0.000000 0.000000 0.000000 0.174533
    69 -0.000001 -0.000001 -0.000004 0.000000 0.000000 0.000000
    70 -0.000010 0.000000 -0.000003 -3.141592 0.000001 0.000000
    71 0.000000 0.000000 0.000000 0.000001 -0.000001 0.349065
    72 0.000000 -0.000003 0.000000 0.000000 0.000000 0.000000
    73 0.000003 0.000000 0.000000 0.000000 0.000000 0.000000
    74 -0.000010 -0.000006 0.000000 -0.000001 0.000000 0.000000
    75 0.000019 0.000002 0.000000 0.000000 0.000000 0.000000
    76 0.000001 0.000004 0.000000 0.000000 0.000000 -0.000001
    77 0.000000 0.000000 0.000000 0.000000 0.000000 -0.000001
    78 0.000001 -0.000002 0.000000 0.000000 0.000000 -0.000001
    79 0.000000 0.000000 0.000000 0.000000 0.000000 -0.000001
    80 0.000001 0.000008 0.000000 0.000000 0.000000 0.000000
    81 -0.000003 0.000004 0.000000 0.000000 0.000000 0.000000
    82 -0.000007 -0.000008 0.000000 0.000000 0.000000 -0.000001
    83 0.000000 0.000002 -0.000002 -1.570796 0.000000 0.000000
  time 45
    0 -3.770904 -16.748785 -4.332410 -2.941874 -0.052916 -1.348847
    1 -1.187500 -1.036133 0.043274 0.000000 0.000004 0.000000
    2 -1.937500 -1.362305 0.225708 0.000000 0.000002 0.000000
    3 -4.549240 -1.689358 -0.012529 0.000000 0.000000 0.000000
    4 4.331499 0.360595 -0.709097 0.000015 0.000003 0.056022
    5 3.513922 0.962076 -0.004281 0.000004 -0.000001 1.176003
    6 2.855053 0.477292 0.679213 -0.000001 -0.000004 2.896619
    7 1.649902 5.878080 0.032496 -0.000003 0.000002 -1.570796
    8 6.587842 -0.691444 0.025964 -0.000001 -0.000001 1.570796
    9 0.000002 -0.241401 -0.052690 0.000001 0.000001 0.000000
    10 10.620066 1.884898 -0.004843 -1.529186 -0.000002 3.141591
    11 -9.087198 1.359573 -0.008167 -0.000003 0.000002 -1.570796
    12 -0.179794 -22.231117 -7.169247 1.623295 -0.440184 -2.218609
    13 1.473659 0.639418 -1.295234 1.715336 0.833275 0.373929
    14 1.832607 0.000002 -0.000008 3.084866 -0.001071 0.013528
    15 1.003335 0.000005 0.000001 -3.044184 -0.021660 0.186987
    16 3.796551 -0.396165 -1.411520 0.377924 -0.130175 -0.150247
    17 2.187956 0.000010 0.000000 -0.104328 0.009557 0.167854
    18 1.100960 0.000002 0.000000 -0.009232 0.002039 0.357010
    19 3.987863 -0.569639 -0.474712 0.183486 -0.230358 -0.002258
    20 1.890109 -0.000010 -0.000001 0.023520 -0.004329 0.166519
    21 1.310925 0.000000 0.000000 0.037633 0.001559 0.341025
    22 4.117986 -0.658441 0.453695 0.425058 -0.245864 0.141160
    23 1.655294 0.000008 0.000000 -0.058864 0.009757 0.115499
    24 0.869582 0.000004 0.000000 -0.255773 -0.011229 0.340062
    25 4.131098 -0.620657 1.354863 -0.237869 -0.302918 0.138026
    26 1.157247 -0.000010 -0.000002 0.182396 -0.062795 0.103563
    27 1.019835 -0.000006 0.000000 -1.458850 -0.091522 0.574409
    28 7.406140 -6.039003 -8.901889 -1.464577 0.651637 -1.723421
    29 12.695427 -0.000020 -0.000008 -0.221732 0.296946 -1.578497
    30 -8.242537 -14.951509 -4.829331 1.701088 -0.040437 -1.353745
    31 1.474215 -0.497926 -1.376118 0.979456 0.426216 -0.250736
    32 1.832179 -0.000010 -0.000002 -2.526135 -0.301549 0.609667
    33 1.042025 -0.000004 -0.000009 -2.896901 -0.278827 -0.192682
    34 3.823320 0.664865 -1.331676 0.244173 0.240126 0.113144
    35 2.152367 -0.000001 0.000004 0.062043 -0.001476 0.005920
    36 1.056622 -0.000011 0.000000 0.241003 0.000705 -0.002190
    37 3.985134 0.881805 -0.368986 0.128322 -0.008132 -0.090211
    38 1.830183 0.000015 0.000000 0.063848 -0.073976 -1.510189
    39 1.561352 0.000008 -0.000004 0.027622 -0.015755 -1.357316
    40 4.116518 0.711272 0.551869 0.187923 0.006580 -0.361666
    41 1.752727 0.000006 0.000000 0.026509 0.029549 -1.405331
    42 0.869359 -0.000006 0.000000 0.015570 -0.073499 -0.926076
    43 4.118826 0.331223 1.419829 0.128888 -0.005990 -0.280207
    44 1.176321 0.000006 0.000000 -0.027338 0.139049 -0.923530
    45 0.970199 -0.000002 -0.000004 1.655738 0.044655 -1.487290
    46 -7.606037 1.001330 -4.120493 -2.233973 0.913780 -1.894375
    47 12.706336 -0.000035 -0.000009 -0.283799 0.290741 -1.798672
    48 0.000000 0.000000 -0.000003 0.000000 0.000000 0.000000
    49 1.200000 0.000000 0.000010 0.000000 0.000000 0.000000
    50 0.000010 -0.300000 0.000000 3.141593 0.000000 -0.174533
    51 0.000000 -0.000001 0.000000 0.000000 0.000000 0.000000
    52 -0.000003 0.000000 0.000001 3.141592 0.000000 0.000000
    53 0.000006 0.000000 0.000004 0.000000 0.000000 0.349065
    54 0.000000 0.000000 0.000000 3.141593 0.000000 0.000000
    55 -0.000008 -0.000006 0.000000 3.141593 0.000000 0.000000
    56 0.000002 -0.000002 0.000000 3.141593 0.000000 0.000000
    57 0.000014 -0.000004 0.000000 3.141593 0.000000 0.000000
    58 -0.000001 0.000000 0.000000 3.141593 0.000000 -0.000001
    59 0.000000 0.000000 0.000000 3.141593 0.000000 0.000000
    60 0.000010 0.000017 0.000000 3.141593 0.000000 -0.000001
    61 0.000000 0.000004 0.000000 3.141593 0.000000 -0.000001
    62 0.000000 0.000006 0.000000 3.141593 0.000000 -0.000001
    63 0.000001 0.000002 0.000000 3.141593 0.000000 0.000000
    64 0.000000 0.000000 0.000000 -3.141592 0.000000 0.000000
    65 0.000000 0.000000 0.000000 -1.570797 -0.000001 0.000000
    66 0.000000 0.000000 0.000000 0.000000 0.000000 0.000000
    67 1.200000 0.000000 0.000000 0.000000 0.000000 0.000000
    68 0.000009 0.299994 0.000000 0.000000 0.000000 0.174533
    69 -0.000001 -0.000001 -0.000004 0.000000 0.000000 0.000000
    70 -0.000010 0.000000 -0.000003 -3.141592 0.000001 0.000000
    71 0.000000 0.000000 0.000000 0.000001 -0.000001 0.349065
    72 0.000000 -0.000003 0.000000 0.000000 0.000000 0.000000
    73 0.000003 0.000000 0.000000 0.000000 0.000000 0.000000
    74 -0.000010 -0.000006 0.000000 -0.000001 0.000000 0.000000
    75 0.000019 0.000002 0.000000 0.000000 0.000000 0.000000
    76 0.000001 0.000004 0.000000 0.000000 0.000000 -0.000001
    77 0.000000 0.000000 0.000000 0.000000 0.000000 -0.000001
    78 0.000001 -0.000002 0.000000 0.000000 0.000000 -0.000001
    79 0.000000 0.000000 0.000000 0.000000 0.000000 -0.000001
    80 0.000001 0.000008 0.000000 0.000000 0.000000 0.000000
    81 -0.000003 0.000004 0.000000 0.000000 0.000000 0.000000
    82 -0.000007 -0.000008 0.000000 0.000000 0.000000 -0.000001
    83 0.000000 0.000002 -0.000002 -1.570796 0.000000 0.000000
  time 46
    0 -3.720122 -16.756598 -4.344129 -2.973746 -0.059606 -1.347285
    1 -1.187500 -1.036133 0.043274 0.000000 0.000004 0.000000
    2 -1.937500 -1.362305 0.225708 0.000000 0.000002 0.000000
    3 -4.549240 -1.689358 -0.012529 0.000000 0.000000 0.000000
    4 4.331499 0.360595 -0.709097 0.000015 0.000003 0.056022
    5 3.513922 0.962076 -0.004281 0.000004 -0.000001 1.176003
    6 2.855053 0.477292 0.679213 -0.000001 -0.000004 2.896619
    7 1.649902 5.878080 0.032496 -0.000003 0.000002 -1.570796
    8 6.587842 -0.691444 0.025964 -0.000001 -0.000001 1.570796
    9 0.000002 -0.241401 -0.052690 0.000001 0.000001 0.000000
    10 10.620066 1.884898 -0.004843 -1.568531 -0.000002 3.141351
    11 -9.087198 1.359573 -0.008167 -0.000003 0.000002 -1.570796
    12 0.085839 -22.152990 -6.950490 1.644464 -0.432417 -2.245047
    13 1.473659 0.639418 -1.295234 1.699526 0.878510 0.390199
    14 1.832607 0.000002 -0.000008 3.084782 -0.001646 0.013169
    15 1.003335 0.000005 0.000001 -3.044328 -0.021767 0.200286
    16 3.796551 -0.392259 -1.411520 0.390712 -0.122732 -0.175103
    17 2.187956 0.000010 0.000000 -0.106701 0.008346 0.140291
    18 1.100960 0.000002 0.000000 -0.021277 0.005419 0.340163
    19 3.987863 -0.577452 -0.474712 0.191207 -0.229147 -0.018552
    20 1.890109 -0.000010 -0.000001 0.022532 -0.002675 0.141502
    21 1.310925 0.000000 0.000000 0.024079 0.002445 0.326929
    22 4.117986 -0.670160 0.453695 0.440626 -0.244750 0.120626
    23 1.655294 0.000008 0.000000 -0.059679 0.009889 0.097284
    24 0.869582 0.000004 0.000000 -0.265205 -0.012811 0.315856
    25 4.123285 -0.644095 1.354863 -0.234836 -0.317541 0.122954
    26 1.157247 -0.000010 -0.000002 0.183630 -0.051480 0.084783
    27 1.019835 -0.000006 0.000000 -1.457269 -0.088562 0.567674
    28 7.406140 -6.039003 -8.901889 -1.478379 0.649643 -1.718169
    29 12.695427 -0.000020 -0.000008 -0.227104 0.296946 -1.597159
    30 -8.203473 -14.967134 -4.727765 1.669387 -0.047266 -1.352822
    31 1.474215 -0.497926 -1.376118 0.979456 0.426216 -0.250736
    32 1.832179 -0.000010 -0.000002 -2.526135 -0.301549 0.609667
    33 1.042025 -0.000004 -0.000009 -2.896937 -0.278851 -0.192682
    34 3.823320 0.664865 -1.331676 0.239690 0.244332 0.095179
    35 2.152367 -0.000001 0.000004 0.062007 -0.001476 0.005920
    36 1.056622 -0.000011 0.000000 0.241003 0.000705 -0.002178
    37 3.985134 0.881805 -0.368986 0.128322 -0.008132 -0.090211
    38 1.830183 0.000015 0.000000 0.063848 -0.073976 -1.510189
    39 1.561352 0.000008 -0.000004 0.027622 -0.015755 -1.357316
    40 4.116518 0.711272 0.551869 0.187923 0.006580 -0.361666
    41 1.752727 0.000006 0.000000 0.026521 0.029537 -1.405331
    42 0.869359 -0.000006 0.000000 0.015642 -0.073487 -0.926054
    43 4.118826 0.331223 1.419829 0.128888 -0.005990 -0.280207
    44 1.176321 0.000006 0.000000 -0.027338 0.139037 -0.923530
    45 0.970199 -0.000002 -0.000004 1.655738 0.044655 -1.487290
    46 -7.606037 1.001330 -4.120493 -2.229186 0.907707 -1.888127
    47 12.706336 -0.000035 -0.000009 -0.283721 0.290777 -1.798119
    48 0.000000 0.000000 -0.000003 0.000000 0.000000 0.000000
    49 1.200000 0.000000 0.000010 0.000000 0.000000 0.000000
    50 0.000010 -0.300000 0.000000 3.141593 0.000000 -0.174533
    51 0.000000 -0.000001 0.000000 0.000000 0.000000 0.000000
    52 -0.000003 0.000000 0.000001 3.141592 0.000000 0.000000
    53 0.000006 0.000000 0.000004 0.000000 0.000000 0.349065
    54 0.000000 0.000000 0.000000 3.141593 0.000000 0.000000
    55 -0.000008 -0.000006 0.000000 3.141593 0.000000 0.000000
    56 0.000002 -0.000002 0.000000 3.141593 0.000000 0.000000
    57 0.000014 -0.000004 0.000000 3.141593 0.000000 0.000000
    58 -0.000001 0.000000 0.000000 3.141593 0.000000 -0.000001
    59 0.000000 0.000000 0.000000 3.141593 0.000000 0.000000
    60 0.000010 0.000017 0.000000 3.141593 0.000000 -0.000001
    61 0.000000 0.000004 0.000000 3.141593 0.000000 -0.000001
    62 0.000000 0.000006 0.000000 3.141593 0.000000 -0.000001
    63 0.000001 0.000002 0.000000 3.141593 0.000000 0.000000
    64 0.000000 0.000000 0.000000 -3.141592 0.000000 0.000000
    65 0.000000 0.000000 0.000000 -1.570797 -0.000001 0.000000
    66 0.000000 0.000000 0.000000 0.000000 0.000000 0.000000
    67 1.200000 0.000000 0.000000 0.000000 0.000000 0.000000
    68 0.000009 0.299994 0.000000 0.000000 0.000000 0.174533
    69 -0.000001 -0.000001 -0.000004 0.000000 0.000000 0.000000
    70 -0.000010 0.000000 -0.000003 -3.141592 0.000001 0.000000
    71 0.000000 0.000000 0.000000 0.000001 -0.000001 0.349065
    72 0.000000 -0.000003 0.000000 0.000000 0.000000 0.000000
    73 0.000003 0.000000 0.000000 0.000000 0.000000 0.000000
    74 -0.000010 -0.000006 0.000000 -0.000001 0.000000 0.000000
    75 0.000019 0.000002 0.000000 0.000000 0.000000 0.000000
    76 0.000001 0.000004 0.000000 0.000000 0.000000 -0.000001
    77 0.000000 0.000000 0.000000 0.000000 0.000000 -0.000001
    78 0.000001 -0.000002 0.000000 0.000000 0.000000 -0.000001
    79 0.000000 0.000000 0.000000 0.000000 0.000000 -0.000001
    80 0.000001 0.000008 0.000000 0.000000 0.000000 0.000000
    81 -0.000003 0.000004 0.000000 0.000000 0.000000 0.000000
    82 -0.000007 -0.000008 0.000000 0.000000 0.000000 -0.000001
    83 0.000000 0.000002 -0.000002 -1.570796 0.000000 0.000000
  time 47
    0 -3.669339 -16.764411 -4.344129 -2.998849 -0.066674 -1.347924
    1 -1.187500 -1.036133 0.043274 0.000000 0.000004 0.000000
    2 -1.937500 -1.362305 0.225708 0.000000 0.000002 0.000000
    3 -4.549240 -1.689358 -0.012529 0.000000 0.000000 0.000000
    4 4.331499 0.360595 -0.709097 0.000015 0.000003 0.056022
    5 3.513922 0.962076 -0.004281 0.000004 -0.000001 1.176003
    6 2.855053 0.477292 0.679213 -0.000001 -0.000004 2.896619
    7 1.649902 5.878080 0.032496 -0.000003 0.000002 -1.570796
    8 6.587842 -0.691444 0.025964 -0.000001 -0.000001 1.570796
    9 0.000002 -0.241401 -0.052690 0.000001 0.000001 0.000000
    10 10.620066 1.884898 -0.004843 -1.529186 -0.000002 3.141591
    11 -9.087198 1.359573 -0.008167 -0.000003 0.000002 -1.570796
    12 0.308502 -22.102207 -6.762985 1.680050 -0.409800 -2.273803
    13 1.473659 0.639418 -1.295234 1.685843 0.895798 0.396505
    14 1.832607 0.000002 -0.000008 3.084734 -0.001933 0.012941
    15 1.003335 0.000005 0.000001 -3.044411 -0.021935 0.209847
    16 3.780925 -0.388352 -1.411520 0.397115 -0.118333 -0.179077
    17 2.187956 0.000010 0.000000 -0.108918 0.007376 0.114634
    18 1.100960 0.000002 0.000000 -0.032267 0.008403 0.324560
    19 3.987863 -0.573545 -0.474712 0.191597 -0.228428 -0.015593
    20 1.890109 -0.000010 -0.000001 0.021574 -0.001165 0.118325
    21 1.310925 0.000000 0.000000 0.011815 0.003093 0.313995
    22 4.117986 -0.654534 0.445882 0.446056 -0.242994 0.125720
    23 1.655294 0.000008 0.000000 -0.060446 0.009997 0.080800
    24 0.869582 0.000004 0.000000 -0.273774 -0.014453 0.293784
    25 4.127192 -0.644095 1.354863 -0.239714 -0.328139 0.134016
    26 1.157247 -0.000010 -0.000002 0.184481 -0.041122 0.067411
    27 1.019835 -0.000006 0.000000 -1.455711 -0.085685 0.561516
    28 7.406140 -6.039003 -8.901889 -1.490277 0.646735 -1.714207
    29 12.695427 -0.000020 -0.000008 -0.230881 0.296826 -1.610207
    30 -8.160503 -14.971041 -4.649638 1.644223 -0.054446 -1.353532
    31 1.474215 -0.497926 -1.376118 0.979456 0.426216 -0.250736
    32 1.832179 -0.000010 -0.000002 -2.526135 -0.301549 0.609667
    33 1.042025 -0.000004 -0.000009 -2.896901 -0.278827 -0.192682
    34 3.823320 0.664865 -1.331676 0.234956 0.248874 0.075908
    35 2.152367 -0.000001 0.000004 0.062007 -0.001476 0.005920
    36 1.056622 -0.000011 0.000000 0.241003 0.000705 -0.002190
    37 3.985134 0.881805 -0.368986 0.128322 -0.008132 -0.090211
    38 1.830183 0.000015 0.000000 0.063848 -0.073976 -1.510189
    39 1.561352 0.000008 -0.000004 0.027622 -0.015755 -1.357316
    40 4.116518 0.711272 0.551869 0.187923 0.006580 -0.361666
    41 1.752727 0.000006 0.000000 0.026521 0.029537 -1.405331
    42 0.869359 -0.000006 0.000000 0.015582 -0.073499 -0.926054
    43 4.118826 0.331223 1.419829 0.128888 -0.005990 -0.280207
    44 1.176321 0.000006 0.000000 -0.027338 0.139049 -0.923530
    45 0.970199 -0.000002 -0.000004 1.655738 0.044655 -1.487290
    46 -7.606037 1.001330 -4.120493 -2.226897 0.903202 -1.883691
    47 12.706336 -0.000035 -0.000009 -0.283747 0.290765 -1.798242
    48 0.000000 0.000000 -0.000003 0.000000 0.000000 0.000000
    49 1.200000 0.000000 0.000010 0.000000 0.000000 0.000000
    50 0.000010 -0.300000 0.000000 3.141593 0.000000 -0.174533
    51 0.000000 -0.000001 0.000000 0.000000 0.000000 0.000000
    52 -0.000003 0.000000 0.000001 3.141592 0.000000 0.000000
    53 0.000006 0.000000 0.000004 0.000000 0.000000 0.349065
    54 0.000000 0.000000 0.000000 3.141593 0.000000 0.000000
    55 -0.000008 -0.000006 0.000000 3.141593 0.000000 0.000000
    56 0.000002 -0.000002 0.000000 3.141593 0.000000 0.000000
    57 0.000014 -0.000004 0.000000 3.141593 0.000000 0.000000
    58 -0.000001 0.000000 0.000000 3.141593 0.000000 -0.000001
    59 0.000000 0.000000 0.000000 3.141593 0.000000 0.000000
    60 0.000010 0.000017 0.000000 3.141593 0.000000 -0.000001
    61 0.000000 0.000004 0.000000 3.141593 0.000000 -0.000001
    62 0.000000 0.000006 0.000000 3.141593 0.000000 -0.000001
    63 0.000001 0.000002 0.000000 3.141593 0.000000 0.000000
    64 0.000000 0.000000 0.000000 -3.141592 0.000000 0.000000
    65 0.000000 0.000000 0.000000 -1.570797 -0.000001 0.000000
    66 0.000000 0.000000 0.000000 0.000000 0.000000 0.000000
    67 1.200000 0.000000 0.000000 0.000000 0.000000 0.000000
    68 0.000009 0.299994 0.000000 0.000000 0.000000 0.174533
    69 -0.000001 -0.000001 -0.000004 0.000000 0.000000 0.000000
    70 -0.000010 0.000000 -0.000003 -3.141592 0.000001 0.000000
    71 0.000000 0.000000 0.000000 0.000001 -0.000001 0.349065
    72 0.000000 -0.000003 0.000000 0.000000 0.000000 0.000000
    73 0.000003 0.000000 0.000000 0.000000 0.000000 0.000000
    74 -0.000010 -0.000006 0.000000 -0.000001 0.000000 0.000000
    75 0.000019 0.000002 0.000000 0.000000 0.000000 0.000000
    76 0.000001 0.000004 0.000000 0.000000 0.000000 -0.000001
    77 0.000000 0.000000 0.000000 0.000000 0.000000 -0.000001
    78 0.000001 -0.000002 0.000000 0.000000 0.000000 -0.000001
    79 0.000000 0.000000 0.000000 0.000000 0.000000 -0.000001
    80 0.000001 0.000008 0.000000 0.000000 0.000000 0.000000
    81 -0.000003 0.000004 0.000000 0.000000 0.000000 0.000000
    82 -0.000007 -0.000008 0.000000 0.000000 0.000000 -0.000001
    83 0.000000 0.000002 -0.000002 -1.570796 0.000000 0.000000
  time 48
    0 -3.626369 -16.772224 -4.344129 -3.017183 -0.073515 -1.350408
    1 -1.187500 -1.036133 0.043274 0.000000 0.000004 0.000000
    2 -1.937500 -1.362305 0.225708 0.000000 0.000002 0.000000
    3 -4.549240 -1.689358 -0.012529 0.000000 0.000000 0.000000
    4 4.331499 0.360595 -0.709097 0.000015 0.000003 0.056022
    5 3.513922 0.962076 -0.004281 0.000004 -0.000001 1.176003
    6 2.855053 0.477292 0.679213 -0.000001 -0.000004 2.896619
    7 1.649902 5.878080 0.032496 -0.000003 0.000002 -1.570796
    8 6.587842 -0.691444 0.025964 -0.000001 -0.000001 1.570796
    9 0.000002 -0.241401 -0.052690 0.000001 0.000001 0.000000
    10 10.620066 1.884898 -0.004843 -1.529186 -0.000002 3.141591
    11 -9.087198 1.359573 -0.008167 -0.000003 0.000002 -1.570796
    12 0.441319 -22.094394 -6.641887 1.709066 -0.391650 -2.294809
    13 1.473659 0.639418 -1.295234 1.674546 0.887524 0.395632
    14 1.832607 0.000002 -0.000008 3.084710 -0.002197 0.012941
    15 1.003335 0.000005 0.000001 -3.044603 -0.022091 0.215562
    16 3.780925 -0.392259 -1.411520 0.402590 -0.110714 -0.181348
    17 2.187956 0.000010 0.000000 -0.110763 0.006201 0.091394
    18 1.100960 0.000002 0.000000 -0.042310 0.010872 0.310236
    19 3.987863 -0.577452 -0.474712 0.191272 -0.226679 -0.006327
    20 1.890109 -0.000010 -0.000001 0.020660 0.000189 0.097184
    21 1.310925 0.000000 0.000000 0.000629 0.003392 0.302319
    22 4.117986 -0.666253 0.453695 0.448177 -0.240540 0.141160
    23 1.655294 0.000008 0.000000 -0.061153 0.010069 0.066010
    24 0.869582 0.000004 0.000000 -0.281468 -0.016143 0.273900
    25 4.123285 -0.644095 1.354863 -0.250392 -0.337762 0.163678
    26 1.157247 -0.000010 -0.000002 0.185056 -0.031708 0.051853
    27 1.019835 -0.000006 0.000000 -1.454212 -0.083240 0.555935
    28 7.406140 -6.039003 -8.901889 -1.498368 0.643827 -1.712181
    29 12.695427 -0.000020 -0.000008 -0.232459 0.296766 -1.615505
    30 -8.113627 -14.967134 -4.598855 1.626089 -0.061443 -1.356658
    31 1.474215 -0.497926 -1.376118 0.979444 0.426216 -0.250748
    32 1.832179 -0.000010 -0.000002 -2.526135 -0.301549 0.609667
    33 1.042025 -0.000004 -0.000009 -2.896901 -0.278827 -0.192682
    34 3.823320 0.664865 -1.331676 0.230139 0.253536 0.056277
    35 2.152367 -0.000001 0.000004 0.062031 -0.001476 0.005920
    36 1.056622 -0.000011 0.000000 0.241003 0.000705 -0.002190
    37 3.985134 0.881805 -0.368986 0.128322 -0.008132 -0.090211
    38 1.830183 0.000015 0.000000 0.063848 -0.073976 -1.510189
    39 1.561352 0.000008 -0.000004 0.027622 -0.015755 -1.357316
    40 4.116518 0.711272 0.551869 0.187923 0.006580 -0.361666
    41 1.752727 0.000006 0.000000 0.026509 0.029537 -1.405331
    42 0.869359 -0.000006 0.000000 0.015630 -0.073487 -0.926076
    43 4.118826 0.331223 1.419829 0.128888 -0.005990 -0.280207
    44 1.176321 0.000006 0.000000 -0.027338 0.139049 -0.923484
    45 0.970199 -0.000002 -0.000004 1.655726 0.044667 -1.487290
    46 -7.606037 1.001330 -4.120493 -2.226897 0.900132 -1.880692
    47 12.706336 -0.000035 -0.000009 -0.283877 0.290718 -1.798918
    48 0.000000 0.000000 -0.000003 0.000000 0.000000 0.000000
    49 1.200000 0.000000 0.000010 0.000000 0.000000 0.000000
    50 0.000010 -0.300000 0.000000 3.141593 0.000000 -0.174533
    51 0.000000 -0.000001 0.000000 0.000000 0.000000 0.000000
    52 -0.000003 0.000000 0.000001 3.141592 0.000000 0.000000
    53 0.000006 0.000000 0.000004 0.000000 0.000000 0.349065
    54 0.000000 0.000000 0.000000 3.141593 0.000000 0.000000
    55 -0.000008 -0.000006 0.000000 3.141593 0.000000 0.000000
    56 0.000002 -0.000002 0.000000 3.141593 0.000000 0.000000
    57 0.000014 -0.000004 0.000000 3.141593 0.000000 0.000000
    58 -0.000001 0.000000 0.000000 3.141593 0.000000 -0.000001
    59 0.000000 0.000000 0.000000 3.141593 0.000000 0.000000
    60 0.000010 0.000017 0.000000 3.141593 0.000000 -0.000001
    61 0.000000 0.000004 0.000000 3.141593 0.000000 -0.000001
    62 0.000000 0.000006 0.000000 3.141593 0.000000 -0.000001
    63 0.000001 0.000002 0.000000 3.141593 0.000000 0.000000
    64 0.000000 0.000000 0.000000 -3.141592 0.000000 0.000000
    65 0.000000 0.000000 0.000000 -1.570797 -0.000001 0.000000
    66 0.000000 0.000000 0.000000 0.000000 0.000000 0.000000
    67 1.200000 0.000000 0.000000 0.000000 0.000000 0.000000
    68 0.000009 0.299994 0.000000 0.000000 0.000000 0.174533
    69 -0.000001 -0.000001 -0.000004 0.000000 0.000000 0.000000
    70 -0.000010 0.000000 -0.000003 -3.141592 0.000001 0.000000
    71 0.000000 0.000000 0.000000 0.000001 -0.000001 0.349065
    72 0.000000 -0.000003 0.000000 0.000000 0.000000 0.000000
    73 0.000003 0.000000 0.000000 0.000000 0.000000 0.000000
    74 -0.000010 -0.000006 0.000000 -0.000001 0.000000 0.000000
    75 0.000019 0.000002 0.000000 0.000000 0.000000 0.000000
    76 0.000001 0.000004 0.000000 0.000000 0.000000 -0.000001
    77 0.000000 0.000000 0.000000 0.000000 0.000000 -0.000001
    78 0.000001 -0.000002 0.000000 0.000000 0.000000 -0.000001
    79 0.000000 0.000000 0.000000 0.000000 0.000000 -0.000001
    80 0.000001 0.000008 0.000000 0.000000 0.000000 0.000000
    81 -0.000003 0.000004 0.000000 0.000000 0.000000 0.000000
    82 -0.000007 -0.000008 0.000000 0.000000 0.000000 -0.000001
    83 0.000000 0.000002 -0.000002 -1.570796 0.000000 0.000000
  time 49
    0 -3.583399 -16.780036 -4.351942 -3.029062 -0.079465 -1.353887
    1 -1.187500 -1.036133 0.043274 0.000000 0.000004 0.000000
    2 -1.937500 -1.362305 0.225708 0.000000 0.000002 0.000000
    3 -4.549240 -1.689358 -0.012529 0.000000 0.000000 0.000000
    4 4.331499 0.360595 -0.709097 0.000015 0.000003 0.056022
    5 3.513922 0.962076 -0.004281 0.000004 -0.000001 1.176003
    6 2.855053 0.477292 0.679213 -0.000001 -0.000004 2.896619
    7 1.649902 5.878080 0.032496 -0.000003 0.000002 -1.570796
    8 6.587842 -0.691444 0.025964 -0.000001 -0.000001 1.570796
    9 0.000002 -0.241401 -0.052690 0.000001 0.000001 0.000000
    10 10.620066 1.884898 -0.004843 -1.529186 -0.000002 3.141591
    11 -9.087198 1.359573 -0.008167 -0.000003 0.000002 -1.570796
    12 0.484289 -22.121739 -6.606730 1.718738 -0.391529 -2.303863
    13 1.473659 0.639418 -1.295234 1.667216 0.867078 0.395041
    14 1.832607 0.000002 -0.000008 3.084698 -0.002353 0.012941
    15 1.003335 0.000005 0.000001 -3.044639 -0.022055 0.217493
    16 3.769206 -0.396165 -1.411520 0.407026 -0.100139 -0.181891
    17 2.187956 0.000010 0.000000 -0.112633 0.005218 0.070385
    18 1.100960 0.000002 0.000000 -0.051286 0.013029 0.297512
    19 3.987863 -0.577452 -0.474712 0.190183 -0.223658 0.008784
    20 1.890109 -0.000010 -0.000001 0.019805 0.001279 0.078000
    21 1.310925 0.000000 0.000000 -0.009352 0.003776 0.291916
    22 4.117986 -0.674066 0.453695 0.446846 -0.237500 0.166053
    23 1.655294 0.000008 0.000000 -0.061824 0.010105 0.052650
    24 0.869582 0.000004 0.000000 -0.288155 -0.017713 0.256204
    25 4.123285 -0.663627 1.354863 -0.266656 -0.345671 0.210931
    26 1.157247 -0.000010 -0.000002 0.185452 -0.023343 0.038333
    27 1.019835 -0.000006 0.000000 -1.453038 -0.080939 0.550972
    28 7.406140 -6.039003 -8.901889 -1.501890 0.641542 -1.711996
    29 12.695427 -0.000020 -0.000008 -0.231989 0.296790 -1.613844
    30 -8.066750 -14.951509 -4.567604 1.614313 -0.067462 -1.359144
    31 1.474215 -0.497926 -1.376118 0.979456 0.426216 -0.250748
    32 1.832179 -0.000010 -0.000002 -2.526135 -0.301549 0.609667
    33 1.042025 -0.000004 -0.000009 -2.896901 -0.278839 -0.192682
    34 3.823320 0.664865 -1.331676 0.225093 0.257767 0.036970
    35 2.152367 -0.000001 0.000004 0.062007 -0.001476 0.005920
    36 1.056622 -0.000011 0.000000 0.241003 0.000705 -0.002190
    37 3.985134 0.881805 -0.368986 0.128322 -0.008132 -0.090211
    38 1.830183 0.000015 0.000000 0.063848 -0.073976 -1.510189
    39 1.561352 0.000008 -0.000004 0.027622 -0.015755 -1.357316
    40 4.116518 0.711272 0.551869 0.187923 0.006580 -0.361666
    41 1.752727 0.000006 0.000000 0.026521 0.029537 -1.405331
    42 0.869359 -0.000006 0.000000 0.015642 -0.073487 -0.926076
    43 4.118826 0.331223 1.419829 0.128888 -0.005990 -0.280207
    44 1.176321 0.000006 0.000000 -0.027338 0.139037 -0.923530
    45 0.970199 -0.000002 -0.000004 1.655738 0.044655 -1.487290
    46 -7.606037 1.001330 -4.120493 -2.228562 0.898597 -1.879068
    47 12.706336 -0.000035 -0.000009 -0.284281 0.290718 -1.799841
    48 0.000000 0.000000 -0.000003 0.000000 0.000000 0.000000
    49 1.200000 0.000000 0.000010 0.000000 0.000000 0.000000
    50 0.000010 -0.300000 0.000000 3.141593 0.000000 -0.174533
    51 0.000000 -0.000001 0.000000 0.000000 0.000000 0.000000
    52 -0.000003 0.000000 0.000001 3.141592 0.000000 0.000000
    53 0.000006 0.000000 0.000004 0.000000 0.000000 0.349065
    54 0.000000 0.000000 0.000000 3.141593 0.000000 0.000000
    55 -0.000008 -0.000006 0.000000 3.141593 0.000000 0.000000
    56 0.000002 -0.000002 0.000000 3.141593 0.000000 0.000000
    57 0.000014 -0.000004 0.000000 3.141593 0.000000 0.000000
    58 -0.000001 0.000000 0.000000 3.141593 0.000000 -0.000001
    59 0.000000 0.000000 0.000000 3.141593 0.000000 0.000000
    60 0.000010 0.000017 0.000000 3.141593 0.000000 -0.000001
    61 0.000000 0.000004 0.000000 3.141593 0.000000 -0.000001
    62 0.000000 0.000006 0.000000 3.141593 0.000000 -0.000001
    63 0.000001 0.000002 0.000000 3.141593 0.000000 0.000000
    64 0.000000 0.000000 0.000000 -3.141592 0.000000 0.000000
    65 0.000000 0.000000 0.000000 -1.570797 -0.000001 0.000000
    66 0.000000 0.000000 0.000000 0.000000 0.000000 0.000000
    67 1.200000 0.000000 0.000000 0.000000 0.000000 0.000000
    68 0.000009 0.299994 0.000000 0.000000 0.000000 0.174533
    69 -0.000001 -0.000001 -0.000004 0.000000 0.000000 0.000000
    70 -0.000010 0.000000 -0.000003 -3.141592 0.000001 0.000000
    71 0.000000 0.000000 0.000000 0.000001 -0.000001 0.349065
    72 0.000000 -0.000003 0.000000 0.000000 0.000000 0.000000
    73 0.000003 0.000000 0.000000 0.000000 0.000000 0.000000
    74 -0.000010 -0.000006 0.000000 -0.000001 0.000000 0.000000
    75 0.000019 0.000002 0.000000 0.000000 0.000000 0.000000
    76 0.000001 0.000004 0.000000 0.000000 0.000000 -0.000001
    77 0.000000 0.000000 0.000000 0.000000 0.000000 -0.000001
    78 0.000001 -0.000002 0.000000 0.000000 0.000000 -0.000001
    79 0.000000 0.000000 0.000000 0.000000 0.000000 -0.000001
    80 0.000001 0.000008 0.000000 0.000000 0.000000 0.000000
    81 -0.000003 0.000004 0.000000 0.000000 0.000000 0.000000
    82 -0.000007 -0.000008 0.000000 0.000000 0.000000 -0.000001
    83 0.000000 0.000002 -0.000002 -1.570796 0.000000 0.000000
  time 50
    0 -3.548241 -16.787849 -4.351942 -3.035831 -0.083950 -1.356087
    1 -1.187500 -1.036133 0.043274 0.000000 0.000004 0.000000
    2 -1.937500 -1.362305 0.225708 0.000000 0.000002 0.000000
    3 -4.549240 -1.689358 -0.012529 0.000000 0.000000 0.000000
    4 4.331499 0.360595 -0.709097 0.000015 0.000003 0.056022
    5 3.513922 0.962076 -0.004281 0.000004 -0.000001 1.176003
    6 2.855053 0.477292 0.679213 -0.000001 -0.000004 2.896619
    7 1.649902 5.878080 0.032496 -0.000003 0.000002 -1.570796
    8 6.587842 -0.691444 0.025964 -0.000001 -0.000001 1.570796
    9 0.000002 -0.241401 -0.052690 0.000001 0.000001 0.000000
    10 10.620066 1.884898 -0.004843 -1.529186 -0.000002 3.141591
    11 -9.087198 1.359573 -0.008167 -0.000003 0.000002 -1.570796
    12 0.484289 -22.152990 -6.598917 1.718738 -0.399578 -2.307195
    13 1.473659 0.639418 -1.295234 1.664140 0.841664 0.394816
    14 1.832607 0.000002 -0.000008 3.084698 -0.002353 0.012941
    15 1.003335 0.000005 0.000001 -3.044423 -0.021660 0.213055
    16 3.769206 -0.388352 -1.411520 0.410441 -0.087294 -0.180780
    17 2.187956 0.000010 0.000000 -0.114155 0.004391 0.051839
    18 1.100960 0.000002 0.000000 -0.059136 0.014755 0.286708
    19 3.987863 -0.577452 -0.474712 0.188590 -0.219859 0.028685
    20 1.890109 -0.000010 -0.000001 0.019053 0.002346 0.061048
    21 1.310925 0.000000 0.000000 -0.017972 0.003896 0.282852
    22 4.117986 -0.674066 0.453695 0.442916 -0.233781 0.198692
    23 1.655294 0.000008 0.000000 -0.062460 0.010105 0.041096
    24 0.869582 0.000004 0.000000 -0.294160 -0.019199 0.240805
    25 4.115473 -0.659721 1.354863 -0.287293 -0.351143 0.272017
    26 1.157247 -0.000010 -0.000002 0.185715 -0.016040 0.026035
    27 1.019835 -0.000006 0.000000 -1.451923 -0.079046 0.546626
    28 7.406140 -6.039003 -8.901889 -1.503127 0.640005 -1.712273
    29 12.695427 -0.000020 -0.000008 -0.231049 0.296826 -1.610681
    30 -8.023780 -14.943696 -4.551979 1.607507 -0.071984 -1.362199
    31 1.474215 -0.497926 -1.376118 0.979456 0.426216 -0.250736
    32 1.832179 -0.000010 -0.000002 -2.526135 -0.301549 0.609667
    33 1.042025 -0.000004 -0.000009 -2.896901 -0.278851 -0.192682
    34 3.823320 0.664865 -1.331676 0.220383 0.261878 0.018837
    35 2.152367 -0.000001 0.000004 0.062007 -0.001476 0.005920
    36 1.056622 -0.000011 0.000000 0.241003 0.000705 -0.002190
    37 3.985134 0.881805 -0.368986 0.128322 -0.008132 -0.090211
    38 1.830183 0.000015 0.000000 0.063848 -0.073976 -1.510189
    39 1.561352 0.000008 -0.000004 0.027622 -0.015755 -1.357283
    40 4.116518 0.711272 0.551869 0.187923 0.006580 -0.361666
    41 1.752727 0.000006 0.000000 0.026509 0.029537 -1.405331
    42 0.869359 -0.000006 0.000000 0.015618 -0.073487 -0.926076
    43 4.118826 0.331223 1.419829 0.128888 -0.005990 -0.280207
    44 1.176321 0.000006 0.000000 -0.027338 0.139049 -0.923484
    45 0.970199 -0.000002 -0.000004 1.655726 0.044655 -1.487290
    46 -7.606037 1.001330 -4.120493 -2.230504 0.897696 -1.878193
    47 12.706336 -0.000035 -0.000009 -0.284437 0.290718 -1.800764
    48 0.000000 0.000000 -0.000003 0.000000 0.000000 0.000000
    49 1.200000 0.000000 0.000010 0.000000 0.000000 0.000000
    50 0.000010 -0.300000 0.000000 3.141593 0.000000 -0.174533
    51 0.000000 -0.000001 0.000000 0.000000 0.000000 0.000000
    52 -0.000003 0.000000 0.000001 3.141592 0.000000 0.000000
    53 0.000006 0.000000 0.000004 0.000000 0.000000 0.349065
    54 0.000000 0.000000 0.000000 3.141593 0.000000 0.000000
    55 -0.000008 -0.000006 0.000000 3.141593 0.000000 0.000000
    56 0.000002 -0.000002 0.000000 3.141593 0.000000 0.000000
    57 0.000014 -0.000004 0.000000 3.141593 0.000000 0.000000
    58 -0.000001 0.000000 0.000000 3.141593 0.000000 -0.000001
    59 0.000000 0.000000 0.000000 3.141593 0.000000 0.000000
    60 0.000010 0.000017 0.000000 3.141593 0.000000 -0.000001
    61 0.000000 0.000004 0.000000 3.141593 0.000000 -0.000001
    62 0.000000 0.000006 0.000000 3.141593 0.000000 -0.000001
    63 0.000001 0.000002 0.000000 3.141593 0.000000 0.000000
    64 0.000000 0.000000 0.000000 -3.141592 0.000000 0.000000
    65 0.000000 0.000000 0.000000 -1.570797 -0.000001 0.000000
    66 0.000000 0.000000 0.000000 0.000000 0.000000 0.000000
    67 1.200000 0.000000 0.000000 0.000000 0.000000 0.000000
    68 0.000009 0.299994 0.000000 0.000000 0.000000 0.174533
    69 -0.000001 -0.000001 -0.000004 0.000000 0.000000 0.000000
    70 -0.000010 0.000000 -0.000003 -3.141592 0.000001 0.000000
    71 0.000000 0.000000 0.000000 0.000001 -0.000001 0.349065
    72 0.000000 -0.000003 0.000000 0.000000 0.000000 0.000000
    73 0.000003 0.000000 0.000000 0.000000 0.000000 0.000000
    74 -0.000010 -0.000006 0.000000 -0.000001 0.000000 0.000000
    75 0.000019 0.000002 0.000000 0.000000 0.000000 0.000000
    76 0.000001 0.000004 0.000000 0.000000 0.000000 -0.000001
    77 0.000000 0.000000 0.000000 0.000000 0.000000 -0.000001
    78 0.000001 -0.000002 0.000000 0.000000 0.000000 -0.000001
    79 0.000000 0.000000 0.000000 0.000000 0.000000 -0.000001
    80 0.000001 0.000008 0.000000 0.000000 0.000000 0.000000
    81 -0.000003 0.000004 0.000000 0.000000 0.000000 0.000000
    82 -0.000007 -0.000008 0.000000 0.000000 0.000000 -0.000001
    83 0.000000 0.000002 -0.000002 -1.570796 0.000000 0.000000
  time 51
    0 -3.520897 -16.791755 -4.351942 -3.038745 -0.086653 -1.358003
    1 -1.187500 -1.036133 0.043274 0.000000 0.000004 0.000000
    2 -1.937500 -1.362305 0.225708 0.000000 0.000002 0.000000
    3 -4.549240 -1.689358 -0.012529 0.000000 0.000000 0.000000
    4 4.331499 0.360595 -0.709097 0.000015 0.000003 0.056022
    5 3.513922 0.962076 -0.004281 0.000004 -0.000001 1.176003
    6 2.855053 0.477292 0.679213 -0.000001 -0.000004 2.896619
    7 1.649902 5.878080 0.032496 -0.000003 0.000002 -1.570796
    8 6.587842 -0.691444 0.025964 -0.000001 -0.000001 1.570796
    9 0.000002 -0.241401 -0.052690 0.000001 0.000001 0.000000
    10 10.620066 1.884898 -0.004843 -1.529186 -0.000002 3.141591
    11 -9.087198 1.359573 -0.008167 -0.000003 0.000002 -1.570796
    12 0.499915 -22.176428 -6.591104 1.719103 -0.403683 -2.309730
    13 1.473659 0.639418 -1.295234 1.663680 0.822073 0.394675
    14 1.832607 0.000002 -0.000008 3.084698 -0.002365 0.012941
    15 1.003335 0.000005 0.000001 -3.044268 -0.020269 0.200068
    16 3.769206 -0.392259 -1.411520 0.412798 -0.073305 -0.178386
    17 2.187956 0.000010 0.000000 -0.115366 0.003600 0.035757
    18 1.100960 0.000002 0.000000 -0.065704 0.016205 0.277360
    19 3.987863 -0.577452 -0.474712 0.186640 -0.215677 0.051064
    20 1.890109 -0.000010 -0.000001 0.018375 0.003341 0.046445
    21 1.310925 0.000000 0.000000 -0.025401 0.003932 0.275127
    22 4.117986 -0.677973 0.453695 0.436767 -0.229835 0.235716
    23 1.655294 0.000008 0.000000 -0.062819 0.010105 0.031048
    24 0.869582 0.000004 0.000000 -0.299061 -0.020529 0.227759
    25 4.115473 -0.659721 1.354863 -0.310315 -0.353470 0.340934
    26 1.157247 -0.000010 -0.000002 0.185979 -0.009891 0.016034
    27 1.019835 -0.000006 0.000000 -1.451072 -0.077296 0.542919
    28 7.406140 -6.039003 -8.901889 -1.504460 0.639091 -1.712181
    29 12.695427 -0.000020 -0.000008 -0.230495 0.296838 -1.608783
    30 -7.992529 -14.943696 -4.555885 1.604507 -0.074688 -1.364117
    31 1.474215 -0.497926 -1.376118 0.979456 0.426216 -0.250736
    32 1.832179 -0.000010 -0.000002 -2.526135 -0.301549 0.609667
    33 1.042025 -0.000004 -0.000009 -2.896901 -0.278839 -0.192682
    34 3.823320 0.664865 -1.331676 0.216237 0.265269 0.002706
    35 2.152367 -0.000001 0.000004 0.062007 -0.001476 0.005920
    36 1.056622 -0.000011 0.000000 0.241003 0.000705 -0.002178
    37 3.985134 0.881805 -0.368986 0.128322 -0.008132 -0.090211
    38 1.830183 0.000015 0.000000 0.063848 -0.073976 -1.510189
    39 1.561352 0.000008 -0.000004 0.027622 -0.015755 -1.357316
    40 4.116518 0.711272 0.551869 0.187923 0.006580 -0.361666
    41 1.752727 0.000006 0.000000 0.026521 0.029537 -1.405331
    42 0.869359 -0.000006 0.000000 0.015642 -0.073487 -0.926076
    43 4.118826 0.331223 1.419829 0.128888 -0.005990 -0.280207
    44 1.176321 0.000006 0.000000 -0.027338 0.139049 -0.923530
    45 0.970199 -0.000002 -0.000004 1.655738 0.044643 -1.487290
    46 -7.606037 1.001330 -4.120493 -2.232863 0.897496 -1.877943
    47 12.706336 -0.000035 -0.000009 -0.284593 0.290682 -1.801503
    48 0.000000 0.000000 -0.000003 0.000000 0.000000 0.000000
    49 1.200000 0.000000 0.000010 0.000000 0.000000 0.000000
    50 0.000010 -0.300000 0.000000 3.141593 0.000000 -0.174533
    51 0.000000 -0.000001 0.000000 0.000000 0.000000 0.000000
    52 -0.000003 0.000000 0.000001 3.141592 0.000000 0.000000
    53 0.000006 0.000000 0.000004 0.000000 0.000000 0.349065
    54 0.000000 0.000000 0.000000 3.141593 0.000000 0.000000
    55 -0.000008 -0.000006 0.000000 3.141593 0.000000 0.000000
    56 0.000002 -0.000002 0.000000 3.141593 0.000000 0.000000
    57 0.000014 -0.000004 0.000000 3.141593 0.000000 0.000000
    58 -0.000001 0.000000 0.000000 3.141593 0.000000 -0.000001
    59 0.000000 0.000000 0.000000 3.141593 0.000000 0.000000
    60 0.000010 0.000017 0.000000 3.141593 0.000000 -0.000001
    61 0.000000 0.000004 0.000000 3.141593 0.000000 -0.000001
    62 0.000000 0.000006 0.000000 3.141593 0.000000 -0.000001
    63 0.000001 0.000002 0.000000 3.141593 0.000000 0.000000
    64 0.000000 0.000000 0.000000 -3.141592 0.000000 0.000000
    65 0.000000 0.000000 0.000000 -1.570797 -0.000001 0.000000
    66 0.000000 0.000000 0.000000 0.000000 0.000000 0.000000
    67 1.200000 0.000000 0.000000 0.000000 0.000000 0.000000
    68 0.000009 0.299994 0.000000 0.000000 0.000000 0.174533
    69 -0.000001 -0.000001 -0.000004 0.000000 0.000000 0.000000
    70 -0.000010 0.000000 -0.000003 -3.141592 0.000001 0.000000
    71 0.000000 0.000000 0.000000 0.000001 -0.000001 0.349065
    72 0.000000 -0.000003 0.000000 0.000000 0.000000 0.000000
    73 0.000003 0.000000 0.000000 0.000000 0.000000 0.000000
    74 -0.000010 -0.000006 0.000000 -0.000001 0.000000 0.000000
    75 0.000019 0.000002 0.000000 0.000000 0.000000 0.000000
    76 0.000001 0.000004 0.000000 0.000000 0.000000 -0.000001
    77 0.000000 0.000000 0.000000 0.000000 0.000000 -0.000001
    78 0.000001 -0.000002 0.000000 0.000000 0.000000 -0.000001
    79 0.000000 0.000000 0.000000 0.000000 0.000000 -0.000001
    80 0.000001 0.000008 0.000000 0.000000 0.000000 0.000000
    81 -0.000003 0.000004 0.000000 0.000000 0.000000 0.000000
    82 -0.000007 -0.000008 0.000000 0.000000 0.000000 -0.000001
    83 0.000000 0.000002 -0.000002 -1.570796 0.000000 0.000000
  time 52
    0 -3.497458 -16.791755 -4.355848 -3.039686 -0.087544 -1.358713
    1 -1.187500 -1.036133 0.043274 0.000000 0.000004 0.000000
    2 -1.937500 -1.362305 0.225708 0.000000 0.000002 0.000000
    3 -4.549240 -1.689358 -0.012529 0.000000 0.000000 0.000000
    4 4.331499 0.360595 -0.709097 0.000015 0.000003 0.056022
    5 3.513922 0.962076 -0.004281 0.000004 -0.000001 1.176003
    6 2.855053 0.477292 0.679213 -0.000001 -0.000004 2.896619
    7 1.649902 5.878080 0.032496 -0.000003 0.000002 -1.570796
    8 6.587842 -0.691444 0.025964 -0.000001 -0.000001 1.570796
    9 0.000002 -0.241401 -0.052690 0.000001 0.000001 0.000000
    10 10.620066 1.884898 -0.004843 -1.529186 -0.000002 3.141591
    11 -9.087198 1.359573 -0.008167 -0.000003 0.000002 -1.570796
    12 0.515540 -22.180334 -6.591104 1.719468 -0.404850 -2.310527
    13 1.473659 0.639418 -1.295234 1.663824 0.815148 0.394675
    14 1.832607 0.000002 -0.000008 3.084710 -0.002353 0.012941
    15 1.003335 0.000005 0.000001 -3.043836 -0.018448 0.180167
    16 3.777019 -0.388352 -1.411520 0.414320 -0.059721 -0.175350
    17 2.187956 0.000010 0.000000 -0.116576 0.002833 0.022324
    18 1.100960 0.000002 0.000000 -0.071193 0.017199 0.269683
    19 3.987863 -0.577452 -0.474712 0.184705 -0.211230 0.073499
    20 1.890109 -0.000010 -0.000001 0.017800 0.004084 0.034191
    21 1.310925 0.000000 0.000000 -0.031469 0.003908 0.268773
    22 4.117986 -0.666253 0.453695 0.429924 -0.225625 0.272635
    23 1.655294 0.000008 0.000000 -0.063322 0.010117 0.023032
    24 0.869582 0.000004 0.000000 -0.303280 -0.021716 0.217146
    25 4.115473 -0.663627 1.354863 -0.333074 -0.352841 0.409725
    26 1.157247 -0.000010 -0.000002 0.186075 -0.004738 0.007366
    27 1.019835 -0.000006 0.000000 -1.450293 -0.076026 0.539871
    28 7.406140 -6.039003 -8.901889 -1.505031 0.639091 -1.711812
    29 12.695427 -0.000020 -0.000008 -0.230562 0.296838 -1.608704
    30 -7.972997 -14.943696 -4.551979 1.603612 -0.075574 -1.364827
    31 1.474215 -0.497926 -1.376118 0.979456 0.426216 -0.250736
    32 1.832179 -0.000010 -0.000002 -2.526135 -0.301549 0.609667
    33 1.042025 -0.000004 -0.000009 -2.896901 -0.278839 -0.192682
    34 3.823320 0.664865 -1.331676 0.212437 0.268313 -0.011185
    35 2.152367 -0.000001 0.000004 0.062007 -0.001476 0.005920
    36 1.056622 -0.000011 0.000000 0.241003 0.000705 -0.002178
    37 3.985134 0.881805 -0.368986 0.128322 -0.008132 -0.090211
    38 1.830183 0.000015 0.000000 0.063848 -0.073976 -1.510189
    39 1.561352 0.000008 -0.000004 0.027622 -0.015755 -1.357316
    40 4.116518 0.711272 0.551869 0.187923 0.006580 -0.361666
    41 1.752727 0.000006 0.000000 0.026485 0.029537 -1.405331
    42 0.869359 -0.000006 0.000000 0.015630 -0.073487 -0.926076
    43 4.118826 0.331223 1.419829 0.128888 -0.005990 -0.280207
    44 1.176321 0.000006 0.000000 -0.027338 0.139049 -0.923484
    45 0.970199 -0.000002 -0.000004 1.655726 0.044655 -1.487373
    46 -7.606037 1.001330 -4.120493 -2.234736 0.897329 -1.877943
    47 12.706336 -0.000035 -0.000009 -0.284710 0.290670 -1.801687
    48 0.000000 0.000000 -0.000003 0.000000 0.000000 0.000000
    49 1.200000 0.000000 0.000010 0.000000 0.000000 0.000000
    50 0.000010 -0.300000 0.000000 3.141593 0.000000 -0.174533
    51 0.000000 -0.000001 0.000000 0.000000 0.000000 0.000000
    52 -0.000003 0.000000 0.000001 3.141592 0.000000 0.000000
    53 0.000006 0.000000 0.000004 0.000000 0.000000 0.349065
    54 0.000000 0.000000 0.000000 3.141593 0.000000 0.000000
    55 -0.000008 -0.000006 0.000000 3.141593 0.000000 0.000000
    56 0.000002 -0.000002 0.000000 3.141593 0.000000 0.000000
    57 0.000014 -0.000004 0.000000 3.141593 0.000000 0.000000
    58 -0.000001 0.000000 0.000000 3.141593 0.000000 -0.000001
    59 0.000000 0.000000 0.000000 3.141593 0.000000 0.000000
    60 0.000010 0.000017 0.000000 3.141593 0.000000 -0.000001
    61 0.000000 0.000004 0.000000 3.141593 0.000000 -0.000001
    62 0.000000 0.000006 0.000000 3.141593 0.000000 -0.000001
    63 0.000001 0.000002 0.000000 3.141593 0.000000 0.000000
    64 0.000000 0.000000 0.000000 -3.141592 0.000000 0.000000
    65 0.000000 0.000000 0.000000 -1.570797 -0.000001 0.000000
    66 0.000000 0.000000 0.000000 0.000000 0.000000 0.000000
    67 1.200000 0.000000 0.000000 0.000000 0.000000 0.000000
    68 0.000009 0.299994 0.000000 0.000000 0.000000 0.174533
    69 -0.000001 -0.000001 -0.000004 0.000000 0.000000 0.000000
    70 -0.000010 0.000000 -0.000003 -3.141592 0.000001 0.000000
    71 0.000000 0.000000 0.000000 0.000001 -0.000001 0.349065
    72 0.000000 -0.000003 0.000000 0.000000 0.000000 0.000000
    73 0.000003 0.000000 0.000000 0.000000 0.000000 0.000000
    74 -0.000010 -0.000006 0.000000 -0.000001 0.000000 0.000000
    75 0.000019 0.000002 0.000000 0.000000 0.000000 0.000000
    76 0.000001 0.000004 0.000000 0.000000 0.000000 -0.000001
    77 0.000000 0.000000 0.000000 0.000000 0.000000 -0.000001
    78 0.000001 -0.000002 0.000000 0.000000 0.000000 -0.000001
    79 0.000000 0.000000 0.000000 0.000000 0.000000 -0.000001
    80 0.000001 0.000008 0.000000 0.000000 0.000000 0.000000
    81 -0.000003 0.000004 0.000000 0.000000 0.000000 0.000000
    82 -0.000007 -0.000008 0.000000 0.000000 0.000000 -0.000001
    83 0.000000 0.000002 -0.000002 -1.570796 0.000000 0.000000
  time 53
    0 -3.477927 -16.791755 -4.355848 -3.039283 -0.087242 -1.358713
    1 -1.187500 -1.036133 0.043274 0.000000 0.000004 0.000000
    2 -1.937500 -1.362305 0.225708 0.000000 0.000002 0.000000
    3 -4.549240 -1.689358 -0.012529 0.000000 0.000000 0.000000
    4 4.331499 0.360595 -0.709097 0.000015 0.000003 0.056022
    5 3.513922 0.962076 -0.004281 0.000004 -0.000001 1.176003
    6 2.855053 0.477292 0.679213 -0.000001 -0.000004 2.896619
    7 1.649902 5.878080 0.032496 -0.000003 0.000002 -1.570796
    8 6.587842 -0.691444 0.025964 -0.000001 -0.000001 1.570796
    9 0.000002 -0.241401 -0.052690 0.000001 0.000001 0.000000
    10 10.620066 1.884898 -0.004843 -1.529186 -0.000002 3.141591
    11 -9.087198 1.359573 -0.008167 -0.000003 0.000002 -1.570796
    12 0.535072 -22.176428 -6.591104 1.719468 -0.404528 -2.310527
    13 1.473659 0.639418 -1.295234 1.663824 0.815148 0.394647
    14 1.832607 0.000002 -0.000008 3.084710 -0.002353 0.012941
    15 1.003335 0.000005 0.000001 -3.043489 -0.016207 0.157665
    16 3.780925 -0.411791 -1.411520 0.415118 -0.047879 -0.172289
    17 2.187956 0.000010 0.000000 -0.117439 0.002258 0.011680
    18 1.100960 0.000002 0.000000 -0.075603 0.018050 0.263427
    19 3.987863 -0.577452 -0.474712 0.183047 -0.207383 0.093289
    20 1.890109 -0.000010 -0.000001 0.017358 0.004551 0.024325
    21 1.310925 0.000000 0.000000 -0.036176 0.003860 0.263806
    22 4.117986 -0.681879 0.441976 0.423501 -0.221849 0.305169
    23 1.655294 0.000008 0.000000 -0.063538 0.010129 0.016559
    24 0.869582 0.000004 0.000000 -0.306456 -0.022686 0.208777
    25 4.115473 -0.667534 1.354863 -0.352765 -0.350278 0.469825
    26 1.157247 -0.000010 -0.000002 0.186123 -0.000739 0.000921
    27 1.019835 -0.000006 0.000000 -1.449718 -0.074827 0.537482
    28 7.406140 -6.039003 -8.901889 -1.505602 0.639839 -1.711075
    29 12.695427 -0.000020 -0.000008 -0.230814 0.296826 -1.609732
    30 -7.953466 -14.943696 -4.555885 1.603925 -0.075360 -1.364827
    31 1.474215 -0.497926 -1.376118 0.979456 0.426216 -0.250736
    32 1.832179 -0.000010 -0.000002 -2.526135 -0.301549 0.609667
    33 1.042025 -0.000004 -0.000009 -2.896901 -0.278851 -0.192682
    34 3.823320 0.664865 -1.331676 0.209477 0.270603 -0.022138
    35 2.152367 -0.000001 0.000004 0.062007 -0.001476 0.005920
    36 1.056622 -0.000011 0.000000 0.241003 0.000705 -0.002190
    37 3.985134 0.881805 -0.368986 0.128322 -0.008132 -0.090211
    38 1.830183 0.000015 0.000000 0.063848 -0.073976 -1.510189
    39 1.561352 0.000008 -0.000004 0.027622 -0.015755 -1.357283
    40 4.116518 0.711272 0.551869 0.187923 0.006580 -0.361666
    41 1.752727 0.000006 0.000000 0.026521 0.029537 -1.405331
    42 0.869359 -0.000006 0.000000 0.015642 -0.073487 -0.926076
    43 4.118826 0.331223 1.419829 0.128888 -0.005990 -0.280207
    44 1.176321 0.000006 0.000000 -0.027338 0.139049 -0.923507
    45 0.970199 -0.000002 -0.000004 1.655738 0.044655 -1.487290
    46 -7.606037 1.001330 -4.120493 -2.236193 0.897229 -1.877818
    47 12.706336 -0.000035 -0.000009 -0.284828 0.290658 -1.801810
    48 0.000000 0.000000 -0.000003 0.000000 0.000000 0.000000
    49 1.200000 0.000000 0.000010 0.000000 0.000000 0.000000
    50 0.000010 -0.300000 0.000000 3.141593 0.000000 -0.174533
    51 0.000000 -0.000001 0.000000 0.000000 0.000000 0.000000
    52 -0.000003 0.000000 0.000001 3.141592 0.000000 0.000000
    53 0.000006 0.000000 0.000004 0.000000 0.000000 0.349065
    54 0.000000 0.000000 0.000000 3.141593 0.000000 0.000000
    55 -0.000008 -0.000006 0.000000 3.141593 0.000000 0.000000
    56 0.000002 -0.000002 0.000000 3.141593 0.000000 0.000000
    57 0.000014 -0.000004 0.000000 3.141593 0.000000 0.000000
    58 -0.000001 0.000000 0.000000 3.141593 0.000000 -0.000001
    59 0.000000 0.000000 0.000000 3.141593 0.000000 0.000000
    60 0.000010 0.000017 0.000000 3.141593 0.000000 -0.000001
    61 0.000000 0.000004 0.000000 3.141593 0.000000 -0.000001
    62 0.000000 0.000006 0.000000 3.141593 0.000000 -0.000001
    63 0.000001 0.000002 0.000000 3.141593 0.000000 0.000000
    64 0.000000 0.000000 0.000000 -3.141592 0.000000 0.000000
    65 0.000000 0.000000 0.000000 -1.570797 -0.000001 0.000000
    66 0.000000 0.000000 0.000000 0.000000 0.000000 0.000000
    67 1.200000 0.000000 0.000000 0.000000 0.000000 0.000000
    68 0.000009 0.299994 0.000000 0.000000 0.000000 0.174533
    69 -0.000001 -0.000001 -0.000004 0.000000 0.000000 0.000000
    70 -0.000010 0.000000 -0.000003 -3.141592 0.000001 0.000000
    71 0.000000 0.000000 0.000000 0.000001 -0.000001 0.349065
    72 0.000000 -0.000003 0.000000 0.000000 0.000000 0.000000
    73 0.000003 0.000000 0.000000 0.000000 0.000000 0.000000
    74 -0.000010 -0.000006 0.000000 -0.000001 0.000000 0.000000
    75 0.000019 0.000002 0.000000 0.000000 0.000000 0.000000
    76 0.000001 0.000004 0.000000 0.000000 0.000000 -0.000001
    77 0.000000 0.000000 0.000000 0.000000 0.000000 -0.000001
    78 0.000001 -0.000002 0.000000 0.000000 0.000000 -0.000001
    79 0.000000 0.000000 0.000000 0.000000 0.000000 -0.000001
    80 0.000001 0.000008 0.000000 0.000000 0.000000 0.000000
    81 -0.000003 0.000004 0.000000 0.000000 0.000000 0.000000
    82 -0.000007 -0.000008 0.000000 0.000000 0.000000 -0.000001
    83 0.000000 0.000002 -0.000002 -1.570796 0.000000 0.000000
  time 54
    0 -3.462301 -16.791755 -4.359754 -3.038476 -0.086593 -1.358855
    1 -1.187500 -1.036133 0.043274 0.000000 0.000004 0.000000
    2 -1.937500 -1.362305 0.225708 0.000000 0.000002 0.000000
    3 -4.549240 -1.689358 -0.012529 0.000000 0.000000 0.000000
    4 4.331499 0.360595 -0.709097 0.000015 0.000003 0.056022
    5 3.513922 0.962076 -0.004281 0.000004 -0.000001 1.176003
    6 2.855053 0.477292 0.679213 -0.000001 -0.000004 2.896619
    7 1.649902 5.878080 0.032496 -0.000003 0.000002 -1.570796
    8 6.587842 -0.691444 0.025964 -0.000001 -0.000001 1.570796
    9 0.000002 -0.241401 -0.052690 0.000001 0.000001 0.000000
    10 10.620066 1.884898 -0.004843 -1.529186 -0.000002 3.141591
    11 -9.087198 1.359573 -0.008167 -0.000003 0.000002 -1.570796
    12 0.550697 -22.176428 -6.591104 1.719103 -0.403361 -2.310527
    13 1.473659 0.639418 -1.295234 1.663824 0.815148 0.394675
    14 1.832607 0.000002 -0.000008 3.084710 -0.002341 0.012941
    15 1.003335 0.000005 0.000001 -3.043189 -0.014385 0.137858
    16 3.777019 -0.392259 -1.411520 0.415545 -0.038993 -0.169722
    17 2.187956 0.000010 0.000000 -0.118014 0.001947 0.003732
    18 1.100960 0.000002 0.000000 -0.078683 0.018650 0.259233
    19 3.987863 -0.577452 -0.474712 0.181763 -0.204531 0.108418
    20 1.890109 -0.000010 -0.000001 0.016989 0.005103 0.017082
    21 1.310925 0.000000 0.000000 -0.039607 0.003812 0.260258
    22 4.117986 -0.677973 0.453695 0.418263 -0.218866 0.329983
    23 1.655294 0.000008 0.000000 -0.063838 0.010129 0.012231
    24 0.869582 0.000004 0.000000 -0.308733 -0.023358 0.202787
    25 4.115473 -0.659721 1.354863 -0.367230 -0.347149 0.515188
    26 1.157247 -0.000010 -0.000002 0.186123 0.002093 -0.003598
    27 1.019835 -0.000006 0.000000 -1.449431 -0.074048 0.535793
    28 7.406140 -6.039003 -8.901889 -1.505983 0.640545 -1.710154
    29 12.695427 -0.000020 -0.000008 -0.231133 0.296814 -1.610918
    30 -7.937840 -14.943696 -4.551979 1.604731 -0.074642 -1.364969
    31 1.474215 -0.497926 -1.376118 0.979456 0.426216 -0.250748
    32 1.832179 -0.000010 -0.000002 -2.526135 -0.301549 0.609667
    33 1.042025 -0.000004 -0.000009 -2.896901 -0.278827 -0.192682
    34 3.823320 0.664865 -1.331676 0.207452 0.272196 -0.030084
    35 2.152367 -0.000001 0.000004 0.062007 -0.001476 0.005920
    36 1.056622 -0.000011 0.000000 0.241003 0.000705 -0.002190
    37 3.985134 0.881805 -0.368986 0.128322 -0.008132 -0.090211
    38 1.830183 0.000015 0.000000 0.063848 -0.073976 -1.510189
    39 1.561352 0.000008 -0.000004 0.027622 -0.015755 -1.357316
    40 4.116518 0.711272 0.551869 0.187923 0.006580 -0.361666
    41 1.752727 0.000006 0.000000 0.026509 0.029537 -1.405331
    42 0.869359 -0.000006 0.000000 0.015642 -0.073487 -0.926032
    43 4.118826 0.331223 1.419829 0.128888 -0.005990 -0.280207
    44 1.176321 0.000006 0.000000 -0.027338 0.139049 -0.923530
    45 0.970199 -0.000002 -0.000004 1.655738 0.044655 -1.487290
    46 -7.606037 1.001330 -4.120493 -2.237511 0.897229 -1.877943
    47 12.706336 -0.000035 -0.000009 -0.284880 0.290646 -1.802057
    48 0.000000 0.000000 -0.000003 0.000000 0.000000 0.000000
    49 1.200000 0.000000 0.000010 0.000000 0.000000 0.000000
    50 0.000010 -0.300000 0.000000 3.141593 0.000000 -0.174533
    51 0.000000 -0.000001 0.000000 0.000000 0.000000 0.000000
    52 -0.000003 0.000000 0.000001 3.141592 0.000000 0.000000
    53 0.000006 0.000000 0.000004 0.000000 0.000000 0.349065
    54 0.000000 0.000000 0.000000 3.141593 0.000000 0.000000
    55 -0.000008 -0.000006 0.000000 3.141593 0.000000 0.000000
    56 0.000002 -0.000002 0.000000 3.141593 0.000000 0.000000
    57 0.000014 -0.000004 0.000000 3.141593 0.000000 0.000000
    58 -0.000001 0.000000 0.000000 3.141593 0.000000 -0.000001
    59 0.000000 0.000000 0.000000 3.141593 0.000000 0.000000
    60 0.000010 0.000017 0.000000 3.141593 0.000000 -0.000001
    61 0.000000 0.000004 0.000000 3.141593 0.000000 -0.000001
    62 0.000000 0.000006 0.000000 3.141593 0.000000 -0.000001
    63 0.000001 0.000002 0.000000 3.141593 0.000000 0.000000
    64 0.000000 0.000000 0.000000 -3.141592 0.000000 0.000000
    65 0.000000 0.000000 0.000000 -1.570797 -0.000001 0.000000
    66 0.000000 0.000000 0.000000 0.000000 0.000000 0.000000
    67 1.200000 0.000000 0.000000 0.000000 0.000000 0.000000
    68 0.000009 0.299994 0.000000 0.000000 0.000000 0.174533
    69 -0.000001 -0.000001 -0.000004 0.000000 0.000000 0.000000
    70 -0.000010 0.000000 -0.000003 -3.141592 0.000001 0.000000
    71 0.000000 0.000000 0.000000 0.000001 -0.000001 0.349065
    72 0.000000 -0.000003 0.000000 0.000000 0.000000 0.000000
    73 0.000003 0.000000 0.000000 0.000000 0.000000 0.000000
    74 -0.000010 -0.000006 0.000000 -0.000001 0.000000 0.000000
    75 0.000019 0.000002 0.000000 0.000000 0.000000 0.000000
    76 0.000001 0.000004 0.000000 0.000000 0.000000 -0.000001
    77 0.000000 0.000000 0.000000 0.000000 0.000000 -0.000001
    78 0.000001 -0.000002 0.000000 0.000000 0.000000 -0.000001
    79 0.000000 0.000000 0.000000 0.000000 0.000000 -0.000001
    80 0.000001 0.000008 0.000000 0.000000 0.000000 0.000000
    81 -0.000003 0.000004 0.000000 0.000000 0.000000 0.000000
    82 -0.000007 -0.000008 0.000000 0.000000 0.000000 -0.000001
    83 0.000000 0.000002 -0.000002 -1.570796 0.000000 0.000000
  time 55
    0 -3.446676 -16.787849 -4.359754 -3.037176 -0.085415 -1.359139
    1 -1.187500 -1.036133 0.043274 0.000000 0.000004 0.000000
    2 -1.937500 -1.362305 0.225708 0.000000 0.000002 0.000000
    3 -4.549240 -1.689358 -0.012529 0.000000 0.000000 0.000000
    4 4.331499 0.360595 -0.709097 0.000015 0.000003 0.056022
    5 3.513922 0.962076 -0.004281 0.000004 -0.000001 1.176003
    6 2.855053 0.477292 0.679213 -0.000001 -0.000004 2.896619
    7 1.649902 5.878080 0.032496 -0.000003 0.000002 -1.570796
    8 6.587842 -0.691444 0.025964 -0.000001 -0.000001 1.570796
    9 0.000002 -0.241401 -0.052690 0.000001 0.000001 0.000000
    10 10.620066 1.884898 -0.004843 -1.529186 -0.000002 3.141591
    11 -9.087198 1.359573 -0.008167 -0.000003 0.000002 -1.570796
    12 0.566323 -22.172521 -6.598917 1.719103 -0.401550 -2.310672
    13 1.473659 0.639418 -1.295234 1.663824 0.815099 0.394675
    14 1.832607 0.000002 -0.000008 3.084698 -0.002365 0.012941
    15 1.003335 0.000005 0.000001 -3.042889 -0.013127 0.124840
    16 3.769206 -0.384446 -1.411520 0.415637 -0.033556 -0.168019
    17 2.187956 0.000010 0.000000 -0.118386 0.001563 -0.001195
    18 1.100960 0.000002 0.000000 -0.080433 0.019093 0.256639
    19 3.987863 -0.577452 -0.474712 0.180999 -0.202589 0.117684
    20 1.890109 -0.000010 -0.000001 0.016783 0.005246 0.012658
    21 1.310925 0.000000 0.000000 -0.041606 0.003776 0.258113
    22 4.117986 -0.677973 0.453695 0.414979 -0.216997 0.345213
    23 1.655294 0.000008 0.000000 -0.064018 0.010129 0.009258
    24 0.869582 0.000004 0.000000 -0.309979 -0.023657 0.199204
    25 4.115473 -0.667534 1.354863 -0.376111 -0.344759 0.543107
    26 1.157247 -0.000010 -0.000002 0.186123 0.003758 -0.006635
    27 1.019835 -0.000006 0.000000 -1.449095 -0.073701 0.534763
    28 7.406140 -6.039003 -8.901889 -1.505983 0.641293 -1.709325
    29 12.695427 -0.000020 -0.000008 -0.231519 0.296802 -1.611788
    30 -7.922215 -14.943696 -4.563698 1.606119 -0.073466 -1.365182
    31 1.474215 -0.497926 -1.376118 0.979456 0.426216 -0.250748
    32 1.832179 -0.000010 -0.000002 -2.526135 -0.301549 0.609667
    33 1.042025 -0.000004 -0.000009 -2.896901 -0.278839 -0.192682
    34 3.823320 0.664865 -1.331676 0.206158 0.273071 -0.034962
    35 2.152367 -0.000001 0.000004 0.062019 -0.001476 0.005920
    36 1.056622 -0.000011 0.000000 0.241003 0.000705 -0.002178
    37 3.985134 0.881805 -0.368986 0.128322 -0.008132 -0.090211
    38 1.830183 0.000015 0.000000 0.063848 -0.073976 -1.510189
    39 1.561352 0.000008 -0.000004 0.027622 -0.015755 -1.357316
    40 4.116518 0.711272 0.551869 0.187923 0.006580 -0.361666
    41 1.752727 0.000006 0.000000 0.026521 0.029537 -1.405331
    42 0.869359 -0.000006 0.000000 0.015642 -0.073487 -0.926076
    43 4.118826 0.331223 1.419829 0.128888 -0.005990 -0.280207
    44 1.176321 0.000006 0.000000 -0.027338 0.139037 -0.923484
    45 0.970199 -0.000002 -0.000004 1.655738 0.044655 -1.487290
    46 -7.606037 1.001330 -4.120493 -2.238621 0.897329 -1.878006
    47 12.706336 -0.000035 -0.000009 -0.284971 0.290622 -1.802303
    48 0.000000 0.000000 -0.000003 0.000000 0.000000 0.000000
    49 1.200000 0.000000 0.000010 0.000000 0.000000 0.000000
    50 0.000010 -0.300000 0.000000 3.141593 0.000000 -0.174533
    51 0.000000 -0.000001 0.000000 0.000000 0.000000 0.000000
    52 -0.000003 0.000000 0.000001 3.141592 0.000000 0.000000
    53 0.000006 0.000000 0.000004 0.000000 0.000000 0.349065
    54 0.000000 0.000000 0.000000 3.141593 0.000000 0.000000
    55 -0.000008 -0.000006 0.000000 3.141593 0.000000 0.000000
    56 0.000002 -0.000002 0.000000 3.141593 0.000000 0.000000
    57 0.000014 -0.000004 0.000000 3.141593 0.000000 0.000000
    58 -0.000001 0.000000 0.000000 3.141593 0.000000 -0.000001
    59 0.000000 0.000000 0.000000 3.141593 0.000000 0.000000
    60 0.000010 0.000017 0.000000 3.141593 0.000000 -0.000001
    61 0.000000 0.000004 0.000000 3.141593 0.000000 -0.000001
    62 0.000000 0.000006 0.000000 3.141593 0.000000 -0.000001
    63 0.000001 0.000002 0.000000 3.141593 0.000000 0.000000
    64 0.000000 0.000000 0.000000 -3.141592 0.000000 0.000000
    65 0.000000 0.000000 0.000000 -1.570797 -0.000001 0.000000
    66 0.000000 0.000000 0.000000 0.000000 0.000000 0.000000
    67 1.200000 0.000000 0.000000 0.000000 0.000000 0.000000
    68 0.000009 0.299994 0.000000 0.000000 0.000000 0.174533
    69 -0.000001 -0.000001 -0.000004 0.000000 0.000000 0.000000
    70 -0.000010 0.000000 -0.000003 -3.141592 0.000001 0.000000
    71 0.000000 0.000000 0.000000 0.000001 -0.000001 0.349065
    72 0.000000 -0.000003 0.000000 0.000000 0.000000 0.000000
    73 0.000003 0.000000 0.000000 0.000000 0.000000 0.000000
    74 -0.000010 -0.000006 0.000000 -0.000001 0.000000 0.000000
    75 0.000019 0.000002 0.000000 0.000000 0.000000 0.000000
    76 0.000001 0.000004 0.000000 0.000000 0.000000 -0.000001
    77 0.000000 0.000000 0.000000 0.000000 0.000000 -0.000001
    78 0.000001 -0.000002 0.000000 0.000000 0.000000 -0.000001
    79 0.000000 0.000000 0.000000 0.000000 0.000000 -0.000001
    80 0.000001 0.000008 0.000000 0.000000 0.000000 0.000000
    81 -0.000003 0.000004 0.000000 0.000000 0.000000 0.000000
    82 -0.000007 -0.000008 0.000000 0.000000 0.000000 -0.000001
    83 0.000000 0.000002 -0.000002 -1.570796 0.000000 0.000000
  time 56
    0 -3.438863 -16.787849 -4.359754 -3.035338 -0.083814 -1.359423
    1 -1.187500 -1.036133 0.043274 0.000000 0.000004 0.000000
    2 -1.937500 -1.362305 0.225708 0.000000 0.000002 0.000000
    3 -4.549240 -1.689358 -0.012529 0.000000 0.000000 0.000000
    4 4.331499 0.360595 -0.709097 0.000015 0.000003 0.056022
    5 3.513922 0.962076 -0.004281 0.000004 -0.000001 1.176003
    6 2.855053 0.477292 0.679213 -0.000001 -0.000004 2.896619
    7 1.649902 5.878080 0.032496 -0.000003 0.000002 -1.570796
    8 6.587842 -0.691444 0.025964 -0.000001 -0.000001 1.570796
    9 0.000002 -0.241401 -0.052690 0.000001 0.000001 0.000000
    10 10.620066 1.884898 -0.004843 -1.529186 -0.000002 3.141591
    11 -9.087198 1.359573 -0.008167 -0.000003 0.000002 -1.570796
    12 0.581948 -22.168615 -6.598917 1.718738 -0.399216 -2.310672
    13 1.473659 0.639418 -1.295234 1.663824 0.815115 0.394675
    14 1.832607 0.000002 -0.000008 3.084698 -0.002365 0.012941
    15 1.003335 0.000005 0.000001 -3.042829 -0.012599 0.120402
    16 3.780925 -0.388352 -1.411520 0.415675 -0.031726 -0.167476
    17 2.187956 0.000010 0.000000 -0.118458 0.001479 -0.002543
    18 1.100960 0.000002 0.000000 -0.081140 0.019225 0.255999
    19 3.987863 -0.577452 -0.474712 0.180755 -0.201990 0.120773
    20 1.890109 -0.000010 -0.000001 0.016709 0.005330 0.011288
    21 1.310925 0.000000 0.000000 -0.042244 0.003764 0.257403
    22 4.117986 -0.674066 0.453695 0.413985 -0.216355 0.350228
    23 1.655294 0.000008 0.000000 -0.064065 0.010140 0.008430
    24 0.869582 0.000004 0.000000 -0.310494 -0.023789 0.198028
    25 4.119379 -0.663627 1.354863 -0.378867 -0.343847 0.552239
    26 1.157247 -0.000010 -0.000002 0.186123 0.004335 -0.007561
    27 1.019835 -0.000006 0.000000 -1.448987 -0.073425 0.534413
    28 7.406140 -6.039003 -8.901889 -1.505602 0.642082 -1.708587
    29 12.695427 -0.000020 -0.000008 -0.231922 0.296790 -1.613607
    30 -7.910496 -14.939790 -4.567604 1.607955 -0.071816 -1.366106
    31 1.474215 -0.497926 -1.376118 0.979456 0.426216 -0.250748
    32 1.832179 -0.000010 -0.000002 -2.526135 -0.301549 0.609667
    33 1.042025 -0.000004 -0.000009 -2.896901 -0.278839 -0.192682
    34 3.823320 0.664865 -1.331676 0.205606 0.273515 -0.036532
    35 2.152367 -0.000001 0.000004 0.062007 -0.001476 0.005920
    36 1.056622 -0.000011 0.000000 0.241003 0.000705 -0.002190
    37 3.985134 0.881805 -0.368986 0.128322 -0.008132 -0.090211
    38 1.830183 0.000015 0.000000 0.063848 -0.073976 -1.510189
    39 1.561352 0.000008 -0.000004 0.027622 -0.015755 -1.357316
    40 4.116518 0.711272 0.551869 0.187923 0.006580 -0.361666
    41 1.752727 0.000006 0.000000 0.026521 0.029537 -1.405331
    42 0.869359 -0.000006 0.000000 0.015642 -0.073487 -0.926076
    43 4.118826 0.331223 1.419829 0.128888 -0.005990 -0.280207
    44 1.176321 0.000006 0.000000 -0.027338 0.139049 -0.923507
    45 0.970199 -0.000002 -0.000004 1.655738 0.044679 -1.487290
    46 -7.606037 1.001330 -4.120493 -2.239939 0.897529 -1.878318
    47 12.706336 -0.000035 -0.000009 -0.285101 0.290598 -1.802795
    48 0.000000 0.000000 -0.000003 0.000000 0.000000 0.000000
    49 1.200000 0.000000 0.000010 0.000000 0.000000 0.000000
    50 0.000010 -0.300000 0.000000 3.141593 0.000000 -0.174533
    51 0.000000 -0.000001 0.000000 0.000000 0.000000 0.000000
    52 -0.000003 0.000000 0.000001 3.141592 0.000000 0.000000
    53 0.000006 0.000000 0.000004 0.000000 0.000000 0.349065
    54 0.000000 0.000000 0.000000 3.141593 0.000000 0.000000
    55 -0.000008 -0.000006 0.000000 3.141593 0.000000 0.000000
    56 0.000002 -0.000002 0.000000 3.141593 0.000000 0.000000
    57 0.000014 -0.000004 0.000000 3.141593 0.000000 0.000000
    58 -0.000001 0.000000 0.000000 3.141593 0.000000 -0.000001
    59 0.000000 0.000000 0.000000 3.141593 0.000000 0.000000
    60 0.000010 0.000017 0.000000 3.141593 0.000000 -0.000001
    61 0.000000 0.000004 0.000000 3.141593 0.000000 -0.000001
    62 0.000000 0.000006 0.000000 3.141593 0.000000 -0.000001
    63 0.000001 0.000002 0.000000 3.141593 0.000000 0.000000
    64 0.000000 0.000000 0.000000 -3.141592 0.000000 0.000000
    65 0.000000 0.000000 0.000000 -1.570797 -0.000001 0.000000
    66 0.000000 0.000000 0.000000 0.000000 0.000000 0.000000
    67 1.200000 0.000000 0.000000 0.000000 0.000000 0.000000
    68 0.000009 0.299994 0.000000 0.000000 0.000000 0.174533
    69 -0.000001 -0.000001 -0.000004 0.000000 0.000000 0.000000
    70 -0.000010 0.000000 -0.000003 -3.141592 0.000001 0.000000
    71 0.000000 0.000000 0.000000 0.000001 -0.000001 0.349065
    72 0.000000 -0.000003 0.000000 0.000000 0.000000 0.000000
    73 0.000003 0.000000 0.000000 0.000000 0.000000 0.000000
    74 -0.000010 -0.000006 0.000000 -0.000001 0.000000 0.000000
    75 0.000019 0.000002 0.000000 0.000000 0.000000 0.000000
    76 0.000001 0.000004 0.000000 0.000000 0.000000 -0.000001
    77 0.000000 0.000000 0.000000 0.000000 0.000000 -0.000001
    78 0.000001 -0.000002 0.000000 0.000000 0.000000 -0.000001
    79 0.000000 0.000000 0.000000 0.000000 0.000000 -0.000001
    80 0.000001 0.000008 0.000000 0.000000 0.000000 0.000000
    81 -0.000003 0.000004 0.000000 0.000000 0.000000 0.000000
    82 -0.000007 -0.000008 0.000000 0.000000 0.000000 -0.000001
    83 0.000000 0.000002 -0.000002 -1.570796 0.000000 0.000000
  time 57
    0 -3.427144 -16.783943 -4.359754 -3.033052 -0.081866 -1.360559
    1 -1.187500 -1.036133 0.043274 0.000000 0.000004 0.000000
    2 -1.937500 -1.362305 0.225708 0.000000 0.000002 0.000000
    3 -4.549240 -1.689358 -0.012529 0.000000 0.000000 0.000000
    4 4.331499 0.360595 -0.709097 0.000015 0.000003 0.056022
    5 3.513922 0.962076 -0.004281 0.000004 -0.000001 1.176003
    6 2.855053 0.477292 0.679213 -0.000001 -0.000004 2.896619
    7 1.649902 5.878080 0.032496 -0.000003 0.000002 -1.570796
    8 6.587842 -0.691444 0.025964 -0.000001 -0.000001 1.570796
    9 0.000002 -0.241401 -0.052690 0.000001 0.000001 0.000000
    10 10.620066 1.884898 -0.004843 -1.529186 -0.000002 3.141591
    11 -9.087198 1.359573 -0.008167 -0.000003 0.000002 -1.570796
    12 0.593667 -22.156896 -6.610636 1.718373 -0.396238 -2.310744
    13 1.473659 0.639418 -1.295234 1.663824 0.815148 0.394675
    14 1.832607 0.000002 -0.000008 3.084698 -0.002365 0.012941
    15 1.003335 0.000005 0.000001 -3.042841 -0.012623 0.120635
    16 3.777019 -0.392259 -1.411520 0.415675 -0.031726 -0.167476
    17 2.187956 0.000010 0.000000 -0.118458 0.001479 -0.002775
    18 1.100960 0.000002 0.000000 -0.081140 0.019225 0.255999
    19 3.987863 -0.577452 -0.474712 0.180755 -0.201990 0.120773
    20 1.890109 -0.000010 -0.000001 0.016709 0.005330 0.011249
    21 1.310925 0.000000 0.000000 -0.042244 0.003764 0.257403
    22 4.117986 -0.677973 0.453695 0.413985 -0.216355 0.350228
    23 1.655294 0.000008 0.000000 -0.064065 0.010140 0.008430
    24 0.869582 0.000004 0.000000 -0.310494 -0.023801 0.198028
    25 4.119379 -0.663627 1.354863 -0.378867 -0.343847 0.552407
    26 1.157247 -0.000010 -0.000002 0.186123 0.004335 -0.007561
    27 1.019835 -0.000006 0.000000 -1.448975 -0.073425 0.534413
    28 7.406140 -6.039003 -8.901889 -1.505031 0.642913 -1.707574
    29 12.695427 -0.000020 -0.000008 -0.232308 0.296766 -1.614951
    30 -7.898776 -14.935883 -4.567604 1.610194 -0.069876 -1.366106
    31 1.474215 -0.497926 -1.376118 0.979456 0.426216 -0.250736
    32 1.832179 -0.000010 -0.000002 -2.526135 -0.301549 0.609667
    33 1.042025 -0.000004 -0.000009 -2.896901 -0.278827 -0.192682
    34 3.823320 0.664865 -1.331676 0.205606 0.273515 -0.036532
    35 2.152367 -0.000001 0.000004 0.062007 -0.001476 0.005920
    36 1.056622 -0.000011 0.000000 0.241003 0.000705 -0.002190
    37 3.985134 0.881805 -0.368986 0.128322 -0.008132 -0.090211
    38 1.830183 0.000015 0.000000 0.063848 -0.073976 -1.510189
    39 1.561352 0.000008 -0.000004 0.027622 -0.015755 -1.357316
    40 4.116518 0.711272 0.551869 0.187923 0.006580 -0.361666
    41 1.752727 0.000006 0.000000 0.026521 0.029537 -1.405331
    42 0.869359 -0.000006 0.000000 0.015606 -0.073535 -0.926076
    43 4.118826 0.331223 1.419829 0.128888 -0.005990 -0.280207
    44 1.176321 0.000006 0.000000 -0.027338 0.139049 -0.923530
    45 0.970199 -0.000002 -0.000004 1.655738 0.044667 -1.487290
    46 -7.606037 1.001330 -4.120493 -2.241049 0.897863 -1.878568
    47 12.706336 -0.000035 -0.000009 -0.285127 0.290562 -1.803226
    48 0.000000 0.000000 -0.000003 0.000000 0.000000 0.000000
    49 1.200000 0.000000 0.000010 0.000000 0.000000 0.000000
    50 0.000010 -0.300000 0.000000 3.141593 0.000000 -0.174533
    51 0.000000 -0.000001 0.000000 0.000000 0.000000 0.000000
    52 -0.000003 0.000000 0.000001 3.141592 0.000000 0.000000
    53 0.000006 0.000000 0.000004 0.000000 0.000000 0.349065
    54 0.000000 0.000000 0.000000 3.141593 0.000000 0.000000
    55 -0.000008 -0.000006 0.000000 3.141593 0.000000 0.000000
    56 0.000002 -0.000002 0.000000 3.141593 0.000000 0.000000
    57 0.000014 -0.000004 0.000000 3.141593 0.000000 0.000000
    58 -0.000001 0.000000 0.000000 3.141593 0.000000 -0.000001
    59 0.000000 0.000000 0.000000 3.141593 0.000000 0.000000
    60 0.000010 0.000017 0.000000 3.141593 0.000000 -0.000001
    61 0.000000 0.000004 0.000000 3.141593 0.000000 -0.000001
    62 0.000000 0.000006 0.000000 3.141593 0.000000 -0.000001
    63 0.000001 0.000002 0.000000 3.141593 0.000000 0.000000
    64 0.000000 0.000000 0.000000 -3.141592 0.000000 0.000000
    65 0.000000 0.000000 0.000000 -1.570797 -0.000001 0.000000
    66 0.000000 0.000000 0.000000 0.000000 0.000000 0.000000
    67 1.200000 0.000000 0.000000 0.000000 0.000000 0.000000
    68 0.000009 0.299994 0.000000 0.000000 0.000000 0.174533
    69 -0.000001 -0.000001 -0.000004 0.000000 0.000000 0.000000
    70 -0.000010 0.000000 -0.000003 -3.141592 0.000001 0.000000
    71 0.000000 0.000000 0.000000 0.000001 -0.000001 0.349065
    72 0.000000 -0.000003 0.000000 0.000000 0.000000 0.000000
    73 0.000003 0.000000 0.000000 0.000000 0.000000 0.000000
    74 -0.000010 -0.000006 0.000000 -0.000001 0.000000 0.000000
    75 0.000019 0.000002 0.000000 0.000000 0.000000 0.000000
    76 0.000001 0.000004 0.000000 0.000000 0.000000 -0.000001
    77 0.000000 0.000000 0.000000 0.000000 0.000000 -0.000001
    78 0.000001 -0.000002 0.000000 0.000000 0.000000 -0.000001
    79 0.000000 0.000000 0.000000 0.000000 0.000000 -0.000001
    80 0.000001 0.000008 0.000000 0.000000 0.000000 0.000000
    81 -0.000003 0.000004 0.000000 0.000000 0.000000 0.000000
    82 -0.000007 -0.000008 0.000000 0.000000 0.000000 -0.000001
    83 0.000000 0.000002 -0.000002 -1.570796 0.000000 0.000000
  time 58
    0 -3.423237 -16.780036 -4.359754 -3.030452 -0.079661 -1.360985
    1 -1.187500 -1.036133 0.043274 0.000000 0.000004 0.000000
    2 -1.937500 -1.362305 0.225708 0.000000 0.000002 0.000000
    3 -4.549240 -1.689358 -0.012529 0.000000 0.000000 0.000000
    4 4.331499 0.360595 -0.709097 0.000015 0.000003 0.056022
    5 3.513922 0.962076 -0.004281 0.000004 -0.000001 1.176003
    6 2.855053 0.477292 0.679213 -0.000001 -0.000004 2.896619
    7 1.649902 5.878080 0.032496 -0.000003 0.000002 -1.570796
    8 6.587842 -0.691444 0.025964 -0.000001 -0.000001 1.570796
    9 0.000002 -0.241401 -0.052690 0.000001 0.000001 0.000000
    10 10.620066 1.884898 -0.004843 -1.568531 -0.000002 3.141351
    11 -9.087198 1.359573 -0.008167 -0.000003 0.000002 -1.570796
    12 0.601480 -22.137364 -6.618449 1.718008 -0.392817 -2.310889
    13 1.473659 0.639418 -1.295234 1.663824 0.815148 0.394647
    14 1.832607 0.000002 -0.000008 3.084710 -0.002365 0.012941
    15 1.003335 0.000005 0.000001 -3.042841 -0.012707 0.121523
    16 3.773113 -0.400072 -1.411520 0.415675 -0.031726 -0.167476
    17 2.187956 0.000010 0.000000 -0.118458 0.001479 -0.002775
    18 1.100960 0.000002 0.000000 -0.081140 0.019225 0.255999
    19 3.987863 -0.577452 -0.474712 0.180755 -0.201990 0.120773
    20 1.890109 -0.000010 -0.000001 0.016709 0.005330 0.011249
    21 1.310925 0.000000 0.000000 -0.042244 0.003764 0.257403
    22 4.117986 -0.681879 0.453695 0.413985 -0.216355 0.350228
    23 1.655294 0.000008 0.000000 -0.064065 0.010140 0.008317
    24 0.869582 0.000004 0.000000 -0.310494 -0.023801 0.198028
    25 4.119379 -0.671440 1.354863 -0.378867 -0.343847 0.552239
    26 1.157247 -0.000010 -0.000002 0.186123 0.004335 -0.007561
    27 1.019835 -0.000006 0.000000 -1.448999 -0.073461 0.534413
    28 7.406140 -6.039003 -8.901889 -1.504460 0.643744 -1.706468
    29 12.695427 -0.000020 -0.000008 -0.232761 0.296754 -1.616137
    30 -7.894870 -14.931977 -4.575417 1.612701 -0.067676 -1.366248
    31 1.474215 -0.497926 -1.376118 0.979456 0.426216 -0.250736
    32 1.832179 -0.000010 -0.000002 -2.526135 -0.301549 0.609667
    33 1.042025 -0.000004 -0.000009 -2.896901 -0.278839 -0.192682
    34 3.823320 0.664865 -1.331676 0.205606 0.273515 -0.036532
    35 2.152367 -0.000001 0.000004 0.062007 -0.001476 0.005920
    36 1.056622 -0.000011 0.000000 0.241003 0.000705 -0.002190
    37 3.985134 0.881805 -0.368986 0.128322 -0.008132 -0.090211
    38 1.830183 0.000015 0.000000 0.063848 -0.073976 -1.510189
    39 1.561352 0.000008 -0.000004 0.027622 -0.015755 -1.357316
    40 4.116518 0.711272 0.551869 0.187923 0.006580 -0.361666
    41 1.752727 0.000006 0.000000 0.026521 0.029537 -1.405331
    42 0.869359 -0.000006 0.000000 0.015630 -0.073487 -0.926076
    43 4.118826 0.331223 1.419829 0.128888 -0.005990 -0.280207
    44 1.176321 0.000006 0.000000 -0.027338 0.139049 -0.923530
    45 0.970199 -0.000002 -0.000004 1.655738 0.044655 -1.487290
    46 -7.606037 1.001330 -4.120493 -2.241951 0.898230 -1.878943
    47 12.706336 -0.000035 -0.000009 -0.285270 0.290526 -1.803903
    48 0.000000 0.000000 -0.000003 0.000000 0.000000 0.000000
    49 1.200000 0.000000 0.000010 0.000000 0.000000 0.000000
    50 0.000010 -0.300000 0.000000 3.141593 0.000000 -0.174533
    51 0.000000 -0.000001 0.000000 0.000000 0.000000 0.000000
    52 -0.000003 0.000000 0.000001 3.141592 0.000000 0.000000
    53 0.000006 0.000000 0.000004 0.000000 0.000000 0.349065
    54 0.000000 0.000000 0.000000 3.141593 0.000000 0.000000
    55 -0.000008 -0.000006 0.000000 3.141593 0.000000 0.000000
    56 0.000002 -0.000002 0.000000 3.141593 0.000000 0.000000
    57 0.000014 -0.000004 0.000000 3.141593 0.000000 0.000000
    58 -0.000001 0.000000 0.000000 3.141593 0.000000 -0.000001
    59 0.000000 0.000000 0.000000 3.141593 0.000000 0.000000
    60 0.000010 0.000017 0.000000 3.141593 0.000000 -0.000001
    61 0.000000 0.000004 0.000000 3.141593 0.000000 -0.000001
    62 0.000000 0.000006 0.000000 3.141593 0.000000 -0.000001
    63 0.000001 0.000002 0.000000 3.141593 0.000000 0.000000
    64 0.000000 0.000000 0.000000 -3.141592 0.000000 0.000000
    65 0.000000 0.000000 0.000000 -1.570797 -0.000001 0.000000
    66 0.000000 0.000000 0.000000 0.000000 0.000000 0.000000
    67 1.200000 0.000000 0.000000 0.000000 0.000000 0.000000
    68 0.000009 0.299994 0.000000 0.000000 0.000000 0.174533
    69 -0.000001 -0.000001 -0.000004 0.000000 0.000000 0.000000
    70 -0.000010 0.000000 -0.000003 -3.141592 0.000001 0.000000
    71 0.000000 0.000000 0.000000 0.000001 -0.000001 0.349065
    72 0.000000 -0.000003 0.000000 0.000000 0.000000 0.000000
    73 0.000003 0.000000 0.000000 0.000000 0.000000 0.000000
    74 -0.000010 -0.000006 0.000000 -0.000001 0.000000 0.000000
    75 0.000019 0.000002 0.000000 0.000000 0.000000 0.000000
    76 0.000001 0.000004 0.000000 0.000000 0.000000 -0.000001
    77 0.000000 0.000000 0.000000 0.000000 0.000000 -0.000001
    78 0.000001 -0.000002 0.000000 0.000000 0.000000 -0.000001
    79 0.000000 0.000000 0.000000 0.000000 0.000000 -0.000001
    80 0.000001 0.000008 0.000000 0.000000 0.000000 0.000000
    81 -0.000003 0.000004 0.000000 0.000000 0.000000 0.000000
    82 -0.000007 -0.000008 0.000000 0.000000 0.000000 -0.000001
    83 0.000000 0.000002 -0.000002 -1.570796 0.000000 0.000000
  time 59
    0 -3.419331 -16.776130 -4.359754 -3.027852 -0.077411 -1.361055
    1 -1.187500 -1.036133 0.043274 0.000000 0.000004 0.000000
    2 -1.937500 -1.362305 0.225708 0.000000 0.000002 0.000000
    3 -4.549240 -1.689358 -0.012529 0.000000 0.000000 0.000000
    4 4.331499 0.360595 -0.709097 0.000015 0.000003 0.056022
    5 3.513922 0.962076 -0.004281 0.000004 -0.000001 1.176003
    6 2.855053 0.477292 0.679213 -0.000001 -0.000004 2.896619
    7 1.649902 5.878080 0.032496 -0.000003 0.000002 -1.570796
    8 6.587842 -0.691444 0.025964 -0.000001 -0.000001 1.570796
    9 0.000002 -0.241401 -0.052690 0.000001 0.000001 0.000000
    10 10.620066 1.884898 -0.004843 -1.529186 -0.000002 3.141591
    11 -9.087198 1.359573 -0.008167 -0.000003 0.000002 -1.570796
    12 0.609293 -22.133458 -6.622355 1.717643 -0.389477 -2.311034
    13 1.473659 0.639418 -1.295234 1.663824 0.815148 0.394647
    14 1.832607 0.000002 -0.000008 3.084698 -0.002365 0.012941
    15 1.003335 0.000005 0.000001 -3.042865 -0.012947 0.122893
    16 3.773113 -0.388352 -1.411520 0.415675 -0.031726 -0.167476
    17 2.187956 0.000010 0.000000 -0.118458 0.001479 -0.002775
    18 1.100960 0.000002 0.000000 -0.081140 0.019225 0.255999
    19 3.987863 -0.577452 -0.474712 0.180755 -0.201990 0.120773
    20 1.890109 -0.000010 -0.000001 0.016709 0.005330 0.011288
    21 1.310925 0.000000 0.000000 -0.042244 0.003764 0.257403
    22 4.117986 -0.677973 0.449789 0.413985 -0.216355 0.350228
    23 1.655294 0.000008 0.000000 -0.064065 0.010140 0.008430
    24 0.869582 0.000004 0.000000 -0.310494 -0.023789 0.198028
    25 4.119379 -0.667534 1.354863 -0.378867 -0.343847 0.552281
    26 1.157247 -0.000010 -0.000002 0.186123 0.004335 -0.007561
    27 1.019835 -0.000006 0.000000 -1.448987 -0.073425 0.534413
    28 7.406140 -6.039003 -8.901889 -1.503413 0.644450 -1.705824
    29 12.695427 -0.000020 -0.000008 -0.233181 0.296730 -1.617877
    30 -7.887057 -14.924164 -4.575417 1.615298 -0.065369 -1.366674
    31 1.474215 -0.497926 -1.376118 0.979456 0.426216 -0.250748
    32 1.832179 -0.000010 -0.000002 -2.526135 -0.301549 0.609667
    33 1.042025 -0.000004 -0.000009 -2.896901 -0.278827 -0.192682
    34 3.823320 0.664865 -1.331676 0.205606 0.273515 -0.036532
    35 2.152367 -0.000001 0.000004 0.062043 -0.001476 0.005920
    36 1.056622 -0.000011 0.000000 0.241003 0.000705 -0.002190
    37 3.985134 0.881805 -0.368986 0.128322 -0.008132 -0.090211
    38 1.830183 0.000015 0.000000 0.063848 -0.073976 -1.510189
    39 1.561352 0.000008 -0.000004 0.027622 -0.015755 -1.357316
    40 4.116518 0.711272 0.551869 0.187923 0.006580 -0.361666
    41 1.752727 0.000006 0.000000 0.026521 0.029537 -1.405331
    42 0.869359 -0.000006 0.000000 0.015558 -0.073487 -0.926076
    43 4.118826 0.331223 1.419829 0.128888 -0.005990 -0.280207
    44 1.176321 0.000006 0.000000 -0.027338 0.139049 -0.923484
    45 0.970199 -0.000002 -0.000004 1.655738 0.044655 -1.487290
    46 -7.606037 1.001330 -4.120493 -2.242783 0.898764 -1.879193
    47 12.706336 -0.000035 -0.000009 -0.285570 0.290490 -1.804395
    48 0.000000 0.000000 -0.000003 0.000000 0.000000 0.000000
    49 1.200000 0.000000 0.000010 0.000000 0.000000 0.000000
    50 0.000010 -0.300000 0.000000 3.141593 0.000000 -0.174533
    51 0.000000 -0.000001 0.000000 0.000000 0.000000 0.000000
    52 -0.000003 0.000000 0.000001 3.141592 0.000000 0.000000
    53 0.000006 0.000000 0.000004 0.000000 0.000000 0.349065
    54 0.000000 0.000000 0.000000 3.141593 0.000000 0.000000
    55 -0.000008 -0.000006 0.000000 3.141593 0.000000 0.000000
    56 0.000002 -0.000002 0.000000 3.141593 0.000000 0.000000
    57 0.000014 -0.000004 0.000000 3.141593 0.000000 0.000000
    58 -0.000001 0.000000 0.000000 3.141593 0.000000 -0.000001
    59 0.000000 0.000000 0.000000 3.141593 0.000000 0.000000
    60 0.000010 0.000017 0.000000 3.141593 0.000000 -0.000001
    61 0.000000 0.000004 0.000000 3.141593 0.000000 -0.000001
    62 0.000000 0.000006 0.000000 3.141593 0.000000 -0.000001
    63 0.000001 0.000002 0.000000 3.141593 0.000000 0.000000
    64 0.000000 0.000000 0.000000 -3.141592 0.000000 0.000000
    65 0.000000 0.000000 0.000000 -1.570797 -0.000001 0.000000
    66 0.000000 0.000000 0.000000 0.000000 0.000000 0.000000
    67 1.200000 0.000000 0.000000 0.000000 0.000000 0.000000
    68 0.000009 0.299994 0.000000 0.000000 0.000000 0.174533
    69 -0.000001 -0.000001 -0.000004 0.000000 0.000000 0.000000
    70 -0.000010 0.000000 -0.000003 -3.141592 0.000001 0.000000
    71 0.000000 0.000000 0.000000 0.000001 -0.000001 0.349065
    72 0.000000 -0.000003 0.000000 0.000000 0.000000 0.000000
    73 0.000003 0.000000 0.000000 0.000000 0.000000 0.000000
    74 -0.000010 -0.000006 0.000000 -0.000001 0.000000 0.000000
    75 0.000019 0.000002 0.000000 0.000000 0.000000 0.000000
    76 0.000001 0.000004 0.000000 0.000000 0.000000 -0.000001
    77 0.000000 0.000000 0.000000 0.000000 0.000000 -0.000001
    78 0.000001 -0.000002 0.000000 0.000000 0.000000 -0.000001
    79 0.000000 0.000000 0.000000 0.000000 0.000000 -0.000001
    80 0.000001 0.000008 0.000000 0.000000 0.000000 0.000000
    81 -0.000003 0.000004 0.000000 0.000000 0.000000 0.000000
    82 -0.000007 -0.000008 0.000000 0.000000 0.000000 -0.000001
    83 0.000000 0.000002 -0.000002 -1.570796 0.000000 0.000000
  time 60
    0 -3.415425 -16.772224 -4.359754 -3.025297 -0.075206 -1.361126
    1 -1.186523 -1.037109 0.043274 0.000000 0.000004 0.000000
    2 -1.940901 -1.361039 0.227474 0.000003 0.000007 -0.000003
    3 -4.549240 -1.689358 -0.012529 0.000000 0.000000 0.000000
    4 4.331499 0.360595 -0.709097 0.000015 0.000003 0.056022
    5 3.513922 0.962076 -0.004281 0.000004 -0.000001 1.176003
    6 2.855053 0.477292 0.679213 -0.000001 -0.000004 2.896619
    7 1.649902 5.878080 0.032496 -0.000003 0.000002 -1.570796
    8 6.587842 -0.691444 0.025964 -0.000001 -0.000001 1.570796
    9 0.000002 -0.241401 -0.052690 0.000001 0.000001 0.000000
    10 10.620066 1.884898 -0.004843 -1.529186 -0.000002 3.141591
    11 -9.087198 1.359573 -0.008167 -0.000003 0.000002 -1.570796
    12 0.617106 -22.129551 -6.630168 1.717278 -0.386056 -2.311034
    13 1.473659 0.639418 -1.295234 1.663824 0.815148 0.394675
    14 1.832607 0.000002 -0.000008 3.084710 -0.002329 0.012941
    15 1.003335 0.000005 0.000001 -3.042889 -0.013127 0.124840
    16 3.765300 -0.400072 -1.411520 0.415675 -0.031726 -0.167476
    17 2.187956 0.000010 0.000000 -0.118458 0.001479 -0.002636
    18 1.100960 0.000002 0.000000 -0.081140 0.019225 0.256070
    19 3.987863 -0.577452 -0.474712 0.180755 -0.201990 0.120773
    20 1.890109 -0.000010 -0.000001 0.016709 0.005330 0.011288
    21 1.310925 0.000000 0.000000 -0.042244 0.003764 0.257403
    22 4.117986 -0.677973 0.445882 0.413985 -0.216355 0.350228
    23 1.655294 0.000008 0.000000 -0.064065 0.010140 0.008430
    24 0.869582 0.000004 0.000000 -0.310494 -0.023801 0.198028
    25 4.115473 -0.671440 1.354863 -0.378867 -0.343847 0.552281
    26 1.157247 -0.000010 -0.000002 0.186123 0.004335 -0.007561
    27 1.019835 -0.000006 0.000000 -1.448975 -0.073425 0.534413
    28 7.406140 -6.039003 -8.901889 -1.502366 0.645198 -1.704349
    29 12.695427 -0.000020 -0.000008 -0.233567 0.296718 -1.619142
    30 -7.883151 -14.920258 -4.583230 1.617895 -0.063200 -1.367029
    31 1.474215 -0.497926 -1.376118 0.979456 0.426216 -0.250736
    32 1.832179 -0.000010 -0.000002 -2.526123 -0.301561 0.609667
    33 1.042025 -0.000004 -0.000009 -2.896901 -0.278851 -0.192682
    34 3.823320 0.664865 -1.331676 0.205606 0.273491 -0.036532
    35 2.152367 -0.000001 0.000004 0.062031 -0.001488 0.005920
    36 1.056622 -0.000011 0.000000 0.241003 0.000717 -0.002202
    37 3.985134 0.881805 -0.368986 0.128322 -0.008132 -0.090211
    38 1.830183 0.000015 0.000000 0.063848 -0.073976 -1.510189
    39 1.561352 0.000008 -0.000004 0.027622 -0.015755 -1.357316
    40 4.116518 0.711272 0.551869 0.187923 0.006580 -0.361666
    41 1.752727 0.000006 0.000000 0.026521 0.029537 -1.405331
    42 0.869359 -0.000006 0.000000 0.015570 -0.073487 -0.926076
    43 4.118826 0.331223 1.419829 0.128888 -0.005990 -0.280207
    44 1.176321 0.000006 0.000000 -0.027338 0.139049 -0.923484
    45 0.970199 -0.000002 -0.000004 1.655618 0.044631 -1.487290
    46 -7.606037 1.001330 -4.120493 -2.243616 0.899064 -1.879630
    47 12.706336 -0.000035 -0.000009 -0.285739 0.290454 -1.805072
    48 0.000000 0.000000 -0.000003 0.000000 0.000000 0.000000
    49 1.200000 0.000000 0.000010 0.000000 0.000000 0.000000
    50 0.000010 -0.300000 0.000000 3.141593 0.000000 -0.174533
    51 0.000000 -0.000001 0.000000 0.000000 0.000000 0.000000
    52 -0.000003 0.000000 0.000001 3.141592 0.000000 0.000000
    53 0.000006 0.000000 0.000004 0.000000 0.000000 0.349065
    54 0.000000 0.000000 0.000000 3.141593 0.000000 0.000000
    55 -0.000008 -0.000006 0.000000 3.141593 0.000000 0.000000
    56 0.000002 -0.000002 0.000000 3.141593 0.000000 0.000000
    57 0.000014 -0.000004 0.000000 3.141593 0.000000 0.000000
    58 -0.000001 0.000000 0.000000 3.141593 0.000000 -0.000001
    59 0.000000 0.000000 0.000000 3.141593 0.000000 0.000000
    60 0.000010 0.000017 0.000000 3.141593 0.000000 -0.000001
    61 0.000000 0.000004 0.000000 3.141593 0.000000 -0.000001
    62 0.000000 0.000006 0.000000 3.141593 0.000000 -0.000001
    63 0.000001 0.000002 0.000000 3.141593 0.000000 0.000000
    64 0.000000 0.000000 0.000000 -3.141592 0.000000 0.000000
    65 0.000000 0.000000 0.000000 -1.570797 -0.000001 0.000000
    66 0.000000 0.000000 0.000000 0.000000 0.000000 0.000000
    67 1.200000 0.000000 0.000000 0.000000 0.000000 0.000000
    68 0.000009 0.299994 0.000000 0.000000 0.000000 0.174533
    69 -0.000001 -0.000001 -0.000004 0.000000 0.000000 0.000000
    70 -0.000010 0.000000 -0.000003 -3.141592 0.000001 0.000000
    71 0.000000 0.000000 0.000000 0.000001 -0.000001 0.349065
    72 0.000000 -0.000003 0.000000 0.000000 0.000000 0.000000
    73 0.000003 0.000000 0.000000 0.000000 0.000000 0.000000
    74 -0.000010 -0.000006 0.000000 -0.000001 0.000000 0.000000
    75 0.000019 0.000002 0.000000 0.000000 0.000000 0.000000
    76 0.000001 0.000004 0.000000 0.000000 0.000000 -0.000001
    77 0.000000 0.000000 0.000000 0.000000 0.000000 -0.000001
    78 0.000001 -0.000002 0.000000 0.000000 0.000000 -0.000001
    79 0.000000 0.000000 0.000000 0.000000 0.000000 -0.000001
    80 0.000001 0.000008 0.000000 0.000000 0.000000 0.000000
    81 -0.000003 0.000004 0.000000 0.000000 0.000000 0.000000
    82 -0.000007 -0.000008 0.000000 0.000000 0.000000 -0.000001
    83 0.000000 0.000002 -0.000002 -1.570796 0.000000 0.000000
  time 61
    0 -3.411518 -16.768317 -4.359754 -3.023145 -0.073273 -1.361481
    1 -1.186523 -1.037109 0.043274 0.000000 0.000004 0.000000
    2 -1.940901 -1.361039 0.227474 0.000003 0.000007 -0.000003
    3 -4.549240 -1.689358 -0.012529 0.000000 0.000000 0.000000
    4 4.331499 0.360595 -0.709097 0.000015 0.000003 0.056022
    5 3.513922 0.962076 -0.004281 0.000004 -0.000001 1.176003
    6 2.855053 0.477292 0.679213 -0.000001 -0.000004 2.896619
    7 1.649902 5.878080 0.032496 -0.000003 0.000002 -1.570796
    8 6.587842 -0.691444 0.025964 -0.000001 -0.000001 1.570796
    9 0.000002 -0.241401 -0.052690 0.000001 0.000001 0.000000
    10 10.620066 1.884898 -0.004843 -1.529186 -0.000002 3.141591
    11 -9.087198 1.359573 -0.008167 -0.000003 0.000002 -1.570796
    12 0.624918 -22.121739 -6.634074 1.717278 -0.383078 -2.311179
    13 1.473659 0.639418 -1.295234 1.663824 0.815099 0.394647
    14 1.832607 0.000002 -0.000008 3.084698 -0.002353 0.012941
    15 1.003335 0.000005 0.000001 -3.042937 -0.013270 0.127316
    16 3.777019 -0.396165 -1.411520 0.415675 -0.031726 -0.167476
    17 2.187956 0.000010 0.000000 -0.118458 0.001479 -0.002775
    18 1.100960 0.000002 0.000000 -0.081140 0.019225 0.255999
    19 3.987863 -0.573545 -0.474712 0.180755 -0.201990 0.120773
    20 1.890109 -0.000010 -0.000001 0.016709 0.005330 0.011249
    21 1.310925 0.000000 0.000000 -0.042244 0.003764 0.257403
    22 4.117986 -0.677973 0.453695 0.413985 -0.216355 0.350228
    23 1.655294 0.000008 0.000000 -0.064065 0.010140 0.008430
    24 0.869582 0.000004 0.000000 -0.310494 -0.023789 0.198028
    25 4.119379 -0.659721 1.354863 -0.378867 -0.343847 0.552365
    26 1.157247 -0.000010 -0.000002 0.186123 0.004335 -0.007561
    27 1.019835 -0.000006 0.000000 -1.448975 -0.073425 0.534413
    28 7.406140 -6.039003 -8.901889 -1.500938 0.645738 -1.703244
    29 12.695427 -0.000020 -0.000008 -0.233886 0.296706 -1.620249
    30 -7.879245 -14.912445 -4.587136 1.620089 -0.061229 -1.367811
    31 1.474215 -0.497926 -1.376118 0.979456 0.426216 -0.250748
    32 1.832179 -0.000010 -0.000002 -2.526123 -0.301561 0.609667
    33 1.042025 -0.000004 -0.000009 -2.896901 -0.278839 -0.192682
    34 3.823320 0.664865 -1.331676 0.205606 0.273503 -0.036532
    35 2.152367 -0.000001 0.000004 0.062007 -0.001488 0.005920
    36 1.056622 -0.000011 0.000000 0.241003 0.000717 -0.002178
    37 3.985134 0.881805 -0.368986 0.128322 -0.008132 -0.090211
    38 1.830183 0.000015 0.000000 0.063848 -0.073976 -1.510189
    39 1.561352 0.000008 -0.000004 0.027622 -0.015755 -1.357316
    40 4.116518 0.711272 0.551869 0.187923 0.006580 -0.361666
    41 1.752727 0.000006 0.000000 0.026509 0.029537 -1.405331
    42 0.869359 -0.000006 0.000000 0.015558 -0.073475 -0.926076
    43 4.118826 0.331223 1.419829 0.128888 -0.005990 -0.280207
    44 1.176321 0.000006 0.000000 -0.027338 0.139049 -0.923507
    45 0.970199 -0.000002 -0.000004 1.655618 0.044631 -1.487290
    46 -7.606037 1.001330 -4.120493 -2.244032 0.899498 -1.880005
    47 12.706336 -0.000035 -0.000009 -0.285804 0.290418 -1.805564
    48 0.000000 0.000000 -0.000003 0.000000 0.000000 0.000000
    49 1.200000 0.000000 0.000010 0.000000 0.000000 0.000000
    50 0.000010 -0.300000 0.000000 3.141593 0.000000 -0.174533
    51 0.000000 -0.000001 0.000000 0.000000 0.000000 0.000000
    52 -0.000003 0.000000 0.000001 3.141592 0.000000 0.000000
    53 0.000006 0.000000 0.000004 0.000000 0.000000 0.349065
    54 0.000000 0.000000 0.000000 3.141593 0.000000 0.000000
    55 -0.000008 -0.000006 0.000000 3.141593 0.000000 0.000000
    56 0.000002 -0.000002 0.000000 3.141593 0.000000 0.000000
    57 0.000014 -0.000004 0.000000 3.141593 0.000000 0.000000
    58 -0.000001 0.000000 0.000000 3.141593 0.000000 -0.000001
    59 0.000000 0.000000 0.000000 3.141593 0.000000 0.000000
    60 0.000010 0.000017 0.000000 3.141593 0.000000 -0.000001
    61 0.000000 0.000004 0.000000 3.141593 0.000000 -0.000001
    62 0.000000 0.000006 0.000000 3.141593 0.000000 -0.000001
    63 0.000001 0.000002 0.000000 3.141593 0.000000 0.000000
    64 0.000000 0.000000 0.000000 -3.141592 0.000000 0.000000
    65 0.000000 0.000000 0.000000 -1.570797 -0.000001 0.000000
    66 0.000000 0.000000 0.000000 0.000000 0.000000 0.000000
    67 1.200000 0.000000 0.000000 0.000000 0.000000 0.000000
    68 0.000009 0.299994 0.000000 0.000000 0.000000 0.174533
    69 -0.000001 -0.000001 -0.000004 0.000000 0.000000 0.000000
    70 -0.000010 0.000000 -0.000003 -3.141592 0.000001 0.000000
    71 0.000000 0.000000 0.000000 0.000001 -0.000001 0.349065
    72 0.000000 -0.000003 0.000000 0.000000 0.000000 0.000000
    73 0.000003 0.000000 0.000000 0.000000 0.000000 0.000000
    74 -0.000010 -0.000006 0.000000 -0.000001 0.000000 0.000000
    75 0.000019 0.000002 0.000000 0.000000 0.000000 0.000000
    76 0.000001 0.000004 0.000000 0.000000 0.000000 -0.000001
    77 0.000000 0.000000 0.000000 0.000000 0.000000 -0.000001
    78 0.000001 -0.000002 0.000000 0.000000 0.000000 -0.000001
    79 0.000000 0.000000 0.000000 0.000000 0.000000 -0.000001
    80 0.000001 0.000008 0.000000 0.000000 0.000000 0.000000
    81 -0.000003 0.000004 0.000000 0.000000 0.000000 0.000000
    82 -0.000007 -0.000008 0.000000 0.000000 0.000000 -0.000001
    83 0.000000 0.000002 -0.000002 -1.570796 0.000000 0.000000
  time 62
    0 -3.407612 -16.764411 -4.359754 -3.021128 -0.071642 -1.361765
    1 -1.186523 -1.037109 0.043274 0.000000 0.000004 0.000000
    2 -1.940901 -1.361039 0.227474 0.000003 0.000007 -0.000003
    3 -4.549240 -1.689358 -0.012529 0.000000 0.000000 0.000000
    4 4.331499 0.360595 -0.709097 0.000015 0.000003 0.056022
    5 3.513922 0.962076 -0.004281 0.000004 -0.000001 1.176003
    6 2.855053 0.477292 0.679213 -0.000001 -0.000004 2.896619
    7 1.649902 5.878080 0.032496 -0.000003 0.000002 -1.570796
    8 6.587842 -0.691444 0.025964 -0.000001 -0.000001 1.570796
    9 0.000002 -0.241401 -0.052690 0.000001 0.000001 0.000000
    10 10.620066 1.884898 -0.004843 -1.529186 -0.000002 3.141591
    11 -9.087198 1.359573 -0.008167 -0.000003 0.000002 -1.570796
    12 0.628825 -22.113926 -6.641887 1.716913 -0.380744 -2.311324
    13 1.473659 0.639418 -1.295234 1.663824 0.815148 0.394675
    14 1.832607 0.000002 -0.000008 3.084698 -0.002305 0.012941
    15 1.003335 0.000005 0.000001 -3.042973 -0.013690 0.130337
    16 3.780925 -0.396165 -1.411520 0.415675 -0.031726 -0.167476
    17 2.187956 0.000010 0.000000 -0.118458 0.001479 -0.002775
    18 1.100960 0.000002 0.000000 -0.081140 0.019225 0.255999
    19 3.987863 -0.573545 -0.474712 0.180755 -0.201990 0.120773
    20 1.890109 -0.000010 -0.000001 0.016709 0.005330 0.011288
    21 1.310925 0.000000 0.000000 -0.042244 0.003764 0.257403
    22 4.117986 -0.670160 0.453695 0.413985 -0.216355 0.350228
    23 1.655294 0.000008 0.000000 -0.064065 0.010140 0.008317
    24 0.869582 0.000004 0.000000 -0.310494 -0.023789 0.198028
    25 4.115473 -0.659721 1.354863 -0.378867 -0.343847 0.552302
    26 1.157247 -0.000010 -0.000002 0.186123 0.004335 -0.007561
    27 1.019835 -0.000006 0.000000 -1.448987 -0.073425 0.534413
    28 7.406140 -6.039003 -8.901889 -1.499891 0.646195 -1.702138
    29 12.695427 -0.000020 -0.000008 -0.234205 0.296682 -1.621198
    30 -7.875338 -14.908539 -4.587136 1.621925 -0.059579 -1.367811
    31 1.474215 -0.497926 -1.376118 0.979456 0.426216 -0.250736
    32 1.832179 -0.000010 -0.000002 -2.526123 -0.301561 0.609667
    33 1.042025 -0.000004 -0.000009 -2.896901 -0.278839 -0.192682
    34 3.823320 0.664865 -1.331676 0.205606 0.273503 -0.036532
    35 2.152367 -0.000001 0.000004 0.062007 -0.001488 0.005920
    36 1.056622 -0.000011 0.000000 0.241003 0.000717 -0.002190
    37 3.985134 0.881805 -0.368986 0.128322 -0.008132 -0.090211
    38 1.830183 0.000015 0.000000 0.063848 -0.073976 -1.510189
    39 1.561352 0.000008 -0.000004 0.027622 -0.015755 -1.357316
    40 4.116518 0.711272 0.551869 0.187923 0.006580 -0.361666
    41 1.752727 0.000006 0.000000 0.026521 0.029549 -1.405331
    42 0.869359 -0.000006 0.000000 0.015606 -0.073475 -0.926076
    43 4.118826 0.331223 1.419829 0.128888 -0.005990 -0.280207
    44 1.176321 0.000006 0.000000 -0.027338 0.139049 -0.923530
    45 0.970199 -0.000002 -0.000004 1.655618 0.044631 -1.487290
    46 -7.606037 1.001330 -4.120493 -2.244656 0.899898 -1.880255
    47 12.706336 -0.000035 -0.000009 -0.285895 0.290382 -1.805995
    48 0.000000 0.000000 -0.000003 0.000000 0.000000 0.000000
    49 1.200000 0.000000 0.000010 0.000000 0.000000 0.000000
    50 0.000010 -0.300000 0.000000 3.141593 0.000000 -0.174533
    51 0.000000 -0.000001 0.000000 0.000000 0.000000 0.000000
    52 -0.000003 0.000000 0.000001 3.141592 0.000000 0.000000
    53 0.000006 0.000000 0.000004 0.000000 0.000000 0.349065
    54 0.000000 0.000000 0.000000 3.141593 0.000000 0.000000
    55 -0.000008 -0.000006 0.000000 3.141593 0.000000 0.000000
    56 0.000002 -0.000002 0.000000 3.141593 0.000000 0.000000
    57 0.000014 -0.000004 0.000000 3.141593 0.000000 0.000000
    58 -0.000001 0.000000 0.000000 3.141593 0.000000 -0.000001
    59 0.000000 0.000000 0.000000 3.141593 0.000000 0.000000
    60 0.000010 0.000017 0.000000 3.141593 0.000000 -0.000001
    61 0.000000 0.000004 0.000000 3.141593 0.000000 -0.000001
    62 0.000000 0.000006 0.000000 3.141593 0.000000 -0.000001
    63 0.000001 0.000002 0.000000 3.141593 0.000000 0.000000
    64 0.000000 0.000000 0.000000 -3.141592 0.000000 0.000000
    65 0.000000 0.000000 0.000000 -1.570797 -0.000001 0.000000
    66 0.000000 0.000000 0.000000 0.000000 0.000000 0.000000
    67 1.200000 0.000000 0.000000 0.000000 0.000000 0.000000
    68 0.000009 0.299994 0.000000 0.000000 0.000000 0.174533
    69 -0.000001 -0.000001 -0.000004 0.000000 0.000000 0.000000
    70 -0.000010 0.000000 -0.000003 -3.141592 0.000001 0.000000
    71 0.000000 0.000000 0.000000 0.000001 -0.000001 0.349065
    72 0.000000 -0.000003 0.000000 0.000000 0.000000 0.000000
    73 0.000003 0.000000 0.000000 0.000000 0.000000 0.000000
    74 -0.000010 -0.000006 0.000000 -0.000001 0.000000 0.000000
    75 0.000019 0.000002 0.000000 0.000000 0.000000 0.000000
    76 0.000001 0.000004 0.000000 0.000000 0.000000 -0.000001
    77 0.000000 0.000000 0.000000 0.000000 0.000000 -0.000001
    78 0.000001 -0.000002 0.000000 0.000000 0.000000 -0.000001
    79 0.000000 0.000000 0.000000 0.000000 0.000000 -0.000001
    80 0.000001 0.000008 0.000000 0.000000 0.000000 0.000000
    81 -0.000003 0.000004 0.000000 0.000000 0.000000 0.000000
    82 -0.000007 -0.000008 0.000000 0.000000 0.000000 -0.000001
    83 0.000000 0.000002 -0.000002 -1.570796 0.000000 0.000000
  time 63
    0 -3.403706 -16.760505 -4.359754 -3.019828 -0.070449 -1.361978
    1 -1.186523 -1.037109 0.043274 0.000000 0.000004 0.000000
    2 -1.940901 -1.361039 0.227474 0.000003 0.000007 -0.000003
    3 -4.549240 -1.689358 -0.012529 0.000000 0.000000 0.000000
    4 4.331499 0.360595 -0.709097 0.000015 0.000003 0.056022
    5 3.513922 0.962076 -0.004281 0.000004 -0.000001 1.176003
    6 2.855053 0.477292 0.679213 -0.000001 -0.000004 2.896619
    7 1.649902 5.878080 0.032496 -0.000003 0.000002 -1.570796
    8 6.587842 -0.691444 0.025964 -0.000001 -0.000001 1.570796
    9 0.000002 -0.241401 -0.052690 0.000001 0.000001 0.000000
    10 10.620066 1.884898 -0.004843 -1.529186 -0.000002 3.141591
    11 -9.087198 1.359573 -0.008167 -0.000003 0.000002 -1.570796
    12 0.632731 -22.110019 -6.641887 1.716548 -0.378933 -2.311324
    13 1.473659 0.639418 -1.295234 1.663824 0.815148 0.394675
    14 1.832607 0.000002 -0.000008 3.084698 -0.002329 0.012941
    15 1.003335 0.000005 0.000001 -3.043117 -0.013941 0.133840
    16 3.773113 -0.384446 -1.411520 0.415675 -0.031726 -0.167476
    17 2.187956 0.000010 0.000000 -0.118458 0.001479 -0.002775
    18 1.100960 0.000002 0.000000 -0.081140 0.019225 0.255999
    19 3.987863 -0.573545 -0.474712 0.180755 -0.201990 0.120773
    20 1.890109 -0.000010 -0.000001 0.016709 0.005330 0.011288
    21 1.310925 0.000000 0.000000 -0.042244 0.003764 0.257403
    22 4.117986 -0.658441 0.453695 0.413985 -0.216355 0.350228
    23 1.655294 0.000008 0.000000 -0.064065 0.010140 0.008430
    24 0.869582 0.000004 0.000000 -0.310494 -0.023813 0.198028
    25 4.115473 -0.648002 1.354863 -0.378867 -0.343847 0.552260
    26 1.157247 -0.000010 -0.000002 0.186123 0.004335 -0.007561
    27 1.019835 -0.000006 0.000000 -1.448975 -0.073437 0.534413
    28 7.406140 -6.039003 -8.901889 -1.498368 0.646444 -1.700756
    29 12.695427 -0.000020 -0.000008 -0.234440 0.296670 -1.622226
    30 -7.871432 -14.900726 -4.587136 1.623268 -0.058418 -1.367953
    31 1.474215 -0.497926 -1.376118 0.979456 0.426216 -0.250736
    32 1.832179 -0.000010 -0.000002 -2.526135 -0.301561 0.609667
    33 1.042025 -0.000004 -0.000009 -2.896901 -0.278827 -0.192682
    34 3.823320 0.664865 -1.331676 0.205606 0.273395 -0.036532
    35 2.152367 -0.000001 0.000004 0.062007 -0.001488 0.005920
    36 1.056622 -0.000011 0.000000 0.241003 0.000717 -0.002190
    37 3.985134 0.881805 -0.368986 0.128322 -0.008132 -0.090211
    38 1.830183 0.000015 0.000000 0.063848 -0.073976 -1.510189
    39 1.561352 0.000008 -0.000004 0.027622 -0.015755 -1.357316
    40 4.116518 0.711272 0.551869 0.187923 0.006580 -0.361666
    41 1.752727 0.000006 0.000000 0.026521 0.029537 -1.405331
    42 0.869359 -0.000006 0.000000 0.015642 -0.073475 -0.926076
    43 4.118826 0.331223 1.419829 0.128888 -0.005990 -0.280207
    44 1.176321 0.000006 0.000000 -0.027338 0.139049 -0.923507
    45 0.970199 -0.000002 -0.000004 1.655618 0.044631 -1.487290
    46 -7.606037 1.001330 -4.120493 -2.245211 0.900132 -1.880505
    47 12.706336 -0.000035 -0.000009 -0.286025 0.290238 -1.806364
    48 0.000000 0.000000 -0.000003 0.000000 0.000000 0.000000
    49 1.200000 0.000000 0.000010 0.000000 0.000000 0.000000
    50 0.000010 -0.300000 0.000000 3.141593 0.000000 -0.174533
    51 0.000000 -0.000001 0.000000 0.000000 0.000000 0.000000
    52 -0.000003 0.000000 0.000001 3.141592 0.000000 0.000000
    53 0.000006 0.000000 0.000004 0.000000 0.000000 0.349065
    54 0.000000 0.000000 0.000000 3.141593 0.000000 0.000000
    55 -0.000008 -0.000006 0.000000 3.141593 0.000000 0.000000
    56 0.000002 -0.000002 0.000000 3.141593 0.000000 0.000000
    57 0.000014 -0.000004 0.000000 3.141593 0.000000 0.000000
    58 -0.000001 0.000000 0.000000 3.141593 0.000000 -0.000001
    59 0.000000 0.000000 0.000000 3.141593 0.000000 0.000000
    60 0.000010 0.000017 0.000000 3.141593 0.000000 -0.000001
    61 0.000000 0.000004 0.000000 3.141593 0.000000 -0.000001
    62 0.000000 0.000006 0.000000 3.141593 0.000000 -0.000001
    63 0.000001 0.000002 0.000000 3.141593 0.000000 0.000000
    64 0.000000 0.000000 0.000000 -3.141592 0.000000 0.000000
    65 0.000000 0.000000 0.000000 -1.570797 -0.000001 0.000000
    66 0.000000 0.000000 0.000000 0.000000 0.000000 0.000000
    67 1.200000 0.000000 0.000000 0.000000 0.000000 0.000000
    68 0.000009 0.299994 0.000000 0.000000 0.000000 0.174533
    69 -0.000001 -0.000001 -0.000004 0.000000 0.000000 0.000000
    70 -0.000010 0.000000 -0.000003 -3.141592 0.000001 0.000000
    71 0.000000 0.000000 0.000000 0.000001 -0.000001 0.349065
    72 0.000000 -0.000003 0.000000 0.000000 0.000000 0.000000
    73 0.000003 0.000000 0.000000 0.000000 0.000000 0.000000
    74 -0.000010 -0.000006 0.000000 -0.000001 0.000000 0.000000
    75 0.000019 0.000002 0.000000 0.000000 0.000000 0.000000
    76 0.000001 0.000004 0.000000 0.000000 0.000000 -0.000001
    77 0.000000 0.000000 0.000000 0.000000 0.000000 -0.000001
    78 0.000001 -0.000002 0.000000 0.000000 0.000000 -0.000001
    79 0.000000 0.000000 0.000000 0.000000 0.000000 -0.000001
    80 0.000001 0.000008 0.000000 0.000000 0.000000 0.000000
    81 -0.000003 0.000004 0.000000 0.000000 0.000000 0.000000
    82 -0.000007 -0.000008 0.000000 0.000000 0.000000 -0.000001
    83 0.000000 0.000002 -0.000002 -1.570796 0.000000 0.000000
  time 64
    0 -3.399799 -16.760505 -4.363661 -3.019066 -0.069709 -1.362120
    1 -1.186523 -1.037109 0.043274 0.000000 0.000004 0.000000
    2 -1.940901 -1.361039 0.227474 0.000003 0.000007 -0.000003
    3 -4.549240 -1.689358 -0.012529 0.000000 0.000000 0.000000
    4 4.331499 0.360595 -0.709097 0.000015 0.000003 0.056022
    5 3.513922 0.962076 -0.004281 0.000004 -0.000001 1.176003
    6 2.855053 0.477292 0.679213 -0.000001 -0.000004 2.896619
    7 1.649902 5.878080 0.032496 -0.000003 0.000002 -1.570796
    8 6.587842 -0.691444 0.025964 -0.000001 -0.000001 1.570796
    9 0.000002 -0.241401 -0.052690 0.000001 0.000001 0.000000
    10 10.620066 1.884898 -0.004843 -1.568531 -0.000002 3.141351
    11 -9.087198 1.359573 -0.008167 -0.000003 0.000002 -1.570796
    12 0.636637 -22.106113 -6.641887 1.716457 -0.377806 -2.311324
    13 1.473659 0.639418 -1.295234 1.663824 0.815148 0.394675
    14 1.832607 0.000002 -0.000008 3.084698 -0.002365 0.012941
    15 1.003335 0.000005 0.000001 -3.043189 -0.014385 0.137858
    16 3.777019 -0.384446 -1.411520 0.415675 -0.031726 -0.167476
    17 2.187956 0.000010 0.000000 -0.118458 0.001479 -0.002636
    18 1.100960 0.000002 0.000000 -0.081140 0.019225 0.255999
    19 3.987863 -0.577452 -0.474712 0.180755 -0.201990 0.120773
    20 1.890109 -0.000010 -0.000001 0.016709 0.005330 0.011288
    21 1.310925 0.000000 0.000000 -0.042244 0.003764 0.257403
    22 4.117986 -0.670160 0.453695 0.413985 -0.216355 0.350228
    23 1.655294 0.000008 0.000000 -0.064065 0.010140 0.008430
    24 0.869582 0.000004 0.000000 -0.310494 -0.023789 0.198028
    25 4.111566 -0.667534 1.354863 -0.378867 -0.343847 0.552365
    26 1.157247 -0.000010 -0.000002 0.186123 0.004335 -0.007561
    27 1.019835 -0.000006 0.000000 -1.449011 -0.073425 0.534413
    28 7.406140 -6.039003 -8.901889 -1.496464 0.646444 -1.699374
    29 12.695427 -0.000020 -0.000008 -0.234658 0.296670 -1.623017
    30 -7.867525 -14.900726 -4.587136 1.624074 -0.057700 -1.368024
    31 1.474215 -0.497926 -1.376118 0.979456 0.426216 -0.250748
    32 1.832179 -0.000010 -0.000002 -2.526135 -0.301561 0.609667
    33 1.042025 -0.000004 -0.000009 -2.896901 -0.278851 -0.192682
    34 3.823320 0.664865 -1.331676 0.205606 0.273503 -0.036532
    35 2.152367 -0.000001 0.000004 0.062007 -0.001488 0.005920
    36 1.056622 -0.000011 0.000000 0.241003 0.000717 -0.002190
    37 3.985134 0.881805 -0.368986 0.128322 -0.008132 -0.090211
    38 1.830183 0.000015 0.000000 0.063848 -0.073976 -1.510189
    39 1.561352 0.000008 -0.000004 0.027622 -0.015755 -1.357316
    40 4.116518 0.711272 0.551869 0.187923 0.006580 -0.361666
    41 1.752727 0.000006 0.000000 0.026521 0.029537 -1.405331
    42 0.869359 -0.000006 0.000000 0.015642 -0.073475 -0.926076
    43 4.118826 0.331223 1.419829 0.128888 -0.005990 -0.280207
    44 1.176321 0.000006 0.000000 -0.027338 0.139049 -0.923530
    45 0.970199 -0.000002 -0.000004 1.655618 0.044631 -1.487290
    46 -7.606037 1.001330 -4.120493 -2.245766 0.900399 -1.880692
    47 12.706336 -0.000035 -0.000009 -0.286221 0.290346 -1.806733
    48 0.000000 0.000000 -0.000003 0.000000 0.000000 0.000000
    49 1.200000 0.000000 0.000010 0.000000 0.000000 0.000000
    50 0.000010 -0.300000 0.000000 3.141593 0.000000 -0.174533
    51 0.000000 -0.000001 0.000000 0.000000 0.000000 0.000000
    52 -0.000003 0.000000 0.000001 3.141592 0.000000 0.000000
    53 0.000006 0.000000 0.000004 0.000000 0.000000 0.349065
    54 0.000000 0.000000 0.000000 3.141593 0.000000 0.000000
    55 -0.000008 -0.000006 0.000000 3.141593 0.000000 0.000000
    56 0.000002 -0.000002 0.000000 3.141593 0.000000 0.000000
    57 0.000014 -0.000004 0.000000 3.141593 0.000000 0.000000
    58 -0.000001 0.000000 0.000000 3.141593 0.000000 -0.000001
    59 0.000000 0.000000 0.000000 3.141593 0.000000 0.000000
    60 0.000010 0.000017 0.000000 3.141593 0.000000 -0.000001
    61 0.000000 0.000004 0.000000 3.141593 0.000000 -0.000001
    62 0.000000 0.000006 0.000000 3.141593 0.000000 -0.000001
    63 0.000001 0.000002 0.000000 3.141593 0.000000 0.000000
    64 0.000000 0.000000 0.000000 -3.141592 0.000000 0.000000
    65 0.000000 0.000000 0.000000 -1.570797 -0.000001 0.000000
    66 0.000000 0.000000 0.000000 0.000000 0.000000 0.000000
    67 1.200000 0.000000 0.000000 0.000000 0.000000 0.000000
    68 0.000009 0.299994 0.000000 0.000000 0.000000 0.174533
    69 -0.000001 -0.000001 -0.000004 0.000000 0.000000 0.000000
    70 -0.000010 0.000000 -0.000003 -3.141592 0.000001 0.000000
    71 0.000000 0.000000 0.000000 0.000001 -0.000001 0.349065
    72 0.000000 -0.000003 0.000000 0.000000 0.000000 0.000000
    73 0.000003 0.000000 0.000000 0.000000 0.000000 0.000000
    74 -0.000010 -0.000006 0.000000 -0.000001 0.000000 0.000000
    75 0.000019 0.000002 0.000000 0.000000 0.000000 0.000000
    76 0.000001 0.000004 0.000000 0.000000 0.000000 -0.000001
    77 0.000000 0.000000 0.000000 0.000000 0.000000 -0.000001
    78 0.000001 -0.000002 0.000000 0.000000 0.000000 -0.000001
    79 0.000000 0.000000 0.000000 0.000000 0.000000 -0.000001
    80 0.000001 0.000008 0.000000 0.000000 0.000000 0.000000
    81 -0.000003 0.000004 0.000000 0.000000 0.000000 0.000000
    82 -0.000007 -0.000008 0.000000 0.000000 0.000000 -0.000001
    83 0.000000 0.000002 -0.000002 -1.570796 0.000000 0.000000
  time 65
    0 -3.395893 -16.756598 -4.363661 -3.018797 -0.069528 -1.362191
    1 -1.186523 -1.037109 0.043274 0.000000 0.000004 0.000000
    2 -1.940901 -1.361039 0.227474 0.000003 0.000007 -0.000003
    3 -4.549240 -1.689358 -0.012529 0.000000 0.000000 0.000000
    4 4.331499 0.360595 -0.709097 0.000015 0.000003 0.056022
    5 3.513922 0.962076 -0.004281 0.000004 -0.000001 1.176003
    6 2.855053 0.477292 0.679213 -0.000001 -0.000004 2.896619
    7 1.649902 5.878080 0.032496 -0.000003 0.000002 -1.570796
    8 6.587842 -0.691444 0.025964 -0.000001 -0.000001 1.570796
    9 0.000002 -0.241401 -0.052690 0.000001 0.000001 0.000000
    10 10.620066 1.884898 -0.004843 -1.529186 -0.000002 3.141591
    11 -9.087198 1.359573 -0.008167 -0.000003 0.000002 -1.570796
    12 0.644450 -22.106113 -6.649700 1.716457 -0.377484 -2.311324
    13 1.473659 0.639418 -1.295234 1.663824 0.815148 0.394647
    14 1.832607 0.000002 -0.000008 3.084698 -0.002353 0.012941
    15 1.003335 0.000005 0.000001 -3.043249 -0.014661 0.142280
    16 3.769206 -0.384446 -1.411520 0.415675 -0.031726 -0.167476
    17 2.187956 0.000010 0.000000 -0.118458 0.001479 -0.002543
    18 1.100960 0.000002 0.000000 -0.081140 0.019225 0.255999
    19 3.987863 -0.565733 -0.474712 0.180755 -0.201990 0.120773
    20 1.890109 -0.000010 -0.000001 0.016709 0.005330 0.011288
    21 1.310925 0.000000 0.000000 -0.042258 0.003764 0.257403
    22 4.117986 -0.658441 0.453695 0.413985 -0.216355 0.350228
    23 1.655294 0.000008 0.000000 -0.064065 0.010140 0.008430
    24 0.869582 0.000004 0.000000 -0.310494 -0.023789 0.198055
    25 4.115473 -0.644095 1.354863 -0.378867 -0.343847 0.552365
    26 1.157247 -0.000010 -0.000002 0.186123 0.004335 -0.007561
    27 1.019835 -0.000006 0.000000 -1.449011 -0.073425 0.534413
    28 7.406140 -6.039003 -8.901889 -1.494751 0.646527 -1.697992
    29 12.695427 -0.000020 -0.000008 -0.234759 0.296658 -1.623333
    30 -7.863619 -14.900726 -4.598855 1.624343 -0.057425 -1.368024
    31 1.474215 -0.497926 -1.376118 0.979456 0.426216 -0.250748
    32 1.832179 -0.000010 -0.000002 -2.526135 -0.301561 0.609667
    33 1.042025 -0.000004 -0.000009 -2.896937 -0.278839 -0.192682
    34 3.823320 0.664865 -1.331676 0.205606 0.273503 -0.036532
    35 2.152367 -0.000001 0.000004 0.062007 -0.001488 0.005920
    36 1.056622 -0.000011 0.000000 0.241003 0.000717 -0.002190
    37 3.985134 0.881805 -0.368986 0.128322 -0.008132 -0.090211
    38 1.830183 0.000015 0.000000 0.063848 -0.073976 -1.510189
    39 1.561352 0.000008 -0.000004 0.027622 -0.015755 -1.357316
    40 4.116518 0.711272 0.551869 0.187923 0.006580 -0.361666
    41 1.752727 0.000006 0.000000 0.026521 0.029537 -1.405331
    42 0.869359 -0.000006 0.000000 0.015642 -0.073487 -0.926076
    43 4.118826 0.331223 1.419829 0.128888 -0.005990 -0.280207
    44 1.176321 0.000006 0.000000 -0.027338 0.139049 -0.923530
    45 0.970199 -0.000002 -0.000004 1.655618 0.044631 -1.487290
    46 -7.606037 1.001330 -4.120493 -2.246321 0.900566 -1.880817
    47 12.706336 -0.000035 -0.000009 -0.286260 0.290298 -1.806795
    48 0.000000 0.000000 -0.000003 0.000000 0.000000 0.000000
    49 1.200000 0.000000 0.000010 0.000000 0.000000 0.000000
    50 0.000010 -0.300000 0.000000 3.141593 0.000000 -0.174533
    51 0.000000 -0.000001 0.000000 0.000000 0.000000 0.000000
    52 -0.000003 0.000000 0.000001 3.141592 0.000000 0.000000
    53 0.000006 0.000000 0.000004 0.000000 0.000000 0.349065
    54 0.000000 0.000000 0.000000 3.141593 0.000000 0.000000
    55 -0.000008 -0.000006 0.000000 3.141593 0.000000 0.000000
    56 0.000002 -0.000002 0.000000 3.141593 0.000000 0.000000
    57 0.000014 -0.000004 0.000000 3.141593 0.000000 0.000000
    58 -0.000001 0.000000 0.000000 3.141593 0.000000 -0.000001
    59 0.000000 0.000000 0.000000 3.141593 0.000000 0.000000
    60 0.000010 0.000017 0.000000 3.141593 0.000000 -0.000001
    61 0.000000 0.000004 0.000000 3.141593 0.000000 -0.000001
    62 0.000000 0.000006 0.000000 3.141593 0.000000 -0.000001
    63 0.000001 0.000002 0.000000 3.141593 0.000000 0.000000
    64 0.000000 0.000000 0.000000 -3.141592 0.000000 0.000000
    65 0.000000 0.000000 0.000000 -1.570797 -0.000001 0.000000
    66 0.000000 0.000000 0.000000 0.000000 0.000000 0.000000
    67 1.200000 0.000000 0.000000 0.000000 0.000000 0.000000
    68 0.000009 0.299994 0.000000 0.000000 0.000000 0.174533
    69 -0.000001 -0.000001 -0.000004 0.000000 0.000000 0.000000
    70 -0.000010 0.000000 -0.000003 -3.141592 0.000001 0.000000
    71 0.000000 0.000000 0.000000 0.000001 -0.000001 0.349065
    72 0.000000 -0.000003 0.000000 0.000000 0.000000 0.000000
    73 0.000003 0.000000 0.000000 0.000000 0.000000 0.000000
    74 -0.000010 -0.000006 0.000000 -0.000001 0.000000 0.000000
    75 0.000019 0.000002 0.000000 0.000000 0.000000 0.000000
    76 0.000001 0.000004 0.000000 0.000000 0.000000 -0.000001
    77 0.000000 0.000000 0.000000 0.000000 0.000000 -0.000001
    78 0.000001 -0.000002 0.000000 0.000000 0.000000 -0.000001
    79 0.000000 0.000000 0.000000 0.000000 0.000000 -0.000001
    80 0.000001 0.000008 0.000000 0.000000 0.000000 0.000000
    81 -0.000003 0.000004 0.000000 0.000000 0.000000 0.000000
    82 -0.000007 -0.000008 0.000000 0.000000 0.000000 -0.000001
    83 0.000000 0.000002 -0.000002 -1.570796 0.000000 0.000000
  time 66
    0 -3.391986 -16.756598 -4.367567 -3.018797 -0.069528 -1.362191
    1 -1.186523 -1.037109 0.043274 0.000000 0.000004 0.000000
    2 -1.940901 -1.361039 0.227474 0.000003 0.000007 -0.000003
    3 -4.549240 -1.689358 -0.012529 0.000000 0.000000 0.000000
    4 4.331499 0.360595 -0.709097 0.000015 0.000003 0.056022
    5 3.513922 0.962076 -0.004281 0.000004 -0.000001 1.176003
    6 2.855053 0.477292 0.679213 -0.000001 -0.000004 2.896619
    7 1.649902 5.878080 0.032496 -0.000003 0.000002 -1.570796
    8 6.587842 -0.691444 0.025964 -0.000001 -0.000001 1.570796
    9 0.000002 -0.241401 -0.052690 0.000001 0.000001 0.000000
    10 10.620066 1.884898 -0.004843 -1.529186 -0.000002 3.141591
    11 -9.087198 1.359573 -0.008167 -0.000003 0.000002 -1.570796
    12 0.648357 -22.102207 -6.649700 1.716457 -0.377484 -2.311324
    13 1.473659 0.639418 -1.295234 1.663824 0.815148 0.394703
    14 1.832607 0.000002 -0.000008 3.084698 -0.002329 0.012941
    15 1.003335 0.000005 0.000001 -3.043321 -0.015212 0.147139
    16 3.777019 -0.380540 -1.411520 0.415675 -0.031726 -0.167476
    17 2.187956 0.000010 0.000000 -0.118458 0.001479 -0.002775
    18 1.100960 0.000002 0.000000 -0.081140 0.019225 0.255999
    19 3.987863 -0.569639 -0.474712 0.180755 -0.201990 0.120773
    20 1.890109 -0.000010 -0.000001 0.016709 0.005330 0.011288
    21 1.310925 0.000000 0.000000 -0.042258 0.003764 0.257403
    22 4.117986 -0.658441 0.453695 0.413985 -0.216355 0.350228
    23 1.655294 0.000008 0.000000 -0.064065 0.010140 0.008430
    24 0.869582 0.000004 0.000000 -0.310494 -0.023789 0.198055
    25 4.107660 -0.655815 1.354863 -0.378867 -0.343847 0.552281
    26 1.157247 -0.000010 -0.000002 0.186123 0.004335 -0.007561
    27 1.019835 -0.000006 0.000000 -1.448975 -0.073425 0.534413
    28 7.406140 -6.039003 -8.901889 -1.493228 0.646361 -1.696242
    29 12.695427 -0.000020 -0.000008 -0.234893 0.296658 -1.623808
    30 -7.855806 -14.900726 -4.598855 1.624298 -0.057425 -1.368024
    31 1.474215 -0.497926 -1.376118 0.979456 0.426216 -0.250748
    32 1.832179 -0.000010 -0.000002 -2.526123 -0.301561 0.609667
    33 1.042025 -0.000004 -0.000009 -2.896901 -0.278827 -0.192682
    34 3.823320 0.664865 -1.331676 0.205606 0.273503 -0.036532
    35 2.152367 -0.000001 0.000004 0.062007 -0.001488 0.005920
    36 1.056622 -0.000011 0.000000 0.241003 0.000717 -0.002190
    37 3.985134 0.881805 -0.368986 0.128322 -0.008132 -0.090211
    38 1.830183 0.000015 0.000000 0.063848 -0.073976 -1.510189
    39 1.561352 0.000008 -0.000004 0.027622 -0.015755 -1.357316
    40 4.116518 0.711272 0.551869 0.187923 0.006580 -0.361666
    41 1.752727 0.000006 0.000000 0.026509 0.029537 -1.405331
    42 0.869359 -0.000006 0.000000 0.015642 -0.073475 -0.926076
    43 4.118826 0.331223 1.419829 0.128888 -0.005990 -0.280207
    44 1.176321 0.000006 0.000000 -0.027338 0.139049 -0.923530
    45 0.970199 -0.000002 -0.000004 1.655618 0.044631 -1.487290
    46 -7.606037 1.001330 -4.120493 -2.247015 0.900566 -1.880942
    47 12.706336 -0.000035 -0.000009 -0.286286 0.290214 -1.806918
    48 0.000000 0.000000 -0.000003 0.000000 0.000000 0.000000
    49 1.200000 0.000000 0.000010 0.000000 0.000000 0.000000
    50 0.000010 -0.300000 0.000000 3.141593 0.000000 -0.174533
    51 0.000000 -0.000001 0.000000 0.000000 0.000000 0.000000
    52 -0.000003 0.000000 0.000001 3.141592 0.000000 0.000000
    53 0.000006 0.000000 0.000004 0.000000 0.000000 0.349065
    54 0.000000 0.000000 0.000000 3.141593 0.000000 0.000000
    55 -0.000008 -0.000006 0.000000 3.141593 0.000000 0.000000
    56 0.000002 -0.000002 0.000000 3.141593 0.000000 0.000000
    57 0.000014 -0.000004 0.000000 3.141593 0.000000 0.000000
    58 -0.000001 0.000000 0.000000 3.141593 0.000000 -0.000001
    59 0.000000 0.000000 0.000000 3.141593 0.000000 0.000000
    60 0.000010 0.000017 0.000000 3.141593 0.000000 -0.000001
    61 0.000000 0.000004 0.000000 3.141593 0.000000 -0.000001
    62 0.000000 0.000006 0.000000 3.141593 0.000000 -0.000001
    63 0.000001 0.000002 0.000000 3.141593 0.000000 0.000000
    64 0.000000 0.000000 0.000000 -3.141592 0.000000 0.000000
    65 0.000000 0.000000 0.000000 -1.570797 -0.000001 0.000000
    66 0.000000 0.000000 0.000000 0.000000 0.000000 0.000000
    67 1.200000 0.000000 0.000000 0.000000 0.000000 0.000000
    68 0.000009 0.299994 0.000000 0.000000 0.000000 0.174533
    69 -0.000001 -0.000001 -0.000004 0.000000 0.000000 0.000000
    70 -0.000010 0.000000 -0.000003 -3.141592 0.000001 0.000000
    71 0.000000 0.000000 0.000000 0.000001 -0.000001 0.349065
    72 0.000000 -0.000003 0.000000 0.000000 0.000000 0.000000
    73 0.000003 0.000000 0.000000 0.000000 0.000000 0.000000
    74 -0.000010 -0.000006 0.000000 -0.000001 0.000000 0.000000
    75 0.000019 0.000002 0.000000 0.000000 0.000000 0.000000
    76 0.000001 0.000004 0.000000 0.000000 0.000000 -0.000001
    77 0.000000 0.000000 0.000000 0.000000 0.000000 -0.000001
    78 0.000001 -0.000002 0.000000 0.000000 0.000000 -0.000001
    79 0.000000 0.000000 0.000000 0.000000 0.000000 -0.000001
    80 0.000001 0.000008 0.000000 0.000000 0.000000 0.000000
    81 -0.000003 0.000004 0.000000 0.000000 0.000000 0.000000
    82 -0.000007 -0.000008 0.000000 0.000000 0.000000 -0.000001
    83 0.000000 0.000002 -0.000002 -1.570796 0.000000 0.000000
  time 67
    0 -3.388080 -16.756598 -4.367567 -3.019021 -0.069528 -1.362191
    1 -1.186523 -1.037109 0.043274 0.000000 0.000004 0.000000
    2 -1.940901 -1.361039 0.227474 0.000003 0.000007 -0.000003
    3 -4.549240 -1.689358 -0.012529 0.000000 0.000000 0.000000
    4 4.331499 0.360595 -0.709097 0.000015 0.000003 0.056022
    5 3.513922 0.962076 -0.004281 0.000004 -0.000001 1.176003
    6 2.855053 0.477292 0.679213 -0.000001 -0.000004 2.896619
    7 1.649902 5.878080 0.032496 -0.000003 0.000002 -1.570796
    8 6.587842 -0.691444 0.025964 -0.000001 -0.000001 1.570796
    9 0.000002 -0.241401 -0.052690 0.000001 0.000001 0.000000
    10 10.620066 1.884898 -0.004843 -1.568531 -0.000002 3.141351
    11 -9.087198 1.359573 -0.008167 -0.000003 0.000002 -1.570796
    12 0.652263 -22.102207 -6.653606 1.716457 -0.377645 -2.311324
    13 1.473659 0.639418 -1.295234 1.663824 0.815148 0.394675
    14 1.832607 0.000002 -0.000008 3.084698 -0.002365 0.012941
    15 1.003335 0.000005 0.000001 -3.043405 -0.015595 0.152309
    16 3.765300 -0.396165 -1.411520 0.415675 -0.031726 -0.167476
    17 2.187956 0.000010 0.000000 -0.118458 0.001479 -0.002450
    18 1.100960 0.000002 0.000000 -0.081140 0.019225 0.255999
    19 3.987863 -0.577452 -0.474712 0.180755 -0.201990 0.120773
    20 1.890109 -0.000010 -0.000001 0.016709 0.005330 0.011249
    21 1.310925 0.000000 0.000000 -0.042258 0.003752 0.257403
    22 4.117986 -0.677973 0.453695 0.413985 -0.216355 0.350228
    23 1.655294 0.000008 0.000000 -0.064065 0.010140 0.008430
    24 0.869582 0.000004 0.000000 -0.310494 -0.023801 0.198028
    25 4.107660 -0.667534 1.354863 -0.378867 -0.343847 0.552281
    26 1.157247 -0.000010 -0.000002 0.186123 0.004335 -0.007561
    27 1.019835 -0.000006 0.000000 -1.449011 -0.073425 0.534413
    28 7.406140 -6.039003 -8.901889 -1.490849 0.646112 -1.694584
    29 12.695427 -0.000020 -0.000008 -0.234977 0.296646 -1.624045
    30 -7.855806 -14.900726 -4.598855 1.624164 -0.057425 -1.368024
    31 1.474215 -0.497926 -1.376118 0.979456 0.426216 -0.250736
    32 1.832179 -0.000010 -0.000002 -2.526123 -0.301561 0.609667
    33 1.042025 -0.000004 -0.000009 -2.896901 -0.278839 -0.192682
    34 3.823320 0.664865 -1.331676 0.205606 0.273503 -0.036532
    35 2.152367 -0.000001 0.000004 0.062007 -0.001488 0.005920
    36 1.056622 -0.000011 0.000000 0.241003 0.000717 -0.002178
    37 3.985134 0.881805 -0.368986 0.128322 -0.008132 -0.090211
    38 1.830183 0.000015 0.000000 0.063848 -0.073976 -1.510189
    39 1.561352 0.000008 -0.000004 0.027622 -0.015755 -1.357316
    40 4.116518 0.711272 0.551869 0.187923 0.006580 -0.361666
    41 1.752727 0.000006 0.000000 0.026509 0.029537 -1.405331
    42 0.869359 -0.000006 0.000000 0.015606 -0.073487 -0.926076
    43 4.118826 0.331223 1.419829 0.128888 -0.005990 -0.280207
    44 1.176321 0.000006 0.000000 -0.027338 0.139049 -0.923484
    45 0.970199 -0.000002 -0.000004 1.655618 0.044631 -1.487290
    46 -7.606037 1.001330 -4.120493 -2.247362 0.900666 -1.880942
    47 12.706336 -0.000035 -0.000009 -0.286325 0.290214 -1.807041
    48 0.000000 0.000000 -0.000003 0.000000 0.000000 0.000000
    49 1.200000 0.000000 0.000010 0.000000 0.000000 0.000000
    50 0.000010 -0.300000 0.000000 3.141593 0.000000 -0.174533
    51 0.000000 -0.000001 0.000000 0.000000 0.000000 0.000000
    52 -0.000003 0.000000 0.000001 3.141592 0.000000 0.000000
    53 0.000006 0.000000 0.000004 0.000000 0.000000 0.349065
    54 0.000000 0.000000 0.000000 3.141593 0.000000 0.000000
    55 -0.000008 -0.000006 0.000000 3.141593 0.000000 0.000000
    56 0.000002 -0.000002 0.000000 3.141593 0.000000 0.000000
    57 0.000014 -0.000004 0.000000 3.141593 0.000000 0.000000
    58 -0.000001 0.000000 0.000000 3.141593 0.000000 -0.000001
    59 0.000000 0.000000 0.000000 3.141593 0.000000 0.000000
    60 0.000010 0.000017 0.000000 3.141593 0.000000 -0.000001
    61 0.000000 0.000004 0.000000 3.141593 0.000000 -0.000001
    62 0.000000 0.000006 0.000000 3.141593 0.000000 -0.000001
    63 0.000001 0.000002 0.000000 3.141593 0.000000 0.000000
    64 0.000000 0.000000 0.000000 -3.141592 0.000000 0.000000
    65 0.000000 0.000000 0.000000 -1.570797 -0.000001 0.000000
    66 0.000000 0.000000 0.000000 0.000000 0.000000 0.000000
    67 1.200000 0.000000 0.000000 0.000000 0.000000 0.000000
    68 0.000009 0.299994 0.000000 0.000000 0.000000 0.174533
    69 -0.000001 -0.000001 -0.000004 0.000000 0.000000 0.000000
    70 -0.000010 0.000000 -0.000003 -3.141592 0.000001 0.000000
    71 0.000000 0.000000 0.000000 0.000001 -0.000001 0.349065
    72 0.000000 -0.000003 0.000000 0.000000 0.000000 0.000000
    73 0.000003 0.000000 0.000000 0.000000 0.000000 0.000000
    74 -0.000010 -0.000006 0.000000 -0.000001 0.000000 0.000000
    75 0.000019 0.000002 0.000000 0.000000 0.000000 0.000000
    76 0.000001 0.000004 0.000000 0.000000 0.000000 -0.000001
    77 0.000000 0.000000 0.000000 0.000000 0.000000 -0.000001
    78 0.000001 -0.000002 0.000000 0.000000 0.000000 -0.000001
    79 0.000000 0.000000 0.000000 0.000000 0.000000 -0.000001
    80 0.000001 0.000008 0.000000 0.000000 0.000000 0.000000
    81 -0.000003 0.000004 0.000000 0.000000 0.000000 0.000000
    82 -0.000007 -0.000008 0.000000 0.000000 0.000000 -0.000001
    83 0.000000 0.000002 -0.000002 -1.570796 0.000000 0.000000
  time 68
    0 -3.384174 -16.756598 -4.367567 -3.019245 -0.069513 -1.362191
    1 -1.186523 -1.037109 0.043274 0.000000 0.000004 0.000000
    2 -1.940901 -1.361039 0.227474 0.000003 0.000007 -0.000003
    3 -4.549240 -1.689358 -0.012529 0.000000 0.000000 0.000000
    4 4.331499 0.360595 -0.709097 0.000015 0.000003 0.056022
    5 3.513922 0.962076 -0.004281 0.000004 -0.000001 1.176003
    6 2.855053 0.477292 0.679213 -0.000001 -0.000004 2.896619
    7 1.649902 5.878080 0.032496 -0.000003 0.000002 -1.570796
    8 6.587842 -0.691444 0.025964 -0.000001 -0.000001 1.570796
    9 0.000002 -0.241401 -0.052690 0.000001 0.000001 0.000000
    10 10.620066 1.884898 -0.004843 -1.529186 -0.000002 3.141591
    11 -9.087198 1.359573 -0.008167 -0.000003 0.000002 -1.570796
    12 0.656169 -22.102207 -6.653606 1.716183 -0.377806 -2.311324
    13 1.473659 0.639418 -1.295234 1.663824 0.815148 0.394647
    14 1.832607 0.000002 -0.000008 3.084698 -0.002353 0.012941
    15 1.003335 0.000005 0.000001 -3.043489 -0.016207 0.157650
    16 3.769206 -0.396165 -1.411520 0.415675 -0.031726 -0.167476
    17 2.187956 0.000010 0.000000 -0.118458 0.001479 -0.002775
    18 1.100960 0.000002 0.000000 -0.081140 0.019225 0.255999
    19 3.987863 -0.577452 -0.474712 0.180755 -0.201990 0.120773
    20 1.890109 -0.000010 -0.000001 0.016724 0.005330 0.011288
    21 1.310925 0.000000 0.000000 -0.042244 0.003764 0.257403
    22 4.117986 -0.681879 0.445882 0.413985 -0.216355 0.350228
    23 1.655294 0.000008 0.000000 -0.064065 0.010140 0.008430
    24 0.869582 0.000004 0.000000 -0.310494 -0.023801 0.198028
    25 4.119379 -0.667534 1.354863 -0.378867 -0.343847 0.552302
    26 1.157247 -0.000010 -0.000002 0.186123 0.004335 -0.007561
    27 1.019835 -0.000006 0.000000 -1.448987 -0.073425 0.534413
    28 7.406140 -6.039003 -8.901889 -1.488659 0.645821 -1.693017
    29 12.695427 -0.000020 -0.000008 -0.234994 0.296646 -1.624282
    30 -7.851900 -14.896820 -4.598855 1.623895 -0.057425 -1.368095
    31 1.474215 -0.497926 -1.376118 0.979456 0.426216 -0.250736
    32 1.832179 -0.000010 -0.000002 -2.526123 -0.301561 0.609667
    33 1.042025 -0.000004 -0.000009 -2.896901 -0.278839 -0.192682
    34 3.823320 0.664865 -1.331676 0.205606 0.273503 -0.036532
    35 2.152367 -0.000001 0.000004 0.062007 -0.001488 0.005920
    36 1.056622 -0.000011 0.000000 0.241003 0.000717 -0.002190
    37 3.985134 0.881805 -0.368986 0.128322 -0.008132 -0.090211
    38 1.830183 0.000015 0.000000 0.063848 -0.073976 -1.510189
    39 1.561352 0.000008 -0.000004 0.027622 -0.015755 -1.357316
    40 4.116518 0.711272 0.551869 0.187923 0.006580 -0.361666
    41 1.752727 0.000006 0.000000 0.026521 0.029537 -1.405331
    42 0.869359 -0.000006 0.000000 0.015642 -0.073475 -0.926076
    43 4.118826 0.331223 1.419829 0.128888 -0.005990 -0.280207
    44 1.176321 0.000006 0.000000 -0.027338 0.139049 -0.923507
    45 0.970199 -0.000002 -0.000004 1.655618 0.044631 -1.487290
    46 -7.606037 1.001330 -4.120493 -2.247431 0.900666 -1.880942
    47 12.706336 -0.000035 -0.000009 -0.286351 0.290250 -1.807164
    48 0.000000 0.000000 -0.000003 0.000000 0.000000 0.000000
    49 1.200000 0.000000 0.000010 0.000000 0.000000 0.000000
    50 0.000010 -0.300000 0.000000 3.141593 0.000000 -0.174533
    51 0.000000 -0.000001 0.000000 0.000000 0.000000 0.000000
    52 -0.000003 0.000000 0.000001 3.141592 0.000000 0.000000
    53 0.000006 0.000000 0.000004 0.000000 0.000000 0.349065
    54 0.000000 0.000000 0.000000 3.141593 0.000000 0.000000
    55 -0.000008 -0.000006 0.000000 3.141593 0.000000 0.000000
    56 0.000002 -0.000002 0.000000 3.141593 0.000000 0.000000
    57 0.000014 -0.000004 0.000000 3.141593 0.000000 0.000000
    58 -0.000001 0.000000 0.000000 3.141593 0.000000 -0.000001
    59 0.000000 0.000000 0.000000 3.141593 0.000000 0.000000
    60 0.000010 0.000017 0.000000 3.141593 0.000000 -0.000001
    61 0.000000 0.000004 0.000000 3.141593 0.000000 -0.000001
    62 0.000000 0.000006 0.000000 3.141593 0.000000 -0.000001
    63 0.000001 0.000002 0.000000 3.141593 0.000000 0.000000
    64 0.000000 0.000000 0.000000 -3.141592 0.000000 0.000000
    65 0.000000 0.000000 0.000000 -1.570797 -0.000001 0.000000
    66 0.000000 0.000000 0.000000 0.000000 0.000000 0.000000
    67 1.200000 0.000000 0.000000 0.000000 0.000000 0.000000
    68 0.000009 0.299994 0.000000 0.000000 0.000000 0.174533
    69 -0.000001 -0.000001 -0.000004 0.000000 0.000000 0.000000
    70 -0.000010 0.000000 -0.000003 -3.141592 0.000001 0.000000
    71 0.000000 0.000000 0.000000 0.000001 -0.000001 0.349065
    72 0.000000 -0.000003 0.000000 0.000000 0.000000 0.000000
    73 0.000003 0.000000 0.000000 0.000000 0.000000 0.000000
    74 -0.000010 -0.000006 0.000000 -0.000001 0.000000 0.000000
    75 0.000019 0.000002 0.000000 0.000000 0.000000 0.000000
    76 0.000001 0.000004 0.000000 0.000000 0.000000 -0.000001
    77 0.000000 0.000000 0.000000 0.000000 0.000000 -0.000001
    78 0.000001 -0.000002 0.000000 0.000000 0.000000 -0.000001
    79 0.000000 0.000000 0.000000 0.000000 0.000000 -0.000001
    80 0.000001 0.000008 0.000000 0.000000 0.000000 0.000000
    81 -0.000003 0.000004 0.000000 0.000000 0.000000 0.000000
    82 -0.000007 -0.000008 0.000000 0.000000 0.000000 -0.000001
    83 0.000000 0.000002 -0.000002 -1.570796 0.000000 0.000000
  time 69
    0 -3.380267 -16.752692 -4.371474 -3.019604 -0.069498 -1.362191
    1 -1.186523 -1.037109 0.043274 0.000000 0.000004 0.000000
    2 -1.940901 -1.361039 0.227474 0.000003 0.000007 -0.000003
    3 -4.549240 -1.689358 -0.012529 0.000000 0.000000 0.000000
    4 4.331499 0.360595 -0.709097 0.000015 0.000003 0.056022
    5 3.513922 0.962076 -0.004281 0.000004 -0.000001 1.176003
    6 2.855053 0.477292 0.679213 -0.000001 -0.000004 2.896619
    7 1.649902 5.878080 0.032496 -0.000003 0.000002 -1.570796
    8 6.587842 -0.691444 0.025964 -0.000001 -0.000001 1.570796
    9 0.000002 -0.241401 -0.052690 0.000001 0.000001 0.000000
    10 10.620066 1.884898 -0.004843 -1.529186 -0.000002 3.141591
    11 -9.087198 1.359573 -0.008167 -0.000003 0.000002 -1.570796
    12 0.656169 -22.102207 -6.657513 1.716092 -0.378128 -2.311324
    13 1.473659 0.639418 -1.295234 1.663824 0.815148 0.394675
    14 1.832607 0.000002 -0.000008 3.084710 -0.002353 0.012941
    15 1.003335 0.000005 0.000001 -3.043549 -0.016794 0.163287
    16 3.777019 -0.388352 -1.411520 0.415675 -0.031726 -0.167476
    17 2.187956 0.000010 0.000000 -0.118458 0.001479 -0.002636
    18 1.100960 0.000002 0.000000 -0.081140 0.019225 0.255999
    19 3.987863 -0.577452 -0.474712 0.180755 -0.201990 0.120773
    20 1.890109 -0.000010 -0.000001 0.016709 0.005330 0.011288
    21 1.310925 0.000000 0.000000 -0.042244 0.003764 0.257403
    22 4.117986 -0.670160 0.445882 0.413985 -0.216355 0.350228
    23 1.655294 0.000008 0.000000 -0.064065 0.010140 0.008430
    24 0.869582 0.000004 0.000000 -0.310494 -0.023789 0.198028
    25 4.115473 -0.667534 1.354863 -0.378867 -0.343847 0.552344
    26 1.157247 -0.000010 -0.000002 0.186123 0.004335 -0.007561
    27 1.019835 -0.000006 0.000000 -1.448987 -0.073425 0.534413
    28 7.406140 -6.039003 -8.901889 -1.486089 0.645447 -1.690898
    29 12.695427 -0.000020 -0.000008 -0.235061 0.296646 -1.624361
    30 -7.847994 -14.896820 -4.598855 1.623671 -0.057425 -1.368095
    31 1.474215 -0.497926 -1.376118 0.979456 0.426216 -0.250748
    32 1.832179 -0.000010 -0.000002 -2.526123 -0.301561 0.609667
    33 1.042025 -0.000004 -0.000009 -2.896901 -0.278827 -0.192682
    34 3.823320 0.664865 -1.331676 0.205606 0.273503 -0.036532
    35 2.152367 -0.000001 0.000004 0.062007 -0.001488 0.005920
    36 1.056622 -0.000011 0.000000 0.241003 0.000717 -0.002190
    37 3.985134 0.881805 -0.368986 0.128322 -0.008132 -0.090211
    38 1.830183 0.000015 0.000000 0.063848 -0.073976 -1.510189
    39 1.561352 0.000008 -0.000004 0.027622 -0.015755 -1.357316
    40 4.116518 0.711272 0.551869 0.187923 0.006580 -0.361666
    41 1.752727 0.000006 0.000000 0.026521 0.029537 -1.405331
    42 0.869359 -0.000006 0.000000 0.015642 -0.073475 -0.926076
    43 4.118826 0.331223 1.419829 0.128888 -0.005990 -0.280207
    44 1.176321 0.000006 0.000000 -0.027338 0.139049 -0.923507
    45 0.970199 -0.000002 -0.000004 1.655618 0.044631 -1.487290
    46 -7.606037 1.001330 -4.120493 -2.247709 0.900666 -1.880942
    47 12.706336 -0.000035 -0.000009 -0.286377 0.290214 -1.807287
    48 0.000000 0.000000 -0.000003 0.000000 0.000000 0.000000
    49 1.200000 0.000000 0.000010 0.000000 0.000000 0.000000
    50 0.000010 -0.300000 0.000000 3.141593 0.000000 -0.174533
    51 0.000000 -0.000001 0.000000 0.000000 0.000000 0.000000
    52 -0.000003 0.000000 0.000001 3.141592 0.000000 0.000000
    53 0.000006 0.000000 0.000004 0.000000 0.000000 0.349065
    54 0.000000 0.000000 0.000000 3.141593 0.000000 0.000000
    55 -0.000008 -0.000006 0.000000 3.141593 0.000000 0.000000
    56 0.000002 -0.000002 0.000000 3.141593 0.000000 0.000000
    57 0.000014 -0.000004 0.000000 3.141593 0.000000 0.000000
    58 -0.000001 0.000000 0.000000 3.141593 0.000000 -0.000001
    59 0.000000 0.000000 0.000000 3.141593 0.000000 0.000000
    60 0.000010 0.000017 0.000000 3.141593 0.000000 -0.000001
    61 0.000000 0.000004 0.000000 3.141593 0.000000 -0.000001
    62 0.000000 0.000006 0.000000 3.141593 0.000000 -0.000001
    63 0.000001 0.000002 0.000000 3.141593 0.000000 0.000000
    64 0.000000 0.000000 0.000000 -3.141592 0.000000 0.000000
    65 0.000000 0.000000 0.000000 -1.570797 -0.000001 0.000000
    66 0.000000 0.000000 0.000000 0.000000 0.000000 0.000000
    67 1.200000 0.000000 0.000000 0.000000 0.000000 0.000000
    68 0.000009 0.299994 0.000000 0.000000 0.000000 0.174533
    69 -0.000001 -0.000001 -0.000004 0.000000 0.000000 0.000000
    70 -0.000010 0.000000 -0.000003 -3.141592 0.000001 0.000000
    71 0.000000 0.000000 0.000000 0.000001 -0.000001 0.349065
    72 0.000000 -0.000003 0.000000 0.000000 0.000000 0.000000
    73 0.000003 0.000000 0.000000 0.000000 0.000000 0.000000
    74 -0.000010 -0.000006 0.000000 -0.000001 0.000000 0.000000
    75 0.000019 0.000002 0.000000 0.000000 0.000000 0.000000
    76 0.000001 0.000004 0.000000 0.000000 0.000000 -0.000001
    77 0.000000 0.000000 0.000000 0.000000 0.000000 -0.000001
    78 0.000001 -0.000002 0.000000 0.000000 0.000000 -0.000001
    79 0.000000 0.000000 0.000000 0.000000 0.000000 -0.000001
    80 0.000001 0.000008 0.000000 0.000000 0.000000 0.000000
    81 -0.000003 0.000004 0.000000 0.000000 0.000000 0.000000
    82 -0.000007 -0.000008 0.000000 0.000000 0.000000 -0.000001
    83 0.000000 0.000002 -0.000002 -1.570796 0.000000 0.000000
  time 70
    0 -3.380267 -16.752692 -4.371474 -3.020052 -0.069498 -1.362262
    1 -1.186523 -1.037109 0.043274 0.000000 0.000004 0.000000
    2 -1.940901 -1.361039 0.227474 0.000003 0.000007 -0.000003
    3 -4.549240 -1.689358 -0.012529 0.000000 0.000000 0.000000
    4 4.331499 0.360595 -0.709097 0.000015 0.000003 0.056022
    5 3.513922 0.962076 -0.004281 0.000004 -0.000001 1.176003
    6 2.855053 0.477292 0.679213 -0.000001 -0.000004 2.896619
    7 1.649902 5.878080 0.032496 -0.000003 0.000002 -1.570796
    8 6.587842 -0.691444 0.025964 -0.000001 -0.000001 1.570796
    9 0.000002 -0.241401 -0.052690 0.000001 0.000001 0.000000
    10 10.620066 1.884898 -0.004843 -1.529186 -0.000002 3.141591
    11 -9.087198 1.359573 -0.008167 -0.000003 0.000002 -1.570796
    12 0.656169 -22.102207 -6.661419 1.715727 -0.378450 -2.311324
    13 1.473659 0.639418 -1.295234 1.663824 0.815099 0.394675
    14 1.832607 0.000002 -0.000008 3.084698 -0.002353 0.012941
    15 1.003335 0.000005 0.000001 -3.043560 -0.017237 0.168971
    16 3.773113 -0.396165 -1.411520 0.415675 -0.031726 -0.167476
    17 2.187956 0.000010 0.000000 -0.118458 0.001479 -0.002775
    18 1.100960 0.000002 0.000000 -0.081140 0.019225 0.255999
    19 3.987863 -0.577452 -0.474712 0.180755 -0.201990 0.120773
    20 1.890109 -0.000010 -0.000001 0.016709 0.005330 0.011288
    21 1.310925 0.000000 0.000000 -0.042244 0.003764 0.257403
    22 4.117986 -0.670160 0.453695 0.413985 -0.216355 0.350228
    23 1.655294 0.000008 0.000000 -0.064065 0.010140 0.008430
    24 0.869582 0.000004 0.000000 -0.310494 -0.023789 0.198028
    25 4.119379 -0.648002 1.354863 -0.378867 -0.343847 0.552323
    26 1.157247 -0.000010 -0.000002 0.186123 0.004335 -0.007561
    27 1.019835 -0.000006 0.000000 -1.448987 -0.073425 0.534413
    28 7.406140 -6.039003 -8.901889 -1.483424 0.644907 -1.688779
    29 12.695427 -0.000020 -0.000008 -0.235061 0.296646 -1.624282
    30 -7.847994 -14.896820 -4.598855 1.623134 -0.057425 -1.368095
    31 1.474215 -0.497926 -1.376118 0.979456 0.426216 -0.250736
    32 1.832179 -0.000010 -0.000002 -2.526123 -0.301561 0.609667
    33 1.042025 -0.000004 -0.000009 -2.896901 -0.278839 -0.192682
    34 3.823320 0.664865 -1.331676 0.205606 0.273503 -0.036532
    35 2.152367 -0.000001 0.000004 0.062007 -0.001488 0.005920
    36 1.056622 -0.000011 0.000000 0.241003 0.000717 -0.002190
    37 3.985134 0.881805 -0.368986 0.128322 -0.008132 -0.090211
    38 1.830183 0.000015 0.000000 0.063848 -0.073976 -1.510189
    39 1.561352 0.000008 -0.000004 0.027622 -0.015755 -1.357316
    40 4.116518 0.711272 0.551869 0.187923 0.006580 -0.361666
    41 1.752727 0.000006 0.000000 0.026521 0.029537 -1.405331
    42 0.869359 -0.000006 0.000000 0.015642 -0.073475 -0.926076
    43 4.118826 0.331223 1.419829 0.128888 -0.005990 -0.280207
    44 1.176321 0.000006 0.000000 -0.027338 0.139049 -0.923530
    45 0.970199 -0.000002 -0.000004 1.655618 0.044631 -1.487290
    46 -7.606037 1.001330 -4.120493 -2.247917 0.900666 -1.880942
    47 12.706336 -0.000035 -0.000009 -0.286403 0.290178 -1.807410
    48 0.000000 0.000000 -0.000003 0.000000 0.000000 0.000000
    49 1.200000 0.000000 0.000010 0.000000 0.000000 0.000000
    50 0.000010 -0.300000 0.000000 3.141593 0.000000 -0.174533
    51 0.000000 -0.000001 0.000000 0.000000 0.000000 0.000000
    52 -0.000003 0.000000 0.000001 3.141592 0.000000 0.000000
    53 0.000006 0.000000 0.000004 0.000000 0.000000 0.349065
    54 0.000000 0.000000 0.000000 3.141593 0.000000 0.000000
    55 -0.000008 -0.000006 0.000000 3.141593 0.000000 0.000000
    56 0.000002 -0.000002 0.000000 3.141593 0.000000 0.000000
    57 0.000014 -0.000004 0.000000 3.141593 0.000000 0.000000
    58 -0.000001 0.000000 0.000000 3.141593 0.000000 -0.000001
    59 0.000000 0.000000 0.000000 3.141593 0.000000 0.000000
    60 0.000010 0.000017 0.000000 3.141593 0.000000 -0.000001
    61 0.000000 0.000004 0.000000 3.141593 0.000000 -0.000001
    62 0.000000 0.000006 0.000000 3.141593 0.000000 -0.000001
    63 0.000001 0.000002 0.000000 3.141593 0.000000 0.000000
    64 0.000000 0.000000 0.000000 -3.141592 0.000000 0.000000
    65 0.000000 0.000000 0.000000 -1.570797 -0.000001 0.000000
    66 0.000000 0.000000 0.000000 0.000000 0.000000 0.000000
    67 1.200000 0.000000 0.000000 0.000000 0.000000 0.000000
    68 0.000009 0.299994 0.000000 0.000000 0.000000 0.174533
    69 -0.000001 -0.000001 -0.000004 0.000000 0.000000 0.000000
    70 -0.000010 0.000000 -0.000003 -3.141592 0.000001 0.000000
    71 0.000000 0.000000 0.000000 0.000001 -0.000001 0.349065
    72 0.000000 -0.000003 0.000000 0.000000 0.000000 0.000000
    73 0.000003 0.000000 0.000000 0.000000 0.000000 0.000000
    74 -0.000010 -0.000006 0.000000 -0.000001 0.000000 0.000000
    75 0.000019 0.000002 0.000000 0.000000 0.000000 0.000000
    76 0.000001 0.000004 0.000000 0.000000 0.000000 -0.000001
    77 0.000000 0.000000 0.000000 0.000000 0.000000 -0.000001
    78 0.000001 -0.000002 0.000000 0.000000 0.000000 -0.000001
    79 0.000000 0.000000 0.000000 0.000000 0.000000 -0.000001
    80 0.000001 0.000008 0.000000 0.000000 0.000000 0.000000
    81 -0.000003 0.000004 0.000000 0.000000 0.000000 0.000000
    82 -0.000007 -0.000008 0.000000 0.000000 0.000000 -0.000001
    83 0.000000 0.000002 -0.000002 -1.570796 0.000000 0.000000
  time 71
    0 -3.376361 -16.752692 -4.371474 -3.020545 -0.069407 -1.362262
    1 -1.186523 -1.037109 0.043274 0.000000 0.000004 0.000000
    2 -1.940901 -1.361039 0.227474 0.000003 0.000007 -0.000003
    3 -4.549240 -1.689358 -0.012529 0.000000 0.000000 0.000000
    4 4.331499 0.360595 -0.709097 0.000015 0.000003 0.056022
    5 3.513922 0.962076 -0.004281 0.000004 -0.000001 1.176003
    6 2.855053 0.477292 0.679213 -0.000001 -0.000004 2.896619
    7 1.649902 5.878080 0.032496 -0.000003 0.000002 -1.570796
    8 6.587842 -0.691444 0.025964 -0.000001 -0.000001 1.570796
    9 0.000002 -0.241401 -0.052690 0.000001 0.000001 0.000000
    10 10.620066 1.884898 -0.004843 -1.529186 -0.000002 3.141591
    11 -9.087198 1.359573 -0.008167 -0.000003 0.000002 -1.570796
    12 0.656169 -22.102207 -6.661419 1.715362 -0.378772 -2.311324
    13 1.473659 0.639418 -1.295234 1.663824 0.815148 0.394647
    14 1.832607 0.000002 -0.000008 3.084710 -0.002353 0.012941
    15 1.003335 0.000005 0.000001 -3.043656 -0.017777 0.174639
    16 3.769206 -0.396165 -1.411520 0.415675 -0.031726 -0.167476
    17 2.187956 0.000010 0.000000 -0.118458 0.001479 -0.002636
    18 1.100960 0.000002 0.000000 -0.081140 0.019225 0.255999
    19 3.987863 -0.577452 -0.474712 0.180755 -0.201990 0.120773
    20 1.890109 -0.000010 -0.000001 0.016709 0.005330 0.011288
    21 1.310925 0.000000 0.000000 -0.042244 0.003764 0.257403
    22 4.117986 -0.681879 0.453695 0.413985 -0.216355 0.350228
    23 1.655294 0.000008 0.000000 -0.064065 0.010140 0.008430
    24 0.869582 0.000004 0.000000 -0.310494 -0.023789 0.198028
    25 4.119379 -0.663627 1.354863 -0.378867 -0.343847 0.552197
    26 1.157247 -0.000010 -0.000002 0.186123 0.004335 -0.007561
    27 1.019835 -0.000006 0.000000 -1.448975 -0.073425 0.534413
    28 7.406140 -6.039003 -8.901889 -1.480473 0.644450 -1.686753
    29 12.695427 -0.000020 -0.000008 -0.235128 0.296646 -1.624361
    30 -7.844087 -14.896820 -4.598855 1.622686 -0.057425 -1.368166
    31 1.474215 -0.497926 -1.376118 0.979456 0.426216 -0.250748
    32 1.832179 -0.000010 -0.000002 -2.526135 -0.301561 0.609667
    33 1.042025 -0.000004 -0.000009 -2.896901 -0.278827 -0.192682
    34 3.823320 0.664865 -1.331676 0.205606 0.273395 -0.036532
    35 2.152367 -0.000001 0.000004 0.062007 -0.001488 0.005920
    36 1.056622 -0.000011 0.000000 0.241003 0.000717 -0.002190
    37 3.985134 0.881805 -0.368986 0.128322 -0.008132 -0.090211
    38 1.830183 0.000015 0.000000 0.063848 -0.073976 -1.510189
    39 1.561352 0.000008 -0.000004 0.027622 -0.015755 -1.357316
    40 4.116518 0.711272 0.551869 0.187923 0.006580 -0.361666
    41 1.752727 0.000006 0.000000 0.026521 0.029537 -1.405331
    42 0.869359 -0.000006 0.000000 0.015642 -0.073475 -0.926076
    43 4.118826 0.331223 1.419829 0.128888 -0.005990 -0.280207
    44 1.176321 0.000006 0.000000 -0.027338 0.139049 -0.923507
    45 0.970199 -0.000002 -0.000004 1.655618 0.044631 -1.487290
    46 -7.606037 1.001330 -4.120493 -2.247917 0.900599 -1.880817
    47 12.706336 -0.000035 -0.000009 -0.286442 0.290166 -1.807410
    48 0.000000 0.000000 -0.000003 0.000000 0.000000 0.000000
    49 1.200000 0.000000 0.000010 0.000000 0.000000 0.000000
    50 0.000010 -0.300000 0.000000 3.141593 0.000000 -0.174533
    51 0.000000 -0.000001 0.000000 0.000000 0.000000 0.000000
    52 -0.000003 0.000000 0.000001 3.141592 0.000000 0.000000
    53 0.000006 0.000000 0.000004 0.000000 0.000000 0.349065
    54 0.000000 0.000000 0.000000 3.141593 0.000000 0.000000
    55 -0.000008 -0.000006 0.000000 3.141593 0.000000 0.000000
    56 0.000002 -0.000002 0.000000 3.141593 0.000000 0.000000
    57 0.000014 -0.000004 0.000000 3.141593 0.000000 0.000000
    58 -0.000001 0.000000 0.000000 3.141593 0.000000 -0.000001
    59 0.000000 0.000000 0.000000 3.141593 0.000000 0.000000
    60 0.000010 0.000017 0.000000 3.141593 0.000000 -0.000001
    61 0.000000 0.000004 0.000000 3.141593 0.000000 -0.000001
    62 0.000000 0.000006 0.000000 3.141593 0.000000 -0.000001
    63 0.000001 0.000002 0.000000 3.141593 0.000000 0.000000
    64 0.000000 0.000000 0.000000 -3.141592 0.000000 0.000000
    65 0.000000 0.000000 0.000000 -1.570797 -0.000001 0.000000
    66 0.000000 0.000000 0.000000 0.000000 0.000000 0.000000
    67 1.200000 0.000000 0.000000 0.000000 0.000000 0.000000
    68 0.000009 0.299994 0.000000 0.000000 0.000000 0.174533
    69 -0.000001 -0.000001 -0.000004 0.000000 0.000000 0.000000
    70 -0.000010 0.000000 -0.000003 -3.141592 0.000001 0.000000
    71 0.000000 0.000000 0.000000 0.000001 -0.000001 0.349065
    72 0.000000 -0.000003 0.000000 0.000000 0.000000 0.000000
    73 0.000003 0.000000 0.000000 0.000000 0.000000 0.000000
    74 -0.000010 -0.000006 0.000000 -0.000001 0.000000 0.000000
    75 0.000019 0.000002 0.000000 0.000000 0.000000 0.000000
    76 0.000001 0.000004 0.000000 0.000000 0.000000 -0.000001
    77 0.000000 0.000000 0.000000 0.000000 0.000000 -0.000001
    78 0.000001 -0.000002 0.000000 0.000000 0.000000 -0.000001
    79 0.000000 0.000000 0.000000 0.000000 0.000000 -0.000001
    80 0.000001 0.000008 0.000000 0.000000 0.000000 0.000000
    81 -0.000003 0.000004 0.000000 0.000000 0.000000 0.000000
    82 -0.000007 -0.000008 0.000000 0.000000 0.000000 -0.000001
    83 0.000000 0.000002 -0.000002 -1.570796 0.000000 0.000000
  time 72
    0 -3.376361 -16.752692 -4.371474 -3.021128 -0.069407 -1.362262
    1 -1.186523 -1.037109 0.043274 0.000000 0.000004 0.000000
    2 -1.940901 -1.361039 0.227474 0.000003 0.000007 -0.000003
    3 -4.549240 -1.689358 -0.012529 0.000000 0.000000 0.000000
    4 4.331499 0.360595 -0.709097 0.000015 0.000003 0.056022
    5 3.513922 0.962076 -0.004281 0.000004 -0.000001 1.176003
    6 2.855053 0.477292 0.679213 -0.000001 -0.000004 2.896619
    7 1.649902 5.878080 0.032496 -0.000003 0.000002 -1.570796
    8 6.587842 -0.691444 0.025964 -0.000001 -0.000001 1.570796
    9 0.000002 -0.241401 -0.052690 0.000001 0.000001 0.000000
    10 10.620066 1.884898 -0.004843 -1.529186 -0.000002 3.141591
    11 -9.087198 1.359573 -0.008167 -0.000003 0.000002 -1.570796
    12 0.656169 -22.098300 -6.665325 1.714997 -0.379295 -2.311034
    13 1.473659 0.639418 -1.295234 1.663824 0.815115 0.394675
    14 1.832607 0.000002 -0.000008 3.084698 -0.002353 0.012941
    15 1.003335 0.000005 0.000001 -3.043836 -0.018448 0.180167
    16 3.777019 -0.396165 -1.411520 0.415675 -0.031726 -0.167476
    17 2.187956 0.000010 0.000000 -0.118458 0.001479 -0.002775
    18 1.100960 0.000002 0.000000 -0.081140 0.019225 0.255999
    19 3.987863 -0.577452 -0.474712 0.180755 -0.201990 0.120773
    20 1.890109 -0.000010 -0.000001 0.016709 0.005330 0.011249
    21 1.310925 0.000000 0.000000 -0.042244 0.003752 0.257403
    22 4.117986 -0.677973 0.453695 0.413985 -0.216355 0.350228
    23 1.655294 0.000008 0.000000 -0.064065 0.010140 0.008430
    24 0.869582 0.000004 0.000000 -0.310494 -0.023789 0.198055
    25 4.119379 -0.667534 1.354863 -0.378867 -0.343847 0.552323
    26 1.157247 -0.000010 -0.000002 0.186123 0.004335 -0.007561
    27 1.019835 -0.000006 0.000000 -1.448975 -0.073425 0.534413
    28 7.406140 -6.039003 -8.901889 -1.477332 0.643910 -1.684541
    29 12.695427 -0.000020 -0.000008 -0.235128 0.296646 -1.624282
    30 -7.844087 -14.889007 -4.598855 1.622059 -0.057410 -1.368166
    31 1.474215 -0.497926 -1.376118 0.979456 0.426216 -0.250748
    32 1.832179 -0.000010 -0.000002 -2.526135 -0.301561 0.609667
    33 1.042025 -0.000004 -0.000009 -2.896901 -0.278851 -0.192682
    34 3.823320 0.664865 -1.331676 0.205606 0.273503 -0.036532
    35 2.152367 -0.000001 0.000004 0.062007 -0.001488 0.005920
    36 1.056622 -0.000011 0.000000 0.241003 0.000717 -0.002178
    37 3.985134 0.881805 -0.368986 0.128322 -0.008132 -0.090211
    38 1.830183 0.000015 0.000000 0.063848 -0.073976 -1.510189
    39 1.561352 0.000008 -0.000004 0.027622 -0.015755 -1.357316
    40 4.116518 0.711272 0.551869 0.187923 0.006580 -0.361666
    41 1.752727 0.000006 0.000000 0.026521 0.029537 -1.405331
    42 0.869359 -0.000006 0.000000 0.015642 -0.073511 -0.926032
    43 4.118826 0.331223 1.419829 0.128888 -0.005990 -0.280207
    44 1.176321 0.000006 0.000000 -0.027338 0.139049 -0.923530
    45 0.970199 -0.000002 -0.000004 1.655618 0.044631 -1.487290
    46 -7.606037 1.001330 -4.120493 -2.247917 0.900599 -1.880817
    47 12.706336 -0.000035 -0.000009 -0.286455 0.290166 -1.807533
    48 0.000000 0.000000 -0.000003 0.000000 0.000000 0.000000
    49 1.200000 0.000000 0.000010 0.000000 0.000000 0.000000
    50 0.000010 -0.300000 0.000000 3.141593 0.000000 -0.174533
    51 0.000000 -0.000001 0.000000 0.000000 0.000000 0.000000
    52 -0.000003 0.000000 0.000001 3.141592 0.000000 0.000000
    53 0.000006 0.000000 0.000004 0.000000 0.000000 0.349065
    54 0.000000 0.000000 0.000000 3.141593 0.000000 0.000000
    55 -0.000008 -0.000006 0.000000 3.141593 0.000000 0.000000
    56 0.000002 -0.000002 0.000000 3.141593 0.000000 0.000000
    57 0.000014 -0.000004 0.000000 3.141593 0.000000 0.000000
    58 -0.000001 0.000000 0.000000 3.141593 0.000000 -0.000001
    59 0.000000 0.000000 0.000000 3.141593 0.000000 0.000000
    60 0.000010 0.000017 0.000000 3.141593 0.000000 -0.000001
    61 0.000000 0.000004 0.000000 3.141593 0.000000 -0.000001
    62 0.000000 0.000006 0.000000 3.141593 0.000000 -0.000001
    63 0.000001 0.000002 0.000000 3.141593 0.000000 0.000000
    64 0.000000 0.000000 0.000000 -3.141592 0.000000 0.000000
    65 0.000000 0.000000 0.000000 -1.570797 -0.000001 0.000000
    66 0.000000 0.000000 0.000000 0.000000 0.000000 0.000000
    67 1.200000 0.000000 0.000000 0.000000 0.000000 0.000000
    68 0.000009 0.299994 0.000000 0.000000 0.000000 0.174533
    69 -0.000001 -0.000001 -0.000004 0.000000 0.000000 0.000000
    70 -0.000010 0.000000 -0.000003 -3.141592 0.000001 0.000000
    71 0.000000 0.000000 0.000000 0.000001 -0.000001 0.349065
    72 0.000000 -0.000003 0.000000 0.000000 0.000000 0.000000
    73 0.000003 0.000000 0.000000 0.000000 0.000000 0.000000
    74 -0.000010 -0.000006 0.000000 -0.000001 0.000000 0.000000
    75 0.000019 0.000002 0.000000 0.000000 0.000000 0.000000
    76 0.000001 0.000004 0.000000 0.000000 0.000000 -0.000001
    77 0.000000 0.000000 0.000000 0.000000 0.000000 -0.000001
    78 0.000001 -0.000002 0.000000 0.000000 0.000000 -0.000001
    79 0.000000 0.000000 0.000000 0.000000 0.000000 -0.000001
    80 0.000001 0.000008 0.000000 0.000000 0.000000 0.000000
    81 -0.000003 0.000004 0.000000 0.000000 0.000000 0.000000
    82 -0.000007 -0.000008 0.000000 0.000000 0.000000 -0.000001
    83 0.000000 0.000002 -0.000002 -1.570796 0.000000 0.000000
  time 73
    0 -3.376361 -16.752692 -4.375380 -3.021666 -0.069407 -1.362333
    1 -1.186523 -1.037109 0.043274 0.000000 0.000004 0.000000
    2 -1.940901 -1.361039 0.227474 0.000003 0.000007 -0.000003
    3 -4.549240 -1.689358 -0.012529 0.000000 0.000000 0.000000
    4 4.331499 0.360595 -0.709097 0.000015 0.000003 0.056022
    5 3.513922 0.962076 -0.004281 0.000004 -0.000001 1.176003
    6 2.855053 0.477292 0.679213 -0.000001 -0.000004 2.896619
    7 1.649902 5.878080 0.032496 -0.000003 0.000002 -1.570796
    8 6.587842 -0.691444 0.025964 -0.000001 -0.000001 1.570796
    9 0.000002 -0.241401 -0.052690 0.000001 0.000001 0.000000
    10 10.620066 1.884898 -0.004843 -1.529186 -0.000002 3.141591
    11 -9.087198 1.359573 -0.008167 -0.000003 0.000002 -1.570796
    12 0.656169 -22.098300 -6.665325 1.714632 -0.379778 -2.310889
    13 1.473659 0.639418 -1.295234 1.663824 0.815099 0.394647
    14 1.832607 0.000002 -0.000008 3.084698 -0.002353 0.012941
    15 1.003335 0.000005 0.000001 -3.043920 -0.018891 0.185633
    16 3.773113 -0.392259 -1.411520 0.415675 -0.031726 -0.167476
    17 2.187956 0.000010 0.000000 -0.118458 0.001479 -0.002775
    18 1.100960 0.000002 0.000000 -0.081140 0.019225 0.255999
    19 3.987863 -0.577452 -0.474712 0.180755 -0.201990 0.120773
    20 1.890109 -0.000010 -0.000001 0.016724 0.005330 0.011249
    21 1.310925 0.000000 0.000000 -0.042244 0.003764 0.257403
    22 4.117986 -0.677973 0.453695 0.413985 -0.216355 0.350228
    23 1.655294 0.000008 0.000000 -0.064065 0.010140 0.008430
    24 0.869582 0.000004 0.000000 -0.310494 -0.023813 0.198028
    25 4.115473 -0.667534 1.354863 -0.378867 -0.343847 0.552260
    26 1.157247 -0.000010 -0.000002 0.186123 0.004335 -0.007561
    27 1.019835 -0.000006 0.000000 -1.448987 -0.073425 0.534413
    28 7.406140 -6.039003 -8.901889 -1.473810 0.643287 -1.682515
    29 12.695427 -0.000020 -0.000008 -0.235128 0.296646 -1.624361
    30 -7.844087 -14.885100 -4.594949 1.621477 -0.057364 -1.368166
    31 1.474215 -0.497926 -1.376118 0.979456 0.426216 -0.250736
    32 1.832179 -0.000010 -0.000002 -2.526123 -0.301561 0.609667
    33 1.042025 -0.000004 -0.000009 -2.896901 -0.278851 -0.192682
    34 3.823320 0.664865 -1.331676 0.205606 0.273503 -0.036532
    35 2.152367 -0.000001 0.000004 0.062007 -0.001488 0.005920
    36 1.056622 -0.000011 0.000000 0.241003 0.000717 -0.002178
    37 3.985134 0.881805 -0.368986 0.128322 -0.008132 -0.090211
    38 1.830183 0.000015 0.000000 0.063848 -0.073976 -1.510189
    39 1.561352 0.000008 -0.000004 0.027622 -0.015755 -1.357316
    40 4.116518 0.711272 0.551869 0.187923 0.006580 -0.361666
    41 1.752727 0.000006 0.000000 0.026521 0.029537 -1.405331
    42 0.869359 -0.000006 0.000000 0.015570 -0.073475 -0.926076
    43 4.118826 0.331223 1.419829 0.128888 -0.005990 -0.280207
    44 1.176321 0.000006 0.000000 -0.027338 0.139049 -0.923507
    45 0.970199 -0.000002 -0.000004 1.655618 0.044631 -1.487290
    46 -7.606037 1.001330 -4.120493 -2.247917 0.900566 -1.880755
    47 12.706336 -0.000035 -0.000009 -0.286455 0.290190 -1.807656
    48 0.000000 0.000000 -0.000003 0.000000 0.000000 0.000000
    49 1.200000 0.000000 0.000010 0.000000 0.000000 0.000000
    50 0.000010 -0.300000 0.000000 3.141593 0.000000 -0.174533
    51 0.000000 -0.000001 0.000000 0.000000 0.000000 0.000000
    52 -0.000003 0.000000 0.000001 3.141592 0.000000 0.000000
    53 0.000006 0.000000 0.000004 0.000000 0.000000 0.349065
    54 0.000000 0.000000 0.000000 3.141593 0.000000 0.000000
    55 -0.000008 -0.000006 0.000000 3.141593 0.000000 0.000000
    56 0.000002 -0.000002 0.000000 3.141593 0.000000 0.000000
    57 0.000014 -0.000004 0.000000 3.141593 0.000000 0.000000
    58 -0.000001 0.000000 0.000000 3.141593 0.000000 -0.000001
    59 0.000000 0.000000 0.000000 3.141593 0.000000 0.000000
    60 0.000010 0.000017 0.000000 3.141593 0.000000 -0.000001
    61 0.000000 0.000004 0.000000 3.141593 0.000000 -0.000001
    62 0.000000 0.000006 0.000000 3.141593 0.000000 -0.000001
    63 0.000001 0.000002 0.000000 3.141593 0.000000 0.000000
    64 0.000000 0.000000 0.000000 -3.141592 0.000000 0.000000
    65 0.000000 0.000000 0.000000 -1.570797 -0.000001 0.000000
    66 0.000000 0.000000 0.000000 0.000000 0.000000 0.000000
    67 1.200000 0.000000 0.000000 0.000000 0.000000 0.000000
    68 0.000009 0.299994 0.000000 0.000000 0.000000 0.174533
    69 -0.000001 -0.000001 -0.000004 0.000000 0.000000 0.000000
    70 -0.000010 0.000000 -0.000003 -3.141592 0.000001 0.000000
    71 0.000000 0.000000 0.000000 0.000001 -0.000001 0.349065
    72 0.000000 -0.000003 0.000000 0.000000 0.000000 0.000000
    73 0.000003 0.000000 0.000000 0.000000 0.000000 0.000000
    74 -0.000010 -0.000006 0.000000 -0.000001 0.000000 0.000000
    75 0.000019 0.000002 0.000000 0.000000 0.000000 0.000000
    76 0.000001 0.000004 0.000000 0.000000 0.000000 -0.000001
    77 0.000000 0.000000 0.000000 0.000000 0.000000 -0.000001
    78 0.000001 -0.000002 0.000000 0.000000 0.000000 -0.000001
    79 0.000000 0.000000 0.000000 0.000000 0.000000 -0.000001
    80 0.000001 0.000008 0.000000 0.000000 0.000000 0.000000
    81 -0.000003 0.000004 0.000000 0.000000 0.000000 0.000000
    82 -0.000007 -0.000008 0.000000 0.000000 0.000000 -0.000001
    83 0.000000 0.000002 -0.000002 -1.570796 0.000000 0.000000
  time 74
    0 -3.376361 -16.752692 -4.375380 -3.022428 -0.069407 -1.362333
    1 -1.186523 -1.037109 0.043274 0.000000 0.000004 0.000000
    2 -1.940901 -1.361039 0.227474 0.000003 0.000007 -0.000003
    3 -4.549240 -1.689358 -0.012529 0.000000 0.000000 0.000000
    4 4.331499 0.360595 -0.709097 0.000015 0.000003 0.056022
    5 3.513922 0.962076 -0.004281 0.000004 -0.000001 1.176003
    6 2.855053 0.477292 0.679213 -0.000001 -0.000004 2.896619
    7 1.649902 5.878080 0.032496 -0.000003 0.000002 -1.570796
    8 6.587842 -0.691444 0.025964 -0.000001 -0.000001 1.570796
    9 0.000002 -0.241401 -0.052690 0.000001 0.000001 0.000000
    10 10.620066 1.884898 -0.004843 -1.529186 -0.000002 3.141591
    11 -9.087198 1.359573 -0.008167 -0.000003 0.000002 -1.570796
    12 0.656169 -22.098300 -6.673138 1.714267 -0.380301 -2.310889
    13 1.473659 0.639418 -1.295234 1.663824 0.815099 0.394675
    14 1.832607 0.000002 -0.000008 3.084710 -0.002365 0.012941
    15 1.003335 0.000005 0.000001 -3.044076 -0.019358 0.190771
    16 3.773113 -0.392259 -1.411520 0.415675 -0.031726 -0.167476
    17 2.187956 0.000010 0.000000 -0.118458 0.001479 -0.002775
    18 1.100960 0.000002 0.000000 -0.081140 0.019225 0.255999
    19 3.987863 -0.577452 -0.474712 0.180755 -0.201990 0.120773
    20 1.890109 -0.000010 -0.000001 0.016724 0.005330 0.011249
    21 1.310925 0.000000 0.000000 -0.042244 0.003764 0.257403
    22 4.117986 -0.681879 0.453695 0.413985 -0.216355 0.350228
    23 1.655294 0.000008 0.000000 -0.064065 0.010140 0.008430
    24 0.869582 0.000004 0.000000 -0.310494 -0.023801 0.198028
    25 4.115473 -0.671440 1.354863 -0.378867 -0.343847 0.552197
    26 1.157247 -0.000010 -0.000002 0.186123 0.004335 -0.007561
    27 1.019835 -0.000006 0.000000 -1.448975 -0.073425 0.534413
    28 7.406140 -6.039003 -8.901889 -1.470193 0.642581 -1.679751
    29 12.695427 -0.000020 -0.000008 -0.235128 0.296646 -1.624361
    30 -7.844087 -14.885100 -4.594949 1.620716 -0.057364 -1.368237
    31 1.474215 -0.497926 -1.376118 0.979456 0.426216 -0.250736
    32 1.832179 -0.000010 -0.000002 -2.526123 -0.301561 0.609667
    33 1.042025 -0.000004 -0.000009 -2.896901 -0.278851 -0.192682
    34 3.823320 0.664865 -1.331676 0.205606 0.273479 -0.036532
    35 2.152367 -0.000001 0.000004 0.062019 -0.001488 0.005920
    36 1.056622 -0.000011 0.000000 0.241003 0.000717 -0.002178
    37 3.985134 0.881805 -0.368986 0.128322 -0.008132 -0.090211
    38 1.830183 0.000015 0.000000 0.063848 -0.073976 -1.510189
    39 1.561352 0.000008 -0.000004 0.027622 -0.015755 -1.357316
    40 4.116518 0.711272 0.551869 0.187923 0.006580 -0.361666
    41 1.752727 0.000006 0.000000 0.026521 0.029537 -1.405331
    42 0.869359 -0.000006 0.000000 0.015630 -0.073475 -0.926076
    43 4.118826 0.331223 1.419829 0.128888 -0.005990 -0.280207
    44 1.176321 0.000006 0.000000 -0.027338 0.139049 -0.923484
    45 0.970199 -0.000002 -0.000004 1.655618 0.044631 -1.487290
    46 -7.606037 1.001330 -4.120493 -2.247917 0.900432 -1.880692
    47 12.706336 -0.000035 -0.000009 -0.286455 0.290154 -1.807656
    48 0.000000 0.000000 -0.000003 0.000000 0.000000 0.000000
    49 1.200000 0.000000 0.000010 0.000000 0.000000 0.000000
    50 0.000010 -0.300000 0.000000 3.141593 0.000000 -0.174533
    51 0.000000 -0.000001 0.000000 0.000000 0.000000 0.000000
    52 -0.000003 0.000000 0.000001 3.141592 0.000000 0.000000
    53 0.000006 0.000000 0.000004 0.000000 0.000000 0.349065
    54 0.000000 0.000000 0.000000 3.141593 0.000000 0.000000
    55 -0.000008 -0.000006 0.000000 3.141593 0.000000 0.000000
    56 0.000002 -0.000002 0.000000 3.141593 0.000000 0.000000
    57 0.000014 -0.000004 0.000000 3.141593 0.000000 0.000000
    58 -0.000001 0.000000 0.000000 3.141593 0.000000 -0.000001
    59 0.000000 0.000000 0.000000 3.141593 0.000000 0.000000
    60 0.000010 0.000017 0.000000 3.141593 0.000000 -0.000001
    61 0.000000 0.000004 0.000000 3.141593 0.000000 -0.000001
    62 0.000000 0.000006 0.000000 3.141593 0.000000 -0.000001
    63 0.000001 0.000002 0.000000 3.141593 0.000000 0.000000
    64 0.000000 0.000000 0.000000 -3.141592 0.000000 0.000000
    65 0.000000 0.000000 0.000000 -1.570797 -0.000001 0.000000
    66 0.000000 0.000000 0.000000 0.000000 0.000000 0.000000
    67 1.200000 0.000000 0.000000 0.000000 0.000000 0.000000
    68 0.000009 0.299994 0.000000 0.000000 0.000000 0.174533
    69 -0.000001 -0.000001 -0.000004 0.000000 0.000000 0.000000
    70 -0.000010 0.000000 -0.000003 -3.141592 0.000001 0.000000
    71 0.000000 0.000000 0.000000 0.000001 -0.000001 0.349065
    72 0.000000 -0.000003 0.000000 0.000000 0.000000 0.000000
    73 0.000003 0.000000 0.000000 0.000000 0.000000 0.000000
    74 -0.000010 -0.000006 0.000000 -0.000001 0.000000 0.000000
    75 0.000019 0.000002 0.000000 0.000000 0.000000 0.000000
    76 0.000001 0.000004 0.000000 0.000000 0.000000 -0.000001
    77 0.000000 0.000000 0.000000 0.000000 0.000000 -0.000001
    78 0.000001 -0.000002 0.000000 0.000000 0.000000 -0.000001
    79 0.000000 0.000000 0.000000 0.000000 0.000000 -0.000001
    80 0.000001 0.000008 0.000000 0.000000 0.000000 0.000000
    81 -0.000003 0.000004 0.000000 0.000000 0.000000 0.000000
    82 -0.000007 -0.000008 0.000000 0.000000 0.000000 -0.000001
    83 0.000000 0.000002 -0.000002 -1.570796 0.000000 0.000000
  time 75
    0 -3.376361 -16.752692 -4.379286 -3.023145 -0.069407 -1.362333
    1 -1.186523 -1.037109 0.043274 0.000000 0.000004 0.000000
    2 -1.940901 -1.361039 0.227474 0.000003 0.000007 -0.000003
    3 -4.549240 -1.689358 -0.012529 0.000000 0.000000 0.000000
    4 4.331499 0.360595 -0.709097 0.000015 0.000003 0.056022
    5 3.513922 0.962076 -0.004281 0.000004 -0.000001 1.176003
    6 2.855053 0.477292 0.679213 -0.000001 -0.000004 2.896619
    7 1.649902 5.878080 0.032496 -0.000003 0.000002 -1.570796
    8 6.587842 -0.691444 0.025964 -0.000001 -0.000001 1.570796
    9 0.000002 -0.241401 -0.052690 0.000001 0.000001 0.000000
    10 10.620066 1.884898 -0.004843 -1.529186 -0.000002 3.141591
    11 -9.087198 1.359573 -0.008167 -0.000003 0.000002 -1.570796
    12 0.652263 -22.098300 -6.673138 1.713902 -0.380945 -2.310744
    13 1.473659 0.639418 -1.295234 1.663824 0.815148 0.394647
    14 1.832607 0.000002 -0.000008 3.084698 -0.002365 0.012941
    15 1.003335 0.000005 0.000001 -3.044172 -0.019946 0.195630
    16 3.765300 -0.384446 -1.411520 0.415675 -0.031726 -0.167476
    17 2.187956 0.000010 0.000000 -0.118458 0.001479 -0.002775
    18 1.100960 0.000002 0.000000 -0.081140 0.019225 0.255999
    19 3.987863 -0.561826 -0.474712 0.180755 -0.201990 0.120773
    20 1.890109 -0.000010 -0.000001 0.016709 0.005330 0.011288
    21 1.310925 0.000000 0.000000 -0.042244 0.003764 0.257403
    22 4.117986 -0.670160 0.441976 0.413985 -0.216355 0.350228
    23 1.655294 0.000008 0.000000 -0.064065 0.010140 0.008430
    24 0.869582 0.000004 0.000000 -0.310494 -0.023789 0.198055
    25 4.115473 -0.648002 1.354863 -0.378867 -0.343847 0.552281
    26 1.157247 -0.000010 -0.000002 0.186123 0.004335 -0.007561
    27 1.019835 -0.000006 0.000000 -1.448975 -0.073425 0.534413
    28 7.406140 -6.039003 -8.901889 -1.466576 0.641999 -1.677263
    29 12.695427 -0.000020 -0.000008 -0.235061 0.296646 -1.624361
    30 -7.844087 -14.885100 -4.594949 1.620089 -0.057364 -1.368237
    31 1.474215 -0.497926 -1.376118 0.979456 0.426216 -0.250736
    32 1.832179 -0.000010 -0.000002 -2.526135 -0.301561 0.609667
    33 1.042025 -0.000004 -0.000009 -2.896937 -0.278851 -0.192682
    34 3.823320 0.664865 -1.331676 0.205606 0.273503 -0.036532
    35 2.152367 -0.000001 0.000004 0.062007 -0.001488 0.005920
    36 1.056622 -0.000011 0.000000 0.241003 0.000717 -0.002202
    37 3.985134 0.881805 -0.368986 0.128322 -0.008132 -0.090211
    38 1.830183 0.000015 0.000000 0.063848 -0.073976 -1.510189
    39 1.561352 0.000008 -0.000004 0.027622 -0.015755 -1.357316
    40 4.116518 0.711272 0.551869 0.187923 0.006580 -0.361666
    41 1.752727 0.000006 0.000000 0.026521 0.029537 -1.405331
    42 0.869359 -0.000006 0.000000 0.015630 -0.073475 -0.926076
    43 4.118826 0.331223 1.419829 0.128888 -0.005990 -0.280207
    44 1.176321 0.000006 0.000000 -0.027338 0.139049 -0.923484
    45 0.970199 -0.000002 -0.000004 1.655618 0.044631 -1.487290
    46 -7.606037 1.001330 -4.120493 -2.247917 0.900432 -1.880692
    47 12.706336 -0.000035 -0.000009 -0.286455 0.290154 -1.807717
    48 0.000000 0.000000 -0.000003 0.000000 0.000000 0.000000
    49 1.200000 0.000000 0.000010 0.000000 0.000000 0.000000
    50 0.000010 -0.300000 0.000000 3.141593 0.000000 -0.174533
    51 0.000000 -0.000001 0.000000 0.000000 0.000000 0.000000
    52 -0.000003 0.000000 0.000001 3.141592 0.000000 0.000000
    53 0.000006 0.000000 0.000004 0.000000 0.000000 0.349065
    54 0.000000 0.000000 0.000000 3.141593 0.000000 0.000000
    55 -0.000008 -0.000006 0.000000 3.141593 0.000000 0.000000
    56 0.000002 -0.000002 0.000000 3.141593 0.000000 0.000000
    57 0.000014 -0.000004 0.000000 3.141593 0.000000 0.000000
    58 -0.000001 0.000000 0.000000 3.141593 0.000000 -0.000001
    59 0.000000 0.000000 0.000000 3.141593 0.000000 0.000000
    60 0.000010 0.000017 0.000000 3.141593 0.000000 -0.000001
    61 0.000000 0.000004 0.000000 3.141593 0.000000 -0.000001
    62 0.000000 0.000006 0.000000 3.141593 0.000000 -0.000001
    63 0.000001 0.000002 0.000000 3.141593 0.000000 0.000000
    64 0.000000 0.000000 0.000000 -3.141592 0.000000 0.000000
    65 0.000000 0.000000 0.000000 -1.570797 -0.000001 0.000000
    66 0.000000 0.000000 0.000000 0.000000 0.000000 0.000000
    67 1.200000 0.000000 0.000000 0.000000 0.000000 0.000000
    68 0.000009 0.299994 0.000000 0.000000 0.000000 0.174533
    69 -0.000001 -0.000001 -0.000004 0.000000 0.000000 0.000000
    70 -0.000010 0.000000 -0.000003 -3.141592 0.000001 0.000000
    71 0.000000 0.000000 0.000000 0.000001 -0.000001 0.349065
    72 0.000000 -0.000003 0.000000 0.000000 0.000000 0.000000
    73 0.000003 0.000000 0.000000 0.000000 0.000000 0.000000
    74 -0.000010 -0.000006 0.000000 -0.000001 0.000000 0.000000
    75 0.000019 0.000002 0.000000 0.000000 0.000000 0.000000
    76 0.000001 0.000004 0.000000 0.000000 0.000000 -0.000001
    77 0.000000 0.000000 0.000000 0.000000 0.000000 -0.000001
    78 0.000001 -0.000002 0.000000 0.000000 0.000000 -0.000001
    79 0.000000 0.000000 0.000000 0.000000 0.000000 -0.000001
    80 0.000001 0.000008 0.000000 0.000000 0.000000 0.000000
    81 -0.000003 0.000004 0.000000 0.000000 0.000000 0.000000
    82 -0.000007 -0.000008 0.000000 0.000000 0.000000 -0.000001
    83 0.000000 0.000002 -0.000002 -1.570796 0.000000 0.000000
  time 76
    0 -3.372455 -16.752692 -4.379286 -3.023728 -0.069407 -1.362333
    1 -1.186523 -1.037109 0.043274 0.000000 0.000004 0.000000
    2 -1.940901 -1.361039 0.227474 0.000003 0.000007 -0.000003
    3 -4.549240 -1.689358 -0.012529 0.000000 0.000000 0.000000
    4 4.331499 0.360595 -0.709097 0.000015 0.000003 0.056022
    5 3.513922 0.962076 -0.004281 0.000004 -0.000001 1.176003
    6 2.855053 0.477292 0.679213 -0.000001 -0.000004 2.896619
    7 1.649902 5.878080 0.032496 -0.000003 0.000002 -1.570796
    8 6.587842 -0.691444 0.025964 -0.000001 -0.000001 1.570796
    9 0.000002 -0.241401 -0.052690 0.000001 0.000001 0.000000
    10 10.620066 1.884898 -0.004843 -1.529186 -0.000002 3.141591
    11 -9.087198 1.359573 -0.008167 -0.000003 0.000002 -1.570796
    12 0.652263 -22.098300 -6.680951 1.713172 -0.381428 -2.310672
    13 1.473659 0.639418 -1.295234 1.663824 0.815148 0.394647
    14 1.832607 0.000002 -0.000008 3.084698 -0.002353 0.012941
    15 1.003335 0.000005 0.000001 -3.044268 -0.020269 0.200068
    16 3.773113 -0.388352 -1.411520 0.415675 -0.031726 -0.167476
    17 2.187956 0.000010 0.000000 -0.118458 0.001479 -0.002775
    18 1.100960 0.000002 0.000000 -0.081140 0.019225 0.255999
    19 3.987863 -0.577452 -0.474712 0.180755 -0.201990 0.120773
    20 1.890109 -0.000010 -0.000001 0.016709 0.005330 0.011249
    21 1.310925 0.000000 0.000000 -0.042244 0.003752 0.257403
    22 4.117986 -0.677973 0.453695 0.413985 -0.216355 0.350228
    23 1.655294 0.000008 0.000000 -0.064065 0.010140 0.008430
    24 0.869582 0.000004 0.000000 -0.310494 -0.023813 0.198028
    25 4.115473 -0.667534 1.354863 -0.378867 -0.343847 0.552218
    26 1.157247 -0.000010 -0.000002 0.186123 0.004335 -0.007561
    27 1.019835 -0.000006 0.000000 -1.448975 -0.073425 0.534413
    28 7.406140 -6.039003 -8.901889 -1.462483 0.641376 -1.674683
    29 12.695427 -0.000020 -0.000008 -0.235061 0.296646 -1.624361
    30 -7.840181 -14.885100 -4.594949 1.619373 -0.057364 -1.368308
    31 1.474215 -0.497926 -1.376118 0.979456 0.426216 -0.250736
    32 1.832179 -0.000010 -0.000002 -2.526123 -0.301561 0.609667
    33 1.042025 -0.000004 -0.000009 -2.896901 -0.278839 -0.192682
    34 3.823320 0.664865 -1.331676 0.205606 0.273419 -0.036532
    35 2.152367 -0.000001 0.000004 0.062007 -0.001488 0.005920
    36 1.056622 -0.000011 0.000000 0.241003 0.000717 -0.002178
    37 3.985134 0.881805 -0.368986 0.128322 -0.008132 -0.090211
    38 1.830183 0.000015 0.000000 0.063848 -0.073976 -1.510189
    39 1.561352 0.000008 -0.000004 0.027622 -0.015755 -1.357316
    40 4.116518 0.711272 0.551869 0.187923 0.006580 -0.361666
    41 1.752727 0.000006 0.000000 0.026521 0.029537 -1.405331
    42 0.869359 -0.000006 0.000000 0.015642 -0.073475 -0.926076
    43 4.118826 0.331223 1.419829 0.128888 -0.005990 -0.280207
    44 1.176321 0.000006 0.000000 -0.027338 0.139049 -0.923484
    45 0.970199 -0.000002 -0.000004 1.655618 0.044631 -1.487290
    46 -7.606037 1.001330 -4.120493 -2.248125 0.900432 -1.880692
    47 12.706336 -0.000035 -0.000009 -0.286455 0.290142 -1.807841
    48 0.000000 0.000000 -0.000003 0.000000 0.000000 0.000000
    49 1.200000 0.000000 0.000010 0.000000 0.000000 0.000000
    50 0.000010 -0.300000 0.000000 3.141593 0.000000 -0.174533
    51 0.000000 -0.000001 0.000000 0.000000 0.000000 0.000000
    52 -0.000003 0.000000 0.000001 3.141592 0.000000 0.000000
    53 0.000006 0.000000 0.000004 0.000000 0.000000 0.349065
    54 0.000000 0.000000 0.000000 3.141593 0.000000 0.000000
    55 -0.000008 -0.000006 0.000000 3.141593 0.000000 0.000000
    56 0.000002 -0.000002 0.000000 3.141593 0.000000 0.000000
    57 0.000014 -0.000004 0.000000 3.141593 0.000000 0.000000
    58 -0.000001 0.000000 0.000000 3.141593 0.000000 -0.000001
    59 0.000000 0.000000 0.000000 3.141593 0.000000 0.000000
    60 0.000010 0.000017 0.000000 3.141593 0.000000 -0.000001
    61 0.000000 0.000004 0.000000 3.141593 0.000000 -0.000001
    62 0.000000 0.000006 0.000000 3.141593 0.000000 -0.000001
    63 0.000001 0.000002 0.000000 3.141593 0.000000 0.000000
    64 0.000000 0.000000 0.000000 -3.141592 0.000000 0.000000
    65 0.000000 0.000000 0.000000 -1.570797 -0.000001 0.000000
    66 0.000000 0.000000 0.000000 0.000000 0.000000 0.000000
    67 1.200000 0.000000 0.000000 0.000000 0.000000 0.000000
    68 0.000009 0.299994 0.000000 0.000000 0.000000 0.174533
    69 -0.000001 -0.000001 -0.000004 0.000000 0.000000 0.000000
    70 -0.000010 0.000000 -0.000003 -3.141592 0.000001 0.000000
    71 0.000000 0.000000 0.000000 0.000001 -0.000001 0.349065
    72 0.000000 -0.000003 0.000000 0.000000 0.000000 0.000000
    73 0.000003 0.000000 0.000000 0.000000 0.000000 0.000000
    74 -0.000010 -0.000006 0.000000 -0.000001 0.000000 0.000000
    75 0.000019 0.000002 0.000000 0.000000 0.000000 0.000000
    76 0.000001 0.000004 0.000000 0.000000 0.000000 -0.000001
    77 0.000000 0.000000 0.000000 0.000000 0.000000 -0.000001
    78 0.000001 -0.000002 0.000000 0.000000 0.000000 -0.000001
    79 0.000000 0.000000 0.000000 0.000000 0.000000 -0.000001
    80 0.000001 0.000008 0.000000 0.000000 0.000000 0.000000
    81 -0.000003 0.000004 0.000000 0.000000 0.000000 0.000000
    82 -0.000007 -0.000008 0.000000 0.000000 0.000000 -0.000001
    83 0.000000 0.000002 -0.000002 -1.570796 0.000000 0.000000
  time 77
    0 -3.372455 -16.752692 -4.383193 -3.024445 -0.069407 -1.362404
    1 -1.186523 -1.037109 0.043274 0.000000 0.000004 0.000000
    2 -1.940901 -1.361039 0.227474 0.000003 0.000007 -0.000003
    3 -4.549240 -1.689358 -0.012529 0.000000 0.000000 0.000000
    4 4.331499 0.360595 -0.709097 0.000015 0.000003 0.056022
    5 3.513922 0.962076 -0.004281 0.000004 -0.000001 1.176003
    6 2.855053 0.477292 0.679213 -0.000001 -0.000004 2.896619
    7 1.649902 5.878080 0.032496 -0.000003 0.000002 -1.570796
    8 6.587842 -0.691444 0.025964 -0.000001 -0.000001 1.570796
    9 0.000002 -0.241401 -0.052690 0.000001 0.000001 0.000000
    10 10.620066 1.884898 -0.004843 -1.529186 -0.000002 3.141591
    11 -9.087198 1.359573 -0.008167 -0.000003 0.000002 -1.570796
    12 0.652263 -22.098300 -6.684857 1.712807 -0.381911 -2.310527
    13 1.473659 0.639418 -1.295234 1.663824 0.815148 0.394675
    14 1.832607 0.000002 -0.000008 3.084698 -0.002305 0.012941
    15 1.003335 0.000005 0.000001 -3.044328 -0.020773 0.204070
    16 3.773113 -0.388352 -1.411520 0.415675 -0.031726 -0.167476
    17 2.187956 0.000010 0.000000 -0.118458 0.001479 -0.002775
    18 1.100960 0.000002 0.000000 -0.081140 0.019225 0.255999
    19 3.987863 -0.577452 -0.474712 0.180755 -0.201990 0.120810
    20 1.890109 -0.000010 -0.000001 0.016709 0.005330 0.011288
    21 1.310925 0.000000 0.000000 -0.042244 0.003764 0.257403
    22 4.117986 -0.670160 0.445882 0.413985 -0.216355 0.350228
    23 1.655294 0.000008 0.000000 -0.064065 0.010140 0.008430
    24 0.869582 0.000004 0.000000 -0.310494 -0.023801 0.198055
    25 4.115473 -0.667534 1.354863 -0.378867 -0.343847 0.552344
    26 1.157247 -0.000010 -0.000002 0.186123 0.004335 -0.007561
    27 1.019835 -0.000006 0.000000 -1.448975 -0.073425 0.534413
    28 7.406140 -6.039003 -8.901889 -1.458485 0.640586 -1.671827
    29 12.695427 -0.000020 -0.000008 -0.235128 0.296646 -1.624361
    30 -7.840181 -14.885100 -4.594949 1.618701 -0.057364 -1.368308
    31 1.474215 -0.497926 -1.376118 0.979456 0.426216 -0.250736
    32 1.832179 -0.000010 -0.000002 -2.526135 -0.301561 0.609667
    33 1.042025 -0.000004 -0.000009 -2.896901 -0.278839 -0.192682
    34 3.823320 0.664865 -1.331676 0.205606 0.273503 -0.036532
    35 2.152367 -0.000001 0.000004 0.062019 -0.001488 0.005920
    36 1.056622 -0.000011 0.000000 0.241003 0.000717 -0.002190
    37 3.985134 0.881805 -0.368986 0.128322 -0.008132 -0.090211
    38 1.830183 0.000015 0.000000 0.063848 -0.073976 -1.510189
    39 1.561352 0.000008 -0.000004 0.027622 -0.015755 -1.357316
    40 4.116518 0.711272 0.551869 0.187923 0.006580 -0.361666
    41 1.752727 0.000006 0.000000 0.026521 0.029537 -1.405331
    42 0.869359 -0.000006 0.000000 0.015630 -0.073499 -0.926076
    43 4.118826 0.331223 1.419829 0.128888 -0.005990 -0.280207
    44 1.176321 0.000006 0.000000 -0.027338 0.139049 -0.923507
    45 0.970199 -0.000002 -0.000004 1.655618 0.044631 -1.487290
    46 -7.606037 1.001330 -4.120493 -2.248264 0.900566 -1.880755
    47 12.706336 -0.000035 -0.000009 -0.286494 0.290142 -1.807841
    48 0.000000 0.000000 -0.000003 0.000000 0.000000 0.000000
    49 1.200000 0.000000 0.000010 0.000000 0.000000 0.000000
    50 0.000010 -0.300000 0.000000 3.141593 0.000000 -0.174533
    51 0.000000 -0.000001 0.000000 0.000000 0.000000 0.000000
    52 -0.000003 0.000000 0.000001 3.141592 0.000000 0.000000
    53 0.000006 0.000000 0.000004 0.000000 0.000000 0.349065
    54 0.000000 0.000000 0.000000 3.141593 0.000000 0.000000
    55 -0.000008 -0.000006 0.000000 3.141593 0.000000 0.000000
    56 0.000002 -0.000002 0.000000 3.141593 0.000000 0.000000
    57 0.000014 -0.000004 0.000000 3.141593 0.000000 0.000000
    58 -0.000001 0.000000 0.000000 3.141593 0.000000 -0.000001
    59 0.000000 0.000000 0.000000 3.141593 0.000000 0.000000
    60 0.000010 0.000017 0.000000 3.141593 0.000000 -0.000001
    61 0.000000 0.000004 0.000000 3.141593 0.000000 -0.000001
    62 0.000000 0.000006 0.000000 3.141593 0.000000 -0.000001
    63 0.000001 0.000002 0.000000 3.141593 0.000000 0.000000
    64 0.000000 0.000000 0.000000 -3.141592 0.000000 0.000000
    65 0.000000 0.000000 0.000000 -1.570797 -0.000001 0.000000
    66 0.000000 0.000000 0.000000 0.000000 0.000000 0.000000
    67 1.200000 0.000000 0.000000 0.000000 0.000000 0.000000
    68 0.000009 0.299994 0.000000 0.000000 0.000000 0.174533
    69 -0.000001 -0.000001 -0.000004 0.000000 0.000000 0.000000
    70 -0.000010 0.000000 -0.000003 -3.141592 0.000001 0.000000
    71 0.000000 0.000000 0.000000 0.000001 -0.000001 0.349065
    72 0.000000 -0.000003 0.000000 0.000000 0.000000 0.000000
    73 0.000003 0.000000 0.000000 0.000000 0.000000 0.000000
    74 -0.000010 -0.000006 0.000000 -0.000001 0.000000 0.000000
    75 0.000019 0.000002 0.000000 0.000000 0.000000 0.000000
    76 0.000001 0.000004 0.000000 0.000000 0.000000 -0.000001
    77 0.000000 0.000000 0.000000 0.000000 0.000000 -0.000001
    78 0.000001 -0.000002 0.000000 0.000000 0.000000 -0.000001
    79 0.000000 0.000000 0.000000 0.000000 0.000000 -0.000001
    80 0.000001 0.000008 0.000000 0.000000 0.000000 0.000000
    81 -0.000003 0.000004 0.000000 0.000000 0.000000 0.000000
    82 -0.000007 -0.000008 0.000000 0.000000 0.000000 -0.000001
    83 0.000000 0.000002 -0.000002 -1.570796 0.000000 0.000000
  time 78
    0 -3.368548 -16.752692 -4.387099 -3.025028 -0.069407 -1.362404
    1 -1.186523 -1.037109 0.043274 0.000000 0.000004 0.000000
    2 -1.940901 -1.361039 0.227474 0.000003 0.000007 -0.000003
    3 -4.549240 -1.689358 -0.012529 0.000000 0.000000 0.000000
    4 4.331499 0.360595 -0.709097 0.000015 0.000003 0.056022
    5 3.513922 0.962076 -0.004281 0.000004 -0.000001 1.176003
    6 2.855053 0.477292 0.679213 -0.000001 -0.000004 2.896619
    7 1.649902 5.878080 0.032496 -0.000003 0.000002 -1.570796
    8 6.587842 -0.691444 0.025964 -0.000001 -0.000001 1.570796
    9 0.000002 -0.241401 -0.052690 0.000001 0.000001 0.000000
    10 10.620066 1.884898 -0.004843 -1.529186 -0.000002 3.141591
    11 -9.087198 1.359573 -0.008167 -0.000003 0.000002 -1.570796
    12 0.652263 -22.098300 -6.692670 1.712442 -0.382434 -2.310527
    13 1.473659 0.639418 -1.295234 1.663824 0.815099 0.394675
    14 1.832607 0.000002 -0.000008 3.084698 -0.002341 0.012941
    15 1.003335 0.000005 0.000001 -3.044328 -0.021000 0.207605
    16 3.777019 -0.384446 -1.411520 0.415675 -0.031726 -0.167476
    17 2.187956 0.000010 0.000000 -0.118458 0.001479 -0.002775
    18 1.100960 0.000002 0.000000 -0.081140 0.019225 0.255999
    19 3.987863 -0.573545 -0.474712 0.180755 -0.201990 0.120773
    20 1.890109 -0.000010 -0.000001 0.016709 0.005330 0.011249
    21 1.310925 0.000000 0.000000 -0.042244 0.003764 0.257403
    22 4.117986 -0.670160 0.453695 0.413985 -0.216355 0.350228
    23 1.655294 0.000008 0.000000 -0.064065 0.010140 0.008430
    24 0.869582 0.000004 0.000000 -0.310494 -0.023789 0.198028
    25 4.119379 -0.667534 1.354863 -0.378867 -0.343847 0.552260
    26 1.157247 -0.000010 -0.000002 0.186123 0.004335 -0.007561
    27 1.019835 -0.000006 0.000000 -1.448987 -0.073425 0.534413
    28 7.406140 -6.039003 -8.901889 -1.454297 0.640005 -1.668695
    29 12.695427 -0.000020 -0.000008 -0.235145 0.296634 -1.624361
    30 -7.832368 -14.889007 -4.594949 1.618119 -0.057364 -1.368308
    31 1.474215 -0.497926 -1.376118 0.979456 0.426216 -0.250748
    32 1.832179 -0.000010 -0.000002 -2.526123 -0.301561 0.609667
    33 1.042025 -0.000004 -0.000009 -2.896901 -0.278827 -0.192682
    34 3.823320 0.664865 -1.331676 0.205606 0.273419 -0.036532
    35 2.152367 -0.000001 0.000004 0.062007 -0.001488 0.005920
    36 1.056622 -0.000011 0.000000 0.241003 0.000717 -0.002178
    37 3.985134 0.881805 -0.368986 0.128322 -0.008132 -0.090211
    38 1.830183 0.000015 0.000000 0.063848 -0.073976 -1.510189
    39 1.561352 0.000008 -0.000004 0.027622 -0.015755 -1.357316
    40 4.116518 0.711272 0.551869 0.187923 0.006580 -0.361666
    41 1.752727 0.000006 0.000000 0.026521 0.029537 -1.405331
    42 0.869359 -0.000006 0.000000 0.015630 -0.073475 -0.926054
    43 4.118826 0.331223 1.419829 0.128888 -0.005990 -0.280207
    44 1.176321 0.000006 0.000000 -0.027338 0.139049 -0.923507
    45 0.970199 -0.000002 -0.000004 1.655618 0.044631 -1.487290
    46 -7.606037 1.001330 -4.120493 -2.248472 0.900666 -1.880817
    47 12.706336 -0.000035 -0.000009 -0.286455 0.290142 -1.807841
    48 0.000000 0.000000 -0.000003 0.000000 0.000000 0.000000
    49 1.200000 0.000000 0.000010 0.000000 0.000000 0.000000
    50 0.000010 -0.300000 0.000000 3.141593 0.000000 -0.174533
    51 0.000000 -0.000001 0.000000 0.000000 0.000000 0.000000
    52 -0.000003 0.000000 0.000001 3.141592 0.000000 0.000000
    53 0.000006 0.000000 0.000004 0.000000 0.000000 0.349065
    54 0.000000 0.000000 0.000000 3.141593 0.000000 0.000000
    55 -0.000008 -0.000006 0.000000 3.141593 0.000000 0.000000
    56 0.000002 -0.000002 0.000000 3.141593 0.000000 0.000000
    57 0.000014 -0.000004 0.000000 3.141593 0.000000 0.000000
    58 -0.000001 0.000000 0.000000 3.141593 0.000000 -0.000001
    59 0.000000 0.000000 0.000000 3.141593 0.000000 0.000000
    60 0.000010 0.000017 0.000000 3.141593 0.000000 -0.000001
    61 0.000000 0.000004 0.000000 3.141593 0.000000 -0.000001
    62 0.000000 0.000006 0.000000 3.141593 0.000000 -0.000001
    63 0.000001 0.000002 0.000000 3.141593 0.000000 0.000000
    64 0.000000 0.000000 0.000000 -3.141592 0.000000 0.000000
    65 0.000000 0.000000 0.000000 -1.570797 -0.000001 0.000000
    66 0.000000 0.000000 0.000000 0.000000 0.000000 0.000000
    67 1.200000 0.000000 0.000000 0.000000 0.000000 0.000000
    68 0.000009 0.299994 0.000000 0.000000 0.000000 0.174533
    69 -0.000001 -0.000001 -0.000004 0.000000 0.000000 0.000000
    70 -0.000010 0.000000 -0.000003 -3.141592 0.000001 0.000000
    71 0.000000 0.000000 0.000000 0.000001 -0.000001 0.349065
    72 0.000000 -0.000003 0.000000 0.000000 0.000000 0.000000
    73 0.000003 0.000000 0.000000 0.000000 0.000000 0.000000
    74 -0.000010 -0.000006 0.000000 -0.000001 0.000000 0.000000
    75 0.000019 0.000002 0.000000 0.000000 0.000000 0.000000
    76 0.000001 0.000004 0.000000 0.000000 0.000000 -0.000001
    77 0.000000 0.000000 0.000000 0.000000 0.000000 -0.000001
    78 0.000001 -0.000002 0.000000 0.000000 0.000000 -0.000001
    79 0.000000 0.000000 0.000000 0.000000 0.000000 -0.000001
    80 0.000001 0.000008 0.000000 0.000000 0.000000 0.000000
    81 -0.000003 0.000004 0.000000 0.000000 0.000000 0.000000
    82 -0.000007 -0.000008 0.000000 0.000000 0.000000 -0.000001
    83 0.000000 0.000002 -0.000002 -1.570796 0.000000 0.000000
  time 79
    0 -3.368548 -16.752692 -4.391005 -3.025521 -0.069407 -1.362404
    1 -1.186523 -1.037109 0.043274 0.000000 0.000004 0.000000
    2 -1.940901 -1.361039 0.227474 0.000003 0.000007 -0.000003
    3 -4.549240 -1.689358 -0.012529 0.000000 0.000000 0.000000
    4 4.331499 0.360595 -0.709097 0.000015 0.000003 0.056022
    5 3.513922 0.962076 -0.004281 0.000004 -0.000001 1.176003
    6 2.855053 0.477292 0.679213 -0.000001 -0.000004 2.896619
    7 1.649902 5.878080 0.032496 -0.000003 0.000002 -1.570796
    8 6.587842 -0.691444 0.025964 -0.000001 -0.000001 1.570796
    9 0.000002 -0.241401 -0.052690 0.000001 0.000001 0.000000
    10 10.620066 1.884898 -0.004843 -1.529186 -0.000002 3.141591
    11 -9.087198 1.359573 -0.008167 -0.000003 0.000002 -1.570796
    12 0.652263 -22.102207 -6.696576 1.712077 -0.382877 -2.310382
    13 1.473659 0.639418 -1.295234 1.663824 0.815148 0.394647
    14 1.832607 0.000002 -0.000008 3.084698 -0.002365 0.012941
    15 1.003335 0.000005 0.000001 -3.044363 -0.021408 0.210579
    16 3.769206 -0.400072 -1.411520 0.415675 -0.031726 -0.167476
    17 2.187956 0.000010 0.000000 -0.118458 0.001479 -0.002775
    18 1.100960 0.000002 0.000000 -0.081140 0.019225 0.255999
    19 3.987863 -0.577452 -0.474712 0.180755 -0.201990 0.120773
    20 1.890109 -0.000010 -0.000001 0.016709 0.005330 0.011249
    21 1.310925 0.000000 0.000000 -0.042244 0.003752 0.257403
    22 4.117986 -0.685785 0.453695 0.413985 -0.216355 0.350228
    23 1.655294 0.000008 0.000000 -0.064065 0.010140 0.008430
    24 0.869582 0.000004 0.000000 -0.310494 -0.023789 0.198028
    25 4.111566 -0.667534 1.354863 -0.378867 -0.343847 0.552197
    26 1.157247 -0.000010 -0.000002 0.186123 0.004335 -0.007561
    27 1.019835 -0.000006 0.000000 -1.448975 -0.073425 0.534413
    28 7.406140 -6.039003 -8.901889 -1.450204 0.639382 -1.665655
    29 12.695427 -0.000020 -0.000008 -0.235145 0.296634 -1.624282
    30 -7.832368 -14.889007 -4.598855 1.617671 -0.057364 -1.368308
    31 1.474215 -0.497926 -1.376118 0.979456 0.426216 -0.250736
    32 1.832179 -0.000010 -0.000002 -2.526123 -0.301561 0.609667
    33 1.042025 -0.000004 -0.000009 -2.896901 -0.278851 -0.192682
    34 3.823320 0.664865 -1.331676 0.205606 0.273431 -0.036532
    35 2.152367 -0.000001 0.000004 0.062007 -0.001488 0.005920
    36 1.056622 -0.000011 0.000000 0.241003 0.000717 -0.002190
    37 3.985134 0.881805 -0.368986 0.128322 -0.008132 -0.090211
    38 1.830183 0.000015 0.000000 0.063848 -0.073976 -1.510189
    39 1.561352 0.000008 -0.000004 0.027622 -0.015755 -1.357316
    40 4.116518 0.711272 0.551869 0.187923 0.006580 -0.361666
    41 1.752727 0.000006 0.000000 0.026521 0.029537 -1.405331
    42 0.869359 -0.000006 0.000000 0.015642 -0.073475 -0.926076
    43 4.118826 0.331223 1.419829 0.128888 -0.005990 -0.280207
    44 1.176321 0.000006 0.000000 -0.027338 0.139049 -0.923507
    45 0.970199 -0.000002 -0.000004 1.655618 0.044631 -1.487290
    46 -7.606037 1.001330 -4.120493 -2.248680 0.900699 -1.880942
    47 12.706336 -0.000035 -0.000009 -0.286468 0.290142 -1.807964
    48 0.000000 0.000000 -0.000003 0.000000 0.000000 0.000000
    49 1.200000 0.000000 0.000010 0.000000 0.000000 0.000000
    50 0.000010 -0.300000 0.000000 3.141593 0.000000 -0.174533
    51 0.000000 -0.000001 0.000000 0.000000 0.000000 0.000000
    52 -0.000003 0.000000 0.000001 3.141592 0.000000 0.000000
    53 0.000006 0.000000 0.000004 0.000000 0.000000 0.349065
    54 0.000000 0.000000 0.000000 3.141593 0.000000 0.000000
    55 -0.000008 -0.000006 0.000000 3.141593 0.000000 0.000000
    56 0.000002 -0.000002 0.000000 3.141593 0.000000 0.000000
    57 0.000014 -0.000004 0.000000 3.141593 0.000000 0.000000
    58 -0.000001 0.000000 0.000000 3.141593 0.000000 -0.000001
    59 0.000000 0.000000 0.000000 3.141593 0.000000 0.000000
    60 0.000010 0.000017 0.000000 3.141593 0.000000 -0.000001
    61 0.000000 0.000004 0.000000 3.141593 0.000000 -0.000001
    62 0.000000 0.000006 0.000000 3.141593 0.000000 -0.000001
    63 0.000001 0.000002 0.000000 3.141593 0.000000 0.000000
    64 0.000000 0.000000 0.000000 -3.141592 0.000000 0.000000
    65 0.000000 0.000000 0.000000 -1.570797 -0.000001 0.000000
    66 0.000000 0.000000 0.000000 0.000000 0.000000 0.000000
    67 1.200000 0.000000 0.000000 0.000000 0.000000 0.000000
    68 0.000009 0.299994 0.000000 0.000000 0.000000 0.174533
    69 -0.000001 -0.000001 -0.000004 0.000000 0.000000 0.000000
    70 -0.000010 0.000000 -0.000003 -3.141592 0.000001 0.000000
    71 0.000000 0.000000 0.000000 0.000001 -0.000001 0.349065
    72 0.000000 -0.000003 0.000000 0.000000 0.000000 0.000000
    73 0.000003 0.000000 0.000000 0.000000 0.000000 0.000000
    74 -0.000010 -0.000006 0.000000 -0.000001 0.000000 0.000000
    75 0.000019 0.000002 0.000000 0.000000 0.000000 0.000000
    76 0.000001 0.000004 0.000000 0.000000 0.000000 -0.000001
    77 0.000000 0.000000 0.000000 0.000000 0.000000 -0.000001
    78 0.000001 -0.000002 0.000000 0.000000 0.000000 -0.000001
    79 0.000000 0.000000 0.000000 0.000000 0.000000 -0.000001
    80 0.000001 0.000008 0.000000 0.000000 0.000000 0.000000
    81 -0.000003 0.000004 0.000000 0.000000 0.000000 0.000000
    82 -0.000007 -0.000008 0.000000 0.000000 0.000000 -0.000001
    83 0.000000 0.000002 -0.000002 -1.570796 0.000000 0.000000
  time 80
    0 -3.364642 -16.752692 -4.394912 -3.026014 -0.069407 -1.362404
    1 -1.186523 -1.037109 0.043274 0.000000 0.000004 0.000000
    2 -1.940901 -1.361039 0.227474 0.000003 0.000007 -0.000003
    3 -4.549240 -1.689358 -0.012529 0.000000 0.000000 0.000000
    4 4.331499 0.360595 -0.709097 0.000015 0.000003 0.056022
    5 3.513922 0.962076 -0.004281 0.000004 -0.000001 1.176003
    6 2.855053 0.477292 0.679213 -0.000001 -0.000004 2.896619
    7 1.649902 5.878080 0.032496 -0.000003 0.000002 -1.570796
    8 6.587842 -0.691444 0.025964 -0.000001 -0.000001 1.570796
    9 0.000002 -0.241401 -0.052690 0.000001 0.000001 0.000000
    10 10.620066 1.884898 -0.004843 -1.529186 -0.000002 3.141591
    11 -9.087198 1.359573 -0.008167 -0.000003 0.000002 -1.570796
    12 0.656169 -22.102207 -6.704389 1.711986 -0.383239 -2.310310
    13 1.473659 0.639418 -1.295234 1.663824 0.815148 0.394703
    14 1.832607 0.000002 -0.000008 3.084698 -0.002341 0.012941
    15 1.003335 0.000005 0.000001 -3.044423 -0.021660 0.213055
    16 3.765300 -0.400072 -1.403707 0.415675 -0.031726 -0.167476
    17 2.187956 0.000010 0.000000 -0.118458 0.001479 -0.002775
    18 1.100960 0.000002 0.000000 -0.081140 0.019225 0.255999
    19 3.987863 -0.577452 -0.474712 0.180755 -0.202002 0.120773
    20 1.890109 -0.000010 -0.000001 0.016709 0.005330 0.011288
    21 1.310925 0.000000 0.000000 -0.042244 0.003752 0.257403
    22 4.117986 -0.685785 0.453695 0.413985 -0.216355 0.350228
    23 1.655294 0.000008 0.000000 -0.064065 0.010140 0.008430
    24 0.869582 0.000004 0.000000 -0.310494 -0.023789 0.198028
    25 4.119379 -0.667534 1.354863 -0.378867 -0.343847 0.552302
    26 1.157247 -0.000010 -0.000002 0.186123 0.004335 -0.007561
    27 1.019835 -0.000006 0.000000 -1.448999 -0.073425 0.534413
    28 7.406140 -6.039003 -8.901889 -1.445635 0.638717 -1.662154
    29 12.695427 -0.000020 -0.000008 -0.235229 0.296634 -1.624915
    30 -7.832368 -14.889007 -4.598855 1.617313 -0.057364 -1.368308
    31 1.474215 -0.497926 -1.376118 0.979456 0.426216 -0.250736
    32 1.832179 -0.000010 -0.000002 -2.526135 -0.301561 0.609667
    33 1.042025 -0.000004 -0.000009 -2.896901 -0.278851 -0.192682
    34 3.823320 0.664865 -1.331676 0.205606 0.273431 -0.036532
    35 2.152367 -0.000001 0.000004 0.062007 -0.001488 0.005920
    36 1.056622 -0.000011 0.000000 0.241003 0.000717 -0.002190
    37 3.985134 0.881805 -0.368986 0.128322 -0.008132 -0.090211
    38 1.830183 0.000015 0.000000 0.063848 -0.073976 -1.510189
    39 1.561352 0.000008 -0.000004 0.027622 -0.015755 -1.357316
    40 4.116518 0.711272 0.551869 0.187923 0.006580 -0.361666
    41 1.752727 0.000006 0.000000 0.026521 0.029549 -1.405331
    42 0.869359 -0.000006 0.000000 0.015618 -0.073487 -0.926054
    43 4.118826 0.331223 1.419829 0.128888 -0.005990 -0.280207
    44 1.176321 0.000006 0.000000 -0.027338 0.139049 -0.923484
    45 0.970199 -0.000002 -0.000004 1.655618 0.044631 -1.487290
    46 -7.606037 1.001330 -4.120493 -2.249443 0.900933 -1.881192
    47 12.706336 -0.000035 -0.000009 -0.286468 0.290142 -1.807964
    48 0.000000 0.000000 -0.000003 0.000000 0.000000 0.000000
    49 1.200000 0.000000 0.000010 0.000000 0.000000 0.000000
    50 0.000010 -0.300000 0.000000 3.141593 0.000000 -0.174533
    51 0.000000 -0.000001 0.000000 0.000000 0.000000 0.000000
    52 -0.000003 0.000000 0.000001 3.141592 0.000000 0.000000
    53 0.000006 0.000000 0.000004 0.000000 0.000000 0.349065
    54 0.000000 0.000000 0.000000 3.141593 0.000000 0.000000
    55 -0.000008 -0.000006 0.000000 3.141593 0.000000 0.000000
    56 0.000002 -0.000002 0.000000 3.141593 0.000000 0.000000
    57 0.000014 -0.000004 0.000000 3.141593 0.000000 0.000000
    58 -0.000001 0.000000 0.000000 3.141593 0.000000 -0.000001
    59 0.000000 0.000000 0.000000 3.141593 0.000000 0.000000
    60 0.000010 0.000017 0.000000 3.141593 0.000000 -0.000001
    61 0.000000 0.000004 0.000000 3.141593 0.000000 -0.000001
    62 0.000000 0.000006 0.000000 3.141593 0.000000 -0.000001
    63 0.000001 0.000002 0.000000 3.141593 0.000000 0.000000
    64 0.000000 0.000000 0.000000 -3.141592 0.000000 0.000000
    65 0.000000 0.000000 0.000000 -1.570797 -0.000001 0.000000
    66 0.000000 0.000000 0.000000 0.000000 0.000000 0.000000
    67 1.200000 0.000000 0.000000 0.000000 0.000000 0.000000
    68 0.000009 0.299994 0.000000 0.000000 0.000000 0.174533
    69 -0.000001 -0.000001 -0.000004 0.000000 0.000000 0.000000
    70 -0.000010 0.000000 -0.000003 -3.141592 0.000001 0.000000
    71 0.000000 0.000000 0.000000 0.000001 -0.000001 0.349065
    72 0.000000 -0.000003 0.000000 0.000000 0.000000 0.000000
    73 0.000003 0.000000 0.000000 0.000000 0.000000 0.000000
    74 -0.000010 -0.000006 0.000000 -0.000001 0.000000 0.000000
    75 0.000019 0.000002 0.000000 0.000000 0.000000 0.000000
    76 0.000001 0.000004 0.000000 0.000000 0.000000 -0.000001
    77 0.000000 0.000000 0.000000 0.000000 0.000000 -0.000001
    78 0.000001 -0.000002 0.000000 0.000000 0.000000 -0.000001
    79 0.000000 0.000000 0.000000 0.000000 0.000000 -0.000001
    80 0.000001 0.000008 0.000000 0.000000 0.000000 0.000000
    81 -0.000003 0.000004 0.000000 0.000000 0.000000 0.000000
    82 -0.000007 -0.000008 0.000000 0.000000 0.000000 -0.000001
    83 0.000000 0.000002 -0.000002 -1.570796 0.000000 0.000000
  time 81
    0 -3.360736 -16.752692 -4.402725 -3.026328 -0.069407 -1.362404
    1 -1.186523 -1.037109 0.043274 0.000000 0.000004 0.000000
    2 -1.940901 -1.361039 0.227474 0.000003 0.000007 -0.000003
    3 -4.549240 -1.689358 -0.012529 0.000000 0.000000 0.000000
    4 4.331499 0.360595 -0.709097 0.000015 0.000003 0.056022
    5 3.513922 0.962076 -0.004281 0.000004 -0.000001 1.176003
    6 2.855053 0.477292 0.679213 -0.000001 -0.000004 2.896619
    7 1.649902 5.878080 0.032496 -0.000003 0.000002 -1.570796
    8 6.587842 -0.691444 0.025964 -0.000001 -0.000001 1.570796
    9 0.000002 -0.241401 -0.052690 0.000001 0.000001 0.000000
    10 10.620066 1.884898 -0.004843 -1.529186 -0.000002 3.141591
    11 -9.087198 1.359573 -0.008167 -0.000003 0.000002 -1.570796
    12 0.660076 -22.102207 -6.712202 1.711621 -0.383561 -2.310237
    13 1.473659 0.639418 -1.295234 1.663824 0.815148 0.394675
    14 1.832607 0.000002 -0.000008 3.084698 -0.002365 0.012941
    15 1.003335 0.000005 0.000001 -3.044459 -0.021743 0.215032
    16 3.765300 -0.403978 -1.411520 0.415675 -0.031726 -0.167476
    17 2.187956 0.000010 0.000000 -0.118458 0.001479 -0.002775
    18 1.100960 0.000002 0.000000 -0.081140 0.019225 0.255999
    19 3.987863 -0.577452 -0.474712 0.180755 -0.202002 0.120773
    20 1.890109 -0.000010 -0.000001 0.016709 0.005330 0.011288
    21 1.310925 0.000000 0.000000 -0.042244 0.003764 0.257403
    22 4.117986 -0.681879 0.453695 0.413985 -0.216355 0.350228
    23 1.655294 0.000008 0.000000 -0.064065 0.010140 0.008430
    24 0.869582 0.000004 0.000000 -0.310494 -0.023789 0.198028
    25 4.115473 -0.671440 1.354863 -0.378867 -0.343847 0.552239
    26 1.157247 -0.000010 -0.000002 0.186123 0.004335 -0.007561
    27 1.019835 -0.000006 0.000000 -1.448987 -0.073425 0.534413
    28 7.406140 -6.039003 -8.901889 -1.441066 0.638094 -1.658929
    29 12.695427 -0.000020 -0.000008 -0.235296 0.296634 -1.625152
    30 -7.824555 -14.889007 -4.606668 1.616910 -0.057410 -1.368308
    31 1.474215 -0.497926 -1.376118 0.979456 0.426216 -0.250736
    32 1.832179 -0.000010 -0.000002 -2.526123 -0.301561 0.609667
    33 1.042025 -0.000004 -0.000009 -2.896901 -0.278827 -0.192682
    34 3.823320 0.664865 -1.331676 0.205606 0.273395 -0.036532
    35 2.152367 -0.000001 0.000004 0.062007 -0.001488 0.005920
    36 1.056622 -0.000011 0.000000 0.241003 0.000717 -0.002190
    37 3.985134 0.881805 -0.368986 0.128322 -0.008132 -0.090211
    38 1.830183 0.000015 0.000000 0.063848 -0.073976 -1.510189
    39 1.561352 0.000008 -0.000004 0.027622 -0.015755 -1.357316
    40 4.116518 0.711272 0.551869 0.187923 0.006580 -0.361666
    41 1.752727 0.000006 0.000000 0.026485 0.029537 -1.405331
    42 0.869359 -0.000006 0.000000 0.015594 -0.073487 -0.926076
    43 4.118826 0.331223 1.419829 0.128888 -0.005990 -0.280207
    44 1.176321 0.000006 0.000000 -0.027338 0.139049 -0.923484
    45 0.970199 -0.000002 -0.000004 1.655618 0.044631 -1.487290
    46 -7.606037 1.001330 -4.120493 -2.249859 0.900966 -1.881442
    47 12.706336 -0.000035 -0.000009 -0.286494 0.290142 -1.807964
    48 0.000000 0.000000 -0.000003 0.000000 0.000000 0.000000
    49 1.200000 0.000000 0.000010 0.000000 0.000000 0.000000
    50 0.000010 -0.300000 0.000000 3.141593 0.000000 -0.174533
    51 0.000000 -0.000001 0.000000 0.000000 0.000000 0.000000
    52 -0.000003 0.000000 0.000001 3.141592 0.000000 0.000000
    53 0.000006 0.000000 0.000004 0.000000 0.000000 0.349065
    54 0.000000 0.000000 0.000000 3.141593 0.000000 0.000000
    55 -0.000008 -0.000006 0.000000 3.141593 0.000000 0.000000
    56 0.000002 -0.000002 0.000000 3.141593 0.000000 0.000000
    57 0.000014 -0.000004 0.000000 3.141593 0.000000 0.000000
    58 -0.000001 0.000000 0.000000 3.141593 0.000000 -0.000001
    59 0.000000 0.000000 0.000000 3.141593 0.000000 0.000000
    60 0.000010 0.000017 0.000000 3.141593 0.000000 -0.000001
    61 0.000000 0.000004 0.000000 3.141593 0.000000 -0.000001
    62 0.000000 0.000006 0.000000 3.141593 0.000000 -0.000001
    63 0.000001 0.000002 0.000000 3.141593 0.000000 0.000000
    64 0.000000 0.000000 0.000000 -3.141592 0.000000 0.000000
    65 0.000000 0.000000 0.000000 -1.570797 -0.000001 0.000000
    66 0.000000 0.000000 0.000000 0.000000 0.000000 0.000000
    67 1.200000 0.000000 0.000000 0.000000 0.000000 0.000000
    68 0.000009 0.299994 0.000000 0.000000 0.000000 0.174533
    69 -0.000001 -0.000001 -0.000004 0.000000 0.000000 0.000000
    70 -0.000010 0.000000 -0.000003 -3.141592 0.000001 0.000000
    71 0.000000 0.000000 0.000000 0.000001 -0.000001 0.349065
    72 0.000000 -0.000003 0.000000 0.000000 0.000000 0.000000
    73 0.000003 0.000000 0.000000 0.000000 0.000000 0.000000
    74 -0.000010 -0.000006 0.000000 -0.000001 0.000000 0.000000
    75 0.000019 0.000002 0.000000 0.000000 0.000000 0.000000
    76 0.000001 0.000004 0.000000 0.000000 0.000000 -0.000001
    77 0.000000 0.000000 0.000000 0.000000 0.000000 -0.000001
    78 0.000001 -0.000002 0.000000 0.000000 0.000000 -0.000001
    79 0.000000 0.000000 0.000000 0.000000 0.000000 -0.000001
    80 0.000001 0.000008 0.000000 0.000000 0.000000 0.000000
    81 -0.000003 0.000004 0.000000 0.000000 0.000000 0.000000
    82 -0.000007 -0.000008 0.000000 0.000000 0.000000 -0.000001
    83 0.000000 0.000002 -0.000002 -1.570796 0.000000 0.000000
  time 82
    0 -3.352923 -16.752692 -4.406631 -3.026597 -0.069407 -1.362333
    1 -1.186523 -1.037109 0.043274 0.000000 0.000004 0.000000
    2 -1.940901 -1.361039 0.227474 0.000003 0.000007 -0.000003
    3 -4.549240 -1.689358 -0.012529 0.000000 0.000000 0.000000
    4 4.331499 0.360595 -0.709097 0.000015 0.000003 0.056022
    5 3.513922 0.962076 -0.004281 0.000004 -0.000001 1.176003
    6 2.855053 0.477292 0.679213 -0.000001 -0.000004 2.896619
    7 1.649902 5.878080 0.032496 -0.000003 0.000002 -1.570796
    8 6.587842 -0.691444 0.025964 -0.000001 -0.000001 1.570796
    9 0.000002 -0.241401 -0.052690 0.000001 0.000001 0.000000
    10 10.620066 1.884898 -0.004843 -1.529186 -0.000002 3.141591
    11 -9.087198 1.359573 -0.008167 -0.000003 0.000002 -1.570796
    12 0.663982 -22.098300 -6.720015 1.711621 -0.383722 -2.310165
    13 1.473659 0.639418 -1.295234 1.663824 0.815148 0.394675
    14 1.832607 0.000002 -0.000008 3.084698 -0.002353 0.012941
    15 1.003335 0.000005 0.000001 -3.044603 -0.021887 0.216403
    16 3.769206 -0.396165 -1.411520 0.415675 -0.031726 -0.167476
    17 2.187956 0.000010 0.000000 -0.118458 0.001479 -0.002775
    18 1.100960 0.000002 0.000000 -0.081140 0.019225 0.255999
    19 3.987863 -0.577452 -0.474712 0.180755 -0.201990 0.120773
    20 1.890109 -0.000010 -0.000001 0.016709 0.005330 0.011288
    21 1.310925 0.000000 0.000000 -0.042244 0.003764 0.257403
    22 4.117986 -0.670160 0.453695 0.413985 -0.216355 0.350228
    23 1.655294 0.000008 0.000000 -0.064065 0.010140 0.008430
    24 0.869582 0.000004 0.000000 -0.310494 -0.023813 0.198028
    25 4.119379 -0.663627 1.354863 -0.378867 -0.343847 0.552260
    26 1.157247 -0.000010 -0.000002 0.186123 0.004335 -0.007561
    27 1.019835 -0.000006 0.000000 -1.448975 -0.073425 0.534413
    28 7.406140 -6.039003 -8.901889 -1.436402 0.637388 -1.655336
    29 12.695427 -0.000020 -0.000008 -0.235380 0.296622 -1.625389
    30 -7.820649 -14.885100 -4.606668 1.616686 -0.057425 -1.368308
    31 1.474215 -0.497926 -1.376118 0.979444 0.426216 -0.250736
    32 1.832179 -0.000010 -0.000002 -2.526123 -0.301561 0.609667
    33 1.042025 -0.000004 -0.000009 -2.896901 -0.278839 -0.192682
    34 3.823320 0.664865 -1.331676 0.205606 0.273503 -0.036532
    35 2.152367 -0.000001 0.000004 0.062007 -0.001488 0.005920
    36 1.056622 -0.000011 0.000000 0.241003 0.000717 -0.002190
    37 3.985134 0.881805 -0.368986 0.128322 -0.008132 -0.090211
    38 1.830183 0.000015 0.000000 0.063848 -0.073976 -1.510189
    39 1.561352 0.000008 -0.000004 0.027622 -0.015755 -1.357316
    40 4.116518 0.711272 0.551869 0.187923 0.006580 -0.361666
    41 1.752727 0.000006 0.000000 0.026521 0.029537 -1.405331
    42 0.869359 -0.000006 0.000000 0.015618 -0.073475 -0.926076
    43 4.118826 0.331223 1.419829 0.128888 -0.005990 -0.280207
    44 1.176321 0.000006 0.000000 -0.027338 0.139049 -0.923507
    45 0.970199 -0.000002 -0.000004 1.655618 0.044631 -1.487290
    46 -7.606037 1.001330 -4.120493 -2.250900 0.901300 -1.881692
    47 12.706336 -0.000035 -0.000009 -0.286468 0.290142 -1.807964
    48 0.000000 0.000000 -0.000003 0.000000 0.000000 0.000000
    49 1.200000 0.000000 0.000010 0.000000 0.000000 0.000000
    50 0.000010 -0.300000 0.000000 3.141593 0.000000 -0.174533
    51 0.000000 -0.000001 0.000000 0.000000 0.000000 0.000000
    52 -0.000003 0.000000 0.000001 3.141592 0.000000 0.000000
    53 0.000006 0.000000 0.000004 0.000000 0.000000 0.349065
    54 0.000000 0.000000 0.000000 3.141593 0.000000 0.000000
    55 -0.000008 -0.000006 0.000000 3.141593 0.000000 0.000000
    56 0.000002 -0.000002 0.000000 3.141593 0.000000 0.000000
    57 0.000014 -0.000004 0.000000 3.141593 0.000000 0.000000
    58 -0.000001 0.000000 0.000000 3.141593 0.000000 -0.000001
    59 0.000000 0.000000 0.000000 3.141593 0.000000 0.000000
    60 0.000010 0.000017 0.000000 3.141593 0.000000 -0.000001
    61 0.000000 0.000004 0.000000 3.141593 0.000000 -0.000001
    62 0.000000 0.000006 0.000000 3.141593 0.000000 -0.000001
    63 0.000001 0.000002 0.000000 3.141593 0.000000 0.000000
    64 0.000000 0.000000 0.000000 -3.141592 0.000000 0.000000
    65 0.000000 0.000000 0.000000 -1.570797 -0.000001 0.000000
    66 0.000000 0.000000 0.000000 0.000000 0.000000 0.000000
    67 1.200000 0.000000 0.000000 0.000000 0.000000 0.000000
    68 0.000009 0.299994 0.000000 0.000000 0.000000 0.174533
    69 -0.000001 -0.000001 -0.000004 0.000000 0.000000 0.000000
    70 -0.000010 0.000000 -0.000003 -3.141592 0.000001 0.000000
    71 0.000000 0.000000 0.000000 0.000001 -0.000001 0.349065
    72 0.000000 -0.000003 0.000000 0.000000 0.000000 0.000000
    73 0.000003 0.000000 0.000000 0.000000 0.000000 0.000000
    74 -0.000010 -0.000006 0.000000 -0.000001 0.000000 0.000000
    75 0.000019 0.000002 0.000000 0.000000 0.000000 0.000000
    76 0.000001 0.000004 0.000000 0.000000 0.000000 -0.000001
    77 0.000000 0.000000 0.000000 0.000000 0.000000 -0.000001
    78 0.000001 -0.000002 0.000000 0.000000 0.000000 -0.000001
    79 0.000000 0.000000 0.000000 0.000000 0.000000 -0.000001
    80 0.000001 0.000008 0.000000 0.000000 0.000000 0.000000
    81 -0.000003 0.000004 0.000000 0.000000 0.000000 0.000000
    82 -0.000007 -0.000008 0.000000 0.000000 0.000000 -0.000001
    83 0.000000 0.000002 -0.000002 -1.570796 0.000000 0.000000
  time 83
    0 -3.349016 -16.752692 -4.418350 -3.026731 -0.069407 -1.362333
    1 -1.186523 -1.037109 0.043274 0.000000 0.000004 0.000000
    2 -1.940901 -1.361039 0.227474 0.000003 0.000007 -0.000003
    3 -4.549240 -1.689358 -0.012529 0.000000 0.000000 0.000000
    4 4.331499 0.360595 -0.709097 0.000015 0.000003 0.056022
    5 3.513922 0.962076 -0.004281 0.000004 -0.000001 1.176003
    6 2.855053 0.477292 0.679213 -0.000001 -0.000004 2.896619
    7 1.649902 5.878080 0.032496 -0.000003 0.000002 -1.570796
    8 6.587842 -0.691444 0.025964 -0.000001 -0.000001 1.570796
    9 0.000002 -0.241401 -0.052690 0.000001 0.000001 0.000000
    10 10.620066 1.884898 -0.004843 -1.529186 -0.000002 3.141591
    11 -9.087198 1.359573 -0.008167 -0.000003 0.000002 -1.570796
    12 0.671795 -22.098300 -6.727827 1.711621 -0.383883 -2.310165
    13 1.473659 0.639418 -1.295234 1.663824 0.815148 0.394675
    14 1.832607 0.000002 -0.000008 3.084698 -0.002353 0.012941
    15 1.003335 0.000005 0.000001 -3.044639 -0.022055 0.217244
    16 3.765300 -0.388352 -1.411520 0.415675 -0.031726 -0.167476
    17 2.187956 0.000010 0.000000 -0.118458 0.001479 -0.002775
    18 1.100960 0.000002 0.000000 -0.081140 0.019225 0.255999
    19 3.987863 -0.573545 -0.474712 0.180755 -0.201990 0.120773
    20 1.890109 -0.000010 -0.000001 0.016709 0.005330 0.011249
    21 1.310925 0.000000 0.000000 -0.042244 0.003764 0.257403
    22 4.117986 -0.666253 0.453695 0.413985 -0.216355 0.350228
    23 1.655294 0.000008 0.000000 -0.064065 0.010140 0.008430
    24 0.869582 0.000004 0.000000 -0.310494 -0.023801 0.198028
    25 4.119379 -0.655815 1.354863 -0.378867 -0.343847 0.552323
    26 1.157247 -0.000010 -0.000002 0.186123 0.004335 -0.007561
    27 1.019835 -0.000006 0.000000 -1.448975 -0.073425 0.534413
    28 7.406140 -6.039003 -8.901889 -1.431833 0.636723 -1.651559
    29 12.695427 -0.000020 -0.000008 -0.235464 0.296622 -1.625468
    30 -7.816743 -14.889007 -4.618387 1.616507 -0.057425 -1.368308
    31 1.474215 -0.497926 -1.376118 0.979456 0.426216 -0.250736
    32 1.832179 -0.000010 -0.000002 -2.526123 -0.301561 0.609667
    33 1.042025 -0.000004 -0.000009 -2.896901 -0.278839 -0.192682
    34 3.823320 0.664865 -1.331676 0.205606 0.273503 -0.036532
    35 2.152367 -0.000001 0.000004 0.062007 -0.001488 0.005920
    36 1.056622 -0.000011 0.000000 0.241003 0.000717 -0.002178
    37 3.985134 0.881805 -0.368986 0.128322 -0.008132 -0.090211
    38 1.830183 0.000015 0.000000 0.063848 -0.073976 -1.510189
    39 1.561352 0.000008 -0.000004 0.027622 -0.015755 -1.357316
    40 4.116518 0.711272 0.551869 0.187923 0.006580 -0.361666
    41 1.752727 0.000006 0.000000 0.026521 0.029537 -1.405331
    42 0.869359 -0.000006 0.000000 0.015630 -0.073475 -0.926076
    43 4.118826 0.331223 1.419829 0.128888 -0.005990 -0.280207
    44 1.176321 0.000006 0.000000 -0.027338 0.139049 -0.923530
    45 0.970199 -0.000002 -0.000004 1.655618 0.044631 -1.487290
    46 -7.606037 1.001330 -4.120493 -2.251802 0.901567 -1.882067
    47 12.706336 -0.000035 -0.000009 -0.286494 0.290142 -1.807841
    48 0.000000 0.000000 -0.000003 0.000000 0.000000 0.000000
    49 1.200000 0.000000 0.000010 0.000000 0.000000 0.000000
    50 0.000010 -0.300000 0.000000 3.141593 0.000000 -0.174533
    51 0.000000 -0.000001 0.000000 0.000000 0.000000 0.000000
    52 -0.000003 0.000000 0.000001 3.141592 0.000000 0.000000
    53 0.000006 0.000000 0.000004 0.000000 0.000000 0.349065
    54 0.000000 0.000000 0.000000 3.141593 0.000000 0.000000
    55 -0.000008 -0.000006 0.000000 3.141593 0.000000 0.000000
    56 0.000002 -0.000002 0.000000 3.141593 0.000000 0.000000
    57 0.000014 -0.000004 0.000000 3.141593 0.000000 0.000000
    58 -0.000001 0.000000 0.000000 3.141593 0.000000 -0.000001
    59 0.000000 0.000000 0.000000 3.141593 0.000000 0.000000
    60 0.000010 0.000017 0.000000 3.141593 0.000000 -0.000001
    61 0.000000 0.000004 0.000000 3.141593 0.000000 -0.000001
    62 0.000000 0.000006 0.000000 3.141593 0.000000 -0.000001
    63 0.000001 0.000002 0.000000 3.141593 0.000000 0.000000
    64 0.000000 0.000000 0.000000 -3.141592 0.000000 0.000000
    65 0.000000 0.000000 0.000000 -1.570797 -0.000001 0.000000
    66 0.000000 0.000000 0.000000 0.000000 0.000000 0.000000
    67 1.200000 0.000000 0.000000 0.000000 0.000000 0.000000
    68 0.000009 0.299994 0.000000 0.000000 0.000000 0.174533
    69 -0.000001 -0.000001 -0.000004 0.000000 0.000000 0.000000
    70 -0.000010 0.000000 -0.000003 -3.141592 0.000001 0.000000
    71 0.000000 0.000000 0.000000 0.000001 -0.000001 0.349065
    72 0.000000 -0.000003 0.000000 0.000000 0.000000 0.000000
    73 0.000003 0.000000 0.000000 0.000000 0.000000 0.000000
    74 -0.000010 -0.000006 0.000000 -0.000001 0.000000 0.000000
    75 0.000019 0.000002 0.000000 0.000000 0.000000 0.000000
    76 0.000001 0.000004 0.000000 0.000000 0.000000 -0.000001
    77 0.000000 0.000000 0.000000 0.000000 0.000000 -0.000001
    78 0.000001 -0.000002 0.000000 0.000000 0.000000 -0.000001
    79 0.000000 0.000000 0.000000 0.000000 0.000000 -0.000001
    80 0.000001 0.000008 0.000000 0.000000 0.000000 0.000000
    81 -0.000003 0.000004 0.000000 0.000000 0.000000 0.000000
    82 -0.000007 -0.000008 0.000000 0.000000 0.000000 -0.000001
    83 0.000000 0.000002 -0.000002 -1.570796 0.000000 0.000000
  time 84
    0 -3.341204 -16.752692 -4.426163 -3.026776 -0.069513 -1.362333
    1 -1.186523 -1.037109 0.043274 0.000000 0.000004 0.000000
    2 -1.940901 -1.361039 0.227474 0.000003 0.000007 -0.000003
    3 -4.549240 -1.689358 -0.012529 0.000000 0.000000 0.000000
    4 4.331499 0.360595 -0.709097 0.000015 0.000003 0.056022
    5 3.513922 0.962076 -0.004281 0.000004 -0.000001 1.176003
    6 2.855053 0.477292 0.679213 -0.000001 -0.000004 2.896619
    7 1.649902 5.878080 0.032496 -0.000003 0.000002 -1.570796
    8 6.587842 -0.691444 0.025964 -0.000001 -0.000001 1.570796
    9 0.000002 -0.241401 -0.052690 0.000001 0.000001 0.000000
    10 10.620066 1.884898 -0.004843 -1.529186 -0.000002 3.141591
    11 -9.087198 1.359573 -0.008167 -0.000003 0.000002 -1.570796
    12 0.679608 -22.102207 -6.735640 1.711621 -0.383883 -2.310165
    13 1.473659 0.639418 -1.295234 1.663824 0.815148 0.394675
    14 1.832607 0.000002 -0.000008 3.084698 -0.002293 0.012941
    15 1.003335 0.000005 0.000001 -3.044639 -0.022115 0.217493
    16 3.773113 -0.388352 -1.411520 0.415675 -0.031726 -0.167476
    17 2.187956 0.000010 0.000000 -0.118458 0.001479 -0.002775
    18 1.100960 0.000002 0.000000 -0.081140 0.019225 0.255999
    19 3.987863 -0.577452 -0.474712 0.180755 -0.201990 0.120773
    20 1.890109 -0.000010 -0.000001 0.016709 0.005330 0.011249
    21 1.310925 0.000000 0.000000 -0.042244 0.003764 0.257403
    22 4.117986 -0.677973 0.453695 0.413985 -0.216355 0.350228
    23 1.655294 0.000008 0.000000 -0.064065 0.010140 0.008430
    24 0.869582 0.000004 0.000000 -0.310494 -0.023801 0.198028
    25 4.115473 -0.667534 1.354863 -0.378867 -0.343847 0.552323
    26 1.157247 -0.000010 -0.000002 0.186123 0.004335 -0.007561
    27 1.019835 -0.000006 0.000000 -1.448999 -0.073425 0.534413
    28 7.406140 -6.039003 -8.901889 -1.426788 0.636183 -1.647966
    29 12.695427 -0.000020 -0.000008 -0.235598 0.296610 -1.626180
    30 -7.808930 -14.889007 -4.630106 1.616373 -0.057486 -1.368308
    31 1.474215 -0.497926 -1.376118 0.979456 0.426216 -0.250748
    32 1.832179 -0.000010 -0.000002 -2.526123 -0.301561 0.609667
    33 1.042025 -0.000004 -0.000009 -2.896901 -0.278839 -0.192682
    34 3.823320 0.664865 -1.331676 0.205606 0.273503 -0.036532
    35 2.152367 -0.000001 0.000004 0.062019 -0.001488 0.005920
    36 1.056622 -0.000011 0.000000 0.241003 0.000717 -0.002190
    37 3.985134 0.881805 -0.368986 0.128322 -0.008132 -0.090211
    38 1.830183 0.000015 0.000000 0.063848 -0.073976 -1.510189
    39 1.561352 0.000008 -0.000004 0.027622 -0.015755 -1.357316
    40 4.116518 0.711272 0.551869 0.187923 0.006580 -0.361666
    41 1.752727 0.000006 0.000000 0.026521 0.029537 -1.405331
    42 0.869359 -0.000006 0.000000 0.015570 -0.073475 -0.926076
    43 4.118826 0.331223 1.419829 0.128888 -0.005990 -0.280207
    44 1.176321 0.000006 0.000000 -0.027338 0.139049 -0.923530
    45 0.970199 -0.000002 -0.000004 1.655618 0.044631 -1.487290
    46 -7.606037 1.001330 -4.120493 -2.252912 0.901867 -1.882379
    47 12.706336 -0.000035 -0.000009 -0.286468 0.290142 -1.807841
    48 0.000000 0.000000 -0.000003 0.000000 0.000000 0.000000
    49 1.200000 0.000000 0.000010 0.000000 0.000000 0.000000
    50 0.000010 -0.300000 0.000000 3.141593 0.000000 -0.174533
    51 0.000000 -0.000001 0.000000 0.000000 0.000000 0.000000
    52 -0.000003 0.000000 0.000001 3.141592 0.000000 0.000000
    53 0.000006 0.000000 0.000004 0.000000 0.000000 0.349065
    54 0.000000 0.000000 0.000000 3.141593 0.000000 0.000000
    55 -0.000008 -0.000006 0.000000 3.141593 0.000000 0.000000
    56 0.000002 -0.000002 0.000000 3.141593 0.000000 0.000000
    57 0.000014 -0.000004 0.000000 3.141593 0.000000 0.000000
    58 -0.000001 0.000000 0.000000 3.141593 0.000000 -0.000001
    59 0.000000 0.000000 0.000000 3.141593 0.000000 0.000000
    60 0.000010 0.000017 0.000000 3.141593 0.000000 -0.000001
    61 0.000000 0.000004 0.000000 3.141593 0.000000 -0.000001
    62 0.000000 0.000006 0.000000 3.141593 0.000000 -0.000001
    63 0.000001 0.000002 0.000000 3.141593 0.000000 0.000000
    64 0.000000 0.000000 0.000000 -3.141592 0.000000 0.000000
    65 0.000000 0.000000 0.000000 -1.570797 -0.000001 0.000000
    66 0.000000 0.000000 0.000000 0.000000 0.000000 0.000000
    67 1.200000 0.000000 0.000000 0.000000 0.000000 0.000000
    68 0.000009 0.299994 0.000000 0.000000 0.000000 0.174533
    69 -0.000001 -0.000001 -0.000004 0.000000 0.000000 0.000000
    70 -0.000010 0.000000 -0.000003 -3.141592 0.000001 0.000000
    71 0.000000 0.000000 0.000000 0.000001 -0.000001 0.349065
    72 0.000000 -0.000003 0.000000 0.000000 0.000000 0.000000
    73 0.000003 0.000000 0.000000 0.000000 0.000000 0.000000
    74 -0.000010 -0.000006 0.000000 -0.000001 0.000000 0.000000
    75 0.000019 0.000002 0.000000 0.000000 0.000000 0.000000
    76 0.000001 0.000004 0.000000 0.000000 0.000000 -0.000001
    77 0.000000 0.000000 0.000000 0.000000 0.000000 -0.000001
    78 0.000001 -0.000002 0.000000 0.000000 0.000000 -0.000001
    79 0.000000 0.000000 0.000000 0.000000 0.000000 -0.000001
    80 0.000001 0.000008 0.000000 0.000000 0.000000 0.000000
    81 -0.000003 0.000004 0.000000 0.000000 0.000000 0.000000
    82 -0.000007 -0.000008 0.000000 0.000000 0.000000 -0.000001
    83 0.000000 0.000002 -0.000002 -1.570796 0.000000 0.000000
  time 85
    0 -3.333391 -16.752692 -4.445695 -3.026731 -0.070751 -1.361126
    1 -1.186523 -1.037109 0.043274 0.000000 0.000004 0.000000
    2 -1.940901 -1.361039 0.227474 0.000003 0.000007 -0.000003
    3 -4.549240 -1.689358 -0.012529 0.000000 0.000000 0.000000
    4 4.331499 0.360595 -0.709097 0.000015 0.000003 0.056022
    5 3.513922 0.962076 -0.004281 0.000004 -0.000001 1.176003
    6 2.855053 0.477292 0.679213 -0.000001 -0.000004 2.896619
    7 1.649902 5.878080 0.032496 -0.000003 0.000002 -1.570796
    8 6.587842 -0.691444 0.025964 -0.000001 -0.000001 1.570796
    9 0.000002 -0.241401 -0.052690 0.000001 0.000001 0.000000
    10 10.620066 1.884898 -0.004843 -1.529186 -0.000002 3.141591
    11 -9.087198 1.359573 -0.008167 -0.000003 0.000002 -1.570796
    12 0.695233 -22.113926 -6.747359 1.702770 -0.383722 -2.304732
    13 1.473659 0.639418 -1.295234 1.663795 0.815214 0.394309
    14 1.832607 0.000002 -0.000008 3.084698 -0.002365 0.012843
    15 1.003335 0.000005 0.000001 -3.044639 -0.022091 0.217493
    16 3.777019 -0.384446 -1.411520 0.414116 -0.030987 -0.166464
    17 2.187956 0.000010 0.000000 -0.118254 0.001815 0.003453
    18 1.100960 0.000002 0.000000 -0.078323 0.018745 0.259660
    19 3.987863 -0.573545 -0.474712 0.180560 -0.200241 0.121143
    20 1.890109 -0.000010 -0.000001 0.017107 0.005055 0.016025
    21 1.310925 0.000000 0.000000 -0.039295 0.003224 0.262774
    22 4.117986 -0.658441 0.453695 0.412283 -0.214146 0.350911
    23 1.655294 0.000008 0.000000 -0.063406 0.010896 0.020473
    24 0.869582 0.000004 0.000000 -0.308193 -0.023429 0.201310
    25 4.119379 -0.659721 1.354863 -0.377741 -0.339287 0.553352
    26 1.157247 -0.000010 -0.000002 0.184709 0.002211 0.003588
    27 1.019835 -0.000006 0.000000 -1.449526 -0.074156 0.537667
    28 7.406140 -6.039003 -8.901889 -1.421077 0.635643 -1.642898
    29 12.695427 -0.000020 -0.000008 -0.235548 0.296622 -1.626180
    30 -7.801117 -14.896820 -4.649638 1.616507 -0.058785 -1.367029
    31 1.474215 -0.497926 -1.376118 0.979456 0.426216 -0.250736
    32 1.832179 -0.000010 -0.000002 -2.526123 -0.301561 0.609667
    33 1.042025 -0.000004 -0.000009 -2.896973 -0.278827 -0.192682
    34 3.823320 0.664865 -1.331676 0.205606 0.273503 -0.036532
    35 2.152367 -0.000001 0.000004 0.062007 -0.001488 0.005920
    36 1.056622 -0.000011 0.000000 0.241003 0.000717 -0.002190
    37 3.985134 0.881805 -0.368986 0.128322 -0.008132 -0.090211
    38 1.830183 0.000015 0.000000 0.063848 -0.073976 -1.510189
    39 1.561352 0.000008 -0.000004 0.027622 -0.015755 -1.357316
    40 4.116518 0.711272 0.551869 0.187923 0.006580 -0.361666
    41 1.752727 0.000006 0.000000 0.026521 0.029537 -1.405331
    42 0.869359 -0.000006 0.000000 0.015582 -0.073475 -0.926076
    43 4.118826 0.331223 1.419829 0.128888 -0.005990 -0.280207
    44 1.176321 0.000006 0.000000 -0.027338 0.139049 -0.923507
    45 0.970199 -0.000002 -0.000004 1.655618 0.044643 -1.487290
    46 -7.606037 1.001330 -4.120493 -2.254646 0.902601 -1.883379
    47 12.706336 -0.000035 -0.000009 -0.286364 0.290274 -1.807164
    48 0.000000 0.000000 -0.000003 0.000000 0.000000 0.000000
    49 1.200000 0.000000 0.000010 0.000000 0.000000 0.000000
    50 0.000010 -0.300000 0.000000 3.141593 0.000000 -0.174533
    51 0.000000 -0.000001 0.000000 0.000000 0.000000 0.000000
    52 -0.000003 0.000000 0.000001 3.141592 0.000000 0.000000
    53 0.000006 0.000000 0.000004 0.000000 0.000000 0.349065
    54 0.000000 0.000000 0.000000 3.141593 0.000000 0.000000
    55 -0.000008 -0.000006 0.000000 3.141593 0.000000 0.000000
    56 0.000002 -0.000002 0.000000 3.141593 0.000000 0.000000
    57 0.000014 -0.000004 0.000000 3.141593 0.000000 0.000000
    58 -0.000001 0.000000 0.000000 3.141593 0.000000 -0.000001
    59 0.000000 0.000000 0.000000 3.141593 0.000000 0.000000
    60 0.000010 0.000017 0.000000 3.141593 0.000000 -0.000001
    61 0.000000 0.000004 0.000000 3.141593 0.000000 -0.000001
    62 0.000000 0.000006 0.000000 3.141593 0.000000 -0.000001
    63 0.000001 0.000002 0.000000 3.141593 0.000000 0.000000
    64 0.000000 0.000000 0.000000 -3.141592 0.000000 0.000000
    65 0.000000 0.000000 0.000000 -1.570797 -0.000001 0.000000
    66 0.000000 0.000000 0.000000 0.000000 0.000000 0.000000
    67 1.200000 0.000000 0.000000 0.000000 0.000000 0.000000
    68 0.000009 0.299994 0.000000 0.000000 0.000000 0.174533
    69 -0.000001 -0.000001 -0.000004 0.000000 0.000000 0.000000
    70 -0.000010 0.000000 -0.000003 -3.141592 0.000001 0.000000
    71 0.000000 0.000000 0.000000 0.000001 -0.000001 0.349065
    72 0.000000 -0.000003 0.000000 0.000000 0.000000 0.000000
    73 0.000003 0.000000 0.000000 0.000000 0.000000 0.000000
    74 -0.000010 -0.000006 0.000000 -0.000001 0.000000 0.000000
    75 0.000019 0.000002 0.000000 0.000000 0.000000 0.000000
    76 0.000001 0.000004 0.000000 0.000000 0.000000 -0.000001
    77 0.000000 0.000000 0.000000 0.000000 0.000000 -0.000001
    78 0.000001 -0.000002 0.000000 0.000000 0.000000 -0.000001
    79 0.000000 0.000000 0.000000 0.000000 0.000000 -0.000001
    80 0.000001 0.000008 0.000000 0.000000 0.000000 0.000000
    81 -0.000003 0.000004 0.000000 0.000000 0.000000 0.000000
    82 -0.000007 -0.000008 0.000000 0.000000 0.000000 -0.000001
    83 0.000000 0.000002 -0.000002 -1.570796 0.000000 0.000000
  time 86
    0 -3.325578 -16.752692 -4.484758 -3.025297 -0.074466 -1.357506
    1 -1.186523 -1.037109 0.043274 0.000000 0.000004 0.000000
    2 -1.940901 -1.361039 0.227474 0.000003 0.000007 -0.000003
    3 -4.549240 -1.689358 -0.012529 0.000000 0.000000 0.000000
    4 4.331499 0.360595 -0.709097 0.000015 0.000003 0.056022
    5 3.513922 0.962076 -0.004281 0.000004 -0.000001 1.176003
    6 2.855053 0.477292 0.679213 -0.000001 -0.000004 2.896619
    7 1.649902 5.878080 0.032496 -0.000003 0.000002 -1.570796
    8 6.587842 -0.691444 0.025964 -0.000001 -0.000001 1.570796
    9 0.000002 -0.241401 -0.052690 0.000001 0.000001 0.000000
    10 10.620066 1.884898 -0.004843 -1.529186 -0.000002 3.141591
    11 -9.087198 1.359573 -0.008167 -0.000003 0.000002 -1.570796
    12 0.730390 -22.133458 -6.794236 1.676765 -0.381750 -2.288290
    13 1.473659 0.639418 -1.295234 1.663709 0.815395 0.393549
    14 1.832607 0.000002 -0.000008 3.084698 -0.002365 0.012680
    15 1.003335 0.000005 0.000001 -3.044651 -0.022163 0.217493
    16 3.773113 -0.396165 -1.411520 0.411703 -0.029720 -0.164810
    17 2.187956 0.000010 0.000000 -0.117631 0.002066 0.013400
    18 1.100960 0.000002 0.000000 -0.074105 0.018158 0.265951
    19 3.987863 -0.577452 -0.474712 0.180300 -0.197160 0.121679
    20 1.890109 -0.000010 -0.000001 0.017741 0.004384 0.024051
    21 1.310925 0.000000 0.000000 -0.034588 0.002445 0.271289
    22 4.117986 -0.677973 0.453695 0.409491 -0.210559 0.351961
    23 1.655294 0.000008 0.000000 -0.062567 0.012178 0.040156
    24 0.869582 0.000004 0.000000 -0.304694 -0.022662 0.206589
    25 4.107660 -0.663627 1.354863 -0.375655 -0.332117 0.554632
    26 1.157247 -0.000010 -0.000002 0.182492 -0.001303 0.021590
    27 1.019835 -0.000006 0.000000 -1.450305 -0.075451 0.542816
    28 7.406140 -6.039003 -8.901889 -1.413938 0.635767 -1.635252
    29 12.695427 -0.000020 -0.000008 -0.235313 0.296634 -1.625231
    30 -7.801117 -14.916351 -4.704327 1.617895 -0.062497 -1.363264
    31 1.474215 -0.497926 -1.376118 0.979456 0.426216 -0.250736
    32 1.832179 -0.000010 -0.000002 -2.526123 -0.301561 0.609667
    33 1.042025 -0.000004 -0.000009 -2.896901 -0.278851 -0.192682
    34 3.823320 0.664865 -1.331676 0.205606 0.273395 -0.036532
    35 2.152367 -0.000001 0.000004 0.062007 -0.001488 0.005920
    36 1.056622 -0.000011 0.000000 0.241003 0.000717 -0.002178
    37 3.985134 0.881805 -0.368986 0.128322 -0.008132 -0.090211
    38 1.830183 0.000015 0.000000 0.063848 -0.073976 -1.510189
    39 1.561352 0.000008 -0.000004 0.027622 -0.015755 -1.357316
    40 4.116518 0.711272 0.551869 0.187923 0.006580 -0.361666
    41 1.752727 0.000006 0.000000 0.026509 0.029537 -1.405331
    42 0.869359 -0.000006 0.000000 0.015630 -0.073475 -0.926076
    43 4.118826 0.331223 1.419829 0.128888 -0.005990 -0.280207
    44 1.176321 0.000006 0.000000 -0.027338 0.139049 -0.923507
    45 0.970199 -0.000002 -0.000004 1.655618 0.044631 -1.487290
    46 -7.606037 1.001330 -4.120493 -2.258184 0.904470 -1.885878
    47 12.706336 -0.000035 -0.000009 -0.285765 0.290442 -1.805072
    48 0.000000 0.000000 -0.000003 0.000000 0.000000 0.000000
    49 1.200000 0.000000 0.000010 0.000000 0.000000 0.000000
    50 0.000010 -0.300000 0.000000 3.141593 0.000000 -0.174533
    51 0.000000 -0.000001 0.000000 0.000000 0.000000 0.000000
    52 -0.000003 0.000000 0.000001 3.141592 0.000000 0.000000
    53 0.000006 0.000000 0.000004 0.000000 0.000000 0.349065
    54 0.000000 0.000000 0.000000 3.141593 0.000000 0.000000
    55 -0.000008 -0.000006 0.000000 3.141593 0.000000 0.000000
    56 0.000002 -0.000002 0.000000 3.141593 0.000000 0.000000
    57 0.000014 -0.000004 0.000000 3.141593 0.000000 0.000000
    58 -0.000001 0.000000 0.000000 3.141593 0.000000 -0.000001
    59 0.000000 0.000000 0.000000 3.141593 0.000000 0.000000
    60 0.000010 0.000017 0.000000 3.141593 0.000000 -0.000001
    61 0.000000 0.000004 0.000000 3.141593 0.000000 -0.000001
    62 0.000000 0.000006 0.000000 3.141593 0.000000 -0.000001
    63 0.000001 0.000002 0.000000 3.141593 0.000000 0.000000
    64 0.000000 0.000000 0.000000 -3.141592 0.000000 0.000000
    65 0.000000 0.000000 0.000000 -1.570797 -0.000001 0.000000
    66 0.000000 0.000000 0.000000 0.000000 0.000000 0.000000
    67 1.200000 0.000000 0.000000 0.000000 0.000000 0.000000
    68 0.000009 0.299994 0.000000 0.000000 0.000000 0.174533
    69 -0.000001 -0.000001 -0.000004 0.000000 0.000000 0.000000
    70 -0.000010 0.000000 -0.000003 -3.141592 0.000001 0.000000
    71 0.000000 0.000000 0.000000 0.000001 -0.000001 0.349065
    72 0.000000 -0.000003 0.000000 0.000000 0.000000 0.000000
    73 0.000003 0.000000 0.000000 0.000000 0.000000 0.000000
    74 -0.000010 -0.000006 0.000000 -0.000001 0.000000 0.000000
    75 0.000019 0.000002 0.000000 0.000000 0.000000 0.000000
    76 0.000001 0.000004 0.000000 0.000000 0.000000 -0.000001
    77 0.000000 0.000000 0.000000 0.000000 0.000000 -0.000001
    78 0.000001 -0.000002 0.000000 0.000000 0.000000 -0.000001
    79 0.000000 0.000000 0.000000 0.000000 0.000000 -0.000001
    80 0.000001 0.000008 0.000000 0.000000 0.000000 0.000000
    81 -0.000003 0.000004 0.000000 0.000000 0.000000 0.000000
    82 -0.000007 -0.000008 0.000000 0.000000 0.000000 -0.000001
    83 0.000000 0.000002 -0.000002 -1.570796 0.000000 0.000000
  time 87
    0 -3.313859 -16.752692 -4.551167 -3.019828 -0.080114 -1.350905
    1 -1.186523 -1.037109 0.043274 0.000000 0.000004 0.000000
    2 -1.940901 -1.361039 0.227474 0.000003 0.000007 -0.000003
    3 -4.549240 -1.689358 -0.012529 0.000000 0.000000 0.000000
    4 4.331499 0.360595 -0.709097 0.000015 0.000003 0.056022
    5 3.513922 0.962076 -0.004281 0.000004 -0.000001 1.176003
    6 2.855053 0.477292 0.679213 -0.000001 -0.000004 2.896619
    7 1.649902 5.878080 0.032496 -0.000003 0.000002 -1.570796
    8 6.587842 -0.691444 0.025964 -0.000001 -0.000001 1.570796
    9 0.000002 -0.241401 -0.052690 0.000001 0.000001 0.000000
    10 10.620066 1.884898 -0.004843 -1.529186 -0.000002 3.141591
    11 -9.087198 1.359573 -0.008167 -0.000003 0.000002 -1.570796
    12 0.792892 -22.188147 -6.872363 1.637347 -0.375794 -2.261707
    13 1.473659 0.639418 -1.295234 1.663565 0.815658 0.392254
    14 1.832607 0.000002 -0.000008 3.084698 -0.002365 0.012354
    15 1.003335 0.000005 0.000001 -3.044651 -0.022223 0.217462
    16 3.769206 -0.396165 -1.411520 0.409012 -0.028418 -0.162959
    17 2.187956 0.000010 0.000000 -0.117007 0.002534 0.024648
    18 1.100960 0.000002 0.000000 -0.069263 0.017595 0.272953
    19 3.987863 -0.577452 -0.474712 0.179991 -0.193973 0.122271
    20 1.890109 -0.000010 -0.000001 0.018478 0.003605 0.032899
    21 1.310925 0.000000 0.000000 -0.029229 0.001631 0.280820
    22 4.117986 -0.681879 0.453695 0.406434 -0.206632 0.353143
    23 1.655294 0.000008 0.000000 -0.061549 0.013376 0.062209
    24 0.869582 0.000004 0.000000 -0.300631 -0.021836 0.212469
    25 4.119379 -0.667534 1.354863 -0.373450 -0.324035 0.556311
    26 1.157247 -0.000010 -0.000002 0.179975 -0.005197 0.042000
    27 1.019835 -0.000006 0.000000 -1.451216 -0.076709 0.548582
    28 7.406140 -6.039003 -8.901889 -1.404325 0.637678 -1.624749
    29 12.695427 -0.000020 -0.000008 -0.235044 0.296646 -1.624282
    30 -7.801117 -14.943696 -4.809799 1.623268 -0.068073 -1.356800
    31 1.474215 -0.497926 -1.376118 0.979456 0.426216 -0.250736
    32 1.832179 -0.000010 -0.000002 -2.526123 -0.301561 0.609667
    33 1.042025 -0.000004 -0.000009 -2.896937 -0.278839 -0.192682
    34 3.823320 0.664865 -1.331676 0.205606 0.273503 -0.036532
    35 2.152367 -0.000001 0.000004 0.062019 -0.001488 0.005920
    36 1.056622 -0.000011 0.000000 0.241003 0.000717 -0.002190
    37 3.985134 0.881805 -0.368986 0.128322 -0.008132 -0.090211
    38 1.830183 0.000015 0.000000 0.063848 -0.073976 -1.510189
    39 1.561352 0.000008 -0.000004 0.027622 -0.015755 -1.357316
    40 4.116518 0.711272 0.551869 0.187923 0.006580 -0.361666
    41 1.752727 0.000006 0.000000 0.026521 0.029537 -1.405331
    42 0.869359 -0.000006 0.000000 0.015582 -0.073475 -0.926076
    43 4.118826 0.331223 1.419829 0.128888 -0.005990 -0.280207
    44 1.176321 0.000006 0.000000 -0.027338 0.139049 -0.923484
    45 0.970199 -0.000002 -0.000004 1.655618 0.044631 -1.487290
    46 -7.606037 1.001330 -4.120493 -2.265191 0.908074 -1.890626
    47 12.706336 -0.000035 -0.000009 -0.284567 0.290682 -1.801380
    48 0.000000 0.000000 -0.000003 0.000000 0.000000 0.000000
    49 1.200000 0.000000 0.000010 0.000000 0.000000 0.000000
    50 0.000010 -0.300000 0.000000 3.141593 0.000000 -0.174533
    51 0.000000 -0.000001 0.000000 0.000000 0.000000 0.000000
    52 -0.000003 0.000000 0.000001 3.141592 0.000000 0.000000
    53 0.000006 0.000000 0.000004 0.000000 0.000000 0.349065
    54 0.000000 0.000000 0.000000 3.141593 0.000000 0.000000
    55 -0.000008 -0.000006 0.000000 3.141593 0.000000 0.000000
    56 0.000002 -0.000002 0.000000 3.141593 0.000000 0.000000
    57 0.000014 -0.000004 0.000000 3.141593 0.000000 0.000000
    58 -0.000001 0.000000 0.000000 3.141593 0.000000 -0.000001
    59 0.000000 0.000000 0.000000 3.141593 0.000000 0.000000
    60 0.000010 0.000017 0.000000 3.141593 0.000000 -0.000001
    61 0.000000 0.000004 0.000000 3.141593 0.000000 -0.000001
    62 0.000000 0.000006 0.000000 3.141593 0.000000 -0.000001
    63 0.000001 0.000002 0.000000 3.141593 0.000000 0.000000
    64 0.000000 0.000000 0.000000 -3.141592 0.000000 0.000000
    65 0.000000 0.000000 0.000000 -1.570797 -0.000001 0.000000
    66 0.000000 0.000000 0.000000 0.000000 0.000000 0.000000
    67 1.200000 0.000000 0.000000 0.000000 0.000000 0.000000
    68 0.000009 0.299994 0.000000 0.000000 0.000000 0.174533
    69 -0.000001 -0.000001 -0.000004 0.000000 0.000000 0.000000
    70 -0.000010 0.000000 -0.000003 -3.141592 0.000001 0.000000
    71 0.000000 0.000000 0.000000 0.000001 -0.000001 0.349065
    72 0.000000 -0.000003 0.000000 0.000000 0.000000 0.000000
    73 0.000003 0.000000 0.000000 0.000000 0.000000 0.000000
    74 -0.000010 -0.000006 0.000000 -0.000001 0.000000 0.000000
    75 0.000019 0.000002 0.000000 0.000000 0.000000 0.000000
    76 0.000001 0.000004 0.000000 0.000000 0.000000 -0.000001
    77 0.000000 0.000000 0.000000 0.000000 0.000000 -0.000001
    78 0.000001 -0.000002 0.000000 0.000000 0.000000 -0.000001
    79 0.000000 0.000000 0.000000 0.000000 0.000000 -0.000001
    80 0.000001 0.000008 0.000000 0.000000 0.000000 0.000000
    81 -0.000003 0.000004 0.000000 0.000000 0.000000 0.000000
    82 -0.000007 -0.000008 0.000000 0.000000 0.000000 -0.000001
    83 0.000000 0.000002 -0.000002 -1.570796 0.000000 0.000000
  time 88
    0 -3.290421 -16.752692 -4.648826 -3.007949 -0.086502 -1.343169
    1 -1.186523 -1.037109 0.043274 0.000000 0.000004 0.000000
    2 -1.940901 -1.361039 0.227474 0.000003 0.000007 -0.000003
    3 -4.549240 -1.689358 -0.012529 0.000000 0.000000 0.000000
    4 4.331499 0.360595 -0.709097 0.000015 0.000003 0.056022
    5 3.513922 0.962076 -0.004281 0.000004 -0.000001 1.176003
    6 2.855053 0.477292 0.679213 -0.000001 -0.000004 2.896619
    7 1.649902 5.878080 0.032496 -0.000003 0.000002 -1.570796
    8 6.587842 -0.691444 0.025964 -0.000001 -0.000001 1.570796
    9 0.000002 -0.241401 -0.052690 0.000001 0.000001 0.000000
    10 10.620066 1.884898 -0.004843 -1.529186 -0.000002 3.141591
    11 -9.087198 1.359573 -0.008167 -0.000003 0.000002 -1.570796
    12 0.878832 -22.242836 -7.012992 1.592910 -0.363117 -2.227808
    13 1.473659 0.639418 -1.295234 1.663335 0.816020 0.390537
    14 1.832607 0.000002 -0.000008 3.084662 -0.002353 0.011930
    15 1.003335 0.000005 0.000001 -3.044675 -0.022307 0.217415
    16 3.784832 -0.415697 -1.411520 0.406190 -0.026975 -0.161009
    17 2.187956 0.000010 0.000000 -0.116444 0.002833 0.036547
    18 1.100960 0.000002 0.000000 -0.064086 0.016828 0.280239
    19 3.987863 -0.577452 -0.474712 0.179666 -0.190341 0.122863
    20 1.890109 -0.000010 -0.000001 0.019215 0.002826 0.042334
    21 1.310925 0.000000 0.000000 -0.023643 0.000588 0.290916
    22 4.117986 -0.681879 0.438070 0.403271 -0.202384 0.354272
    23 1.655294 0.000008 0.000000 -0.060290 0.014779 0.085768
    24 0.869582 0.000004 0.000000 -0.296485 -0.020937 0.218487
    25 4.123285 -0.671440 1.354863 -0.371101 -0.315497 0.558327
    26 1.157247 -0.000010 -0.000002 0.177074 -0.009327 0.063781
    27 1.019835 -0.000006 0.000000 -1.452283 -0.078015 0.554720
    28 7.406140 -6.039003 -8.901889 -1.392426 0.642539 -1.611205
    29 12.695427 -0.000020 -0.000008 -0.234910 0.296646 -1.623966
    30 -7.793304 -14.986666 -4.969960 1.635313 -0.074367 -1.348204
    31 1.474215 -0.497926 -1.376118 0.979456 0.426216 -0.250736
    32 1.832179 -0.000010 -0.000002 -2.526123 -0.301561 0.609667
    33 1.042025 -0.000004 -0.000009 -2.896901 -0.278839 -0.192682
    34 3.823320 0.664865 -1.331676 0.205606 0.273503 -0.036532
    35 2.152367 -0.000001 0.000004 0.062007 -0.001488 0.005920
    36 1.056622 -0.000011 0.000000 0.241003 0.000717 -0.002190
    37 3.985134 0.881805 -0.368986 0.128322 -0.008132 -0.090211
    38 1.830183 0.000015 0.000000 0.063848 -0.073976 -1.510189
    39 1.561352 0.000008 -0.000004 0.027622 -0.015755 -1.357349
    40 4.116518 0.711272 0.551869 0.187923 0.006580 -0.361666
    41 1.752727 0.000006 0.000000 0.026521 0.029537 -1.405331
    42 0.869359 -0.000006 0.000000 0.015570 -0.073475 -0.926076
    43 4.118826 0.331223 1.419829 0.128888 -0.005990 -0.280207
    44 1.176321 0.000006 0.000000 -0.027338 0.139049 -0.923507
    45 0.970199 -0.000002 -0.000004 1.655618 0.044631 -1.487290
    46 -7.606037 1.001330 -4.120493 -2.276429 0.913580 -1.898186
    47 12.706336 -0.000035 -0.000009 -0.283057 0.290909 -1.796026
    48 0.000000 0.000000 -0.000003 0.000000 0.000000 0.000000
    49 1.200000 0.000000 0.000010 0.000000 0.000000 0.000000
    50 0.000010 -0.300000 0.000000 3.141593 0.000000 -0.174533
    51 0.000000 -0.000001 0.000000 0.000000 0.000000 0.000000
    52 -0.000003 0.000000 0.000001 3.141592 0.000000 0.000000
    53 0.000006 0.000000 0.000004 0.000000 0.000000 0.349065
    54 0.000000 0.000000 0.000000 3.141593 0.000000 0.000000
    55 -0.000008 -0.000006 0.000000 3.141593 0.000000 0.000000
    56 0.000002 -0.000002 0.000000 3.141593 0.000000 0.000000
    57 0.000014 -0.000004 0.000000 3.141593 0.000000 0.000000
    58 -0.000001 0.000000 0.000000 3.141593 0.000000 -0.000001
    59 0.000000 0.000000 0.000000 3.141593 0.000000 0.000000
    60 0.000010 0.000017 0.000000 3.141593 0.000000 -0.000001
    61 0.000000 0.000004 0.000000 3.141593 0.000000 -0.000001
    62 0.000000 0.000006 0.000000 3.141593 0.000000 -0.000001
    63 0.000001 0.000002 0.000000 3.141593 0.000000 0.000000
    64 0.000000 0.000000 0.000000 -3.141592 0.000000 0.000000
    65 0.000000 0.000000 0.000000 -1.570797 -0.000001 0.000000
    66 0.000000 0.000000 0.000000 0.000000 0.000000 0.000000
    67 1.200000 0.000000 0.000000 0.000000 0.000000 0.000000
    68 0.000009 0.299994 0.000000 0.000000 0.000000 0.174533
    69 -0.000001 -0.000001 -0.000004 0.000000 0.000000 0.000000
    70 -0.000010 0.000000 -0.000003 -3.141592 0.000001 0.000000
    71 0.000000 0.000000 0.000000 0.000001 -0.000001 0.349065
    72 0.000000 -0.000003 0.000000 0.000000 0.000000 0.000000
    73 0.000003 0.000000 0.000000 0.000000 0.000000 0.000000
    74 -0.000010 -0.000006 0.000000 -0.000001 0.000000 0.000000
    75 0.000019 0.000002 0.000000 0.000000 0.000000 0.000000
    76 0.000001 0.000004 0.000000 0.000000 0.000000 -0.000001
    77 0.000000 0.000000 0.000000 0.000000 0.000000 -0.000001
    78 0.000001 -0.000002 0.000000 0.000000 0.000000 -0.000001
    79 0.000000 0.000000 0.000000 0.000000 0.000000 -0.000001
    80 0.000001 0.000008 0.000000 0.000000 0.000000 0.000000
    81 -0.000003 0.000004 0.000000 0.000000 0.000000 0.000000
    82 -0.000007 -0.000008 0.000000 0.000000 0.000000 -0.000001
    83 0.000000 0.000002 -0.000002 -1.570796 0.000000 0.000000
  time 89
    0 -3.259170 -16.752692 -4.762110 -2.986925 -0.092150 -1.333018
    1 -1.186523 -1.037109 0.043274 0.000000 0.000004 0.000000
    2 -1.940901 -1.361039 0.227474 0.000003 0.000007 -0.000003
    3 -4.549240 -1.689358 -0.012529 0.000000 0.000000 0.000000
    4 4.331499 0.360595 -0.709097 0.000015 0.000003 0.056022
    5 3.513922 0.962076 -0.004281 0.000004 -0.000001 1.176003
    6 2.855053 0.477292 0.679213 -0.000001 -0.000004 2.896619
    7 1.649902 5.878080 0.032496 -0.000003 0.000002 -1.570796
    8 6.587842 -0.691444 0.025964 -0.000001 -0.000001 1.570796
    9 0.000002 -0.241401 -0.052690 0.000001 0.000001 0.000000
    10 10.620066 1.884898 -0.004843 -1.529186 -0.000002 3.141591
    11 -9.087198 1.359573 -0.008167 -0.000003 0.000002 -1.570796
    12 0.988211 -22.293619 -7.212217 1.554587 -0.342754 -2.191591
    13 1.473659 0.639418 -1.295234 1.663105 0.816497 0.388313
    14 1.832607 0.000002 -0.000008 3.084650 -0.002257 0.011408
    15 1.003335 0.000005 0.000001 -3.044675 -0.022391 0.217353
    16 3.780925 -0.392259 -1.411520 0.403239 -0.025497 -0.158985
    17 2.187956 0.000010 0.000000 -0.115797 0.003337 0.048911
    18 1.100960 0.000002 0.000000 -0.058753 0.016001 0.287880
    19 3.987863 -0.577452 -0.474712 0.179357 -0.186818 0.123473
    20 1.890109 -0.000010 -0.000001 0.019982 0.002047 0.052435
    21 1.310925 0.000000 0.000000 -0.017816 -0.000623 0.301399
    22 4.117986 -0.677973 0.453695 0.399999 -0.198004 0.355480
    23 1.655294 0.000008 0.000000 -0.059152 0.016289 0.110644
    24 0.869582 0.000004 0.000000 -0.291966 -0.020050 0.225023
    25 4.119379 -0.659721 1.354863 -0.368656 -0.306613 0.560027
    26 1.157247 -0.000010 -0.000002 0.174006 -0.013575 0.086709
    27 1.019835 -0.000006 0.000000 -1.453350 -0.079429 0.561063
    28 7.406140 -6.039003 -8.901889 -1.377672 0.650806 -1.594346
    29 12.695427 -0.000020 -0.000008 -0.235279 0.296634 -1.625073
    30 -7.769866 -15.037449 -5.184810 1.656402 -0.079928 -1.338472
    31 1.474215 -0.497926 -1.376118 0.979456 0.426216 -0.250736
    32 1.832179 -0.000010 -0.000002 -2.526123 -0.301561 0.609667
    33 1.042025 -0.000004 -0.000009 -2.896901 -0.278851 -0.192682
    34 3.823320 0.664865 -1.331676 0.205606 0.273503 -0.036532
    35 2.152367 -0.000001 0.000004 0.062019 -0.001488 0.005920
    36 1.056622 -0.000011 0.000000 0.241003 0.000717 -0.002190
    37 3.985134 0.881805 -0.368986 0.128322 -0.008132 -0.090211
    38 1.830183 0.000015 0.000000 0.063848 -0.073976 -1.510189
    39 1.561352 0.000008 -0.000004 0.027622 -0.015755 -1.357316
    40 4.116518 0.711272 0.551869 0.187923 0.006580 -0.361666
    41 1.752727 0.000006 0.000000 0.026509 0.029537 -1.405331
    42 0.869359 -0.000006 0.000000 0.015582 -0.073475 -0.926076
    43 4.118826 0.331223 1.419829 0.128888 -0.005990 -0.280207
    44 1.176321 0.000006 0.000000 -0.027338 0.139049 -0.923484
    45 0.970199 -0.000002 -0.000004 1.655618 0.044631 -1.487290
    46 -7.606037 1.001330 -4.120493 -2.293148 0.920821 -1.908745
    47 12.706336 -0.000035 -0.000009 -0.281117 0.291437 -1.789319
    48 0.000000 0.000000 -0.000003 0.000000 0.000000 0.000000
    49 1.200000 0.000000 0.000010 0.000000 0.000000 0.000000
    50 0.000010 -0.300000 0.000000 3.141593 0.000000 -0.174533
    51 0.000000 -0.000001 0.000000 0.000000 0.000000 0.000000
    52 -0.000003 0.000000 0.000001 3.141592 0.000000 0.000000
    53 0.000006 0.000000 0.000004 0.000000 0.000000 0.349065
    54 0.000000 0.000000 0.000000 3.141593 0.000000 0.000000
    55 -0.000008 -0.000006 0.000000 3.141593 0.000000 0.000000
    56 0.000002 -0.000002 0.000000 3.141593 0.000000 0.000000
    57 0.000014 -0.000004 0.000000 3.141593 0.000000 0.000000
    58 -0.000001 0.000000 0.000000 3.141593 0.000000 -0.000001
    59 0.000000 0.000000 0.000000 3.141593 0.000000 0.000000
    60 0.000010 0.000017 0.000000 3.141593 0.000000 -0.000001
    61 0.000000 0.000004 0.000000 3.141593 0.000000 -0.000001
    62 0.000000 0.000006 0.000000 3.141593 0.000000 -0.000001
    63 0.000001 0.000002 0.000000 3.141593 0.000000 0.000000
    64 0.000000 0.000000 0.000000 -3.141592 0.000000 0.000000
    65 0.000000 0.000000 0.000000 -1.570797 -0.000001 0.000000
    66 0.000000 0.000000 0.000000 0.000000 0.000000 0.000000
    67 1.200000 0.000000 0.000000 0.000000 0.000000 0.000000
    68 0.000009 0.299994 0.000000 0.000000 0.000000 0.174533
    69 -0.000001 -0.000001 -0.000004 0.000000 0.000000 0.000000
    70 -0.000010 0.000000 -0.000003 -3.141592 0.000001 0.000000
    71 0.000000 0.000000 0.000000 0.000001 -0.000001 0.349065
    72 0.000000 -0.000003 0.000000 0.000000 0.000000 0.000000
    73 0.000003 0.000000 0.000000 0.000000 0.000000 0.000000
    74 -0.000010 -0.000006 0.000000 -0.000001 0.000000 0.000000
    75 0.000019 0.000002 0.000000 0.000000 0.000000 0.000000
    76 0.000001 0.000004 0.000000 0.000000 0.000000 -0.000001
    77 0.000000 0.000000 0.000000 0.000000 0.000000 -0.000001
    78 0.000001 -0.000002 0.000000 0.000000 0.000000 -0.000001
    79 0.000000 0.000000 0.000000 0.000000 0.000000 -0.000001
    80 0.000001 0.000008 0.000000 0.000000 0.000000 0.000000
    81 -0.000003 0.000004 0.000000 0.000000 0.000000 0.000000
    82 -0.000007 -0.000008 0.000000 0.000000 0.000000 -0.000001
    83 0.000000 0.000002 -0.000002 -1.570796 0.000000 0.000000
  time 90
    0 -3.208387 -16.752692 -4.894927 -2.956398 -0.096122 -1.323507
    1 -1.186523 -1.036133 0.043213 0.000000 0.000004 0.000000
    2 -1.935547 -1.362305 0.225586 0.000000 0.000002 0.000000
    3 -4.549240 -1.689358 -0.012529 0.000000 0.000000 0.000000
    4 4.331499 0.360595 -0.709097 0.000015 0.000003 0.056022
    5 3.513922 0.962076 -0.004281 0.000004 -0.000001 1.176003
    6 2.855053 0.477292 0.679213 -0.000001 -0.000004 2.896619
    7 1.649902 5.878080 0.032496 -0.000003 0.000002 -1.570796
    8 6.587842 -0.691444 0.025964 -0.000001 -0.000001 1.570796
    9 0.000002 -0.241401 -0.052690 0.000001 0.000001 0.000000
    10 10.620066 1.884898 -0.004843 -1.529186 -0.000002 3.141591
    11 -9.087198 1.359573 -0.008167 -0.000003 0.000002 -1.570796
    12 1.113214 -22.328776 -7.473944 1.531867 -0.315871 -2.157475
    13 1.473659 0.639418 -1.295234 1.662789 0.817007 0.385695
    14 1.832607 0.000002 -0.000008 3.084626 -0.002305 0.010658
    15 1.003335 0.000005 0.000001 -3.044711 -0.022427 0.217275
    16 3.780925 -0.396165 -1.411520 0.400196 -0.023931 -0.156961
    17 2.187956 0.000010 0.000000 -0.115102 0.003624 0.061786
    18 1.100960 0.000002 0.000000 -0.053324 0.014982 0.295771
    19 3.987863 -0.577452 -0.474712 0.179032 -0.183067 0.124028
    20 1.890109 -0.000010 -0.000001 0.020778 0.001208 0.062575
    21 1.310925 0.000000 0.000000 -0.011833 -0.001701 0.312156
    22 4.117986 -0.677973 0.453695 0.396451 -0.193548 0.356635
    23 1.655294 0.000008 0.000000 -0.057845 0.017715 0.136047
    24 0.869582 0.000004 0.000000 -0.287484 -0.019163 0.231588
    25 4.123285 -0.663627 1.354863 -0.366247 -0.297572 0.561937
    26 1.157247 -0.000010 -0.000002 0.170747 -0.017928 0.110712
    27 1.019835 -0.000006 0.000000 -1.454296 -0.080927 0.567571
    28 7.406140 -6.039003 -8.901889 -1.359682 0.662895 -1.574537
    29 12.695427 -0.000020 -0.000008 -0.236253 0.296562 -1.628473
    30 -7.726896 -15.088232 -5.446537 1.686715 -0.083686 -1.328669
    31 1.474215 -0.497926 -1.376118 0.979444 0.426216 -0.250736
    32 1.832179 -0.000010 -0.000002 -2.526135 -0.301549 0.609667
    33 1.042025 -0.000004 -0.000009 -2.896901 -0.278827 -0.192682
    34 3.823320 0.664865 -1.331676 0.205606 0.273515 -0.036532
    35 2.152367 -0.000001 0.000004 0.062007 -0.001500 0.005920
    36 1.056622 -0.000011 0.000000 0.241003 0.000717 -0.002178
    37 3.985134 0.881805 -0.368986 0.128322 -0.008132 -0.090211
    38 1.830183 0.000015 0.000000 0.063848 -0.073976 -1.510189
    39 1.561352 0.000008 -0.000004 0.027622 -0.015767 -1.357316
    40 4.116518 0.711272 0.551869 0.187923 0.006580 -0.361666
    41 1.752727 0.000006 0.000000 0.026521 0.029537 -1.405331
    42 0.869359 -0.000006 0.000000 0.015594 -0.073475 -0.926076
    43 4.118826 0.331223 1.419829 0.128888 -0.005990 -0.280207
    44 1.176321 0.000006 0.000000 -0.027338 0.139049 -0.923507
    45 0.970199 -0.000002 -0.000004 1.655618 0.044631 -1.487290
    46 -7.606037 1.001330 -4.120493 -2.315209 0.929230 -1.921990
    47 12.706336 -0.000035 -0.000009 -0.278956 0.291892 -1.781690
    48 0.000000 0.000000 -0.000003 0.000000 0.000000 0.000000
    49 1.200000 0.000000 0.000010 0.000000 0.000000 0.000000
    50 0.000010 -0.300000 0.000000 3.141593 0.000000 -0.174533
    51 0.000000 -0.000001 0.000000 0.000000 0.000000 0.000000
    52 -0.000003 0.000000 0.000001 3.141592 0.000000 0.000000
    53 0.000006 0.000000 0.000004 0.000000 0.000000 0.349065
    54 0.000000 0.000000 0.000000 3.141593 0.000000 0.000000
    55 -0.000008 -0.000006 0.000000 3.141593 0.000000 0.000000
    56 0.000002 -0.000002 0.000000 3.141593 0.000000 0.000000
    57 0.000014 -0.000004 0.000000 3.141593 0.000000 0.000000
    58 -0.000001 0.000000 0.000000 3.141593 0.000000 -0.000001
    59 0.000000 0.000000 0.000000 3.141593 0.000000 0.000000
    60 0.000010 0.000017 0.000000 3.141593 0.000000 -0.000001
    61 0.000000 0.000004 0.000000 3.141593 0.000000 -0.000001
    62 0.000000 0.000006 0.000000 3.141593 0.000000 -0.000001
    63 0.000001 0.000002 0.000000 3.141593 0.000000 0.000000
    64 0.000000 0.000000 0.000000 -3.141592 0.000000 0.000000
    65 0.000000 0.000000 0.000000 -1.570797 -0.000001 0.000000
    66 0.000000 0.000000 0.000000 0.000000 0.000000 0.000000
    67 1.200000 0.000000 0.000000 0.000000 0.000000 0.000000
    68 0.000009 0.299994 0.000000 0.000000 0.000000 0.174533
    69 -0.000001 -0.000001 -0.000004 0.000000 0.000000 0.000000
    70 -0.000010 0.000000 -0.000003 -3.141592 0.000001 0.000000
    71 0.000000 0.000000 0.000000 0.000001 -0.000001 0.349065
    72 0.000000 -0.000003 0.000000 0.000000 0.000000 0.000000
    73 0.000003 0.000000 0.000000 0.000000 0.000000 0.000000
    74 -0.000010 -0.000006 0.000000 -0.000001 0.000000 0.000000
    75 0.000019 0.000002 0.000000 0.000000 0.000000 0.000000
    76 0.000001 0.000004 0.000000 0.000000 0.000000 -0.000001
    77 0.000000 0.000000 0.000000 0.000000 0.000000 -0.000001
    78 0.000001 -0.000002 0.000000 0.000000 0.000000 -0.000001
    79 0.000000 0.000000 0.000000 0.000000 0.000000 -0.000001
    80 0.000001 0.000008 0.000000 0.000000 0.000000 0.000000
    81 -0.000003 0.000004 0.000000 0.000000 0.000000 0.000000
    82 -0.000007 -0.000008 0.000000 0.000000 0.000000 -0.000001
    83 0.000000 0.000002 -0.000002 -1.570796 0.000000 0.000000
  time 91
    0 -3.149792 -16.752692 -5.019931 -2.917533 -0.097889 -1.314918
    1 -1.186523 -1.036133 0.043213 0.000000 0.000004 0.000000
    2 -1.935547 -1.362305 0.225586 0.000000 0.000002 0.000000
    3 -4.549240 -1.689358 -0.012529 0.000000 0.000000 0.000000
    4 4.331499 0.360595 -0.709097 0.000015 0.000003 0.056022
    5 3.513922 0.962076 -0.004281 0.000004 -0.000001 1.176003
    6 2.855053 0.477292 0.679213 -0.000001 -0.000004 2.896619
    7 1.649902 5.878080 0.032496 -0.000003 0.000002 -1.570796
    8 6.587842 -0.691444 0.025964 -0.000001 -0.000001 1.570796
    9 0.000002 -0.241401 -0.052690 0.000001 0.000001 0.000000
    10 10.620066 1.884898 -0.004843 -1.529186 -0.000002 3.141591
    11 -9.087198 1.359573 -0.008167 -0.000003 0.000002 -1.570796
    12 1.261657 -22.356121 -7.790360 1.530498 -0.284722 -2.128212
    13 1.473659 0.639418 -1.295234 1.662444 0.817632 0.382683
    14 1.832607 0.000002 -0.000008 3.084602 -0.002305 0.009908
    15 1.003335 0.000005 0.000001 -3.044723 -0.022486 0.217181
    16 3.773113 -0.396165 -1.411520 0.397115 -0.022365 -0.154912
    17 2.187956 0.000010 0.000000 -0.114371 0.004140 0.074847
    18 1.100960 0.000002 0.000000 -0.047823 0.014023 0.303768
    19 3.987863 -0.577452 -0.474712 0.178723 -0.179244 0.124583
    20 1.890109 -0.000010 -0.000001 0.021559 0.000321 0.073067
    21 1.310925 0.000000 0.000000 -0.005680 -0.002996 0.323139
    22 4.117986 -0.681879 0.449789 0.393072 -0.188885 0.357817
    23 1.655294 0.000008 0.000000 -0.056383 0.019153 0.162429
    24 0.869582 0.000004 0.000000 -0.282798 -0.018324 0.238371
    25 4.127192 -0.659721 1.354863 -0.363695 -0.288279 0.564015
    26 1.157247 -0.000010 -0.000002 0.167355 -0.022399 0.135085
    27 1.019835 -0.000006 0.000000 -1.455495 -0.082450 0.574224
    28 7.406140 -6.039003 -8.901889 -1.338646 0.678640 -1.551044
    29 12.695427 -0.000020 -0.000008 -0.237982 0.296358 -1.634562
    30 -7.664394 -15.142921 -5.743421 1.725670 -0.085290 -1.319292
    31 1.474215 -0.497926 -1.376118 0.979444 0.426216 -0.250736
    32 1.832179 -0.000010 -0.000002 -2.526123 -0.301549 0.609667
    33 1.042025 -0.000004 -0.000009 -2.896901 -0.278839 -0.192682
    34 3.823320 0.664865 -1.331676 0.210412 0.262297 -0.019694
    35 2.152367 -0.000001 0.000004 0.062007 -0.001500 0.005920
    36 1.056622 -0.000011 0.000000 0.241003 0.000717 -0.002166
    37 3.985134 0.881805 -0.368986 0.128322 -0.008132 -0.090211
    38 1.830183 0.000015 0.000000 0.063848 -0.073976 -1.510189
    39 1.561352 0.000008 -0.000004 0.027622 -0.015767 -1.357316
    40 4.116518 0.711272 0.551869 0.187923 0.006580 -0.361666
    41 1.752727 0.000006 0.000000 0.026509 0.029549 -1.405331
    42 0.869359 -0.000006 0.000000 0.015546 -0.073475 -0.926076
    43 4.118826 0.331223 1.419829 0.128888 -0.005990 -0.280207
    44 1.176321 0.000006 0.000000 -0.027338 0.139049 -0.923484
    45 0.970199 -0.000002 -0.000004 1.655618 0.044631 -1.487290
    46 -7.606037 1.001330 -4.120493 -2.342195 0.938173 -1.937547
    47 12.706336 -0.000035 -0.000009 -0.276678 0.292276 -1.773506
    48 0.000000 0.000000 -0.000003 0.000000 0.000000 0.000000
    49 1.200000 0.000000 0.000010 0.000000 0.000000 0.000000
    50 0.000010 -0.300000 0.000000 3.141593 0.000000 -0.174533
    51 0.000000 -0.000001 0.000000 0.000000 0.000000 0.000000
    52 -0.000003 0.000000 0.000001 3.141592 0.000000 0.000000
    53 0.000006 0.000000 0.000004 0.000000 0.000000 0.349065
    54 0.000000 0.000000 0.000000 3.141593 0.000000 0.000000
    55 -0.000008 -0.000006 0.000000 3.141593 0.000000 0.000000
    56 0.000002 -0.000002 0.000000 3.141593 0.000000 0.000000
    57 0.000014 -0.000004 0.000000 3.141593 0.000000 0.000000
    58 -0.000001 0.000000 0.000000 3.141593 0.000000 -0.000001
    59 0.000000 0.000000 0.000000 3.141593 0.000000 0.000000
    60 0.000010 0.000017 0.000000 3.141593 0.000000 -0.000001
    61 0.000000 0.000004 0.000000 3.141593 0.000000 -0.000001
    62 0.000000 0.000006 0.000000 3.141593 0.000000 -0.000001
    63 0.000001 0.000002 0.000000 3.141593 0.000000 0.000000
    64 0.000000 0.000000 0.000000 -3.141592 0.000000 0.000000
    65 0.000000 0.000000 0.000000 -1.570797 -0.000001 0.000000
    66 0.000000 0.000000 0.000000 0.000000 0.000000 0.000000
    67 1.200000 0.000000 0.000000 0.000000 0.000000 0.000000
    68 0.000009 0.299994 0.000000 0.000000 0.000000 0.174533
    69 -0.000001 -0.000001 -0.000004 0.000000 0.000000 0.000000
    70 -0.000010 0.000000 -0.000003 -3.141592 0.000001 0.000000
    71 0.000000 0.000000 0.000000 0.000001 -0.000001 0.349065
    72 0.000000 -0.000003 0.000000 0.000000 0.000000 0.000000
    73 0.000003 0.000000 0.000000 0.000000 0.000000 0.000000
    74 -0.000010 -0.000006 0.000000 -0.000001 0.000000 0.000000
    75 0.000019 0.000002 0.000000 0.000000 0.000000 0.000000
    76 0.000001 0.000004 0.000000 0.000000 0.000000 -0.000001
    77 0.000000 0.000000 0.000000 0.000000 0.000000 -0.000001
    78 0.000001 -0.000002 0.000000 0.000000 0.000000 -0.000001
    79 0.000000 0.000000 0.000000 0.000000 0.000000 -0.000001
    80 0.000001 0.000008 0.000000 0.000000 0.000000 0.000000
    81 -0.000003 0.000004 0.000000 0.000000 0.000000 0.000000
    82 -0.000007 -0.000008 0.000000 0.000000 0.000000 -0.000001
    83 0.000000 0.000002 -0.000002 -1.570796 0.000000 0.000000
  time 92
    0 -3.063851 -16.744879 -5.207437 -2.866520 -0.095865 -1.301432
    1 -1.186523 -1.036133 0.043213 0.000000 0.000004 0.000000
    2 -1.935547 -1.362305 0.225586 0.000000 0.000002 0.000000
    3 -4.549240 -1.689358 -0.012529 0.000000 0.000000 0.000000
    4 4.331499 0.360595 -0.709097 0.000015 0.000003 0.056022
    5 3.513922 0.962076 -0.004281 0.000004 -0.000001 1.176003
    6 2.855053 0.477292 0.679213 -0.000001 -0.000004 2.896619
    7 1.649902 5.878080 0.032496 -0.000003 0.000002 -1.570796
    8 6.587842 -0.691444 0.025964 -0.000001 -0.000001 1.570796
    9 0.000002 -0.241401 -0.052690 0.000001 0.000001 0.000000
    10 10.620066 1.884898 -0.004843 -1.529186 -0.000002 3.141591
    11 -9.087198 1.359573 -0.008167 -0.000003 0.000002 -1.570796
    12 1.492132 -22.313151 -8.184903 1.554861 -0.247054 -2.099963
    13 1.473659 0.639418 -1.295234 1.661984 0.818323 0.379277
    14 1.832607 0.000002 -0.000008 3.084554 -0.002269 0.008962
    15 1.003335 0.000005 0.000001 -3.044759 -0.022618 0.217057
    16 3.784832 -0.403978 -1.411520 0.394034 -0.020746 -0.152740
    17 2.187956 0.000010 0.000000 -0.113628 0.004427 0.088187
    18 1.100960 0.000002 0.000000 -0.042274 0.013125 0.311907
    19 3.987863 -0.577452 -0.474712 0.178463 -0.175349 0.125175
    20 1.890109 -0.000010 -0.000001 0.022326 -0.000602 0.083951
    21 1.310925 0.000000 0.000000 0.000473 -0.004506 0.334283
    22 4.117986 -0.677973 0.449789 0.389392 -0.184316 0.358946
    23 1.655294 0.000008 0.000000 -0.054921 0.020483 0.189412
    24 0.869582 0.000004 0.000000 -0.278100 -0.017509 0.245290
    25 4.123285 -0.663627 1.354863 -0.360938 -0.278892 0.566178
    26 1.157247 -0.000010 -0.000002 0.163628 -0.026857 0.160607
    27 1.019835 -0.000006 0.000000 -1.456525 -0.083972 0.581000
    28 7.406140 -6.039003 -8.901889 -1.314088 0.702444 -1.520365
    29 12.695427 -0.000020 -0.000008 -0.242481 0.296167 -1.649982
    30 -7.566735 -15.209329 -6.110620 1.776580 -0.083075 -1.306008
    31 1.474215 -0.497926 -1.376118 0.979444 0.426216 -0.250736
    32 1.832179 -0.000010 -0.000002 -2.526123 -0.301549 0.609667
    33 1.042025 -0.000004 -0.000009 -2.896937 -0.278827 -0.192682
    34 3.823320 0.664865 -1.331676 0.223272 0.229483 0.028868
    35 2.152367 -0.000001 0.000004 0.062019 -0.001500 0.005920
    36 1.056622 -0.000011 0.000000 0.241003 0.000717 -0.002166
    37 3.985134 0.881805 -0.368986 0.128322 -0.008132 -0.090211
    38 1.830183 0.000015 0.000000 0.063848 -0.073976 -1.510189
    39 1.561352 0.000008 -0.000004 0.027622 -0.015767 -1.357316
    40 4.116518 0.711272 0.551869 0.187923 0.006580 -0.361666
    41 1.752727 0.000006 0.000000 0.026509 0.029537 -1.405331
    42 0.869359 -0.000006 0.000000 0.015618 -0.073487 -0.926076
    43 4.118826 0.331223 1.419829 0.128888 -0.005990 -0.280207
    44 1.176321 0.000006 0.000000 -0.027338 0.139049 -0.923530
    45 0.970199 -0.000002 -0.000004 1.655618 0.044631 -1.487290
    46 -7.606037 1.001330 -4.120493 -2.377922 0.947650 -1.957103
    47 12.706336 -0.000035 -0.000009 -0.273241 0.293031 -1.761569
    48 0.000000 0.000000 -0.000003 0.000000 0.000000 0.000000
    49 1.200000 0.000000 0.000010 0.000000 0.000000 0.000000
    50 0.000010 -0.300000 0.000000 3.141593 0.000000 -0.174533
    51 0.000000 -0.000001 0.000000 0.000000 0.000000 0.000000
    52 -0.000003 0.000000 0.000001 3.141592 0.000000 0.000000
    53 0.000006 0.000000 0.000004 0.000000 0.000000 0.349065
    54 0.000000 0.000000 0.000000 3.141593 0.000000 0.000000
    55 -0.000008 -0.000006 0.000000 3.141593 0.000000 0.000000
    56 0.000002 -0.000002 0.000000 3.141593 0.000000 0.000000
    57 0.000014 -0.000004 0.000000 3.141593 0.000000 0.000000
    58 -0.000001 0.000000 0.000000 3.141593 0.000000 -0.000001
    59 0.000000 0.000000 0.000000 3.141593 0.000000 0.000000
    60 0.000010 0.000017 0.000000 3.141593 0.000000 -0.000001
    61 0.000000 0.000004 0.000000 3.141593 0.000000 -0.000001
    62 0.000000 0.000006 0.000000 3.141593 0.000000 -0.000001
    63 0.000001 0.000002 0.000000 3.141593 0.000000 0.000000
    64 0.000000 0.000000 0.000000 -3.141592 0.000000 0.000000
    65 0.000000 0.000000 0.000000 -1.570797 -0.000001 0.000000
    66 0.000000 0.000000 0.000000 0.000000 0.000000 0.000000
    67 1.200000 0.000000 0.000000 0.000000 0.000000 0.000000
    68 0.000009 0.299994 0.000000 0.000000 0.000000 0.174533
    69 -0.000001 -0.000001 -0.000004 0.000000 0.000000 0.000000
    70 -0.000010 0.000000 -0.000003 -3.141592 0.000001 0.000000
    71 0.000000 0.000000 0.000000 0.000001 -0.000001 0.349065
    72 0.000000 -0.000003 0.000000 0.000000 0.000000 0.000000
    73 0.000003 0.000000 0.000000 0.000000 0.000000 0.000000
    74 -0.000010 -0.000006 0.000000 -0.000001 0.000000 0.000000
    75 0.000019 0.000002 0.000000 0.000000 0.000000 0.000000
    76 0.000001 0.000004 0.000000 0.000000 0.000000 -0.000001
    77 0.000000 0.000000 0.000000 0.000000 0.000000 -0.000001
    78 0.000001 -0.000002 0.000000 0.000000 0.000000 -0.000001
    79 0.000000 0.000000 0.000000 0.000000 0.000000 -0.000001
    80 0.000001 0.000008 0.000000 0.000000 0.000000 0.000000
    81 -0.000003 0.000004 0.000000 0.000000 0.000000 0.000000
    82 -0.000007 -0.000008 0.000000 0.000000 0.000000 -0.000001
    83 0.000000 0.000002 -0.000002 -1.570796 0.000000 0.000000
  time 93
    0 -2.934941 -16.752692 -5.445725 -2.797397 -0.089190 -1.277370
    1 -1.186523 -1.036133 0.043213 0.000000 0.000004 0.000000
    2 -1.935547 -1.362305 0.225586 0.000000 0.000002 0.000000
    3 -4.549240 -1.689358 -0.012529 0.000000 0.000000 0.000000
    4 4.331499 0.360595 -0.709097 0.000015 0.000003 0.056022
    5 3.513922 0.962076 -0.004281 0.000004 -0.000001 1.176003
    6 2.855053 0.477292 0.679213 -0.000001 -0.000004 2.896619
    7 1.649902 5.878080 0.032496 -0.000003 0.000002 -1.570796
    8 6.587842 -0.691444 0.025964 -0.000001 -0.000001 1.570796
    9 0.000002 -0.241401 -0.052690 0.000001 0.000001 0.000000
    10 10.620066 1.884898 -0.004843 -1.529186 -0.000002 3.141591
    11 -9.087198 1.359573 -0.008167 -0.000003 0.000002 -1.570796
    12 1.773391 -22.219398 -8.700544 1.610247 -0.196226 -2.064760
    13 1.473659 0.639418 -1.295234 1.661524 0.819030 0.375505
    14 1.832607 0.000002 -0.000008 3.084542 -0.002161 0.007886
    15 1.003335 0.000005 0.000001 -3.044771 -0.022834 0.216917
    16 3.777019 -0.400072 -1.411520 0.390879 -0.019092 -0.150642
    17 2.187956 0.000010 0.000000 -0.112861 0.004943 0.101852
    18 1.100960 0.000002 0.000000 -0.036653 0.012034 0.319975
    19 3.987863 -0.577452 -0.474712 0.178089 -0.171442 0.125637
    20 1.890109 -0.000010 -0.000001 0.023122 -0.001657 0.094874
    21 1.310925 0.000000 0.000000 0.006782 -0.005980 0.345573
    22 4.117986 -0.681879 0.453695 0.385917 -0.179596 0.360075
    23 1.655294 0.000008 0.000000 -0.053411 0.021873 0.216923
    24 0.869582 0.000004 0.000000 -0.273294 -0.016718 0.252238
    25 4.107660 -0.663627 1.354863 -0.358386 -0.269379 0.568235
    26 1.157247 -0.000010 -0.000002 0.159745 -0.031328 0.186462
    27 1.019835 -0.000006 0.000000 -1.457700 -0.085482 0.587837
    28 7.406140 -6.039003 -8.901889 -1.282867 0.735886 -1.481670
    29 12.695427 -0.000020 -0.000008 -0.249196 0.295459 -1.672914
    30 -7.418293 -15.318707 -6.598916 1.845579 -0.076170 -1.280434
    31 1.474215 -0.497926 -1.376118 0.979444 0.426216 -0.250736
    32 1.832179 -0.000010 -0.000002 -2.526135 -0.301549 0.609667
    33 1.042025 -0.000004 -0.000009 -2.896901 -0.278851 -0.192682
    34 3.823320 0.664865 -1.331676 0.238648 0.181209 0.097576
    35 2.152367 -0.000001 0.000004 0.062007 -0.001500 0.005920
    36 1.056622 -0.000011 0.000000 0.241003 0.000717 -0.002166
    37 3.985134 0.881805 -0.368986 0.128322 -0.008132 -0.090211
    38 1.830183 0.000015 0.000000 0.063848 -0.073976 -1.510189
    39 1.561352 0.000008 -0.000004 0.027622 -0.015767 -1.357316
    40 4.116518 0.711272 0.551869 0.187923 0.006580 -0.361666
    41 1.752727 0.000006 0.000000 0.026497 0.029549 -1.405331
    42 0.869359 -0.000006 0.000000 0.015606 -0.073487 -0.926076
    43 4.118826 0.331223 1.419829 0.128888 -0.005990 -0.280207
    44 1.176321 0.000006 0.000000 -0.027338 0.139049 -0.923484
    45 0.970199 -0.000002 -0.000004 1.655618 0.044631 -1.487290
    46 -7.606037 1.001330 -4.120493 -2.427177 0.957093 -1.982219
    47 12.706336 -0.000035 -0.000009 -0.267760 0.293869 -1.742617
    48 0.000000 0.000000 -0.000003 0.000000 0.000000 0.000000
    49 1.200000 0.000000 0.000010 0.000000 0.000000 0.000000
    50 0.000010 -0.300000 0.000000 3.141593 0.000000 -0.174533
    51 0.000000 -0.000001 0.000000 0.000000 0.000000 0.000000
    52 -0.000003 0.000000 0.000001 3.141592 0.000000 0.000000
    53 0.000006 0.000000 0.000004 0.000000 0.000000 0.349065
    54 0.000000 0.000000 0.000000 3.141593 0.000000 0.000000
    55 -0.000008 -0.000006 0.000000 3.141593 0.000000 0.000000
    56 0.000002 -0.000002 0.000000 3.141593 0.000000 0.000000
    57 0.000014 -0.000004 0.000000 3.141593 0.000000 0.000000
    58 -0.000001 0.000000 0.000000 3.141593 0.000000 -0.000001
    59 0.000000 0.000000 0.000000 3.141593 0.000000 0.000000
    60 0.000010 0.000017 0.000000 3.141593 0.000000 -0.000001
    61 0.000000 0.000004 0.000000 3.141593 0.000000 -0.000001
    62 0.000000 0.000006 0.000000 3.141593 0.000000 -0.000001
    63 0.000001 0.000002 0.000000 3.141593 0.000000 0.000000
    64 0.000000 0.000000 0.000000 -3.141592 0.000000 0.000000
    65 0.000000 0.000000 0.000000 -1.570797 -0.000001 0.000000
    66 0.000000 0.000000 0.000000 0.000000 0.000000 0.000000
    67 1.200000 0.000000 0.000000 0.000000 0.000000 0.000000
    68 0.000009 0.299994 0.000000 0.000000 0.000000 0.174533
    69 -0.000001 -0.000001 -0.000004 0.000000 0.000000 0.000000
    70 -0.000010 0.000000 -0.000003 -3.141592 0.000001 0.000000
    71 0.000000 0.000000 0.000000 0.000001 -0.000001 0.349065
    72 0.000000 -0.000003 0.000000 0.000000 0.000000 0.000000
    73 0.000003 0.000000 0.000000 0.000000 0.000000 0.000000
    74 -0.000010 -0.000006 0.000000 -0.000001 0.000000 0.000000
    75 0.000019 0.000002 0.000000 0.000000 0.000000 0.000000
    76 0.000001 0.000004 0.000000 0.000000 0.000000 -0.000001
    77 0.000000 0.000000 0.000000 0.000000 0.000000 -0.000001
    78 0.000001 -0.000002 0.000000 0.000000 0.000000 -0.000001
    79 0.000000 0.000000 0.000000 0.000000 0.000000 -0.000001
    80 0.000001 0.000008 0.000000 0.000000 0.000000 0.000000
    81 -0.000003 0.000004 0.000000 0.000000 0.000000 0.000000
    82 -0.000007 -0.000008 0.000000 0.000000 0.000000 -0.000001
    83 0.000000 0.000002 -0.000002 -1.570796 0.000000 0.000000
  time 94
    0 -2.786499 -16.752692 -5.719171 -2.711150 -0.080114 -1.243371
    1 -1.186523 -1.036133 0.043213 0.000000 0.000004 0.000000
    2 -1.935547 -1.362305 0.225586 0.000000 0.000002 0.000000
    3 -4.549240 -1.689358 -0.012529 0.000000 0.000000 0.000000
    4 4.331499 0.360595 -0.709097 0.000015 0.000003 0.056022
    5 3.513922 0.962076 -0.004281 0.000004 -0.000001 1.176003
    6 2.855053 0.477292 0.679213 -0.000001 -0.000004 2.896619
    7 1.649902 5.878080 0.032496 -0.000003 0.000002 -1.570796
    8 6.587842 -0.691444 0.025964 -0.000001 -0.000001 1.570796
    9 0.000002 -0.241401 -0.052690 0.000001 0.000001 0.000000
    10 10.620066 1.884898 -0.004843 -1.567404 -0.000002 3.141399
    11 -9.087198 1.359573 -0.008167 -0.000003 0.000002 -1.570796
    12 2.027305 -22.082675 -9.356814 1.697934 -0.132681 -2.020431
    13 1.473659 0.639418 -1.295234 1.660978 0.819836 0.371254
    14 1.832607 0.000002 -0.000008 3.084518 -0.002161 0.006777
    15 1.003335 0.000005 0.000001 -3.044807 -0.023026 0.216730
    16 3.796551 -0.392259 -1.411520 0.387705 -0.017438 -0.148519
    17 2.187956 0.000010 0.000000 -0.112082 0.005206 0.115610
    18 1.100960 0.000002 0.000000 -0.030816 0.010872 0.328363
    19 3.987863 -0.577452 -0.474712 0.177813 -0.167463 0.126118
    20 1.890109 -0.000010 -0.000001 0.023918 -0.002615 0.106071
    21 1.310925 0.000000 0.000000 0.013162 -0.007550 0.356975
    22 4.117986 -0.658441 0.445882 0.382274 -0.174838 0.361178
    23 1.655294 0.000008 0.000000 -0.051841 0.023324 0.244847
    24 0.869582 0.000004 0.000000 -0.268500 -0.015951 0.259267
    25 4.127192 -0.640189 1.354863 -0.355557 -0.259772 0.570166
    26 1.157247 -0.000010 -0.000002 0.155670 -0.035799 0.212539
    27 1.019835 -0.000006 0.000000 -1.458850 -0.086992 0.594778
    28 7.406140 -6.039003 -8.901889 -1.242032 0.775393 -1.437723
    29 12.695427 -0.000020 -0.000008 -0.255793 0.294752 -1.695371
    30 -7.219068 -15.447618 -7.177059 1.931638 -0.066897 -1.244631
    31 1.474215 -0.497926 -1.376118 0.979444 0.426216 -0.250736
    32 1.832179 -0.000010 -0.000002 -2.526135 -0.301549 0.609667
    33 1.042025 -0.000004 -0.000009 -2.896973 -0.278851 -0.192682
    34 3.823320 0.664865 -1.331676 0.250381 0.132121 0.165037
    35 2.152367 -0.000001 0.000004 0.062019 -0.001500 0.005920
    36 1.056622 -0.000011 0.000000 0.241003 0.000717 -0.002178
    37 3.985134 0.881805 -0.368986 0.128322 -0.008132 -0.090211
    38 1.830183 0.000015 0.000000 0.063848 -0.073976 -1.510189
    39 1.561352 0.000008 -0.000004 0.027622 -0.015767 -1.357316
    40 4.116518 0.711272 0.551869 0.187923 0.006580 -0.361666
    41 1.752727 0.000006 0.000000 0.026485 0.029573 -1.405331
    42 0.869359 -0.000006 0.000000 0.015558 -0.073487 -0.926076
    43 4.118826 0.331223 1.419829 0.128888 -0.005990 -0.280207
    44 1.176321 0.000006 0.000000 -0.027338 0.139049 -0.923507
    45 0.970199 -0.000002 -0.000004 1.655618 0.044631 -1.487290
    46 -7.606037 1.001330 -4.120493 -2.486144 0.964201 -2.010084
    47 12.706336 -0.000035 -0.000009 -0.260313 0.295140 -1.717020
    48 0.000000 0.000000 -0.000003 0.000000 0.000000 0.000000
    49 1.200000 0.000000 0.000010 0.000000 0.000000 0.000000
    50 0.000010 -0.300000 0.000000 3.141593 0.000000 -0.174533
    51 0.000000 -0.000001 0.000000 0.000000 0.000000 0.000000
    52 -0.000003 0.000000 0.000001 3.141592 0.000000 0.000000
    53 0.000006 0.000000 0.000004 0.000000 0.000000 0.349065
    54 0.000000 0.000000 0.000000 3.141593 0.000000 0.000000
    55 -0.000008 -0.000006 0.000000 3.141593 0.000000 0.000000
    56 0.000002 -0.000002 0.000000 3.141593 0.000000 0.000000
    57 0.000014 -0.000004 0.000000 3.141593 0.000000 0.000000
    58 -0.000001 0.000000 0.000000 3.141593 0.000000 -0.000001
    59 0.000000 0.000000 0.000000 3.141593 0.000000 0.000000
    60 0.000010 0.000017 0.000000 3.141593 0.000000 -0.000001
    61 0.000000 0.000004 0.000000 3.141593 0.000000 -0.000001
    62 0.000000 0.000006 0.000000 3.141593 0.000000 -0.000001
    63 0.000001 0.000002 0.000000 3.141593 0.000000 0.000000
    64 0.000000 0.000000 0.000000 -3.141592 0.000000 0.000000
    65 0.000000 0.000000 0.000000 -1.570797 -0.000001 0.000000
    66 0.000000 0.000000 0.000000 0.000000 0.000000 0.000000
    67 1.200000 0.000000 0.000000 0.000000 0.000000 0.000000
    68 0.000009 0.299994 0.000000 0.000000 0.000000 0.174533
    69 -0.000001 -0.000001 -0.000004 0.000000 0.000000 0.000000
    70 -0.000010 0.000000 -0.000003 -3.141592 0.000001 0.000000
    71 0.000000 0.000000 0.000000 0.000001 -0.000001 0.349065
    72 0.000000 -0.000003 0.000000 0.000000 0.000000 0.000000
    73 0.000003 0.000000 0.000000 0.000000 0.000000 0.000000
    74 -0.000010 -0.000006 0.000000 -0.000001 0.000000 0.000000
    75 0.000019 0.000002 0.000000 0.000000 0.000000 0.000000
    76 0.000001 0.000004 0.000000 0.000000 0.000000 -0.000001
    77 0.000000 0.000000 0.000000 0.000000 0.000000 -0.000001
    78 0.000001 -0.000002 0.000000 0.000000 0.000000 -0.000001
    79 0.000000 0.000000 0.000000 0.000000 0.000000 -0.000001
    80 0.000001 0.000008 0.000000 0.000000 0.000000 0.000000
    81 -0.000003 0.000004 0.000000 0.000000 0.000000 0.000000
    82 -0.000007 -0.000008 0.000000 0.000000 0.000000 -0.000001
    83 0.000000 0.000002 -0.000002 -1.570796 0.000000 0.000000
  time 95
    0 -2.653683 -16.752692 -5.953553 -2.613786 -0.072775 -1.201492
    1 -1.186523 -1.036133 0.043213 0.000000 0.000004 0.000000
    2 -1.935547 -1.362305 0.225586 0.000000 0.000002 0.000000
    3 -4.549240 -1.689358 -0.012529 0.000000 0.000000 0.000000
    4 4.331499 0.360595 -0.709097 0.000015 0.000003 0.056022
    5 3.513922 0.962076 -0.004281 0.000004 -0.000001 1.176003
    6 2.855053 0.477292 0.679213 -0.000001 -0.000004 2.896619
    7 1.649902 5.878080 0.032496 -0.000003 0.000002 -1.570796
    8 6.587842 -0.691444 0.025964 -0.000001 -0.000001 1.570796
    9 0.000002 -0.241401 -0.052690 0.000001 0.000001 0.000000
    10 10.620066 1.884898 -0.004843 -1.529186 -0.000002 3.141591
    11 -9.087198 1.359573 -0.008167 -0.000003 0.000002 -1.570796
    12 2.261687 -21.926420 -10.099024 1.813360 -0.063824 -1.969365
    13 1.473659 0.639418 -1.295234 1.660403 0.820642 0.366722
    14 1.832607 0.000002 -0.000008 3.084495 -0.002125 0.005538
    15 1.003335 0.000005 0.000001 -3.044831 -0.023182 0.216543
    16 3.777019 -0.392259 -1.411520 0.384513 -0.015784 -0.146347
    17 2.187956 0.000010 0.000000 -0.111291 0.005710 0.129647
    18 1.100960 0.000002 0.000000 -0.025160 0.009601 0.336680
    19 3.987863 -0.577452 -0.474712 0.177504 -0.163460 0.126599
    20 1.890109 -0.000010 -0.000001 0.024714 -0.003478 0.117268
    21 1.310925 0.000000 0.000000 0.019542 -0.009192 0.368490
    22 4.117986 -0.681879 0.449789 0.378474 -0.170080 0.362307
    23 1.655294 0.000008 0.000000 -0.050211 0.024762 0.273223
    24 0.869582 0.000004 0.000000 -0.263671 -0.015208 0.266433
    25 4.131098 -0.663627 1.354863 -0.352921 -0.250086 0.572328
    26 1.157247 -0.000010 -0.000002 0.151284 -0.040191 0.239431
    27 1.019835 -0.000006 0.000000 -1.460145 -0.088502 0.601780
    28 7.406140 -6.039003 -8.901889 -1.192821 0.817642 -1.388526
    29 12.695427 -0.000020 -0.000008 -0.261417 0.294009 -1.714982
    30 -6.996405 -15.615592 -7.751295 2.028801 -0.059350 -1.202079
    31 1.474215 -0.497926 -1.376118 0.979444 0.426216 -0.250736
    32 1.832179 -0.000010 -0.000002 -2.526123 -0.301549 0.609667
    33 1.042025 -0.000004 -0.000009 -2.896901 -0.278827 -0.192682
    34 3.823320 0.664865 -1.331676 0.256613 0.097437 0.211238
    35 2.152367 -0.000001 0.000004 0.062007 -0.001500 0.005920
    36 1.056622 -0.000011 0.000000 0.241003 0.000717 -0.002178
    37 3.985134 0.881805 -0.368986 0.128322 -0.008132 -0.090211
    38 1.830183 0.000015 0.000000 0.063848 -0.073976 -1.510189
    39 1.561352 0.000008 -0.000004 0.027622 -0.015767 -1.357316
    40 4.116518 0.711272 0.551869 0.187923 0.006580 -0.361666
    41 1.752727 0.000006 0.000000 0.026521 0.029537 -1.405331
    42 0.869359 -0.000006 0.000000 0.015546 -0.073475 -0.926076
    43 4.118826 0.331223 1.419829 0.128888 -0.005990 -0.280207
    44 1.176321 0.000006 0.000000 -0.027338 0.139049 -0.923484
    45 0.970199 -0.000002 -0.000004 1.655618 0.044643 -1.487290
    46 -7.606037 1.001330 -4.120493 -2.545944 0.967538 -2.035325
    47 12.706336 -0.000035 -0.000009 -0.251720 0.296159 -1.687977
    48 0.000000 0.000000 -0.000003 0.000000 0.000000 0.000000
    49 1.200000 0.000000 0.000010 0.000000 0.000000 0.000000
    50 0.000010 -0.300000 0.000000 3.141593 0.000000 -0.174533
    51 0.000000 -0.000001 0.000000 0.000000 0.000000 0.000000
    52 -0.000003 0.000000 0.000001 3.141592 0.000000 0.000000
    53 0.000006 0.000000 0.000004 0.000000 0.000000 0.349065
    54 0.000000 0.000000 0.000000 3.141593 0.000000 0.000000
    55 -0.000008 -0.000006 0.000000 3.141593 0.000000 0.000000
    56 0.000002 -0.000002 0.000000 3.141593 0.000000 0.000000
    57 0.000014 -0.000004 0.000000 3.141593 0.000000 0.000000
    58 -0.000001 0.000000 0.000000 3.141593 0.000000 -0.000001
    59 0.000000 0.000000 0.000000 3.141593 0.000000 0.000000
    60 0.000010 0.000017 0.000000 3.141593 0.000000 -0.000001
    61 0.000000 0.000004 0.000000 3.141593 0.000000 -0.000001
    62 0.000000 0.000006 0.000000 3.141593 0.000000 -0.000001
    63 0.000001 0.000002 0.000000 3.141593 0.000000 0.000000
    64 0.000000 0.000000 0.000000 -3.141592 0.000000 0.000000
    65 0.000000 0.000000 0.000000 -1.570797 -0.000001 0.000000
    66 0.000000 0.000000 0.000000 0.000000 0.000000 0.000000
    67 1.200000 0.000000 0.000000 0.000000 0.000000 0.000000
    68 0.000009 0.299994 0.000000 0.000000 0.000000 0.174533
    69 -0.000001 -0.000001 -0.000004 0.000000 0.000000 0.000000
    70 -0.000010 0.000000 -0.000003 -3.141592 0.000001 0.000000
    71 0.000000 0.000000 0.000000 0.000001 -0.000001 0.349065
    72 0.000000 -0.000003 0.000000 0.000000 0.000000 0.000000
    73 0.000003 0.000000 0.000000 0.000000 0.000000 0.000000
    74 -0.000010 -0.000006 0.000000 -0.000001 0.000000 0.000000
    75 0.000019 0.000002 0.000000 0.000000 0.000000 0.000000
    76 0.000001 0.000004 0.000000 0.000000 0.000000 -0.000001
    77 0.000000 0.000000 0.000000 0.000000 0.000000 -0.000001
    78 0.000001 -0.000002 0.000000 0.000000 0.000000 -0.000001
    79 0.000000 0.000000 0.000000 0.000000 0.000000 -0.000001
    80 0.000001 0.000008 0.000000 0.000000 0.000000 0.000000
    81 -0.000003 0.000004 0.000000 0.000000 0.000000 0.000000
    82 -0.000007 -0.000008 0.000000 0.000000 0.000000 -0.000001
    83 0.000000 0.000002 -0.000002 -1.570796 0.000000 0.000000
  time 96
    0 -2.563836 -16.752692 -6.113714 -2.515122 -0.070283 -1.160111
    1 -1.186523 -1.036133 0.043213 0.000000 0.000004 0.000000
    2 -1.935547 -1.362305 0.225586 0.000000 0.000002 0.000000
    3 -4.549240 -1.689358 -0.012529 0.000000 0.000000 0.000000
    4 4.331499 0.360595 -0.709097 0.000015 0.000003 0.056022
    5 3.513922 0.962076 -0.004281 0.000004 -0.000001 1.176003
    6 2.855053 0.477292 0.679213 -0.000001 -0.000004 2.896619
    7 1.649902 5.878080 0.032496 -0.000003 0.000002 -1.570796
    8 6.587842 -0.691444 0.025964 -0.000001 -0.000001 1.570796
    9 0.000002 -0.241401 -0.052690 0.000001 0.000001 0.000000
    10 10.620066 1.884898 -0.004843 -1.568531 -0.000002 3.141351
    11 -9.087198 1.359573 -0.008167 -0.000003 0.000002 -1.570796
    12 2.449193 -21.793604 -10.907642 1.949316 0.001049 -1.917068
    13 1.473659 0.639418 -1.295234 1.659742 0.821514 0.361880
    14 1.832607 0.000002 -0.000008 3.084459 -0.002101 0.004103
    15 1.003335 0.000005 0.000001 -3.044867 -0.023241 0.216294
    16 3.792645 -0.388352 -1.411520 0.381302 -0.014095 -0.144175
    17 2.187956 0.000010 0.000000 -0.110488 0.005949 0.143870
    18 1.100960 0.000002 0.000000 -0.019299 0.008463 0.345068
    19 3.987863 -0.577452 -0.474712 0.177179 -0.159373 0.127117
    20 1.890109 -0.000010 -0.000001 0.025481 -0.004485 0.128739
    21 1.310925 0.000000 0.000000 0.025979 -0.010821 0.380102
    22 4.117986 -0.677973 0.453695 0.374759 -0.165209 0.363331
    23 1.655294 0.000008 0.000000 -0.048581 0.026032 0.301938
    24 0.869582 0.000004 0.000000 -0.258613 -0.014501 0.273571
    25 4.123285 -0.648002 1.354863 -0.350020 -0.240353 0.574553
    26 1.157247 -0.000010 -0.000002 0.146813 -0.044662 0.266953
    27 1.019835 -0.000006 0.000000 -1.461247 -0.090024 0.608824
    28 7.406140 -6.039003 -8.901889 -1.137042 0.858645 -1.337393
    29 12.695427 -0.000020 -0.000008 -0.264808 0.293650 -1.726606
    30 -6.785461 -15.744502 -8.259123 2.127307 -0.056875 -1.159954
    31 1.474215 -0.497926 -1.376118 0.979444 0.426216 -0.250736
    32 1.832179 -0.000010 -0.000002 -2.526135 -0.301549 0.609667
    33 1.042025 -0.000004 -0.000009 -2.896901 -0.278839 -0.192682
    34 3.823320 0.664865 -1.331676 0.258279 0.085536 0.226925
    35 2.152367 -0.000001 0.000004 0.062019 -0.001500 0.005920
    36 1.056622 -0.000011 0.000000 0.241003 0.000717 -0.002166
    37 3.985134 0.881805 -0.368986 0.128322 -0.008132 -0.090211
    38 1.830183 0.000015 0.000000 0.063848 -0.073976 -1.510189
    39 1.561352 0.000008 -0.000004 0.027622 -0.015767 -1.357316
    40 4.116518 0.711272 0.551869 0.187923 0.006580 -0.361666
    41 1.752727 0.000006 0.000000 0.026521 0.029537 -1.405331
    42 0.869359 -0.000006 0.000000 0.015606 -0.073511 -0.926076
    43 4.118826 0.331223 1.419829 0.128888 -0.005990 -0.280207
    44 1.176321 0.000006 0.000000 -0.027338 0.139049 -0.923484
    45 0.970199 -0.000002 -0.000004 1.655618 0.044631 -1.487290
    46 -7.606037 1.001330 -4.120493 -2.597072 0.967538 -2.054006
    47 12.706336 -0.000035 -0.000009 -0.243870 0.296938 -1.660657
    48 0.000000 0.000000 -0.000003 0.000000 0.000000 0.000000
    49 1.200000 0.000000 0.000010 0.000000 0.000000 0.000000
    50 0.000010 -0.300000 0.000000 3.141593 0.000000 -0.174533
    51 0.000000 -0.000001 0.000000 0.000000 0.000000 0.000000
    52 -0.000003 0.000000 0.000001 3.141592 0.000000 0.000000
    53 0.000006 0.000000 0.000004 0.000000 0.000000 0.349065
    54 0.000000 0.000000 0.000000 3.141593 0.000000 0.000000
    55 -0.000008 -0.000006 0.000000 3.141593 0.000000 0.000000
    56 0.000002 -0.000002 0.000000 3.141593 0.000000 0.000000
    57 0.000014 -0.000004 0.000000 3.141593 0.000000 0.000000
    58 -0.000001 0.000000 0.000000 3.141593 0.000000 -0.000001
    59 0.000000 0.000000 0.000000 3.141593 0.000000 0.000000
    60 0.000010 0.000017 0.000000 3.141593 0.000000 -0.000001
    61 0.000000 0.000004 0.000000 3.141593 0.000000 -0.000001
    62 0.000000 0.000006 0.000000 3.141593 0.000000 -0.000001
    63 0.000001 0.000002 0.000000 3.141593 0.000000 0.000000
    64 0.000000 0.000000 0.000000 -3.141592 0.000000 0.000000
    65 0.000000 0.000000 0.000000 -1.570797 -0.000001 0.000000
    66 0.000000 0.000000 0.000000 0.000000 0.000000 0.000000
    67 1.200000 0.000000 0.000000 0.000000 0.000000 0.000000
    68 0.000009 0.299994 0.000000 0.000000 0.000000 0.174533
    69 -0.000001 -0.000001 -0.000004 0.000000 0.000000 0.000000
    70 -0.000010 0.000000 -0.000003 -3.141592 0.000001 0.000000
    71 0.000000 0.000000 0.000000 0.000001 -0.000001 0.349065
    72 0.000000 -0.000003 0.000000 0.000000 0.000000 0.000000
    73 0.000003 0.000000 0.000000 0.000000 0.000000 0.000000
    74 -0.000010 -0.000006 0.000000 -0.000001 0.000000 0.000000
    75 0.000019 0.000002 0.000000 0.000000 0.000000 0.000000
    76 0.000001 0.000004 0.000000 0.000000 0.000000 -0.000001
    77 0.000000 0.000000 0.000000 0.000000 0.000000 -0.000001
    78 0.000001 -0.000002 0.000000 0.000000 0.000000 -0.000001
    79 0.000000 0.000000 0.000000 0.000000 0.000000 -0.000001
    80 0.000001 0.000008 0.000000 0.000000 0.000000 0.000000
    81 -0.000003 0.000004 0.000000 0.000000 0.000000 0.000000
    82 -0.000007 -0.000008 0.000000 0.000000 0.000000 -0.000001
    83 0.000000 0.000002 -0.000002 -1.570796 0.000000 0.000000
  time 97
    0 -2.532585 -16.752692 -6.164497 -2.422420 -0.073424 -1.123627
    1 -1.186523 -1.036133 0.043213 0.000000 0.000004 0.000000
    2 -1.935547 -1.362305 0.225586 0.000000 0.000002 0.000000
    3 -4.549240 -1.689358 -0.012529 0.000000 0.000000 0.000000
    4 4.331499 0.360595 -0.709097 0.000015 0.000003 0.056022
    5 3.513922 0.962076 -0.004281 0.000004 -0.000001 1.176003
    6 2.855053 0.477292 0.679213 -0.000001 -0.000004 2.896619
    7 1.649902 5.878080 0.032496 -0.000003 0.000002 -1.570796
    8 6.587842 -0.691444 0.025964 -0.000001 -0.000001 1.570796
    9 0.000002 -0.241401 -0.052690 0.000001 0.000001 0.000000
    10 10.620066 1.884898 -0.004843 -1.568531 -0.000002 3.141351
    11 -9.087198 1.359573 -0.008167 -0.000003 0.000002 -1.570796
    12 2.585916 -21.692038 -11.755324 2.098959 0.056465 -1.868103
    13 1.473659 0.639418 -1.295234 1.659052 0.822435 0.356644
    14 1.832607 0.000002 -0.000008 3.084411 -0.002077 0.002603
    15 1.003335 0.000005 0.000001 -3.044903 -0.023409 0.215998
    16 3.792645 -0.411791 -1.411520 0.378054 -0.012388 -0.141978
    17 2.187956 0.000010 0.000000 -0.109661 0.006381 0.158000
    18 1.100960 0.000002 0.000000 -0.013499 0.007036 0.353527
    19 3.987863 -0.577452 -0.474712 0.176870 -0.155214 0.127468
    20 1.890109 -0.000010 -0.000001 0.026262 -0.005636 0.140249
    21 1.310925 0.000000 0.000000 0.032458 -0.012667 0.391778
    22 4.117986 -0.677973 0.453695 0.371140 -0.160338 0.364329
    23 1.655294 0.000008 0.000000 -0.046904 0.027290 0.331104
    24 0.869582 0.000004 0.000000 -0.253712 -0.013866 0.280819
    25 4.131098 -0.659721 1.354863 -0.347324 -0.230588 0.576946
    26 1.157247 -0.000010 -0.000002 0.142103 -0.049015 0.294660
    27 1.019835 -0.000006 0.000000 -1.462602 -0.091510 0.615950
    28 7.406140 -6.039003 -8.901889 -1.076123 0.895826 -1.286076
    29 12.695427 -0.000020 -0.000008 -0.265026 0.293614 -1.727318
    30 -6.601862 -15.830442 -8.630228 2.219679 -0.060129 -1.121664
    31 1.474215 -0.497926 -1.376118 0.979444 0.426216 -0.250736
    32 1.832179 -0.000010 -0.000002 -2.526135 -0.301549 0.609667
    33 1.042025 -0.000004 -0.000009 -2.896937 -0.278839 -0.192682
    34 3.823320 0.664865 -1.331676 0.261095 0.122089 0.203304
    35 2.152367 -0.000001 0.000004 0.062031 -0.001500 0.005920
    36 1.056622 -0.000011 0.000000 0.241003 0.000717 -0.002166
    37 3.985134 0.881805 -0.368986 0.128322 -0.008132 -0.090211
    38 1.830183 0.000015 0.000000 0.063848 -0.073976 -1.510189
    39 1.561352 0.000008 -0.000004 0.027622 -0.015767 -1.357316
    40 4.116518 0.711272 0.551869 0.187923 0.006580 -0.361666
    41 1.752727 0.000006 0.000000 0.026521 0.029537 -1.405331
    42 0.869359 -0.000006 0.000000 0.015630 -0.073523 -0.926054
    43 4.118826 0.331223 1.419829 0.128888 -0.005990 -0.280207
    44 1.176321 0.000006 0.000000 -0.027338 0.139049 -0.923507
    45 0.970199 -0.000002 -0.000004 1.655618 0.044631 -1.487290
    46 -7.606037 1.001330 -4.120493 -2.634811 0.965636 -2.065002
    47 12.706336 -0.000035 -0.000009 -0.237347 0.297489 -1.638751
    48 0.000000 0.000000 -0.000003 0.000000 0.000000 0.000000
    49 1.200000 0.000000 0.000010 0.000000 0.000000 0.000000
    50 0.000010 -0.300000 0.000000 3.141593 0.000000 -0.174533
    51 0.000000 -0.000001 0.000000 0.000000 0.000000 0.000000
    52 -0.000003 0.000000 0.000001 3.141592 0.000000 0.000000
    53 0.000006 0.000000 0.000004 0.000000 0.000000 0.349065
    54 0.000000 0.000000 0.000000 3.141593 0.000000 0.000000
    55 -0.000008 -0.000006 0.000000 3.141593 0.000000 0.000000
    56 0.000002 -0.000002 0.000000 3.141593 0.000000 0.000000
    57 0.000014 -0.000004 0.000000 3.141593 0.000000 0.000000
    58 -0.000001 0.000000 0.000000 3.141593 0.000000 -0.000001
    59 0.000000 0.000000 0.000000 3.141593 0.000000 0.000000
    60 0.000010 0.000017 0.000000 3.141593 0.000000 -0.000001
    61 0.000000 0.000004 0.000000 3.141593 0.000000 -0.000001
    62 0.000000 0.000006 0.000000 3.141593 0.000000 -0.000001
    63 0.000001 0.000002 0.000000 3.141593 0.000000 0.000000
    64 0.000000 0.000000 0.000000 -3.141592 0.000000 0.000000
    65 0.000000 0.000000 0.000000 -1.570797 -0.000001 0.000000
    66 0.000000 0.000000 0.000000 0.000000 0.000000 0.000000
    67 1.200000 0.000000 0.000000 0.000000 0.000000 0.000000
    68 0.000009 0.299994 0.000000 0.000000 0.000000 0.174533
    69 -0.000001 -0.000001 -0.000004 0.000000 0.000000 0.000000
    70 -0.000010 0.000000 -0.000003 -3.141592 0.000001 0.000000
    71 0.000000 0.000000 0.000000 0.000001 -0.000001 0.349065
    72 0.000000 -0.000003 0.000000 0.000000 0.000000 0.000000
    73 0.000003 0.000000 0.000000 0.000000 0.000000 0.000000
    74 -0.000010 -0.000006 0.000000 -0.000001 0.000000 0.000000
    75 0.000019 0.000002 0.000000 0.000000 0.000000 0.000000
    76 0.000001 0.000004 0.000000 0.000000 0.000000 -0.000001
    77 0.000000 0.000000 0.000000 0.000000 0.000000 -0.000001
    78 0.000001 -0.000002 0.000000 0.000000 0.000000 -0.000001
    79 0.000000 0.000000 0.000000 0.000000 0.000000 -0.000001
    80 0.000001 0.000008 0.000000 0.000000 0.000000 0.000000
    81 -0.000003 0.000004 0.000000 0.000000 0.000000 0.000000
    82 -0.000007 -0.000008 0.000000 0.000000 0.000000 -0.000001
    83 0.000000 0.000002 -0.000002 -1.570796 0.000000 0.000000
  time 98
    0 -2.532585 -16.752692 -6.144965 -2.328642 -0.082047 -1.088776
    1 -1.186523 -1.036133 0.043213 0.000000 0.000004 0.000000
    2 -1.935547 -1.362305 0.225586 0.000000 0.000002 0.000000
    3 -4.549240 -1.689358 -0.012529 0.000000 0.000000 0.000000
    4 4.331499 0.360595 -0.709097 0.000015 0.000003 0.056022
    5 3.513922 0.962076 -0.004281 0.000004 -0.000001 1.176003
    6 2.855053 0.477292 0.679213 -0.000001 -0.000004 2.896619
    7 1.649902 5.878080 0.032496 -0.000003 0.000002 -1.570796
    8 6.587842 -0.691444 0.025964 -0.000001 -0.000001 1.570796
    9 0.000002 -0.241401 -0.052690 0.000001 0.000001 0.000000
    10 10.620066 1.884898 -0.004843 -1.568531 -0.000002 3.141351
    11 -9.087198 1.359573 -0.008167 -0.000003 0.000002 -1.570796
    12 2.804672 -21.582660 -12.669415 2.264935 0.107776 -1.818414
    13 1.473659 0.639418 -1.295234 1.658247 0.823340 0.351155
    14 1.832607 0.000002 -0.000008 3.084387 -0.002053 0.001070
    15 1.003335 0.000005 0.000001 -3.044927 -0.023721 0.215718
    16 3.777019 -0.403978 -1.411520 0.374806 -0.010646 -0.139806
    17 2.187956 0.000010 0.000000 -0.108822 0.006728 0.172409
    18 1.100960 0.000002 0.000000 -0.007614 0.005670 0.362057
    19 3.987863 -0.577452 -0.474712 0.176561 -0.151224 0.127875
    20 1.890109 -0.000010 -0.000001 0.027029 -0.006546 0.151994
    21 1.310925 0.000000 0.000000 0.038994 -0.014669 0.403551
    22 4.117986 -0.677973 0.449789 0.367377 -0.155335 0.365274
    23 1.655294 0.000008 0.000000 -0.045022 0.028693 0.360647
    24 0.869582 0.000004 0.000000 -0.248714 -0.013303 0.288149
    25 4.123285 -0.644095 1.354863 -0.344460 -0.220729 0.579235
    26 1.157247 -0.000010 -0.000002 0.137262 -0.053381 0.323108
    27 1.019835 -0.000006 0.000000 -1.463728 -0.093056 0.623117
    28 7.406140 -6.039003 -8.901889 -1.010064 0.934959 -1.225270
    29 12.695427 -0.000020 -0.000008 -0.264724 0.293662 -1.726369
    30 -6.402637 -15.920288 -8.931019 2.313260 -0.069051 -1.085648
    31 1.474215 -0.497926 -1.376118 0.979444 0.426216 -0.250736
    32 1.832179 -0.000010 -0.000002 -2.526123 -0.301549 0.609667
    33 1.042025 -0.000004 -0.000009 -2.896961 -0.278839 -0.192682
    34 3.823320 0.664865 -1.331676 0.263132 0.219285 0.136609
    35 2.152367 -0.000001 0.000004 0.062007 -0.001500 0.005920
    36 1.056622 -0.000011 0.000000 0.241003 0.000717 -0.002178
    37 3.985134 0.881805 -0.368986 0.128322 -0.008132 -0.090211
    38 1.830183 0.000015 0.000000 0.063848 -0.073976 -1.510189
    39 1.561352 0.000008 -0.000004 0.027622 -0.015767 -1.357316
    40 4.116518 0.711272 0.551869 0.187923 0.006580 -0.361666
    41 1.752727 0.000006 0.000000 0.026521 0.029537 -1.405331
    42 0.869359 -0.000006 0.000000 0.015630 -0.073499 -0.926076
    43 4.118826 0.331223 1.419829 0.128888 -0.005990 -0.280207
    44 1.176321 0.000006 0.000000 -0.027338 0.139049 -0.923484
    45 0.970199 -0.000002 -0.000004 1.655618 0.044631 -1.487290
    46 -7.606037 1.001330 -4.120493 -2.666029 0.962566 -2.071000
    47 12.706336 -0.000035 -0.000009 -0.231853 0.297717 -1.620169
    48 0.000000 0.000000 -0.000003 0.000000 0.000000 0.000000
    49 1.200000 0.000000 0.000010 0.000000 0.000000 0.000000
    50 0.000010 -0.300000 0.000000 3.141593 0.000000 -0.174533
    51 0.000000 -0.000001 0.000000 0.000000 0.000000 0.000000
    52 -0.000003 0.000000 0.000001 3.141592 0.000000 0.000000
    53 0.000006 0.000000 0.000004 0.000000 0.000000 0.349065
    54 0.000000 0.000000 0.000000 3.141593 0.000000 0.000000
    55 -0.000008 -0.000006 0.000000 3.141593 0.000000 0.000000
    56 0.000002 -0.000002 0.000000 3.141593 0.000000 0.000000
    57 0.000014 -0.000004 0.000000 3.141593 0.000000 0.000000
    58 -0.000001 0.000000 0.000000 3.141593 0.000000 -0.000001
    59 0.000000 0.000000 0.000000 3.141593 0.000000 0.000000
    60 0.000010 0.000017 0.000000 3.141593 0.000000 -0.000001
    61 0.000000 0.000004 0.000000 3.141593 0.000000 -0.000001
    62 0.000000 0.000006 0.000000 3.141593 0.000000 -0.000001
    63 0.000001 0.000002 0.000000 3.141593 0.000000 0.000000
    64 0.000000 0.000000 0.000000 -3.141592 0.000000 0.000000
    65 0.000000 0.000000 0.000000 -1.570797 -0.000001 0.000000
    66 0.000000 0.000000 0.000000 0.000000 0.000000 0.000000
    67 1.200000 0.000000 0.000000 0.000000 0.000000 0.000000
    68 0.000009 0.299994 0.000000 0.000000 0.000000 0.174533
    69 -0.000001 -0.000001 -0.000004 0.000000 0.000000 0.000000
    70 -0.000010 0.000000 -0.000003 -3.141592 0.000001 0.000000
    71 0.000000 0.000000 0.000000 0.000001 -0.000001 0.349065
    72 0.000000 -0.000003 0.000000 0.000000 0.000000 0.000000
    73 0.000003 0.000000 0.000000 0.000000 0.000000 0.000000
    74 -0.000010 -0.000006 0.000000 -0.000001 0.000000 0.000000
    75 0.000019 0.000002 0.000000 0.000000 0.000000 0.000000
    76 0.000001 0.000004 0.000000 0.000000 0.000000 -0.000001
    77 0.000000 0.000000 0.000000 0.000000 0.000000 -0.000001
    78 0.000001 -0.000002 0.000000 0.000000 0.000000 -0.000001
    79 0.000000 0.000000 0.000000 0.000000 0.000000 -0.000001
    80 0.000001 0.000008 0.000000 0.000000 0.000000 0.000000
    81 -0.000003 0.000004 0.000000 0.000000 0.000000 0.000000
    82 -0.000007 -0.000008 0.000000 0.000000 0.000000 -0.000001
    83 0.000000 0.000002 -0.000002 -1.570796 0.000000 0.000000
  time 99
    0 -2.532585 -16.752692 -6.086370 -2.224554 -0.097315 -1.051937
    1 -1.186523 -1.036133 0.043213 0.000000 0.000004 0.000000
    2 -1.935547 -1.362305 0.225586 0.000000 0.000002 0.000000
    3 -4.549240 -1.689358 -0.012529 0.000000 0.000000 0.000000
    4 4.331499 0.360595 -0.709097 0.000015 0.000003 0.056022
    5 3.513922 0.962076 -0.004281 0.000004 -0.000001 1.176003
    6 2.855053 0.477292 0.679213 -0.000001 -0.000004 2.896619
    7 1.649902 5.878080 0.032496 -0.000003 0.000002 -1.570796
    8 6.587842 -0.691444 0.025964 -0.000001 -0.000001 1.570796
    9 0.000002 -0.241401 -0.052690 0.000001 0.000001 0.000000
    10 10.620066 1.884898 -0.004843 -1.529186 -0.000002 3.141591
    11 -9.087198 1.359573 -0.008167 -0.000003 0.000002 -1.570796
    12 3.277343 -21.356090 -13.599131 2.452992 0.160294 -1.760250
    13 1.473659 0.639418 -1.295234 1.657471 0.824294 0.345356
    14 1.832607 0.000002 -0.000008 3.084375 -0.002017 -0.000626
    15 1.003335 0.000005 0.000001 -3.044963 -0.023913 0.215360
    16 3.796551 -0.403978 -1.411520 0.371521 -0.008904 -0.137634
    17 2.187956 0.000010 0.000000 -0.107959 0.007004 0.186911
    18 1.100960 0.000002 0.000000 -0.001826 0.004364 0.370587
    19 3.987863 -0.577452 -0.474712 0.176285 -0.147101 0.128245
    20 1.890109 -0.000010 -0.000001 0.027766 -0.007613 0.163896
    21 1.310925 0.000000 0.000000 0.045544 -0.016694 0.415244
    22 4.117986 -0.681879 0.453695 0.363590 -0.150445 0.366272
    23 1.655294 0.000008 0.000000 -0.043164 0.029807 0.390416
    24 0.869582 0.000004 0.000000 -0.243608 -0.012643 0.295397
    25 4.135005 -0.655815 1.354863 -0.341475 -0.210823 0.581523
    26 1.157247 -0.000010 -0.000002 0.132264 -0.057616 0.351778
    27 1.019835 -0.000006 0.000000 -1.465070 -0.094518 0.630326
    28 7.406140 -6.039003 -8.901889 -0.933820 0.982027 -1.137470
    29 12.695427 -0.000020 -0.000008 -0.267813 0.293051 -1.737044
    30 -6.152629 -15.982790 -9.212277 2.417095 -0.084679 -1.046648
    31 1.474215 -0.497926 -1.376118 0.979444 0.426216 -0.250736
    32 1.832179 -0.000010 -0.000002 -2.526135 -0.301549 0.609667
    33 1.042025 -0.000004 -0.000009 -2.896937 -0.278827 -0.192682
    34 3.823320 0.664865 -1.331676 0.255870 0.318900 0.057439
    35 2.152367 -0.000001 0.000004 0.062019 -0.001500 0.005920
    36 1.056622 -0.000011 0.000000 0.241003 0.000717 -0.002202
    37 3.985134 0.881805 -0.368986 0.128322 -0.008132 -0.090211
    38 1.830183 0.000015 0.000000 0.063848 -0.073976 -1.510189
    39 1.561352 0.000008 -0.000004 0.027622 -0.015767 -1.357316
    40 4.116518 0.711272 0.551869 0.187923 0.006580 -0.361666
    41 1.752727 0.000006 0.000000 0.026521 0.029549 -1.405331
    42 0.869359 -0.000006 0.000000 0.015582 -0.073499 -0.926076
    43 4.118826 0.331223 1.419829 0.128888 -0.005990 -0.280207
    44 1.176321 0.000006 0.000000 -0.027338 0.139049 -0.923507
    45 0.970199 -0.000002 -0.000004 1.655618 0.044631 -1.487290
    46 -7.606037 1.001330 -4.120493 -2.697455 0.957961 -2.073062
    47 12.706336 -0.000035 -0.000009 -0.226385 0.297884 -1.601402
    48 0.000000 0.000000 -0.000003 0.000000 0.000000 0.000000
    49 1.200000 0.000000 0.000010 0.000000 0.000000 0.000000
    50 0.000010 -0.300000 0.000000 3.141593 0.000000 -0.174533
    51 0.000000 -0.000001 0.000000 0.000000 0.000000 0.000000
    52 -0.000003 0.000000 0.000001 3.141592 0.000000 0.000000
    53 0.000006 0.000000 0.000004 0.000000 0.000000 0.349065
    54 0.000000 0.000000 0.000000 3.141593 0.000000 0.000000
    55 -0.000008 -0.000006 0.000000 3.141593 0.000000 0.000000
    56 0.000002 -0.000002 0.000000 3.141593 0.000000 0.000000
    57 0.000014 -0.000004 0.000000 3.141593 0.000000 0.000000
    58 -0.000001 0.000000 0.000000 3.141593 0.000000 -0.000001
    59 0.000000 0.000000 0.000000 3.141593 0.000000 0.000000
    60 0.000010 0.000017 0.000000 3.141593 0.000000 -0.000001
    61 0.000000 0.000004 0.000000 3.141593 0.000000 -0.000001
    62 0.000000 0.000006 0.000000 3.141593 0.000000 -0.000001
    63 0.000001 0.000002 0.000000 3.141593 0.000000 0.000000
    64 0.000000 0.000000 0.000000 -3.141592 0.000000 0.000000
    65 0.000000 0.000000 0.000000 -1.570797 -0.000001 0.000000
    66 0.000000 0.000000 0.000000 0.000000 0.000000 0.000000
    67 1.200000 0.000000 0.000000 0.000000 0.000000 0.000000
    68 0.000009 0.299994 0.000000 0.000000 0.000000 0.174533
    69 -0.000001 -0.000001 -0.000004 0.000000 0.000000 0.000000
    70 -0.000010 0.000000 -0.000003 -3.141592 0.000001 0.000000
    71 0.000000 0.000000 0.000000 0.000001 -0.000001 0.349065
    72 0.000000 -0.000003 0.000000 0.000000 0.000000 0.000000
    73 0.000003 0.000000 0.000000 0.000000 0.000000 0.000000
    74 -0.000010 -0.000006 0.000000 -0.000001 0.000000 0.000000
    75 0.000019 0.000002 0.000000 0.000000 0.000000 0.000000
    76 0.000001 0.000004 0.000000 0.000000 0.000000 -0.000001
    77 0.000000 0.000000 0.000000 0.000000 0.000000 -0.000001
    78 0.000001 -0.000002 0.000000 0.000000 0.000000 -0.000001
    79 0.000000 0.000000 0.000000 0.000000 0.000000 -0.000001
    80 0.000001 0.000008 0.000000 0.000000 0.000000 0.000000
    81 -0.000003 0.000004 0.000000 0.000000 0.000000 0.000000
    82 -0.000007 -0.000008 0.000000 0.000000 0.000000 -0.000001
    83 0.000000 0.000002 -0.000002 -1.570796 0.000000 0.000000
  time 100
    0 -2.532585 -16.752692 -6.000430 -2.112173 -0.119741 -1.012898
    1 -1.186523 -1.036133 0.043213 0.000000 0.000004 0.000000
    2 -1.935547 -1.362305 0.225586 0.000000 0.000002 0.000000
    3 -4.549240 -1.689358 -0.012529 0.000000 0.000000 0.000000
    4 4.331499 0.360595 -0.709097 0.000015 0.000003 0.056022
    5 3.513922 0.962076 -0.004281 0.000004 -0.000001 1.176003
    6 2.855053 0.477292 0.679213 -0.000001 -0.000004 2.896619
    7 1.649902 5.878080 0.032496 -0.000003 0.000002 -1.570796
    8 6.587842 -0.691444 0.025964 -0.000001 -0.000001 1.570796
    9 0.000002 -0.241401 -0.052690 0.000001 0.000001 0.000000
    10 10.620066 1.884898 -0.004843 -1.568531 -0.000002 3.141351
    11 -9.087198 1.359573 -0.008167 -0.000003 0.000002 -1.570796
    12 4.050804 -20.977172 -14.489783 2.660120 0.211404 -1.693104
    13 1.473659 0.639418 -1.295234 1.656580 0.825297 0.339191
    14 1.832607 0.000002 -0.000008 3.084315 -0.001981 -0.002387
    15 1.003335 0.000005 0.000001 -3.044999 -0.023997 0.214986
    16 3.788738 -0.392259 -1.411520 0.368273 -0.007162 -0.135437
    17 2.187956 0.000010 0.000000 -0.106988 0.007447 0.201645
    18 1.100960 0.000002 0.000000 0.004167 0.002890 0.378975
    19 3.987863 -0.573545 -0.474712 0.175976 -0.142822 0.128578
    20 1.890109 -0.000010 -0.000001 0.028518 -0.008812 0.175876
    21 1.310925 0.000000 0.000000 0.052094 -0.018671 0.427178
    22 4.117986 -0.654534 0.453695 0.359719 -0.145423 0.367191
    23 1.655294 0.000008 0.000000 -0.041367 0.031102 0.420485
    24 0.869582 0.000004 0.000000 -0.238431 -0.011984 0.302728
    25 4.135005 -0.628470 1.354863 -0.338683 -0.200839 0.583832
    26 1.157247 -0.000010 -0.000002 0.127027 -0.061746 0.381078
    27 1.019835 -0.000006 0.000000 -1.466413 -0.096016 0.637575
    28 7.406140 -6.039003 -8.901889 -0.842727 1.037404 -1.011067
    29 12.695427 -0.000020 -0.000008 -0.275384 0.291744 -1.763139
    30 -5.836213 -16.033573 -9.474004 2.529168 -0.107686 -1.006583
    31 1.474215 -0.497926 -1.376118 0.979444 0.426216 -0.250736
    32 1.832179 -0.000010 -0.000002 -2.526135 -0.301549 0.609667
    33 1.042025 -0.000004 -0.000009 -2.896901 -0.278863 -0.192682
    34 3.823320 0.664865 -1.331676 0.244544 0.361997 0.003988
    35 2.152367 -0.000001 0.000004 0.062007 -0.001500 0.005920
    36 1.056622 -0.000011 0.000000 0.241003 0.000717 -0.002178
    37 3.985134 0.881805 -0.368986 0.128322 -0.008132 -0.090211
    38 1.830183 0.000015 0.000000 0.063848 -0.073976 -1.510189
    39 1.561352 0.000008 -0.000004 0.027622 -0.015767 -1.357283
    40 4.116518 0.711272 0.551869 0.187923 0.006580 -0.361666
    41 1.752727 0.000006 0.000000 0.026485 0.029549 -1.405331
    42 0.869359 -0.000006 0.000000 0.015606 -0.073511 -0.926076
    43 4.118826 0.331223 1.419829 0.128888 -0.005990 -0.280207
    44 1.176321 0.000006 0.000000 -0.027338 0.139049 -0.923530
    45 0.970199 -0.000002 -0.000004 1.655618 0.044631 -1.487290
    46 -7.606037 1.001330 -4.120493 -2.727771 0.952088 -2.070313
    47 12.706336 -0.000035 -0.000009 -0.221425 0.298052 -1.584173
    48 0.000000 0.000000 -0.000003 0.000000 0.000000 0.000000
    49 1.200000 0.000000 0.000010 0.000000 0.000000 0.000000
    50 0.000010 -0.300000 0.000000 3.141593 0.000000 -0.174533
    51 0.000000 -0.000001 0.000000 0.000000 0.000000 0.000000
    52 -0.000003 0.000000 0.000001 3.141592 0.000000 0.000000
    53 0.000006 0.000000 0.000004 0.000000 0.000000 0.349065
    54 0.000000 0.000000 0.000000 3.141593 0.000000 0.000000
    55 -0.000008 -0.000006 0.000000 3.141593 0.000000 0.000000
    56 0.000002 -0.000002 0.000000 3.141593 0.000000 0.000000
    57 0.000014 -0.000004 0.000000 3.141593 0.000000 0.000000
    58 -0.000001 0.000000 0.000000 3.141593 0.000000 -0.000001
    59 0.000000 0.000000 0.000000 3.141593 0.000000 0.000000
    60 0.000010 0.000017 0.000000 3.141593 0.000000 -0.000001
    61 0.000000 0.000004 0.000000 3.141593 0.000000 -0.000001
    62 0.000000 0.000006 0.000000 3.141593 0.000000 -0.000001
    63 0.000001 0.000002 0.000000 3.141593 0.000000 0.000000
    64 0.000000 0.000000 0.000000 -3.141592 0.000000 0.000000
    65 0.000000 0.000000 0.000000 -1.570797 -0.000001 0.000000
    66 0.000000 0.000000 0.000000 0.000000 0.000000 0.000000
    67 1.200000 0.000000 0.000000 0.000000 0.000000 0.000000
    68 0.000009 0.299994 0.000000 0.000000 0.000000 0.174533
    69 -0.000001 -0.000001 -0.000004 0.000000 0.000000 0.000000
    70 -0.000010 0.000000 -0.000003 -3.141592 0.000001 0.000000
    71 0.000000 0.000000 0.000000 0.000001 -0.000001 0.349065
    72 0.000000 -0.000003 0.000000 0.000000 0.000000 0.000000
    73 0.000003 0.000000 0.000000 0.000000 0.000000 0.000000
    74 -0.000010 -0.000006 0.000000 -0.000001 0.000000 0.000000
    75 0.000019 0.000002 0.000000 0.000000 0.000000 0.000000
    76 0.000001 0.000004 0.000000 0.000000 0.000000 -0.000001
    77 0.000000 0.000000 0.000000 0.000000 0.000000 -0.000001
    78 0.000001 -0.000002 0.000000 0.000000 0.000000 -0.000001
    79 0.000000 0.000000 0.000000 0.000000 0.000000 -0.000001
    80 0.000001 0.000008 0.000000 0.000000 0.000000 0.000000
    81 -0.000003 0.000004 0.000000 0.000000 0.000000 0.000000
    82 -0.000007 -0.000008 0.000000 0.000000 0.000000 -0.000001
    83 0.000000 0.000002 -0.000002 -1.570796 0.000000 0.000000
  time 101
    0 -2.532585 -16.752692 -5.887145 -1.994861 -0.149189 -0.974995
    1 -1.186523 -1.036133 0.043213 0.000000 0.000004 0.000000
    2 -1.935547 -1.362305 0.225586 0.000000 0.000002 0.000000
    3 -4.549240 -1.689358 -0.012529 0.000000 0.000000 0.000000
    4 4.331499 0.360595 -0.709097 0.000015 0.000003 0.056022
    5 3.513922 0.962076 -0.004281 0.000004 -0.000001 1.176003
    6 2.855053 0.477292 0.679213 -0.000001 -0.000004 2.896619
    7 1.649902 5.878080 0.032496 -0.000003 0.000002 -1.570796
    8 6.587842 -0.691444 0.025964 -0.000001 -0.000001 1.570796
    9 0.000002 -0.241401 -0.052690 0.000001 0.000001 0.000000
    10 10.620066 1.884898 -0.004843 -1.529186 -0.000002 3.141591
    11 -9.087198 1.359573 -0.008167 -0.000003 0.000002 -1.570796
    12 5.128962 -20.399030 -15.290589 2.881026 0.257724 -1.617411
    13 1.473659 0.639418 -1.295234 1.655660 0.826284 0.332801
    14 1.832607 0.000002 -0.000008 3.084267 -0.001957 -0.004311
    15 1.003335 0.000005 0.000001 -3.045035 -0.024200 0.214550
    16 3.796551 -0.415697 -1.411520 0.364988 -0.005385 -0.133265
    17 2.187956 0.000010 0.000000 -0.106113 0.007639 0.216426
    18 1.100960 0.000002 0.000000 0.009943 0.001344 0.387754
    19 3.987863 -0.577452 -0.474712 0.175716 -0.138772 0.128874
    20 1.890109 -0.000010 -0.000001 0.029255 -0.009794 0.188091
    21 1.310925 0.000000 0.000000 0.058729 -0.020889 0.439081
    22 4.117986 -0.670160 0.453695 0.355836 -0.140401 0.368005
    23 1.655294 0.000008 0.000000 -0.039293 0.032144 0.450555
    24 0.869582 0.000004 0.000000 -0.233422 -0.011493 0.310222
    25 4.131098 -0.648002 1.354863 -0.335747 -0.190854 0.586078
    26 1.157247 -0.000010 -0.000002 0.121586 -0.065863 0.410600
    27 1.019835 -0.000006 0.000000 -1.467611 -0.097526 0.644866
    28 7.406140 -6.039003 -8.901889 -0.728980 1.100341 -0.833439
    29 12.695427 -0.000020 -0.000008 -0.287907 0.289168 -1.806868
    30 -5.461202 -16.060918 -9.677135 2.645943 -0.137904 -0.967654
    31 1.474215 -0.497926 -1.376118 0.979444 0.426216 -0.250736
    32 1.832179 -0.000010 -0.000002 -2.526123 -0.301549 0.609667
    33 1.042025 -0.000004 -0.000009 -2.896901 -0.278851 -0.192682
    34 3.823320 0.664865 -1.331676 0.235196 0.366455 -0.028778
    35 2.152367 -0.000001 0.000004 0.062043 -0.001500 0.005920
    36 1.056622 -0.000011 0.000000 0.241003 0.000717 -0.002178
    37 3.985134 0.881805 -0.368986 0.128322 -0.008132 -0.090211
    38 1.830183 0.000015 0.000000 0.063848 -0.073976 -1.510189
    39 1.561352 0.000008 -0.000004 0.027622 -0.015767 -1.357250
    40 4.116518 0.711272 0.551869 0.187923 0.006580 -0.361666
    41 1.752727 0.000006 0.000000 0.026521 0.029537 -1.405331
    42 0.869359 -0.000006 0.000000 0.015630 -0.073475 -0.926076
    43 4.118826 0.331223 1.419829 0.128888 -0.005990 -0.280207
    44 1.176321 0.000006 0.000000 -0.027338 0.139049 -0.923530
    45 0.970199 -0.000002 -0.000004 1.655618 0.044631 -1.487290
    46 -7.606037 1.001330 -4.120493 -2.754618 0.945414 -2.061816
    47 12.706336 -0.000035 -0.000009 -0.216985 0.298016 -1.569467
    48 0.000000 0.000000 -0.000003 0.000000 0.000000 0.000000
    49 1.200000 0.000000 0.000010 0.000000 0.000000 0.000000
    50 0.000010 -0.300000 0.000000 3.141593 0.000000 -0.174533
    51 0.000000 -0.000001 0.000000 0.000000 0.000000 0.000000
    52 -0.000003 0.000000 0.000001 3.141592 0.000000 0.000000
    53 0.000006 0.000000 0.000004 0.000000 0.000000 0.349065
    54 0.000000 0.000000 0.000000 3.141593 0.000000 0.000000
    55 -0.000008 -0.000006 0.000000 3.141593 0.000000 0.000000
    56 0.000002 -0.000002 0.000000 3.141593 0.000000 0.000000
    57 0.000014 -0.000004 0.000000 3.141593 0.000000 0.000000
    58 -0.000001 0.000000 0.000000 3.141593 0.000000 -0.000001
    59 0.000000 0.000000 0.000000 3.141593 0.000000 0.000000
    60 0.000010 0.000017 0.000000 3.141593 0.000000 -0.000001
    61 0.000000 0.000004 0.000000 3.141593 0.000000 -0.000001
    62 0.000000 0.000006 0.000000 3.141593 0.000000 -0.000001
    63 0.000001 0.000002 0.000000 3.141593 0.000000 0.000000
    64 0.000000 0.000000 0.000000 -3.141592 0.000000 0.000000
    65 0.000000 0.000000 0.000000 -1.570797 -0.000001 0.000000
    66 0.000000 0.000000 0.000000 0.000000 0.000000 0.000000
    67 1.200000 0.000000 0.000000 0.000000 0.000000 0.000000
    68 0.000009 0.299994 0.000000 0.000000 0.000000 0.174533
    69 -0.000001 -0.000001 -0.000004 0.000000 0.000000 0.000000
    70 -0.000010 0.000000 -0.000003 -3.141592 0.000001 0.000000
    71 0.000000 0.000000 0.000000 0.000001 -0.000001 0.349065
    72 0.000000 -0.000003 0.000000 0.000000 0.000000 0.000000
    73 0.000003 0.000000 0.000000 0.000000 0.000000 0.000000
    74 -0.000010 -0.000006 0.000000 -0.000001 0.000000 0.000000
    75 0.000019 0.000002 0.000000 0.000000 0.000000 0.000000
    76 0.000001 0.000004 0.000000 0.000000 0.000000 -0.000001
    77 0.000000 0.000000 0.000000 0.000000 0.000000 -0.000001
    78 0.000001 -0.000002 0.000000 0.000000 0.000000 -0.000001
    79 0.000000 0.000000 0.000000 0.000000 0.000000 -0.000001
    80 0.000001 0.000008 0.000000 0.000000 0.000000 0.000000
    81 -0.000003 0.000004 0.000000 0.000000 0.000000 0.000000
    82 -0.000007 -0.000008 0.000000 0.000000 0.000000 -0.000001
    83 0.000000 0.000002 -0.000002 -1.570796 0.000000 0.000000
  time 102
    0 -2.532585 -16.752692 -5.742609 -1.877011 -0.184300 -0.941635
    1 -1.186523 -1.036133 0.043213 0.000000 0.000004 0.000000
    2 -1.935547 -1.362305 0.225586 0.000000 0.000002 0.000000
    3 -4.549240 -1.689358 -0.012529 0.000000 0.000000 0.000000
    4 4.331499 0.360595 -0.709097 0.000015 0.000003 0.056022
    5 3.513922 0.962076 -0.004281 0.000004 -0.000001 1.176003
    6 2.855053 0.477292 0.679213 -0.000001 -0.000004 2.896619
    7 1.649902 5.878080 0.032496 -0.000003 0.000002 -1.570796
    8 6.587842 -0.691444 0.025964 -0.000001 -0.000001 1.570796
    9 0.000002 -0.241401 -0.052690 0.000001 0.000001 0.000000
    10 10.620066 1.884898 -0.004843 -1.568531 -0.000002 3.141351
    11 -9.087198 1.359573 -0.008167 -0.000003 0.000002 -1.570796
    12 6.461034 -19.606037 -15.911701 3.107133 0.296680 -1.535561
    13 1.473659 0.639418 -1.295234 1.654769 0.827271 0.326073
    14 1.832607 0.000002 -0.000008 3.084195 -0.001909 -0.006333
    15 1.003335 0.000005 0.000001 -3.045059 -0.024536 0.214051
    16 3.788738 -0.396165 -1.411520 0.361684 -0.003590 -0.131068
    17 2.187956 0.000010 0.000000 -0.105227 0.008071 0.231346
    18 1.100960 0.000002 0.000000 0.015959 -0.000250 0.396284
    19 3.987863 -0.569639 -0.474712 0.175391 -0.134577 0.129151
    20 1.890109 -0.000010 -0.000001 0.030007 -0.011029 0.200345
    21 1.310925 0.000000 0.000000 0.065350 -0.023226 0.451015
    22 4.117986 -0.674066 0.453695 0.351952 -0.135379 0.368924
    23 1.655294 0.000008 0.000000 -0.037412 0.033331 0.481227
    24 0.869582 0.000004 0.000000 -0.228136 -0.011049 0.317634
    25 4.138911 -0.648002 1.354863 -0.332775 -0.180822 0.588387
    26 1.157247 -0.000010 -0.000002 0.115941 -0.069836 0.440196
    27 1.019835 -0.000006 0.000000 -1.468882 -0.099048 0.652177
    28 7.406140 -6.039003 -8.901889 -0.585916 1.169136 -0.590951
    29 12.695427 -0.000020 -0.000008 -0.304879 0.284685 -1.866807
    30 -5.039314 -16.053105 -9.817764 2.763255 -0.173942 -0.932277
    31 1.474215 -0.497926 -1.376118 0.979444 0.426216 -0.250736
    32 1.832179 -0.000010 -0.000002 -2.526135 -0.301549 0.609667
    33 1.042025 -0.000004 -0.000009 -2.896901 -0.278839 -0.192682
    34 3.823320 0.664865 -1.331676 0.226687 0.364418 -0.058476
    35 2.152367 -0.000001 0.000004 0.062007 -0.001500 0.005920
    36 1.056622 -0.000011 0.000000 0.241003 0.000717 -0.002166
    37 3.985134 0.881805 -0.368986 0.128322 -0.008132 -0.090211
    38 1.830183 0.000015 0.000000 0.063848 -0.073976 -1.510189
    39 1.561352 0.000008 -0.000004 0.027622 -0.015767 -1.357316
    40 4.116518 0.711272 0.551869 0.187923 0.006580 -0.361666
    41 1.752727 0.000006 0.000000 0.026521 0.029537 -1.405331
    42 0.869359 -0.000006 0.000000 0.015642 -0.073487 -0.926076
    43 4.118826 0.331223 1.419829 0.128888 -0.005990 -0.280207
    44 1.176321 0.000006 0.000000 -0.027338 0.139049 -0.923530
    45 0.970199 -0.000002 -0.000004 1.655618 0.044631 -1.487290
    46 -7.606037 1.001330 -4.120493 -2.776748 0.938540 -2.048071
    47 12.706336 -0.000035 -0.000009 -0.213887 0.298124 -1.558452
    48 0.000000 0.000000 -0.000003 0.000000 0.000000 0.000000
    49 1.200000 0.000000 0.000010 0.000000 0.000000 0.000000
    50 0.000010 -0.300000 0.000000 3.141593 0.000000 -0.174533
    51 0.000000 -0.000001 0.000000 0.000000 0.000000 0.000000
    52 -0.000003 0.000000 0.000001 3.141592 0.000000 0.000000
    53 0.000006 0.000000 0.000004 0.000000 0.000000 0.349065
    54 0.000000 0.000000 0.000000 3.141593 0.000000 0.000000
    55 -0.000008 -0.000006 0.000000 3.141593 0.000000 0.000000
    56 0.000002 -0.000002 0.000000 3.141593 0.000000 0.000000
    57 0.000014 -0.000004 0.000000 3.141593 0.000000 0.000000
    58 -0.000001 0.000000 0.000000 3.141593 0.000000 -0.000001
    59 0.000000 0.000000 0.000000 3.141593 0.000000 0.000000
    60 0.000010 0.000017 0.000000 3.141593 0.000000 -0.000001
    61 0.000000 0.000004 0.000000 3.141593 0.000000 -0.000001
    62 0.000000 0.000006 0.000000 3.141593 0.000000 -0.000001
    63 0.000001 0.000002 0.000000 3.141593 0.000000 0.000000
    64 0.000000 0.000000 0.000000 -3.141592 0.000000 0.000000
    65 0.000000 0.000000 0.000000 -1.570797 -0.000001 0.000000
    66 0.000000 0.000000 0.000000 0.000000 0.000000 0.000000
    67 1.200000 0.000000 0.000000 0.000000 0.000000 0.000000
    68 0.000009 0.299994 0.000000 0.000000 0.000000 0.174533
    69 -0.000001 -0.000001 -0.000004 0.000000 0.000000 0.000000
    70 -0.000010 0.000000 -0.000003 -3.141592 0.000001 0.000000
    71 0.000000 0.000000 0.000000 0.000001 -0.000001 0.349065
    72 0.000000 -0.000003 0.000000 0.000000 0.000000 0.000000
    73 0.000003 0.000000 0.000000 0.000000 0.000000 0.000000
    74 -0.000010 -0.000006 0.000000 -0.000001 0.000000 0.000000
    75 0.000019 0.000002 0.000000 0.000000 0.000000 0.000000
    76 0.000001 0.000004 0.000000 0.000000 0.000000 -0.000001
    77 0.000000 0.000000 0.000000 0.000000 0.000000 -0.000001
    78 0.000001 -0.000002 0.000000 0.000000 0.000000 -0.000001
    79 0.000000 0.000000 0.000000 0.000000 0.000000 -0.000001
    80 0.000001 0.000008 0.000000 0.000000 0.000000 0.000000
    81 -0.000003 0.000004 0.000000 0.000000 0.000000 0.000000
    82 -0.000007 -0.000008 0.000000 0.000000 0.000000 -0.000001
    83 0.000000 0.000002 -0.000002 -1.570796 0.000000 0.000000
  time 103
    0 -2.528679 -16.752692 -5.582448 -1.763599 -0.222658 -0.912320
    1 -1.186523 -1.036133 0.043213 0.000000 0.000004 0.000000
    2 -1.935547 -1.362305 0.225586 0.000000 0.000002 0.000000
    3 -4.549240 -1.689358 -0.012529 0.000000 0.000000 0.000000
    4 4.331499 0.360595 -0.709097 0.000015 0.000003 0.056022
    5 3.513922 0.962076 -0.004281 0.000004 -0.000001 1.176003
    6 2.855053 0.477292 0.679213 -0.000001 -0.000004 2.896619
    7 1.649902 5.878080 0.032496 -0.000003 0.000002 -1.570796
    8 6.587842 -0.691444 0.025964 -0.000001 -0.000001 1.570796
    9 0.000002 -0.241401 -0.052690 0.000001 0.000001 0.000000
    10 10.620066 1.884898 -0.004843 -1.568531 -0.000002 3.141351
    11 -9.087198 1.359573 -0.008167 -0.000003 0.000002 -1.570796
    12 7.949361 -18.551317 -16.306245 3.328312 0.325736 -1.451176
    13 1.473659 0.639418 -1.295234 1.653734 0.828258 0.319092
    14 1.832607 0.000002 -0.000008 3.084159 -0.001885 -0.008355
    15 1.003335 0.000005 0.000001 -3.045095 -0.024752 0.213522
    16 3.792645 -0.403978 -1.411520 0.358399 -0.001813 -0.128822
    17 2.187956 0.000010 0.000000 -0.104376 0.008286 0.246452
    18 1.100960 0.000002 0.000000 0.021772 -0.001904 0.404992
    19 3.987863 -0.565733 -0.474712 0.175147 -0.130251 0.129410
    20 1.890109 -0.000010 -0.000001 0.030729 -0.012035 0.212599
    21 1.310925 0.000000 0.000000 0.071971 -0.025551 0.462998
    22 4.117986 -0.662347 0.449789 0.348069 -0.130357 0.369738
    23 1.655294 0.000008 0.000000 -0.035350 0.034253 0.512049
    24 0.869582 0.000004 0.000000 -0.223043 -0.010474 0.325101
    25 4.131098 -0.644095 1.354863 -0.329694 -0.170759 0.590822
    26 1.157247 -0.000010 -0.000002 0.110081 -0.073638 0.470533
    27 1.019835 -0.000006 0.000000 -1.470260 -0.100558 0.659551
    28 7.406140 -6.039003 -8.901889 -0.396020 1.243041 -0.261123
    29 12.695427 -0.000020 -0.000008 -0.325695 0.277758 -1.941771
    30 -4.605707 -16.025760 -9.884173 2.875866 -0.213341 -0.902228
    31 1.474215 -0.497926 -1.376118 0.979444 0.426216 -0.250736
    32 1.832179 -0.000010 -0.000002 -2.526123 -0.301549 0.609667
    33 1.042025 -0.000004 -0.000009 -2.896901 -0.278863 -0.192682
    34 3.823320 0.664865 -1.331676 0.219568 0.356065 -0.084015
    35 2.152367 -0.000001 0.000004 0.062031 -0.001500 0.005920
    36 1.056622 -0.000011 0.000000 0.241003 0.000717 -0.002154
    37 3.985134 0.881805 -0.368986 0.128322 -0.008132 -0.090211
    38 1.830183 0.000015 0.000000 0.063848 -0.073976 -1.510189
    39 1.561352 0.000008 -0.000004 0.027622 -0.015767 -1.357283
    40 4.116518 0.711272 0.551869 0.187923 0.006580 -0.361666
    41 1.752727 0.000006 0.000000 0.026497 0.029537 -1.405331
    42 0.869359 -0.000006 0.000000 0.015642 -0.073487 -0.926076
    43 4.118826 0.331223 1.419829 0.128888 -0.005990 -0.280207
    44 1.176321 0.000006 0.000000 -0.027338 0.139049 -0.923507
    45 0.970199 -0.000002 -0.000004 1.655618 0.044631 -1.487290
    46 -7.606037 1.001330 -4.120493 -2.792565 0.931766 -2.030202
    47 12.706336 -0.000035 -0.000009 -0.211921 0.298076 -1.551807
    48 0.000000 0.000000 -0.000003 0.000000 0.000000 0.000000
    49 1.200000 0.000000 0.000010 0.000000 0.000000 0.000000
    50 0.000010 -0.300000 0.000000 3.141593 0.000000 -0.174533
    51 0.000000 -0.000001 0.000000 0.000000 0.000000 0.000000
    52 -0.000003 0.000000 0.000001 3.141592 0.000000 0.000000
    53 0.000006 0.000000 0.000004 0.000000 0.000000 0.349065
    54 0.000000 0.000000 0.000000 3.141593 0.000000 0.000000
    55 -0.000008 -0.000006 0.000000 3.141593 0.000000 0.000000
    56 0.000002 -0.000002 0.000000 3.141593 0.000000 0.000000
    57 0.000014 -0.000004 0.000000 3.141593 0.000000 0.000000
    58 -0.000001 0.000000 0.000000 3.141593 0.000000 -0.000001
    59 0.000000 0.000000 0.000000 3.141593 0.000000 0.000000
    60 0.000010 0.000017 0.000000 3.141593 0.000000 -0.000001
    61 0.000000 0.000004 0.000000 3.141593 0.000000 -0.000001
    62 0.000000 0.000006 0.000000 3.141593 0.000000 -0.000001
    63 0.000001 0.000002 0.000000 3.141593 0.000000 0.000000
    64 0.000000 0.000000 0.000000 -3.141592 0.000000 0.000000
    65 0.000000 0.000000 0.000000 -1.570797 -0.000001 0.000000
    66 0.000000 0.000000 0.000000 0.000000 0.000000 0.000000
    67 1.200000 0.000000 0.000000 0.000000 0.000000 0.000000
    68 0.000009 0.299994 0.000000 0.000000 0.000000 0.174533
    69 -0.000001 -0.000001 -0.000004 0.000000 0.000000 0.000000
    70 -0.000010 0.000000 -0.000003 -3.141592 0.000001 0.000000
    71 0.000000 0.000000 0.000000 0.000001 -0.000001 0.349065
    72 0.000000 -0.000003 0.000000 0.000000 0.000000 0.000000
    73 0.000003 0.000000 0.000000 0.000000 0.000000 0.000000
    74 -0.000010 -0.000006 0.000000 -0.000001 0.000000 0.000000
    75 0.000019 0.000002 0.000000 0.000000 0.000000 0.000000
    76 0.000001 0.000004 0.000000 0.000000 0.000000 -0.000001
    77 0.000000 0.000000 0.000000 0.000000 0.000000 -0.000001
    78 0.000001 -0.000002 0.000000 0.000000 0.000000 -0.000001
    79 0.000000 0.000000 0.000000 0.000000 0.000000 -0.000001
    80 0.000001 0.000008 0.000000 0.000000 0.000000 0.000000
    81 -0.000003 0.000004 0.000000 0.000000 0.000000 0.000000
    82 -0.000007 -0.000008 0.000000 0.000000 0.000000 -0.000001
    83 0.000000 0.000002 -0.000002 -1.570796 0.000000 0.000000
  time 104
    0 -2.528679 -16.752692 -5.414474 -1.659376 -0.261318 -0.889606
    1 -1.186523 -1.036133 0.043213 0.000000 0.000004 0.000000
    2 -1.935547 -1.362305 0.225586 0.000000 0.000002 0.000000
    3 -4.549240 -1.689358 -0.012529 0.000000 0.000000 0.000000
    4 4.331499 0.360595 -0.709097 0.000015 0.000003 0.056022
    5 3.513922 0.962076 -0.004281 0.000004 -0.000001 1.176003
    6 2.855053 0.477292 0.679213 -0.000001 -0.000004 2.896619
    7 1.649902 5.878080 0.032496 -0.000003 0.000002 -1.570796
    8 6.587842 -0.691444 0.025964 -0.000001 -0.000001 1.570796
    9 0.000002 -0.241401 -0.052690 0.000001 0.000001 0.000000
    10 10.620066 1.884898 -0.004843 -1.568531 -0.000002 3.141351
    11 -9.087198 1.359573 -0.008167 -0.000003 0.000002 -1.570796
    12 9.433781 -17.195807 -16.407810 3.528597 0.344329 -1.369616
    13 1.473659 0.639418 -1.295234 1.652613 0.829245 0.311914
    14 1.832607 0.000002 -0.000008 3.084051 -0.001873 -0.010540
    15 1.003335 0.000005 0.000001 -3.045107 -0.024847 0.212946
    16 3.796551 -0.400072 -1.411520 0.355114 0.000017 -0.126650
    17 2.187956 0.000010 0.000000 -0.103549 0.008502 0.261419
    18 1.100960 0.000002 0.000000 0.027728 -0.003726 0.413486
    19 3.987863 -0.577452 -0.474712 0.174822 -0.126140 0.129632
    20 1.890109 -0.000010 -0.000001 0.031422 -0.013306 0.225088
    21 1.310925 0.000000 0.000000 0.078606 -0.027959 0.474997
    22 4.117986 -0.670160 0.453695 0.344163 -0.125335 0.370447
    23 1.655294 0.000008 0.000000 -0.033217 0.035236 0.543022
    24 0.869582 0.000004 0.000000 -0.217866 -0.010163 0.332540
    25 4.138911 -0.640189 1.354863 -0.326638 -0.160680 0.593257
    26 1.157247 -0.000010 -0.000002 0.104160 -0.077401 0.500648
    27 1.019835 -0.000006 0.000000 -1.471614 -0.102080 0.666924
    28 7.406140 -6.039003 -8.901889 -0.099611 1.317651 -6.066643
    29 12.695427 -0.000020 -0.000008 -0.350406 0.267320 -2.033657
    30 -4.183819 -15.971071 -9.884173 2.979521 -0.253061 -0.879070
    31 1.474215 -0.497926 -1.376118 0.979444 0.426216 -0.250736
    32 1.832179 -0.000010 -0.000002 -2.526123 -0.301549 0.609667
    33 1.042025 -0.000004 -0.000009 -2.896901 -0.278827 -0.192682
    34 3.823320 0.664865 -1.331676 0.214247 0.342498 -0.104473
    35 2.152367 -0.000001 0.000004 0.062031 -0.001500 0.005920
    36 1.056622 -0.000011 0.000000 0.241003 0.000717 -0.002166
    37 3.985134 0.881805 -0.368986 0.128322 -0.008132 -0.090211
    38 1.830183 0.000015 0.000000 0.063848 -0.073976 -1.510189
    39 1.561352 0.000008 -0.000004 0.027622 -0.015767 -1.357316
    40 4.116518 0.711272 0.551869 0.187923 0.006580 -0.361666
    41 1.752727 0.000006 0.000000 0.026521 0.029537 -1.405331
    42 0.869359 -0.000006 0.000000 0.015618 -0.073475 -0.926076
    43 4.118826 0.331223 1.419829 0.128888 -0.005990 -0.280207
    44 1.176321 0.000006 0.000000 -0.027338 0.139049 -0.923484
    45 0.970199 -0.000002 -0.000004 1.655618 0.044631 -1.487290
    46 -7.606037 1.001330 -4.120493 -2.802139 0.925693 -2.010084
    47 12.706336 -0.000035 -0.000009 -0.211127 0.298040 -1.549100
    48 0.000000 0.000000 -0.000003 0.000000 0.000000 0.000000
    49 1.200000 0.000000 0.000010 0.000000 0.000000 0.000000
    50 0.000010 -0.300000 0.000000 3.141593 0.000000 -0.174533
    51 0.000000 -0.000001 0.000000 0.000000 0.000000 0.000000
    52 -0.000003 0.000000 0.000001 3.141592 0.000000 0.000000
    53 0.000006 0.000000 0.000004 0.000000 0.000000 0.349065
    54 0.000000 0.000000 0.000000 3.141593 0.000000 0.000000
    55 -0.000008 -0.000006 0.000000 3.141593 0.000000 0.000000
    56 0.000002 -0.000002 0.000000 3.141593 0.000000 0.000000
    57 0.000014 -0.000004 0.000000 3.141593 0.000000 0.000000
    58 -0.000001 0.000000 0.000000 3.141593 0.000000 -0.000001
    59 0.000000 0.000000 0.000000 3.141593 0.000000 0.000000
    60 0.000010 0.000017 0.000000 3.141593 0.000000 -0.000001
    61 0.000000 0.000004 0.000000 3.141593 0.000000 -0.000001
    62 0.000000 0.000006 0.000000 3.141593 0.000000 -0.000001
    63 0.000001 0.000002 0.000000 3.141593 0.000000 0.000000
    64 0.000000 0.000000 0.000000 -3.141592 0.000000 0.000000
    65 0.000000 0.000000 0.000000 -1.570797 -0.000001 0.000000
    66 0.000000 0.000000 0.000000 0.000000 0.000000 0.000000
    67 1.200000 0.000000 0.000000 0.000000 0.000000 0.000000
    68 0.000009 0.299994 0.000000 0.000000 0.000000 0.174533
    69 -0.000001 -0.000001 -0.000004 0.000000 0.000000 0.000000
    70 -0.000010 0.000000 -0.000003 -3.141592 0.000001 0.000000
    71 0.000000 0.000000 0.000000 0.000001 -0.000001 0.349065
    72 0.000000 -0.000003 0.000000 0.000000 0.000000 0.000000
    73 0.000003 0.000000 0.000000 0.000000 0.000000 0.000000
    74 -0.000010 -0.000006 0.000000 -0.000001 0.000000 0.000000
    75 0.000019 0.000002 0.000000 0.000000 0.000000 0.000000
    76 0.000001 0.000004 0.000000 0.000000 0.000000 -0.000001
    77 0.000000 0.000000 0.000000 0.000000 0.000000 -0.000001
    78 0.000001 -0.000002 0.000000 0.000000 0.000000 -0.000001
    79 0.000000 0.000000 0.000000 0.000000 0.000000 -0.000001
    80 0.000001 0.000008 0.000000 0.000000 0.000000 0.000000
    81 -0.000003 0.000004 0.000000 0.000000 0.000000 0.000000
    82 -0.000007 -0.000008 0.000000 0.000000 0.000000 -0.000001
    83 0.000000 0.000002 -0.000002 -1.570796 0.000000 0.000000
  time 105
    0 -2.528679 -16.752692 -5.250407 -1.568108 -0.297290 -0.873920
    1 -1.186523 -1.036133 0.043213 0.000000 0.000004 0.000000
    2 -1.935547 -1.362305 0.225586 0.000000 0.000002 0.000000
    3 -4.549240 -1.689358 -0.012529 0.000000 0.000000 0.000000
    4 4.331499 0.360595 -0.709097 0.000015 0.000003 0.056022
    5 3.513922 0.962076 -0.004281 0.000004 -0.000001 1.176003
    6 2.855053 0.477292 0.679213 -0.000001 -0.000004 2.896619
    7 1.649902 5.878080 0.032496 -0.000003 0.000002 -1.570796
    8 6.587842 -0.691444 0.025964 -0.000001 -0.000001 1.570796
    9 0.000002 -0.241401 -0.052690 0.000001 0.000001 0.000000
    10 10.620066 1.884898 -0.004843 -1.529186 -0.000002 3.141591
    11 -9.087198 1.359573 -0.008167 -0.000003 0.000002 -1.570796
    12 10.629130 -15.309031 -16.028892 3.675411 0.352257 -1.294937
    13 1.473659 0.639418 -1.295234 1.651492 0.830199 0.304454
    14 1.832607 0.000002 -0.000008 3.083979 -0.001862 -0.012725
    15 1.003335 0.000005 0.000001 -3.045107 -0.025123 0.212292
    16 3.808270 -0.396165 -1.411520 0.351829 0.001847 -0.124453
    17 2.187956 0.000010 0.000000 -0.102638 0.008886 0.276618
    18 1.100960 0.000002 0.000000 0.033709 -0.005463 0.422301
    19 3.987863 -0.577452 -0.474712 0.174562 -0.121777 0.129817
    20 1.890109 -0.000010 -0.000001 0.032115 -0.014360 0.237851
    21 1.310925 0.000000 0.000000 0.085227 -0.030512 0.487028
    22 4.117986 -0.670160 0.453695 0.340280 -0.120162 0.371156
    23 1.655294 0.000008 0.000000 -0.031216 0.036267 0.574295
    24 0.869582 0.000004 0.000000 -0.212520 -0.009659 0.340144
    25 4.138911 -0.644095 1.354863 -0.323582 -0.150554 0.595755
    26 1.157247 -0.000010 -0.000002 0.098024 -0.080941 0.531800
    27 1.019835 -0.000006 0.000000 -1.472872 -0.103578 0.674359
    28 7.406140 -6.039003 -8.901889 0.469125 1.357325 -5.281229
    29 12.695427 -0.000020 -0.000008 -0.385508 0.247257 -2.170695
    30 -3.808808 -15.904663 -9.841203 3.070102 -0.290077 -0.861452
    31 1.474215 -0.497926 -1.376118 0.979444 0.426216 -0.250736
    32 1.832179 -0.000010 -0.000002 -2.526123 -0.301549 0.609667
    33 1.042025 -0.000004 -0.000009 -2.896901 -0.278827 -0.192682
    34 3.823320 0.664865 -1.331676 0.210843 0.326631 -0.119369
    35 2.152367 -0.000001 0.000004 0.062007 -0.001500 0.005920
    36 1.056622 -0.000011 0.000000 0.241003 0.000717 -0.002178
    37 3.985134 0.881805 -0.368986 0.128322 -0.008132 -0.090211
    38 1.830183 0.000015 0.000000 0.063848 -0.073976 -1.510189
    39 1.561352 0.000008 -0.000004 0.027622 -0.015767 -1.357283
    40 4.116518 0.711272 0.551869 0.187923 0.006580 -0.361666
    41 1.752727 0.000006 0.000000 0.026509 0.029537 -1.405331
    42 0.869359 -0.000006 0.000000 0.015642 -0.073499 -0.926032
    43 4.118826 0.331223 1.419829 0.128888 -0.005990 -0.280207
    44 1.176321 0.000006 0.000000 -0.027338 0.139049 -0.923507
    45 0.970199 -0.000002 -0.000004 1.655618 0.044631 -1.487290
    46 -7.606037 1.001330 -4.120493 -2.806301 0.920287 -1.989654
    47 12.706336 -0.000035 -0.000009 -0.211244 0.297956 -1.549469
    48 0.000000 0.000000 -0.000003 0.000000 0.000000 0.000000
    49 1.200000 0.000000 0.000010 0.000000 0.000000 0.000000
    50 0.000010 -0.300000 0.000000 3.141593 0.000000 -0.174533
    51 0.000000 -0.000001 0.000000 0.000000 0.000000 0.000000
    52 -0.000003 0.000000 0.000001 3.141592 0.000000 0.000000
    53 0.000006 0.000000 0.000004 0.000000 0.000000 0.349065
    54 0.000000 0.000000 0.000000 3.141593 0.000000 0.000000
    55 -0.000008 -0.000006 0.000000 3.141593 0.000000 0.000000
    56 0.000002 -0.000002 0.000000 3.141593 0.000000 0.000000
    57 0.000014 -0.000004 0.000000 3.141593 0.000000 0.000000
    58 -0.000001 0.000000 0.000000 3.141593 0.000000 -0.000001
    59 0.000000 0.000000 0.000000 3.141593 0.000000 0.000000
    60 0.000010 0.000017 0.000000 3.141593 0.000000 -0.000001
    61 0.000000 0.000004 0.000000 3.141593 0.000000 -0.000001
    62 0.000000 0.000006 0.000000 3.141593 0.000000 -0.000001
    63 0.000001 0.000002 0.000000 3.141593 0.000000 0.000000
    64 0.000000 0.000000 0.000000 -3.141592 0.000000 0.000000
    65 0.000000 0.000000 0.000000 -1.570797 -0.000001 0.000000
    66 0.000000 0.000000 0.000000 0.000000 0.000000 0.000000
    67 1.200000 0.000000 0.000000 0.000000 0.000000 0.000000
    68 0.000009 0.299994 0.000000 0.000000 0.000000 0.174533
    69 -0.000001 -0.000001 -0.000004 0.000000 0.000000 0.000000
    70 -0.000010 0.000000 -0.000003 -3.141592 0.000001 0.000000
    71 0.000000 0.000000 0.000000 0.000001 -0.000001 0.349065
    72 0.000000 -0.000003 0.000000 0.000000 0.000000 0.000000
    73 0.000003 0.000000 0.000000 0.000000 0.000000 0.000000
    74 -0.000010 -0.000006 0.000000 -0.000001 0.000000 0.000000
    75 0.000019 0.000002 0.000000 0.000000 0.000000 0.000000
    76 0.000001 0.000004 0.000000 0.000000 0.000000 -0.000001
    77 0.000000 0.000000 0.000000 0.000000 0.000000 -0.000001
    78 0.000001 -0.000002 0.000000 0.000000 0.000000 -0.000001
    79 0.000000 0.000000 0.000000 0.000000 0.000000 -0.000001
    80 0.000001 0.000008 0.000000 0.000000 0.000000 0.000000
    81 -0.000003 0.000004 0.000000 0.000000 0.000000 0.000000
    82 -0.000007 -0.000008 0.000000 0.000000 0.000000 -0.000001
    83 0.000000 0.000002 -0.000002 -1.570796 0.000000 0.000000
  time 106
    0 -2.528679 -16.752692 -5.105871 -1.492216 -0.328490 -0.862066
    1 -1.186523 -1.036133 0.043213 0.000000 0.000004 0.000000
    2 -1.935547 -1.362305 0.225586 0.000000 0.000002 0.000000
    3 -4.549240 -1.689358 -0.012529 0.000000 0.000000 0.000000
    4 4.331499 0.360595 -0.709097 0.000015 0.000003 0.056022
    5 3.513922 0.962076 -0.004281 0.000004 -0.000001 1.176003
    6 2.855053 0.477292 0.679213 -0.000001 -0.000004 2.896619
    7 1.649902 5.878080 0.032496 -0.000003 0.000002 -1.570796
    8 6.587842 -0.691444 0.025964 -0.000001 -0.000001 1.570796
    9 0.000002 -0.241401 -0.052690 0.000001 0.000001 0.000000
    10 10.620066 1.884898 -0.004843 -1.529186 -0.000002 3.141591
    11 -9.087198 1.359573 -0.008167 -0.000003 0.000002 -1.570796
    12 7.238401 -15.461379 -24.220549 3.728699 -0.176305 -2.433881
    13 1.473659 0.639418 -1.295234 1.650342 0.831186 0.296600
    14 1.832607 0.000002 -0.000008 3.083931 -0.001862 -0.015073
    15 1.003335 0.000005 0.000001 -3.045107 -0.025423 0.211638
    16 3.788738 -0.392259 -1.411520 0.348488 0.003677 -0.122207
    17 2.187956 0.000010 0.000000 -0.101667 0.009065 0.291910
    18 1.100960 0.000002 0.000000 0.039509 -0.007189 0.430831
    19 3.987863 -0.577452 -0.474712 0.174318 -0.117631 0.129965
    20 1.890109 -0.000010 -0.000001 0.032793 -0.015667 0.250418
    21 1.310925 0.000000 0.000000 0.091862 -0.033257 0.499075
    22 4.117986 -0.670160 0.453695 0.336385 -0.115027 0.371786
    23 1.655294 0.000008 0.000000 -0.029082 0.037118 0.605532
    24 0.869582 0.000004 0.000000 -0.207259 -0.009408 0.347638
    25 4.138911 -0.628470 1.354863 -0.320502 -0.140459 0.598253
    26 1.157247 -0.000010 -0.000002 0.091684 -0.084415 0.562952
    27 1.019835 -0.000006 0.000000 -1.474347 -0.105088 0.681794
    28 7.406140 -6.039003 -8.901889 0.458845 1.054104 -6.149284
    29 12.695427 -0.000020 -0.000008 -0.221262 0.296946 -1.577232
    30 -3.492392 -15.818723 -9.755262 3.145460 -0.322082 -0.849589
    31 1.474215 -0.497926 -1.376118 0.979444 0.426216 -0.250736
    32 1.832179 -0.000010 -0.000002 -2.526135 -0.301549 0.609667
    33 1.042025 -0.000004 -0.000009 -2.896901 -0.278839 -0.192682
    34 3.823320 0.664865 -1.331676 0.208902 0.310991 -0.129401
    35 2.152367 -0.000001 0.000004 0.062007 -0.001500 0.005920
    36 1.056622 -0.000011 0.000000 0.241003 0.000717 -0.002190
    37 3.985134 0.881805 -0.368986 0.128322 -0.008132 -0.090211
    38 1.830183 0.000015 0.000000 0.063848 -0.073976 -1.510189
    39 1.561352 0.000008 -0.000004 0.027622 -0.015767 -1.357316
    40 4.116518 0.711272 0.551869 0.187923 0.006580 -0.361666
    41 1.752727 0.000006 0.000000 0.026509 0.029537 -1.405331
    42 0.869359 -0.000006 0.000000 0.015642 -0.073499 -0.926076
    43 4.118826 0.331223 1.419829 0.128888 -0.005990 -0.280207
    44 1.176321 0.000006 0.000000 -0.027338 0.139049 -0.923484
    45 0.970199 -0.000002 -0.000004 1.655618 0.044631 -1.487290
    46 -7.606037 1.001330 -4.120493 -2.806995 0.915882 -1.970973
    47 12.706336 -0.000035 -0.000009 -0.211882 0.297992 -1.551684
    48 0.000000 0.000000 -0.000003 0.000000 0.000000 0.000000
    49 1.200000 0.000000 0.000010 0.000000 0.000000 0.000000
    50 0.000010 -0.300000 0.000000 3.141593 0.000000 -0.174533
    51 0.000000 -0.000001 0.000000 0.000000 0.000000 0.000000
    52 -0.000003 0.000000 0.000001 3.141592 0.000000 0.000000
    53 0.000006 0.000000 0.000004 0.000000 0.000000 0.349065
    54 0.000000 0.000000 0.000000 3.141593 0.000000 0.000000
    55 -0.000008 -0.000006 0.000000 3.141593 0.000000 0.000000
    56 0.000002 -0.000002 0.000000 3.141593 0.000000 0.000000
    57 0.000014 -0.000004 0.000000 3.141593 0.000000 0.000000
    58 -0.000001 0.000000 0.000000 3.141593 0.000000 -0.000001
    59 0.000000 0.000000 0.000000 3.141593 0.000000 0.000000
    60 0.000010 0.000017 0.000000 3.141593 0.000000 -0.000001
    61 0.000000 0.000004 0.000000 3.141593 0.000000 -0.000001
    62 0.000000 0.000006 0.000000 3.141593 0.000000 -0.000001
    63 0.000001 0.000002 0.000000 3.141593 0.000000 0.000000
    64 0.000000 0.000000 0.000000 -3.141592 0.000000 0.000000
    65 0.000000 0.000000 0.000000 -1.570797 -0.000001 0.000000
    66 0.000000 0.000000 0.000000 0.000000 0.000000 0.000000
    67 1.200000 0.000000 0.000000 0.000000 0.000000 0.000000
    68 0.000009 0.299994 0.000000 0.000000 0.000000 0.174533
    69 -0.000001 -0.000001 -0.000004 0.000000 0.000000 0.000000
    70 -0.000010 0.000000 -0.000003 -3.141592 0.000001 0.000000
    71 0.000000 0.000000 0.000000 0.000001 -0.000001 0.349065
    72 0.000000 -0.000003 0.000000 0.000000 0.000000 0.000000
    73 0.000003 0.000000 0.000000 0.000000 0.000000 0.000000
    74 -0.000010 -0.000006 0.000000 -0.000001 0.000000 0.000000
    75 0.000019 0.000002 0.000000 0.000000 0.000000 0.000000
    76 0.000001 0.000004 0.000000 0.000000 0.000000 -0.000001
    77 0.000000 0.000000 0.000000 0.000000 0.000000 -0.000001
    78 0.000001 -0.000002 0.000000 0.000000 0.000000 -0.000001
    79 0.000000 0.000000 0.000000 0.000000 0.000000 -0.000001
    80 0.000001 0.000008 0.000000 0.000000 0.000000 0.000000
    81 -0.000003 0.000004 0.000000 0.000000 0.000000 0.000000
    82 -0.000007 -0.000008 0.000000 0.000000 0.000000 -0.000001
    83 0.000000 0.000002 -0.000002 -1.570796 0.000000 0.000000
  time 107
    0 -2.528679 -16.752692 -4.984774 -1.432686 -0.353468 -0.854755
    1 -1.186523 -1.036133 0.043213 0.000000 0.000004 0.000000
    2 -1.935547 -1.362305 0.225586 0.000000 0.000002 0.000000
    3 -4.549240 -1.689358 -0.012529 0.000000 0.000000 0.000000
    4 4.331499 0.360595 -0.709097 0.000015 0.000003 0.056022
    5 3.513922 0.962076 -0.004281 0.000004 -0.000001 1.176003
    6 2.855053 0.477292 0.679213 -0.000001 -0.000004 2.896619
    7 1.649902 5.878080 0.032496 -0.000003 0.000002 -1.570796
    8 6.587842 -0.691444 0.025964 -0.000001 -0.000001 1.570796
    9 0.000002 -0.241401 -0.052690 0.000001 0.000001 0.000000
    10 10.620066 1.884898 -0.004843 -1.529186 -0.000002 3.141591
    11 -9.087198 1.359573 -0.008167 -0.000003 0.000002 -1.570796
    12 7.238401 -15.461379 -24.220549 3.728699 -0.176305 -2.433881
    13 1.473659 0.639418 -1.295234 1.649106 0.832107 0.288634
    14 1.832607 0.000002 -0.000008 3.083883 -0.001826 -0.017421
    15 1.003335 0.000005 0.000001 -3.045118 -0.025555 0.210875
    16 3.788738 -0.392259 -1.411520 0.345203 0.005507 -0.120084
    17 2.187956 0.000010 0.000000 -0.100660 0.009233 0.307202
    18 1.100960 0.000002 0.000000 0.045525 -0.009191 0.439610
    19 3.987863 -0.577452 -0.474712 0.174009 -0.113232 0.130076
    20 1.890109 -0.000010 -0.000001 0.033457 -0.016745 0.263377
    21 1.310925 0.000000 0.000000 0.098511 -0.035845 0.511139
    22 4.117986 -0.670160 0.453695 0.332454 -0.109948 0.372469
    23 1.655294 0.000008 0.000000 -0.026841 0.037909 0.637031
    24 0.869582 0.000004 0.000000 -0.202058 -0.008988 0.355214
    25 4.138911 -0.628470 1.354863 -0.317398 -0.130286 0.600793
    26 1.157247 -0.000010 -0.000002 0.085189 -0.087654 0.594363
    27 1.019835 -0.000006 0.000000 -1.475797 -0.106598 0.689270
    28 7.406140 -6.039003 -8.901889 0.458845 1.054104 -6.149284
    29 12.695427 -0.000020 -0.000008 -0.221262 0.296946 -1.577232
    30 -3.242384 -15.775753 -9.673229 3.204385 -0.347747 -0.841846
    31 1.474215 -0.497926 -1.376118 0.979444 0.426216 -0.250736
    32 1.832179 -0.000010 -0.000002 -2.526135 -0.301549 0.609667
    33 1.042025 -0.000004 -0.000009 -2.896901 -0.278839 -0.192682
    34 3.823320 0.664865 -1.331676 0.207979 0.298167 -0.135069
    35 2.152367 -0.000001 0.000004 0.062031 -0.001500 0.005920
    36 1.056622 -0.000011 0.000000 0.241003 0.000717 -0.002154
    37 3.985134 0.881805 -0.368986 0.128322 -0.008132 -0.090211
    38 1.830183 0.000015 0.000000 0.063848 -0.073976 -1.510189
    39 1.561352 0.000008 -0.000004 0.027622 -0.015767 -1.357217
    40 4.116518 0.711272 0.551869 0.187923 0.006580 -0.361666
    41 1.752727 0.000006 0.000000 0.026509 0.029537 -1.405331
    42 0.869359 -0.000006 0.000000 0.015618 -0.073487 -0.926076
    43 4.118826 0.331223 1.419829 0.128888 -0.005990 -0.280207
    44 1.176321 0.000006 0.000000 -0.027338 0.139049 -0.923507
    45 0.970199 -0.000002 -0.000004 1.655618 0.044631 -1.487290
    46 -7.606037 1.001330 -4.120493 -2.805469 0.912245 -1.955291
    47 12.706336 -0.000035 -0.000009 -0.212650 0.298052 -1.554330
    48 0.000000 0.000000 -0.000003 0.000000 0.000000 0.000000
    49 1.200000 0.000000 0.000010 0.000000 0.000000 0.000000
    50 0.000010 -0.300000 0.000000 3.141593 0.000000 -0.174533
    51 0.000000 -0.000001 0.000000 0.000000 0.000000 0.000000
    52 -0.000003 0.000000 0.000001 3.141592 0.000000 0.000000
    53 0.000006 0.000000 0.000004 0.000000 0.000000 0.349065
    54 0.000000 0.000000 0.000000 3.141593 0.000000 0.000000
    55 -0.000008 -0.000006 0.000000 3.141593 0.000000 0.000000
    56 0.000002 -0.000002 0.000000 3.141593 0.000000 0.000000
    57 0.000014 -0.000004 0.000000 3.141593 0.000000 0.000000
    58 -0.000001 0.000000 0.000000 3.141593 0.000000 -0.000001
    59 0.000000 0.000000 0.000000 3.141593 0.000000 0.000000
    60 0.000010 0.000017 0.000000 3.141593 0.000000 -0.000001
    61 0.000000 0.000004 0.000000 3.141593 0.000000 -0.000001
    62 0.000000 0.000006 0.000000 3.141593 0.000000 -0.000001
    63 0.000001 0.000002 0.000000 3.141593 0.000000 0.000000
    64 0.000000 0.000000 0.000000 -3.141592 0.000000 0.000000
    65 0.000000 0.000000 0.000000 -1.570797 -0.000001 0.000000
    66 0.000000 0.000000 0.000000 0.000000 0.000000 0.000000
    67 1.200000 0.000000 0.000000 0.000000 0.000000 0.000000
    68 0.000009 0.299994 0.000000 0.000000 0.000000 0.174533
    69 -0.000001 -0.000001 -0.000004 0.000000 0.000000 0.000000
    70 -0.000010 0.000000 -0.000003 -3.141592 0.000001 0.000000
    71 0.000000 0.000000 0.000000 0.000001 -0.000001 0.349065
    72 0.000000 -0.000003 0.000000 0.000000 0.000000 0.000000
    73 0.000003 0.000000 0.000000 0.000000 0.000000 0.000000
    74 -0.000010 -0.000006 0.000000 -0.000001 0.000000 0.000000
    75 0.000019 0.000002 0.000000 0.000000 0.000000 0.000000
    76 0.000001 0.000004 0.000000 0.000000 0.000000 -0.000001
    77 0.000000 0.000000 0.000000 0.000000 0.000000 -0.000001
    78 0.000001 -0.000002 0.000000 0.000000 0.000000 -0.000001
    79 0.000000 0.000000 0.000000 0.000000 0.000000 -0.000001
    80 0.000001 0.000008 0.000000 0.000000 0.000000 0.000000
    81 -0.000003 0.000004 0.000000 0.000000 0.000000 0.000000
    82 -0.000007 -0.000008 0.000000 0.000000 0.000000 -0.000001
    83 0.000000 0.000002 -0.000002 -1.570796 0.000000 0.000000
  time 108
    0 -2.528679 -16.752692 -4.894927 -1.389428 -0.371771 -0.849999
    1 -1.186523 -1.036133 0.043213 0.000000 0.000004 0.000000
    2 -1.935547 -1.362305 0.225586 0.000000 0.000002 0.000000
    3 -4.549240 -1.689358 -0.012529 0.000000 0.000000 0.000000
    4 4.331499 0.360595 -0.709097 0.000015 0.000003 0.056022
    5 3.513922 0.962076 -0.004281 0.000004 -0.000001 1.176003
    6 2.855053 0.477292 0.679213 -0.000001 -0.000004 2.896619
    7 1.649902 5.878080 0.032496 -0.000003 0.000002 -1.570796
    8 6.587842 -0.691444 0.025964 -0.000001 -0.000001 1.570796
    9 0.000002 -0.241401 -0.052690 0.000001 0.000001 0.000000
    10 10.620066 1.884898 -0.004843 -1.529186 -0.000002 3.141591
    11 -9.087198 1.359573 -0.008167 -0.000003 0.000002 -1.570796
    12 7.238401 -15.461379 -24.220549 3.728699 -0.176305 -2.433881
    13 1.473659 0.639418 -1.295234 1.647870 0.833012 0.280442
    14 1.832607 0.000002 -0.000008 3.083823 -0.001778 -0.019867
    15 1.003335 0.000005 0.000001 -3.045154 -0.025770 0.210034
    16 3.788738 -0.392259 -1.411520 0.341862 0.007337 -0.117838
    17 2.187956 0.000010 0.000000 -0.099738 0.009569 0.322680
    18 1.100960 0.000002 0.000000 0.051386 -0.011000 0.448211
    19 3.987863 -0.577452 -0.474712 0.173749 -0.109062 0.130150
    20 1.890109 -0.000010 -0.000001 0.034106 -0.018076 0.276218
    21 1.310925 0.000000 0.000000 0.105160 -0.038770 0.523202
    22 4.117986 -0.670160 0.453695 0.328463 -0.104775 0.373073
    23 1.655294 0.000008 0.000000 -0.024624 0.038640 0.668569
    24 0.869582 0.000004 0.000000 -0.196809 -0.008772 0.362818
    25 4.138911 -0.628470 1.354863 -0.314270 -0.120144 0.603375
    26 1.157247 -0.000010 -0.000002 0.078645 -0.090814 0.625626
    27 1.019835 -0.000006 0.000000 -1.477211 -0.108132 0.696766
    28 7.406140 -6.039003 -8.901889 0.458845 1.054104 -6.149284
    29 12.695427 -0.000020 -0.000008 -0.221262 0.296946 -1.577232
    30 -3.062691 -15.728876 -9.599008 3.247369 -0.366614 -0.836731
    31 1.474215 -0.497926 -1.376118 0.979444 0.426216 -0.250736
    32 1.832179 -0.000010 -0.000002 -2.526135 -0.301549 0.609667
    33 1.042025 -0.000004 -0.000009 -2.896937 -0.278839 -0.192682
    34 3.823320 0.664865 -1.331676 0.207739 0.290089 -0.137910
    35 2.152367 -0.000001 0.000004 0.062019 -0.001500 0.005920
    36 1.056622 -0.000011 0.000000 0.241003 0.000717 -0.002178
    37 3.985134 0.881805 -0.368986 0.128322 -0.008132 -0.090211
    38 1.830183 0.000015 0.000000 0.063848 -0.073976 -1.510189
    39 1.561352 0.000008 -0.000004 0.027622 -0.015767 -1.357316
    40 4.116518 0.711272 0.551869 0.187923 0.006580 -0.361666
    41 1.752727 0.000006 0.000000 0.026521 0.029537 -1.405331
    42 0.869359 -0.000006 0.000000 0.015618 -0.073487 -0.926076
    43 4.118826 0.331223 1.419829 0.128888 -0.005990 -0.280207
    44 1.176321 0.000006 0.000000 -0.027338 0.139049 -0.923507
    45 0.970199 -0.000002 -0.000004 1.655618 0.044631 -1.487290
    46 -7.606037 1.001330 -4.120493 -2.803457 0.909709 -1.943545
    47 12.706336 -0.000035 -0.000009 -0.213353 0.298004 -1.557099
    48 0.000000 0.000000 -0.000003 0.000000 0.000000 0.000000
    49 1.200000 0.000000 0.000010 0.000000 0.000000 0.000000
    50 0.000010 -0.300000 0.000000 3.141593 0.000000 -0.174533
    51 0.000000 -0.000001 0.000000 0.000000 0.000000 0.000000
    52 -0.000003 0.000000 0.000001 3.141592 0.000000 0.000000
    53 0.000006 0.000000 0.000004 0.000000 0.000000 0.349065
    54 0.000000 0.000000 0.000000 3.141593 0.000000 0.000000
    55 -0.000008 -0.000006 0.000000 3.141593 0.000000 0.000000
    56 0.000002 -0.000002 0.000000 3.141593 0.000000 0.000000
    57 0.000014 -0.000004 0.000000 3.141593 0.000000 0.000000
    58 -0.000001 0.000000 0.000000 3.141593 0.000000 -0.000001
    59 0.000000 0.000000 0.000000 3.141593 0.000000 0.000000
    60 0.000010 0.000017 0.000000 3.141593 0.000000 -0.000001
    61 0.000000 0.000004 0.000000 3.141593 0.000000 -0.000001
    62 0.000000 0.000006 0.000000 3.141593 0.000000 -0.000001
    63 0.000001 0.000002 0.000000 3.141593 0.000000 0.000000
    64 0.000000 0.000000 0.000000 -3.141592 0.000000 0.000000
    65 0.000000 0.000000 0.000000 -1.570797 -0.000001 0.000000
    66 0.000000 0.000000 0.000000 0.000000 0.000000 0.000000
    67 1.200000 0.000000 0.000000 0.000000 0.000000 0.000000
    68 0.000009 0.299994 0.000000 0.000000 0.000000 0.174533
    69 -0.000001 -0.000001 -0.000004 0.000000 0.000000 0.000000
    70 -0.000010 0.000000 -0.000003 -3.141592 0.000001 0.000000
    71 0.000000 0.000000 0.000000 0.000001 -0.000001 0.349065
    72 0.000000 -0.000003 0.000000 0.000000 0.000000 0.000000
    73 0.000003 0.000000 0.000000 0.000000 0.000000 0.000000
    74 -0.000010 -0.000006 0.000000 -0.000001 0.000000 0.000000
    75 0.000019 0.000002 0.000000 0.000000 0.000000 0.000000
    76 0.000001 0.000004 0.000000 0.000000 0.000000 -0.000001
    77 0.000000 0.000000 0.000000 0.000000 0.000000 -0.000001
    78 0.000001 -0.000002 0.000000 0.000000 0.000000 -0.000001
    79 0.000000 0.000000 0.000000 0.000000 0.000000 -0.000001
    80 0.000001 0.000008 0.000000 0.000000 0.000000 0.000000
    81 -0.000003 0.000004 0.000000 0.000000 0.000000 0.000000
    82 -0.000007 -0.000008 0.000000 0.000000 0.000000 -0.000001
    83 0.000000 0.000002 -0.000002 -1.570796 0.000000 0.000000
  time 109
    0 -2.528679 -16.752692 -4.848051 -1.361815 -0.383490 -0.846805
    1 -1.186523 -1.036133 0.043213 0.000000 0.000004 0.000000
    2 -1.935547 -1.362305 0.225586 0.000000 0.000002 0.000000
    3 -4.549240 -1.689358 -0.012529 0.000000 0.000000 0.000000
    4 4.331499 0.360595 -0.709097 0.000015 0.000003 0.056022
    5 3.513922 0.962076 -0.004281 0.000004 -0.000001 1.176003
    6 2.855053 0.477292 0.679213 -0.000001 -0.000004 2.896619
    7 1.649902 5.878080 0.032496 -0.000003 0.000002 -1.570796
    8 6.587842 -0.691444 0.025964 -0.000001 -0.000001 1.570796
    9 0.000002 -0.241401 -0.052690 0.000001 0.000001 0.000000
    10 10.620066 1.884898 -0.004843 -1.568531 -0.000002 3.141351
    11 -9.087198 1.359573 -0.008167 -0.000003 0.000002 -1.570796
    12 7.238401 -15.461379 -24.220549 3.728699 -0.176305 -2.433881
    13 1.473659 0.639418 -1.295234 1.646519 0.833867 0.271969
    14 1.832607 0.000002 -0.000008 3.083751 -0.001718 -0.022411
    15 1.003335 0.000005 0.000001 -3.045238 -0.026118 0.209177
    16 3.788738 -0.392259 -1.411520 0.338577 0.009202 -0.115641
    17 2.187956 0.000010 0.000000 -0.098887 0.009761 0.338158
    18 1.100960 0.000002 0.000000 0.057198 -0.013098 0.456990
    19 3.987863 -0.577452 -0.474712 0.173489 -0.104639 0.130187
    20 1.890109 -0.000010 -0.000001 0.034739 -0.019190 0.289255
    21 1.310925 0.000000 0.000000 0.111810 -0.041670 0.535282
    22 4.117986 -0.670160 0.453695 0.324460 -0.099621 0.373598
    23 1.655294 0.000008 0.000000 -0.022419 0.039179 0.700144
    24 0.869582 0.000004 0.000000 -0.191488 -0.008581 0.370394
    25 4.146724 -0.636283 1.354863 -0.311118 -0.110002 0.605957
    26 1.157247 -0.000010 -0.000002 0.071862 -0.093738 0.657778
    27 1.019835 -0.000006 0.000000 -1.478577 -0.109667 0.704284
    28 7.406140 -6.039003 -8.901889 0.458845 1.054104 -6.149284
    29 12.695427 -0.000020 -0.000008 -0.221262 0.296946 -1.577232
    30 -2.953313 -15.693719 -9.548225 3.274772 -0.378698 -0.833321
    31 1.474215 -0.497926 -1.376118 0.979444 0.426216 -0.250736
    32 1.832179 -0.000010 -0.000002 -2.526123 -0.301549 0.609667
    33 1.042025 -0.000004 -0.000009 -2.896889 -0.278839 -0.192682
    34 3.823320 0.664865 -1.331676 0.207739 0.287345 -0.138629
    35 2.152367 -0.000001 0.000004 0.062007 -0.001500 0.005920
    36 1.056622 -0.000011 0.000000 0.241003 0.000717 -0.002178
    37 3.985134 0.881805 -0.368986 0.128322 -0.008132 -0.090211
    38 1.830183 0.000015 0.000000 0.063848 -0.073976 -1.510189
    39 1.561352 0.000008 -0.000004 0.027622 -0.015767 -1.357316
    40 4.116518 0.711272 0.551869 0.187923 0.006580 -0.361666
    41 1.752727 0.000006 0.000000 0.026509 0.029537 -1.405331
    42 0.869359 -0.000006 0.000000 0.015642 -0.073499 -0.926076
    43 4.118826 0.331223 1.419829 0.128888 -0.005990 -0.280207
    44 1.176321 0.000006 0.000000 -0.027338 0.139049 -0.923484
    45 0.970199 -0.000002 -0.000004 1.655618 0.044631 -1.487290
    46 -7.606037 1.001330 -4.120493 -2.802347 0.907907 -1.936173
    47 12.706336 -0.000035 -0.000009 -0.213991 0.298016 -1.558822
    48 0.000000 0.000000 -0.000003 0.000000 0.000000 0.000000
    49 1.200000 0.000000 0.000010 0.000000 0.000000 0.000000
    50 0.000010 -0.300000 0.000000 3.141593 0.000000 -0.174533
    51 0.000000 -0.000001 0.000000 0.000000 0.000000 0.000000
    52 -0.000003 0.000000 0.000001 3.141592 0.000000 0.000000
    53 0.000006 0.000000 0.000004 0.000000 0.000000 0.349065
    54 0.000000 0.000000 0.000000 3.141593 0.000000 0.000000
    55 -0.000008 -0.000006 0.000000 3.141593 0.000000 0.000000
    56 0.000002 -0.000002 0.000000 3.141593 0.000000 0.000000
    57 0.000014 -0.000004 0.000000 3.141593 0.000000 0.000000
    58 -0.000001 0.000000 0.000000 3.141593 0.000000 -0.000001
    59 0.000000 0.000000 0.000000 3.141593 0.000000 0.000000
    60 0.000010 0.000017 0.000000 3.141593 0.000000 -0.000001
    61 0.000000 0.000004 0.000000 3.141593 0.000000 -0.000001
    62 0.000000 0.000006 0.000000 3.141593 0.000000 -0.000001
    63 0.000001 0.000002 0.000000 3.141593 0.000000 0.000000
    64 0.000000 0.000000 0.000000 -3.141592 0.000000 0.000000
    65 0.000000 0.000000 0.000000 -1.570797 -0.000001 0.000000
    66 0.000000 0.000000 0.000000 0.000000 0.000000 0.000000
    67 1.200000 0.000000 0.000000 0.000000 0.000000 0.000000
    68 0.000009 0.299994 0.000000 0.000000 0.000000 0.174533
    69 -0.000001 -0.000001 -0.000004 0.000000 0.000000 0.000000
    70 -0.000010 0.000000 -0.000003 -3.141592 0.000001 0.000000
    71 0.000000 0.000000 0.000000 0.000001 -0.000001 0.349065
    72 0.000000 -0.000003 0.000000 0.000000 0.000000 0.000000
    73 0.000003 0.000000 0.000000 0.000000 0.000000 0.000000
    74 -0.000010 -0.000006 0.000000 -0.000001 0.000000 0.000000
    75 0.000019 0.000002 0.000000 0.000000 0.000000 0.000000
    76 0.000001 0.000004 0.000000 0.000000 0.000000 -0.000001
    77 0.000000 0.000000 0.000000 0.000000 0.000000 -0.000001
    78 0.000001 -0.000002 0.000000 0.000000 0.000000 -0.000001
    79 0.000000 0.000000 0.000000 0.000000 0.000000 -0.000001
    80 0.000001 0.000008 0.000000 0.000000 0.000000 0.000000
    81 -0.000003 0.000004 0.000000 0.000000 0.000000 0.000000
    82 -0.000007 -0.000008 0.000000 0.000000 0.000000 -0.000001
    83 0.000000 0.000002 -0.000002 -1.570796 0.000000 0.000000
  time 110
    0 -2.528679 -16.752692 -4.828519 -1.348770 -0.389002 -0.844747
    1 -1.186523 -1.036133 0.043213 0.000000 0.000004 0.000000
    2 -1.935547 -1.362305 0.225586 0.000000 0.000002 0.000000
    3 -4.549240 -1.689358 -0.012529 0.000000 0.000000 0.000000
    4 4.331499 0.360595 -0.709097 0.000015 0.000003 0.056022
    5 3.513922 0.962076 -0.004281 0.000004 -0.000001 1.176003
    6 2.855053 0.477292 0.679213 -0.000001 -0.000004 2.896619
    7 1.649902 5.878080 0.032496 -0.000003 0.000002 -1.570796
    8 6.587842 -0.691444 0.025964 -0.000001 -0.000001 1.570796
    9 0.000002 -0.241401 -0.052690 0.000001 0.000001 0.000000
    10 10.620066 1.884898 -0.004843 -1.568531 -0.000002 3.141351
    11 -9.087198 1.359573 -0.008167 -0.000003 0.000002 -1.570796
    12 7.238401 -15.461379 -24.220549 3.728699 -0.176305 -2.433881
    13 1.473659 0.639418 -1.295234 1.645139 0.834706 0.263214
    14 1.832607 0.000002 -0.000008 3.083739 -0.001670 -0.025020
    15 1.003335 0.000005 0.000001 -3.045262 -0.026322 0.208259
    16 3.788738 -0.392259 -1.411520 0.335255 0.011103 -0.113469
    17 2.187956 0.000010 0.000000 -0.097916 0.009832 0.353868
    18 1.100960 0.000002 0.000000 0.063107 -0.015015 0.465698
    19 3.987863 -0.577452 -0.474712 0.173229 -0.100445 0.130187
    20 1.890109 -0.000010 -0.000001 0.035329 -0.020508 0.302449
    21 1.310925 0.000000 0.000000 0.118445 -0.044606 0.547361
    22 4.117986 -0.670160 0.453695 0.320325 -0.094467 0.374097
    23 1.655294 0.000008 0.000000 -0.020274 0.039766 0.731832
    24 0.869582 0.000004 0.000000 -0.186058 -0.008317 0.378025
    25 4.146724 -0.636283 1.354863 -0.307930 -0.099813 0.608602
    26 1.157247 -0.000010 -0.000002 0.064947 -0.096478 0.689782
    27 1.019835 -0.000006 0.000000 -1.479979 -0.111141 0.711822
    28 7.406140 -6.039003 -8.901889 0.458845 1.054104 -6.149284
    29 12.695427 -0.000020 -0.000008 -0.221262 0.296946 -1.577232
    30 -2.894717 -15.678093 -9.536506 3.287757 -0.384320 -0.830906
    31 1.474215 -0.497926 -1.376118 0.979444 0.426216 -0.250736
    32 1.832179 -0.000010 -0.000002 -2.526123 -0.301549 0.609667
    33 1.042025 -0.000004 -0.000009 -2.896901 -0.278839 -0.192682
    34 3.823320 0.664865 -1.331676 0.207739 0.287441 -0.138629
    35 2.152367 -0.000001 0.000004 0.062031 -0.001500 0.005920
    36 1.056622 -0.000011 0.000000 0.241003 0.000717 -0.002166
    37 3.985134 0.881805 -0.368986 0.128322 -0.008132 -0.090211
    38 1.830183 0.000015 0.000000 0.063848 -0.073976 -1.510189
    39 1.561352 0.000008 -0.000004 0.027622 -0.015767 -1.357217
    40 4.116518 0.711272 0.551869 0.187923 0.006580 -0.361666
    41 1.752727 0.000006 0.000000 0.026509 0.029537 -1.405331
    42 0.869359 -0.000006 0.000000 0.015570 -0.073523 -0.926054
    43 4.118826 0.331223 1.419829 0.128888 -0.005990 -0.280207
    44 1.176321 0.000006 0.000000 -0.027338 0.139049 -0.923530
    45 0.970199 -0.000002 -0.000004 1.655618 0.044631 -1.487290
    46 -7.606037 1.001330 -4.120493 -2.802347 0.907273 -1.933049
    47 12.706336 -0.000035 -0.000009 -0.214069 0.298124 -1.559498
    48 0.000000 0.000000 -0.000003 0.000000 0.000000 0.000000
    49 1.200000 0.000000 0.000010 0.000000 0.000000 0.000000
    50 0.000010 -0.300000 0.000000 3.141593 0.000000 -0.174533
    51 0.000000 -0.000001 0.000000 0.000000 0.000000 0.000000
    52 -0.000003 0.000000 0.000001 3.141592 0.000000 0.000000
    53 0.000006 0.000000 0.000004 0.000000 0.000000 0.349065
    54 0.000000 0.000000 0.000000 3.141593 0.000000 0.000000
    55 -0.000008 -0.000006 0.000000 3.141593 0.000000 0.000000
    56 0.000002 -0.000002 0.000000 3.141593 0.000000 0.000000
    57 0.000014 -0.000004 0.000000 3.141593 0.000000 0.000000
    58 -0.000001 0.000000 0.000000 3.141593 0.000000 -0.000001
    59 0.000000 0.000000 0.000000 3.141593 0.000000 0.000000
    60 0.000010 0.000017 0.000000 3.141593 0.000000 -0.000001
    61 0.000000 0.000004 0.000000 3.141593 0.000000 -0.000001
    62 0.000000 0.000006 0.000000 3.141593 0.000000 -0.000001
    63 0.000001 0.000002 0.000000 3.141593 0.000000 0.000000
    64 0.000000 0.000000 0.000000 -3.141592 0.000000 0.000000
    65 0.000000 0.000000 0.000000 -1.570797 -0.000001 0.000000
    66 0.000000 0.000000 0.000000 0.000000 0.000000 0.000000
    67 1.200000 0.000000 0.000000 0.000000 0.000000 0.000000
    68 0.000009 0.299994 0.000000 0.000000 0.000000 0.174533
    69 -0.000001 -0.000001 -0.000004 0.000000 0.000000 0.000000
    70 -0.000010 0.000000 -0.000003 -3.141592 0.000001 0.000000
    71 0.000000 0.000000 0.000000 0.000001 -0.000001 0.349065
    72 0.000000 -0.000003 0.000000 0.000000 0.000000 0.000000
    73 0.000003 0.000000 0.000000 0.000000 0.000000 0.000000
    74 -0.000010 -0.000006 0.000000 -0.000001 0.000000 0.000000
    75 0.000019 0.000002 0.000000 0.000000 0.000000 0.000000
    76 0.000001 0.000004 0.000000 0.000000 0.000000 -0.000001
    77 0.000000 0.000000 0.000000 0.000000 0.000000 -0.000001
    78 0.000001 -0.000002 0.000000 0.000000 0.000000 -0.000001
    79 0.000000 0.000000 0.000000 0.000000 0.000000 -0.000001
    80 0.000001 0.000008 0.000000 0.000000 0.000000 0.000000
    81 -0.000003 0.000004 0.000000 0.000000 0.000000 0.000000
    82 -0.000007 -0.000008 0.000000 0.000000 0.000000 -0.000001
    83 0.000000 0.000002 -0.000002 -1.570796 0.000000 0.000000
  time 111
    0 -2.528679 -16.752692 -4.828519 -1.342405 -0.391086 -0.842404
    1 -1.186523 -1.036133 0.043213 0.000000 0.000004 0.000000
    2 -1.935547 -1.362305 0.225586 0.000000 0.000002 0.000000
    3 -4.549240 -1.689358 -0.012529 0.000000 0.000000 0.000000
    4 4.331499 0.360595 -0.709097 0.000015 0.000003 0.056022
    5 3.513922 0.962076 -0.004281 0.000004 -0.000001 1.176003
    6 2.855053 0.477292 0.679213 -0.000001 -0.000004 2.896619
    7 1.649902 5.878080 0.032496 -0.000003 0.000002 -1.570796
    8 6.587842 -0.691444 0.025964 -0.000001 -0.000001 1.570796
    9 0.000002 -0.241401 -0.052690 0.000001 0.000001 0.000000
    10 10.620066 1.884898 -0.004843 -1.568531 -0.000002 3.141351
    11 -9.087198 1.359573 -0.008167 -0.000003 0.000002 -1.570796
    12 7.238401 -15.461379 -24.220549 3.728699 -0.176305 -2.433881
    13 1.473659 0.639418 -1.295234 1.643673 0.835479 0.254375
    14 1.832607 0.000002 -0.000008 3.083704 -0.001610 -0.027629
    15 1.003335 0.000005 0.000001 -3.045370 -0.026465 0.207231
    16 3.800457 -0.403978 -1.411520 0.331914 0.012950 -0.111297
    17 2.187956 0.000010 0.000000 -0.096861 0.009988 0.369439
    18 1.100960 0.000002 0.000000 0.068895 -0.017136 0.474299
    19 3.987863 -0.577452 -0.474712 0.172969 -0.096023 0.130150
    20 1.890109 -0.000010 -0.000001 0.035948 -0.021827 0.315760
    21 1.310925 0.000000 0.000000 0.125009 -0.047590 0.559441
    22 4.117986 -0.670160 0.453695 0.316250 -0.089294 0.374517
    23 1.655294 0.000008 0.000000 -0.018081 0.040402 0.763595
    24 0.869582 0.000004 0.000000 -0.180713 -0.008113 0.385656
    25 4.146724 -0.636283 1.354863 -0.304802 -0.089624 0.611247
    26 1.157247 -0.000010 -0.000002 0.057936 -0.099021 0.721897
    27 1.019835 -0.000006 0.000000 -1.481453 -0.112615 0.719380
    28 7.406140 -6.039003 -8.901889 0.458845 1.054104 -6.149284
    29 12.695427 -0.000020 -0.000008 -0.221262 0.296946 -1.577232
    30 -2.875186 -15.670281 -9.536506 3.293981 -0.386535 -0.828775
    31 1.474215 -0.497926 -1.376118 0.979444 0.426216 -0.250736
    32 1.832179 -0.000010 -0.000002 -2.526123 -0.301549 0.609667
    33 1.042025 -0.000004 -0.000009 -2.896901 -0.278827 -0.192682
    34 3.823320 0.664865 -1.331676 0.207739 0.287345 -0.138629
    35 2.152367 -0.000001 0.000004 0.062019 -0.001500 0.005920
    36 1.056622 -0.000011 0.000000 0.241003 0.000717 -0.002166
    37 3.985134 0.881805 -0.368986 0.128322 -0.008132 -0.090211
    38 1.830183 0.000015 0.000000 0.063848 -0.073976 -1.510189
    39 1.561352 0.000008 -0.000004 0.027622 -0.015767 -1.357283
    40 4.116518 0.711272 0.551869 0.187923 0.006580 -0.361666
    41 1.752727 0.000006 0.000000 0.026485 0.029537 -1.405331
    42 0.869359 -0.000006 0.000000 0.015630 -0.073475 -0.926076
    43 4.118826 0.331223 1.419829 0.128888 -0.005990 -0.280207
    44 1.176321 0.000006 0.000000 -0.027338 0.139049 -0.923530
    45 0.970199 -0.000002 -0.000004 1.655618 0.044631 -1.487290
    46 -7.606037 1.001330 -4.120493 -2.802902 0.907273 -1.932174
    47 12.706336 -0.000035 -0.000009 -0.214173 0.298088 -1.559868
    48 0.000000 0.000000 -0.000003 0.000000 0.000000 0.000000
    49 1.200000 0.000000 0.000010 0.000000 0.000000 0.000000
    50 0.000010 -0.300000 0.000000 3.141593 0.000000 -0.174533
    51 0.000000 -0.000001 0.000000 0.000000 0.000000 0.000000
    52 -0.000003 0.000000 0.000001 3.141592 0.000000 0.000000
    53 0.000006 0.000000 0.000004 0.000000 0.000000 0.349065
    54 0.000000 0.000000 0.000000 3.141593 0.000000 0.000000
    55 -0.000008 -0.000006 0.000000 3.141593 0.000000 0.000000
    56 0.000002 -0.000002 0.000000 3.141593 0.000000 0.000000
    57 0.000014 -0.000004 0.000000 3.141593 0.000000 0.000000
    58 -0.000001 0.000000 0.000000 3.141593 0.000000 -0.000001
    59 0.000000 0.000000 0.000000 3.141593 0.000000 0.000000
    60 0.000010 0.000017 0.000000 3.141593 0.000000 -0.000001
    61 0.000000 0.000004 0.000000 3.141593 0.000000 -0.000001
    62 0.000000 0.000006 0.000000 3.141593 0.000000 -0.000001
    63 0.000001 0.000002 0.000000 3.141593 0.000000 0.000000
    64 0.000000 0.000000 0.000000 -3.141592 0.000000 0.000000
    65 0.000000 0.000000 0.000000 -1.570797 -0.000001 0.000000
    66 0.000000 0.000000 0.000000 0.000000 0.000000 0.000000
    67 1.200000 0.000000 0.000000 0.000000 0.000000 0.000000
    68 0.000009 0.299994 0.000000 0.000000 0.000000 0.174533
    69 -0.000001 -0.000001 -0.000004 0.000000 0.000000 0.000000
    70 -0.000010 0.000000 -0.000003 -3.141592 0.000001 0.000000
    71 0.000000 0.000000 0.000000 0.000001 -0.000001 0.349065
    72 0.000000 -0.000003 0.000000 0.000000 0.000000 0.000000
    73 0.000003 0.000000 0.000000 0.000000 0.000000 0.000000
    74 -0.000010 -0.000006 0.000000 -0.000001 0.000000 0.000000
    75 0.000019 0.000002 0.000000 0.000000 0.000000 0.000000
    76 0.000001 0.000004 0.000000 0.000000 0.000000 -0.000001
    77 0.000000 0.000000 0.000000 0.000000 0.000000 -0.000001
    78 0.000001 -0.000002 0.000000 0.000000 0.000000 -0.000001
    79 0.000000 0.000000 0.000000 0.000000 0.000000 -0.000001
    80 0.000001 0.000008 0.000000 0.000000 0.000000 0.000000
    81 -0.000003 0.000004 0.000000 0.000000 0.000000 0.000000
    82 -0.000007 -0.000008 0.000000 0.000000 0.000000 -0.000001
    83 0.000000 0.000002 -0.000002 -1.570796 0.000000 0.000000
  time 112
    0 -2.532585 -16.752692 -4.828519 -1.336398 -0.392370 -0.840488
    1 -1.186523 -1.036133 0.043213 0.000000 0.000004 0.000000
    2 -1.935547 -1.362305 0.225586 0.000000 0.000002 0.000000
    3 -4.549240 -1.689358 -0.012529 0.000000 0.000000 0.000000
    4 4.331499 0.360595 -0.709097 0.000015 0.000003 0.056022
    5 3.513922 0.962076 -0.004281 0.000004 -0.000001 1.176003
    6 2.855053 0.477292 0.679213 -0.000001 -0.000004 2.896619
    7 1.649902 5.878080 0.032496 -0.000003 0.000002 -1.570796
    8 6.587842 -0.691444 0.025964 -0.000001 -0.000001 1.570796
    9 0.000002 -0.241401 -0.052690 0.000001 0.000001 0.000000
    10 10.620066 1.884898 -0.004843 -1.529186 -0.000002 3.141591
    11 -9.087198 1.359573 -0.008167 -0.000003 0.000002 -1.570796
    12 7.238401 -15.461379 -24.220549 3.728699 -0.176305 -2.433881
    13 1.473659 0.639418 -1.295234 1.642207 0.836203 0.245198
    14 1.832607 0.000002 -0.000008 3.083668 -0.001550 -0.030303
    15 1.003335 0.000005 0.000001 -3.045370 -0.026801 0.206141
    16 3.800457 -0.403978 -1.411520 0.328629 0.014868 -0.109100
    17 2.187956 0.000010 0.000000 -0.095879 0.010132 0.385057
    18 1.100960 0.000002 0.000000 0.074888 -0.019378 0.483078
    19 3.987863 -0.577452 -0.474712 0.172725 -0.091756 0.130076
    20 1.890109 -0.000010 -0.000001 0.036479 -0.022989 0.329267
    21 1.310925 0.000000 0.000000 0.131630 -0.050850 0.571520
    22 4.117986 -0.670160 0.453695 0.312272 -0.084102 0.374911
    23 1.655294 0.000008 0.000000 -0.015827 0.040749 0.795283
    24 0.869582 0.000004 0.000000 -0.175356 -0.008041 0.393314
    25 4.146724 -0.636283 1.354863 -0.301603 -0.079388 0.613934
    26 1.157247 -0.000010 -0.000002 0.050865 -0.101395 0.754234
    27 1.019835 -0.000006 0.000000 -1.482952 -0.114065 0.726959
    28 7.406140 -6.039003 -8.901889 0.458845 1.054104 -6.149284
    29 12.695427 -0.000020 -0.000008 -0.221262 0.296946 -1.577232
    30 -2.859560 -15.658562 -9.532599 3.299936 -0.387864 -0.826999
    31 1.474215 -0.497926 -1.376118 0.979444 0.426216 -0.250736
    32 1.832179 -0.000010 -0.000002 -2.526123 -0.301549 0.609667
    33 1.042025 -0.000004 -0.000009 -2.896901 -0.278827 -0.192682
    34 3.823320 0.664865 -1.331676 0.207739 0.287345 -0.138629
    35 2.152367 -0.000001 0.000004 0.062019 -0.001500 0.005920
    36 1.056622 -0.000011 0.000000 0.241003 0.000717 -0.002178
    37 3.985134 0.881805 -0.368986 0.128322 -0.008132 -0.090211
    38 1.830183 0.000015 0.000000 0.063848 -0.073976 -1.510189
    39 1.561352 0.000008 -0.000004 0.027622 -0.015767 -1.357316
    40 4.116518 0.711272 0.551869 0.187923 0.006580 -0.361666
    41 1.752727 0.000006 0.000000 0.026521 0.029549 -1.405331
    42 0.869359 -0.000006 0.000000 0.015558 -0.073475 -0.926076
    43 4.118826 0.331223 1.419829 0.128888 -0.005990 -0.280207
    44 1.176321 0.000006 0.000000 -0.027338 0.139049 -0.923507
    45 0.970199 -0.000002 -0.000004 1.655618 0.044631 -1.487290
    46 -7.606037 1.001330 -4.120493 -2.803804 0.907273 -1.931924
    47 12.706336 -0.000035 -0.000009 -0.214538 0.298112 -1.560668
    48 0.000000 0.000000 -0.000003 0.000000 0.000000 0.000000
    49 1.200000 0.000000 0.000010 0.000000 0.000000 0.000000
    50 0.000010 -0.300000 0.000000 3.141593 0.000000 -0.174533
    51 0.000000 -0.000001 0.000000 0.000000 0.000000 0.000000
    52 -0.000003 0.000000 0.000001 3.141592 0.000000 0.000000
    53 0.000006 0.000000 0.000004 0.000000 0.000000 0.349065
    54 0.000000 0.000000 0.000000 3.141593 0.000000 0.000000
    55 -0.000008 -0.000006 0.000000 3.141593 0.000000 0.000000
    56 0.000002 -0.000002 0.000000 3.141593 0.000000 0.000000
    57 0.000014 -0.000004 0.000000 3.141593 0.000000 0.000000
    58 -0.000001 0.000000 0.000000 3.141593 0.000000 -0.000001
    59 0.000000 0.000000 0.000000 3.141593 0.000000 0.000000
    60 0.000010 0.000017 0.000000 3.141593 0.000000 -0.000001
    61 0.000000 0.000004 0.000000 3.141593 0.000000 -0.000001
    62 0.000000 0.000006 0.000000 3.141593 0.000000 -0.000001
    63 0.000001 0.000002 0.000000 3.141593 0.000000 0.000000
    64 0.000000 0.000000 0.000000 -3.141592 0.000000 0.000000
    65 0.000000 0.000000 0.000000 -1.570797 -0.000001 0.000000
    66 0.000000 0.000000 0.000000 0.000000 0.000000 0.000000
    67 1.200000 0.000000 0.000000 0.000000 0.000000 0.000000
    68 0.000009 0.299994 0.000000 0.000000 0.000000 0.174533
    69 -0.000001 -0.000001 -0.000004 0.000000 0.000000 0.000000
    70 -0.000010 0.000000 -0.000003 -3.141592 0.000001 0.000000
    71 0.000000 0.000000 0.000000 0.000001 -0.000001 0.349065
    72 0.000000 -0.000003 0.000000 0.000000 0.000000 0.000000
    73 0.000003 0.000000 0.000000 0.000000 0.000000 0.000000
    74 -0.000010 -0.000006 0.000000 -0.000001 0.000000 0.000000
    75 0.000019 0.000002 0.000000 0.000000 0.000000 0.000000
    76 0.000001 0.000004 0.000000 0.000000 0.000000 -0.000001
    77 0.000000 0.000000 0.000000 0.000000 0.000000 -0.000001
    78 0.000001 -0.000002 0.000000 0.000000 0.000000 -0.000001
    79 0.000000 0.000000 0.000000 0.000000 0.000000 -0.000001
    80 0.000001 0.000008 0.000000 0.000000 0.000000 0.000000
    81 -0.000003 0.000004 0.000000 0.000000 0.000000 0.000000
    82 -0.000007 -0.000008 0.000000 0.000000 0.000000 -0.000001
    83 0.000000 0.000002 -0.000002 -1.570796 0.000000 0.000000
  time 113
    0 -2.536492 -16.752692 -4.828519 -1.330660 -0.392717 -0.838784
    1 -1.186523 -1.036133 0.043213 0.000000 0.000004 0.000000
    2 -1.935547 -1.362305 0.225586 0.000000 0.000002 0.000000
    3 -4.549240 -1.689358 -0.012529 0.000000 0.000000 0.000000
    4 4.331499 0.360595 -0.709097 0.000015 0.000003 0.056022
    5 3.513922 0.962076 -0.004281 0.000004 -0.000001 1.176003
    6 2.855053 0.477292 0.679213 -0.000001 -0.000004 2.896619
    7 1.649902 5.878080 0.032496 -0.000003 0.000002 -1.570796
    8 6.587842 -0.691444 0.025964 -0.000001 -0.000001 1.570796
    9 0.000002 -0.241401 -0.052690 0.000001 0.000001 0.000000
    10 10.620066 1.884898 -0.004843 -1.529186 -0.000002 3.141591
    11 -9.087198 1.359573 -0.008167 -0.000003 0.000002 -1.570796
    12 7.238401 -15.461379 -24.220549 3.728699 -0.176305 -2.433881
    13 1.473659 0.639418 -1.295234 1.640626 0.836861 0.235824
    14 1.832607 0.000002 -0.000008 3.083620 -0.001382 -0.033010
    15 1.003335 0.000005 0.000001 -3.045418 -0.027053 0.204942
    16 3.800457 -0.403978 -1.411520 0.325288 0.016786 -0.106928
    17 2.187956 0.000010 0.000000 -0.095016 0.010372 0.400814
    18 1.100960 0.000002 0.000000 0.080628 -0.021583 0.491715
    19 3.987863 -0.577452 -0.474712 0.172465 -0.087406 0.129965
    20 1.890109 -0.000010 -0.000001 0.037054 -0.024391 0.342813
    21 1.310925 0.000000 0.000000 0.138251 -0.054086 0.583600
    22 4.117986 -0.670160 0.453695 0.308197 -0.078910 0.375305
    23 1.655294 0.000008 0.000000 -0.013550 0.041217 0.827046
    24 0.869582 0.000004 0.000000 -0.170071 -0.007993 0.400945
    25 4.150630 -0.616751 1.354863 -0.298343 -0.069183 0.616663
    26 1.157247 -0.000010 -0.000002 0.043710 -0.103532 0.787127
    27 1.019835 -0.000006 0.000000 -1.484510 -0.115407 0.734559
    28 7.406140 -6.039003 -8.901889 0.458845 1.054104 -6.149284
    29 12.695427 -0.000020 -0.000008 -0.221262 0.296946 -1.577232
    30 -2.847841 -15.642936 -9.532599 3.305712 -0.388338 -0.824939
    31 1.474215 -0.497926 -1.376118 0.979444 0.426216 -0.250736
    32 1.832179 -0.000010 -0.000002 -2.526135 -0.301549 0.609667
    33 1.042025 -0.000004 -0.000009 -2.896973 -0.278839 -0.192682
    34 3.823320 0.664865 -1.331676 0.207739 0.287369 -0.138629
    35 2.152367 -0.000001 0.000004 0.062031 -0.001500 0.005920
    36 1.056622 -0.000011 0.000000 0.241003 0.000717 -0.002154
    37 3.985134 0.881805 -0.368986 0.128322 -0.008132 -0.090211
    38 1.830183 0.000015 0.000000 0.063848 -0.073976 -1.510189
    39 1.561352 0.000008 -0.000004 0.027622 -0.015767 -1.357316
    40 4.116518 0.711272 0.551869 0.187923 0.006580 -0.361666
    41 1.752727 0.000006 0.000000 0.026521 0.029549 -1.405331
    42 0.869359 -0.000006 0.000000 0.015642 -0.073475 -0.926076
    43 4.118826 0.331223 1.419829 0.128888 -0.005990 -0.280207
    44 1.176321 0.000006 0.000000 -0.027338 0.139049 -0.923484
    45 0.970199 -0.000002 -0.000004 1.655618 0.044631 -1.487290
    46 -7.606037 1.001330 -4.120493 -2.804914 0.907540 -1.932174
    47 12.706336 -0.000035 -0.000009 -0.214772 0.298004 -1.561960
    48 0.000000 0.000000 -0.000003 0.000000 0.000000 0.000000
    49 1.200000 0.000000 0.000010 0.000000 0.000000 0.000000
    50 0.000010 -0.300000 0.000000 3.141593 0.000000 -0.174533
    51 0.000000 -0.000001 0.000000 0.000000 0.000000 0.000000
    52 -0.000003 0.000000 0.000001 3.141592 0.000000 0.000000
    53 0.000006 0.000000 0.000004 0.000000 0.000000 0.349065
    54 0.000000 0.000000 0.000000 3.141593 0.000000 0.000000
    55 -0.000008 -0.000006 0.000000 3.141593 0.000000 0.000000
    56 0.000002 -0.000002 0.000000 3.141593 0.000000 0.000000
    57 0.000014 -0.000004 0.000000 3.141593 0.000000 0.000000
    58 -0.000001 0.000000 0.000000 3.141593 0.000000 -0.000001
    59 0.000000 0.000000 0.000000 3.141593 0.000000 0.000000
    60 0.000010 0.000017 0.000000 3.141593 0.000000 -0.000001
    61 0.000000 0.000004 0.000000 3.141593 0.000000 -0.000001
    62 0.000000 0.000006 0.000000 3.141593 0.000000 -0.000001
    63 0.000001 0.000002 0.000000 3.141593 0.000000 0.000000
    64 0.000000 0.000000 0.000000 -3.141592 0.000000 0.000000
    65 0.000000 0.000000 0.000000 -1.570797 -0.000001 0.000000
    66 0.000000 0.000000 0.000000 0.000000 0.000000 0.000000
    67 1.200000 0.000000 0.000000 0.000000 0.000000 0.000000
    68 0.000009 0.299994 0.000000 0.000000 0.000000 0.174533
    69 -0.000001 -0.000001 -0.000004 0.000000 0.000000 0.000000
    70 -0.000010 0.000000 -0.000003 -3.141592 0.000001 0.000000
    71 0.000000 0.000000 0.000000 0.000001 -0.000001 0.349065
    72 0.000000 -0.000003 0.000000 0.000000 0.000000 0.000000
    73 0.000003 0.000000 0.000000 0.000000 0.000000 0.000000
    74 -0.000010 -0.000006 0.000000 -0.000001 0.000000 0.000000
    75 0.000019 0.000002 0.000000 0.000000 0.000000 0.000000
    76 0.000001 0.000004 0.000000 0.000000 0.000000 -0.000001
    77 0.000000 0.000000 0.000000 0.000000 0.000000 -0.000001
    78 0.000001 -0.000002 0.000000 0.000000 0.000000 -0.000001
    79 0.000000 0.000000 0.000000 0.000000 0.000000 -0.000001
    80 0.000001 0.000008 0.000000 0.000000 0.000000 0.000000
    81 -0.000003 0.000004 0.000000 0.000000 0.000000 0.000000
    82 -0.000007 -0.000008 0.000000 0.000000 0.000000 -0.000001
    83 0.000000 0.000002 -0.000002 -1.570796 0.000000 0.000000
  time 114
    0 -2.544304 -16.752692 -4.828519 -1.325460 -0.392264 -0.836655
    1 -1.186523 -1.036133 0.043213 0.000000 0.000004 0.000000
    2 -1.935547 -1.362305 0.225586 0.000000 0.000002 0.000000
    3 -4.549240 -1.689358 -0.012529 0.000000 0.000000 0.000000
    4 4.331499 0.360595 -0.709097 0.000015 0.000003 0.056022
    5 3.513922 0.962076 -0.004281 0.000004 -0.000001 1.176003
    6 2.855053 0.477292 0.679213 -0.000001 -0.000004 2.896619
    7 1.649902 5.878080 0.032496 -0.000003 0.000002 -1.570796
    8 6.587842 -0.691444 0.025964 -0.000001 -0.000001 1.570796
    9 0.000002 -0.241401 -0.052690 0.000001 0.000001 0.000000
    10 10.620066 1.884898 -0.004843 -1.568531 -0.000002 3.141351
    11 -9.087198 1.359573 -0.008167 -0.000003 0.000002 -1.570796
    12 7.238401 -15.461379 -24.220549 3.728699 -0.176305 -2.433881
    13 1.473659 0.639418 -1.295234 1.639160 0.837387 0.226253
    14 1.832607 0.000002 -0.000008 3.083608 -0.001310 -0.035782
    15 1.003335 0.000005 0.000001 -3.045442 -0.027172 0.203665
    16 3.800457 -0.403978 -1.411520 0.322003 0.018651 -0.104756
    17 2.187956 0.000010 0.000000 -0.094033 0.010480 0.416710
    18 1.100960 0.000002 0.000000 0.086597 -0.023824 0.500458
    19 3.987863 -0.577452 -0.474712 0.172221 -0.082923 0.129780
    20 1.890109 -0.000010 -0.000001 0.037614 -0.025710 0.356359
    21 1.310925 0.000000 0.000000 0.144801 -0.057406 0.595647
    22 4.117986 -0.670160 0.453695 0.304014 -0.073718 0.375541
    23 1.655294 0.000008 0.000000 -0.011261 0.041432 0.858621
    24 0.869582 0.000004 0.000000 -0.164726 -0.007981 0.408576
    25 4.150630 -0.616751 1.354863 -0.295059 -0.058994 0.619392
    26 1.157247 -0.000010 -0.000002 0.036292 -0.105433 0.819353
    27 1.019835 -0.000006 0.000000 -1.486020 -0.116845 0.742159
    28 7.406140 -6.039003 -8.901889 0.458845 1.054104 -6.149284
    29 12.695427 -0.000020 -0.000008 -0.221262 0.296946 -1.577232
    30 -2.843935 -15.631217 -9.528693 3.311040 -0.387971 -0.823021
    31 1.474215 -0.497926 -1.376118 0.979444 0.426216 -0.250736
    32 1.832179 -0.000010 -0.000002 -2.526123 -0.301549 0.609667
    33 1.042025 -0.000004 -0.000009 -2.896937 -0.278827 -0.192682
    34 3.823320 0.664865 -1.331676 0.207739 0.287345 -0.138629
    35 2.152367 -0.000001 0.000004 0.062007 -0.001500 0.005920
    36 1.056622 -0.000011 0.000000 0.241003 0.000717 -0.002178
    37 3.985134 0.881805 -0.368986 0.128322 -0.008132 -0.090211
    38 1.830183 0.000015 0.000000 0.063848 -0.073976 -1.510189
    39 1.561352 0.000008 -0.000004 0.027622 -0.015767 -1.357316
    40 4.116518 0.711272 0.551869 0.187923 0.006580 -0.361666
    41 1.752727 0.000006 0.000000 0.026521 0.029537 -1.405331
    42 0.869359 -0.000006 0.000000 0.015642 -0.073475 -0.926076
    43 4.118826 0.331223 1.419829 0.128888 -0.005990 -0.280207
    44 1.176321 0.000006 0.000000 -0.027338 0.139049 -0.923484
    45 0.970199 -0.000002 -0.000004 1.655618 0.044643 -1.487290
    46 -7.606037 1.001330 -4.120493 -2.806024 0.907907 -1.932799
    47 12.706336 -0.000035 -0.000009 -0.215358 0.298124 -1.563560
    48 0.000000 0.000000 -0.000003 0.000000 0.000000 0.000000
    49 1.200000 0.000000 0.000010 0.000000 0.000000 0.000000
    50 0.000010 -0.300000 0.000000 3.141593 0.000000 -0.174533
    51 0.000000 -0.000001 0.000000 0.000000 0.000000 0.000000
    52 -0.000003 0.000000 0.000001 3.141592 0.000000 0.000000
    53 0.000006 0.000000 0.000004 0.000000 0.000000 0.349065
    54 0.000000 0.000000 0.000000 3.141593 0.000000 0.000000
    55 -0.000008 -0.000006 0.000000 3.141593 0.000000 0.000000
    56 0.000002 -0.000002 0.000000 3.141593 0.000000 0.000000
    57 0.000014 -0.000004 0.000000 3.141593 0.000000 0.000000
    58 -0.000001 0.000000 0.000000 3.141593 0.000000 -0.000001
    59 0.000000 0.000000 0.000000 3.141593 0.000000 0.000000
    60 0.000010 0.000017 0.000000 3.141593 0.000000 -0.000001
    61 0.000000 0.000004 0.000000 3.141593 0.000000 -0.000001
    62 0.000000 0.000006 0.000000 3.141593 0.000000 -0.000001
    63 0.000001 0.000002 0.000000 3.141593 0.000000 0.000000
    64 0.000000 0.000000 0.000000 -3.141592 0.000000 0.000000
    65 0.000000 0.000000 0.000000 -1.570797 -0.000001 0.000000
    66 0.000000 0.000000 0.000000 0.000000 0.000000 0.000000
    67 1.200000 0.000000 0.000000 0.000000 0.000000 0.000000
    68 0.000009 0.299994 0.000000 0.000000 0.000000 0.174533
    69 -0.000001 -0.000001 -0.000004 0.000000 0.000000 0.000000
    70 -0.000010 0.000000 -0.000003 -3.141592 0.000001 0.000000
    71 0.000000 0.000000 0.000000 0.000001 -0.000001 0.349065
    72 0.000000 -0.000003 0.000000 0.000000 0.000000 0.000000
    73 0.000003 0.000000 0.000000 0.000000 0.000000 0.000000
    74 -0.000010 -0.000006 0.000000 -0.000001 0.000000 0.000000
    75 0.000019 0.000002 0.000000 0.000000 0.000000 0.000000
    76 0.000001 0.000004 0.000000 0.000000 0.000000 -0.000001
    77 0.000000 0.000000 0.000000 0.000000 0.000000 -0.000001
    78 0.000001 -0.000002 0.000000 0.000000 0.000000 -0.000001
    79 0.000000 0.000000 0.000000 0.000000 0.000000 -0.000001
    80 0.000001 0.000008 0.000000 0.000000 0.000000 0.000000
    81 -0.000003 0.000004 0.000000 0.000000 0.000000 0.000000
    82 -0.000007 -0.000008 0.000000 0.000000 0.000000 -0.000001
    83 0.000000 0.000002 -0.000002 -1.570796 0.000000 0.000000
  time 115
    0 -2.552117 -16.752692 -4.828519 -1.320529 -0.391086 -0.835235
    1 -1.186523 -1.036133 0.043213 0.000000 0.000004 0.000000
    2 -1.935547 -1.362305 0.225586 0.000000 0.000002 0.000000
    3 -4.549240 -1.689358 -0.012529 0.000000 0.000000 0.000000
    4 4.331499 0.360595 -0.709097 0.000015 0.000003 0.056022
    5 3.513922 0.962076 -0.004281 0.000004 -0.000001 1.176003
    6 2.855053 0.477292 0.679213 -0.000001 -0.000004 2.896619
    7 1.649902 5.878080 0.032496 -0.000003 0.000002 -1.570796
    8 6.587842 -0.691444 0.025964 -0.000001 -0.000001 1.570796
    9 0.000002 -0.241401 -0.052690 0.000001 0.000001 0.000000
    10 10.620066 1.884898 -0.004843 -1.529186 -0.000002 3.141591
    11 -9.087198 1.359573 -0.008167 -0.000003 0.000002 -1.570796
    12 7.238401 -15.461379 -24.220549 3.728699 -0.176305 -2.433881
    13 1.473659 0.639418 -1.295234 1.637464 0.837930 0.216541
    14 1.832607 0.000002 -0.000008 3.083584 -0.001238 -0.038586
    15 1.003335 0.000005 0.000001 -3.045442 -0.027436 0.202326
    16 3.800457 -0.403978 -1.411520 0.318681 0.020569 -0.102559
    17 2.187956 0.000010 0.000000 -0.092930 0.010563 0.432560
    18 1.100960 0.000002 0.000000 0.092301 -0.026077 0.508917
    19 3.987863 -0.577452 -0.474712 0.171961 -0.078669 0.129558
    20 1.890109 -0.000010 -0.000001 0.038130 -0.026920 0.370179
    21 1.310925 0.000000 0.000000 0.151351 -0.060689 0.607695
    22 4.117986 -0.670160 0.453695 0.299832 -0.068507 0.375830
    23 1.655294 0.000008 0.000000 -0.008960 0.041792 0.890196
    24 0.869582 0.000004 0.000000 -0.159333 -0.007981 0.416234
    25 4.150630 -0.616751 1.354863 -0.291751 -0.048758 0.622184
    26 1.157247 -0.000010 -0.000002 0.029149 -0.107190 0.852246
    27 1.019835 -0.000006 0.000000 -1.487542 -0.118271 0.749800
    28 7.406140 -6.039003 -8.901889 0.458845 1.054104 -6.149284
    29 12.695427 -0.000020 -0.000008 -0.221262 0.296946 -1.577232
    30 -2.843935 -15.607779 -9.524787 3.315921 -0.386856 -0.821316
    31 1.474215 -0.497926 -1.376118 0.979444 0.426216 -0.250736
    32 1.832179 -0.000010 -0.000002 -2.526135 -0.301549 0.609667
    33 1.042025 -0.000004 -0.000009 -2.896901 -0.278839 -0.192682
    34 3.823320 0.664865 -1.331676 0.207739 0.287345 -0.138629
    35 2.152367 -0.000001 0.000004 0.062007 -0.001500 0.005920
    36 1.056622 -0.000011 0.000000 0.241003 0.000717 -0.002178
    37 3.985134 0.881805 -0.368986 0.128322 -0.008132 -0.090211
    38 1.830183 0.000015 0.000000 0.063848 -0.073976 -1.510189
    39 1.561352 0.000008 -0.000004 0.027622 -0.015767 -1.357250
    40 4.116518 0.711272 0.551869 0.187923 0.006580 -0.361666
    41 1.752727 0.000006 0.000000 0.026509 0.029549 -1.405331
    42 0.869359 -0.000006 0.000000 0.015630 -0.073487 -0.926076
    43 4.118826 0.331223 1.419829 0.128888 -0.005990 -0.280207
    44 1.176321 0.000006 0.000000 -0.027338 0.139049 -0.923530
    45 0.970199 -0.000002 -0.000004 1.655618 0.044631 -1.487290
    46 -7.606037 1.001330 -4.120493 -2.807342 0.908474 -1.933986
    47 12.706336 -0.000035 -0.000009 -0.215970 0.298028 -1.565529
    48 0.000000 0.000000 -0.000003 0.000000 0.000000 0.000000
    49 1.200000 0.000000 0.000010 0.000000 0.000000 0.000000
    50 0.000010 -0.300000 0.000000 3.141593 0.000000 -0.174533
    51 0.000000 -0.000001 0.000000 0.000000 0.000000 0.000000
    52 -0.000003 0.000000 0.000001 3.141592 0.000000 0.000000
    53 0.000006 0.000000 0.000004 0.000000 0.000000 0.349065
    54 0.000000 0.000000 0.000000 3.141593 0.000000 0.000000
    55 -0.000008 -0.000006 0.000000 3.141593 0.000000 0.000000
    56 0.000002 -0.000002 0.000000 3.141593 0.000000 0.000000
    57 0.000014 -0.000004 0.000000 3.141593 0.000000 0.000000
    58 -0.000001 0.000000 0.000000 3.141593 0.000000 -0.000001
    59 0.000000 0.000000 0.000000 3.141593 0.000000 0.000000
    60 0.000010 0.000017 0.000000 3.141593 0.000000 -0.000001
    61 0.000000 0.000004 0.000000 3.141593 0.000000 -0.000001
    62 0.000000 0.000006 0.000000 3.141593 0.000000 -0.000001
    63 0.000001 0.000002 0.000000 3.141593 0.000000 0.000000
    64 0.000000 0.000000 0.000000 -3.141592 0.000000 0.000000
    65 0.000000 0.000000 0.000000 -1.570797 -0.000001 0.000000
    66 0.000000 0.000000 0.000000 0.000000 0.000000 0.000000
    67 1.200000 0.000000 0.000000 0.000000 0.000000 0.000000
    68 0.000009 0.299994 0.000000 0.000000 0.000000 0.174533
    69 -0.000001 -0.000001 -0.000004 0.000000 0.000000 0.000000
    70 -0.000010 0.000000 -0.000003 -3.141592 0.000001 0.000000
    71 0.000000 0.000000 0.000000 0.000001 -0.000001 0.349065
    72 0.000000 -0.000003 0.000000 0.000000 0.000000 0.000000
    73 0.000003 0.000000 0.000000 0.000000 0.000000 0.000000
    74 -0.000010 -0.000006 0.000000 -0.000001 0.000000 0.000000
    75 0.000019 0.000002 0.000000 0.000000 0.000000 0.000000
    76 0.000001 0.000004 0.000000 0.000000 0.000000 -0.000001
    77 0.000000 0.000000 0.000000 0.000000 0.000000 -0.000001
    78 0.000001 -0.000002 0.000000 0.000000 0.000000 -0.000001
    79 0.000000 0.000000 0.000000 0.000000 0.000000 -0.000001
    80 0.000001 0.000008 0.000000 0.000000 0.000000 0.000000
    81 -0.000003 0.000004 0.000000 0.000000 0.000000 0.000000
    82 -0.000007 -0.000008 0.000000 0.000000 0.000000 -0.000001
    83 0.000000 0.000002 -0.000002 -1.570796 0.000000 0.000000
  time 116
    0 -2.563836 -16.752692 -4.828519 -1.316136 -0.389304 -0.833319
    1 -1.186523 -1.036133 0.043213 0.000000 0.000004 0.000000
    2 -1.935547 -1.362305 0.225586 0.000000 0.000002 0.000000
    3 -4.549240 -1.689358 -0.012529 0.000000 0.000000 0.000000
    4 4.331499 0.360595 -0.709097 0.000015 0.000003 0.056022
    5 3.513922 0.962076 -0.004281 0.000004 -0.000001 1.176003
    6 2.855053 0.477292 0.679213 -0.000001 -0.000004 2.896619
    7 1.649902 5.878080 0.032496 -0.000003 0.000002 -1.570796
    8 6.587842 -0.691444 0.025964 -0.000001 -0.000001 1.570796
    9 0.000002 -0.241401 -0.052690 0.000001 0.000001 0.000000
    10 10.620066 1.884898 -0.004843 -1.529186 -0.000002 3.141591
    11 -9.087198 1.359573 -0.008167 -0.000003 0.000002 -1.570796
    12 7.238401 -15.461379 -24.220549 3.728699 -0.176305 -2.433881
    13 1.473659 0.639418 -1.295234 1.635883 0.838358 0.206604
    14 1.832607 0.000002 -0.000008 3.083560 -0.001178 -0.041424
    15 1.003335 0.000005 0.000001 -3.045490 -0.027748 0.200846
    16 3.796551 -0.407884 -1.411520 0.315395 0.022575 -0.100461
    17 2.187956 0.000010 0.000000 -0.091960 0.010611 0.448456
    18 1.100960 0.000002 0.000000 0.098234 -0.028474 0.517767
    19 3.987863 -0.577452 -0.474712 0.171717 -0.074247 0.129299
    20 1.890109 -0.000010 -0.000001 0.038602 -0.028286 0.384038
    21 1.310925 0.000000 0.000000 0.157901 -0.064285 0.619726
    22 4.117986 -0.670160 0.453695 0.295757 -0.063334 0.376040
    23 1.655294 0.000008 0.000000 -0.006719 0.041960 0.921771
    24 0.869582 0.000004 0.000000 -0.153928 -0.008017 0.423947
    25 4.150630 -0.612844 1.354863 -0.288503 -0.038553 0.624976
    26 1.157247 -0.000010 -0.000002 0.021598 -0.108698 0.885102
    27 1.019835 -0.000006 0.000000 -1.489088 -0.119782 0.757441
    28 7.406140 -6.039003 -8.901889 0.458845 1.054104 -6.149284
    29 12.695427 -0.000020 -0.000008 -0.221262 0.296946 -1.577232
    30 -2.847841 -15.584341 -9.516974 3.320309 -0.385038 -0.819611
    31 1.474215 -0.497926 -1.376118 0.979444 0.426216 -0.250736
    32 1.832179 -0.000010 -0.000002 -2.526135 -0.301549 0.609667
    33 1.042025 -0.000004 -0.000009 -2.896901 -0.278839 -0.192682
    34 3.823320 0.664865 -1.331676 0.207739 0.287345 -0.138629
    35 2.152367 -0.000001 0.000004 0.062007 -0.001500 0.005920
    36 1.056622 -0.000011 0.000000 0.241003 0.000717 -0.002142
    37 3.985134 0.881805 -0.368986 0.128322 -0.008132 -0.090211
    38 1.830183 0.000015 0.000000 0.063848 -0.073976 -1.510189
    39 1.561352 0.000008 -0.000004 0.027622 -0.015767 -1.357316
    40 4.116518 0.711272 0.551869 0.187923 0.006580 -0.361666
    41 1.752727 0.000006 0.000000 0.026521 0.029537 -1.405331
    42 0.869359 -0.000006 0.000000 0.015642 -0.073475 -0.926076
    43 4.118826 0.331223 1.419829 0.128888 -0.005990 -0.280207
    44 1.176321 0.000006 0.000000 -0.027338 0.139037 -0.923530
    45 0.970199 -0.000002 -0.000004 1.655618 0.044631 -1.487290
    46 -7.606037 1.001330 -4.120493 -2.808660 0.909242 -1.935548
    47 12.706336 -0.000035 -0.000009 -0.216634 0.298136 -1.567744
    48 0.000000 0.000000 -0.000003 0.000000 0.000000 0.000000
    49 1.200000 0.000000 0.000010 0.000000 0.000000 0.000000
    50 0.000010 -0.300000 0.000000 3.141593 0.000000 -0.174533
    51 0.000000 -0.000001 0.000000 0.000000 0.000000 0.000000
    52 -0.000003 0.000000 0.000001 3.141592 0.000000 0.000000
    53 0.000006 0.000000 0.000004 0.000000 0.000000 0.349065
    54 0.000000 0.000000 0.000000 3.141593 0.000000 0.000000
    55 -0.000008 -0.000006 0.000000 3.141593 0.000000 0.000000
    56 0.000002 -0.000002 0.000000 3.141593 0.000000 0.000000
    57 0.000014 -0.000004 0.000000 3.141593 0.000000 0.000000
    58 -0.000001 0.000000 0.000000 3.141593 0.000000 -0.000001
    59 0.000000 0.000000 0.000000 3.141593 0.000000 0.000000
    60 0.000010 0.000017 0.000000 3.141593 0.000000 -0.000001
    61 0.000000 0.000004 0.000000 3.141593 0.000000 -0.000001
    62 0.000000 0.000006 0.000000 3.141593 0.000000 -0.000001
    63 0.000001 0.000002 0.000000 3.141593 0.000000 0.000000
    64 0.000000 0.000000 0.000000 -3.141592 0.000000 0.000000
    65 0.000000 0.000000 0.000000 -1.570797 -0.000001 0.000000
    66 0.000000 0.000000 0.000000 0.000000 0.000000 0.000000
    67 1.200000 0.000000 0.000000 0.000000 0.000000 0.000000
    68 0.000009 0.299994 0.000000 0.000000 0.000000 0.174533
    69 -0.000001 -0.000001 -0.000004 0.000000 0.000000 0.000000
    70 -0.000010 0.000000 -0.000003 -3.141592 0.000001 0.000000
    71 0.000000 0.000000 0.000000 0.000001 -0.000001 0.349065
    72 0.000000 -0.000003 0.000000 0.000000 0.000000 0.000000
    73 0.000003 0.000000 0.000000 0.000000 0.000000 0.000000
    74 -0.000010 -0.000006 0.000000 -0.000001 0.000000 0.000000
    75 0.000019 0.000002 0.000000 0.000000 0.000000 0.000000
    76 0.000001 0.000004 0.000000 0.000000 0.000000 -0.000001
    77 0.000000 0.000000 0.000000 0.000000 0.000000 -0.000001
    78 0.000001 -0.000002 0.000000 0.000000 0.000000 -0.000001
    79 0.000000 0.000000 0.000000 0.000000 0.000000 -0.000001
    80 0.000001 0.000008 0.000000 0.000000 0.000000 0.000000
    81 -0.000003 0.000004 0.000000 0.000000 0.000000 0.000000
    82 -0.000007 -0.000008 0.000000 0.000000 0.000000 -0.000001
    83 0.000000 0.000002 -0.000002 -1.570796 0.000000 0.000000
  time 117
    0 -2.575555 -16.752692 -4.828519 -1.312281 -0.386918 -0.831899
    1 -1.186523 -1.036133 0.043213 0.000000 0.000004 0.000000
    2 -1.935547 -1.362305 0.225586 0.000000 0.000002 0.000000
    3 -4.549240 -1.689358 -0.012529 0.000000 0.000000 0.000000
    4 4.331499 0.360595 -0.709097 0.000015 0.000003 0.056022
    5 3.513922 0.962076 -0.004281 0.000004 -0.000001 1.176003
    6 2.855053 0.477292 0.679213 -0.000001 -0.000004 2.896619
    7 1.649902 5.878080 0.032496 -0.000003 0.000002 -1.570796
    8 6.587842 -0.691444 0.025964 -0.000001 -0.000001 1.570796
    9 0.000002 -0.241401 -0.052690 0.000001 0.000001 0.000000
    10 10.620066 1.884898 -0.004843 -1.529186 -0.000002 3.141591
    11 -9.087198 1.359573 -0.008167 -0.000003 0.000002 -1.570796
    12 7.238401 -15.461379 -24.220549 3.728699 -0.176305 -2.433881
    13 1.473659 0.639418 -1.295234 1.634187 0.838703 0.196611
    14 1.832607 0.000002 -0.000008 3.083524 -0.001106 -0.044261
    15 1.003335 0.000005 0.000001 -3.045514 -0.027880 0.199336
    16 3.796551 -0.407884 -1.411520 0.312055 0.024493 -0.098289
    17 2.187956 0.000010 0.000000 -0.091073 0.010611 0.464492
    18 1.100960 0.000002 0.000000 0.103902 -0.030883 0.526333
    19 3.987863 -0.577452 -0.474712 0.171506 -0.069752 0.129096
    20 1.890109 -0.000010 -0.000001 0.039103 -0.029737 0.398054
    21 1.310925 0.000000 0.000000 0.164437 -0.067724 0.631725
    22 4.117986 -0.670160 0.453695 0.291430 -0.058142 0.376145
    23 1.655294 0.000008 0.000000 -0.004490 0.041996 0.953120
    24 0.869582 0.000004 0.000000 -0.148523 -0.008077 0.431578
    25 4.150630 -0.612844 1.354863 -0.285160 -0.028317 0.627915
    26 1.157247 -0.000010 -0.000002 0.014216 -0.109917 0.917550
    27 1.019835 -0.000006 0.000000 -1.490634 -0.121232 0.765081
    28 7.406140 -6.039003 -8.901889 0.458845 1.054104 -6.149284
    29 12.695427 -0.000020 -0.000008 -0.221262 0.296946 -1.577232
    30 -2.859560 -15.568715 -9.516974 3.324070 -0.382777 -0.818119
    31 1.474215 -0.497926 -1.376118 0.979444 0.426216 -0.250736
    32 1.832179 -0.000010 -0.000002 -2.526135 -0.301549 0.609667
    33 1.042025 -0.000004 -0.000009 -2.896961 -0.278851 -0.192682
    34 3.823320 0.664865 -1.331676 0.207739 0.287345 -0.138629
    35 2.152367 -0.000001 0.000004 0.062007 -0.001500 0.005920
    36 1.056622 -0.000011 0.000000 0.241003 0.000717 -0.002166
    37 3.985134 0.881805 -0.368986 0.128322 -0.008132 -0.090211
    38 1.830183 0.000015 0.000000 0.063848 -0.073976 -1.510189
    39 1.561352 0.000008 -0.000004 0.027622 -0.015767 -1.357283
    40 4.116518 0.711272 0.551869 0.187923 0.006580 -0.361666
    41 1.752727 0.000006 0.000000 0.026473 0.029537 -1.405331
    42 0.869359 -0.000006 0.000000 0.015594 -0.073487 -0.926076
    43 4.118826 0.331223 1.419829 0.128888 -0.005990 -0.280207
    44 1.176321 0.000006 0.000000 -0.027338 0.139049 -0.923507
    45 0.970199 -0.000002 -0.000004 1.655618 0.044631 -1.487290
    46 -7.606037 1.001330 -4.120493 -2.809770 0.909909 -1.937360
    47 12.706336 -0.000035 -0.000009 -0.217324 0.298016 -1.570143
    48 0.000000 0.000000 -0.000003 0.000000 0.000000 0.000000
    49 1.200000 0.000000 0.000010 0.000000 0.000000 0.000000
    50 0.000010 -0.300000 0.000000 3.141593 0.000000 -0.174533
    51 0.000000 -0.000001 0.000000 0.000000 0.000000 0.000000
    52 -0.000003 0.000000 0.000001 3.141592 0.000000 0.000000
    53 0.000006 0.000000 0.000004 0.000000 0.000000 0.349065
    54 0.000000 0.000000 0.000000 3.141593 0.000000 0.000000
    55 -0.000008 -0.000006 0.000000 3.141593 0.000000 0.000000
    56 0.000002 -0.000002 0.000000 3.141593 0.000000 0.000000
    57 0.000014 -0.000004 0.000000 3.141593 0.000000 0.000000
    58 -0.000001 0.000000 0.000000 3.141593 0.000000 -0.000001
    59 0.000000 0.000000 0.000000 3.141593 0.000000 0.000000
    60 0.000010 0.000017 0.000000 3.141593 0.000000 -0.000001
    61 0.000000 0.000004 0.000000 3.141593 0.000000 -0.000001
    62 0.000000 0.000006 0.000000 3.141593 0.000000 -0.000001
    63 0.000001 0.000002 0.000000 3.141593 0.000000 0.000000
    64 0.000000 0.000000 0.000000 -3.141592 0.000000 0.000000
    65 0.000000 0.000000 0.000000 -1.570797 -0.000001 0.000000
    66 0.000000 0.000000 0.000000 0.000000 0.000000 0.000000
    67 1.200000 0.000000 0.000000 0.000000 0.000000 0.000000
    68 0.000009 0.299994 0.000000 0.000000 0.000000 0.174533
    69 -0.000001 -0.000001 -0.000004 0.000000 0.000000 0.000000
    70 -0.000010 0.000000 -0.000003 -3.141592 0.000001 0.000000
    71 0.000000 0.000000 0.000000 0.000001 -0.000001 0.349065
    72 0.000000 -0.000003 0.000000 0.000000 0.000000 0.000000
    73 0.000003 0.000000 0.000000 0.000000 0.000000 0.000000
    74 -0.000010 -0.000006 0.000000 -0.000001 0.000000 0.000000
    75 0.000019 0.000002 0.000000 0.000000 0.000000 0.000000
    76 0.000001 0.000004 0.000000 0.000000 0.000000 -0.000001
    77 0.000000 0.000000 0.000000 0.000000 0.000000 -0.000001
    78 0.000001 -0.000002 0.000000 0.000000 0.000000 -0.000001
    79 0.000000 0.000000 0.000000 0.000000 0.000000 -0.000001
    80 0.000001 0.000008 0.000000 0.000000 0.000000 0.000000
    81 -0.000003 0.000004 0.000000 0.000000 0.000000 0.000000
    82 -0.000007 -0.000008 0.000000 0.000000 0.000000 -0.000001
    83 0.000000 0.000002 -0.000002 -1.570796 0.000000 0.000000
  time 118
    0 -2.587274 -16.752692 -4.828519 -1.309143 -0.384396 -0.831403
    1 -1.186523 -1.036133 0.043213 0.000000 0.000004 0.000000
    2 -1.935547 -1.362305 0.225586 0.000000 0.000002 0.000000
    3 -4.549240 -1.689358 -0.012529 0.000000 0.000000 0.000000
    4 4.331499 0.360595 -0.709097 0.000015 0.000003 0.056022
    5 3.513922 0.962076 -0.004281 0.000004 -0.000001 1.176003
    6 2.855053 0.477292 0.679213 -0.000001 -0.000004 2.896619
    7 1.649902 5.878080 0.032496 -0.000003 0.000002 -1.570796
    8 6.587842 -0.691444 0.025964 -0.000001 -0.000001 1.570796
    9 0.000002 -0.241401 -0.052690 0.000001 0.000001 0.000000
    10 10.620066 1.884898 -0.004843 -1.529186 -0.000002 3.141591
    11 -9.087198 1.359573 -0.008167 -0.000003 0.000002 -1.570796
    12 7.238401 -15.461379 -24.220549 3.728699 -0.176305 -2.433881
    13 1.473659 0.639418 -1.295234 1.632376 0.838917 0.186308
    14 1.832607 0.000002 -0.000008 3.083500 -0.001094 -0.047033
    15 1.003335 0.000005 0.000001 -3.045526 -0.028071 0.197670
    16 3.796551 -0.407884 -1.411520 0.308770 0.026411 -0.096092
    17 2.187956 0.000010 0.000000 -0.090030 0.010611 0.480481
    18 1.100960 0.000002 0.000000 0.109763 -0.033340 0.535005
    19 3.987863 -0.577452 -0.474712 0.171246 -0.065462 0.128615
    20 1.890109 -0.000010 -0.000001 0.039560 -0.031103 0.412344
    21 1.310925 0.000000 0.000000 0.170902 -0.071440 0.643707
    22 4.117986 -0.670160 0.453695 0.287320 -0.052837 0.376145
    23 1.655294 0.000008 0.000000 -0.002321 0.042008 0.984394
    24 0.869582 0.000004 0.000000 -0.143106 -0.008197 0.439263
    25 4.150630 -0.608938 1.354863 -0.281636 -0.018128 0.630875
    26 1.157247 -0.000010 -0.000002 0.006618 -0.110979 0.950480
    27 1.019835 -0.000006 0.000000 -1.492192 -0.122598 0.772743
    28 7.406140 -6.039003 -8.901889 0.458845 1.054104 -6.149284
    29 12.695427 -0.000020 -0.000008 -0.221262 0.296946 -1.577232
    30 -2.871279 -15.556996 -9.513068 3.327383 -0.380241 -0.817125
    31 1.474215 -0.497926 -1.376118 0.979444 0.426216 -0.250736
    32 1.832179 -0.000010 -0.000002 -2.526123 -0.301549 0.609667
    33 1.042025 -0.000004 -0.000009 -2.896901 -0.278839 -0.192682
    34 3.823320 0.664865 -1.331676 0.207739 0.287345 -0.138629
    35 2.152367 -0.000001 0.000004 0.062019 -0.001500 0.005920
    36 1.056622 -0.000011 0.000000 0.241003 0.000717 -0.002178
    37 3.985134 0.881805 -0.368986 0.128322 -0.008132 -0.090211
    38 1.830183 0.000015 0.000000 0.063848 -0.073976 -1.510189
    39 1.561352 0.000008 -0.000004 0.027622 -0.015767 -1.357283
    40 4.116518 0.711272 0.551869 0.187923 0.006580 -0.361666
    41 1.752727 0.000006 0.000000 0.026521 0.029537 -1.405331
    42 0.869359 -0.000006 0.000000 0.015642 -0.073499 -0.926076
    43 4.118826 0.331223 1.419829 0.128888 -0.005990 -0.280207
    44 1.176321 0.000006 0.000000 -0.027338 0.139049 -0.923484
    45 0.970199 -0.000002 -0.000004 1.655618 0.044631 -1.487290
    46 -7.606037 1.001330 -4.120493 -2.810949 0.910710 -1.939359
    47 12.706336 -0.000035 -0.000009 -0.218027 0.298124 -1.572605
    48 0.000000 0.000000 -0.000003 0.000000 0.000000 0.000000
    49 1.200000 0.000000 0.000010 0.000000 0.000000 0.000000
    50 0.000010 -0.300000 0.000000 3.141593 0.000000 -0.174533
    51 0.000000 -0.000001 0.000000 0.000000 0.000000 0.000000
    52 -0.000003 0.000000 0.000001 3.141592 0.000000 0.000000
    53 0.000006 0.000000 0.000004 0.000000 0.000000 0.349065
    54 0.000000 0.000000 0.000000 3.141593 0.000000 0.000000
    55 -0.000008 -0.000006 0.000000 3.141593 0.000000 0.000000
    56 0.000002 -0.000002 0.000000 3.141593 0.000000 0.000000
    57 0.000014 -0.000004 0.000000 3.141593 0.000000 0.000000
    58 -0.000001 0.000000 0.000000 3.141593 0.000000 -0.000001
    59 0.000000 0.000000 0.000000 3.141593 0.000000 0.000000
    60 0.000010 0.000017 0.000000 3.141593 0.000000 -0.000001
    61 0.000000 0.000004 0.000000 3.141593 0.000000 -0.000001
    62 0.000000 0.000006 0.000000 3.141593 0.000000 -0.000001
    63 0.000001 0.000002 0.000000 3.141593 0.000000 0.000000
    64 0.000000 0.000000 0.000000 -3.141592 0.000000 0.000000
    65 0.000000 0.000000 0.000000 -1.570797 -0.000001 0.000000
    66 0.000000 0.000000 0.000000 0.000000 0.000000 0.000000
    67 1.200000 0.000000 0.000000 0.000000 0.000000 0.000000
    68 0.000009 0.299994 0.000000 0.000000 0.000000 0.174533
    69 -0.000001 -0.000001 -0.000004 0.000000 0.000000 0.000000
    70 -0.000010 0.000000 -0.000003 -3.141592 0.000001 0.000000
    71 0.000000 0.000000 0.000000 0.000001 -0.000001 0.349065
    72 0.000000 -0.000003 0.000000 0.000000 0.000000 0.000000
    73 0.000003 0.000000 0.000000 0.000000 0.000000 0.000000
    74 -0.000010 -0.000006 0.000000 -0.000001 0.000000 0.000000
    75 0.000019 0.000002 0.000000 0.000000 0.000000 0.000000
    76 0.000001 0.000004 0.000000 0.000000 0.000000 -0.000001
    77 0.000000 0.000000 0.000000 0.000000 0.000000 -0.000001
    78 0.000001 -0.000002 0.000000 0.000000 0.000000 -0.000001
    79 0.000000 0.000000 0.000000 0.000000 0.000000 -0.000001
    80 0.000001 0.000008 0.000000 0.000000 0.000000 0.000000
    81 -0.000003 0.000004 0.000000 0.000000 0.000000 0.000000
    82 -0.000007 -0.000008 0.000000 0.000000 0.000000 -0.000001
    83 0.000000 0.000002 -0.000002 -1.570796 0.000000 0.000000
  time 119
    0 -2.598994 -16.752692 -4.828519 -1.306588 -0.381829 -0.829628
    1 -1.186523 -1.036133 0.043213 0.000000 0.000004 0.000000
    2 -1.935547 -1.362305 0.225586 0.000000 0.000002 0.000000
    3 -4.549240 -1.689358 -0.012529 0.000000 0.000000 0.000000
    4 4.331499 0.360595 -0.709097 0.000015 0.000003 0.056022
    5 3.513922 0.962076 -0.004281 0.000004 -0.000001 1.176003
    6 2.855053 0.477292 0.679213 -0.000001 -0.000004 2.896619
    7 1.649902 5.878080 0.032496 -0.000003 0.000002 -1.570796
    8 6.587842 -0.691444 0.025964 -0.000001 -0.000001 1.570796
    9 0.000002 -0.241401 -0.052690 0.000001 0.000001 0.000000
    10 10.620066 1.884898 -0.004843 -1.568531 -0.000002 3.141351
    11 -9.087198 1.359573 -0.008167 -0.000003 0.000002 -1.570796
    12 7.238401 -15.461379 -24.220549 3.728699 -0.176305 -2.433881
    13 1.473659 0.639418 -1.295234 1.630680 0.838999 0.175808
    14 1.832607 0.000002 -0.000008 3.083476 -0.001083 -0.049903
    15 1.003335 0.000005 0.000001 -3.045526 -0.028395 0.195848
    16 3.796551 -0.407884 -1.411520 0.305484 0.028347 -0.093994
    17 2.187956 0.000010 0.000000 -0.088951 0.010611 0.496470
    18 1.100960 0.000002 0.000000 0.115515 -0.035796 0.543535
    19 3.987863 -0.577452 -0.474712 0.171002 -0.061016 0.128208
    20 1.890109 -0.000010 -0.000001 0.039973 -0.032373 0.426673
    21 1.310925 0.000000 0.000000 0.177381 -0.075203 0.655658
    22 4.117986 -0.670160 0.453695 0.282933 -0.047626 0.376145
    23 1.655294 0.000008 0.000000 -0.000212 0.041996 1.015555
    24 0.869582 0.000004 0.000000 -0.137677 -0.008449 0.446922
    25 4.150630 -0.624564 1.354863 -0.278341 -0.007908 0.633772
    26 1.157247 -0.000010 -0.000002 -0.000993 -0.111857 0.983336
    27 1.019835 -0.000006 0.000000 -1.493762 -0.123904 0.780425
    28 7.406140 -6.039003 -8.901889 0.458845 1.054104 -6.149284
    29 12.695427 -0.000020 -0.000008 -0.221262 0.296946 -1.577232
    30 -2.890811 -15.541371 -9.505255 3.329935 -0.377705 -0.815917
    31 1.474215 -0.497926 -1.376118 0.979444 0.426216 -0.250736
    32 1.832179 -0.000010 -0.000002 -2.526135 -0.301549 0.609667
    33 1.042025 -0.000004 -0.000009 -2.896901 -0.278839 -0.192682
    34 3.823320 0.664865 -1.331676 0.207739 0.287393 -0.138629
    35 2.152367 -0.000001 0.000004 0.062007 -0.001500 0.005920
    36 1.056622 -0.000011 0.000000 0.241003 0.000717 -0.002154
    37 3.985134 0.881805 -0.368986 0.128322 -0.008132 -0.090211
    38 1.830183 0.000015 0.000000 0.063848 -0.073976 -1.510189
    39 1.561352 0.000008 -0.000004 0.027622 -0.015767 -1.357250
    40 4.116518 0.711272 0.551869 0.187923 0.006580 -0.361666
    41 1.752727 0.000006 0.000000 0.026509 0.029537 -1.405331
    42 0.869359 -0.000006 0.000000 0.015642 -0.073487 -0.926076
    43 4.118826 0.331223 1.419829 0.128888 -0.005990 -0.280207
    44 1.176321 0.000006 0.000000 -0.027338 0.139049 -0.923507
    45 0.970199 -0.000002 -0.000004 1.655618 0.044631 -1.487290
    46 -7.606037 1.001330 -4.120493 -2.812198 0.911511 -1.941296
    47 12.706336 -0.000035 -0.000009 -0.218691 0.298136 -1.574820
    48 0.000000 0.000000 -0.000003 0.000000 0.000000 0.000000
    49 1.200000 0.000000 0.000010 0.000000 0.000000 0.000000
    50 0.000010 -0.300000 0.000000 3.141593 0.000000 -0.174533
    51 0.000000 -0.000001 0.000000 0.000000 0.000000 0.000000
    52 -0.000003 0.000000 0.000001 3.141592 0.000000 0.000000
    53 0.000006 0.000000 0.000004 0.000000 0.000000 0.349065
    54 0.000000 0.000000 0.000000 3.141593 0.000000 0.000000
    55 -0.000008 -0.000006 0.000000 3.141593 0.000000 0.000000
    56 0.000002 -0.000002 0.000000 3.141593 0.000000 0.000000
    57 0.000014 -0.000004 0.000000 3.141593 0.000000 0.000000
    58 -0.000001 0.000000 0.000000 3.141593 0.000000 -0.000001
    59 0.000000 0.000000 0.000000 3.141593 0.000000 0.000000
    60 0.000010 0.000017 0.000000 3.141593 0.000000 -0.000001
    61 0.000000 0.000004 0.000000 3.141593 0.000000 -0.000001
    62 0.000000 0.000006 0.000000 3.141593 0.000000 -0.000001
    63 0.000001 0.000002 0.000000 3.141593 0.000000 0.000000
    64 0.000000 0.000000 0.000000 -3.141592 0.000000 0.000000
    65 0.000000 0.000000 0.000000 -1.570797 -0.000001 0.000000
    66 0.000000 0.000000 0.000000 0.000000 0.000000 0.000000
    67 1.200000 0.000000 0.000000 0.000000 0.000000 0.000000
    68 0.000009 0.299994 0.000000 0.000000 0.000000 0.174533
    69 -0.000001 -0.000001 -0.000004 0.000000 0.000000 0.000000
    70 -0.000010 0.000000 -0.000003 -3.141592 0.000001 0.000000
    71 0.000000 0.000000 0.000000 0.000001 -0.000001 0.349065
    72 0.000000 -0.000003 0.000000 0.000000 0.000000 0.000000
    73 0.000003 0.000000 0.000000 0.000000 0.000000 0.000000
    74 -0.000010 -0.000006 0.000000 -0.000001 0.000000 0.000000
    75 0.000019 0.000002 0.000000 0.000000 0.000000 0.000000
    76 0.000001 0.000004 0.000000 0.000000 0.000000 -0.000001
    77 0.000000 0.000000 0.000000 0.000000 0.000000 -0.000001
    78 0.000001 -0.000002 0.000000 0.000000 0.000000 -0.000001
    79 0.000000 0.000000 0.000000 0.000000 0.000000 -0.000001
    80 0.000001 0.000008 0.000000 0.000000 0.000000 0.000000
    81 -0.000003 0.000004 0.000000 0.000000 0.000000 0.000000
    82 -0.000007 -0.000008 0.000000 0.000000 0.000000 -0.000001
    83 0.000000 0.000002 -0.000002 -1.570796 0.000000 0.000000
  time 120
    0 -2.606806 -16.752692 -4.828519 -1.304750 -0.379428 -0.828847
    1 -1.185547 -1.037109 0.043213 0.000000 0.000004 0.000000
    2 -1.936523 -1.362305 0.225586 0.000000 0.000002 0.000000
    3 -4.549240 -1.689358 -0.012529 0.000000 0.000000 0.000000
    4 4.331499 0.360595 -0.709097 0.000015 0.000003 0.056022
    5 3.513922 0.962076 -0.004281 0.000004 -0.000001 1.176003
    6 2.855053 0.477292 0.679213 -0.000001 -0.000004 2.896619
    7 1.649902 5.878080 0.032496 -0.000003 0.000002 -1.570796
    8 6.587842 -0.691444 0.025964 -0.000001 -0.000001 1.570796
    9 0.000002 -0.241401 -0.052690 0.000001 0.000001 0.000000
    10 10.620066 1.884898 -0.004843 -1.529186 -0.000002 3.141591
    11 -9.087198 1.359573 -0.008167 -0.000003 0.000002 -1.570796
    12 7.238401 -15.461379 -24.220549 3.728699 -0.176305 -2.433881
    13 1.473659 0.639418 -1.295234 1.628869 0.838983 0.165252
    14 1.832607 0.000002 -0.000008 3.083464 -0.001011 -0.052773
    15 1.003335 0.000005 0.000001 -3.045550 -0.028623 0.193995
    16 3.804364 -0.407884 -1.411520 0.302181 0.030282 -0.091822
    17 2.187956 0.000010 0.000000 -0.088041 0.010611 0.512599
    18 1.100960 0.000002 0.000000 0.121148 -0.038265 0.552172
    19 3.987863 -0.577452 -0.474712 0.170758 -0.056485 0.127690
    20 1.890109 -0.000010 -0.000001 0.040415 -0.033775 0.440924
    21 1.310925 0.000000 0.000000 0.183846 -0.079002 0.667576
    22 4.117986 -0.670160 0.453695 0.278751 -0.042453 0.376145
    23 1.655294 0.000008 0.000000 0.001994 0.041972 1.046490
    24 0.869582 0.000004 0.000000 -0.132248 -0.008700 0.454635
    25 4.150630 -0.624564 1.354863 -0.274769 0.002313 0.636690
    26 1.157247 -0.000010 -0.000002 -0.008483 -0.112487 1.015599
    27 1.019835 -0.000006 0.000000 -1.495344 -0.125282 0.788086
    28 7.406140 -6.039003 -8.901889 0.458845 1.054104 -6.149284
    29 12.695427 -0.000020 -0.000008 -0.221262 0.296946 -1.577232
    30 -2.902530 -15.525745 -9.505255 3.331861 -0.375322 -0.815420
    31 1.474215 -0.497926 -1.376118 0.979456 0.426216 -0.250748
    32 1.832179 -0.000010 -0.000002 -2.526135 -0.301549 0.609667
    33 1.042025 -0.000004 -0.000009 -2.896925 -0.278827 -0.192682
    34 3.823320 0.664865 -1.331676 0.207739 0.287429 -0.138629
    35 2.152367 -0.000001 0.000004 0.062007 -0.001512 0.005920
    36 1.056622 -0.000011 0.000000 0.241003 0.000705 -0.002178
    37 3.985134 0.881805 -0.368986 0.128322 -0.008132 -0.090211
    38 1.830183 0.000015 0.000000 0.063848 -0.073976 -1.510192
    39 1.561352 0.000008 -0.000004 0.027622 -0.015767 -1.357316
    40 4.116518 0.711272 0.551869 0.187923 0.006580 -0.361666
    41 1.752727 0.000006 0.000000 0.026521 0.029537 -1.405331
    42 0.869359 -0.000006 0.000000 0.015618 -0.073475 -0.926076
    43 4.118826 0.331223 1.419829 0.128888 -0.005990 -0.280207
    44 1.176321 0.000006 0.000000 -0.027338 0.139037 -0.923484
    45 0.970199 -0.000002 -0.000004 1.655618 0.044631 -1.487290
    46 -7.606037 1.001330 -4.120493 -2.813100 0.912245 -1.943108
    47 12.706336 -0.000035 -0.000009 -0.219264 0.298124 -1.576789
    48 0.000000 0.000000 -0.000003 0.000000 0.000000 0.000000
    49 1.200000 0.000000 0.000010 0.000000 0.000000 0.000000
    50 0.000010 -0.300000 0.000000 3.141593 0.000000 -0.174533
    51 0.000000 -0.000001 0.000000 0.000000 0.000000 0.000000
    52 -0.000003 0.000000 0.000001 3.141592 0.000000 0.000000
    53 0.000006 0.000000 0.000004 0.000000 0.000000 0.349065
    54 0.000000 0.000000 0.000000 3.141593 0.000000 0.000000
    55 -0.000008 -0.000006 0.000000 3.141593 0.000000 0.000000
    56 0.000002 -0.000002 0.000000 3.141593 0.000000 0.000000
    57 0.000014 -0.000004 0.000000 3.141593 0.000000 0.000000
    58 -0.000001 0.000000 0.000000 3.141593 0.000000 -0.000001
    59 0.000000 0.000000 0.000000 3.141593 0.000000 0.000000
    60 0.000010 0.000017 0.000000 3.141593 0.000000 -0.000001
    61 0.000000 0.000004 0.000000 3.141593 0.000000 -0.000001
    62 0.000000 0.000006 0.000000 3.141593 0.000000 -0.000001
    63 0.000001 0.000002 0.000000 3.141593 0.000000 0.000000
    64 0.000000 0.000000 0.000000 -3.141592 0.000000 0.000000
    65 0.000000 0.000000 0.000000 -1.570797 -0.000001 0.000000
    66 0.000000 0.000000 0.000000 0.000000 0.000000 0.000000
    67 1.200000 0.000000 0.000000 0.000000 0.000000 0.000000
    68 0.000009 0.299994 0.000000 0.000000 0.000000 0.174533
    69 -0.000001 -0.000001 -0.000004 0.000000 0.000000 0.000000
    70 -0.000010 0.000000 -0.000003 -3.141592 0.000001 0.000000
    71 0.000000 0.000000 0.000000 0.000001 -0.000001 0.349065
    72 0.000000 -0.000003 0.000000 0.000000 0.000000 0.000000
    73 0.000003 0.000000 0.000000 0.000000 0.000000 0.000000
    74 -0.000010 -0.000006 0.000000 -0.000001 0.000000 0.000000
    75 0.000019 0.000002 0.000000 0.000000 0.000000 0.000000
    76 0.000001 0.000004 0.000000 0.000000 0.000000 -0.000001
    77 0.000000 0.000000 0.000000 0.000000 0.000000 -0.000001
    78 0.000001 -0.000002 0.000000 0.000000 0.000000 -0.000001
    79 0.000000 0.000000 0.000000 0.000000 0.000000 -0.000001
    80 0.000001 0.000008 0.000000 0.000000 0.000000 0.000000
    81 -0.000003 0.000004 0.000000 0.000000 0.000000 0.000000
    82 -0.000007 -0.000008 0.000000 0.000000 0.000000 -0.000001
    83 0.000000 0.000002 -0.000002 -1.570796 0.000000 0.000000
  time 121
    0 -2.618525 -16.752692 -4.828519 -1.303226 -0.377404 -0.828208
    1 -1.185547 -1.037109 0.043213 0.000000 0.000004 0.000000
    2 -1.936523 -1.362305 0.225586 0.000000 0.000002 0.000000
    3 -4.549240 -1.689358 -0.012529 0.000000 0.000000 0.000000
    4 4.331499 0.360595 -0.709097 0.000015 0.000003 0.056022
    5 3.513922 0.962076 -0.004281 0.000004 -0.000001 1.176003
    6 2.855053 0.477292 0.679213 -0.000001 -0.000004 2.896619
    7 1.649902 5.878080 0.032496 -0.000003 0.000002 -1.570796
    8 6.587842 -0.691444 0.025964 -0.000001 -0.000001 1.570796
    9 0.000002 -0.241401 -0.052690 0.000001 0.000001 0.000000
    10 10.620066 1.884898 -0.004843 -1.568531 -0.000002 3.141351
    11 -9.087198 1.359573 -0.008167 -0.000003 0.000002 -1.570796
    12 7.238401 -15.461379 -24.220549 3.728699 -0.176305 -2.433881
    13 1.473659 0.639418 -1.295234 1.627058 0.838835 0.154442
    14 1.832607 0.000002 -0.000008 3.083440 -0.000927 -0.055643
    15 1.003335 0.000005 0.000001 -3.045562 -0.028706 0.191986
    16 3.804364 -0.407884 -1.411520 0.298896 0.032288 -0.089699
    17 2.187956 0.000010 0.000000 -0.087082 0.010611 0.528449
    18 1.100960 0.000002 0.000000 0.126961 -0.040986 0.560773
    19 3.987863 -0.577452 -0.474712 0.170547 -0.052159 0.127172
    20 1.890109 -0.000010 -0.000001 0.040799 -0.035285 0.455527
    21 1.310925 0.000000 0.000000 0.190226 -0.082873 0.679462
    22 4.117986 -0.670160 0.453695 0.274304 -0.037129 0.376040
    23 1.655294 0.000008 0.000000 0.004211 0.041816 1.077237
    24 0.869582 0.000004 0.000000 -0.126807 -0.008868 0.462293
    25 4.150630 -0.624564 1.354863 -0.271389 0.012502 0.639565
    26 1.157247 -0.000010 -0.000002 -0.016021 -0.112841 1.048455
    27 1.019835 -0.000006 0.000000 -1.496938 -0.126769 0.795789
    28 7.406140 -6.039003 -8.901889 0.458845 1.054104 -6.149284
    29 12.695427 -0.000020 -0.000008 -0.221262 0.296946 -1.577232
    30 -2.918156 -15.514026 -9.497442 3.333249 -0.373290 -0.814496
    31 1.474215 -0.497926 -1.376118 0.979456 0.426216 -0.250748
    32 1.832179 -0.000010 -0.000002 -2.526135 -0.301549 0.609667
    33 1.042025 -0.000004 -0.000009 -2.896925 -0.278827 -0.192682
    34 3.823320 0.664865 -1.331676 0.207739 0.287357 -0.138629
    35 2.152367 -0.000001 0.000004 0.062031 -0.001512 0.005920
    36 1.056622 -0.000011 0.000000 0.241003 0.000705 -0.002202
    37 3.985134 0.881805 -0.368986 0.128322 -0.008132 -0.090211
    38 1.830183 0.000015 0.000000 0.063848 -0.073976 -1.510192
    39 1.561352 0.000008 -0.000004 0.027622 -0.015767 -1.357349
    40 4.116518 0.711272 0.551869 0.187923 0.006580 -0.361666
    41 1.752727 0.000006 0.000000 0.026485 0.029537 -1.405331
    42 0.869359 -0.000006 0.000000 0.015594 -0.073475 -0.926076
    43 4.118826 0.331223 1.419829 0.128888 -0.005990 -0.280207
    44 1.176321 0.000006 0.000000 -0.027338 0.139049 -0.923507
    45 0.970199 -0.000002 -0.000004 1.655618 0.044631 -1.487290
    46 -7.606037 1.001330 -4.120493 -2.813863 0.912779 -1.944732
    47 12.706336 -0.000035 -0.000009 -0.219615 0.298124 -1.578389
    48 0.000000 0.000000 -0.000003 0.000000 0.000000 0.000000
    49 1.200000 0.000000 0.000010 0.000000 0.000000 0.000000
    50 0.000010 -0.300000 0.000000 3.141593 0.000000 -0.174533
    51 0.000000 -0.000001 0.000000 0.000000 0.000000 0.000000
    52 -0.000003 0.000000 0.000001 3.141592 0.000000 0.000000
    53 0.000006 0.000000 0.000004 0.000000 0.000000 0.349065
    54 0.000000 0.000000 0.000000 3.141593 0.000000 0.000000
    55 -0.000008 -0.000006 0.000000 3.141593 0.000000 0.000000
    56 0.000002 -0.000002 0.000000 3.141593 0.000000 0.000000
    57 0.000014 -0.000004 0.000000 3.141593 0.000000 0.000000
    58 -0.000001 0.000000 0.000000 3.141593 0.000000 -0.000001
    59 0.000000 0.000000 0.000000 3.141593 0.000000 0.000000
    60 0.000010 0.000017 0.000000 3.141593 0.000000 -0.000001
    61 0.000000 0.000004 0.000000 3.141593 0.000000 -0.000001
    62 0.000000 0.000006 0.000000 3.141593 0.000000 -0.000001
    63 0.000001 0.000002 0.000000 3.141593 0.000000 0.000000
    64 0.000000 0.000000 0.000000 -3.141592 0.000000 0.000000
    65 0.000000 0.000000 0.000000 -1.570797 -0.000001 0.000000
    66 0.000000 0.000000 0.000000 0.000000 0.000000 0.000000
    67 1.200000 0.000000 0.000000 0.000000 0.000000 0.000000
    68 0.000009 0.299994 0.000000 0.000000 0.000000 0.174533
    69 -0.000001 -0.000001 -0.000004 0.000000 0.000000 0.000000
    70 -0.000010 0.000000 -0.000003 -3.141592 0.000001 0.000000
    71 0.000000 0.000000 0.000000 0.000001 -0.000001 0.349065
    72 0.000000 -0.000003 0.000000 0.000000 0.000000 0.000000
    73 0.000003 0.000000 0.000000 0.000000 0.000000 0.000000
    74 -0.000010 -0.000006 0.000000 -0.000001 0.000000 0.000000
    75 0.000019 0.000002 0.000000 0.000000 0.000000 0.000000
    76 0.000001 0.000004 0.000000 0.000000 0.000000 -0.000001
    77 0.000000 0.000000 0.000000 0.000000 0.000000 -0.000001
    78 0.000001 -0.000002 0.000000 0.000000 0.000000 -0.000001
    79 0.000000 0.000000 0.000000 0.000000 0.000000 -0.000001
    80 0.000001 0.000008 0.000000 0.000000 0.000000 0.000000
    81 -0.000003 0.000004 0.000000 0.000000 0.000000 0.000000
    82 -0.000007 -0.000008 0.000000 0.000000 0.000000 -0.000001
    83 0.000000 0.000002 -0.000002 -1.570796 0.000000 0.000000
  time 122
    0 -2.626338 -16.752692 -4.828519 -1.302419 -0.375879 -0.828137
    1 -1.185547 -1.037109 0.043213 0.000000 0.000004 0.000000
    2 -1.936523 -1.362305 0.225586 0.000000 0.000002 0.000000
    3 -4.549240 -1.689358 -0.012529 0.000000 0.000000 0.000000
    4 4.331499 0.360595 -0.709097 0.000015 0.000003 0.056022
    5 3.513922 0.962076 -0.004281 0.000004 -0.000001 1.176003
    6 2.855053 0.477292 0.679213 -0.000001 -0.000004 2.896619
    7 1.649902 5.878080 0.032496 -0.000003 0.000002 -1.570796
    8 6.587842 -0.691444 0.025964 -0.000001 -0.000001 1.570796
    9 0.000002 -0.241401 -0.052690 0.000001 0.000001 0.000000
    10 10.620066 1.884898 -0.004843 -1.568531 -0.000002 3.141351
    11 -9.087198 1.359573 -0.008167 -0.000003 0.000002 -1.570796
    12 7.238401 -15.461379 -24.220549 3.728699 -0.176305 -2.433881
    13 1.473659 0.639418 -1.295234 1.625161 0.838506 0.143548
    14 1.832607 0.000002 -0.000008 3.083464 -0.000843 -0.058415
    15 1.003335 0.000005 0.000001 -3.045562 -0.028898 0.189806
    16 3.804364 -0.407884 -1.411520 0.295611 0.034224 -0.087601
    17 2.187956 0.000010 0.000000 -0.085955 0.010599 0.544717
    18 1.100960 0.000002 0.000000 0.132617 -0.043574 0.569303
    19 3.987863 -0.577452 -0.474712 0.170303 -0.047701 0.126562
    20 1.890109 -0.000010 -0.000001 0.041123 -0.036736 0.470287
    21 1.310925 0.000000 0.000000 0.196620 -0.086816 0.691300
    22 4.117986 -0.670160 0.453695 0.270062 -0.031937 0.375830
    23 1.655294 0.000008 0.000000 0.006308 0.041480 1.107683
    24 0.869582 0.000004 0.000000 -0.121366 -0.009240 0.469924
    25 4.150630 -0.612844 1.354863 -0.267782 0.022691 0.642378
    26 1.157247 -0.000010 -0.000002 -0.023667 -0.113050 1.080718
    27 1.019835 -0.000006 0.000000 -1.498508 -0.128123 0.803471
    28 7.406140 -6.039003 -8.901889 0.458845 1.054104 -6.149284
    29 12.695427 -0.000020 -0.000008 -0.221262 0.296946 -1.577232
    30 -2.922062 -15.510120 -9.497442 3.334279 -0.371808 -0.814070
    31 1.474215 -0.497926 -1.376118 0.979456 0.426216 -0.250748
    32 1.832179 -0.000010 -0.000002 -2.526135 -0.301549 0.609667
    33 1.042025 -0.000004 -0.000009 -2.896901 -0.278839 -0.192682
    34 3.823320 0.664865 -1.331676 0.207739 0.287345 -0.138629
    35 2.152367 -0.000001 0.000004 0.062007 -0.001512 0.005920
    36 1.056622 -0.000011 0.000000 0.241003 0.000705 -0.002178
    37 3.985134 0.881805 -0.368986 0.128322 -0.008132 -0.090211
    38 1.830183 0.000015 0.000000 0.063848 -0.073976 -1.510192
    39 1.561352 0.000008 -0.000004 0.027622 -0.015767 -1.357283
    40 4.116518 0.711272 0.551869 0.187923 0.006580 -0.361666
    41 1.752727 0.000006 0.000000 0.026509 0.029537 -1.405331
    42 0.869359 -0.000006 0.000000 0.015642 -0.073475 -0.926076
    43 4.118826 0.331223 1.419829 0.128888 -0.005990 -0.280207
    44 1.176321 0.000006 0.000000 -0.027338 0.139049 -0.923530
    45 0.970199 -0.000002 -0.000004 1.655618 0.044631 -1.487290
    46 -7.606037 1.001330 -4.120493 -2.814418 0.913146 -1.946044
    47 12.706336 -0.000035 -0.000009 -0.220110 0.298100 -1.579681
    48 0.000000 0.000000 -0.000003 0.000000 0.000000 0.000000
    49 1.200000 0.000000 0.000010 0.000000 0.000000 0.000000
    50 0.000010 -0.300000 0.000000 3.141593 0.000000 -0.174533
    51 0.000000 -0.000001 0.000000 0.000000 0.000000 0.000000
    52 -0.000003 0.000000 0.000001 3.141592 0.000000 0.000000
    53 0.000006 0.000000 0.000004 0.000000 0.000000 0.349065
    54 0.000000 0.000000 0.000000 3.141593 0.000000 0.000000
    55 -0.000008 -0.000006 0.000000 3.141593 0.000000 0.000000
    56 0.000002 -0.000002 0.000000 3.141593 0.000000 0.000000
    57 0.000014 -0.000004 0.000000 3.141593 0.000000 0.000000
    58 -0.000001 0.000000 0.000000 3.141593 0.000000 -0.000001
    59 0.000000 0.000000 0.000000 3.141593 0.000000 0.000000
    60 0.000010 0.000017 0.000000 3.141593 0.000000 -0.000001
    61 0.000000 0.000004 0.000000 3.141593 0.000000 -0.000001
    62 0.000000 0.000006 0.000000 3.141593 0.000000 -0.000001
    63 0.000001 0.000002 0.000000 3.141593 0.000000 0.000000
    64 0.000000 0.000000 0.000000 -3.141592 0.000000 0.000000
    65 0.000000 0.000000 0.000000 -1.570797 -0.000001 0.000000
    66 0.000000 0.000000 0.000000 0.000000 0.000000 0.000000
    67 1.200000 0.000000 0.000000 0.000000 0.000000 0.000000
    68 0.000009 0.299994 0.000000 0.000000 0.000000 0.174533
    69 -0.000001 -0.000001 -0.000004 0.000000 0.000000 0.000000
    70 -0.000010 0.000000 -0.000003 -3.141592 0.000001 0.000000
    71 0.000000 0.000000 0.000000 0.000001 -0.000001 0.349065
    72 0.000000 -0.000003 0.000000 0.000000 0.000000 0.000000
    73 0.000003 0.000000 0.000000 0.000000 0.000000 0.000000
    74 -0.000010 -0.000006 0.000000 -0.000001 0.000000 0.000000
    75 0.000019 0.000002 0.000000 0.000000 0.000000 0.000000
    76 0.000001 0.000004 0.000000 0.000000 0.000000 -0.000001
    77 0.000000 0.000000 0.000000 0.000000 0.000000 -0.000001
    78 0.000001 -0.000002 0.000000 0.000000 0.000000 -0.000001
    79 0.000000 0.000000 0.000000 0.000000 0.000000 -0.000001
    80 0.000001 0.000008 0.000000 0.000000 0.000000 0.000000
    81 -0.000003 0.000004 0.000000 0.000000 0.000000 0.000000
    82 -0.000007 -0.000008 0.000000 0.000000 0.000000 -0.000001
    83 0.000000 0.000002 -0.000002 -1.570796 0.000000 0.000000
  time 123
    0 -2.634151 -16.752692 -4.828519 -1.301881 -0.374882 -0.828137
    1 -1.185547 -1.037109 0.043213 0.000000 0.000004 0.000000
    2 -1.936523 -1.362305 0.225586 0.000000 0.000002 0.000000
    3 -4.549240 -1.689358 -0.012529 0.000000 0.000000 0.000000
    4 4.331499 0.360595 -0.709097 0.000015 0.000003 0.056022
    5 3.513922 0.962076 -0.004281 0.000004 -0.000001 1.176003
    6 2.855053 0.477292 0.679213 -0.000001 -0.000004 2.896619
    7 1.649902 5.878080 0.032496 -0.000003 0.000002 -1.570796
    8 6.587842 -0.691444 0.025964 -0.000001 -0.000001 1.570796
    9 0.000002 -0.241401 -0.052690 0.000001 0.000001 0.000000
    10 10.620066 1.884898 -0.004843 -1.568531 -0.000002 3.141351
    11 -9.087198 1.359573 -0.008167 -0.000003 0.000002 -1.570796
    12 7.238401 -15.461379 -24.220549 3.728699 -0.176305 -2.433881
    13 1.473659 0.639418 -1.295234 1.623321 0.838029 0.132513
    14 1.832607 0.000002 -0.000008 3.083464 -0.000711 -0.061252
    15 1.003335 0.000005 0.000001 -3.045562 -0.029198 0.187486
    16 3.804364 -0.407884 -1.411520 0.292326 0.036159 -0.085429
    17 2.187956 0.000010 0.000000 -0.084973 0.010551 0.560892
    18 1.100960 0.000002 0.000000 0.138166 -0.046247 0.577869
    19 3.987863 -0.577452 -0.474712 0.170059 -0.043135 0.125859
    20 1.890109 -0.000010 -0.000001 0.041462 -0.038174 0.485164
    21 1.310925 0.000000 0.000000 0.203000 -0.090831 0.703105
    22 4.117986 -0.670160 0.453695 0.265616 -0.026651 0.375541
    23 1.655294 0.000008 0.000000 0.008262 0.041229 1.138016
    24 0.869582 0.000004 0.000000 -0.115925 -0.009575 0.477555
    25 4.150630 -0.612844 1.354863 -0.264366 0.032880 0.645149
    26 1.157247 -0.000010 -0.000002 -0.031230 -0.112972 1.112907
    27 1.019835 -0.000006 0.000000 -1.500101 -0.129357 0.811174
    28 7.406140 -6.039003 -8.901889 0.458845 1.054104 -6.149284
    29 12.695427 -0.000020 -0.000008 -0.221262 0.296946 -1.577232
    30 -2.933781 -15.506213 -9.497442 3.334682 -0.370861 -0.813857
    31 1.474215 -0.497926 -1.376118 0.979456 0.426216 -0.250748
    32 1.832179 -0.000010 -0.000002 -2.526135 -0.301549 0.609667
    33 1.042025 -0.000004 -0.000009 -2.896901 -0.278851 -0.192682
    34 3.823320 0.664865 -1.331676 0.207739 0.287345 -0.138629
    35 2.152367 -0.000001 0.000004 0.062019 -0.001512 0.005920
    36 1.056622 -0.000011 0.000000 0.241003 0.000705 -0.002178
    37 3.985134 0.881805 -0.368986 0.128322 -0.008132 -0.090211
    38 1.830183 0.000015 0.000000 0.063848 -0.073976 -1.510192
    39 1.561352 0.000008 -0.000004 0.027622 -0.015767 -1.357316
    40 4.116518 0.711272 0.551869 0.187923 0.006580 -0.361666
    41 1.752727 0.000006 0.000000 0.026485 0.029537 -1.405331
    42 0.869359 -0.000006 0.000000 0.015606 -0.073475 -0.926076
    43 4.118826 0.331223 1.419829 0.128888 -0.005990 -0.280207
    44 1.176321 0.000006 0.000000 -0.027338 0.139049 -0.923484
    45 0.970199 -0.000002 -0.000004 1.655618 0.044631 -1.487290
    46 -7.606037 1.001330 -4.120493 -2.814765 0.913580 -1.946919
    47 12.706336 -0.000035 -0.000009 -0.220214 0.298124 -1.580481
    48 0.000000 0.000000 -0.000003 0.000000 0.000000 0.000000
    49 1.200000 0.000000 0.000010 0.000000 0.000000 0.000000
    50 0.000010 -0.300000 0.000000 3.141593 0.000000 -0.174533
    51 0.000000 -0.000001 0.000000 0.000000 0.000000 0.000000
    52 -0.000003 0.000000 0.000001 3.141592 0.000000 0.000000
    53 0.000006 0.000000 0.000004 0.000000 0.000000 0.349065
    54 0.000000 0.000000 0.000000 3.141593 0.000000 0.000000
    55 -0.000008 -0.000006 0.000000 3.141593 0.000000 0.000000
    56 0.000002 -0.000002 0.000000 3.141593 0.000000 0.000000
    57 0.000014 -0.000004 0.000000 3.141593 0.000000 0.000000
    58 -0.000001 0.000000 0.000000 3.141593 0.000000 -0.000001
    59 0.000000 0.000000 0.000000 3.141593 0.000000 0.000000
    60 0.000010 0.000017 0.000000 3.141593 0.000000 -0.000001
    61 0.000000 0.000004 0.000000 3.141593 0.000000 -0.000001
    62 0.000000 0.000006 0.000000 3.141593 0.000000 -0.000001
    63 0.000001 0.000002 0.000000 3.141593 0.000000 0.000000
    64 0.000000 0.000000 0.000000 -3.141592 0.000000 0.000000
    65 0.000000 0.000000 0.000000 -1.570797 -0.000001 0.000000
    66 0.000000 0.000000 0.000000 0.000000 0.000000 0.000000
    67 1.200000 0.000000 0.000000 0.000000 0.000000 0.000000
    68 0.000009 0.299994 0.000000 0.000000 0.000000 0.174533
    69 -0.000001 -0.000001 -0.000004 0.000000 0.000000 0.000000
    70 -0.000010 0.000000 -0.000003 -3.141592 0.000001 0.000000
    71 0.000000 0.000000 0.000000 0.000001 -0.000001 0.349065
    72 0.000000 -0.000003 0.000000 0.000000 0.000000 0.000000
    73 0.000003 0.000000 0.000000 0.000000 0.000000 0.000000
    74 -0.000010 -0.000006 0.000000 -0.000001 0.000000 0.000000
    75 0.000019 0.000002 0.000000 0.000000 0.000000 0.000000
    76 0.000001 0.000004 0.000000 0.000000 0.000000 -0.000001
    77 0.000000 0.000000 0.000000 0.000000 0.000000 -0.000001
    78 0.000001 -0.000002 0.000000 0.000000 0.000000 -0.000001
    79 0.000000 0.000000 0.000000 0.000000 0.000000 -0.000001
    80 0.000001 0.000008 0.000000 0.000000 0.000000 0.000000
    81 -0.000003 0.000004 0.000000 0.000000 0.000000 0.000000
    82 -0.000007 -0.000008 0.000000 0.000000 0.000000 -0.000001
    83 0.000000 0.000002 -0.000002 -1.570796 0.000000 0.000000
  time 124
    0 -2.638057 -16.752692 -4.828519 -1.301702 -0.374580 -0.828137
    1 -1.185547 -1.037109 0.043213 0.000000 0.000004 0.000000
    2 -1.936523 -1.362305 0.225586 0.000000 0.000002 0.000000
    3 -4.549240 -1.689358 -0.012529 0.000000 0.000000 0.000000
    4 4.331499 0.360595 -0.709097 0.000015 0.000003 0.056022
    5 3.513922 0.962076 -0.004281 0.000004 -0.000001 1.176003
    6 2.855053 0.477292 0.679213 -0.000001 -0.000004 2.896619
    7 1.649902 5.878080 0.032496 -0.000003 0.000002 -1.570796
    8 6.587842 -0.691444 0.025964 -0.000001 -0.000001 1.570796
    9 0.000002 -0.241401 -0.052690 0.000001 0.000001 0.000000
    10 10.620066 1.884898 -0.004843 -1.568531 -0.000002 3.141351
    11 -9.087198 1.359573 -0.008167 -0.000003 0.000002 -1.570796
    12 7.238401 -15.461379 -24.220549 3.728699 -0.176305 -2.433881
    13 1.473659 0.639418 -1.295234 1.621539 0.837371 0.121422
    14 1.832607 0.000002 -0.000008 3.083476 -0.000555 -0.064024
    15 1.003335 0.000005 0.000001 -3.045550 -0.029378 0.185010
    16 3.804364 -0.407884 -1.411520 0.289022 0.038165 -0.083380
    17 2.187956 0.000010 0.000000 -0.084086 0.010456 0.576974
    18 1.100960 0.000002 0.000000 0.143775 -0.049015 0.586328
    19 3.987863 -0.577452 -0.474712 0.169848 -0.038640 0.125175
    20 1.890109 -0.000010 -0.000001 0.041772 -0.039504 0.500237
    21 1.310925 0.000000 0.000000 0.209323 -0.094797 0.714862
    22 4.117986 -0.670160 0.453695 0.261085 -0.021421 0.375147
    23 1.655294 0.000008 0.000000 0.010407 0.041001 1.167972
    24 0.869582 0.000004 0.000000 -0.110484 -0.009971 0.485268
    25 4.150630 -0.601125 1.354863 -0.260699 0.043069 0.648172
    26 1.157247 -0.000010 -0.000002 -0.038600 -0.112736 1.144985
    27 1.019835 -0.000006 0.000000 -1.501707 -0.130711 0.818856
    28 7.406140 -6.039003 -8.901889 0.458845 1.054104 -6.149284
    29 12.695427 -0.000020 -0.000008 -0.221262 0.296946 -1.577232
    30 -2.941594 -15.502307 -9.497442 3.334861 -0.370540 -0.813786
    31 1.474215 -0.497926 -1.376118 0.979456 0.426216 -0.250736
    32 1.832179 -0.000010 -0.000002 -2.526135 -0.301549 0.609667
    33 1.042025 -0.000004 -0.000009 -2.896925 -0.278839 -0.192682
    34 3.823320 0.664865 -1.331676 0.207739 0.287405 -0.138629
    35 2.152367 -0.000001 0.000004 0.062007 -0.001512 0.005920
    36 1.056622 -0.000011 0.000000 0.241003 0.000705 -0.002202
    37 3.985134 0.881805 -0.368986 0.128322 -0.008132 -0.090211
    38 1.830183 0.000015 0.000000 0.063848 -0.073976 -1.510192
    39 1.561352 0.000008 -0.000004 0.027622 -0.015767 -1.357316
    40 4.116518 0.711272 0.551869 0.187923 0.006580 -0.361666
    41 1.752727 0.000006 0.000000 0.026497 0.029537 -1.405331
    42 0.869359 -0.000006 0.000000 0.015606 -0.073487 -0.926032
    43 4.118826 0.331223 1.419829 0.128888 -0.005990 -0.280207
    44 1.176321 0.000006 0.000000 -0.027338 0.139049 -0.923484
    45 0.970199 -0.000002 -0.000004 1.655618 0.044631 -1.487290
    46 -7.606037 1.001330 -4.120493 -2.814973 0.913713 -1.947544
    47 12.706336 -0.000035 -0.000009 -0.220331 0.298100 -1.580788
    48 0.000000 0.000000 -0.000003 0.000000 0.000000 0.000000
    49 1.200000 0.000000 0.000010 0.000000 0.000000 0.000000
    50 0.000010 -0.300000 0.000000 3.141593 0.000000 -0.174533
    51 0.000000 -0.000001 0.000000 0.000000 0.000000 0.000000
    52 -0.000003 0.000000 0.000001 3.141592 0.000000 0.000000
    53 0.000006 0.000000 0.000004 0.000000 0.000000 0.349065
    54 0.000000 0.000000 0.000000 3.141593 0.000000 0.000000
    55 -0.000008 -0.000006 0.000000 3.141593 0.000000 0.000000
    56 0.000002 -0.000002 0.000000 3.141593 0.000000 0.000000
    57 0.000014 -0.000004 0.000000 3.141593 0.000000 0.000000
    58 -0.000001 0.000000 0.000000 3.141593 0.000000 -0.000001
    59 0.000000 0.000000 0.000000 3.141593 0.000000 0.000000
    60 0.000010 0.000017 0.000000 3.141593 0.000000 -0.000001
    61 0.000000 0.000004 0.000000 3.141593 0.000000 -0.000001
    62 0.000000 0.000006 0.000000 3.141593 0.000000 -0.000001
    63 0.000001 0.000002 0.000000 3.141593 0.000000 0.000000
    64 0.000000 0.000000 0.000000 -3.141592 0.000000 0.000000
    65 0.000000 0.000000 0.000000 -1.570797 -0.000001 0.000000
    66 0.000000 0.000000 0.000000 0.000000 0.000000 0.000000
    67 1.200000 0.000000 0.000000 0.000000 0.000000 0.000000
    68 0.000009 0.299994 0.000000 0.000000 0.000000 0.174533
    69 -0.000001 -0.000001 -0.000004 0.000000 0.000000 0.000000
    70 -0.000010 0.000000 -0.000003 -3.141592 0.000001 0.000000
    71 0.000000 0.000000 0.000000 0.000001 -0.000001 0.349065
    72 0.000000 -0.000003 0.000000 0.000000 0.000000 0.000000
    73 0.000003 0.000000 0.000000 0.000000 0.000000 0.000000
    74 -0.000010 -0.000006 0.000000 -0.000001 0.000000 0.000000
    75 0.000019 0.000002 0.000000 0.000000 0.000000 0.000000
    76 0.000001 0.000004 0.000000 0.000000 0.000000 -0.000001
    77 0.000000 0.000000 0.000000 0.000000 0.000000 -0.000001
    78 0.000001 -0.000002 0.000000 0.000000 0.000000 -0.000001
    79 0.000000 0.000000 0.000000 0.000000 0.000000 -0.000001
    80 0.000001 0.000008 0.000000 0.000000 0.000000 0.000000
    81 -0.000003 0.000004 0.000000 0.000000 0.000000 0.000000
    82 -0.000007 -0.000008 0.000000 0.000000 0.000000 -0.000001
    83 0.000000 0.000002 -0.000002 -1.570796 0.000000 0.000000
  time 125
    0 -2.645870 -16.752692 -4.828519 -1.302688 -0.374580 -0.828067
    1 -1.185547 -1.037109 0.043213 0.000000 0.000004 0.000000
    2 -1.936523 -1.362305 0.225586 0.000000 0.000002 0.000000
    3 -4.549240 -1.689358 -0.012529 0.000000 0.000000 0.000000
    4 4.331499 0.360595 -0.709097 0.000015 0.000003 0.056022
    5 3.513922 0.962076 -0.004281 0.000004 -0.000001 1.176003
    6 2.855053 0.477292 0.679213 -0.000001 -0.000004 2.896619
    7 1.649902 5.878080 0.032496 -0.000003 0.000002 -1.570796
    8 6.587842 -0.691444 0.025964 -0.000001 -0.000001 1.570796
    9 0.000002 -0.241401 -0.052690 0.000001 0.000001 0.000000
    10 10.620066 1.884898 -0.004843 -1.529186 -0.000002 3.141591
    11 -9.087198 1.359573 -0.008167 -0.000003 0.000002 -1.570796
    12 7.238401 -15.461379 -24.220549 3.728699 -0.176305 -2.433881
    13 1.473659 0.639418 -1.295234 1.619728 0.836532 0.110162
    14 1.832607 0.000002 -0.000008 3.083500 -0.000471 -0.066731
    15 1.003335 0.000005 0.000001 -3.045526 -0.029438 0.182347
    16 3.804364 -0.411791 -1.411520 0.285774 0.040118 -0.081282
    17 2.187956 0.000010 0.000000 -0.083079 0.010336 0.593103
    18 1.100960 0.000002 0.000000 0.149456 -0.051796 0.594787
    19 3.987863 -0.577452 -0.474712 0.169604 -0.034278 0.124250
    20 1.890109 -0.000010 -0.000001 0.042037 -0.040978 0.515427
    21 1.310925 0.000000 0.000000 0.215632 -0.099064 0.726571
    22 4.117986 -0.670160 0.453695 0.256723 -0.016248 0.374727
    23 1.655294 0.000008 0.000000 0.012276 0.040497 1.197666
    24 0.869582 0.000004 0.000000 -0.105031 -0.010378 0.492899
    25 4.150630 -0.601125 1.354863 -0.257236 0.053211 0.651405
    26 1.157247 -0.000010 -0.000002 -0.046162 -0.112329 1.177026
    27 1.019835 -0.000006 0.000000 -1.503349 -0.132126 0.826559
    28 7.406140 -6.039003 -8.901889 0.458845 1.054104 -6.149284
    29 12.695427 -0.000020 -0.000008 -0.221262 0.296946 -1.577232
    30 -2.945500 -15.506213 -9.497442 3.333876 -0.370479 -0.813644
    31 1.474215 -0.497926 -1.376118 0.979456 0.426216 -0.250736
    32 1.832179 -0.000010 -0.000002 -2.526135 -0.301549 0.609667
    33 1.042025 -0.000004 -0.000009 -2.896901 -0.278839 -0.192682
    34 3.823320 0.664865 -1.331676 0.207739 0.287441 -0.138629
    35 2.152367 -0.000001 0.000004 0.062007 -0.001512 0.005920
    36 1.056622 -0.000011 0.000000 0.240991 0.000705 -0.002190
    37 3.985134 0.881805 -0.368986 0.128322 -0.008132 -0.090211
    38 1.830183 0.000015 0.000000 0.063848 -0.073976 -1.510192
    39 1.561352 0.000008 -0.000004 0.027622 -0.015767 -1.357316
    40 4.116518 0.711272 0.551869 0.187923 0.006580 -0.361666
    41 1.752727 0.000006 0.000000 0.026473 0.029537 -1.405331
    42 0.869359 -0.000006 0.000000 0.015570 -0.073475 -0.926076
    43 4.118826 0.331223 1.419829 0.128888 -0.005990 -0.280207
    44 1.176321 0.000006 0.000000 -0.027338 0.139049 -0.923484
    45 0.970199 -0.000002 -0.000004 1.655618 0.044631 -1.487290
    46 -7.606037 1.001330 -4.120493 -2.814765 0.913713 -1.947856
    47 12.706336 -0.000035 -0.000009 -0.220305 0.298124 -1.580727
    48 0.000000 0.000000 -0.000003 0.000000 0.000000 0.000000
    49 1.200000 0.000000 0.000010 0.000000 0.000000 0.000000
    50 0.000010 -0.300000 0.000000 3.141593 0.000000 -0.174533
    51 0.000000 -0.000001 0.000000 0.000000 0.000000 0.000000
    52 -0.000003 0.000000 0.000001 3.141592 0.000000 0.000000
    53 0.000006 0.000000 0.000004 0.000000 0.000000 0.349065
    54 0.000000 0.000000 0.000000 3.141593 0.000000 0.000000
    55 -0.000008 -0.000006 0.000000 3.141593 0.000000 0.000000
    56 0.000002 -0.000002 0.000000 3.141593 0.000000 0.000000
    57 0.000014 -0.000004 0.000000 3.141593 0.000000 0.000000
    58 -0.000001 0.000000 0.000000 3.141593 0.000000 -0.000001
    59 0.000000 0.000000 0.000000 3.141593 0.000000 0.000000
    60 0.000010 0.000017 0.000000 3.141593 0.000000 -0.000001
    61 0.000000 0.000004 0.000000 3.141593 0.000000 -0.000001
    62 0.000000 0.000006 0.000000 3.141593 0.000000 -0.000001
    63 0.000001 0.000002 0.000000 3.141593 0.000000 0.000000
    64 0.000000 0.000000 0.000000 -3.141592 0.000000 0.000000
    65 0.000000 0.000000 0.000000 -1.570797 -0.000001 0.000000
    66 0.000000 0.000000 0.000000 0.000000 0.000000 0.000000
    67 1.200000 0.000000 0.000000 0.000000 0.000000 0.000000
    68 0.000009 0.299994 0.000000 0.000000 0.000000 0.174533
    69 -0.000001 -0.000001 -0.000004 0.000000 0.000000 0.000000
    70 -0.000010 0.000000 -0.000003 -3.141592 0.000001 0.000000
    71 0.000000 0.000000 0.000000 0.000001 -0.000001 0.349065
    72 0.000000 -0.000003 0.000000 0.000000 0.000000 0.000000
    73 0.000003 0.000000 0.000000 0.000000 0.000000 0.000000
    74 -0.000010 -0.000006 0.000000 -0.000001 0.000000 0.000000
    75 0.000019 0.000002 0.000000 0.000000 0.000000 0.000000
    76 0.000001 0.000004 0.000000 0.000000 0.000000 -0.000001
    77 0.000000 0.000000 0.000000 0.000000 0.000000 -0.000001
    78 0.000001 -0.000002 0.000000 0.000000 0.000000 -0.000001
    79 0.000000 0.000000 0.000000 0.000000 0.000000 -0.000001
    80 0.000001 0.000008 0.000000 0.000000 0.000000 0.000000
    81 -0.000003 0.000004 0.000000 0.000000 0.000000 0.000000
    82 -0.000007 -0.000008 0.000000 0.000000 0.000000 -0.000001
    83 0.000000 0.000002 -0.000002 -1.570796 0.000000 0.000000
  time 126
    0 -2.649776 -16.752692 -4.828519 -1.305781 -0.374429 -0.827073
    1 -1.185547 -1.037109 0.043213 0.000000 0.000004 0.000000
    2 -1.936523 -1.362305 0.225586 0.000000 0.000002 0.000000
    3 -4.549240 -1.689358 -0.012529 0.000000 0.000000 0.000000
    4 4.331499 0.360595 -0.709097 0.000015 0.000003 0.056022
    5 3.513922 0.962076 -0.004281 0.000004 -0.000001 1.176003
    6 2.855053 0.477292 0.679213 -0.000001 -0.000004 2.896619
    7 1.649902 5.878080 0.032496 -0.000003 0.000002 -1.570796
    8 6.587842 -0.691444 0.025964 -0.000001 -0.000001 1.570796
    9 0.000002 -0.241401 -0.052690 0.000001 0.000001 0.000000
    10 10.620066 1.884898 -0.004843 -1.568531 -0.000002 3.141351
    11 -9.087198 1.359573 -0.008167 -0.000003 0.000002 -1.570796
    12 7.238401 -15.461379 -24.220549 3.728699 -0.176305 -2.433881
    13 1.473659 0.639418 -1.295234 1.617802 0.835479 0.098733
    14 1.832607 0.000002 -0.000008 3.083524 -0.000375 -0.069438
    15 1.003335 0.000005 0.000001 -3.045526 -0.029569 0.179528
    16 3.804364 -0.411791 -1.411520 0.282489 0.042124 -0.079184
    17 2.187956 0.000010 0.000000 -0.081976 0.010072 0.609278
    18 1.100960 0.000002 0.000000 0.155029 -0.054516 0.603246
    19 3.987863 -0.577452 -0.474712 0.169393 -0.029784 0.123325
    20 1.890109 -0.000010 -0.000001 0.042258 -0.042452 0.530774
    21 1.310925 0.000000 0.000000 0.221927 -0.103307 0.738231
    22 4.117986 -0.670160 0.453695 0.252193 -0.010962 0.374202
    23 1.655294 0.000008 0.000000 0.014338 0.040198 1.227096
    24 0.869582 0.000004 0.000000 -0.099590 -0.010930 0.500530
    25 4.150630 -0.601125 1.354863 -0.253508 0.063400 0.654533
    26 1.157247 -0.000010 -0.000002 -0.053425 -0.111674 1.208437
    27 1.019835 -0.000006 0.000000 -1.505111 -0.133300 0.834261
    28 7.406140 -6.039003 -8.901889 0.458845 1.054104 -6.149284
    29 12.695427 -0.000020 -0.000008 -0.221262 0.296946 -1.577232
    30 -2.965032 -15.510120 -9.497442 3.330876 -0.370311 -0.813644
    31 1.474215 -0.497926 -1.376118 0.979456 0.426216 -0.250736
    32 1.832179 -0.000010 -0.000002 -2.526135 -0.301549 0.609667
    33 1.042025 -0.000004 -0.000009 -2.896901 -0.278827 -0.192682
    34 3.823320 0.664865 -1.331676 0.207739 0.287393 -0.138629
    35 2.152367 -0.000001 0.000004 0.062043 -0.001512 0.005920
    36 1.056622 -0.000011 0.000000 0.241003 0.000705 -0.002178
    37 3.985134 0.881805 -0.368986 0.128322 -0.008132 -0.090211
    38 1.830183 0.000015 0.000000 0.063848 -0.073976 -1.510192
    39 1.561352 0.000008 -0.000004 0.027622 -0.015767 -1.357316
    40 4.116518 0.711272 0.551869 0.187923 0.006580 -0.361666
    41 1.752727 0.000006 0.000000 0.026521 0.029549 -1.405331
    42 0.869359 -0.000006 0.000000 0.015594 -0.073475 -0.926076
    43 4.118826 0.331223 1.419829 0.128888 -0.005990 -0.280207
    44 1.176321 0.000006 0.000000 -0.027338 0.139037 -0.923484
    45 0.970199 -0.000002 -0.000004 1.655618 0.044631 -1.487290
    46 -7.606037 1.001330 -4.120493 -2.814210 0.913713 -1.948231
    47 12.706336 -0.000035 -0.000009 -0.220175 0.298100 -1.580235
    48 0.000000 0.000000 -0.000003 0.000000 0.000000 0.000000
    49 1.200000 0.000000 0.000010 0.000000 0.000000 0.000000
    50 0.000010 -0.300000 0.000000 3.141593 0.000000 -0.174533
    51 0.000000 -0.000001 0.000000 0.000000 0.000000 0.000000
    52 -0.000003 0.000000 0.000001 3.141592 0.000000 0.000000
    53 0.000006 0.000000 0.000004 0.000000 0.000000 0.349065
    54 0.000000 0.000000 0.000000 3.141593 0.000000 0.000000
    55 -0.000008 -0.000006 0.000000 3.141593 0.000000 0.000000
    56 0.000002 -0.000002 0.000000 3.141593 0.000000 0.000000
    57 0.000014 -0.000004 0.000000 3.141593 0.000000 0.000000
    58 -0.000001 0.000000 0.000000 3.141593 0.000000 -0.000001
    59 0.000000 0.000000 0.000000 3.141593 0.000000 0.000000
    60 0.000010 0.000017 0.000000 3.141593 0.000000 -0.000001
    61 0.000000 0.000004 0.000000 3.141593 0.000000 -0.000001
    62 0.000000 0.000006 0.000000 3.141593 0.000000 -0.000001
    63 0.000001 0.000002 0.000000 3.141593 0.000000 0.000000
    64 0.000000 0.000000 0.000000 -3.141592 0.000000 0.000000
    65 0.000000 0.000000 0.000000 -1.570797 -0.000001 0.000000
    66 0.000000 0.000000 0.000000 0.000000 0.000000 0.000000
    67 1.200000 0.000000 0.000000 0.000000 0.000000 0.000000
    68 0.000009 0.299994 0.000000 0.000000 0.000000 0.174533
    69 -0.000001 -0.000001 -0.000004 0.000000 0.000000 0.000000
    70 -0.000010 0.000000 -0.000003 -3.141592 0.000001 0.000000
    71 0.000000 0.000000 0.000000 0.000001 -0.000001 0.349065
    72 0.000000 -0.000003 0.000000 0.000000 0.000000 0.000000
    73 0.000003 0.000000 0.000000 0.000000 0.000000 0.000000
    74 -0.000010 -0.000006 0.000000 -0.000001 0.000000 0.000000
    75 0.000019 0.000002 0.000000 0.000000 0.000000 0.000000
    76 0.000001 0.000004 0.000000 0.000000 0.000000 -0.000001
    77 0.000000 0.000000 0.000000 0.000000 0.000000 -0.000001
    78 0.000001 -0.000002 0.000000 0.000000 0.000000 -0.000001
    79 0.000000 0.000000 0.000000 0.000000 0.000000 -0.000001
    80 0.000001 0.000008 0.000000 0.000000 0.000000 0.000000
    81 -0.000003 0.000004 0.000000 0.000000 0.000000 0.000000
    82 -0.000007 -0.000008 0.000000 0.000000 0.000000 -0.000001
    83 0.000000 0.000002 -0.000002 -1.570796 0.000000 0.000000
  time 127
    0 -2.649776 -16.752692 -4.828519 -1.310757 -0.374233 -0.825937
    1 -1.185547 -1.037109 0.043213 0.000000 0.000004 0.000000
    2 -1.936523 -1.362305 0.225586 0.000000 0.000002 0.000000
    3 -4.549240 -1.689358 -0.012529 0.000000 0.000000 0.000000
    4 4.331499 0.360595 -0.709097 0.000015 0.000003 0.056022
    5 3.513922 0.962076 -0.004281 0.000004 -0.000001 1.176003
    6 2.855053 0.477292 0.679213 -0.000001 -0.000004 2.896619
    7 1.649902 5.878080 0.032496 -0.000003 0.000002 -1.570796
    8 6.587842 -0.691444 0.025964 -0.000001 -0.000001 1.570796
    9 0.000002 -0.241401 -0.052690 0.000001 0.000001 0.000000
    10 10.620066 1.884898 -0.004843 -1.568531 -0.000002 3.141351
    11 -9.087198 1.359573 -0.008167 -0.000003 0.000002 -1.570796
    12 7.238401 -15.461379 -24.220549 3.728699 -0.176305 -2.433881
    13 1.473659 0.639418 -1.295234 1.615963 0.834147 0.087276
    14 1.832607 0.000002 -0.000008 3.083560 -0.000315 -0.072047
    15 1.003335 0.000005 0.000001 -3.045490 -0.029725 0.176492
    16 3.804364 -0.411791 -1.411520 0.279241 0.044130 -0.077086
    17 2.187956 0.000010 0.000000 -0.081054 0.009904 0.625174
    18 1.100960 0.000002 0.000000 0.160542 -0.057489 0.611634
    19 3.987863 -0.577452 -0.474712 0.169149 -0.025242 0.122308
    20 1.890109 -0.000010 -0.000001 0.042465 -0.043950 0.546395
    21 1.310925 0.000000 0.000000 0.228165 -0.107513 0.749827
    22 4.117986 -0.670160 0.453695 0.247603 -0.005732 0.373598
    23 1.655294 0.000008 0.000000 0.016099 0.039659 1.256187
    24 0.869582 0.000004 0.000000 -0.094137 -0.011349 0.508106
    25 4.150630 -0.601125 1.354863 -0.249877 0.073526 0.657619
    26 1.157247 -0.000010 -0.000002 -0.060856 -0.110848 1.239700
    27 1.019835 -0.000006 0.000000 -1.506777 -0.134606 0.841943
    28 7.406140 -6.039003 -8.901889 0.458845 1.054104 -6.149284
    29 12.695427 -0.000020 -0.000008 -0.221262 0.296946 -1.577232
    30 -2.984564 -15.525745 -9.497442 3.325861 -0.370036 -0.812294
    31 1.474215 -0.497926 -1.376118 0.979456 0.426216 -0.250748
    32 1.832179 -0.000010 -0.000002 -2.526135 -0.301549 0.609667
    33 1.042025 -0.000004 -0.000009 -2.896901 -0.278863 -0.192682
    34 3.823320 0.664865 -1.331676 0.207739 0.287357 -0.138629
    35 2.152367 -0.000001 0.000004 0.062007 -0.001512 0.005920
    36 1.056622 -0.000011 0.000000 0.241003 0.000705 -0.002190
    37 3.985134 0.881805 -0.368986 0.128322 -0.008132 -0.090211
    38 1.830183 0.000015 0.000000 0.063848 -0.073976 -1.510192
    39 1.561352 0.000008 -0.000004 0.027622 -0.015767 -1.357316
    40 4.116518 0.711272 0.551869 0.187923 0.006580 -0.361666
    41 1.752727 0.000006 0.000000 0.026473 0.029537 -1.405331
    42 0.869359 -0.000006 0.000000 0.015570 -0.073475 -0.926076
    43 4.118826 0.331223 1.419829 0.128888 -0.005990 -0.280207
    44 1.176321 0.000006 0.000000 -0.027338 0.139049 -0.923530
    45 0.970199 -0.000002 -0.000004 1.655618 0.044631 -1.487290
    46 -7.606037 1.001330 -4.120493 -2.813100 0.913713 -1.948606
    47 12.706336 -0.000035 -0.000009 -0.219980 0.298088 -1.579189
    48 0.000000 0.000000 -0.000003 0.000000 0.000000 0.000000
    49 1.200000 0.000000 0.000010 0.000000 0.000000 0.000000
    50 0.000010 -0.300000 0.000000 3.141593 0.000000 -0.174533
    51 0.000000 -0.000001 0.000000 0.000000 0.000000 0.000000
    52 -0.000003 0.000000 0.000001 3.141592 0.000000 0.000000
    53 0.000006 0.000000 0.000004 0.000000 0.000000 0.349065
    54 0.000000 0.000000 0.000000 3.141593 0.000000 0.000000
    55 -0.000008 -0.000006 0.000000 3.141593 0.000000 0.000000
    56 0.000002 -0.000002 0.000000 3.141593 0.000000 0.000000
    57 0.000014 -0.000004 0.000000 3.141593 0.000000 0.000000
    58 -0.000001 0.000000 0.000000 3.141593 0.000000 -0.000001
    59 0.000000 0.000000 0.000000 3.141593 0.000000 0.000000
    60 0.000010 0.000017 0.000000 3.141593 0.000000 -0.000001
    61 0.000000 0.000004 0.000000 3.141593 0.000000 -0.000001
    62 0.000000 0.000006 0.000000 3.141593 0.000000 -0.000001
    63 0.000001 0.000002 0.000000 3.141593 0.000000 0.000000
    64 0.000000 0.000000 0.000000 -3.141592 0.000000 0.000000
    65 0.000000 0.000000 0.000000 -1.570797 -0.000001 0.000000
    66 0.000000 0.000000 0.000000 0.000000 0.000000 0.000000
    67 1.200000 0.000000 0.000000 0.000000 0.000000 0.000000
    68 0.000009 0.299994 0.000000 0.000000 0.000000 0.174533
    69 -0.000001 -0.000001 -0.000004 0.000000 0.000000 0.000000
    70 -0.000010 0.000000 -0.000003 -3.141592 0.000001 0.000000
    71 0.000000 0.000000 0.000000 0.000001 -0.000001 0.349065
    72 0.000000 -0.000003 0.000000 0.000000 0.000000 0.000000
    73 0.000003 0.000000 0.000000 0.000000 0.000000 0.000000
    74 -0.000010 -0.000006 0.000000 -0.000001 0.000000 0.000000
    75 0.000019 0.000002 0.000000 0.000000 0.000000 0.000000
    76 0.000001 0.000004 0.000000 0.000000 0.000000 -0.000001
    77 0.000000 0.000000 0.000000 0.000000 0.000000 -0.000001
    78 0.000001 -0.000002 0.000000 0.000000 0.000000 -0.000001
    79 0.000000 0.000000 0.000000 0.000000 0.000000 -0.000001
    80 0.000001 0.000008 0.000000 0.000000 0.000000 0.000000
    81 -0.000003 0.000004 0.000000 0.000000 0.000000 0.000000
    82 -0.000007 -0.000008 0.000000 0.000000 0.000000 -0.000001
    83 0.000000 0.000002 -0.000002 -1.570796 0.000000 0.000000
  time 128
    0 -2.653683 -16.752692 -4.828519 -1.317750 -0.373855 -0.824872
    1 -1.185547 -1.037109 0.043213 0.000000 0.000004 0.000000
    2 -1.936523 -1.362305 0.225586 0.000000 0.000002 0.000000
    3 -4.549240 -1.689358 -0.012529 0.000000 0.000000 0.000000
    4 4.331499 0.360595 -0.709097 0.000015 0.000003 0.056022
    5 3.513922 0.962076 -0.004281 0.000004 -0.000001 1.176003
    6 2.855053 0.477292 0.679213 -0.000001 -0.000004 2.896619
    7 1.649902 5.878080 0.032496 -0.000003 0.000002 -1.570796
    8 6.587842 -0.691444 0.025964 -0.000001 -0.000001 1.570796
    9 0.000002 -0.241401 -0.052690 0.000001 0.000001 0.000000
    10 10.620066 1.884898 -0.004843 -1.529186 -0.000002 3.141591
    11 -9.087198 1.359573 -0.008167 -0.000003 0.000002 -1.570796
    12 7.238401 -15.461379 -24.220549 3.728699 -0.176305 -2.433881
    13 1.473659 0.639418 -1.295234 1.614180 0.832535 0.075735
    14 1.832607 0.000002 -0.000008 3.083608 -0.000304 -0.074623
    15 1.003335 0.000005 0.000001 -3.045442 -0.029953 0.173222
    16 3.804364 -0.411791 -1.411520 0.275993 0.046083 -0.074988
    17 2.187956 0.000010 0.000000 -0.080131 0.009808 0.641396
    18 1.100960 0.000002 0.000000 0.166018 -0.060365 0.619915
    19 3.987863 -0.577452 -0.474712 0.168905 -0.020639 0.121272
    20 1.890109 -0.000010 -0.000001 0.042627 -0.045460 0.562290
    21 1.310925 0.000000 0.000000 0.234446 -0.111888 0.761358
    22 4.117986 -0.658441 0.453695 0.242965 -0.000540 0.372994
    23 1.655294 0.000008 0.000000 0.018065 0.039083 1.284789
    24 0.869582 0.000004 0.000000 -0.088696 -0.011936 0.515737
    25 4.150630 -0.601125 1.354863 -0.246330 0.083668 0.660557
    26 1.157247 -0.000010 -0.000002 -0.068046 -0.109891 1.270815
    27 1.019835 -0.000006 0.000000 -1.508443 -0.135997 0.849626
    28 7.406140 -6.039003 -8.901889 0.458845 1.054104 -6.149284
    29 12.695427 -0.000020 -0.000008 -0.221262 0.296946 -1.577232
    30 -3.004096 -15.549183 -9.505255 3.318876 -0.369639 -0.811797
    31 1.474215 -0.497926 -1.376118 0.979456 0.426216 -0.250748
    32 1.832179 -0.000010 -0.000002 -2.526135 -0.301549 0.609667
    33 1.042025 -0.000004 -0.000009 -2.896901 -0.278815 -0.192682
    34 3.823320 0.664865 -1.331676 0.207739 0.287345 -0.138629
    35 2.152367 -0.000001 0.000004 0.062031 -0.001512 0.005920
    36 1.056622 -0.000011 0.000000 0.241003 0.000705 -0.002166
    37 3.985134 0.881805 -0.368986 0.128322 -0.008132 -0.090211
    38 1.830183 0.000015 0.000000 0.063848 -0.073976 -1.510192
    39 1.561352 0.000008 -0.000004 0.027622 -0.015767 -1.357283
    40 4.116518 0.711272 0.551869 0.187923 0.006580 -0.361666
    41 1.752727 0.000006 0.000000 0.026509 0.029537 -1.405331
    42 0.869359 -0.000006 0.000000 0.015618 -0.073559 -0.926076
    43 4.118826 0.331223 1.419829 0.128888 -0.005990 -0.280207
    44 1.176321 0.000006 0.000000 -0.027338 0.139049 -0.923484
    45 0.970199 -0.000002 -0.000004 1.655618 0.044631 -1.487290
    46 -7.606037 1.001330 -4.120493 -2.811851 0.913580 -1.948918
    47 12.706336 -0.000035 -0.000009 -0.219472 0.298124 -1.577773
    48 0.000000 0.000000 -0.000003 0.000000 0.000000 0.000000
    49 1.200000 0.000000 0.000010 0.000000 0.000000 0.000000
    50 0.000010 -0.300000 0.000000 3.141593 0.000000 -0.174533
    51 0.000000 -0.000001 0.000000 0.000000 0.000000 0.000000
    52 -0.000003 0.000000 0.000001 3.141592 0.000000 0.000000
    53 0.000006 0.000000 0.000004 0.000000 0.000000 0.349065
    54 0.000000 0.000000 0.000000 3.141593 0.000000 0.000000
    55 -0.000008 -0.000006 0.000000 3.141593 0.000000 0.000000
    56 0.000002 -0.000002 0.000000 3.141593 0.000000 0.000000
    57 0.000014 -0.000004 0.000000 3.141593 0.000000 0.000000
    58 -0.000001 0.000000 0.000000 3.141593 0.000000 -0.000001
    59 0.000000 0.000000 0.000000 3.141593 0.000000 0.000000
    60 0.000010 0.000017 0.000000 3.141593 0.000000 -0.000001
    61 0.000000 0.000004 0.000000 3.141593 0.000000 -0.000001
    62 0.000000 0.000006 0.000000 3.141593 0.000000 -0.000001
    63 0.000001 0.000002 0.000000 3.141593 0.000000 0.000000
    64 0.000000 0.000000 0.000000 -3.141592 0.000000 0.000000
    65 0.000000 0.000000 0.000000 -1.570797 -0.000001 0.000000
    66 0.000000 0.000000 0.000000 0.000000 0.000000 0.000000
    67 1.200000 0.000000 0.000000 0.000000 0.000000 0.000000
    68 0.000009 0.299994 0.000000 0.000000 0.000000 0.174533
    69 -0.000001 -0.000001 -0.000004 0.000000 0.000000 0.000000
    70 -0.000010 0.000000 -0.000003 -3.141592 0.000001 0.000000
    71 0.000000 0.000000 0.000000 0.000001 -0.000001 0.349065
    72 0.000000 -0.000003 0.000000 0.000000 0.000000 0.000000
    73 0.000003 0.000000 0.000000 0.000000 0.000000 0.000000
    74 -0.000010 -0.000006 0.000000 -0.000001 0.000000 0.000000
    75 0.000019 0.000002 0.000000 0.000000 0.000000 0.000000
    76 0.000001 0.000004 0.000000 0.000000 0.000000 -0.000001
    77 0.000000 0.000000 0.000000 0.000000 0.000000 -0.000001
    78 0.000001 -0.000002 0.000000 0.000000 0.000000 -0.000001
    79 0.000000 0.000000 0.000000 0.000000 0.000000 -0.000001
    80 0.000001 0.000008 0.000000 0.000000 0.000000 0.000000
    81 -0.000003 0.000004 0.000000 0.000000 0.000000 0.000000
    82 -0.000007 -0.000008 0.000000 0.000000 0.000000 -0.000001
    83 0.000000 0.000002 -0.000002 -1.570796 0.000000 0.000000
  time 129
    0 -2.653683 -16.752692 -4.828519 -1.326536 -0.373387 -0.823666
    1 -1.185547 -1.037109 0.043213 0.000000 0.000004 0.000000
    2 -1.936523 -1.362305 0.225586 0.000000 0.000002 0.000000
    3 -4.549240 -1.689358 -0.012529 0.000000 0.000000 0.000000
    4 4.331499 0.360595 -0.709097 0.000015 0.000003 0.056022
    5 3.513922 0.962076 -0.004281 0.000004 -0.000001 1.176003
    6 2.855053 0.477292 0.679213 -0.000001 -0.000004 2.896619
    7 1.649902 5.878080 0.032496 -0.000003 0.000002 -1.570796
    8 6.587842 -0.691444 0.025964 -0.000001 -0.000001 1.570796
    9 0.000002 -0.241401 -0.052690 0.000001 0.000001 0.000000
    10 10.620066 1.884898 -0.004843 -1.568531 -0.000002 3.141351
    11 -9.087198 1.359573 -0.008167 -0.000003 0.000002 -1.570796
    12 7.238401 -15.461379 -24.220549 3.728699 -0.176305 -2.433881
    13 1.473659 0.639418 -1.295234 1.612369 0.830643 0.064193
    14 1.832607 0.000002 -0.000008 3.083620 -0.000208 -0.077069
    15 1.003335 0.000005 0.000001 -3.045418 -0.030049 0.169671
    16 3.804364 -0.411791 -1.411520 0.272801 0.048089 -0.072964
    17 2.187956 0.000010 0.000000 -0.079076 0.009617 0.657478
    18 1.100960 0.000002 0.000000 0.171459 -0.063193 0.628303
    19 3.987863 -0.577452 -0.474712 0.168710 -0.016109 0.119996
    20 1.890109 -0.000010 -0.000001 0.042730 -0.046982 0.578420
    21 1.310925 0.000000 0.000000 0.240613 -0.116370 0.772825
    22 4.117986 -0.658441 0.453695 0.238267 0.004633 0.372154
    23 1.655294 0.000008 0.000000 0.019827 0.038652 1.313165
    24 0.869582 0.000004 0.000000 -0.083255 -0.012607 0.523204
    25 4.150630 -0.601125 1.354863 -0.242614 0.093794 0.663706
    26 1.157247 -0.000010 -0.000002 -0.075093 -0.108724 1.301226
    27 1.019835 -0.000006 0.000000 -1.510085 -0.137135 0.857308
    28 7.406140 -6.039003 -8.901889 0.458845 1.054104 -6.149284
    29 12.695427 -0.000020 -0.000008 -0.221262 0.296946 -1.577232
    30 -3.031440 -15.568715 -9.505255 3.310100 -0.369104 -0.810021
    31 1.474215 -0.497926 -1.376118 0.979456 0.426216 -0.250736
    32 1.832179 -0.000010 -0.000002 -2.526135 -0.301549 0.609667
    33 1.042025 -0.000004 -0.000009 -2.896889 -0.278839 -0.192682
    34 3.823320 0.664865 -1.331676 0.207739 0.287345 -0.138629
    35 2.152367 -0.000001 0.000004 0.062019 -0.001512 0.005920
    36 1.056622 -0.000011 0.000000 0.241003 0.000705 -0.002178
    37 3.985134 0.881805 -0.368986 0.128322 -0.008132 -0.090211
    38 1.830183 0.000015 0.000000 0.063848 -0.073976 -1.510192
    39 1.561352 0.000008 -0.000004 0.027622 -0.015767 -1.357382
    40 4.116518 0.711272 0.551869 0.187923 0.006580 -0.361666
    41 1.752727 0.000006 0.000000 0.026485 0.029537 -1.405331
    42 0.869359 -0.000006 0.000000 0.015630 -0.073511 -0.926076
    43 4.118826 0.331223 1.419829 0.128888 -0.005990 -0.280207
    44 1.176321 0.000006 0.000000 -0.027338 0.139049 -0.923484
    45 0.970199 -0.000002 -0.000004 1.655618 0.044643 -1.487290
    46 -7.606037 1.001330 -4.120493 -2.810117 0.913413 -1.949293
    47 12.706336 -0.000035 -0.000009 -0.218899 0.298124 -1.575989
    48 0.000000 0.000000 -0.000003 0.000000 0.000000 0.000000
    49 1.200000 0.000000 0.000010 0.000000 0.000000 0.000000
    50 0.000010 -0.300000 0.000000 3.141593 0.000000 -0.174533
    51 0.000000 -0.000001 0.000000 0.000000 0.000000 0.000000
    52 -0.000003 0.000000 0.000001 3.141592 0.000000 0.000000
    53 0.000006 0.000000 0.000004 0.000000 0.000000 0.349065
    54 0.000000 0.000000 0.000000 3.141593 0.000000 0.000000
    55 -0.000008 -0.000006 0.000000 3.141593 0.000000 0.000000
    56 0.000002 -0.000002 0.000000 3.141593 0.000000 0.000000
    57 0.000014 -0.000004 0.000000 3.141593 0.000000 0.000000
    58 -0.000001 0.000000 0.000000 3.141593 0.000000 -0.000001
    59 0.000000 0.000000 0.000000 3.141593 0.000000 0.000000
    60 0.000010 0.000017 0.000000 3.141593 0.000000 -0.000001
    61 0.000000 0.000004 0.000000 3.141593 0.000000 -0.000001
    62 0.000000 0.000006 0.000000 3.141593 0.000000 -0.000001
    63 0.000001 0.000002 0.000000 3.141593 0.000000 0.000000
    64 0.000000 0.000000 0.000000 -3.141592 0.000000 0.000000
    65 0.000000 0.000000 0.000000 -1.570797 -0.000001 0.000000
    66 0.000000 0.000000 0.000000 0.000000 0.000000 0.000000
    67 1.200000 0.000000 0.000000 0.000000 0.000000 0.000000
    68 0.000009 0.299994 0.000000 0.000000 0.000000 0.174533
    69 -0.000001 -0.000001 -0.000004 0.000000 0.000000 0.000000
    70 -0.000010 0.000000 -0.000003 -3.141592 0.000001 0.000000
    71 0.000000 0.000000 0.000000 0.000001 -0.000001 0.349065
    72 0.000000 -0.000003 0.000000 0.000000 0.000000 0.000000
    73 0.000003 0.000000 0.000000 0.000000 0.000000 0.000000
    74 -0.000010 -0.000006 0.000000 -0.000001 0.000000 0.000000
    75 0.000019 0.000002 0.000000 0.000000 0.000000 0.000000
    76 0.000001 0.000004 0.000000 0.000000 0.000000 -0.000001
    77 0.000000 0.000000 0.000000 0.000000 0.000000 -0.000001
    78 0.000001 -0.000002 0.000000 0.000000 0.000000 -0.000001
    79 0.000000 0.000000 0.000000 0.000000 0.000000 -0.000001
    80 0.000001 0.000008 0.000000 0.000000 0.000000 0.000000
    81 -0.000003 0.000004 0.000000 0.000000 0.000000 0.000000
    82 -0.000007 -0.000008 0.000000 0.000000 0.000000 -0.000001
    83 0.000000 0.000002 -0.000002 -1.570796 0.000000 0.000000
  time 130
    0 -2.657589 -16.752692 -4.828519 -1.336891 -0.372934 -0.821962
    1 -1.185547 -1.037109 0.043213 0.000000 0.000004 0.000000
    2 -1.936523 -1.362305 0.225586 0.000000 0.000002 0.000000
    3 -4.549240 -1.689358 -0.012529 0.000000 0.000000 0.000000
    4 4.331499 0.360595 -0.709097 0.000015 0.000003 0.056022
    5 3.513922 0.962076 -0.004281 0.000004 -0.000001 1.176003
    6 2.855053 0.477292 0.679213 -0.000001 -0.000004 2.896619
    7 1.649902 5.878080 0.032496 -0.000003 0.000002 -1.570796
    8 6.587842 -0.691444 0.025964 -0.000001 -0.000001 1.570796
    9 0.000002 -0.241401 -0.052690 0.000001 0.000001 0.000000
    10 10.620066 1.884898 -0.004843 -1.568531 -0.000002 3.141351
    11 -9.087198 1.359573 -0.008167 -0.000003 0.000002 -1.570796
    12 7.238401 -15.461379 -24.220549 3.728699 -0.176305 -2.433881
    13 1.473659 0.639418 -1.295234 1.610673 0.828406 0.052539
    14 1.832607 0.000002 -0.000008 3.083692 -0.000112 -0.079515
    15 1.003335 0.000005 0.000001 -3.045370 -0.030133 0.165950
    16 3.808270 -0.415697 -1.411520 0.269590 0.050095 -0.070841
    17 2.187956 0.000010 0.000000 -0.078069 0.009257 0.673467
    18 1.100960 0.000002 0.000000 0.176853 -0.066165 0.636549
    19 3.987863 -0.577452 -0.474712 0.168450 -0.011675 0.118646
    20 1.890109 -0.000010 -0.000001 0.042863 -0.048516 0.594628
    21 1.310925 0.000000 0.000000 0.246766 -0.120804 0.784211
    22 4.117986 -0.658441 0.453695 0.233497 0.009825 0.371261
    23 1.655294 0.000008 0.000000 0.021457 0.038077 1.341014
    24 0.869582 0.000004 0.000000 -0.077826 -0.013279 0.530725
    25 4.150630 -0.601125 1.354863 -0.238815 0.103920 0.667065
    26 1.157247 -0.000010 -0.000002 -0.082128 -0.107426 1.331526
    27 1.019835 -0.000006 0.000000 -1.511727 -0.138454 0.864969
    28 7.406140 -6.039003 -8.901889 0.458845 1.054104 -6.149284
    29 12.695427 -0.000020 -0.000008 -0.221262 0.296946 -1.577232
    30 -3.066598 -15.599966 -9.513068 3.299757 -0.368432 -0.808387
    31 1.474215 -0.497926 -1.376118 0.979456 0.426216 -0.250736
    32 1.832179 -0.000010 -0.000002 -2.526135 -0.301549 0.609667
    33 1.042025 -0.000004 -0.000009 -2.896901 -0.278851 -0.192682
    34 3.823320 0.664865 -1.331676 0.207739 0.287345 -0.138629
    35 2.152367 -0.000001 0.000004 0.062007 -0.001512 0.005920
    36 1.056622 -0.000011 0.000000 0.241003 0.000705 -0.002190
    37 3.985134 0.881805 -0.368986 0.128322 -0.008132 -0.090211
    38 1.830183 0.000015 0.000000 0.063848 -0.073976 -1.510192
    39 1.561352 0.000008 -0.000004 0.027622 -0.015767 -1.357316
    40 4.116518 0.711272 0.551869 0.187923 0.006580 -0.361666
    41 1.752727 0.000006 0.000000 0.026521 0.029573 -1.405331
    42 0.869359 -0.000006 0.000000 0.015630 -0.073475 -0.926076
    43 4.118826 0.331223 1.419829 0.128888 -0.005990 -0.280207
    44 1.176321 0.000006 0.000000 -0.027338 0.139049 -0.923484
    45 0.970199 -0.000002 -0.000004 1.655618 0.044631 -1.487290
    46 -7.606037 1.001330 -4.120493 -2.807897 0.913146 -1.949668
    47 12.706336 -0.000035 -0.000009 -0.218274 0.298112 -1.573897
    48 0.000000 0.000000 -0.000003 0.000000 0.000000 0.000000
    49 1.200000 0.000000 0.000010 0.000000 0.000000 0.000000
    50 0.000010 -0.300000 0.000000 3.141593 0.000000 -0.174533
    51 0.000000 -0.000001 0.000000 0.000000 0.000000 0.000000
    52 -0.000003 0.000000 0.000001 3.141592 0.000000 0.000000
    53 0.000006 0.000000 0.000004 0.000000 0.000000 0.349065
    54 0.000000 0.000000 0.000000 3.141593 0.000000 0.000000
    55 -0.000008 -0.000006 0.000000 3.141593 0.000000 0.000000
    56 0.000002 -0.000002 0.000000 3.141593 0.000000 0.000000
    57 0.000014 -0.000004 0.000000 3.141593 0.000000 0.000000
    58 -0.000001 0.000000 0.000000 3.141593 0.000000 -0.000001
    59 0.000000 0.000000 0.000000 3.141593 0.000000 0.000000
    60 0.000010 0.000017 0.000000 3.141593 0.000000 -0.000001
    61 0.000000 0.000004 0.000000 3.141593 0.000000 -0.000001
    62 0.000000 0.000006 0.000000 3.141593 0.000000 -0.000001
    63 0.000001 0.000002 0.000000 3.141593 0.000000 0.000000
    64 0.000000 0.000000 0.000000 -3.141592 0.000000 0.000000
    65 0.000000 0.000000 0.000000 -1.570797 -0.000001 0.000000
    66 0.000000 0.000000 0.000000 0.000000 0.000000 0.000000
    67 1.200000 0.000000 0.000000 0.000000 0.000000 0.000000
    68 0.000009 0.299994 0.000000 0.000000 0.000000 0.174533
    69 -0.000001 -0.000001 -0.000004 0.000000 0.000000 0.000000
    70 -0.000010 0.000000 -0.000003 -3.141592 0.000001 0.000000
    71 0.000000 0.000000 0.000000 0.000001 -0.000001 0.349065
    72 0.000000 -0.000003 0.000000 0.000000 0.000000 0.000000
    73 0.000003 0.000000 0.000000 0.000000 0.000000 0.000000
    74 -0.000010 -0.000006 0.000000 -0.000001 0.000000 0.000000
    75 0.000019 0.000002 0.000000 0.000000 0.000000 0.000000
    76 0.000001 0.000004 0.000000 0.000000 0.000000 -0.000001
    77 0.000000 0.000000 0.000000 0.000000 0.000000 -0.000001
    78 0.000001 -0.000002 0.000000 0.000000 0.000000 -0.000001
    79 0.000000 0.000000 0.000000 0.000000 0.000000 -0.000001
    80 0.000001 0.000008 0.000000 0.000000 0.000000 0.000000
    81 -0.000003 0.000004 0.000000 0.000000 0.000000 0.000000
    82 -0.000007 -0.000008 0.000000 0.000000 0.000000 -0.000001
    83 0.000000 0.000002 -0.000002 -1.570796 0.000000 0.000000
  time 131
    0 -2.657589 -16.752692 -4.828519 -1.348501 -0.372300 -0.821039
    1 -1.185547 -1.037109 0.043213 0.000000 0.000004 0.000000
    2 -1.936523 -1.362305 0.225586 0.000000 0.000002 0.000000
    3 -4.549240 -1.689358 -0.012529 0.000000 0.000000 0.000000
    4 4.331499 0.360595 -0.709097 0.000015 0.000003 0.056022
    5 3.513922 0.962076 -0.004281 0.000004 -0.000001 1.176003
    6 2.855053 0.477292 0.679213 -0.000001 -0.000004 2.896619
    7 1.649902 5.878080 0.032496 -0.000003 0.000002 -1.570796
    8 6.587842 -0.691444 0.025964 -0.000001 -0.000001 1.570796
    9 0.000002 -0.241401 -0.052690 0.000001 0.000001 0.000000
    10 10.620066 1.884898 -0.004843 -1.568531 -0.000002 3.141351
    11 -9.087198 1.359573 -0.008167 -0.000003 0.000002 -1.570796
    12 7.238401 -15.461379 -24.220549 3.728699 -0.176305 -2.433881
    13 1.473659 0.639418 -1.295234 1.608977 0.825807 0.040772
    14 1.832607 0.000002 -0.000008 3.083751 0.000008 -0.081863
    15 1.003335 0.000005 0.000001 -3.045214 -0.030181 0.161870
    16 3.808270 -0.415697 -1.411520 0.266379 0.052101 -0.068817
    17 2.187956 0.000010 0.000000 -0.077159 0.009065 0.689410
    18 1.100960 0.000002 0.000000 0.182210 -0.069245 0.644759
    19 3.987863 -0.577452 -0.474712 0.168206 -0.007133 0.117259
    20 1.890109 -0.000010 -0.000001 0.042936 -0.050062 0.611267
    21 1.310925 0.000000 0.000000 0.252905 -0.125262 0.795533
    22 4.117986 -0.658441 0.453695 0.228643 0.015111 0.370237
    23 1.655294 0.000008 0.000000 0.023086 0.037346 1.368487
    24 0.869582 0.000004 0.000000 -0.072385 -0.013914 0.538356
    25 4.150630 -0.601125 1.354863 -0.235076 0.113999 0.670277
    26 1.157247 -0.000010 -0.000002 -0.089067 -0.105970 1.361567
    27 1.019835 -0.000006 0.000000 -1.513356 -0.139724 0.872631
    28 7.406140 -6.039003 -8.901889 0.458845 1.054104 -6.149284
    29 12.695427 -0.000020 -0.000008 -0.221262 0.296946 -1.577232
    30 -3.105661 -15.631217 -9.516974 3.288294 -0.367607 -0.806895
    31 1.474215 -0.497926 -1.376118 0.979456 0.426216 -0.250736
    32 1.832179 -0.000010 -0.000002 -2.526135 -0.301549 0.609667
    33 1.042025 -0.000004 -0.000009 -2.896961 -0.278851 -0.192682
    34 3.823320 0.664865 -1.331676 0.207739 0.287393 -0.138629
    35 2.152367 -0.000001 0.000004 0.062007 -0.001512 0.005920
    36 1.056622 -0.000011 0.000000 0.241003 0.000705 -0.002202
    37 3.985134 0.881805 -0.368986 0.128322 -0.008132 -0.090211
    38 1.830183 0.000015 0.000000 0.063848 -0.073976 -1.510192
    39 1.561352 0.000008 -0.000004 0.027622 -0.015767 -1.357349
    40 4.116518 0.711272 0.551869 0.187923 0.006580 -0.361666
    41 1.752727 0.000006 0.000000 0.026509 0.029537 -1.405331
    42 0.869359 -0.000006 0.000000 0.015582 -0.073475 -0.926076
    43 4.118826 0.331223 1.419829 0.128888 -0.005990 -0.280207
    44 1.176321 0.000006 0.000000 -0.027338 0.139049 -0.923484
    45 0.970199 -0.000002 -0.000004 1.655618 0.044631 -1.487290
    46 -7.606037 1.001330 -4.120493 -2.805677 0.912812 -1.949918
    47 12.706336 -0.000035 -0.000009 -0.217584 0.298124 -1.571436
    48 0.000000 0.000000 -0.000003 0.000000 0.000000 0.000000
    49 1.200000 0.000000 0.000010 0.000000 0.000000 0.000000
    50 0.000010 -0.300000 0.000000 3.141593 0.000000 -0.174533
    51 0.000000 -0.000001 0.000000 0.000000 0.000000 0.000000
    52 -0.000003 0.000000 0.000001 3.141592 0.000000 0.000000
    53 0.000006 0.000000 0.000004 0.000000 0.000000 0.349065
    54 0.000000 0.000000 0.000000 3.141593 0.000000 0.000000
    55 -0.000008 -0.000006 0.000000 3.141593 0.000000 0.000000
    56 0.000002 -0.000002 0.000000 3.141593 0.000000 0.000000
    57 0.000014 -0.000004 0.000000 3.141593 0.000000 0.000000
    58 -0.000001 0.000000 0.000000 3.141593 0.000000 -0.000001
    59 0.000000 0.000000 0.000000 3.141593 0.000000 0.000000
    60 0.000010 0.000017 0.000000 3.141593 0.000000 -0.000001
    61 0.000000 0.000004 0.000000 3.141593 0.000000 -0.000001
    62 0.000000 0.000006 0.000000 3.141593 0.000000 -0.000001
    63 0.000001 0.000002 0.000000 3.141593 0.000000 0.000000
    64 0.000000 0.000000 0.000000 -3.141592 0.000000 0.000000
    65 0.000000 0.000000 0.000000 -1.570797 -0.000001 0.000000
    66 0.000000 0.000000 0.000000 0.000000 0.000000 0.000000
    67 1.200000 0.000000 0.000000 0.000000 0.000000 0.000000
    68 0.000009 0.299994 0.000000 0.000000 0.000000 0.174533
    69 -0.000001 -0.000001 -0.000004 0.000000 0.000000 0.000000
    70 -0.000010 0.000000 -0.000003 -3.141592 0.000001 0.000000
    71 0.000000 0.000000 0.000000 0.000001 -0.000001 0.349065
    72 0.000000 -0.000003 0.000000 0.000000 0.000000 0.000000
    73 0.000003 0.000000 0.000000 0.000000 0.000000 0.000000
    74 -0.000010 -0.000006 0.000000 -0.000001 0.000000 0.000000
    75 0.000019 0.000002 0.000000 0.000000 0.000000 0.000000
    76 0.000001 0.000004 0.000000 0.000000 0.000000 -0.000001
    77 0.000000 0.000000 0.000000 0.000000 0.000000 -0.000001
    78 0.000001 -0.000002 0.000000 0.000000 0.000000 -0.000001
    79 0.000000 0.000000 0.000000 0.000000 0.000000 -0.000001
    80 0.000001 0.000008 0.000000 0.000000 0.000000 0.000000
    81 -0.000003 0.000004 0.000000 0.000000 0.000000 0.000000
    82 -0.000007 -0.000008 0.000000 0.000000 0.000000 -0.000001
    83 0.000000 0.000002 -0.000002 -1.570796 0.000000 0.000000
  time 132
    0 -2.657589 -16.752692 -4.828519 -1.360694 -0.371560 -0.818910
    1 -1.185547 -1.037109 0.043213 0.000000 0.000004 0.000000
    2 -1.936523 -1.362305 0.225586 0.000000 0.000002 0.000000
    3 -4.549240 -1.689358 -0.012529 0.000000 0.000000 0.000000
    4 4.331499 0.360595 -0.709097 0.000015 0.000003 0.056022
    5 3.513922 0.962076 -0.004281 0.000004 -0.000001 1.176003
    6 2.855053 0.477292 0.679213 -0.000001 -0.000004 2.896619
    7 1.649902 5.878080 0.032496 -0.000003 0.000002 -1.570796
    8 6.587842 -0.691444 0.025964 -0.000001 -0.000001 1.570796
    9 0.000002 -0.241401 -0.052690 0.000001 0.000001 0.000000
    10 10.620066 1.884898 -0.004843 -1.529186 -0.000002 3.141591
    11 -9.087198 1.359573 -0.008167 -0.000003 0.000002 -1.570796
    12 7.238401 -15.461379 -24.220549 3.728699 -0.176305 -2.433881
    13 1.473659 0.639418 -1.295234 1.607396 0.822764 0.029146
    14 1.832607 0.000002 -0.000008 3.083823 0.000224 -0.084048
    15 1.003335 0.000005 0.000001 -3.045142 -0.030205 0.157447
    16 3.808270 -0.419603 -1.411520 0.263186 0.054054 -0.066793
    17 2.187956 0.000010 0.000000 -0.076284 0.008814 0.705353
    18 1.100960 0.000002 0.000000 0.187435 -0.072314 0.653005
    19 3.987863 -0.577452 -0.474712 0.167995 -0.002579 0.115594
    20 1.890109 -0.000010 -0.000001 0.042936 -0.051620 0.628180
    21 1.310925 0.000000 0.000000 0.259058 -0.129852 0.806757
    22 4.117986 -0.658441 0.453695 0.223633 0.020284 0.369029
    23 1.655294 0.000008 0.000000 0.024680 0.036710 1.395508
    24 0.869582 0.000004 0.000000 -0.066968 -0.014633 0.545768
    25 4.150630 -0.601125 1.354863 -0.231409 0.124078 0.673404
    26 1.157247 -0.000010 -0.000002 -0.095946 -0.104371 1.390718
    27 1.019835 -0.000006 0.000000 -1.515130 -0.140826 0.880251
    28 7.406140 -6.039003 -8.901889 0.458845 1.054104 -6.149284
    29 12.695427 -0.000020 -0.000008 -0.221262 0.296946 -1.577232
    30 -3.144725 -15.662468 -9.516974 3.275981 -0.366721 -0.806043
    31 1.474215 -0.497926 -1.376118 0.979444 0.426216 -0.250736
    32 1.832179 -0.000010 -0.000002 -2.526135 -0.301549 0.609667
    33 1.042025 -0.000004 -0.000009 -2.896889 -0.278839 -0.192682
    34 3.823320 0.664865 -1.331676 0.207739 0.287357 -0.138629
    35 2.152367 -0.000001 0.000004 0.062007 -0.001512 0.005920
    36 1.056622 -0.000011 0.000000 0.241003 0.000705 -0.002190
    37 3.985134 0.881805 -0.368986 0.128322 -0.008132 -0.090211
    38 1.830183 0.000015 0.000000 0.063848 -0.073976 -1.510192
    39 1.561352 0.000008 -0.000004 0.027622 -0.015767 -1.357250
    40 4.116518 0.711272 0.551869 0.187923 0.006580 -0.361666
    41 1.752727 0.000006 0.000000 0.026509 0.029537 -1.405331
    42 0.869359 -0.000006 0.000000 0.015642 -0.073475 -0.926054
    43 4.118826 0.331223 1.419829 0.128888 -0.005990 -0.280207
    44 1.176321 0.000006 0.000000 -0.027338 0.139037 -0.923484
    45 0.970199 -0.000002 -0.000004 1.655618 0.044631 -1.487290
    46 -7.606037 1.001330 -4.120493 -2.802902 0.912512 -1.950168
    47 12.706336 -0.000035 -0.000009 -0.216842 0.298124 -1.569036
    48 0.000000 0.000000 -0.000003 0.000000 0.000000 0.000000
    49 1.200000 0.000000 0.000010 0.000000 0.000000 0.000000
    50 0.000010 -0.300000 0.000000 3.141593 0.000000 -0.174533
    51 0.000000 -0.000001 0.000000 0.000000 0.000000 0.000000
    52 -0.000003 0.000000 0.000001 3.141592 0.000000 0.000000
    53 0.000006 0.000000 0.000004 0.000000 0.000000 0.349065
    54 0.000000 0.000000 0.000000 3.141593 0.000000 0.000000
    55 -0.000008 -0.000006 0.000000 3.141593 0.000000 0.000000
    56 0.000002 -0.000002 0.000000 3.141593 0.000000 0.000000
    57 0.000014 -0.000004 0.000000 3.141593 0.000000 0.000000
    58 -0.000001 0.000000 0.000000 3.141593 0.000000 -0.000001
    59 0.000000 0.000000 0.000000 3.141593 0.000000 0.000000
    60 0.000010 0.000017 0.000000 3.141593 0.000000 -0.000001
    61 0.000000 0.000004 0.000000 3.141593 0.000000 -0.000001
    62 0.000000 0.000006 0.000000 3.141593 0.000000 -0.000001
    63 0.000001 0.000002 0.000000 3.141593 0.000000 0.000000
    64 0.000000 0.000000 0.000000 -3.141592 0.000000 0.000000
    65 0.000000 0.000000 0.000000 -1.570797 -0.000001 0.000000
    66 0.000000 0.000000 0.000000 0.000000 0.000000 0.000000
    67 1.200000 0.000000 0.000000 0.000000 0.000000 0.000000
    68 0.000009 0.299994 0.000000 0.000000 0.000000 0.174533
    69 -0.000001 -0.000001 -0.000004 0.000000 0.000000 0.000000
    70 -0.000010 0.000000 -0.000003 -3.141592 0.000001 0.000000
    71 0.000000 0.000000 0.000000 0.000001 -0.000001 0.349065
    72 0.000000 -0.000003 0.000000 0.000000 0.000000 0.000000
    73 0.000003 0.000000 0.000000 0.000000 0.000000 0.000000
    74 -0.000010 -0.000006 0.000000 -0.000001 0.000000 0.000000
    75 0.000019 0.000002 0.000000 0.000000 0.000000 0.000000
    76 0.000001 0.000004 0.000000 0.000000 0.000000 -0.000001
    77 0.000000 0.000000 0.000000 0.000000 0.000000 -0.000001
    78 0.000001 -0.000002 0.000000 0.000000 0.000000 -0.000001
    79 0.000000 0.000000 0.000000 0.000000 0.000000 -0.000001
    80 0.000001 0.000008 0.000000 0.000000 0.000000 0.000000
    81 -0.000003 0.000004 0.000000 0.000000 0.000000 0.000000
    82 -0.000007 -0.000008 0.000000 0.000000 0.000000 -0.000001
    83 0.000000 0.000002 -0.000002 -1.570796 0.000000 0.000000
  time 133
    0 -2.657589 -16.752692 -4.828519 -1.373380 -0.370714 -0.817632
    1 -1.185547 -1.037109 0.043213 0.000000 0.000004 0.000000
    2 -1.936523 -1.362305 0.225586 0.000000 0.000002 0.000000
    3 -4.549240 -1.689358 -0.012529 0.000000 0.000000 0.000000
    4 4.331499 0.360595 -0.709097 0.000015 0.000003 0.056022
    5 3.513922 0.962076 -0.004281 0.000004 -0.000001 1.176003
    6 2.855053 0.477292 0.679213 -0.000001 -0.000004 2.896619
    7 1.649902 5.878080 0.032496 -0.000003 0.000002 -1.570796
    8 6.587842 -0.691444 0.025964 -0.000001 -0.000001 1.570796
    9 0.000002 -0.241401 -0.052690 0.000001 0.000001 0.000000
    10 10.620066 1.884898 -0.004843 -1.568531 -0.000002 3.141351
    11 -9.087198 1.359573 -0.008167 -0.000003 0.000002 -1.570796
    12 7.238401 -15.461379 -24.220549 3.728699 -0.176305 -2.433881
    13 1.473659 0.639418 -1.295234 1.605930 0.819244 0.017492
    14 1.832607 0.000002 -0.000008 3.083931 0.000332 -0.086233
    15 1.003335 0.000005 0.000001 -3.045107 -0.030205 0.152667
    16 3.808270 -0.419603 -1.411520 0.259976 0.056060 -0.064769
    17 2.187956 0.000010 0.000000 -0.075325 0.008370 0.721156
    18 1.100960 0.000002 0.000000 0.192672 -0.075370 0.661144
    19 3.987863 -0.577452 -0.474712 0.167751 0.001999 0.113837
    20 1.890109 -0.000010 -0.000001 0.042863 -0.053190 0.645367
    21 1.310925 0.000000 0.000000 0.265126 -0.134502 0.817902
    22 4.117986 -0.658441 0.453695 0.218768 0.025363 0.367795
    23 1.655294 0.000008 0.000000 0.026190 0.036087 1.421965
    24 0.869582 0.000004 0.000000 -0.061551 -0.015400 0.553290
    25 4.150630 -0.589406 1.354863 -0.227670 0.134110 0.676532
    26 1.157247 -0.000010 -0.000002 -0.102502 -0.102719 1.419870
    27 1.019835 -0.000006 0.000000 -1.516868 -0.142145 0.887871
    28 7.406140 -6.039003 -8.901889 0.458845 1.054104 -6.149284
    29 12.695427 -0.000020 -0.000008 -0.221262 0.296946 -1.577232
    30 -3.179882 -15.693719 -9.516974 3.263444 -0.365789 -0.804267
    31 1.474215 -0.497926 -1.376118 0.979456 0.426216 -0.250736
    32 1.832179 -0.000010 -0.000002 -2.526135 -0.301549 0.609667
    33 1.042025 -0.000004 -0.000009 -2.896925 -0.278863 -0.192682
    34 3.823320 0.664865 -1.331676 0.207739 0.287345 -0.138629
    35 2.152367 -0.000001 0.000004 0.062007 -0.001512 0.005920
    36 1.056622 -0.000011 0.000000 0.241003 0.000705 -0.002178
    37 3.985134 0.881805 -0.368986 0.128322 -0.008132 -0.090211
    38 1.830183 0.000015 0.000000 0.063848 -0.073976 -1.510192
    39 1.561352 0.000008 -0.000004 0.027622 -0.015767 -1.357316
    40 4.116518 0.711272 0.551869 0.187923 0.006580 -0.361666
    41 1.752727 0.000006 0.000000 0.026521 0.029537 -1.405331
    42 0.869359 -0.000006 0.000000 0.015582 -0.073475 -0.926076
    43 4.118826 0.331223 1.419829 0.128888 -0.005990 -0.280207
    44 1.176321 0.000006 0.000000 -0.027338 0.139049 -0.923484
    45 0.970199 -0.000002 -0.000004 1.655618 0.044631 -1.487290
    46 -7.606037 1.001330 -4.120493 -2.800266 0.912145 -1.950480
    47 12.706336 -0.000035 -0.000009 -0.216113 0.298052 -1.566452
    48 0.000000 0.000000 -0.000003 0.000000 0.000000 0.000000
    49 1.200000 0.000000 0.000010 0.000000 0.000000 0.000000
    50 0.000010 -0.300000 0.000000 3.141593 0.000000 -0.174533
    51 0.000000 -0.000001 0.000000 0.000000 0.000000 0.000000
    52 -0.000003 0.000000 0.000001 3.141592 0.000000 0.000000
    53 0.000006 0.000000 0.000004 0.000000 0.000000 0.349065
    54 0.000000 0.000000 0.000000 3.141593 0.000000 0.000000
    55 -0.000008 -0.000006 0.000000 3.141593 0.000000 0.000000
    56 0.000002 -0.000002 0.000000 3.141593 0.000000 0.000000
    57 0.000014 -0.000004 0.000000 3.141593 0.000000 0.000000
    58 -0.000001 0.000000 0.000000 3.141593 0.000000 -0.000001
    59 0.000000 0.000000 0.000000 3.141593 0.000000 0.000000
    60 0.000010 0.000017 0.000000 3.141593 0.000000 -0.000001
    61 0.000000 0.000004 0.000000 3.141593 0.000000 -0.000001
    62 0.000000 0.000006 0.000000 3.141593 0.000000 -0.000001
    63 0.000001 0.000002 0.000000 3.141593 0.000000 0.000000
    64 0.000000 0.000000 0.000000 -3.141592 0.000000 0.000000
    65 0.000000 0.000000 0.000000 -1.570797 -0.000001 0.000000
    66 0.000000 0.000000 0.000000 0.000000 0.000000 0.000000
    67 1.200000 0.000000 0.000000 0.000000 0.000000 0.000000
    68 0.000009 0.299994 0.000000 0.000000 0.000000 0.174533
    69 -0.000001 -0.000001 -0.000004 0.000000 0.000000 0.000000
    70 -0.000010 0.000000 -0.000003 -3.141592 0.000001 0.000000
    71 0.000000 0.000000 0.000000 0.000001 -0.000001 0.349065
    72 0.000000 -0.000003 0.000000 0.000000 0.000000 0.000000
    73 0.000003 0.000000 0.000000 0.000000 0.000000 0.000000
    74 -0.000010 -0.000006 0.000000 -0.000001 0.000000 0.000000
    75 0.000019 0.000002 0.000000 0.000000 0.000000 0.000000
    76 0.000001 0.000004 0.000000 0.000000 0.000000 -0.000001
    77 0.000000 0.000000 0.000000 0.000000 0.000000 -0.000001
    78 0.000001 -0.000002 0.000000 0.000000 0.000000 -0.000001
    79 0.000000 0.000000 0.000000 0.000000 0.000000 -0.000001
    80 0.000001 0.000008 0.000000 0.000000 0.000000 0.000000
    81 -0.000003 0.000004 0.000000 0.000000 0.000000 0.000000
    82 -0.000007 -0.000008 0.000000 0.000000 0.000000 -0.000001
    83 0.000000 0.000002 -0.000002 -1.570796 0.000000 0.000000
  time 134
    0 -2.657589 -16.752692 -4.828519 -1.385528 -0.369914 -0.817278
    1 -1.185547 -1.037109 0.043213 0.000000 0.000004 0.000000
    2 -1.936523 -1.362305 0.225586 0.000000 0.000002 0.000000
    3 -4.549240 -1.689358 -0.012529 0.000000 0.000000 0.000000
    4 4.331499 0.360595 -0.709097 0.000015 0.000003 0.056022
    5 3.513922 0.962076 -0.004281 0.000004 -0.000001 1.176003
    6 2.855053 0.477292 0.679213 -0.000001 -0.000004 2.896619
    7 1.649902 5.878080 0.032496 -0.000003 0.000002 -1.570796
    8 6.587842 -0.691444 0.025964 -0.000001 -0.000001 1.570796
    9 0.000002 -0.241401 -0.052690 0.000001 0.000001 0.000000
    10 10.620066 1.884898 -0.004843 -1.568531 -0.000002 3.141351
    11 -9.087198 1.359573 -0.008167 -0.000003 0.000002 -1.570796
    12 7.238401 -15.461379 -24.220549 3.728699 -0.176305 -2.433881
    13 1.473659 0.639418 -1.295234 1.604694 0.815099 0.005866
    14 1.832607 0.000002 -0.000008 3.084051 0.000440 -0.088255
    15 1.003335 0.000005 0.000001 -3.045095 -0.030157 0.147466
    16 3.808270 -0.419603 -1.411520 0.256802 0.058066 -0.062819
    17 2.187956 0.000010 0.000000 -0.074306 0.008143 0.736913
    18 1.100960 0.000002 0.000000 0.197969 -0.078450 0.669141
    19 3.987863 -0.577452 -0.474712 0.167507 0.006637 0.111932
    20 1.890109 -0.000010 -0.000001 0.042804 -0.054784 0.662906
    21 1.310925 0.000000 0.000000 0.271208 -0.139200 0.828933
    22 4.117986 -0.654534 0.453695 0.213554 0.030536 0.366298
    23 1.655294 0.000008 0.000000 0.027665 0.035512 1.447970
    24 0.869582 0.000004 0.000000 -0.056134 -0.016215 0.560647
    25 4.150630 -0.589406 1.354863 -0.223859 0.144173 0.679954
    26 1.157247 -0.000010 -0.000002 -0.109153 -0.100962 1.448207
    27 1.019835 -0.000006 0.000000 -1.518558 -0.143211 0.895450
    28 7.406140 -6.039003 -8.901889 0.458845 1.054104 -6.149284
    29 12.695427 -0.000020 -0.000008 -0.221262 0.296946 -1.577232
    30 -3.222852 -15.724970 -9.524787 3.251265 -0.364796 -0.803272
    31 1.474215 -0.497926 -1.376118 0.979456 0.426216 -0.250748
    32 1.832179 -0.000010 -0.000002 -2.526135 -0.301549 0.609667
    33 1.042025 -0.000004 -0.000009 -2.896901 -0.278815 -0.192682
    34 3.823320 0.664865 -1.331676 0.207739 0.287357 -0.138629
    35 2.152367 -0.000001 0.000004 0.062019 -0.001512 0.005920
    36 1.056622 -0.000011 0.000000 0.241003 0.000705 -0.002178
    37 3.985134 0.881805 -0.368986 0.128322 -0.008132 -0.090211
    38 1.830183 0.000015 0.000000 0.063848 -0.073976 -1.510192
    39 1.561352 0.000008 -0.000004 0.027622 -0.015767 -1.357250
    40 4.116518 0.711272 0.551869 0.187923 0.006580 -0.361666
    41 1.752727 0.000006 0.000000 0.026509 0.029537 -1.405331
    42 0.869359 -0.000006 0.000000 0.015630 -0.073475 -0.926076
    43 4.118826 0.331223 1.419829 0.128888 -0.005990 -0.280207
    44 1.176321 0.000006 0.000000 -0.027338 0.139049 -0.923484
    45 0.970199 -0.000002 -0.000004 1.655618 0.044631 -1.487290
    46 -7.606037 1.001330 -4.120493 -2.797699 0.911811 -1.950730
    47 12.706336 -0.000035 -0.000009 -0.215410 0.298136 -1.564052
    48 0.000000 0.000000 -0.000003 0.000000 0.000000 0.000000
    49 1.200000 0.000000 0.000010 0.000000 0.000000 0.000000
    50 0.000010 -0.300000 0.000000 3.141593 0.000000 -0.174533
    51 0.000000 -0.000001 0.000000 0.000000 0.000000 0.000000
    52 -0.000003 0.000000 0.000001 3.141592 0.000000 0.000000
    53 0.000006 0.000000 0.000004 0.000000 0.000000 0.349065
    54 0.000000 0.000000 0.000000 3.141593 0.000000 0.000000
    55 -0.000008 -0.000006 0.000000 3.141593 0.000000 0.000000
    56 0.000002 -0.000002 0.000000 3.141593 0.000000 0.000000
    57 0.000014 -0.000004 0.000000 3.141593 0.000000 0.000000
    58 -0.000001 0.000000 0.000000 3.141593 0.000000 -0.000001
    59 0.000000 0.000000 0.000000 3.141593 0.000000 0.000000
    60 0.000010 0.000017 0.000000 3.141593 0.000000 -0.000001
    61 0.000000 0.000004 0.000000 3.141593 0.000000 -0.000001
    62 0.000000 0.000006 0.000000 3.141593 0.000000 -0.000001
    63 0.000001 0.000002 0.000000 3.141593 0.000000 0.000000
    64 0.000000 0.000000 0.000000 -3.141592 0.000000 0.000000
    65 0.000000 0.000000 0.000000 -1.570797 -0.000001 0.000000
    66 0.000000 0.000000 0.000000 0.000000 0.000000 0.000000
    67 1.200000 0.000000 0.000000 0.000000 0.000000 0.000000
    68 0.000009 0.299994 0.000000 0.000000 0.000000 0.174533
    69 -0.000001 -0.000001 -0.000004 0.000000 0.000000 0.000000
    70 -0.000010 0.000000 -0.000003 -3.141592 0.000001 0.000000
    71 0.000000 0.000000 0.000000 0.000001 -0.000001 0.349065
    72 0.000000 -0.000003 0.000000 0.000000 0.000000 0.000000
    73 0.000003 0.000000 0.000000 0.000000 0.000000 0.000000
    74 -0.000010 -0.000006 0.000000 -0.000001 0.000000 0.000000
    75 0.000019 0.000002 0.000000 0.000000 0.000000 0.000000
    76 0.000001 0.000004 0.000000 0.000000 0.000000 -0.000001
    77 0.000000 0.000000 0.000000 0.000000 0.000000 -0.000001
    78 0.000001 -0.000002 0.000000 0.000000 0.000000 -0.000001
    79 0.000000 0.000000 0.000000 0.000000 0.000000 -0.000001
    80 0.000001 0.000008 0.000000 0.000000 0.000000 0.000000
    81 -0.000003 0.000004 0.000000 0.000000 0.000000 0.000000
    82 -0.000007 -0.000008 0.000000 0.000000 0.000000 -0.000001
    83 0.000000 0.000002 -0.000002 -1.570796 0.000000 0.000000
  time 135
    0 -2.657589 -16.752692 -4.816800 -1.396914 -0.369053 -0.815929
    1 -1.185547 -1.037109 0.043213 0.000000 0.000004 0.000000
    2 -1.936523 -1.362305 0.225586 0.000000 0.000002 0.000000
    3 -4.549240 -1.689358 -0.012529 0.000000 0.000000 0.000000
    4 4.331499 0.360595 -0.709097 0.000015 0.000003 0.056022
    5 3.513922 0.962076 -0.004281 0.000004 -0.000001 1.176003
    6 2.855053 0.477292 0.679213 -0.000001 -0.000004 2.896619
    7 1.649902 5.878080 0.032496 -0.000003 0.000002 -1.570796
    8 6.587842 -0.691444 0.025964 -0.000001 -0.000001 1.570796
    9 0.000002 -0.241401 -0.052690 0.000001 0.000001 0.000000
    10 10.620066 1.884898 -0.004843 -1.568531 -0.000002 3.141351
    11 -9.087198 1.359573 -0.008167 -0.000003 0.000002 -1.570796
    12 7.238401 -15.461379 -24.220549 3.728699 -0.176305 -2.433881
    13 1.473659 0.639418 -1.295234 1.603429 0.810345 -0.005732
    14 1.832607 0.000002 -0.000008 3.084195 0.000475 -0.090114
    15 1.003335 0.000005 0.000001 -3.044987 -0.030073 0.141751
    16 3.812176 -0.419603 -1.411520 0.253684 0.060019 -0.060795
    17 2.187956 0.000010 0.000000 -0.073395 0.007639 0.752484
    18 1.100960 0.000002 0.000000 0.203171 -0.081554 0.677209
    19 3.987863 -0.577452 -0.474712 0.167296 0.011299 0.109805
    20 1.890109 -0.000010 -0.000001 0.042627 -0.056390 0.680876
    21 1.310925 0.000000 0.000000 0.277276 -0.143946 0.839851
    22 4.117986 -0.654534 0.453695 0.208473 0.035709 0.364749
    23 1.655294 0.000008 0.000000 0.029127 0.034853 1.473373
    24 0.869582 0.000004 0.000000 -0.050717 -0.017102 0.568059
    25 4.150630 -0.589406 1.354863 -0.220035 0.154189 0.683250
    26 1.157247 -0.000010 -0.000002 -0.115493 -0.099179 1.475988
    27 1.019835 -0.000006 0.000000 -1.520224 -0.144494 0.902988
    28 7.406140 -6.039003 -8.901889 0.458845 1.054104 -6.149284
    29 12.695427 -0.000020 -0.000008 -0.221262 0.296946 -1.577232
    30 -3.258010 -15.756221 -9.524787 3.239892 -0.363803 -0.802775
    31 1.474215 -0.497926 -1.376118 0.979456 0.426216 -0.250748
    32 1.832179 -0.000010 -0.000002 -2.526135 -0.301549 0.609667
    33 1.042025 -0.000004 -0.000009 -2.896901 -0.278839 -0.192682
    34 3.823320 0.664865 -1.331676 0.207739 0.287381 -0.138629
    35 2.152367 -0.000001 0.000004 0.062007 -0.001512 0.005920
    36 1.056622 -0.000011 0.000000 0.241003 0.000705 -0.002166
    37 3.985134 0.881805 -0.368986 0.128322 -0.008132 -0.090211
    38 1.830183 0.000015 0.000000 0.063848 -0.073976 -1.510192
    39 1.561352 0.000008 -0.000004 0.027622 -0.015767 -1.357316
    40 4.116518 0.711272 0.551869 0.187923 0.006580 -0.361666
    41 1.752727 0.000006 0.000000 0.026509 0.029537 -1.405331
    42 0.869359 -0.000006 0.000000 0.015642 -0.073499 -0.926076
    43 4.118826 0.331223 1.419829 0.128888 -0.005990 -0.280207
    44 1.176321 0.000006 0.000000 -0.027338 0.139049 -0.923507
    45 0.970199 -0.000002 -0.000004 1.655618 0.044631 -1.487290
    46 -7.606037 1.001330 -4.120493 -2.795063 0.911511 -1.950980
    47 12.706336 -0.000035 -0.000009 -0.214772 0.298124 -1.561960
    48 0.000000 0.000000 -0.000003 0.000000 0.000000 0.000000
    49 1.200000 0.000000 0.000010 0.000000 0.000000 0.000000
    50 0.000010 -0.300000 0.000000 3.141593 0.000000 -0.174533
    51 0.000000 -0.000001 0.000000 0.000000 0.000000 0.000000
    52 -0.000003 0.000000 0.000001 3.141592 0.000000 0.000000
    53 0.000006 0.000000 0.000004 0.000000 0.000000 0.349065
    54 0.000000 0.000000 0.000000 3.141593 0.000000 0.000000
    55 -0.000008 -0.000006 0.000000 3.141593 0.000000 0.000000
    56 0.000002 -0.000002 0.000000 3.141593 0.000000 0.000000
    57 0.000014 -0.000004 0.000000 3.141593 0.000000 0.000000
    58 -0.000001 0.000000 0.000000 3.141593 0.000000 -0.000001
    59 0.000000 0.000000 0.000000 3.141593 0.000000 0.000000
    60 0.000010 0.000017 0.000000 3.141593 0.000000 -0.000001
    61 0.000000 0.000004 0.000000 3.141593 0.000000 -0.000001
    62 0.000000 0.000006 0.000000 3.141593 0.000000 -0.000001
    63 0.000001 0.000002 0.000000 3.141593 0.000000 0.000000
    64 0.000000 0.000000 0.000000 -3.141592 0.000000 0.000000
    65 0.000000 0.000000 0.000000 -1.570797 -0.000001 0.000000
    66 0.000000 0.000000 0.000000 0.000000 0.000000 0.000000
    67 1.200000 0.000000 0.000000 0.000000 0.000000 0.000000
    68 0.000009 0.299994 0.000000 0.000000 0.000000 0.174533
    69 -0.000001 -0.000001 -0.000004 0.000000 0.000000 0.000000
    70 -0.000010 0.000000 -0.000003 -3.141592 0.000001 0.000000
    71 0.000000 0.000000 0.000000 0.000001 -0.000001 0.349065
    72 0.000000 -0.000003 0.000000 0.000000 0.000000 0.000000
    73 0.000003 0.000000 0.000000 0.000000 0.000000 0.000000
    74 -0.000010 -0.000006 0.000000 -0.000001 0.000000 0.000000
    75 0.000019 0.000002 0.000000 0.000000 0.000000 0.000000
    76 0.000001 0.000004 0.000000 0.000000 0.000000 -0.000001
    77 0.000000 0.000000 0.000000 0.000000 0.000000 -0.000001
    78 0.000001 -0.000002 0.000000 0.000000 0.000000 -0.000001
    79 0.000000 0.000000 0.000000 0.000000 0.000000 -0.000001
    80 0.000001 0.000008 0.000000 0.000000 0.000000 0.000000
    81 -0.000003 0.000004 0.000000 0.000000 0.000000 0.000000
    82 -0.000007 -0.000008 0.000000 0.000000 0.000000 -0.000001
    83 0.000000 0.000002 -0.000002 -1.570796 0.000000 0.000000
  time 136
    0 -2.657589 -16.752692 -4.816800 -1.407045 -0.368177 -0.815787
    1 -1.185547 -1.037109 0.043213 0.000000 0.000004 0.000000
    2 -1.936523 -1.362305 0.225586 0.000000 0.000002 0.000000
    3 -4.549240 -1.689358 -0.012529 0.000000 0.000000 0.000000
    4 4.331499 0.360595 -0.709097 0.000015 0.000003 0.056022
    5 3.513922 0.962076 -0.004281 0.000004 -0.000001 1.176003
    6 2.855053 0.477292 0.679213 -0.000001 -0.000004 2.896619
    7 1.649902 5.878080 0.032496 -0.000003 0.000002 -1.570796
    8 6.587842 -0.691444 0.025964 -0.000001 -0.000001 1.570796
    9 0.000002 -0.241401 -0.052690 0.000001 0.000001 0.000000
    10 10.620066 1.884898 -0.004843 -1.529186 -0.000002 3.141591
    11 -9.087198 1.359573 -0.008167 -0.000003 0.000002 -1.570796
    12 7.238401 -15.461379 -24.220549 3.728699 -0.176305 -2.433881
    13 1.473659 0.639418 -1.295234 1.602538 0.804736 -0.017161
    14 1.832607 0.000002 -0.000008 3.084375 0.000547 -0.091875
    15 1.003335 0.000005 0.000001 -3.044879 -0.029905 0.135460
    16 3.812176 -0.419603 -1.411520 0.250566 0.062025 -0.058845
    17 2.187956 0.000010 0.000000 -0.072521 0.007340 0.767915
    18 1.100960 0.000002 0.000000 0.208144 -0.084682 0.685135
    19 3.987863 -0.577452 -0.474712 0.167052 0.015926 0.107530
    20 1.890109 -0.000010 -0.000001 0.042435 -0.058008 0.699473
    21 1.310925 0.000000 0.000000 0.283330 -0.148800 0.850657
    22 4.117986 -0.654534 0.453695 0.203176 0.040750 0.362911
    23 1.655294 0.000008 0.000000 0.030313 0.034194 1.498136
    24 0.869582 0.000004 0.000000 -0.045276 -0.018012 0.575417
    25 4.150630 -0.589406 1.354863 -0.216164 0.164205 0.686440
    26 1.157247 -0.000010 -0.000002 -0.121725 -0.097304 1.502917
    27 1.019835 -0.000006 0.000000 -1.521842 -0.145512 0.910506
    28 7.406140 -6.039003 -8.901889 0.458845 1.054104 -6.149284
    29 12.695427 -0.000020 -0.000008 -0.221262 0.296946 -1.577232
    30 -3.285354 -15.779659 -9.524787 3.229862 -0.362810 -0.802633
    31 1.474215 -0.497926 -1.376118 0.979456 0.426216 -0.250748
    32 1.832179 -0.000010 -0.000002 -2.526135 -0.301549 0.609667
    33 1.042025 -0.000004 -0.000009 -2.896889 -0.278827 -0.192682
    34 3.823320 0.664865 -1.331676 0.207739 0.287345 -0.138629
    35 2.152367 -0.000001 0.000004 0.062007 -0.001512 0.005920
    36 1.056622 -0.000011 0.000000 0.241003 0.000705 -0.002190
    37 3.985134 0.881805 -0.368986 0.128322 -0.008132 -0.090211
    38 1.830183 0.000015 0.000000 0.063848 -0.073976 -1.510192
    39 1.561352 0.000008 -0.000004 0.027622 -0.015767 -1.357283
    40 4.116518 0.711272 0.551869 0.187923 0.006580 -0.361666
    41 1.752727 0.000006 0.000000 0.026521 0.029537 -1.405331
    42 0.869359 -0.000006 0.000000 0.015630 -0.073487 -0.926076
    43 4.118826 0.331223 1.419829 0.128888 -0.005990 -0.280207
    44 1.176321 0.000006 0.000000 -0.027338 0.139049 -0.923484
    45 0.970199 -0.000002 -0.000004 1.655618 0.044631 -1.487290
    46 -7.606037 1.001330 -4.120493 -2.792843 0.911344 -1.951105
    47 12.706336 -0.000035 -0.000009 -0.214251 0.298112 -1.560114
    48 0.000000 0.000000 -0.000003 0.000000 0.000000 0.000000
    49 1.200000 0.000000 0.000010 0.000000 0.000000 0.000000
    50 0.000010 -0.300000 0.000000 3.141593 0.000000 -0.174533
    51 0.000000 -0.000001 0.000000 0.000000 0.000000 0.000000
    52 -0.000003 0.000000 0.000001 3.141592 0.000000 0.000000
    53 0.000006 0.000000 0.000004 0.000000 0.000000 0.349065
    54 0.000000 0.000000 0.000000 3.141593 0.000000 0.000000
    55 -0.000008 -0.000006 0.000000 3.141593 0.000000 0.000000
    56 0.000002 -0.000002 0.000000 3.141593 0.000000 0.000000
    57 0.000014 -0.000004 0.000000 3.141593 0.000000 0.000000
    58 -0.000001 0.000000 0.000000 3.141593 0.000000 -0.000001
    59 0.000000 0.000000 0.000000 3.141593 0.000000 0.000000
    60 0.000010 0.000017 0.000000 3.141593 0.000000 -0.000001
    61 0.000000 0.000004 0.000000 3.141593 0.000000 -0.000001
    62 0.000000 0.000006 0.000000 3.141593 0.000000 -0.000001
    63 0.000001 0.000002 0.000000 3.141593 0.000000 0.000000
    64 0.000000 0.000000 0.000000 -3.141592 0.000000 0.000000
    65 0.000000 0.000000 0.000000 -1.570797 -0.000001 0.000000
    66 0.000000 0.000000 0.000000 0.000000 0.000000 0.000000
    67 1.200000 0.000000 0.000000 0.000000 0.000000 0.000000
    68 0.000009 0.299994 0.000000 0.000000 0.000000 0.174533
    69 -0.000001 -0.000001 -0.000004 0.000000 0.000000 0.000000
    70 -0.000010 0.000000 -0.000003 -3.141592 0.000001 0.000000
    71 0.000000 0.000000 0.000000 0.000001 -0.000001 0.349065
    72 0.000000 -0.000003 0.000000 0.000000 0.000000 0.000000
    73 0.000003 0.000000 0.000000 0.000000 0.000000 0.000000
    74 -0.000010 -0.000006 0.000000 -0.000001 0.000000 0.000000
    75 0.000019 0.000002 0.000000 0.000000 0.000000 0.000000
    76 0.000001 0.000004 0.000000 0.000000 0.000000 -0.000001
    77 0.000000 0.000000 0.000000 0.000000 0.000000 -0.000001
    78 0.000001 -0.000002 0.000000 0.000000 0.000000 -0.000001
    79 0.000000 0.000000 0.000000 0.000000 0.000000 -0.000001
    80 0.000001 0.000008 0.000000 0.000000 0.000000 0.000000
    81 -0.000003 0.000004 0.000000 0.000000 0.000000 0.000000
    82 -0.000007 -0.000008 0.000000 0.000000 0.000000 -0.000001
    83 0.000000 0.000002 -0.000002 -1.570796 0.000000 0.000000
  time 137
    0 -2.661495 -16.752692 -4.816800 -1.415562 -0.367437 -0.816923
    1 -1.185547 -1.037109 0.043213 0.000000 0.000004 0.000000
    2 -1.936523 -1.362305 0.225586 0.000000 0.000002 0.000000
    3 -4.549240 -1.689358 -0.012529 0.000000 0.000000 0.000000
    4 4.331499 0.360595 -0.709097 0.000015 0.000003 0.056022
    5 3.513922 0.962076 -0.004281 0.000004 -0.000001 1.176003
    6 2.855053 0.477292 0.679213 -0.000001 -0.000004 2.896619
    7 1.649902 5.878080 0.032496 -0.000003 0.000002 -1.570796
    8 6.587842 -0.691444 0.025964 -0.000001 -0.000001 1.570796
    9 0.000002 -0.241401 -0.052690 0.000001 0.000001 0.000000
    10 10.620066 1.884898 -0.004843 -1.529186 -0.000002 3.141591
    11 -9.087198 1.359573 -0.008167 -0.000003 0.000002 -1.570796
    12 7.238401 -15.461379 -24.220549 3.728699 -0.176305 -2.433881
    13 1.473659 0.639418 -1.295234 1.601762 0.798107 -0.028280
    14 1.832607 0.000002 -0.000008 3.084483 0.000667 -0.093473
    15 1.003335 0.000005 0.000001 -3.044723 -0.029605 0.128515
    16 3.812176 -0.419603 -1.411520 0.247448 0.063943 -0.056895
    17 2.187956 0.000010 0.000000 -0.071706 0.006776 0.783300
    18 1.100960 0.000002 0.000000 0.213310 -0.087690 0.692812
    19 3.987863 -0.577452 -0.474712 0.166792 0.020564 0.104904
    20 1.890109 -0.000010 -0.000001 0.042155 -0.059650 0.718539
    21 1.310925 0.000000 0.000000 0.289398 -0.153678 0.861317
    22 4.117986 -0.654534 0.453695 0.197723 0.045866 0.360889
    23 1.655294 0.000008 0.000000 0.031536 0.033451 1.522222
    24 0.869582 0.000004 0.000000 -0.039858 -0.018887 0.582555
    25 4.150630 -0.589406 1.354863 -0.212281 0.174174 0.689589
    26 1.157247 -0.000010 -0.000002 -0.127861 -0.095416 1.529550
    27 1.019835 -0.000006 0.000000 -1.523543 -0.146759 0.917961
    28 7.406140 -6.039003 -8.901889 0.458845 1.054104 -6.149284
    29 12.695427 -0.000020 -0.000008 -0.221262 0.296946 -1.577232
    30 -3.320512 -15.803097 -9.524787 3.221310 -0.361924 -0.803130
    31 1.474215 -0.497926 -1.376118 0.979456 0.426216 -0.250736
    32 1.832179 -0.000010 -0.000002 -2.526135 -0.301549 0.609667
    33 1.042025 -0.000004 -0.000009 -2.896901 -0.278827 -0.192682
    34 3.823320 0.664865 -1.331676 0.207739 0.287369 -0.138629
    35 2.152367 -0.000001 0.000004 0.062019 -0.001512 0.005920
    36 1.056622 -0.000011 0.000000 0.241003 0.000705 -0.002190
    37 3.985134 0.881805 -0.368986 0.128322 -0.008132 -0.090211
    38 1.830183 0.000015 0.000000 0.063848 -0.073976 -1.510192
    39 1.561352 0.000008 -0.000004 0.027622 -0.015767 -1.357316
    40 4.116518 0.711272 0.551869 0.187923 0.006580 -0.361666
    41 1.752727 0.000006 0.000000 0.026497 0.029537 -1.405331
    42 0.869359 -0.000006 0.000000 0.015618 -0.073487 -0.926076
    43 4.118826 0.331223 1.419829 0.128888 -0.005990 -0.280207
    44 1.176321 0.000006 0.000000 -0.027338 0.139049 -0.923507
    45 0.970199 -0.000002 -0.000004 1.655618 0.044631 -1.487290
    46 -7.606037 1.001330 -4.120493 -2.790692 0.911144 -1.951355
    47 12.706336 -0.000035 -0.000009 -0.213952 0.298100 -1.558699
    48 0.000000 0.000000 -0.000003 0.000000 0.000000 0.000000
    49 1.200000 0.000000 0.000010 0.000000 0.000000 0.000000
    50 0.000010 -0.300000 0.000000 3.141593 0.000000 -0.174533
    51 0.000000 -0.000001 0.000000 0.000000 0.000000 0.000000
    52 -0.000003 0.000000 0.000001 3.141592 0.000000 0.000000
    53 0.000006 0.000000 0.000004 0.000000 0.000000 0.349065
    54 0.000000 0.000000 0.000000 3.141593 0.000000 0.000000
    55 -0.000008 -0.000006 0.000000 3.141593 0.000000 0.000000
    56 0.000002 -0.000002 0.000000 3.141593 0.000000 0.000000
    57 0.000014 -0.000004 0.000000 3.141593 0.000000 0.000000
    58 -0.000001 0.000000 0.000000 3.141593 0.000000 -0.000001
    59 0.000000 0.000000 0.000000 3.141593 0.000000 0.000000
    60 0.000010 0.000017 0.000000 3.141593 0.000000 -0.000001
    61 0.000000 0.000004 0.000000 3.141593 0.000000 -0.000001
    62 0.000000 0.000006 0.000000 3.141593 0.000000 -0.000001
    63 0.000001 0.000002 0.000000 3.141593 0.000000 0.000000
    64 0.000000 0.000000 0.000000 -3.141592 0.000000 0.000000
    65 0.000000 0.000000 0.000000 -1.570797 -0.000001 0.000000
    66 0.000000 0.000000 0.000000 0.000000 0.000000 0.000000
    67 1.200000 0.000000 0.000000 0.000000 0.000000 0.000000
    68 0.000009 0.299994 0.000000 0.000000 0.000000 0.174533
    69 -0.000001 -0.000001 -0.000004 0.000000 0.000000 0.000000
    70 -0.000010 0.000000 -0.000003 -3.141592 0.000001 0.000000
    71 0.000000 0.000000 0.000000 0.000001 -0.000001 0.349065
    72 0.000000 -0.000003 0.000000 0.000000 0.000000 0.000000
    73 0.000003 0.000000 0.000000 0.000000 0.000000 0.000000
    74 -0.000010 -0.000006 0.000000 -0.000001 0.000000 0.000000
    75 0.000019 0.000002 0.000000 0.000000 0.000000 0.000000
    76 0.000001 0.000004 0.000000 0.000000 0.000000 -0.000001
    77 0.000000 0.000000 0.000000 0.000000 0.000000 -0.000001
    78 0.000001 -0.000002 0.000000 0.000000 0.000000 -0.000001
    79 0.000000 0.000000 0.000000 0.000000 0.000000 -0.000001
    80 0.000001 0.000008 0.000000 0.000000 0.000000 0.000000
    81 -0.000003 0.000004 0.000000 0.000000 0.000000 0.000000
    82 -0.000007 -0.000008 0.000000 0.000000 0.000000 -0.000001
    83 0.000000 0.000002 -0.000002 -1.570796 0.000000 0.000000
  time 138
    0 -2.661495 -16.752692 -4.816800 -1.422331 -0.366712 -0.817490
    1 -1.185547 -1.037109 0.043213 0.000000 0.000004 0.000000
    2 -1.936523 -1.362305 0.225586 0.000000 0.000002 0.000000
    3 -4.549240 -1.689358 -0.012529 0.000000 0.000000 0.000000
    4 4.331499 0.360595 -0.709097 0.000015 0.000003 0.056022
    5 3.513922 0.962076 -0.004281 0.000004 -0.000001 1.176003
    6 2.855053 0.477292 0.679213 -0.000001 -0.000004 2.896619
    7 1.649902 5.878080 0.032496 -0.000003 0.000002 -1.570796
    8 6.587842 -0.691444 0.025964 -0.000001 -0.000001 1.570796
    9 0.000002 -0.241401 -0.052690 0.000001 0.000001 0.000000
    10 10.620066 1.884898 -0.004843 -1.529186 -0.000002 3.141591
    11 -9.087198 1.359573 -0.008167 -0.000003 0.000002 -1.570796
    12 7.238401 -15.461379 -24.220549 3.728699 -0.176305 -2.433881
    13 1.473659 0.639418 -1.295234 1.601417 0.790228 -0.039287
    14 1.832607 0.000002 -0.000008 3.084614 0.000787 -0.095006
    15 1.003335 0.000005 0.000001 -3.044495 -0.029426 0.120729
    16 3.812176 -0.419603 -1.411520 0.244404 0.065896 -0.054945
    17 2.187956 0.000010 0.000000 -0.070915 0.006345 0.798453
    18 1.100960 0.000002 0.000000 0.218199 -0.090842 0.700667
    19 3.987863 -0.577452 -0.474712 0.166532 0.025214 0.102037
    20 1.890109 -0.000010 -0.000001 0.041801 -0.061412 0.738271
    21 1.310925 0.000000 0.000000 0.295466 -0.158532 0.871816
    22 4.117986 -0.654534 0.453695 0.192090 0.050888 0.358657
    23 1.655294 0.000008 0.000000 0.032590 0.032791 1.545555
    24 0.869582 0.000004 0.000000 -0.034501 -0.019774 0.589803
    25 4.150630 -0.581594 1.354863 -0.208386 0.184143 0.693032
    26 1.157247 -0.000010 -0.000002 -0.133722 -0.093541 1.555183
    27 1.019835 -0.000006 0.000000 -1.525293 -0.147789 0.925355
    28 7.406140 -6.039003 -8.901889 0.458845 1.054104 -6.149284
    29 12.695427 -0.000020 -0.000008 -0.221262 0.296946 -1.577232
    30 -3.340044 -15.818723 -9.513068 3.214549 -0.361145 -0.804267
    31 1.474215 -0.497926 -1.376118 0.979456 0.426216 -0.250748
    32 1.832179 -0.000010 -0.000002 -2.526135 -0.301549 0.609667
    33 1.042025 -0.000004 -0.000009 -2.896901 -0.278827 -0.192682
    34 3.823320 0.664865 -1.331676 0.207739 0.287345 -0.138629
    35 2.152367 -0.000001 0.000004 0.062007 -0.001512 0.005920
    36 1.056622 -0.000011 0.000000 0.241003 0.000705 -0.002178
    37 3.985134 0.881805 -0.368986 0.128322 -0.008132 -0.090211
    38 1.830183 0.000015 0.000000 0.063848 -0.073976 -1.510192
    39 1.561352 0.000008 -0.000004 0.027622 -0.015767 -1.357316
    40 4.116518 0.711272 0.551869 0.187923 0.006580 -0.361666
    41 1.752727 0.000006 0.000000 0.026521 0.029537 -1.405331
    42 0.869359 -0.000006 0.000000 0.015582 -0.073475 -0.926076
    43 4.118826 0.331223 1.419829 0.128888 -0.005990 -0.280207
    44 1.176321 0.000006 0.000000 -0.027338 0.139049 -0.923484
    45 0.970199 -0.000002 -0.000004 1.655618 0.044631 -1.487290
    46 -7.606037 1.001330 -4.120493 -2.789305 0.910910 -1.951605
    47 12.706336 -0.000035 -0.000009 -0.213561 0.298112 -1.557776
    48 0.000000 0.000000 -0.000003 0.000000 0.000000 0.000000
    49 1.200000 0.000000 0.000010 0.000000 0.000000 0.000000
    50 0.000010 -0.300000 0.000000 3.141593 0.000000 -0.174533
    51 0.000000 -0.000001 0.000000 0.000000 0.000000 0.000000
    52 -0.000003 0.000000 0.000001 3.141592 0.000000 0.000000
    53 0.000006 0.000000 0.000004 0.000000 0.000000 0.349065
    54 0.000000 0.000000 0.000000 3.141593 0.000000 0.000000
    55 -0.000008 -0.000006 0.000000 3.141593 0.000000 0.000000
    56 0.000002 -0.000002 0.000000 3.141593 0.000000 0.000000
    57 0.000014 -0.000004 0.000000 3.141593 0.000000 0.000000
    58 -0.000001 0.000000 0.000000 3.141593 0.000000 -0.000001
    59 0.000000 0.000000 0.000000 3.141593 0.000000 0.000000
    60 0.000010 0.000017 0.000000 3.141593 0.000000 -0.000001
    61 0.000000 0.000004 0.000000 3.141593 0.000000 -0.000001
    62 0.000000 0.000006 0.000000 3.141593 0.000000 -0.000001
    63 0.000001 0.000002 0.000000 3.141593 0.000000 0.000000
    64 0.000000 0.000000 0.000000 -3.141592 0.000000 0.000000
    65 0.000000 0.000000 0.000000 -1.570797 -0.000001 0.000000
    66 0.000000 0.000000 0.000000 0.000000 0.000000 0.000000
    67 1.200000 0.000000 0.000000 0.000000 0.000000 0.000000
    68 0.000009 0.299994 0.000000 0.000000 0.000000 0.174533
    69 -0.000001 -0.000001 -0.000004 0.000000 0.000000 0.000000
    70 -0.000010 0.000000 -0.000003 -3.141592 0.000001 0.000000
    71 0.000000 0.000000 0.000000 0.000001 -0.000001 0.349065
    72 0.000000 -0.000003 0.000000 0.000000 0.000000 0.000000
    73 0.000003 0.000000 0.000000 0.000000 0.000000 0.000000
    74 -0.000010 -0.000006 0.000000 -0.000001 0.000000 0.000000
    75 0.000019 0.000002 0.000000 0.000000 0.000000 0.000000
    76 0.000001 0.000004 0.000000 0.000000 0.000000 -0.000001
    77 0.000000 0.000000 0.000000 0.000000 0.000000 -0.000001
    78 0.000001 -0.000002 0.000000 0.000000 0.000000 -0.000001
    79 0.000000 0.000000 0.000000 0.000000 0.000000 -0.000001
    80 0.000001 0.000008 0.000000 0.000000 0.000000 0.000000
    81 -0.000003 0.000004 0.000000 0.000000 0.000000 0.000000
    82 -0.000007 -0.000008 0.000000 0.000000 0.000000 -0.000001
    83 0.000000 0.000002 -0.000002 -1.570796 0.000000 0.000000
  time 139
    0 -2.665402 -16.752692 -4.816800 -1.426993 -0.366078 -0.818626
    1 -1.185547 -1.037109 0.043213 0.000000 0.000004 0.000000
    2 -1.936523 -1.362305 0.225586 0.000000 0.000002 0.000000
    3 -4.549240 -1.689358 -0.012529 0.000000 0.000000 0.000000
    4 4.331499 0.360595 -0.709097 0.000015 0.000003 0.056022
    5 3.513922 0.962076 -0.004281 0.000004 -0.000001 1.176003
    6 2.855053 0.477292 0.679213 -0.000001 -0.000004 2.896619
    7 1.649902 5.878080 0.032496 -0.000003 0.000002 -1.570796
    8 6.587842 -0.691444 0.025964 -0.000001 -0.000001 1.570796
    9 0.000002 -0.241401 -0.052690 0.000001 0.000001 0.000000
    10 10.620066 1.884898 -0.004843 -1.529186 -0.000002 3.141591
    11 -9.087198 1.359573 -0.008167 -0.000003 0.000002 -1.570796
    12 7.238401 -15.461379 -24.220549 3.728699 -0.176305 -2.433881
    13 1.473659 0.639418 -1.295234 1.601417 0.780671 -0.049787
    14 1.832607 0.000002 -0.000008 3.084830 0.001027 -0.096375
    15 1.003335 0.000005 0.000001 -3.044328 -0.028934 0.111853
    16 3.816083 -0.419603 -1.411520 0.241379 0.067814 -0.053094
    17 2.187956 0.000010 0.000000 -0.070112 0.005866 0.813280
    18 1.100960 0.000002 0.000000 0.223041 -0.093982 0.708344
    19 3.987863 -0.577452 -0.474712 0.166288 0.029888 0.098819
    20 1.890109 -0.000010 -0.000001 0.041344 -0.063114 0.758903
    21 1.310925 0.000000 0.000000 0.301534 -0.163301 0.882138
    22 4.117986 -0.654534 0.453695 0.186278 0.055816 0.356215
    23 1.655294 0.000008 0.000000 0.033669 0.032276 1.568098
    24 0.869582 0.000004 0.000000 -0.029168 -0.020817 0.596887
    25 4.150630 -0.581594 1.354863 -0.204515 0.194096 0.696349
    26 1.157247 -0.000010 -0.000002 -0.139558 -0.091771 1.579741
    27 1.019835 -0.000006 0.000000 -1.527019 -0.148808 0.932687
    28 7.406140 -6.039003 -8.901889 0.458845 1.054104 -6.149284
    29 12.695427 -0.000020 -0.000008 -0.221262 0.296946 -1.577232
    30 -3.359575 -15.818723 -9.516974 3.209937 -0.360442 -0.806256
    31 1.474215 -0.497926 -1.376118 0.979456 0.426216 -0.250736
    32 1.832179 -0.000010 -0.000002 -2.526135 -0.301549 0.609667
    33 1.042025 -0.000004 -0.000009 -2.896901 -0.278839 -0.192682
    34 3.823320 0.664865 -1.331676 0.207739 0.287345 -0.138629
    35 2.152367 -0.000001 0.000004 0.062007 -0.001512 0.005920
    36 1.056622 -0.000011 0.000000 0.241003 0.000705 -0.002178
    37 3.985134 0.881805 -0.368986 0.128322 -0.008132 -0.090211
    38 1.830183 0.000015 0.000000 0.063848 -0.073976 -1.510192
    39 1.561352 0.000008 -0.000004 0.027622 -0.015767 -1.357316
    40 4.116518 0.711272 0.551869 0.187923 0.006580 -0.361666
    41 1.752727 0.000006 0.000000 0.026521 0.029537 -1.405331
    42 0.869359 -0.000006 0.000000 0.015630 -0.073475 -0.926076
    43 4.118826 0.331223 1.419829 0.128888 -0.005990 -0.280207
    44 1.176321 0.000006 0.000000 -0.027338 0.139049 -0.923530
    45 0.970199 -0.000002 -0.000004 1.655618 0.044631 -1.487290
    46 -7.606037 1.001330 -4.120493 -2.788195 0.910910 -1.952042
    47 12.706336 -0.000035 -0.000009 -0.213392 0.298100 -1.557222
    48 0.000000 0.000000 -0.000003 0.000000 0.000000 0.000000
    49 1.200000 0.000000 0.000010 0.000000 0.000000 0.000000
    50 0.000010 -0.300000 0.000000 3.141593 0.000000 -0.174533
    51 0.000000 -0.000001 0.000000 0.000000 0.000000 0.000000
    52 -0.000003 0.000000 0.000001 3.141592 0.000000 0.000000
    53 0.000006 0.000000 0.000004 0.000000 0.000000 0.349065
    54 0.000000 0.000000 0.000000 3.141593 0.000000 0.000000
    55 -0.000008 -0.000006 0.000000 3.141593 0.000000 0.000000
    56 0.000002 -0.000002 0.000000 3.141593 0.000000 0.000000
    57 0.000014 -0.000004 0.000000 3.141593 0.000000 0.000000
    58 -0.000001 0.000000 0.000000 3.141593 0.000000 -0.000001
    59 0.000000 0.000000 0.000000 3.141593 0.000000 0.000000
    60 0.000010 0.000017 0.000000 3.141593 0.000000 -0.000001
    61 0.000000 0.000004 0.000000 3.141593 0.000000 -0.000001
    62 0.000000 0.000006 0.000000 3.141593 0.000000 -0.000001
    63 0.000001 0.000002 0.000000 3.141593 0.000000 0.000000
    64 0.000000 0.000000 0.000000 -3.141592 0.000000 0.000000
    65 0.000000 0.000000 0.000000 -1.570797 -0.000001 0.000000
    66 0.000000 0.000000 0.000000 0.000000 0.000000 0.000000
    67 1.200000 0.000000 0.000000 0.000000 0.000000 0.000000
    68 0.000009 0.299994 0.000000 0.000000 0.000000 0.174533
    69 -0.000001 -0.000001 -0.000004 0.000000 0.000000 0.000000
    70 -0.000010 0.000000 -0.000003 -3.141592 0.000001 0.000000
    71 0.000000 0.000000 0.000000 0.000001 -0.000001 0.349065
    72 0.000000 -0.000003 0.000000 0.000000 0.000000 0.000000
    73 0.000003 0.000000 0.000000 0.000000 0.000000 0.000000
    74 -0.000010 -0.000006 0.000000 -0.000001 0.000000 0.000000
    75 0.000019 0.000002 0.000000 0.000000 0.000000 0.000000
    76 0.000001 0.000004 0.000000 0.000000 0.000000 -0.000001
    77 0.000000 0.000000 0.000000 0.000000 0.000000 -0.000001
    78 0.000001 -0.000002 0.000000 0.000000 0.000000 -0.000001
    79 0.000000 0.000000 0.000000 0.000000 0.000000 -0.000001
    80 0.000001 0.000008 0.000000 0.000000 0.000000 0.000000
    81 -0.000003 0.000004 0.000000 0.000000 0.000000 0.000000
    82 -0.000007 -0.000008 0.000000 0.000000 0.000000 -0.000001
    83 0.000000 0.000002 -0.000002 -1.570796 0.000000 0.000000
  time 140
    0 -2.669308 -16.752692 -4.816800 -1.429593 -0.365504 -0.821039
    1 -1.185547 -1.037109 0.043213 0.000000 0.000004 0.000000
    2 -1.936523 -1.362305 0.225586 0.000000 0.000002 0.000000
    3 -4.549240 -1.689358 -0.012529 0.000000 0.000000 0.000000
    4 4.331499 0.360595 -0.709097 0.000015 0.000003 0.056022
    5 3.513922 0.962076 -0.004281 0.000004 -0.000001 1.176003
    6 2.855053 0.477292 0.679213 -0.000001 -0.000004 2.896619
    7 1.649902 5.878080 0.032496 -0.000003 0.000002 -1.570796
    8 6.587842 -0.691444 0.025964 -0.000001 -0.000001 1.570796
    9 0.000002 -0.241401 -0.052690 0.000001 0.000001 0.000000
    10 10.620066 1.884898 -0.004843 -1.529186 -0.000002 3.141591
    11 -9.087198 1.359573 -0.008167 -0.000003 0.000002 -1.570796
    12 7.238401 -15.461379 -24.220549 3.728699 -0.176305 -2.433881
    13 1.473659 0.639418 -1.295234 1.601992 0.768696 -0.059583
    14 1.832607 0.000002 -0.000008 3.085070 0.001159 -0.097517
    15 1.003335 0.000005 0.000001 -3.044172 -0.028539 0.101716
    16 3.816083 -0.419603 -1.411520 0.238372 0.069732 -0.051218
    17 2.187956 0.000010 0.000000 -0.069345 0.005170 0.827689
    18 1.100960 0.000002 0.000000 0.227883 -0.097122 0.715879
    19 3.987863 -0.577452 -0.474712 0.166028 0.034586 0.095194
    20 1.890109 -0.000010 -0.000001 0.040784 -0.064828 0.780553
    21 1.310925 0.000000 0.000000 0.307673 -0.168275 0.892234
    22 4.117986 -0.654534 0.453695 0.180165 0.060800 0.353274
    23 1.655294 0.000008 0.000000 0.034544 0.031749 1.589662
    24 0.869582 0.000004 0.000000 -0.023955 -0.021919 0.603862
    25 4.150630 -0.581594 1.354863 -0.200656 0.204018 0.699476
    26 1.157247 -0.000010 -0.000002 -0.145071 -0.090106 1.603744
    27 1.019835 -0.000006 0.000000 -1.528673 -0.149983 0.939916
    28 7.406140 -6.039003 -8.901889 0.461891 1.063451 -6.131042
    29 12.695427 -0.000020 -0.000008 -0.221262 0.296946 -1.577232
    30 -3.367388 -15.818723 -9.516974 3.207340 -0.359877 -0.808316
    31 1.474215 -0.497926 -1.376118 0.979456 0.426216 -0.250736
    32 1.832179 -0.000010 -0.000002 -2.526135 -0.301549 0.609667
    33 1.042025 -0.000004 -0.000009 -2.896901 -0.278839 -0.192682
    34 3.823320 0.664865 -1.331676 0.207739 0.287345 -0.138629
    35 2.152367 -0.000001 0.000004 0.062031 -0.001512 0.005920
    36 1.056622 -0.000011 0.000000 0.241003 0.000705 -0.002178
    37 3.985134 0.881805 -0.368986 0.128322 -0.008132 -0.090211
    38 1.830183 0.000015 0.000000 0.063848 -0.073976 -1.510192
    39 1.561352 0.000008 -0.000004 0.027622 -0.015767 -1.357316
    40 4.116518 0.711272 0.551869 0.187923 0.006580 -0.361666
    41 1.752727 0.000006 0.000000 0.026485 0.029537 -1.405331
    42 0.869359 -0.000006 0.000000 0.015606 -0.073475 -0.926032
    43 4.118826 0.331223 1.419829 0.128888 -0.005990 -0.280207
    44 1.176321 0.000006 0.000000 -0.027338 0.139049 -0.923484
    45 0.970199 -0.000002 -0.000004 1.655618 0.044631 -1.487290
    46 -7.606037 1.001330 -4.120493 -2.787640 0.911077 -1.952292
    47 12.706336 -0.000035 -0.000009 -0.213392 0.298100 -1.557222
    48 0.000000 0.000000 -0.000003 0.000000 0.000000 0.000000
    49 1.200000 0.000000 0.000010 0.000000 0.000000 0.000000
    50 0.000010 -0.300000 0.000000 3.141593 0.000000 -0.174533
    51 0.000000 -0.000001 0.000000 0.000000 0.000000 0.000000
    52 -0.000003 0.000000 0.000001 3.141592 0.000000 0.000000
    53 0.000006 0.000000 0.000004 0.000000 0.000000 0.349065
    54 0.000000 0.000000 0.000000 3.141593 0.000000 0.000000
    55 -0.000008 -0.000006 0.000000 3.141593 0.000000 0.000000
    56 0.000002 -0.000002 0.000000 3.141593 0.000000 0.000000
    57 0.000014 -0.000004 0.000000 3.141593 0.000000 0.000000
    58 -0.000001 0.000000 0.000000 3.141593 0.000000 -0.000001
    59 0.000000 0.000000 0.000000 3.141593 0.000000 0.000000
    60 0.000010 0.000017 0.000000 3.141593 0.000000 -0.000001
    61 0.000000 0.000004 0.000000 3.141593 0.000000 -0.000001
    62 0.000000 0.000006 0.000000 3.141593 0.000000 -0.000001
    63 0.000001 0.000002 0.000000 3.141593 0.000000 0.000000
    64 0.000000 0.000000 0.000000 -3.141592 0.000000 0.000000
    65 0.000000 0.000000 0.000000 -1.570797 -0.000001 0.000000
    66 0.000000 0.000000 0.000000 0.000000 0.000000 0.000000
    67 1.200000 0.000000 0.000000 0.000000 0.000000 0.000000
    68 0.000009 0.299994 0.000000 0.000000 0.000000 0.174533
    69 -0.000001 -0.000001 -0.000004 0.000000 0.000000 0.000000
    70 -0.000010 0.000000 -0.000003 -3.141592 0.000001 0.000000
    71 0.000000 0.000000 0.000000 0.000001 -0.000001 0.349065
    72 0.000000 -0.000003 0.000000 0.000000 0.000000 0.000000
    73 0.000003 0.000000 0.000000 0.000000 0.000000 0.000000
    74 -0.000010 -0.000006 0.000000 -0.000001 0.000000 0.000000
    75 0.000019 0.000002 0.000000 0.000000 0.000000 0.000000
    76 0.000001 0.000004 0.000000 0.000000 0.000000 -0.000001
    77 0.000000 0.000000 0.000000 0.000000 0.000000 -0.000001
    78 0.000001 -0.000002 0.000000 0.000000 0.000000 -0.000001
    79 0.000000 0.000000 0.000000 0.000000 0.000000 -0.000001
    80 0.000001 0.000008 0.000000 0.000000 0.000000 0.000000
    81 -0.000003 0.000004 0.000000 0.000000 0.000000 0.000000
    82 -0.000007 -0.000008 0.000000 0.000000 0.000000 -0.000001
    83 0.000000 0.000002 -0.000002 -1.570796 0.000000 0.000000
  time 141
    0 -2.677121 -16.752692 -4.808987 -1.430355 -0.365066 -0.823311
    1 -1.185547 -1.037109 0.043213 0.000000 0.000004 0.000000
    2 -1.936523 -1.362305 0.225586 0.000000 0.000002 0.000000
    3 -4.549240 -1.689358 -0.012529 0.000000 0.000000 0.000000
    4 4.331499 0.360595 -0.709097 0.000015 0.000003 0.056022
    5 3.513922 0.962076 -0.004281 0.000004 -0.000001 1.176003
    6 2.855053 0.477292 0.679213 -0.000001 -0.000004 2.896619
    7 1.649902 5.878080 0.032496 -0.000003 0.000002 -1.570796
    8 6.587842 -0.691444 0.025964 -0.000001 -0.000001 1.570796
    9 0.000002 -0.241401 -0.052690 0.000001 0.000001 0.000000
    10 10.620066 1.884898 -0.004843 -1.529186 -0.000002 3.141591
    11 -9.087198 1.359573 -0.008167 -0.000003 0.000002 -1.570796
    12 7.238401 -15.461379 -24.220549 3.728699 -0.176305 -2.433881
    13 1.473659 0.639418 -1.295234 1.603544 0.752938 -0.068563
    14 1.832607 0.000002 -0.000008 3.085238 0.001243 -0.098626
    15 1.003335 0.000005 0.000001 -3.043884 -0.027832 0.089694
    16 3.816083 -0.419603 -1.411520 0.235477 0.071650 -0.049416
    17 2.187956 0.000010 0.000000 -0.068590 0.004499 0.841633
    18 1.100960 0.000002 0.000000 0.232665 -0.100238 0.723165
    19 3.987863 -0.577452 -0.474712 0.165768 0.039307 0.091051
    20 1.890109 -0.000010 -0.000001 0.040032 -0.066469 0.803965
    21 1.310925 0.000000 0.000000 0.313826 -0.173249 0.902088
    22 4.117986 -0.654534 0.453695 0.173861 0.065652 0.349992
    23 1.655294 0.000008 0.000000 0.035275 0.031138 1.610248
    24 0.869582 0.000004 0.000000 -0.018682 -0.022878 0.610754
    25 4.150630 -0.581594 1.354863 -0.196809 0.213939 0.702583
    26 1.157247 -0.000010 -0.000002 -0.150512 -0.088585 1.626080
    27 1.019835 -0.000006 0.000000 -1.530303 -0.150929 0.947021
    28 7.406140 -6.039003 -8.901889 0.472171 1.088294 -6.080831
    29 12.695427 -0.000020 -0.000008 -0.221262 0.296946 -1.577232
    30 -3.371294 -15.818723 -9.516974 3.206758 -0.359388 -0.810234
    31 1.474215 -0.497926 -1.376118 0.979456 0.426216 -0.250736
    32 1.832179 -0.000010 -0.000002 -2.526135 -0.301549 0.609667
    33 1.042025 -0.000004 -0.000009 -2.896901 -0.278827 -0.192682
    34 3.823320 0.664865 -1.331676 0.207739 0.288639 -0.138317
    35 2.152367 -0.000001 0.000004 0.062007 -0.001512 0.005920
    36 1.056622 -0.000011 0.000000 0.241003 0.000705 -0.002190
    37 3.985134 0.881805 -0.368986 0.128322 -0.008132 -0.090211
    38 1.830183 0.000015 0.000000 0.063848 -0.073976 -1.510192
    39 1.561352 0.000008 -0.000004 0.027622 -0.015767 -1.357349
    40 4.116518 0.711272 0.551869 0.187923 0.006580 -0.361666
    41 1.752727 0.000006 0.000000 0.026521 0.029537 -1.405331
    42 0.869359 -0.000006 0.000000 0.015618 -0.073475 -0.926076
    43 4.118826 0.331223 1.419829 0.128888 -0.005990 -0.280207
    44 1.176321 0.000006 0.000000 -0.027338 0.139049 -0.923530
    45 0.970199 -0.000002 -0.000004 1.655618 0.044631 -1.487290
    46 -7.606037 1.001330 -4.120493 -2.787640 0.911177 -1.952667
    47 12.706336 -0.000035 -0.000009 -0.213522 0.298112 -1.557652
    48 0.000000 0.000000 -0.000003 0.000000 0.000000 0.000000
    49 1.200000 0.000000 0.000010 0.000000 0.000000 0.000000
    50 0.000010 -0.300000 0.000000 3.141593 0.000000 -0.174533
    51 0.000000 -0.000001 0.000000 0.000000 0.000000 0.000000
    52 -0.000003 0.000000 0.000001 3.141592 0.000000 0.000000
    53 0.000006 0.000000 0.000004 0.000000 0.000000 0.349065
    54 0.000000 0.000000 0.000000 3.141593 0.000000 0.000000
    55 -0.000008 -0.000006 0.000000 3.141593 0.000000 0.000000
    56 0.000002 -0.000002 0.000000 3.141593 0.000000 0.000000
    57 0.000014 -0.000004 0.000000 3.141593 0.000000 0.000000
    58 -0.000001 0.000000 0.000000 3.141593 0.000000 -0.000001
    59 0.000000 0.000000 0.000000 3.141593 0.000000 0.000000
    60 0.000010 0.000017 0.000000 3.141593 0.000000 -0.000001
    61 0.000000 0.000004 0.000000 3.141593 0.000000 -0.000001
    62 0.000000 0.000006 0.000000 3.141593 0.000000 -0.000001
    63 0.000001 0.000002 0.000000 3.141593 0.000000 0.000000
    64 0.000000 0.000000 0.000000 -3.141592 0.000000 0.000000
    65 0.000000 0.000000 0.000000 -1.570797 -0.000001 0.000000
    66 0.000000 0.000000 0.000000 0.000000 0.000000 0.000000
    67 1.200000 0.000000 0.000000 0.000000 0.000000 0.000000
    68 0.000009 0.299994 0.000000 0.000000 0.000000 0.174533
    69 -0.000001 -0.000001 -0.000004 0.000000 0.000000 0.000000
    70 -0.000010 0.000000 -0.000003 -3.141592 0.000001 0.000000
    71 0.000000 0.000000 0.000000 0.000001 -0.000001 0.349065
    72 0.000000 -0.000003 0.000000 0.000000 0.000000 0.000000
    73 0.000003 0.000000 0.000000 0.000000 0.000000 0.000000
    74 -0.000010 -0.000006 0.000000 -0.000001 0.000000 0.000000
    75 0.000019 0.000002 0.000000 0.000000 0.000000 0.000000
    76 0.000001 0.000004 0.000000 0.000000 0.000000 -0.000001
    77 0.000000 0.000000 0.000000 0.000000 0.000000 -0.000001
    78 0.000001 -0.000002 0.000000 0.000000 0.000000 -0.000001
    79 0.000000 0.000000 0.000000 0.000000 0.000000 -0.000001
    80 0.000001 0.000008 0.000000 0.000000 0.000000 0.000000
    81 -0.000003 0.000004 0.000000 0.000000 0.000000 0.000000
    82 -0.000007 -0.000008 0.000000 0.000000 0.000000 -0.000001
    83 0.000000 0.000002 -0.000002 -1.570796 0.000000 0.000000
  time 142
    0 -2.681027 -16.752692 -4.808987 -1.427845 -0.360762 -0.828137
    1 -1.185547 -1.037109 0.043213 0.000000 0.000004 0.000000
    2 -1.936523 -1.362305 0.225586 0.000000 0.000002 0.000000
    3 -4.549240 -1.689358 -0.012529 0.000000 0.000000 0.000000
    4 4.331499 0.360595 -0.709097 0.000015 0.000003 0.056022
    5 3.513922 0.962076 -0.004281 0.000004 -0.000001 1.176003
    6 2.855053 0.477292 0.679213 -0.000001 -0.000004 2.896619
    7 1.649902 5.878080 0.032496 -0.000003 0.000002 -1.570796
    8 6.587842 -0.691444 0.025964 -0.000001 -0.000001 1.570796
    9 0.000002 -0.241401 -0.052690 0.000001 0.000001 0.000000
    10 10.620066 1.884898 -0.004843 -1.568531 -0.000002 3.141351
    11 -9.087198 1.359573 -0.008167 -0.000003 0.000002 -1.570796
    12 7.238401 -15.461379 -24.220549 3.728699 -0.176305 -2.433881
    13 1.473659 0.639418 -1.295234 1.606505 0.730040 -0.075319
    14 1.832607 0.000002 -0.000008 3.085405 0.001290 -0.099441
    15 1.003335 0.000005 0.000001 -3.043549 -0.026849 0.074932
    16 3.816083 -0.419603 -1.411520 0.232674 0.073480 -0.047663
    17 2.187956 0.000010 0.000000 -0.067883 0.003744 0.854880
    18 1.100960 0.000002 0.000000 0.237135 -0.103306 0.730309
    19 3.987863 -0.577452 -0.474712 0.165508 0.043981 0.086242
    20 1.890109 -0.000010 -0.000001 0.039059 -0.068291 0.829687
    21 1.310925 0.000000 0.000000 0.320064 -0.178054 0.911603
    22 4.117986 -0.654534 0.453695 0.167306 0.070391 0.346158
    23 1.655294 0.000008 0.000000 0.035802 0.030862 1.629479
    24 0.869582 0.000004 0.000000 -0.013385 -0.024053 0.617455
    25 4.150630 -0.581594 1.354863 -0.192998 0.223814 0.705753
    26 1.157247 -0.000010 -0.000002 -0.155821 -0.087300 1.647527
    27 1.019835 -0.000006 0.000000 -1.531897 -0.151864 0.953941
    28 7.406140 -6.039003 -8.901889 0.485497 1.112970 -6.027395
    29 12.695427 -0.000020 -0.000008 -0.221262 0.296946 -1.577232
    30 -3.379107 -15.807004 -9.505255 3.209176 -0.355141 -0.815491
    31 1.474215 -0.497926 -1.376118 0.979444 0.426216 -0.250736
    32 1.832179 -0.000010 -0.000002 -2.526135 -0.301549 0.609667
    33 1.042025 -0.000004 -0.000009 -2.896901 -0.278815 -0.192682
    34 3.823320 0.664865 -1.331676 0.207979 0.292546 -0.137394
    35 2.152367 -0.000001 0.000004 0.062031 -0.001512 0.005920
    36 1.056622 -0.000011 0.000000 0.241003 0.000705 -0.002190
    37 3.985134 0.881805 -0.368986 0.128322 -0.008132 -0.090211
    38 1.830183 0.000015 0.000000 0.063848 -0.073976 -1.510192
    39 1.561352 0.000008 -0.000004 0.027622 -0.015767 -1.357316
    40 4.116518 0.711272 0.551869 0.187923 0.006580 -0.361666
    41 1.752727 0.000006 0.000000 0.026497 0.029537 -1.405331
    42 0.869359 -0.000006 0.000000 0.015630 -0.073475 -0.926076
    43 4.118826 0.331223 1.419829 0.128888 -0.005990 -0.280207
    44 1.176321 0.000006 0.000000 -0.027338 0.139049 -0.923484
    45 0.970199 -0.000002 -0.000004 1.655618 0.044631 -1.487290
    46 -7.606037 1.001330 -4.120493 -2.788958 0.912145 -1.954791
    47 12.706336 -0.000035 -0.000009 -0.214564 0.298100 -1.560791
    48 0.000000 0.000000 -0.000003 0.000000 0.000000 0.000000
    49 1.200000 0.000000 0.000010 0.000000 0.000000 0.000000
    50 0.000010 -0.300000 0.000000 3.141593 0.000000 -0.174533
    51 0.000000 -0.000001 0.000000 0.000000 0.000000 0.000000
    52 -0.000003 0.000000 0.000001 3.141592 0.000000 0.000000
    53 0.000006 0.000000 0.000004 0.000000 0.000000 0.349065
    54 0.000000 0.000000 0.000000 3.141593 0.000000 0.000000
    55 -0.000008 -0.000006 0.000000 3.141593 0.000000 0.000000
    56 0.000002 -0.000002 0.000000 3.141593 0.000000 0.000000
    57 0.000014 -0.000004 0.000000 3.141593 0.000000 0.000000
    58 -0.000001 0.000000 0.000000 3.141593 0.000000 -0.000001
    59 0.000000 0.000000 0.000000 3.141593 0.000000 0.000000
    60 0.000010 0.000017 0.000000 3.141593 0.000000 -0.000001
    61 0.000000 0.000004 0.000000 3.141593 0.000000 -0.000001
    62 0.000000 0.000006 0.000000 3.141593 0.000000 -0.000001
    63 0.000001 0.000002 0.000000 3.141593 0.000000 0.000000
    64 0.000000 0.000000 0.000000 -3.141592 0.000000 0.000000
    65 0.000000 0.000000 0.000000 -1.570797 -0.000001 0.000000
    66 0.000000 0.000000 0.000000 0.000000 0.000000 0.000000
    67 1.200000 0.000000 0.000000 0.000000 0.000000 0.000000
    68 0.000009 0.299994 0.000000 0.000000 0.000000 0.174533
    69 -0.000001 -0.000001 -0.000004 0.000000 0.000000 0.000000
    70 -0.000010 0.000000 -0.000003 -3.141592 0.000001 0.000000
    71 0.000000 0.000000 0.000000 0.000001 -0.000001 0.349065
    72 0.000000 -0.000003 0.000000 0.000000 0.000000 0.000000
    73 0.000003 0.000000 0.000000 0.000000 0.000000 0.000000
    74 -0.000010 -0.000006 0.000000 -0.000001 0.000000 0.000000
    75 0.000019 0.000002 0.000000 0.000000 0.000000 0.000000
    76 0.000001 0.000004 0.000000 0.000000 0.000000 -0.000001
    77 0.000000 0.000000 0.000000 0.000000 0.000000 -0.000001
    78 0.000001 -0.000002 0.000000 0.000000 0.000000 -0.000001
    79 0.000000 0.000000 0.000000 0.000000 0.000000 -0.000001
    80 0.000001 0.000008 0.000000 0.000000 0.000000 0.000000
    81 -0.000003 0.000004 0.000000 0.000000 0.000000 0.000000
    82 -0.000007 -0.000008 0.000000 0.000000 0.000000 -0.000001
    83 0.000000 0.000002 -0.000002 -1.570796 0.000000 0.000000
  time 143
    0 -2.684934 -16.752692 -4.808987 -1.421524 -0.349255 -0.835661
    1 -1.185547 -1.037109 0.043213 0.000000 0.000004 0.000000
    2 -1.936523 -1.362305 0.225586 0.000000 0.000002 0.000000
    3 -4.549240 -1.689358 -0.012529 0.000000 0.000000 0.000000
    4 4.331499 0.360595 -0.709097 0.000015 0.000003 0.056022
    5 3.513922 0.962076 -0.004281 0.000004 -0.000001 1.176003
    6 2.855053 0.477292 0.679213 -0.000001 -0.000004 2.896619
    7 1.649902 5.878080 0.032496 -0.000003 0.000002 -1.570796
    8 6.587842 -0.691444 0.025964 -0.000001 -0.000001 1.570796
    9 0.000002 -0.241401 -0.052690 0.000001 0.000001 0.000000
    10 10.620066 1.884898 -0.004843 -1.529186 -0.000002 3.141591
    11 -9.087198 1.359573 -0.008167 -0.000003 0.000002 -1.570796
    12 7.238401 -15.461379 -24.220549 3.728699 -0.176305 -2.433881
    13 1.473659 0.639418 -1.295234 1.613375 0.650920 -0.083567
    14 1.832607 0.000002 -0.000008 3.085729 0.001422 -0.100126
    15 1.003335 0.000005 0.000001 -3.043117 -0.025375 0.055264
    16 3.816083 -0.419603 -1.411520 0.229890 0.075222 -0.045935
    17 2.187956 0.000010 0.000000 -0.067415 0.002833 0.866593
    18 1.100960 0.000002 0.000000 0.241533 -0.106302 0.737311
    19 3.987863 -0.577452 -0.474712 0.165199 0.048751 0.080453
    20 1.890109 -0.000010 -0.000001 0.037791 -0.070280 0.859637
    21 1.310925 0.000000 0.000000 0.326515 -0.183028 0.920683
    22 4.117986 -0.654534 0.453695 0.159995 0.074960 0.341589
    23 1.655294 0.000008 0.000000 0.036174 0.030466 1.647054
    24 0.869582 0.000004 0.000000 -0.008099 -0.025143 0.623828
    25 4.150630 -0.581594 1.354863 -0.189247 0.233673 0.708965
    26 1.157247 -0.000010 -0.000002 -0.160723 -0.086474 1.666974
    27 1.019835 -0.000006 0.000000 -1.533455 -0.152931 0.960655
    28 7.406140 -6.039003 -8.901889 0.501298 1.135237 -5.975433
    29 12.695427 -0.000020 -0.000008 -0.221262 0.296946 -1.577232
    30 -3.402545 -15.744502 -9.481817 3.215623 -0.343668 -0.822950
    31 1.474215 -0.497926 -1.376118 0.979456 0.426216 -0.250736
    32 1.832179 -0.000010 -0.000002 -2.526135 -0.301549 0.609667
    33 1.042025 -0.000004 -0.000009 -2.896901 -0.278839 -0.192682
    34 3.823320 0.664865 -1.331676 0.208495 0.298958 -0.136136
    35 2.152367 -0.000001 0.000004 0.062019 -0.001512 0.005920
    36 1.056622 -0.000011 0.000000 0.241003 0.000705 -0.002178
    37 3.985134 0.881805 -0.368986 0.128322 -0.008132 -0.090211
    38 1.830183 0.000015 0.000000 0.063848 -0.073976 -1.510192
    39 1.561352 0.000008 -0.000004 0.027622 -0.015767 -1.357316
    40 4.116518 0.711272 0.551869 0.187923 0.006580 -0.361666
    41 1.752727 0.000006 0.000000 0.026497 0.029537 -1.405331
    42 0.869359 -0.000006 0.000000 0.015618 -0.073475 -0.926076
    43 4.118826 0.331223 1.419829 0.128888 -0.005990 -0.280207
    44 1.176321 0.000006 0.000000 -0.027338 0.139037 -0.923507
    45 0.970199 -0.000002 -0.000004 1.655618 0.044631 -1.487290
    46 -7.606037 1.001330 -4.120493 -2.792912 0.914347 -1.959727
    47 12.706336 -0.000035 -0.000009 -0.216751 0.298124 -1.568544
    48 0.000000 0.000000 -0.000003 0.000000 0.000000 0.000000
    49 1.200000 0.000000 0.000010 0.000000 0.000000 0.000000
    50 0.000010 -0.300000 0.000000 3.141593 0.000000 -0.174533
    51 0.000000 -0.000001 0.000000 0.000000 0.000000 0.000000
    52 -0.000003 0.000000 0.000001 3.141592 0.000000 0.000000
    53 0.000006 0.000000 0.000004 0.000000 0.000000 0.349065
    54 0.000000 0.000000 0.000000 3.141593 0.000000 0.000000
    55 -0.000008 -0.000006 0.000000 3.141593 0.000000 0.000000
    56 0.000002 -0.000002 0.000000 3.141593 0.000000 0.000000
    57 0.000014 -0.000004 0.000000 3.141593 0.000000 0.000000
    58 -0.000001 0.000000 0.000000 3.141593 0.000000 -0.000001
    59 0.000000 0.000000 0.000000 3.141593 0.000000 0.000000
    60 0.000010 0.000017 0.000000 3.141593 0.000000 -0.000001
    61 0.000000 0.000004 0.000000 3.141593 0.000000 -0.000001
    62 0.000000 0.000006 0.000000 3.141593 0.000000 -0.000001
    63 0.000001 0.000002 0.000000 3.141593 0.000000 0.000000
    64 0.000000 0.000000 0.000000 -3.141592 0.000000 0.000000
    65 0.000000 0.000000 0.000000 -1.570797 -0.000001 0.000000
    66 0.000000 0.000000 0.000000 0.000000 0.000000 0.000000
    67 1.200000 0.000000 0.000000 0.000000 0.000000 0.000000
    68 0.000009 0.299994 0.000000 0.000000 0.000000 0.174533
    69 -0.000001 -0.000001 -0.000004 0.000000 0.000000 0.000000
    70 -0.000010 0.000000 -0.000003 -3.141592 0.000001 0.000000
    71 0.000000 0.000000 0.000000 0.000001 -0.000001 0.349065
    72 0.000000 -0.000003 0.000000 0.000000 0.000000 0.000000
    73 0.000003 0.000000 0.000000 0.000000 0.000000 0.000000
    74 -0.000010 -0.000006 0.000000 -0.000001 0.000000 0.000000
    75 0.000019 0.000002 0.000000 0.000000 0.000000 0.000000
    76 0.000001 0.000004 0.000000 0.000000 0.000000 -0.000001
    77 0.000000 0.000000 0.000000 0.000000 0.000000 -0.000001
    78 0.000001 -0.000002 0.000000 0.000000 0.000000 -0.000001
    79 0.000000 0.000000 0.000000 0.000000 0.000000 -0.000001
    80 0.000001 0.000008 0.000000 0.000000 0.000000 0.000000
    81 -0.000003 0.000004 0.000000 0.000000 0.000000 0.000000
    82 -0.000007 -0.000008 0.000000 0.000000 0.000000 -0.000001
    83 0.000000 0.000002 -0.000002 -1.570796 0.000000 0.000000
  time 144
    0 -2.692746 -16.752692 -4.805081 -1.411707 -0.333232 -0.845882
    1 -1.185547 -1.037109 0.043213 0.000000 0.000004 0.000000
    2 -1.936523 -1.362305 0.225586 0.000000 0.000002 0.000000
    3 -4.549240 -1.689358 -0.012529 0.000000 0.000000 0.000000
    4 4.331499 0.360595 -0.709097 0.000015 0.000003 0.056022
    5 3.513922 0.962076 -0.004281 0.000004 -0.000001 1.176003
    6 2.855053 0.477292 0.679213 -0.000001 -0.000004 2.896619
    7 1.649902 5.878080 0.032496 -0.000003 0.000002 -1.570796
    8 6.587842 -0.691444 0.025964 -0.000001 -0.000001 1.570796
    9 0.000002 -0.241401 -0.052690 0.000001 0.000001 0.000000
    10 10.620066 1.884898 -0.004843 -1.568531 -0.000002 3.141351
    11 -9.087198 1.359573 -0.008167 -0.000003 0.000002 -1.570796
    12 7.238401 -15.461379 -24.220549 3.728699 -0.176305 -2.433881
    13 1.473659 0.639418 -1.295234 1.623235 0.503257 -0.094996
    14 1.832607 0.000002 -0.000008 3.085957 0.001578 -0.100615
    15 1.003335 0.000005 0.000001 -3.042422 -0.022474 0.023093
    16 3.816083 -0.419603 -1.411520 0.227273 0.076876 -0.044306
    17 2.187956 0.000010 0.000000 -0.067283 0.001455 0.874030
    18 1.100960 0.000002 0.000000 0.245680 -0.109046 0.743815
    19 3.987863 -0.577452 -0.474712 0.164890 0.053617 0.073277
    20 1.890109 -0.000010 -0.000001 0.035329 -0.072546 0.902506
    21 1.310925 0.000000 0.000000 0.333164 -0.187882 0.929101
    22 4.117986 -0.654534 0.453695 0.152062 0.079359 0.335970
    23 1.655294 0.000008 0.000000 0.036222 0.030370 1.662484
    24 0.869582 0.000004 0.000000 -0.003078 -0.026294 0.629982
    25 4.150630 -0.581594 1.354863 -0.185724 0.243516 0.711799
    26 1.157247 -0.000010 -0.000002 -0.165481 -0.086238 1.683976
    27 1.019835 -0.000006 0.000000 -1.534965 -0.153806 0.966999
    28 7.406140 -6.039003 -8.901889 0.525856 1.161866 -5.906980
    29 12.695427 -0.000020 -0.000008 -0.221262 0.296946 -1.577232
    30 -3.418171 -15.654655 -9.462285 3.225653 -0.327780 -0.832469
    31 1.474215 -0.497926 -1.376118 0.979456 0.426216 -0.250736
    32 1.832179 -0.000010 -0.000002 -2.526135 -0.301549 0.609667
    33 1.042025 -0.000004 -0.000009 -2.896901 -0.278827 -0.192682
    34 3.823320 0.664865 -1.331676 0.209046 0.307503 -0.134158
    35 2.152367 -0.000001 0.000004 0.062019 -0.001512 0.005920
    36 1.056622 -0.000011 0.000000 0.241003 0.000705 -0.002178
    37 3.985134 0.881805 -0.368986 0.128322 -0.008132 -0.090211
    38 1.830183 0.000015 0.000000 0.063848 -0.073976 -1.510192
    39 1.561352 0.000008 -0.000004 0.027622 -0.015767 -1.357316
    40 4.116518 0.711272 0.551869 0.187923 0.006580 -0.361666
    41 1.752727 0.000006 0.000000 0.026521 0.029549 -1.405331
    42 0.869359 -0.000006 0.000000 0.015558 -0.073475 -0.926076
    43 4.118826 0.331223 1.419829 0.128888 -0.005990 -0.280207
    44 1.176321 0.000006 0.000000 -0.027338 0.139049 -0.923484
    45 0.970199 -0.000002 -0.000004 1.655618 0.044631 -1.487290
    46 -7.606037 1.001330 -4.120493 -2.798809 0.917484 -1.966662
    47 12.706336 -0.000035 -0.000009 -0.220058 0.298100 -1.579435
    48 0.000000 0.000000 -0.000003 0.000000 0.000000 0.000000
    49 1.200000 0.000000 0.000010 0.000000 0.000000 0.000000
    50 0.000010 -0.300000 0.000000 3.141593 0.000000 -0.174533
    51 0.000000 -0.000001 0.000000 0.000000 0.000000 0.000000
    52 -0.000003 0.000000 0.000001 3.141592 0.000000 0.000000
    53 0.000006 0.000000 0.000004 0.000000 0.000000 0.349065
    54 0.000000 0.000000 0.000000 3.141593 0.000000 0.000000
    55 -0.000008 -0.000006 0.000000 3.141593 0.000000 0.000000
    56 0.000002 -0.000002 0.000000 3.141593 0.000000 0.000000
    57 0.000014 -0.000004 0.000000 3.141593 0.000000 0.000000
    58 -0.000001 0.000000 0.000000 3.141593 0.000000 -0.000001
    59 0.000000 0.000000 0.000000 3.141593 0.000000 0.000000
    60 0.000010 0.000017 0.000000 3.141593 0.000000 -0.000001
    61 0.000000 0.000004 0.000000 3.141593 0.000000 -0.000001
    62 0.000000 0.000006 0.000000 3.141593 0.000000 -0.000001
    63 0.000001 0.000002 0.000000 3.141593 0.000000 0.000000
    64 0.000000 0.000000 0.000000 -3.141592 0.000000 0.000000
    65 0.000000 0.000000 0.000000 -1.570797 -0.000001 0.000000
    66 0.000000 0.000000 0.000000 0.000000 0.000000 0.000000
    67 1.200000 0.000000 0.000000 0.000000 0.000000 0.000000
    68 0.000009 0.299994 0.000000 0.000000 0.000000 0.174533
    69 -0.000001 -0.000001 -0.000004 0.000000 0.000000 0.000000
    70 -0.000010 0.000000 -0.000003 -3.141592 0.000001 0.000000
    71 0.000000 0.000000 0.000000 0.000001 -0.000001 0.349065
    72 0.000000 -0.000003 0.000000 0.000000 0.000000 0.000000
    73 0.000003 0.000000 0.000000 0.000000 0.000000 0.000000
    74 -0.000010 -0.000006 0.000000 -0.000001 0.000000 0.000000
    75 0.000019 0.000002 0.000000 0.000000 0.000000 0.000000
    76 0.000001 0.000004 0.000000 0.000000 0.000000 -0.000001
    77 0.000000 0.000000 0.000000 0.000000 0.000000 -0.000001
    78 0.000001 -0.000002 0.000000 0.000000 0.000000 -0.000001
    79 0.000000 0.000000 0.000000 0.000000 0.000000 -0.000001
    80 0.000001 0.000008 0.000000 0.000000 0.000000 0.000000
    81 -0.000003 0.000004 0.000000 0.000000 0.000000 0.000000
    82 -0.000007 -0.000008 0.000000 0.000000 0.000000 -0.000001
    83 0.000000 0.000002 -0.000002 -1.570796 0.000000 0.000000
  time 145
    0 -2.700559 -16.752692 -4.793361 -1.400052 -0.317949 -0.854826
    1 -1.185547 -1.037109 0.043213 0.000000 0.000004 0.000000
    2 -1.936523 -1.362305 0.225586 0.000000 0.000002 0.000000
    3 -4.549240 -1.689358 -0.012529 0.000000 0.000000 0.000000
    4 4.331499 0.360595 -0.709097 0.000015 0.000003 0.056022
    5 3.513922 0.962076 -0.004281 0.000004 -0.000001 1.176003
    6 2.855053 0.477292 0.679213 -0.000001 -0.000004 2.896619
    7 1.649902 5.878080 0.032496 -0.000003 0.000002 -1.570796
    8 6.587842 -0.691444 0.025964 -0.000001 -0.000001 1.570796
    9 0.000002 -0.241401 -0.052690 0.000001 0.000001 0.000000
    10 10.620066 1.884898 -0.004843 -1.529186 -0.000002 3.141591
    11 -9.087198 1.359573 -0.008167 -0.000003 0.000002 -1.570796
    12 7.238401 -15.461379 -24.220549 3.728699 -0.176305 -2.433881
    13 1.473659 0.639418 -1.295234 1.629329 0.387225 -0.102118
    14 1.832607 0.000002 -0.000008 3.086196 0.001806 -0.100876
    15 1.003335 0.000005 0.000001 -3.039857 -0.001082 -0.194681
    16 3.819989 -0.419603 -1.411520 0.224953 0.078354 -0.042899
    17 2.187956 0.000010 0.000000 -0.065018 -0.017960 0.594172
    18 1.100960 0.000002 0.000000 0.249443 -0.111755 0.749573
    19 3.987863 -0.577452 -0.474712 0.164614 0.058735 0.063493
    20 1.890109 -0.000010 -0.000001 0.024007 -0.076441 1.036244
    21 1.310925 0.000000 0.000000 0.340338 -0.192544 0.936407
    22 4.117986 -0.654534 0.453695 0.142761 0.083418 0.328355
    23 1.655294 0.000008 0.000000 0.035994 0.030574 1.674527
    24 0.869582 0.000004 0.000000 0.002064 -0.027444 0.635425
    25 4.150630 -0.581594 1.354863 -0.182212 0.253359 0.714255
    26 1.157247 -0.000010 -0.000002 -0.169951 -0.087025 1.697348
    27 1.019835 -0.000006 0.000000 -1.536307 -0.154585 0.972683
    28 7.406140 -6.039003 -8.901889 0.562693 1.192151 -5.818166
    29 12.695427 -0.000020 -0.000008 -0.221262 0.296946 -1.577232
    30 -3.429890 -15.564809 -9.434940 3.237474 -0.312656 -0.841846
    31 1.474215 -0.497926 -1.376118 0.979456 0.426216 -0.250748
    32 1.832179 -0.000010 -0.000002 -2.526135 -0.301549 0.609667
    33 1.042025 -0.000004 -0.000009 -2.896937 -0.278827 -0.192682
    34 3.823320 0.664865 -1.331676 0.209645 0.317498 -0.131965
    35 2.152367 -0.000001 0.000004 0.062007 -0.001512 0.005920
    36 1.056622 -0.000011 0.000000 0.241003 0.000705 -0.002190
    37 3.985134 0.881805 -0.368986 0.128322 -0.008132 -0.090211
    38 1.830183 0.000015 0.000000 0.063848 -0.073976 -1.510192
    39 1.561352 0.000008 -0.000004 0.027622 -0.015767 -1.357217
    40 4.116518 0.711272 0.551869 0.187923 0.006580 -0.361666
    41 1.752727 0.000006 0.000000 0.026509 0.029537 -1.405331
    42 0.869359 -0.000006 0.000000 0.015642 -0.073475 -0.926032
    43 4.118826 0.331223 1.419829 0.128888 -0.005990 -0.280207
    44 1.176321 0.000006 0.000000 -0.027338 0.139049 -0.923484
    45 0.970199 -0.000002 -0.000004 1.655618 0.044631 -1.487290
    46 -7.606037 1.001330 -4.120493 -2.804914 0.920654 -1.973097
    47 12.706336 -0.000035 -0.000009 -0.223287 0.298040 -1.590387
    48 0.000000 0.000000 -0.000003 0.000000 0.000000 0.000000
    49 1.200000 0.000000 0.000010 0.000000 0.000000 0.000000
    50 0.000010 -0.300000 0.000000 3.141593 0.000000 -0.174533
    51 0.000000 -0.000001 0.000000 0.000000 0.000000 0.000000
    52 -0.000003 0.000000 0.000001 3.141592 0.000000 0.000000
    53 0.000006 0.000000 0.000004 0.000000 0.000000 0.349065
    54 0.000000 0.000000 0.000000 3.141593 0.000000 0.000000
    55 -0.000008 -0.000006 0.000000 3.141593 0.000000 0.000000
    56 0.000002 -0.000002 0.000000 3.141593 0.000000 0.000000
    57 0.000014 -0.000004 0.000000 3.141593 0.000000 0.000000
    58 -0.000001 0.000000 0.000000 3.141593 0.000000 -0.000001
    59 0.000000 0.000000 0.000000 3.141593 0.000000 0.000000
    60 0.000010 0.000017 0.000000 3.141593 0.000000 -0.000001
    61 0.000000 0.000004 0.000000 3.141593 0.000000 -0.000001
    62 0.000000 0.000006 0.000000 3.141593 0.000000 -0.000001
    63 0.000001 0.000002 0.000000 3.141593 0.000000 0.000000
    64 0.000000 0.000000 0.000000 -3.141592 0.000000 0.000000
    65 0.000000 0.000000 0.000000 -1.570797 -0.000001 0.000000
    66 0.000000 0.000000 0.000000 0.000000 0.000000 0.000000
    67 1.200000 0.000000 0.000000 0.000000 0.000000 0.000000
    68 0.000009 0.299994 0.000000 0.000000 0.000000 0.174533
    69 -0.000001 -0.000001 -0.000004 0.000000 0.000000 0.000000
    70 -0.000010 0.000000 -0.000003 -3.141592 0.000001 0.000000
    71 0.000000 0.000000 0.000000 0.000001 -0.000001 0.349065
    72 0.000000 -0.000003 0.000000 0.000000 0.000000 0.000000
    73 0.000003 0.000000 0.000000 0.000000 0.000000 0.000000
    74 -0.000010 -0.000006 0.000000 -0.000001 0.000000 0.000000
    75 0.000019 0.000002 0.000000 0.000000 0.000000 0.000000
    76 0.000001 0.000004 0.000000 0.000000 0.000000 -0.000001
    77 0.000000 0.000000 0.000000 0.000000 0.000000 -0.000001
    78 0.000001 -0.000002 0.000000 0.000000 0.000000 -0.000001
    79 0.000000 0.000000 0.000000 0.000000 0.000000 -0.000001
    80 0.000001 0.000008 0.000000 0.000000 0.000000 0.000000
    81 -0.000003 0.000004 0.000000 0.000000 0.000000 0.000000
    82 -0.000007 -0.000008 0.000000 0.000000 0.000000 -0.000001
    83 0.000000 0.000002 -0.000002 -1.570796 0.000000 0.000000
  time 146
    0 -2.712278 -16.752692 -4.793361 -1.388397 -0.308556 -0.861640
    1 -1.185547 -1.037109 0.043213 0.000000 0.000004 0.000000
    2 -1.936523 -1.362305 0.225586 0.000000 0.000002 0.000000
    3 -4.549240 -1.689358 -0.012529 0.000000 0.000000 0.000000
    4 4.331499 0.360595 -0.709097 0.000015 0.000003 0.056022
    5 3.513922 0.962076 -0.004281 0.000004 -0.000001 1.176003
    6 2.855053 0.477292 0.679213 -0.000001 -0.000004 2.896619
    7 1.649902 5.878080 0.032496 -0.000003 0.000002 -1.570796
    8 6.587842 -0.691444 0.025964 -0.000001 -0.000001 1.570796
    9 0.000002 -0.241401 -0.052690 0.000001 0.000001 0.000000
    10 10.620066 1.884898 -0.004843 -1.568531 -0.000002 3.141351
    11 -9.087198 1.359573 -0.008167 -0.000003 0.000002 -1.570796
    12 4.078149 -14.187903 -15.239806 3.154216 0.639678 -1.228081
    13 1.473659 0.639418 -1.295234 1.625592 0.315573 -0.106002
    14 1.832607 0.000002 -0.000008 3.086580 0.001938 -0.100974
    15 1.003335 0.000005 0.000001 -3.041259 0.017902 -0.383662
    16 3.819989 -0.419603 -1.411520 0.223561 0.079181 -0.041961
    17 2.187956 0.000010 0.000000 -0.057612 -0.034547 0.314360
    18 1.100960 0.000002 0.000000 0.252044 -0.113445 0.753056
    19 3.987863 -0.577452 -0.474712 0.164305 0.064080 0.045793
    20 1.890109 -0.000010 -0.000001 0.017992 -0.078837 1.132397
    21 1.310925 0.000000 0.000000 0.349270 -0.196559 0.940149
    22 4.117986 -0.654534 0.453695 0.129435 0.086269 0.314701
    23 1.655294 0.000008 0.000000 0.034759 0.031341 1.680247
    24 0.869582 0.000004 0.000000 0.006750 -0.028427 0.638871
    25 4.150630 -0.581594 1.354863 -0.179671 0.263092 0.715199
    26 1.157247 -0.000010 -0.000002 -0.173822 -0.089883 1.703830
    27 1.019835 -0.000006 0.000000 -1.537158 -0.154956 0.976267
    28 7.406140 -6.039003 -8.901889 0.210124 1.031546 -0.181154
    29 12.695427 -0.000020 -0.000008 -0.412334 0.227099 -2.285276
    30 -3.422077 -15.490588 -9.407596 3.249339 -0.303383 -0.849305
    31 1.474215 -0.497926 -1.376118 0.979456 0.426216 -0.250736
    32 1.832179 -0.000010 -0.000002 -2.526135 -0.301549 0.609667
    33 1.042025 -0.000004 -0.000009 -2.896901 -0.278851 -0.192682
    34 3.823320 0.664865 -1.331676 0.210340 0.328129 -0.129640
    35 2.152367 -0.000001 0.000004 0.062007 -0.001512 0.005920
    36 1.056622 -0.000011 0.000000 0.241003 0.000705 -0.002142
    37 3.985134 0.881805 -0.368986 0.128322 -0.008132 -0.090211
    38 1.830183 0.000015 0.000000 0.063848 -0.073976 -1.510192
    39 1.561352 0.000008 -0.000004 0.027622 -0.015767 -1.357250
    40 4.116518 0.711272 0.551869 0.187923 0.006580 -0.361666
    41 1.752727 0.000006 0.000000 0.026521 0.029537 -1.405331
    42 0.869359 -0.000006 0.000000 0.015642 -0.073475 -0.926076
    43 4.118826 0.331223 1.419829 0.128888 -0.005990 -0.280207
    44 1.176321 0.000006 0.000000 -0.027338 0.139037 -0.923530
    45 0.970199 -0.000002 -0.000004 1.655618 0.044631 -1.487290
    46 -7.606037 1.001330 -4.120493 -2.809076 0.922623 -1.977283
    47 12.706336 -0.000035 -0.000009 -0.225630 0.297908 -1.598387
    48 0.000000 0.000000 -0.000003 0.000000 0.000000 0.000000
    49 1.200000 0.000000 0.000010 0.000000 0.000000 0.000000
    50 0.000010 -0.300000 0.000000 3.141593 0.000000 -0.174533
    51 0.000000 -0.000001 0.000000 0.000000 0.000000 0.000000
    52 -0.000003 0.000000 0.000001 3.141592 0.000000 0.000000
    53 0.000006 0.000000 0.000004 0.000000 0.000000 0.349065
    54 0.000000 0.000000 0.000000 3.141593 0.000000 0.000000
    55 -0.000008 -0.000006 0.000000 3.141593 0.000000 0.000000
    56 0.000002 -0.000002 0.000000 3.141593 0.000000 0.000000
    57 0.000014 -0.000004 0.000000 3.141593 0.000000 0.000000
    58 -0.000001 0.000000 0.000000 3.141593 0.000000 -0.000001
    59 0.000000 0.000000 0.000000 3.141593 0.000000 0.000000
    60 0.000010 0.000017 0.000000 3.141593 0.000000 -0.000001
    61 0.000000 0.000004 0.000000 3.141593 0.000000 -0.000001
    62 0.000000 0.000006 0.000000 3.141593 0.000000 -0.000001
    63 0.000001 0.000002 0.000000 3.141593 0.000000 0.000000
    64 0.000000 0.000000 0.000000 -3.141592 0.000000 0.000000
    65 0.000000 0.000000 0.000000 -1.570797 -0.000001 0.000000
    66 0.000000 0.000000 0.000000 0.000000 0.000000 0.000000
    67 1.200000 0.000000 0.000000 0.000000 0.000000 0.000000
    68 0.000009 0.299994 0.000000 0.000000 0.000000 0.174533
    69 -0.000001 -0.000001 -0.000004 0.000000 0.000000 0.000000
    70 -0.000010 0.000000 -0.000003 -3.141592 0.000001 0.000000
    71 0.000000 0.000000 0.000000 0.000001 -0.000001 0.349065
    72 0.000000 -0.000003 0.000000 0.000000 0.000000 0.000000
    73 0.000003 0.000000 0.000000 0.000000 0.000000 0.000000
    74 -0.000010 -0.000006 0.000000 -0.000001 0.000000 0.000000
    75 0.000019 0.000002 0.000000 0.000000 0.000000 0.000000
    76 0.000001 0.000004 0.000000 0.000000 0.000000 -0.000001
    77 0.000000 0.000000 0.000000 0.000000 0.000000 -0.000001
    78 0.000001 -0.000002 0.000000 0.000000 0.000000 -0.000001
    79 0.000000 0.000000 0.000000 0.000000 0.000000 -0.000001
    80 0.000001 0.000008 0.000000 0.000000 0.000000 0.000000
    81 -0.000003 0.000004 0.000000 0.000000 0.000000 0.000000
    82 -0.000007 -0.000008 0.000000 0.000000 0.000000 -0.000001
    83 0.000000 0.000002 -0.000002 -1.570796 0.000000 0.000000
  time 147
    0 -2.727904 -16.752692 -4.785549 -1.377773 -0.307484 -0.865189
    1 -1.185547 -1.037109 0.043213 0.000000 0.000004 0.000000
    2 -1.936523 -1.362305 0.225586 0.000000 0.000002 0.000000
    3 -4.549240 -1.689358 -0.012529 0.000000 0.000000 0.000000
    4 4.331499 0.360595 -0.709097 0.000015 0.000003 0.056022
    5 3.513922 0.962076 -0.004281 0.000004 -0.000001 1.176003
    6 2.855053 0.477292 0.679213 -0.000001 -0.000004 2.896619
    7 1.649902 5.878080 0.032496 -0.000003 0.000002 -1.570796
    8 6.587842 -0.691444 0.025964 -0.000001 -0.000001 1.570796
    9 0.000002 -0.241401 -0.052690 0.000001 0.000001 0.000000
    10 10.620066 1.884898 -0.004843 -1.529186 -0.000002 3.141591
    11 -9.087198 1.359573 -0.008167 -0.000003 0.000002 -1.570796
    12 4.757857 -17.039552 -14.298371 3.125656 0.395559 -1.251332
    13 1.473659 0.639418 -1.295234 1.616681 0.270157 -0.104961
    14 1.832607 0.000002 -0.000008 3.087131 0.001902 -0.100615
    15 1.003335 0.000005 0.000001 -3.039989 -0.011281 -0.096655
    16 3.773113 -0.364914 -1.411520 0.212592 0.094683 -0.138177
    17 2.187956 0.000010 0.000000 -0.057564 -0.034511 0.315522
    18 1.100960 0.000002 0.000000 0.270356 -0.077946 0.613091
    19 3.964424 -0.577452 -0.474712 0.154617 0.085472 -0.099580
    20 1.890109 -0.000010 -0.000001 0.036081 -0.049859 1.123549
    21 1.310925 0.000000 0.000000 0.381056 -0.142460 0.802000
    22 4.082828 -0.658441 0.453695 0.088651 0.122367 -0.020617
    23 1.655294 0.000008 0.000000 0.018604 0.064503 1.577431
    24 0.869582 0.000004 0.000000 0.015822 -0.027001 0.469924
    25 4.017813 -0.565968 1.354863 -0.254983 0.194395 0.385269
    26 1.157247 -0.000010 -0.000002 -0.165241 -0.111202 1.596780
    27 1.019835 -0.000006 0.000000 -1.502858 -0.142864 0.745310
    28 7.406140 -6.039003 -8.901889 -0.350331 1.181308 -0.489239
    29 12.695427 -0.000020 -0.000008 -0.376342 0.253214 -2.134083
    30 -3.406452 -15.447618 -9.399783 3.259817 -0.302451 -0.852146
    31 1.474215 -0.497926 -1.376118 0.979456 0.426216 -0.250736
    32 1.832179 -0.000010 -0.000002 -2.526135 -0.301549 0.609667
    33 1.042025 -0.000004 -0.000009 -2.896937 -0.278863 -0.192682
    34 3.823320 0.664865 -1.331676 0.211071 0.338112 -0.127519
    35 2.152367 -0.000001 0.000004 0.062019 -0.001512 0.005920
    36 1.056622 -0.000011 0.000000 0.241003 0.000705 -0.002178
    37 3.985134 0.881805 -0.368986 0.128322 -0.008132 -0.090211
    38 1.830183 0.000015 0.000000 0.063848 -0.073976 -1.510192
    39 1.561352 0.000008 -0.000004 0.027622 -0.015767 -1.357283
    40 4.116518 0.711272 0.551869 0.187923 0.006580 -0.361666
    41 1.752727 0.000006 0.000000 0.026485 0.029537 -1.405331
    42 0.869359 -0.000006 0.000000 0.015582 -0.073475 -0.926032
    43 4.118826 0.331223 1.419829 0.128888 -0.005990 -0.280207
    44 1.176321 0.000006 0.000000 -0.027338 0.139049 -0.923484
    45 0.970199 -0.000002 -0.000004 1.655618 0.044631 -1.487290
    46 -7.606037 1.001330 -4.120493 -2.811435 0.923357 -1.978283
    47 12.706336 -0.000035 -0.000009 -0.226528 0.297884 -1.601894
    48 0.000000 0.000000 -0.000003 0.000000 0.000000 0.000000
    49 1.200000 0.000000 0.000010 0.000000 0.000000 0.000000
    50 0.000010 -0.300000 0.000000 3.141593 0.000000 -0.174533
    51 0.000000 -0.000001 0.000000 0.000000 0.000000 0.000000
    52 -0.000003 0.000000 0.000001 3.141592 0.000000 0.000000
    53 0.000006 0.000000 0.000004 0.000000 0.000000 0.349065
    54 0.000000 0.000000 0.000000 3.141593 0.000000 0.000000
    55 -0.000008 -0.000006 0.000000 3.141593 0.000000 0.000000
    56 0.000002 -0.000002 0.000000 3.141593 0.000000 0.000000
    57 0.000014 -0.000004 0.000000 3.141593 0.000000 0.000000
    58 -0.000001 0.000000 0.000000 3.141593 0.000000 -0.000001
    59 0.000000 0.000000 0.000000 3.141593 0.000000 0.000000
    60 0.000010 0.000017 0.000000 3.141593 0.000000 -0.000001
    61 0.000000 0.000004 0.000000 3.141593 0.000000 -0.000001
    62 0.000000 0.000006 0.000000 3.141593 0.000000 -0.000001
    63 0.000001 0.000002 0.000000 3.141593 0.000000 0.000000
    64 0.000000 0.000000 0.000000 -3.141592 0.000000 0.000000
    65 0.000000 0.000000 0.000000 -1.570797 -0.000001 0.000000
    66 0.000000 0.000000 0.000000 0.000000 0.000000 0.000000
    67 1.200000 0.000000 0.000000 0.000000 0.000000 0.000000
    68 0.000009 0.299994 0.000000 0.000000 0.000000 0.174533
    69 -0.000001 -0.000001 -0.000004 0.000000 0.000000 0.000000
    70 -0.000010 0.000000 -0.000003 -3.141592 0.000001 0.000000
    71 0.000000 0.000000 0.000000 0.000001 -0.000001 0.349065
    72 0.000000 -0.000003 0.000000 0.000000 0.000000 0.000000
    73 0.000003 0.000000 0.000000 0.000000 0.000000 0.000000
    74 -0.000010 -0.000006 0.000000 -0.000001 0.000000 0.000000
    75 0.000019 0.000002 0.000000 0.000000 0.000000 0.000000
    76 0.000001 0.000004 0.000000 0.000000 0.000000 -0.000001
    77 0.000000 0.000000 0.000000 0.000000 0.000000 -0.000001
    78 0.000001 -0.000002 0.000000 0.000000 0.000000 -0.000001
    79 0.000000 0.000000 0.000000 0.000000 0.000000 -0.000001
    80 0.000001 0.000008 0.000000 0.000000 0.000000 0.000000
    81 -0.000003 0.000004 0.000000 0.000000 0.000000 0.000000
    82 -0.000007 -0.000008 0.000000 0.000000 0.000000 -0.000001
    83 0.000000 0.000002 -0.000002 -1.570796 0.000000 0.000000
  time 148
    0 -2.747436 -16.748785 -4.777736 -1.354553 -0.321513 -0.867247
    1 -1.185547 -1.037109 0.043213 0.000000 0.000004 0.000000
    2 -1.936523 -1.362305 0.225586 0.000000 0.000002 0.000000
    3 -4.549240 -1.689358 -0.012529 0.000000 0.000000 0.000000
    4 4.331499 0.360595 -0.709097 0.000015 0.000003 0.056022
    5 3.513922 0.962076 -0.004281 0.000004 -0.000001 1.176003
    6 2.855053 0.477292 0.679213 -0.000001 -0.000004 2.896619
    7 1.649902 5.878080 0.032496 -0.000003 0.000002 -1.570796
    8 6.587842 -0.691444 0.025964 -0.000001 -0.000001 1.570796
    9 0.000002 -0.241401 -0.052690 0.000001 0.000001 0.000000
    10 10.620066 1.884898 -0.004843 -1.529186 -0.000002 3.141591
    11 -9.087198 1.359573 -0.008167 -0.000003 0.000002 -1.570796
    12 4.953175 -18.445845 -12.942861 3.098647 0.055419 -1.432343
    13 1.473659 0.639418 -1.295234 1.618463 0.256817 -0.092969
    14 1.832607 0.000002 -0.000008 3.088318 0.001398 -0.099115
    15 1.003335 0.000005 0.000001 -3.046665 -0.039457 0.191332
    16 3.722330 -0.329757 -1.411520 0.200361 0.104660 -0.235873
    17 2.187956 0.000010 0.000000 -0.057875 -0.033971 0.325887
    18 1.100960 0.000002 0.000000 0.284678 -0.037295 0.455213
    19 3.925361 -0.573545 -0.474712 0.143824 0.099087 -0.227660
    20 1.890109 -0.000010 -0.000001 0.073307 0.030078 1.101390
    21 1.310925 0.000000 0.000000 0.407015 -0.069594 0.595905
    22 4.043765 -0.677973 0.453695 0.049929 0.147288 -0.344092
    23 1.655294 0.000008 0.000000 -0.037244 0.141156 1.298149
    24 0.869582 0.000004 0.000000 0.025541 -0.021848 0.243431
    25 3.853746 -0.538623 1.354863 -0.301519 0.100744 0.067136
    26 1.157247 -0.000010 -0.000002 -0.127178 -0.153132 1.308338
    27 1.019835 -0.000006 0.000000 -1.460109 -0.111284 0.412900
    28 7.406140 -6.039003 -8.901889 -0.799228 1.155177 -0.855642
    29 12.695427 -0.000020 -0.000008 -0.358296 0.263377 -2.063706
    30 -3.308793 -15.443711 -9.407596 3.282876 -0.316842 -0.853780
    31 1.474215 -0.497926 -1.376118 0.979456 0.426216 -0.250736
    32 1.832179 -0.000010 -0.000002 -2.526135 -0.301549 0.609667
    33 1.042025 -0.000004 -0.000009 -2.896937 -0.278839 -0.192682
    34 3.823320 0.664865 -1.331676 0.211730 0.346645 -0.125518
    35 2.152367 -0.000001 0.000004 0.062019 -0.001512 0.005920
    36 1.056622 -0.000011 0.000000 0.241003 0.000705 -0.002190
    37 3.985134 0.881805 -0.368986 0.128322 -0.008132 -0.090211
    38 1.830183 0.000015 0.000000 0.063848 -0.073976 -1.510192
    39 1.561352 0.000008 -0.000004 0.027622 -0.015767 -1.357316
    40 4.116518 0.711272 0.551869 0.187923 0.006580 -0.361666
    41 1.752727 0.000006 0.000000 0.026485 0.029537 -1.405331
    42 0.869359 -0.000006 0.000000 0.015618 -0.073475 -0.926076
    43 4.118826 0.331223 1.419829 0.128888 -0.005990 -0.280207
    44 1.176321 0.000006 0.000000 -0.027338 0.139049 -0.923507
    45 0.970199 -0.000002 -0.000004 1.655618 0.044631 -1.487290
    46 -7.606037 1.001330 -4.120493 -2.813100 0.921989 -1.973097
    47 12.706336 -0.000035 -0.000009 -0.226242 0.297896 -1.600479
    48 0.000000 0.000000 -0.000003 0.000000 0.000000 0.000000
    49 1.200000 0.000000 0.000010 0.000000 0.000000 0.000000
    50 0.000010 -0.300000 0.000000 3.141593 0.000000 -0.174533
    51 0.000000 -0.000001 0.000000 0.000000 0.000000 0.000000
    52 -0.000003 0.000000 0.000001 3.141592 0.000000 0.000000
    53 0.000006 0.000000 0.000004 0.000000 0.000000 0.349065
    54 0.000000 0.000000 0.000000 3.141593 0.000000 0.000000
    55 -0.000008 -0.000006 0.000000 3.141593 0.000000 0.000000
    56 0.000002 -0.000002 0.000000 3.141593 0.000000 0.000000
    57 0.000014 -0.000004 0.000000 3.141593 0.000000 0.000000
    58 -0.000001 0.000000 0.000000 3.141593 0.000000 -0.000001
    59 0.000000 0.000000 0.000000 3.141593 0.000000 0.000000
    60 0.000010 0.000017 0.000000 3.141593 0.000000 -0.000001
    61 0.000000 0.000004 0.000000 3.141593 0.000000 -0.000001
    62 0.000000 0.000006 0.000000 3.141593 0.000000 -0.000001
    63 0.000001 0.000002 0.000000 3.141593 0.000000 0.000000
    64 0.000000 0.000000 0.000000 -3.141592 0.000000 0.000000
    65 0.000000 0.000000 0.000000 -1.570797 -0.000001 0.000000
    66 0.000000 0.000000 0.000000 0.000000 0.000000 0.000000
    67 1.200000 0.000000 0.000000 0.000000 0.000000 0.000000
    68 0.000009 0.299994 0.000000 0.000000 0.000000 0.174533
    69 -0.000001 -0.000001 -0.000004 0.000000 0.000000 0.000000
    70 -0.000010 0.000000 -0.000003 -3.141592 0.000001 0.000000
    71 0.000000 0.000000 0.000000 0.000001 -0.000001 0.349065
    72 0.000000 -0.000003 0.000000 0.000000 0.000000 0.000000
    73 0.000003 0.000000 0.000000 0.000000 0.000000 0.000000
    74 -0.000010 -0.000006 0.000000 -0.000001 0.000000 0.000000
    75 0.000019 0.000002 0.000000 0.000000 0.000000 0.000000
    76 0.000001 0.000004 0.000000 0.000000 0.000000 -0.000001
    77 0.000000 0.000000 0.000000 0.000000 0.000000 -0.000001
    78 0.000001 -0.000002 0.000000 0.000000 0.000000 -0.000001
    79 0.000000 0.000000 0.000000 0.000000 0.000000 -0.000001
    80 0.000001 0.000008 0.000000 0.000000 0.000000 0.000000
    81 -0.000003 0.000004 0.000000 0.000000 0.000000 0.000000
    82 -0.000007 -0.000008 0.000000 0.000000 0.000000 -0.000001
    83 0.000000 0.000002 -0.000002 -1.570796 0.000000 0.000000
  time 149
    0 -2.763061 -16.748785 -4.777736 -1.305243 -0.356307 -0.870655
    1 -1.185547 -1.037109 0.043213 0.000000 0.000004 0.000000
    2 -1.936523 -1.362305 0.225586 0.000000 0.000002 0.000000
    3 -4.549240 -1.689358 -0.012529 0.000000 0.000000 0.000000
    4 4.331499 0.360595 -0.709097 0.000015 0.000003 0.056022
    5 3.513922 0.962076 -0.004281 0.000004 -0.000001 1.176003
    6 2.855053 0.477292 0.679213 -0.000001 -0.000004 2.896619
    7 1.649902 5.878080 0.032496 -0.000003 0.000002 -1.570796
    8 6.587842 -0.691444 0.025964 -0.000001 -0.000001 1.570796
    9 0.000002 -0.241401 -0.052690 0.000001 0.000001 0.000000
    10 10.620066 1.884898 -0.004843 -1.529186 -0.000002 3.141591
    11 -9.087198 1.359573 -0.008167 -0.000003 0.000002 -1.570796
    12 5.019584 -18.797418 -11.196714 3.121276 -0.255304 -1.675068
    13 1.473659 0.639418 -1.295234 1.693288 0.600076 0.055382
    14 1.832607 0.000002 -0.000008 3.090067 0.000751 -0.095919
    15 1.003335 0.000005 0.000001 -3.043345 -0.031679 0.121087
    16 3.722330 -0.353195 -1.399801 0.203721 0.091921 -0.223581
    17 2.187956 0.000010 0.000000 -0.060021 -0.032413 0.357912
    18 1.100960 0.000002 0.000000 0.286368 -0.034035 0.432857
    19 3.917548 -0.577452 -0.474712 0.146002 0.091536 -0.228733
    20 1.890109 -0.000010 -0.000001 0.107230 0.111382 1.081815
    21 1.310925 0.000000 0.000000 0.417946 -0.048729 0.497462
    22 4.055484 -0.670160 0.453695 0.064874 0.142455 -0.261090
    23 1.655294 0.000008 0.000000 -0.112351 0.199102 1.011528
    24 0.869582 0.000004 0.000000 0.030167 -0.018851 0.173877
    25 3.896716 -0.558155 1.354863 -0.284632 0.128984 0.149152
    26 1.157247 -0.000010 -0.000002 -0.078030 -0.180679 1.016451
    27 1.019835 -0.000006 0.000000 -1.446518 -0.095153 0.290172
    28 7.406140 -6.039003 -8.901889 -1.054040 1.082893 -1.067174
    29 12.695427 -0.000020 -0.000008 -0.360898 0.261939 -2.073590
    30 -3.074410 -15.435899 -9.419315 3.331726 -0.352269 -0.856835
    31 1.474215 -0.497926 -1.376118 0.979456 0.426216 -0.250748
    32 1.832179 -0.000010 -0.000002 -2.526135 -0.301549 0.609667
    33 1.042025 -0.000004 -0.000009 -2.896901 -0.278839 -0.192682
    34 3.823320 0.664865 -1.331676 0.212354 0.353033 -0.123960
    35 2.152367 -0.000001 0.000004 0.062019 -0.001512 0.005920
    36 1.056622 -0.000011 0.000000 0.241003 0.000705 -0.002190
    37 3.985134 0.881805 -0.368986 0.128322 -0.008132 -0.090211
    38 1.830183 0.000015 0.000000 0.063848 -0.073976 -1.510192
    39 1.561352 0.000008 -0.000004 0.027622 -0.015767 -1.357316
    40 4.116518 0.711272 0.551869 0.187923 0.006580 -0.361666
    41 1.752727 0.000006 0.000000 0.026509 0.029537 -1.405331
    42 0.869359 -0.000006 0.000000 0.015642 -0.073487 -0.926076
    43 4.118826 0.331223 1.419829 0.128888 -0.005990 -0.280207
    44 1.176321 0.000006 0.000000 -0.027338 0.139049 -0.923484
    45 0.970199 -0.000002 -0.000004 1.655618 0.044631 -1.487290
    46 -7.606037 1.001330 -4.120493 -2.815320 0.917918 -1.958727
    47 12.706336 -0.000035 -0.000009 -0.224328 0.297944 -1.594448
    48 0.000000 0.000000 -0.000003 0.000000 0.000000 0.000000
    49 1.200000 0.000000 0.000010 0.000000 0.000000 0.000000
    50 0.000010 -0.300000 0.000000 3.141593 0.000000 -0.174533
    51 0.000000 -0.000001 0.000000 0.000000 0.000000 0.000000
    52 -0.000003 0.000000 0.000001 3.141592 0.000000 0.000000
    53 0.000006 0.000000 0.000004 0.000000 0.000000 0.349065
    54 0.000000 0.000000 0.000000 3.141593 0.000000 0.000000
    55 -0.000008 -0.000006 0.000000 3.141593 0.000000 0.000000
    56 0.000002 -0.000002 0.000000 3.141593 0.000000 0.000000
    57 0.000014 -0.000004 0.000000 3.141593 0.000000 0.000000
    58 -0.000001 0.000000 0.000000 3.141593 0.000000 -0.000001
    59 0.000000 0.000000 0.000000 3.141593 0.000000 0.000000
    60 0.000010 0.000017 0.000000 3.141593 0.000000 -0.000001
    61 0.000000 0.000004 0.000000 3.141593 0.000000 -0.000001
    62 0.000000 0.000006 0.000000 3.141593 0.000000 -0.000001
    63 0.000001 0.000002 0.000000 3.141593 0.000000 0.000000
    64 0.000000 0.000000 0.000000 -3.141592 0.000000 0.000000
    65 0.000000 0.000000 0.000000 -1.570797 -0.000001 0.000000
    66 0.000000 0.000000 0.000000 0.000000 0.000000 0.000000
    67 1.200000 0.000000 0.000000 0.000000 0.000000 0.000000
    68 0.000009 0.299994 0.000000 0.000000 0.000000 0.174533
    69 -0.000001 -0.000001 -0.000004 0.000000 0.000000 0.000000
    70 -0.000010 0.000000 -0.000003 -3.141592 0.000001 0.000000
    71 0.000000 0.000000 0.000000 0.000001 -0.000001 0.349065
    72 0.000000 -0.000003 0.000000 0.000000 0.000000 0.000000
    73 0.000003 0.000000 0.000000 0.000000 0.000000 0.000000
    74 -0.000010 -0.000006 0.000000 -0.000001 0.000000 0.000000
    75 0.000019 0.000002 0.000000 0.000000 0.000000 0.000000
    76 0.000001 0.000004 0.000000 0.000000 0.000000 -0.000001
    77 0.000000 0.000000 0.000000 0.000000 0.000000 -0.000001
    78 0.000001 -0.000002 0.000000 0.000000 0.000000 -0.000001
    79 0.000000 0.000000 0.000000 0.000000 0.000000 -0.000001
    80 0.000001 0.000008 0.000000 0.000000 0.000000 0.000000
    81 -0.000003 0.000004 0.000000 0.000000 0.000000 0.000000
    82 -0.000007 -0.000008 0.000000 0.000000 0.000000 -0.000001
    83 0.000000 0.000002 -0.000002 -1.570796 0.000000 0.000000
  time 150
    0 -2.786499 -16.748785 -4.773830 -1.238182 -0.404572 -0.876120
    1 -1.185547 -1.036133 0.043213 0.000000 0.000004 0.000000
    2 -1.935547 -1.362305 0.225464 0.000000 0.000002 0.000000
    3 -4.549240 -1.689358 -0.012529 0.000000 0.000000 0.000000
    4 4.331499 0.360595 -0.709097 0.000015 0.000003 0.056022
    5 3.513922 0.962076 -0.004281 0.000004 -0.000001 1.176003
    6 2.855053 0.477292 0.679213 -0.000001 -0.000004 2.896619
    7 1.649902 5.878080 0.032496 -0.000003 0.000002 -1.570796
    8 6.587842 -0.691444 0.025964 -0.000001 -0.000001 1.570796
    9 0.000002 -0.241401 -0.052690 0.000001 0.000001 0.000000
    10 10.620066 1.884898 -0.004843 -1.568531 -0.000002 3.141351
    11 -9.087198 1.359573 -0.008167 -0.000003 0.000002 -1.570796
    12 5.218809 -18.973205 -9.282593 3.115528 -0.388551 -1.809287
    13 1.473659 0.639418 -1.295234 2.005121 0.925538 0.397659
    14 1.832607 0.000002 -0.000008 3.092296 -0.000064 -0.090277
    15 1.003335 0.000005 0.000001 -3.037556 -0.008524 -0.081628
    16 3.777019 -0.376633 -1.411520 0.207433 0.073480 -0.186482
    17 2.187956 0.000010 0.000000 -0.064311 -0.029213 0.419685
    18 1.100960 0.000002 0.000000 0.288141 -0.035341 0.425286
    19 3.929267 -0.577452 -0.474712 0.148424 0.083459 -0.229121
    20 1.890109 -0.000010 -0.000001 0.119555 0.142578 1.074807
    21 1.310925 0.000000 0.000000 0.423858 -0.037271 0.438790
    22 4.082828 -0.658441 0.453695 0.095314 0.125029 -0.047768
    23 1.655294 0.000008 0.000000 -0.144482 0.215005 0.902652
    24 0.869582 0.000004 0.000000 0.033379 -0.017509 0.151121
    25 4.013907 -0.577687 1.354863 -0.241596 0.190715 0.356237
    26 1.157247 -0.000010 -0.000002 -0.057740 -0.186893 0.906697
    27 1.019835 -0.000006 0.000000 -1.441892 -0.087627 0.250402
    28 7.406140 -6.039003 -8.901889 -1.253169 0.980116 -1.217163
    29 12.695427 -0.000020 -0.000008 -0.362392 0.261160 -2.079363
    30 -2.754088 -15.424179 -9.419315 3.398039 -0.401323 -0.862305
    31 1.474215 -0.497926 -1.376118 0.979456 0.426216 -0.250748
    32 1.832179 -0.000010 -0.000002 -2.526123 -0.301549 0.609667
    33 1.042025 -0.000004 -0.000009 -2.896937 -0.278851 -0.192682
    34 3.823320 0.664865 -1.331676 0.212569 0.356928 -0.123133
    35 2.152367 -0.000001 0.000004 0.062019 -0.001524 0.005920
    36 1.056622 -0.000011 0.000000 0.241003 0.000705 -0.002226
    37 3.985134 0.881805 -0.368986 0.128322 -0.008132 -0.090211
    38 1.830183 0.000015 0.000000 0.063848 -0.073976 -1.510192
    39 1.561352 0.000008 -0.000004 0.027622 -0.015767 -1.357217
    40 4.116518 0.711272 0.551869 0.187923 0.006580 -0.361666
    41 1.752727 0.000006 0.000000 0.026497 0.029537 -1.405331
    42 0.869359 -0.000006 0.000000 0.015618 -0.073487 -0.926032
    43 4.118826 0.331223 1.419829 0.128888 -0.005990 -0.280207
    44 1.176321 0.000006 0.000000 -0.027338 0.139049 -0.923507
    45 0.970199 -0.000002 -0.000004 1.655618 0.044631 -1.487290
    46 -7.606037 1.001330 -4.120493 -2.815597 0.911878 -1.937360
    47 12.706336 -0.000035 -0.000009 -0.221985 0.297992 -1.586019
    48 0.000000 0.000000 -0.000003 0.000000 0.000000 0.000000
    49 1.200000 0.000000 0.000010 0.000000 0.000000 0.000000
    50 0.000010 -0.300000 0.000000 3.141593 0.000000 -0.174533
    51 0.000000 -0.000001 0.000000 0.000000 0.000000 0.000000
    52 -0.000003 0.000000 0.000001 3.141592 0.000000 0.000000
    53 0.000006 0.000000 0.000004 0.000000 0.000000 0.349065
    54 0.000000 0.000000 0.000000 3.141593 0.000000 0.000000
    55 -0.000008 -0.000006 0.000000 3.141593 0.000000 0.000000
    56 0.000002 -0.000002 0.000000 3.141593 0.000000 0.000000
    57 0.000014 -0.000004 0.000000 3.141593 0.000000 0.000000
    58 -0.000001 0.000000 0.000000 3.141593 0.000000 -0.000001
    59 0.000000 0.000000 0.000000 3.141593 0.000000 0.000000
    60 0.000010 0.000017 0.000000 3.141593 0.000000 -0.000001
    61 0.000000 0.000004 0.000000 3.141593 0.000000 -0.000001
    62 0.000000 0.000006 0.000000 3.141593 0.000000 -0.000001
    63 0.000001 0.000002 0.000000 3.141593 0.000000 0.000000
    64 0.000000 0.000000 0.000000 -3.141592 0.000000 0.000000
    65 0.000000 0.000000 0.000000 -1.570797 -0.000001 0.000000
    66 0.000000 0.000000 0.000000 0.000000 0.000000 0.000000
    67 1.200000 0.000000 0.000000 0.000000 0.000000 0.000000
    68 0.000009 0.299994 0.000000 0.000000 0.000000 0.174533
    69 -0.000001 -0.000001 -0.000004 0.000000 0.000000 0.000000
    70 -0.000010 0.000000 -0.000003 -3.141592 0.000001 0.000000
    71 0.000000 0.000000 0.000000 0.000001 -0.000001 0.349065
    72 0.000000 -0.000003 0.000000 0.000000 0.000000 0.000000
    73 0.000003 0.000000 0.000000 0.000000 0.000000 0.000000
    74 -0.000010 -0.000006 0.000000 -0.000001 0.000000 0.000000
    75 0.000019 0.000002 0.000000 0.000000 0.000000 0.000000
    76 0.000001 0.000004 0.000000 0.000000 0.000000 -0.000001
    77 0.000000 0.000000 0.000000 0.000000 0.000000 -0.000001
    78 0.000001 -0.000002 0.000000 0.000000 0.000000 -0.000001
    79 0.000000 0.000000 0.000000 0.000000 0.000000 -0.000001
    80 0.000001 0.000008 0.000000 0.000000 0.000000 0.000000
    81 -0.000003 0.000004 0.000000 0.000000 0.000000 0.000000
    82 -0.000007 -0.000008 0.000000 0.000000 0.000000 -0.000001
    83 0.000000 0.000002 -0.000002 -1.570796 0.000000 0.000000
  time 151
    0 -2.809937 -16.748785 -4.766017 -1.171390 -0.451719 -0.885347
    1 -1.185547 -1.036133 0.043213 0.000000 0.000004 0.000000
    2 -1.935547 -1.362305 0.225464 0.000000 0.000002 0.000000
    3 -4.549240 -1.689358 -0.012529 0.000000 0.000000 0.000000
    4 4.331499 0.360595 -0.709097 0.000015 0.000003 0.056022
    5 3.513922 0.962076 -0.004281 0.000004 -0.000001 1.176003
    6 2.855053 0.477292 0.679213 -0.000001 -0.000004 2.896619
    7 1.649902 5.878080 0.032496 -0.000003 0.000002 -1.570796
    8 6.587842 -0.691444 0.025964 -0.000001 -0.000001 1.570796
    9 0.000002 -0.241401 -0.052690 0.000001 0.000001 0.000000
    10 10.620066 1.884898 -0.004843 -1.529186 -0.000002 3.141591
    11 -9.087198 1.359573 -0.008167 -0.000003 0.000002 -1.570796
    12 5.238340 -19.102115 -7.481757 2.985046 -0.416883 -1.828120
    13 1.473659 0.639418 -1.295234 2.190675 0.838654 0.502884
    14 1.832607 0.000002 -0.000008 3.094933 -0.000867 -0.081700
    15 1.003335 0.000005 0.000001 -3.037340 0.022648 -0.343829
    16 3.808270 -0.392259 -1.411520 0.202013 0.060934 -0.147285
    17 2.187956 0.000010 0.000000 -0.070699 -0.024216 0.508834
    18 1.100960 0.000002 0.000000 0.292168 -0.040411 0.416863
    19 3.937080 -0.573545 -0.474712 0.149448 0.079839 -0.227401
    20 1.890109 -0.000010 -0.000001 0.119555 0.142578 1.074807
    21 1.310925 0.000000 0.000000 0.429926 -0.027732 0.378263
    22 4.106267 -0.654534 0.453695 0.106904 0.105979 0.144705
    23 1.655294 0.000008 0.000000 -0.144470 0.215005 0.902540
    24 0.869582 0.000004 0.000000 0.038245 -0.016047 0.130772
    25 4.099847 -0.581594 1.354863 -0.218501 0.230591 0.525495
    26 1.157247 -0.000010 -0.000002 -0.057740 -0.186893 0.906697
    27 1.019835 -0.000006 0.000000 -1.438441 -0.077799 0.215534
    28 7.406140 -6.039003 -8.901889 -1.384811 0.856983 -1.322837
    29 12.695427 -0.000020 -0.000008 -0.357507 0.263676 -2.060622
    30 -2.449391 -15.408554 -9.403689 3.463949 -0.449323 -0.870687
    31 1.474215 -0.497926 -1.376118 0.979456 0.426216 -0.250736
    32 1.832179 -0.000010 -0.000002 -2.526123 -0.301549 0.609667
    33 1.042025 -0.000004 -0.000009 -2.896901 -0.278839 -0.192682
    34 3.823320 0.664865 -1.331676 0.212701 0.358102 -0.122641
    35 2.152367 -0.000001 0.000004 0.062007 -0.001524 0.005920
    36 1.056622 -0.000011 0.000000 0.240979 0.000705 -0.002190
    37 3.985134 0.881805 -0.368986 0.128322 -0.008132 -0.090211
    38 1.830183 0.000015 0.000000 0.063848 -0.073976 -1.510192
    39 1.561352 0.000008 -0.000004 0.027622 -0.015767 -1.357283
    40 4.116518 0.711272 0.551869 0.187923 0.006580 -0.361666
    41 1.752727 0.000006 0.000000 0.026521 0.029537 -1.405331
    42 0.869359 -0.000006 0.000000 0.015606 -0.073499 -0.926076
    43 4.118826 0.331223 1.419829 0.128888 -0.005990 -0.280207
    44 1.176321 0.000006 0.000000 -0.027338 0.139049 -0.923507
    45 0.970199 -0.000002 -0.000004 1.655618 0.044631 -1.487290
    46 -7.606037 1.001330 -4.120493 -2.813100 0.906038 -1.915305
    47 12.706336 -0.000035 -0.000009 -0.219680 0.298136 -1.578635
    48 0.000000 0.000000 -0.000003 0.000000 0.000000 0.000000
    49 1.200000 0.000000 0.000010 0.000000 0.000000 0.000000
    50 0.000010 -0.300000 0.000000 3.141593 0.000000 -0.174533
    51 0.000000 -0.000001 0.000000 0.000000 0.000000 0.000000
    52 -0.000003 0.000000 0.000001 3.141592 0.000000 0.000000
    53 0.000006 0.000000 0.000004 0.000000 0.000000 0.349065
    54 0.000000 0.000000 0.000000 3.141593 0.000000 0.000000
    55 -0.000008 -0.000006 0.000000 3.141593 0.000000 0.000000
    56 0.000002 -0.000002 0.000000 3.141593 0.000000 0.000000
    57 0.000014 -0.000004 0.000000 3.141593 0.000000 0.000000
    58 -0.000001 0.000000 0.000000 3.141593 0.000000 -0.000001
    59 0.000000 0.000000 0.000000 3.141593 0.000000 0.000000
    60 0.000010 0.000017 0.000000 3.141593 0.000000 -0.000001
    61 0.000000 0.000004 0.000000 3.141593 0.000000 -0.000001
    62 0.000000 0.000006 0.000000 3.141593 0.000000 -0.000001
    63 0.000001 0.000002 0.000000 3.141593 0.000000 0.000000
    64 0.000000 0.000000 0.000000 -3.141592 0.000000 0.000000
    65 0.000000 0.000000 0.000000 -1.570797 -0.000001 0.000000
    66 0.000000 0.000000 0.000000 0.000000 0.000000 0.000000
    67 1.200000 0.000000 0.000000 0.000000 0.000000 0.000000
    68 0.000009 0.299994 0.000000 0.000000 0.000000 0.174533
    69 -0.000001 -0.000001 -0.000004 0.000000 0.000000 0.000000
    70 -0.000010 0.000000 -0.000003 -3.141592 0.000001 0.000000
    71 0.000000 0.000000 0.000000 0.000001 -0.000001 0.349065
    72 0.000000 -0.000003 0.000000 0.000000 0.000000 0.000000
    73 0.000003 0.000000 0.000000 0.000000 0.000000 0.000000
    74 -0.000010 -0.000006 0.000000 -0.000001 0.000000 0.000000
    75 0.000019 0.000002 0.000000 0.000000 0.000000 0.000000
    76 0.000001 0.000004 0.000000 0.000000 0.000000 -0.000001
    77 0.000000 0.000000 0.000000 0.000000 0.000000 -0.000001
    78 0.000001 -0.000002 0.000000 0.000000 0.000000 -0.000001
    79 0.000000 0.000000 0.000000 0.000000 0.000000 -0.000001
    80 0.000001 0.000008 0.000000 0.000000 0.000000 0.000000
    81 -0.000003 0.000004 0.000000 0.000000 0.000000 0.000000
    82 -0.000007 -0.000008 0.000000 0.000000 0.000000 -0.000001
    83 0.000000 0.000002 -0.000002 -1.570796 0.000000 0.000000
  time 152
    0 -2.837282 -16.748785 -4.754298 -1.124501 -0.483840 -0.893652
    1 -1.185547 -1.036133 0.043213 0.000000 0.000004 0.000000
    2 -1.935547 -1.362305 0.225464 0.000000 0.000002 0.000000
    3 -4.549240 -1.689358 -0.012529 0.000000 0.000000 0.000000
    4 4.331499 0.360595 -0.709097 0.000015 0.000003 0.056022
    5 3.513922 0.962076 -0.004281 0.000004 -0.000001 1.176003
    6 2.855053 0.477292 0.679213 -0.000001 -0.000004 2.896619
    7 1.649902 5.878080 0.032496 -0.000003 0.000002 -1.570796
    8 6.587842 -0.691444 0.025964 -0.000001 -0.000001 1.570796
    9 0.000002 -0.241401 -0.052690 0.000001 0.000001 0.000000
    10 10.620066 1.884898 -0.004843 -1.568531 -0.000002 3.141351
    11 -9.087198 1.359573 -0.008167 -0.000003 0.000002 -1.570796
    12 4.734419 -18.996643 -5.938741 2.733755 -0.386418 -1.795018
    13 1.473659 0.639418 -1.295234 2.289100 0.706699 0.496550
    14 1.832607 0.000002 -0.000008 3.097582 -0.001358 -0.069666
    15 1.003335 0.000005 0.000001 -3.042674 0.046796 -0.544675
    16 3.816083 -0.419603 -1.411520 0.178479 0.076612 -0.101547
    17 2.187956 0.000010 0.000000 -0.081329 0.022308 0.770193
    18 1.100960 0.000002 0.000000 0.300629 -0.052527 0.405525
    19 3.948799 -0.577452 -0.474712 0.140459 0.084358 -0.157082
    20 1.890109 -0.000010 -0.000001 0.091352 0.154658 1.073515
    21 1.310925 0.000000 0.000000 0.438149 -0.016898 0.292997
    22 4.117986 -0.654534 0.453695 0.101319 0.098975 0.306482
    23 1.655294 0.000008 0.000000 -0.146627 0.219332 0.910781
    24 0.869582 0.000004 0.000000 0.046251 -0.013255 0.096255
    25 4.131098 -0.581594 1.354863 -0.224793 0.222053 0.639377
    26 1.157247 -0.000010 -0.000002 -0.056985 -0.178922 0.987003
    27 1.019835 -0.000006 0.000000 -1.433959 -0.060829 0.156425
    28 7.406140 -6.039003 -8.901889 -1.446682 0.740331 -1.408887
    29 12.695427 -0.000020 -0.000008 -0.351514 0.266684 -2.037690
    30 -2.254073 -15.396835 -9.364626 3.510068 -0.482153 -0.879141
    31 1.474215 -0.497926 -1.376118 0.979456 0.426216 -0.250736
    32 1.832179 -0.000010 -0.000002 -2.526123 -0.301549 0.609667
    33 1.042025 -0.000004 -0.000009 -2.896901 -0.278827 -0.192682
    34 3.823320 0.664865 -1.331676 0.213180 0.353092 -0.120196
    35 2.152367 -0.000001 0.000004 0.062007 -0.001524 0.005920
    36 1.056622 -0.000011 0.000000 0.241003 0.000705 -0.002202
    37 3.985134 0.881805 -0.368986 0.128322 -0.008132 -0.090211
    38 1.830183 0.000015 0.000000 0.063848 -0.073976 -1.510192
    39 1.561352 0.000008 -0.000004 0.027622 -0.015767 -1.357316
    40 4.116518 0.711272 0.551869 0.187923 0.006580 -0.361666
    41 1.752727 0.000006 0.000000 0.026497 0.029537 -1.405331
    42 0.869359 -0.000006 0.000000 0.015642 -0.073487 -0.926076
    43 4.118826 0.331223 1.419829 0.128888 -0.005990 -0.280207
    44 1.176321 0.000006 0.000000 -0.027338 0.139025 -0.923484
    45 0.970199 -0.000002 -0.000004 1.655618 0.044631 -1.487290
    46 -7.606037 1.001330 -4.120493 -2.809562 0.901967 -1.900123
    47 12.706336 -0.000035 -0.000009 -0.218626 0.298112 -1.574574
    48 0.000000 0.000000 -0.000003 0.000000 0.000000 0.000000
    49 1.200000 0.000000 0.000010 0.000000 0.000000 0.000000
    50 0.000010 -0.300000 0.000000 3.141593 0.000000 -0.174533
    51 0.000000 -0.000001 0.000000 0.000000 0.000000 0.000000
    52 -0.000003 0.000000 0.000001 3.141592 0.000000 0.000000
    53 0.000006 0.000000 0.000004 0.000000 0.000000 0.349065
    54 0.000000 0.000000 0.000000 3.141593 0.000000 0.000000
    55 -0.000008 -0.000006 0.000000 3.141593 0.000000 0.000000
    56 0.000002 -0.000002 0.000000 3.141593 0.000000 0.000000
    57 0.000014 -0.000004 0.000000 3.141593 0.000000 0.000000
    58 -0.000001 0.000000 0.000000 3.141593 0.000000 -0.000001
    59 0.000000 0.000000 0.000000 3.141593 0.000000 0.000000
    60 0.000010 0.000017 0.000000 3.141593 0.000000 -0.000001
    61 0.000000 0.000004 0.000000 3.141593 0.000000 -0.000001
    62 0.000000 0.000006 0.000000 3.141593 0.000000 -0.000001
    63 0.000001 0.000002 0.000000 3.141593 0.000000 0.000000
    64 0.000000 0.000000 0.000000 -3.141592 0.000000 0.000000
    65 0.000000 0.000000 0.000000 -1.570797 -0.000001 0.000000
    66 0.000000 0.000000 0.000000 0.000000 0.000000 0.000000
    67 1.200000 0.000000 0.000000 0.000000 0.000000 0.000000
    68 0.000009 0.299994 0.000000 0.000000 0.000000 0.174533
    69 -0.000001 -0.000001 -0.000004 0.000000 0.000000 0.000000
    70 -0.000010 0.000000 -0.000003 -3.141592 0.000001 0.000000
    71 0.000000 0.000000 0.000000 0.000001 -0.000001 0.349065
    72 0.000000 -0.000003 0.000000 0.000000 0.000000 0.000000
    73 0.000003 0.000000 0.000000 0.000000 0.000000 0.000000
    74 -0.000010 -0.000006 0.000000 -0.000001 0.000000 0.000000
    75 0.000019 0.000002 0.000000 0.000000 0.000000 0.000000
    76 0.000001 0.000004 0.000000 0.000000 0.000000 -0.000001
    77 0.000000 0.000000 0.000000 0.000000 0.000000 -0.000001
    78 0.000001 -0.000002 0.000000 0.000000 0.000000 -0.000001
    79 0.000000 0.000000 0.000000 0.000000 0.000000 -0.000001
    80 0.000001 0.000008 0.000000 0.000000 0.000000 0.000000
    81 -0.000003 0.000004 0.000000 0.000000 0.000000 0.000000
    82 -0.000007 -0.000008 0.000000 0.000000 0.000000 -0.000001
    83 0.000000 0.000002 -0.000002 -1.570796 0.000000 0.000000
  time 153
    0 -2.872439 -16.748785 -4.734766 -1.108453 -0.494849 -0.896917
    1 -1.185547 -1.036133 0.043213 0.000000 0.000004 0.000000
    2 -1.935547 -1.362305 0.225464 0.000000 0.000002 0.000000
    3 -4.549240 -1.689358 -0.012529 0.000000 0.000000 0.000000
    4 4.331499 0.360595 -0.709097 0.000015 0.000003 0.056022
    5 3.513922 0.962076 -0.004281 0.000004 -0.000001 1.176003
    6 2.855053 0.477292 0.679213 -0.000001 -0.000004 2.896619
    7 1.649902 5.878080 0.032496 -0.000003 0.000002 -1.570796
    8 6.587842 -0.691444 0.025964 -0.000001 -0.000001 1.570796
    9 0.000002 -0.241401 -0.052690 0.000001 0.000001 0.000000
    10 10.620066 1.884898 -0.004843 -1.529186 -0.000002 3.141591
    11 -9.087198 1.359573 -0.008167 -0.000003 0.000002 -1.570796
    12 4.039085 -19.023988 -4.618388 2.507101 -0.271683 -1.729248
    13 1.473659 0.639418 -1.295234 2.314109 0.652121 0.477605
    14 1.832607 0.000002 -0.000008 3.100003 -0.001742 -0.054208
    15 1.003335 0.000005 0.000001 -3.045802 0.056624 -0.614656
    16 3.823895 -0.419603 -1.411520 0.135086 0.136051 -0.037543
    17 2.187956 0.000010 0.000000 -0.069129 0.111186 1.178522
    18 1.100960 0.000002 0.000000 0.314064 -0.075549 0.396604
    19 3.964424 -0.577452 -0.474712 0.116548 0.100980 0.038746
    20 1.890109 -0.000010 -0.000001 0.002998 0.189497 1.064354
    21 1.310925 0.000000 0.000000 0.448045 -0.008029 0.190699
    22 4.117986 -0.654534 0.453695 0.092103 0.105885 0.490841
    23 1.655294 0.000008 0.000000 -0.155076 0.230010 0.928244
    24 0.869582 0.000004 0.000000 0.056761 -0.009072 0.059167
    25 4.150630 -0.581594 1.354863 -0.245694 0.158230 0.755630
    26 1.157247 -0.000010 -0.000002 -0.040014 -0.160553 1.153245
    27 1.019835 -0.000006 0.000000 -1.430819 -0.039485 0.093918
    28 7.406140 -6.039003 -8.901889 -1.482948 0.631281 -1.487474
    29 12.695427 -0.000020 -0.000008 -0.338168 0.272833 -1.987635
    30 -2.207196 -15.389022 -9.333375 3.526232 -0.493305 -0.881769
    31 1.474215 -0.497926 -1.376118 0.979456 0.426216 -0.250736
    32 1.832179 -0.000010 -0.000002 -2.526123 -0.301549 0.609667
    33 1.042025 -0.000004 -0.000009 -2.896889 -0.278839 -0.192682
    34 3.823320 0.664865 -1.331676 0.214583 0.337800 -0.112874
    35 2.152367 -0.000001 0.000004 0.062031 -0.001524 0.005920
    36 1.056622 -0.000011 0.000000 0.240991 0.000705 -0.002190
    37 3.985134 0.881805 -0.368986 0.128322 -0.008132 -0.090211
    38 1.830183 0.000015 0.000000 0.063848 -0.073976 -1.510192
    39 1.561352 0.000008 -0.000004 0.027622 -0.015767 -1.357316
    40 4.116518 0.711272 0.551869 0.187923 0.006580 -0.361666
    41 1.752727 0.000006 0.000000 0.026485 0.029537 -1.405331
    42 0.869359 -0.000006 0.000000 0.015630 -0.073499 -0.926076
    43 4.118826 0.331223 1.419829 0.128888 -0.005990 -0.280207
    44 1.176321 0.000006 0.000000 -0.027338 0.139049 -0.923484
    45 0.970199 -0.000002 -0.000004 1.655618 0.044631 -1.487290
    46 -7.606037 1.001330 -4.120493 -2.807064 0.900933 -1.895812
    47 12.706336 -0.000035 -0.000009 -0.218626 0.298112 -1.574574
    48 0.000000 0.000000 -0.000003 0.000000 0.000000 0.000000
    49 1.200000 0.000000 0.000010 0.000000 0.000000 0.000000
    50 0.000010 -0.300000 0.000000 3.141593 0.000000 -0.174533
    51 0.000000 -0.000001 0.000000 0.000000 0.000000 0.000000
    52 -0.000003 0.000000 0.000001 3.141592 0.000000 0.000000
    53 0.000006 0.000000 0.000004 0.000000 0.000000 0.349065
    54 0.000000 0.000000 0.000000 3.141593 0.000000 0.000000
    55 -0.000008 -0.000006 0.000000 3.141593 0.000000 0.000000
    56 0.000002 -0.000002 0.000000 3.141593 0.000000 0.000000
    57 0.000014 -0.000004 0.000000 3.141593 0.000000 0.000000
    58 -0.000001 0.000000 0.000000 3.141593 0.000000 -0.000001
    59 0.000000 0.000000 0.000000 3.141593 0.000000 0.000000
    60 0.000010 0.000017 0.000000 3.141593 0.000000 -0.000001
    61 0.000000 0.000004 0.000000 3.141593 0.000000 -0.000001
    62 0.000000 0.000006 0.000000 3.141593 0.000000 -0.000001
    63 0.000001 0.000002 0.000000 3.141593 0.000000 0.000000
    64 0.000000 0.000000 0.000000 -3.141592 0.000000 0.000000
    65 0.000000 0.000000 0.000000 -1.570797 -0.000001 0.000000
    66 0.000000 0.000000 0.000000 0.000000 0.000000 0.000000
    67 1.200000 0.000000 0.000000 0.000000 0.000000 0.000000
    68 0.000009 0.299994 0.000000 0.000000 0.000000 0.174533
    69 -0.000001 -0.000001 -0.000004 0.000000 0.000000 0.000000
    70 -0.000010 0.000000 -0.000003 -3.141592 0.000001 0.000000
    71 0.000000 0.000000 0.000000 0.000001 -0.000001 0.349065
    72 0.000000 -0.000003 0.000000 0.000000 0.000000 0.000000
    73 0.000003 0.000000 0.000000 0.000000 0.000000 0.000000
    74 -0.000010 -0.000006 0.000000 -0.000001 0.000000 0.000000
    75 0.000019 0.000002 0.000000 0.000000 0.000000 0.000000
    76 0.000001 0.000004 0.000000 0.000000 0.000000 -0.000001
    77 0.000000 0.000000 0.000000 0.000000 0.000000 -0.000001
    78 0.000001 -0.000002 0.000000 0.000000 0.000000 -0.000001
    79 0.000000 0.000000 0.000000 0.000000 0.000000 -0.000001
    80 0.000001 0.000008 0.000000 0.000000 0.000000 0.000000
    81 -0.000003 0.000004 0.000000 0.000000 0.000000 0.000000
    82 -0.000007 -0.000008 0.000000 0.000000 0.000000 -0.000001
    83 0.000000 0.000002 -0.000002 -1.570796 0.000000 0.000000
  time 154
    0 -2.895878 -16.893321 -4.617575 -1.143239 -0.478932 -0.902454
    1 -1.185547 -1.036133 0.043213 0.000000 0.000004 0.000000
    2 -1.935547 -1.362305 0.225464 0.000000 0.000002 0.000000
    3 -4.549240 -1.689358 -0.012529 0.000000 0.000000 0.000000
    4 4.331499 0.360595 -0.709097 0.000015 0.000003 0.056022
    5 3.513922 0.962076 -0.004281 0.000004 -0.000001 1.176003
    6 2.855053 0.477292 0.679213 -0.000001 -0.000004 2.896619
    7 1.649902 5.878080 0.032496 -0.000003 0.000002 -1.570796
    8 6.587842 -0.691444 0.025964 -0.000001 -0.000001 1.570796
    9 0.000002 -0.241401 -0.052690 0.000001 0.000001 0.000000
    10 10.620066 1.884898 -0.004843 -1.570796 -0.000002 2.910049
    11 -9.087198 1.359573 -0.008167 -0.000003 0.000002 -1.570796
    12 4.144557 -19.695883 -4.282440 2.560206 -0.135297 -1.670215
    13 1.473659 0.639418 -1.295234 2.311924 0.702455 0.486754
    14 1.832607 0.000002 -0.000008 3.102184 -0.001490 -0.035521
    15 1.003335 0.000005 0.000001 -3.034260 0.037305 -0.386496
    16 3.823895 -0.419603 -1.411520 0.089113 0.217344 0.025251
    17 2.187956 0.000010 0.000000 -0.056246 0.150052 1.347292
    18 1.100960 0.000002 0.000000 0.329488 -0.101136 0.385124
    19 3.987863 -0.577452 -0.474712 0.091174 0.129024 0.289820
    20 1.890109 -0.000010 -0.000001 -0.110477 0.226973 1.044074
    21 1.310925 0.000000 0.000000 0.457388 -0.001665 0.094353
    22 4.117986 -0.654534 0.453695 0.084672 0.122046 0.658264
    23 1.655294 0.000008 0.000000 -0.169074 0.237392 0.935658
    24 0.869582 0.000004 0.000000 0.067392 -0.004769 0.026756
    25 4.150630 -0.581594 1.354863 -0.279815 0.068636 0.855761
    26 1.157247 -0.000010 -0.000002 0.003346 -0.149264 1.226291
    27 1.019835 -0.000006 0.000000 -1.429452 -0.018572 0.039979
    28 7.406140 -6.039003 -8.901889 -1.518452 0.598005 -1.505163
    29 12.695427 -0.000020 -0.000008 -0.319165 0.280215 -1.917969
    30 -2.363451 -15.568715 -9.251341 3.491575 -0.476959 -0.887097
    31 1.474215 -0.497926 -1.376118 0.979456 0.426216 -0.250736
    32 1.832179 -0.000010 -0.000002 -2.526123 -0.301549 0.609667
    33 1.042025 -0.000004 -0.000009 -2.896937 -0.278839 -0.192682
    34 3.823320 0.664865 -1.331676 0.216548 0.313292 -0.100350
    35 2.152367 -0.000001 0.000004 0.062055 -0.001524 0.005920
    36 1.056622 -0.000011 0.000000 0.241003 0.000705 -0.002190
    37 3.985134 0.881805 -0.368986 0.128322 -0.008132 -0.090211
    38 1.830183 0.000015 0.000000 0.063848 -0.073976 -1.510192
    39 1.561352 0.000008 -0.000004 0.027622 -0.015767 -1.357283
    40 4.116518 0.711272 0.551869 0.187923 0.006580 -0.361666
    41 1.752727 0.000006 0.000000 0.026449 0.029537 -1.405331
    42 0.869359 -0.000006 0.000000 0.015570 -0.073487 -0.926076
    43 4.118826 0.331223 1.419829 0.128888 -0.005990 -0.280207
    44 1.176321 0.000006 0.000000 -0.027338 0.139049 -0.923484
    45 0.970199 -0.000002 -0.000004 1.655618 0.044631 -1.487290
    46 -7.606037 1.001330 -4.120493 -2.786322 0.896361 -1.890314
    47 12.706336 -0.000035 -0.000009 -0.215098 0.298112 -1.562637
    48 0.000000 0.000000 -0.000003 0.000000 0.000000 0.000000
    49 1.200000 0.000000 0.000010 0.000000 0.000000 0.000000
    50 0.000010 -0.300000 0.000000 3.141593 0.000000 -0.174533
    51 0.000000 -0.000001 0.000000 0.000000 0.000000 0.000000
    52 -0.000003 0.000000 0.000001 3.141592 0.000000 0.000000
    53 0.000006 0.000000 0.000004 0.000000 0.000000 0.349065
    54 0.000000 0.000000 0.000000 3.141593 0.000000 0.000000
    55 -0.000008 -0.000006 0.000000 3.141593 0.000000 0.000000
    56 0.000002 -0.000002 0.000000 3.141593 0.000000 0.000000
    57 0.000014 -0.000004 0.000000 3.141593 0.000000 0.000000
    58 -0.000001 0.000000 0.000000 3.141593 0.000000 -0.000001
    59 0.000000 0.000000 0.000000 3.141593 0.000000 0.000000
    60 0.000010 0.000017 0.000000 3.141593 0.000000 -0.000001
    61 0.000000 0.000004 0.000000 3.141593 0.000000 -0.000001
    62 0.000000 0.000006 0.000000 3.141593 0.000000 -0.000001
    63 0.000001 0.000002 0.000000 3.141593 0.000000 0.000000
    64 0.000000 0.000000 0.000000 -3.141592 0.000000 0.000000
    65 0.000000 0.000000 0.000000 -1.570797 -0.000001 0.000000
    66 0.000000 0.000000 0.000000 0.000000 0.000000 0.000000
    67 1.200000 0.000000 0.000000 0.000000 0.000000 0.000000
    68 0.000009 0.299994 0.000000 0.000000 0.000000 0.174533
    69 -0.000001 -0.000001 -0.000004 0.000000 0.000000 0.000000
    70 -0.000010 0.000000 -0.000003 -3.141592 0.000001 0.000000
    71 0.000000 0.000000 0.000000 0.000001 -0.000001 0.349065
    72 0.000000 -0.000003 0.000000 0.000000 0.000000 0.000000
    73 0.000003 0.000000 0.000000 0.000000 0.000000 0.000000
    74 -0.000010 -0.000006 0.000000 -0.000001 0.000000 0.000000
    75 0.000019 0.000002 0.000000 0.000000 0.000000 0.000000
    76 0.000001 0.000004 0.000000 0.000000 0.000000 -0.000001
    77 0.000000 0.000000 0.000000 0.000000 0.000000 -0.000001
    78 0.000001 -0.000002 0.000000 0.000000 0.000000 -0.000001
    79 0.000000 0.000000 0.000000 0.000000 0.000000 -0.000001
    80 0.000001 0.000008 0.000000 0.000000 0.000000 0.000000
    81 -0.000003 0.000004 0.000000 0.000000 0.000000 0.000000
    82 -0.000007 -0.000008 0.000000 0.000000 0.000000 -0.000001
    83 0.000000 0.000002 -0.000002 -1.570796 0.000000 0.000000
  time 155
    0 -2.911503 -17.272239 -4.371474 -1.233072 -0.432842 -0.917075
    1 -1.185547 -1.036133 0.043213 0.000000 0.000004 0.000000
    2 -1.935547 -1.362305 0.225464 0.000000 0.000002 0.000000
    3 -4.549240 -1.689358 -0.012529 0.000000 0.000000 0.000000
    4 4.331499 0.360595 -0.709097 0.000015 0.000003 0.056022
    5 3.513922 0.962076 -0.004281 0.000004 -0.000001 1.176003
    6 2.855053 0.477292 0.679213 -0.000001 -0.000004 2.896619
    7 1.649902 5.878080 0.032496 -0.000003 0.000002 -1.570796
    8 6.587842 -0.691444 0.025964 -0.000001 -0.000001 1.570796
    9 0.000002 -0.241401 -0.052690 0.000001 0.000001 0.000000
    10 10.620066 1.884898 -0.004843 -1.570796 -0.000002 2.209239
    11 -9.087198 1.359573 -0.008167 -0.000003 0.000002 -1.570796
    12 5.355531 -21.731102 -4.895740 2.942252 -0.184797 -1.653845
    13 1.473659 0.639418 -1.295234 2.223905 0.863426 0.424683
    14 1.832607 0.000002 -0.000008 3.103838 -0.000843 -0.014160
    15 1.003335 0.000005 0.000001 -3.026758 -0.014421 0.115201
    16 3.823895 -0.419603 -1.411520 0.058081 0.282009 0.066719
    17 2.187956 0.000010 0.000000 -0.141708 0.136653 0.901128
    18 1.100960 0.000002 0.000000 0.342108 -0.118119 0.366393
    19 3.987863 -0.577452 -0.474712 0.077000 0.154288 0.481099
    20 1.890109 -0.000010 -0.000001 -0.308192 0.142051 0.488061
    21 1.310925 0.000000 0.000000 0.463626 0.001666 0.030472
    22 4.117986 -0.654534 0.453695 0.081556 0.136659 0.766448
    23 1.655294 0.000008 0.000000 -0.273544 0.134804 0.453979
    24 0.869582 0.000004 0.000000 0.074630 -0.001534 0.006325
    25 4.150630 -0.581594 1.354863 -0.310747 -0.002247 0.919829
    26 1.157247 -0.000010 -0.000002 0.129975 -0.096596 0.596734
    27 1.019835 -0.000006 0.000000 -1.429452 -0.004346 0.006223
    28 7.406140 -6.039003 -8.901889 -1.582703 0.607477 -1.474484
    29 12.695427 -0.000020 -0.000008 -0.274494 0.292032 -1.760055
    30 -2.734556 -16.033573 -9.048210 3.402517 -0.429631 -0.902725
    31 1.474215 -0.497926 -1.376118 0.979444 0.426216 -0.250736
    32 1.832179 -0.000010 -0.000002 -2.526123 -0.301549 0.609667
    33 1.042025 -0.000004 -0.000009 -2.896901 -0.278839 -0.192682
    34 3.823320 0.664865 -1.331676 0.219269 0.281532 -0.083272
    35 2.152367 -0.000001 0.000004 0.062019 -0.001524 0.005920
    36 1.056622 -0.000011 0.000000 0.241003 0.000705 -0.002190
    37 3.985134 0.881805 -0.368986 0.128322 -0.008132 -0.090211
    38 1.830183 0.000015 0.000000 0.063848 -0.073976 -1.510192
    39 1.561352 0.000008 -0.000004 0.027622 -0.015767 -1.357283
    40 4.116518 0.711272 0.551869 0.187923 0.006580 -0.361666
    41 1.752727 0.000006 0.000000 0.026521 0.029537 -1.405331
    42 0.869359 -0.000006 0.000000 0.015642 -0.073475 -0.926076
    43 4.118826 0.331223 1.419829 0.128888 -0.005990 -0.280207
    44 1.176321 0.000006 0.000000 -0.027338 0.139037 -0.923484
    45 0.970199 -0.000002 -0.000004 1.655618 0.044631 -1.487290
    46 -7.606037 1.001330 -4.120493 -2.734639 0.884215 -1.876069
    47 12.706336 -0.000035 -0.000009 -0.205906 0.297800 -1.531748
    48 0.000000 0.000000 -0.000003 0.000000 0.000000 0.000000
    49 1.200000 0.000000 0.000010 0.000000 0.000000 0.000000
    50 0.000010 -0.300000 0.000000 3.141593 0.000000 -0.174533
    51 0.000000 -0.000001 0.000000 0.000000 0.000000 0.000000
    52 -0.000003 0.000000 0.000001 3.141592 0.000000 0.000000
    53 0.000006 0.000000 0.000004 0.000000 0.000000 0.349065
    54 0.000000 0.000000 0.000000 3.141593 0.000000 0.000000
    55 -0.000008 -0.000006 0.000000 3.141593 0.000000 0.000000
    56 0.000002 -0.000002 0.000000 3.141593 0.000000 0.000000
    57 0.000014 -0.000004 0.000000 3.141593 0.000000 0.000000
    58 -0.000001 0.000000 0.000000 3.141593 0.000000 -0.000001
    59 0.000000 0.000000 0.000000 3.141593 0.000000 0.000000
    60 0.000010 0.000017 0.000000 3.141593 0.000000 -0.000001
    61 0.000000 0.000004 0.000000 3.141593 0.000000 -0.000001
    62 0.000000 0.000006 0.000000 3.141593 0.000000 -0.000001
    63 0.000001 0.000002 0.000000 3.141593 0.000000 0.000000
    64 0.000000 0.000000 0.000000 -3.141592 0.000000 0.000000
    65 0.000000 0.000000 0.000000 -1.570797 -0.000001 0.000000
    66 0.000000 0.000000 0.000000 0.000000 0.000000 0.000000
    67 1.200000 0.000000 0.000000 0.000000 0.000000 0.000000
    68 0.000009 0.299994 0.000000 0.000000 0.000000 0.174533
    69 -0.000001 -0.000001 -0.000004 0.000000 0.000000 0.000000
    70 -0.000010 0.000000 -0.000003 -3.141592 0.000001 0.000000
    71 0.000000 0.000000 0.000000 0.000001 -0.000001 0.349065
    72 0.000000 -0.000003 0.000000 0.000000 0.000000 0.000000
    73 0.000003 0.000000 0.000000 0.000000 0.000000 0.000000
    74 -0.000010 -0.000006 0.000000 -0.000001 0.000000 0.000000
    75 0.000019 0.000002 0.000000 0.000000 0.000000 0.000000
    76 0.000001 0.000004 0.000000 0.000000 0.000000 -0.000001
    77 0.000000 0.000000 0.000000 0.000000 0.000000 -0.000001
    78 0.000001 -0.000002 0.000000 0.000000 0.000000 -0.000001
    79 0.000000 0.000000 0.000000 0.000000 0.000000 -0.000001
    80 0.000001 0.000008 0.000000 0.000000 0.000000 0.000000
    81 -0.000003 0.000004 0.000000 0.000000 0.000000 0.000000
    82 -0.000007 -0.000008 0.000000 0.000000 0.000000 -0.000001
    83 0.000000 0.000002 -0.000002 -1.570796 0.000000 0.000000
  time 156
    0 -2.958380 -17.647250 -4.125372 -1.318512 -0.373689 -0.935743
    1 -1.185547 -1.036133 0.043213 0.000000 0.000004 0.000000
    2 -1.935547 -1.362305 0.225464 0.000000 0.000002 0.000000
    3 -4.549240 -1.689358 -0.012529 0.000000 0.000000 0.000000
    4 4.331499 0.360595 -0.709097 0.000015 0.000003 0.056022
    5 3.513922 0.962076 -0.004281 0.000004 -0.000001 1.176003
    6 2.855053 0.477292 0.679213 -0.000001 -0.000004 2.896619
    7 1.649902 5.878080 0.032496 -0.000003 0.000002 -1.570796
    8 6.587842 -0.691444 0.025964 -0.000001 -0.000001 1.570796
    9 0.000002 -0.241401 -0.052690 0.000001 0.000001 0.000000
    10 10.620066 1.884898 -0.004843 -1.570796 -0.000002 1.499943
    11 -9.087198 1.359573 -0.008167 -0.000003 0.000002 -1.570796
    12 6.320405 -22.000641 -4.489478 3.298019 -0.220855 -1.580325
    13 1.473659 0.639418 -1.295234 1.181558 0.952975 -0.036528
    14 1.832607 0.000002 -0.000008 3.105156 0.000464 0.009484
    15 1.003335 0.000005 0.000001 -3.032079 -0.037971 0.342442
    16 3.823895 -0.419603 -1.411520 0.048040 0.305042 0.080048
    17 2.187956 0.000010 0.000000 -0.216312 0.073483 0.343317
    18 1.100960 0.000002 0.000000 0.348867 -0.119749 0.339274
    19 3.987863 -0.577452 -0.474712 0.073245 0.163588 0.547460
    20 1.890109 -0.000010 -0.000001 -0.367620 -0.005024 -0.006721
    21 1.310925 0.000000 0.000000 0.465710 0.002625 0.009683
    22 4.117986 -0.654534 0.453695 0.081053 0.142153 0.801004
    23 1.655294 0.000008 0.000000 -0.309210 0.002327 -0.000414
    24 0.869582 0.000004 0.000000 0.077111 -0.000383 -0.000157
    25 4.150630 -0.581594 1.354863 -0.322552 -0.027515 0.940254
    26 1.157247 -0.000010 -0.000002 0.177434 -0.006862 0.009959
    27 1.019835 -0.000006 0.000000 -1.429596 0.000292 -0.004384
    28 7.406140 -6.039003 -8.901889 -1.639529 0.581305 -1.458361
    29 12.695427 -0.000020 -0.000008 -0.266151 0.293338 -1.731034
    30 -3.175976 -16.412491 -8.794296 3.318159 -0.369425 -0.922190
    31 1.474215 -0.497926 -1.376118 0.979456 0.426216 -0.250748
    32 1.832179 -0.000010 -0.000002 -2.526123 -0.301549 0.609667
    33 1.042025 -0.000004 -0.000009 -2.896901 -0.278839 -0.192682
    34 3.823320 0.664865 -1.331676 0.221989 0.246765 -0.062778
    35 2.152367 -0.000001 0.000004 0.062031 -0.001524 0.005920
    36 1.056622 -0.000011 0.000000 0.241003 0.000705 -0.002190
    37 3.985134 0.881805 -0.368986 0.128322 -0.008132 -0.090211
    38 1.830183 0.000015 0.000000 0.063848 -0.073976 -1.510192
    39 1.561352 0.000008 -0.000004 0.027622 -0.015767 -1.357283
    40 4.116518 0.711272 0.551869 0.187923 0.006580 -0.361666
    41 1.752727 0.000006 0.000000 0.026521 0.029537 -1.405331
    42 0.869359 -0.000006 0.000000 0.015642 -0.073475 -0.926076
    43 4.118826 0.331223 1.419829 0.128888 -0.005990 -0.280207
    44 1.176321 0.000006 0.000000 -0.027338 0.139049 -0.923530
    45 0.970199 -0.000002 -0.000004 1.655618 0.044631 -1.487290
    46 -7.606037 1.001330 -4.120493 -2.685453 0.874104 -1.868134
    47 12.706336 -0.000035 -0.000009 -0.199774 0.297633 -1.510827
    48 0.000000 0.000000 -0.000003 0.000000 0.000000 0.000000
    49 1.200000 0.000000 0.000010 0.000000 0.000000 0.000000
    50 0.000010 -0.300000 0.000000 3.141593 0.000000 -0.174533
    51 0.000000 -0.000001 0.000000 0.000000 0.000000 0.000000
    52 -0.000003 0.000000 0.000001 3.141592 0.000000 0.000000
    53 0.000006 0.000000 0.000004 0.000000 0.000000 0.349065
    54 0.000000 0.000000 0.000000 3.141593 0.000000 0.000000
    55 -0.000008 -0.000006 0.000000 3.141593 0.000000 0.000000
    56 0.000002 -0.000002 0.000000 3.141593 0.000000 0.000000
    57 0.000014 -0.000004 0.000000 3.141593 0.000000 0.000000
    58 -0.000001 0.000000 0.000000 3.141593 0.000000 -0.000001
    59 0.000000 0.000000 0.000000 3.141593 0.000000 0.000000
    60 0.000010 0.000017 0.000000 3.141593 0.000000 -0.000001
    61 0.000000 0.000004 0.000000 3.141593 0.000000 -0.000001
    62 0.000000 0.000006 0.000000 3.141593 0.000000 -0.000001
    63 0.000001 0.000002 0.000000 3.141593 0.000000 0.000000
    64 0.000000 0.000000 0.000000 -3.141592 0.000000 0.000000
    65 0.000000 0.000000 0.000000 -1.570797 -0.000001 0.000000
    66 0.000000 0.000000 0.000000 0.000000 0.000000 0.000000
    67 1.200000 0.000000 0.000000 0.000000 0.000000 0.000000
    68 0.000009 0.299994 0.000000 0.000000 0.000000 0.174533
    69 -0.000001 -0.000001 -0.000004 0.000000 0.000000 0.000000
    70 -0.000010 0.000000 -0.000003 -3.141592 0.000001 0.000000
    71 0.000000 0.000000 0.000000 0.000001 -0.000001 0.349065
    72 0.000000 -0.000003 0.000000 0.000000 0.000000 0.000000
    73 0.000003 0.000000 0.000000 0.000000 0.000000 0.000000
    74 -0.000010 -0.000006 0.000000 -0.000001 0.000000 0.000000
    75 0.000019 0.000002 0.000000 0.000000 0.000000 0.000000
    76 0.000001 0.000004 0.000000 0.000000 0.000000 -0.000001
    77 0.000000 0.000000 0.000000 0.000000 0.000000 -0.000001
    78 0.000001 -0.000002 0.000000 0.000000 0.000000 -0.000001
    79 0.000000 0.000000 0.000000 0.000000 0.000000 -0.000001
    80 0.000001 0.000008 0.000000 0.000000 0.000000 0.000000
    81 -0.000003 0.000004 0.000000 0.000000 0.000000 0.000000
    82 -0.000007 -0.000008 0.000000 0.000000 0.000000 -0.000001
    83 0.000000 0.000002 -0.000002 -1.570796 0.000000 0.000000
  time 157
    0 -3.048226 -17.791786 -4.023807 -1.342270 -0.323446 -0.942486
    1 -1.185547 -1.036133 0.043213 0.000000 0.000004 0.000000
    2 -1.935547 -1.362305 0.225464 0.000000 0.000002 0.000000
    3 -4.549240 -1.689358 -0.012529 0.000000 0.000000 0.000000
    4 4.331499 0.360595 -0.709097 0.000015 0.000003 0.056022
    5 3.513922 0.962076 -0.004281 0.000004 -0.000001 1.176003
    6 2.855053 0.477292 0.679213 -0.000001 -0.000004 2.896619
    7 1.649902 5.878080 0.032496 -0.000003 0.000002 -1.570796
    8 6.587842 -0.691444 0.025964 -0.000001 -0.000001 1.570796
    9 0.000002 -0.241401 -0.052690 0.000001 0.000001 0.000000
    10 10.620066 1.884898 -0.004843 -1.570796 -0.000002 1.265477
    11 -9.087198 1.359573 -0.008167 -0.000003 0.000002 -1.570796
    12 6.757918 -22.895200 -5.243407 3.290081 -0.379899 -1.562144
    13 1.473659 0.639418 -1.295234 1.220853 0.942316 -0.024508
    14 1.832607 0.000002 -0.000008 3.105492 0.005066 0.055402
    15 1.003335 0.000005 0.000001 -3.029850 -0.034004 0.288252
    16 3.823895 -0.419603 -1.411520 0.044532 0.306784 0.068200
    17 2.187956 0.000010 0.000000 -0.226223 0.046589 0.152097
    18 1.100960 0.000002 0.000000 0.355902 -0.100969 0.272704
    19 3.987863 -0.577452 -0.474712 0.073245 0.163588 0.547460
    20 1.890109 -0.000010 -0.000001 -0.367620 -0.005024 -0.006682
    21 1.310925 0.000000 0.000000 0.465710 0.002625 0.009683
    22 4.117986 -0.654534 0.453695 0.081053 0.142153 0.801004
    23 1.655294 0.000008 0.000000 -0.309210 0.002327 -0.000414
    24 0.869582 0.000004 0.000000 0.077099 -0.000383 -0.000157
    25 4.150630 -0.581594 1.354863 -0.322552 -0.027515 0.940275
    26 1.157247 -0.000010 -0.000002 0.177446 -0.006862 0.009996
    27 1.019835 -0.000006 0.000000 -1.429596 0.000280 -0.004384
    28 7.406140 -6.039003 -8.901889 -1.668656 0.606106 -1.458913
    29 12.695427 -0.000020 -0.000008 -0.244697 0.295999 -1.657494
    30 -3.465047 -16.428116 -8.657573 3.295145 -0.318889 -0.929649
    31 1.474215 -0.497926 -1.376118 0.979456 0.426216 -0.250736
    32 1.832179 -0.000010 -0.000002 -2.526123 -0.301549 0.609667
    33 1.042025 -0.000004 -0.000009 -2.896901 -0.278839 -0.192682
    34 3.823320 0.664865 -1.331676 0.224913 0.213867 -0.040798
    35 2.152367 -0.000001 0.000004 0.062019 -0.001524 0.005920
    36 1.056622 -0.000011 0.000000 0.240991 0.000705 -0.002214
    37 3.985134 0.881805 -0.368986 0.128322 -0.008132 -0.090211
    38 1.830183 0.000015 0.000000 0.063848 -0.073976 -1.510192
    39 1.561352 0.000008 -0.000004 0.027622 -0.015767 -1.357283
    40 4.116518 0.711272 0.551869 0.187923 0.006580 -0.361666
    41 1.752727 0.000006 0.000000 0.026509 0.029537 -1.405331
    42 0.869359 -0.000006 0.000000 0.015630 -0.073475 -0.926076
    43 4.118826 0.331223 1.419829 0.128888 -0.005990 -0.280207
    44 1.176321 0.000006 0.000000 -0.027338 0.139049 -0.923507
    45 0.970199 -0.000002 -0.000004 1.655618 0.044631 -1.487290
    46 -7.606037 1.001330 -4.120493 -2.671440 0.877107 -1.878193
    47 12.706336 -0.000035 -0.000009 -0.203068 0.297717 -1.521656
    48 0.000000 0.000000 -0.000003 0.000000 0.000000 0.000000
    49 1.200000 0.000000 0.000010 0.000000 0.000000 0.000000
    50 0.000010 -0.300000 0.000000 3.141593 0.000000 -0.174533
    51 0.000000 -0.000001 0.000000 0.000000 0.000000 0.000000
    52 -0.000003 0.000000 0.000001 3.141592 0.000000 0.000000
    53 0.000006 0.000000 0.000004 0.000000 0.000000 0.349065
    54 0.000000 0.000000 0.000000 3.141593 0.000000 0.000000
    55 -0.000008 -0.000006 0.000000 3.141593 0.000000 0.000000
    56 0.000002 -0.000002 0.000000 3.141593 0.000000 0.000000
    57 0.000014 -0.000004 0.000000 3.141593 0.000000 0.000000
    58 -0.000001 0.000000 0.000000 3.141593 0.000000 -0.000001
    59 0.000000 0.000000 0.000000 3.141593 0.000000 0.000000
    60 0.000010 0.000017 0.000000 3.141593 0.000000 -0.000001
    61 0.000000 0.000004 0.000000 3.141593 0.000000 -0.000001
    62 0.000000 0.000006 0.000000 3.141593 0.000000 -0.000001
    63 0.000001 0.000002 0.000000 3.141593 0.000000 0.000000
    64 0.000000 0.000000 0.000000 -3.141592 0.000000 0.000000
    65 0.000000 0.000000 0.000000 -1.570797 -0.000001 0.000000
    66 0.000000 0.000000 0.000000 0.000000 0.000000 0.000000
    67 1.200000 0.000000 0.000000 0.000000 0.000000 0.000000
    68 0.000009 0.299994 0.000000 0.000000 0.000000 0.174533
    69 -0.000001 -0.000001 -0.000004 0.000000 0.000000 0.000000
    70 -0.000010 0.000000 -0.000003 -3.141592 0.000001 0.000000
    71 0.000000 0.000000 0.000000 0.000001 -0.000001 0.349065
    72 0.000000 -0.000003 0.000000 0.000000 0.000000 0.000000
    73 0.000003 0.000000 0.000000 0.000000 0.000000 0.000000
    74 -0.000010 -0.000006 0.000000 -0.000001 0.000000 0.000000
    75 0.000019 0.000002 0.000000 0.000000 0.000000 0.000000
    76 0.000001 0.000004 0.000000 0.000000 0.000000 -0.000001
    77 0.000000 0.000000 0.000000 0.000000 0.000000 -0.000001
    78 0.000001 -0.000002 0.000000 0.000000 0.000000 -0.000001
    79 0.000000 0.000000 0.000000 0.000000 0.000000 -0.000001
    80 0.000001 0.000008 0.000000 0.000000 0.000000 0.000000
    81 -0.000003 0.000004 0.000000 0.000000 0.000000 0.000000
    82 -0.000007 -0.000008 0.000000 0.000000 0.000000 -0.000001
    83 0.000000 0.000002 -0.000002 -1.570796 0.000000 0.000000
  time 158
    0 -3.212294 -17.694127 -4.082402 -1.251406 -0.284514 -0.932052
    1 -1.185547 -1.036133 0.043213 0.000000 0.000004 0.000000
    2 -1.935547 -1.362305 0.225464 0.000000 0.000002 0.000000
    3 -4.549240 -1.689358 -0.012529 0.000000 0.000000 0.000000
    4 4.331499 0.360595 -0.709097 0.000015 0.000003 0.056022
    5 3.513922 0.962076 -0.004281 0.000004 -0.000001 1.176003
    6 2.855053 0.477292 0.679213 -0.000001 -0.000004 2.896619
    7 1.649902 5.878080 0.032496 -0.000003 0.000002 -1.570796
    8 6.587842 -0.691444 0.025964 -0.000001 -0.000001 1.570796
    9 0.000002 -0.241401 -0.052690 0.000001 0.000001 0.000000
    10 10.620066 1.884898 -0.004843 -1.570796 -0.000002 1.418832
    11 -9.087198 1.359573 -0.008167 -0.000003 0.000002 -1.570796
    12 6.550880 -21.977203 -5.352785 3.058590 -0.213008 -1.418219
    13 1.473659 0.639418 -1.295234 1.345293 0.909418 0.031426
    14 1.832607 0.000002 -0.000008 3.105156 0.015001 0.133150
    15 1.003335 0.000005 0.000001 -3.025572 -0.022726 0.144087
    16 3.823895 -0.419603 -1.411520 0.034881 0.310268 0.037420
    17 2.187956 0.000010 0.000000 -0.228836 0.024094 0.041195
    18 1.100960 0.000002 0.000000 0.365214 -0.060173 0.152820
    19 3.987863 -0.577452 -0.474712 0.073245 0.163588 0.547460
    20 1.890109 -0.000010 -0.000001 -0.367620 -0.005024 -0.006721
    21 1.310925 0.000000 0.000000 0.465696 0.002625 0.009683
    22 4.117986 -0.654534 0.453695 0.081053 0.142153 0.801004
    23 1.655294 0.000008 0.000000 -0.309210 0.002327 -0.000414
    24 0.869582 0.000004 0.000000 0.077111 -0.000383 -0.000130
    25 4.150630 -0.581594 1.354863 -0.322552 -0.027515 0.940254
    26 1.157247 -0.000010 -0.000002 0.177458 -0.006862 0.009959
    27 1.019835 -0.000006 0.000000 -1.429596 0.000292 -0.004384
    28 7.406140 -6.039003 -8.901889 -1.672178 0.649643 -1.469877
    29 12.695427 -0.000020 -0.000008 -0.273638 0.292188 -1.757050
    30 -3.480673 -15.943727 -8.606790 3.386487 -0.281140 -0.918567
    31 1.474215 -0.497926 -1.376118 0.979456 0.426216 -0.250748
    32 1.832179 -0.000010 -0.000002 -2.526123 -0.301549 0.609667
    33 1.042025 -0.000004 -0.000009 -2.896937 -0.278839 -0.192682
    34 3.823320 0.664865 -1.331676 0.228005 0.186734 -0.018963
    35 2.152367 -0.000001 0.000004 0.062019 -0.001524 0.005920
    36 1.056622 -0.000011 0.000000 0.241003 0.000705 -0.002202
    37 3.985134 0.881805 -0.368986 0.128322 -0.008132 -0.090211
    38 1.830183 0.000015 0.000000 0.063848 -0.073976 -1.510192
    39 1.561352 0.000008 -0.000004 0.027622 -0.015767 -1.357283
    40 4.116518 0.711272 0.551869 0.187923 0.006580 -0.361666
    41 1.752727 0.000006 0.000000 0.026509 0.029537 -1.405331
    42 0.869359 -0.000006 0.000000 0.015582 -0.073475 -0.926076
    43 4.118826 0.331223 1.419829 0.128888 -0.005990 -0.280207
    44 1.176321 0.000006 0.000000 -0.027338 0.139049 -0.923507
    45 0.970199 -0.000002 -0.000004 1.655618 0.044631 -1.487290
    46 -7.606037 1.001330 -4.120493 -2.703213 0.895427 -1.907870
    47 12.706336 -0.000035 -0.000009 -0.218704 0.298052 -1.574820
    48 0.000000 0.000000 -0.000003 0.000000 0.000000 0.000000
    49 1.200000 0.000000 0.000010 0.000000 0.000000 0.000000
    50 0.000010 -0.300000 0.000000 3.141593 0.000000 -0.174533
    51 0.000000 -0.000001 0.000000 0.000000 0.000000 0.000000
    52 -0.000003 0.000000 0.000001 3.141592 0.000000 0.000000
    53 0.000006 0.000000 0.000004 0.000000 0.000000 0.349065
    54 0.000000 0.000000 0.000000 3.141593 0.000000 0.000000
    55 -0.000008 -0.000006 0.000000 3.141593 0.000000 0.000000
    56 0.000002 -0.000002 0.000000 3.141593 0.000000 0.000000
    57 0.000014 -0.000004 0.000000 3.141593 0.000000 0.000000
    58 -0.000001 0.000000 0.000000 3.141593 0.000000 -0.000001
    59 0.000000 0.000000 0.000000 3.141593 0.000000 0.000000
    60 0.000010 0.000017 0.000000 3.141593 0.000000 -0.000001
    61 0.000000 0.000004 0.000000 3.141593 0.000000 -0.000001
    62 0.000000 0.000006 0.000000 3.141593 0.000000 -0.000001
    63 0.000001 0.000002 0.000000 3.141593 0.000000 0.000000
    64 0.000000 0.000000 0.000000 -3.141592 0.000000 0.000000
    65 0.000000 0.000000 0.000000 -1.570797 -0.000001 0.000000
    66 0.000000 0.000000 0.000000 0.000000 0.000000 0.000000
    67 1.200000 0.000000 0.000000 0.000000 0.000000 0.000000
    68 0.000009 0.299994 0.000000 0.000000 0.000000 0.174533
    69 -0.000001 -0.000001 -0.000004 0.000000 0.000000 0.000000
    70 -0.000010 0.000000 -0.000003 -3.141592 0.000001 0.000000
    71 0.000000 0.000000 0.000000 0.000001 -0.000001 0.349065
    72 0.000000 -0.000003 0.000000 0.000000 0.000000 0.000000
    73 0.000003 0.000000 0.000000 0.000000 0.000000 0.000000
    74 -0.000010 -0.000006 0.000000 -0.000001 0.000000 0.000000
    75 0.000019 0.000002 0.000000 0.000000 0.000000 0.000000
    76 0.000001 0.000004 0.000000 0.000000 0.000000 -0.000001
    77 0.000000 0.000000 0.000000 0.000000 0.000000 -0.000001
    78 0.000001 -0.000002 0.000000 0.000000 0.000000 -0.000001
    79 0.000000 0.000000 0.000000 0.000000 0.000000 -0.000001
    80 0.000001 0.000008 0.000000 0.000000 0.000000 0.000000
    81 -0.000003 0.000004 0.000000 0.000000 0.000000 0.000000
    82 -0.000007 -0.000008 0.000000 0.000000 0.000000 -0.000001
    83 0.000000 0.000002 -0.000002 -1.570796 0.000000 0.000000
  time 159
    0 -3.446676 -17.490996 -4.195687 -1.159466 -0.240886 -0.917075
    1 -1.185547 -1.036133 0.043213 0.000000 0.000004 0.000000
    2 -1.935547 -1.362305 0.225464 0.000000 0.000002 0.000000
    3 -4.549240 -1.689358 -0.012529 0.000000 0.000000 0.000000
    4 4.331499 0.360595 -0.709097 0.000015 0.000003 0.056022
    5 3.513922 0.962076 -0.004281 0.000004 -0.000001 1.176003
    6 2.855053 0.477292 0.679213 -0.000001 -0.000004 2.896619
    7 1.649902 5.878080 0.032496 -0.000003 0.000002 -1.570796
    8 6.587842 -0.691444 0.025964 -0.000001 -0.000001 1.570796
    9 0.000002 -0.241401 -0.052690 0.000001 0.000001 0.000000
    10 10.620066 1.884898 -0.004843 -1.570796 -0.000002 1.570796
    11 -9.087198 1.359573 -0.008167 -0.000003 0.000002 -1.570796
    12 6.203214 -20.930296 -5.489508 2.874456 -0.043702 -1.313190
    13 1.473659 0.639418 -1.295234 1.524350 0.856353 0.148953
    14 1.832607 0.000002 -0.000008 3.104665 0.025715 0.203299
    15 1.003335 0.000005 0.000001 -3.024074 -0.010897 -0.002445
    16 3.823895 -0.419603 -1.411520 0.025249 0.311447 0.006270
    17 2.187956 0.000010 0.000000 -0.228620 0.007471 0.002570
    18 1.100960 0.000002 0.000000 0.368942 -0.017220 0.044452
    19 3.987863 -0.577452 -0.474712 0.073245 0.163588 0.547460
    20 1.890109 -0.000010 -0.000001 -0.367620 -0.005024 -0.006721
    21 1.310925 0.000000 0.000000 0.465710 0.002625 0.009683
    22 4.117986 -0.654534 0.453695 0.081041 0.142153 0.801030
    23 1.655294 0.000008 0.000000 -0.309210 0.002327 -0.000414
    24 0.869582 0.000004 0.000000 0.077123 -0.000383 -0.000157
    25 4.150630 -0.581594 1.354863 -0.322552 -0.027515 0.940275
    26 1.157247 -0.000010 -0.000002 0.177446 -0.006862 0.009959
    27 1.019835 -0.000006 0.000000 -1.429608 0.000280 -0.004384
    28 7.406140 -6.039003 -8.901889 -1.667228 0.694966 -1.486092
    29 12.695427 -0.000020 -0.000008 -0.304090 0.285045 -1.863723
    30 -3.590051 -15.377303 -8.544288 3.479083 -0.238670 -0.903649
    31 1.474215 -0.497926 -1.376118 0.979456 0.426216 -0.250736
    32 1.832179 -0.000010 -0.000002 -2.526123 -0.301549 0.609667
    33 1.042025 -0.000004 -0.000009 -2.896937 -0.278827 -0.192682
    34 3.823320 0.664865 -1.331676 0.231601 0.168182 0.001579
    35 2.152367 -0.000001 0.000004 0.062019 -0.001524 0.005920
    36 1.056622 -0.000011 0.000000 0.240991 0.000705 -0.002202
    37 3.985134 0.881805 -0.368986 0.128322 -0.008132 -0.090211
    38 1.830183 0.000015 0.000000 0.063848 -0.073976 -1.510192
    39 1.561352 0.000008 -0.000004 0.027622 -0.015767 -1.357316
    40 4.116518 0.711272 0.551869 0.187923 0.006580 -0.361666
    41 1.752727 0.000006 0.000000 0.026521 0.029537 -1.405331
    42 0.869359 -0.000006 0.000000 0.015606 -0.073475 -0.926076
    43 4.118826 0.331223 1.419829 0.128888 -0.005990 -0.280207
    44 1.176321 0.000006 0.000000 -0.027338 0.139049 -0.923484
    45 0.970199 -0.000002 -0.000004 1.655618 0.044631 -1.487290
    46 -7.606037 1.001330 -4.120493 -2.744698 0.918752 -1.952667
    47 12.706336 -0.000035 -0.000009 -0.238389 0.297429 -1.641889
    48 0.000000 0.000000 -0.000003 0.000000 0.000000 0.000000
    49 1.200000 0.000000 0.000010 0.000000 0.000000 0.000000
    50 0.000010 -0.300000 0.000000 3.141593 0.000000 -0.174533
    51 0.000000 -0.000001 0.000000 0.000000 0.000000 0.000000
    52 -0.000003 0.000000 0.000001 3.141592 0.000000 0.000000
    53 0.000006 0.000000 0.000004 0.000000 0.000000 0.349065
    54 0.000000 0.000000 0.000000 3.141593 0.000000 0.000000
    55 -0.000008 -0.000006 0.000000 3.141593 0.000000 0.000000
    56 0.000002 -0.000002 0.000000 3.141593 0.000000 0.000000
    57 0.000014 -0.000004 0.000000 3.141593 0.000000 0.000000
    58 -0.000001 0.000000 0.000000 3.141593 0.000000 -0.000001
    59 0.000000 0.000000 0.000000 3.141593 0.000000 0.000000
    60 0.000010 0.000017 0.000000 3.141593 0.000000 -0.000001
    61 0.000000 0.000004 0.000000 3.141593 0.000000 -0.000001
    62 0.000000 0.000006 0.000000 3.141593 0.000000 -0.000001
    63 0.000001 0.000002 0.000000 3.141593 0.000000 0.000000
    64 0.000000 0.000000 0.000000 -3.141592 0.000000 0.000000
    65 0.000000 0.000000 0.000000 -1.570797 -0.000001 0.000000
    66 0.000000 0.000000 0.000000 0.000000 0.000000 0.000000
    67 1.200000 0.000000 0.000000 0.000000 0.000000 0.000000
    68 0.000009 0.299994 0.000000 0.000000 0.000000 0.174533
    69 -0.000001 -0.000001 -0.000004 0.000000 0.000000 0.000000
    70 -0.000010 0.000000 -0.000003 -3.141592 0.000001 0.000000
    71 0.000000 0.000000 0.000000 0.000001 -0.000001 0.349065
    72 0.000000 -0.000003 0.000000 0.000000 0.000000 0.000000
    73 0.000003 0.000000 0.000000 0.000000 0.000000 0.000000
    74 -0.000010 -0.000006 0.000000 -0.000001 0.000000 0.000000
    75 0.000019 0.000002 0.000000 0.000000 0.000000 0.000000
    76 0.000001 0.000004 0.000000 0.000000 0.000000 -0.000001
    77 0.000000 0.000000 0.000000 0.000000 0.000000 -0.000001
    78 0.000001 -0.000002 0.000000 0.000000 0.000000 -0.000001
    79 0.000000 0.000000 0.000000 0.000000 0.000000 -0.000001
    80 0.000001 0.000008 0.000000 0.000000 0.000000 0.000000
    81 -0.000003 0.000004 0.000000 0.000000 0.000000 0.000000
    82 -0.000007 -0.000008 0.000000 0.000000 0.000000 -0.000001
    83 0.000000 0.000002 -0.000002 -1.570796 0.000000 0.000000
  time 160
    0 -3.692777 -17.276145 -4.254282 -1.146780 -0.183273 -0.916792
    1 -1.185547 -1.036133 0.043213 0.000000 0.000004 0.000000
    2 -1.935547 -1.362305 0.225464 0.000000 0.000002 0.000000
    3 -4.549240 -1.689358 -0.012529 0.000000 0.000000 0.000000
    4 4.331499 0.360595 -0.709097 0.000015 0.000003 0.056022
    5 3.513922 0.962076 -0.004281 0.000004 -0.000001 1.176003
    6 2.855053 0.477292 0.679213 -0.000001 -0.000004 2.896619
    7 1.649902 5.878080 0.032496 -0.000003 0.000002 -1.570796
    8 6.587842 -0.691444 0.025964 -0.000001 -0.000001 1.570796
    9 0.000002 -0.241401 -0.052690 0.000001 0.000001 0.000000
    10 10.620066 1.884898 -0.004843 -1.570796 -0.000002 1.570796
    11 -9.087198 1.359573 -0.008167 -0.000003 0.000002 -1.570796
    12 5.980551 -20.613880 -6.223906 2.800912 0.001532 -1.309858
    13 1.473659 0.639418 -1.295234 1.698865 0.787004 0.315151
    14 1.832607 0.000002 -0.000008 3.103922 0.032366 0.228867
    15 1.003335 0.000005 0.000001 -3.026458 -0.006187 -0.059002
    16 3.823895 -0.419603 -1.411520 0.021982 0.307875 -0.006294
    17 2.187956 0.000010 0.000000 -0.228093 -0.005712 -0.003612
    18 1.100960 0.000002 0.000000 0.368103 0.006114 0.006280
    19 3.987863 -0.577452 -0.474712 0.073245 0.163588 0.547460
    20 1.890109 -0.000010 -0.000001 -0.367620 -0.005024 -0.006721
    21 1.310925 0.000000 0.000000 0.465696 0.002625 0.009683
    22 4.117986 -0.654534 0.453695 0.081053 0.142153 0.801004
    23 1.655294 0.000008 0.000000 -0.309210 0.002327 -0.000414
    24 0.869582 0.000004 0.000000 0.077135 -0.000383 -0.000157
    25 4.150630 -0.581594 1.354863 -0.322552 -0.027515 0.940296
    26 1.157247 -0.000010 -0.000002 0.177458 -0.006862 0.009959
    27 1.019835 -0.000006 0.000000 -1.429608 0.000292 -0.004384
    28 7.406140 -6.039003 -8.901889 -1.664563 0.760936 -1.499819
    29 12.695427 -0.000020 -0.000008 -0.316563 0.281138 -1.908559
    30 -3.953344 -14.931977 -8.481786 3.492516 -0.181275 -0.902583
    31 1.474215 -0.497926 -1.376118 0.979456 0.426216 -0.250748
    32 1.832179 -0.000010 -0.000002 -2.526123 -0.301549 0.609667
    33 1.042025 -0.000004 -0.000009 -2.896901 -0.278839 -0.192682
    34 3.823320 0.664865 -1.331676 0.235712 0.159266 0.020023
    35 2.152367 -0.000001 0.000004 0.062019 -0.001524 0.005920
    36 1.056622 -0.000011 0.000000 0.240979 0.000705 -0.002226
    37 3.985134 0.881805 -0.368986 0.128322 -0.008132 -0.090211
    38 1.830183 0.000015 0.000000 0.063848 -0.073976 -1.510192
    39 1.561352 0.000008 -0.000004 0.027622 -0.015767 -1.357316
    40 4.116518 0.711272 0.551869 0.187923 0.006580 -0.361666
    41 1.752727 0.000006 0.000000 0.026521 0.029561 -1.405331
    42 0.869359 -0.000006 0.000000 0.015630 -0.073487 -0.926076
    43 4.118826 0.331223 1.419829 0.128888 -0.005990 -0.280207
    44 1.176321 0.000006 0.000000 -0.027338 0.139049 -0.923484
    45 0.970199 -0.000002 -0.000004 1.655618 0.044643 -1.487290
    46 -7.606037 1.001330 -4.120493 -2.773488 0.940976 -2.004586
    47 12.706336 -0.000035 -0.000009 -0.255014 0.295835 -1.698929
    48 0.000000 0.000000 -0.000003 0.000000 0.000000 0.000000
    49 1.200000 0.000000 0.000010 0.000000 0.000000 0.000000
    50 0.000010 -0.300000 0.000000 3.141593 0.000000 -0.174533
    51 0.000000 -0.000001 0.000000 0.000000 0.000000 0.000000
    52 -0.000003 0.000000 0.000001 3.141592 0.000000 0.000000
    53 0.000006 0.000000 0.000004 0.000000 0.000000 0.349065
    54 0.000000 0.000000 0.000000 3.141593 0.000000 0.000000
    55 -0.000008 -0.000006 0.000000 3.141593 0.000000 0.000000
    56 0.000002 -0.000002 0.000000 3.141593 0.000000 0.000000
    57 0.000014 -0.000004 0.000000 3.141593 0.000000 0.000000
    58 -0.000001 0.000000 0.000000 3.141593 0.000000 -0.000001
    59 0.000000 0.000000 0.000000 3.141593 0.000000 0.000000
    60 0.000010 0.000017 0.000000 3.141593 0.000000 -0.000001
    61 0.000000 0.000004 0.000000 3.141593 0.000000 -0.000001
    62 0.000000 0.000006 0.000000 3.141593 0.000000 -0.000001
    63 0.000001 0.000002 0.000000 3.141593 0.000000 0.000000
    64 0.000000 0.000000 0.000000 -3.141592 0.000000 0.000000
    65 0.000000 0.000000 0.000000 -1.570797 -0.000001 0.000000
    66 0.000000 0.000000 0.000000 0.000000 0.000000 0.000000
    67 1.200000 0.000000 0.000000 0.000000 0.000000 0.000000
    68 0.000009 0.299994 0.000000 0.000000 0.000000 0.174533
    69 -0.000001 -0.000001 -0.000004 0.000000 0.000000 0.000000
    70 -0.000010 0.000000 -0.000003 -3.141592 0.000001 0.000000
    71 0.000000 0.000000 0.000000 0.000001 -0.000001 0.349065
    72 0.000000 -0.000003 0.000000 0.000000 0.000000 0.000000
    73 0.000003 0.000000 0.000000 0.000000 0.000000 0.000000
    74 -0.000010 -0.000006 0.000000 -0.000001 0.000000 0.000000
    75 0.000019 0.000002 0.000000 0.000000 0.000000 0.000000
    76 0.000001 0.000004 0.000000 0.000000 0.000000 -0.000001
    77 0.000000 0.000000 0.000000 0.000000 0.000000 -0.000001
    78 0.000001 -0.000002 0.000000 0.000000 0.000000 -0.000001
    79 0.000000 0.000000 0.000000 0.000000 0.000000 -0.000001
    80 0.000001 0.000008 0.000000 0.000000 0.000000 0.000000
    81 -0.000003 0.000004 0.000000 0.000000 0.000000 0.000000
    82 -0.000007 -0.000008 0.000000 0.000000 0.000000 -0.000001
    83 0.000000 0.000002 -0.000002 -1.570796 0.000000 0.000000
  time 161
    0 -3.974036 -17.006606 -4.297253 -1.152787 -0.117838 -0.933188
    1 -1.185547 -1.036133 0.043213 0.000000 0.000004 0.000000
    2 -1.935547 -1.362305 0.225464 0.000000 0.000002 0.000000
    3 -4.549240 -1.689358 -0.012529 0.000000 0.000000 0.000000
    4 4.331499 0.360595 -0.709097 0.000015 0.000003 0.056022
    5 3.513922 0.962076 -0.004281 0.000004 -0.000001 1.176003
    6 2.855053 0.477292 0.679213 -0.000001 -0.000004 2.896619
    7 1.649902 5.878080 0.032496 -0.000003 0.000002 -1.570796
    8 6.587842 -0.691444 0.025964 -0.000001 -0.000001 1.570796
    9 0.000002 -0.241401 -0.052690 0.000001 0.000001 0.000000
    10 10.620066 1.884898 -0.004843 -1.570796 -0.000002 1.570796
    11 -9.087198 1.359573 -0.008167 -0.000003 0.000002 -1.570796
    12 5.425846 -20.438093 -7.130183 2.804288 0.051837 -1.367008
    13 1.473659 0.639418 -1.295234 1.924432 0.650772 0.620692
    14 1.832607 0.000002 -0.000008 3.086520 0.029107 0.175579
    15 1.003335 0.000005 0.000001 -3.032726 -0.003802 -0.042045
    16 3.823895 -0.419603 -1.411520 0.044755 0.282748 0.043566
    17 2.187956 0.000010 0.000000 -0.219619 -0.004945 0.097808
    18 1.100960 0.000002 0.000000 0.368318 0.012861 0.032048
    19 3.987863 -0.577452 -0.474712 0.076870 0.147528 0.560074
    20 1.890109 -0.000010 -0.000001 -0.349059 0.006900 0.088101
    21 1.310925 0.000000 0.000000 0.466887 0.003752 0.035568
    22 4.117986 -0.654534 0.453695 0.081592 0.126388 0.804995
    23 1.655294 0.000008 0.000000 -0.297142 0.014012 0.079032
    24 0.869582 0.000004 0.000000 0.077603 -0.003451 0.034551
    25 4.150630 -0.581594 1.354863 -0.323882 -0.030471 0.926798
    26 1.157247 -0.000010 -0.000002 0.170291 -0.037477 0.087487
    27 1.019835 -0.000006 0.000000 -1.429824 -0.009367 0.022020
    28 7.406140 -6.039003 -8.901889 -1.644479 0.830562 -1.522391
    29 12.695427 -0.000020 -0.000008 -0.323194 0.278813 -1.932598
    30 -4.371325 -14.455400 -8.391940 3.487322 -0.115737 -0.920201
    31 1.474215 -0.497926 -1.376118 0.979456 0.426216 -0.250736
    32 1.832179 -0.000010 -0.000002 -2.526135 -0.301549 0.609667
    33 1.042025 -0.000004 -0.000009 -2.896937 -0.278851 -0.192682
    34 3.823320 0.664865 -1.331676 0.244952 0.173527 0.045131
    35 2.152367 -0.000001 0.000004 0.062331 -0.005754 -0.001860
    36 1.056622 -0.000011 0.000000 0.240907 -0.001476 -0.008818
    37 3.985134 0.881805 -0.368986 0.128322 -0.008132 -0.090211
    38 1.830183 0.000015 0.000000 0.063848 -0.073976 -1.510192
    39 1.561352 0.000008 -0.000004 0.027622 -0.015767 -1.357349
    40 4.116518 0.711272 0.551869 0.187923 0.006580 -0.361666
    41 1.752727 0.000006 0.000000 0.026521 0.029537 -1.405331
    42 0.869359 -0.000006 0.000000 0.015618 -0.073475 -0.926076
    43 4.118826 0.331223 1.419829 0.128888 -0.005990 -0.280207
    44 1.176321 0.000006 0.000000 -0.027338 0.139049 -0.923507
    45 0.970199 -0.000002 -0.000004 1.655618 0.044631 -1.487290
    46 -7.606037 1.001330 -4.120493 -2.803249 0.964501 -2.062878
    47 12.706336 -0.000035 -0.000009 -0.272551 0.293055 -1.759107
    48 0.000000 0.000000 -0.000003 0.000000 0.000000 0.000000
    49 1.200000 0.000000 0.000010 0.000000 0.000000 0.000000
    50 0.000010 -0.300000 0.000000 3.141593 0.000000 -0.174533
    51 0.000000 -0.000001 0.000000 0.000000 0.000000 0.000000
    52 -0.000003 0.000000 0.000001 3.141592 0.000000 0.000000
    53 0.000006 0.000000 0.000004 0.000000 0.000000 0.349065
    54 0.000000 0.000000 0.000000 3.141593 0.000000 0.000000
    55 -0.000008 -0.000006 0.000000 3.141593 0.000000 0.000000
    56 0.000002 -0.000002 0.000000 3.141593 0.000000 0.000000
    57 0.000014 -0.000004 0.000000 3.141593 0.000000 0.000000
    58 -0.000001 0.000000 0.000000 3.141593 0.000000 -0.000001
    59 0.000000 0.000000 0.000000 3.141593 0.000000 0.000000
    60 0.000010 0.000017 0.000000 3.141593 0.000000 -0.000001
    61 0.000000 0.000004 0.000000 3.141593 0.000000 -0.000001
    62 0.000000 0.000006 0.000000 3.141593 0.000000 -0.000001
    63 0.000001 0.000002 0.000000 3.141593 0.000000 0.000000
    64 0.000000 0.000000 0.000000 -3.141592 0.000000 0.000000
    65 0.000000 0.000000 0.000000 -1.570797 -0.000001 0.000000
    66 0.000000 0.000000 0.000000 0.000000 0.000000 0.000000
    67 1.200000 0.000000 0.000000 0.000000 0.000000 0.000000
    68 0.000009 0.299994 0.000000 0.000000 0.000000 0.174533
    69 -0.000001 -0.000001 -0.000004 0.000000 0.000000 0.000000
    70 -0.000010 0.000000 -0.000003 -3.141592 0.000001 0.000000
    71 0.000000 0.000000 0.000000 0.000001 -0.000001 0.349065
    72 0.000000 -0.000003 0.000000 0.000000 0.000000 0.000000
    73 0.000003 0.000000 0.000000 0.000000 0.000000 0.000000
    74 -0.000010 -0.000006 0.000000 -0.000001 0.000000 0.000000
    75 0.000019 0.000002 0.000000 0.000000 0.000000 0.000000
    76 0.000001 0.000004 0.000000 0.000000 0.000000 -0.000001
    77 0.000000 0.000000 0.000000 0.000000 0.000000 -0.000001
    78 0.000001 -0.000002 0.000000 0.000000 0.000000 -0.000001
    79 0.000000 0.000000 0.000000 0.000000 0.000000 -0.000001
    80 0.000001 0.000008 0.000000 0.000000 0.000000 0.000000
    81 -0.000003 0.000004 0.000000 0.000000 0.000000 0.000000
    82 -0.000007 -0.000008 0.000000 0.000000 0.000000 -0.000001
    83 0.000000 0.000002 -0.000002 -1.570796 0.000000 0.000000
  time 162
    0 -4.239669 -16.791755 -4.332410 -1.192683 -0.058247 -0.966690
    1 -1.185547 -1.036133 0.043213 0.000000 0.000004 0.000000
    2 -1.935547 -1.362305 0.225464 0.000000 0.000002 0.000000
    3 -4.549240 -1.689358 -0.012529 0.000000 0.000000 0.000000
    4 4.331499 0.360595 -0.709097 0.000015 0.000003 0.056022
    5 3.513922 0.962076 -0.004281 0.000004 -0.000001 1.176003
    6 2.855053 0.477292 0.679213 -0.000001 -0.000004 2.896619
    7 1.649902 5.878080 0.032496 -0.000003 0.000002 -1.570796
    8 6.587842 -0.691444 0.025964 -0.000001 -0.000001 1.570796
    9 0.000002 -0.241401 -0.052690 0.000001 0.000001 0.000000
    10 10.620066 1.884898 -0.004843 -1.570796 -0.000002 1.570796
    11 -9.087198 1.359573 -0.008167 -0.000003 0.000002 -1.570796
    12 4.570351 -20.508408 -8.161465 2.839053 0.071919 -1.507457
    13 1.473659 0.639418 -1.295234 2.110790 0.419975 0.948444
    14 1.832607 0.000002 -0.000008 3.051920 0.013706 0.062740
    15 1.003335 0.000005 0.000001 -3.040684 0.001363 -0.005419
    16 3.823895 -0.419603 -1.411520 0.103367 0.213860 0.188358
    17 2.187956 0.000010 0.000000 -0.187429 0.017670 0.427726
    18 1.100960 0.000002 0.000000 0.372165 0.011027 0.102670
    19 3.987863 -0.577452 -0.474712 0.086249 0.100788 0.596491
    20 1.890109 -0.000010 -0.000001 -0.284692 0.032451 0.387366
    21 1.310925 0.000000 0.000000 0.470417 0.006364 0.111239
    22 4.117986 -0.654534 0.453695 0.083138 0.080303 0.816575
    23 1.655294 0.000008 0.000000 -0.254620 0.043542 0.321545
    24 0.869582 0.000004 0.000000 0.078537 -0.012619 0.136078
    25 4.150630 -0.581594 1.354863 -0.327417 -0.039135 0.887606
    26 1.157247 -0.000010 -0.000002 0.133954 -0.126280 0.326738
    27 1.019835 -0.000006 0.000000 -1.431622 -0.037423 0.099273
    28 7.406140 -6.039003 -8.901889 -1.607071 0.891879 -1.550676
    29 12.695427 -0.000020 -0.000008 -0.319769 0.279915 -1.920104
    30 -4.808838 -14.119452 -8.341157 3.448188 -0.055607 -0.953304
    31 1.474215 -0.497926 -1.376118 0.979456 0.426216 -0.250736
    32 1.832179 -0.000010 -0.000002 -2.526123 -0.301549 0.609667
    33 1.042025 -0.000004 -0.000009 -2.896901 -0.278839 -0.192682
    34 3.823320 0.664865 -1.331676 0.260496 0.215521 0.076687
    35 2.152367 -0.000001 0.000004 0.063146 -0.018877 -0.025269
    36 1.056622 -0.000011 0.000000 0.240667 -0.007900 -0.028988
    37 3.985134 0.881805 -0.368986 0.128322 -0.008132 -0.090211
    38 1.830183 0.000015 0.000000 0.063848 -0.073976 -1.510192
    39 1.561352 0.000008 -0.000004 0.027622 -0.015767 -1.357316
    40 4.116518 0.711272 0.551869 0.187923 0.006580 -0.361666
    41 1.752727 0.000006 0.000000 0.026521 0.029537 -1.405331
    42 0.869359 -0.000006 0.000000 0.015642 -0.073499 -0.926076
    43 4.118826 0.331223 1.419829 0.128888 -0.005990 -0.280207
    44 1.176321 0.000006 0.000000 -0.027338 0.139049 -0.923507
    45 0.970199 -0.000002 -0.000004 1.655618 0.044631 -1.487290
    46 -7.606037 1.001330 -4.120493 -2.823714 0.984256 -2.114922
    47 12.706336 -0.000035 -0.000009 -0.285088 0.290586 -1.802980
    48 0.000000 0.000000 -0.000003 0.000000 0.000000 0.000000
    49 1.200000 0.000000 0.000010 0.000000 0.000000 0.000000
    50 0.000010 -0.300000 0.000000 3.141593 0.000000 -0.174533
    51 0.000000 -0.000001 0.000000 0.000000 0.000000 0.000000
    52 -0.000003 0.000000 0.000001 3.141592 0.000000 0.000000
    53 0.000006 0.000000 0.000004 0.000000 0.000000 0.349065
    54 0.000000 0.000000 0.000000 3.141593 0.000000 0.000000
    55 -0.000008 -0.000006 0.000000 3.141593 0.000000 0.000000
    56 0.000002 -0.000002 0.000000 3.141593 0.000000 0.000000
    57 0.000014 -0.000004 0.000000 3.141593 0.000000 0.000000
    58 -0.000001 0.000000 0.000000 3.141593 0.000000 -0.000001
    59 0.000000 0.000000 0.000000 3.141593 0.000000 0.000000
    60 0.000010 0.000017 0.000000 3.141593 0.000000 -0.000001
    61 0.000000 0.000004 0.000000 3.141593 0.000000 -0.000001
    62 0.000000 0.000006 0.000000 3.141593 0.000000 -0.000001
    63 0.000001 0.000002 0.000000 3.141593 0.000000 0.000000
    64 0.000000 0.000000 0.000000 -3.141592 0.000000 0.000000
    65 0.000000 0.000000 0.000000 -1.570797 -0.000001 0.000000
    66 0.000000 0.000000 0.000000 0.000000 0.000000 0.000000
    67 1.200000 0.000000 0.000000 0.000000 0.000000 0.000000
    68 0.000009 0.299994 0.000000 0.000000 0.000000 0.174533
    69 -0.000001 -0.000001 -0.000004 0.000000 0.000000 0.000000
    70 -0.000010 0.000000 -0.000003 -3.141592 0.000001 0.000000
    71 0.000000 0.000000 0.000000 0.000001 -0.000001 0.349065
    72 0.000000 -0.000003 0.000000 0.000000 0.000000 0.000000
    73 0.000003 0.000000 0.000000 0.000000 0.000000 0.000000
    74 -0.000010 -0.000006 0.000000 -0.000001 0.000000 0.000000
    75 0.000019 0.000002 0.000000 0.000000 0.000000 0.000000
    76 0.000001 0.000004 0.000000 0.000000 0.000000 -0.000001
    77 0.000000 0.000000 0.000000 0.000000 0.000000 -0.000001
    78 0.000001 -0.000002 0.000000 0.000000 0.000000 -0.000001
    79 0.000000 0.000000 0.000000 0.000000 0.000000 -0.000001
    80 0.000001 0.000008 0.000000 0.000000 0.000000 0.000000
    81 -0.000003 0.000004 0.000000 0.000000 0.000000 0.000000
    82 -0.000007 -0.000008 0.000000 0.000000 0.000000 -0.000001
    83 0.000000 0.000002 -0.000002 -1.570796 0.000000 0.000000
  time 163
    0 -4.442800 -16.705815 -4.414444 -1.264899 -0.016763 -1.006865
    1 -1.185547 -1.036133 0.043213 0.000000 0.000004 0.000000
    2 -1.935547 -1.362305 0.225464 0.000000 0.000002 0.000000
    3 -4.549240 -1.689358 -0.012529 0.000000 0.000000 0.000000
    4 4.331499 0.360595 -0.709097 0.000015 0.000003 0.056022
    5 3.513922 0.962076 -0.004281 0.000004 -0.000001 1.176003
    6 2.855053 0.477292 0.679213 -0.000001 -0.000004 2.896619
    7 1.649902 5.878080 0.032496 -0.000003 0.000002 -1.570796
    8 6.587842 -0.691444 0.025964 -0.000001 -0.000001 1.570796
    9 0.000002 -0.241401 -0.052690 0.000001 0.000001 0.000000
    10 10.620066 1.884898 -0.004843 -1.570796 -0.000002 1.570796
    11 -9.087198 1.359573 -0.008167 -0.000003 0.000002 -1.570796
    12 3.726575 -20.820918 -9.005240 2.863963 0.061737 -1.647833
    13 1.473659 0.639418 -1.295234 2.160952 0.302167 1.048546
    14 1.832607 0.000002 -0.000008 3.036808 0.005042 0.010756
    15 1.003335 0.000005 0.000001 -3.043956 0.003760 0.011211
    16 3.823895 -0.419603 -1.411520 0.169032 0.103481 0.390859
    17 2.187956 0.000010 0.000000 -0.122844 0.036079 0.953232
    18 1.100960 0.000002 0.000000 0.377582 0.002087 0.203041
    19 3.987863 -0.577452 -0.474712 0.096636 0.033087 0.648019
    20 1.890109 -0.000010 -0.000001 -0.176834 0.031744 0.856935
    21 1.310925 0.000000 0.000000 0.475932 0.009936 0.220535
    22 4.117986 -0.654534 0.453695 0.084444 0.014016 0.832960
    23 1.655294 0.000008 0.000000 -0.180076 0.066720 0.691413
    24 0.869582 0.000004 0.000000 0.078334 -0.025838 0.283254
    25 4.150630 -0.581594 1.354863 -0.332079 -0.051887 0.831390
    26 1.157247 -0.000010 -0.000002 0.039192 -0.238015 0.703339
    27 1.019835 -0.000006 0.000000 -1.437973 -0.077452 0.211250
    28 7.406140 -6.039003 -8.901889 -1.578134 0.923327 -1.581816
    29 12.695427 -0.000020 -0.000008 -0.306541 0.284314 -1.872896
    30 -5.230726 -14.029606 -8.364595 3.376547 -0.013168 -0.993938
    31 1.474215 -0.497926 -1.376118 0.979456 0.426216 -0.250748
    32 1.832179 -0.000010 -0.000002 -2.526135 -0.301549 0.609667
    33 1.042025 -0.000004 -0.000009 -2.896901 -0.278851 -0.192682
    34 3.823320 0.664865 -1.331676 0.269856 0.250013 0.093741
    35 2.152367 -0.000001 0.000004 0.065027 -0.040534 -0.063892
    36 1.056622 -0.000011 0.000000 0.240727 -0.018578 -0.062209
    37 3.985134 0.881805 -0.368986 0.128322 -0.008132 -0.090211
    38 1.830183 0.000015 0.000000 0.063848 -0.073976 -1.510192
    39 1.561352 0.000008 -0.000004 0.027622 -0.015767 -1.357316
    40 4.116518 0.711272 0.551869 0.187923 0.006580 -0.361666
    41 1.752727 0.000006 0.000000 0.026521 0.029549 -1.405331
    42 0.869359 -0.000006 0.000000 0.015642 -0.073487 -0.926054
    43 4.118826 0.331223 1.419829 0.128888 -0.005990 -0.280207
    44 1.176321 0.000006 0.000000 -0.027338 0.139049 -0.923507
    45 0.970199 -0.000002 -0.000004 1.655618 0.044631 -1.487290
    46 -7.606037 1.001330 -4.120493 -2.827807 0.997103 -2.149910
    47 12.706336 -0.000035 -0.000009 -0.289619 0.289435 -1.818609
    48 0.000000 0.000000 -0.000003 0.000000 0.000000 0.000000
    49 1.200000 0.000000 0.000010 0.000000 0.000000 0.000000
    50 0.000010 -0.300000 0.000000 3.141593 0.000000 -0.174533
    51 0.000000 -0.000001 0.000000 0.000000 0.000000 0.000000
    52 -0.000003 0.000000 0.000001 3.141592 0.000000 0.000000
    53 0.000006 0.000000 0.000004 0.000000 0.000000 0.349065
    54 0.000000 0.000000 0.000000 3.141593 0.000000 0.000000
    55 -0.000008 -0.000006 0.000000 3.141593 0.000000 0.000000
    56 0.000002 -0.000002 0.000000 3.141593 0.000000 0.000000
    57 0.000014 -0.000004 0.000000 3.141593 0.000000 0.000000
    58 -0.000001 0.000000 0.000000 3.141593 0.000000 -0.000001
    59 0.000000 0.000000 0.000000 3.141593 0.000000 0.000000
    60 0.000010 0.000017 0.000000 3.141593 0.000000 -0.000001
    61 0.000000 0.000004 0.000000 3.141593 0.000000 -0.000001
    62 0.000000 0.000006 0.000000 3.141593 0.000000 -0.000001
    63 0.000001 0.000002 0.000000 3.141593 0.000000 0.000000
    64 0.000000 0.000000 0.000000 -3.141592 0.000000 0.000000
    65 0.000000 0.000000 0.000000 -1.570797 -0.000001 0.000000
    66 0.000000 0.000000 0.000000 0.000000 0.000000 0.000000
    67 1.200000 0.000000 0.000000 0.000000 0.000000 0.000000
    68 0.000009 0.299994 0.000000 0.000000 0.000000 0.174533
    69 -0.000001 -0.000001 -0.000004 0.000000 0.000000 0.000000
    70 -0.000010 0.000000 -0.000003 -3.141592 0.000001 0.000000
    71 0.000000 0.000000 0.000000 0.000001 -0.000001 0.349065
    72 0.000000 -0.000003 0.000000 0.000000 0.000000 0.000000
    73 0.000003 0.000000 0.000000 0.000000 0.000000 0.000000
    74 -0.000010 -0.000006 0.000000 -0.000001 0.000000 0.000000
    75 0.000019 0.000002 0.000000 0.000000 0.000000 0.000000
    76 0.000001 0.000004 0.000000 0.000000 0.000000 -0.000001
    77 0.000000 0.000000 0.000000 0.000000 0.000000 -0.000001
    78 0.000001 -0.000002 0.000000 0.000000 0.000000 -0.000001
    79 0.000000 0.000000 0.000000 0.000000 0.000000 -0.000001
    80 0.000001 0.000008 0.000000 0.000000 0.000000 0.000000
    81 -0.000003 0.000004 0.000000 0.000000 0.000000 0.000000
    82 -0.000007 -0.000008 0.000000 0.000000 0.000000 -0.000001
    83 0.000000 0.000002 -0.000002 -1.570796 0.000000 0.000000
  time 164
    0 -4.583429 -16.698003 -4.512103 -1.404983 0.023921 -1.055557
    1 -1.185547 -1.036133 0.043213 0.000000 0.000004 0.000000
    2 -1.935547 -1.362305 0.225464 0.000000 0.000002 0.000000
    3 -4.549240 -1.689358 -0.012529 0.000000 0.000000 0.000000
    4 4.331499 0.360595 -0.709097 0.000015 0.000003 0.056022
    5 3.513922 0.962076 -0.004281 0.000004 -0.000001 1.176003
    6 2.855053 0.477292 0.679213 -0.000001 -0.000004 2.896619
    7 1.649902 5.878080 0.032496 -0.000003 0.000002 -1.570796
    8 6.587842 -0.691444 0.025964 -0.000001 -0.000001 1.570796
    9 0.000002 -0.241401 -0.052690 0.000001 0.000001 0.000000
    10 10.620066 1.884898 -0.004843 -1.570796 -0.000002 1.570796
    11 -9.087198 1.359573 -0.008167 -0.000003 0.000002 -1.570796
    12 2.699200 -21.426405 -9.567758 2.846900 0.008092 -1.781038
    13 1.473659 0.639418 -1.295234 2.188979 0.321626 0.963054
    14 1.832607 0.000002 -0.000008 3.051069 0.019950 0.189211
    15 1.003335 0.000005 0.000001 -3.043321 -0.000734 -0.032187
    16 3.823895 -0.419603 -1.411520 0.211163 -0.016136 0.585190
    17 2.187956 0.000010 0.000000 -0.056353 0.022129 1.473905
    18 1.100960 0.000002 0.000000 0.382005 -0.010102 0.302595
    19 3.987863 -0.577452 -0.474712 0.103593 -0.035309 0.698807
    20 1.890109 -0.000010 -0.000001 -0.081006 -0.017452 1.323842
    21 1.310925 0.000000 0.000000 0.481745 0.012656 0.329848
    22 4.117986 -0.654534 0.453695 0.084648 -0.052346 0.849319
    23 1.655294 0.000008 0.000000 -0.102296 0.061303 1.062334
    24 0.869582 0.000004 0.000000 0.076045 -0.038722 0.430539
    25 4.150630 -0.581594 1.354863 -0.336022 -0.064859 0.775047
    26 1.157247 -0.000010 -0.000002 -0.093981 -0.306351 1.099498
    27 1.019835 -0.000006 0.000000 -1.448939 -0.116666 0.323907
    28 7.406140 -6.039003 -8.901889 -1.556717 0.911280 -1.626038
    29 12.695427 -0.000020 -0.000008 -0.281142 0.290714 -1.783145
    30 -5.801056 -14.115546 -8.419284 3.236892 0.029302 -1.042741
    31 1.474215 -0.497926 -1.376118 0.979456 0.426216 -0.250736
    32 1.832179 -0.000010 -0.000002 -2.526123 -0.301549 0.609667
    33 1.042025 -0.000004 -0.000009 -2.896973 -0.278839 -0.192682
    34 3.823320 0.664865 -1.331676 0.272037 0.272376 0.095958
    35 2.152367 -0.000001 0.000004 0.069030 -0.069189 -0.115712
    36 1.056622 -0.000011 0.000000 0.241350 -0.032732 -0.106456
    37 3.985134 0.881805 -0.368986 0.128322 -0.008132 -0.090211
    38 1.830183 0.000015 0.000000 0.063848 -0.073976 -1.510192
    39 1.561352 0.000008 -0.000004 0.027622 -0.015767 -1.357316
    40 4.116518 0.711272 0.551869 0.187923 0.006580 -0.361666
    41 1.752727 0.000006 0.000000 0.026521 0.029537 -1.405331
    42 0.869359 -0.000006 0.000000 0.015546 -0.073475 -0.926076
    43 4.118826 0.331223 1.419829 0.128888 -0.005990 -0.280207
    44 1.176321 0.000006 0.000000 -0.027338 0.139049 -0.923507
    45 0.970199 -0.000002 -0.000004 1.655618 0.044631 -1.487290
    46 -7.606037 1.001330 -4.120493 -2.809076 1.008782 -2.175838
    47 12.706336 -0.000035 -0.000009 -0.288968 0.289699 -1.816270
    48 0.000000 0.000000 -0.000003 0.000000 0.000000 0.000000
    49 1.200000 0.000000 0.000010 0.000000 0.000000 0.000000
    50 0.000010 -0.300000 0.000000 3.141593 0.000000 -0.174533
    51 0.000000 -0.000001 0.000000 0.000000 0.000000 0.000000
    52 -0.000003 0.000000 0.000001 3.141592 0.000000 0.000000
    53 0.000006 0.000000 0.000004 0.000000 0.000000 0.349065
    54 0.000000 0.000000 0.000000 3.141593 0.000000 0.000000
    55 -0.000008 -0.000006 0.000000 3.141593 0.000000 0.000000
    56 0.000002 -0.000002 0.000000 3.141593 0.000000 0.000000
    57 0.000014 -0.000004 0.000000 3.141593 0.000000 0.000000
    58 -0.000001 0.000000 0.000000 3.141593 0.000000 -0.000001
    59 0.000000 0.000000 0.000000 3.141593 0.000000 0.000000
    60 0.000010 0.000017 0.000000 3.141593 0.000000 -0.000001
    61 0.000000 0.000004 0.000000 3.141593 0.000000 -0.000001
    62 0.000000 0.000006 0.000000 3.141593 0.000000 -0.000001
    63 0.000001 0.000002 0.000000 3.141593 0.000000 0.000000
    64 0.000000 0.000000 0.000000 -3.141592 0.000000 0.000000
    65 0.000000 0.000000 0.000000 -1.570797 -0.000001 0.000000
    66 0.000000 0.000000 0.000000 0.000000 0.000000 0.000000
    67 1.200000 0.000000 0.000000 0.000000 0.000000 0.000000
    68 0.000009 0.299994 0.000000 0.000000 0.000000 0.174533
    69 -0.000001 -0.000001 -0.000004 0.000000 0.000000 0.000000
    70 -0.000010 0.000000 -0.000003 -3.141592 0.000001 0.000000
    71 0.000000 0.000000 0.000000 0.000001 -0.000001 0.349065
    72 0.000000 -0.000003 0.000000 0.000000 0.000000 0.000000
    73 0.000003 0.000000 0.000000 0.000000 0.000000 0.000000
    74 -0.000010 -0.000006 0.000000 -0.000001 0.000000 0.000000
    75 0.000019 0.000002 0.000000 0.000000 0.000000 0.000000
    76 0.000001 0.000004 0.000000 0.000000 0.000000 -0.000001
    77 0.000000 0.000000 0.000000 0.000000 0.000000 -0.000001
    78 0.000001 -0.000002 0.000000 0.000000 0.000000 -0.000001
    79 0.000000 0.000000 0.000000 0.000000 0.000000 -0.000001
    80 0.000001 0.000008 0.000000 0.000000 0.000000 0.000000
    81 -0.000003 0.000004 0.000000 0.000000 0.000000 0.000000
    82 -0.000007 -0.000008 0.000000 0.000000 0.000000 -0.000001
    83 0.000000 0.000002 -0.000002 -1.570796 0.000000 0.000000
  time 165
    0 -4.661556 -16.694096 -4.629294 -1.589043 0.062717 -1.119794
    1 -1.185547 -1.036133 0.043213 0.000000 0.000004 0.000000
    2 -1.935547 -1.362305 0.225464 0.000000 0.000002 0.000000
    3 -4.549240 -1.689358 -0.012529 0.000000 0.000000 0.000000
    4 4.331499 0.360595 -0.709097 0.000015 0.000003 0.056022
    5 3.513922 0.962076 -0.004281 0.000004 -0.000001 1.176003
    6 2.855053 0.477292 0.679213 -0.000001 -0.000004 2.896619
    7 1.649902 5.878080 0.032496 -0.000003 0.000002 -1.570796
    8 6.587842 -0.691444 0.025964 -0.000001 -0.000001 1.570796
    9 0.000002 -0.241401 -0.052690 0.000001 0.000001 0.000000
    10 10.620066 1.884898 -0.004843 -1.570796 -0.000002 1.570796
    11 -9.087198 1.359573 -0.008167 -0.000003 0.000002 -1.570796
    12 1.449162 -22.133458 -9.962301 2.799726 -0.067245 -1.876940
    13 1.473659 0.639418 -1.295234 2.231494 0.399644 0.807609
    14 1.832607 0.000002 -0.000008 3.089948 0.042529 0.578895
    15 1.003335 0.000005 0.000001 -3.041224 -0.010106 -0.124622
    16 3.823895 -0.419603 -1.411520 0.226494 -0.100825 0.715616
    17 2.187956 0.000010 0.000000 -0.021394 -0.002224 1.796246
    18 1.100960 0.000002 0.000000 0.384306 -0.019461 0.371760
    19 3.987863 -0.577452 -0.474712 0.106340 -0.082804 0.733874
    20 1.890109 -0.000010 -0.000001 -0.035613 -0.069789 1.619858
    21 1.310925 0.000000 0.000000 0.485899 0.014238 0.405600
    22 4.117986 -0.654534 0.453695 0.084265 -0.098394 0.860794
    23 1.655294 0.000008 0.000000 -0.054226 0.042175 1.306353
    24 0.869582 0.000004 0.000000 0.073528 -0.047507 0.532257
    25 4.150630 -0.581594 1.354863 -0.338323 -0.074026 0.735897
    26 1.157247 -0.000010 -0.000002 -0.193669 -0.321311 1.366456
    27 1.019835 -0.000006 0.000000 -1.459102 -0.142936 0.402376
    28 7.406140 -6.039003 -8.901889 -1.536823 0.871814 -1.680396
    29 12.695427 -0.000020 -0.000008 -0.246980 0.295759 -1.665164
    30 -6.433888 -14.221018 -8.391940 3.053177 0.070275 -1.108593
    31 1.474215 -0.497926 -1.376118 0.979456 0.426216 -0.250736
    32 1.832179 -0.000010 -0.000002 -2.526123 -0.301549 0.609667
    33 1.042025 -0.000004 -0.000009 -2.896901 -0.278839 -0.192682
    34 3.823320 0.664865 -1.331676 0.271426 0.294332 0.089846
    35 2.152367 -0.000001 0.000004 0.075693 -0.102542 -0.176832
    36 1.056622 -0.000011 0.000000 0.242884 -0.049307 -0.158194
    37 3.985134 0.881805 -0.368986 0.128322 -0.008132 -0.090211
    38 1.830183 0.000015 0.000000 0.063848 -0.073976 -1.510192
    39 1.561352 0.000008 -0.000004 0.027622 -0.015767 -1.357316
    40 4.116518 0.711272 0.551869 0.187923 0.006580 -0.361666
    41 1.752727 0.000006 0.000000 0.026521 0.029537 -1.405331
    42 0.869359 -0.000006 0.000000 0.015630 -0.073475 -0.926076
    43 4.118826 0.331223 1.419829 0.128888 -0.005990 -0.280207
    44 1.176321 0.000006 0.000000 -0.027338 0.139049 -0.923507
    45 0.970199 -0.000002 -0.000004 1.655618 0.044631 -1.487290
    46 -7.606037 1.001330 -4.120493 -2.770227 1.021062 -2.190583
    47 12.706336 -0.000035 -0.000009 -0.287796 0.289939 -1.812271
    48 0.000000 0.000000 -0.000003 0.000000 0.000000 0.000000
    49 1.200000 0.000000 0.000010 0.000000 0.000000 0.000000
    50 0.000010 -0.300000 0.000000 3.141593 0.000000 -0.174533
    51 0.000000 -0.000001 0.000000 0.000000 0.000000 0.000000
    52 -0.000003 0.000000 0.000001 3.141592 0.000000 0.000000
    53 0.000006 0.000000 0.000004 0.000000 0.000000 0.349065
    54 0.000000 0.000000 0.000000 3.141593 0.000000 0.000000
    55 -0.000008 -0.000006 0.000000 3.141593 0.000000 0.000000
    56 0.000002 -0.000002 0.000000 3.141593 0.000000 0.000000
    57 0.000014 -0.000004 0.000000 3.141593 0.000000 0.000000
    58 -0.000001 0.000000 0.000000 3.141593 0.000000 -0.000001
    59 0.000000 0.000000 0.000000 3.141593 0.000000 0.000000
    60 0.000010 0.000017 0.000000 3.141593 0.000000 -0.000001
    61 0.000000 0.000004 0.000000 3.141593 0.000000 -0.000001
    62 0.000000 0.000006 0.000000 3.141593 0.000000 -0.000001
    63 0.000001 0.000002 0.000000 3.141593 0.000000 0.000000
    64 0.000000 0.000000 0.000000 -3.141592 0.000000 0.000000
    65 0.000000 0.000000 0.000000 -1.570797 -0.000001 0.000000
    66 0.000000 0.000000 0.000000 0.000000 0.000000 0.000000
    67 1.200000 0.000000 0.000000 0.000000 0.000000 0.000000
    68 0.000009 0.299994 0.000000 0.000000 0.000000 0.174533
    69 -0.000001 -0.000001 -0.000004 0.000000 0.000000 0.000000
    70 -0.000010 0.000000 -0.000003 -3.141592 0.000001 0.000000
    71 0.000000 0.000000 0.000000 0.000001 -0.000001 0.349065
    72 0.000000 -0.000003 0.000000 0.000000 0.000000 0.000000
    73 0.000003 0.000000 0.000000 0.000000 0.000000 0.000000
    74 -0.000010 -0.000006 0.000000 -0.000001 0.000000 0.000000
    75 0.000019 0.000002 0.000000 0.000000 0.000000 0.000000
    76 0.000001 0.000004 0.000000 0.000000 0.000000 -0.000001
    77 0.000000 0.000000 0.000000 0.000000 0.000000 -0.000001
    78 0.000001 -0.000002 0.000000 0.000000 0.000000 -0.000001
    79 0.000000 0.000000 0.000000 0.000000 0.000000 -0.000001
    80 0.000001 0.000008 0.000000 0.000000 0.000000 0.000000
    81 -0.000003 0.000004 0.000000 0.000000 0.000000 0.000000
    82 -0.000007 -0.000008 0.000000 0.000000 0.000000 -0.000001
    83 0.000000 0.000002 -0.000002 -1.570796 0.000000 0.000000
  time 166
    0 -4.727965 -16.690190 -4.734766 -1.666459 0.072835 -1.183463
    1 -1.185547 -1.036133 0.043213 0.000000 0.000004 0.000000
    2 -1.935547 -1.362305 0.225464 0.000000 0.000002 0.000000
    3 -4.549240 -1.689358 -0.012529 0.000000 0.000000 0.000000
    4 4.331499 0.360595 -0.709097 0.000015 0.000003 0.056022
    5 3.513922 0.962076 -0.004281 0.000004 -0.000001 1.176003
    6 2.855053 0.477292 0.679213 -0.000001 -0.000004 2.896619
    7 1.649902 5.878080 0.032496 -0.000003 0.000002 -1.570796
    8 6.587842 -0.691444 0.025964 -0.000001 -0.000001 1.570796
    9 0.000002 -0.241401 -0.052690 0.000001 0.000001 0.000000
    10 10.620066 1.884898 -0.004843 -1.570796 -0.000002 1.570796
    11 -9.087198 1.359573 -0.008167 -0.000003 0.000002 -1.570796
    12 0.464757 -22.602222 -10.204496 2.803832 -0.060846 -1.855065
    13 1.473659 0.639418 -1.295234 2.246183 0.440257 0.736868
    14 1.832607 0.000002 -0.000008 3.110046 0.047491 0.758067
    15 1.003335 0.000005 0.000001 -3.040061 -0.014385 -0.167803
    16 3.823895 -0.419603 -1.411520 0.229129 -0.129700 0.759577
    17 2.187956 0.000010 0.000000 -0.012082 -0.011908 1.896829
    18 1.100960 0.000002 0.000000 0.384821 -0.022925 0.395360
    19 3.987863 -0.577452 -0.474712 0.106909 -0.099139 0.745896
    20 1.890109 -0.000010 -0.000001 -0.024571 -0.089012 1.713897
    21 1.310925 0.000000 0.000000 0.487402 0.014826 0.431452
    22 4.117986 -0.654534 0.453695 0.083857 -0.114196 0.864680
    23 1.655294 0.000008 0.000000 -0.039785 0.033474 1.386062
    24 0.869582 0.000004 0.000000 0.072305 -0.050347 0.567074
    25 4.150630 -0.581594 1.354863 -0.339030 -0.077155 0.722463
    26 1.157247 -0.000010 -0.000002 -0.226722 -0.320721 1.453985
    27 1.019835 -0.000006 0.000000 -1.463105 -0.151684 0.429397
    28 7.406140 -6.039003 -8.901889 -1.527495 0.836295 -1.726921
    29 12.695427 -0.000020 -0.000008 -0.220238 0.296946 -1.573753
    30 -6.637019 -14.197580 -8.423191 2.975939 0.081152 -1.172314
    31 1.474215 -0.497926 -1.376118 0.979456 0.426216 -0.250748
    32 1.832179 -0.000010 -0.000002 -2.526123 -0.301549 0.609667
    33 1.042025 -0.000004 -0.000009 -2.896901 -0.278827 -0.192682
    34 3.823320 0.664865 -1.331676 0.267998 0.314958 0.075919
    35 2.152367 -0.000001 0.000004 0.084922 -0.137033 -0.241766
    36 1.056622 -0.000011 0.000000 0.245497 -0.066720 -0.213119
    37 3.985134 0.881805 -0.368986 0.128322 -0.008132 -0.090211
    38 1.830183 0.000015 0.000000 0.063848 -0.073976 -1.510192
    39 1.561352 0.000008 -0.000004 0.027622 -0.015767 -1.357316
    40 4.116518 0.711272 0.551869 0.187923 0.006580 -0.361666
    41 1.752727 0.000006 0.000000 0.026521 0.029537 -1.405331
    42 0.869359 -0.000006 0.000000 0.015618 -0.073475 -0.926076
    43 4.118826 0.331223 1.419829 0.128888 -0.005990 -0.280207
    44 1.176321 0.000006 0.000000 -0.027338 0.139049 -0.923484
    45 0.970199 -0.000002 -0.000004 1.655618 0.044631 -1.487290
    46 -7.606037 1.001330 -4.120493 -2.767452 1.027369 -2.203266
    47 12.706336 -0.000035 -0.000009 -0.288694 0.289723 -1.815840
    48 0.000000 0.000000 -0.000003 0.000000 0.000000 0.000000
    49 1.200000 0.000000 0.000010 0.000000 0.000000 0.000000
    50 0.000010 -0.300000 0.000000 3.141593 0.000000 -0.174533
    51 0.000000 -0.000001 0.000000 0.000000 0.000000 0.000000
    52 -0.000003 0.000000 0.000001 3.141592 0.000000 0.000000
    53 0.000006 0.000000 0.000004 0.000000 0.000000 0.349065
    54 0.000000 0.000000 0.000000 3.141593 0.000000 0.000000
    55 -0.000008 -0.000006 0.000000 3.141593 0.000000 0.000000
    56 0.000002 -0.000002 0.000000 3.141593 0.000000 0.000000
    57 0.000014 -0.000004 0.000000 3.141593 0.000000 0.000000
    58 -0.000001 0.000000 0.000000 3.141593 0.000000 -0.000001
    59 0.000000 0.000000 0.000000 3.141593 0.000000 0.000000
    60 0.000010 0.000017 0.000000 3.141593 0.000000 -0.000001
    61 0.000000 0.000004 0.000000 3.141593 0.000000 -0.000001
    62 0.000000 0.000006 0.000000 3.141593 0.000000 -0.000001
    63 0.000001 0.000002 0.000000 3.141593 0.000000 0.000000
    64 0.000000 0.000000 0.000000 -3.141592 0.000000 0.000000
    65 0.000000 0.000000 0.000000 -1.570797 -0.000001 0.000000
    66 0.000000 0.000000 0.000000 0.000000 0.000000 0.000000
    67 1.200000 0.000000 0.000000 0.000000 0.000000 0.000000
    68 0.000009 0.299994 0.000000 0.000000 0.000000 0.174533
    69 -0.000001 -0.000001 -0.000004 0.000000 0.000000 0.000000
    70 -0.000010 0.000000 -0.000003 -3.141592 0.000001 0.000000
    71 0.000000 0.000000 0.000000 0.000001 -0.000001 0.349065
    72 0.000000 -0.000003 0.000000 0.000000 0.000000 0.000000
    73 0.000003 0.000000 0.000000 0.000000 0.000000 0.000000
    74 -0.000010 -0.000006 0.000000 -0.000001 0.000000 0.000000
    75 0.000019 0.000002 0.000000 0.000000 0.000000 0.000000
    76 0.000001 0.000004 0.000000 0.000000 0.000000 -0.000001
    77 0.000000 0.000000 0.000000 0.000000 0.000000 -0.000001
    78 0.000001 -0.000002 0.000000 0.000000 0.000000 -0.000001
    79 0.000000 0.000000 0.000000 0.000000 0.000000 -0.000001
    80 0.000001 0.000008 0.000000 0.000000 0.000000 0.000000
    81 -0.000003 0.000004 0.000000 0.000000 0.000000 0.000000
    82 -0.000007 -0.000008 0.000000 0.000000 0.000000 -0.000001
    83 0.000000 0.000002 -0.000002 -1.570796 0.000000 0.000000
  time 167
    0 -4.790467 -16.674564 -4.848051 -1.636963 0.068652 -1.240247
    1 -1.185547 -1.036133 0.043213 0.000000 0.000004 0.000000
    2 -1.935547 -1.362305 0.225464 0.000000 0.000002 0.000000
    3 -4.549240 -1.689358 -0.012529 0.000000 0.000000 0.000000
    4 4.331499 0.360595 -0.709097 0.000015 0.000003 0.056022
    5 3.513922 0.962076 -0.004281 0.000004 -0.000001 1.176003
    6 2.855053 0.477292 0.679213 -0.000001 -0.000004 2.896619
    7 1.649902 5.878080 0.032496 -0.000003 0.000002 -1.570796
    8 6.587842 -0.691444 0.025964 -0.000001 -0.000001 1.570796
    9 0.000002 -0.241401 -0.052690 0.000001 0.000001 0.000000
    10 10.620066 1.884898 -0.004843 -1.570796 -0.000002 1.570796
    11 -9.087198 1.359573 -0.008167 -0.000003 0.000002 -1.570796
    12 0.023337 -22.867855 -9.895893 2.907122 -0.011386 -1.847677
    13 1.473659 0.639418 -1.295234 2.246183 0.440257 0.736868
    14 1.832607 0.000002 -0.000008 3.110046 0.047491 0.758067
    15 1.003335 0.000005 0.000001 -3.040061 -0.014385 -0.167803
    16 3.823895 -0.419603 -1.411520 0.229129 -0.129700 0.759577
    17 2.187956 0.000010 0.000000 -0.012082 -0.011908 1.896829
    18 1.100960 0.000002 0.000000 0.384821 -0.022949 0.395360
    19 3.987863 -0.577452 -0.474712 0.106909 -0.099139 0.745896
    20 1.890109 -0.000010 -0.000001 -0.024571 -0.089012 1.713897
    21 1.310925 0.000000 0.000000 0.487402 0.014826 0.431452
    22 4.117986 -0.654534 0.453695 0.083857 -0.114196 0.864680
    23 1.655294 0.000008 0.000000 -0.039785 0.033474 1.386062
    24 0.869582 0.000004 0.000000 0.072305 -0.050335 0.567074
    25 4.150630 -0.581594 1.354863 -0.339030 -0.077155 0.722463
    26 1.157247 -0.000010 -0.000002 -0.226722 -0.320721 1.453911
    27 1.019835 -0.000006 0.000000 -1.463093 -0.151684 0.429397
    28 7.406140 -6.039003 -8.901889 -1.541868 0.797203 -1.758707
    29 12.695427 -0.000020 -0.000008 -0.206573 0.296778 -1.527019
    30 -6.441701 -14.053044 -8.567726 3.005267 0.076676 -1.229429
    31 1.474215 -0.497926 -1.376118 0.979456 0.426216 -0.250736
    32 1.832179 -0.000010 -0.000002 -2.526123 -0.301549 0.609667
    33 1.042025 -0.000004 -0.000009 -2.896901 -0.278839 -0.192682
    34 3.823320 0.664865 -1.331676 0.262221 0.332647 0.056948
    35 2.152367 -0.000001 0.000004 0.095780 -0.169380 -0.304033
    36 1.056622 -0.000011 0.000000 0.248841 -0.083055 -0.265264
    37 3.985134 0.881805 -0.368986 0.128322 -0.008132 -0.090211
    38 1.830183 0.000015 0.000000 0.063848 -0.073976 -1.510192
    39 1.561352 0.000008 -0.000004 0.027622 -0.015767 -1.357316
    40 4.116518 0.711272 0.551869 0.187923 0.006580 -0.361666
    41 1.752727 0.000006 0.000000 0.026521 0.029537 -1.405331
    42 0.869359 -0.000006 0.000000 0.015642 -0.073475 -0.926076
    43 4.118826 0.331223 1.419829 0.128888 -0.005990 -0.280207
    44 1.176321 0.000006 0.000000 -0.027338 0.139049 -0.923507
    45 0.970199 -0.000002 -0.000004 1.655618 0.044631 -1.487290
    46 -7.606037 1.001330 -4.120493 -2.810672 1.027903 -2.223821
    47 12.706336 -0.000035 -0.000009 -0.291259 0.289124 -1.824516
    48 0.000000 0.000000 -0.000003 0.000000 0.000000 0.000000
    49 1.200000 0.000000 0.000010 0.000000 0.000000 0.000000
    50 0.000010 -0.300000 0.000000 3.141593 0.000000 -0.174533
    51 0.000000 -0.000001 0.000000 0.000000 0.000000 0.000000
    52 -0.000003 0.000000 0.000001 3.141592 0.000000 0.000000
    53 0.000006 0.000000 0.000004 0.000000 0.000000 0.349065
    54 0.000000 0.000000 0.000000 3.141593 0.000000 0.000000
    55 -0.000008 -0.000006 0.000000 3.141593 0.000000 0.000000
    56 0.000002 -0.000002 0.000000 3.141593 0.000000 0.000000
    57 0.000014 -0.000004 0.000000 3.141593 0.000000 0.000000
    58 -0.000001 0.000000 0.000000 3.141593 0.000000 -0.000001
    59 0.000000 0.000000 0.000000 3.141593 0.000000 0.000000
    60 0.000010 0.000017 0.000000 3.141593 0.000000 -0.000001
    61 0.000000 0.000004 0.000000 3.141593 0.000000 -0.000001
    62 0.000000 0.000006 0.000000 3.141593 0.000000 -0.000001
    63 0.000001 0.000002 0.000000 3.141593 0.000000 0.000000
    64 0.000000 0.000000 0.000000 -3.141592 0.000000 0.000000
    65 0.000000 0.000000 0.000000 -1.570797 -0.000001 0.000000
    66 0.000000 0.000000 0.000000 0.000000 0.000000 0.000000
    67 1.200000 0.000000 0.000000 0.000000 0.000000 0.000000
    68 0.000009 0.299994 0.000000 0.000000 0.000000 0.174533
    69 -0.000001 -0.000001 -0.000004 0.000000 0.000000 0.000000
    70 -0.000010 0.000000 -0.000003 -3.141592 0.000001 0.000000
    71 0.000000 0.000000 0.000000 0.000001 -0.000001 0.349065
    72 0.000000 -0.000003 0.000000 0.000000 0.000000 0.000000
    73 0.000003 0.000000 0.000000 0.000000 0.000000 0.000000
    74 -0.000010 -0.000006 0.000000 -0.000001 0.000000 0.000000
    75 0.000019 0.000002 0.000000 0.000000 0.000000 0.000000
    76 0.000001 0.000004 0.000000 0.000000 0.000000 -0.000001
    77 0.000000 0.000000 0.000000 0.000000 0.000000 -0.000001
    78 0.000001 -0.000002 0.000000 0.000000 0.000000 -0.000001
    79 0.000000 0.000000 0.000000 0.000000 0.000000 -0.000001
    80 0.000001 0.000008 0.000000 0.000000 0.000000 0.000000
    81 -0.000003 0.000004 0.000000 0.000000 0.000000 0.000000
    82 -0.000007 -0.000008 0.000000 0.000000 0.000000 -0.000001
    83 0.000000 0.000002 -0.000002 -1.570796 0.000000 0.000000
  time 168
    0 -4.837343 -16.655033 -4.945710 -1.572636 0.065994 -1.294334
    1 -1.185547 -1.036133 0.043213 0.000000 0.000004 0.000000
    2 -1.935547 -1.362305 0.225464 0.000000 0.000002 0.000000
    3 -4.549240 -1.689358 -0.012529 0.000000 0.000000 0.000000
    4 4.331499 0.360595 -0.709097 0.000015 0.000003 0.056022
    5 3.513922 0.962076 -0.004281 0.000004 -0.000001 1.176003
    6 2.855053 0.477292 0.679213 -0.000001 -0.000004 2.896619
    7 1.649902 5.878080 0.032496 -0.000003 0.000002 -1.570796
    8 6.587842 -0.691444 0.025964 -0.000001 -0.000001 1.570796
    9 0.000002 -0.241401 -0.052690 0.000001 0.000001 0.000000
    10 10.620066 1.884898 -0.004843 -1.570796 -0.000002 1.570796
    11 -9.087198 1.359573 -0.008167 -0.000003 0.000002 -1.570796
    12 -0.269640 -23.070986 -9.462286 3.040341 0.039563 -1.846373
    13 1.473659 0.639418 -1.295234 2.246183 0.440257 0.736868
    14 1.832607 0.000002 -0.000008 3.110046 0.047491 0.758067
    15 1.003335 0.000005 0.000001 -3.040061 -0.014385 -0.167803
    16 3.823895 -0.419603 -1.411520 0.229129 -0.129700 0.759577
    17 2.187956 0.000010 0.000000 -0.012082 -0.011908 1.896829
    18 1.100960 0.000002 0.000000 0.384821 -0.022925 0.395360
    19 3.987863 -0.577452 -0.474712 0.106909 -0.099139 0.745896
    20 1.890109 -0.000010 -0.000001 -0.024571 -0.089012 1.713897
    21 1.310925 0.000000 0.000000 0.487416 0.014826 0.431452
    22 4.117986 -0.654534 0.453695 0.083857 -0.114196 0.864680
    23 1.655294 0.000008 0.000000 -0.039797 0.033474 1.386062
    24 0.869582 0.000004 0.000000 0.072305 -0.050335 0.567074
    25 4.150630 -0.581594 1.354863 -0.339030 -0.077155 0.722463
    26 1.157247 -0.000010 -0.000002 -0.226722 -0.320721 1.453948
    27 1.019835 -0.000006 0.000000 -1.463105 -0.151684 0.429397
    28 7.406140 -6.039003 -8.901889 -1.559763 0.759399 -1.784687
    29 12.695427 -0.000020 -0.000008 -0.196803 0.296167 -1.493728
    30 -6.094034 -13.881164 -8.716168 3.069744 0.073269 -1.283631
    31 1.474215 -0.497926 -1.376118 0.979456 0.426216 -0.250736
    32 1.832179 -0.000010 -0.000002 -2.526135 -0.301549 0.609667
    33 1.042025 -0.000004 -0.000009 -2.896961 -0.278851 -0.192682
    34 3.823320 0.664865 -1.331676 0.255750 0.346237 0.036430
    35 2.152367 -0.000001 0.000004 0.106674 -0.196165 -0.357608
    36 1.056622 -0.000011 0.000000 0.252220 -0.096778 -0.309763
    37 3.985134 0.881805 -0.368986 0.128322 -0.008132 -0.090211
    38 1.830183 0.000015 0.000000 0.063848 -0.073976 -1.510192
    39 1.561352 0.000008 -0.000004 0.027622 -0.015767 -1.357316
    40 4.116518 0.711272 0.551869 0.187923 0.006580 -0.361666
    41 1.752727 0.000006 0.000000 0.026521 0.029537 -1.405331
    42 0.869359 -0.000006 0.000000 0.015642 -0.073475 -0.926076
    43 4.118826 0.331223 1.419829 0.128888 -0.005990 -0.280207
    44 1.176321 0.000006 0.000000 -0.027338 0.139049 -0.923507
    45 0.970199 -0.000002 -0.000004 1.655618 0.044631 -1.487290
    46 -7.606037 1.001330 -4.120493 -2.861522 1.024332 -2.239191
    47 12.706336 -0.000035 -0.000009 -0.293824 0.288381 -1.833315
    48 0.000000 0.000000 -0.000003 0.000000 0.000000 0.000000
    49 1.200000 0.000000 0.000010 0.000000 0.000000 0.000000
    50 0.000010 -0.300000 0.000000 3.141593 0.000000 -0.174533
    51 0.000000 -0.000001 0.000000 0.000000 0.000000 0.000000
    52 -0.000003 0.000000 0.000001 3.141592 0.000000 0.000000
    53 0.000006 0.000000 0.000004 0.000000 0.000000 0.349065
    54 0.000000 0.000000 0.000000 3.141593 0.000000 0.000000
    55 -0.000008 -0.000006 0.000000 3.141593 0.000000 0.000000
    56 0.000002 -0.000002 0.000000 3.141593 0.000000 0.000000
    57 0.000014 -0.000004 0.000000 3.141593 0.000000 0.000000
    58 -0.000001 0.000000 0.000000 3.141593 0.000000 -0.000001
    59 0.000000 0.000000 0.000000 3.141593 0.000000 0.000000
    60 0.000010 0.000017 0.000000 3.141593 0.000000 -0.000001
    61 0.000000 0.000004 0.000000 3.141593 0.000000 -0.000001
    62 0.000000 0.000006 0.000000 3.141593 0.000000 -0.000001
    63 0.000001 0.000002 0.000000 3.141593 0.000000 0.000000
    64 0.000000 0.000000 0.000000 -3.141592 0.000000 0.000000
    65 0.000000 0.000000 0.000000 -1.570797 -0.000001 0.000000
    66 0.000000 0.000000 0.000000 0.000000 0.000000 0.000000
    67 1.200000 0.000000 0.000000 0.000000 0.000000 0.000000
    68 0.000009 0.299994 0.000000 0.000000 0.000000 0.174533
    69 -0.000001 -0.000001 -0.000004 0.000000 0.000000 0.000000
    70 -0.000010 0.000000 -0.000003 -3.141592 0.000001 0.000000
    71 0.000000 0.000000 0.000000 0.000001 -0.000001 0.349065
    72 0.000000 -0.000003 0.000000 0.000000 0.000000 0.000000
    73 0.000003 0.000000 0.000000 0.000000 0.000000 0.000000
    74 -0.000010 -0.000006 0.000000 -0.000001 0.000000 0.000000
    75 0.000019 0.000002 0.000000 0.000000 0.000000 0.000000
    76 0.000001 0.000004 0.000000 0.000000 0.000000 -0.000001
    77 0.000000 0.000000 0.000000 0.000000 0.000000 -0.000001
    78 0.000001 -0.000002 0.000000 0.000000 0.000000 -0.000001
    79 0.000000 0.000000 0.000000 0.000000 0.000000 -0.000001
    80 0.000001 0.000008 0.000000 0.000000 0.000000 0.000000
    81 -0.000003 0.000004 0.000000 0.000000 0.000000 0.000000
    82 -0.000007 -0.000008 0.000000 0.000000 0.000000 -0.000001
    83 0.000000 0.000002 -0.000002 -1.570796 0.000000 0.000000
  time 169
    0 -4.876407 -16.647220 -4.984774 -1.543543 0.066145 -1.341323
    1 -1.185547 -1.036133 0.043213 0.000000 0.000004 0.000000
    2 -1.935547 -1.362305 0.225464 0.000000 0.000002 0.000000
    3 -4.549240 -1.689358 -0.012529 0.000000 0.000000 0.000000
    4 4.331499 0.360595 -0.709097 0.000015 0.000003 0.056022
    5 3.513922 0.962076 -0.004281 0.000004 -0.000001 1.176003
    6 2.855053 0.477292 0.679213 -0.000001 -0.000004 2.896619
    7 1.649902 5.878080 0.032496 -0.000003 0.000002 -1.570796
    8 6.587842 -0.691444 0.025964 -0.000001 -0.000001 1.570796
    9 0.000002 -0.241401 -0.052690 0.000001 0.000001 0.000000
    10 10.620066 1.884898 -0.004843 -1.570796 -0.000002 1.570796
    11 -9.087198 1.359573 -0.008167 -0.000003 0.000002 -1.570796
    12 -0.570431 -23.246773 -9.286499 3.093629 0.057994 -1.873463
    13 1.473659 0.639418 -1.295234 2.246183 0.440257 0.736868
    14 1.832607 0.000002 -0.000008 3.110046 0.047491 0.758067
    15 1.003335 0.000005 0.000001 -3.040061 -0.014385 -0.167803
    16 3.823895 -0.419603 -1.411520 0.229129 -0.129700 0.759577
    17 2.187956 0.000010 0.000000 -0.012082 -0.011908 1.896829
    18 1.100960 0.000002 0.000000 0.384821 -0.023009 0.395360
    19 3.987863 -0.577452 -0.474712 0.106909 -0.099139 0.745896
    20 1.890109 -0.000010 -0.000001 -0.024571 -0.089012 1.713779
    21 1.310925 0.000000 0.000000 0.487402 0.014826 0.431452
    22 4.117986 -0.654534 0.453695 0.083857 -0.114196 0.864680
    23 1.655294 0.000008 0.000000 -0.039797 0.033474 1.386062
    24 0.869582 0.000004 0.000000 0.072305 -0.050335 0.567074
    25 4.150630 -0.581594 1.354863 -0.339030 -0.077155 0.722463
    26 1.157247 -0.000010 -0.000002 -0.226722 -0.320721 1.453911
    27 1.019835 -0.000006 0.000000 -1.463105 -0.151684 0.429397
    28 7.406140 -6.039003 -8.901889 -1.571661 0.734723 -1.806983
    29 12.695427 -0.000020 -0.000008 -0.186714 0.295304 -1.459014
    30 -5.894809 -13.795223 -8.763045 3.098804 0.073101 -1.330374
    31 1.474215 -0.497926 -1.376118 0.979456 0.426216 -0.250736
    32 1.832179 -0.000010 -0.000002 -2.526135 -0.301549 0.609667
    33 1.042025 -0.000004 -0.000009 -2.896901 -0.278827 -0.192682
    34 3.823320 0.664865 -1.331676 0.249722 0.355477 0.019137
    35 2.152367 -0.000001 0.000004 0.115710 -0.215868 -0.398000
    36 1.056622 -0.000011 0.000000 0.255252 -0.106989 -0.343200
    37 3.985134 0.881805 -0.368986 0.128322 -0.008132 -0.090211
    38 1.830183 0.000015 0.000000 0.063848 -0.073976 -1.510192
    39 1.561352 0.000008 -0.000004 0.027622 -0.015767 -1.357316
    40 4.116518 0.711272 0.551869 0.187923 0.006580 -0.361666
    41 1.752727 0.000006 0.000000 0.026521 0.029537 -1.405331
    42 0.869359 -0.000006 0.000000 0.015618 -0.073475 -0.926076
    43 4.118826 0.331223 1.419829 0.128888 -0.005990 -0.280207
    44 1.176321 0.000006 0.000000 -0.027338 0.139049 -0.923484
    45 0.970199 -0.000002 -0.000004 1.655618 0.044631 -1.487290
    46 -7.606037 1.001330 -4.120493 -2.884693 1.021496 -2.242627
    47 12.706336 -0.000035 -0.000009 -0.295295 0.288105 -1.838483
    48 0.000000 0.000000 -0.000003 0.000000 0.000000 0.000000
    49 1.200000 0.000000 0.000010 0.000000 0.000000 0.000000
    50 0.000010 -0.300000 0.000000 3.141593 0.000000 -0.174533
    51 0.000000 -0.000001 0.000000 0.000000 0.000000 0.000000
    52 -0.000003 0.000000 0.000001 3.141592 0.000000 0.000000
    53 0.000006 0.000000 0.000004 0.000000 0.000000 0.349065
    54 0.000000 0.000000 0.000000 3.141593 0.000000 0.000000
    55 -0.000008 -0.000006 0.000000 3.141593 0.000000 0.000000
    56 0.000002 -0.000002 0.000000 3.141593 0.000000 0.000000
    57 0.000014 -0.000004 0.000000 3.141593 0.000000 0.000000
    58 -0.000001 0.000000 0.000000 3.141593 0.000000 -0.000001
    59 0.000000 0.000000 0.000000 3.141593 0.000000 0.000000
    60 0.000010 0.000017 0.000000 3.141593 0.000000 -0.000001
    61 0.000000 0.000004 0.000000 3.141593 0.000000 -0.000001
    62 0.000000 0.000006 0.000000 3.141593 0.000000 -0.000001
    63 0.000001 0.000002 0.000000 3.141593 0.000000 0.000000
    64 0.000000 0.000000 0.000000 -3.141592 0.000000 0.000000
    65 0.000000 0.000000 0.000000 -1.570797 -0.000001 0.000000
    66 0.000000 0.000000 0.000000 0.000000 0.000000 0.000000
    67 1.200000 0.000000 0.000000 0.000000 0.000000 0.000000
    68 0.000009 0.299994 0.000000 0.000000 0.000000 0.174533
    69 -0.000001 -0.000001 -0.000004 0.000000 0.000000 0.000000
    70 -0.000010 0.000000 -0.000003 -3.141592 0.000001 0.000000
    71 0.000000 0.000000 0.000000 0.000001 -0.000001 0.349065
    72 0.000000 -0.000003 0.000000 0.000000 0.000000 0.000000
    73 0.000003 0.000000 0.000000 0.000000 0.000000 0.000000
    74 -0.000010 -0.000006 0.000000 -0.000001 0.000000 0.000000
    75 0.000019 0.000002 0.000000 0.000000 0.000000 0.000000
    76 0.000001 0.000004 0.000000 0.000000 0.000000 -0.000001
    77 0.000000 0.000000 0.000000 0.000000 0.000000 -0.000001
    78 0.000001 -0.000002 0.000000 0.000000 0.000000 -0.000001
    79 0.000000 0.000000 0.000000 0.000000 0.000000 -0.000001
    80 0.000001 0.000008 0.000000 0.000000 0.000000 0.000000
    81 -0.000003 0.000004 0.000000 0.000000 0.000000 0.000000
    82 -0.000007 -0.000008 0.000000 0.000000 0.000000 -0.000001
    83 0.000000 0.000002 -0.000002 -1.570796 0.000000 0.000000
  time 170
    0 -4.919377 -16.651126 -4.953523 -1.550222 0.061826 -1.384550
    1 -1.185547 -1.036133 0.043213 0.000000 0.000004 0.000000
    2 -1.935547 -1.362305 0.225464 0.000000 0.000002 0.000000
    3 -4.549240 -1.689358 -0.012529 0.000000 0.000000 0.000000
    4 4.331499 0.360595 -0.709097 0.000015 0.000003 0.056022
    5 3.513922 0.962076 -0.004281 0.000004 -0.000001 1.176003
    6 2.855053 0.477292 0.679213 -0.000001 -0.000004 2.896619
    7 1.649902 5.878080 0.032496 -0.000003 0.000002 -1.570796
    8 6.587842 -0.691444 0.025964 -0.000001 -0.000001 1.570796
    9 0.000002 -0.241401 -0.052690 0.000001 0.000001 0.000000
    10 10.620066 1.884898 -0.004843 -1.570796 -0.000002 1.570796
    11 -9.087198 1.359573 -0.008167 -0.000003 0.000002 -1.570796
    12 -0.918097 -23.445998 -9.243529 3.090161 0.051032 -1.916344
    13 1.473659 0.639418 -1.295234 2.246183 0.440257 0.736868
    14 1.832607 0.000002 -0.000008 3.110046 0.047491 0.758067
    15 1.003335 0.000005 0.000001 -3.040061 -0.014385 -0.167803
    16 3.823895 -0.419603 -1.411520 0.229129 -0.129700 0.759577
    17 2.187956 0.000010 0.000000 -0.012082 -0.011908 1.896829
    18 1.100960 0.000002 0.000000 0.384821 -0.022925 0.395360
    19 3.987863 -0.577452 -0.474712 0.106909 -0.099139 0.745896
    20 1.890109 -0.000010 -0.000001 -0.024571 -0.089012 1.713779
    21 1.310925 0.000000 0.000000 0.487402 0.014826 0.431452
    22 4.117986 -0.654534 0.453695 0.083857 -0.114196 0.864680
    23 1.655294 0.000008 0.000000 -0.039797 0.033474 1.386062
    24 0.869582 0.000004 0.000000 0.072305 -0.050335 0.567074
    25 4.150630 -0.581594 1.354863 -0.339030 -0.077155 0.722463
    26 1.157247 -0.000010 -0.000002 -0.226722 -0.320721 1.453911
    27 1.019835 -0.000006 0.000000 -1.463117 -0.151684 0.429397
    28 7.406140 -6.039003 -8.901889 -1.580133 0.713369 -1.829186
    29 12.695427 -0.000020 -0.000008 -0.174795 0.293794 -1.417974
    30 -5.832307 -13.779598 -8.743513 3.092222 0.068946 -1.373423
    31 1.474215 -0.497926 -1.376118 0.979444 0.426216 -0.250748
    32 1.832179 -0.000010 -0.000002 -2.526135 -0.301549 0.609667
    33 1.042025 -0.000004 -0.000009 -2.896901 -0.278839 -0.192682
    34 3.823320 0.664865 -1.331676 0.245827 0.360619 0.007715
    35 2.152367 -0.000001 0.000004 0.121678 -0.227769 -0.422764
    36 1.056622 -0.000011 0.000000 0.257338 -0.113125 -0.363573
    37 3.985134 0.881805 -0.368986 0.128322 -0.008132 -0.090211
    38 1.830183 0.000015 0.000000 0.063848 -0.073976 -1.510192
    39 1.561352 0.000008 -0.000004 0.027622 -0.015767 -1.357316
    40 4.116518 0.711272 0.551869 0.187923 0.006580 -0.361666
    41 1.752727 0.000006 0.000000 0.026521 0.029537 -1.405331
    42 0.869359 -0.000006 0.000000 0.015642 -0.073475 -0.926076
    43 4.118826 0.331223 1.419829 0.128888 -0.005990 -0.280207
    44 1.176321 0.000006 0.000000 -0.027338 0.139049 -0.923484
    45 0.970199 -0.000002 -0.000004 1.655618 0.044631 -1.487290
    46 -7.606037 1.001330 -4.120493 -2.885803 1.020495 -2.239253
    47 12.706336 -0.000035 -0.000009 -0.295803 0.287841 -1.840268
    48 0.000000 0.000000 -0.000003 0.000000 0.000000 0.000000
    49 1.200000 0.000000 0.000010 0.000000 0.000000 0.000000
    50 0.000010 -0.300000 0.000000 3.141593 0.000000 -0.174533
    51 0.000000 -0.000001 0.000000 0.000000 0.000000 0.000000
    52 -0.000003 0.000000 0.000001 3.141592 0.000000 0.000000
    53 0.000006 0.000000 0.000004 0.000000 0.000000 0.349065
    54 0.000000 0.000000 0.000000 3.141593 0.000000 0.000000
    55 -0.000008 -0.000006 0.000000 3.141593 0.000000 0.000000
    56 0.000002 -0.000002 0.000000 3.141593 0.000000 0.000000
    57 0.000014 -0.000004 0.000000 3.141593 0.000000 0.000000
    58 -0.000001 0.000000 0.000000 3.141593 0.000000 -0.000001
    59 0.000000 0.000000 0.000000 3.141593 0.000000 0.000000
    60 0.000010 0.000017 0.000000 3.141593 0.000000 -0.000001
    61 0.000000 0.000004 0.000000 3.141593 0.000000 -0.000001
    62 0.000000 0.000006 0.000000 3.141593 0.000000 -0.000001
    63 0.000001 0.000002 0.000000 3.141593 0.000000 0.000000
    64 0.000000 0.000000 0.000000 -3.141592 0.000000 0.000000
    65 0.000000 0.000000 0.000000 -1.570797 -0.000001 0.000000
    66 0.000000 0.000000 0.000000 0.000000 0.000000 0.000000
    67 1.200000 0.000000 0.000000 0.000000 0.000000 0.000000
    68 0.000009 0.299994 0.000000 0.000000 0.000000 0.174533
    69 -0.000001 -0.000001 -0.000004 0.000000 0.000000 0.000000
    70 -0.000010 0.000000 -0.000003 -3.141592 0.000001 0.000000
    71 0.000000 0.000000 0.000000 0.000001 -0.000001 0.349065
    72 0.000000 -0.000003 0.000000 0.000000 0.000000 0.000000
    73 0.000003 0.000000 0.000000 0.000000 0.000000 0.000000
    74 -0.000010 -0.000006 0.000000 -0.000001 0.000000 0.000000
    75 0.000019 0.000002 0.000000 0.000000 0.000000 0.000000
    76 0.000001 0.000004 0.000000 0.000000 0.000000 -0.000001
    77 0.000000 0.000000 0.000000 0.000000 0.000000 -0.000001
    78 0.000001 -0.000002 0.000000 0.000000 0.000000 -0.000001
    79 0.000000 0.000000 0.000000 0.000000 0.000000 -0.000001
    80 0.000001 0.000008 0.000000 0.000000 0.000000 0.000000
    81 -0.000003 0.000004 0.000000 0.000000 0.000000 0.000000
    82 -0.000007 -0.000008 0.000000 0.000000 0.000000 -0.000001
    83 0.000000 0.000002 -0.000002 -1.570796 0.000000 0.000000
  time 171
    0 -4.958441 -16.655033 -4.855863 -1.565777 0.048552 -1.426144
    1 -1.185547 -1.036133 0.043213 0.000000 0.000004 0.000000
    2 -1.935547 -1.362305 0.225464 0.000000 0.000002 0.000000
    3 -4.549240 -1.689358 -0.012529 0.000000 0.000000 0.000000
    4 4.331499 0.360595 -0.709097 0.000015 0.000003 0.056022
    5 3.513922 0.962076 -0.004281 0.000004 -0.000001 1.176003
    6 2.855053 0.477292 0.679213 -0.000001 -0.000004 2.896619
    7 1.649902 5.878080 0.032496 -0.000003 0.000002 -1.570796
    8 6.587842 -0.691444 0.025964 -0.000001 -0.000001 1.570796
    9 0.000002 -0.241401 -0.052690 0.000001 0.000001 0.000000
    10 10.620066 1.884898 -0.004843 -1.570796 -0.000002 1.570796
    11 -9.087198 1.359573 -0.008167 -0.000003 0.000002 -1.570796
    12 -1.300922 -23.680380 -9.083368 3.083683 0.031594 -1.957486
    13 1.473659 0.639418 -1.295234 2.246183 0.440257 0.736868
    14 1.832607 0.000002 -0.000008 3.110046 0.047491 0.758067
    15 1.003335 0.000005 0.000001 -3.040061 -0.014385 -0.167803
    16 3.823895 -0.419603 -1.411520 0.229129 -0.129700 0.759577
    17 2.187956 0.000010 0.000000 -0.012082 -0.011908 1.896829
    18 1.100960 0.000002 0.000000 0.384821 -0.022925 0.395360
    19 3.987863 -0.577452 -0.474712 0.106909 -0.099139 0.745896
    20 1.890109 -0.000010 -0.000001 -0.024571 -0.089012 1.713779
    21 1.310925 0.000000 0.000000 0.487416 0.014826 0.431452
    22 4.117986 -0.654534 0.453695 0.083857 -0.114196 0.864680
    23 1.655294 0.000008 0.000000 -0.039785 0.033474 1.386062
    24 0.869582 0.000004 0.000000 0.072305 -0.050347 0.567074
    25 4.150630 -0.581594 1.354863 -0.339030 -0.077155 0.722463
    26 1.157247 -0.000010 -0.000002 -0.226722 -0.320721 1.453911
    27 1.019835 -0.000006 0.000000 -1.463105 -0.151684 0.429397
    28 7.406140 -6.039003 -8.901889 -1.588319 0.683708 -1.851666
    29 12.695427 -0.000020 -0.000008 -0.161315 0.291493 -1.371161
    30 -5.808869 -13.806943 -8.669292 3.076461 0.055777 -1.414838
    31 1.474215 -0.497926 -1.376118 0.979456 0.426216 -0.250736
    32 1.832179 -0.000010 -0.000002 -2.526135 -0.301549 0.609667
    33 1.042025 -0.000004 -0.000009 -2.896901 -0.278827 -0.192682
    34 3.823320 0.664865 -1.331676 0.244544 0.361997 0.003988
    35 2.152367 -0.000001 0.000004 0.123680 -0.231520 -0.430903
    36 1.056622 -0.000011 0.000000 0.258021 -0.115162 -0.370345
    37 3.985134 0.881805 -0.368986 0.128322 -0.008132 -0.090211
    38 1.830183 0.000015 0.000000 0.063848 -0.073976 -1.510192
    39 1.561352 0.000008 -0.000004 0.027622 -0.015767 -1.357316
    40 4.116518 0.711272 0.551869 0.187923 0.006580 -0.361666
    41 1.752727 0.000006 0.000000 0.026521 0.029537 -1.405331
    42 0.869359 -0.000006 0.000000 0.015642 -0.073475 -0.926076
    43 4.118826 0.331223 1.419829 0.128888 -0.005990 -0.280207
    44 1.176321 0.000006 0.000000 -0.027338 0.139049 -0.923484
    45 0.970199 -0.000002 -0.000004 1.655618 0.044631 -1.487290
    46 -7.606037 1.001330 -4.120493 -2.874911 1.018960 -2.229319
    47 12.706336 -0.000035 -0.000009 -0.295386 0.288045 -1.839099
    48 0.000000 0.000000 -0.000003 0.000000 0.000000 0.000000
    49 1.200000 0.000000 0.000010 0.000000 0.000000 0.000000
    50 0.000010 -0.300000 0.000000 3.141593 0.000000 -0.174533
    51 0.000000 -0.000001 0.000000 0.000000 0.000000 0.000000
    52 -0.000003 0.000000 0.000001 3.141592 0.000000 0.000000
    53 0.000006 0.000000 0.000004 0.000000 0.000000 0.349065
    54 0.000000 0.000000 0.000000 3.141593 0.000000 0.000000
    55 -0.000008 -0.000006 0.000000 3.141593 0.000000 0.000000
    56 0.000002 -0.000002 0.000000 3.141593 0.000000 0.000000
    57 0.000014 -0.000004 0.000000 3.141593 0.000000 0.000000
    58 -0.000001 0.000000 0.000000 3.141593 0.000000 -0.000001
    59 0.000000 0.000000 0.000000 3.141593 0.000000 0.000000
    60 0.000010 0.000017 0.000000 3.141593 0.000000 -0.000001
    61 0.000000 0.000004 0.000000 3.141593 0.000000 -0.000001
    62 0.000000 0.000006 0.000000 3.141593 0.000000 -0.000001
    63 0.000001 0.000002 0.000000 3.141593 0.000000 0.000000
    64 0.000000 0.000000 0.000000 -3.141592 0.000000 0.000000
    65 0.000000 0.000000 0.000000 -1.570797 -0.000001 0.000000
    66 0.000000 0.000000 0.000000 0.000000 0.000000 0.000000
    67 1.200000 0.000000 0.000000 0.000000 0.000000 0.000000
    68 0.000009 0.299994 0.000000 0.000000 0.000000 0.174533
    69 -0.000001 -0.000001 -0.000004 0.000000 0.000000 0.000000
    70 -0.000010 0.000000 -0.000003 -3.141592 0.000001 0.000000
    71 0.000000 0.000000 0.000000 0.000001 -0.000001 0.349065
    72 0.000000 -0.000003 0.000000 0.000000 0.000000 0.000000
    73 0.000003 0.000000 0.000000 0.000000 0.000000 0.000000
    74 -0.000010 -0.000006 0.000000 -0.000001 0.000000 0.000000
    75 0.000019 0.000002 0.000000 0.000000 0.000000 0.000000
    76 0.000001 0.000004 0.000000 0.000000 0.000000 -0.000001
    77 0.000000 0.000000 0.000000 0.000000 0.000000 -0.000001
    78 0.000001 -0.000002 0.000000 0.000000 0.000000 -0.000001
    79 0.000000 0.000000 0.000000 0.000000 0.000000 -0.000001
    80 0.000001 0.000008 0.000000 0.000000 0.000000 0.000000
    81 -0.000003 0.000004 0.000000 0.000000 0.000000 0.000000
    82 -0.000007 -0.000008 0.000000 0.000000 0.000000 -0.000001
    83 0.000000 0.000002 -0.000002 -1.570796 0.000000 0.000000
  time 172
    0 -4.997504 -16.662845 -4.711328 -1.586443 0.028678 -1.464118
    1 -1.185547 -1.036133 0.043213 0.000000 0.000004 0.000000
    2 -1.935547 -1.362305 0.225464 0.000000 0.000002 0.000000
    3 -4.549240 -1.689358 -0.012529 0.000000 0.000000 0.000000
    4 4.331499 0.360595 -0.709097 0.000015 0.000003 0.056022
    5 3.513922 0.962076 -0.004281 0.000004 -0.000001 1.176003
    6 2.855053 0.477292 0.679213 -0.000001 -0.000004 2.896619
    7 1.649902 5.878080 0.032496 -0.000003 0.000002 -1.570796
    8 6.587842 -0.691444 0.025964 -0.000001 -0.000001 1.570796
    9 0.000002 -0.241401 -0.052690 0.000001 0.000001 0.000000
    10 10.620066 1.884898 -0.004843 -1.570796 -0.000002 1.570796
    11 -9.087198 1.359573 -0.008167 -0.000003 0.000002 -1.570796
    12 -1.675933 -23.914762 -8.841173 3.075471 0.004188 -1.994210
    13 1.473659 0.639418 -1.295234 2.246183 0.440257 0.736868
    14 1.832607 0.000002 -0.000008 3.110046 0.047491 0.758067
    15 1.003335 0.000005 0.000001 -3.040061 -0.014385 -0.167803
    16 3.823895 -0.419603 -1.411520 0.229129 -0.129700 0.759577
    17 2.187956 0.000010 0.000000 -0.012082 -0.011908 1.896829
    18 1.100960 0.000002 0.000000 0.384821 -0.022925 0.395360
    19 3.987863 -0.577452 -0.474712 0.106909 -0.099139 0.745896
    20 1.890109 -0.000010 -0.000001 -0.024571 -0.089012 1.713897
    21 1.310925 0.000000 0.000000 0.487416 0.014826 0.431452
    22 4.117986 -0.654534 0.453695 0.083857 -0.114196 0.864680
    23 1.655294 0.000008 0.000000 -0.039785 0.033474 1.386062
    24 0.869582 0.000004 0.000000 0.072305 -0.050335 0.567074
    25 4.150630 -0.581594 1.354863 -0.339030 -0.077155 0.722463
    26 1.157247 -0.000010 -0.000002 -0.226722 -0.320708 1.453911
    27 1.019835 -0.000006 0.000000 -1.463093 -0.151684 0.429397
    28 7.406140 -6.039003 -8.901889 -1.596315 0.649103 -1.873041
    29 12.695427 -0.000020 -0.000008 -0.147415 0.288389 -1.322450
    30 -5.808869 -13.873351 -8.575539 3.055371 0.036131 -1.452488
    31 1.474215 -0.497926 -1.376118 0.979456 0.426216 -0.250736
    32 1.832179 -0.000010 -0.000002 -2.526123 -0.301549 0.609667
    33 1.042025 -0.000004 -0.000009 -2.896901 -0.278839 -0.192682
    34 3.823320 0.664865 -1.331676 0.244544 0.361997 0.003988
    35 2.152367 -0.000001 0.000004 0.123680 -0.231520 -0.430903
    36 1.056622 -0.000011 0.000000 0.258021 -0.115162 -0.370345
    37 3.985134 0.881805 -0.368986 0.128322 -0.008132 -0.090211
    38 1.830183 0.000015 0.000000 0.063848 -0.073976 -1.510192
    39 1.561352 0.000008 -0.000004 0.027622 -0.015767 -1.357316
    40 4.116518 0.711272 0.551869 0.187923 0.006580 -0.361666
    41 1.752727 0.000006 0.000000 0.026521 0.029537 -1.405331
    42 0.869359 -0.000006 0.000000 0.015642 -0.073475 -0.926076
    43 4.118826 0.331223 1.419829 0.128888 -0.005990 -0.280207
    44 1.176321 0.000006 0.000000 -0.027338 0.139049 -0.923507
    45 0.970199 -0.000002 -0.000004 1.655618 0.044631 -1.487290
    46 -7.606037 1.001330 -4.120493 -2.855209 1.017091 -2.214387
    47 12.706336 -0.000035 -0.000009 -0.294540 0.288297 -1.835837
    48 0.000000 0.000000 -0.000003 0.000000 0.000000 0.000000
    49 1.200000 0.000000 0.000010 0.000000 0.000000 0.000000
    50 0.000010 -0.300000 0.000000 3.141593 0.000000 -0.174533
    51 0.000000 -0.000001 0.000000 0.000000 0.000000 0.000000
    52 -0.000003 0.000000 0.000001 3.141592 0.000000 0.000000
    53 0.000006 0.000000 0.000004 0.000000 0.000000 0.349065
    54 0.000000 0.000000 0.000000 3.141593 0.000000 0.000000
    55 -0.000008 -0.000006 0.000000 3.141593 0.000000 0.000000
    56 0.000002 -0.000002 0.000000 3.141593 0.000000 0.000000
    57 0.000014 -0.000004 0.000000 3.141593 0.000000 0.000000
    58 -0.000001 0.000000 0.000000 3.141593 0.000000 -0.000001
    59 0.000000 0.000000 0.000000 3.141593 0.000000 0.000000
    60 0.000010 0.000017 0.000000 3.141593 0.000000 -0.000001
    61 0.000000 0.000004 0.000000 3.141593 0.000000 -0.000001
    62 0.000000 0.000006 0.000000 3.141593 0.000000 -0.000001
    63 0.000001 0.000002 0.000000 3.141593 0.000000 0.000000
    64 0.000000 0.000000 0.000000 -3.141592 0.000000 0.000000
    65 0.000000 0.000000 0.000000 -1.570797 -0.000001 0.000000
    66 0.000000 0.000000 0.000000 0.000000 0.000000 0.000000
    67 1.200000 0.000000 0.000000 0.000000 0.000000 0.000000
    68 0.000009 0.299994 0.000000 0.000000 0.000000 0.174533
    69 -0.000001 -0.000001 -0.000004 0.000000 0.000000 0.000000
    70 -0.000010 0.000000 -0.000003 -3.141592 0.000001 0.000000
    71 0.000000 0.000000 0.000000 0.000001 -0.000001 0.349065
    72 0.000000 -0.000003 0.000000 0.000000 0.000000 0.000000
    73 0.000003 0.000000 0.000000 0.000000 0.000000 0.000000
    74 -0.000010 -0.000006 0.000000 -0.000001 0.000000 0.000000
    75 0.000019 0.000002 0.000000 0.000000 0.000000 0.000000
    76 0.000001 0.000004 0.000000 0.000000 0.000000 -0.000001
    77 0.000000 0.000000 0.000000 0.000000 0.000000 -0.000001
    78 0.000001 -0.000002 0.000000 0.000000 0.000000 -0.000001
    79 0.000000 0.000000 0.000000 0.000000 0.000000 -0.000001
    80 0.000001 0.000008 0.000000 0.000000 0.000000 0.000000
    81 -0.000003 0.000004 0.000000 0.000000 0.000000 0.000000
    82 -0.000007 -0.000008 0.000000 0.000000 0.000000 -0.000001
    83 0.000000 0.000002 -0.000002 -1.570796 0.000000 0.000000
  time 173
    0 -5.024849 -16.670658 -4.551167 -1.606615 0.008321 -1.494356
    1 -1.185547 -1.036133 0.043213 0.000000 0.000004 0.000000
    2 -1.935547 -1.362305 0.225464 0.000000 0.000002 0.000000
    3 -4.549240 -1.689358 -0.012529 0.000000 0.000000 0.000000
    4 4.331499 0.360595 -0.709097 0.000015 0.000003 0.056022
    5 3.513922 0.962076 -0.004281 0.000004 -0.000001 1.176003
    6 2.855053 0.477292 0.679213 -0.000001 -0.000004 2.896619
    7 1.649902 5.878080 0.032496 -0.000003 0.000002 -1.570796
    8 6.587842 -0.691444 0.025964 -0.000001 -0.000001 1.570796
    9 0.000002 -0.241401 -0.052690 0.000001 0.000001 0.000000
    10 10.620066 1.884898 -0.004843 -1.570796 -0.000002 1.570796
    11 -9.087198 1.359573 -0.008167 -0.000003 0.000002 -1.570796
    12 -2.000162 -24.106174 -8.575540 3.068810 -0.023500 -2.024487
    13 1.473659 0.639418 -1.295234 2.246183 0.440257 0.736868
    14 1.832607 0.000002 -0.000008 3.110046 0.047491 0.758067
    15 1.003335 0.000005 0.000001 -3.040061 -0.014385 -0.167803
    16 3.823895 -0.419603 -1.411520 0.229129 -0.129700 0.759577
    17 2.187956 0.000010 0.000000 -0.012082 -0.011908 1.896829
    18 1.100960 0.000002 0.000000 0.384821 -0.022913 0.395360
    19 3.987863 -0.577452 -0.474712 0.106909 -0.099139 0.745896
    20 1.890109 -0.000010 -0.000001 -0.024571 -0.089012 1.713897
    21 1.310925 0.000000 0.000000 0.487402 0.014826 0.431452
    22 4.117986 -0.654534 0.453695 0.083857 -0.114196 0.864680
    23 1.655294 0.000008 0.000000 -0.039797 0.033474 1.386062
    24 0.869582 0.000004 0.000000 0.072305 -0.050335 0.567074
    25 4.150630 -0.581594 1.354863 -0.339030 -0.077155 0.722463
    26 1.157247 -0.000010 -0.000002 -0.226722 -0.320721 1.453911
    27 1.019835 -0.000006 0.000000 -1.463105 -0.151684 0.429397
    28 7.406140 -6.039003 -8.901889 -1.603549 0.616367 -1.891835
    29 12.695427 -0.000020 -0.000008 -0.135194 0.285213 -1.279354
    30 -5.824494 -13.939759 -8.470067 3.035133 0.015996 -1.483887
    31 1.474215 -0.497926 -1.376118 0.979456 0.426216 -0.250736
    32 1.832179 -0.000010 -0.000002 -2.526123 -0.301549 0.609667
    33 1.042025 -0.000004 -0.000009 -2.896901 -0.278839 -0.192682
    34 3.823320 0.664865 -1.331676 0.244544 0.361997 0.003988
    35 2.152367 -0.000001 0.000004 0.123680 -0.231520 -0.430903
    36 1.056622 -0.000011 0.000000 0.258009 -0.115162 -0.370345
    37 3.985134 0.881805 -0.368986 0.128322 -0.008132 -0.090211
    38 1.830183 0.000015 0.000000 0.063848 -0.073976 -1.510192
    39 1.561352 0.000008 -0.000004 0.027622 -0.015767 -1.357316
    40 4.116518 0.711272 0.551869 0.187923 0.006580 -0.361666
    41 1.752727 0.000006 0.000000 0.026521 0.029537 -1.405331
    42 0.869359 -0.000006 0.000000 0.015642 -0.073475 -0.926076
    43 4.118826 0.331223 1.419829 0.128888 -0.005990 -0.280207
    44 1.176321 0.000006 0.000000 -0.027338 0.139049 -0.923507
    45 0.970199 -0.000002 -0.000004 1.655618 0.044631 -1.487290
    46 -7.606037 1.001330 -4.120493 -2.833357 1.014889 -2.198580
    47 12.706336 -0.000035 -0.000009 -0.293433 0.288428 -1.832392
    48 0.000000 0.000000 -0.000003 0.000000 0.000000 0.000000
    49 1.200000 0.000000 0.000010 0.000000 0.000000 0.000000
    50 0.000010 -0.300000 0.000000 3.141593 0.000000 -0.174533
    51 0.000000 -0.000001 0.000000 0.000000 0.000000 0.000000
    52 -0.000003 0.000000 0.000001 3.141592 0.000000 0.000000
    53 0.000006 0.000000 0.000004 0.000000 0.000000 0.349065
    54 0.000000 0.000000 0.000000 3.141593 0.000000 0.000000
    55 -0.000008 -0.000006 0.000000 3.141593 0.000000 0.000000
    56 0.000002 -0.000002 0.000000 3.141593 0.000000 0.000000
    57 0.000014 -0.000004 0.000000 3.141593 0.000000 0.000000
    58 -0.000001 0.000000 0.000000 3.141593 0.000000 -0.000001
    59 0.000000 0.000000 0.000000 3.141593 0.000000 0.000000
    60 0.000010 0.000017 0.000000 3.141593 0.000000 -0.000001
    61 0.000000 0.000004 0.000000 3.141593 0.000000 -0.000001
    62 0.000000 0.000006 0.000000 3.141593 0.000000 -0.000001
    63 0.000001 0.000002 0.000000 3.141593 0.000000 0.000000
    64 0.000000 0.000000 0.000000 -3.141592 0.000000 0.000000
    65 0.000000 0.000000 0.000000 -1.570797 -0.000001 0.000000
    66 0.000000 0.000000 0.000000 0.000000 0.000000 0.000000
    67 1.200000 0.000000 0.000000 0.000000 0.000000 0.000000
    68 0.000009 0.299994 0.000000 0.000000 0.000000 0.174533
    69 -0.000001 -0.000001 -0.000004 0.000000 0.000000 0.000000
    70 -0.000010 0.000000 -0.000003 -3.141592 0.000001 0.000000
    71 0.000000 0.000000 0.000000 0.000001 -0.000001 0.349065
    72 0.000000 -0.000003 0.000000 0.000000 0.000000 0.000000
    73 0.000003 0.000000 0.000000 0.000000 0.000000 0.000000
    74 -0.000010 -0.000006 0.000000 -0.000001 0.000000 0.000000
    75 0.000019 0.000002 0.000000 0.000000 0.000000 0.000000
    76 0.000001 0.000004 0.000000 0.000000 0.000000 -0.000001
    77 0.000000 0.000000 0.000000 0.000000 0.000000 -0.000001
    78 0.000001 -0.000002 0.000000 0.000000 0.000000 -0.000001
    79 0.000000 0.000000 0.000000 0.000000 0.000000 -0.000001
    80 0.000001 0.000008 0.000000 0.000000 0.000000 0.000000
    81 -0.000003 0.000004 0.000000 0.000000 0.000000 0.000000
    82 -0.000007 -0.000008 0.000000 0.000000 0.000000 -0.000001
    83 0.000000 0.000002 -0.000002 -1.570796 0.000000 0.000000
  time 174
    0 -5.040474 -16.678471 -4.426163 -1.620108 -0.006177 -1.517779
    1 -1.185547 -1.036133 0.043213 0.000000 0.000004 0.000000
    2 -1.935547 -1.362305 0.225464 0.000000 0.000002 0.000000
    3 -4.549240 -1.689358 -0.012529 0.000000 0.000000 0.000000
    4 4.331499 0.360595 -0.709097 0.000015 0.000003 0.056022
    5 3.513922 0.962076 -0.004281 0.000004 -0.000001 1.176003
    6 2.855053 0.477292 0.679213 -0.000001 -0.000004 2.896619
    7 1.649902 5.878080 0.032496 -0.000003 0.000002 -1.570796
    8 6.587842 -0.691444 0.025964 -0.000001 -0.000001 1.570796
    9 0.000002 -0.241401 -0.052690 0.000001 0.000001 0.000000
    10 10.620066 1.884898 -0.004843 -1.570796 -0.000002 1.570796
    11 -9.087198 1.359573 -0.008167 -0.000003 0.000002 -1.570796
    12 -2.242357 -24.238991 -8.380221 3.064886 -0.042817 -2.047883
    13 1.473659 0.639418 -1.295234 2.246183 0.440257 0.736868
    14 1.832607 0.000002 -0.000008 3.110046 0.047491 0.758067
    15 1.003335 0.000005 0.000001 -3.040061 -0.014385 -0.167803
    16 3.823895 -0.419603 -1.411520 0.229129 -0.129700 0.759577
    17 2.187956 0.000010 0.000000 -0.012082 -0.011908 1.896829
    18 1.100960 0.000002 0.000000 0.384821 -0.022985 0.395360
    19 3.987863 -0.577452 -0.474712 0.106909 -0.099139 0.745896
    20 1.890109 -0.000010 -0.000001 -0.024571 -0.089012 1.713897
    21 1.310925 0.000000 0.000000 0.487402 0.014826 0.431452
    22 4.117986 -0.654534 0.453695 0.083857 -0.114196 0.864680
    23 1.655294 0.000008 0.000000 -0.039797 0.033474 1.386062
    24 0.869582 0.000004 0.000000 0.072305 -0.050335 0.567074
    25 4.150630 -0.581594 1.354863 -0.339030 -0.077155 0.722463
    26 1.157247 -0.000010 -0.000002 -0.226722 -0.320721 1.453985
    27 1.019835 -0.000006 0.000000 -1.463105 -0.151684 0.429397
    28 7.406140 -6.039003 -8.901889 -1.610307 0.591940 -1.906392
    29 12.695427 -0.000020 -0.000008 -0.126129 0.282336 -1.247091
    30 -5.824494 -13.986636 -8.372408 3.021431 0.001666 -1.506903
    31 1.474215 -0.497926 -1.376118 0.979444 0.426216 -0.250736
    32 1.832179 -0.000010 -0.000002 -2.526123 -0.301549 0.609667
    33 1.042025 -0.000004 -0.000009 -2.896901 -0.278839 -0.192682
    34 3.823320 0.664865 -1.331676 0.244544 0.361997 0.003988
    35 2.152367 -0.000001 0.000004 0.123680 -0.231520 -0.430903
    36 1.056622 -0.000011 0.000000 0.257985 -0.115162 -0.370345
    37 3.985134 0.881805 -0.368986 0.128322 -0.008132 -0.090211
    38 1.830183 0.000015 0.000000 0.063848 -0.073976 -1.510192
    39 1.561352 0.000008 -0.000004 0.027622 -0.015767 -1.357316
    40 4.116518 0.711272 0.551869 0.187923 0.006580 -0.361666
    41 1.752727 0.000006 0.000000 0.026521 0.029537 -1.405331
    42 0.869359 -0.000006 0.000000 0.015642 -0.073475 -0.926076
    43 4.118826 0.331223 1.419829 0.128888 -0.005990 -0.280207
    44 1.176321 0.000006 0.000000 -0.027338 0.139049 -0.923530
    45 0.970199 -0.000002 -0.000004 1.655618 0.044631 -1.487290
    46 -7.606037 1.001330 -4.120493 -2.816291 1.012920 -2.185772
    47 12.706336 -0.000035 -0.000009 -0.292886 0.288572 -1.830423
    48 0.000000 0.000000 -0.000003 0.000000 0.000000 0.000000
    49 1.200000 0.000000 0.000010 0.000000 0.000000 0.000000
    50 0.000010 -0.300000 0.000000 3.141593 0.000000 -0.174533
    51 0.000000 -0.000001 0.000000 0.000000 0.000000 0.000000
    52 -0.000003 0.000000 0.000001 3.141592 0.000000 0.000000
    53 0.000006 0.000000 0.000004 0.000000 0.000000 0.349065
    54 0.000000 0.000000 0.000000 3.141593 0.000000 0.000000
    55 -0.000008 -0.000006 0.000000 3.141593 0.000000 0.000000
    56 0.000002 -0.000002 0.000000 3.141593 0.000000 0.000000
    57 0.000014 -0.000004 0.000000 3.141593 0.000000 0.000000
    58 -0.000001 0.000000 0.000000 3.141593 0.000000 -0.000001
    59 0.000000 0.000000 0.000000 3.141593 0.000000 0.000000
    60 0.000010 0.000017 0.000000 3.141593 0.000000 -0.000001
    61 0.000000 0.000004 0.000000 3.141593 0.000000 -0.000001
    62 0.000000 0.000006 0.000000 3.141593 0.000000 -0.000001
    63 0.000001 0.000002 0.000000 3.141593 0.000000 0.000000
    64 0.000000 0.000000 0.000000 -3.141592 0.000000 0.000000
    65 0.000000 0.000000 0.000000 -1.570797 -0.000001 0.000000
    66 0.000000 0.000000 0.000000 0.000000 0.000000 0.000000
    67 1.200000 0.000000 0.000000 0.000000 0.000000 0.000000
    68 0.000009 0.299994 0.000000 0.000000 0.000000 0.174533
    69 -0.000001 -0.000001 -0.000004 0.000000 0.000000 0.000000
    70 -0.000010 0.000000 -0.000003 -3.141592 0.000001 0.000000
    71 0.000000 0.000000 0.000000 0.000001 -0.000001 0.349065
    72 0.000000 -0.000003 0.000000 0.000000 0.000000 0.000000
    73 0.000003 0.000000 0.000000 0.000000 0.000000 0.000000
    74 -0.000010 -0.000006 0.000000 -0.000001 0.000000 0.000000
    75 0.000019 0.000002 0.000000 0.000000 0.000000 0.000000
    76 0.000001 0.000004 0.000000 0.000000 0.000000 -0.000001
    77 0.000000 0.000000 0.000000 0.000000 0.000000 -0.000001
    78 0.000001 -0.000002 0.000000 0.000000 0.000000 -0.000001
    79 0.000000 0.000000 0.000000 0.000000 0.000000 -0.000001
    80 0.000001 0.000008 0.000000 0.000000 0.000000 0.000000
    81 -0.000003 0.000004 0.000000 0.000000 0.000000 0.000000
    82 -0.000007 -0.000008 0.000000 0.000000 0.000000 -0.000001
    83 0.000000 0.000002 -0.000002 -1.570796 0.000000 0.000000
  time 175
    0 -5.048287 -16.678471 -4.355848 -1.624680 -0.011432 -1.535240
    1 -1.185547 -1.036133 0.043213 0.000000 0.000004 0.000000
    2 -1.935547 -1.362305 0.225464 0.000000 0.000002 0.000000
    3 -4.549240 -1.689358 -0.012529 0.000000 0.000000 0.000000
    4 4.331499 0.360595 -0.709097 0.000015 0.000003 0.056022
    5 3.513922 0.962076 -0.004281 0.000004 -0.000001 1.176003
    6 2.855053 0.477292 0.679213 -0.000001 -0.000004 2.896619
    7 1.649902 5.878080 0.032496 -0.000003 0.000002 -1.570796
    8 6.587842 -0.691444 0.025964 -0.000001 -0.000001 1.570796
    9 0.000002 -0.241401 -0.052690 0.000001 0.000001 0.000000
    10 10.620066 1.884898 -0.004843 -1.570796 -0.000002 1.570796
    11 -9.087198 1.359573 -0.008167 -0.000003 0.000002 -1.570796
    12 -2.398611 -24.305399 -8.266937 3.063517 -0.049658 -2.065267
    13 1.473659 0.639418 -1.295234 2.246183 0.440257 0.736868
    14 1.832607 0.000002 -0.000008 3.110046 0.047491 0.758067
    15 1.003335 0.000005 0.000001 -3.040061 -0.014385 -0.167803
    16 3.823895 -0.419603 -1.411520 0.229129 -0.129700 0.759577
    17 2.187956 0.000010 0.000000 -0.012082 -0.011908 1.896829
    18 1.100960 0.000002 0.000000 0.384821 -0.022949 0.395360
    19 3.987863 -0.577452 -0.474712 0.106909 -0.099139 0.745896
    20 1.890109 -0.000010 -0.000001 -0.024571 -0.089012 1.713897
    21 1.310925 0.000000 0.000000 0.487402 0.014826 0.431452
    22 4.117986 -0.654534 0.453695 0.083857 -0.114196 0.864680
    23 1.655294 0.000008 0.000000 -0.039797 0.033474 1.386062
    24 0.869582 0.000004 0.000000 0.072305 -0.050335 0.567074
    25 4.150630 -0.581594 1.354863 -0.339030 -0.077155 0.722463
    26 1.157247 -0.000010 -0.000002 -0.226722 -0.320721 1.453911
    27 1.019835 -0.000006 0.000000 -1.463105 -0.151684 0.429397
    28 7.406140 -6.039003 -8.901889 -1.616018 0.578480 -1.916711
    29 12.695427 -0.000020 -0.000008 -0.120824 0.280611 -1.227955
    30 -5.801056 -13.998355 -8.313812 3.016864 -0.003574 -1.525018
    31 1.474215 -0.497926 -1.376118 0.979456 0.426216 -0.250748
    32 1.832179 -0.000010 -0.000002 -2.526123 -0.301549 0.609667
    33 1.042025 -0.000004 -0.000009 -2.896901 -0.278827 -0.192682
    34 3.823320 0.664865 -1.331676 0.244544 0.361997 0.003988
    35 2.152367 -0.000001 0.000004 0.123680 -0.231520 -0.430903
    36 1.056622 -0.000011 0.000000 0.258033 -0.115162 -0.370345
    37 3.985134 0.881805 -0.368986 0.128322 -0.008132 -0.090211
    38 1.830183 0.000015 0.000000 0.063848 -0.073976 -1.510192
    39 1.561352 0.000008 -0.000004 0.027622 -0.015767 -1.357316
    40 4.116518 0.711272 0.551869 0.187923 0.006580 -0.361666
    41 1.752727 0.000006 0.000000 0.026521 0.029537 -1.405331
    42 0.869359 -0.000006 0.000000 0.015642 -0.073475 -0.926076
    43 4.118826 0.331223 1.419829 0.128888 -0.005990 -0.280207
    44 1.176321 0.000006 0.000000 -0.027338 0.139049 -0.923484
    45 0.970199 -0.000002 -0.000004 1.655618 0.044631 -1.487290
    46 -7.606037 1.001330 -4.120493 -2.808660 1.011552 -2.178212
    47 12.706336 -0.000035 -0.000009 -0.293134 0.288548 -1.830853
    48 0.000000 0.000000 -0.000003 0.000000 0.000000 0.000000
    49 1.200000 0.000000 0.000010 0.000000 0.000000 0.000000
    50 0.000010 -0.300000 0.000000 3.141593 0.000000 -0.174533
    51 0.000000 -0.000001 0.000000 0.000000 0.000000 0.000000
    52 -0.000003 0.000000 0.000001 3.141592 0.000000 0.000000
    53 0.000006 0.000000 0.000004 0.000000 0.000000 0.349065
    54 0.000000 0.000000 0.000000 3.141593 0.000000 0.000000
    55 -0.000008 -0.000006 0.000000 3.141593 0.000000 0.000000
    56 0.000002 -0.000002 0.000000 3.141593 0.000000 0.000000
    57 0.000014 -0.000004 0.000000 3.141593 0.000000 0.000000
    58 -0.000001 0.000000 0.000000 3.141593 0.000000 -0.000001
    59 0.000000 0.000000 0.000000 3.141593 0.000000 0.000000
    60 0.000010 0.000017 0.000000 3.141593 0.000000 -0.000001
    61 0.000000 0.000004 0.000000 3.141593 0.000000 -0.000001
    62 0.000000 0.000006 0.000000 3.141593 0.000000 -0.000001
    63 0.000001 0.000002 0.000000 3.141593 0.000000 0.000000
    64 0.000000 0.000000 0.000000 -3.141592 0.000000 0.000000
    65 0.000000 0.000000 0.000000 -1.570797 -0.000001 0.000000
    66 0.000000 0.000000 0.000000 0.000000 0.000000 0.000000
    67 1.200000 0.000000 0.000000 0.000000 0.000000 0.000000
    68 0.000009 0.299994 0.000000 0.000000 0.000000 0.174533
    69 -0.000001 -0.000001 -0.000004 0.000000 0.000000 0.000000
    70 -0.000010 0.000000 -0.000003 -3.141592 0.000001 0.000000
    71 0.000000 0.000000 0.000000 0.000001 -0.000001 0.349065
    72 0.000000 -0.000003 0.000000 0.000000 0.000000 0.000000
    73 0.000003 0.000000 0.000000 0.000000 0.000000 0.000000
    74 -0.000010 -0.000006 0.000000 -0.000001 0.000000 0.000000
    75 0.000019 0.000002 0.000000 0.000000 0.000000 0.000000
    76 0.000001 0.000004 0.000000 0.000000 0.000000 -0.000001
    77 0.000000 0.000000 0.000000 0.000000 0.000000 -0.000001
    78 0.000001 -0.000002 0.000000 0.000000 0.000000 -0.000001
    79 0.000000 0.000000 0.000000 0.000000 0.000000 -0.000001
    80 0.000001 0.000008 0.000000 0.000000 0.000000 0.000000
    81 -0.000003 0.000004 0.000000 0.000000 0.000000 0.000000
    82 -0.000007 -0.000008 0.000000 0.000000 0.000000 -0.000001
    83 0.000000 0.000002 -0.000002 -1.570796 0.000000 0.000000
  time 176
    0 -5.040474 -16.678471 -4.312878 -1.623425 -0.011085 -1.549365
    1 -1.185547 -1.036133 0.043213 0.000000 0.000004 0.000000
    2 -1.935547 -1.362305 0.225464 0.000000 0.000002 0.000000
    3 -4.549240 -1.689358 -0.012529 0.000000 0.000000 0.000000
    4 4.331499 0.360595 -0.709097 0.000015 0.000003 0.056022
    5 3.513922 0.962076 -0.004281 0.000004 -0.000001 1.176003
    6 2.855053 0.477292 0.679213 -0.000001 -0.000004 2.896619
    7 1.649902 5.878080 0.032496 -0.000003 0.000002 -1.570796
    8 6.587842 -0.691444 0.025964 -0.000001 -0.000001 1.570796
    9 0.000002 -0.241401 -0.052690 0.000001 0.000001 0.000000
    10 10.620066 1.884898 -0.004843 -1.570796 -0.000002 1.570796
    11 -9.087198 1.359573 -0.008167 -0.000003 0.000002 -1.570796
    12 -2.492364 -24.344463 -8.231779 3.064521 -0.048773 -2.079102
    13 1.473659 0.639418 -1.295234 2.246183 0.440257 0.736868
    14 1.832607 0.000002 -0.000008 3.110046 0.047491 0.758067
    15 1.003335 0.000005 0.000001 -3.040061 -0.014385 -0.167803
    16 3.823895 -0.419603 -1.411520 0.229129 -0.129700 0.759577
    17 2.187956 0.000010 0.000000 -0.012082 -0.011908 1.896829
    18 1.100960 0.000002 0.000000 0.384821 -0.022925 0.395360
    19 3.987863 -0.577452 -0.474712 0.106909 -0.099139 0.745896
    20 1.890109 -0.000010 -0.000001 -0.024571 -0.089012 1.713779
    21 1.310925 0.000000 0.000000 0.487402 0.014826 0.431452
    22 4.117986 -0.654534 0.453695 0.083857 -0.114196 0.864680
    23 1.655294 0.000008 0.000000 -0.039785 0.033474 1.386062
    24 0.869582 0.000004 0.000000 0.072305 -0.050335 0.567074
    25 4.150630 -0.581594 1.354863 -0.339030 -0.077155 0.722463
    26 1.157247 -0.000010 -0.000002 -0.226722 -0.320721 1.453911
    27 1.019835 -0.000006 0.000000 -1.463093 -0.151684 0.429397
    28 7.406140 -6.039003 -8.901889 -1.621539 0.572124 -1.924357
    29 12.695427 -0.000020 -0.000008 -0.117920 0.279676 -1.217438
    30 -5.754180 -13.986636 -8.266936 3.018118 -0.003192 -1.538160
    31 1.474215 -0.497926 -1.376118 0.979456 0.426216 -0.250748
    32 1.832179 -0.000010 -0.000002 -2.526123 -0.301549 0.609667
    33 1.042025 -0.000004 -0.000009 -2.896901 -0.278827 -0.192682
    34 3.823320 0.664865 -1.331676 0.244544 0.361997 0.003988
    35 2.152367 -0.000001 0.000004 0.123680 -0.231520 -0.430903
    36 1.056622 -0.000011 0.000000 0.258021 -0.115162 -0.370345
    37 3.985134 0.881805 -0.368986 0.128322 -0.008132 -0.090211
    38 1.830183 0.000015 0.000000 0.063848 -0.073976 -1.510192
    39 1.561352 0.000008 -0.000004 0.027622 -0.015767 -1.357316
    40 4.116518 0.711272 0.551869 0.187923 0.006580 -0.361666
    41 1.752727 0.000006 0.000000 0.026521 0.029537 -1.405331
    42 0.869359 -0.000006 0.000000 0.015642 -0.073475 -0.926076
    43 4.118826 0.331223 1.419829 0.128888 -0.005990 -0.280207
    44 1.176321 0.000006 0.000000 -0.027338 0.139049 -0.923530
    45 0.970199 -0.000002 -0.000004 1.655618 0.044631 -1.487290
    46 -7.606037 1.001330 -4.120493 -2.806301 1.010384 -2.173464
    47 12.706336 -0.000035 -0.000009 -0.293498 0.288416 -1.832638
    48 0.000000 0.000000 -0.000003 0.000000 0.000000 0.000000
    49 1.200000 0.000000 0.000010 0.000000 0.000000 0.000000
    50 0.000010 -0.300000 0.000000 3.141593 0.000000 -0.174533
    51 0.000000 -0.000001 0.000000 0.000000 0.000000 0.000000
    52 -0.000003 0.000000 0.000001 3.141592 0.000000 0.000000
    53 0.000006 0.000000 0.000004 0.000000 0.000000 0.349065
    54 0.000000 0.000000 0.000000 3.141593 0.000000 0.000000
    55 -0.000008 -0.000006 0.000000 3.141593 0.000000 0.000000
    56 0.000002 -0.000002 0.000000 3.141593 0.000000 0.000000
    57 0.000014 -0.000004 0.000000 3.141593 0.000000 0.000000
    58 -0.000001 0.000000 0.000000 3.141593 0.000000 -0.000001
    59 0.000000 0.000000 0.000000 3.141593 0.000000 0.000000
    60 0.000010 0.000017 0.000000 3.141593 0.000000 -0.000001
    61 0.000000 0.000004 0.000000 3.141593 0.000000 -0.000001
    62 0.000000 0.000006 0.000000 3.141593 0.000000 -0.000001
    63 0.000001 0.000002 0.000000 3.141593 0.000000 0.000000
    64 0.000000 0.000000 0.000000 -3.141592 0.000000 0.000000
    65 0.000000 0.000000 0.000000 -1.570797 -0.000001 0.000000
    66 0.000000 0.000000 0.000000 0.000000 0.000000 0.000000
    67 1.200000 0.000000 0.000000 0.000000 0.000000 0.000000
    68 0.000009 0.299994 0.000000 0.000000 0.000000 0.174533
    69 -0.000001 -0.000001 -0.000004 0.000000 0.000000 0.000000
    70 -0.000010 0.000000 -0.000003 -3.141592 0.000001 0.000000
    71 0.000000 0.000000 0.000000 0.000001 -0.000001 0.349065
    72 0.000000 -0.000003 0.000000 0.000000 0.000000 0.000000
    73 0.000003 0.000000 0.000000 0.000000 0.000000 0.000000
    74 -0.000010 -0.000006 0.000000 -0.000001 0.000000 0.000000
    75 0.000019 0.000002 0.000000 0.000000 0.000000 0.000000
    76 0.000001 0.000004 0.000000 0.000000 0.000000 -0.000001
    77 0.000000 0.000000 0.000000 0.000000 0.000000 -0.000001
    78 0.000001 -0.000002 0.000000 0.000000 0.000000 -0.000001
    79 0.000000 0.000000 0.000000 0.000000 0.000000 -0.000001
    80 0.000001 0.000008 0.000000 0.000000 0.000000 0.000000
    81 -0.000003 0.000004 0.000000 0.000000 0.000000 0.000000
    82 -0.000007 -0.000008 0.000000 0.000000 0.000000 -0.000001
    83 0.000000 0.000002 -0.000002 -1.570796 0.000000 0.000000
  time 177
    0 -5.020942 -16.678471 -4.281627 -1.619839 -0.009152 -1.560012
    1 -1.185547 -1.036133 0.043213 0.000000 0.000004 0.000000
    2 -1.935547 -1.362305 0.225464 0.000000 0.000002 0.000000
    3 -4.549240 -1.689358 -0.012529 0.000000 0.000000 0.000000
    4 4.331499 0.360595 -0.709097 0.000015 0.000003 0.056022
    5 3.513922 0.962076 -0.004281 0.000004 -0.000001 1.176003
    6 2.855053 0.477292 0.679213 -0.000001 -0.000004 2.896619
    7 1.649902 5.878080 0.032496 -0.000003 0.000002 -1.570796
    8 6.587842 -0.691444 0.025964 -0.000001 -0.000001 1.570796
    9 0.000002 -0.241401 -0.052690 0.000001 0.000001 0.000000
    10 10.620066 1.884898 -0.004843 -1.570796 -0.000002 1.570796
    11 -9.087198 1.359573 -0.008167 -0.000003 0.000002 -1.570796
    12 -2.539241 -24.363994 -8.204435 3.066437 -0.045231 -2.089677
    13 1.473659 0.639418 -1.295234 2.246183 0.440257 0.736868
    14 1.832607 0.000002 -0.000008 3.110046 0.047491 0.758067
    15 1.003335 0.000005 0.000001 -3.040061 -0.014397 -0.167803
    16 3.823895 -0.419603 -1.411520 0.229129 -0.129700 0.759577
    17 2.187956 0.000010 0.000000 -0.012082 -0.011908 1.896829
    18 1.100960 0.000002 0.000000 0.384821 -0.022925 0.395360
    19 3.987863 -0.577452 -0.474712 0.106909 -0.099139 0.745896
    20 1.890109 -0.000010 -0.000001 -0.024571 -0.089012 1.713779
    21 1.310925 0.000000 0.000000 0.487416 0.014826 0.431452
    22 4.117986 -0.654534 0.453695 0.083857 -0.114196 0.864680
    23 1.655294 0.000008 0.000000 -0.039785 0.033474 1.386062
    24 0.869582 0.000004 0.000000 0.072305 -0.050335 0.567074
    25 4.150630 -0.581594 1.354863 -0.339030 -0.077155 0.722463
    26 1.157247 -0.000010 -0.000002 -0.226722 -0.320721 1.453911
    27 1.019835 -0.000006 0.000000 -1.463105 -0.151684 0.429397
    28 7.406140 -6.039003 -8.901889 -1.627060 0.569216 -1.929332
    29 12.695427 -0.000020 -0.000008 -0.116426 0.279053 -1.211744
    30 -5.687771 -13.967104 -8.231778 3.021655 -0.001313 -1.548602
    31 1.474215 -0.497926 -1.376118 0.979456 0.426216 -0.250748
    32 1.832179 -0.000010 -0.000002 -2.526123 -0.301549 0.609667
    33 1.042025 -0.000004 -0.000009 -2.896901 -0.278839 -0.192682
    34 3.823320 0.664865 -1.331676 0.244544 0.361997 0.003988
    35 2.152367 -0.000001 0.000004 0.123680 -0.231520 -0.430903
    36 1.056622 -0.000011 0.000000 0.258021 -0.115162 -0.370345
    37 3.985134 0.881805 -0.368986 0.128322 -0.008132 -0.090211
    38 1.830183 0.000015 0.000000 0.063848 -0.073976 -1.510192
    39 1.561352 0.000008 -0.000004 0.027622 -0.015767 -1.357316
    40 4.116518 0.711272 0.551869 0.187923 0.006580 -0.361666
    41 1.752727 0.000006 0.000000 0.026521 0.029537 -1.405331
    42 0.869359 -0.000006 0.000000 0.015642 -0.073475 -0.926076
    43 4.118826 0.331223 1.419829 0.128888 -0.005990 -0.280207
    44 1.176321 0.000006 0.000000 -0.027338 0.139049 -0.923484
    45 0.970199 -0.000002 -0.000004 1.655618 0.044631 -1.487290
    46 -7.606037 1.001330 -4.120493 -2.805746 1.009016 -2.169028
    47 12.706336 -0.000035 -0.000009 -0.294006 0.288381 -1.834361
    48 0.000000 0.000000 -0.000003 0.000000 0.000000 0.000000
    49 1.200000 0.000000 0.000010 0.000000 0.000000 0.000000
    50 0.000010 -0.300000 0.000000 3.141593 0.000000 -0.174533
    51 0.000000 -0.000001 0.000000 0.000000 0.000000 0.000000
    52 -0.000003 0.000000 0.000001 3.141592 0.000000 0.000000
    53 0.000006 0.000000 0.000004 0.000000 0.000000 0.349065
    54 0.000000 0.000000 0.000000 3.141593 0.000000 0.000000
    55 -0.000008 -0.000006 0.000000 3.141593 0.000000 0.000000
    56 0.000002 -0.000002 0.000000 3.141593 0.000000 0.000000
    57 0.000014 -0.000004 0.000000 3.141593 0.000000 0.000000
    58 -0.000001 0.000000 0.000000 3.141593 0.000000 -0.000001
    59 0.000000 0.000000 0.000000 3.141593 0.000000 0.000000
    60 0.000010 0.000017 0.000000 3.141593 0.000000 -0.000001
    61 0.000000 0.000004 0.000000 3.141593 0.000000 -0.000001
    62 0.000000 0.000006 0.000000 3.141593 0.000000 -0.000001
    63 0.000001 0.000002 0.000000 3.141593 0.000000 0.000000
    64 0.000000 0.000000 0.000000 -3.141592 0.000000 0.000000
    65 0.000000 0.000000 0.000000 -1.570797 -0.000001 0.000000
    66 0.000000 0.000000 0.000000 0.000000 0.000000 0.000000
    67 1.200000 0.000000 0.000000 0.000000 0.000000 0.000000
    68 0.000009 0.299994 0.000000 0.000000 0.000000 0.174533
    69 -0.000001 -0.000001 -0.000004 0.000000 0.000000 0.000000
    70 -0.000010 0.000000 -0.000003 -3.141592 0.000001 0.000000
    71 0.000000 0.000000 0.000000 0.000001 -0.000001 0.349065
    72 0.000000 -0.000003 0.000000 0.000000 0.000000 0.000000
    73 0.000003 0.000000 0.000000 0.000000 0.000000 0.000000
    74 -0.000010 -0.000006 0.000000 -0.000001 0.000000 0.000000
    75 0.000019 0.000002 0.000000 0.000000 0.000000 0.000000
    76 0.000001 0.000004 0.000000 0.000000 0.000000 -0.000001
    77 0.000000 0.000000 0.000000 0.000000 0.000000 -0.000001
    78 0.000001 -0.000002 0.000000 0.000000 0.000000 -0.000001
    79 0.000000 0.000000 0.000000 0.000000 0.000000 -0.000001
    80 0.000001 0.000008 0.000000 0.000000 0.000000 0.000000
    81 -0.000003 0.000004 0.000000 0.000000 0.000000 0.000000
    82 -0.000007 -0.000008 0.000000 0.000000 0.000000 -0.000001
    83 0.000000 0.000002 -0.000002 -1.570796 0.000000 0.000000
  time 178
    0 -4.989691 -16.674564 -4.262095 -1.615087 -0.006086 -1.566969
    1 -1.185547 -1.036133 0.043213 0.000000 0.000004 0.000000
    2 -1.935547 -1.362305 0.225464 0.000000 0.000002 0.000000
    3 -4.549240 -1.689358 -0.012529 0.000000 0.000000 0.000000
    4 4.331499 0.360595 -0.709097 0.000015 0.000003 0.056022
    5 3.513922 0.962076 -0.004281 0.000004 -0.000001 1.176003
    6 2.855053 0.477292 0.679213 -0.000001 -0.000004 2.896619
    7 1.649902 5.878080 0.032496 -0.000003 0.000002 -1.570796
    8 6.587842 -0.691444 0.025964 -0.000001 -0.000001 1.570796
    9 0.000002 -0.241401 -0.052690 0.000001 0.000001 0.000000
    10 10.620066 1.884898 -0.004843 -1.570796 -0.000002 1.570796
    11 -9.087198 1.359573 -0.008167 -0.000003 0.000002 -1.570796
    12 -2.543147 -24.367901 -8.200528 3.068810 -0.040120 -2.096486
    13 1.473659 0.639418 -1.295234 2.246183 0.440257 0.736868
    14 1.832607 0.000002 -0.000008 3.110046 0.047491 0.758067
    15 1.003335 0.000005 0.000001 -3.040061 -0.014385 -0.167803
    16 3.823895 -0.419603 -1.411520 0.229129 -0.129700 0.759577
    17 2.187956 0.000010 0.000000 -0.012082 -0.011908 1.896829
    18 1.100960 0.000002 0.000000 0.384821 -0.022937 0.395360
    19 3.987863 -0.577452 -0.474712 0.106909 -0.099139 0.745896
    20 1.890109 -0.000010 -0.000001 -0.024571 -0.089012 1.713897
    21 1.310925 0.000000 0.000000 0.487416 0.014826 0.431452
    22 4.117986 -0.654534 0.453695 0.083857 -0.114196 0.864680
    23 1.655294 0.000008 0.000000 -0.039785 0.033474 1.385949
    24 0.869582 0.000004 0.000000 0.072317 -0.050347 0.567074
    25 4.150630 -0.581594 1.354863 -0.339030 -0.077155 0.722463
    26 1.157247 -0.000010 -0.000002 -0.226722 -0.320721 1.453911
    27 1.019835 -0.000006 0.000000 -1.463105 -0.151684 0.429397
    28 7.406140 -6.039003 -8.901889 -1.631819 0.569050 -1.932096
    29 12.695427 -0.000020 -0.000008 -0.116258 0.279053 -1.211428
    30 -5.625270 -13.943666 -8.212247 3.026491 0.001666 -1.555351
    31 1.474215 -0.497926 -1.376118 0.979456 0.426216 -0.250736
    32 1.832179 -0.000010 -0.000002 -2.526123 -0.301549 0.609667
    33 1.042025 -0.000004 -0.000009 -2.896901 -0.278827 -0.192682
    34 3.823320 0.664865 -1.331676 0.244544 0.361997 0.003988
    35 2.152367 -0.000001 0.000004 0.123680 -0.231520 -0.430903
    36 1.056622 -0.000011 0.000000 0.258033 -0.115162 -0.370345
    37 3.985134 0.881805 -0.368986 0.128322 -0.008132 -0.090211
    38 1.830183 0.000015 0.000000 0.063848 -0.073976 -1.510192
    39 1.561352 0.000008 -0.000004 0.027622 -0.015767 -1.357316
    40 4.116518 0.711272 0.551869 0.187923 0.006580 -0.361666
    41 1.752727 0.000006 0.000000 0.026521 0.029537 -1.405331
    42 0.869359 -0.000006 0.000000 0.015594 -0.073475 -0.926076
    43 4.118826 0.331223 1.419829 0.128888 -0.005990 -0.280207
    44 1.176321 0.000006 0.000000 -0.027338 0.139049 -0.923484
    45 0.970199 -0.000002 -0.000004 1.655618 0.044631 -1.487290
    46 -7.606037 1.001330 -4.120493 -2.806787 1.007614 -2.165217
    47 12.706336 -0.000035 -0.000009 -0.294579 0.288285 -1.835961
    48 0.000000 0.000000 -0.000003 0.000000 0.000000 0.000000
    49 1.200000 0.000000 0.000010 0.000000 0.000000 0.000000
    50 0.000010 -0.300000 0.000000 3.141593 0.000000 -0.174533
    51 0.000000 -0.000001 0.000000 0.000000 0.000000 0.000000
    52 -0.000003 0.000000 0.000001 3.141592 0.000000 0.000000
    53 0.000006 0.000000 0.000004 0.000000 0.000000 0.349065
    54 0.000000 0.000000 0.000000 3.141593 0.000000 0.000000
    55 -0.000008 -0.000006 0.000000 3.141593 0.000000 0.000000
    56 0.000002 -0.000002 0.000000 3.141593 0.000000 0.000000
    57 0.000014 -0.000004 0.000000 3.141593 0.000000 0.000000
    58 -0.000001 0.000000 0.000000 3.141593 0.000000 -0.000001
    59 0.000000 0.000000 0.000000 3.141593 0.000000 0.000000
    60 0.000010 0.000017 0.000000 3.141593 0.000000 -0.000001
    61 0.000000 0.000004 0.000000 3.141593 0.000000 -0.000001
    62 0.000000 0.000006 0.000000 3.141593 0.000000 -0.000001
    63 0.000001 0.000002 0.000000 3.141593 0.000000 0.000000
    64 0.000000 0.000000 0.000000 -3.141592 0.000000 0.000000
    65 0.000000 0.000000 0.000000 -1.570797 -0.000001 0.000000
    66 0.000000 0.000000 0.000000 0.000000 0.000000 0.000000
    67 1.200000 0.000000 0.000000 0.000000 0.000000 0.000000
    68 0.000009 0.299994 0.000000 0.000000 0.000000 0.174533
    69 -0.000001 -0.000001 -0.000004 0.000000 0.000000 0.000000
    70 -0.000010 0.000000 -0.000003 -3.141592 0.000001 0.000000
    71 0.000000 0.000000 0.000000 0.000001 -0.000001 0.349065
    72 0.000000 -0.000003 0.000000 0.000000 0.000000 0.000000
    73 0.000003 0.000000 0.000000 0.000000 0.000000 0.000000
    74 -0.000010 -0.000006 0.000000 -0.000001 0.000000 0.000000
    75 0.000019 0.000002 0.000000 0.000000 0.000000 0.000000
    76 0.000001 0.000004 0.000000 0.000000 0.000000 -0.000001
    77 0.000000 0.000000 0.000000 0.000000 0.000000 -0.000001
    78 0.000001 -0.000002 0.000000 0.000000 0.000000 -0.000001
    79 0.000000 0.000000 0.000000 0.000000 0.000000 -0.000001
    80 0.000001 0.000008 0.000000 0.000000 0.000000 0.000000
    81 -0.000003 0.000004 0.000000 0.000000 0.000000 0.000000
    82 -0.000007 -0.000008 0.000000 0.000000 0.000000 -0.000001
    83 0.000000 0.000002 -0.000002 -1.570796 0.000000 0.000000
  time 179
    0 -4.962347 -16.674564 -4.250376 -1.610201 -0.002960 -1.570305
    1 -1.185547 -1.036133 0.043213 0.000000 0.000004 0.000000
    2 -1.935547 -1.362305 0.225464 0.000000 0.000002 0.000000
    3 -4.549240 -1.689358 -0.012529 0.000000 0.000000 0.000000
    4 4.331499 0.360595 -0.709097 0.000015 0.000003 0.056022
    5 3.513922 0.962076 -0.004281 0.000004 -0.000001 1.176003
    6 2.855053 0.477292 0.679213 -0.000001 -0.000004 2.896619
    7 1.649902 5.878080 0.032496 -0.000003 0.000002 -1.570796
    8 6.587842 -0.691444 0.025964 -0.000001 -0.000001 1.570796
    9 0.000002 -0.241401 -0.052690 0.000001 0.000001 0.000000
    10 10.620066 1.884898 -0.004843 -1.570796 -0.000002 1.570796
    11 -9.087198 1.359573 -0.008167 -0.000003 0.000002 -1.570796
    12 -2.519709 -24.360088 -8.204435 3.071365 -0.035009 -2.099818
    13 1.473659 0.639418 -1.295234 2.246183 0.440257 0.736868
    14 1.832607 0.000002 -0.000008 3.110046 0.047491 0.758067
    15 1.003335 0.000005 0.000001 -3.040061 -0.014385 -0.167803
    16 3.823895 -0.419603 -1.411520 0.229129 -0.129700 0.759577
    17 2.187956 0.000010 0.000000 -0.012082 -0.011908 1.896829
    18 1.100960 0.000002 0.000000 0.384821 -0.022925 0.395360
    19 3.987863 -0.577452 -0.474712 0.106909 -0.099139 0.745896
    20 1.890109 -0.000010 -0.000001 -0.024571 -0.089012 1.713897
    21 1.310925 0.000000 0.000000 0.487402 0.014826 0.431452
    22 4.117986 -0.654534 0.453695 0.083857 -0.114196 0.864680
    23 1.655294 0.000008 0.000000 -0.039797 0.033474 1.386062
    24 0.869582 0.000004 0.000000 0.072305 -0.050347 0.567074
    25 4.150630 -0.581594 1.354863 -0.339030 -0.077155 0.722463
    26 1.157247 -0.000010 -0.000002 -0.226722 -0.320721 1.453911
    27 1.019835 -0.000006 0.000000 -1.463105 -0.151684 0.429397
    28 7.406140 -6.039003 -8.901889 -1.636388 0.570753 -1.933570
    29 12.695427 -0.000020 -0.000008 -0.116896 0.279184 -1.213642
    30 -5.570580 -13.935853 -8.196621 3.031416 0.004752 -1.558690
    31 1.474215 -0.497926 -1.376118 0.979456 0.426216 -0.250736
    32 1.832179 -0.000010 -0.000002 -2.526123 -0.301549 0.609667
    33 1.042025 -0.000004 -0.000009 -2.896901 -0.278827 -0.192682
    34 3.823320 0.664865 -1.331676 0.244544 0.361997 0.003988
    35 2.152367 -0.000001 0.000004 0.123680 -0.231520 -0.430903
    36 1.056622 -0.000011 0.000000 0.258021 -0.115162 -0.370345
    37 3.985134 0.881805 -0.368986 0.128322 -0.008132 -0.090211
    38 1.830183 0.000015 0.000000 0.063848 -0.073976 -1.510192
    39 1.561352 0.000008 -0.000004 0.027622 -0.015767 -1.357316
    40 4.116518 0.711272 0.551869 0.187923 0.006580 -0.361666
    41 1.752727 0.000006 0.000000 0.026521 0.029537 -1.405331
    42 0.869359 -0.000006 0.000000 0.015594 -0.073475 -0.926076
    43 4.118826 0.331223 1.419829 0.128888 -0.005990 -0.280207
    44 1.176321 0.000006 0.000000 -0.027338 0.139049 -0.923507
    45 0.970199 -0.000002 -0.000004 1.655618 0.044631 -1.487290
    46 -7.606037 1.001330 -4.120493 -2.808105 1.006513 -2.162468
    47 12.706336 -0.000035 -0.000009 -0.294800 0.288201 -1.837253
    48 0.000000 0.000000 -0.000003 0.000000 0.000000 0.000000
    49 1.200000 0.000000 0.000010 0.000000 0.000000 0.000000
    50 0.000010 -0.300000 0.000000 3.141593 0.000000 -0.174533
    51 0.000000 -0.000001 0.000000 0.000000 0.000000 0.000000
    52 -0.000003 0.000000 0.000001 3.141592 0.000000 0.000000
    53 0.000006 0.000000 0.000004 0.000000 0.000000 0.349065
    54 0.000000 0.000000 0.000000 3.141593 0.000000 0.000000
    55 -0.000008 -0.000006 0.000000 3.141593 0.000000 0.000000
    56 0.000002 -0.000002 0.000000 3.141593 0.000000 0.000000
    57 0.000014 -0.000004 0.000000 3.141593 0.000000 0.000000
    58 -0.000001 0.000000 0.000000 3.141593 0.000000 -0.000001
    59 0.000000 0.000000 0.000000 3.141593 0.000000 0.000000
    60 0.000010 0.000017 0.000000 3.141593 0.000000 -0.000001
    61 0.000000 0.000004 0.000000 3.141593 0.000000 -0.000001
    62 0.000000 0.000006 0.000000 3.141593 0.000000 -0.000001
    63 0.000001 0.000002 0.000000 3.141593 0.000000 0.000000
    64 0.000000 0.000000 0.000000 -3.141592 0.000000 0.000000
    65 0.000000 0.000000 0.000000 -1.570797 -0.000001 0.000000
    66 0.000000 0.000000 0.000000 0.000000 0.000000 0.000000
    67 1.200000 0.000000 0.000000 0.000000 0.000000 0.000000
    68 0.000009 0.299994 0.000000 0.000000 0.000000 0.174533
    69 -0.000001 -0.000001 -0.000004 0.000000 0.000000 0.000000
    70 -0.000010 0.000000 -0.000003 -3.141592 0.000001 0.000000
    71 0.000000 0.000000 0.000000 0.000001 -0.000001 0.349065
    72 0.000000 -0.000003 0.000000 0.000000 0.000000 0.000000
    73 0.000003 0.000000 0.000000 0.000000 0.000000 0.000000
    74 -0.000010 -0.000006 0.000000 -0.000001 0.000000 0.000000
    75 0.000019 0.000002 0.000000 0.000000 0.000000 0.000000
    76 0.000001 0.000004 0.000000 0.000000 0.000000 -0.000001
    77 0.000000 0.000000 0.000000 0.000000 0.000000 -0.000001
    78 0.000001 -0.000002 0.000000 0.000000 0.000000 -0.000001
    79 0.000000 0.000000 0.000000 0.000000 0.000000 -0.000001
    80 0.000001 0.000008 0.000000 0.000000 0.000000 0.000000
    81 -0.000003 0.000004 0.000000 0.000000 0.000000 0.000000
    82 -0.000007 -0.000008 0.000000 0.000000 0.000000 -0.000001
    83 0.000000 0.000002 -0.000002 -1.570796 0.000000 0.000000
  time 180
    0 -4.938909 -16.674564 -4.250376 -1.606839 -0.000740 -1.570730
    1 -1.185547 -1.036133 0.043213 0.000000 0.000004 0.000000
    2 -1.935547 -1.362305 0.225464 0.000000 0.000002 0.000000
    3 -4.549240 -1.689358 -0.012529 0.000000 0.000000 0.000000
    4 4.331499 0.360595 -0.709097 0.000015 0.000003 0.056022
    5 3.513922 0.962076 -0.004281 0.000004 -0.000001 1.176003
    6 2.855053 0.477292 0.679213 -0.000001 -0.000004 2.896619
    7 1.649902 5.878080 0.032496 -0.000003 0.000002 -1.570796
    8 6.587842 -0.691444 0.025964 -0.000001 -0.000001 1.570796
    9 0.000002 -0.241401 -0.052690 0.000001 0.000001 0.000000
    10 10.620066 1.884898 -0.004843 -1.570796 -0.000002 1.570796
    11 -9.087198 1.359573 -0.008167 -0.000003 0.000002 -1.570796
    12 -2.492364 -24.356182 -8.204435 3.073007 -0.031347 -2.100977
    13 1.473659 0.639418 -1.295234 2.246129 0.440239 0.736995
    14 1.832607 0.000002 -0.000008 3.110046 0.047491 0.758067
    15 1.003335 0.000005 0.000001 -3.039631 -0.014362 -0.167795
    16 3.823895 -0.419603 -1.411520 0.229111 -0.129702 0.759604
    17 2.187956 0.000010 0.000000 -0.012073 -0.011780 1.896838
    18 1.100960 0.000002 0.000000 0.384940 -0.022914 0.395373
    19 3.987863 -0.577452 -0.474712 0.106881 -0.099190 0.745910
    20 1.890109 -0.000010 -0.000001 -0.024605 -0.088995 1.713904
    21 1.310925 0.000000 0.000000 0.487410 0.014703 0.431447
    22 4.117986 -0.654534 0.453695 0.083847 -0.114161 0.864721
    23 1.655294 0.000008 0.000000 -0.039666 0.033468 1.386069
    24 0.869582 0.000004 0.000000 0.072424 -0.050415 0.567060
    25 4.150630 -0.581594 1.354863 -0.339133 -0.077116 0.722457
    26 1.157247 -0.000010 -0.000002 -0.226802 -0.320736 1.454288
    27 1.019835 -0.000006 0.000000 -1.463034 -0.151735 0.429389
    28 7.406140 -6.039003 -8.901889 -1.639434 0.572581 -1.934215
    29 12.695427 -0.000020 -0.000008 -0.117601 0.279568 -1.216331
    30 -5.527610 -13.924134 -8.188808 3.034819 0.006967 -1.559684
    31 1.474215 -0.497926 -1.376118 0.979423 0.426186 -0.250699
    32 1.832179 -0.000010 -0.000002 -2.526087 -0.301597 0.609649
    33 1.042025 -0.000004 -0.000009 -2.896629 -0.278775 -0.192763
    34 3.823320 0.664865 -1.331676 0.244544 0.361997 0.003988
    35 2.152367 -0.000001 0.000004 0.123680 -0.231520 -0.430903
    36 1.056622 -0.000011 0.000000 0.258036 -0.115105 -0.370410
    37 3.985134 0.881805 -0.368986 0.128322 -0.008132 -0.090211
    38 1.830183 0.000015 0.000000 0.063848 -0.073976 -1.510189
    39 1.561352 0.000008 -0.000004 0.027653 -0.015736 -1.357356
    40 4.116518 0.711272 0.551869 0.187923 0.006580 -0.361666
    41 1.752727 0.000006 0.000000 0.026400 0.029662 -1.405366
    42 0.869359 -0.000006 0.000000 0.015642 -0.073595 -0.926098
    43 4.118826 0.331223 1.419829 0.128888 -0.005990 -0.280207
    44 1.176321 0.000006 0.000000 -0.027338 0.139044 -0.923531
    45 0.970199 -0.000002 -0.000004 1.655571 0.044657 -1.487342
    46 -7.606037 1.001330 -4.120493 -2.809562 1.005812 -2.161031
    47 12.706336 -0.000035 -0.000009 -0.295139 0.288141 -1.837930
    48 0.000000 0.000000 -0.000003 0.000000 0.000000 0.000000
    49 1.200000 0.000000 0.000010 0.000000 0.000000 0.000000
    50 0.000010 -0.300000 0.000000 3.141593 0.000000 -0.174533
    51 0.000000 -0.000001 0.000000 0.000000 0.000000 0.000000
    52 -0.000003 0.000000 0.000001 3.141592 0.000000 0.000000
    53 0.000006 0.000000 0.000004 0.000000 0.000000 0.349065
    54 0.000000 0.000000 0.000000 3.141593 0.000000 0.000000
    55 -0.000008 -0.000006 0.000000 3.141593 0.000000 0.000000
    56 0.000002 -0.000002 0.000000 3.141593 0.000000 0.000000
    57 0.000014 -0.000004 0.000000 3.141593 0.000000 0.000000
    58 -0.000001 0.000000 0.000000 3.141593 0.000000 -0.000001
    59 0.000000 0.000000 0.000000 3.141593 0.000000 0.000000
    60 0.000010 0.000017 0.000000 3.141593 0.000000 -0.000001
    61 0.000000 0.000004 0.000000 3.141593 0.000000 -0.000001
    62 0.000000 0.000006 0.000000 3.141593 0.000000 -0.000001
    63 0.000001 0.000002 0.000000 3.141593 0.000000 0.000000
    64 0.000000 0.000000 0.000000 -3.141592 0.000000 0.000000
    65 0.000000 0.000000 0.000000 -1.570797 -0.000001 0.000000
    66 0.000000 0.000000 0.000000 0.000000 0.000000 0.000000
    67 1.200000 0.000000 0.000000 0.000000 0.000000 0.000000
    68 0.000009 0.299994 0.000000 0.000000 0.000000 0.174533
    69 -0.000001 -0.000001 -0.000004 0.000000 0.000000 0.000000
    70 -0.000010 0.000000 -0.000003 -3.141592 0.000001 0.000000
    71 0.000000 0.000000 0.000000 0.000001 -0.000001 0.349065
    72 0.000000 -0.000003 0.000000 0.000000 0.000000 0.000000
    73 0.000003 0.000000 0.000000 0.000000 0.000000 0.000000
    74 -0.000010 -0.000006 0.000000 -0.000001 0.000000 0.000000
    75 0.000019 0.000002 0.000000 0.000000 0.000000 0.000000
    76 0.000001 0.000004 0.000000 0.000000 0.000000 -0.000001
    77 0.000000 0.000000 0.000000 0.000000 0.000000 -0.000001
    78 0.000001 -0.000002 0.000000 0.000000 0.000000 -0.000001
    79 0.000000 0.000000 0.000000 0.000000 0.000000 -0.000001
    80 0.000001 0.000008 0.000000 0.000000 0.000000 0.000000
    81 -0.000003 0.000004 0.000000 0.000000 0.000000 0.000000
    82 -0.000007 -0.000008 0.000000 0.000000 0.000000 -0.000001
    83 0.000000 0.000002 -0.000002 -1.570796 0.000000 0.000000
  time 181
    0 -4.935002 -16.674564 -4.246470 -1.605629 0.000000 -1.570801
    1 -1.185547 -1.036133 0.043213 0.000000 0.000004 0.000000
    2 -1.935547 -1.362305 0.225464 0.000000 0.000002 0.000000
    3 -4.549240 -1.689358 -0.012529 0.000000 0.000000 0.000000
    4 4.331499 0.360595 -0.709097 0.000015 0.000003 0.056022
    5 3.513922 0.962076 -0.004281 0.000004 -0.000001 1.176003
    6 2.855053 0.477292 0.679213 -0.000001 -0.000004 2.896619
    7 1.649902 5.878080 0.032496 -0.000003 0.000002 -1.570796
    8 6.587842 -0.691444 0.025964 -0.000001 -0.000001 1.570796
    9 0.000002 -0.241401 -0.052690 0.000001 0.000001 0.000000
    10 10.620066 1.884898 -0.004843 -1.570796 -0.000002 1.570796
    11 -9.087198 1.359573 -0.008167 -0.000003 0.000002 -1.570796
    12 -2.480645 -24.352275 -8.212248 3.073372 -0.030059 -2.101122
    13 1.473659 0.639418 -1.295234 2.246129 0.440239 0.736995
    14 1.832607 0.000002 -0.000008 3.110046 0.047491 0.758067
    15 1.003335 0.000005 0.000001 -3.039631 -0.014362 -0.167795
    16 3.823895 -0.419603 -1.411520 0.229111 -0.129702 0.759604
    17 2.187956 0.000010 0.000000 -0.012073 -0.011780 1.896838
    18 1.100960 0.000002 0.000000 0.384940 -0.022914 0.395373
    19 3.987863 -0.577452 -0.474712 0.106881 -0.099190 0.745910
    20 1.890109 -0.000010 -0.000001 -0.024605 -0.088995 1.713904
    21 1.310925 0.000000 0.000000 0.487410 0.014703 0.431447
    22 4.117986 -0.654534 0.453695 0.083847 -0.114161 0.864721
    23 1.655294 0.000008 0.000000 -0.039666 0.033468 1.386069
    24 0.869582 0.000004 0.000000 0.072424 -0.050415 0.567060
    25 4.150630 -0.581594 1.354863 -0.339133 -0.077116 0.722457
    26 1.157247 -0.000010 -0.000002 -0.226802 -0.320736 1.454288
    27 1.019835 -0.000006 0.000000 -1.463034 -0.151735 0.429389
    28 7.406140 -6.039003 -8.901889 -1.640481 0.573412 -1.934215
    29 12.695427 -0.000020 -0.000008 -0.117920 0.279676 -1.217359
    30 -5.519798 -13.920227 -8.188808 3.035983 0.007670 -1.559826
    31 1.474215 -0.497926 -1.376118 0.979423 0.426186 -0.250699
    32 1.832179 -0.000010 -0.000002 -2.526087 -0.301597 0.609630
    33 1.042025 -0.000004 -0.000009 -2.896629 -0.278775 -0.192763
    34 3.823320 0.664865 -1.331676 0.244544 0.361997 0.003988
    35 2.152367 -0.000001 0.000004 0.123680 -0.231520 -0.430903
    36 1.056622 -0.000011 0.000000 0.258036 -0.115105 -0.370410
    37 3.985134 0.881805 -0.368986 0.128322 -0.008132 -0.090211
    38 1.830183 0.000015 0.000000 0.063848 -0.073976 -1.510189
    39 1.561352 0.000008 -0.000004 0.027653 -0.015736 -1.357356
    40 4.116518 0.711272 0.551869 0.187923 0.006580 -0.361666
    41 1.752727 0.000006 0.000000 0.026400 0.029662 -1.405366
    42 0.869359 -0.000006 0.000000 0.015642 -0.073559 -0.926098
    43 4.118826 0.331223 1.419829 0.128888 -0.005990 -0.280207
    44 1.176321 0.000006 0.000000 -0.027338 0.139044 -0.923531
    45 0.970199 -0.000002 -0.000004 1.655571 0.044657 -1.487342
    46 -7.606037 1.001330 -4.120493 -2.810117 1.005612 -2.160531
    47 12.706336 -0.000035 -0.000009 -0.295204 0.288129 -1.838176
    48 0.000000 0.000000 -0.000003 0.000000 0.000000 0.000000
    49 1.200000 0.000000 0.000010 0.000000 0.000000 0.000000
    50 0.000010 -0.300000 0.000000 3.141593 0.000000 -0.174533
    51 0.000000 -0.000001 0.000000 0.000000 0.000000 0.000000
    52 -0.000003 0.000000 0.000001 3.141592 0.000000 0.000000
    53 0.000006 0.000000 0.000004 0.000000 0.000000 0.349065
    54 0.000000 0.000000 0.000000 3.141593 0.000000 0.000000
    55 -0.000008 -0.000006 0.000000 3.141593 0.000000 0.000000
    56 0.000002 -0.000002 0.000000 3.141593 0.000000 0.000000
    57 0.000014 -0.000004 0.000000 3.141593 0.000000 0.000000
    58 -0.000001 0.000000 0.000000 3.141593 0.000000 -0.000001
    59 0.000000 0.000000 0.000000 3.141593 0.000000 0.000000
    60 0.000010 0.000017 0.000000 3.141593 0.000000 -0.000001
    61 0.000000 0.000004 0.000000 3.141593 0.000000 -0.000001
    62 0.000000 0.000006 0.000000 3.141593 0.000000 -0.000001
    63 0.000001 0.000002 0.000000 3.141593 0.000000 0.000000
    64 0.000000 0.000000 0.000000 -3.141592 0.000000 0.000000
    65 0.000000 0.000000 0.000000 -1.570797 -0.000001 0.000000
    66 0.000000 0.000000 0.000000 0.000000 0.000000 0.000000
    67 1.200000 0.000000 0.000000 0.000000 0.000000 0.000000
    68 0.000009 0.299994 0.000000 0.000000 0.000000 0.174533
    69 -0.000001 -0.000001 -0.000004 0.000000 0.000000 0.000000
    70 -0.000010 0.000000 -0.000003 -3.141592 0.000001 0.000000
    71 0.000000 0.000000 0.000000 0.000001 -0.000001 0.349065
    72 0.000000 -0.000003 0.000000 0.000000 0.000000 0.000000
    73 0.000003 0.000000 0.000000 0.000000 0.000000 0.000000
    74 -0.000010 -0.000006 0.000000 -0.000001 0.000000 0.000000
    75 0.000019 0.000002 0.000000 0.000000 0.000000 0.000000
    76 0.000001 0.000004 0.000000 0.000000 0.000000 -0.000001
    77 0.000000 0.000000 0.000000 0.000000 0.000000 -0.000001
    78 0.000001 -0.000002 0.000000 0.000000 0.000000 -0.000001
    79 0.000000 0.000000 0.000000 0.000000 0.000000 -0.000001
    80 0.000001 0.000008 0.000000 0.000000 0.000000 0.000000
    81 -0.000003 0.000004 0.000000 0.000000 0.000000 0.000000
    82 -0.000007 -0.000008 0.000000 0.000000 0.000000 -0.000001
    83 0.000000 0.000002 -0.000002 -1.570796 0.000000 0.000000
end
