version 1
nodes
  0 "smg" -1
  1 "smg_magbullet" 0
  2 "smg_bolt" 0
  3 "smg_boltpull" 0
  4 "smg_boltrelease" 0
  5 "smg_trigger" 0
  6 "smg_selectfire" 0
  7 "smg_mag" 0
  8 "smg_magbull2" 7
  9 "smg_magbull1" 8
  10 "smg_grip" 0
  11 "smg_stock" 0
  12 "l_wrist" -1
  13 "l_thumb_low" 12
  14 "l_thumb_mid" 13
  15 "l_thumb_tip" 14
  16 "l_index_low" 12
  17 "l_index_mid" 16
  18 "l_index_tip" 17
  19 "l_middle_low" 12
  20 "l_middle_mid" 19
  21 "l_middle_tip" 20
  22 "l_ring_low" 12
  23 "l_ring_mid" 22
  24 "l_ring_tip" 23
  25 "l_pinky_low" 12
  26 "l_pinky_mid" 25
  27 "l_pinky_tip" 26
  28 "l_upperarm" -1
  29 "l_forearm" 28
  30 "r_wrist" -1
  31 "r_thumb_low" 30
  32 "r_thumb_mid" 31
  33 "r_thumb_tip" 32
  34 "r_index_low" 30
  35 "r_index_mid" 34
  36 "r_index_tip" 35
  37 "r_middle_low" 30
  38 "r_middle_mid" 37
  39 "r_middle_tip" 38
  40 "r_ring_low" 30
  41 "r_ring_mid" 40
  42 "r_ring_tip" 41
  43 "r_pinky_low" 30
  44 "r_pinky_mid" 43
  45 "r_pinky_tip" 44
  46 "r_upperarm" -1
  47 "r_forearm" 46
  48 "ValveBiped.Bip01_L_UpperArm" 28
  49 "ValveBiped.Bip01_L_Forearm" 29
  50 "ValveBiped.Bip01_L_Hand" 12
  51 "ValveBiped.Bip01_L_Finger0" 13
  52 "ValveBiped.Bip01_L_Finger01" 14
  53 "ValveBiped.Bip01_L_Finger02" 15
  54 "ValveBiped.Bip01_L_Finger1" 16
  55 "ValveBiped.Bip01_L_Finger11" 17
  56 "ValveBiped.Bip01_L_Finger12" 18
  57 "ValveBiped.Bip01_L_Finger2" 19
  58 "ValveBiped.Bip01_L_Finger21" 20
  59 "ValveBiped.Bip01_L_Finger22" 21
  60 "ValveBiped.Bip01_L_Finger3" 22
  61 "ValveBiped.Bip01_L_Finger31" 23
  62 "ValveBiped.Bip01_L_Finger32" 24
  63 "ValveBiped.Bip01_L_Finger4" 25
  64 "ValveBiped.Bip01_L_Finger41" 26
  65 "ValveBiped.Bip01_L_Finger42" 27
  66 "ValveBiped.Bip01_R_UpperArm" 46
  67 "ValveBiped.Bip01_R_Forearm" 47
  68 "ValveBiped.Bip01_R_Hand" 30
  69 "ValveBiped.Bip01_R_Finger0" 31
  70 "ValveBiped.Bip01_R_Finger01" 32
  71 "ValveBiped.Bip01_R_Finger02" 33
  72 "ValveBiped.Bip01_R_Finger1" 34
  73 "ValveBiped.Bip01_R_Finger11" 35
  74 "ValveBiped.Bip01_R_Finger12" 36
  75 "ValveBiped.Bip01_R_Finger2" 37
  76 "ValveBiped.Bip01_R_Finger21" 38
  77 "ValveBiped.Bip01_R_Finger22" 39
  78 "ValveBiped.Bip01_R_Finger3" 40
  79 "ValveBiped.Bip01_R_Finger31" 41
  80 "ValveBiped.Bip01_R_Finger32" 42
  81 "ValveBiped.Bip01_R_Finger4" 43
  82 "ValveBiped.Bip01_R_Finger41" 44
  83 "ValveBiped.Bip01_R_Finger42" 45
end
skeleton
  time 0
    0 -4.935002 -16.674564 -4.246470 -1.605629 0.000000 -1.570801
    1 -1.164186 -1.041108 0.033714 0.000000 0.000004 0.000000
    2 -1.940901 -1.361039 0.235287 0.000003 0.000007 -0.000014
    3 -4.549240 -1.689358 -0.012529 0.000000 0.000000 0.000000
    4 4.331499 0.360595 -0.709097 0.000015 0.000003 0.056022
    5 3.513922 0.962076 -0.004281 0.000004 -0.000001 1.176003
    6 2.855053 0.477292 0.679213 -0.000001 -0.000004 2.896619
    7 1.649902 5.878080 0.032496 -0.000003 0.000002 -1.570796
    8 6.587842 -0.691444 0.025964 -0.000001 -0.000001 1.570796
    9 0.000002 -0.241401 -0.052690 0.000001 0.000001 0.000000
    10 10.620066 1.884898 -0.004843 -1.570796 -0.000002 1.570796
    11 -9.087198 1.359573 -0.008167 -0.000003 0.000002 -1.570796
    12 -2.480645 -24.352275 -8.212248 3.073372 -0.030059 -2.101122
    13 1.473659 0.639418 -1.295234 2.246183 0.440257 0.736868
    14 1.832607 0.000002 -0.000008 3.094669 0.032139 0.374807
    15 1.003335 0.000005 0.000001 -3.040289 -0.010022 0.144118
    16 3.823895 -0.419603 -1.411520 0.229129 -0.129700 0.759577
    17 2.187956 0.000010 0.000000 -0.012082 -0.011908 1.896829
    18 1.100960 0.000002 0.000000 0.384821 -0.022925 0.395360
    19 3.987863 -0.577452 -0.474712 0.106909 -0.099139 0.745896
    20 1.890109 -0.000010 -0.000001 -0.024571 -0.089012 1.713779
    21 1.310925 0.000000 0.000000 0.487416 0.014826 0.431452
    22 4.117986 -0.654534 0.453695 0.083857 -0.114196 0.864680
    23 1.655294 0.000008 0.000000 -0.039797 0.033474 1.386062
    24 0.869582 0.000004 0.000000 0.072305 -0.050347 0.567074
    25 4.150630 -0.581594 1.354863 -0.339030 -0.077155 0.722463
    26 1.157247 -0.000010 -0.000002 -0.226722 -0.320708 1.453911
    27 1.019835 -0.000006 0.000000 -1.463105 -0.151684 0.429397
    28 7.406140 -6.039003 -8.901889 -1.640481 0.573412 -1.934215
    29 12.695427 -0.000020 -0.000008 -0.117920 0.279676 -1.217359
    30 -5.519798 -13.920227 -8.188808 3.035983 0.007670 -1.559826
    31 1.474215 -0.497926 -1.376118 0.979422 0.426184 -0.250703
    32 1.832179 -0.000010 -0.000002 -2.526087 -0.301597 0.609649
    33 1.042025 -0.000004 -0.000009 -2.896973 -0.278863 -0.192682
    34 3.823320 0.664865 -1.331676 0.244544 0.361997 0.003988
    35 2.152367 -0.000001 0.000004 0.123680 -0.231520 -0.430903
    36 1.056622 -0.000011 0.000000 0.257997 -0.115162 -0.370345
    37 3.985134 0.881805 -0.368986 0.128465 -0.008096 -0.090224
    38 1.830183 0.000015 0.000000 0.063856 -0.074037 -1.510027
    39 1.561352 0.000008 -0.000004 0.027622 -0.015767 -1.357217
    40 4.116518 0.711272 0.551869 0.187923 0.006580 -0.361666
    41 1.752727 0.000006 0.000000 0.026521 0.029537 -1.405331
    42 0.869359 -0.000006 0.000000 0.015642 -0.073475 -0.926076
    43 4.118826 0.331223 1.419829 0.128888 -0.005990 -0.280207
    44 1.176321 0.000006 0.000000 -0.027338 0.139049 -0.923507
    45 0.970199 -0.000002 -0.000004 1.655618 0.044631 -1.487290
    46 -7.606037 1.001330 -4.120493 -2.810117 1.005612 -2.160531
    47 12.706336 -0.000035 -0.000009 -0.295204 0.288129 -1.838176
    48 0.000000 0.000000 -0.000003 0.000000 0.000000 0.000000
    49 1.200000 0.000000 0.000010 0.000000 0.000000 0.000000
    50 0.000010 -0.300000 0.000000 3.141593 0.000000 -0.174533
    51 0.000000 -0.000001 0.000000 0.000000 0.000000 0.000000
    52 -0.000003 0.000000 0.000001 3.141592 0.000000 0.000000
    53 0.000006 0.000000 0.000004 0.000000 0.000000 0.349065
    54 0.000000 0.000000 0.000000 3.141593 0.000000 0.000000
    55 -0.000008 -0.000006 0.000000 3.141593 0.000000 0.000000
    56 0.000002 -0.000002 0.000000 3.141593 0.000000 0.000000
    57 0.000014 -0.000004 0.000000 3.141593 0.000000 0.000000
    58 -0.000001 0.000000 0.000000 3.141593 0.000000 -0.000001
    59 0.000000 0.000000 0.000000 3.141593 0.000000 0.000000
    60 0.000010 0.000017 0.000000 3.141593 0.000000 -0.000001
    61 0.000000 0.000004 0.000000 3.141593 0.000000 -0.000001
    62 0.000000 0.000006 0.000000 3.141593 0.000000 -0.000001
    63 0.000001 0.000002 0.000000 3.141593 0.000000 0.000000
    64 0.000000 0.000000 0.000000 -3.141592 0.000000 0.000000
    65 0.000000 0.000000 0.000000 -1.570797 -0.000001 0.000000
    66 0.000000 0.000000 0.000000 0.000000 0.000000 0.000000
    67 1.200000 0.000000 0.000000 0.000000 0.000000 0.000000
    68 0.000009 0.299994 0.000000 0.000000 0.000000 0.174533
    69 -0.000001 -0.000001 -0.000004 0.000000 0.000000 0.000000
    70 -0.000010 0.000000 -0.000003 -3.141592 0.000001 0.000000
    71 0.000000 0.000000 0.000000 0.000001 -0.000001 0.349065
    72 0.000000 -0.000003 0.000000 0.000000 0.000000 0.000000
    73 0.000003 0.000000 0.000000 0.000000 0.000000 0.000000
    74 -0.000010 -0.000006 0.000000 -0.000001 0.000000 0.000000
    75 0.000019 0.000002 0.000000 0.000000 0.000000 0.000000
    76 0.000001 0.000004 0.000000 0.000000 0.000000 -0.000001
    77 0.000000 0.000000 0.000000 0.000000 0.000000 -0.000001
    78 0.000001 -0.000002 0.000000 0.000000 0.000000 -0.000001
    79 0.000000 0.000000 0.000000 0.000000 0.000000 -0.000001
    80 0.000001 0.000008 0.000000 0.000000 0.000000 0.000000
    81 -0.000003 0.000004 0.000000 0.000000 0.000000 0.000000
    82 -0.000007 -0.000008 0.000000 0.000000 0.000000 -0.000001
    83 0.000000 0.000002 -0.000002 -1.570796 0.000000 0.000000
  time 1
    0 -5.024849 -16.674564 -4.312878 -1.628132 -0.024948 -1.571085
    1 -1.168092 -1.033296 0.029808 0.000000 0.000004 0.000000
    2 -1.944808 -1.361039 0.235287 0.000003 0.000007 -0.000014
    3 -4.549240 -1.689358 -0.012529 0.000000 0.000000 0.000000
    4 4.331499 0.360595 -0.709097 0.000015 0.000003 0.056022
    5 3.513922 0.962076 -0.004281 0.000004 -0.000001 1.176003
    6 2.855053 0.477292 0.679213 -0.000001 -0.000004 2.896619
    7 1.649902 5.878080 0.032496 -0.000003 0.000002 -1.570796
    8 6.587842 -0.691444 0.025964 -0.000001 -0.000001 1.570796
    9 0.000002 -0.241401 -0.052690 0.000001 0.000001 0.000000
    10 10.620066 1.884898 -0.004843 -1.570796 -0.000002 1.570796
    11 -9.087198 1.359573 -0.008167 -0.000003 0.000002 -1.570796
    12 -2.472832 -24.879635 -8.227873 3.099651 -0.094168 -2.147624
    13 1.473659 0.639418 -1.295234 2.247764 0.463598 0.756939
    14 1.832607 0.000002 -0.000008 3.094669 0.032139 0.374807
    15 1.003335 0.000005 0.000001 -3.040277 -0.010022 0.144118
    16 3.823895 -0.419603 -1.411520 0.270388 -0.123823 0.725514
    17 2.187956 0.000010 0.000000 -0.011759 -0.013717 1.803450
    18 1.100960 0.000002 0.000000 0.385756 -0.025574 0.381036
    19 3.987863 -0.577452 -0.474712 0.105820 -0.094321 0.711273
    20 1.890109 -0.000010 -0.000001 -0.017509 -0.092776 1.637084
    21 1.310925 0.000000 0.000000 0.482298 0.010104 0.416228
    22 4.117986 -0.654534 0.453695 0.081904 -0.104322 0.831595
    23 1.655294 0.000008 0.000000 -0.046832 0.031893 1.312450
    24 0.869582 0.000004 0.000000 0.067499 -0.046020 0.547136
    25 4.150630 -0.581594 1.354863 -0.345322 -0.065520 0.699057
    26 1.157247 -0.000010 -0.000002 -0.201375 -0.335288 1.361604
    27 1.019835 -0.000006 0.000000 -1.461068 -0.136272 0.403385
    28 7.406140 -5.988220 -8.901889 -1.651808 0.541133 -1.933663
    29 12.695427 -0.000020 -0.000008 -0.098195 0.271886 -1.144767
    30 -5.695584 -14.021793 -8.298187 3.013103 -0.017018 -1.560679
    31 1.474215 -0.497926 -1.376118 0.979422 0.426184 -0.250703
    32 1.832179 -0.000010 -0.000002 -2.526087 -0.301597 0.609649
    33 1.042025 -0.000004 -0.000009 -2.896901 -0.278827 -0.192682
    34 3.823320 0.664865 -1.331676 0.249458 0.361038 0.009081
    35 2.152367 -0.000001 0.000004 0.125453 -0.231915 -0.421313
    36 1.056622 -0.000011 0.000000 0.260885 -0.116001 -0.361500
    37 3.985134 0.881805 -0.368986 0.130155 -0.007030 -0.089253
    38 1.830183 0.000015 0.000000 0.067008 -0.071449 -1.501693
    39 1.561352 0.000008 -0.000004 0.029527 -0.013766 -1.349819
    40 4.116518 0.711272 0.551869 0.187923 0.006580 -0.361666
    41 1.752727 0.000006 0.000000 0.026521 0.029537 -1.405331
    42 0.869359 -0.000006 0.000000 0.015630 -0.073475 -0.926076
    43 4.118826 0.331223 1.419829 0.128888 -0.005990 -0.280207
    44 1.176321 0.000006 0.000000 -0.027338 0.139049 -0.923507
    45 0.970199 -0.000002 -0.000004 1.655618 0.044631 -1.487290
    46 -7.606037 1.001330 -4.120493 -2.806440 1.009116 -2.168903
    47 12.706336 -0.000035 -0.000009 -0.292053 0.288896 -1.827654
    48 0.000000 0.000000 -0.000003 0.000000 0.000000 0.000000
    49 1.200000 0.000000 0.000010 0.000000 0.000000 0.000000
    50 0.000010 -0.300000 0.000000 3.141593 0.000000 -0.174533
    51 0.000000 -0.000001 0.000000 0.000000 0.000000 0.000000
    52 -0.000003 0.000000 0.000001 3.141592 0.000000 0.000000
    53 0.000006 0.000000 0.000004 0.000000 0.000000 0.349065
    54 0.000000 0.000000 0.000000 3.141593 0.000000 0.000000
    55 -0.000008 -0.000006 0.000000 3.141593 0.000000 0.000000
    56 0.000002 -0.000002 0.000000 3.141593 0.000000 0.000000
    57 0.000014 -0.000004 0.000000 3.141593 0.000000 0.000000
    58 -0.000001 0.000000 0.000000 3.141593 0.000000 -0.000001
    59 0.000000 0.000000 0.000000 3.141593 0.000000 0.000000
    60 0.000010 0.000017 0.000000 3.141593 0.000000 -0.000001
    61 0.000000 0.000004 0.000000 3.141593 0.000000 -0.000001
    62 0.000000 0.000006 0.000000 3.141593 0.000000 -0.000001
    63 0.000001 0.000002 0.000000 3.141593 0.000000 0.000000
    64 0.000000 0.000000 0.000000 -3.141592 0.000000 0.000000
    65 0.000000 0.000000 0.000000 -1.570797 -0.000001 0.000000
    66 0.000000 0.000000 0.000000 0.000000 0.000000 0.000000
    67 1.200000 0.000000 0.000000 0.000000 0.000000 0.000000
    68 0.000009 0.299994 0.000000 0.000000 0.000000 0.174533
    69 -0.000001 -0.000001 -0.000004 0.000000 0.000000 0.000000
    70 -0.000010 0.000000 -0.000003 -3.141592 0.000001 0.000000
    71 0.000000 0.000000 0.000000 0.000001 -0.000001 0.349065
    72 0.000000 -0.000003 0.000000 0.000000 0.000000 0.000000
    73 0.000003 0.000000 0.000000 0.000000 0.000000 0.000000
    74 -0.000010 -0.000006 0.000000 -0.000001 0.000000 0.000000
    75 0.000019 0.000002 0.000000 0.000000 0.000000 0.000000
    76 0.000001 0.000004 0.000000 0.000000 0.000000 -0.000001
    77 0.000000 0.000000 0.000000 0.000000 0.000000 -0.000001
    78 0.000001 -0.000002 0.000000 0.000000 0.000000 -0.000001
    79 0.000000 0.000000 0.000000 0.000000 0.000000 -0.000001
    80 0.000001 0.000008 0.000000 0.000000 0.000000 0.000000
    81 -0.000003 0.000004 0.000000 0.000000 0.000000 0.000000
    82 -0.000007 -0.000008 0.000000 0.000000 0.000000 -0.000001
    83 0.000000 0.000002 -0.000002 -1.570796 0.000000 0.000000
  time 2
    0 -5.188916 -16.674564 -4.433975 -1.650904 -0.049896 -1.570801
    1 -1.171999 -1.033296 0.029808 0.000000 0.000004 0.000000
    2 -1.944808 -1.361039 0.235287 0.000003 0.000007 -0.000014
    3 -4.549240 -1.689358 -0.012529 0.000000 0.000000 0.000000
    4 4.331499 0.360595 -0.709097 0.000015 0.000003 0.056022
    5 3.513922 0.962076 -0.004281 0.000004 -0.000001 1.176003
    6 2.855053 0.477292 0.679213 -0.000001 -0.000004 2.896619
    7 1.649902 5.878080 0.032496 -0.000003 0.000002 -1.570796
    8 6.587842 -0.691444 0.025964 -0.000001 -0.000001 1.570796
    9 0.000002 -0.241401 -0.052690 0.000001 0.000001 0.000000
    10 10.620066 1.884898 -0.004843 -1.570796 -0.000002 1.570796
    11 -9.087198 1.359573 -0.008167 -0.000003 0.000002 -1.570796
    12 -2.277514 -25.422621 -8.513038 3.170184 -0.177875 -2.196082
    13 1.473659 0.639418 -1.295234 2.254605 0.533013 0.815463
    14 1.832607 0.000002 -0.000008 3.094681 0.032139 0.374807
    15 1.003335 0.000005 0.000001 -3.040289 -0.010022 0.144118
    16 3.823895 -0.419603 -1.411520 0.390322 -0.095652 0.621351
    17 2.187956 0.000010 0.000000 -0.007432 -0.019782 1.508068
    18 1.100960 0.000002 0.000000 0.388584 -0.033495 0.339950
    19 3.987863 -0.577452 -0.474712 0.101561 -0.080586 0.609622
    20 1.890109 -0.000010 -0.000001 -0.003872 -0.092056 1.410090
    21 1.310925 0.000000 0.000000 0.466887 -0.004326 0.372103
    22 4.117986 -0.654534 0.453695 0.073838 -0.075889 0.734518
    23 1.655294 0.000008 0.000000 -0.068332 0.027866 1.106780
    24 0.869582 0.000004 0.000000 0.053238 -0.033652 0.488988
    25 4.150630 -0.581594 1.354863 -0.365373 -0.032468 0.630539
    26 1.157247 -0.000010 -0.000002 -0.129503 -0.354994 1.099165
    27 1.019835 -0.000006 0.000000 -1.457245 -0.091150 0.327985
    28 7.406140 -5.855403 -8.905795 -1.659804 0.518700 -1.922607
    29 12.695427 -0.000020 -0.000008 -0.077933 0.261974 -1.068222
    30 -5.953405 -14.119452 -8.473973 2.990312 -0.041736 -1.560679
    31 1.474215 -0.497926 -1.376118 0.979422 0.426184 -0.250703
    32 1.832179 -0.000010 -0.000002 -2.526087 -0.301597 0.609630
    33 1.042025 -0.000004 -0.000009 -2.896901 -0.278839 -0.192682
    34 3.823320 0.664865 -1.331676 0.264223 0.357982 0.024733
    35 2.152367 -0.000001 0.000004 0.130978 -0.233438 -0.392058
    36 1.056622 -0.000011 0.000000 0.269862 -0.118530 -0.334559
    37 3.985134 0.881805 -0.368986 0.135332 -0.003711 -0.086176
    38 1.830183 0.000015 0.000000 0.076763 -0.063623 -1.475965
    39 1.561352 0.000008 -0.000004 0.035555 -0.007870 -1.326600
    40 4.116518 0.711272 0.551869 0.187923 0.006580 -0.361666
    41 1.752727 0.000006 0.000000 0.026521 0.029537 -1.405331
    42 0.869359 -0.000006 0.000000 0.015642 -0.073475 -0.926076
    43 4.118826 0.331223 1.419829 0.128888 -0.005990 -0.280207
    44 1.176321 0.000006 0.000000 -0.027338 0.139049 -0.923484
    45 0.970199 -0.000002 -0.000004 1.655618 0.044631 -1.487290
    46 -7.606037 1.001330 -4.120493 -2.801376 1.017158 -2.181149
    47 12.706336 -0.000035 -0.000009 -0.288759 0.289711 -1.815963
    48 0.000000 0.000000 -0.000003 0.000000 0.000000 0.000000
    49 1.200000 0.000000 0.000010 0.000000 0.000000 0.000000
    50 0.000010 -0.300000 0.000000 3.141593 0.000000 -0.174533
    51 0.000000 -0.000001 0.000000 0.000000 0.000000 0.000000
    52 -0.000003 0.000000 0.000001 3.141592 0.000000 0.000000
    53 0.000006 0.000000 0.000004 0.000000 0.000000 0.349065
    54 0.000000 0.000000 0.000000 3.141593 0.000000 0.000000
    55 -0.000008 -0.000006 0.000000 3.141593 0.000000 0.000000
    56 0.000002 -0.000002 0.000000 3.141593 0.000000 0.000000
    57 0.000014 -0.000004 0.000000 3.141593 0.000000 0.000000
    58 -0.000001 0.000000 0.000000 3.141593 0.000000 -0.000001
    59 0.000000 0.000000 0.000000 3.141593 0.000000 0.000000
    60 0.000010 0.000017 0.000000 3.141593 0.000000 -0.000001
    61 0.000000 0.000004 0.000000 3.141593 0.000000 -0.000001
    62 0.000000 0.000006 0.000000 3.141593 0.000000 -0.000001
    63 0.000001 0.000002 0.000000 3.141593 0.000000 0.000000
    64 0.000000 0.000000 0.000000 -3.141592 0.000000 0.000000
    65 0.000000 0.000000 0.000000 -1.570797 -0.000001 0.000000
    66 0.000000 0.000000 0.000000 0.000000 0.000000 0.000000
    67 1.200000 0.000000 0.000000 0.000000 0.000000 0.000000
    68 0.000009 0.299994 0.000000 0.000000 0.000000 0.174533
    69 -0.000001 -0.000001 -0.000004 0.000000 0.000000 0.000000
    70 -0.000010 0.000000 -0.000003 -3.141592 0.000001 0.000000
    71 0.000000 0.000000 0.000000 0.000001 -0.000001 0.349065
    72 0.000000 -0.000003 0.000000 0.000000 0.000000 0.000000
    73 0.000003 0.000000 0.000000 0.000000 0.000000 0.000000
    74 -0.000010 -0.000006 0.000000 -0.000001 0.000000 0.000000
    75 0.000019 0.000002 0.000000 0.000000 0.000000 0.000000
    76 0.000001 0.000004 0.000000 0.000000 0.000000 -0.000001
    77 0.000000 0.000000 0.000000 0.000000 0.000000 -0.000001
    78 0.000001 -0.000002 0.000000 0.000000 0.000000 -0.000001
    79 0.000000 0.000000 0.000000 0.000000 0.000000 -0.000001
    80 0.000001 0.000008 0.000000 0.000000 0.000000 0.000000
    81 -0.000003 0.000004 0.000000 0.000000 0.000000 0.000000
    82 -0.000007 -0.000008 0.000000 0.000000 0.000000 -0.000001
    83 0.000000 0.000002 -0.000002 -1.570796 0.000000 0.000000
  time 3
    0 -5.352984 -16.674564 -4.551167 -1.625218 -0.032106 -1.570943
    1 -1.164186 -1.037202 0.033714 0.000000 0.000004 0.000000
    2 -1.940901 -1.361039 0.235287 0.000003 0.000007 -0.000014
    3 -4.549240 -1.689358 -0.012529 0.000000 0.000000 0.000000
    4 4.331499 0.360595 -0.709097 0.000015 0.000003 0.056022
    5 3.513922 0.962076 -0.004281 0.000004 -0.000001 1.176003
    6 2.855053 0.477292 0.679213 -0.000001 -0.000004 2.896619
    7 1.649902 5.878080 0.032496 -0.000003 0.000002 -1.570796
    8 6.587842 -0.691444 0.025964 -0.000001 -0.000001 1.570796
    9 0.000002 -0.241401 -0.052690 0.000001 0.000001 0.000000
    10 10.620066 1.884898 -0.004843 -1.570796 -0.000002 1.570796
    11 -9.087198 1.359573 -0.008167 -0.000003 0.000002 -1.570796
    12 -1.840001 -25.028077 -9.403690 3.243728 -0.182302 -2.008479
    13 1.473659 0.639418 -1.295234 2.270703 0.636001 0.900223
    14 1.832607 0.000002 -0.000008 3.094669 0.032139 0.374807
    15 1.003335 0.000005 0.000001 -3.040289 -0.010022 0.144118
    16 3.823895 -0.419603 -1.411520 0.537298 -0.033679 0.480385
    17 2.187956 0.000010 0.000000 0.005235 -0.025942 1.090210
    18 1.100960 0.000002 0.000000 0.393570 -0.046738 0.279883
    19 3.987863 -0.577452 -0.474712 0.092946 -0.062981 0.462067
    20 1.890109 -0.000010 -0.000001 -0.007646 -0.073564 1.141206
    21 1.310925 0.000000 0.000000 0.443409 -0.026330 0.308576
    22 4.117986 -0.654534 0.453695 0.057539 -0.036336 0.593590
    23 1.655294 0.000008 0.000000 -0.096292 0.024294 0.887223
    24 0.869582 0.000004 0.000000 0.031006 -0.017425 0.404829
    25 4.150630 -0.581594 1.354863 -0.398007 0.012675 0.530260
    26 1.157247 -0.000010 -0.000002 -0.064703 -0.340506 0.821687
    27 1.019835 -0.000006 0.000000 -1.457964 -0.025822 0.219447
    28 7.406140 -5.648366 -8.901889 -1.641052 0.584379 -1.893494
    29 12.695427 -0.000020 -0.000008 -0.092051 0.268997 -1.121756
    30 -6.015906 -14.049137 -8.563820 3.016058 -0.024213 -1.560679
    31 1.474215 -0.497926 -1.376118 0.979422 0.426184 -0.250703
    32 1.832179 -0.000010 -0.000002 -2.526087 -0.301597 0.609649
    33 1.042025 -0.000004 -0.000009 -2.896901 -0.278827 -0.192682
    34 3.823320 0.664865 -1.331676 0.288012 0.352565 0.050213
    35 2.152367 -0.000001 0.000004 0.140111 -0.235571 -0.344121
    36 1.056622 -0.000011 0.000000 0.284027 -0.122784 -0.290587
    37 3.985134 0.881805 -0.368986 0.143961 0.001862 -0.081056
    38 1.830183 0.000015 0.000000 0.093458 -0.051063 -1.431582
    39 1.561352 0.000008 -0.000004 0.046162 0.001982 -1.286603
    40 4.116518 0.711272 0.551869 0.187923 0.006580 -0.361666
    41 1.752727 0.000006 0.000000 0.026521 0.029537 -1.405331
    42 0.869359 -0.000006 0.000000 0.015630 -0.073475 -0.926076
    43 4.118826 0.331223 1.419829 0.128888 -0.005990 -0.280207
    44 1.176321 0.000006 0.000000 -0.027338 0.139049 -0.923507
    45 0.970199 -0.000002 -0.000004 1.655618 0.044631 -1.487290
    46 -7.606037 1.001330 -4.120493 -2.806301 1.027002 -2.191645
    47 12.706336 -0.000035 -0.000009 -0.290309 0.289243 -1.821008
    48 0.000000 0.000000 -0.000003 0.000000 0.000000 0.000000
    49 1.200000 0.000000 0.000010 0.000000 0.000000 0.000000
    50 0.000010 -0.300000 0.000000 3.141593 0.000000 -0.174533
    51 0.000000 -0.000001 0.000000 0.000000 0.000000 0.000000
    52 -0.000003 0.000000 0.000001 3.141592 0.000000 0.000000
    53 0.000006 0.000000 0.000004 0.000000 0.000000 0.349065
    54 0.000000 0.000000 0.000000 3.141593 0.000000 0.000000
    55 -0.000008 -0.000006 0.000000 3.141593 0.000000 0.000000
    56 0.000002 -0.000002 0.000000 3.141593 0.000000 0.000000
    57 0.000014 -0.000004 0.000000 3.141593 0.000000 0.000000
    58 -0.000001 0.000000 0.000000 3.141593 0.000000 -0.000001
    59 0.000000 0.000000 0.000000 3.141593 0.000000 0.000000
    60 0.000010 0.000017 0.000000 3.141593 0.000000 -0.000001
    61 0.000000 0.000004 0.000000 3.141593 0.000000 -0.000001
    62 0.000000 0.000006 0.000000 3.141593 0.000000 -0.000001
    63 0.000001 0.000002 0.000000 3.141593 0.000000 0.000000
    64 0.000000 0.000000 0.000000 -3.141592 0.000000 0.000000
    65 0.000000 0.000000 0.000000 -1.570797 -0.000001 0.000000
    66 0.000000 0.000000 0.000000 0.000000 0.000000 0.000000
    67 1.200000 0.000000 0.000000 0.000000 0.000000 0.000000
    68 0.000009 0.299994 0.000000 0.000000 0.000000 0.174533
    69 -0.000001 -0.000001 -0.000004 0.000000 0.000000 0.000000
    70 -0.000010 0.000000 -0.000003 -3.141592 0.000001 0.000000
    71 0.000000 0.000000 0.000000 0.000001 -0.000001 0.349065
    72 0.000000 -0.000003 0.000000 0.000000 0.000000 0.000000
    73 0.000003 0.000000 0.000000 0.000000 0.000000 0.000000
    74 -0.000010 -0.000006 0.000000 -0.000001 0.000000 0.000000
    75 0.000019 0.000002 0.000000 0.000000 0.000000 0.000000
    76 0.000001 0.000004 0.000000 0.000000 0.000000 -0.000001
    77 0.000000 0.000000 0.000000 0.000000 0.000000 -0.000001
    78 0.000001 -0.000002 0.000000 0.000000 0.000000 -0.000001
    79 0.000000 0.000000 0.000000 0.000000 0.000000 -0.000001
    80 0.000001 0.000008 0.000000 0.000000 0.000000 0.000000
    81 -0.000003 0.000004 0.000000 0.000000 0.000000 0.000000
    82 -0.000007 -0.000008 0.000000 0.000000 0.000000 -0.000001
    83 0.000000 0.000002 -0.000002 -1.570796 0.000000 0.000000
  time 4
    0 -5.442830 -16.674564 -4.617575 -1.599577 0.000000 -1.570801
    1 -1.164186 -1.037202 0.029808 0.000000 0.000004 0.000000
    2 -1.940901 -1.361039 0.231380 0.000003 0.000007 -0.000014
    3 -4.549240 -1.689358 -0.012529 0.000000 0.000000 0.000000
    4 4.331499 0.360595 -0.709097 0.000015 0.000003 0.056022
    5 3.513922 0.962076 -0.004281 0.000004 -0.000001 1.176003
    6 2.855053 0.477292 0.679213 -0.000001 -0.000004 2.896619
    7 1.649902 5.878080 0.032496 -0.000003 0.000002 -1.570796
    8 6.587842 -0.691444 0.025964 -0.000001 -0.000001 1.570796
    9 0.000002 -0.241401 -0.052690 0.000001 0.000001 0.000000
    10 10.620066 1.884898 -0.004843 -1.570796 -0.000002 1.570796
    11 -9.087198 1.359573 -0.008167 -0.000003 0.000002 -1.570796
    12 -1.140761 -23.840541 -10.087305 3.313348 -0.197997 -1.823629
    13 1.473659 0.639418 -1.295234 2.293412 0.744598 0.984054
    14 1.832607 0.000002 -0.000008 3.094669 0.032139 0.374807
    15 1.003335 0.000005 0.000001 -3.040289 -0.010022 0.144118
    16 3.823895 -0.419603 -1.411520 0.643572 0.043567 0.354550
    17 2.187956 0.000010 0.000000 0.023907 -0.025450 0.726594
    18 1.100960 0.000002 0.000000 0.399886 -0.063469 0.218893
    19 3.987863 -0.577452 -0.474712 0.081860 -0.048743 0.314141
    20 1.890109 -0.000010 -0.000001 -0.050798 -0.020736 0.784977
    21 1.310925 0.000000 0.000000 0.416755 -0.050431 0.245259
    22 4.117986 -0.654534 0.453695 0.035955 0.000555 0.452084
    23 1.655294 0.000008 0.000000 -0.174300 0.052818 0.634247
    24 0.869582 0.000004 0.000000 0.007612 -0.002612 0.320342
    25 4.150630 -0.581594 1.354863 -0.435075 0.054406 0.428617
    26 1.157247 -0.000010 -0.000002 -0.069413 -0.228824 0.524021
    27 1.019835 -0.000006 0.000000 -1.465993 0.039002 0.110786
    28 7.402234 -5.363201 -8.901889 -1.596029 0.688901 -1.840519
    29 12.695427 -0.000020 -0.000008 -0.134405 0.284997 -1.276586
    30 -6.004187 -13.916321 -8.563820 3.042028 0.007594 -1.559755
    31 1.474215 -0.497926 -1.376118 0.979422 0.426184 -0.250703
    32 1.832179 -0.000010 -0.000002 -2.526087 -0.301597 0.609649
    33 1.042025 -0.000004 -0.000009 -2.896901 -0.278839 -0.192682
    34 3.823320 0.664865 -1.331676 0.319004 0.344595 0.083002
    35 2.152367 -0.000001 0.000004 0.151832 -0.237896 -0.281012
    36 1.056622 -0.000011 0.000000 0.302508 -0.128441 -0.232630
    37 3.985134 0.881805 -0.368986 0.155718 0.009619 -0.073893
    38 1.830183 0.000015 0.000000 0.117823 -0.035147 -1.367668
    39 1.561352 0.000008 -0.000004 0.061322 0.014661 -1.229167
    40 4.116518 0.711272 0.551869 0.187923 0.006580 -0.361666
    41 1.752727 0.000006 0.000000 0.026521 0.029537 -1.405331
    42 0.869359 -0.000006 0.000000 0.015642 -0.073475 -0.926076
    43 4.118826 0.331223 1.419829 0.128888 -0.005990 -0.280207
    44 1.176321 0.000006 0.000000 -0.027338 0.139049 -0.923484
    45 0.970199 -0.000002 -0.000004 1.655618 0.044631 -1.487290
    46 -7.606037 1.001330 -4.120493 -2.803318 1.038247 -2.192957
    47 12.706336 -0.000035 -0.000009 -0.293902 0.288381 -1.833561
    48 0.000000 0.000000 -0.000003 0.000000 0.000000 0.000000
    49 1.200000 0.000000 0.000010 0.000000 0.000000 0.000000
    50 0.000010 -0.300000 0.000000 3.141593 0.000000 -0.174533
    51 0.000000 -0.000001 0.000000 0.000000 0.000000 0.000000
    52 -0.000003 0.000000 0.000001 3.141592 0.000000 0.000000
    53 0.000006 0.000000 0.000004 0.000000 0.000000 0.349065
    54 0.000000 0.000000 0.000000 3.141593 0.000000 0.000000
    55 -0.000008 -0.000006 0.000000 3.141593 0.000000 0.000000
    56 0.000002 -0.000002 0.000000 3.141593 0.000000 0.000000
    57 0.000014 -0.000004 0.000000 3.141593 0.000000 0.000000
    58 -0.000001 0.000000 0.000000 3.141593 0.000000 -0.000001
    59 0.000000 0.000000 0.000000 3.141593 0.000000 0.000000
    60 0.000010 0.000017 0.000000 3.141593 0.000000 -0.000001
    61 0.000000 0.000004 0.000000 3.141593 0.000000 -0.000001
    62 0.000000 0.000006 0.000000 3.141593 0.000000 -0.000001
    63 0.000001 0.000002 0.000000 3.141593 0.000000 0.000000
    64 0.000000 0.000000 0.000000 -3.141592 0.000000 0.000000
    65 0.000000 0.000000 0.000000 -1.570797 -0.000001 0.000000
    66 0.000000 0.000000 0.000000 0.000000 0.000000 0.000000
    67 1.200000 0.000000 0.000000 0.000000 0.000000 0.000000
    68 0.000009 0.299994 0.000000 0.000000 0.000000 0.174533
    69 -0.000001 -0.000001 -0.000004 0.000000 0.000000 0.000000
    70 -0.000010 0.000000 -0.000003 -3.141592 0.000001 0.000000
    71 0.000000 0.000000 0.000000 0.000001 -0.000001 0.349065
    72 0.000000 -0.000003 0.000000 0.000000 0.000000 0.000000
    73 0.000003 0.000000 0.000000 0.000000 0.000000 0.000000
    74 -0.000010 -0.000006 0.000000 -0.000001 0.000000 0.000000
    75 0.000019 0.000002 0.000000 0.000000 0.000000 0.000000
    76 0.000001 0.000004 0.000000 0.000000 0.000000 -0.000001
    77 0.000000 0.000000 0.000000 0.000000 0.000000 -0.000001
    78 0.000001 -0.000002 0.000000 0.000000 0.000000 -0.000001
    79 0.000000 0.000000 0.000000 0.000000 0.000000 -0.000001
    80 0.000001 0.000008 0.000000 0.000000 0.000000 0.000000
    81 -0.000003 0.000004 0.000000 0.000000 0.000000 0.000000
    82 -0.000007 -0.000008 0.000000 0.000000 0.000000 -0.000001
    83 0.000000 0.000002 -0.000002 -1.570796 0.000000 0.000000
  time 5
    0 -5.438924 -16.815194 -4.512103 -1.604553 0.030173 -1.577828
    1 -1.164186 -1.037202 0.029808 0.000000 0.000004 0.000000
    2 -1.940901 -1.361039 0.231380 0.000003 0.000007 -0.000014
    3 -4.549240 -1.689358 -0.012529 0.000000 0.000000 0.000000
    4 4.331499 0.360595 -0.709097 0.000015 0.000003 0.056022
    5 3.513922 0.962076 -0.004281 0.000004 -0.000001 1.176003
    6 2.855053 0.477292 0.679213 -0.000001 -0.000004 2.896619
    7 1.649902 5.878080 0.032496 -0.000003 0.000002 -1.570796
    8 6.587842 -0.691444 0.025964 -0.000001 -0.000001 1.570796
    9 0.000002 -0.241401 -0.052690 0.000001 0.000001 0.000000
    10 10.620066 1.884898 -0.004843 -1.570796 -0.000002 1.570796
    11 -9.087198 1.359573 -0.008167 -0.000003 0.000002 -1.570796
    12 -0.199326 -22.399091 -10.044335 3.340996 -0.254016 -1.861222
    13 1.473659 0.639418 -1.295234 2.306261 0.831400 1.030023
    14 1.832607 0.000002 -0.000008 3.094669 0.032127 0.374807
    15 1.003335 0.000005 0.000001 -3.040289 -0.010022 0.144118
    16 3.823895 -0.419603 -1.411520 0.713524 0.156515 0.200206
    17 2.187956 0.000010 0.000000 0.047229 -0.013526 0.355681
    18 1.100960 0.000002 0.000000 0.405818 -0.080942 0.174466
    19 3.987863 -0.577452 -0.474712 0.073375 -0.043770 0.211363
    20 1.890109 -0.000010 -0.000001 -0.134655 0.038264 0.374603
    21 1.310925 0.000000 0.000000 0.391533 -0.069115 0.201747
    22 4.117986 -0.654534 0.453695 0.018038 0.024098 0.353983
    23 1.655294 0.000008 0.000000 -0.311583 0.090114 0.353083
    24 0.869582 0.000004 0.000000 -0.009310 0.007095 0.261510
    25 4.150630 -0.581594 1.354863 -0.463371 0.081215 0.357161
    26 1.157247 -0.000010 -0.000002 -0.174613 -0.056108 0.211613
    27 1.019835 -0.000006 0.000000 -1.476348 0.083142 0.035098
    28 7.402234 -5.011628 -8.905795 -1.540250 0.768497 -1.765064
    29 12.695427 -0.000020 -0.000008 -0.185371 0.295160 -1.454032
    30 -6.000281 -13.943666 -8.364595 3.037416 0.037842 -1.566362
    31 1.474215 -0.497926 -1.376118 0.979422 0.426184 -0.250703
    32 1.832179 -0.000010 -0.000002 -2.526087 -0.301597 0.609630
    33 1.042025 -0.000004 -0.000009 -2.896901 -0.278839 -0.192682
    34 3.823320 0.664865 -1.331676 0.353820 0.334420 0.119999
    35 2.152367 -0.000001 0.000004 0.165074 -0.239658 -0.208919
    36 1.056622 -0.000011 0.000000 0.322869 -0.135021 -0.166475
    37 3.985134 0.881805 -0.368986 0.170507 0.019402 -0.064914
    38 1.830183 0.000015 0.000000 0.149702 -0.017734 -1.284116
    39 1.561352 0.000008 -0.000004 0.081624 0.029403 -1.154292
    40 4.116518 0.711272 0.551869 0.187923 0.006580 -0.361666
    41 1.752727 0.000006 0.000000 0.026521 0.029537 -1.405331
    42 0.869359 -0.000006 0.000000 0.015630 -0.073475 -0.926076
    43 4.118826 0.331223 1.419829 0.128888 -0.005990 -0.280207
    44 1.176321 0.000006 0.000000 -0.027338 0.139049 -0.923507
    45 0.970199 -0.000002 -0.000004 1.655618 0.044631 -1.487290
    46 -7.606037 1.001330 -4.120493 -2.752884 1.045889 -2.156720
    47 12.706336 -0.000035 -0.000009 -0.294735 0.288213 -1.837007
    48 0.000000 0.000000 -0.000003 0.000000 0.000000 0.000000
    49 1.200000 0.000000 0.000010 0.000000 0.000000 0.000000
    50 0.000010 -0.300000 0.000000 3.141593 0.000000 -0.174533
    51 0.000000 -0.000001 0.000000 0.000000 0.000000 0.000000
    52 -0.000003 0.000000 0.000001 3.141592 0.000000 0.000000
    53 0.000006 0.000000 0.000004 0.000000 0.000000 0.349065
    54 0.000000 0.000000 0.000000 3.141593 0.000000 0.000000
    55 -0.000008 -0.000006 0.000000 3.141593 0.000000 0.000000
    56 0.000002 -0.000002 0.000000 3.141593 0.000000 0.000000
    57 0.000014 -0.000004 0.000000 3.141593 0.000000 0.000000
    58 -0.000001 0.000000 0.000000 3.141593 0.000000 -0.000001
    59 0.000000 0.000000 0.000000 3.141593 0.000000 0.000000
    60 0.000010 0.000017 0.000000 3.141593 0.000000 -0.000001
    61 0.000000 0.000004 0.000000 3.141593 0.000000 -0.000001
    62 0.000000 0.000006 0.000000 3.141593 0.000000 -0.000001
    63 0.000001 0.000002 0.000000 3.141593 0.000000 0.000000
    64 0.000000 0.000000 0.000000 -3.141592 0.000000 0.000000
    65 0.000000 0.000000 0.000000 -1.570797 -0.000001 0.000000
    66 0.000000 0.000000 0.000000 0.000000 0.000000 0.000000
    67 1.200000 0.000000 0.000000 0.000000 0.000000 0.000000
    68 0.000009 0.299994 0.000000 0.000000 0.000000 0.174533
    69 -0.000001 -0.000001 -0.000004 0.000000 0.000000 0.000000
    70 -0.000010 0.000000 -0.000003 -3.141592 0.000001 0.000000
    71 0.000000 0.000000 0.000000 0.000001 -0.000001 0.349065
    72 0.000000 -0.000003 0.000000 0.000000 0.000000 0.000000
    73 0.000003 0.000000 0.000000 0.000000 0.000000 0.000000
    74 -0.000010 -0.000006 0.000000 -0.000001 0.000000 0.000000
    75 0.000019 0.000002 0.000000 0.000000 0.000000 0.000000
    76 0.000001 0.000004 0.000000 0.000000 0.000000 -0.000001
    77 0.000000 0.000000 0.000000 0.000000 0.000000 -0.000001
    78 0.000001 -0.000002 0.000000 0.000000 0.000000 -0.000001
    79 0.000000 0.000000 0.000000 0.000000 0.000000 -0.000001
    80 0.000001 0.000008 0.000000 0.000000 0.000000 0.000000
    81 -0.000003 0.000004 0.000000 0.000000 0.000000 0.000000
    82 -0.000007 -0.000008 0.000000 0.000000 0.000000 -0.000001
    83 0.000000 0.000002 -0.000002 -1.570796 0.000000 0.000000
  time 6
    0 -5.411579 -17.225362 -4.223032 -1.622349 0.060588 -1.597135
    1 -1.171999 -1.041108 0.029808 0.000000 0.000004 0.000000
    2 -1.948714 -1.361039 0.235287 0.000003 0.000007 -0.000014
    3 -4.549240 -1.689358 -0.012529 0.000000 0.000000 0.000000
    4 4.331499 0.360595 -0.709097 0.000015 0.000003 0.056022
    5 3.513922 0.962076 -0.004281 0.000004 -0.000001 1.176003
    6 2.855053 0.477292 0.679213 -0.000001 -0.000004 2.896619
    7 1.649902 5.878080 0.032496 -0.000003 0.000002 -1.570796
    8 6.587842 -0.691444 0.025964 -0.000001 -0.000001 1.570796
    9 0.000002 -0.241401 -0.052690 0.000001 0.000001 0.000000
    10 10.620066 1.884898 -0.004843 -1.570796 -0.000002 1.570796
    11 -9.087198 1.359573 -0.008167 -0.000003 0.000002 -1.570796
    12 0.812424 -20.942015 -9.536507 3.343551 -0.325529 -1.936770
    13 1.473659 0.639418 -1.295234 2.289330 0.883231 1.011641
    14 1.832607 0.000002 -0.000008 3.094669 0.032127 0.374807
    15 1.003335 0.000005 0.000001 -3.040289 -0.010022 0.144118
    16 3.823895 -0.419603 -1.411520 0.734237 0.225139 0.111297
    17 2.187956 0.000010 0.000000 0.058315 -0.003075 0.168319
    18 1.100960 0.000002 0.000000 0.410205 -0.097805 0.156090
    19 3.987863 -0.577452 -0.474712 0.070953 -0.048504 0.175445
    20 1.890109 -0.000010 -0.000001 -0.174888 0.060987 0.217806
    21 1.310925 0.000000 0.000000 0.369884 -0.077492 0.187603
    22 4.117986 -0.654534 0.453695 0.011290 0.031744 0.320425
    23 1.655294 0.000008 0.000000 -0.373448 0.098323 0.244847
    24 0.869582 0.000004 0.000000 -0.015098 0.011350 0.241325
    25 4.150630 -0.581594 1.354863 -0.473797 0.090460 0.331824
    26 1.157247 -0.000010 -0.000002 -0.238228 0.011284 0.090339
    27 1.019835 -0.000006 0.000000 -1.481561 0.097847 0.008983
    28 7.402234 -4.605365 -8.905795 -1.483995 0.812574 -1.678369
    29 12.695427 -0.000020 -0.000008 -0.233097 0.296742 -1.617640
    30 -5.980749 -14.221018 -7.981771 3.020043 0.068411 -1.586821
    31 1.474215 -0.497926 -1.376118 0.979422 0.426184 -0.250703
    32 1.832179 -0.000010 -0.000002 -2.526087 -0.301597 0.609630
    33 1.042025 -0.000004 -0.000009 -2.896973 -0.278839 -0.192682
    34 3.823320 0.664865 -1.331676 0.387988 0.323047 0.156240
    35 2.152367 -0.000001 0.000004 0.178449 -0.239658 -0.136371
    36 1.056622 -0.000011 0.000000 0.342848 -0.140977 -0.099781
    37 3.985134 0.881805 -0.368986 0.187561 0.030810 -0.054384
    38 1.830183 0.000015 0.000000 0.188484 -0.001459 -1.182251
    39 1.561352 0.000008 -0.000004 0.106744 0.044371 -1.063432
    40 4.116518 0.711272 0.551869 0.187923 0.006580 -0.361666
    41 1.752727 0.000006 0.000000 0.026521 0.029537 -1.405331
    42 0.869359 -0.000006 0.000000 0.015570 -0.073475 -0.926076
    43 4.118826 0.331223 1.419829 0.128888 -0.005990 -0.280207
    44 1.176321 0.000006 0.000000 -0.027338 0.139049 -0.923484
    45 0.970199 -0.000002 -0.000004 1.655618 0.044631 -1.487290
    46 -7.606037 1.001330 -4.120493 -2.646327 1.041417 -2.072687
    47 12.706336 -0.000035 -0.000009 -0.289749 0.289387 -1.819101
    48 0.000000 0.000000 -0.000003 0.000000 0.000000 0.000000
    49 1.200000 0.000000 0.000010 0.000000 0.000000 0.000000
    50 0.000010 -0.300000 0.000000 3.141593 0.000000 -0.174533
    51 0.000000 -0.000001 0.000000 0.000000 0.000000 0.000000
    52 -0.000003 0.000000 0.000001 3.141592 0.000000 0.000000
    53 0.000006 0.000000 0.000004 0.000000 0.000000 0.349065
    54 0.000000 0.000000 0.000000 3.141593 0.000000 0.000000
    55 -0.000008 -0.000006 0.000000 3.141593 0.000000 0.000000
    56 0.000002 -0.000002 0.000000 3.141593 0.000000 0.000000
    57 0.000014 -0.000004 0.000000 3.141593 0.000000 0.000000
    58 -0.000001 0.000000 0.000000 3.141593 0.000000 -0.000001
    59 0.000000 0.000000 0.000000 3.141593 0.000000 0.000000
    60 0.000010 0.000017 0.000000 3.141593 0.000000 -0.000001
    61 0.000000 0.000004 0.000000 3.141593 0.000000 -0.000001
    62 0.000000 0.000006 0.000000 3.141593 0.000000 -0.000001
    63 0.000001 0.000002 0.000000 3.141593 0.000000 0.000000
    64 0.000000 0.000000 0.000000 -3.141592 0.000000 0.000000
    65 0.000000 0.000000 0.000000 -1.570797 -0.000001 0.000000
    66 0.000000 0.000000 0.000000 0.000000 0.000000 0.000000
    67 1.200000 0.000000 0.000000 0.000000 0.000000 0.000000
    68 0.000009 0.299994 0.000000 0.000000 0.000000 0.174533
    69 -0.000001 -0.000001 -0.000004 0.000000 0.000000 0.000000
    70 -0.000010 0.000000 -0.000003 -3.141592 0.000001 0.000000
    71 0.000000 0.000000 0.000000 0.000001 -0.000001 0.349065
    72 0.000000 -0.000003 0.000000 0.000000 0.000000 0.000000
    73 0.000003 0.000000 0.000000 0.000000 0.000000 0.000000
    74 -0.000010 -0.000006 0.000000 -0.000001 0.000000 0.000000
    75 0.000019 0.000002 0.000000 0.000000 0.000000 0.000000
    76 0.000001 0.000004 0.000000 0.000000 0.000000 -0.000001
    77 0.000000 0.000000 0.000000 0.000000 0.000000 -0.000001
    78 0.000001 -0.000002 0.000000 0.000000 0.000000 -0.000001
    79 0.000000 0.000000 0.000000 0.000000 0.000000 -0.000001
    80 0.000001 0.000008 0.000000 0.000000 0.000000 0.000000
    81 -0.000003 0.000004 0.000000 0.000000 0.000000 0.000000
    82 -0.000007 -0.000008 0.000000 0.000000 0.000000 -0.000001
    83 0.000000 0.000002 -0.000002 -1.570796 0.000000 0.000000
  time 7
    0 -5.352984 -17.678501 -3.973024 -1.648797 0.071053 -1.623965
    1 -1.171999 -1.041108 0.029808 0.000000 0.000004 0.000000
    2 -1.948714 -1.361039 0.227474 0.000003 0.000007 -0.000014
    3 -4.549240 -1.689358 -0.012529 0.000000 0.000000 0.000000
    4 4.331499 0.360595 -0.709097 0.000015 0.000003 0.056022
    5 3.513922 0.962076 -0.004281 0.000004 -0.000001 1.176003
    6 2.855053 0.477292 0.679213 -0.000001 -0.000004 2.896619
    7 1.649902 5.878080 0.032496 -0.000003 0.000002 -1.570796
    8 6.587842 -0.691444 0.025964 -0.000001 -0.000001 1.570796
    9 0.000002 -0.241401 -0.052690 0.000001 0.000001 0.000000
    10 10.620066 1.884898 -0.004843 -1.570796 -0.000002 1.570796
    11 -9.087198 1.359573 -0.008167 -0.000003 0.000002 -1.570796
    12 1.203061 -19.875576 -8.856798 3.362530 -0.360421 -1.991892
    13 1.473659 0.639418 -1.295234 2.194297 0.909138 0.875085
    14 1.832607 0.000002 -0.000008 3.094669 0.032139 0.374807
    15 1.003335 0.000005 0.000001 -3.040289 -0.010022 0.144118
    16 3.823895 -0.419603 -1.411520 0.734107 0.220388 0.113617
    17 2.187956 0.000010 0.000000 0.059885 -0.003890 0.186539
    18 1.100960 0.000002 0.000000 0.411043 -0.117591 0.170449
    19 3.987863 -0.577452 -0.474712 0.080202 -0.058067 0.176684
    20 1.890109 -0.000010 -0.000001 -0.174608 0.071893 0.232722
    21 1.310925 0.000000 0.000000 0.350305 -0.080056 0.195280
    22 4.117986 -0.654534 0.453695 0.012069 0.027553 0.323261
    23 1.655294 0.000008 0.000000 -0.369157 0.097017 0.259750
    24 0.869582 0.000004 0.000000 -0.014907 0.012452 0.254562
    25 4.150630 -0.581594 1.354863 -0.469423 0.090901 0.343369
    26 1.157247 -0.000010 -0.000002 -0.239270 0.018456 0.107008
    27 1.019835 -0.000006 0.000000 -1.482220 0.094863 0.018745
    28 7.402234 -4.148320 -8.901889 -1.409750 0.794212 -1.606415
    29 12.695427 -0.000020 -0.000008 -0.256431 0.294668 -1.697506
    30 -5.949498 -14.615561 -7.684887 2.993715 0.079212 -1.613176
    31 1.474215 -0.497926 -1.376118 0.979422 0.426184 -0.250703
    32 1.832179 -0.000010 -0.000002 -2.526087 -0.301597 0.609649
    33 1.042025 -0.000004 -0.000009 -2.896901 -0.278827 -0.192682
    34 3.823320 0.664865 -1.331676 0.417626 0.312045 0.187904
    35 2.152367 -0.000001 0.000004 0.190829 -0.236817 -0.071893
    36 1.056622 -0.000011 0.000000 0.360094 -0.144752 -0.040241
    37 3.985134 0.881805 -0.368986 0.205861 0.043371 -0.042845
    38 1.830183 0.000015 0.000000 0.232108 0.010742 -1.065556
    39 1.561352 0.000008 -0.000004 0.135567 0.057686 -0.959129
    40 4.116518 0.711272 0.551869 0.187923 0.006580 -0.361666
    41 1.752727 0.000006 0.000000 0.026521 0.029537 -1.405331
    42 0.869359 -0.000006 0.000000 0.015642 -0.073487 -0.926076
    43 4.118826 0.331223 1.419829 0.128888 -0.005990 -0.280207
    44 1.176321 0.000006 0.000000 -0.027338 0.139049 -0.923484
    45 0.970199 -0.000002 -0.000004 1.655618 0.044631 -1.487290
    46 -7.606037 1.001330 -4.120493 -2.538729 1.029638 -1.984593
    47 12.706336 -0.000035 -0.000009 -0.280297 0.291520 -1.786120
    48 0.000000 0.000000 -0.000003 0.000000 0.000000 0.000000
    49 1.200000 0.000000 0.000010 0.000000 0.000000 0.000000
    50 0.000010 -0.300000 0.000000 3.141593 0.000000 -0.174533
    51 0.000000 -0.000001 0.000000 0.000000 0.000000 0.000000
    52 -0.000003 0.000000 0.000001 3.141592 0.000000 0.000000
    53 0.000006 0.000000 0.000004 0.000000 0.000000 0.349065
    54 0.000000 0.000000 0.000000 3.141593 0.000000 0.000000
    55 -0.000008 -0.000006 0.000000 3.141593 0.000000 0.000000
    56 0.000002 -0.000002 0.000000 3.141593 0.000000 0.000000
    57 0.000014 -0.000004 0.000000 3.141593 0.000000 0.000000
    58 -0.000001 0.000000 0.000000 3.141593 0.000000 -0.000001
    59 0.000000 0.000000 0.000000 3.141593 0.000000 0.000000
    60 0.000010 0.000017 0.000000 3.141593 0.000000 -0.000001
    61 0.000000 0.000004 0.000000 3.141593 0.000000 -0.000001
    62 0.000000 0.000006 0.000000 3.141593 0.000000 -0.000001
    63 0.000001 0.000002 0.000000 3.141593 0.000000 0.000000
    64 0.000000 0.000000 0.000000 -3.141592 0.000000 0.000000
    65 0.000000 0.000000 0.000000 -1.570797 -0.000001 0.000000
    66 0.000000 0.000000 0.000000 0.000000 0.000000 0.000000
    67 1.200000 0.000000 0.000000 0.000000 0.000000 0.000000
    68 0.000009 0.299994 0.000000 0.000000 0.000000 0.174533
    69 -0.000001 -0.000001 -0.000004 0.000000 0.000000 0.000000
    70 -0.000010 0.000000 -0.000003 -3.141592 0.000001 0.000000
    71 0.000000 0.000000 0.000000 0.000001 -0.000001 0.349065
    72 0.000000 -0.000003 0.000000 0.000000 0.000000 0.000000
    73 0.000003 0.000000 0.000000 0.000000 0.000000 0.000000
    74 -0.000010 -0.000006 0.000000 -0.000001 0.000000 0.000000
    75 0.000019 0.000002 0.000000 0.000000 0.000000 0.000000
    76 0.000001 0.000004 0.000000 0.000000 0.000000 -0.000001
    77 0.000000 0.000000 0.000000 0.000000 0.000000 -0.000001
    78 0.000001 -0.000002 0.000000 0.000000 0.000000 -0.000001
    79 0.000000 0.000000 0.000000 0.000000 0.000000 -0.000001
    80 0.000001 0.000008 0.000000 0.000000 0.000000 0.000000
    81 -0.000003 0.000004 0.000000 0.000000 0.000000 0.000000
    82 -0.000007 -0.000008 0.000000 0.000000 0.000000 -0.000001
    83 0.000000 0.000002 -0.000002 -1.570796 0.000000 0.000000
  time 8
    0 -5.274856 -18.158985 -3.758174 -1.681252 0.045184 -1.652428
    1 -1.171999 -1.037202 0.033714 0.000000 0.000004 0.000000
    2 -1.940901 -1.361039 0.227474 0.000003 0.000007 -0.000014
    3 -4.549240 -1.689358 -0.012529 0.000000 0.000000 0.000000
    4 4.331499 0.360595 -0.709097 0.000015 0.000003 0.056022
    5 3.513922 0.962076 -0.004281 0.000004 -0.000001 1.176003
    6 2.855053 0.477292 0.679213 -0.000001 -0.000004 2.896619
    7 1.649902 5.878080 0.032496 -0.000003 0.000002 -1.570796
    8 6.587842 -0.691444 0.025964 -0.000001 -0.000001 1.570796
    9 0.000002 -0.241401 -0.052690 0.000001 0.000001 0.000000
    10 10.620066 1.884898 -0.004843 -1.570796 -0.000002 1.570796
    11 -9.087198 1.359573 -0.008167 -0.000003 0.000002 -1.570796
    12 1.238218 -19.219306 -8.091150 3.440362 -0.386861 -2.038684
    13 1.473659 0.639418 -1.295234 1.987500 0.896160 0.581423
    14 1.832607 0.000002 -0.000008 3.094669 0.032139 0.374807
    15 1.003335 0.000005 0.000001 -3.040289 -0.010022 0.144118
    16 3.823895 -0.419603 -1.411520 0.733680 0.205678 0.120652
    17 2.187956 0.000010 0.000000 0.060257 -0.006826 0.243431
    18 1.100960 0.000002 0.000000 0.406214 -0.145420 0.225540
    19 3.987863 -0.577452 -0.474712 0.106990 -0.068734 0.183139
    20 1.890109 -0.000010 -0.000001 -0.170981 0.081960 0.280642
    21 1.310925 0.000000 0.000000 0.330683 -0.083077 0.216842
    22 4.117986 -0.654534 0.453695 0.013927 0.014847 0.332215
    23 1.655294 0.000008 0.000000 -0.356298 0.092391 0.306755
    24 0.869582 0.000004 0.000000 -0.013936 0.012812 0.295753
    25 4.150630 -0.581594 1.354863 -0.454083 0.090209 0.382120
    26 1.157247 -0.000010 -0.000002 -0.239929 0.027883 0.159829
    27 1.019835 -0.000006 0.000000 -1.481310 0.086521 0.049391
    28 7.406140 -3.644398 -8.901889 -1.338646 0.732521 -1.554914
    29 12.695427 -0.000020 -0.000008 -0.260544 0.294261 -1.711819
    30 -5.914341 -15.174172 -7.516913 2.960760 0.053623 -1.641946
    31 1.474215 -0.497926 -1.376118 0.979422 0.426184 -0.250703
    32 1.832179 -0.000010 -0.000002 -2.526087 -0.301597 0.609649
    33 1.042025 -0.000004 -0.000009 -2.896937 -0.278863 -0.192682
    34 3.823320 0.664865 -1.331676 0.439965 0.303165 0.211801
    35 2.152367 -0.000001 0.000004 0.201400 -0.230262 -0.022132
    36 1.056622 -0.000011 0.000000 0.373157 -0.144644 0.006235
    37 3.985134 0.881805 -0.368986 0.224569 0.056561 -0.030915
    38 1.830183 0.000015 0.000000 0.277338 0.016195 -0.939651
    39 1.561352 0.000008 -0.000004 0.166247 0.067502 -0.846206
    40 4.116518 0.711272 0.551869 0.187923 0.006580 -0.361666
    41 1.752727 0.000006 0.000000 0.026521 0.029537 -1.405331
    42 0.869359 -0.000006 0.000000 0.015642 -0.073475 -0.926076
    43 4.118826 0.331223 1.419829 0.128888 -0.005990 -0.280207
    44 1.176321 0.000006 0.000000 -0.027338 0.139049 -0.923530
    45 0.970199 -0.000002 -0.000004 1.655618 0.044631 -1.487290
    46 -7.606037 1.001330 -4.120493 -2.435016 1.010017 -1.898061
    47 12.706336 -0.000035 -0.000009 -0.264609 0.294481 -1.732218
    48 0.000000 0.000000 -0.000003 0.000000 0.000000 0.000000
    49 1.200000 0.000000 0.000010 0.000000 0.000000 0.000000
    50 0.000010 -0.300000 0.000000 3.141593 0.000000 -0.174533
    51 0.000000 -0.000001 0.000000 0.000000 0.000000 0.000000
    52 -0.000003 0.000000 0.000001 3.141592 0.000000 0.000000
    53 0.000006 0.000000 0.000004 0.000000 0.000000 0.349065
    54 0.000000 0.000000 0.000000 3.141593 0.000000 0.000000
    55 -0.000008 -0.000006 0.000000 3.141593 0.000000 0.000000
    56 0.000002 -0.000002 0.000000 3.141593 0.000000 0.000000
    57 0.000014 -0.000004 0.000000 3.141593 0.000000 0.000000
    58 -0.000001 0.000000 0.000000 3.141593 0.000000 -0.000001
    59 0.000000 0.000000 0.000000 3.141593 0.000000 0.000000
    60 0.000010 0.000017 0.000000 3.141593 0.000000 -0.000001
    61 0.000000 0.000004 0.000000 3.141593 0.000000 -0.000001
    62 0.000000 0.000006 0.000000 3.141593 0.000000 -0.000001
    63 0.000001 0.000002 0.000000 3.141593 0.000000 0.000000
    64 0.000000 0.000000 0.000000 -3.141592 0.000000 0.000000
    65 0.000000 0.000000 0.000000 -1.570797 -0.000001 0.000000
    66 0.000000 0.000000 0.000000 0.000000 0.000000 0.000000
    67 1.200000 0.000000 0.000000 0.000000 0.000000 0.000000
    68 0.000009 0.299994 0.000000 0.000000 0.000000 0.174533
    69 -0.000001 -0.000001 -0.000004 0.000000 0.000000 0.000000
    70 -0.000010 0.000000 -0.000003 -3.141592 0.000001 0.000000
    71 0.000000 0.000000 0.000000 0.000001 -0.000001 0.349065
    72 0.000000 -0.000003 0.000000 0.000000 0.000000 0.000000
    73 0.000003 0.000000 0.000000 0.000000 0.000000 0.000000
    74 -0.000010 -0.000006 0.000000 -0.000001 0.000000 0.000000
    75 0.000019 0.000002 0.000000 0.000000 0.000000 0.000000
    76 0.000001 0.000004 0.000000 0.000000 0.000000 -0.000001
    77 0.000000 0.000000 0.000000 0.000000 0.000000 -0.000001
    78 0.000001 -0.000002 0.000000 0.000000 0.000000 -0.000001
    79 0.000000 0.000000 0.000000 0.000000 0.000000 -0.000001
    80 0.000001 0.000008 0.000000 0.000000 0.000000 0.000000
    81 -0.000003 0.000004 0.000000 0.000000 0.000000 0.000000
    82 -0.000007 -0.000008 0.000000 0.000000 0.000000 -0.000001
    83 0.000000 0.000002 -0.000002 -1.570796 0.000000 0.000000
  time 9
    0 -5.145946 -18.623843 -3.644889 -1.723972 0.016944 -1.689267
    1 -1.171999 -1.037202 0.029808 0.000000 0.000004 0.000000
    2 -1.944808 -1.361039 0.231380 0.000003 0.000007 -0.000014
    3 -4.549240 -1.689358 -0.012529 0.000000 0.000000 0.000000
    4 4.331499 0.360595 -0.709097 0.000015 0.000003 0.056022
    5 3.513922 0.962076 -0.004281 0.000004 -0.000001 1.176003
    6 2.855053 0.477292 0.679213 -0.000001 -0.000004 2.896619
    7 1.649902 5.878080 0.032496 -0.000003 0.000002 -1.570796
    8 6.587842 -0.691444 0.025964 -0.000001 -0.000001 1.570796
    9 0.000002 -0.241401 -0.052690 0.000001 0.000001 0.000000
    10 10.620066 1.884898 -0.004843 -1.570796 -0.000002 1.570796
    11 -9.087198 1.359573 -0.008167 -0.000003 0.000002 -1.570796
    12 1.406192 -18.590381 -7.384097 3.584257 -0.404689 -2.104526
    13 1.473659 0.639418 -1.295234 1.756011 0.809753 0.230391
    14 1.832607 0.000002 -0.000008 3.094669 0.032139 0.374807
    15 1.003335 0.000005 0.000001 -3.040289 -0.010022 0.144118
    16 3.823895 -0.419603 -1.411520 0.732752 0.182117 0.131932
    17 2.187956 0.000010 0.000000 0.058902 -0.011920 0.337414
    18 1.100960 0.000002 0.000000 0.393762 -0.179707 0.319051
    19 3.987863 -0.577452 -0.474712 0.149562 -0.080467 0.194088
    20 1.890109 -0.000010 -0.000001 -0.163816 0.090840 0.358982
    21 1.310925 0.000000 0.000000 0.311033 -0.085629 0.250791
    22 4.117986 -0.654534 0.453695 0.016863 -0.005751 0.346473
    23 1.655294 0.000008 0.000000 -0.335516 0.083666 0.383416
    24 0.869582 0.000004 0.000000 -0.012426 0.012129 0.362818
    25 4.150630 -0.581594 1.354863 -0.428975 0.087300 0.445432
    26 1.157247 -0.000010 -0.000002 -0.239234 0.039382 0.247321
    27 1.019835 -0.000006 0.000000 -1.479212 0.073063 0.098861
    28 7.402234 -3.093600 -8.905795 -1.281344 0.670996 -1.503781
    29 12.695427 -0.000020 -0.000008 -0.263230 0.293830 -1.721229
    30 -5.851839 -15.693719 -7.446598 2.917865 0.025880 -1.679241
    31 1.474215 -0.497926 -1.376118 0.979422 0.426184 -0.250703
    32 1.832179 -0.000010 -0.000002 -2.526087 -0.301597 0.609649
    33 1.042025 -0.000004 -0.000009 -2.896973 -0.278839 -0.192682
    34 3.823320 0.664865 -1.331676 0.453484 0.297268 0.226182
    35 2.152367 -0.000001 0.000004 0.209370 -0.218744 0.009278
    36 1.056622 -0.000011 0.000000 0.381294 -0.139479 0.036400
    37 3.985134 0.881805 -0.368986 0.242366 0.069786 -0.019212
    38 1.830183 0.000015 0.000000 0.319667 0.013869 -0.811545
    39 1.561352 0.000008 -0.000004 0.196604 0.072691 -0.730013
    40 4.116518 0.711272 0.551869 0.187923 0.006580 -0.361666
    41 1.752727 0.000006 0.000000 0.026521 0.029537 -1.405331
    42 0.869359 -0.000006 0.000000 0.015642 -0.073475 -0.926076
    43 4.118826 0.331223 1.419829 0.128888 -0.005990 -0.280207
    44 1.176321 0.000006 0.000000 -0.027338 0.139049 -0.923484
    45 0.970199 -0.000002 -0.000004 1.655618 0.044631 -1.487290
    46 -7.606037 1.001330 -4.120493 -2.347398 0.990596 -1.823525
    47 12.706336 -0.000035 -0.000009 -0.248426 0.296542 -1.676655
    48 0.000000 0.000000 -0.000003 0.000000 0.000000 0.000000
    49 1.200000 0.000000 0.000010 0.000000 0.000000 0.000000
    50 0.000010 -0.300000 0.000000 3.141593 0.000000 -0.174533
    51 0.000000 -0.000001 0.000000 0.000000 0.000000 0.000000
    52 -0.000003 0.000000 0.000001 3.141592 0.000000 0.000000
    53 0.000006 0.000000 0.000004 0.000000 0.000000 0.349065
    54 0.000000 0.000000 0.000000 3.141593 0.000000 0.000000
    55 -0.000008 -0.000006 0.000000 3.141593 0.000000 0.000000
    56 0.000002 -0.000002 0.000000 3.141593 0.000000 0.000000
    57 0.000014 -0.000004 0.000000 3.141593 0.000000 0.000000
    58 -0.000001 0.000000 0.000000 3.141593 0.000000 -0.000001
    59 0.000000 0.000000 0.000000 3.141593 0.000000 0.000000
    60 0.000010 0.000017 0.000000 3.141593 0.000000 -0.000001
    61 0.000000 0.000004 0.000000 3.141593 0.000000 -0.000001
    62 0.000000 0.000006 0.000000 3.141593 0.000000 -0.000001
    63 0.000001 0.000002 0.000000 3.141593 0.000000 0.000000
    64 0.000000 0.000000 0.000000 -3.141592 0.000000 0.000000
    65 0.000000 0.000000 0.000000 -1.570797 -0.000001 0.000000
    66 0.000000 0.000000 0.000000 0.000000 0.000000 0.000000
    67 1.200000 0.000000 0.000000 0.000000 0.000000 0.000000
    68 0.000009 0.299994 0.000000 0.000000 0.000000 0.174533
    69 -0.000001 -0.000001 -0.000004 0.000000 0.000000 0.000000
    70 -0.000010 0.000000 -0.000003 -3.141592 0.000001 0.000000
    71 0.000000 0.000000 0.000000 0.000001 -0.000001 0.349065
    72 0.000000 -0.000003 0.000000 0.000000 0.000000 0.000000
    73 0.000003 0.000000 0.000000 0.000000 0.000000 0.000000
    74 -0.000010 -0.000006 0.000000 -0.000001 0.000000 0.000000
    75 0.000019 0.000002 0.000000 0.000000 0.000000 0.000000
    76 0.000001 0.000004 0.000000 0.000000 0.000000 -0.000001
    77 0.000000 0.000000 0.000000 0.000000 0.000000 -0.000001
    78 0.000001 -0.000002 0.000000 0.000000 0.000000 -0.000001
    79 0.000000 0.000000 0.000000 0.000000 0.000000 -0.000001
    80 0.000001 0.000008 0.000000 0.000000 0.000000 0.000000
    81 -0.000003 0.000004 0.000000 0.000000 0.000000 0.000000
    82 -0.000007 -0.000008 0.000000 0.000000 0.000000 -0.000001
    83 0.000000 0.000002 -0.000002 -1.570796 0.000000 0.000000
  time 10
    0 -4.997504 -19.026199 -3.797237 -1.771040 0.010979 -1.731145
    1 -1.171999 -1.033296 0.025902 0.000000 0.000004 0.000000
    2 -1.940901 -1.361039 0.235287 0.000003 0.000007 -0.000014
    3 -4.549240 -1.689358 -0.012529 0.000000 0.000000 0.000000
    4 4.331499 0.360595 -0.709097 0.000015 0.000003 0.056022
    5 3.513922 0.962076 -0.004281 0.000004 -0.000001 1.176003
    6 2.855053 0.477292 0.679213 -0.000001 -0.000004 2.896619
    7 1.649902 5.878080 0.032496 -0.000003 0.000002 -1.570796
    8 6.587842 -0.691444 0.025964 -0.000001 -0.000001 1.570796
    9 0.000002 -0.241401 -0.052690 0.000001 0.000001 0.000000
    10 10.620066 1.884898 -0.004843 -1.570796 -0.000002 1.570796
    11 -9.087198 1.359573 -0.008167 -0.000003 0.000002 -1.570796
    12 1.761672 -17.883328 -6.864550 3.769485 -0.387384 -2.173700
    13 1.473659 0.639418 -1.295234 1.606218 0.680150 -0.040047
    14 1.832607 0.000002 -0.000008 3.094669 0.032139 0.374807
    15 1.003335 0.000005 0.000001 -3.040289 -0.010022 0.144118
    16 3.823895 -0.419603 -1.411520 0.731286 0.153770 0.145335
    17 2.187956 0.000010 0.000000 0.056254 -0.017876 0.453383
    18 1.100960 0.000002 0.000000 0.373759 -0.216572 0.435878
    19 3.987863 -0.577452 -0.474712 0.200651 -0.093398 0.206924
    20 1.890109 -0.000010 -0.000001 -0.154145 0.098654 0.454470
    21 1.310925 0.000000 0.000000 0.291312 -0.087775 0.291336
    22 4.117986 -0.654534 0.453695 0.020027 -0.030672 0.363646
    23 1.655294 0.000008 0.000000 -0.311056 0.070615 0.477313
    24 0.869582 0.000004 0.000000 -0.010604 0.010727 0.444269
    25 4.150630 -0.581594 1.354863 -0.398738 0.081466 0.522262
    26 1.157247 -0.000010 -0.000002 -0.236969 0.052113 0.356186
    27 1.019835 -0.000006 0.000000 -1.477439 0.056728 0.158649
    28 7.406140 -2.511551 -8.901889 -1.229087 0.623222 -1.443528
    29 12.695427 -0.000020 -0.000008 -0.268837 0.293015 -1.740365
    30 -5.761992 -16.072637 -7.555977 2.870806 0.020350 -1.721651
    31 1.474215 -0.497926 -1.376118 0.979422 0.426184 -0.250703
    32 1.832179 -0.000010 -0.000002 -2.526087 -0.301597 0.609630
    33 1.042025 -0.000004 -0.000009 -2.896973 -0.278827 -0.192682
    34 3.823320 0.664865 -1.331676 0.458026 0.295435 0.231096
    35 2.152367 -0.000001 0.000004 0.214403 -0.202637 0.021231
    36 1.056622 -0.000011 0.000000 0.384470 -0.129028 0.049056
    37 3.985134 0.881805 -0.368986 0.258462 0.082574 -0.008455
    38 1.830183 0.000015 0.000000 0.355213 0.004522 -0.688119
    39 1.561352 0.000008 -0.000004 0.223989 0.072907 -0.616330
    40 4.116518 0.711272 0.551869 0.187923 0.006580 -0.361666
    41 1.752727 0.000006 0.000000 0.026521 0.029537 -1.405331
    42 0.869359 -0.000006 0.000000 0.015642 -0.073475 -0.926076
    43 4.118826 0.331223 1.419829 0.128888 -0.005990 -0.280207
    44 1.176321 0.000006 0.000000 -0.027338 0.139049 -0.923507
    45 0.970199 -0.000002 -0.000004 1.655618 0.044631 -1.487290
    46 -7.606037 1.001330 -4.120493 -2.285517 0.982854 -1.769669
    47 12.706336 -0.000035 -0.000009 -0.235863 0.297585 -1.633337
    48 0.000000 0.000000 -0.000003 0.000000 0.000000 0.000000
    49 1.200000 0.000000 0.000010 0.000000 0.000000 0.000000
    50 0.000010 -0.300000 0.000000 3.141593 0.000000 -0.174533
    51 0.000000 -0.000001 0.000000 0.000000 0.000000 0.000000
    52 -0.000003 0.000000 0.000001 3.141592 0.000000 0.000000
    53 0.000006 0.000000 0.000004 0.000000 0.000000 0.349065
    54 0.000000 0.000000 0.000000 3.141593 0.000000 0.000000
    55 -0.000008 -0.000006 0.000000 3.141593 0.000000 0.000000
    56 0.000002 -0.000002 0.000000 3.141593 0.000000 0.000000
    57 0.000014 -0.000004 0.000000 3.141593 0.000000 0.000000
    58 -0.000001 0.000000 0.000000 3.141593 0.000000 -0.000001
    59 0.000000 0.000000 0.000000 3.141593 0.000000 0.000000
    60 0.000010 0.000017 0.000000 3.141593 0.000000 -0.000001
    61 0.000000 0.000004 0.000000 3.141593 0.000000 -0.000001
    62 0.000000 0.000006 0.000000 3.141593 0.000000 -0.000001
    63 0.000001 0.000002 0.000000 3.141593 0.000000 0.000000
    64 0.000000 0.000000 0.000000 -3.141592 0.000000 0.000000
    65 0.000000 0.000000 0.000000 -1.570797 -0.000001 0.000000
    66 0.000000 0.000000 0.000000 0.000000 0.000000 0.000000
    67 1.200000 0.000000 0.000000 0.000000 0.000000 0.000000
    68 0.000009 0.299994 0.000000 0.000000 0.000000 0.174533
    69 -0.000001 -0.000001 -0.000004 0.000000 0.000000 0.000000
    70 -0.000010 0.000000 -0.000003 -3.141592 0.000001 0.000000
    71 0.000000 0.000000 0.000000 0.000001 -0.000001 0.349065
    72 0.000000 -0.000003 0.000000 0.000000 0.000000 0.000000
    73 0.000003 0.000000 0.000000 0.000000 0.000000 0.000000
    74 -0.000010 -0.000006 0.000000 -0.000001 0.000000 0.000000
    75 0.000019 0.000002 0.000000 0.000000 0.000000 0.000000
    76 0.000001 0.000004 0.000000 0.000000 0.000000 -0.000001
    77 0.000000 0.000000 0.000000 0.000000 0.000000 -0.000001
    78 0.000001 -0.000002 0.000000 0.000000 0.000000 -0.000001
    79 0.000000 0.000000 0.000000 0.000000 0.000000 -0.000001
    80 0.000001 0.000008 0.000000 0.000000 0.000000 0.000000
    81 -0.000003 0.000004 0.000000 0.000000 0.000000 0.000000
    82 -0.000007 -0.000008 0.000000 0.000000 0.000000 -0.000001
    83 0.000000 0.000002 -0.000002 -1.570796 0.000000 0.000000
  time 11
    0 -4.813905 -19.358240 -4.168342 -1.824115 0.008306 -1.778631
    1 -1.171999 -1.037202 0.029808 0.000000 0.000004 0.000000
    2 -1.948714 -1.361039 0.231380 0.000003 0.000007 -0.000014
    3 -4.549240 -1.689358 -0.012529 0.000000 0.000000 0.000000
    4 4.331499 0.360595 -0.709097 0.000015 0.000003 0.056022
    5 3.513922 0.962076 -0.004281 0.000004 -0.000001 1.176003
    6 2.855053 0.477292 0.679213 -0.000001 -0.000004 2.896619
    7 1.649902 5.878080 0.032496 -0.000003 0.000002 -1.570796
    8 6.587842 -0.691444 0.025964 -0.000001 -0.000001 1.570796
    9 0.000002 -0.241401 -0.052690 0.000001 0.000001 0.000000
    10 10.620066 1.884898 -0.004843 -1.570796 -0.000002 1.570796
    11 -9.087198 1.359573 -0.008167 -0.000003 0.000002 -1.570796
    12 2.308563 -17.266122 -6.626262 3.954623 -0.361024 -2.233820
    13 1.473659 0.639418 -1.295234 1.541626 0.578281 -0.189918
    14 1.832607 0.000002 -0.000008 3.094669 0.032139 0.374807
    15 1.003335 0.000005 0.000001 -3.040289 -0.010022 0.144118
    16 3.823895 -0.419603 -1.411520 0.729467 0.126162 0.158343
    17 2.187956 0.000010 0.000000 0.052802 -0.023581 0.570653
    18 1.100960 0.000002 0.000000 0.349586 -0.251052 0.553558
    19 3.987863 -0.577452 -0.474712 0.250749 -0.106905 0.218872
    20 1.890109 -0.000010 -0.000001 -0.143884 0.105665 0.549527
    21 1.310925 0.000000 0.000000 0.271506 -0.089057 0.331074
    22 4.117986 -0.654534 0.453695 0.022832 -0.055178 0.380504
    23 1.655294 0.000008 0.000000 -0.287890 0.055215 0.571285
    24 0.869582 0.000004 0.000000 -0.008962 0.009288 0.524845
    25 4.150630 -0.581594 1.354863 -0.369363 0.073479 0.597896
    26 1.157247 -0.000010 -0.000002 -0.233398 0.064595 0.465866
    27 1.019835 -0.000006 0.000000 -1.476636 0.040500 0.217470
    28 7.402234 -1.894345 -8.901889 -1.180066 0.591400 -1.373601
    29 12.695427 -0.000020 -0.000008 -0.273638 0.292188 -1.757050
    30 -5.633082 -16.338270 -7.864580 2.817747 0.018150 -1.769530
    31 1.474215 -0.497926 -1.376118 0.979422 0.426184 -0.250703
    32 1.832179 -0.000010 -0.000002 -2.526087 -0.301597 0.609649
    33 1.042025 -0.000004 -0.000009 -2.896937 -0.278827 -0.192682
    34 3.823320 0.664865 -1.331676 0.435770 0.288316 0.211777
    35 2.152367 -0.000001 0.000004 0.210784 -0.176343 0.021894
    36 1.056622 -0.000011 0.000000 0.376992 -0.110464 0.049643
    37 3.985134 0.881805 -0.368986 0.271812 0.094576 0.000852
    38 1.830183 0.000015 0.000000 0.380848 -0.010160 -0.574971
    39 1.561352 0.000008 -0.000004 0.246209 0.068940 -0.510046
    40 4.116518 0.711272 0.551869 0.187923 0.006580 -0.361666
    41 1.752727 0.000006 0.000000 0.026521 0.029537 -1.405331
    42 0.869359 -0.000006 0.000000 0.015642 -0.073475 -0.926076
    43 4.118826 0.331223 1.419829 0.128888 -0.005990 -0.280207
    44 1.176321 0.000006 0.000000 -0.027338 0.139049 -0.923507
    45 0.970199 -0.000002 -0.000004 1.655618 0.044631 -1.487290
    46 -7.606037 1.001330 -4.120493 -2.242506 0.985824 -1.728871
    47 12.706336 -0.000035 -0.000009 -0.224471 0.297932 -1.594941
    48 0.000000 0.000000 -0.000003 0.000000 0.000000 0.000000
    49 1.200000 0.000000 0.000010 0.000000 0.000000 0.000000
    50 0.000010 -0.300000 0.000000 3.141593 0.000000 -0.174533
    51 0.000000 -0.000001 0.000000 0.000000 0.000000 0.000000
    52 -0.000003 0.000000 0.000001 3.141592 0.000000 0.000000
    53 0.000006 0.000000 0.000004 0.000000 0.000000 0.349065
    54 0.000000 0.000000 0.000000 3.141593 0.000000 0.000000
    55 -0.000008 -0.000006 0.000000 3.141593 0.000000 0.000000
    56 0.000002 -0.000002 0.000000 3.141593 0.000000 0.000000
    57 0.000014 -0.000004 0.000000 3.141593 0.000000 0.000000
    58 -0.000001 0.000000 0.000000 3.141593 0.000000 -0.000001
    59 0.000000 0.000000 0.000000 3.141593 0.000000 0.000000
    60 0.000010 0.000017 0.000000 3.141593 0.000000 -0.000001
    61 0.000000 0.000004 0.000000 3.141593 0.000000 -0.000001
    62 0.000000 0.000006 0.000000 3.141593 0.000000 -0.000001
    63 0.000001 0.000002 0.000000 3.141593 0.000000 0.000000
    64 0.000000 0.000000 0.000000 -3.141592 0.000000 0.000000
    65 0.000000 0.000000 0.000000 -1.570797 -0.000001 0.000000
    66 0.000000 0.000000 0.000000 0.000000 0.000000 0.000000
    67 1.200000 0.000000 0.000000 0.000000 0.000000 0.000000
    68 0.000009 0.299994 0.000000 0.000000 0.000000 0.174533
    69 -0.000001 -0.000001 -0.000004 0.000000 0.000000 0.000000
    70 -0.000010 0.000000 -0.000003 -3.141592 0.000001 0.000000
    71 0.000000 0.000000 0.000000 0.000001 -0.000001 0.349065
    72 0.000000 -0.000003 0.000000 0.000000 0.000000 0.000000
    73 0.000003 0.000000 0.000000 0.000000 0.000000 0.000000
    74 -0.000010 -0.000006 0.000000 -0.000001 0.000000 0.000000
    75 0.000019 0.000002 0.000000 0.000000 0.000000 0.000000
    76 0.000001 0.000004 0.000000 0.000000 0.000000 -0.000001
    77 0.000000 0.000000 0.000000 0.000000 0.000000 -0.000001
    78 0.000001 -0.000002 0.000000 0.000000 0.000000 -0.000001
    79 0.000000 0.000000 0.000000 0.000000 0.000000 -0.000001
    80 0.000001 0.000008 0.000000 0.000000 0.000000 0.000000
    81 -0.000003 0.000004 0.000000 0.000000 0.000000 0.000000
    82 -0.000007 -0.000008 0.000000 0.000000 0.000000 -0.000001
    83 0.000000 0.000002 -0.000002 -1.570796 0.000000 0.000000
  time 12
    0 -4.567804 -19.467618 -4.516009 -1.885259 0.012036 -1.831511
    1 -1.171999 -1.041108 0.033714 0.000000 0.000004 0.000000
    2 -1.944808 -1.361039 0.235287 0.000003 0.000007 -0.000014
    3 -4.549240 -1.689358 -0.012529 0.000000 0.000000 0.000000
    4 4.331499 0.360595 -0.709097 0.000015 0.000003 0.056022
    5 3.513922 0.962076 -0.004281 0.000004 -0.000001 1.176003
    6 2.855053 0.477292 0.679213 -0.000001 -0.000004 2.896619
    7 1.649902 5.878080 0.032496 -0.000003 0.000002 -1.570796
    8 6.587842 -0.691444 0.025964 -0.000001 -0.000001 1.570796
    9 0.000002 -0.241401 -0.052690 0.000001 0.000001 0.000000
    10 10.620066 1.884898 -0.004843 -1.570796 -0.000002 1.570796
    11 -9.087198 1.359573 -0.008167 -0.000003 0.000002 -1.570796
    12 3.027335 -16.613758 -6.536415 4.084283 -0.339132 -2.276483
    13 1.473659 0.639418 -1.295234 1.525471 0.542455 -0.235662
    14 1.832607 0.000002 -0.000008 3.094669 0.032139 0.374807
    15 1.003335 0.000005 0.000001 -3.040289 -0.010022 0.144118
    16 3.823895 -0.419603 -1.411520 0.727611 0.102918 0.169253
    17 2.187956 0.000010 0.000000 0.049758 -0.028207 0.672166
    18 1.100960 0.000002 0.000000 0.325246 -0.280774 0.655635
    19 3.987863 -0.577452 -0.474712 0.293467 -0.120255 0.228138
    20 1.890109 -0.000010 -0.000001 -0.134419 0.112568 0.630490
    21 1.310925 0.000000 0.000000 0.251629 -0.089476 0.364974
    22 4.117986 -0.654534 0.453695 0.024677 -0.076059 0.394736
    23 1.655294 0.000008 0.000000 -0.269122 0.040354 0.652123
    24 0.869582 0.000004 0.000000 -0.007764 0.008282 0.593742
    25 4.150630 -0.581594 1.354863 -0.344975 0.065051 0.662006
    26 1.157247 -0.000010 -0.000002 -0.229059 0.076002 0.560359
    27 1.019835 -0.000006 0.000000 -1.476803 0.026766 0.267496
    28 7.406140 -1.253700 -8.901889 -1.136091 0.571501 -1.294645
    29 12.695427 -0.000020 -0.000008 -0.280034 0.290833 -1.779033
    30 -5.441670 -16.338270 -8.106775 2.756628 0.022489 -1.823093
    31 1.474215 -0.497926 -1.376118 0.979422 0.426184 -0.250703
    32 1.832179 -0.000010 -0.000002 -2.526087 -0.301597 0.609649
    33 1.042025 -0.000004 -0.000009 -2.896901 -0.278827 -0.192682
    34 3.827227 0.664865 -1.331676 0.372348 0.265197 0.156552
    35 2.152367 -0.000001 0.000004 0.192879 -0.135571 0.018799
    36 1.056622 -0.000011 0.000000 0.353502 -0.082456 0.043291
    37 3.985134 0.881805 -0.368986 0.282083 0.105565 0.008267
    38 1.830183 0.000015 0.000000 0.395098 -0.027369 -0.475670
    39 1.561352 0.000008 -0.000004 0.261848 0.061977 -0.414991
    40 4.116518 0.711272 0.551869 0.187923 0.006580 -0.361666
    41 1.752727 0.000006 0.000000 0.026521 0.029537 -1.405331
    42 0.869359 -0.000006 0.000000 0.015642 -0.073475 -0.926076
    43 4.118826 0.331223 1.419829 0.128888 -0.005990 -0.280207
    44 1.176321 0.000006 0.000000 -0.027338 0.139049 -0.923484
    45 0.970199 -0.000002 -0.000004 1.655618 0.044631 -1.487290
    46 -7.606037 1.001330 -4.120493 -2.207403 0.999739 -1.692696
    47 12.706336 -0.000035 -0.000009 -0.222076 0.297980 -1.586388
    48 0.000000 0.000000 -0.000003 0.000000 0.000000 0.000000
    49 1.200000 0.000000 0.000010 0.000000 0.000000 0.000000
    50 0.000010 -0.300000 0.000000 3.141593 0.000000 -0.174533
    51 0.000000 -0.000001 0.000000 0.000000 0.000000 0.000000
    52 -0.000003 0.000000 0.000001 3.141592 0.000000 0.000000
    53 0.000006 0.000000 0.000004 0.000000 0.000000 0.349065
    54 0.000000 0.000000 0.000000 3.141593 0.000000 0.000000
    55 -0.000008 -0.000006 0.000000 3.141593 0.000000 0.000000
    56 0.000002 -0.000002 0.000000 3.141593 0.000000 0.000000
    57 0.000014 -0.000004 0.000000 3.141593 0.000000 0.000000
    58 -0.000001 0.000000 0.000000 3.141593 0.000000 -0.000001
    59 0.000000 0.000000 0.000000 3.141593 0.000000 0.000000
    60 0.000010 0.000017 0.000000 3.141593 0.000000 -0.000001
    61 0.000000 0.000004 0.000000 3.141593 0.000000 -0.000001
    62 0.000000 0.000006 0.000000 3.141593 0.000000 -0.000001
    63 0.000001 0.000002 0.000000 3.141593 0.000000 0.000000
    64 0.000000 0.000000 0.000000 -3.141592 0.000000 0.000000
    65 0.000000 0.000000 0.000000 -1.570797 -0.000001 0.000000
    66 0.000000 0.000000 0.000000 0.000000 0.000000 0.000000
    67 1.200000 0.000000 0.000000 0.000000 0.000000 0.000000
    68 0.000009 0.299994 0.000000 0.000000 0.000000 0.174533
    69 -0.000001 -0.000001 -0.000004 0.000000 0.000000 0.000000
    70 -0.000010 0.000000 -0.000003 -3.141592 0.000001 0.000000
    71 0.000000 0.000000 0.000000 0.000001 -0.000001 0.349065
    72 0.000000 -0.000003 0.000000 0.000000 0.000000 0.000000
    73 0.000003 0.000000 0.000000 0.000000 0.000000 0.000000
    74 -0.000010 -0.000006 0.000000 -0.000001 0.000000 0.000000
    75 0.000019 0.000002 0.000000 0.000000 0.000000 0.000000
    76 0.000001 0.000004 0.000000 0.000000 0.000000 -0.000001
    77 0.000000 0.000000 0.000000 0.000000 0.000000 -0.000001
    78 0.000001 -0.000002 0.000000 0.000000 0.000000 -0.000001
    79 0.000000 0.000000 0.000000 0.000000 0.000000 -0.000001
    80 0.000001 0.000008 0.000000 0.000000 0.000000 0.000000
    81 -0.000003 0.000004 0.000000 0.000000 0.000000 0.000000
    82 -0.000007 -0.000008 0.000000 0.000000 0.000000 -0.000001
    83 0.000000 0.000002 -0.000002 -1.570796 0.000000 0.000000
  time 13
    0 -4.239669 -19.284019 -4.808987 -1.960927 0.031351 -1.897593
    1 -1.168092 -1.037202 0.029808 0.000000 0.000004 0.000000
    2 -1.944808 -1.361039 0.231380 0.000003 0.000007 -0.000014
    3 -4.549240 -1.689358 -0.012529 0.000000 0.000000 0.000000
    4 4.331499 0.360595 -0.709097 0.000015 0.000003 0.056022
    5 3.513922 0.962076 -0.004281 0.000004 -0.000001 1.176003
    6 2.855053 0.477292 0.679213 -0.000001 -0.000004 2.896619
    7 1.649902 5.878080 0.032496 -0.000003 0.000002 -1.570796
    8 6.587842 -0.691444 0.025964 -0.000001 -0.000001 1.570796
    9 0.000002 -0.241401 -0.052690 0.000001 0.000001 0.000000
    10 10.620066 1.884898 -0.004843 -1.570796 -0.000002 1.570796
    11 -9.087198 1.359573 -0.008167 -0.000003 0.000002 -1.570796
    12 3.902362 -15.914518 -6.641887 4.118683 -0.326093 -2.307702
    13 1.473659 0.639418 -1.295234 1.523430 0.542422 -0.231467
    14 1.832607 0.000002 -0.000008 3.094610 0.031635 0.370535
    15 1.003335 0.000005 0.000001 -3.040229 -0.009291 0.137391
    16 3.823895 -0.419603 -1.411520 0.725681 0.081750 0.179151
    17 2.187956 0.000010 0.000000 0.046966 -0.032162 0.765498
    18 1.100960 0.000002 0.000000 0.299862 -0.307991 0.749786
    19 3.987863 -0.577452 -0.474712 0.332300 -0.134038 0.235721
    20 1.890109 -0.000010 -0.000001 -0.125190 0.119543 0.704445
    21 1.310925 0.000000 0.000000 0.231114 -0.089440 0.395859
    22 4.117986 -0.654534 0.453695 0.026199 -0.095052 0.407760
    23 1.655294 0.000008 0.000000 -0.253015 0.025373 0.725848
    24 0.869582 0.000004 0.000000 -0.006457 0.007443 0.656403
    25 4.150630 -0.581594 1.354863 -0.323295 0.056167 0.720196
    26 1.157247 -0.000010 -0.000002 -0.224146 0.086740 0.647925
    27 1.019835 -0.000006 0.000000 -1.477978 0.014182 0.312930
    28 7.406140 -0.597430 -8.901889 -1.091924 0.566391 -1.205001
    29 12.695427 -0.000020 -0.000008 -0.288243 0.289168 -1.808133
    30 -5.144786 -15.947633 -8.212247 2.681092 0.042410 -1.889300
    31 1.474215 -0.497926 -1.376118 0.979422 0.426184 -0.250703
    32 1.832179 -0.000010 -0.000002 -2.526087 -0.301597 0.609649
    33 1.042025 -0.000004 -0.000009 -2.896973 -0.278827 -0.192682
    34 3.897541 0.637520 -1.323863 0.283854 0.226176 0.080354
    35 2.152367 -0.000001 0.000004 0.165063 -0.087501 0.012083
    36 1.056622 -0.000011 0.000000 0.319226 -0.049834 0.030923
    37 3.985134 0.881805 -0.368986 0.288831 0.115383 0.013614
    38 1.830183 0.000015 0.000000 0.397939 -0.045191 -0.391926
    39 1.561352 0.000008 -0.000004 0.270621 0.053336 -0.332784
    40 4.116518 0.711272 0.551869 0.187923 0.006580 -0.361666
    41 1.752727 0.000006 0.000000 0.026521 0.029537 -1.405331
    42 0.869359 -0.000006 0.000000 0.015618 -0.073475 -0.926076
    43 4.118826 0.331223 1.419829 0.128888 -0.005990 -0.280207
    44 1.176321 0.000006 0.000000 -0.027338 0.139049 -0.923484
    45 0.970199 -0.000002 -0.000004 1.655618 0.044631 -1.487290
    46 -7.606037 1.001330 -4.120493 -2.188256 1.029638 -1.663394
    47 12.706336 -0.000035 -0.000009 -0.232283 0.297717 -1.621092
    48 0.000000 0.000000 -0.000003 0.000000 0.000000 0.000000
    49 1.200000 0.000000 0.000010 0.000000 0.000000 0.000000
    50 0.000010 -0.300000 0.000000 3.141593 0.000000 -0.174533
    51 0.000000 -0.000001 0.000000 0.000000 0.000000 0.000000
    52 -0.000003 0.000000 0.000001 3.141592 0.000000 0.000000
    53 0.000006 0.000000 0.000004 0.000000 0.000000 0.349065
    54 0.000000 0.000000 0.000000 3.141593 0.000000 0.000000
    55 -0.000008 -0.000006 0.000000 3.141593 0.000000 0.000000
    56 0.000002 -0.000002 0.000000 3.141593 0.000000 0.000000
    57 0.000014 -0.000004 0.000000 3.141593 0.000000 0.000000
    58 -0.000001 0.000000 0.000000 3.141593 0.000000 -0.000001
    59 0.000000 0.000000 0.000000 3.141593 0.000000 0.000000
    60 0.000010 0.000017 0.000000 3.141593 0.000000 -0.000001
    61 0.000000 0.000004 0.000000 3.141593 0.000000 -0.000001
    62 0.000000 0.000006 0.000000 3.141593 0.000000 -0.000001
    63 0.000001 0.000002 0.000000 3.141593 0.000000 0.000000
    64 0.000000 0.000000 0.000000 -3.141592 0.000000 0.000000
    65 0.000000 0.000000 0.000000 -1.570797 -0.000001 0.000000
    66 0.000000 0.000000 0.000000 0.000000 0.000000 0.000000
    67 1.200000 0.000000 0.000000 0.000000 0.000000 0.000000
    68 0.000009 0.299994 0.000000 0.000000 0.000000 0.174533
    69 -0.000001 -0.000001 -0.000004 0.000000 0.000000 0.000000
    70 -0.000010 0.000000 -0.000003 -3.141592 0.000001 0.000000
    71 0.000000 0.000000 0.000000 0.000001 -0.000001 0.349065
    72 0.000000 -0.000003 0.000000 0.000000 0.000000 0.000000
    73 0.000003 0.000000 0.000000 0.000000 0.000000 0.000000
    74 -0.000010 -0.000006 0.000000 -0.000001 0.000000 0.000000
    75 0.000019 0.000002 0.000000 0.000000 0.000000 0.000000
    76 0.000001 0.000004 0.000000 0.000000 0.000000 -0.000001
    77 0.000000 0.000000 0.000000 0.000000 0.000000 -0.000001
    78 0.000001 -0.000002 0.000000 0.000000 0.000000 -0.000001
    79 0.000000 0.000000 0.000000 0.000000 0.000000 -0.000001
    80 0.000001 0.000008 0.000000 0.000000 0.000000 0.000000
    81 -0.000003 0.000004 0.000000 0.000000 0.000000 0.000000
    82 -0.000007 -0.000008 0.000000 0.000000 0.000000 -0.000001
    83 0.000000 0.000002 -0.000002 -1.570796 0.000000 0.000000
  time 14
    0 -3.849032 -18.830880 -5.082433 -2.050177 0.067625 -1.974252
    1 -1.164186 -1.037202 0.033714 0.000000 0.000004 0.000000
    2 -1.948714 -1.361039 0.231380 0.000003 0.000007 -0.000014
    3 -4.549240 -1.689358 -0.012529 0.000000 0.000000 0.000000
    4 4.331499 0.360595 -0.709097 0.000015 0.000003 0.056022
    5 3.513922 0.962076 -0.004281 0.000004 -0.000001 1.176003
    6 2.855053 0.477292 0.679213 -0.000001 -0.000004 2.896619
    7 1.649902 5.878080 0.032496 -0.000003 0.000002 -1.570796
    8 6.587842 -0.691444 0.025964 -0.000001 -0.000001 1.570796
    9 0.000002 -0.241401 -0.052690 0.000001 0.000001 0.000000
    10 10.620066 1.884898 -0.004843 -1.570796 -0.000002 1.570796
    11 -9.087198 1.359573 -0.008167 -0.000003 0.000002 -1.570796
    12 4.855516 -15.148870 -6.946584 4.052621 -0.318487 -2.328925
    13 1.473659 0.639418 -1.295234 1.517307 0.542422 -0.218828
    14 1.832607 0.000002 -0.000008 3.094406 0.030593 0.357490
    15 1.003335 0.000005 0.000001 -3.040061 -0.007194 0.117085
    16 3.823895 -0.419603 -1.411520 0.723491 0.059632 0.189592
    17 2.187956 0.000010 0.000000 0.043418 -0.036045 0.863107
    18 1.100960 0.000002 0.000000 0.270704 -0.333733 0.848771
    19 3.987863 -0.577452 -0.474712 0.372466 -0.148563 0.242990
    20 1.890109 -0.000010 -0.000001 -0.115062 0.126027 0.780984
    21 1.310925 0.000000 0.000000 0.209720 -0.088733 0.427775
    22 4.117986 -0.654534 0.453695 0.027625 -0.114819 0.421178
    23 1.655294 0.000008 0.000000 -0.237423 0.008499 0.802772
    24 0.869582 0.000004 0.000000 -0.005427 0.006376 0.721553
    25 4.150630 -0.581594 1.354863 -0.301363 0.045679 0.780295
    26 1.157247 -0.000010 -0.000002 -0.217974 0.097570 0.739084
    27 1.019835 -0.000006 0.000000 -1.479692 0.001347 0.360073
    28 7.402234 0.062746 -8.901889 -1.042808 0.573121 -1.105777
    29 12.695427 -0.000020 -0.000008 -0.297627 0.286831 -1.841266
    30 -4.730711 -15.228861 -8.192715 2.592212 0.079334 -1.967513
    31 1.474215 -0.497926 -1.376118 0.979422 0.426184 -0.250703
    32 1.832179 -0.000010 -0.000002 -2.526087 -0.301597 0.609649
    33 1.042025 -0.000004 -0.000009 -2.896901 -0.278827 -0.192682
    34 3.936605 0.621894 -1.323863 0.199506 0.180802 0.008674
    35 2.152367 -0.000001 0.000004 0.136252 -0.043961 0.003626
    36 1.056622 -0.000011 0.000000 0.284591 -0.020808 0.016781
    37 3.985134 0.881805 -0.368986 0.292006 0.123996 0.016666
    38 1.830183 0.000015 0.000000 0.389657 -0.061669 -0.324016
    39 1.561352 0.000008 -0.000004 0.272527 0.044120 -0.264515
    40 4.116518 0.711272 0.551869 0.187923 0.006580 -0.361666
    41 1.752727 0.000006 0.000000 0.026521 0.029537 -1.405331
    42 0.869359 -0.000006 0.000000 0.015642 -0.073475 -0.926076
    43 4.118826 0.331223 1.419829 0.128888 -0.005990 -0.280207
    44 1.176321 0.000006 0.000000 -0.027338 0.139049 -0.923507
    45 0.970199 -0.000002 -0.000004 1.655618 0.044631 -1.487290
    46 -7.606037 1.001330 -4.120493 -2.191586 1.072551 -1.642776
    47 12.706336 -0.000035 -0.000009 -0.253009 0.296063 -1.692345
    48 0.000000 0.000000 -0.000003 0.000000 0.000000 0.000000
    49 1.200000 0.000000 0.000010 0.000000 0.000000 0.000000
    50 0.000010 -0.300000 0.000000 3.141593 0.000000 -0.174533
    51 0.000000 -0.000001 0.000000 0.000000 0.000000 0.000000
    52 -0.000003 0.000000 0.000001 3.141592 0.000000 0.000000
    53 0.000006 0.000000 0.000004 0.000000 0.000000 0.349065
    54 0.000000 0.000000 0.000000 3.141593 0.000000 0.000000
    55 -0.000008 -0.000006 0.000000 3.141593 0.000000 0.000000
    56 0.000002 -0.000002 0.000000 3.141593 0.000000 0.000000
    57 0.000014 -0.000004 0.000000 3.141593 0.000000 0.000000
    58 -0.000001 0.000000 0.000000 3.141593 0.000000 -0.000001
    59 0.000000 0.000000 0.000000 3.141593 0.000000 0.000000
    60 0.000010 0.000017 0.000000 3.141593 0.000000 -0.000001
    61 0.000000 0.000004 0.000000 3.141593 0.000000 -0.000001
    62 0.000000 0.000006 0.000000 3.141593 0.000000 -0.000001
    63 0.000001 0.000002 0.000000 3.141593 0.000000 0.000000
    64 0.000000 0.000000 0.000000 -3.141592 0.000000 0.000000
    65 0.000000 0.000000 0.000000 -1.570797 -0.000001 0.000000
    66 0.000000 0.000000 0.000000 0.000000 0.000000 0.000000
    67 1.200000 0.000000 0.000000 0.000000 0.000000 0.000000
    68 0.000009 0.299994 0.000000 0.000000 0.000000 0.174533
    69 -0.000001 -0.000001 -0.000004 0.000000 0.000000 0.000000
    70 -0.000010 0.000000 -0.000003 -3.141592 0.000001 0.000000
    71 0.000000 0.000000 0.000000 0.000001 -0.000001 0.349065
    72 0.000000 -0.000003 0.000000 0.000000 0.000000 0.000000
    73 0.000003 0.000000 0.000000 0.000000 0.000000 0.000000
    74 -0.000010 -0.000006 0.000000 -0.000001 0.000000 0.000000
    75 0.000019 0.000002 0.000000 0.000000 0.000000 0.000000
    76 0.000001 0.000004 0.000000 0.000000 0.000000 -0.000001
    77 0.000000 0.000000 0.000000 0.000000 0.000000 -0.000001
    78 0.000001 -0.000002 0.000000 0.000000 0.000000 -0.000001
    79 0.000000 0.000000 0.000000 0.000000 0.000000 -0.000001
    80 0.000001 0.000008 0.000000 0.000000 0.000000 0.000000
    81 -0.000003 0.000004 0.000000 0.000000 0.000000 0.000000
    82 -0.000007 -0.000008 0.000000 0.000000 0.000000 -0.000001
    83 0.000000 0.000002 -0.000002 -1.570796 0.000000 0.000000
  time 15
    0 -3.524803 -18.463682 -5.180092 -2.125038 0.094536 -2.036359
    1 -1.164186 -1.037202 0.029808 0.000000 0.000004 0.000000
    2 -1.940901 -1.361039 0.227474 0.000003 0.000007 -0.000014
    3 -4.549240 -1.689358 -0.012529 0.000000 0.000000 0.000000
    4 4.331499 0.360595 -0.709097 0.000015 0.000003 0.056022
    5 3.513922 0.962076 -0.004281 0.000004 -0.000001 1.176003
    6 2.855053 0.477292 0.679213 -0.000001 -0.000004 2.896619
    7 1.649902 5.878080 0.032496 -0.000003 0.000002 -1.570796
    8 6.587842 -0.691444 0.025964 -0.000001 -0.000001 1.570796
    9 0.000002 -0.241401 -0.052690 0.000001 0.000001 0.000000
    10 10.620066 1.884898 -0.004843 -1.570796 -0.000002 1.570796
    11 -9.087198 1.359573 -0.008167 -0.000003 0.000002 -1.570796
    12 5.476629 -14.391034 -6.993460 3.939567 -0.302148 -2.317046
    13 1.473659 0.639418 -1.295234 1.507361 0.542537 -0.198138
    14 1.832607 0.000002 -0.000008 3.093926 0.028567 0.336194
    15 1.003335 0.000005 0.000001 -3.039893 -0.003826 0.083746
    16 3.823895 -0.419603 -1.411520 0.721041 0.037778 0.199811
    17 2.187956 0.000010 0.000000 0.039607 -0.039628 0.960948
    18 1.100960 0.000002 0.000000 0.239053 -0.356240 0.948680
    19 3.987863 -0.577452 -0.474712 0.412567 -0.163112 0.249685
    20 1.890109 -0.000010 -0.000001 -0.104565 0.131636 0.857327
    21 1.310925 0.000000 0.000000 0.188794 -0.087451 0.459514
    22 4.117986 -0.654534 0.453695 0.028596 -0.134605 0.434622
    23 1.655294 0.000008 0.000000 -0.222981 -0.009610 0.879696
    24 0.869582 0.000004 0.000000 -0.004228 0.005238 0.786402
    25 4.150630 -0.581594 1.354863 -0.280186 0.033839 0.840143
    26 1.157247 -0.000010 -0.000002 -0.210783 0.107469 0.831577
    27 1.019835 -0.000006 0.000000 -1.481981 -0.011597 0.407010
    28 7.406140 0.730735 -8.901889 -0.989695 0.550314 -1.025992
    29 12.695427 -0.000020 -0.000008 -0.303133 0.285273 -1.860481
    30 -4.363512 -14.642906 -8.036460 2.517616 0.106710 -2.030737
    31 1.474215 -0.497926 -1.376118 0.979422 0.426184 -0.250703
    32 1.832179 -0.000010 -0.000002 -2.526087 -0.301597 0.609630
    33 1.042025 -0.000004 -0.000009 -2.896973 -0.278851 -0.192682
    34 3.960043 0.617988 -1.331676 0.143550 0.146202 -0.038222
    35 2.152367 -0.000001 0.000004 0.115866 -0.015546 -0.003090
    36 1.056622 -0.000011 0.000000 0.260094 -0.001980 0.006031
    37 3.985134 0.881805 -0.368986 0.275671 0.135649 0.012025
    38 1.830183 0.000015 0.000000 0.353140 -0.071605 -0.264504
    39 1.561352 0.000008 -0.000004 0.260254 0.033166 -0.200870
    40 4.116518 0.711272 0.551869 0.187923 0.006580 -0.361666
    41 1.752727 0.000006 0.000000 0.026521 0.029549 -1.405331
    42 0.869359 -0.000006 0.000000 0.015642 -0.073499 -0.926076
    43 4.118826 0.331223 1.419829 0.128888 -0.005990 -0.280207
    44 1.176321 0.000006 0.000000 -0.027338 0.139025 -0.923507
    45 0.970199 -0.000002 -0.000004 1.655618 0.044631 -1.487290
    46 -7.606037 1.001330 -4.120493 -2.172300 1.101015 -1.604977
    47 12.706336 -0.000035 -0.000009 -0.269621 0.293666 -1.749385
    48 0.000000 0.000000 -0.000003 0.000000 0.000000 0.000000
    49 1.200000 0.000000 0.000010 0.000000 0.000000 0.000000
    50 0.000010 -0.300000 0.000000 3.141593 0.000000 -0.174533
    51 0.000000 -0.000001 0.000000 0.000000 0.000000 0.000000
    52 -0.000003 0.000000 0.000001 3.141592 0.000000 0.000000
    53 0.000006 0.000000 0.000004 0.000000 0.000000 0.349065
    54 0.000000 0.000000 0.000000 3.141593 0.000000 0.000000
    55 -0.000008 -0.000006 0.000000 3.141593 0.000000 0.000000
    56 0.000002 -0.000002 0.000000 3.141593 0.000000 0.000000
    57 0.000014 -0.000004 0.000000 3.141593 0.000000 0.000000
    58 -0.000001 0.000000 0.000000 3.141593 0.000000 -0.000001
    59 0.000000 0.000000 0.000000 3.141593 0.000000 0.000000
    60 0.000010 0.000017 0.000000 3.141593 0.000000 -0.000001
    61 0.000000 0.000004 0.000000 3.141593 0.000000 -0.000001
    62 0.000000 0.000006 0.000000 3.141593 0.000000 -0.000001
    63 0.000001 0.000002 0.000000 3.141593 0.000000 0.000000
    64 0.000000 0.000000 0.000000 -3.141592 0.000000 0.000000
    65 0.000000 0.000000 0.000000 -1.570797 -0.000001 0.000000
    66 0.000000 0.000000 0.000000 0.000000 0.000000 0.000000
    67 1.200000 0.000000 0.000000 0.000000 0.000000 0.000000
    68 0.000009 0.299994 0.000000 0.000000 0.000000 0.174533
    69 -0.000001 -0.000001 -0.000004 0.000000 0.000000 0.000000
    70 -0.000010 0.000000 -0.000003 -3.141592 0.000001 0.000000
    71 0.000000 0.000000 0.000000 0.000001 -0.000001 0.349065
    72 0.000000 -0.000003 0.000000 0.000000 0.000000 0.000000
    73 0.000003 0.000000 0.000000 0.000000 0.000000 0.000000
    74 -0.000010 -0.000006 0.000000 -0.000001 0.000000 0.000000
    75 0.000019 0.000002 0.000000 0.000000 0.000000 0.000000
    76 0.000001 0.000004 0.000000 0.000000 0.000000 -0.000001
    77 0.000000 0.000000 0.000000 0.000000 0.000000 -0.000001
    78 0.000001 -0.000002 0.000000 0.000000 0.000000 -0.000001
    79 0.000000 0.000000 0.000000 0.000000 0.000000 -0.000001
    80 0.000001 0.000008 0.000000 0.000000 0.000000 0.000000
    81 -0.000003 0.000004 0.000000 0.000000 0.000000 0.000000
    82 -0.000007 -0.000008 0.000000 0.000000 0.000000 -0.000001
    83 0.000000 0.000002 -0.000002 -1.570796 0.000000 0.000000
  time 16
    0 -3.282608 -18.260550 -5.164467 -2.186227 0.114833 -2.079657
    1 -1.171999 -1.041108 0.033714 0.000000 0.000004 0.000000
    2 -1.948714 -1.361039 0.235287 0.000003 0.000007 -0.000014
    3 -4.549240 -1.689358 -0.012529 0.000000 0.000000 0.000000
    4 4.331499 0.360595 -0.709097 0.000015 0.000003 0.056022
    5 3.513922 0.962076 -0.004281 0.000004 -0.000001 1.176003
    6 2.855053 0.477292 0.679213 -0.000001 -0.000004 2.896619
    7 1.649902 5.878080 0.032496 -0.000003 0.000002 -1.570796
    8 6.587842 -0.691444 0.025964 -0.000001 -0.000001 1.570796
    9 0.000002 -0.241401 -0.052690 0.000001 0.000001 0.000000
    10 10.620066 1.884898 -0.004843 -1.570796 -0.000002 1.570796
    11 -9.087198 1.359573 -0.008167 -0.000003 0.000002 -1.570796
    12 5.558663 -13.609760 -6.598917 3.796220 -0.243714 -2.268950
    13 1.473659 0.639418 -1.295234 1.494052 0.542965 -0.170438
    14 1.832607 0.000002 -0.000008 3.093531 0.026123 0.307691
    15 1.003335 0.000005 0.000001 -3.039821 0.000752 0.039132
    16 3.823895 -0.419603 -1.411520 0.718461 0.017824 0.208919
    17 2.187956 0.000010 0.000000 0.035652 -0.042528 1.054141
    18 1.100960 0.000002 0.000000 0.207054 -0.374074 1.044466
    19 3.987863 -0.577452 -0.474712 0.450701 -0.177074 0.255622
    20 1.890109 -0.000010 -0.000001 -0.094363 0.135723 0.929755
    21 1.310925 0.000000 0.000000 0.169711 -0.085461 0.489592
    22 4.117986 -0.654534 0.453695 0.029363 -0.153447 0.447515
    23 1.655294 0.000008 0.000000 -0.210637 -0.027994 0.953044
    24 0.869582 0.000004 0.000000 -0.003305 0.004087 0.848270
    25 4.150630 -0.581594 1.354863 -0.260723 0.021433 0.896780
    26 1.157247 -0.000010 -0.000002 -0.203280 0.115808 0.919328
    27 1.019835 -0.000006 0.000000 -1.484545 -0.023557 0.451990
    28 7.402234 1.387005 -8.905795 -0.937342 0.481519 -0.981953
    29 12.695427 -0.000020 -0.000008 -0.305433 0.284529 -1.868705
    30 -4.097879 -14.287426 -7.802078 2.456542 0.127288 -2.074638
    31 1.474215 -0.497926 -1.376118 0.979422 0.426184 -0.250703
    32 1.832179 -0.000010 -0.000002 -2.526087 -0.301597 0.609630
    33 1.042025 -0.000004 -0.000009 -2.896973 -0.278839 -0.192682
    34 3.983482 0.610175 -1.331676 0.124854 0.133762 -0.053754
    35 2.152367 -0.000001 0.000004 0.108711 -0.006030 -0.005591
    36 1.056622 -0.000011 0.000000 0.251777 0.004180 0.002172
    37 3.969509 0.889618 -0.368986 0.225060 0.153556 -0.005996
    38 1.830183 0.000015 0.000000 0.274581 -0.067182 -0.209522
    39 1.561352 0.000008 -0.000004 0.227944 0.020558 -0.136333
    40 4.116518 0.711272 0.551869 0.187923 0.006580 -0.361666
    41 1.752727 0.000006 0.000000 0.026509 0.029549 -1.405331
    42 0.869359 -0.000006 0.000000 0.015534 -0.073475 -0.926076
    43 4.118826 0.331223 1.419829 0.128888 -0.005990 -0.280207
    44 1.176321 0.000006 0.000000 -0.027338 0.139049 -0.923484
    45 0.970199 -0.000002 -0.000004 1.655618 0.044631 -1.487290
    46 -7.606037 1.001330 -4.120493 -2.123184 1.113795 -1.547872
    47 12.706336 -0.000035 -0.000009 -0.280245 0.291532 -1.785874
    48 0.000000 0.000000 -0.000003 0.000000 0.000000 0.000000
    49 1.200000 0.000000 0.000010 0.000000 0.000000 0.000000
    50 0.000010 -0.300000 0.000000 3.141593 0.000000 -0.174533
    51 0.000000 -0.000001 0.000000 0.000000 0.000000 0.000000
    52 -0.000003 0.000000 0.000001 3.141592 0.000000 0.000000
    53 0.000006 0.000000 0.000004 0.000000 0.000000 0.349065
    54 0.000000 0.000000 0.000000 3.141593 0.000000 0.000000
    55 -0.000008 -0.000006 0.000000 3.141593 0.000000 0.000000
    56 0.000002 -0.000002 0.000000 3.141593 0.000000 0.000000
    57 0.000014 -0.000004 0.000000 3.141593 0.000000 0.000000
    58 -0.000001 0.000000 0.000000 3.141593 0.000000 -0.000001
    59 0.000000 0.000000 0.000000 3.141593 0.000000 0.000000
    60 0.000010 0.000017 0.000000 3.141593 0.000000 -0.000001
    61 0.000000 0.000004 0.000000 3.141593 0.000000 -0.000001
    62 0.000000 0.000006 0.000000 3.141593 0.000000 -0.000001
    63 0.000001 0.000002 0.000000 3.141593 0.000000 0.000000
    64 0.000000 0.000000 0.000000 -3.141592 0.000000 0.000000
    65 0.000000 0.000000 0.000000 -1.570797 -0.000001 0.000000
    66 0.000000 0.000000 0.000000 0.000000 0.000000 0.000000
    67 1.200000 0.000000 0.000000 0.000000 0.000000 0.000000
    68 0.000009 0.299994 0.000000 0.000000 0.000000 0.174533
    69 -0.000001 -0.000001 -0.000004 0.000000 0.000000 0.000000
    70 -0.000010 0.000000 -0.000003 -3.141592 0.000001 0.000000
    71 0.000000 0.000000 0.000000 0.000001 -0.000001 0.349065
    72 0.000000 -0.000003 0.000000 0.000000 0.000000 0.000000
    73 0.000003 0.000000 0.000000 0.000000 0.000000 0.000000
    74 -0.000010 -0.000006 0.000000 -0.000001 0.000000 0.000000
    75 0.000019 0.000002 0.000000 0.000000 0.000000 0.000000
    76 0.000001 0.000004 0.000000 0.000000 0.000000 -0.000001
    77 0.000000 0.000000 0.000000 0.000000 0.000000 -0.000001
    78 0.000001 -0.000002 0.000000 0.000000 0.000000 -0.000001
    79 0.000000 0.000000 0.000000 0.000000 0.000000 -0.000001
    80 0.000001 0.000008 0.000000 0.000000 0.000000 0.000000
    81 -0.000003 0.000004 0.000000 0.000000 0.000000 0.000000
    82 -0.000007 -0.000008 0.000000 0.000000 0.000000 -0.000001
    83 0.000000 0.000002 -0.000002 -1.570796 0.000000 0.000000
  time 17
    0 -3.099009 -18.131640 -5.113684 -2.233116 0.133181 -2.107339
    1 -1.164186 -1.037202 0.029808 0.000000 0.000004 0.000000
    2 -1.940901 -1.361039 0.231380 0.000003 0.000007 -0.000014
    3 -4.549240 -1.689358 -0.012529 0.000000 0.000000 0.000000
    4 4.331499 0.360595 -0.709097 0.000015 0.000003 0.056022
    5 3.513922 0.962076 -0.004281 0.000004 -0.000001 1.176003
    6 2.855053 0.477292 0.679213 -0.000001 -0.000004 2.896619
    7 1.649902 5.878080 0.032496 -0.000003 0.000002 -1.570796
    8 6.587842 -0.691444 0.025964 -0.000001 -0.000001 1.570796
    9 0.000002 -0.241401 -0.052690 0.000001 0.000001 0.000000
    10 10.620066 1.884898 -0.004843 -1.570796 -0.000002 1.570796
    11 -9.087198 1.359573 -0.008167 -0.000003 0.000002 -1.570796
    12 5.234434 -12.805048 -5.868426 3.645118 -0.140207 -2.213104
    13 1.473659 0.639418 -1.295234 1.478443 0.543886 -0.137953
    14 1.832607 0.000002 -0.000008 3.093052 0.023030 0.274361
    15 1.003335 0.000005 0.000001 -3.040001 0.006085 -0.013050
    16 3.823895 -0.419603 -1.411520 0.715900 0.000457 0.216472
    17 2.187956 0.000010 0.000000 0.031733 -0.045069 1.140269
    18 1.100960 0.000002 0.000000 0.176301 -0.386957 1.133037
    19 3.987863 -0.577452 -0.474712 0.485974 -0.189994 0.260801
    20 1.890109 -0.000010 -0.000001 -0.084810 0.138311 0.996428
    21 1.310925 0.000000 0.000000 0.153109 -0.083256 0.517267
    22 4.117986 -0.654534 0.453695 0.029962 -0.171005 0.459515
    23 1.655294 0.000008 0.000000 -0.200402 -0.045756 1.020899
    24 0.869582 0.000004 0.000000 -0.002538 0.002841 0.905324
    25 4.150630 -0.581594 1.354863 -0.243393 0.008964 0.948861
    26 1.157247 -0.000010 -0.000002 -0.195718 0.122193 1.001375
    27 1.019835 -0.000006 0.000000 -1.487530 -0.034715 0.493572
    28 7.402234 2.019837 -8.901889 -0.900601 0.386843 -0.973754
    29 12.695427 -0.000020 -0.000008 -0.305349 0.284541 -1.868705
    30 -3.906467 -14.037418 -7.567696 2.409483 0.145819 -2.103551
    31 1.474215 -0.497926 -1.376118 0.979422 0.426184 -0.250703
    32 1.832179 -0.000010 -0.000002 -2.526087 -0.301597 0.609630
    33 1.042025 -0.000004 -0.000009 -2.896925 -0.278839 -0.192682
    34 3.967856 0.606269 -1.316051 0.124818 0.133762 -0.053754
    35 2.152367 -0.000001 0.000004 0.108711 -0.006066 -0.005591
    36 1.056622 -0.000011 0.000000 0.251741 0.004168 0.002172
    37 3.922632 0.913056 -0.368986 0.150960 0.173140 -0.034320
    38 1.830183 0.000015 0.000000 0.172424 -0.049877 -0.165951
    39 1.561352 0.000008 -0.000004 0.182786 0.009664 -0.077708
    40 4.116518 0.711272 0.551869 0.187923 0.006580 -0.361666
    41 1.752727 0.000006 0.000000 0.026485 0.029549 -1.405331
    42 0.869359 -0.000006 0.000000 0.015582 -0.073475 -0.926076
    43 4.118826 0.331223 1.419829 0.128888 -0.005990 -0.280207
    44 1.176321 0.000006 0.000000 -0.027338 0.139049 -0.923484
    45 0.970199 -0.000002 -0.000004 1.655618 0.044631 -1.487290
    46 -7.606037 1.001330 -4.120493 -2.062205 1.119735 -1.485082
    47 12.706336 -0.000035 -0.000009 -0.287549 0.289939 -1.811348
    48 0.000000 0.000000 -0.000003 0.000000 0.000000 0.000000
    49 1.200000 0.000000 0.000010 0.000000 0.000000 0.000000
    50 0.000010 -0.300000 0.000000 3.141593 0.000000 -0.174533
    51 0.000000 -0.000001 0.000000 0.000000 0.000000 0.000000
    52 -0.000003 0.000000 0.000001 3.141592 0.000000 0.000000
    53 0.000006 0.000000 0.000004 0.000000 0.000000 0.349065
    54 0.000000 0.000000 0.000000 3.141593 0.000000 0.000000
    55 -0.000008 -0.000006 0.000000 3.141593 0.000000 0.000000
    56 0.000002 -0.000002 0.000000 3.141593 0.000000 0.000000
    57 0.000014 -0.000004 0.000000 3.141593 0.000000 0.000000
    58 -0.000001 0.000000 0.000000 3.141593 0.000000 -0.000001
    59 0.000000 0.000000 0.000000 3.141593 0.000000 0.000000
    60 0.000010 0.000017 0.000000 3.141593 0.000000 -0.000001
    61 0.000000 0.000004 0.000000 3.141593 0.000000 -0.000001
    62 0.000000 0.000006 0.000000 3.141593 0.000000 -0.000001
    63 0.000001 0.000002 0.000000 3.141593 0.000000 0.000000
    64 0.000000 0.000000 0.000000 -3.141592 0.000000 0.000000
    65 0.000000 0.000000 0.000000 -1.570797 -0.000001 0.000000
    66 0.000000 0.000000 0.000000 0.000000 0.000000 0.000000
    67 1.200000 0.000000 0.000000 0.000000 0.000000 0.000000
    68 0.000009 0.299994 0.000000 0.000000 0.000000 0.174533
    69 -0.000001 -0.000001 -0.000004 0.000000 0.000000 0.000000
    70 -0.000010 0.000000 -0.000003 -3.141592 0.000001 0.000000
    71 0.000000 0.000000 0.000000 0.000001 -0.000001 0.349065
    72 0.000000 -0.000003 0.000000 0.000000 0.000000 0.000000
    73 0.000003 0.000000 0.000000 0.000000 0.000000 0.000000
    74 -0.000010 -0.000006 0.000000 -0.000001 0.000000 0.000000
    75 0.000019 0.000002 0.000000 0.000000 0.000000 0.000000
    76 0.000001 0.000004 0.000000 0.000000 0.000000 -0.000001
    77 0.000000 0.000000 0.000000 0.000000 0.000000 -0.000001
    78 0.000001 -0.000002 0.000000 0.000000 0.000000 -0.000001
    79 0.000000 0.000000 0.000000 0.000000 0.000000 -0.000001
    80 0.000001 0.000008 0.000000 0.000000 0.000000 0.000000
    81 -0.000003 0.000004 0.000000 0.000000 0.000000 0.000000
    82 -0.000007 -0.000008 0.000000 0.000000 0.000000 -0.000001
    83 0.000000 0.000002 -0.000002 -1.570796 0.000000 0.000000
  time 18
    0 -2.954473 -17.998824 -5.066807 -2.253557 0.135416 -2.122529
    1 -0.226658 -1.334086 -0.415518 0.000000 0.000004 0.000000
    2 -1.948714 -1.361039 0.235287 0.000003 0.000007 -0.000014
    3 -4.549240 -1.689358 -0.012529 0.000000 0.000000 0.000000
    4 4.331499 0.360595 -0.709097 0.000015 0.000003 0.056022
    5 3.513922 0.962076 -0.004281 0.000004 -0.000001 1.176003
    6 2.855053 0.477292 0.679213 -0.000001 -0.000004 2.896619
    7 1.649902 5.878080 0.032496 -0.000003 0.000002 -1.570796
    8 6.587842 -0.691444 0.025964 -0.000001 -0.000001 1.570796
    9 0.000002 -0.241401 -0.052690 0.000001 0.000001 0.000000
    10 10.620066 1.884898 -0.004843 -1.570796 -0.000002 1.570796
    11 -9.087198 1.359573 -0.008167 -0.000003 0.000002 -1.570796
    12 4.777389 -12.058931 -5.106684 3.531152 -0.028852 -2.176887
    13 1.473659 0.639418 -1.295234 1.462058 0.545317 -0.103835
    14 1.832607 0.000002 -0.000008 3.092728 0.019903 0.239303
    15 1.003335 0.000005 0.000001 -3.040445 0.011658 -0.068065
    16 3.823895 -0.419603 -1.411520 0.712948 -0.016611 0.223334
    17 2.187956 0.000010 0.000000 0.027275 -0.047154 1.232486
    18 1.100960 0.000002 0.000000 0.143044 -0.396569 1.227899
    19 3.987863 -0.577452 -0.474712 0.523978 -0.203357 0.265998
    20 1.890109 -0.000010 -0.000001 -0.074652 0.139785 1.068034
    21 1.310925 0.000000 0.000000 0.137117 -0.080596 0.546861
    22 4.117986 -0.654534 0.453695 0.030142 -0.189980 0.472539
    23 1.655294 0.000008 0.000000 -0.190838 -0.065482 1.093909
    24 0.869582 0.000004 0.000000 -0.001831 0.001331 0.966809
    25 4.150630 -0.581594 1.354863 -0.225512 -0.005486 1.004468
    26 1.157247 -0.000010 -0.000002 -0.187281 0.127962 1.089534
    27 1.019835 -0.000006 0.000000 -1.490981 -0.046568 0.538470
    28 7.406140 2.601886 -8.901889 -0.876994 0.294535 -0.983059
    29 12.695427 -0.000020 -0.000008 -0.302747 0.285308 -1.859295
    30 -3.750212 -13.861632 -7.454411 2.389155 0.148187 -2.118682
    31 1.474215 -0.497926 -1.376118 0.979422 0.426184 -0.250703
    32 1.832179 -0.000010 -0.000002 -2.526087 -0.301597 0.609649
    33 1.042025 -0.000004 -0.000009 -2.896901 -0.278863 -0.192682
    34 3.975669 0.617988 -1.331676 0.124806 0.133762 -0.053754
    35 2.152367 -0.000001 0.000004 0.108687 -0.006066 -0.005591
    36 1.056622 -0.000011 0.000000 0.251753 0.004168 0.002172
    37 3.891381 0.940401 -0.376799 0.075900 0.188706 -0.064334
    38 1.830183 0.000015 0.000000 0.076308 -0.027573 -0.138663
    39 1.561352 0.000008 -0.000004 0.138779 0.002449 -0.033252
    40 4.116518 0.711272 0.551869 0.187923 0.006580 -0.361666
    41 1.752727 0.000006 0.000000 0.026509 0.029537 -1.405331
    42 0.869359 -0.000006 0.000000 0.015606 -0.073487 -0.926076
    43 4.118826 0.331223 1.419829 0.128888 -0.005990 -0.280207
    44 1.176321 0.000006 0.000000 -0.027338 0.139049 -0.923507
    45 0.970199 -0.000002 -0.000004 1.655618 0.044631 -1.487290
    46 -7.606037 1.001330 -4.120493 -2.006845 1.125341 -1.428539
    47 12.706336 -0.000035 -0.000009 -0.291949 0.288956 -1.826854
    48 0.000000 0.000000 -0.000003 0.000000 0.000000 0.000000
    49 1.200000 0.000000 0.000010 0.000000 0.000000 0.000000
    50 0.000010 -0.300000 0.000000 3.141593 0.000000 -0.174533
    51 0.000000 -0.000001 0.000000 0.000000 0.000000 0.000000
    52 -0.000003 0.000000 0.000001 3.141592 0.000000 0.000000
    53 0.000006 0.000000 0.000004 0.000000 0.000000 0.349065
    54 0.000000 0.000000 0.000000 3.141593 0.000000 0.000000
    55 -0.000008 -0.000006 0.000000 3.141593 0.000000 0.000000
    56 0.000002 -0.000002 0.000000 3.141593 0.000000 0.000000
    57 0.000014 -0.000004 0.000000 3.141593 0.000000 0.000000
    58 -0.000001 0.000000 0.000000 3.141593 0.000000 -0.000001
    59 0.000000 0.000000 0.000000 3.141593 0.000000 0.000000
    60 0.000010 0.000017 0.000000 3.141593 0.000000 -0.000001
    61 0.000000 0.000004 0.000000 3.141593 0.000000 -0.000001
    62 0.000000 0.000006 0.000000 3.141593 0.000000 -0.000001
    63 0.000001 0.000002 0.000000 3.141593 0.000000 0.000000
    64 0.000000 0.000000 0.000000 -3.141592 0.000000 0.000000
    65 0.000000 0.000000 0.000000 -1.570797 -0.000001 0.000000
    66 0.000000 0.000000 0.000000 0.000000 0.000000 0.000000
    67 1.200000 0.000000 0.000000 0.000000 0.000000 0.000000
    68 0.000009 0.299994 0.000000 0.000000 0.000000 0.174533
    69 -0.000001 -0.000001 -0.000004 0.000000 0.000000 0.000000
    70 -0.000010 0.000000 -0.000003 -3.141592 0.000001 0.000000
    71 0.000000 0.000000 0.000000 0.000001 -0.000001 0.349065
    72 0.000000 -0.000003 0.000000 0.000000 0.000000 0.000000
    73 0.000003 0.000000 0.000000 0.000000 0.000000 0.000000
    74 -0.000010 -0.000006 0.000000 -0.000001 0.000000 0.000000
    75 0.000019 0.000002 0.000000 0.000000 0.000000 0.000000
    76 0.000001 0.000004 0.000000 0.000000 0.000000 -0.000001
    77 0.000000 0.000000 0.000000 0.000000 0.000000 -0.000001
    78 0.000001 -0.000002 0.000000 0.000000 0.000000 -0.000001
    79 0.000000 0.000000 0.000000 0.000000 0.000000 -0.000001
    80 0.000001 0.000008 0.000000 0.000000 0.000000 0.000000
    81 -0.000003 0.000004 0.000000 0.000000 0.000000 0.000000
    82 -0.000007 -0.000008 0.000000 0.000000 0.000000 -0.000001
    83 0.000000 0.000002 -0.000002 -1.570796 0.000000 0.000000
  time 19
    0 -2.809937 -17.803505 -5.019931 -2.260191 0.129255 -2.132537
    1 -0.226658 -1.334086 -0.411612 0.000000 0.000004 0.000000
    2 -1.944808 -1.361039 0.235287 0.000003 0.000007 -0.000014
    3 -4.549240 -1.689358 -0.012529 0.000000 0.000000 0.000000
    4 4.331499 0.360595 -0.709097 0.000015 0.000003 0.056022
    5 3.513922 0.962076 -0.004281 0.000004 -0.000001 1.176003
    6 2.855053 0.477292 0.679213 -0.000001 -0.000004 2.896619
    7 1.649902 5.878080 0.032496 -0.000003 0.000002 -1.570796
    8 6.587842 -0.691444 0.025964 -0.000001 -0.000001 1.570796
    9 0.000002 -0.241401 -0.052690 0.000001 0.000001 0.000000
    10 10.620066 1.884898 -0.004843 -1.570796 -0.000002 1.570796
    11 -9.087198 1.359573 -0.008167 -0.000003 0.000002 -1.570796
    12 4.488317 -11.430006 -4.555886 3.462535 0.063266 -2.167326
    13 1.473659 0.639418 -1.295234 1.446564 0.547143 -0.071406
    14 1.832607 0.000002 -0.000008 3.092416 0.016810 0.205973
    15 1.003335 0.000005 0.000001 -3.041224 0.016955 -0.120293
    16 3.823895 -0.419603 -1.411520 0.709645 -0.032905 0.229110
    17 2.187956 0.000010 0.000000 0.022349 -0.049108 1.329816
    18 1.100960 0.000002 0.000000 0.108085 -0.402082 1.327559
    19 3.987863 -0.577452 -0.474712 0.564469 -0.217355 0.271269
    20 1.890109 -0.000010 -0.000001 -0.064111 0.139845 1.143555
    21 1.310925 0.000000 0.000000 0.121876 -0.077144 0.578133
    22 4.117986 -0.654534 0.453695 0.030178 -0.210238 0.486456
    23 1.655294 0.000008 0.000000 -0.182174 -0.087282 1.171435
    24 0.869582 0.000004 0.000000 -0.001244 -0.000323 1.031959
    25 4.150630 -0.581594 1.354863 -0.207595 -0.021823 1.063246
    26 1.157247 -0.000010 -0.000002 -0.177861 0.133128 1.182619
    27 1.019835 -0.000006 0.000000 -1.495296 -0.058828 0.586313
    28 7.406140 3.117527 -8.901889 -0.862145 0.227360 -0.988218
    29 12.695427 -0.000020 -0.000008 -0.300380 0.286052 -1.850913
    30 -3.590051 -13.670220 -7.411441 2.382528 0.142015 -2.128414
    31 1.474215 -0.497926 -1.376118 0.979422 0.426184 -0.250703
    32 1.832179 -0.000010 -0.000002 -2.526087 -0.301597 0.609630
    33 1.042025 -0.000004 -0.000009 -2.896901 -0.278827 -0.192682
    34 3.971762 0.610175 -1.331676 0.124818 0.133762 -0.053754
    35 2.152367 -0.000001 0.000004 0.108675 -0.006018 -0.005591
    36 1.056622 -0.000011 0.000000 0.251753 0.004180 0.002172
    37 3.856224 0.952120 -0.368986 0.023564 0.197476 -0.085886
    38 1.830183 0.000015 0.000000 0.012382 -0.010951 -0.126077
    39 1.561352 0.000008 -0.000004 0.108578 -0.000942 -0.007424
    40 4.116518 0.711272 0.551869 0.187923 0.006580 -0.361666
    41 1.752727 0.000006 0.000000 0.026485 0.029549 -1.405331
    42 0.869359 -0.000006 0.000000 0.015558 -0.073475 -0.926076
    43 4.118826 0.331223 1.419829 0.128888 -0.005990 -0.280207
    44 1.176321 0.000006 0.000000 -0.027338 0.139049 -0.923507
    45 0.970199 -0.000002 -0.000004 1.655618 0.044631 -1.487290
    46 -7.606037 1.001330 -4.120493 -1.962932 1.134017 -1.379869
    47 12.706336 -0.000035 -0.000009 -0.296493 0.287661 -1.842668
    48 0.000000 0.000000 -0.000003 0.000000 0.000000 0.000000
    49 1.200000 0.000000 0.000010 0.000000 0.000000 0.000000
    50 0.000010 -0.300000 0.000000 3.141593 0.000000 -0.174533
    51 0.000000 -0.000001 0.000000 0.000000 0.000000 0.000000
    52 -0.000003 0.000000 0.000001 3.141592 0.000000 0.000000
    53 0.000006 0.000000 0.000004 0.000000 0.000000 0.349065
    54 0.000000 0.000000 0.000000 3.141593 0.000000 0.000000
    55 -0.000008 -0.000006 0.000000 3.141593 0.000000 0.000000
    56 0.000002 -0.000002 0.000000 3.141593 0.000000 0.000000
    57 0.000014 -0.000004 0.000000 3.141593 0.000000 0.000000
    58 -0.000001 0.000000 0.000000 3.141593 0.000000 -0.000001
    59 0.000000 0.000000 0.000000 3.141593 0.000000 0.000000
    60 0.000010 0.000017 0.000000 3.141593 0.000000 -0.000001
    61 0.000000 0.000004 0.000000 3.141593 0.000000 -0.000001
    62 0.000000 0.000006 0.000000 3.141593 0.000000 -0.000001
    63 0.000001 0.000002 0.000000 3.141593 0.000000 0.000000
    64 0.000000 0.000000 0.000000 -3.141592 0.000000 0.000000
    65 0.000000 0.000000 0.000000 -1.570797 -0.000001 0.000000
    66 0.000000 0.000000 0.000000 0.000000 0.000000 0.000000
    67 1.200000 0.000000 0.000000 0.000000 0.000000 0.000000
    68 0.000009 0.299994 0.000000 0.000000 0.000000 0.174533
    69 -0.000001 -0.000001 -0.000004 0.000000 0.000000 0.000000
    70 -0.000010 0.000000 -0.000003 -3.141592 0.000001 0.000000
    71 0.000000 0.000000 0.000000 0.000001 -0.000001 0.349065
    72 0.000000 -0.000003 0.000000 0.000000 0.000000 0.000000
    73 0.000003 0.000000 0.000000 0.000000 0.000000 0.000000
    74 -0.000010 -0.000006 0.000000 -0.000001 0.000000 0.000000
    75 0.000019 0.000002 0.000000 0.000000 0.000000 0.000000
    76 0.000001 0.000004 0.000000 0.000000 0.000000 -0.000001
    77 0.000000 0.000000 0.000000 0.000000 0.000000 -0.000001
    78 0.000001 -0.000002 0.000000 0.000000 0.000000 -0.000001
    79 0.000000 0.000000 0.000000 0.000000 0.000000 -0.000001
    80 0.000001 0.000008 0.000000 0.000000 0.000000 0.000000
    81 -0.000003 0.000004 0.000000 0.000000 0.000000 0.000000
    82 -0.000007 -0.000008 0.000000 0.000000 0.000000 -0.000001
    83 0.000000 0.000002 -0.000002 -1.570796 0.000000 0.000000
  time 20
    0 -2.700559 -17.608187 -4.969148 -2.261984 0.123365 -2.138500
    1 -0.230564 -1.330180 -0.411612 0.000000 0.000004 0.000000
    2 -1.948714 -1.361039 0.231380 0.000003 0.000007 -0.000014
    3 -4.549240 -1.689358 -0.012529 0.000000 0.000000 0.000000
    4 4.331499 0.360595 -0.709097 0.000015 0.000003 0.056022
    5 3.513922 0.962076 -0.004281 0.000004 -0.000001 1.176003
    6 2.855053 0.477292 0.679213 -0.000001 -0.000004 2.896619
    7 1.649902 5.878080 0.032496 -0.000003 0.000002 -1.570796
    8 6.587842 -0.691444 0.025964 -0.000001 -0.000001 1.570796
    9 0.000002 -0.241401 -0.052690 0.000001 0.000001 0.000000
    10 10.620066 1.884898 -0.004843 -1.570796 -0.000002 1.570796
    11 -9.087198 1.359573 -0.008167 -0.000003 0.000002 -1.570796
    12 4.460973 -10.972961 -4.259002 3.437899 0.127737 -2.176163
    13 1.473659 0.639418 -1.295234 1.433341 0.549018 -0.043734
    14 1.832607 0.000002 -0.000008 3.092296 0.014330 0.177535
    15 1.003335 0.000005 0.000001 -3.042003 0.021305 -0.164829
    16 3.823895 -0.419603 -1.411520 0.707251 -0.043832 0.232689
    17 2.187956 0.000010 0.000000 0.018694 -0.050055 1.399164
    18 1.100960 0.000002 0.000000 0.083469 -0.403544 1.398039
    19 3.987863 -0.577452 -0.474712 0.593663 -0.227410 0.274783
    20 1.890109 -0.000010 -0.000001 -0.056769 0.139078 1.197426
    21 1.310925 0.000000 0.000000 0.111824 -0.074556 0.600550
    22 4.117986 -0.654534 0.453695 0.030022 -0.225002 0.496618
    23 1.655294 0.000008 0.000000 -0.176888 -0.103425 1.227096
    24 0.869582 0.000004 0.000000 -0.000945 -0.001737 1.078647
    25 4.150630 -0.581594 1.354863 -0.195167 -0.034229 1.105167
    26 1.157247 -0.000010 -0.000002 -0.170898 0.136091 1.249479
    27 1.019835 -0.000006 0.000000 -1.498519 -0.067625 0.620811
    28 7.402234 3.504257 -8.901889 -0.854531 0.191675 -0.981124
    29 12.695427 -0.000020 -0.000008 -0.299675 0.286159 -1.847987
    30 -3.468954 -13.478808 -7.376284 2.380737 0.136225 -2.133813
    31 1.474215 -0.497926 -1.376118 0.979422 0.426184 -0.250703
    32 1.832179 -0.000010 -0.000002 -2.526087 -0.301597 0.609630
    33 1.042025 -0.000004 -0.000009 -2.896901 -0.278827 -0.192682
    34 3.975669 0.598456 -1.331676 0.124842 0.133762 -0.053754
    35 2.152367 -0.000001 0.000004 0.108723 -0.005958 -0.005591
    36 1.056622 -0.000011 0.000000 0.251753 0.004168 0.002172
    37 3.828879 0.956026 -0.380705 0.005515 0.200114 -0.093364
    38 1.830183 0.000015 0.000000 -0.008974 -0.004934 -0.122914
    39 1.561352 0.000008 -0.000004 0.098391 -0.001805 0.000602
    40 4.116518 0.711272 0.551869 0.187923 0.006580 -0.361666
    41 1.752727 0.000006 0.000000 0.026509 0.029537 -1.405331
    42 0.869359 -0.000006 0.000000 0.015570 -0.073487 -0.926076
    43 4.118826 0.331223 1.419829 0.128888 -0.005990 -0.280207
    44 1.176321 0.000006 0.000000 -0.027338 0.139049 -0.923484
    45 0.970199 -0.000002 -0.000004 1.655618 0.044667 -1.487290
    46 -7.606037 1.001330 -4.120493 -1.920892 1.142693 -1.334885
    47 12.706336 -0.000035 -0.000009 -0.300906 0.286535 -1.858789
    48 0.000000 0.000000 -0.000003 0.000000 0.000000 0.000000
    49 1.200000 0.000000 0.000010 0.000000 0.000000 0.000000
    50 0.000010 -0.300000 0.000000 3.141593 0.000000 -0.174533
    51 0.000000 -0.000001 0.000000 0.000000 0.000000 0.000000
    52 -0.000003 0.000000 0.000001 3.141592 0.000000 0.000000
    53 0.000006 0.000000 0.000004 0.000000 0.000000 0.349065
    54 0.000000 0.000000 0.000000 3.141593 0.000000 0.000000
    55 -0.000008 -0.000006 0.000000 3.141593 0.000000 0.000000
    56 0.000002 -0.000002 0.000000 3.141593 0.000000 0.000000
    57 0.000014 -0.000004 0.000000 3.141593 0.000000 0.000000
    58 -0.000001 0.000000 0.000000 3.141593 0.000000 -0.000001
    59 0.000000 0.000000 0.000000 3.141593 0.000000 0.000000
    60 0.000010 0.000017 0.000000 3.141593 0.000000 -0.000001
    61 0.000000 0.000004 0.000000 3.141593 0.000000 -0.000001
    62 0.000000 0.000006 0.000000 3.141593 0.000000 -0.000001
    63 0.000001 0.000002 0.000000 3.141593 0.000000 0.000000
    64 0.000000 0.000000 0.000000 -3.141592 0.000000 0.000000
    65 0.000000 0.000000 0.000000 -1.570797 -0.000001 0.000000
    66 0.000000 0.000000 0.000000 0.000000 0.000000 0.000000
    67 1.200000 0.000000 0.000000 0.000000 0.000000 0.000000
    68 0.000009 0.299994 0.000000 0.000000 0.000000 0.174533
    69 -0.000001 -0.000001 -0.000004 0.000000 0.000000 0.000000
    70 -0.000010 0.000000 -0.000003 -3.141592 0.000001 0.000000
    71 0.000000 0.000000 0.000000 0.000001 -0.000001 0.349065
    72 0.000000 -0.000003 0.000000 0.000000 0.000000 0.000000
    73 0.000003 0.000000 0.000000 0.000000 0.000000 0.000000
    74 -0.000010 -0.000006 0.000000 -0.000001 0.000000 0.000000
    75 0.000019 0.000002 0.000000 0.000000 0.000000 0.000000
    76 0.000001 0.000004 0.000000 0.000000 0.000000 -0.000001
    77 0.000000 0.000000 0.000000 0.000000 0.000000 -0.000001
    78 0.000001 -0.000002 0.000000 0.000000 0.000000 -0.000001
    79 0.000000 0.000000 0.000000 0.000000 0.000000 -0.000001
    80 0.000001 0.000008 0.000000 0.000000 0.000000 0.000000
    81 -0.000003 0.000004 0.000000 0.000000 0.000000 0.000000
    82 -0.000007 -0.000008 0.000000 0.000000 0.000000 -0.000001
    83 0.000000 0.000002 -0.000002 -1.570796 0.000000 0.000000
  time 21
    0 -2.669308 -17.533966 -4.953523 -2.260236 0.115346 -2.140984
    1 -0.226658 -1.334086 -0.415518 0.000000 0.000004 0.000000
    2 -1.940901 -1.361039 0.231380 0.000003 0.000007 -0.000014
    3 -4.549240 -1.689358 -0.012529 0.000000 0.000000 0.000000
    4 4.331499 0.360595 -0.709097 0.000015 0.000003 0.056022
    5 3.513922 0.962076 -0.004281 0.000004 -0.000001 1.176003
    6 2.855053 0.477292 0.679213 -0.000001 -0.000004 2.896619
    7 1.649902 5.878080 0.032496 -0.000003 0.000002 -1.570796
    8 6.587842 -0.691444 0.025964 -0.000001 -0.000001 1.570796
    9 0.000002 -0.241401 -0.052690 0.000001 0.000001 0.000000
    10 10.620066 1.884898 -0.004843 -1.570796 -0.000002 1.570796
    11 -9.087198 1.359573 -0.008167 -0.000003 0.000002 -1.570796
    12 4.511756 -10.781549 -4.184781 3.438720 0.174178 -2.191374
    13 1.473659 0.639418 -1.295234 1.423424 0.550630 -0.022988
    14 1.832607 0.000002 -0.000008 3.092285 0.012256 0.156174
    15 1.003335 0.000005 0.000001 -3.042770 0.024745 -0.198138
    16 3.823895 -0.419603 -1.411520 0.706453 -0.047228 0.233701
    17 2.187956 0.000010 0.000000 0.017616 -0.050258 1.421707
    18 1.100960 0.000002 0.000000 0.075511 -0.403544 1.420999
    19 3.987863 -0.577452 -0.474712 0.603188 -0.230574 0.275930
    20 1.890109 -0.000010 -0.000001 -0.054380 0.138791 1.214926
    21 1.310925 0.000000 0.000000 0.108705 -0.073753 0.607856
    22 4.117986 -0.654534 0.453695 0.029962 -0.229854 0.499900
    23 1.655294 0.000008 0.000000 -0.175390 -0.108723 1.245198
    24 0.869582 0.000004 0.000000 -0.000945 -0.002109 1.093936
    25 4.150630 -0.581594 1.354863 -0.191272 -0.038380 1.118791
    26 1.157247 -0.000010 -0.000002 -0.168597 0.137022 1.271037
    27 1.019835 -0.000006 0.000000 -1.499778 -0.070441 0.632117
    28 7.402234 3.672231 -8.901889 -0.850913 0.180832 -0.973846
    29 12.695427 -0.000020 -0.000008 -0.299759 0.286147 -1.848620
    30 -3.433796 -13.420212 -7.388003 2.382528 0.128205 -2.137152
    31 1.474215 -0.497926 -1.376118 0.979422 0.426184 -0.250703
    32 1.832179 -0.000010 -0.000002 -2.526087 -0.301597 0.609649
    33 1.042025 -0.000004 -0.000009 -2.896973 -0.278839 -0.192682
    34 3.956137 0.606269 -1.323863 0.124830 0.133762 -0.053754
    35 2.152367 -0.000001 0.000004 0.108723 -0.005982 -0.005591
    36 1.056622 -0.000011 0.000000 0.251753 0.004180 0.002172
    37 3.832786 0.956026 -0.368986 0.005515 0.200114 -0.093364
    38 1.830183 0.000015 0.000000 -0.008962 -0.004934 -0.122914
    39 1.561352 0.000008 -0.000004 0.098391 -0.001805 0.000569
    40 4.116518 0.711272 0.551869 0.187923 0.006580 -0.361666
    41 1.752727 0.000006 0.000000 0.026461 0.029561 -1.405331
    42 0.869359 -0.000006 0.000000 0.015570 -0.073487 -0.926076
    43 4.118826 0.331223 1.419829 0.128888 -0.005990 -0.280207
    44 1.176321 0.000006 0.000000 -0.027338 0.139049 -0.923530
    45 0.970199 -0.000002 -0.000004 1.655618 0.044631 -1.487290
    46 -7.606037 1.001330 -4.120493 -1.871637 1.146564 -1.290838
    47 12.706336 -0.000035 -0.000009 -0.302195 0.286079 -1.862973
    48 0.000000 0.000000 -0.000003 0.000000 0.000000 0.000000
    49 1.200000 0.000000 0.000010 0.000000 0.000000 0.000000
    50 0.000010 -0.300000 0.000000 3.141593 0.000000 -0.174533
    51 0.000000 -0.000001 0.000000 0.000000 0.000000 0.000000
    52 -0.000003 0.000000 0.000001 3.141592 0.000000 0.000000
    53 0.000006 0.000000 0.000004 0.000000 0.000000 0.349065
    54 0.000000 0.000000 0.000000 3.141593 0.000000 0.000000
    55 -0.000008 -0.000006 0.000000 3.141593 0.000000 0.000000
    56 0.000002 -0.000002 0.000000 3.141593 0.000000 0.000000
    57 0.000014 -0.000004 0.000000 3.141593 0.000000 0.000000
    58 -0.000001 0.000000 0.000000 3.141593 0.000000 -0.000001
    59 0.000000 0.000000 0.000000 3.141593 0.000000 0.000000
    60 0.000010 0.000017 0.000000 3.141593 0.000000 -0.000001
    61 0.000000 0.000004 0.000000 3.141593 0.000000 -0.000001
    62 0.000000 0.000006 0.000000 3.141593 0.000000 -0.000001
    63 0.000001 0.000002 0.000000 3.141593 0.000000 0.000000
    64 0.000000 0.000000 0.000000 -3.141592 0.000000 0.000000
    65 0.000000 0.000000 0.000000 -1.570797 -0.000001 0.000000
    66 0.000000 0.000000 0.000000 0.000000 0.000000 0.000000
    67 1.200000 0.000000 0.000000 0.000000 0.000000 0.000000
    68 0.000009 0.299994 0.000000 0.000000 0.000000 0.174533
    69 -0.000001 -0.000001 -0.000004 0.000000 0.000000 0.000000
    70 -0.000010 0.000000 -0.000003 -3.141592 0.000001 0.000000
    71 0.000000 0.000000 0.000000 0.000001 -0.000001 0.349065
    72 0.000000 -0.000003 0.000000 0.000000 0.000000 0.000000
    73 0.000003 0.000000 0.000000 0.000000 0.000000 0.000000
    74 -0.000010 -0.000006 0.000000 -0.000001 0.000000 0.000000
    75 0.000019 0.000002 0.000000 0.000000 0.000000 0.000000
    76 0.000001 0.000004 0.000000 0.000000 0.000000 -0.000001
    77 0.000000 0.000000 0.000000 0.000000 0.000000 -0.000001
    78 0.000001 -0.000002 0.000000 0.000000 0.000000 -0.000001
    79 0.000000 0.000000 0.000000 0.000000 0.000000 -0.000001
    80 0.000001 0.000008 0.000000 0.000000 0.000000 0.000000
    81 -0.000003 0.000004 0.000000 0.000000 0.000000 0.000000
    82 -0.000007 -0.000008 0.000000 0.000000 0.000000 -0.000001
    83 0.000000 0.000002 -0.000002 -1.570796 0.000000 0.000000
  time 22
    0 -2.669308 -17.533966 -4.953523 -2.248133 0.108656 -2.143326
    1 -0.230564 -1.330180 -0.419425 0.000000 0.000004 0.000000
    2 -1.948714 -1.361039 0.235287 0.000003 0.000007 -0.000014
    3 -4.549240 -1.689358 -0.012529 0.000000 0.000000 0.000000
    4 4.331499 0.360595 -0.709097 0.000015 0.000003 0.046662
    5 3.513922 0.962076 -0.004281 0.000004 -0.000001 1.176003
    6 2.855053 0.477292 0.679213 -0.000001 -0.000004 2.896619
    7 1.649902 5.878080 0.032496 -0.000003 0.000002 -1.570796
    8 6.587842 -0.691444 0.025964 -0.000001 -0.000001 1.570796
    9 0.000002 -0.241401 -0.052690 0.000001 0.000001 0.000000
    10 10.620066 1.884898 -0.004843 -1.570796 -0.000002 1.570796
    11 -9.087198 1.359573 -0.008167 -0.000003 0.000002 -1.570796
    12 4.515662 -10.769830 -4.165249 3.453502 0.209271 -2.202239
    13 1.473659 0.639418 -1.295234 1.417445 0.551683 -0.010264
    14 1.832607 0.000002 -0.000008 3.092285 0.011190 0.143227
    15 1.003335 0.000005 0.000001 -3.043369 0.026626 -0.218428
    16 3.823895 -0.419603 -1.411520 0.706453 -0.047228 0.233701
    17 2.187956 0.000010 0.000000 0.017616 -0.050258 1.421707
    18 1.100960 0.000002 0.000000 0.075487 -0.403544 1.420857
    19 3.987863 -0.577452 -0.474712 0.603172 -0.230574 0.275930
    20 1.890109 -0.000010 -0.000001 -0.054366 0.138791 1.214887
    21 1.310925 0.000000 0.000000 0.108705 -0.073753 0.607856
    22 4.117986 -0.654534 0.453695 0.029962 -0.229854 0.499900
    23 1.655294 0.000008 0.000000 -0.175390 -0.108723 1.245198
    24 0.869582 0.000004 0.000000 -0.000945 -0.002109 1.093936
    25 4.150630 -0.581594 1.354863 -0.191272 -0.038349 1.118791
    26 1.157247 -0.000010 -0.000002 -0.168585 0.137022 1.271037
    27 1.019835 -0.000006 0.000000 -1.499778 -0.070417 0.632117
    28 7.402234 3.672231 -8.901889 -0.853484 0.181123 -0.974214
    29 12.695427 -0.000020 -0.000008 -0.299910 0.286087 -1.849094
    30 -3.402545 -13.443650 -7.442692 2.394483 0.121437 -2.139212
    31 1.474215 -0.497926 -1.376118 0.979422 0.426184 -0.250703
    32 1.832179 -0.000010 -0.000002 -2.526087 -0.301597 0.609649
    33 1.042025 -0.000004 -0.000009 -2.896937 -0.278839 -0.192682
    34 3.979575 0.617988 -1.331676 0.124842 0.133762 -0.053754
    35 2.152367 -0.000001 0.000004 0.108675 -0.006078 -0.005591
    36 1.056622 -0.000011 0.000000 0.251741 0.004168 0.002172
    37 3.848411 0.956026 -0.376799 0.005515 0.200114 -0.093364
    38 1.830183 0.000015 0.000000 -0.008962 -0.004934 -0.122914
    39 1.561352 0.000008 -0.000004 0.098391 -0.001805 0.000602
    40 4.116518 0.711272 0.551869 0.187923 0.006580 -0.361666
    41 1.752727 0.000006 0.000000 0.026521 0.029537 -1.405331
    42 0.869359 -0.000006 0.000000 0.015630 -0.073487 -0.926076
    43 4.118826 0.331223 1.419829 0.128888 -0.005990 -0.280207
    44 1.176321 0.000006 0.000000 -0.027338 0.139049 -0.923507
    45 0.970199 -0.000002 -0.000004 1.655618 0.044643 -1.487290
    46 -7.606037 1.001330 -4.120493 -1.826822 1.146931 -1.252539
    47 12.706336 -0.000035 -0.000009 -0.300828 0.286571 -1.858297
    48 0.000000 0.000000 -0.000003 0.000000 0.000000 0.000000
    49 1.200000 0.000000 0.000010 0.000000 0.000000 0.000000
    50 0.000010 -0.300000 0.000000 3.141593 0.000000 -0.174533
    51 0.000000 -0.000001 0.000000 0.000000 0.000000 0.000000
    52 -0.000003 0.000000 0.000001 3.141592 0.000000 0.000000
    53 0.000006 0.000000 0.000004 0.000000 0.000000 0.349065
    54 0.000000 0.000000 0.000000 3.141593 0.000000 0.000000
    55 -0.000008 -0.000006 0.000000 3.141593 0.000000 0.000000
    56 0.000002 -0.000002 0.000000 3.141593 0.000000 0.000000
    57 0.000014 -0.000004 0.000000 3.141593 0.000000 0.000000
    58 -0.000001 0.000000 0.000000 3.141593 0.000000 -0.000001
    59 0.000000 0.000000 0.000000 3.141593 0.000000 0.000000
    60 0.000010 0.000017 0.000000 3.141593 0.000000 -0.000001
    61 0.000000 0.000004 0.000000 3.141593 0.000000 -0.000001
    62 0.000000 0.000006 0.000000 3.141593 0.000000 -0.000001
    63 0.000001 0.000002 0.000000 3.141593 0.000000 0.000000
    64 0.000000 0.000000 0.000000 -3.141592 0.000000 0.000000
    65 0.000000 0.000000 0.000000 -1.570797 -0.000001 0.000000
    66 0.000000 0.000000 0.000000 0.000000 0.000000 0.000000
    67 1.200000 0.000000 0.000000 0.000000 0.000000 0.000000
    68 0.000009 0.299994 0.000000 0.000000 0.000000 0.174533
    69 -0.000001 -0.000001 -0.000004 0.000000 0.000000 0.000000
    70 -0.000010 0.000000 -0.000003 -3.141592 0.000001 0.000000
    71 0.000000 0.000000 0.000000 0.000001 -0.000001 0.349065
    72 0.000000 -0.000003 0.000000 0.000000 0.000000 0.000000
    73 0.000003 0.000000 0.000000 0.000000 0.000000 0.000000
    74 -0.000010 -0.000006 0.000000 -0.000001 0.000000 0.000000
    75 0.000019 0.000002 0.000000 0.000000 0.000000 0.000000
    76 0.000001 0.000004 0.000000 0.000000 0.000000 -0.000001
    77 0.000000 0.000000 0.000000 0.000000 0.000000 -0.000001
    78 0.000001 -0.000002 0.000000 0.000000 0.000000 -0.000001
    79 0.000000 0.000000 0.000000 0.000000 0.000000 -0.000001
    80 0.000001 0.000008 0.000000 0.000000 0.000000 0.000000
    81 -0.000003 0.000004 0.000000 0.000000 0.000000 0.000000
    82 -0.000007 -0.000008 0.000000 0.000000 0.000000 -0.000001
    83 0.000000 0.000002 -0.000002 -1.570796 0.000000 0.000000
  time 23
    0 -2.669308 -17.533966 -4.953523 -2.220430 0.105077 -2.143681
    1 -0.230564 -1.334086 -0.419425 0.000000 0.000004 0.000000
    2 -1.948714 -1.361039 0.227474 0.000003 0.000007 -0.000014
    3 -4.549240 -1.689358 -0.012529 0.000000 0.000000 0.000000
    4 4.331499 0.360595 -0.709097 0.000015 0.000003 0.019361
    5 3.513922 0.962076 -0.004281 0.000004 -0.000001 1.176003
    6 2.855053 0.477292 0.679213 -0.000001 -0.000004 2.896619
    7 1.649902 5.878080 0.032496 -0.000003 0.000002 -1.570796
    8 6.587842 -0.691444 0.025964 -0.000001 -0.000001 1.570796
    9 0.000002 -0.241401 -0.052690 0.000001 0.000001 0.000000
    10 10.620066 1.884898 -0.004843 -1.570796 -0.000002 1.570796
    11 -9.087198 1.359573 -0.008167 -0.000003 0.000002 -1.570796
    12 4.566445 -10.726860 -4.106654 3.483248 0.219895 -2.203398
    13 1.473659 0.639418 -1.295234 1.415490 0.552061 -0.006126
    14 1.832607 0.000002 -0.000008 3.092285 0.010674 0.138955
    15 1.003335 0.000005 0.000001 -3.043549 0.027310 -0.225170
    16 3.823895 -0.419603 -1.411520 0.706453 -0.047228 0.233701
    17 2.187956 0.000010 0.000000 0.017616 -0.050258 1.421707
    18 1.100960 0.000002 0.000000 0.075451 -0.403544 1.420857
    19 3.987863 -0.577452 -0.474712 0.603188 -0.230574 0.275930
    20 1.890109 -0.000010 -0.000001 -0.054410 0.138791 1.214887
    21 1.310925 0.000000 0.000000 0.108705 -0.073753 0.607856
    22 4.117986 -0.654534 0.453695 0.029962 -0.229854 0.499900
    23 1.655294 0.000008 0.000000 -0.175390 -0.108723 1.245198
    24 0.869582 0.000004 0.000000 -0.000945 -0.002109 1.093936
    25 4.150630 -0.581594 1.354863 -0.191272 -0.038380 1.118791
    26 1.157247 -0.000010 -0.000002 -0.168585 0.137022 1.271037
    27 1.019835 -0.000006 0.000000 -1.499790 -0.070393 0.632117
    28 7.402234 3.672231 -8.901889 -0.861194 0.183325 -0.973754
    29 12.695427 -0.000020 -0.000008 -0.300934 0.285932 -1.852890
    30 -3.336137 -13.490527 -7.528632 2.422244 0.117679 -2.139212
    31 1.474215 -0.497926 -1.376118 0.979422 0.426184 -0.250703
    32 1.832179 -0.000010 -0.000002 -2.526087 -0.301597 0.609630
    33 1.042025 -0.000004 -0.000009 -2.896937 -0.278827 -0.192682
    34 3.971762 0.617988 -1.331676 0.124818 0.133762 -0.053754
    35 2.152367 -0.000001 0.000004 0.108723 -0.006042 -0.005591
    36 1.056622 -0.000011 0.000000 0.251753 0.004168 0.002172
    37 3.840598 0.952120 -0.384611 0.005515 0.200114 -0.093364
    38 1.830183 0.000015 0.000000 -0.008974 -0.004934 -0.122914
    39 1.561352 0.000008 -0.000004 0.098391 -0.001805 0.000602
    40 4.116518 0.711272 0.551869 0.187923 0.006580 -0.361666
    41 1.752727 0.000006 0.000000 0.026521 0.029537 -1.405331
    42 0.869359 -0.000006 0.000000 0.015630 -0.073511 -0.926076
    43 4.118826 0.331223 1.419829 0.128888 -0.005990 -0.280207
    44 1.176321 0.000006 0.000000 -0.027338 0.139037 -0.923530
    45 0.970199 -0.000002 -0.000004 1.655618 0.044631 -1.487290
    46 -7.606037 1.001330 -4.120493 -1.796159 1.147198 -1.224049
    47 12.706336 -0.000035 -0.000009 -0.298654 0.287158 -1.850297
    48 0.000000 0.000000 -0.000003 0.000000 0.000000 0.000000
    49 1.200000 0.000000 0.000010 0.000000 0.000000 0.000000
    50 0.000010 -0.300000 0.000000 3.141593 0.000000 -0.174533
    51 0.000000 -0.000001 0.000000 0.000000 0.000000 0.000000
    52 -0.000003 0.000000 0.000001 3.141592 0.000000 0.000000
    53 0.000006 0.000000 0.000004 0.000000 0.000000 0.349065
    54 0.000000 0.000000 0.000000 3.141593 0.000000 0.000000
    55 -0.000008 -0.000006 0.000000 3.141593 0.000000 0.000000
    56 0.000002 -0.000002 0.000000 3.141593 0.000000 0.000000
    57 0.000014 -0.000004 0.000000 3.141593 0.000000 0.000000
    58 -0.000001 0.000000 0.000000 3.141593 0.000000 -0.000001
    59 0.000000 0.000000 0.000000 3.141593 0.000000 0.000000
    60 0.000010 0.000017 0.000000 3.141593 0.000000 -0.000001
    61 0.000000 0.000004 0.000000 3.141593 0.000000 -0.000001
    62 0.000000 0.000006 0.000000 3.141593 0.000000 -0.000001
    63 0.000001 0.000002 0.000000 3.141593 0.000000 0.000000
    64 0.000000 0.000000 0.000000 -3.141592 0.000000 0.000000
    65 0.000000 0.000000 0.000000 -1.570797 -0.000001 0.000000
    66 0.000000 0.000000 0.000000 0.000000 0.000000 0.000000
    67 1.200000 0.000000 0.000000 0.000000 0.000000 0.000000
    68 0.000009 0.299994 0.000000 0.000000 0.000000 0.174533
    69 -0.000001 -0.000001 -0.000004 0.000000 0.000000 0.000000
    70 -0.000010 0.000000 -0.000003 -3.141592 0.000001 0.000000
    71 0.000000 0.000000 0.000000 0.000001 -0.000001 0.349065
    72 0.000000 -0.000003 0.000000 0.000000 0.000000 0.000000
    73 0.000003 0.000000 0.000000 0.000000 0.000000 0.000000
    74 -0.000010 -0.000006 0.000000 -0.000001 0.000000 0.000000
    75 0.000019 0.000002 0.000000 0.000000 0.000000 0.000000
    76 0.000001 0.000004 0.000000 0.000000 0.000000 -0.000001
    77 0.000000 0.000000 0.000000 0.000000 0.000000 -0.000001
    78 0.000001 -0.000002 0.000000 0.000000 0.000000 -0.000001
    79 0.000000 0.000000 0.000000 0.000000 0.000000 -0.000001
    80 0.000001 0.000008 0.000000 0.000000 0.000000 0.000000
    81 -0.000003 0.000004 0.000000 0.000000 0.000000 0.000000
    82 -0.000007 -0.000008 0.000000 0.000000 0.000000 -0.000001
    83 0.000000 0.000002 -0.000002 -1.570796 0.000000 0.000000
  time 24
    0 -2.669308 -17.533966 -4.953523 -2.191561 0.097919 -2.142546
    1 -0.226658 -1.334086 -0.411612 0.000000 0.000004 0.000000
    2 -1.948714 -1.361039 0.227474 0.000003 0.000007 -0.000014
    3 -4.549240 -1.689358 -0.012529 0.000000 0.000000 0.000000
    4 4.331499 0.360595 -0.709097 0.000015 0.000003 -0.019805
    5 3.513922 0.962076 -0.004281 0.000004 -0.000001 1.176003
    6 2.855053 0.477292 0.679213 -0.000001 -0.000004 2.896619
    7 1.649902 5.878080 0.032496 -0.000003 0.000002 -1.570796
    8 6.587842 -0.691444 0.025964 -0.000001 -0.000001 1.570796
    9 0.000002 -0.241401 -0.052690 0.000001 0.000001 0.000000
    10 10.620066 1.884898 -0.004843 -1.570796 -0.000002 1.570796
    11 -9.087198 1.359573 -0.008167 -0.000003 0.000002 -1.570796
    12 4.656291 -10.590137 -4.087122 3.512538 0.213818 -2.200790
    13 1.473659 0.639418 -1.295234 1.415490 0.552061 -0.006126
    14 1.832607 0.000002 -0.000008 3.092285 0.010674 0.138955
    15 1.003335 0.000005 0.000001 -3.043549 0.027310 -0.225170
    16 3.823895 -0.419603 -1.411520 0.706453 -0.047228 0.233701
    17 2.187956 0.000010 0.000000 0.017616 -0.050258 1.421707
    18 1.100960 0.000002 0.000000 0.075439 -0.403544 1.420857
    19 3.987863 -0.577452 -0.474712 0.603172 -0.230574 0.275930
    20 1.890109 -0.000010 -0.000001 -0.054366 0.138791 1.214887
    21 1.310925 0.000000 0.000000 0.108705 -0.073753 0.607856
    22 4.117986 -0.654534 0.453695 0.029962 -0.229854 0.499900
    23 1.655294 0.000008 0.000000 -0.175390 -0.108723 1.245198
    24 0.869582 0.000004 0.000000 -0.000945 -0.002097 1.093936
    25 4.150630 -0.581594 1.354863 -0.195311 -0.036069 1.103089
    26 1.157247 -0.000010 -0.000002 -0.170826 0.136209 1.251220
    27 1.019835 -0.000006 0.000000 -1.499179 -0.069278 0.622273
    28 7.406140 3.512070 -8.901889 -0.878993 0.200191 -0.970161
    29 12.695427 -0.000020 -0.000008 -0.308992 0.283571 -1.881436
    30 -3.277542 -13.545216 -7.630198 2.450990 0.110392 -2.137365
    31 1.474215 -0.497926 -1.376118 0.979422 0.426184 -0.250703
    32 1.832179 -0.000010 -0.000002 -2.526087 -0.301597 0.609649
    33 1.042025 -0.000004 -0.000009 -2.896949 -0.278863 -0.192682
    34 3.979575 0.606269 -1.323863 0.124854 0.133762 -0.053754
    35 2.152367 -0.000001 0.000004 0.108711 -0.006078 -0.005591
    36 1.056622 -0.000011 0.000000 0.251777 0.004168 0.002172
    37 3.840598 0.952120 -0.368986 0.005515 0.200114 -0.093364
    38 1.830183 0.000015 0.000000 -0.008974 -0.004934 -0.122914
    39 1.561352 0.000008 -0.000004 0.098391 -0.001805 0.000602
    40 4.116518 0.711272 0.551869 0.187923 0.006580 -0.361666
    41 1.752727 0.000006 0.000000 0.026461 0.029549 -1.405331
    42 0.869359 -0.000006 0.000000 0.015534 -0.073475 -0.926076
    43 4.118826 0.331223 1.419829 0.128888 -0.005990 -0.280207
    44 1.176321 0.000006 0.000000 -0.027338 0.139049 -0.923507
    45 0.970199 -0.000002 -0.000004 1.655618 0.044631 -1.487290
    46 -7.606037 1.001330 -4.120493 -1.773058 1.147231 -1.202744
    47 12.706336 -0.000035 -0.000009 -0.296024 0.287793 -1.841068
    48 0.000000 0.000000 -0.000003 0.000000 0.000000 0.000000
    49 1.200000 0.000000 0.000010 0.000000 0.000000 0.000000
    50 0.000010 -0.300000 0.000000 3.141593 0.000000 -0.174533
    51 0.000000 -0.000001 0.000000 0.000000 0.000000 0.000000
    52 -0.000003 0.000000 0.000001 3.141592 0.000000 0.000000
    53 0.000006 0.000000 0.000004 0.000000 0.000000 0.349065
    54 0.000000 0.000000 0.000000 3.141593 0.000000 0.000000
    55 -0.000008 -0.000006 0.000000 3.141593 0.000000 0.000000
    56 0.000002 -0.000002 0.000000 3.141593 0.000000 0.000000
    57 0.000014 -0.000004 0.000000 3.141593 0.000000 0.000000
    58 -0.000001 0.000000 0.000000 3.141593 0.000000 -0.000001
    59 0.000000 0.000000 0.000000 3.141593 0.000000 0.000000
    60 0.000010 0.000017 0.000000 3.141593 0.000000 -0.000001
    61 0.000000 0.000004 0.000000 3.141593 0.000000 -0.000001
    62 0.000000 0.000006 0.000000 3.141593 0.000000 -0.000001
    63 0.000001 0.000002 0.000000 3.141593 0.000000 0.000000
    64 0.000000 0.000000 0.000000 -3.141592 0.000000 0.000000
    65 0.000000 0.000000 0.000000 -1.570797 -0.000001 0.000000
    66 0.000000 0.000000 0.000000 0.000000 0.000000 0.000000
    67 1.200000 0.000000 0.000000 0.000000 0.000000 0.000000
    68 0.000009 0.299994 0.000000 0.000000 0.000000 0.174533
    69 -0.000001 -0.000001 -0.000004 0.000000 0.000000 0.000000
    70 -0.000010 0.000000 -0.000003 -3.141592 0.000001 0.000000
    71 0.000000 0.000000 0.000000 0.000001 -0.000001 0.349065
    72 0.000000 -0.000003 0.000000 0.000000 0.000000 0.000000
    73 0.000003 0.000000 0.000000 0.000000 0.000000 0.000000
    74 -0.000010 -0.000006 0.000000 -0.000001 0.000000 0.000000
    75 0.000019 0.000002 0.000000 0.000000 0.000000 0.000000
    76 0.000001 0.000004 0.000000 0.000000 0.000000 -0.000001
    77 0.000000 0.000000 0.000000 0.000000 0.000000 -0.000001
    78 0.000001 -0.000002 0.000000 0.000000 0.000000 -0.000001
    79 0.000000 0.000000 0.000000 0.000000 0.000000 -0.000001
    80 0.000001 0.000008 0.000000 0.000000 0.000000 0.000000
    81 -0.000003 0.000004 0.000000 0.000000 0.000000 0.000000
    82 -0.000007 -0.000008 0.000000 0.000000 0.000000 -0.000001
    83 0.000000 0.000002 -0.000002 -1.570796 0.000000 0.000000
  time 25
    0 -2.669308 -17.533966 -4.953523 -2.176634 0.082319 -2.139209
    1 -0.230564 -1.322367 -0.411612 0.000000 0.000004 0.000000
    2 -1.944808 -1.361039 0.235287 0.000003 0.000007 -0.000014
    3 -4.580491 -1.689358 -0.012529 0.000000 0.000000 0.000000
    4 4.331499 0.360595 -0.709097 0.000015 0.000003 -0.059150
    5 3.513922 0.962076 -0.004281 0.000004 -0.000001 1.176003
    6 2.855053 0.477292 0.679213 -0.000001 -0.000004 2.896619
    7 1.649902 5.878080 0.032496 -0.000003 0.000002 -1.570796
    8 6.587842 -0.691444 0.025964 -0.000001 -0.000001 1.570796
    9 0.000002 -0.241401 -0.052690 0.000001 0.000001 0.000000
    10 10.620066 1.884898 -0.004843 -1.570796 -0.000002 1.570796
    11 -9.087198 1.359573 -0.008167 -0.000003 0.000002 -1.570796
    12 4.785202 -10.398725 -4.192594 3.528141 0.197962 -2.199776
    13 1.473659 0.639418 -1.295234 1.415490 0.552061 -0.006126
    14 1.832607 0.000002 -0.000008 3.092285 0.010674 0.138955
    15 1.003335 0.000005 0.000001 -3.043549 0.027310 -0.225170
    16 3.823895 -0.419603 -1.411520 0.706453 -0.047228 0.233701
    17 2.187956 0.000010 0.000000 0.017616 -0.050258 1.421707
    18 1.100960 0.000002 0.000000 0.075511 -0.403544 1.420928
    19 3.987863 -0.577452 -0.474712 0.603172 -0.230574 0.275930
    20 1.890109 -0.000010 -0.000001 -0.054380 0.138791 1.214887
    21 1.310925 0.000000 0.000000 0.108705 -0.073753 0.607856
    22 4.117986 -0.654534 0.453695 0.029962 -0.229854 0.499900
    23 1.655294 0.000008 0.000000 -0.175390 -0.108723 1.245198
    24 0.869582 0.000004 0.000000 -0.000945 -0.002121 1.093854
    25 4.150630 -0.581594 1.354863 -0.204384 -0.031273 1.068788
    26 1.157247 -0.000010 -0.000002 -0.175716 0.134439 1.207363
    27 1.019835 -0.000006 0.000000 -1.497788 -0.066929 0.600874
    28 7.402234 3.148778 -8.905795 -0.898411 0.232636 -0.959934
    29 12.695427 -0.000020 -0.000008 -0.324839 0.278190 -1.938608
    30 -3.273635 -13.595999 -7.716138 2.465945 0.094718 -2.133742
    31 1.474215 -0.497926 -1.376118 0.979422 0.426184 -0.250703
    32 1.832179 -0.000010 -0.000002 -2.526087 -0.301597 0.609649
    33 1.042025 -0.000004 -0.000009 -2.896973 -0.278827 -0.192682
    34 3.979575 0.606269 -1.323863 0.124830 0.133762 -0.053754
    35 2.152367 -0.000001 0.000004 0.108675 -0.005958 -0.005591
    36 1.056622 -0.000011 0.000000 0.251693 0.004180 0.002172
    37 3.856224 0.956026 -0.372892 0.005515 0.200114 -0.093364
    38 1.830183 0.000015 0.000000 -0.008962 -0.004934 -0.122914
    39 1.561352 0.000008 -0.000004 0.098391 -0.001805 0.000602
    40 4.116518 0.711272 0.551869 0.187923 0.006580 -0.361666
    41 1.752727 0.000006 0.000000 0.026473 0.029549 -1.405331
    42 0.869359 -0.000006 0.000000 0.015582 -0.073499 -0.926076
    43 4.118826 0.331223 1.419829 0.128888 -0.005990 -0.280207
    44 1.176321 0.000006 0.000000 -0.027338 0.139049 -0.923484
    45 0.970199 -0.000002 -0.000004 1.655618 0.044631 -1.487290
    46 -7.606037 1.001330 -4.120493 -1.751136 1.147231 -1.185875
    47 12.706336 -0.000035 -0.000009 -0.293824 0.288381 -1.833315
    48 0.000000 0.000000 -0.000003 0.000000 0.000000 0.000000
    49 1.200000 0.000000 0.000010 0.000000 0.000000 0.000000
    50 0.000010 -0.300000 0.000000 3.141593 0.000000 -0.174533
    51 0.000000 -0.000001 0.000000 0.000000 0.000000 0.000000
    52 -0.000003 0.000000 0.000001 3.141592 0.000000 0.000000
    53 0.000006 0.000000 0.000004 0.000000 0.000000 0.349065
    54 0.000000 0.000000 0.000000 3.141593 0.000000 0.000000
    55 -0.000008 -0.000006 0.000000 3.141593 0.000000 0.000000
    56 0.000002 -0.000002 0.000000 3.141593 0.000000 0.000000
    57 0.000014 -0.000004 0.000000 3.141593 0.000000 0.000000
    58 -0.000001 0.000000 0.000000 3.141593 0.000000 -0.000001
    59 0.000000 0.000000 0.000000 3.141593 0.000000 0.000000
    60 0.000010 0.000017 0.000000 3.141593 0.000000 -0.000001
    61 0.000000 0.000004 0.000000 3.141593 0.000000 -0.000001
    62 0.000000 0.000006 0.000000 3.141593 0.000000 -0.000001
    63 0.000001 0.000002 0.000000 3.141593 0.000000 0.000000
    64 0.000000 0.000000 0.000000 -3.141592 0.000000 0.000000
    65 0.000000 0.000000 0.000000 -1.570797 -0.000001 0.000000
    66 0.000000 0.000000 0.000000 0.000000 0.000000 0.000000
    67 1.200000 0.000000 0.000000 0.000000 0.000000 0.000000
    68 0.000009 0.299994 0.000000 0.000000 0.000000 0.174533
    69 -0.000001 -0.000001 -0.000004 0.000000 0.000000 0.000000
    70 -0.000010 0.000000 -0.000003 -3.141592 0.000001 0.000000
    71 0.000000 0.000000 0.000000 0.000001 -0.000001 0.349065
    72 0.000000 -0.000003 0.000000 0.000000 0.000000 0.000000
    73 0.000003 0.000000 0.000000 0.000000 0.000000 0.000000
    74 -0.000010 -0.000006 0.000000 -0.000001 0.000000 0.000000
    75 0.000019 0.000002 0.000000 0.000000 0.000000 0.000000
    76 0.000001 0.000004 0.000000 0.000000 0.000000 -0.000001
    77 0.000000 0.000000 0.000000 0.000000 0.000000 -0.000001
    78 0.000001 -0.000002 0.000000 0.000000 0.000000 -0.000001
    79 0.000000 0.000000 0.000000 0.000000 0.000000 -0.000001
    80 0.000001 0.000008 0.000000 0.000000 0.000000 0.000000
    81 -0.000003 0.000004 0.000000 0.000000 0.000000 0.000000
    82 -0.000007 -0.000008 0.000000 0.000000 0.000000 -0.000001
    83 0.000000 0.000002 -0.000002 -1.570796 0.000000 0.000000
  time 26
    0 -2.575555 -17.471464 -4.953523 -2.178337 0.049443 -2.132111
    1 -0.511822 -1.318461 -0.419425 0.000000 0.000004 0.000000
    2 -2.233879 -1.361039 0.219661 0.000003 0.000007 -0.000014
    3 -4.834405 -1.689358 -0.012529 0.000000 0.000000 0.000000
    4 4.331499 0.360595 -0.709097 0.000015 0.000003 -0.086439
    5 3.513922 0.962076 -0.004281 0.000004 -0.000001 1.176003
    6 2.855053 0.477292 0.679213 -0.000001 -0.000004 2.896619
    7 1.649902 5.878080 0.032496 -0.000003 0.000002 -1.570796
    8 6.587842 -0.691444 0.025964 -0.000001 -0.000001 1.570796
    9 0.683617 -0.315622 -0.505829 0.000001 0.000001 0.000000
    10 10.620066 1.884898 -0.004843 -1.570796 -0.000002 1.570796
    11 -9.087198 1.359573 -0.008167 -0.000003 0.000002 -1.570796
    12 5.011771 -10.086215 -4.532448 3.528141 0.162548 -2.196589
    13 1.473659 0.639418 -1.295234 1.415490 0.552061 -0.006126
    14 1.832607 0.000002 -0.000008 3.092285 0.010674 0.138988
    15 1.003335 0.000005 0.000001 -3.043549 0.027310 -0.225170
    16 3.823895 -0.419603 -1.411520 0.706453 -0.047228 0.233701
    17 2.187956 0.000010 0.000000 0.017616 -0.050258 1.421707
    18 1.100960 0.000002 0.000000 0.075475 -0.403544 1.420857
    19 3.987863 -0.577452 -0.474712 0.603172 -0.230574 0.275930
    20 1.890109 -0.000010 -0.000001 -0.054395 0.138791 1.214887
    21 1.310925 0.000000 0.000000 0.108705 -0.073753 0.607856
    22 4.117986 -0.654534 0.453695 0.029962 -0.229854 0.499900
    23 1.655294 0.000008 0.000000 -0.175390 -0.108723 1.245198
    24 0.869582 0.000004 0.000000 -0.000945 -0.002121 1.093936
    25 4.150630 -0.581594 1.354863 -0.216081 -0.025581 1.024747
    26 1.157247 -0.000010 -0.000002 -0.181780 0.131725 1.151097
    27 1.019835 -0.000006 0.000000 -1.496230 -0.063861 0.573626
    28 7.402234 2.672201 -8.901889 -0.908691 0.282155 -0.933953
    29 12.695427 -0.000020 -0.000008 -0.348039 0.268326 -2.024405
    30 -3.261916 -13.627250 -7.805984 2.464109 0.061842 -2.126354
    31 1.474215 -0.497926 -1.376118 0.979422 0.426184 -0.250703
    32 1.832179 -0.000010 -0.000002 -2.526087 -0.301597 0.609630
    33 1.042025 -0.000004 -0.000009 -2.896937 -0.278839 -0.192682
    34 3.975669 0.614082 -1.331676 0.124818 0.133762 -0.053754
    35 2.152367 -0.000001 0.000004 0.108675 -0.006066 -0.005591
    36 1.056622 -0.000011 0.000000 0.251693 0.004168 0.002172
    37 3.828879 0.956026 -0.388518 0.005515 0.200114 -0.093364
    38 1.830183 0.000015 0.000000 -0.009010 -0.004934 -0.122914
    39 1.561352 0.000008 -0.000004 0.098391 -0.001805 0.000602
    40 4.116518 0.711272 0.551869 0.187923 0.006580 -0.361666
    41 1.752727 0.000006 0.000000 0.026521 0.029537 -1.405331
    42 0.869359 -0.000006 0.000000 0.015642 -0.073499 -0.926076
    43 4.118826 0.331223 1.419829 0.128888 -0.005990 -0.280207
    44 1.176321 0.000006 0.000000 -0.027338 0.139037 -0.923484
    45 0.970199 -0.000002 -0.000004 1.655618 0.044631 -1.487290
    46 -7.606037 1.001330 -4.120493 -1.740938 1.150001 -1.177253
    47 12.706336 -0.000035 -0.000009 -0.292535 0.288812 -1.828823
    48 0.000000 0.000000 -0.000003 0.000000 0.000000 0.000000
    49 1.200000 0.000000 0.000010 0.000000 0.000000 0.000000
    50 0.000010 -0.300000 0.000000 3.141593 0.000000 -0.174533
    51 0.000000 -0.000001 0.000000 0.000000 0.000000 0.000000
    52 -0.000003 0.000000 0.000001 3.141592 0.000000 0.000000
    53 0.000006 0.000000 0.000004 0.000000 0.000000 0.349065
    54 0.000000 0.000000 0.000000 3.141593 0.000000 0.000000
    55 -0.000008 -0.000006 0.000000 3.141593 0.000000 0.000000
    56 0.000002 -0.000002 0.000000 3.141593 0.000000 0.000000
    57 0.000014 -0.000004 0.000000 3.141593 0.000000 0.000000
    58 -0.000001 0.000000 0.000000 3.141593 0.000000 -0.000001
    59 0.000000 0.000000 0.000000 3.141593 0.000000 0.000000
    60 0.000010 0.000017 0.000000 3.141593 0.000000 -0.000001
    61 0.000000 0.000004 0.000000 3.141593 0.000000 -0.000001
    62 0.000000 0.000006 0.000000 3.141593 0.000000 -0.000001
    63 0.000001 0.000002 0.000000 3.141593 0.000000 0.000000
    64 0.000000 0.000000 0.000000 -3.141592 0.000000 0.000000
    65 0.000000 0.000000 0.000000 -1.570797 -0.000001 0.000000
    66 0.000000 0.000000 0.000000 0.000000 0.000000 0.000000
    67 1.200000 0.000000 0.000000 0.000000 0.000000 0.000000
    68 0.000009 0.299994 0.000000 0.000000 0.000000 0.174533
    69 -0.000001 -0.000001 -0.000004 0.000000 0.000000 0.000000
    70 -0.000010 0.000000 -0.000003 -3.141592 0.000001 0.000000
    71 0.000000 0.000000 0.000000 0.000001 -0.000001 0.349065
    72 0.000000 -0.000003 0.000000 0.000000 0.000000 0.000000
    73 0.000003 0.000000 0.000000 0.000000 0.000000 0.000000
    74 -0.000010 -0.000006 0.000000 -0.000001 0.000000 0.000000
    75 0.000019 0.000002 0.000000 0.000000 0.000000 0.000000
    76 0.000001 0.000004 0.000000 0.000000 0.000000 -0.000001
    77 0.000000 0.000000 0.000000 0.000000 0.000000 -0.000001
    78 0.000001 -0.000002 0.000000 0.000000 0.000000 -0.000001
    79 0.000000 0.000000 0.000000 0.000000 0.000000 -0.000001
    80 0.000001 0.000008 0.000000 0.000000 0.000000 0.000000
    81 -0.000003 0.000004 0.000000 0.000000 0.000000 0.000000
    82 -0.000007 -0.000008 0.000000 0.000000 0.000000 -0.000001
    83 0.000000 0.000002 -0.000002 -1.570796 0.000000 0.000000
  time 27
    0 -2.345080 -17.319115 -4.949616 -2.190620 0.006826 -2.120045
    1 -0.671984 -1.330180 -0.423331 0.000000 0.000004 0.000000
    2 -2.601078 -1.361039 0.219661 0.000003 0.000007 -0.000014
    3 -5.295357 -1.689358 -0.012529 0.000000 0.000000 0.000000
    4 4.331499 0.360595 -0.709097 0.000015 0.000003 -0.095811
    5 3.513922 0.962076 -0.004281 0.000004 -0.000001 1.176003
    6 2.855053 0.477292 0.679213 -0.000001 -0.000004 2.896619
    7 1.649902 5.878080 0.032496 -0.000003 0.000002 -1.570796
    8 6.587842 -0.691444 0.025964 -0.000001 -0.000001 1.570796
    9 0.156257 -0.389843 -0.599582 0.000001 0.000001 0.075587
    10 10.620066 1.884898 -0.004843 -1.570796 -0.000002 1.570796
    11 -9.087198 1.359573 -0.008167 -0.000003 0.000002 -1.570796
    12 5.332093 -9.644795 -5.024650 3.518834 0.114255 -2.190215
    13 1.473659 0.639418 -1.295234 1.415490 0.552061 -0.006126
    14 1.832607 0.000002 -0.000008 3.092285 0.010674 0.138955
    15 1.003335 0.000005 0.000001 -3.043549 0.027310 -0.225170
    16 3.823895 -0.419603 -1.411520 0.706453 -0.047228 0.233701
    17 2.187956 0.000010 0.000000 0.017616 -0.050258 1.421707
    18 1.100960 0.000002 0.000000 0.075535 -0.403544 1.420857
    19 3.987863 -0.577452 -0.474712 0.603172 -0.230574 0.275930
    20 1.890109 -0.000010 -0.000001 -0.054410 0.138791 1.214887
    21 1.310925 0.000000 0.000000 0.108705 -0.073753 0.607856
    22 4.117986 -0.654534 0.453695 0.029962 -0.229854 0.499900
    23 1.655294 0.000008 0.000000 -0.175390 -0.108723 1.245198
    24 0.869582 0.000004 0.000000 -0.000945 -0.002133 1.093936
    25 4.150630 -0.581594 1.354863 -0.229527 -0.019779 0.974744
    26 1.157247 -0.000010 -0.000002 -0.188599 0.128198 1.087015
    27 1.019835 -0.000006 0.000000 -1.494625 -0.060494 0.542980
    28 7.406140 2.140934 -8.901889 -0.911832 0.347419 -0.895350
    29 12.695427 -0.000020 -0.000008 -0.375150 0.253945 -2.128943
    30 -3.168163 -13.564748 -7.888018 2.451572 0.019311 -2.115059
    31 1.474215 -0.497926 -1.376118 0.979422 0.426184 -0.250703
    32 1.832179 -0.000010 -0.000002 -2.526087 -0.301597 0.609649
    33 1.042025 -0.000004 -0.000009 -2.896973 -0.278827 -0.192682
    34 3.956137 0.617988 -1.323863 0.124818 0.133762 -0.053754
    35 2.152367 -0.000001 0.000004 0.108723 -0.005982 -0.005591
    36 1.056622 -0.000011 0.000000 0.251765 0.004180 0.002172
    37 3.844505 0.956026 -0.376799 0.005515 0.200114 -0.093364
    38 1.830183 0.000015 0.000000 -0.008962 -0.004934 -0.122914
    39 1.561352 0.000008 -0.000004 0.098391 -0.001805 0.000602
    40 4.116518 0.711272 0.551869 0.187923 0.006580 -0.361666
    41 1.752727 0.000006 0.000000 0.026509 0.029549 -1.405331
    42 0.869359 -0.000006 0.000000 0.015570 -0.073475 -0.926076
    43 4.118826 0.331223 1.419829 0.128888 -0.005990 -0.280207
    44 1.176321 0.000006 0.000000 -0.027338 0.139049 -0.923507
    45 0.970199 -0.000002 -0.000004 1.655618 0.044631 -1.487290
    46 -7.606037 1.001330 -4.120493 -1.753980 1.156808 -1.180939
    47 12.706336 -0.000035 -0.000009 -0.292678 0.288620 -1.829746
    48 0.000000 0.000000 -0.000003 0.000000 0.000000 0.000000
    49 1.200000 0.000000 0.000010 0.000000 0.000000 0.000000
    50 0.000010 -0.300000 0.000000 3.141593 0.000000 -0.174533
    51 0.000000 -0.000001 0.000000 0.000000 0.000000 0.000000
    52 -0.000003 0.000000 0.000001 3.141592 0.000000 0.000000
    53 0.000006 0.000000 0.000004 0.000000 0.000000 0.349065
    54 0.000000 0.000000 0.000000 3.141593 0.000000 0.000000
    55 -0.000008 -0.000006 0.000000 3.141593 0.000000 0.000000
    56 0.000002 -0.000002 0.000000 3.141593 0.000000 0.000000
    57 0.000014 -0.000004 0.000000 3.141593 0.000000 0.000000
    58 -0.000001 0.000000 0.000000 3.141593 0.000000 -0.000001
    59 0.000000 0.000000 0.000000 3.141593 0.000000 0.000000
    60 0.000010 0.000017 0.000000 3.141593 0.000000 -0.000001
    61 0.000000 0.000004 0.000000 3.141593 0.000000 -0.000001
    62 0.000000 0.000006 0.000000 3.141593 0.000000 -0.000001
    63 0.000001 0.000002 0.000000 3.141593 0.000000 0.000000
    64 0.000000 0.000000 0.000000 -3.141592 0.000000 0.000000
    65 0.000000 0.000000 0.000000 -1.570797 -0.000001 0.000000
    66 0.000000 0.000000 0.000000 0.000000 0.000000 0.000000
    67 1.200000 0.000000 0.000000 0.000000 0.000000 0.000000
    68 0.000009 0.299994 0.000000 0.000000 0.000000 0.174533
    69 -0.000001 -0.000001 -0.000004 0.000000 0.000000 0.000000
    70 -0.000010 0.000000 -0.000003 -3.141592 0.000001 0.000000
    71 0.000000 0.000000 0.000000 0.000001 -0.000001 0.349065
    72 0.000000 -0.000003 0.000000 0.000000 0.000000 0.000000
    73 0.000003 0.000000 0.000000 0.000000 0.000000 0.000000
    74 -0.000010 -0.000006 0.000000 -0.000001 0.000000 0.000000
    75 0.000019 0.000002 0.000000 0.000000 0.000000 0.000000
    76 0.000001 0.000004 0.000000 0.000000 0.000000 -0.000001
    77 0.000000 0.000000 0.000000 0.000000 0.000000 -0.000001
    78 0.000001 -0.000002 0.000000 0.000000 0.000000 -0.000001
    79 0.000000 0.000000 0.000000 0.000000 0.000000 -0.000001
    80 0.000001 0.000008 0.000000 0.000000 0.000000 0.000000
    81 -0.000003 0.000004 0.000000 0.000000 0.000000 0.000000
    82 -0.000007 -0.000008 0.000000 0.000000 0.000000 -0.000001
    83 0.000000 0.000002 -0.000002 -1.570796 0.000000 0.000000
  time 28
    0 -2.161480 -17.178486 -4.945710 -2.197344 -0.011115 -2.116354
    1 -0.859489 -1.330180 -0.423331 0.000000 0.000004 0.000000
    2 -2.808115 -1.361039 0.227474 0.000003 0.000007 -0.000014
    3 -5.678181 -1.689358 -0.012529 0.000000 0.000000 0.000000
    4 4.331499 0.360595 -0.709097 0.000015 0.000003 -0.095811
    5 3.513922 0.962076 -0.004281 0.000004 -0.000001 1.176003
    6 2.855053 0.477292 0.679213 -0.000001 -0.000004 2.896619
    7 1.649902 5.878080 0.032496 -0.000003 0.000002 -1.570796
    8 6.587842 -0.691444 0.025964 -0.000001 -0.000001 1.570796
    9 -0.187504 -0.452345 -0.599582 0.000001 0.000001 0.053379
    10 10.620066 1.884898 -0.004843 -1.570796 -0.000002 1.570796
    11 -9.087198 1.359573 -0.008167 -0.000003 0.000002 -1.570796
    12 5.628977 -9.324473 -5.255126 3.513633 0.088097 -2.190070
    13 1.473659 0.639418 -1.295234 1.418307 0.552752 -0.002185
    14 1.832607 0.000002 -0.000008 3.092285 0.010674 0.138955
    15 1.003335 0.000005 0.000001 -3.043549 0.027310 -0.225170
    16 3.823895 -0.419603 -1.411520 0.702147 -0.040084 0.213683
    17 2.187956 0.000010 0.000000 0.019233 -0.049743 1.388985
    18 1.100960 0.000002 0.000000 0.091930 -0.400308 1.379024
    19 3.987863 -0.577452 -0.474712 0.603172 -0.230574 0.275930
    20 1.890109 -0.000010 -0.000001 -0.054395 0.138791 1.214887
    21 1.310925 0.000000 0.000000 0.108705 -0.073753 0.607856
    22 4.117986 -0.654534 0.453695 0.029962 -0.229854 0.499900
    23 1.655294 0.000008 0.000000 -0.175390 -0.108723 1.245198
    24 0.869582 0.000004 0.000000 -0.000945 -0.002121 1.093936
    25 4.150630 -0.581594 1.354863 -0.244412 -0.014260 0.920878
    26 1.157247 -0.000010 -0.000002 -0.195586 0.123845 1.018859
    27 1.019835 -0.000006 0.000000 -1.493031 -0.056719 0.510234
    28 7.402234 1.570605 -8.905795 -0.939912 0.408570 -0.877753
    29 12.695427 -0.000020 -0.000008 -0.396302 0.239839 -2.215768
    30 -3.043159 -13.451463 -7.919269 2.444766 0.001391 -2.111507
    31 1.474215 -0.497926 -1.376118 0.979422 0.426184 -0.250703
    32 1.832179 -0.000010 -0.000002 -2.526087 -0.301597 0.609649
    33 1.042025 -0.000004 -0.000009 -2.896901 -0.278851 -0.192682
    34 3.975669 0.598456 -1.319957 0.124818 0.133762 -0.053754
    35 2.152367 -0.000001 0.000004 0.108675 -0.006066 -0.005591
    36 1.056622 -0.000011 0.000000 0.251717 0.004168 0.002172
    37 3.844505 0.956026 -0.368986 0.005515 0.200114 -0.093364
    38 1.830183 0.000015 0.000000 -0.008974 -0.004934 -0.122914
    39 1.561352 0.000008 -0.000004 0.098391 -0.001805 0.000602
    40 4.116518 0.711272 0.551869 0.187923 0.006580 -0.361666
    41 1.752727 0.000006 0.000000 0.026509 0.029537 -1.405331
    42 0.869359 -0.000006 0.000000 0.015642 -0.073487 -0.926032
    43 4.118826 0.331223 1.419829 0.128888 -0.005990 -0.280207
    44 1.176321 0.000006 0.000000 -0.027338 0.139049 -0.923507
    45 0.970199 -0.000002 -0.000004 1.655618 0.044631 -1.487290
    46 -7.606037 1.001330 -4.120493 -1.777359 1.162948 -1.189936
    47 12.706336 -0.000035 -0.000009 -0.294397 0.288333 -1.835407
    48 0.000000 0.000000 -0.000003 0.000000 0.000000 0.000000
    49 1.200000 0.000000 0.000010 0.000000 0.000000 0.000000
    50 0.000010 -0.300000 0.000000 3.141593 0.000000 -0.174533
    51 0.000000 -0.000001 0.000000 0.000000 0.000000 0.000000
    52 -0.000003 0.000000 0.000001 3.141592 0.000000 0.000000
    53 0.000006 0.000000 0.000004 0.000000 0.000000 0.349065
    54 0.000000 0.000000 0.000000 3.141593 0.000000 0.000000
    55 -0.000008 -0.000006 0.000000 3.141593 0.000000 0.000000
    56 0.000002 -0.000002 0.000000 3.141593 0.000000 0.000000
    57 0.000014 -0.000004 0.000000 3.141593 0.000000 0.000000
    58 -0.000001 0.000000 0.000000 3.141593 0.000000 -0.000001
    59 0.000000 0.000000 0.000000 3.141593 0.000000 0.000000
    60 0.000010 0.000017 0.000000 3.141593 0.000000 -0.000001
    61 0.000000 0.000004 0.000000 3.141593 0.000000 -0.000001
    62 0.000000 0.000006 0.000000 3.141593 0.000000 -0.000001
    63 0.000001 0.000002 0.000000 3.141593 0.000000 0.000000
    64 0.000000 0.000000 0.000000 -3.141592 0.000000 0.000000
    65 0.000000 0.000000 0.000000 -1.570797 -0.000001 0.000000
    66 0.000000 0.000000 0.000000 0.000000 0.000000 0.000000
    67 1.200000 0.000000 0.000000 0.000000 0.000000 0.000000
    68 0.000009 0.299994 0.000000 0.000000 0.000000 0.174533
    69 -0.000001 -0.000001 -0.000004 0.000000 0.000000 0.000000
    70 -0.000010 0.000000 -0.000003 -3.141592 0.000001 0.000000
    71 0.000000 0.000000 0.000000 0.000001 -0.000001 0.349065
    72 0.000000 -0.000003 0.000000 0.000000 0.000000 0.000000
    73 0.000003 0.000000 0.000000 0.000000 0.000000 0.000000
    74 -0.000010 -0.000006 0.000000 -0.000001 0.000000 0.000000
    75 0.000019 0.000002 0.000000 0.000000 0.000000 0.000000
    76 0.000001 0.000004 0.000000 0.000000 0.000000 -0.000001
    77 0.000000 0.000000 0.000000 0.000000 0.000000 -0.000001
    78 0.000001 -0.000002 0.000000 0.000000 0.000000 -0.000001
    79 0.000000 0.000000 0.000000 0.000000 0.000000 -0.000001
    80 0.000001 0.000008 0.000000 0.000000 0.000000 0.000000
    81 -0.000003 0.000004 0.000000 0.000000 0.000000 0.000000
    82 -0.000007 -0.000008 0.000000 0.000000 0.000000 -0.000001
    83 0.000000 0.000002 -0.000002 -1.570796 0.000000 0.000000
  time 29
    0 -2.048195 -17.049576 -4.933991 -2.196044 -0.010526 -2.118412
    1 -1.136842 -1.353618 -0.399893 0.000000 0.000004 0.000000
    2 -3.206565 -1.372758 0.219661 0.000003 0.000007 -0.000014
    3 -5.857874 -1.689358 -0.012529 0.000000 0.000000 0.000000
    4 4.331499 0.360595 -0.709097 0.000015 0.000003 -0.095811
    5 3.513922 0.962076 -0.004281 0.000004 -0.000001 1.176003
    6 2.855053 0.477292 0.679213 -0.000001 -0.000004 2.896619
    7 1.649902 5.878080 0.032496 -0.000003 0.000002 -1.570796
    8 6.587842 -0.691444 0.025964 -0.000001 -0.000001 1.570796
    9 -0.378916 -0.471877 -0.591769 0.000001 0.000001 0.017246
    10 10.620066 1.884898 -0.004843 -1.570796 -0.000002 1.570796
    11 -9.087198 1.359573 -0.008167 -0.000003 0.000002 -1.570796
    12 5.847734 -9.117435 -5.251220 3.515549 0.078519 -2.193040
    13 1.473659 0.639418 -1.295234 1.426787 0.558542 0.007949
    14 1.832607 0.000002 -0.000008 3.092285 0.010674 0.138955
    15 1.003335 0.000005 0.000001 -3.043549 0.027310 -0.225170
    16 3.823895 -0.419603 -1.411520 0.688394 -0.020236 0.154838
    17 2.187956 0.000010 0.000000 0.023907 -0.047706 1.293003
    18 1.100960 0.000002 0.000000 0.138873 -0.387185 1.256546
    19 3.987863 -0.577452 -0.474712 0.603172 -0.230574 0.275930
    20 1.890109 -0.000010 -0.000001 -0.054410 0.138791 1.214887
    21 1.310925 0.000000 0.000000 0.108719 -0.073753 0.607856
    22 4.117986 -0.654534 0.453695 0.029962 -0.229854 0.499900
    23 1.655294 0.000008 0.000000 -0.175390 -0.108723 1.245198
    24 0.869582 0.000004 0.000000 -0.000945 -0.002109 1.093854
    25 4.150630 -0.581594 1.354863 -0.260364 -0.009370 0.864347
    26 1.157247 -0.000010 -0.000002 -0.202573 0.118784 0.947517
    27 1.019835 -0.000006 0.000000 -1.491461 -0.052740 0.476272
    28 7.402234 0.972930 -8.901889 -0.990171 0.458172 -0.885585
    29 12.695427 -0.000020 -0.000008 -0.412166 0.227231 -2.284643
    30 -2.922062 -13.318646 -7.911456 2.445975 0.002002 -2.113496
    31 1.474215 -0.497926 -1.376118 0.979422 0.426184 -0.250703
    32 1.832179 -0.000010 -0.000002 -2.526087 -0.301597 0.609630
    33 1.042025 -0.000004 -0.000009 -2.896901 -0.278851 -0.192682
    34 3.963950 0.614082 -1.331676 0.124818 0.133762 -0.053754
    35 2.152367 -0.000001 0.000004 0.108699 -0.005970 -0.005591
    36 1.056622 -0.000011 0.000000 0.251777 0.004180 0.002172
    37 3.852318 0.952120 -0.388518 0.005515 0.200114 -0.093364
    38 1.830183 0.000015 0.000000 -0.008974 -0.004934 -0.122914
    39 1.561352 0.000008 -0.000004 0.098391 -0.001805 0.000602
    40 4.116518 0.711272 0.551869 0.187923 0.006580 -0.361666
    41 1.752727 0.000006 0.000000 0.026449 0.029549 -1.405331
    42 0.869359 -0.000006 0.000000 0.015558 -0.073475 -0.926076
    43 4.118826 0.331223 1.419829 0.128888 -0.005990 -0.280207
    44 1.176321 0.000006 0.000000 -0.027338 0.139049 -0.923507
    45 0.970199 -0.000002 -0.000004 1.655618 0.044631 -1.487290
    46 -7.606037 1.001330 -4.120493 -1.800946 1.168621 -1.198558
    47 12.706336 -0.000035 -0.000009 -0.296753 0.287602 -1.843960
    48 0.000000 0.000000 -0.000003 0.000000 0.000000 0.000000
    49 1.200000 0.000000 0.000010 0.000000 0.000000 0.000000
    50 0.000010 -0.300000 0.000000 3.141593 0.000000 -0.174533
    51 0.000000 -0.000001 0.000000 0.000000 0.000000 0.000000
    52 -0.000003 0.000000 0.000001 3.141592 0.000000 0.000000
    53 0.000006 0.000000 0.000004 0.000000 0.000000 0.349065
    54 0.000000 0.000000 0.000000 3.141593 0.000000 0.000000
    55 -0.000008 -0.000006 0.000000 3.141593 0.000000 0.000000
    56 0.000002 -0.000002 0.000000 3.141593 0.000000 0.000000
    57 0.000014 -0.000004 0.000000 3.141593 0.000000 0.000000
    58 -0.000001 0.000000 0.000000 3.141593 0.000000 -0.000001
    59 0.000000 0.000000 0.000000 3.141593 0.000000 0.000000
    60 0.000010 0.000017 0.000000 3.141593 0.000000 -0.000001
    61 0.000000 0.000004 0.000000 3.141593 0.000000 -0.000001
    62 0.000000 0.000006 0.000000 3.141593 0.000000 -0.000001
    63 0.000001 0.000002 0.000000 3.141593 0.000000 0.000000
    64 0.000000 0.000000 0.000000 -3.141592 0.000000 0.000000
    65 0.000000 0.000000 0.000000 -1.570797 -0.000001 0.000000
    66 0.000000 0.000000 0.000000 0.000000 0.000000 0.000000
    67 1.200000 0.000000 0.000000 0.000000 0.000000 0.000000
    68 0.000009 0.299994 0.000000 0.000000 0.000000 0.174533
    69 -0.000001 -0.000001 -0.000004 0.000000 0.000000 0.000000
    70 -0.000010 0.000000 -0.000003 -3.141592 0.000001 0.000000
    71 0.000000 0.000000 0.000000 0.000001 -0.000001 0.349065
    72 0.000000 -0.000003 0.000000 0.000000 0.000000 0.000000
    73 0.000003 0.000000 0.000000 0.000000 0.000000 0.000000
    74 -0.000010 -0.000006 0.000000 -0.000001 0.000000 0.000000
    75 0.000019 0.000002 0.000000 0.000000 0.000000 0.000000
    76 0.000001 0.000004 0.000000 0.000000 0.000000 -0.000001
    77 0.000000 0.000000 0.000000 0.000000 0.000000 -0.000001
    78 0.000001 -0.000002 0.000000 0.000000 0.000000 -0.000001
    79 0.000000 0.000000 0.000000 0.000000 0.000000 -0.000001
    80 0.000001 0.000008 0.000000 0.000000 0.000000 0.000000
    81 -0.000003 0.000004 0.000000 0.000000 0.000000 0.000000
    82 -0.000007 -0.000008 0.000000 0.000000 0.000000 -0.000001
    83 0.000000 0.000002 -0.000002 -1.570796 0.000000 0.000000
  time 30
    0 -1.973974 -16.924572 -4.914459 -2.194520 -0.003987 -2.122458
    1 -1.129029 -1.353618 -0.403799 0.000000 0.000004 0.000000
    2 -3.206565 -1.372758 0.215755 0.000003 0.000007 -0.000014
    3 -5.955533 -1.689358 -0.012529 0.000000 0.000000 0.000000
    4 4.331499 0.360595 -0.709097 0.000015 0.000003 -0.095811
    5 3.513922 0.962076 -0.004281 0.000004 -0.000001 1.176003
    6 2.855053 0.477292 0.679213 -0.000001 -0.000004 2.896619
    7 1.649902 5.878080 0.032496 -0.000003 0.000002 -1.570796
    8 6.587842 -0.691444 0.025964 -0.000001 -0.000001 1.570796
    9 -0.386729 -0.452345 -0.599582 0.000001 0.000001 -0.010151
    10 10.620066 1.884898 -0.004843 -1.570796 -0.000002 1.570796
    11 -9.087198 1.359573 -0.008167 -0.000003 0.000002 -1.570796
    12 5.984457 -8.992432 -5.169186 3.517830 0.072643 -2.195937
    13 1.473659 0.639418 -1.295234 1.438889 0.575238 0.017520
    14 1.832607 0.000002 -0.000008 3.092285 0.010674 0.138955
    15 1.003335 0.000005 0.000001 -3.043549 0.027310 -0.225170
    16 3.823895 -0.419603 -1.411520 0.665417 0.005630 0.069064
    17 2.187956 0.000010 0.000000 0.030151 -0.043847 1.154120
    18 1.100960 0.000002 0.000000 0.202751 -0.358997 1.081572
    19 3.987863 -0.577452 -0.474712 0.603172 -0.230574 0.275930
    20 1.890109 -0.000010 -0.000001 -0.054395 0.138791 1.214887
    21 1.310925 0.000000 0.000000 0.108705 -0.073753 0.607856
    22 4.117986 -0.654534 0.453695 0.029962 -0.229854 0.499900
    23 1.655294 0.000008 0.000000 -0.175390 -0.108723 1.245198
    24 0.869582 0.000004 0.000000 -0.000945 -0.002109 1.093936
    25 4.150630 -0.581594 1.354863 -0.276830 -0.005313 0.806535
    26 1.157247 -0.000010 -0.000002 -0.209333 0.113094 0.874582
    27 1.019835 -0.000006 0.000000 -1.489951 -0.048689 0.441651
    28 7.402234 0.375256 -8.901889 -1.045854 0.494605 -0.908894
    29 12.695427 -0.000020 -0.000008 -0.424790 0.216038 -2.341973
    30 -2.816590 -13.189736 -7.880205 2.447587 0.008495 -2.117545
    31 1.474215 -0.497926 -1.376118 0.979422 0.426184 -0.250703
    32 1.832179 -0.000010 -0.000002 -2.526087 -0.301597 0.609630
    33 1.042025 -0.000004 -0.000009 -2.896901 -0.278839 -0.192682
    34 3.979575 0.610175 -1.331676 0.124818 0.133762 -0.053754
    35 2.152367 -0.000001 0.000004 0.108675 -0.005958 -0.005591
    36 1.056622 -0.000011 0.000000 0.251693 0.004180 0.002172
    37 3.840598 0.956026 -0.376799 0.005515 0.200114 -0.093364
    38 1.830183 0.000015 0.000000 -0.008974 -0.004934 -0.122914
    39 1.561352 0.000008 -0.000004 0.098391 -0.001805 0.000602
    40 4.116518 0.711272 0.551869 0.187923 0.006580 -0.361666
    41 1.752727 0.000006 0.000000 0.026521 0.029537 -1.405331
    42 0.869359 -0.000006 0.000000 0.015630 -0.073499 -0.926076
    43 4.118826 0.331223 1.419829 0.128888 -0.005990 -0.280207
    44 1.176321 0.000006 0.000000 -0.027338 0.139025 -0.923484
    45 0.970199 -0.000002 -0.000004 1.655618 0.044631 -1.487290
    46 -7.606037 1.001330 -4.120493 -1.821966 1.174060 -1.206180
    47 12.706336 -0.000035 -0.000009 -0.299917 0.286823 -1.854851
    48 0.000000 0.000000 -0.000003 0.000000 0.000000 0.000000
    49 1.200000 0.000000 0.000010 0.000000 0.000000 0.000000
    50 0.000010 -0.300000 0.000000 3.141593 0.000000 -0.174533
    51 0.000000 -0.000001 0.000000 0.000000 0.000000 0.000000
    52 -0.000003 0.000000 0.000001 3.141592 0.000000 0.000000
    53 0.000006 0.000000 0.000004 0.000000 0.000000 0.349065
    54 0.000000 0.000000 0.000000 3.141593 0.000000 0.000000
    55 -0.000008 -0.000006 0.000000 3.141593 0.000000 0.000000
    56 0.000002 -0.000002 0.000000 3.141593 0.000000 0.000000
    57 0.000014 -0.000004 0.000000 3.141593 0.000000 0.000000
    58 -0.000001 0.000000 0.000000 3.141593 0.000000 -0.000001
    59 0.000000 0.000000 0.000000 3.141593 0.000000 0.000000
    60 0.000010 0.000017 0.000000 3.141593 0.000000 -0.000001
    61 0.000000 0.000004 0.000000 3.141593 0.000000 -0.000001
    62 0.000000 0.000006 0.000000 3.141593 0.000000 -0.000001
    63 0.000001 0.000002 0.000000 3.141593 0.000000 0.000000
    64 0.000000 0.000000 0.000000 -3.141592 0.000000 0.000000
    65 0.000000 0.000000 0.000000 -1.570797 -0.000001 0.000000
    66 0.000000 0.000000 0.000000 0.000000 0.000000 0.000000
    67 1.200000 0.000000 0.000000 0.000000 0.000000 0.000000
    68 0.000009 0.299994 0.000000 0.000000 0.000000 0.174533
    69 -0.000001 -0.000001 -0.000004 0.000000 0.000000 0.000000
    70 -0.000010 0.000000 -0.000003 -3.141592 0.000001 0.000000
    71 0.000000 0.000000 0.000000 0.000001 -0.000001 0.349065
    72 0.000000 -0.000003 0.000000 0.000000 0.000000 0.000000
    73 0.000003 0.000000 0.000000 0.000000 0.000000 0.000000
    74 -0.000010 -0.000006 0.000000 -0.000001 0.000000 0.000000
    75 0.000019 0.000002 0.000000 0.000000 0.000000 0.000000
    76 0.000001 0.000004 0.000000 0.000000 0.000000 -0.000001
    77 0.000000 0.000000 0.000000 0.000000 0.000000 -0.000001
    78 0.000001 -0.000002 0.000000 0.000000 0.000000 -0.000001
    79 0.000000 0.000000 0.000000 0.000000 0.000000 -0.000001
    80 0.000001 0.000008 0.000000 0.000000 0.000000 0.000000
    81 -0.000003 0.000004 0.000000 0.000000 0.000000 0.000000
    82 -0.000007 -0.000008 0.000000 0.000000 0.000000 -0.000001
    83 0.000000 0.000002 -0.000002 -1.570796 0.000000 0.000000
  time 31
    0 -1.950536 -16.869883 -4.914459 -2.197299 0.010073 -2.132111
    1 -1.136842 -1.353618 -0.403799 0.000000 0.000004 0.000000
    2 -3.206565 -1.372758 0.219661 0.000003 0.000007 -0.000014
    3 -5.963346 -1.689358 -0.012529 0.000000 0.000000 0.000000
    4 4.331499 0.360595 -0.709097 0.000015 0.000003 -0.095811
    5 3.513922 0.962076 -0.004281 0.000004 -0.000001 1.176003
    6 2.855053 0.477292 0.679213 -0.000001 -0.000004 2.896619
    7 1.649902 5.878080 0.032496 -0.000003 0.000002 -1.570796
    8 6.587842 -0.691444 0.025964 -0.000001 -0.000001 1.570796
    9 -0.406260 -0.471877 -0.599582 0.000001 0.000001 -0.021297
    10 10.620066 1.884898 -0.004843 -1.570796 -0.000002 1.570796
    11 -9.087198 1.359573 -0.008167 -0.000003 0.000002 -1.570796
    12 5.558663 -9.789331 -5.075433 3.524764 0.023465 -2.152622
    13 1.473659 0.639418 -1.295234 1.450646 0.603547 0.020307
    14 1.832607 0.000002 -0.000008 3.092285 0.010674 0.138955
    15 1.003335 0.000005 0.000001 -3.043549 0.027310 -0.225170
    16 3.823895 -0.419603 -1.411520 0.638134 0.026798 -0.018216
    17 2.187956 0.000010 0.000000 0.036024 -0.039221 1.015423
    18 1.100960 0.000002 0.000000 0.259918 -0.320982 0.910934
    19 3.987863 -0.577452 -0.474712 0.603172 -0.230574 0.275930
    20 1.890109 -0.000010 -0.000001 -0.054410 0.138791 1.214887
    21 1.310925 0.000000 0.000000 0.108705 -0.073753 0.607856
    22 4.117986 -0.654534 0.453695 0.029962 -0.229854 0.499900
    23 1.655294 0.000008 0.000000 -0.175390 -0.108723 1.245198
    24 0.869582 0.000004 0.000000 -0.000945 -0.002145 1.093936
    25 4.150630 -0.581594 1.354863 -0.293741 -0.002184 0.748262
    26 1.157247 -0.000010 -0.000002 -0.215697 0.106735 0.801240
    27 1.019835 -0.000006 0.000000 -1.488596 -0.044494 0.406762
    28 7.402234 -0.234138 -8.901889 -1.044331 0.481810 -0.953946
    29 12.695427 -0.000020 -0.000008 -0.419670 0.220724 -2.318092
    30 -2.746275 -13.092077 -7.825516 2.444811 0.022565 -2.126851
    31 1.474215 -0.497926 -1.376118 0.979422 0.426184 -0.250703
    32 1.832179 -0.000010 -0.000002 -2.526087 -0.301597 0.609649
    33 1.042025 -0.000004 -0.000009 -2.896913 -0.278839 -0.192682
    34 3.963950 0.621894 -1.323863 0.124818 0.133762 -0.053754
    35 2.152367 -0.000001 0.000004 0.108675 -0.006006 -0.005591
    36 1.056622 -0.000011 0.000000 0.251717 0.004180 0.002172
    37 3.832786 0.956026 -0.368986 0.005515 0.200114 -0.093364
    38 1.830183 0.000015 0.000000 -0.008962 -0.004934 -0.122914
    39 1.561352 0.000008 -0.000004 0.098391 -0.001805 0.000602
    40 4.116518 0.711272 0.551869 0.187923 0.006580 -0.361666
    41 1.752727 0.000006 0.000000 0.026521 0.029537 -1.405331
    42 0.869359 -0.000006 0.000000 0.015630 -0.073487 -0.926032
    43 4.118826 0.331223 1.419829 0.128888 -0.005990 -0.280207
    44 1.176321 0.000006 0.000000 -0.027338 0.139049 -0.923507
    45 0.970199 -0.000002 -0.000004 1.655618 0.044631 -1.487290
    46 -7.606037 1.001330 -4.120493 -1.834869 1.175695 -1.210179
    47 12.706336 -0.000035 -0.000009 -0.302078 0.286115 -1.862481
    48 0.000000 0.000000 -0.000003 0.000000 0.000000 0.000000
    49 1.200000 0.000000 0.000010 0.000000 0.000000 0.000000
    50 0.000010 -0.300000 0.000000 3.141593 0.000000 -0.174533
    51 0.000000 -0.000001 0.000000 0.000000 0.000000 0.000000
    52 -0.000003 0.000000 0.000001 3.141592 0.000000 0.000000
    53 0.000006 0.000000 0.000004 0.000000 0.000000 0.349065
    54 0.000000 0.000000 0.000000 3.141593 0.000000 0.000000
    55 -0.000008 -0.000006 0.000000 3.141593 0.000000 0.000000
    56 0.000002 -0.000002 0.000000 3.141593 0.000000 0.000000
    57 0.000014 -0.000004 0.000000 3.141593 0.000000 0.000000
    58 -0.000001 0.000000 0.000000 3.141593 0.000000 -0.000001
    59 0.000000 0.000000 0.000000 3.141593 0.000000 0.000000
    60 0.000010 0.000017 0.000000 3.141593 0.000000 -0.000001
    61 0.000000 0.000004 0.000000 3.141593 0.000000 -0.000001
    62 0.000000 0.000006 0.000000 3.141593 0.000000 -0.000001
    63 0.000001 0.000002 0.000000 3.141593 0.000000 0.000000
    64 0.000000 0.000000 0.000000 -3.141592 0.000000 0.000000
    65 0.000000 0.000000 0.000000 -1.570797 -0.000001 0.000000
    66 0.000000 0.000000 0.000000 0.000000 0.000000 0.000000
    67 1.200000 0.000000 0.000000 0.000000 0.000000 0.000000
    68 0.000009 0.299994 0.000000 0.000000 0.000000 0.174533
    69 -0.000001 -0.000001 -0.000004 0.000000 0.000000 0.000000
    70 -0.000010 0.000000 -0.000003 -3.141592 0.000001 0.000000
    71 0.000000 0.000000 0.000000 0.000001 -0.000001 0.349065
    72 0.000000 -0.000003 0.000000 0.000000 0.000000 0.000000
    73 0.000003 0.000000 0.000000 0.000000 0.000000 0.000000
    74 -0.000010 -0.000006 0.000000 -0.000001 0.000000 0.000000
    75 0.000019 0.000002 0.000000 0.000000 0.000000 0.000000
    76 0.000001 0.000004 0.000000 0.000000 0.000000 -0.000001
    77 0.000000 0.000000 0.000000 0.000000 0.000000 -0.000001
    78 0.000001 -0.000002 0.000000 0.000000 0.000000 -0.000001
    79 0.000000 0.000000 0.000000 0.000000 0.000000 -0.000001
    80 0.000001 0.000008 0.000000 0.000000 0.000000 0.000000
    81 -0.000003 0.000004 0.000000 0.000000 0.000000 0.000000
    82 -0.000007 -0.000008 0.000000 0.000000 0.000000 -0.000001
    83 0.000000 0.000002 -0.000002 -1.570796 0.000000 0.000000
  time 32
    0 -2.255233 -17.268333 -5.000399 -2.233116 0.051874 -2.162207
    1 -1.136842 -1.353618 -0.399893 0.000000 0.000004 0.000000
    2 -3.210471 -1.376664 0.219661 0.000003 0.000007 -0.000014
    3 -5.256293 -1.689358 -0.012529 0.000000 0.000000 0.000000
    4 4.331499 0.360595 -0.709097 0.000015 0.000003 -0.095811
    5 3.513922 0.962076 -0.004281 0.000004 -0.000001 1.176003
    6 2.855053 0.477292 0.679213 -0.000001 -0.000004 2.896619
    7 1.649902 5.878080 0.032496 -0.000003 0.000002 -1.570796
    8 6.587842 -0.691444 0.025964 -0.000001 -0.000001 1.570796
    9 -0.375010 -0.452345 -0.599582 0.000001 0.000001 -0.020769
    10 10.620066 1.884898 -0.004843 -1.570796 -0.000002 1.570796
    11 -9.087198 1.359573 -0.008167 -0.000003 0.000002 -1.570796
    12 4.285186 -12.008149 -5.040276 3.505329 -0.049256 -2.070410
    13 1.473659 0.639418 -1.295234 1.442712 0.788583 -0.002579
    14 1.832607 0.000002 -0.000008 3.092285 0.010674 0.138955
    15 1.003335 0.000005 0.000001 -3.043549 0.027310 -0.225170
    16 3.823895 -0.419603 -1.411520 0.614767 0.035332 -0.080591
    17 2.187956 0.000010 0.000000 0.039499 -0.035625 0.919627
    18 1.100960 0.000002 0.000000 0.294409 -0.289810 0.796062
    19 3.987863 -0.577452 -0.474712 0.603188 -0.230574 0.275930
    20 1.890109 -0.000010 -0.000001 -0.054395 0.138791 1.214926
    21 1.310925 0.000000 0.000000 0.108705 -0.073753 0.607856
    22 4.117986 -0.654534 0.453695 0.029962 -0.229854 0.499900
    23 1.655294 0.000008 0.000000 -0.175390 -0.108723 1.245198
    24 0.869582 0.000004 0.000000 -0.000945 -0.002097 1.093854
    25 4.150630 -0.581594 1.354863 -0.310531 -0.000030 0.689547
    26 1.157247 -0.000010 -0.000002 -0.221425 0.099812 0.728194
    27 1.019835 -0.000006 0.000000 -1.487530 -0.040372 0.372121
    28 7.402234 -0.827906 -8.905795 -0.981509 0.421199 -1.038614
    29 12.695427 -0.000020 -0.000008 -0.383141 0.248767 -2.161364
    30 -2.957219 -13.310834 -7.696606 2.409259 0.064546 -2.157966
    31 1.474215 -0.497926 -1.376118 0.979422 0.426184 -0.250703
    32 1.832179 -0.000010 -0.000002 -2.526087 -0.301597 0.609649
    33 1.042025 -0.000004 -0.000009 -2.896937 -0.278827 -0.192682
    34 3.963950 0.606269 -1.331676 0.124830 0.133762 -0.053754
    35 2.152367 -0.000001 0.000004 0.108675 -0.006030 -0.005591
    36 1.056622 -0.000011 0.000000 0.251717 0.004168 0.002172
    37 3.828879 0.952120 -0.376799 0.005515 0.200114 -0.093364
    38 1.830183 0.000015 0.000000 -0.008962 -0.004934 -0.122914
    39 1.561352 0.000008 -0.000004 0.098391 -0.001805 0.000602
    40 4.116518 0.711272 0.551869 0.187923 0.006580 -0.361666
    41 1.752727 0.000006 0.000000 0.026521 0.029537 -1.405331
    42 0.869359 -0.000006 0.000000 0.015642 -0.073511 -0.926076
    43 4.118826 0.331223 1.419829 0.128888 -0.005990 -0.280207
    44 1.176321 0.000006 0.000000 -0.027338 0.139049 -0.923484
    45 0.970199 -0.000002 -0.000004 1.655618 0.044643 -1.487290
    46 -7.606037 1.001330 -4.120493 -1.787834 1.159511 -1.189686
    47 12.706336 -0.000035 -0.000009 -0.299031 0.286942 -1.852082
    48 0.000000 0.000000 -0.000003 0.000000 0.000000 0.000000
    49 1.200000 0.000000 0.000010 0.000000 0.000000 0.000000
    50 0.000010 -0.300000 0.000000 3.141593 0.000000 -0.174533
    51 0.000000 -0.000001 0.000000 0.000000 0.000000 0.000000
    52 -0.000003 0.000000 0.000001 3.141592 0.000000 0.000000
    53 0.000006 0.000000 0.000004 0.000000 0.000000 0.349065
    54 0.000000 0.000000 0.000000 3.141593 0.000000 0.000000
    55 -0.000008 -0.000006 0.000000 3.141593 0.000000 0.000000
    56 0.000002 -0.000002 0.000000 3.141593 0.000000 0.000000
    57 0.000014 -0.000004 0.000000 3.141593 0.000000 0.000000
    58 -0.000001 0.000000 0.000000 3.141593 0.000000 -0.000001
    59 0.000000 0.000000 0.000000 3.141593 0.000000 0.000000
    60 0.000010 0.000017 0.000000 3.141593 0.000000 -0.000001
    61 0.000000 0.000004 0.000000 3.141593 0.000000 -0.000001
    62 0.000000 0.000006 0.000000 3.141593 0.000000 -0.000001
    63 0.000001 0.000002 0.000000 3.141593 0.000000 0.000000
    64 0.000000 0.000000 0.000000 -3.141592 0.000000 0.000000
    65 0.000000 0.000000 0.000000 -1.570797 -0.000001 0.000000
    66 0.000000 0.000000 0.000000 0.000000 0.000000 0.000000
    67 1.200000 0.000000 0.000000 0.000000 0.000000 0.000000
    68 0.000009 0.299994 0.000000 0.000000 0.000000 0.174533
    69 -0.000001 -0.000001 -0.000004 0.000000 0.000000 0.000000
    70 -0.000010 0.000000 -0.000003 -3.141592 0.000001 0.000000
    71 0.000000 0.000000 0.000000 0.000001 -0.000001 0.349065
    72 0.000000 -0.000003 0.000000 0.000000 0.000000 0.000000
    73 0.000003 0.000000 0.000000 0.000000 0.000000 0.000000
    74 -0.000010 -0.000006 0.000000 -0.000001 0.000000 0.000000
    75 0.000019 0.000002 0.000000 0.000000 0.000000 0.000000
    76 0.000001 0.000004 0.000000 0.000000 0.000000 -0.000001
    77 0.000000 0.000000 0.000000 0.000000 0.000000 -0.000001
    78 0.000001 -0.000002 0.000000 0.000000 0.000000 -0.000001
    79 0.000000 0.000000 0.000000 0.000000 0.000000 -0.000001
    80 0.000001 0.000008 0.000000 0.000000 0.000000 0.000000
    81 -0.000003 0.000004 0.000000 0.000000 0.000000 0.000000
    82 -0.000007 -0.000008 0.000000 0.000000 0.000000 -0.000001
    83 0.000000 0.000002 -0.000002 -1.570796 0.000000 0.000000
  time 33
    0 -2.559930 -17.658969 -5.082433 -2.273774 0.080809 -2.186411
    1 -1.136842 -1.353618 -0.399893 0.000000 0.000004 0.000000
    2 -3.206565 -1.372758 0.215755 0.000003 0.000007 -0.000014
    3 -4.549240 -1.689358 -0.012529 0.000000 0.000000 0.000000
    4 4.331499 0.360595 -0.709097 0.000015 0.000003 -0.095811
    5 3.513922 0.962076 -0.004281 0.000004 -0.000001 1.176003
    6 2.855053 0.477292 0.679213 -0.000001 -0.000004 2.896619
    7 1.649902 5.878080 0.032496 -0.000003 0.000002 -1.570796
    8 6.587842 -0.691444 0.025964 -0.000001 -0.000001 1.570796
    9 -0.355478 -0.428906 -0.580050 0.000001 0.000001 -0.020494
    10 10.620066 1.884898 -0.004843 -1.570796 -0.000002 1.570796
    11 -9.087198 1.359573 -0.008167 -0.000003 0.000002 -1.570796
    12 3.527351 -13.273812 -5.122310 3.473028 -0.066923 -2.036873
    13 1.473659 0.639418 -1.295234 1.417876 0.953353 -0.034923
    14 1.832607 0.000002 -0.000008 3.092285 0.010674 0.138955
    15 1.003335 0.000005 0.000001 -3.043549 0.027310 -0.225170
    16 3.823895 -0.419603 -1.411520 0.600754 0.029842 -0.104583
    17 2.187956 0.000010 0.000000 0.040770 -0.034379 0.886905
    18 1.100960 0.000002 0.000000 0.305255 -0.278365 0.757712
    19 3.987863 -0.577452 -0.474712 0.603172 -0.230574 0.275930
    20 1.890109 -0.000010 -0.000001 -0.054380 0.138791 1.214887
    21 1.310925 0.000000 0.000000 0.108705 -0.073753 0.607856
    22 4.117986 -0.654534 0.453695 0.029962 -0.229854 0.499900
    23 1.655294 0.000008 0.000000 -0.175390 -0.108723 1.245198
    24 0.869582 0.000004 0.000000 -0.000945 -0.002109 1.093854
    25 4.150630 -0.581594 1.354863 -0.327465 0.001086 0.631882
    26 1.157247 -0.000010 -0.000002 -0.226722 0.092601 0.656445
    27 1.019835 -0.000006 0.000000 -1.486511 -0.036057 0.337809
    28 7.402234 -1.417768 -8.901889 -0.966564 0.410107 -1.099696
    29 12.695427 -0.000020 -0.000008 -0.364524 0.259997 -2.087745
    30 -3.218946 -13.564748 -7.591134 2.368737 0.093633 -2.182474
    31 1.474215 -0.497926 -1.376118 0.979422 0.426184 -0.250703
    32 1.832179 -0.000010 -0.000002 -2.526087 -0.301597 0.609630
    33 1.042025 -0.000004 -0.000009 -2.896937 -0.278839 -0.192682
    34 3.971762 0.617988 -1.331676 0.124830 0.133762 -0.053754
    35 2.152367 -0.000001 0.000004 0.108675 -0.006078 -0.005591
    36 1.056622 -0.000011 0.000000 0.251717 0.004180 0.002172
    37 3.828879 0.952120 -0.388518 0.005515 0.200114 -0.093364
    38 1.830183 0.000015 0.000000 -0.008974 -0.004934 -0.122914
    39 1.561352 0.000008 -0.000004 0.098391 -0.001805 0.000602
    40 4.116518 0.711272 0.551869 0.187923 0.006580 -0.361666
    41 1.752727 0.000006 0.000000 0.026509 0.029537 -1.405331
    42 0.869359 -0.000006 0.000000 0.015642 -0.073487 -0.926076
    43 4.118826 0.331223 1.419829 0.128888 -0.005990 -0.280207
    44 1.176321 0.000006 0.000000 -0.027338 0.139025 -0.923484
    45 0.970199 -0.000002 -0.000004 1.655618 0.044631 -1.487290
    46 -7.606037 1.001330 -4.120493 -1.737400 1.141625 -1.170755
    47 12.706336 -0.000035 -0.000009 -0.295269 0.288105 -1.838422
    48 0.000000 0.000000 -0.000003 0.000000 0.000000 0.000000
    49 1.200000 0.000000 0.000010 0.000000 0.000000 0.000000
    50 0.000010 -0.300000 0.000000 3.141593 0.000000 -0.174533
    51 0.000000 -0.000001 0.000000 0.000000 0.000000 0.000000
    52 -0.000003 0.000000 0.000001 3.141592 0.000000 0.000000
    53 0.000006 0.000000 0.000004 0.000000 0.000000 0.349065
    54 0.000000 0.000000 0.000000 3.141593 0.000000 0.000000
    55 -0.000008 -0.000006 0.000000 3.141593 0.000000 0.000000
    56 0.000002 -0.000002 0.000000 3.141593 0.000000 0.000000
    57 0.000014 -0.000004 0.000000 3.141593 0.000000 0.000000
    58 -0.000001 0.000000 0.000000 3.141593 0.000000 -0.000001
    59 0.000000 0.000000 0.000000 3.141593 0.000000 0.000000
    60 0.000010 0.000017 0.000000 3.141593 0.000000 -0.000001
    61 0.000000 0.000004 0.000000 3.141593 0.000000 -0.000001
    62 0.000000 0.000006 0.000000 3.141593 0.000000 -0.000001
    63 0.000001 0.000002 0.000000 3.141593 0.000000 0.000000
    64 0.000000 0.000000 0.000000 -3.141592 0.000000 0.000000
    65 0.000000 0.000000 0.000000 -1.570797 -0.000001 0.000000
    66 0.000000 0.000000 0.000000 0.000000 0.000000 0.000000
    67 1.200000 0.000000 0.000000 0.000000 0.000000 0.000000
    68 0.000009 0.299994 0.000000 0.000000 0.000000 0.174533
    69 -0.000001 -0.000001 -0.000004 0.000000 0.000000 0.000000
    70 -0.000010 0.000000 -0.000003 -3.141592 0.000001 0.000000
    71 0.000000 0.000000 0.000000 0.000001 -0.000001 0.349065
    72 0.000000 -0.000003 0.000000 0.000000 0.000000 0.000000
    73 0.000003 0.000000 0.000000 0.000000 0.000000 0.000000
    74 -0.000010 -0.000006 0.000000 -0.000001 0.000000 0.000000
    75 0.000019 0.000002 0.000000 0.000000 0.000000 0.000000
    76 0.000001 0.000004 0.000000 0.000000 0.000000 -0.000001
    77 0.000000 0.000000 0.000000 0.000000 0.000000 -0.000001
    78 0.000001 -0.000002 0.000000 0.000000 0.000000 -0.000001
    79 0.000000 0.000000 0.000000 0.000000 0.000000 -0.000001
    80 0.000001 0.000008 0.000000 0.000000 0.000000 0.000000
    81 -0.000003 0.000004 0.000000 0.000000 0.000000 0.000000
    82 -0.000007 -0.000008 0.000000 0.000000 0.000000 -0.000001
    83 0.000000 0.000002 -0.000002 -1.570796 0.000000 0.000000
  time 34
    0 -2.556023 -17.655063 -5.082433 -2.283098 0.074919 -2.181797
    1 -1.129029 -1.353618 -0.399893 0.000000 0.000004 0.000000
    2 -3.206565 -1.376664 0.219661 0.000003 0.000007 -0.000014
    3 -4.549240 -1.689358 -0.012529 0.000000 0.000000 0.000000
    4 4.331499 0.360595 -0.709097 0.000015 0.000003 -0.095811
    5 3.513922 0.962076 -0.004281 0.000004 -0.000001 1.176003
    6 2.855053 0.477292 0.679213 -0.000001 -0.000004 2.896619
    7 1.649902 5.878080 0.032496 -0.000003 0.000002 -1.570796
    8 6.587842 -0.691444 0.025964 -0.000001 -0.000001 1.570796
    9 -0.375010 -0.425000 -0.587863 0.000001 0.000001 -0.020494
    10 10.620066 1.884898 -0.004843 -1.570796 -0.000002 1.570796
    11 -9.087198 1.359573 -0.008167 -0.000003 0.000002 -1.570796
    12 3.507819 -13.234749 -5.184811 3.463174 -0.071229 -2.030354
    13 1.473659 0.639418 -1.295234 1.411523 0.921656 -0.034248
    14 1.832607 0.000002 -0.000008 3.092285 0.010674 0.138955
    15 1.003335 0.000005 0.000001 -3.043549 0.027310 -0.225170
    16 3.823895 -0.419603 -1.411520 0.596467 0.000457 -0.073038
    17 2.187956 0.000010 0.000000 0.040770 -0.034379 0.886905
    18 1.100960 0.000002 0.000000 0.305255 -0.278365 0.757641
    19 3.987863 -0.577452 -0.474712 0.603172 -0.230574 0.275930
    20 1.890109 -0.000010 -0.000001 -0.054410 0.138791 1.214887
    21 1.310925 0.000000 0.000000 0.108705 -0.073753 0.607856
    22 4.117986 -0.654534 0.453695 0.029962 -0.229854 0.499900
    23 1.655294 0.000008 0.000000 -0.175390 -0.108723 1.245198
    24 0.869582 0.000004 0.000000 -0.000945 -0.002109 1.093854
    25 4.150630 -0.581594 1.354863 -0.344256 0.001259 0.574952
    26 1.157247 -0.000010 -0.000002 -0.231396 0.084970 0.586251
    27 1.019835 -0.000006 0.000000 -1.485600 -0.031958 0.304177
    28 7.406140 -1.988098 -8.901889 -0.989695 0.443923 -1.118583
    29 12.695427 -0.000020 -0.000008 -0.377769 0.252327 -2.139460
    30 -3.265823 -13.564748 -7.579415 2.359379 0.087782 -2.177572
    31 1.474215 -0.497926 -1.376118 0.979422 0.426184 -0.250703
    32 1.832179 -0.000010 -0.000002 -2.526087 -0.301597 0.609649
    33 1.042025 -0.000004 -0.000009 -2.896901 -0.278827 -0.192682
    34 3.979575 0.610175 -1.331676 0.124830 0.133762 -0.053754
    35 2.152367 -0.000001 0.000004 0.108675 -0.006006 -0.005591
    36 1.056622 -0.000011 0.000000 0.251669 0.004168 0.002172
    37 3.836692 0.952120 -0.368986 0.005515 0.200114 -0.093364
    38 1.830183 0.000015 0.000000 -0.008962 -0.004934 -0.122914
    39 1.561352 0.000008 -0.000004 0.098391 -0.001805 0.000602
    40 4.116518 0.711272 0.551869 0.187923 0.006580 -0.361666
    41 1.752727 0.000006 0.000000 0.026521 0.029561 -1.405331
    42 0.869359 -0.000006 0.000000 0.015606 -0.073487 -0.926076
    43 4.118826 0.331223 1.419829 0.128888 -0.005990 -0.280207
    44 1.176321 0.000006 0.000000 -0.027338 0.139049 -0.923530
    45 0.970199 -0.000002 -0.000004 1.655618 0.044643 -1.487290
    46 -7.606037 1.001330 -4.120493 -1.730948 1.141692 -1.168131
    47 12.706336 -0.000035 -0.000009 -0.295751 0.287865 -1.840145
    48 0.000000 0.000000 -0.000003 0.000000 0.000000 0.000000
    49 1.200000 0.000000 0.000010 0.000000 0.000000 0.000000
    50 0.000010 -0.300000 0.000000 3.141593 0.000000 -0.174533
    51 0.000000 -0.000001 0.000000 0.000000 0.000000 0.000000
    52 -0.000003 0.000000 0.000001 3.141592 0.000000 0.000000
    53 0.000006 0.000000 0.000004 0.000000 0.000000 0.349065
    54 0.000000 0.000000 0.000000 3.141593 0.000000 0.000000
    55 -0.000008 -0.000006 0.000000 3.141593 0.000000 0.000000
    56 0.000002 -0.000002 0.000000 3.141593 0.000000 0.000000
    57 0.000014 -0.000004 0.000000 3.141593 0.000000 0.000000
    58 -0.000001 0.000000 0.000000 3.141593 0.000000 -0.000001
    59 0.000000 0.000000 0.000000 3.141593 0.000000 0.000000
    60 0.000010 0.000017 0.000000 3.141593 0.000000 -0.000001
    61 0.000000 0.000004 0.000000 3.141593 0.000000 -0.000001
    62 0.000000 0.000006 0.000000 3.141593 0.000000 -0.000001
    63 0.000001 0.000002 0.000000 3.141593 0.000000 0.000000
    64 0.000000 0.000000 0.000000 -3.141592 0.000000 0.000000
    65 0.000000 0.000000 0.000000 -1.570797 -0.000001 0.000000
    66 0.000000 0.000000 0.000000 0.000000 0.000000 0.000000
    67 1.200000 0.000000 0.000000 0.000000 0.000000 0.000000
    68 0.000009 0.299994 0.000000 0.000000 0.000000 0.174533
    69 -0.000001 -0.000001 -0.000004 0.000000 0.000000 0.000000
    70 -0.000010 0.000000 -0.000003 -3.141592 0.000001 0.000000
    71 0.000000 0.000000 0.000000 0.000001 -0.000001 0.349065
    72 0.000000 -0.000003 0.000000 0.000000 0.000000 0.000000
    73 0.000003 0.000000 0.000000 0.000000 0.000000 0.000000
    74 -0.000010 -0.000006 0.000000 -0.000001 0.000000 0.000000
    75 0.000019 0.000002 0.000000 0.000000 0.000000 0.000000
    76 0.000001 0.000004 0.000000 0.000000 0.000000 -0.000001
    77 0.000000 0.000000 0.000000 0.000000 0.000000 -0.000001
    78 0.000001 -0.000002 0.000000 0.000000 0.000000 -0.000001
    79 0.000000 0.000000 0.000000 0.000000 0.000000 -0.000001
    80 0.000001 0.000008 0.000000 0.000000 0.000000 0.000000
    81 -0.000003 0.000004 0.000000 0.000000 0.000000 0.000000
    82 -0.000007 -0.000008 0.000000 0.000000 0.000000 -0.000001
    83 0.000000 0.000002 -0.000002 -1.570796 0.000000 0.000000
  time 35
    0 -2.536492 -17.643344 -5.082433 -2.285922 0.064801 -2.167672
    1 -1.136842 -1.353618 -0.399893 0.000000 0.000004 0.000000
    2 -3.206565 -1.376664 0.219661 0.000003 0.000007 -0.000014
    3 -4.549240 -1.689358 -0.012529 0.000000 0.000000 0.000000
    4 4.331499 0.360595 -0.709097 0.000015 0.000003 -0.095811
    5 3.513922 0.962076 -0.004281 0.000004 -0.000001 1.176003
    6 2.855053 0.477292 0.679213 -0.000001 -0.000004 2.896619
    7 1.649902 5.878080 0.032496 -0.000003 0.000002 -1.570796
    8 6.587842 -0.691444 0.025964 -0.000001 -0.000001 1.570796
    9 -0.375010 -0.421094 -0.580050 0.000001 0.000001 -0.020494
    10 10.620066 1.884898 -0.004843 -1.570796 -0.000002 1.570796
    11 -9.087198 1.359573 -0.008167 -0.000003 0.000002 -1.570796
    12 3.460942 -13.140996 -5.255126 3.458703 -0.080726 -2.016085
    13 1.473659 0.639418 -1.295234 1.400801 0.854001 -0.028618
    14 1.832607 0.000002 -0.000008 3.092285 0.010674 0.138955
    15 1.003335 0.000005 0.000001 -3.043549 0.027310 -0.225170
    16 3.823895 -0.419603 -1.411520 0.597228 -0.046665 0.000963
    17 2.187956 0.000010 0.000000 0.040770 -0.034379 0.886905
    18 1.100960 0.000002 0.000000 0.305255 -0.278365 0.757641
    19 3.987863 -0.577452 -0.474712 0.603172 -0.230574 0.275930
    20 1.890109 -0.000010 -0.000001 -0.054380 0.138791 1.214887
    21 1.310925 0.000000 0.000000 0.108705 -0.073753 0.607856
    22 4.117986 -0.654534 0.453695 0.029962 -0.229854 0.499900
    23 1.655294 0.000008 0.000000 -0.175390 -0.108723 1.245198
    24 0.869582 0.000004 0.000000 -0.000945 -0.002109 1.093936
    25 4.150630 -0.581594 1.354863 -0.360471 0.000489 0.519659
    26 1.157247 -0.000010 -0.000002 -0.235303 0.077313 0.518502
    27 1.019835 -0.000006 0.000000 -1.484953 -0.027956 0.271389
    28 7.402234 -2.550615 -8.901889 -1.009588 0.475703 -1.140879
    29 12.695427 -0.000020 -0.000008 -0.390863 0.243722 -2.193232
    30 -3.324418 -13.568654 -7.591134 2.356424 0.077730 -2.163933
    31 1.474215 -0.497926 -1.376118 0.979422 0.426184 -0.250703
    32 1.832179 -0.000010 -0.000002 -2.526087 -0.301597 0.609649
    33 1.042025 -0.000004 -0.000009 -2.896973 -0.278863 -0.192682
    34 3.963950 0.621894 -1.323863 0.124818 0.133762 -0.053754
    35 2.152367 -0.000001 0.000004 0.108687 -0.006030 -0.005591
    36 1.056622 -0.000011 0.000000 0.251729 0.004168 0.002172
    37 3.848411 0.956026 -0.372892 0.005515 0.200114 -0.093364
    38 1.830183 0.000015 0.000000 -0.008962 -0.004934 -0.122914
    39 1.561352 0.000008 -0.000004 0.098391 -0.001805 0.000602
    40 4.116518 0.711272 0.551869 0.187923 0.006580 -0.361666
    41 1.752727 0.000006 0.000000 0.026521 0.029549 -1.405331
    42 0.869359 -0.000006 0.000000 0.015630 -0.073475 -0.926076
    43 4.118826 0.331223 1.419829 0.128888 -0.005990 -0.280207
    44 1.176321 0.000006 0.000000 -0.027338 0.139049 -0.923507
    45 0.970199 -0.000002 -0.000004 1.655618 0.044631 -1.487290
    46 -7.606037 1.001330 -4.120493 -1.722693 1.142259 -1.165507
    47 12.706336 -0.000035 -0.000009 -0.295594 0.287997 -1.840022
    48 0.000000 0.000000 -0.000003 0.000000 0.000000 0.000000
    49 1.200000 0.000000 0.000010 0.000000 0.000000 0.000000
    50 0.000010 -0.300000 0.000000 3.141593 0.000000 -0.174533
    51 0.000000 -0.000001 0.000000 0.000000 0.000000 0.000000
    52 -0.000003 0.000000 0.000001 3.141592 0.000000 0.000000
    53 0.000006 0.000000 0.000004 0.000000 0.000000 0.349065
    54 0.000000 0.000000 0.000000 3.141593 0.000000 0.000000
    55 -0.000008 -0.000006 0.000000 3.141593 0.000000 0.000000
    56 0.000002 -0.000002 0.000000 3.141593 0.000000 0.000000
    57 0.000014 -0.000004 0.000000 3.141593 0.000000 0.000000
    58 -0.000001 0.000000 0.000000 3.141593 0.000000 -0.000001
    59 0.000000 0.000000 0.000000 3.141593 0.000000 0.000000
    60 0.000010 0.000017 0.000000 3.141593 0.000000 -0.000001
    61 0.000000 0.000004 0.000000 3.141593 0.000000 -0.000001
    62 0.000000 0.000006 0.000000 3.141593 0.000000 -0.000001
    63 0.000001 0.000002 0.000000 3.141593 0.000000 0.000000
    64 0.000000 0.000000 0.000000 -3.141592 0.000000 0.000000
    65 0.000000 0.000000 0.000000 -1.570797 -0.000001 0.000000
    66 0.000000 0.000000 0.000000 0.000000 0.000000 0.000000
    67 1.200000 0.000000 0.000000 0.000000 0.000000 0.000000
    68 0.000009 0.299994 0.000000 0.000000 0.000000 0.174533
    69 -0.000001 -0.000001 -0.000004 0.000000 0.000000 0.000000
    70 -0.000010 0.000000 -0.000003 -3.141592 0.000001 0.000000
    71 0.000000 0.000000 0.000000 0.000001 -0.000001 0.349065
    72 0.000000 -0.000003 0.000000 0.000000 0.000000 0.000000
    73 0.000003 0.000000 0.000000 0.000000 0.000000 0.000000
    74 -0.000010 -0.000006 0.000000 -0.000001 0.000000 0.000000
    75 0.000019 0.000002 0.000000 0.000000 0.000000 0.000000
    76 0.000001 0.000004 0.000000 0.000000 0.000000 -0.000001
    77 0.000000 0.000000 0.000000 0.000000 0.000000 -0.000001
    78 0.000001 -0.000002 0.000000 0.000000 0.000000 -0.000001
    79 0.000000 0.000000 0.000000 0.000000 0.000000 -0.000001
    80 0.000001 0.000008 0.000000 0.000000 0.000000 0.000000
    81 -0.000003 0.000004 0.000000 0.000000 0.000000 0.000000
    82 -0.000007 -0.000008 0.000000 0.000000 0.000000 -0.000001
    83 0.000000 0.000002 -0.000002 -1.570796 0.000000 0.000000
  time 36
    0 -2.513053 -17.615999 -5.078526 -2.282873 0.051678 -2.148295
    1 -1.132935 -1.353618 -0.399893 0.000000 0.000004 0.000000
    2 -3.206565 -1.372758 0.223568 0.000003 0.000007 -0.000014
    3 -4.549240 -1.689358 -0.012529 0.000000 0.000000 0.000000
    4 4.331499 0.360595 -0.709097 0.000015 0.000003 -0.095811
    5 3.513922 0.962076 -0.004281 0.000004 -0.000001 1.176003
    6 2.855053 0.477292 0.679213 -0.000001 -0.000004 2.896619
    7 1.649902 5.878080 0.032496 -0.000003 0.000002 -1.570796
    8 6.587842 -0.691444 0.025964 -0.000001 -0.000001 1.570796
    9 -0.390635 -0.432813 -0.580050 0.000001 0.000001 -0.020494
    10 10.620066 1.884898 -0.004843 -1.570796 -0.000002 1.570796
    11 -9.087198 1.359573 -0.008167 -0.000003 0.000002 -1.570796
    12 3.402347 -13.012086 -5.337160 3.459706 -0.094248 -1.997035
    13 1.473659 0.639418 -1.295234 1.396173 0.822435 -0.025578
    14 1.832607 0.000002 -0.000008 3.092285 0.010674 0.138955
    15 1.003335 0.000005 0.000001 -3.043549 0.027310 -0.225170
    16 3.823895 -0.419603 -1.411520 0.597896 -0.068959 0.039765
    17 2.187956 0.000010 0.000000 0.040770 -0.034379 0.886905
    18 1.100960 0.000002 0.000000 0.305255 -0.278365 0.757641
    19 3.987863 -0.577452 -0.474712 0.603172 -0.230574 0.275930
    20 1.890109 -0.000010 -0.000001 -0.054410 0.138791 1.214887
    21 1.310925 0.000000 0.000000 0.108719 -0.073753 0.607856
    22 4.117986 -0.654534 0.453695 0.029962 -0.229854 0.499900
    23 1.655294 0.000008 0.000000 -0.175390 -0.108723 1.245198
    24 0.869582 0.000004 0.000000 -0.000945 -0.002121 1.093936
    25 4.150630 -0.581594 1.354863 -0.376087 -0.001099 0.466151
    26 1.157247 -0.000010 -0.000002 -0.238599 0.069551 0.454235
    27 1.019835 -0.000006 0.000000 -1.484402 -0.023977 0.239672
    28 7.402234 -3.062349 -8.901889 -1.027483 0.505157 -1.167320
    29 12.695427 -0.000020 -0.000008 -0.403185 0.234638 -2.245026
    30 -3.386920 -13.607718 -7.638010 2.359558 0.064546 -2.144611
    31 1.474215 -0.497926 -1.376118 0.979422 0.426184 -0.250703
    32 1.832179 -0.000010 -0.000002 -2.526087 -0.301597 0.609649
    33 1.042025 -0.000004 -0.000009 -2.896937 -0.278839 -0.192682
    34 3.967856 0.617988 -1.327770 0.124806 0.133762 -0.053754
    35 2.152367 -0.000001 0.000004 0.108675 -0.006054 -0.005591
    36 1.056622 -0.000011 0.000000 0.251741 0.004180 0.002172
    37 3.828879 0.952120 -0.376799 0.005515 0.200114 -0.093364
    38 1.830183 0.000015 0.000000 -0.008974 -0.004934 -0.122914
    39 1.561352 0.000008 -0.000004 0.098391 -0.001805 0.000602
    40 4.116518 0.711272 0.551869 0.187923 0.006580 -0.361666
    41 1.752727 0.000006 0.000000 0.026521 0.029549 -1.405331
    42 0.869359 -0.000006 0.000000 0.015642 -0.073475 -0.926076
    43 4.118826 0.331223 1.419829 0.128888 -0.005990 -0.280207
    44 1.176321 0.000006 0.000000 -0.027338 0.139049 -0.923507
    45 0.970199 -0.000002 -0.000004 1.655618 0.044631 -1.487290
    46 -7.606037 1.001330 -4.120493 -1.713952 1.143227 -1.163008
    47 12.706336 -0.000035 -0.000009 -0.295113 0.288153 -1.837807
    48 0.000000 0.000000 -0.000003 0.000000 0.000000 0.000000
    49 1.200000 0.000000 0.000010 0.000000 0.000000 0.000000
    50 0.000010 -0.300000 0.000000 3.141593 0.000000 -0.174533
    51 0.000000 -0.000001 0.000000 0.000000 0.000000 0.000000
    52 -0.000003 0.000000 0.000001 3.141592 0.000000 0.000000
    53 0.000006 0.000000 0.000004 0.000000 0.000000 0.349065
    54 0.000000 0.000000 0.000000 3.141593 0.000000 0.000000
    55 -0.000008 -0.000006 0.000000 3.141593 0.000000 0.000000
    56 0.000002 -0.000002 0.000000 3.141593 0.000000 0.000000
    57 0.000014 -0.000004 0.000000 3.141593 0.000000 0.000000
    58 -0.000001 0.000000 0.000000 3.141593 0.000000 -0.000001
    59 0.000000 0.000000 0.000000 3.141593 0.000000 0.000000
    60 0.000010 0.000017 0.000000 3.141593 0.000000 -0.000001
    61 0.000000 0.000004 0.000000 3.141593 0.000000 -0.000001
    62 0.000000 0.000006 0.000000 3.141593 0.000000 -0.000001
    63 0.000001 0.000002 0.000000 3.141593 0.000000 0.000000
    64 0.000000 0.000000 0.000000 -3.141592 0.000000 0.000000
    65 0.000000 0.000000 0.000000 -1.570797 -0.000001 0.000000
    66 0.000000 0.000000 0.000000 0.000000 0.000000 0.000000
    67 1.200000 0.000000 0.000000 0.000000 0.000000 0.000000
    68 0.000009 0.299994 0.000000 0.000000 0.000000 0.174533
    69 -0.000001 -0.000001 -0.000004 0.000000 0.000000 0.000000
    70 -0.000010 0.000000 -0.000003 -3.141592 0.000001 0.000000
    71 0.000000 0.000000 0.000000 0.000001 -0.000001 0.349065
    72 0.000000 -0.000003 0.000000 0.000000 0.000000 0.000000
    73 0.000003 0.000000 0.000000 0.000000 0.000000 0.000000
    74 -0.000010 -0.000006 0.000000 -0.000001 0.000000 0.000000
    75 0.000019 0.000002 0.000000 0.000000 0.000000 0.000000
    76 0.000001 0.000004 0.000000 0.000000 0.000000 -0.000001
    77 0.000000 0.000000 0.000000 0.000000 0.000000 -0.000001
    78 0.000001 -0.000002 0.000000 0.000000 0.000000 -0.000001
    79 0.000000 0.000000 0.000000 0.000000 0.000000 -0.000001
    80 0.000001 0.000008 0.000000 0.000000 0.000000 0.000000
    81 -0.000003 0.000004 0.000000 0.000000 0.000000 0.000000
    82 -0.000007 -0.000008 0.000000 0.000000 0.000000 -0.000001
    83 0.000000 0.000002 -0.000002 -1.570796 0.000000 0.000000
  time 37
    0 -2.485709 -17.604280 -5.074620 -2.276867 0.037875 -2.129130
    1 -1.136842 -1.353618 -0.399893 0.000000 0.000004 0.000000
    2 -3.214378 -1.376664 0.223568 0.000003 0.000007 -0.000014
    3 -4.549240 -1.689358 -0.012529 0.000000 0.000000 0.000000
    4 4.331499 0.360595 -0.709097 0.000015 0.000003 -0.095811
    5 3.513922 0.962076 -0.004281 0.000004 -0.000001 1.176003
    6 2.855053 0.477292 0.679213 -0.000001 -0.000004 2.896619
    7 1.649902 5.878080 0.032496 -0.000003 0.000002 -1.570796
    8 6.587842 -0.691444 0.025964 -0.000001 -0.000001 1.570796
    9 -0.367197 -0.421094 -0.583956 0.000001 0.000001 -0.020494
    10 10.620066 1.884898 -0.004843 -1.570796 -0.000002 1.570796
    11 -9.087198 1.359573 -0.008167 -0.000003 0.000002 -1.570796
    12 3.339845 -12.887082 -5.415287 3.463539 -0.108776 -1.978564
    13 1.473659 0.639418 -1.295234 1.402152 0.826383 -0.017358
    14 1.832607 0.000002 -0.000008 3.092261 0.011010 0.140455
    15 1.003335 0.000005 0.000001 -3.043417 0.026842 -0.220359
    16 3.823895 -0.419603 -1.411520 0.600179 -0.066161 0.046849
    17 2.187956 0.000010 0.000000 0.041057 -0.033827 0.875006
    18 1.100960 0.000002 0.000000 0.307808 -0.276112 0.747547
    19 3.987863 -0.577452 -0.474712 0.595841 -0.225720 0.278778
    20 1.890109 -0.000010 -0.000001 -0.056607 0.138935 1.199775
    21 1.310925 0.000000 0.000000 0.111214 -0.073788 0.600018
    22 4.117986 -0.654534 0.453695 0.029962 -0.229854 0.499900
    23 1.655294 0.000008 0.000000 -0.175390 -0.108723 1.245198
    24 0.869582 0.000004 0.000000 -0.000945 -0.002121 1.093854
    25 4.150630 -0.581594 1.354863 -0.390936 -0.003379 0.415057
    26 1.157247 -0.000010 -0.000002 -0.241367 0.061776 0.392153
    27 1.019835 -0.000006 0.000000 -1.483874 -0.020166 0.209191
    28 7.402234 -3.570177 -8.905795 -1.045378 0.532783 -1.197447
    29 12.695427 -0.000020 -0.000008 -0.414063 0.225601 -2.293025
    30 -3.441609 -13.638969 -7.688793 2.365379 0.050705 -2.125928
    31 1.474215 -0.497926 -1.376118 0.979422 0.426184 -0.250703
    32 1.832179 -0.000010 -0.000002 -2.526087 -0.301597 0.609630
    33 1.042025 -0.000004 -0.000009 -2.896961 -0.278839 -0.192682
    34 3.967856 0.614082 -1.331676 0.124818 0.133762 -0.053754
    35 2.152367 -0.000001 0.000004 0.108687 -0.006066 -0.005591
    36 1.056622 -0.000011 0.000000 0.251693 0.004180 0.002172
    37 3.828879 0.952120 -0.368986 0.005515 0.200114 -0.093364
    38 1.830183 0.000015 0.000000 -0.008962 -0.004934 -0.122914
    39 1.561352 0.000008 -0.000004 0.098391 -0.001805 0.000602
    40 4.116518 0.711272 0.551869 0.187923 0.006580 -0.361666
    41 1.752727 0.000006 0.000000 0.026521 0.029537 -1.405331
    42 0.869359 -0.000006 0.000000 0.015618 -0.073487 -0.926076
    43 4.118826 0.331223 1.419829 0.128888 -0.005990 -0.280207
    44 1.176321 0.000006 0.000000 -0.027338 0.139049 -0.923507
    45 0.970199 -0.000002 -0.000004 1.655618 0.044631 -1.487290
    46 -7.606037 1.001330 -4.120493 -1.706529 1.144128 -1.161071
    47 12.706336 -0.000035 -0.000009 -0.294058 0.288381 -1.834607
    48 0.000000 0.000000 -0.000003 0.000000 0.000000 0.000000
    49 1.200000 0.000000 0.000010 0.000000 0.000000 0.000000
    50 0.000010 -0.300000 0.000000 3.141593 0.000000 -0.174533
    51 0.000000 -0.000001 0.000000 0.000000 0.000000 0.000000
    52 -0.000003 0.000000 0.000001 3.141592 0.000000 0.000000
    53 0.000006 0.000000 0.000004 0.000000 0.000000 0.349065
    54 0.000000 0.000000 0.000000 3.141593 0.000000 0.000000
    55 -0.000008 -0.000006 0.000000 3.141593 0.000000 0.000000
    56 0.000002 -0.000002 0.000000 3.141593 0.000000 0.000000
    57 0.000014 -0.000004 0.000000 3.141593 0.000000 0.000000
    58 -0.000001 0.000000 0.000000 3.141593 0.000000 -0.000001
    59 0.000000 0.000000 0.000000 3.141593 0.000000 0.000000
    60 0.000010 0.000017 0.000000 3.141593 0.000000 -0.000001
    61 0.000000 0.000004 0.000000 3.141593 0.000000 -0.000001
    62 0.000000 0.000006 0.000000 3.141593 0.000000 -0.000001
    63 0.000001 0.000002 0.000000 3.141593 0.000000 0.000000
    64 0.000000 0.000000 0.000000 -3.141592 0.000000 0.000000
    65 0.000000 0.000000 0.000000 -1.570797 -0.000001 0.000000
    66 0.000000 0.000000 0.000000 0.000000 0.000000 0.000000
    67 1.200000 0.000000 0.000000 0.000000 0.000000 0.000000
    68 0.000009 0.299994 0.000000 0.000000 0.000000 0.174533
    69 -0.000001 -0.000001 -0.000004 0.000000 0.000000 0.000000
    70 -0.000010 0.000000 -0.000003 -3.141592 0.000001 0.000000
    71 0.000000 0.000000 0.000000 0.000001 -0.000001 0.349065
    72 0.000000 -0.000003 0.000000 0.000000 0.000000 0.000000
    73 0.000003 0.000000 0.000000 0.000000 0.000000 0.000000
    74 -0.000010 -0.000006 0.000000 -0.000001 0.000000 0.000000
    75 0.000019 0.000002 0.000000 0.000000 0.000000 0.000000
    76 0.000001 0.000004 0.000000 0.000000 0.000000 -0.000001
    77 0.000000 0.000000 0.000000 0.000000 0.000000 -0.000001
    78 0.000001 -0.000002 0.000000 0.000000 0.000000 -0.000001
    79 0.000000 0.000000 0.000000 0.000000 0.000000 -0.000001
    80 0.000001 0.000008 0.000000 0.000000 0.000000 0.000000
    81 -0.000003 0.000004 0.000000 0.000000 0.000000 0.000000
    82 -0.000007 -0.000008 0.000000 0.000000 0.000000 -0.000001
    83 0.000000 0.000002 -0.000002 -1.570796 0.000000 0.000000
  time 38
    0 -2.458364 -17.588655 -5.066807 -2.259250 0.024223 -2.110321
    1 -1.132935 -1.353618 -0.399893 0.000000 0.000004 0.000000
    2 -3.206565 -1.372758 0.215755 0.000003 0.000007 -0.000014
    3 -4.549240 -1.689358 -0.012529 0.000000 0.000000 0.000000
    4 4.331499 0.360595 -0.709097 0.000015 0.000003 -0.095811
    5 3.513922 0.962076 -0.004281 0.000004 -0.000001 1.176003
    6 2.855053 0.477292 0.679213 -0.000001 -0.000004 2.896619
    7 1.649902 5.878080 0.032496 -0.000003 0.000002 -1.570796
    8 6.587842 -0.691444 0.025964 -0.000001 -0.000001 1.570796
    9 -0.367197 -0.421094 -0.580050 0.000001 0.000001 -0.020494
    10 10.620066 1.884898 -0.004843 -1.570796 -0.000002 1.570796
    11 -9.087198 1.359573 -0.008167 -0.000003 0.000002 -1.570796
    12 3.425785 -12.855831 -5.598887 3.449487 -0.119682 -1.990081
    13 1.473659 0.639418 -1.295234 1.421239 0.838111 0.008315
    14 1.832607 0.000002 -0.000008 3.092213 0.011513 0.145347
    15 1.003335 0.000005 0.000001 -3.042925 0.025500 -0.205815
    16 3.823895 -0.419603 -1.411520 0.605654 -0.052489 0.056821
    17 2.187956 0.000010 0.000000 0.042388 -0.032509 0.838937
    18 1.100960 0.000002 0.000000 0.315754 -0.269376 0.716661
    19 3.987863 -0.577452 -0.474712 0.573588 -0.210535 0.287249
    20 1.890109 -0.000010 -0.000001 -0.063433 0.139498 1.153695
    21 1.310925 0.000000 0.000000 0.118927 -0.074244 0.576230
    22 4.117986 -0.654534 0.453695 0.029962 -0.229854 0.499900
    23 1.655294 0.000008 0.000000 -0.175390 -0.108723 1.245198
    24 0.869582 0.000004 0.000000 -0.000945 -0.002121 1.093936
    25 4.150630 -0.581594 1.354863 -0.404934 -0.006257 0.366166
    26 1.157247 -0.000010 -0.000002 -0.243297 0.054224 0.333924
    27 1.019835 -0.000006 0.000000 -1.483671 -0.016438 0.180110
    28 7.406140 -4.023316 -8.901889 -1.063844 0.574575 -1.217439
    29 12.695427 -0.000020 -0.000008 -0.423917 0.216829 -2.337940
    30 -3.465047 -13.693658 -7.766921 2.382931 0.037017 -2.105540
    31 1.474215 -0.497926 -1.376118 0.979422 0.426184 -0.250703
    32 1.832179 -0.000010 -0.000002 -2.526087 -0.301597 0.609649
    33 1.042025 -0.000004 -0.000009 -2.896973 -0.278827 -0.192682
    34 3.975669 0.614082 -1.323863 0.124830 0.133762 -0.053754
    35 2.152367 -0.000001 0.000004 0.108675 -0.005958 -0.005591
    36 1.056622 -0.000011 0.000000 0.251705 0.004180 0.002172
    37 3.828879 0.952120 -0.368986 0.005515 0.200114 -0.093364
    38 1.830183 0.000015 0.000000 -0.008974 -0.004934 -0.122914
    39 1.561352 0.000008 -0.000004 0.098391 -0.001805 0.000602
    40 4.116518 0.711272 0.551869 0.187923 0.006580 -0.361666
    41 1.752727 0.000006 0.000000 0.026509 0.029537 -1.405331
    42 0.869359 -0.000006 0.000000 0.015582 -0.073475 -0.926032
    43 4.118826 0.331223 1.419829 0.128888 -0.005990 -0.280207
    44 1.176321 0.000006 0.000000 -0.027338 0.139049 -0.923507
    45 0.970199 -0.000002 -0.000004 1.655618 0.044631 -1.487290
    46 -7.606037 1.001330 -4.120493 -1.703546 1.145329 -1.161446
    47 12.706336 -0.000035 -0.000009 -0.292196 0.288872 -1.827961
    48 0.000000 0.000000 -0.000003 0.000000 0.000000 0.000000
    49 1.200000 0.000000 0.000010 0.000000 0.000000 0.000000
    50 0.000010 -0.300000 0.000000 3.141593 0.000000 -0.174533
    51 0.000000 -0.000001 0.000000 0.000000 0.000000 0.000000
    52 -0.000003 0.000000 0.000001 3.141592 0.000000 0.000000
    53 0.000006 0.000000 0.000004 0.000000 0.000000 0.349065
    54 0.000000 0.000000 0.000000 3.141593 0.000000 0.000000
    55 -0.000008 -0.000006 0.000000 3.141593 0.000000 0.000000
    56 0.000002 -0.000002 0.000000 3.141593 0.000000 0.000000
    57 0.000014 -0.000004 0.000000 3.141593 0.000000 0.000000
    58 -0.000001 0.000000 0.000000 3.141593 0.000000 -0.000001
    59 0.000000 0.000000 0.000000 3.141593 0.000000 0.000000
    60 0.000010 0.000017 0.000000 3.141593 0.000000 -0.000001
    61 0.000000 0.000004 0.000000 3.141593 0.000000 -0.000001
    62 0.000000 0.000006 0.000000 3.141593 0.000000 -0.000001
    63 0.000001 0.000002 0.000000 3.141593 0.000000 0.000000
    64 0.000000 0.000000 0.000000 -3.141592 0.000000 0.000000
    65 0.000000 0.000000 0.000000 -1.570797 -0.000001 0.000000
    66 0.000000 0.000000 0.000000 0.000000 0.000000 0.000000
    67 1.200000 0.000000 0.000000 0.000000 0.000000 0.000000
    68 0.000009 0.299994 0.000000 0.000000 0.000000 0.174533
    69 -0.000001 -0.000001 -0.000004 0.000000 0.000000 0.000000
    70 -0.000010 0.000000 -0.000003 -3.141592 0.000001 0.000000
    71 0.000000 0.000000 0.000000 0.000001 -0.000001 0.349065
    72 0.000000 -0.000003 0.000000 0.000000 0.000000 0.000000
    73 0.000003 0.000000 0.000000 0.000000 0.000000 0.000000
    74 -0.000010 -0.000006 0.000000 -0.000001 0.000000 0.000000
    75 0.000019 0.000002 0.000000 0.000000 0.000000 0.000000
    76 0.000001 0.000004 0.000000 0.000000 0.000000 -0.000001
    77 0.000000 0.000000 0.000000 0.000000 0.000000 -0.000001
    78 0.000001 -0.000002 0.000000 0.000000 0.000000 -0.000001
    79 0.000000 0.000000 0.000000 0.000000 0.000000 -0.000001
    80 0.000001 0.000008 0.000000 0.000000 0.000000 0.000000
    81 -0.000003 0.000004 0.000000 0.000000 0.000000 0.000000
    82 -0.000007 -0.000008 0.000000 0.000000 0.000000 -0.000001
    83 0.000000 0.000002 -0.000002 -1.570796 0.000000 0.000000
  time 39
    0 -2.423207 -17.565217 -5.058995 -2.229216 0.009650 -2.088956
    1 -1.136842 -1.353618 -0.403799 0.000000 0.000004 0.000000
    2 -3.210471 -1.372758 0.219661 0.000003 0.000007 -0.000014
    3 -4.549240 -1.689358 -0.012529 0.000000 0.000000 0.000000
    4 4.331499 0.360595 -0.709097 0.000015 0.000003 -0.095811
    5 3.513922 0.962076 -0.004281 0.000004 -0.000001 1.176003
    6 2.855053 0.477292 0.679213 -0.000001 -0.000004 2.896619
    7 1.649902 5.878080 0.032496 -0.000003 0.000002 -1.570796
    8 6.587842 -0.691444 0.025964 -0.000001 -0.000001 1.570796
    9 -0.386729 -0.432813 -0.580050 0.000001 0.000001 -0.020494
    10 10.620066 1.884898 -0.004843 -1.570796 -0.000002 1.570796
    11 -9.087198 1.359573 -0.008167 -0.000003 0.000002 -1.570796
    12 3.781265 -13.023805 -5.977804 3.390998 -0.125679 -2.055851
    13 1.473659 0.639418 -1.295234 1.455303 0.856896 0.053158
    14 1.832607 0.000002 -0.000008 3.092165 0.012700 0.153761
    15 1.003335 0.000005 0.000001 -3.042458 0.023115 -0.181725
    16 3.823895 -0.419603 -1.411520 0.614470 -0.028259 0.069829
    17 2.187956 0.000010 0.000000 0.044173 -0.030112 0.779396
    18 1.100960 0.000002 0.000000 0.328577 -0.257428 0.665409
    19 3.987863 -0.577452 -0.474712 0.536998 -0.185188 0.300510
    20 1.890109 -0.000010 -0.000001 -0.075006 0.139426 1.076334
    21 1.310925 0.000000 0.000000 0.132069 -0.074472 0.536620
    22 4.117986 -0.654534 0.453695 0.029962 -0.229854 0.499900
    23 1.655294 0.000008 0.000000 -0.175390 -0.108723 1.245198
    24 0.869582 0.000004 0.000000 -0.000945 -0.002109 1.093772
    25 4.150630 -0.581594 1.354863 -0.417961 -0.009637 0.320530
    26 1.157247 -0.000010 -0.000002 -0.244783 0.046816 0.279510
    27 1.019835 -0.000006 0.000000 -1.483539 -0.013023 0.152594
    28 7.402234 -4.453017 -8.905795 -1.083738 0.647815 -1.212464
    29 12.695427 -0.000020 -0.000008 -0.432596 0.208272 -2.378664
    30 -3.465047 -13.775692 -7.888018 2.412931 0.022336 -2.083802
    31 1.474215 -0.497926 -1.376118 0.979422 0.426184 -0.250703
    32 1.832179 -0.000010 -0.000002 -2.526087 -0.301597 0.609649
    33 1.042025 -0.000004 -0.000009 -2.896901 -0.278863 -0.192682
    34 3.975669 0.617988 -1.331676 0.124806 0.133762 -0.053754
    35 2.152367 -0.000001 0.000004 0.108687 -0.006066 -0.005591
    36 1.056622 -0.000011 0.000000 0.251777 0.004168 0.002172
    37 3.836692 0.952120 -0.368986 0.005515 0.200114 -0.093364
    38 1.830183 0.000015 0.000000 -0.008986 -0.004934 -0.122914
    39 1.561352 0.000008 -0.000004 0.098391 -0.001805 0.000602
    40 4.116518 0.711272 0.551869 0.187923 0.006580 -0.361666
    41 1.752727 0.000006 0.000000 0.026497 0.029549 -1.405331
    42 0.869359 -0.000006 0.000000 0.015618 -0.073475 -0.926076
    43 4.118826 0.331223 1.419829 0.128888 -0.005990 -0.280207
    44 1.176321 0.000006 0.000000 -0.027338 0.139049 -0.923507
    45 0.970199 -0.000002 -0.000004 1.655618 0.044631 -1.487290
    46 -7.606037 1.001330 -4.120493 -1.705211 1.146664 -1.164070
    47 12.706336 -0.000035 -0.000009 -0.289254 0.289591 -1.817809
    48 0.000000 0.000000 -0.000003 0.000000 0.000000 0.000000
    49 1.200000 0.000000 0.000010 0.000000 0.000000 0.000000
    50 0.000010 -0.300000 0.000000 3.141593 0.000000 -0.174533
    51 0.000000 -0.000001 0.000000 0.000000 0.000000 0.000000
    52 -0.000003 0.000000 0.000001 3.141592 0.000000 0.000000
    53 0.000006 0.000000 0.000004 0.000000 0.000000 0.349065
    54 0.000000 0.000000 0.000000 3.141593 0.000000 0.000000
    55 -0.000008 -0.000006 0.000000 3.141593 0.000000 0.000000
    56 0.000002 -0.000002 0.000000 3.141593 0.000000 0.000000
    57 0.000014 -0.000004 0.000000 3.141593 0.000000 0.000000
    58 -0.000001 0.000000 0.000000 3.141593 0.000000 -0.000001
    59 0.000000 0.000000 0.000000 3.141593 0.000000 0.000000
    60 0.000010 0.000017 0.000000 3.141593 0.000000 -0.000001
    61 0.000000 0.000004 0.000000 3.141593 0.000000 -0.000001
    62 0.000000 0.000006 0.000000 3.141593 0.000000 -0.000001
    63 0.000001 0.000002 0.000000 3.141593 0.000000 0.000000
    64 0.000000 0.000000 0.000000 -3.141592 0.000000 0.000000
    65 0.000000 0.000000 0.000000 -1.570797 -0.000001 0.000000
    66 0.000000 0.000000 0.000000 0.000000 0.000000 0.000000
    67 1.200000 0.000000 0.000000 0.000000 0.000000 0.000000
    68 0.000009 0.299994 0.000000 0.000000 0.000000 0.174533
    69 -0.000001 -0.000001 -0.000004 0.000000 0.000000 0.000000
    70 -0.000010 0.000000 -0.000003 -3.141592 0.000001 0.000000
    71 0.000000 0.000000 0.000000 0.000001 -0.000001 0.349065
    72 0.000000 -0.000003 0.000000 0.000000 0.000000 0.000000
    73 0.000003 0.000000 0.000000 0.000000 0.000000 0.000000
    74 -0.000010 -0.000006 0.000000 -0.000001 0.000000 0.000000
    75 0.000019 0.000002 0.000000 0.000000 0.000000 0.000000
    76 0.000001 0.000004 0.000000 0.000000 0.000000 -0.000001
    77 0.000000 0.000000 0.000000 0.000000 0.000000 -0.000001
    78 0.000001 -0.000002 0.000000 0.000000 0.000000 -0.000001
    79 0.000000 0.000000 0.000000 0.000000 0.000000 -0.000001
    80 0.000001 0.000008 0.000000 0.000000 0.000000 0.000000
    81 -0.000003 0.000004 0.000000 0.000000 0.000000 0.000000
    82 -0.000007 -0.000008 0.000000 0.000000 0.000000 -0.000001
    83 0.000000 0.000002 -0.000002 -1.570796 0.000000 0.000000
  time 40
    0 -2.388050 -17.537872 -5.055088 -2.213078 -0.005497 -2.069081
    1 -1.132935 -1.353618 -0.399893 0.000000 0.000004 0.000000
    2 -3.206565 -1.376664 0.219661 0.000003 0.000007 -0.000014
    3 -4.549240 -1.689358 -0.012529 0.000000 0.000000 0.000000
    4 4.331499 0.360595 -0.709097 0.000015 0.000003 -0.095811
    5 3.513922 0.962076 -0.004281 0.000004 -0.000001 1.176003
    6 2.855053 0.477292 0.679213 -0.000001 -0.000004 2.896619
    7 1.649902 5.878080 0.032496 -0.000003 0.000002 -1.570796
    8 6.587842 -0.691444 0.025964 -0.000001 -0.000001 1.570796
    9 -0.375010 -0.421094 -0.568331 0.000001 0.000001 -0.020494
    10 10.620066 1.884898 -0.004843 -1.570796 -0.000002 1.570796
    11 -9.087198 1.359573 -0.008167 -0.000003 0.000002 -1.570796
    12 4.191433 -13.340221 -6.466101 3.294917 -0.135418 -2.142409
    13 1.473659 0.639418 -1.295234 1.506585 0.880928 0.118832
    14 1.832607 0.000002 -0.000008 3.092081 0.014174 0.165860
    15 1.003335 0.000005 0.000001 -3.041739 0.019711 -0.148899
    16 3.823895 -0.419603 -1.411520 0.626701 0.005507 0.085824
    17 2.187956 0.000010 0.000000 0.046534 -0.026757 0.697823
    18 1.100960 0.000002 0.000000 0.344948 -0.239678 0.595640
    19 3.987863 -0.577452 -0.474712 0.487632 -0.149522 0.317082
    20 1.890109 -0.000010 -0.000001 -0.091090 0.137436 0.968553
    21 1.310925 0.000000 0.000000 0.150543 -0.073812 0.482270
    22 4.117986 -0.654534 0.453695 0.030070 -0.224058 0.496723
    23 1.655294 0.000008 0.000000 -0.177979 -0.103893 1.217838
    24 0.869582 0.000004 0.000000 -0.000992 -0.001737 1.070633
    25 4.150630 -0.581594 1.354863 -0.430006 -0.013285 0.277622
    26 1.157247 -0.000010 -0.000002 -0.245910 0.039749 0.229319
    27 1.019835 -0.000006 0.000000 -1.483467 -0.009667 0.126788
    28 7.402234 -4.839747 -8.901889 -1.103156 0.736426 -1.198000
    29 12.695427 -0.000020 -0.000008 -0.438522 0.202052 -2.407922
    30 -3.476766 -13.818662 -7.966145 2.429050 0.007013 -2.064480
    31 1.474215 -0.497926 -1.376118 0.979422 0.426184 -0.250703
    32 1.832179 -0.000010 -0.000002 -2.526087 -0.301597 0.609630
    33 1.042025 -0.000004 -0.000009 -2.896973 -0.278839 -0.192682
    34 3.956137 0.610175 -1.323863 0.124830 0.133762 -0.053754
    35 2.152367 -0.000001 0.000004 0.108675 -0.005994 -0.005591
    36 1.056622 -0.000011 0.000000 0.251729 0.004168 0.002172
    37 3.828879 0.956026 -0.376799 0.005515 0.200114 -0.093364
    38 1.830183 0.000015 0.000000 -0.008962 -0.004934 -0.122914
    39 1.561352 0.000008 -0.000004 0.098391 -0.001805 0.000602
    40 4.116518 0.711272 0.551869 0.187923 0.006580 -0.361666
    41 1.752727 0.000006 0.000000 0.026497 0.029549 -1.405331
    42 0.869359 -0.000006 0.000000 0.015570 -0.073475 -0.926054
    43 4.118826 0.331223 1.419829 0.128888 -0.005990 -0.280207
    44 1.176321 0.000006 0.000000 -0.027338 0.139049 -0.923530
    45 0.970199 -0.000002 -0.000004 1.655618 0.044631 -1.487290
    46 -7.606037 1.001330 -4.120493 -1.703199 1.147331 -1.164820
    47 12.706336 -0.000035 -0.000009 -0.287236 0.289950 -1.810733
    48 0.000000 0.000000 -0.000003 0.000000 0.000000 0.000000
    49 1.200000 0.000000 0.000010 0.000000 0.000000 0.000000
    50 0.000010 -0.300000 0.000000 3.141593 0.000000 -0.174533
    51 0.000000 -0.000001 0.000000 0.000000 0.000000 0.000000
    52 -0.000003 0.000000 0.000001 3.141592 0.000000 0.000000
    53 0.000006 0.000000 0.000004 0.000000 0.000000 0.349065
    54 0.000000 0.000000 0.000000 3.141593 0.000000 0.000000
    55 -0.000008 -0.000006 0.000000 3.141593 0.000000 0.000000
    56 0.000002 -0.000002 0.000000 3.141593 0.000000 0.000000
    57 0.000014 -0.000004 0.000000 3.141593 0.000000 0.000000
    58 -0.000001 0.000000 0.000000 3.141593 0.000000 -0.000001
    59 0.000000 0.000000 0.000000 3.141593 0.000000 0.000000
    60 0.000010 0.000017 0.000000 3.141593 0.000000 -0.000001
    61 0.000000 0.000004 0.000000 3.141593 0.000000 -0.000001
    62 0.000000 0.000006 0.000000 3.141593 0.000000 -0.000001
    63 0.000001 0.000002 0.000000 3.141593 0.000000 0.000000
    64 0.000000 0.000000 0.000000 -3.141592 0.000000 0.000000
    65 0.000000 0.000000 0.000000 -1.570797 -0.000001 0.000000
    66 0.000000 0.000000 0.000000 0.000000 0.000000 0.000000
    67 1.200000 0.000000 0.000000 0.000000 0.000000 0.000000
    68 0.000009 0.299994 0.000000 0.000000 0.000000 0.174533
    69 -0.000001 -0.000001 -0.000004 0.000000 0.000000 0.000000
    70 -0.000010 0.000000 -0.000003 -3.141592 0.000001 0.000000
    71 0.000000 0.000000 0.000000 0.000001 -0.000001 0.349065
    72 0.000000 -0.000003 0.000000 0.000000 0.000000 0.000000
    73 0.000003 0.000000 0.000000 0.000000 0.000000 0.000000
    74 -0.000010 -0.000006 0.000000 -0.000001 0.000000 0.000000
    75 0.000019 0.000002 0.000000 0.000000 0.000000 0.000000
    76 0.000001 0.000004 0.000000 0.000000 0.000000 -0.000001
    77 0.000000 0.000000 0.000000 0.000000 0.000000 -0.000001
    78 0.000001 -0.000002 0.000000 0.000000 0.000000 -0.000001
    79 0.000000 0.000000 0.000000 0.000000 0.000000 -0.000001
    80 0.000001 0.000008 0.000000 0.000000 0.000000 0.000000
    81 -0.000003 0.000004 0.000000 0.000000 0.000000 0.000000
    82 -0.000007 -0.000008 0.000000 0.000000 0.000000 -0.000001
    83 0.000000 0.000002 -0.000002 -1.570796 0.000000 0.000000
  time 41
    0 -2.352892 -17.514434 -5.047275 -2.211106 -0.020901 -2.050555
    1 -1.136842 -1.353618 -0.399893 0.000000 0.000004 0.000000
    2 -3.206565 -1.376664 0.219661 0.000003 0.000007 -0.000014
    3 -4.549240 -1.689358 -0.012529 0.000000 0.000000 0.000000
    4 4.331499 0.360595 -0.709097 0.000015 0.000003 -0.095811
    5 3.513922 0.962076 -0.004281 0.000004 -0.000001 1.176003
    6 2.855053 0.477292 0.679213 -0.000001 -0.000004 2.896619
    7 1.649902 5.878080 0.032496 -0.000003 0.000002 -1.570796
    8 6.587842 -0.691444 0.025964 -0.000001 -0.000001 1.570796
    9 -0.390635 -0.440626 -0.587863 0.000001 0.000001 -0.020494
    10 10.620066 1.884898 -0.004843 -1.570796 -0.000002 1.570796
    11 -9.087198 1.359573 -0.008167 -0.000003 0.000002 -1.570796
    12 4.402377 -13.672262 -6.887988 3.205040 -0.154976 -2.201949
    13 1.473659 0.639418 -1.295234 1.576897 0.907115 0.206548
    14 1.832607 0.000002 -0.000008 3.092045 0.016008 0.181677
    15 1.003335 0.000005 0.000001 -3.041032 0.015672 -0.108817
    16 3.823895 -0.419603 -1.411520 0.642050 0.046910 0.104509
    17 2.187956 0.000010 0.000000 0.049039 -0.022430 0.598541
    18 1.100960 0.000002 0.000000 0.363201 -0.216189 0.510730
    19 3.987863 -0.577452 -0.474712 0.428334 -0.104687 0.334819
    20 1.890109 -0.000010 -0.000001 -0.110757 0.132415 0.834698
    21 1.310925 0.000000 0.000000 0.173865 -0.071847 0.415599
    22 4.117986 -0.654534 0.453695 0.030478 -0.206896 0.487165
    23 1.655294 0.000008 0.000000 -0.186632 -0.089583 1.134441
    24 0.869582 0.000004 0.000000 -0.001712 -0.000419 0.999712
    25 4.150630 -0.581594 1.354863 -0.440911 -0.017075 0.238283
    26 1.157247 -0.000010 -0.000002 -0.246353 0.033049 0.183054
    27 1.019835 -0.000006 0.000000 -1.483479 -0.006707 0.102877
    28 7.402234 -5.183508 -8.901889 -1.117624 0.809832 -1.196341
    29 12.695427 -0.000020 -0.000008 -0.441510 0.198816 -2.423105
    30 -3.527549 -13.873351 -8.013022 2.431020 -0.008325 -2.045868
    31 1.474215 -0.497926 -1.376118 0.979422 0.426184 -0.250703
    32 1.832179 -0.000010 -0.000002 -2.526087 -0.301597 0.609649
    33 1.042025 -0.000004 -0.000009 -2.896925 -0.278827 -0.192682
    34 3.948324 0.614082 -1.327770 0.124818 0.133762 -0.053754
    35 2.152367 -0.000001 0.000004 0.108723 -0.006078 -0.005591
    36 1.056622 -0.000011 0.000000 0.251753 0.004180 0.002172
    37 3.840598 0.956026 -0.388518 0.005515 0.200114 -0.093364
    38 1.830183 0.000015 0.000000 -0.008998 -0.004934 -0.122914
    39 1.561352 0.000008 -0.000004 0.098391 -0.001805 0.000569
    40 4.116518 0.711272 0.551869 0.187923 0.006580 -0.361666
    41 1.752727 0.000006 0.000000 0.026521 0.029537 -1.405331
    42 0.869359 -0.000006 0.000000 0.015642 -0.073475 -0.926076
    43 4.118826 0.331223 1.419829 0.128888 -0.005990 -0.280207
    44 1.176321 0.000006 0.000000 -0.027338 0.139049 -0.923507
    45 0.970199 -0.000002 -0.000004 1.655618 0.044631 -1.487290
    46 -7.606037 1.001330 -4.120493 -1.695984 1.147331 -1.162883
    47 12.706336 -0.000035 -0.000009 -0.286364 0.290274 -1.807164
    48 0.000000 0.000000 -0.000003 0.000000 0.000000 0.000000
    49 1.200000 0.000000 0.000010 0.000000 0.000000 0.000000
    50 0.000010 -0.300000 0.000000 3.141593 0.000000 -0.174533
    51 0.000000 -0.000001 0.000000 0.000000 0.000000 0.000000
    52 -0.000003 0.000000 0.000001 3.141592 0.000000 0.000000
    53 0.000006 0.000000 0.000004 0.000000 0.000000 0.349065
    54 0.000000 0.000000 0.000000 3.141593 0.000000 0.000000
    55 -0.000008 -0.000006 0.000000 3.141593 0.000000 0.000000
    56 0.000002 -0.000002 0.000000 3.141593 0.000000 0.000000
    57 0.000014 -0.000004 0.000000 3.141593 0.000000 0.000000
    58 -0.000001 0.000000 0.000000 3.141593 0.000000 -0.000001
    59 0.000000 0.000000 0.000000 3.141593 0.000000 0.000000
    60 0.000010 0.000017 0.000000 3.141593 0.000000 -0.000001
    61 0.000000 0.000004 0.000000 3.141593 0.000000 -0.000001
    62 0.000000 0.000006 0.000000 3.141593 0.000000 -0.000001
    63 0.000001 0.000002 0.000000 3.141593 0.000000 0.000000
    64 0.000000 0.000000 0.000000 -3.141592 0.000000 0.000000
    65 0.000000 0.000000 0.000000 -1.570797 -0.000001 0.000000
    66 0.000000 0.000000 0.000000 0.000000 0.000000 0.000000
    67 1.200000 0.000000 0.000000 0.000000 0.000000 0.000000
    68 0.000009 0.299994 0.000000 0.000000 0.000000 0.174533
    69 -0.000001 -0.000001 -0.000004 0.000000 0.000000 0.000000
    70 -0.000010 0.000000 -0.000003 -3.141592 0.000001 0.000000
    71 0.000000 0.000000 0.000000 0.000001 -0.000001 0.349065
    72 0.000000 -0.000003 0.000000 0.000000 0.000000 0.000000
    73 0.000003 0.000000 0.000000 0.000000 0.000000 0.000000
    74 -0.000010 -0.000006 0.000000 -0.000001 0.000000 0.000000
    75 0.000019 0.000002 0.000000 0.000000 0.000000 0.000000
    76 0.000001 0.000004 0.000000 0.000000 0.000000 -0.000001
    77 0.000000 0.000000 0.000000 0.000000 0.000000 -0.000001
    78 0.000001 -0.000002 0.000000 0.000000 0.000000 -0.000001
    79 0.000000 0.000000 0.000000 0.000000 0.000000 -0.000001
    80 0.000001 0.000008 0.000000 0.000000 0.000000 0.000000
    81 -0.000003 0.000004 0.000000 0.000000 0.000000 0.000000
    82 -0.000007 -0.000008 0.000000 0.000000 0.000000 -0.000001
    83 0.000000 0.000002 -0.000002 -1.570796 0.000000 0.000000
  time 42
    0 -2.317735 -17.487089 -5.043369 -2.214154 -0.036108 -2.029900
    1 -1.136842 -1.349712 -0.399893 0.000000 0.000004 0.000000
    2 -3.206565 -1.372758 0.219661 0.000003 0.000007 -0.000014
    3 -4.549240 -1.689358 -0.012529 0.000000 0.000000 0.000000
    4 4.331499 0.360595 -0.709097 0.000015 0.000003 -0.095811
    5 3.513922 0.962076 -0.004281 0.000004 -0.000001 1.176003
    6 2.855053 0.477292 0.679213 -0.000001 -0.000004 2.896619
    7 1.649902 5.878080 0.032496 -0.000003 0.000002 -1.570796
    8 6.587842 -0.691444 0.025964 -0.000001 -0.000001 1.570796
    9 -0.375010 -0.413281 -0.583956 0.000001 0.000001 -0.020494
    10 10.620066 1.884898 -0.004843 -1.570796 -0.000002 1.570796
    11 -9.087198 1.359573 -0.008167 -0.000003 0.000002 -1.570796
    12 4.320344 -14.183996 -7.263000 3.125565 -0.183630 -2.235993
    13 1.473659 0.639418 -1.295234 1.666411 0.931443 0.314954
    14 1.832607 0.000002 -0.000008 3.092093 0.018189 0.200853
    15 1.003335 0.000005 0.000001 -3.040421 0.011130 -0.063908
    16 3.823895 -0.419603 -1.411520 0.660053 0.093117 0.125638
    17 2.187956 0.000010 0.000000 0.051292 -0.017373 0.488011
    18 1.100960 0.000002 0.000000 0.381166 -0.187342 0.416116
    19 3.987863 -0.577452 -0.474712 0.362908 -0.053321 0.351502
    20 1.890109 -0.000010 -0.000001 -0.132075 0.122683 0.683108
    21 1.310925 0.000000 0.000000 0.200944 -0.067604 0.340783
    22 4.117986 -0.654534 0.453695 0.030574 -0.178841 0.471620
    23 1.655294 0.000008 0.000000 -0.203290 -0.067759 0.995910
    24 0.869582 0.000004 0.000000 -0.002802 0.001355 0.882103
    25 4.150630 -0.581594 1.354863 -0.450787 -0.020943 0.202471
    26 1.157247 -0.000010 -0.000002 -0.246629 0.026598 0.141086
    27 1.019835 -0.000006 0.000000 -1.483551 -0.003962 0.081005
    28 7.406140 -5.472579 -8.905795 -1.120480 0.862758 -1.209239
    29 12.695427 -0.000020 -0.000008 -0.438908 0.201560 -2.409899
    30 -3.593958 -13.908508 -8.036460 2.427796 -0.023541 -2.025267
    31 1.474215 -0.497926 -1.376118 0.979422 0.426184 -0.250703
    32 1.832179 -0.000010 -0.000002 -2.526087 -0.301597 0.609649
    33 1.042025 -0.000004 -0.000009 -2.896937 -0.278827 -0.192682
    34 3.952231 0.606269 -1.319957 0.124866 0.133762 -0.053754
    35 2.152367 -0.000001 0.000004 0.108675 -0.005958 -0.005591
    36 1.056622 -0.000011 0.000000 0.251765 0.004168 0.002172
    37 3.828879 0.956026 -0.376799 0.005515 0.200114 -0.093364
    38 1.830183 0.000015 0.000000 -0.008962 -0.004934 -0.122914
    39 1.561352 0.000008 -0.000004 0.098391 -0.001805 0.000602
    40 4.116518 0.711272 0.551869 0.187923 0.006580 -0.361666
    41 1.752727 0.000006 0.000000 0.026509 0.029561 -1.405331
    42 0.869359 -0.000006 0.000000 0.015546 -0.073475 -0.926076
    43 4.118826 0.331223 1.419829 0.128888 -0.005990 -0.280207
    44 1.176321 0.000006 0.000000 -0.027338 0.139049 -0.923484
    45 0.970199 -0.000002 -0.000004 1.655618 0.044643 -1.487290
    46 -7.606037 1.001330 -4.120493 -1.686272 1.146931 -1.159759
    47 12.706336 -0.000035 -0.000009 -0.285687 0.290466 -1.804825
    48 0.000000 0.000000 -0.000003 0.000000 0.000000 0.000000
    49 1.200000 0.000000 0.000010 0.000000 0.000000 0.000000
    50 0.000010 -0.300000 0.000000 3.141593 0.000000 -0.174533
    51 0.000000 -0.000001 0.000000 0.000000 0.000000 0.000000
    52 -0.000003 0.000000 0.000001 3.141592 0.000000 0.000000
    53 0.000006 0.000000 0.000004 0.000000 0.000000 0.349065
    54 0.000000 0.000000 0.000000 3.141593 0.000000 0.000000
    55 -0.000008 -0.000006 0.000000 3.141593 0.000000 0.000000
    56 0.000002 -0.000002 0.000000 3.141593 0.000000 0.000000
    57 0.000014 -0.000004 0.000000 3.141593 0.000000 0.000000
    58 -0.000001 0.000000 0.000000 3.141593 0.000000 -0.000001
    59 0.000000 0.000000 0.000000 3.141593 0.000000 0.000000
    60 0.000010 0.000017 0.000000 3.141593 0.000000 -0.000001
    61 0.000000 0.000004 0.000000 3.141593 0.000000 -0.000001
    62 0.000000 0.000006 0.000000 3.141593 0.000000 -0.000001
    63 0.000001 0.000002 0.000000 3.141593 0.000000 0.000000
    64 0.000000 0.000000 0.000000 -3.141592 0.000000 0.000000
    65 0.000000 0.000000 0.000000 -1.570797 -0.000001 0.000000
    66 0.000000 0.000000 0.000000 0.000000 0.000000 0.000000
    67 1.200000 0.000000 0.000000 0.000000 0.000000 0.000000
    68 0.000009 0.299994 0.000000 0.000000 0.000000 0.174533
    69 -0.000001 -0.000001 -0.000004 0.000000 0.000000 0.000000
    70 -0.000010 0.000000 -0.000003 -3.141592 0.000001 0.000000
    71 0.000000 0.000000 0.000000 0.000001 -0.000001 0.349065
    72 0.000000 -0.000003 0.000000 0.000000 0.000000 0.000000
    73 0.000003 0.000000 0.000000 0.000000 0.000000 0.000000
    74 -0.000010 -0.000006 0.000000 -0.000001 0.000000 0.000000
    75 0.000019 0.000002 0.000000 0.000000 0.000000 0.000000
    76 0.000001 0.000004 0.000000 0.000000 0.000000 -0.000001
    77 0.000000 0.000000 0.000000 0.000000 0.000000 -0.000001
    78 0.000001 -0.000002 0.000000 0.000000 0.000000 -0.000001
    79 0.000000 0.000000 0.000000 0.000000 0.000000 -0.000001
    80 0.000001 0.000008 0.000000 0.000000 0.000000 0.000000
    81 -0.000003 0.000004 0.000000 0.000000 0.000000 0.000000
    82 -0.000007 -0.000008 0.000000 0.000000 0.000000 -0.000001
    83 0.000000 0.000002 -0.000002 -1.570796 0.000000 0.000000
  time 43
    0 -2.278671 -17.459745 -5.031650 -2.221640 -0.050832 -2.008038
    1 -1.129029 -1.353618 -0.399893 0.000000 0.000004 0.000000
    2 -3.206565 -1.372758 0.219661 0.000003 0.000007 -0.000014
    3 -4.549240 -1.689358 -0.012529 0.000000 0.000000 0.000000
    4 4.331499 0.360595 -0.709097 0.000015 0.000003 -0.095811
    5 3.513922 0.962076 -0.004281 0.000004 -0.000001 1.176003
    6 2.855053 0.477292 0.679213 -0.000001 -0.000004 2.896619
    7 1.649902 5.878080 0.032496 -0.000003 0.000002 -1.570796
    8 6.587842 -0.691444 0.025964 -0.000001 -0.000001 1.570796
    9 -0.371103 -0.428906 -0.572237 0.000001 0.000001 -0.020494
    10 10.620066 1.884898 -0.004843 -1.570796 -0.000002 1.570796
    11 -9.087198 1.359573 -0.008167 -0.000003 0.000002 -1.570796
    12 3.960958 -15.090274 -7.716139 3.037330 -0.222908 -2.263228
    13 1.473659 0.639418 -1.295234 1.771160 0.949455 0.439124
    14 1.832607 0.000002 -0.000008 3.092165 0.020526 0.222964
    15 1.003335 0.000005 0.000001 -3.040025 0.006384 -0.017254
    16 3.823895 -0.419603 -1.411520 0.679745 0.140538 0.148149
    17 2.187956 0.000010 0.000000 0.053018 -0.011884 0.374692
    18 1.100960 0.000002 0.000000 0.396746 -0.154780 0.319086
    19 3.987863 -0.577452 -0.474712 0.295889 0.001065 0.365281
    20 1.890109 -0.000010 -0.000001 -0.152479 0.108554 0.525567
    21 1.310925 0.000000 0.000000 0.230277 -0.061121 0.262999
    22 4.117986 -0.654534 0.453695 0.029962 -0.142346 0.451506
    23 1.655294 0.000008 0.000000 -0.229860 -0.042783 0.811616
    24 0.869582 0.000004 0.000000 -0.004839 0.003524 0.725218
    25 4.150630 -0.581594 1.354863 -0.459452 -0.024669 0.170500
    26 1.157247 -0.000010 -0.000002 -0.246497 0.020619 0.104082
    27 1.019835 -0.000006 0.000000 -1.483635 -0.001530 0.061316
    28 7.406140 -5.714774 -8.901889 -1.118100 0.900603 -1.236142
    29 12.695427 -0.000020 -0.000008 -0.427140 0.213725 -2.352490
    30 -3.672085 -13.939759 -8.044273 2.420274 -0.038222 -2.003529
    31 1.474215 -0.497926 -1.376118 0.979422 0.426184 -0.250703
    32 1.832179 -0.000010 -0.000002 -2.526087 -0.301597 0.609630
    33 1.042025 -0.000004 -0.000009 -2.896901 -0.278827 -0.192682
    34 3.956137 0.610175 -1.323863 0.124806 0.133762 -0.053754
    35 2.152367 -0.000001 0.000004 0.108675 -0.005958 -0.005591
    36 1.056622 -0.000011 0.000000 0.251729 0.004192 0.002172
    37 3.832786 0.956026 -0.376799 0.005515 0.200114 -0.093364
    38 1.830183 0.000015 0.000000 -0.008962 -0.004934 -0.122914
    39 1.561352 0.000008 -0.000004 0.098391 -0.001805 0.000602
    40 4.116518 0.711272 0.551869 0.187923 0.006580 -0.361666
    41 1.752727 0.000006 0.000000 0.026473 0.029537 -1.405331
    42 0.869359 -0.000006 0.000000 0.015630 -0.073511 -0.926076
    43 4.118826 0.331223 1.419829 0.128888 -0.005990 -0.280207
    44 1.176321 0.000006 0.000000 -0.027338 0.139049 -0.923507
    45 0.970199 -0.000002 -0.000004 1.655618 0.044631 -1.487290
    46 -7.606037 1.001330 -4.120493 -1.674548 1.146030 -1.155698
    47 12.706336 -0.000035 -0.000009 -0.285179 0.290550 -1.803472
    48 0.000000 0.000000 -0.000003 0.000000 0.000000 0.000000
    49 1.200000 0.000000 0.000010 0.000000 0.000000 0.000000
    50 0.000010 -0.300000 0.000000 3.141593 0.000000 -0.174533
    51 0.000000 -0.000001 0.000000 0.000000 0.000000 0.000000
    52 -0.000003 0.000000 0.000001 3.141592 0.000000 0.000000
    53 0.000006 0.000000 0.000004 0.000000 0.000000 0.349065
    54 0.000000 0.000000 0.000000 3.141593 0.000000 0.000000
    55 -0.000008 -0.000006 0.000000 3.141593 0.000000 0.000000
    56 0.000002 -0.000002 0.000000 3.141593 0.000000 0.000000
    57 0.000014 -0.000004 0.000000 3.141593 0.000000 0.000000
    58 -0.000001 0.000000 0.000000 3.141593 0.000000 -0.000001
    59 0.000000 0.000000 0.000000 3.141593 0.000000 0.000000
    60 0.000010 0.000017 0.000000 3.141593 0.000000 -0.000001
    61 0.000000 0.000004 0.000000 3.141593 0.000000 -0.000001
    62 0.000000 0.000006 0.000000 3.141593 0.000000 -0.000001
    63 0.000001 0.000002 0.000000 3.141593 0.000000 0.000000
    64 0.000000 0.000000 0.000000 -3.141592 0.000000 0.000000
    65 0.000000 0.000000 0.000000 -1.570797 -0.000001 0.000000
    66 0.000000 0.000000 0.000000 0.000000 0.000000 0.000000
    67 1.200000 0.000000 0.000000 0.000000 0.000000 0.000000
    68 0.000009 0.299994 0.000000 0.000000 0.000000 0.174533
    69 -0.000001 -0.000001 -0.000004 0.000000 0.000000 0.000000
    70 -0.000010 0.000000 -0.000003 -3.141592 0.000001 0.000000
    71 0.000000 0.000000 0.000000 0.000001 -0.000001 0.349065
    72 0.000000 -0.000003 0.000000 0.000000 0.000000 0.000000
    73 0.000003 0.000000 0.000000 0.000000 0.000000 0.000000
    74 -0.000010 -0.000006 0.000000 -0.000001 0.000000 0.000000
    75 0.000019 0.000002 0.000000 0.000000 0.000000 0.000000
    76 0.000001 0.000004 0.000000 0.000000 0.000000 -0.000001
    77 0.000000 0.000000 0.000000 0.000000 0.000000 -0.000001
    78 0.000001 -0.000002 0.000000 0.000000 0.000000 -0.000001
    79 0.000000 0.000000 0.000000 0.000000 0.000000 -0.000001
    80 0.000001 0.000008 0.000000 0.000000 0.000000 0.000000
    81 -0.000003 0.000004 0.000000 0.000000 0.000000 0.000000
    82 -0.000007 -0.000008 0.000000 0.000000 0.000000 -0.000001
    83 0.000000 0.000002 -0.000002 -1.570796 0.000000 0.000000
  time 44
    0 -2.239608 -17.432400 -5.027744 -2.231950 -0.064650 -1.986602
    1 -1.136842 -1.353618 -0.399893 0.000000 0.000004 0.000000
    2 -3.210471 -1.372758 0.219661 0.000003 0.000007 -0.000014
    3 -4.549240 -1.689358 -0.012529 0.000000 0.000000 0.000000
    4 4.331499 0.360595 -0.709097 0.000015 0.000003 -0.095811
    5 3.513922 0.962076 -0.004281 0.000004 -0.000001 1.176003
    6 2.855053 0.477292 0.679213 -0.000001 -0.000004 2.896619
    7 1.649902 5.878080 0.032496 -0.000003 0.000002 -1.570796
    8 6.587842 -0.691444 0.025964 -0.000001 -0.000001 1.570796
    9 -0.359384 -0.432813 -0.568331 0.000001 0.000001 -0.020494
    10 10.620066 1.884898 -0.004843 -1.570796 -0.000002 1.570796
    11 -9.087198 1.359573 -0.008167 -0.000003 0.000002 -1.570796
    12 3.386721 -16.336406 -8.188809 2.945263 -0.268906 -2.283654
    13 1.473659 0.639418 -1.295234 1.883987 0.957992 0.569853
    14 1.832607 0.000002 -0.000008 3.092296 0.022923 0.247195
    15 1.003335 0.000005 0.000001 -3.039845 0.001806 0.027671
    16 3.823895 -0.419603 -1.411520 0.699864 0.185513 0.171055
    17 2.187956 0.000010 0.000000 0.054157 -0.006491 0.267322
    18 1.100960 0.000002 0.000000 0.408443 -0.121259 0.227103
    19 3.987863 -0.577452 -0.474712 0.232056 0.054084 0.374954
    20 1.890109 -0.000010 -0.000001 -0.169610 0.090709 0.375347
    21 1.310925 0.000000 0.000000 0.260022 -0.052264 0.188167
    22 4.117986 -0.654534 0.453695 0.028428 -0.101056 0.428924
    23 1.655294 0.000008 0.000000 -0.264975 -0.020828 0.601957
    24 0.869582 0.000004 0.000000 -0.007452 0.005190 0.545522
    25 4.150630 -0.581594 1.354863 -0.466810 -0.028191 0.142539
    26 1.157247 -0.000010 -0.000002 -0.246149 0.015073 0.071744
    27 1.019835 -0.000006 0.000000 -1.483731 0.000700 0.044036
    28 7.406140 -5.886654 -8.905795 -1.134472 0.918508 -1.286813
    29 12.695427 -0.000020 -0.000008 -0.404763 0.233295 -2.251906
    30 -3.750212 -13.959291 -8.044273 2.409886 -0.052017 -1.982218
    31 1.474215 -0.497926 -1.376118 0.979422 0.426184 -0.250703
    32 1.832179 -0.000010 -0.000002 -2.526087 -0.301597 0.609630
    33 1.042025 -0.000004 -0.000009 -2.896901 -0.278839 -0.192682
    34 3.963950 0.610175 -1.331676 0.124830 0.133762 -0.053754
    35 2.152367 -0.000001 0.000004 0.108687 -0.005958 -0.005591
    36 1.056622 -0.000011 0.000000 0.251705 0.004168 0.002172
    37 3.828879 0.956026 -0.380705 0.005515 0.200114 -0.093364
    38 1.830183 0.000015 0.000000 -0.008974 -0.004934 -0.122914
    39 1.561352 0.000008 -0.000004 0.098391 -0.001805 0.000602
    40 4.116518 0.711272 0.551869 0.187923 0.006580 -0.361666
    41 1.752727 0.000006 0.000000 0.026521 0.029537 -1.405331
    42 0.869359 -0.000006 0.000000 0.015618 -0.073475 -0.926076
    43 4.118826 0.331223 1.419829 0.128888 -0.005990 -0.280207
    44 1.176321 0.000006 0.000000 -0.027338 0.139049 -0.923507
    45 0.970199 -0.000002 -0.000004 1.655618 0.044631 -1.487290
    46 -7.606037 1.001330 -4.120493 -1.662338 1.144762 -1.151387
    47 12.706336 -0.000035 -0.000009 -0.285088 0.290598 -1.802795
    48 0.000000 0.000000 -0.000003 0.000000 0.000000 0.000000
    49 1.200000 0.000000 0.000010 0.000000 0.000000 0.000000
    50 0.000010 -0.300000 0.000000 3.141593 0.000000 -0.174533
    51 0.000000 -0.000001 0.000000 0.000000 0.000000 0.000000
    52 -0.000003 0.000000 0.000001 3.141592 0.000000 0.000000
    53 0.000006 0.000000 0.000004 0.000000 0.000000 0.349065
    54 0.000000 0.000000 0.000000 3.141593 0.000000 0.000000
    55 -0.000008 -0.000006 0.000000 3.141593 0.000000 0.000000
    56 0.000002 -0.000002 0.000000 3.141593 0.000000 0.000000
    57 0.000014 -0.000004 0.000000 3.141593 0.000000 0.000000
    58 -0.000001 0.000000 0.000000 3.141593 0.000000 -0.000001
    59 0.000000 0.000000 0.000000 3.141593 0.000000 0.000000
    60 0.000010 0.000017 0.000000 3.141593 0.000000 -0.000001
    61 0.000000 0.000004 0.000000 3.141593 0.000000 -0.000001
    62 0.000000 0.000006 0.000000 3.141593 0.000000 -0.000001
    63 0.000001 0.000002 0.000000 3.141593 0.000000 0.000000
    64 0.000000 0.000000 0.000000 -3.141592 0.000000 0.000000
    65 0.000000 0.000000 0.000000 -1.570797 -0.000001 0.000000
    66 0.000000 0.000000 0.000000 0.000000 0.000000 0.000000
    67 1.200000 0.000000 0.000000 0.000000 0.000000 0.000000
    68 0.000009 0.299994 0.000000 0.000000 0.000000 0.174533
    69 -0.000001 -0.000001 -0.000004 0.000000 0.000000 0.000000
    70 -0.000010 0.000000 -0.000003 -3.141592 0.000001 0.000000
    71 0.000000 0.000000 0.000000 0.000001 -0.000001 0.349065
    72 0.000000 -0.000003 0.000000 0.000000 0.000000 0.000000
    73 0.000003 0.000000 0.000000 0.000000 0.000000 0.000000
    74 -0.000010 -0.000006 0.000000 -0.000001 0.000000 0.000000
    75 0.000019 0.000002 0.000000 0.000000 0.000000 0.000000
    76 0.000001 0.000004 0.000000 0.000000 0.000000 -0.000001
    77 0.000000 0.000000 0.000000 0.000000 0.000000 -0.000001
    78 0.000001 -0.000002 0.000000 0.000000 0.000000 -0.000001
    79 0.000000 0.000000 0.000000 0.000000 0.000000 -0.000001
    80 0.000001 0.000008 0.000000 0.000000 0.000000 0.000000
    81 -0.000003 0.000004 0.000000 0.000000 0.000000 0.000000
    82 -0.000007 -0.000008 0.000000 0.000000 0.000000 -0.000001
    83 0.000000 0.000002 -0.000002 -1.570796 0.000000 0.000000
  time 45
    0 -2.200544 -17.405055 -5.019931 -2.242664 -0.077441 -1.968148
    1 -1.136842 -1.353618 -0.399893 0.000000 0.000004 0.000000
    2 -3.206565 -1.376664 0.219661 0.000003 0.000007 -0.000014
    3 -4.549240 -1.689358 -0.012529 0.000000 0.000000 0.000000
    4 4.331499 0.360595 -0.709097 0.000015 0.000003 -0.095811
    5 3.513922 0.962076 -0.004281 0.000004 -0.000001 1.176003
    6 2.855053 0.477292 0.679213 -0.000001 -0.000004 2.896619
    7 1.649902 5.878080 0.032496 -0.000003 0.000002 -1.570796
    8 6.587842 -0.691444 0.025964 -0.000001 -0.000001 1.570796
    9 -0.375010 -0.436719 -0.572237 0.000001 0.000001 -0.020494
    10 10.620066 1.884898 -0.004843 -1.570796 -0.000002 1.570796
    11 -9.087198 1.359573 -0.008167 -0.000003 0.000002 -1.570796
    12 2.664043 -17.871609 -8.638042 2.856663 -0.315951 -2.298503
    13 1.473659 0.639418 -1.295234 1.994744 0.955985 0.695994
    14 1.832607 0.000002 -0.000008 3.092632 0.025248 0.272861
    15 1.003335 0.000005 0.000001 -3.039845 -0.002244 0.067800
    16 3.823895 -0.419603 -1.411520 0.718925 0.224787 0.193023
    17 2.187956 0.000010 0.000000 0.054480 -0.001793 0.173385
    18 1.100960 0.000002 0.000000 0.415849 -0.089140 0.146210
    19 3.987863 -0.577452 -0.474712 0.175456 0.101615 0.380651
    20 1.890109 -0.000010 -0.000001 -0.182171 0.071365 0.243410
    21 1.310925 0.000000 0.000000 0.288675 -0.042221 0.121625
    22 4.117986 -0.654534 0.453695 0.026067 -0.060030 0.406342
    23 1.655294 0.000008 0.000000 -0.303074 -0.006842 0.395985
    24 0.869582 0.000004 0.000000 -0.010412 0.006017 0.366346
    25 4.150630 -0.581594 1.354863 -0.473066 -0.031305 0.118902
    26 1.157247 -0.000010 -0.000002 -0.245550 0.009986 0.044704
    27 1.019835 -0.000006 0.000000 -1.483838 0.002533 0.029331
    28 7.406140 -5.999939 -8.901889 -1.181494 0.912443 -1.366599
    29 12.695427 -0.000020 -0.000008 -0.370433 0.256605 -2.110835
    30 -3.820527 -13.990542 -8.044273 2.399095 -0.064758 -1.963251
    31 1.474215 -0.497926 -1.376118 0.979422 0.426184 -0.250703
    32 1.832179 -0.000010 -0.000002 -2.526087 -0.301597 0.609630
    33 1.042025 -0.000004 -0.000009 -2.896901 -0.278851 -0.192682
    34 3.975669 0.617988 -1.316051 0.124854 0.133762 -0.053754
    35 2.152367 -0.000001 0.000004 0.108675 -0.006066 -0.005591
    36 1.056622 -0.000011 0.000000 0.251765 0.004168 0.002172
    37 3.852318 0.956026 -0.368986 0.005515 0.200114 -0.093364
    38 1.830183 0.000015 0.000000 -0.008974 -0.004934 -0.122914
    39 1.561352 0.000008 -0.000004 0.098391 -0.001805 0.000602
    40 4.116518 0.711272 0.551869 0.187923 0.006580 -0.361666
    41 1.752727 0.000006 0.000000 0.026509 0.029549 -1.405331
    42 0.869359 -0.000006 0.000000 0.015546 -0.073475 -0.926076
    43 4.118826 0.331223 1.419829 0.128888 -0.005990 -0.280207
    44 1.176321 0.000006 0.000000 -0.027338 0.139049 -0.923484
    45 0.970199 -0.000002 -0.000004 1.655618 0.044631 -1.487290
    46 -7.606037 1.001330 -4.120493 -1.651655 1.143494 -1.147576
    47 12.706336 -0.000035 -0.000009 -0.284958 0.290622 -1.802303
    48 0.000000 0.000000 -0.000003 0.000000 0.000000 0.000000
    49 1.200000 0.000000 0.000010 0.000000 0.000000 0.000000
    50 0.000010 -0.300000 0.000000 3.141593 0.000000 -0.174533
    51 0.000000 -0.000001 0.000000 0.000000 0.000000 0.000000
    52 -0.000003 0.000000 0.000001 3.141592 0.000000 0.000000
    53 0.000006 0.000000 0.000004 0.000000 0.000000 0.349065
    54 0.000000 0.000000 0.000000 3.141593 0.000000 0.000000
    55 -0.000008 -0.000006 0.000000 3.141593 0.000000 0.000000
    56 0.000002 -0.000002 0.000000 3.141593 0.000000 0.000000
    57 0.000014 -0.000004 0.000000 3.141593 0.000000 0.000000
    58 -0.000001 0.000000 0.000000 3.141593 0.000000 -0.000001
    59 0.000000 0.000000 0.000000 3.141593 0.000000 0.000000
    60 0.000010 0.000017 0.000000 3.141593 0.000000 -0.000001
    61 0.000000 0.000004 0.000000 3.141593 0.000000 -0.000001
    62 0.000000 0.000006 0.000000 3.141593 0.000000 -0.000001
    63 0.000001 0.000002 0.000000 3.141593 0.000000 0.000000
    64 0.000000 0.000000 0.000000 -3.141592 0.000000 0.000000
    65 0.000000 0.000000 0.000000 -1.570797 -0.000001 0.000000
    66 0.000000 0.000000 0.000000 0.000000 0.000000 0.000000
    67 1.200000 0.000000 0.000000 0.000000 0.000000 0.000000
    68 0.000009 0.299994 0.000000 0.000000 0.000000 0.174533
    69 -0.000001 -0.000001 -0.000004 0.000000 0.000000 0.000000
    70 -0.000010 0.000000 -0.000003 -3.141592 0.000001 0.000000
    71 0.000000 0.000000 0.000000 0.000001 -0.000001 0.349065
    72 0.000000 -0.000003 0.000000 0.000000 0.000000 0.000000
    73 0.000003 0.000000 0.000000 0.000000 0.000000 0.000000
    74 -0.000010 -0.000006 0.000000 -0.000001 0.000000 0.000000
    75 0.000019 0.000002 0.000000 0.000000 0.000000 0.000000
    76 0.000001 0.000004 0.000000 0.000000 0.000000 -0.000001
    77 0.000000 0.000000 0.000000 0.000000 0.000000 -0.000001
    78 0.000001 -0.000002 0.000000 0.000000 0.000000 -0.000001
    79 0.000000 0.000000 0.000000 0.000000 0.000000 -0.000001
    80 0.000001 0.000008 0.000000 0.000000 0.000000 0.000000
    81 -0.000003 0.000004 0.000000 0.000000 0.000000 0.000000
    82 -0.000007 -0.000008 0.000000 0.000000 0.000000 -0.000001
    83 0.000000 0.000002 -0.000002 -1.570796 0.000000 0.000000
  time 46
    0 -2.165387 -17.377711 -5.016024 -2.251495 -0.089296 -1.952177
    1 -1.132935 -1.353618 -0.407705 0.000000 0.000004 0.000000
    2 -3.206565 -1.372758 0.215755 0.000003 0.000007 -0.000014
    3 -4.549240 -1.689358 -0.012529 0.000000 0.000000 0.000000
    4 4.331499 0.360595 -0.709097 0.000015 0.000003 -0.095811
    5 3.513922 0.962076 -0.004281 0.000004 -0.000001 1.176003
    6 2.855053 0.477292 0.679213 -0.000001 -0.000004 2.896619
    7 1.649902 5.878080 0.032496 -0.000003 0.000002 -1.570796
    8 6.587842 -0.691444 0.025964 -0.000001 -0.000001 1.570796
    9 -0.390635 -0.440626 -0.587863 0.000001 0.000001 -0.020494
    10 10.620066 1.884898 -0.004843 -1.570796 -0.000002 1.570796
    11 -9.087198 1.359573 -0.008167 -0.000003 0.000002 -1.570796
    12 1.855425 -19.551348 -9.036491 2.780747 -0.355873 -2.310382
    13 1.473659 0.639418 -1.295234 2.094405 0.944734 0.807384
    14 1.832607 0.000002 -0.000008 3.093028 0.027381 0.299016
    15 1.003335 0.000005 0.000001 -3.039977 -0.005528 0.100688
    16 3.823895 -0.419603 -1.411520 0.735499 0.255967 0.212671
    17 2.187956 0.000010 0.000000 0.054504 0.002066 0.097483
    18 1.100960 0.000002 0.000000 0.419696 -0.060748 0.081239
    19 3.987863 -0.577452 -0.474712 0.129178 0.140865 0.383351
    20 1.890109 -0.000010 -0.000001 -0.190073 0.052598 0.137861
    21 1.310925 0.000000 0.000000 0.315102 -0.031938 0.067420
    22 4.117986 -0.654534 0.453695 0.023143 -0.023932 0.386517
    23 1.655294 0.000008 0.000000 -0.337122 -0.001305 0.220761
    24 0.869582 0.000004 0.000000 -0.013181 0.005861 0.211129
    25 4.150630 -0.581594 1.354863 -0.478172 -0.033946 0.099967
    26 1.157247 -0.000010 -0.000002 -0.244939 0.005397 0.023183
    27 1.019835 -0.000006 0.000000 -1.484066 0.003983 0.017427
    28 7.406140 -6.039003 -8.901889 -1.253169 0.880704 -1.464718
    29 12.695427 -0.000020 -0.000008 -0.324134 0.278345 -1.935761
    30 -3.871310 -14.006167 -8.044273 2.390319 -0.076552 -1.948262
    31 1.474215 -0.497926 -1.376118 0.979422 0.426184 -0.250703
    32 1.832179 -0.000010 -0.000002 -2.526087 -0.301597 0.609649
    33 1.042025 -0.000004 -0.000009 -2.896937 -0.278851 -0.192682
    34 3.979575 0.617988 -1.323863 0.124818 0.133762 -0.053754
    35 2.152367 -0.000001 0.000004 0.108687 -0.006006 -0.005591
    36 1.056622 -0.000011 0.000000 0.251717 0.004168 0.002172
    37 3.832786 0.956026 -0.372892 0.005515 0.200114 -0.093364
    38 1.830183 0.000015 0.000000 -0.008962 -0.004934 -0.122914
    39 1.561352 0.000008 -0.000004 0.098391 -0.001805 0.000602
    40 4.116518 0.711272 0.551869 0.187923 0.006580 -0.361666
    41 1.752727 0.000006 0.000000 0.026521 0.029537 -1.405331
    42 0.869359 -0.000006 0.000000 0.015606 -0.073547 -0.926076
    43 4.118826 0.331223 1.419829 0.128888 -0.005990 -0.280207
    44 1.176321 0.000006 0.000000 -0.027338 0.139049 -0.923507
    45 0.970199 -0.000002 -0.000004 1.655618 0.044631 -1.487290
    46 -7.606037 1.001330 -4.120493 -1.643746 1.142426 -1.144952
    47 12.706336 -0.000035 -0.000009 -0.284606 0.290682 -1.801503
    48 0.000000 0.000000 -0.000003 0.000000 0.000000 0.000000
    49 1.200000 0.000000 0.000010 0.000000 0.000000 0.000000
    50 0.000010 -0.300000 0.000000 3.141593 0.000000 -0.174533
    51 0.000000 -0.000001 0.000000 0.000000 0.000000 0.000000
    52 -0.000003 0.000000 0.000001 3.141592 0.000000 0.000000
    53 0.000006 0.000000 0.000004 0.000000 0.000000 0.349065
    54 0.000000 0.000000 0.000000 3.141593 0.000000 0.000000
    55 -0.000008 -0.000006 0.000000 3.141593 0.000000 0.000000
    56 0.000002 -0.000002 0.000000 3.141593 0.000000 0.000000
    57 0.000014 -0.000004 0.000000 3.141593 0.000000 0.000000
    58 -0.000001 0.000000 0.000000 3.141593 0.000000 -0.000001
    59 0.000000 0.000000 0.000000 3.141593 0.000000 0.000000
    60 0.000010 0.000017 0.000000 3.141593 0.000000 -0.000001
    61 0.000000 0.000004 0.000000 3.141593 0.000000 -0.000001
    62 0.000000 0.000006 0.000000 3.141593 0.000000 -0.000001
    63 0.000001 0.000002 0.000000 3.141593 0.000000 0.000000
    64 0.000000 0.000000 0.000000 -3.141592 0.000000 0.000000
    65 0.000000 0.000000 0.000000 -1.570797 -0.000001 0.000000
    66 0.000000 0.000000 0.000000 0.000000 0.000000 0.000000
    67 1.200000 0.000000 0.000000 0.000000 0.000000 0.000000
    68 0.000009 0.299994 0.000000 0.000000 0.000000 0.174533
    69 -0.000001 -0.000001 -0.000004 0.000000 0.000000 0.000000
    70 -0.000010 0.000000 -0.000003 -3.141592 0.000001 0.000000
    71 0.000000 0.000000 0.000000 0.000001 -0.000001 0.349065
    72 0.000000 -0.000003 0.000000 0.000000 0.000000 0.000000
    73 0.000003 0.000000 0.000000 0.000000 0.000000 0.000000
    74 -0.000010 -0.000006 0.000000 -0.000001 0.000000 0.000000
    75 0.000019 0.000002 0.000000 0.000000 0.000000 0.000000
    76 0.000001 0.000004 0.000000 0.000000 0.000000 -0.000001
    77 0.000000 0.000000 0.000000 0.000000 0.000000 -0.000001
    78 0.000001 -0.000002 0.000000 0.000000 0.000000 -0.000001
    79 0.000000 0.000000 0.000000 0.000000 0.000000 -0.000001
    80 0.000001 0.000008 0.000000 0.000000 0.000000 0.000000
    81 -0.000003 0.000004 0.000000 0.000000 0.000000 0.000000
    82 -0.000007 -0.000008 0.000000 0.000000 0.000000 -0.000001
    83 0.000000 0.000002 -0.000002 -1.570796 0.000000 0.000000
  time 47
    0 -2.130229 -17.354273 -5.016024 -2.256426 -0.100426 -1.941601
    1 -1.132935 -1.353618 -0.399893 0.000000 0.000004 0.000000
    2 -3.206565 -1.376664 0.215755 0.000003 0.000007 -0.000014
    3 -4.549240 -1.689358 -0.012529 0.000000 0.000000 0.000000
    4 4.331499 0.360595 -0.709097 0.000015 0.000003 -0.095811
    5 3.513922 0.962076 -0.004281 0.000004 -0.000001 1.176003
    6 2.855053 0.477292 0.679213 -0.000001 -0.000004 2.896619
    7 1.649902 5.878080 0.032496 -0.000003 0.000002 -1.570796
    8 6.587842 -0.691444 0.025964 -0.000001 -0.000001 1.570796
    9 -0.375010 -0.432813 -0.583956 0.000001 0.000001 -0.020494
    10 10.620066 1.884898 -0.004843 -1.570796 -0.000002 1.570796
    11 -9.087198 1.359573 -0.008167 -0.000003 0.000002 -1.570796
    12 1.038993 -21.211555 -9.349001 2.727733 -0.379899 -2.322768
    13 1.473659 0.639418 -1.295234 2.177337 0.926969 0.897971
    14 1.832607 0.000002 -0.000008 3.093531 0.029239 0.325008
    15 1.003335 0.000005 0.000001 -3.040121 -0.007985 0.124762
    16 3.823895 -0.419603 -1.411520 0.748491 0.277698 0.228937
    17 2.187956 0.000010 0.000000 0.054336 0.004919 0.042915
    18 1.100960 0.000002 0.000000 0.420979 -0.037510 0.034820
    19 3.987863 -0.577452 -0.474712 0.095368 0.169328 0.384239
    20 1.890109 -0.000010 -0.000001 -0.193921 0.035747 0.062301
    21 1.310925 0.000000 0.000000 0.338665 -0.022614 0.027988
    22 4.117986 -0.654534 0.453695 0.020603 0.003387 0.371366
    23 1.655294 0.000008 0.000000 -0.362458 -0.000957 0.092542
    24 0.869582 0.000004 0.000000 -0.014954 0.004567 0.095161
    25 4.150630 -0.581594 1.354863 -0.481851 -0.035943 0.085756
    26 1.157247 -0.000010 -0.000002 -0.244268 0.001267 0.007144
    27 1.019835 -0.000006 0.000000 -1.484210 0.005218 0.008550
    28 7.406140 -6.039003 -8.901889 -1.329984 0.828360 -1.563297
    29 12.695427 -0.000020 -0.000008 -0.270314 0.292763 -1.745426
    30 -3.898654 -14.029606 -8.055992 2.385304 -0.087643 -1.937464
    31 1.474215 -0.497926 -1.376118 0.979422 0.426184 -0.250703
    32 1.832179 -0.000010 -0.000002 -2.526087 -0.301597 0.609649
    33 1.042025 -0.000004 -0.000009 -2.896901 -0.278839 -0.192682
    34 3.979575 0.594550 -1.331676 0.124854 0.133762 -0.053754
    35 2.152367 -0.000001 0.000004 0.108723 -0.006054 -0.005591
    36 1.056622 -0.000011 0.000000 0.251753 0.004168 0.002172
    37 3.844505 0.952120 -0.388518 0.005515 0.200114 -0.093364
    38 1.830183 0.000015 0.000000 -0.008962 -0.004934 -0.122914
    39 1.561352 0.000008 -0.000004 0.098391 -0.001805 0.000602
    40 4.116518 0.711272 0.551869 0.187923 0.006580 -0.361666
    41 1.752727 0.000006 0.000000 0.026497 0.029537 -1.405331
    42 0.869359 -0.000006 0.000000 0.015582 -0.073487 -0.926076
    43 4.118826 0.331223 1.419829 0.128888 -0.005990 -0.280207
    44 1.176321 0.000006 0.000000 -0.027338 0.139049 -0.923507
    45 0.970199 -0.000002 -0.000004 1.655618 0.044631 -1.487290
    46 -7.606037 1.001330 -4.120493 -1.639584 1.141892 -1.143640
    47 12.706336 -0.000035 -0.000009 -0.284320 0.290718 -1.800088
    48 0.000000 0.000000 -0.000003 0.000000 0.000000 0.000000
    49 1.200000 0.000000 0.000010 0.000000 0.000000 0.000000
    50 0.000010 -0.300000 0.000000 3.141593 0.000000 -0.174533
    51 0.000000 -0.000001 0.000000 0.000000 0.000000 0.000000
    52 -0.000003 0.000000 0.000001 3.141592 0.000000 0.000000
    53 0.000006 0.000000 0.000004 0.000000 0.000000 0.349065
    54 0.000000 0.000000 0.000000 3.141593 0.000000 0.000000
    55 -0.000008 -0.000006 0.000000 3.141593 0.000000 0.000000
    56 0.000002 -0.000002 0.000000 3.141593 0.000000 0.000000
    57 0.000014 -0.000004 0.000000 3.141593 0.000000 0.000000
    58 -0.000001 0.000000 0.000000 3.141593 0.000000 -0.000001
    59 0.000000 0.000000 0.000000 3.141593 0.000000 0.000000
    60 0.000010 0.000017 0.000000 3.141593 0.000000 -0.000001
    61 0.000000 0.000004 0.000000 3.141593 0.000000 -0.000001
    62 0.000000 0.000006 0.000000 3.141593 0.000000 -0.000001
    63 0.000001 0.000002 0.000000 3.141593 0.000000 0.000000
    64 0.000000 0.000000 0.000000 -3.141592 0.000000 0.000000
    65 0.000000 0.000000 0.000000 -1.570797 -0.000001 0.000000
    66 0.000000 0.000000 0.000000 0.000000 0.000000 0.000000
    67 1.200000 0.000000 0.000000 0.000000 0.000000 0.000000
    68 0.000009 0.299994 0.000000 0.000000 0.000000 0.174533
    69 -0.000001 -0.000001 -0.000004 0.000000 0.000000 0.000000
    70 -0.000010 0.000000 -0.000003 -3.141592 0.000001 0.000000
    71 0.000000 0.000000 0.000000 0.000001 -0.000001 0.349065
    72 0.000000 -0.000003 0.000000 0.000000 0.000000 0.000000
    73 0.000003 0.000000 0.000000 0.000000 0.000000 0.000000
    74 -0.000010 -0.000006 0.000000 -0.000001 0.000000 0.000000
    75 0.000019 0.000002 0.000000 0.000000 0.000000 0.000000
    76 0.000001 0.000004 0.000000 0.000000 0.000000 -0.000001
    77 0.000000 0.000000 0.000000 0.000000 0.000000 -0.000001
    78 0.000001 -0.000002 0.000000 0.000000 0.000000 -0.000001
    79 0.000000 0.000000 0.000000 0.000000 0.000000 -0.000001
    80 0.000001 0.000008 0.000000 0.000000 0.000000 0.000000
    81 -0.000003 0.000004 0.000000 0.000000 0.000000 0.000000
    82 -0.000007 -0.000008 0.000000 0.000000 0.000000 -0.000001
    83 0.000000 0.000002 -0.000002 -1.570796 0.000000 0.000000
  time 48
    0 -2.098978 -17.330834 -5.016024 -2.256963 -0.111118 -1.936420
    1 -1.136842 -1.353618 -0.399893 0.000000 0.000004 0.000000
    2 -3.206565 -1.372758 0.219661 0.000003 0.000007 -0.000014
    3 -4.549240 -1.689358 -0.012529 0.000000 0.000000 0.000000
    4 4.331499 0.360595 -0.709097 0.000015 0.000003 -0.095811
    5 3.513922 0.962076 -0.004281 0.000004 -0.000001 1.176003
    6 2.855053 0.477292 0.679213 -0.000001 -0.000004 2.896619
    7 1.649902 5.878080 0.032496 -0.000003 0.000002 -1.570796
    8 6.587842 -0.691444 0.025964 -0.000001 -0.000001 1.570796
    9 -0.378916 -0.440626 -0.576143 0.000001 0.000001 -0.020494
    10 10.620066 1.884898 -0.004843 -1.570796 -0.000002 1.570796
    11 -9.087198 1.359573 -0.008167 -0.000003 0.000002 -1.570796
    12 0.312409 -22.598316 -9.536507 2.709940 -0.375874 -2.338776
    13 1.473659 0.639418 -1.295234 2.242101 0.905651 0.965869
    14 1.832607 0.000002 -0.000008 3.094070 0.030797 0.350413
    15 1.003335 0.000005 0.000001 -3.040241 -0.009459 0.139322
    16 3.823895 -0.419603 -1.411520 0.757047 0.289364 0.241106
    17 2.187956 0.000010 0.000000 0.054228 0.006561 0.010518
    18 1.100960 0.000002 0.000000 0.420415 -0.020217 0.008199
    19 3.987863 -0.577452 -0.474712 0.074968 0.186514 0.384276
    20 1.890109 -0.000010 -0.000001 -0.194805 0.021593 0.017552
    21 1.310925 0.000000 0.000000 0.359251 -0.015268 0.004345
    22 4.117986 -0.654534 0.453695 0.018649 0.020171 0.361992
    23 1.655294 0.000008 0.000000 -0.377355 -0.002347 0.016710
    24 0.869582 0.000004 0.000000 -0.015925 0.002805 0.025416
    25 4.150630 -0.581594 1.354863 -0.484080 -0.037201 0.076855
    26 1.157247 -0.000010 -0.000002 -0.243537 -0.002352 -0.002709
    27 1.019835 -0.000006 0.000000 -1.484294 0.005925 0.002989
    28 7.406140 -6.039003 -8.901889 -1.395472 0.770408 -1.645478
    29 12.695427 -0.000020 -0.000008 -0.219768 0.296946 -1.572171
    30 -3.898654 -14.049137 -8.075524 2.384722 -0.098352 -1.931568
    31 1.474215 -0.497926 -1.376118 0.979422 0.426184 -0.250703
    32 1.832179 -0.000010 -0.000002 -2.526087 -0.301597 0.609630
    33 1.042025 -0.000004 -0.000009 -2.896901 -0.278851 -0.192682
    34 3.948324 0.610175 -1.323863 0.124830 0.133762 -0.053754
    35 2.152367 -0.000001 0.000004 0.108675 -0.006078 -0.005591
    36 1.056622 -0.000011 0.000000 0.251741 0.004168 0.002172
    37 3.821067 0.956026 -0.388518 0.005515 0.200114 -0.093364
    38 1.830183 0.000015 0.000000 -0.008962 -0.004934 -0.122914
    39 1.561352 0.000008 -0.000004 0.098391 -0.001805 0.000602
    40 4.116518 0.711272 0.551869 0.187923 0.006580 -0.361666
    41 1.752727 0.000006 0.000000 0.026521 0.029549 -1.405331
    42 0.869359 -0.000006 0.000000 0.015582 -0.073487 -0.926076
    43 4.118826 0.331223 1.419829 0.128888 -0.005990 -0.280207
    44 1.176321 0.000006 0.000000 -0.027338 0.139049 -0.923507
    45 0.970199 -0.000002 -0.000004 1.655618 0.044631 -1.487290
    46 -7.606037 1.001330 -4.120493 -1.639445 1.141959 -1.144077
    47 12.706336 -0.000035 -0.000009 -0.283682 0.290789 -1.797811
    48 0.000000 0.000000 -0.000003 0.000000 0.000000 0.000000
    49 1.200000 0.000000 0.000010 0.000000 0.000000 0.000000
    50 0.000010 -0.300000 0.000000 3.141593 0.000000 -0.174533
    51 0.000000 -0.000001 0.000000 0.000000 0.000000 0.000000
    52 -0.000003 0.000000 0.000001 3.141592 0.000000 0.000000
    53 0.000006 0.000000 0.000004 0.000000 0.000000 0.349065
    54 0.000000 0.000000 0.000000 3.141593 0.000000 0.000000
    55 -0.000008 -0.000006 0.000000 3.141593 0.000000 0.000000
    56 0.000002 -0.000002 0.000000 3.141593 0.000000 0.000000
    57 0.000014 -0.000004 0.000000 3.141593 0.000000 0.000000
    58 -0.000001 0.000000 0.000000 3.141593 0.000000 -0.000001
    59 0.000000 0.000000 0.000000 3.141593 0.000000 0.000000
    60 0.000010 0.000017 0.000000 3.141593 0.000000 -0.000001
    61 0.000000 0.000004 0.000000 3.141593 0.000000 -0.000001
    62 0.000000 0.000006 0.000000 3.141593 0.000000 -0.000001
    63 0.000001 0.000002 0.000000 3.141593 0.000000 0.000000
    64 0.000000 0.000000 0.000000 -3.141592 0.000000 0.000000
    65 0.000000 0.000000 0.000000 -1.570797 -0.000001 0.000000
    66 0.000000 0.000000 0.000000 0.000000 0.000000 0.000000
    67 1.200000 0.000000 0.000000 0.000000 0.000000 0.000000
    68 0.000009 0.299994 0.000000 0.000000 0.000000 0.174533
    69 -0.000001 -0.000001 -0.000004 0.000000 0.000000 0.000000
    70 -0.000010 0.000000 -0.000003 -3.141592 0.000001 0.000000
    71 0.000000 0.000000 0.000000 0.000001 -0.000001 0.349065
    72 0.000000 -0.000003 0.000000 0.000000 0.000000 0.000000
    73 0.000003 0.000000 0.000000 0.000000 0.000000 0.000000
    74 -0.000010 -0.000006 0.000000 -0.000001 0.000000 0.000000
    75 0.000019 0.000002 0.000000 0.000000 0.000000 0.000000
    76 0.000001 0.000004 0.000000 0.000000 0.000000 -0.000001
    77 0.000000 0.000000 0.000000 0.000000 0.000000 -0.000001
    78 0.000001 -0.000002 0.000000 0.000000 0.000000 -0.000001
    79 0.000000 0.000000 0.000000 0.000000 0.000000 -0.000001
    80 0.000001 0.000008 0.000000 0.000000 0.000000 0.000000
    81 -0.000003 0.000004 0.000000 0.000000 0.000000 0.000000
    82 -0.000007 -0.000008 0.000000 0.000000 0.000000 -0.000001
    83 0.000000 0.000002 -0.000002 -1.570796 0.000000 0.000000
  time 49
    0 -2.075540 -17.311303 -5.016024 -2.255350 -0.120692 -1.936349
    1 -1.136842 -1.353618 -0.399893 0.000000 0.000004 0.000000
    2 -3.210471 -1.376664 0.219661 0.000003 0.000007 -0.000014
    3 -4.549240 -1.689358 -0.012529 0.000000 0.000000 0.000000
    4 4.331499 0.360595 -0.709097 0.000015 0.000003 -0.095811
    5 3.513922 0.962076 -0.004281 0.000004 -0.000001 1.176003
    6 2.855053 0.477292 0.679213 -0.000001 -0.000004 2.896619
    7 1.649902 5.878080 0.032496 -0.000003 0.000002 -1.570796
    8 6.587842 -0.691444 0.025964 -0.000001 -0.000001 1.570796
    9 -0.375010 -0.425000 -0.572237 0.000001 0.000001 -0.020494
    10 10.620066 1.884898 -0.004843 -1.570796 -0.000002 1.570796
    11 -9.087198 1.359573 -0.008167 -0.000003 0.000002 -1.570796
    12 -0.488397 -23.469436 -9.579477 3.105125 -0.133204 -2.421350
    13 1.473659 0.639418 -1.295234 2.289330 0.883280 1.011641
    14 1.832607 0.000002 -0.000008 3.094669 0.032139 0.374807
    15 1.003335 0.000005 0.000001 -3.040289 -0.010022 0.144118
    16 3.823895 -0.419603 -1.411520 0.760852 0.290983 0.248832
    17 2.187956 0.000010 0.000000 0.054216 0.006968 -0.000126
    18 1.100960 0.000002 0.000000 0.418905 -0.008651 0.000984
    19 3.987863 -0.577452 -0.474712 0.068206 0.192303 0.384202
    20 1.890109 -0.000010 -0.000001 -0.193567 0.010436 0.003223
    21 1.310925 0.000000 0.000000 0.376831 -0.010198 -0.003493
    22 4.117986 -0.654534 0.453695 0.018122 0.025665 0.358946
    23 1.655294 0.000008 0.000000 -0.382160 -0.003114 -0.008129
    24 0.869582 0.000004 0.000000 -0.016045 0.000456 0.002496
    25 4.150630 -0.581594 1.354863 -0.484919 -0.037657 0.073895
    26 1.157247 -0.000010 -0.000002 -0.242806 -0.005420 -0.006154
    27 1.019835 -0.000006 0.000000 -1.484318 0.006117 0.001053
    28 7.406140 -6.039003 -8.901889 -1.431928 0.714325 -1.711351
    29 12.695427 -0.000020 -0.000008 -0.180452 0.294561 -1.437268
    30 -3.883029 -14.056950 -8.106775 2.386334 -0.107915 -1.931497
    31 1.474215 -0.497926 -1.376118 0.979422 0.426184 -0.250703
    32 1.832179 -0.000010 -0.000002 -2.526087 -0.301597 0.609630
    33 1.042025 -0.000004 -0.000009 -2.896925 -0.278839 -0.192682
    34 3.967856 0.602363 -1.331676 0.124806 0.133762 -0.053754
    35 2.152367 -0.000001 0.000004 0.108675 -0.005958 -0.005591
    36 1.056622 -0.000011 0.000000 0.251729 0.004180 0.002172
    37 3.844505 0.948214 -0.388518 0.005515 0.200114 -0.093364
    38 1.830183 0.000015 0.000000 -0.008974 -0.004934 -0.122914
    39 1.561352 0.000008 -0.000004 0.098391 -0.001805 0.000602
    40 4.116518 0.711272 0.551869 0.187923 0.006580 -0.361666
    41 1.752727 0.000006 0.000000 0.026521 0.029537 -1.405331
    42 0.869359 -0.000006 0.000000 0.015642 -0.073559 -0.926076
    43 4.118826 0.331223 1.419829 0.128888 -0.005990 -0.280207
    44 1.176321 0.000006 0.000000 -0.027338 0.139049 -0.923507
    45 0.970199 -0.000002 -0.000004 1.655618 0.044631 -1.487290
    46 -7.606037 1.001330 -4.120493 -1.642914 1.142693 -1.145639
    47 12.706336 -0.000035 -0.000009 -0.283057 0.290921 -1.795719
    48 0.000000 0.000000 -0.000003 0.000000 0.000000 0.000000
    49 1.200000 0.000000 0.000010 0.000000 0.000000 0.000000
    50 0.000010 -0.300000 0.000000 3.141593 0.000000 -0.174533
    51 0.000000 -0.000001 0.000000 0.000000 0.000000 0.000000
    52 -0.000003 0.000000 0.000001 3.141592 0.000000 0.000000
    53 0.000006 0.000000 0.000004 0.000000 0.000000 0.349065
    54 0.000000 0.000000 0.000000 3.141593 0.000000 0.000000
    55 -0.000008 -0.000006 0.000000 3.141593 0.000000 0.000000
    56 0.000002 -0.000002 0.000000 3.141593 0.000000 0.000000
    57 0.000014 -0.000004 0.000000 3.141593 0.000000 0.000000
    58 -0.000001 0.000000 0.000000 3.141593 0.000000 -0.000001
    59 0.000000 0.000000 0.000000 3.141593 0.000000 0.000000
    60 0.000010 0.000017 0.000000 3.141593 0.000000 -0.000001
    61 0.000000 0.000004 0.000000 3.141593 0.000000 -0.000001
    62 0.000000 0.000006 0.000000 3.141593 0.000000 -0.000001
    63 0.000001 0.000002 0.000000 3.141593 0.000000 0.000000
    64 0.000000 0.000000 0.000000 -3.141592 0.000000 0.000000
    65 0.000000 0.000000 0.000000 -1.570797 -0.000001 0.000000
    66 0.000000 0.000000 0.000000 0.000000 0.000000 0.000000
    67 1.200000 0.000000 0.000000 0.000000 0.000000 0.000000
    68 0.000009 0.299994 0.000000 0.000000 0.000000 0.174533
    69 -0.000001 -0.000001 -0.000004 0.000000 0.000000 0.000000
    70 -0.000010 0.000000 -0.000003 -3.141592 0.000001 0.000000
    71 0.000000 0.000000 0.000000 0.000001 -0.000001 0.349065
    72 0.000000 -0.000003 0.000000 0.000000 0.000000 0.000000
    73 0.000003 0.000000 0.000000 0.000000 0.000000 0.000000
    74 -0.000010 -0.000006 0.000000 -0.000001 0.000000 0.000000
    75 0.000019 0.000002 0.000000 0.000000 0.000000 0.000000
    76 0.000001 0.000004 0.000000 0.000000 0.000000 -0.000001
    77 0.000000 0.000000 0.000000 0.000000 0.000000 -0.000001
    78 0.000001 -0.000002 0.000000 0.000000 0.000000 -0.000001
    79 0.000000 0.000000 0.000000 0.000000 0.000000 -0.000001
    80 0.000001 0.000008 0.000000 0.000000 0.000000 0.000000
    81 -0.000003 0.000004 0.000000 0.000000 0.000000 0.000000
    82 -0.000007 -0.000008 0.000000 0.000000 0.000000 -0.000001
    83 0.000000 0.000002 -0.000002 -1.570796 0.000000 0.000000
  time 50
    0 -2.052102 -17.291771 -5.016024 -2.253736 -0.128575 -1.943447
    1 -1.136842 -1.353618 -0.403799 0.000000 0.000004 0.000000
    2 -3.210471 -1.372758 0.219661 0.000003 0.000007 -0.000014
    3 -4.549240 -1.689358 -0.012529 0.000000 0.000000 0.000000
    4 4.331499 0.360595 -0.709097 0.000015 0.000003 -0.095811
    5 3.513922 0.962076 -0.004281 0.000004 -0.000001 1.176003
    6 2.855053 0.477292 0.679213 -0.000001 -0.000004 2.896619
    7 1.649902 5.878080 0.032496 -0.000003 0.000002 -1.570796
    8 6.587842 -0.691444 0.025964 -0.000001 -0.000001 1.570796
    9 -0.371103 -0.432813 -0.572237 0.000001 0.000001 -0.020494
    10 10.620066 1.884898 -0.004843 -1.570796 -0.000002 1.570796
    11 -9.087198 1.359573 -0.008167 -0.000003 0.000002 -1.570796
    12 -1.816562 -24.078830 -9.380252 3.037147 -0.172241 -2.408747
    13 1.473659 0.639418 -1.295234 2.315517 0.849724 1.027546
    14 1.832607 0.000002 -0.000008 3.095460 0.033062 0.402756
    15 1.003335 0.000005 0.000001 -3.040145 -0.008656 0.131365
    16 3.823895 -0.419603 -1.411520 0.747099 0.270255 0.267369
    17 2.187956 0.000010 0.000000 0.053342 0.004763 0.056952
    18 1.100960 0.000002 0.000000 0.416532 -0.002359 0.016658
    19 3.987863 -0.577452 -0.474712 0.071327 0.182475 0.397056
    20 1.890109 -0.000010 -0.000001 -0.185429 0.004156 0.056624
    21 1.310925 0.000000 0.000000 0.393830 -0.005848 0.011361
    22 4.117986 -0.654534 0.453695 0.021405 0.021587 0.376434
    23 1.655294 0.000008 0.000000 -0.373627 0.005407 0.035978
    24 0.869582 0.000004 0.000000 -0.012486 -0.002588 0.021833
    25 4.150630 -0.581594 1.354863 -0.479682 -0.037421 0.096000
    26 1.157247 -0.000010 -0.000002 -0.234584 -0.015712 0.040222
    27 1.019835 -0.000006 0.000000 -1.482376 0.000831 0.015820
    28 7.406140 -6.039003 -8.901889 -1.437925 0.635186 -1.785609
    29 12.695427 -0.000020 -0.000008 -0.139139 0.286207 -1.293192
    30 -3.843965 -14.049137 -8.134119 2.387901 -0.115798 -1.938885
    31 1.474215 -0.497926 -1.376118 0.979422 0.426184 -0.250703
    32 1.832179 -0.000010 -0.000002 -2.526087 -0.301597 0.609649
    33 1.042025 -0.000004 -0.000009 -2.896973 -0.278851 -0.192682
    34 3.956137 0.610175 -1.323863 0.124842 0.133762 -0.053754
    35 2.152367 -0.000001 0.000004 0.108675 -0.006066 -0.005591
    36 1.056622 -0.000011 0.000000 0.251729 0.004168 0.002172
    37 3.832786 0.956026 -0.384611 0.005515 0.200114 -0.093364
    38 1.830183 0.000015 0.000000 -0.008962 -0.004934 -0.122914
    39 1.561352 0.000008 -0.000004 0.098391 -0.001805 0.000602
    40 4.116518 0.711272 0.551869 0.187923 0.006580 -0.361666
    41 1.752727 0.000006 0.000000 0.026521 0.029537 -1.405331
    42 0.869359 -0.000006 0.000000 0.015618 -0.073475 -0.926076
    43 4.118826 0.331223 1.419829 0.128888 -0.005990 -0.280207
    44 1.176321 0.000006 0.000000 -0.027338 0.139049 -0.923484
    45 0.970199 -0.000002 -0.000004 1.655618 0.044643 -1.487290
    46 -7.606037 1.001330 -4.120493 -1.649088 1.144061 -1.148138
    47 12.706336 -0.000035 -0.000009 -0.282810 0.291053 -1.794673
    48 0.000000 0.000000 -0.000003 0.000000 0.000000 0.000000
    49 1.200000 0.000000 0.000010 0.000000 0.000000 0.000000
    50 0.000010 -0.300000 0.000000 3.141593 0.000000 -0.174533
    51 0.000000 -0.000001 0.000000 0.000000 0.000000 0.000000
    52 -0.000003 0.000000 0.000001 3.141592 0.000000 0.000000
    53 0.000006 0.000000 0.000004 0.000000 0.000000 0.349065
    54 0.000000 0.000000 0.000000 3.141593 0.000000 0.000000
    55 -0.000008 -0.000006 0.000000 3.141593 0.000000 0.000000
    56 0.000002 -0.000002 0.000000 3.141593 0.000000 0.000000
    57 0.000014 -0.000004 0.000000 3.141593 0.000000 0.000000
    58 -0.000001 0.000000 0.000000 3.141593 0.000000 -0.000001
    59 0.000000 0.000000 0.000000 3.141593 0.000000 0.000000
    60 0.000010 0.000017 0.000000 3.141593 0.000000 -0.000001
    61 0.000000 0.000004 0.000000 3.141593 0.000000 -0.000001
    62 0.000000 0.000006 0.000000 3.141593 0.000000 -0.000001
    63 0.000001 0.000002 0.000000 3.141593 0.000000 0.000000
    64 0.000000 0.000000 0.000000 -3.141592 0.000000 0.000000
    65 0.000000 0.000000 0.000000 -1.570797 -0.000001 0.000000
    66 0.000000 0.000000 0.000000 0.000000 0.000000 0.000000
    67 1.200000 0.000000 0.000000 0.000000 0.000000 0.000000
    68 0.000009 0.299994 0.000000 0.000000 0.000000 0.174533
    69 -0.000001 -0.000001 -0.000004 0.000000 0.000000 0.000000
    70 -0.000010 0.000000 -0.000003 -3.141592 0.000001 0.000000
    71 0.000000 0.000000 0.000000 0.000001 -0.000001 0.349065
    72 0.000000 -0.000003 0.000000 0.000000 0.000000 0.000000
    73 0.000003 0.000000 0.000000 0.000000 0.000000 0.000000
    74 -0.000010 -0.000006 0.000000 -0.000001 0.000000 0.000000
    75 0.000019 0.000002 0.000000 0.000000 0.000000 0.000000
    76 0.000001 0.000004 0.000000 0.000000 0.000000 -0.000001
    77 0.000000 0.000000 0.000000 0.000000 0.000000 -0.000001
    78 0.000001 -0.000002 0.000000 0.000000 0.000000 -0.000001
    79 0.000000 0.000000 0.000000 0.000000 0.000000 -0.000001
    80 0.000001 0.000008 0.000000 0.000000 0.000000 0.000000
    81 -0.000003 0.000004 0.000000 0.000000 0.000000 0.000000
    82 -0.000007 -0.000008 0.000000 0.000000 0.000000 -0.000001
    83 0.000000 0.000002 -0.000002 -1.570796 0.000000 0.000000
  time 51
    0 -2.036476 -17.276145 -5.016024 -2.252257 -0.136443 -1.951680
    1 -1.129029 -1.353618 -0.399893 0.000000 0.000004 0.000000
    2 -3.206565 -1.372758 0.219661 0.000003 0.000007 -0.000014
    3 -4.549240 -1.689358 -0.012529 0.000000 0.000000 0.000000
    4 4.331499 0.360595 -0.709097 0.000015 0.000003 -0.095811
    5 3.513922 0.962076 -0.004281 0.000004 -0.000001 1.176003
    6 2.855053 0.477292 0.679213 -0.000001 -0.000004 2.896619
    7 1.649902 5.878080 0.032496 -0.000003 0.000002 -1.570796
    8 6.587842 -0.691444 0.025964 -0.000001 -0.000001 1.570796
    9 -0.378916 -0.432813 -0.580050 0.000001 0.000001 -0.020494
    10 10.620066 1.884898 -0.004843 -1.570796 -0.000002 1.570796
    11 -9.087198 1.359573 -0.008167 -0.000003 0.000002 -1.570796
    12 -3.351766 -24.492905 -9.059930 2.863598 -0.261864 -2.381077
    13 1.473659 0.639418 -1.295234 2.317932 0.794784 1.006377
    14 1.832607 0.000002 -0.000008 3.096695 0.033577 0.438336
    15 1.003335 0.000005 0.000001 -3.039929 -0.004761 0.093229
    16 3.823895 -0.419603 -1.411520 0.701590 0.215690 0.313181
    17 2.187956 0.000010 0.000000 0.049614 -0.001889 0.237063
    18 1.100960 0.000002 0.000000 0.412673 -0.000478 0.058420
    19 3.987863 -0.577452 -0.474712 0.079942 0.153317 0.435360
    20 1.890109 -0.000010 -0.000001 -0.164568 0.002849 0.222230
    21 1.310925 0.000000 0.000000 0.412204 -0.000011 0.056034
    22 4.117986 -0.654534 0.453695 0.031149 0.008711 0.428819
    23 1.655294 0.000008 0.000000 -0.345092 0.028789 0.172402
    24 0.869582 0.000004 0.000000 -0.002263 -0.006795 0.080036
    25 4.150630 -0.581594 1.354863 -0.463934 -0.037358 0.162649
    26 1.157247 -0.000010 -0.000002 -0.213611 -0.043954 0.182313
    27 1.019835 -0.000006 0.000000 -1.477403 -0.014868 0.060018
    28 7.406140 -6.039003 -8.901889 -1.434403 0.545246 -1.865486
    29 12.695427 -0.000020 -0.000008 -0.096835 0.271275 -1.139627
    30 -3.804901 -14.041325 -8.153651 2.389289 -0.123742 -1.948049
    31 1.474215 -0.497926 -1.376118 0.979422 0.426184 -0.250703
    32 1.832179 -0.000010 -0.000002 -2.526087 -0.301597 0.609649
    33 1.042025 -0.000004 -0.000009 -2.896937 -0.278827 -0.192682
    34 3.967856 0.606269 -1.331676 0.124818 0.133762 -0.053754
    35 2.152367 -0.000001 0.000004 0.108699 -0.006042 -0.005591
    36 1.056622 -0.000011 0.000000 0.251753 0.004180 0.002172
    37 3.836692 0.948214 -0.380705 0.005515 0.200114 -0.093364
    38 1.830183 0.000015 0.000000 -0.008974 -0.004934 -0.122914
    39 1.561352 0.000008 -0.000004 0.098391 -0.001805 0.000602
    40 4.116518 0.711272 0.551869 0.187923 0.006580 -0.361666
    41 1.752727 0.000006 0.000000 0.026509 0.029561 -1.405331
    42 0.869359 -0.000006 0.000000 0.015582 -0.073523 -0.926076
    43 4.118826 0.331223 1.419829 0.128888 -0.005990 -0.280207
    44 1.176321 0.000006 0.000000 -0.027338 0.139049 -0.923484
    45 0.970199 -0.000002 -0.000004 1.655618 0.044631 -1.487290
    46 -7.606037 1.001330 -4.120493 -1.655748 1.145396 -1.150700
    47 12.706336 -0.000035 -0.000009 -0.282406 0.291161 -1.793811
    48 0.000000 0.000000 -0.000003 0.000000 0.000000 0.000000
    49 1.200000 0.000000 0.000010 0.000000 0.000000 0.000000
    50 0.000010 -0.300000 0.000000 3.141593 0.000000 -0.174533
    51 0.000000 -0.000001 0.000000 0.000000 0.000000 0.000000
    52 -0.000003 0.000000 0.000001 3.141592 0.000000 0.000000
    53 0.000006 0.000000 0.000004 0.000000 0.000000 0.349065
    54 0.000000 0.000000 0.000000 3.141593 0.000000 0.000000
    55 -0.000008 -0.000006 0.000000 3.141593 0.000000 0.000000
    56 0.000002 -0.000002 0.000000 3.141593 0.000000 0.000000
    57 0.000014 -0.000004 0.000000 3.141593 0.000000 0.000000
    58 -0.000001 0.000000 0.000000 3.141593 0.000000 -0.000001
    59 0.000000 0.000000 0.000000 3.141593 0.000000 0.000000
    60 0.000010 0.000017 0.000000 3.141593 0.000000 -0.000001
    61 0.000000 0.000004 0.000000 3.141593 0.000000 -0.000001
    62 0.000000 0.000006 0.000000 3.141593 0.000000 -0.000001
    63 0.000001 0.000002 0.000000 3.141593 0.000000 0.000000
    64 0.000000 0.000000 0.000000 -3.141592 0.000000 0.000000
    65 0.000000 0.000000 0.000000 -1.570797 -0.000001 0.000000
    66 0.000000 0.000000 0.000000 0.000000 0.000000 0.000000
    67 1.200000 0.000000 0.000000 0.000000 0.000000 0.000000
    68 0.000009 0.299994 0.000000 0.000000 0.000000 0.174533
    69 -0.000001 -0.000001 -0.000004 0.000000 0.000000 0.000000
    70 -0.000010 0.000000 -0.000003 -3.141592 0.000001 0.000000
    71 0.000000 0.000000 0.000000 0.000001 -0.000001 0.349065
    72 0.000000 -0.000003 0.000000 0.000000 0.000000 0.000000
    73 0.000003 0.000000 0.000000 0.000000 0.000000 0.000000
    74 -0.000010 -0.000006 0.000000 -0.000001 0.000000 0.000000
    75 0.000019 0.000002 0.000000 0.000000 0.000000 0.000000
    76 0.000001 0.000004 0.000000 0.000000 0.000000 -0.000001
    77 0.000000 0.000000 0.000000 0.000000 0.000000 -0.000001
    78 0.000001 -0.000002 0.000000 0.000000 0.000000 -0.000001
    79 0.000000 0.000000 0.000000 0.000000 0.000000 -0.000001
    80 0.000001 0.000008 0.000000 0.000000 0.000000 0.000000
    81 -0.000003 0.000004 0.000000 0.000000 0.000000 0.000000
    82 -0.000007 -0.000008 0.000000 0.000000 0.000000 -0.000001
    83 0.000000 0.000002 -0.000002 -1.570796 0.000000 0.000000
  time 52
    0 -2.020851 -17.264426 -5.016024 -2.253288 -0.146395 -1.962540
    1 -1.132935 -1.349712 -0.399893 0.000000 0.000004 0.000000
    2 -3.206565 -1.372758 0.223568 0.000003 0.000007 -0.000014
    3 -4.549240 -1.689358 -0.012529 0.000000 0.000000 0.000000
    4 4.331499 0.360595 -0.709097 0.000015 0.000003 -0.095811
    5 3.513922 0.962076 -0.004281 0.000004 -0.000001 1.176003
    6 2.855053 0.477292 0.679213 -0.000001 -0.000004 2.896619
    7 1.649902 5.878080 0.032496 -0.000003 0.000002 -1.570796
    8 6.587842 -0.691444 0.025964 -0.000001 -0.000001 1.570796
    9 -0.359384 -0.440626 -0.587863 0.000001 0.000001 -0.020494
    10 10.620066 1.884898 -0.004843 -1.570796 -0.000002 1.570796
    11 -9.087198 1.359573 -0.008167 -0.000003 0.000002 -1.570796
    12 -4.406485 -24.637440 -8.774765 2.725817 -0.332532 -2.359854
    13 1.473659 0.639418 -1.295234 2.304278 0.721947 0.956523
    14 1.832607 0.000002 -0.000008 3.098085 0.033757 0.479297
    15 1.003335 0.000005 0.000001 -3.039821 0.001387 0.032965
    16 3.823895 -0.419603 -1.411520 0.623991 0.134485 0.387132
    17 2.187956 0.000010 0.000000 0.040973 -0.011680 0.545600
    18 1.100960 0.000002 0.000000 0.407736 -0.002419 0.122787
    19 3.987863 -0.577452 -0.474712 0.091093 0.106289 0.495063
    20 1.890109 -0.000010 -0.000001 -0.130468 0.000129 0.501333
    21 1.310925 0.000000 0.000000 0.431358 0.005657 0.126770
    22 4.117986 -0.654534 0.453695 0.045207 -0.012510 0.511664
    23 1.655294 0.000008 0.000000 -0.291976 0.058402 0.398808
    24 0.869582 0.000004 0.000000 0.013473 -0.013099 0.172236
    25 4.150630 -0.581594 1.354863 -0.438850 -0.039371 0.268848
    26 1.157247 -0.000010 -0.000002 -0.188420 -0.094367 0.417119
    27 1.019835 -0.000006 0.000000 -1.470787 -0.040240 0.129816
    28 7.406140 -6.039003 -8.901889 -1.437544 0.484178 -1.923344
    29 12.695427 -0.000020 -0.000008 -0.069959 0.257708 -1.037145
    30 -3.769744 -14.037418 -8.173183 2.388125 -0.133626 -1.958349
    31 1.474215 -0.497926 -1.376118 0.979422 0.426184 -0.250703
    32 1.832179 -0.000010 -0.000002 -2.526087 -0.301597 0.609649
    33 1.042025 -0.000004 -0.000009 -2.896901 -0.278827 -0.192682
    34 3.975669 0.598456 -1.331676 0.124818 0.133762 -0.053754
    35 2.152367 -0.000001 0.000004 0.108675 -0.006054 -0.005591
    36 1.056622 -0.000011 0.000000 0.251729 0.004180 0.002172
    37 3.832786 0.952120 -0.384611 0.005515 0.200114 -0.093364
    38 1.830183 0.000015 0.000000 -0.008986 -0.004934 -0.122914
    39 1.561352 0.000008 -0.000004 0.098391 -0.001805 0.000602
    40 4.116518 0.711272 0.551869 0.187923 0.006580 -0.361666
    41 1.752727 0.000006 0.000000 0.026521 0.029549 -1.405331
    42 0.869359 -0.000006 0.000000 0.015618 -0.073487 -0.926076
    43 4.118826 0.331223 1.419829 0.128888 -0.005990 -0.280207
    44 1.176321 0.000006 0.000000 -0.027338 0.139049 -0.923484
    45 0.970199 -0.000002 -0.000004 1.655618 0.044631 -1.487290
    46 -7.606037 1.001330 -4.120493 -1.661367 1.146497 -1.153074
    47 12.706336 -0.000035 -0.000009 -0.282250 0.291233 -1.792827
    48 0.000000 0.000000 -0.000003 0.000000 0.000000 0.000000
    49 1.200000 0.000000 0.000010 0.000000 0.000000 0.000000
    50 0.000010 -0.300000 0.000000 3.141593 0.000000 -0.174533
    51 0.000000 -0.000001 0.000000 0.000000 0.000000 0.000000
    52 -0.000003 0.000000 0.000001 3.141592 0.000000 0.000000
    53 0.000006 0.000000 0.000004 0.000000 0.000000 0.349065
    54 0.000000 0.000000 0.000000 3.141593 0.000000 0.000000
    55 -0.000008 -0.000006 0.000000 3.141593 0.000000 0.000000
    56 0.000002 -0.000002 0.000000 3.141593 0.000000 0.000000
    57 0.000014 -0.000004 0.000000 3.141593 0.000000 0.000000
    58 -0.000001 0.000000 0.000000 3.141593 0.000000 -0.000001
    59 0.000000 0.000000 0.000000 3.141593 0.000000 0.000000
    60 0.000010 0.000017 0.000000 3.141593 0.000000 -0.000001
    61 0.000000 0.000004 0.000000 3.141593 0.000000 -0.000001
    62 0.000000 0.000006 0.000000 3.141593 0.000000 -0.000001
    63 0.000001 0.000002 0.000000 3.141593 0.000000 0.000000
    64 0.000000 0.000000 0.000000 -3.141592 0.000000 0.000000
    65 0.000000 0.000000 0.000000 -1.570797 -0.000001 0.000000
    66 0.000000 0.000000 0.000000 0.000000 0.000000 0.000000
    67 1.200000 0.000000 0.000000 0.000000 0.000000 0.000000
    68 0.000009 0.299994 0.000000 0.000000 0.000000 0.174533
    69 -0.000001 -0.000001 -0.000004 0.000000 0.000000 0.000000
    70 -0.000010 0.000000 -0.000003 -3.141592 0.000001 0.000000
    71 0.000000 0.000000 0.000000 0.000001 -0.000001 0.349065
    72 0.000000 -0.000003 0.000000 0.000000 0.000000 0.000000
    73 0.000003 0.000000 0.000000 0.000000 0.000000 0.000000
    74 -0.000010 -0.000006 0.000000 -0.000001 0.000000 0.000000
    75 0.000019 0.000002 0.000000 0.000000 0.000000 0.000000
    76 0.000001 0.000004 0.000000 0.000000 0.000000 -0.000001
    77 0.000000 0.000000 0.000000 0.000000 0.000000 -0.000001
    78 0.000001 -0.000002 0.000000 0.000000 0.000000 -0.000001
    79 0.000000 0.000000 0.000000 0.000000 0.000000 -0.000001
    80 0.000001 0.000008 0.000000 0.000000 0.000000 0.000000
    81 -0.000003 0.000004 0.000000 0.000000 0.000000 0.000000
    82 -0.000007 -0.000008 0.000000 0.000000 0.000000 -0.000001
    83 0.000000 0.000002 -0.000002 -1.570796 0.000000 0.000000
  time 53
    0 -2.009132 -17.252707 -5.016024 -2.258353 -0.158008 -1.976878
    1 -1.136842 -1.353618 -0.403799 0.000000 0.000004 0.000000
    2 -3.206565 -1.372758 0.215755 0.000003 0.000007 -0.000014
    3 -4.549240 -1.689358 -0.012529 0.000000 0.000000 0.000000
    4 4.331499 0.360595 -0.709097 0.000015 0.000003 -0.095811
    5 3.513922 0.962076 -0.004281 0.000004 -0.000001 1.176003
    6 2.855053 0.477292 0.679213 -0.000001 -0.000004 2.896619
    7 1.649902 5.878080 0.032496 -0.000003 0.000002 -1.570796
    8 6.587842 -0.691444 0.025964 -0.000001 -0.000001 1.570796
    9 -0.359384 -0.440626 -0.572237 0.000001 0.000001 -0.020494
    10 10.620066 1.884898 -0.004843 -1.570796 -0.000002 1.570796
    11 -9.087198 1.359573 -0.008167 -0.000003 0.000002 -1.570796
    12 -5.074474 -24.664785 -8.544289 2.648167 -0.382756 -2.364707
    13 1.473659 0.639418 -1.295234 2.284501 0.639044 0.892369
    14 1.832607 0.000002 -0.000008 3.099463 0.033469 0.521530
    15 1.003335 0.000005 0.000001 -3.040193 0.008757 -0.040534
    16 3.823895 -0.419603 -1.411520 0.520965 0.043690 0.484211
    17 2.187956 0.000010 0.000000 0.025837 -0.019494 0.948073
    18 1.100960 0.000002 0.000000 0.401683 -0.007273 0.200625
    19 3.987863 -0.577452 -0.474712 0.100911 0.048404 0.567102
    20 1.890109 -0.000010 -0.000001 -0.089203 -0.013533 0.860459
    21 1.310925 0.000000 0.000000 0.450044 0.010283 0.213391
    22 4.117986 -0.654534 0.453695 0.059780 -0.040093 0.612522
    23 1.655294 0.000008 0.000000 -0.217540 0.077614 0.686897
    24 0.869582 0.000004 0.000000 0.031714 -0.021883 0.284977
    25 4.150630 -0.581594 1.354863 -0.408829 -0.045503 0.398893
    26 1.157247 -0.000010 -0.000002 -0.174050 -0.163372 0.714822
    27 1.019835 -0.000006 0.000000 -1.465214 -0.071568 0.215040
    28 7.406140 -6.039003 -8.901889 -1.445064 0.445626 -1.963144
    29 12.695427 -0.000020 -0.000008 -0.054028 0.247929 -0.973331
    30 -3.734587 -14.029606 -8.188808 2.383200 -0.145267 -1.972770
    31 1.474215 -0.497926 -1.376118 0.979422 0.426184 -0.250703
    32 1.832179 -0.000010 -0.000002 -2.526087 -0.301597 0.609649
    33 1.042025 -0.000004 -0.000009 -2.896901 -0.278851 -0.192682
    34 3.956137 0.617988 -1.331676 0.124938 0.133762 -0.053754
    35 2.152367 -0.000001 0.000004 0.108735 -0.005994 -0.005591
    36 1.056622 -0.000011 0.000000 0.251753 0.004180 0.002172
    37 3.828879 0.956026 -0.380705 0.005515 0.200114 -0.093364
    38 1.830183 0.000015 0.000000 -0.008962 -0.004934 -0.122914
    39 1.561352 0.000008 -0.000004 0.098391 -0.001805 0.000602
    40 4.116518 0.711272 0.551869 0.187923 0.006580 -0.361666
    41 1.752727 0.000006 0.000000 0.026521 0.029537 -1.405331
    42 0.869359 -0.000006 0.000000 0.015606 -0.073475 -0.926076
    43 4.118826 0.331223 1.419829 0.128888 -0.005990 -0.280207
    44 1.176321 0.000006 0.000000 -0.027338 0.139049 -0.923530
    45 0.970199 -0.000002 -0.000004 1.655618 0.044655 -1.487290
    46 -7.606037 1.001330 -4.120493 -1.666223 1.147465 -1.155011
    47 12.706336 -0.000035 -0.000009 -0.282133 0.291257 -1.792458
    48 0.000000 0.000000 -0.000003 0.000000 0.000000 0.000000
    49 1.200000 0.000000 0.000010 0.000000 0.000000 0.000000
    50 0.000010 -0.300000 0.000000 3.141593 0.000000 -0.174533
    51 0.000000 -0.000001 0.000000 0.000000 0.000000 0.000000
    52 -0.000003 0.000000 0.000001 3.141592 0.000000 0.000000
    53 0.000006 0.000000 0.000004 0.000000 0.000000 0.349065
    54 0.000000 0.000000 0.000000 3.141593 0.000000 0.000000
    55 -0.000008 -0.000006 0.000000 3.141593 0.000000 0.000000
    56 0.000002 -0.000002 0.000000 3.141593 0.000000 0.000000
    57 0.000014 -0.000004 0.000000 3.141593 0.000000 0.000000
    58 -0.000001 0.000000 0.000000 3.141593 0.000000 -0.000001
    59 0.000000 0.000000 0.000000 3.141593 0.000000 0.000000
    60 0.000010 0.000017 0.000000 3.141593 0.000000 -0.000001
    61 0.000000 0.000004 0.000000 3.141593 0.000000 -0.000001
    62 0.000000 0.000006 0.000000 3.141593 0.000000 -0.000001
    63 0.000001 0.000002 0.000000 3.141593 0.000000 0.000000
    64 0.000000 0.000000 0.000000 -3.141592 0.000000 0.000000
    65 0.000000 0.000000 0.000000 -1.570797 -0.000001 0.000000
    66 0.000000 0.000000 0.000000 0.000000 0.000000 0.000000
    67 1.200000 0.000000 0.000000 0.000000 0.000000 0.000000
    68 0.000009 0.299994 0.000000 0.000000 0.000000 0.174533
    69 -0.000001 -0.000001 -0.000004 0.000000 0.000000 0.000000
    70 -0.000010 0.000000 -0.000003 -3.141592 0.000001 0.000000
    71 0.000000 0.000000 0.000000 0.000001 -0.000001 0.349065
    72 0.000000 -0.000003 0.000000 0.000000 0.000000 0.000000
    73 0.000003 0.000000 0.000000 0.000000 0.000000 0.000000
    74 -0.000010 -0.000006 0.000000 -0.000001 0.000000 0.000000
    75 0.000019 0.000002 0.000000 0.000000 0.000000 0.000000
    76 0.000001 0.000004 0.000000 0.000000 0.000000 -0.000001
    77 0.000000 0.000000 0.000000 0.000000 0.000000 -0.000001
    78 0.000001 -0.000002 0.000000 0.000000 0.000000 -0.000001
    79 0.000000 0.000000 0.000000 0.000000 0.000000 -0.000001
    80 0.000001 0.000008 0.000000 0.000000 0.000000 0.000000
    81 -0.000003 0.000004 0.000000 0.000000 0.000000 0.000000
    82 -0.000007 -0.000008 0.000000 0.000000 0.000000 -0.000001
    83 0.000000 0.000002 -0.000002 -1.570796 0.000000 0.000000
  time 54
    0 -2.001319 -17.244894 -5.016024 -2.263419 -0.167900 -1.988519
    1 -1.136842 -1.353618 -0.399893 0.000000 0.000004 0.000000
    2 -3.214378 -1.376664 0.215755 0.000003 0.000007 -0.000014
    3 -4.549240 -1.689358 -0.012529 0.000000 0.000000 0.000000
    4 4.331499 0.360595 -0.709097 0.000015 0.000003 -0.095811
    5 3.513922 0.962076 -0.004281 0.000004 -0.000001 1.176003
    6 2.855053 0.477292 0.679213 -0.000001 -0.000004 2.896619
    7 1.649902 5.878080 0.032496 -0.000003 0.000002 -1.570796
    8 6.587842 -0.691444 0.025964 -0.000001 -0.000001 1.570796
    9 -0.367197 -0.440626 -0.587863 0.000001 0.000001 -0.020494
    10 10.620066 1.884898 -0.004843 -1.570796 -0.000002 1.570796
    11 -9.087198 1.359573 -0.008167 -0.000003 0.000002 -1.570796
    12 -5.562770 -24.660879 -8.372409 2.592507 -0.432135 -2.385568
    13 1.473659 0.639418 -1.295234 2.266851 0.558756 0.829172
    14 1.832607 0.000002 -0.000008 3.100782 0.033098 0.559784
    15 1.003335 0.000005 0.000001 -3.041116 0.016332 -0.114080
    16 3.823895 -0.419603 -1.411520 0.409643 -0.035773 0.589090
    17 2.187956 0.000010 0.000000 0.009011 -0.020656 1.350639
    18 1.100960 0.000002 0.000000 0.395344 -0.013241 0.278177
    19 3.987863 -0.577452 -0.474712 0.106470 -0.010369 0.638457
    20 1.890109 -0.000010 -0.000001 -0.054661 -0.039168 1.218606
    21 1.310925 0.000000 0.000000 0.466178 0.013232 0.300174
    22 4.117986 -0.654534 0.453695 0.071741 -0.068979 0.713275
    23 1.655294 0.000008 0.000000 -0.140803 0.074666 0.976077
    24 0.869582 0.000004 0.000000 0.048887 -0.032022 0.397827
    25 4.150630 -0.581594 1.354863 -0.379610 -0.055472 0.528560
    26 1.157247 -0.000010 -0.000002 -0.180869 -0.232967 1.016229
    27 1.019835 -0.000006 0.000000 -1.462326 -0.103458 0.300325
    28 7.406140 -6.039003 -8.901889 -1.453916 0.417543 -1.993455
    29 12.695427 -0.000020 -0.000008 -0.042663 0.240067 -0.926360
    30 -3.715055 -14.021793 -8.196621 2.378140 -0.155075 -1.984420
    31 1.474215 -0.497926 -1.376118 0.979422 0.426184 -0.250703
    32 1.832179 -0.000010 -0.000002 -2.526087 -0.301597 0.609649
    33 1.042025 -0.000004 -0.000009 -2.896937 -0.278827 -0.192682
    34 3.983482 0.606269 -1.323863 0.124818 0.133762 -0.053754
    35 2.152367 -0.000001 0.000004 0.108675 -0.006042 -0.005591
    36 1.056622 -0.000011 0.000000 0.251705 0.004180 0.002172
    37 3.848411 0.952120 -0.368986 0.005515 0.200114 -0.093364
    38 1.830183 0.000015 0.000000 -0.008962 -0.004934 -0.122914
    39 1.561352 0.000008 -0.000004 0.098391 -0.001805 0.000602
    40 4.116518 0.711272 0.551869 0.187923 0.006580 -0.361666
    41 1.752727 0.000006 0.000000 0.026521 0.029549 -1.405331
    42 0.869359 -0.000006 0.000000 0.015618 -0.073547 -0.926076
    43 4.118826 0.331223 1.419829 0.128888 -0.005990 -0.280207
    44 1.176321 0.000006 0.000000 -0.027338 0.139025 -0.923484
    45 0.970199 -0.000002 -0.000004 1.655618 0.044631 -1.487290
    46 -7.606037 1.001330 -4.120493 -1.669900 1.148299 -1.156323
    47 12.706336 -0.000035 -0.000009 -0.282159 0.291245 -1.792581
    48 0.000000 0.000000 -0.000003 0.000000 0.000000 0.000000
    49 1.200000 0.000000 0.000010 0.000000 0.000000 0.000000
    50 0.000010 -0.300000 0.000000 3.141593 0.000000 -0.174533
    51 0.000000 -0.000001 0.000000 0.000000 0.000000 0.000000
    52 -0.000003 0.000000 0.000001 3.141592 0.000000 0.000000
    53 0.000006 0.000000 0.000004 0.000000 0.000000 0.349065
    54 0.000000 0.000000 0.000000 3.141593 0.000000 0.000000
    55 -0.000008 -0.000006 0.000000 3.141593 0.000000 0.000000
    56 0.000002 -0.000002 0.000000 3.141593 0.000000 0.000000
    57 0.000014 -0.000004 0.000000 3.141593 0.000000 0.000000
    58 -0.000001 0.000000 0.000000 3.141593 0.000000 -0.000001
    59 0.000000 0.000000 0.000000 3.141593 0.000000 0.000000
    60 0.000010 0.000017 0.000000 3.141593 0.000000 -0.000001
    61 0.000000 0.000004 0.000000 3.141593 0.000000 -0.000001
    62 0.000000 0.000006 0.000000 3.141593 0.000000 -0.000001
    63 0.000001 0.000002 0.000000 3.141593 0.000000 0.000000
    64 0.000000 0.000000 0.000000 -3.141592 0.000000 0.000000
    65 0.000000 0.000000 0.000000 -1.570797 -0.000001 0.000000
    66 0.000000 0.000000 0.000000 0.000000 0.000000 0.000000
    67 1.200000 0.000000 0.000000 0.000000 0.000000 0.000000
    68 0.000009 0.299994 0.000000 0.000000 0.000000 0.174533
    69 -0.000001 -0.000001 -0.000004 0.000000 0.000000 0.000000
    70 -0.000010 0.000000 -0.000003 -3.141592 0.000001 0.000000
    71 0.000000 0.000000 0.000000 0.000001 -0.000001 0.349065
    72 0.000000 -0.000003 0.000000 0.000000 0.000000 0.000000
    73 0.000003 0.000000 0.000000 0.000000 0.000000 0.000000
    74 -0.000010 -0.000006 0.000000 -0.000001 0.000000 0.000000
    75 0.000019 0.000002 0.000000 0.000000 0.000000 0.000000
    76 0.000001 0.000004 0.000000 0.000000 0.000000 -0.000001
    77 0.000000 0.000000 0.000000 0.000000 0.000000 -0.000001
    78 0.000001 -0.000002 0.000000 0.000000 0.000000 -0.000001
    79 0.000000 0.000000 0.000000 0.000000 0.000000 -0.000001
    80 0.000001 0.000008 0.000000 0.000000 0.000000 0.000000
    81 -0.000003 0.000004 0.000000 0.000000 0.000000 0.000000
    82 -0.000007 -0.000008 0.000000 0.000000 0.000000 -0.000001
    83 0.000000 0.000002 -0.000002 -1.570796 0.000000 0.000000
  time 55
    0 -1.989600 -17.229269 -5.016024 -2.264943 -0.173125 -1.993204
    1 -1.132935 -1.353618 -0.399893 0.000000 0.000004 0.000000
    2 -3.210471 -1.372758 0.219661 0.000003 0.000007 -0.000014
    3 -4.549240 -1.689358 -0.012529 0.000000 0.000000 0.000000
    4 4.331499 0.360595 -0.709097 0.000015 0.000003 -0.095811
    5 3.513922 0.962076 -0.004281 0.000004 -0.000001 1.176003
    6 2.855053 0.477292 0.679213 -0.000001 -0.000004 2.896619
    7 1.649902 5.878080 0.032496 -0.000003 0.000002 -1.570796
    8 6.587842 -0.691444 0.025964 -0.000001 -0.000001 1.570796
    9 -0.386729 -0.440626 -0.587863 0.000001 0.000001 -0.020494
    10 10.620066 1.884898 -0.004843 -1.570796 -0.000002 1.570796
    11 -9.087198 1.359573 -0.008167 -0.000003 0.000002 -1.570796
    12 -5.789340 -24.653066 -8.270843 2.565863 -0.470528 -2.412151
    13 1.473659 0.639418 -1.295234 2.254778 0.494144 0.778699
    14 1.832607 0.000002 -0.000008 3.101752 0.032498 0.588907
    15 1.003335 0.000005 0.000001 -3.042170 0.022372 -0.174266
    16 3.823895 -0.419603 -1.411520 0.313243 -0.090901 0.680023
    17 2.187956 0.000010 0.000000 -0.003525 -0.017181 1.659454
    18 1.100960 0.000002 0.000000 0.389843 -0.018455 0.341727
    19 3.987863 -0.577452 -0.474712 0.107868 -0.058559 0.696680
    20 1.890109 -0.000010 -0.000001 -0.034876 -0.065618 1.496495
    21 1.310925 0.000000 0.000000 0.478158 0.014334 0.371328
    22 4.117986 -0.654534 0.453695 0.079111 -0.093315 0.795516
    23 1.655294 0.000008 0.000000 -0.082678 0.056928 1.204139
    24 0.869582 0.000004 0.000000 0.061999 -0.041490 0.489781
    25 4.150630 -0.581594 1.354863 -0.357007 -0.066290 0.634338
    26 1.157247 -0.000010 -0.000002 -0.201279 -0.284219 1.257554
    27 1.019835 -0.000006 0.000000 -1.461966 -0.129669 0.370247
    28 7.406140 -6.039003 -8.901889 -1.466576 0.404914 -2.010776
    29 12.695427 -0.000020 -0.000008 -0.037375 0.236124 -0.904219
    30 -3.703336 -14.010074 -8.204434 2.376528 -0.160315 -1.988469
    31 1.474215 -0.497926 -1.376118 0.979422 0.426184 -0.250703
    32 1.832179 -0.000010 -0.000002 -2.526087 -0.301597 0.609649
    33 1.042025 -0.000004 -0.000009 -2.896973 -0.278863 -0.192682
    34 3.983482 0.598456 -1.319957 0.124806 0.133762 -0.053754
    35 2.152367 -0.000001 0.000004 0.108735 -0.006042 -0.005591
    36 1.056622 -0.000011 0.000000 0.251753 0.004168 0.002172
    37 3.840598 0.952120 -0.376799 0.005515 0.200114 -0.093364
    38 1.830183 0.000015 0.000000 -0.008974 -0.004934 -0.122914
    39 1.561352 0.000008 -0.000004 0.098391 -0.001805 0.000602
    40 4.116518 0.711272 0.551869 0.187923 0.006580 -0.361666
    41 1.752727 0.000006 0.000000 0.026509 0.029549 -1.405331
    42 0.869359 -0.000006 0.000000 0.015558 -0.073499 -0.926076
    43 4.118826 0.331223 1.419829 0.128888 -0.005990 -0.280207
    44 1.176321 0.000006 0.000000 -0.027338 0.139049 -0.923484
    45 0.970199 -0.000002 -0.000004 1.655618 0.044655 -1.487290
    46 -7.606037 1.001330 -4.120493 -1.672328 1.149200 -1.157260
    47 12.706336 -0.000035 -0.000009 -0.282263 0.291221 -1.792827
    48 0.000000 0.000000 -0.000003 0.000000 0.000000 0.000000
    49 1.200000 0.000000 0.000010 0.000000 0.000000 0.000000
    50 0.000010 -0.300000 0.000000 3.141593 0.000000 -0.174533
    51 0.000000 -0.000001 0.000000 0.000000 0.000000 0.000000
    52 -0.000003 0.000000 0.000001 3.141592 0.000000 0.000000
    53 0.000006 0.000000 0.000004 0.000000 0.000000 0.349065
    54 0.000000 0.000000 0.000000 3.141593 0.000000 0.000000
    55 -0.000008 -0.000006 0.000000 3.141593 0.000000 0.000000
    56 0.000002 -0.000002 0.000000 3.141593 0.000000 0.000000
    57 0.000014 -0.000004 0.000000 3.141593 0.000000 0.000000
    58 -0.000001 0.000000 0.000000 3.141593 0.000000 -0.000001
    59 0.000000 0.000000 0.000000 3.141593 0.000000 0.000000
    60 0.000010 0.000017 0.000000 3.141593 0.000000 -0.000001
    61 0.000000 0.000004 0.000000 3.141593 0.000000 -0.000001
    62 0.000000 0.000006 0.000000 3.141593 0.000000 -0.000001
    63 0.000001 0.000002 0.000000 3.141593 0.000000 0.000000
    64 0.000000 0.000000 0.000000 -3.141592 0.000000 0.000000
    65 0.000000 0.000000 0.000000 -1.570797 -0.000001 0.000000
    66 0.000000 0.000000 0.000000 0.000000 0.000000 0.000000
    67 1.200000 0.000000 0.000000 0.000000 0.000000 0.000000
    68 0.000009 0.299994 0.000000 0.000000 0.000000 0.174533
    69 -0.000001 -0.000001 -0.000004 0.000000 0.000000 0.000000
    70 -0.000010 0.000000 -0.000003 -3.141592 0.000001 0.000000
    71 0.000000 0.000000 0.000000 0.000001 -0.000001 0.349065
    72 0.000000 -0.000003 0.000000 0.000000 0.000000 0.000000
    73 0.000003 0.000000 0.000000 0.000000 0.000000 0.000000
    74 -0.000010 -0.000006 0.000000 -0.000001 0.000000 0.000000
    75 0.000019 0.000002 0.000000 0.000000 0.000000 0.000000
    76 0.000001 0.000004 0.000000 0.000000 0.000000 -0.000001
    77 0.000000 0.000000 0.000000 0.000000 0.000000 -0.000001
    78 0.000001 -0.000002 0.000000 0.000000 0.000000 -0.000001
    79 0.000000 0.000000 0.000000 0.000000 0.000000 -0.000001
    80 0.000001 0.000008 0.000000 0.000000 0.000000 0.000000
    81 -0.000003 0.000004 0.000000 0.000000 0.000000 0.000000
    82 -0.000007 -0.000008 0.000000 0.000000 0.000000 -0.000001
    83 0.000000 0.000002 -0.000002 -1.570796 0.000000 0.000000
  time 56
    0 -1.977881 -17.213643 -5.016024 -2.256919 -0.174061 -1.993487
    1 -1.136842 -1.353618 -0.399893 0.000000 0.000004 0.000000
    2 -3.210471 -1.372758 0.223568 0.000003 0.000007 -0.000014
    3 -4.549240 -1.689358 -0.012529 0.000000 0.000000 0.000000
    4 4.331499 0.360595 -0.709097 0.000015 0.000003 -0.095811
    5 3.513922 0.962076 -0.004281 0.000004 -0.000001 1.176003
    6 2.855053 0.477292 0.679213 -0.000001 -0.000004 2.896619
    7 1.649902 5.878080 0.032496 -0.000003 0.000002 -1.570796
    8 6.587842 -0.691444 0.025964 -0.000001 -0.000001 1.570796
    9 -0.375010 -0.440626 -0.580050 0.000001 0.000001 -0.020494
    10 10.620066 1.884898 -0.004843 -1.570796 -0.000002 1.570796
    11 -9.087198 1.359573 -0.008167 -0.000003 0.000002 -1.570796
    12 -5.808872 -24.656972 -8.255218 2.567232 -0.488517 -2.435982
    13 1.473659 0.639418 -1.295234 2.248195 0.453663 0.747396
    14 1.832607 0.000002 -0.000008 3.102388 0.032271 0.606648
    15 1.003335 0.000005 0.000001 -3.043189 0.026075 -0.212433
    16 3.823895 -0.419603 -1.411520 0.250362 -0.120691 0.739460
    17 2.187956 0.000010 0.000000 -0.010261 -0.013370 1.839612
    18 1.100960 0.000002 0.000000 0.386175 -0.021798 0.381925
    19 3.987863 -0.577452 -0.474712 0.107348 -0.089024 0.733578
    20 1.890109 -0.000010 -0.000001 -0.026620 -0.083296 1.661044
    21 1.310925 0.000000 0.000000 0.485176 0.014790 0.416357
    22 4.117986 -0.654534 0.453695 0.082850 -0.109004 0.847402
    23 1.655294 0.000008 0.000000 -0.049840 0.039982 1.341541
    24 0.869582 0.000004 0.000000 0.069813 -0.048142 0.547710
    25 4.150630 -0.581594 1.354863 -0.343549 -0.074309 0.700211
    26 1.157247 -0.000010 -0.000002 -0.219747 -0.312238 1.405609
    27 1.019835 -0.000006 0.000000 -1.462745 -0.146208 0.414568
    28 7.406140 -6.039003 -8.901889 -1.481425 0.405288 -2.018146
    29 12.695427 -0.000020 -0.000008 -0.036821 0.235548 -0.901214
    30 -3.664272 -14.010074 -8.231778 2.384498 -0.161308 -1.989322
    31 1.474215 -0.497926 -1.376118 0.979422 0.426184 -0.250703
    32 1.832179 -0.000010 -0.000002 -2.526087 -0.301597 0.609630
    33 1.042025 -0.000004 -0.000009 -2.896973 -0.278851 -0.192682
    34 3.975669 0.614082 -1.331676 0.124806 0.133762 -0.053754
    35 2.152367 -0.000001 0.000004 0.108675 -0.005958 -0.005591
    36 1.056622 -0.000011 0.000000 0.251717 0.004192 0.002172
    37 3.840598 0.952120 -0.380705 0.005515 0.200114 -0.093364
    38 1.830183 0.000015 0.000000 -0.008986 -0.004934 -0.122914
    39 1.561352 0.000008 -0.000004 0.098391 -0.001805 0.000602
    40 4.116518 0.711272 0.551869 0.187923 0.006580 -0.361666
    41 1.752727 0.000006 0.000000 0.026509 0.029537 -1.405331
    42 0.869359 -0.000006 0.000000 0.015618 -0.073535 -0.926076
    43 4.118826 0.331223 1.419829 0.128888 -0.005990 -0.280207
    44 1.176321 0.000006 0.000000 -0.027338 0.139037 -0.923484
    45 0.970199 -0.000002 -0.000004 1.655618 0.044631 -1.487290
    46 -7.606037 1.001330 -4.120493 -1.677739 1.150368 -1.159509
    47 12.706336 -0.000035 -0.000009 -0.281768 0.291305 -1.791658
    48 0.000000 0.000000 -0.000003 0.000000 0.000000 0.000000
    49 1.200000 0.000000 0.000010 0.000000 0.000000 0.000000
    50 0.000010 -0.300000 0.000000 3.141593 0.000000 -0.174533
    51 0.000000 -0.000001 0.000000 0.000000 0.000000 0.000000
    52 -0.000003 0.000000 0.000001 3.141592 0.000000 0.000000
    53 0.000006 0.000000 0.000004 0.000000 0.000000 0.349065
    54 0.000000 0.000000 0.000000 3.141593 0.000000 0.000000
    55 -0.000008 -0.000006 0.000000 3.141593 0.000000 0.000000
    56 0.000002 -0.000002 0.000000 3.141593 0.000000 0.000000
    57 0.000014 -0.000004 0.000000 3.141593 0.000000 0.000000
    58 -0.000001 0.000000 0.000000 3.141593 0.000000 -0.000001
    59 0.000000 0.000000 0.000000 3.141593 0.000000 0.000000
    60 0.000010 0.000017 0.000000 3.141593 0.000000 -0.000001
    61 0.000000 0.000004 0.000000 3.141593 0.000000 -0.000001
    62 0.000000 0.000006 0.000000 3.141593 0.000000 -0.000001
    63 0.000001 0.000002 0.000000 3.141593 0.000000 0.000000
    64 0.000000 0.000000 0.000000 -3.141592 0.000000 0.000000
    65 0.000000 0.000000 0.000000 -1.570797 -0.000001 0.000000
    66 0.000000 0.000000 0.000000 0.000000 0.000000 0.000000
    67 1.200000 0.000000 0.000000 0.000000 0.000000 0.000000
    68 0.000009 0.299994 0.000000 0.000000 0.000000 0.174533
    69 -0.000001 -0.000001 -0.000004 0.000000 0.000000 0.000000
    70 -0.000010 0.000000 -0.000003 -3.141592 0.000001 0.000000
    71 0.000000 0.000000 0.000000 0.000001 -0.000001 0.349065
    72 0.000000 -0.000003 0.000000 0.000000 0.000000 0.000000
    73 0.000003 0.000000 0.000000 0.000000 0.000000 0.000000
    74 -0.000010 -0.000006 0.000000 -0.000001 0.000000 0.000000
    75 0.000019 0.000002 0.000000 0.000000 0.000000 0.000000
    76 0.000001 0.000004 0.000000 0.000000 0.000000 -0.000001
    77 0.000000 0.000000 0.000000 0.000000 0.000000 -0.000001
    78 0.000001 -0.000002 0.000000 0.000000 0.000000 -0.000001
    79 0.000000 0.000000 0.000000 0.000000 0.000000 -0.000001
    80 0.000001 0.000008 0.000000 0.000000 0.000000 0.000000
    81 -0.000003 0.000004 0.000000 0.000000 0.000000 0.000000
    82 -0.000007 -0.000008 0.000000 0.000000 0.000000 -0.000001
    83 0.000000 0.000002 -0.000002 -1.570796 0.000000 0.000000
  time 57
    0 -1.962255 -17.194112 -5.016024 -2.234281 -0.171388 -1.994552
    1 -1.132935 -1.353618 -0.399893 0.000000 0.000004 0.000000
    2 -3.206565 -1.372758 0.219661 0.000003 0.000007 -0.000014
    3 -4.549240 -1.689358 -0.012529 0.000000 0.000000 0.000000
    4 4.331499 0.360595 -0.709097 0.000015 0.000003 -0.095811
    5 3.513922 0.962076 -0.004281 0.000004 -0.000001 1.176003
    6 2.855053 0.477292 0.679213 -0.000001 -0.000004 2.896619
    7 1.649902 5.878080 0.032496 -0.000003 0.000002 -1.570796
    8 6.587842 -0.691444 0.025964 -0.000001 -0.000001 1.570796
    9 -0.382822 -0.432813 -0.583956 0.000001 0.000001 -0.020494
    10 10.620066 1.884898 -0.004843 -1.570796 -0.000002 1.570796
    11 -9.087198 1.359573 -0.008167 -0.000003 0.000002 -1.570796
    12 -5.715119 -24.668691 -8.286469 2.588401 -0.482480 -2.451917
    13 1.473659 0.639418 -1.295234 2.246183 0.440257 0.736868
    14 1.832607 0.000002 -0.000008 3.102567 0.032139 0.612355
    15 1.003335 0.000005 0.000001 -3.043549 0.027310 -0.225170
    16 3.823895 -0.419603 -1.411520 0.229129 -0.129700 0.759577
    17 2.187956 0.000010 0.000000 -0.012082 -0.011908 1.896829
    18 1.100960 0.000002 0.000000 0.384833 -0.022925 0.395360
    19 3.987863 -0.577452 -0.474712 0.106909 -0.099139 0.745896
    20 1.890109 -0.000010 -0.000001 -0.024571 -0.089012 1.713897
    21 1.310925 0.000000 0.000000 0.487416 0.014826 0.431452
    22 4.117986 -0.654534 0.453695 0.083857 -0.114196 0.864680
    23 1.655294 0.000008 0.000000 -0.039785 0.033474 1.386062
    24 0.869582 0.000004 0.000000 0.072305 -0.050335 0.567074
    25 4.150630 -0.581594 1.354863 -0.339030 -0.077155 0.722463
    26 1.157247 -0.000010 -0.000002 -0.226722 -0.320708 1.453911
    27 1.019835 -0.000006 0.000000 -1.463105 -0.151684 0.429397
    28 7.406140 -6.039003 -8.901889 -1.497892 0.412682 -2.020265
    29 12.695427 -0.000020 -0.000008 -0.038634 0.237059 -0.909438
    30 -3.593958 -14.017887 -8.290374 2.407244 -0.158726 -1.990103
    31 1.474215 -0.497926 -1.376118 0.979422 0.426184 -0.250703
    32 1.832179 -0.000010 -0.000002 -2.526087 -0.301597 0.609630
    33 1.042025 -0.000004 -0.000009 -2.896937 -0.278839 -0.192682
    34 3.967856 0.617988 -1.331676 0.124830 0.133762 -0.053754
    35 2.152367 -0.000001 0.000004 0.108675 -0.006054 -0.005591
    36 1.056622 -0.000011 0.000000 0.251753 0.004168 0.002172
    37 3.836692 0.956026 -0.376799 0.005515 0.200114 -0.093364
    38 1.830183 0.000015 0.000000 -0.008974 -0.004934 -0.122914
    39 1.561352 0.000008 -0.000004 0.098391 -0.001805 0.000602
    40 4.116518 0.711272 0.551869 0.187923 0.006580 -0.361666
    41 1.752727 0.000006 0.000000 0.026521 0.029537 -1.405331
    42 0.869359 -0.000006 0.000000 0.015630 -0.073487 -0.926076
    43 4.118826 0.331223 1.419829 0.128888 -0.005990 -0.280207
    44 1.176321 0.000006 0.000000 -0.027338 0.139049 -0.923484
    45 0.970199 -0.000002 -0.000004 1.655618 0.044631 -1.487290
    46 -7.606037 1.001330 -4.120493 -1.690157 1.152170 -1.165132
    47 12.706336 -0.000035 -0.000009 -0.280557 0.291497 -1.787412
    48 0.000000 0.000000 -0.000003 0.000000 0.000000 0.000000
    49 1.200000 0.000000 0.000010 0.000000 0.000000 0.000000
    50 0.000010 -0.300000 0.000000 3.141593 0.000000 -0.174533
    51 0.000000 -0.000001 0.000000 0.000000 0.000000 0.000000
    52 -0.000003 0.000000 0.000001 3.141592 0.000000 0.000000
    53 0.000006 0.000000 0.000004 0.000000 0.000000 0.349065
    54 0.000000 0.000000 0.000000 3.141593 0.000000 0.000000
    55 -0.000008 -0.000006 0.000000 3.141593 0.000000 0.000000
    56 0.000002 -0.000002 0.000000 3.141593 0.000000 0.000000
    57 0.000014 -0.000004 0.000000 3.141593 0.000000 0.000000
    58 -0.000001 0.000000 0.000000 3.141593 0.000000 -0.000001
    59 0.000000 0.000000 0.000000 3.141593 0.000000 0.000000
    60 0.000010 0.000017 0.000000 3.141593 0.000000 -0.000001
    61 0.000000 0.000004 0.000000 3.141593 0.000000 -0.000001
    62 0.000000 0.000006 0.000000 3.141593 0.000000 -0.000001
    63 0.000001 0.000002 0.000000 3.141593 0.000000 0.000000
    64 0.000000 0.000000 0.000000 -3.141592 0.000000 0.000000
    65 0.000000 0.000000 0.000000 -1.570797 -0.000001 0.000000
    66 0.000000 0.000000 0.000000 0.000000 0.000000 0.000000
    67 1.200000 0.000000 0.000000 0.000000 0.000000 0.000000
    68 0.000009 0.299994 0.000000 0.000000 0.000000 0.174533
    69 -0.000001 -0.000001 -0.000004 0.000000 0.000000 0.000000
    70 -0.000010 0.000000 -0.000003 -3.141592 0.000001 0.000000
    71 0.000000 0.000000 0.000000 0.000001 -0.000001 0.349065
    72 0.000000 -0.000003 0.000000 0.000000 0.000000 0.000000
    73 0.000003 0.000000 0.000000 0.000000 0.000000 0.000000
    74 -0.000010 -0.000006 0.000000 -0.000001 0.000000 0.000000
    75 0.000019 0.000002 0.000000 0.000000 0.000000 0.000000
    76 0.000001 0.000004 0.000000 0.000000 0.000000 -0.000001
    77 0.000000 0.000000 0.000000 0.000000 0.000000 -0.000001
    78 0.000001 -0.000002 0.000000 0.000000 0.000000 -0.000001
    79 0.000000 0.000000 0.000000 0.000000 0.000000 -0.000001
    80 0.000001 0.000008 0.000000 0.000000 0.000000 0.000000
    81 -0.000003 0.000004 0.000000 0.000000 0.000000 0.000000
    82 -0.000007 -0.000008 0.000000 0.000000 0.000000 -0.000001
    83 0.000000 0.000002 -0.000002 -1.570796 0.000000 0.000000
  time 58
    0 -1.946630 -17.174580 -5.019931 -2.200123 -0.165589 -1.997036
    1 -1.132935 -1.353618 -0.403799 0.000000 0.000004 0.000000
    2 -3.206565 -1.376664 0.219661 0.000003 0.000007 -0.000014
    3 -4.549240 -1.689358 -0.012529 0.000000 0.000000 0.000000
    4 4.331499 0.360595 -0.709097 0.000015 0.000003 -0.095811
    5 3.513922 0.962076 -0.004281 0.000004 -0.000001 1.176003
    6 2.855053 0.477292 0.679213 -0.000001 -0.000004 2.896619
    7 1.649902 5.878080 0.032496 -0.000003 0.000002 -1.570796
    8 6.587842 -0.691444 0.025964 -0.000001 -0.000001 1.570796
    9 -0.375010 -0.440626 -0.587863 0.000001 0.000001 -0.020494
    10 10.620066 1.884898 -0.004843 -1.570796 -0.000002 1.570796
    11 -9.087198 1.359573 -0.008167 -0.000003 0.000002 -1.570796
    12 -5.566677 -24.680410 -8.341158 2.619333 -0.462439 -2.462565
    13 1.473659 0.639418 -1.295234 2.246183 0.440257 0.736868
    14 1.832607 0.000002 -0.000008 3.102567 0.032139 0.612355
    15 1.003335 0.000005 0.000001 -3.043549 0.027310 -0.225170
    16 3.823895 -0.419603 -1.411520 0.229129 -0.129700 0.759577
    17 2.187956 0.000010 0.000000 -0.012082 -0.011908 1.896829
    18 1.100960 0.000002 0.000000 0.384821 -0.022937 0.395360
    19 3.987863 -0.577452 -0.474712 0.106909 -0.099139 0.745896
    20 1.890109 -0.000010 -0.000001 -0.024571 -0.089012 1.713897
    21 1.310925 0.000000 0.000000 0.487430 0.014826 0.431452
    22 4.117986 -0.654534 0.453695 0.083857 -0.114196 0.864680
    23 1.655294 0.000008 0.000000 -0.039785 0.033474 1.386062
    24 0.869582 0.000004 0.000000 0.072305 -0.050299 0.567074
    25 4.150630 -0.581594 1.354863 -0.339030 -0.077155 0.722463
    26 1.157247 -0.000010 -0.000002 -0.226722 -0.320721 1.453911
    27 1.019835 -0.000006 0.000000 -1.463117 -0.151684 0.429397
    28 7.406140 -6.039003 -8.901889 -1.513693 0.423567 -2.019252
    29 12.695427 -0.000020 -0.000008 -0.041538 0.239204 -0.921695
    30 -3.480673 -14.033512 -8.364595 2.441184 -0.153089 -1.992021
    31 1.474215 -0.497926 -1.376118 0.979422 0.426184 -0.250703
    32 1.832179 -0.000010 -0.000002 -2.526087 -0.301597 0.609649
    33 1.042025 -0.000004 -0.000009 -2.896961 -0.278851 -0.192682
    34 3.963950 0.614082 -1.331676 0.124818 0.133762 -0.053754
    35 2.152367 -0.000001 0.000004 0.108675 -0.005958 -0.005591
    36 1.056622 -0.000011 0.000000 0.251705 0.004180 0.002172
    37 3.828879 0.956026 -0.388518 0.005515 0.200114 -0.093364
    38 1.830183 0.000015 0.000000 -0.008962 -0.004934 -0.122914
    39 1.561352 0.000008 -0.000004 0.098391 -0.001805 0.000602
    40 4.116518 0.711272 0.551869 0.187923 0.006580 -0.361666
    41 1.752727 0.000006 0.000000 0.026521 0.029573 -1.405331
    42 0.869359 -0.000006 0.000000 0.015534 -0.073487 -0.926076
    43 4.118826 0.331223 1.419829 0.128888 -0.005990 -0.280207
    44 1.176321 0.000006 0.000000 -0.027338 0.139049 -0.923484
    45 0.970199 -0.000002 -0.000004 1.655618 0.044631 -1.487290
    46 -7.606037 1.001330 -4.120493 -1.708749 1.154172 -1.173504
    47 12.706336 -0.000035 -0.000009 -0.278774 0.291964 -1.780767
    48 0.000000 0.000000 -0.000003 0.000000 0.000000 0.000000
    49 1.200000 0.000000 0.000010 0.000000 0.000000 0.000000
    50 0.000010 -0.300000 0.000000 3.141593 0.000000 -0.174533
    51 0.000000 -0.000001 0.000000 0.000000 0.000000 0.000000
    52 -0.000003 0.000000 0.000001 3.141592 0.000000 0.000000
    53 0.000006 0.000000 0.000004 0.000000 0.000000 0.349065
    54 0.000000 0.000000 0.000000 3.141593 0.000000 0.000000
    55 -0.000008 -0.000006 0.000000 3.141593 0.000000 0.000000
    56 0.000002 -0.000002 0.000000 3.141593 0.000000 0.000000
    57 0.000014 -0.000004 0.000000 3.141593 0.000000 0.000000
    58 -0.000001 0.000000 0.000000 3.141593 0.000000 -0.000001
    59 0.000000 0.000000 0.000000 3.141593 0.000000 0.000000
    60 0.000010 0.000017 0.000000 3.141593 0.000000 -0.000001
    61 0.000000 0.000004 0.000000 3.141593 0.000000 -0.000001
    62 0.000000 0.000006 0.000000 3.141593 0.000000 -0.000001
    63 0.000001 0.000002 0.000000 3.141593 0.000000 0.000000
    64 0.000000 0.000000 0.000000 -3.141592 0.000000 0.000000
    65 0.000000 0.000000 0.000000 -1.570797 -0.000001 0.000000
    66 0.000000 0.000000 0.000000 0.000000 0.000000 0.000000
    67 1.200000 0.000000 0.000000 0.000000 0.000000 0.000000
    68 0.000009 0.299994 0.000000 0.000000 0.000000 0.174533
    69 -0.000001 -0.000001 -0.000004 0.000000 0.000000 0.000000
    70 -0.000010 0.000000 -0.000003 -3.141592 0.000001 0.000000
    71 0.000000 0.000000 0.000000 0.000001 -0.000001 0.349065
    72 0.000000 -0.000003 0.000000 0.000000 0.000000 0.000000
    73 0.000003 0.000000 0.000000 0.000000 0.000000 0.000000
    74 -0.000010 -0.000006 0.000000 -0.000001 0.000000 0.000000
    75 0.000019 0.000002 0.000000 0.000000 0.000000 0.000000
    76 0.000001 0.000004 0.000000 0.000000 0.000000 -0.000001
    77 0.000000 0.000000 0.000000 0.000000 0.000000 -0.000001
    78 0.000001 -0.000002 0.000000 0.000000 0.000000 -0.000001
    79 0.000000 0.000000 0.000000 0.000000 0.000000 -0.000001
    80 0.000001 0.000008 0.000000 0.000000 0.000000 0.000000
    81 -0.000003 0.000004 0.000000 0.000000 0.000000 0.000000
    82 -0.000007 -0.000008 0.000000 0.000000 0.000000 -0.000001
    83 0.000000 0.000002 -0.000002 -1.570796 0.000000 0.000000
  time 59
    0 -1.934911 -17.151141 -5.019931 -2.161617 -0.158159 -2.000089
    1 -1.136842 -1.349712 -0.399893 0.000000 0.000004 0.000000
    2 -3.206565 -1.372758 0.219661 0.000003 0.000007 -0.000014
    3 -4.549240 -1.689358 -0.012529 0.000000 0.000000 0.000000
    4 4.331499 0.360595 -0.709097 0.000015 0.000003 -0.095811
    5 3.513922 0.962076 -0.004281 0.000004 -0.000001 1.176003
    6 2.855053 0.477292 0.679213 -0.000001 -0.000004 2.896619
    7 1.649902 5.878080 0.032496 -0.000003 0.000002 -1.570796
    8 6.587842 -0.691444 0.025964 -0.000001 -0.000001 1.570796
    9 -0.382822 -0.432813 -0.580050 0.000001 0.000001 -0.020494
    10 10.620066 1.884898 -0.004843 -1.570796 -0.000002 1.570796
    11 -9.087198 1.359573 -0.008167 -0.000003 0.000002 -1.570796
    12 -5.402609 -24.703849 -8.415379 2.653368 -0.438494 -2.473647
    13 1.473659 0.639418 -1.295234 2.246183 0.440257 0.736868
    14 1.832607 0.000002 -0.000008 3.102567 0.032139 0.612355
    15 1.003335 0.000005 0.000001 -3.043549 0.027310 -0.225170
    16 3.823895 -0.419603 -1.411520 0.229129 -0.129700 0.759577
    17 2.187956 0.000010 0.000000 -0.012082 -0.011908 1.896829
    18 1.100960 0.000002 0.000000 0.384821 -0.022949 0.395360
    19 3.987863 -0.577452 -0.474712 0.106909 -0.099139 0.745896
    20 1.890109 -0.000010 -0.000001 -0.024571 -0.089012 1.713779
    21 1.310925 0.000000 0.000000 0.487402 0.014826 0.431452
    22 4.117986 -0.654534 0.453695 0.083857 -0.114196 0.864680
    23 1.655294 0.000008 0.000000 -0.039785 0.033474 1.386062
    24 0.869582 0.000004 0.000000 0.072305 -0.050359 0.566938
    25 4.150630 -0.581594 1.354863 -0.339030 -0.077155 0.722463
    26 1.157247 -0.000010 -0.000002 -0.226722 -0.320708 1.453911
    27 1.019835 -0.000006 0.000000 -1.463105 -0.151684 0.429397
    28 7.406140 -6.039003 -8.901889 -1.529113 0.435365 -2.017133
    29 12.695427 -0.000020 -0.000008 -0.044862 0.241625 -0.935691
    30 -3.343950 -14.041325 -8.450535 2.479691 -0.145863 -1.994010
    31 1.474215 -0.497926 -1.376118 0.979422 0.426184 -0.250703
    32 1.832179 -0.000010 -0.000002 -2.526087 -0.301597 0.609649
    33 1.042025 -0.000004 -0.000009 -2.896973 -0.278839 -0.192682
    34 3.983482 0.610175 -1.331676 0.138648 0.147521 -0.027484
    35 2.152367 -0.000001 0.000004 0.108675 -0.006078 -0.005591
    36 1.056622 -0.000011 0.000000 0.251753 0.004168 0.002172
    37 3.856224 0.944307 -0.368986 0.021083 0.216693 -0.065368
    38 1.830183 0.000015 0.000000 -0.008974 -0.004934 -0.122893
    39 1.561352 0.000008 -0.000004 0.098391 -0.001805 0.000602
    40 4.116518 0.711272 0.551869 0.187923 0.006580 -0.361666
    41 1.752727 0.000006 0.000000 0.026521 0.029537 -1.405331
    42 0.869359 -0.000006 0.000000 0.015642 -0.073499 -0.926076
    43 4.118826 0.331223 1.419829 0.128888 -0.005990 -0.280207
    44 1.176321 0.000006 0.000000 -0.027338 0.139049 -0.923484
    45 0.970199 -0.000002 -0.000004 1.655618 0.044631 -1.487290
    46 -7.606037 1.001330 -4.120493 -1.730324 1.156007 -1.183001
    47 12.706336 -0.000035 -0.000009 -0.276665 0.292276 -1.773383
    48 0.000000 0.000000 -0.000003 0.000000 0.000000 0.000000
    49 1.200000 0.000000 0.000010 0.000000 0.000000 0.000000
    50 0.000010 -0.300000 0.000000 3.141593 0.000000 -0.174533
    51 0.000000 -0.000001 0.000000 0.000000 0.000000 0.000000
    52 -0.000003 0.000000 0.000001 3.141592 0.000000 0.000000
    53 0.000006 0.000000 0.000004 0.000000 0.000000 0.349065
    54 0.000000 0.000000 0.000000 3.141593 0.000000 0.000000
    55 -0.000008 -0.000006 0.000000 3.141593 0.000000 0.000000
    56 0.000002 -0.000002 0.000000 3.141593 0.000000 0.000000
    57 0.000014 -0.000004 0.000000 3.141593 0.000000 0.000000
    58 -0.000001 0.000000 0.000000 3.141593 0.000000 -0.000001
    59 0.000000 0.000000 0.000000 3.141593 0.000000 0.000000
    60 0.000010 0.000017 0.000000 3.141593 0.000000 -0.000001
    61 0.000000 0.000004 0.000000 3.141593 0.000000 -0.000001
    62 0.000000 0.000006 0.000000 3.141593 0.000000 -0.000001
    63 0.000001 0.000002 0.000000 3.141593 0.000000 0.000000
    64 0.000000 0.000000 0.000000 -3.141592 0.000000 0.000000
    65 0.000000 0.000000 0.000000 -1.570797 -0.000001 0.000000
    66 0.000000 0.000000 0.000000 0.000000 0.000000 0.000000
    67 1.200000 0.000000 0.000000 0.000000 0.000000 0.000000
    68 0.000009 0.299994 0.000000 0.000000 0.000000 0.174533
    69 -0.000001 -0.000001 -0.000004 0.000000 0.000000 0.000000
    70 -0.000010 0.000000 -0.000003 -3.141592 0.000001 0.000000
    71 0.000000 0.000000 0.000000 0.000001 -0.000001 0.349065
    72 0.000000 -0.000003 0.000000 0.000000 0.000000 0.000000
    73 0.000003 0.000000 0.000000 0.000000 0.000000 0.000000
    74 -0.000010 -0.000006 0.000000 -0.000001 0.000000 0.000000
    75 0.000019 0.000002 0.000000 0.000000 0.000000 0.000000
    76 0.000001 0.000004 0.000000 0.000000 0.000000 -0.000001
    77 0.000000 0.000000 0.000000 0.000000 0.000000 -0.000001
    78 0.000001 -0.000002 0.000000 0.000000 0.000000 -0.000001
    79 0.000000 0.000000 0.000000 0.000000 0.000000 -0.000001
    80 0.000001 0.000008 0.000000 0.000000 0.000000 0.000000
    81 -0.000003 0.000004 0.000000 0.000000 0.000000 0.000000
    82 -0.000007 -0.000008 0.000000 0.000000 0.000000 -0.000001
    83 0.000000 0.000002 -0.000002 -1.570796 0.000000 0.000000
  time 60
    0 -1.915379 -17.123797 -5.019931 -2.127727 -0.151318 -2.001508
    1 -1.136842 -1.353618 -0.403799 0.000000 0.000004 0.000000
    2 -3.206565 -1.376664 0.215755 0.000003 0.000007 -0.000014
    3 -4.549240 -1.689358 -0.012529 0.000000 0.000000 0.000000
    4 4.331499 0.360595 -0.709097 0.000015 0.000003 -0.095811
    5 3.513922 0.962076 -0.004281 0.000004 -0.000001 1.176003
    6 2.855053 0.477292 0.679213 -0.000001 -0.000004 2.896619
    7 1.649902 5.878080 0.032496 -0.000003 0.000002 -1.570796
    8 6.587842 -0.691444 0.025964 -0.000001 -0.000001 1.570796
    9 -0.363290 -0.421094 -0.572237 0.000001 0.000001 -0.020494
    10 10.620066 1.884898 -0.004843 -1.570796 -0.000002 1.570796
    11 -9.087198 1.359573 -0.008167 -0.000003 0.000002 -1.570796
    12 -5.242448 -24.719474 -8.470068 2.682384 -0.417044 -2.482629
    13 1.473659 0.639418 -1.295234 2.246183 0.440257 0.736868
    14 1.832607 0.000002 -0.000008 3.102579 0.032139 0.612355
    15 1.003335 0.000005 0.000001 -3.043549 0.027310 -0.225170
    16 3.823895 -0.419603 -1.411520 0.229129 -0.129700 0.759577
    17 2.187956 0.000010 0.000000 -0.012082 -0.011908 1.896829
    18 1.100960 0.000002 0.000000 0.384821 -0.022913 0.395360
    19 3.987863 -0.577452 -0.474712 0.106909 -0.099139 0.745896
    20 1.890109 -0.000010 -0.000001 -0.024571 -0.089012 1.713897
    21 1.310925 0.000000 0.000000 0.487416 0.014826 0.431452
    22 4.117986 -0.654534 0.453695 0.083857 -0.114196 0.864680
    23 1.655294 0.000008 0.000000 -0.039797 0.033474 1.386062
    24 0.869582 0.000004 0.000000 0.072305 -0.050359 0.567074
    25 4.150630 -0.581594 1.354863 -0.339030 -0.077155 0.722463
    26 1.157247 -0.000010 -0.000002 -0.226722 -0.320708 1.453948
    27 1.019835 -0.000006 0.000000 -1.463117 -0.151684 0.429397
    28 7.406140 -6.039003 -8.901889 -1.542439 0.446291 -2.015290
    29 12.695427 -0.000020 -0.000008 -0.048102 0.243938 -0.949213
    30 -3.222852 -14.049137 -8.528663 2.513407 -0.139172 -1.995786
    31 1.474215 -0.497926 -1.376118 0.979422 0.426184 -0.250703
    32 1.832179 -0.000010 -0.000002 -2.526087 -0.301597 0.609649
    33 1.042025 -0.000004 -0.000009 -2.896973 -0.278839 -0.192682
    34 3.944418 0.621894 -1.331676 0.179731 0.190593 0.044484
    35 2.152367 -0.000001 0.000004 0.108723 -0.005958 -0.005591
    36 1.056622 -0.000011 0.000000 0.251753 0.004180 0.002172
    37 3.840598 0.920869 -0.368986 0.065869 0.267461 0.011508
    38 1.830183 0.000015 0.000000 -0.008974 -0.004934 -0.122914
    39 1.561352 0.000008 -0.000004 0.098391 -0.001805 0.000602
    40 4.116518 0.711272 0.551869 0.187923 0.006580 -0.361666
    41 1.752727 0.000006 0.000000 0.026521 0.029537 -1.405331
    42 0.869359 -0.000006 0.000000 0.015582 -0.073487 -0.926076
    43 4.118826 0.331223 1.419829 0.128888 -0.005990 -0.280207
    44 1.176321 0.000006 0.000000 -0.027338 0.139049 -0.923507
    45 0.970199 -0.000002 -0.000004 1.655618 0.044643 -1.487290
    46 -7.606037 1.001330 -4.120493 -1.750442 1.157609 -1.191873
    47 12.706336 -0.000035 -0.000009 -0.274829 0.292719 -1.767476
    48 0.000000 0.000000 -0.000003 0.000000 0.000000 0.000000
    49 1.200000 0.000000 0.000010 0.000000 0.000000 0.000000
    50 0.000010 -0.300000 0.000000 3.141593 0.000000 -0.174533
    51 0.000000 -0.000001 0.000000 0.000000 0.000000 0.000000
    52 -0.000003 0.000000 0.000001 3.141592 0.000000 0.000000
    53 0.000006 0.000000 0.000004 0.000000 0.000000 0.349065
    54 0.000000 0.000000 0.000000 3.141593 0.000000 0.000000
    55 -0.000008 -0.000006 0.000000 3.141593 0.000000 0.000000
    56 0.000002 -0.000002 0.000000 3.141593 0.000000 0.000000
    57 0.000014 -0.000004 0.000000 3.141593 0.000000 0.000000
    58 -0.000001 0.000000 0.000000 3.141593 0.000000 -0.000001
    59 0.000000 0.000000 0.000000 3.141593 0.000000 0.000000
    60 0.000010 0.000017 0.000000 3.141593 0.000000 -0.000001
    61 0.000000 0.000004 0.000000 3.141593 0.000000 -0.000001
    62 0.000000 0.000006 0.000000 3.141593 0.000000 -0.000001
    63 0.000001 0.000002 0.000000 3.141593 0.000000 0.000000
    64 0.000000 0.000000 0.000000 -3.141592 0.000000 0.000000
    65 0.000000 0.000000 0.000000 -1.570797 -0.000001 0.000000
    66 0.000000 0.000000 0.000000 0.000000 0.000000 0.000000
    67 1.200000 0.000000 0.000000 0.000000 0.000000 0.000000
    68 0.000009 0.299994 0.000000 0.000000 0.000000 0.174533
    69 -0.000001 -0.000001 -0.000004 0.000000 0.000000 0.000000
    70 -0.000010 0.000000 -0.000003 -3.141592 0.000001 0.000000
    71 0.000000 0.000000 0.000000 0.000001 -0.000001 0.349065
    72 0.000000 -0.000003 0.000000 0.000000 0.000000 0.000000
    73 0.000003 0.000000 0.000000 0.000000 0.000000 0.000000
    74 -0.000010 -0.000006 0.000000 -0.000001 0.000000 0.000000
    75 0.000019 0.000002 0.000000 0.000000 0.000000 0.000000
    76 0.000001 0.000004 0.000000 0.000000 0.000000 -0.000001
    77 0.000000 0.000000 0.000000 0.000000 0.000000 -0.000001
    78 0.000001 -0.000002 0.000000 0.000000 0.000000 -0.000001
    79 0.000000 0.000000 0.000000 0.000000 0.000000 -0.000001
    80 0.000001 0.000008 0.000000 0.000000 0.000000 0.000000
    81 -0.000003 0.000004 0.000000 0.000000 0.000000 0.000000
    82 -0.000007 -0.000008 0.000000 0.000000 0.000000 -0.000001
    83 0.000000 0.000002 -0.000002 -1.570796 0.000000 0.000000
  time 61
    0 -1.895847 -17.096452 -5.027744 -2.105673 -0.146697 -2.003851
    1 -1.136842 -1.353618 -0.403799 0.000000 0.000004 0.000000
    2 -3.210471 -1.376664 0.219661 0.000003 0.000007 -0.000014
    3 -4.549240 -1.689358 -0.012529 0.000000 0.000000 0.000000
    4 4.331499 0.360595 -0.709097 0.000015 0.000003 -0.095811
    5 3.513922 0.962076 -0.004281 0.000004 -0.000001 1.176003
    6 2.855053 0.477292 0.679213 -0.000001 -0.000004 2.896619
    7 1.649902 5.878080 0.032496 -0.000003 0.000002 -1.570796
    8 6.587842 -0.691444 0.025964 -0.000001 -0.000001 1.570796
    9 -0.382822 -0.432813 -0.580050 0.000001 0.000001 -0.020494
    10 10.620066 1.884898 -0.004843 -1.570796 -0.000002 1.570796
    11 -9.087198 1.359573 -0.008167 -0.000003 0.000002 -1.570796
    12 -5.136976 -24.715568 -8.509132 2.701272 -0.402838 -2.488641
    13 1.473659 0.639418 -1.295234 2.246183 0.440257 0.736868
    14 1.832607 0.000002 -0.000008 3.102567 0.032139 0.612355
    15 1.003335 0.000005 0.000001 -3.043549 0.027310 -0.225170
    16 3.823895 -0.419603 -1.411520 0.229129 -0.129700 0.759577
    17 2.187956 0.000010 0.000000 -0.012082 -0.011908 1.896829
    18 1.100960 0.000002 0.000000 0.384821 -0.022937 0.395360
    19 3.987863 -0.577452 -0.474712 0.106909 -0.099139 0.745896
    20 1.890109 -0.000010 -0.000001 -0.024571 -0.089012 1.713897
    21 1.310925 0.000000 0.000000 0.487402 0.014826 0.431452
    22 4.117986 -0.654534 0.453695 0.083857 -0.114196 0.864680
    23 1.655294 0.000008 0.000000 -0.039785 0.033474 1.386062
    24 0.869582 0.000004 0.000000 0.072305 -0.050371 0.567074
    25 4.150630 -0.581594 1.354863 -0.339030 -0.077155 0.722463
    26 1.157247 -0.000010 -0.000002 -0.226722 -0.320721 1.453911
    27 1.019835 -0.000006 0.000000 -1.463105 -0.151684 0.429397
    28 7.406140 -6.039003 -8.901889 -1.552624 0.454724 -2.014645
    29 12.695427 -0.000020 -0.000008 -0.050872 0.245699 -0.960600
    30 -3.136912 -14.041325 -8.571633 2.535571 -0.134665 -1.997065
    31 1.474215 -0.497926 -1.376118 0.979422 0.426184 -0.250703
    32 1.832179 -0.000010 -0.000002 -2.526087 -0.301597 0.609649
    33 1.042025 -0.000004 -0.000009 -2.896973 -0.278863 -0.192682
    34 3.909261 0.664865 -1.331676 0.233458 0.255059 0.125188
    35 2.152367 -0.000001 0.000004 0.108747 -0.006054 -0.005591
    36 1.056622 -0.000011 0.000000 0.251765 0.004168 0.002172
    37 3.871849 0.897431 -0.368986 0.121118 0.339578 0.097363
    38 1.830183 0.000015 0.000000 -0.008962 -0.004934 -0.122914
    39 1.561352 0.000008 -0.000004 0.098391 -0.001805 0.000602
    40 4.116518 0.711272 0.551869 0.187923 0.006580 -0.361666
    41 1.752727 0.000006 0.000000 0.026521 0.029561 -1.405331
    42 0.869359 -0.000006 0.000000 0.015558 -0.073475 -0.926076
    43 4.118826 0.331223 1.419829 0.128888 -0.005990 -0.280207
    44 1.176321 0.000006 0.000000 -0.027338 0.139049 -0.923507
    45 0.970199 -0.000002 -0.000004 1.655618 0.044631 -1.487290
    46 -7.606037 1.001330 -4.120493 -1.765635 1.159144 -1.198433
    47 12.706336 -0.000035 -0.000009 -0.274113 0.292875 -1.764584
    48 0.000000 0.000000 -0.000003 0.000000 0.000000 0.000000
    49 1.200000 0.000000 0.000010 0.000000 0.000000 0.000000
    50 0.000010 -0.300000 0.000000 3.141593 0.000000 -0.174533
    51 0.000000 -0.000001 0.000000 0.000000 0.000000 0.000000
    52 -0.000003 0.000000 0.000001 3.141592 0.000000 0.000000
    53 0.000006 0.000000 0.000004 0.000000 0.000000 0.349065
    54 0.000000 0.000000 0.000000 3.141593 0.000000 0.000000
    55 -0.000008 -0.000006 0.000000 3.141593 0.000000 0.000000
    56 0.000002 -0.000002 0.000000 3.141593 0.000000 0.000000
    57 0.000014 -0.000004 0.000000 3.141593 0.000000 0.000000
    58 -0.000001 0.000000 0.000000 3.141593 0.000000 -0.000001
    59 0.000000 0.000000 0.000000 3.141593 0.000000 0.000000
    60 0.000010 0.000017 0.000000 3.141593 0.000000 -0.000001
    61 0.000000 0.000004 0.000000 3.141593 0.000000 -0.000001
    62 0.000000 0.000006 0.000000 3.141593 0.000000 -0.000001
    63 0.000001 0.000002 0.000000 3.141593 0.000000 0.000000
    64 0.000000 0.000000 0.000000 -3.141592 0.000000 0.000000
    65 0.000000 0.000000 0.000000 -1.570797 -0.000001 0.000000
    66 0.000000 0.000000 0.000000 0.000000 0.000000 0.000000
    67 1.200000 0.000000 0.000000 0.000000 0.000000 0.000000
    68 0.000009 0.299994 0.000000 0.000000 0.000000 0.174533
    69 -0.000001 -0.000001 -0.000004 0.000000 0.000000 0.000000
    70 -0.000010 0.000000 -0.000003 -3.141592 0.000001 0.000000
    71 0.000000 0.000000 0.000000 0.000001 -0.000001 0.349065
    72 0.000000 -0.000003 0.000000 0.000000 0.000000 0.000000
    73 0.000003 0.000000 0.000000 0.000000 0.000000 0.000000
    74 -0.000010 -0.000006 0.000000 -0.000001 0.000000 0.000000
    75 0.000019 0.000002 0.000000 0.000000 0.000000 0.000000
    76 0.000001 0.000004 0.000000 0.000000 0.000000 -0.000001
    77 0.000000 0.000000 0.000000 0.000000 0.000000 -0.000001
    78 0.000001 -0.000002 0.000000 0.000000 0.000000 -0.000001
    79 0.000000 0.000000 0.000000 0.000000 0.000000 -0.000001
    80 0.000001 0.000008 0.000000 0.000000 0.000000 0.000000
    81 -0.000003 0.000004 0.000000 0.000000 0.000000 0.000000
    82 -0.000007 -0.000008 0.000000 0.000000 0.000000 -0.000001
    83 0.000000 0.000002 -0.000002 -1.570796 0.000000 0.000000
  time 62
    0 -1.876315 -17.061295 -5.031650 -2.098142 -0.145217 -2.004205
    1 -1.132935 -1.353618 -0.399893 0.000000 0.000004 0.000000
    2 -3.206565 -1.372758 0.219661 0.000003 0.000007 -0.000014
    3 -4.549240 -1.689358 -0.012529 0.000000 0.000000 0.000000
    4 4.331499 0.360595 -0.709097 0.000015 0.000003 -0.095811
    5 3.513922 0.962076 -0.004281 0.000004 -0.000001 1.176003
    6 2.855053 0.477292 0.679213 -0.000001 -0.000004 2.896619
    7 1.649902 5.878080 0.032496 -0.000003 0.000002 -1.570796
    8 6.587842 -0.691444 0.025964 -0.000001 -0.000001 1.570796
    9 -0.378916 -0.432813 -0.580050 0.000001 0.000001 -0.020494
    10 10.620066 1.884898 -0.004843 -1.570796 -0.000002 1.570796
    11 -9.087198 1.359573 -0.008167 -0.000003 0.000002 -1.570796
    12 -5.090100 -24.680410 -8.513038 2.707568 -0.398049 -2.490959
    13 1.473659 0.639418 -1.295234 2.246183 0.440257 0.736868
    14 1.832607 0.000002 -0.000008 3.102555 0.032139 0.612355
    15 1.003335 0.000005 0.000001 -3.043549 0.027310 -0.225170
    16 3.823895 -0.419603 -1.411520 0.229129 -0.129700 0.759577
    17 2.187956 0.000010 0.000000 -0.012082 -0.011908 1.896829
    18 1.100960 0.000002 0.000000 0.384821 -0.022973 0.395360
    19 3.987863 -0.577452 -0.474712 0.106909 -0.099139 0.745896
    20 1.890109 -0.000010 -0.000001 -0.024571 -0.089012 1.713779
    21 1.310925 0.000000 0.000000 0.487416 0.014826 0.431452
    22 4.117986 -0.654534 0.453695 0.083857 -0.114196 0.864680
    23 1.655294 0.000008 0.000000 -0.039797 0.033474 1.386062
    24 0.869582 0.000004 0.000000 0.072305 -0.050347 0.566938
    25 4.150630 -0.581594 1.354863 -0.339030 -0.077155 0.722463
    26 1.157247 -0.000010 -0.000002 -0.226722 -0.320721 1.453911
    27 1.019835 -0.000006 0.000000 -1.463093 -0.151684 0.429397
    28 7.406140 -6.039003 -8.901889 -1.559192 0.460000 -2.015290
    29 12.695427 -0.000020 -0.000008 -0.052836 0.247150 -0.968745
    30 -3.090036 -14.006167 -8.587258 2.543004 -0.133275 -1.998699
    31 1.474215 -0.497926 -1.376118 0.979422 0.426184 -0.250703
    32 1.832179 -0.000010 -0.000002 -2.526087 -0.301597 0.609630
    33 1.042025 -0.000004 -0.000009 -2.896937 -0.278827 -0.192682
    34 3.917073 0.660958 -1.331676 0.275896 0.326031 0.171736
    35 2.152367 -0.000001 0.000004 0.108687 -0.006018 -0.005591
    36 1.056622 -0.000011 0.000000 0.251717 0.004192 0.002172
    37 3.903100 0.881805 -0.368986 0.157384 0.415171 0.144351
    38 1.830183 0.000015 0.000000 -0.008962 -0.004934 -0.122914
    39 1.561352 0.000008 -0.000004 0.098391 -0.001805 0.000569
    40 4.116518 0.711272 0.551869 0.187923 0.006580 -0.361666
    41 1.752727 0.000006 0.000000 0.026521 0.029537 -1.405331
    42 0.869359 -0.000006 0.000000 0.015606 -0.073487 -0.926054
    43 4.118826 0.331223 1.419829 0.128888 -0.005990 -0.280207
    44 1.176321 0.000006 0.000000 -0.027338 0.139049 -0.923484
    45 0.970199 -0.000002 -0.000004 1.655618 0.044631 -1.487290
    46 -7.606037 1.001330 -4.120493 -1.774168 1.161046 -1.201869
    47 12.706336 -0.000035 -0.000009 -0.274217 0.292827 -1.765384
    48 0.000000 0.000000 -0.000003 0.000000 0.000000 0.000000
    49 1.200000 0.000000 0.000010 0.000000 0.000000 0.000000
    50 0.000010 -0.300000 0.000000 3.141593 0.000000 -0.174533
    51 0.000000 -0.000001 0.000000 0.000000 0.000000 0.000000
    52 -0.000003 0.000000 0.000001 3.141592 0.000000 0.000000
    53 0.000006 0.000000 0.000004 0.000000 0.000000 0.349065
    54 0.000000 0.000000 0.000000 3.141593 0.000000 0.000000
    55 -0.000008 -0.000006 0.000000 3.141593 0.000000 0.000000
    56 0.000002 -0.000002 0.000000 3.141593 0.000000 0.000000
    57 0.000014 -0.000004 0.000000 3.141593 0.000000 0.000000
    58 -0.000001 0.000000 0.000000 3.141593 0.000000 -0.000001
    59 0.000000 0.000000 0.000000 3.141593 0.000000 0.000000
    60 0.000010 0.000017 0.000000 3.141593 0.000000 -0.000001
    61 0.000000 0.000004 0.000000 3.141593 0.000000 -0.000001
    62 0.000000 0.000006 0.000000 3.141593 0.000000 -0.000001
    63 0.000001 0.000002 0.000000 3.141593 0.000000 0.000000
    64 0.000000 0.000000 0.000000 -3.141592 0.000000 0.000000
    65 0.000000 0.000000 0.000000 -1.570797 -0.000001 0.000000
    66 0.000000 0.000000 0.000000 0.000000 0.000000 0.000000
    67 1.200000 0.000000 0.000000 0.000000 0.000000 0.000000
    68 0.000009 0.299994 0.000000 0.000000 0.000000 0.174533
    69 -0.000001 -0.000001 -0.000004 0.000000 0.000000 0.000000
    70 -0.000010 0.000000 -0.000003 -3.141592 0.000001 0.000000
    71 0.000000 0.000000 0.000000 0.000001 -0.000001 0.349065
    72 0.000000 -0.000003 0.000000 0.000000 0.000000 0.000000
    73 0.000003 0.000000 0.000000 0.000000 0.000000 0.000000
    74 -0.000010 -0.000006 0.000000 -0.000001 0.000000 0.000000
    75 0.000019 0.000002 0.000000 0.000000 0.000000 0.000000
    76 0.000001 0.000004 0.000000 0.000000 0.000000 -0.000001
    77 0.000000 0.000000 0.000000 0.000000 0.000000 -0.000001
    78 0.000001 -0.000002 0.000000 0.000000 0.000000 -0.000001
    79 0.000000 0.000000 0.000000 0.000000 0.000000 -0.000001
    80 0.000001 0.000008 0.000000 0.000000 0.000000 0.000000
    81 -0.000003 0.000004 0.000000 0.000000 0.000000 0.000000
    82 -0.000007 -0.000008 0.000000 0.000000 0.000000 -0.000001
    83 0.000000 0.000002 -0.000002 -1.570796 0.000000 0.000000
  time 63
    0 -1.856783 -17.030044 -5.031650 -2.103342 -0.143435 -2.006193
    1 -1.129029 -1.353618 -0.399893 0.000000 0.000004 0.000000
    2 -3.206565 -1.376664 0.219661 0.000003 0.000007 -0.000014
    3 -4.549240 -1.689358 -0.012529 0.000000 0.000000 0.000000
    4 4.331499 0.360595 -0.709097 0.000015 0.000003 -0.095811
    5 3.513922 0.962076 -0.004281 0.000004 -0.000001 1.176003
    6 2.855053 0.477292 0.679213 -0.000001 -0.000004 2.896619
    7 1.649902 5.878080 0.032496 -0.000003 0.000002 -1.570796
    8 6.587842 -0.691444 0.025964 -0.000001 -0.000001 1.570796
    9 -0.367197 -0.432813 -0.572237 0.000001 0.000001 -0.020494
    10 10.620066 1.884898 -0.004843 -1.570796 -0.000002 1.570796
    11 -9.087198 1.359573 -0.008167 -0.000003 0.000002 -1.570796
    12 -5.105725 -24.633534 -8.540383 2.701728 -0.398813 -2.491321
    13 1.473659 0.639418 -1.295234 2.246183 0.440257 0.736868
    14 1.832607 0.000002 -0.000008 3.102579 0.032139 0.612355
    15 1.003335 0.000005 0.000001 -3.043549 0.027310 -0.225170
    16 3.823895 -0.419603 -1.411520 0.229129 -0.129700 0.759577
    17 2.187956 0.000010 0.000000 -0.012082 -0.011908 1.896829
    18 1.100960 0.000002 0.000000 0.384821 -0.022985 0.395360
    19 3.987863 -0.577452 -0.474712 0.106909 -0.099139 0.745896
    20 1.890109 -0.000010 -0.000001 -0.024571 -0.089012 1.713897
    21 1.310925 0.000000 0.000000 0.487402 0.014826 0.431452
    22 4.117986 -0.654534 0.453695 0.083857 -0.114196 0.864680
    23 1.655294 0.000008 0.000000 -0.039773 0.033474 1.386062
    24 0.869582 0.000004 0.000000 0.072305 -0.050323 0.567074
    25 4.150630 -0.581594 1.354863 -0.339030 -0.077155 0.722463
    26 1.157247 -0.000010 -0.000002 -0.226722 -0.320721 1.453948
    27 1.019835 -0.000006 0.000000 -1.463105 -0.151684 0.429397
    28 7.406140 -6.039003 -8.901889 -1.561476 0.464279 -2.017409
    29 12.695427 -0.000020 -0.000008 -0.054414 0.248060 -0.975150
    30 -3.070504 -13.959291 -8.575539 2.537765 -0.131411 -2.000404
    31 1.474215 -0.497926 -1.376118 0.979422 0.426184 -0.250703
    32 1.832179 -0.000010 -0.000002 -2.526087 -0.301597 0.609630
    33 1.042025 -0.000004 -0.000009 -2.896973 -0.278839 -0.192682
    34 3.846759 0.664865 -1.331676 0.306564 0.434120 0.176746
    35 2.152367 -0.000001 0.000004 0.108675 -0.006078 -0.005591
    36 1.056622 -0.000011 0.000000 0.251741 0.004168 0.002172
    37 3.969509 0.881805 -0.368986 0.177649 0.522665 0.138979
    38 1.830183 0.000015 0.000000 -0.008962 -0.004934 -0.122914
    39 1.561352 0.000008 -0.000004 0.098391 -0.001805 0.000569
    40 4.116518 0.711272 0.551869 0.187923 0.006580 -0.361666
    41 1.752727 0.000006 0.000000 0.026521 0.029549 -1.405331
    42 0.869359 -0.000006 0.000000 0.015606 -0.073487 -0.926076
    43 4.118826 0.331223 1.419829 0.128888 -0.005990 -0.280207
    44 1.176321 0.000006 0.000000 -0.027338 0.139049 -0.923507
    45 0.970199 -0.000002 -0.000004 1.655618 0.044631 -1.487290
    46 -7.606037 1.001330 -4.120493 -1.777775 1.163482 -1.202869
    47 12.706336 -0.000035 -0.000009 -0.275610 0.292443 -1.770245
    48 0.000000 0.000000 -0.000003 0.000000 0.000000 0.000000
    49 1.200000 0.000000 0.000010 0.000000 0.000000 0.000000
    50 0.000010 -0.300000 0.000000 3.141593 0.000000 -0.174533
    51 0.000000 -0.000001 0.000000 0.000000 0.000000 0.000000
    52 -0.000003 0.000000 0.000001 3.141592 0.000000 0.000000
    53 0.000006 0.000000 0.000004 0.000000 0.000000 0.349065
    54 0.000000 0.000000 0.000000 3.141593 0.000000 0.000000
    55 -0.000008 -0.000006 0.000000 3.141593 0.000000 0.000000
    56 0.000002 -0.000002 0.000000 3.141593 0.000000 0.000000
    57 0.000014 -0.000004 0.000000 3.141593 0.000000 0.000000
    58 -0.000001 0.000000 0.000000 3.141593 0.000000 -0.000001
    59 0.000000 0.000000 0.000000 3.141593 0.000000 0.000000
    60 0.000010 0.000017 0.000000 3.141593 0.000000 -0.000001
    61 0.000000 0.000004 0.000000 3.141593 0.000000 -0.000001
    62 0.000000 0.000006 0.000000 3.141593 0.000000 -0.000001
    63 0.000001 0.000002 0.000000 3.141593 0.000000 0.000000
    64 0.000000 0.000000 0.000000 -3.141592 0.000000 0.000000
    65 0.000000 0.000000 0.000000 -1.570797 -0.000001 0.000000
    66 0.000000 0.000000 0.000000 0.000000 0.000000 0.000000
    67 1.200000 0.000000 0.000000 0.000000 0.000000 0.000000
    68 0.000009 0.299994 0.000000 0.000000 0.000000 0.174533
    69 -0.000001 -0.000001 -0.000004 0.000000 0.000000 0.000000
    70 -0.000010 0.000000 -0.000003 -3.141592 0.000001 0.000000
    71 0.000000 0.000000 0.000000 0.000001 -0.000001 0.349065
    72 0.000000 -0.000003 0.000000 0.000000 0.000000 0.000000
    73 0.000003 0.000000 0.000000 0.000000 0.000000 0.000000
    74 -0.000010 -0.000006 0.000000 -0.000001 0.000000 0.000000
    75 0.000019 0.000002 0.000000 0.000000 0.000000 0.000000
    76 0.000001 0.000004 0.000000 0.000000 0.000000 -0.000001
    77 0.000000 0.000000 0.000000 0.000000 0.000000 -0.000001
    78 0.000001 -0.000002 0.000000 0.000000 0.000000 -0.000001
    79 0.000000 0.000000 0.000000 0.000000 0.000000 -0.000001
    80 0.000001 0.000008 0.000000 0.000000 0.000000 0.000000
    81 -0.000003 0.000004 0.000000 0.000000 0.000000 0.000000
    82 -0.000007 -0.000008 0.000000 0.000000 0.000000 -0.000001
    83 0.000000 0.000002 -0.000002 -1.570796 0.000000 0.000000
  time 64
    0 -1.837252 -16.990980 -5.031650 -2.117283 -0.138920 -2.011942
    1 -1.136842 -1.349712 -0.399893 0.000000 0.000004 0.000000
    2 -3.210471 -1.372758 0.223568 0.000003 0.000007 -0.000014
    3 -4.549240 -1.689358 -0.012529 0.000000 0.000000 0.000000
    4 4.331499 0.360595 -0.709097 0.000015 0.000003 -0.095811
    5 3.513922 0.962076 -0.004281 0.000004 -0.000001 1.176003
    6 2.855053 0.477292 0.679213 -0.000001 -0.000004 2.896619
    7 1.649902 5.878080 0.032496 -0.000003 0.000002 -1.570796
    8 6.587842 -0.691444 0.025964 -0.000001 -0.000001 1.570796
    9 -0.371103 -0.440626 -0.580050 0.000001 0.000001 -0.020494
    10 10.620066 1.884898 -0.004843 -1.570796 -0.000002 1.570796
    11 -9.087198 1.359573 -0.008167 -0.000003 0.000002 -1.570796
    12 -5.179946 -24.535875 -8.575540 2.686034 -0.401268 -2.493204
    13 1.473659 0.639418 -1.295234 2.246183 0.440257 0.736868
    14 1.832607 0.000002 -0.000008 3.102567 0.032127 0.612355
    15 1.003335 0.000005 0.000001 -3.043549 0.027310 -0.225170
    16 3.823895 -0.419603 -1.411520 0.229129 -0.129700 0.759577
    17 2.187956 0.000010 0.000000 -0.012082 -0.011908 1.896829
    18 1.100960 0.000002 0.000000 0.384821 -0.022985 0.395360
    19 3.987863 -0.577452 -0.474712 0.106909 -0.099139 0.745896
    20 1.890109 -0.000010 -0.000001 -0.024571 -0.089012 1.713897
    21 1.310925 0.000000 0.000000 0.487416 0.014826 0.431452
    22 4.117986 -0.654534 0.453695 0.083857 -0.114196 0.864680
    23 1.655294 0.000008 0.000000 -0.039785 0.033474 1.386062
    24 0.869582 0.000004 0.000000 0.072305 -0.050383 0.567074
    25 4.150630 -0.581594 1.354863 -0.339030 -0.077155 0.722463
    26 1.157247 -0.000010 -0.000002 -0.226722 -0.320721 1.453911
    27 1.019835 -0.000006 0.000000 -1.463105 -0.151684 0.429397
    28 7.406140 -6.039003 -8.901889 -1.558811 0.468890 -2.020634
    29 12.695427 -0.000020 -0.000008 -0.055975 0.249187 -0.981397
    30 -3.066598 -13.881164 -8.536475 2.523974 -0.126828 -2.006229
    31 1.474215 -0.497926 -1.376118 0.979422 0.426184 -0.250703
    32 1.832179 -0.000010 -0.000002 -2.526087 -0.301597 0.609649
    33 1.042025 -0.000004 -0.000009 -2.896937 -0.278839 -0.192682
    34 3.799882 0.664865 -1.323863 0.325296 0.567868 0.151794
    35 2.152367 -0.000001 0.000004 0.108699 -0.006042 -0.005591
    36 1.056622 -0.000011 0.000000 0.251777 0.004168 0.002172
    37 4.000760 0.881805 -0.368986 0.187848 0.650232 0.098435
    38 1.830183 0.000015 0.000000 -0.008962 -0.004934 -0.122914
    39 1.561352 0.000008 -0.000004 0.098391 -0.001805 0.000602
    40 4.116518 0.711272 0.551869 0.187923 0.006580 -0.361666
    41 1.752727 0.000006 0.000000 0.026521 0.029537 -1.405331
    42 0.869359 -0.000006 0.000000 0.015618 -0.073475 -0.926076
    43 4.118826 0.331223 1.419829 0.128888 -0.005990 -0.280207
    44 1.176321 0.000006 0.000000 -0.027338 0.139049 -0.923484
    45 0.970199 -0.000002 -0.000004 1.655618 0.044631 -1.487290
    46 -7.606037 1.001330 -4.120493 -1.780689 1.166719 -1.203119
    47 12.706336 -0.000035 -0.000009 -0.278253 0.292060 -1.778921
    48 0.000000 0.000000 -0.000003 0.000000 0.000000 0.000000
    49 1.200000 0.000000 0.000010 0.000000 0.000000 0.000000
    50 0.000010 -0.300000 0.000000 3.141593 0.000000 -0.174533
    51 0.000000 -0.000001 0.000000 0.000000 0.000000 0.000000
    52 -0.000003 0.000000 0.000001 3.141592 0.000000 0.000000
    53 0.000006 0.000000 0.000004 0.000000 0.000000 0.349065
    54 0.000000 0.000000 0.000000 3.141593 0.000000 0.000000
    55 -0.000008 -0.000006 0.000000 3.141593 0.000000 0.000000
    56 0.000002 -0.000002 0.000000 3.141593 0.000000 0.000000
    57 0.000014 -0.000004 0.000000 3.141593 0.000000 0.000000
    58 -0.000001 0.000000 0.000000 3.141593 0.000000 -0.000001
    59 0.000000 0.000000 0.000000 3.141593 0.000000 0.000000
    60 0.000010 0.000017 0.000000 3.141593 0.000000 -0.000001
    61 0.000000 0.000004 0.000000 3.141593 0.000000 -0.000001
    62 0.000000 0.000006 0.000000 3.141593 0.000000 -0.000001
    63 0.000001 0.000002 0.000000 3.141593 0.000000 0.000000
    64 0.000000 0.000000 0.000000 -3.141592 0.000000 0.000000
    65 0.000000 0.000000 0.000000 -1.570797 -0.000001 0.000000
    66 0.000000 0.000000 0.000000 0.000000 0.000000 0.000000
    67 1.200000 0.000000 0.000000 0.000000 0.000000 0.000000
    68 0.000009 0.299994 0.000000 0.000000 0.000000 0.174533
    69 -0.000001 -0.000001 -0.000004 0.000000 0.000000 0.000000
    70 -0.000010 0.000000 -0.000003 -3.141592 0.000001 0.000000
    71 0.000000 0.000000 0.000000 0.000001 -0.000001 0.349065
    72 0.000000 -0.000003 0.000000 0.000000 0.000000 0.000000
    73 0.000003 0.000000 0.000000 0.000000 0.000000 0.000000
    74 -0.000010 -0.000006 0.000000 -0.000001 0.000000 0.000000
    75 0.000019 0.000002 0.000000 0.000000 0.000000 0.000000
    76 0.000001 0.000004 0.000000 0.000000 0.000000 -0.000001
    77 0.000000 0.000000 0.000000 0.000000 0.000000 -0.000001
    78 0.000001 -0.000002 0.000000 0.000000 0.000000 -0.000001
    79 0.000000 0.000000 0.000000 0.000000 0.000000 -0.000001
    80 0.000001 0.000008 0.000000 0.000000 0.000000 0.000000
    81 -0.000003 0.000004 0.000000 0.000000 0.000000 0.000000
    82 -0.000007 -0.000008 0.000000 0.000000 0.000000 -0.000001
    83 0.000000 0.000002 -0.000002 -1.570796 0.000000 0.000000
  time 65
    0 -1.809907 -16.944104 -5.043369 -2.130507 -0.135854 -2.023228
    1 -1.136842 -1.353618 -0.399893 0.000000 0.000004 0.000000
    2 -3.210471 -1.372758 0.219661 0.000003 0.000007 -0.000014
    3 -4.549240 -1.689358 -0.012529 0.000000 0.000000 0.000000
    4 4.331499 0.360595 -0.709097 0.000015 0.000003 -0.095811
    5 3.513922 0.962076 -0.004281 0.000004 -0.000001 1.176003
    6 2.855053 0.477292 0.679213 -0.000001 -0.000004 2.896619
    7 1.649902 5.878080 0.032496 -0.000003 0.000002 -1.570796
    8 6.587842 -0.691444 0.025964 -0.000001 -0.000001 1.570796
    9 -0.371103 -0.440626 -0.564424 0.000001 0.000001 -0.020494
    10 10.620066 1.884898 -0.004843 -1.570796 -0.000002 1.570796
    11 -9.087198 1.359573 -0.008167 -0.000003 0.000002 -1.570796
    12 -5.289325 -24.414777 -8.614604 2.671982 -0.404689 -2.500665
    13 1.473659 0.639418 -1.295234 2.246183 0.440257 0.736868
    14 1.832607 0.000002 -0.000008 3.102555 0.032139 0.612355
    15 1.003335 0.000005 0.000001 -3.043549 0.027310 -0.225170
    16 3.823895 -0.419603 -1.411520 0.229129 -0.129700 0.759577
    17 2.187956 0.000010 0.000000 -0.012082 -0.011908 1.896829
    18 1.100960 0.000002 0.000000 0.384821 -0.022913 0.395360
    19 3.987863 -0.577452 -0.474712 0.106909 -0.099139 0.745896
    20 1.890109 -0.000010 -0.000001 -0.024571 -0.089012 1.713897
    21 1.310925 0.000000 0.000000 0.487416 0.014826 0.431452
    22 4.117986 -0.654534 0.453695 0.083857 -0.114196 0.864680
    23 1.655294 0.000008 0.000000 -0.039797 0.033474 1.386062
    24 0.869582 0.000004 0.000000 0.072305 -0.050371 0.567074
    25 4.150630 -0.581594 1.354863 -0.339030 -0.077155 0.722463
    26 1.157247 -0.000010 -0.000002 -0.226722 -0.320721 1.453911
    27 1.019835 -0.000006 0.000000 -1.463105 -0.151684 0.429397
    28 7.406140 -6.039003 -8.901889 -1.552529 0.472629 -2.023766
    29 12.695427 -0.000020 -0.000008 -0.057570 0.250242 -0.987960
    30 -3.035347 -13.791317 -8.501318 2.510810 -0.123742 -2.017666
    31 1.474215 -0.497926 -1.376118 0.979422 0.426184 -0.250703
    32 1.832179 -0.000010 -0.000002 -2.526087 -0.301597 0.609630
    33 1.042025 -0.000004 -0.000009 -2.896901 -0.278827 -0.192682
    34 3.784257 0.664865 -1.331676 0.325105 0.624903 0.125775
    35 2.152367 -0.000001 0.000004 0.108675 -0.006018 -0.005591
    36 1.056622 -0.000011 0.000000 0.251705 0.004168 0.002172
    37 4.035917 0.881805 -0.372892 0.187872 0.701192 0.075849
    38 1.830183 0.000015 0.000000 -0.008974 -0.004934 -0.122914
    39 1.561352 0.000008 -0.000004 0.098391 -0.001805 0.000602
    40 4.116518 0.711272 0.551869 0.187923 0.006580 -0.361666
    41 1.752727 0.000006 0.000000 0.026521 0.029537 -1.405331
    42 0.869359 -0.000006 0.000000 0.015642 -0.073595 -0.926076
    43 4.118826 0.331223 1.419829 0.128888 -0.005990 -0.280207
    44 1.176321 0.000006 0.000000 -0.027338 0.139049 -0.923484
    45 0.970199 -0.000002 -0.000004 1.655618 0.044631 -1.487290
    46 -7.606037 1.001330 -4.120493 -1.788112 1.170623 -1.205118
    47 12.706336 -0.000035 -0.000009 -0.280870 0.291497 -1.788089
    48 0.000000 0.000000 -0.000003 0.000000 0.000000 0.000000
    49 1.200000 0.000000 0.000010 0.000000 0.000000 0.000000
    50 0.000010 -0.300000 0.000000 3.141593 0.000000 -0.174533
    51 0.000000 -0.000001 0.000000 0.000000 0.000000 0.000000
    52 -0.000003 0.000000 0.000001 3.141592 0.000000 0.000000
    53 0.000006 0.000000 0.000004 0.000000 0.000000 0.349065
    54 0.000000 0.000000 0.000000 3.141593 0.000000 0.000000
    55 -0.000008 -0.000006 0.000000 3.141593 0.000000 0.000000
    56 0.000002 -0.000002 0.000000 3.141593 0.000000 0.000000
    57 0.000014 -0.000004 0.000000 3.141593 0.000000 0.000000
    58 -0.000001 0.000000 0.000000 3.141593 0.000000 -0.000001
    59 0.000000 0.000000 0.000000 3.141593 0.000000 0.000000
    60 0.000010 0.000017 0.000000 3.141593 0.000000 -0.000001
    61 0.000000 0.000004 0.000000 3.141593 0.000000 -0.000001
    62 0.000000 0.000006 0.000000 3.141593 0.000000 -0.000001
    63 0.000001 0.000002 0.000000 3.141593 0.000000 0.000000
    64 0.000000 0.000000 0.000000 -3.141592 0.000000 0.000000
    65 0.000000 0.000000 0.000000 -1.570797 -0.000001 0.000000
    66 0.000000 0.000000 0.000000 0.000000 0.000000 0.000000
    67 1.200000 0.000000 0.000000 0.000000 0.000000 0.000000
    68 0.000009 0.299994 0.000000 0.000000 0.000000 0.174533
    69 -0.000001 -0.000001 -0.000004 0.000000 0.000000 0.000000
    70 -0.000010 0.000000 -0.000003 -3.141592 0.000001 0.000000
    71 0.000000 0.000000 0.000000 0.000001 -0.000001 0.349065
    72 0.000000 -0.000003 0.000000 0.000000 0.000000 0.000000
    73 0.000003 0.000000 0.000000 0.000000 0.000000 0.000000
    74 -0.000010 -0.000006 0.000000 -0.000001 0.000000 0.000000
    75 0.000019 0.000002 0.000000 0.000000 0.000000 0.000000
    76 0.000001 0.000004 0.000000 0.000000 0.000000 -0.000001
    77 0.000000 0.000000 0.000000 0.000000 0.000000 -0.000001
    78 0.000001 -0.000002 0.000000 0.000000 0.000000 -0.000001
    79 0.000000 0.000000 0.000000 0.000000 0.000000 -0.000001
    80 0.000001 0.000008 0.000000 0.000000 0.000000 0.000000
    81 -0.000003 0.000004 0.000000 0.000000 0.000000 0.000000
    82 -0.000007 -0.000008 0.000000 0.000000 0.000000 -0.000001
    83 0.000000 0.000002 -0.000002 -1.570796 0.000000 0.000000
  time 66
    0 -1.774750 -16.877696 -5.047275 -2.133914 -0.137787 -2.039554
    1 -0.855583 -1.326273 -0.423331 0.000000 0.000004 0.000000
    2 -2.808115 -1.357132 0.223568 0.000003 0.000007 -0.000014
    3 -4.549240 -1.689358 -0.012529 0.000000 0.000000 0.000000
    4 4.331499 0.360595 -0.709097 0.000015 0.000003 0.124778
    5 3.513922 0.962076 -0.004281 0.000004 -0.000001 1.176003
    6 2.855053 0.477292 0.679213 -0.000001 -0.000004 2.896619
    7 1.649902 5.878080 0.032496 -0.000003 0.000002 -1.570796
    8 6.587842 -0.691444 0.025964 -0.000001 -0.000001 1.570796
    9 -0.378916 -0.467970 -0.580050 0.000001 0.000001 -0.020494
    10 10.620066 1.884898 -0.004843 -1.570796 -0.000002 1.570796
    11 -9.087198 1.359573 -0.008167 -0.000003 0.000002 -1.570796
    12 -5.386984 -24.293680 -8.606791 2.669792 -0.407868 -2.515876
    13 1.473659 0.639418 -1.295234 2.246183 0.440257 0.736840
    14 1.832607 0.000002 -0.000008 3.102483 0.032079 0.610692
    15 1.003335 0.000005 0.000001 -3.043549 0.027310 -0.225170
    16 3.823895 -0.419603 -1.411520 0.229129 -0.129700 0.759577
    17 2.187956 0.000010 0.000000 -0.012082 -0.011908 1.896829
    18 1.100960 0.000002 0.000000 0.384821 -0.022961 0.395360
    19 3.987863 -0.577452 -0.474712 0.106909 -0.099139 0.745896
    20 1.890109 -0.000010 -0.000001 -0.024571 -0.089012 1.713897
    21 1.310925 0.000000 0.000000 0.487416 0.014826 0.431452
    22 4.117986 -0.654534 0.453695 0.083857 -0.114196 0.864680
    23 1.655294 0.000008 0.000000 -0.039797 0.033474 1.386062
    24 0.869582 0.000004 0.000000 0.072305 -0.050335 0.567074
    25 4.150630 -0.581594 1.354863 -0.339030 -0.077155 0.722463
    26 1.157247 -0.000010 -0.000002 -0.226722 -0.320721 1.453911
    27 1.019835 -0.000006 0.000000 -1.463105 -0.151684 0.429397
    28 7.406140 -6.039003 -8.901889 -1.545961 0.474706 -2.026622
    29 12.695427 -0.000020 -0.000008 -0.059383 0.251272 -0.995314
    30 -2.965032 -13.693658 -8.505224 2.507228 -0.125682 -2.033152
    31 1.474215 -0.497926 -1.376118 0.979422 0.426184 -0.250703
    32 1.832179 -0.000010 -0.000002 -2.526087 -0.301597 0.609649
    33 1.042025 -0.000004 -0.000009 -2.896937 -0.278839 -0.192682
    34 3.823320 0.664865 -1.331676 0.296294 0.508353 0.069951
    35 2.152367 -0.000001 0.000004 0.107800 -0.012082 -0.017019
    36 1.056622 -0.000011 0.000000 0.251309 0.000921 -0.007931
    37 3.985134 0.881805 -0.368986 0.172101 0.589785 0.048231
    38 1.830183 0.000015 0.000000 -0.008699 -0.007799 -0.158066
    39 1.561352 0.000008 -0.000004 0.096641 -0.000942 -0.034144
    40 4.116518 0.711272 0.551869 0.187923 0.006580 -0.361666
    41 1.752727 0.000006 0.000000 0.026521 0.029537 -1.405331
    42 0.869359 -0.000006 0.000000 0.015546 -0.073487 -0.926054
    43 4.118826 0.331223 1.419829 0.128888 -0.005990 -0.280207
    44 1.176321 0.000006 0.000000 -0.027338 0.139049 -0.923530
    45 0.970199 -0.000002 -0.000004 1.655618 0.044631 -1.487290
    46 -7.606037 1.001330 -4.120493 -1.809201 1.174961 -1.215927
    47 12.706336 -0.000035 -0.000009 -0.282419 0.291149 -1.793873
    48 0.000000 0.000000 -0.000003 0.000000 0.000000 0.000000
    49 1.200000 0.000000 0.000010 0.000000 0.000000 0.000000
    50 0.000010 -0.300000 0.000000 3.141593 0.000000 -0.174533
    51 0.000000 -0.000001 0.000000 0.000000 0.000000 0.000000
    52 -0.000003 0.000000 0.000001 3.141592 0.000000 0.000000
    53 0.000006 0.000000 0.000004 0.000000 0.000000 0.349065
    54 0.000000 0.000000 0.000000 3.141593 0.000000 0.000000
    55 -0.000008 -0.000006 0.000000 3.141593 0.000000 0.000000
    56 0.000002 -0.000002 0.000000 3.141593 0.000000 0.000000
    57 0.000014 -0.000004 0.000000 3.141593 0.000000 0.000000
    58 -0.000001 0.000000 0.000000 3.141593 0.000000 -0.000001
    59 0.000000 0.000000 0.000000 3.141593 0.000000 0.000000
    60 0.000010 0.000017 0.000000 3.141593 0.000000 -0.000001
    61 0.000000 0.000004 0.000000 3.141593 0.000000 -0.000001
    62 0.000000 0.000006 0.000000 3.141593 0.000000 -0.000001
    63 0.000001 0.000002 0.000000 3.141593 0.000000 0.000000
    64 0.000000 0.000000 0.000000 -3.141592 0.000000 0.000000
    65 0.000000 0.000000 0.000000 -1.570797 -0.000001 0.000000
    66 0.000000 0.000000 0.000000 0.000000 0.000000 0.000000
    67 1.200000 0.000000 0.000000 0.000000 0.000000 0.000000
    68 0.000009 0.299994 0.000000 0.000000 0.000000 0.174533
    69 -0.000001 -0.000001 -0.000004 0.000000 0.000000 0.000000
    70 -0.000010 0.000000 -0.000003 -3.141592 0.000001 0.000000
    71 0.000000 0.000000 0.000000 0.000001 -0.000001 0.349065
    72 0.000000 -0.000003 0.000000 0.000000 0.000000 0.000000
    73 0.000003 0.000000 0.000000 0.000000 0.000000 0.000000
    74 -0.000010 -0.000006 0.000000 -0.000001 0.000000 0.000000
    75 0.000019 0.000002 0.000000 0.000000 0.000000 0.000000
    76 0.000001 0.000004 0.000000 0.000000 0.000000 -0.000001
    77 0.000000 0.000000 0.000000 0.000000 0.000000 -0.000001
    78 0.000001 -0.000002 0.000000 0.000000 0.000000 -0.000001
    79 0.000000 0.000000 0.000000 0.000000 0.000000 -0.000001
    80 0.000001 0.000008 0.000000 0.000000 0.000000 0.000000
    81 -0.000003 0.000004 0.000000 0.000000 0.000000 0.000000
    82 -0.000007 -0.000008 0.000000 0.000000 0.000000 -0.000001
    83 0.000000 0.000002 -0.000002 -1.570796 0.000000 0.000000
  time 67
    0 -1.704435 -16.756598 -5.055088 -1.988899 -0.127322 -2.068371
    1 -0.222751 -1.330180 -0.415518 0.000000 0.000004 0.000000
    2 -1.948714 -1.361039 0.231380 0.000003 0.000007 -0.000014
    3 -4.549240 -1.689358 -0.012529 0.000000 0.000000 0.000000
    4 4.331499 0.360595 -0.709097 0.000015 0.000003 0.345534
    5 3.513922 0.962076 -0.004281 0.000004 -0.000001 1.176003
    6 2.855053 0.477292 0.679213 -0.000001 -0.000004 2.896619
    7 1.649902 5.878080 0.032496 -0.000003 0.000002 -1.570796
    8 6.587842 -0.691444 0.025964 -0.000001 -0.000001 1.570796
    9 -0.363290 -0.475783 -0.544893 0.000001 0.000001 -0.020494
    10 10.620066 1.884898 -0.004843 -1.570796 -0.000002 1.570796
    11 -9.087198 1.359573 -0.008167 -0.000003 0.000002 -1.570796
    12 -4.922126 -24.332744 -8.630229 2.800182 -0.330882 -2.573533
    13 1.473659 0.639418 -1.295234 2.246183 0.440257 0.736868
    14 1.832607 0.000002 -0.000008 3.102364 0.031755 0.605702
    15 1.003335 0.000005 0.000001 -3.043549 0.027310 -0.225170
    16 3.823895 -0.419603 -1.411520 0.229129 -0.129700 0.759577
    17 2.187956 0.000010 0.000000 -0.012082 -0.011908 1.896829
    18 1.100960 0.000002 0.000000 0.384821 -0.023021 0.395360
    19 3.987863 -0.577452 -0.474712 0.106909 -0.099139 0.745896
    20 1.890109 -0.000010 -0.000001 -0.024571 -0.089012 1.713897
    21 1.310925 0.000000 0.000000 0.487402 0.014826 0.431452
    22 4.117986 -0.654534 0.453695 0.083857 -0.114196 0.864680
    23 1.655294 0.000008 0.000000 -0.039761 0.033474 1.386062
    24 0.869582 0.000004 0.000000 0.072305 -0.050383 0.567074
    25 4.150630 -0.581594 1.354863 -0.339030 -0.077155 0.722463
    26 1.157247 -0.000010 -0.000002 -0.226722 -0.320721 1.453911
    27 1.019835 -0.000006 0.000000 -1.463105 -0.151684 0.429397
    28 7.406140 -6.039003 -8.901889 -1.559954 0.495353 -2.009763
    29 12.695427 -0.000020 -0.000008 -0.068599 0.256929 -1.031847
    30 -2.379077 -13.775692 -8.809921 2.651943 -0.116027 -2.060999
    31 1.474215 -0.497926 -1.376118 0.979422 0.426184 -0.250703
    32 1.832179 -0.000010 -0.000002 -2.526087 -0.301597 0.609630
    33 1.042025 -0.000004 -0.000009 -2.896937 -0.278827 -0.192682
    34 3.913167 0.664865 -1.331676 0.264463 0.248275 -0.010897
    35 2.152367 -0.000001 0.000004 0.105667 -0.030550 -0.051469
    36 1.056622 -0.000011 0.000000 0.250279 -0.008823 -0.038336
    37 3.891381 0.889618 -0.368986 0.149582 0.329742 -0.003789
    38 1.830183 0.000015 0.000000 -0.006949 -0.015984 -0.266021
    39 1.561352 0.000008 -0.000004 0.090900 0.001395 -0.140197
    40 4.116518 0.711272 0.551869 0.187923 0.006580 -0.361666
    41 1.752727 0.000006 0.000000 0.026521 0.029537 -1.405331
    42 0.869359 -0.000006 0.000000 0.015630 -0.073475 -0.926076
    43 4.118826 0.331223 1.419829 0.128888 -0.005990 -0.280207
    44 1.176321 0.000006 0.000000 -0.027338 0.139049 -0.923530
    45 0.970199 -0.000002 -0.000004 1.655618 0.044631 -1.487290
    46 -7.606037 1.001330 -4.120493 -1.919782 1.171791 -1.271657
    47 12.706336 -0.000035 -0.000009 -0.272277 0.293066 -1.758677
    48 0.000000 0.000000 -0.000003 0.000000 0.000000 0.000000
    49 1.200000 0.000000 0.000010 0.000000 0.000000 0.000000
    50 0.000010 -0.300000 0.000000 3.141593 0.000000 -0.174533
    51 0.000000 -0.000001 0.000000 0.000000 0.000000 0.000000
    52 -0.000003 0.000000 0.000001 3.141592 0.000000 0.000000
    53 0.000006 0.000000 0.000004 0.000000 0.000000 0.349065
    54 0.000000 0.000000 0.000000 3.141593 0.000000 0.000000
    55 -0.000008 -0.000006 0.000000 3.141593 0.000000 0.000000
    56 0.000002 -0.000002 0.000000 3.141593 0.000000 0.000000
    57 0.000014 -0.000004 0.000000 3.141593 0.000000 0.000000
    58 -0.000001 0.000000 0.000000 3.141593 0.000000 -0.000001
    59 0.000000 0.000000 0.000000 3.141593 0.000000 0.000000
    60 0.000010 0.000017 0.000000 3.141593 0.000000 -0.000001
    61 0.000000 0.000004 0.000000 3.141593 0.000000 -0.000001
    62 0.000000 0.000006 0.000000 3.141593 0.000000 -0.000001
    63 0.000001 0.000002 0.000000 3.141593 0.000000 0.000000
    64 0.000000 0.000000 0.000000 -3.141592 0.000000 0.000000
    65 0.000000 0.000000 0.000000 -1.570797 -0.000001 0.000000
    66 0.000000 0.000000 0.000000 0.000000 0.000000 0.000000
    67 1.200000 0.000000 0.000000 0.000000 0.000000 0.000000
    68 0.000009 0.299994 0.000000 0.000000 0.000000 0.174533
    69 -0.000001 -0.000001 -0.000004 0.000000 0.000000 0.000000
    70 -0.000010 0.000000 -0.000003 -3.141592 0.000001 0.000000
    71 0.000000 0.000000 0.000000 0.000001 -0.000001 0.349065
    72 0.000000 -0.000003 0.000000 0.000000 0.000000 0.000000
    73 0.000003 0.000000 0.000000 0.000000 0.000000 0.000000
    74 -0.000010 -0.000006 0.000000 -0.000001 0.000000 0.000000
    75 0.000019 0.000002 0.000000 0.000000 0.000000 0.000000
    76 0.000001 0.000004 0.000000 0.000000 0.000000 -0.000001
    77 0.000000 0.000000 0.000000 0.000000 0.000000 -0.000001
    78 0.000001 -0.000002 0.000000 0.000000 0.000000 -0.000001
    79 0.000000 0.000000 0.000000 0.000000 0.000000 -0.000001
    80 0.000001 0.000008 0.000000 0.000000 0.000000 0.000000
    81 -0.000003 0.000004 0.000000 0.000000 0.000000 0.000000
    82 -0.000007 -0.000008 0.000000 0.000000 0.000000 -0.000001
    83 0.000000 0.000002 -0.000002 -1.570796 0.000000 0.000000
  time 68
    0 -1.657559 -16.678471 -5.062901 -1.830301 -0.120103 -2.107127
    1 -1.171999 -1.037202 0.029808 0.000000 0.000004 0.000000
    2 -1.948714 -1.361039 0.231380 0.000003 0.000007 -0.000014
    3 -4.549240 -1.689358 -0.012529 0.000000 0.000000 0.000000
    4 4.331499 0.360595 -0.709097 0.000015 0.000003 0.056022
    5 3.513922 0.962076 -0.004281 0.000004 -0.000001 1.176003
    6 2.855053 0.477292 0.679213 -0.000001 -0.000004 2.896619
    7 1.649902 5.878080 0.032496 -0.000003 0.000002 -1.570796
    8 6.587842 -0.691444 0.025964 -0.000001 -0.000001 1.570796
    9 -0.125002 -0.475783 -0.486297 0.000001 0.000001 -0.020494
    10 10.620066 1.884898 -0.004843 -1.570796 -0.000002 1.570796
    11 -9.087198 1.359573 -0.008167 -0.000003 0.000002 -1.570796
    12 -4.523676 -24.449935 -8.513038 2.939423 -0.246772 -2.631552
    13 1.473659 0.639418 -1.295234 2.246183 0.440257 0.736868
    14 1.832607 0.000002 -0.000008 3.102148 0.031552 0.597386
    15 1.003335 0.000005 0.000001 -3.043549 0.027310 -0.225170
    16 3.823895 -0.419603 -1.411520 0.229129 -0.129700 0.759577
    17 2.187956 0.000010 0.000000 -0.012082 -0.011908 1.896829
    18 1.100960 0.000002 0.000000 0.384821 -0.022925 0.395360
    19 3.987863 -0.577452 -0.474712 0.106909 -0.099139 0.745896
    20 1.890109 -0.000010 -0.000001 -0.024571 -0.089012 1.713897
    21 1.310925 0.000000 0.000000 0.487402 0.014826 0.431452
    22 4.117986 -0.654534 0.453695 0.083857 -0.114196 0.864680
    23 1.655294 0.000008 0.000000 -0.039797 0.033474 1.386062
    24 0.869582 0.000004 0.000000 0.072305 -0.050335 0.566938
    25 4.150630 -0.581594 1.354863 -0.339030 -0.077155 0.722463
    26 1.157247 -0.000010 -0.000002 -0.226722 -0.320708 1.453911
    27 1.019835 -0.000006 0.000000 -1.463105 -0.151684 0.429397
    28 7.406140 -6.039003 -8.901889 -1.576135 0.501252 -1.997325
    29 12.695427 -0.000020 -0.000008 -0.073434 0.259614 -1.050667
    30 -1.738432 -13.974916 -9.067741 2.810359 -0.110207 -2.097868
    31 1.474215 -0.497926 -1.376118 0.979422 0.426184 -0.250703
    32 1.832179 -0.000010 -0.000002 -2.526087 -0.301597 0.609649
    33 1.042025 -0.000004 -0.000009 -2.896937 -0.278839 -0.192682
    34 3.967856 0.660958 -1.331676 0.257092 0.127531 -0.044717
    35 2.152367 -0.000001 0.000004 0.103546 -0.060608 -0.106951
    36 1.056622 -0.000011 0.000000 0.249104 -0.024679 -0.087353
    37 3.840598 0.881805 -0.368986 0.140521 0.160369 -0.032794
    38 1.830183 0.000015 0.000000 -0.001939 -0.029287 -0.446288
    39 1.561352 0.000008 -0.000004 0.081193 0.003887 -0.316864
    40 4.116518 0.711272 0.551869 0.187923 0.006580 -0.361666
    41 1.752727 0.000006 0.000000 0.026521 0.029537 -1.405331
    42 0.869359 -0.000006 0.000000 0.015642 -0.073475 -0.926076
    43 4.118826 0.331223 1.419829 0.128888 -0.005990 -0.280207
    44 1.176321 0.000006 0.000000 -0.027338 0.139049 -0.923484
    45 0.970199 -0.000002 -0.000004 1.655618 0.044631 -1.487290
    46 -7.606037 1.001330 -4.120493 -2.025923 1.152170 -1.320952
    47 12.706336 -0.000035 -0.000009 -0.257813 0.295380 -1.708774
    48 0.000000 0.000000 -0.000003 0.000000 0.000000 0.000000
    49 1.200000 0.000000 0.000010 0.000000 0.000000 0.000000
    50 0.000010 -0.300000 0.000000 3.141593 0.000000 -0.174533
    51 0.000000 -0.000001 0.000000 0.000000 0.000000 0.000000
    52 -0.000003 0.000000 0.000001 3.141592 0.000000 0.000000
    53 0.000006 0.000000 0.000004 0.000000 0.000000 0.349065
    54 0.000000 0.000000 0.000000 3.141593 0.000000 0.000000
    55 -0.000008 -0.000006 0.000000 3.141593 0.000000 0.000000
    56 0.000002 -0.000002 0.000000 3.141593 0.000000 0.000000
    57 0.000014 -0.000004 0.000000 3.141593 0.000000 0.000000
    58 -0.000001 0.000000 0.000000 3.141593 0.000000 -0.000001
    59 0.000000 0.000000 0.000000 3.141593 0.000000 0.000000
    60 0.000010 0.000017 0.000000 3.141593 0.000000 -0.000001
    61 0.000000 0.000004 0.000000 3.141593 0.000000 -0.000001
    62 0.000000 0.000006 0.000000 3.141593 0.000000 -0.000001
    63 0.000001 0.000002 0.000000 3.141593 0.000000 0.000000
    64 0.000000 0.000000 0.000000 -3.141592 0.000000 0.000000
    65 0.000000 0.000000 0.000000 -1.570797 -0.000001 0.000000
    66 0.000000 0.000000 0.000000 0.000000 0.000000 0.000000
    67 1.200000 0.000000 0.000000 0.000000 0.000000 0.000000
    68 0.000009 0.299994 0.000000 0.000000 0.000000 0.174533
    69 -0.000001 -0.000001 -0.000004 0.000000 0.000000 0.000000
    70 -0.000010 0.000000 -0.000003 -3.141592 0.000001 0.000000
    71 0.000000 0.000000 0.000000 0.000001 -0.000001 0.349065
    72 0.000000 -0.000003 0.000000 0.000000 0.000000 0.000000
    73 0.000003 0.000000 0.000000 0.000000 0.000000 0.000000
    74 -0.000010 -0.000006 0.000000 -0.000001 0.000000 0.000000
    75 0.000019 0.000002 0.000000 0.000000 0.000000 0.000000
    76 0.000001 0.000004 0.000000 0.000000 0.000000 -0.000001
    77 0.000000 0.000000 0.000000 0.000000 0.000000 -0.000001
    78 0.000001 -0.000002 0.000000 0.000000 0.000000 -0.000001
    79 0.000000 0.000000 0.000000 0.000000 0.000000 -0.000001
    80 0.000001 0.000008 0.000000 0.000000 0.000000 0.000000
    81 -0.000003 0.000004 0.000000 0.000000 0.000000 0.000000
    82 -0.000007 -0.000008 0.000000 0.000000 0.000000 -0.000001
    83 0.000000 0.000002 -0.000002 -1.570796 0.000000 0.000000
  time 69
    0 -1.993506 -17.342554 -5.019931 -1.815912 -0.139237 -2.164194
    1 -1.164186 -1.037202 0.029808 0.000000 0.000004 0.000000
    2 -1.944808 -1.361039 0.231380 0.000003 0.000007 -0.000014
    3 -4.549240 -1.689358 -0.012529 0.000000 0.000000 0.000000
    4 4.331499 0.360595 -0.709097 0.000015 0.000003 0.056022
    5 3.513922 0.962076 -0.004281 0.000004 -0.000001 1.176003
    6 2.855053 0.477292 0.679213 -0.000001 -0.000004 2.896619
    7 1.649902 5.878080 0.032496 -0.000003 0.000002 -1.570796
    8 6.587842 -0.691444 0.025964 -0.000001 -0.000001 1.570796
    9 0.363294 -0.483596 -0.486297 0.000001 0.000001 0.159275
    10 10.620066 1.884898 -0.004843 -1.570796 -0.000002 1.570796
    11 -9.087198 1.359573 -0.008167 -0.000003 0.000002 -1.570796
    12 -5.285418 -25.031984 -8.302094 2.962052 -0.256189 -2.693193
    13 1.473659 0.639418 -1.295234 2.246183 0.440257 0.736868
    14 1.832607 0.000002 -0.000008 3.101704 0.030964 0.585613
    15 1.003335 0.000005 0.000001 -3.043549 0.027310 -0.225170
    16 3.823895 -0.419603 -1.411520 0.229129 -0.129700 0.759577
    17 2.187956 0.000010 0.000000 -0.012082 -0.011908 1.896875
    18 1.100960 0.000002 0.000000 0.384821 -0.022925 0.395360
    19 3.987863 -0.577452 -0.474712 0.106909 -0.099139 0.745896
    20 1.890109 -0.000010 -0.000001 -0.024571 -0.089012 1.713897
    21 1.310925 0.000000 0.000000 0.487402 0.014826 0.431452
    22 4.117986 -0.654534 0.453695 0.083857 -0.114196 0.864680
    23 1.655294 0.000008 0.000000 -0.039797 0.033474 1.386062
    24 0.869582 0.000004 0.000000 0.072305 -0.050335 0.567074
    25 4.150630 -0.581594 1.354863 -0.339030 -0.077155 0.722463
    26 1.157247 -0.000010 -0.000002 -0.226722 -0.320721 1.453911
    27 1.019835 -0.000006 0.000000 -1.463105 -0.151684 0.429397
    28 7.406140 -6.039003 -8.901889 -1.574707 0.419828 -2.030031
    29 12.695427 -0.000020 -0.000008 -0.036435 0.235381 -0.900107
    30 -1.914219 -14.732752 -9.098992 2.824508 -0.129410 -2.155053
    31 1.474215 -0.497926 -1.376118 0.979422 0.426184 -0.250703
    32 1.832179 -0.000010 -0.000002 -2.526087 -0.301597 0.609649
    33 1.042025 -0.000004 -0.000009 -2.896973 -0.278851 -0.192682
    34 3.967856 0.660958 -1.331676 0.255163 0.142871 -0.044634
    35 2.152367 -0.000001 0.000004 0.103054 -0.098910 -0.177897
    36 1.056622 -0.000011 0.000000 0.248924 -0.044897 -0.149780
    37 3.832786 0.889618 -0.368986 0.135619 0.093301 -0.045720
    38 1.830183 0.000015 0.000000 0.007924 -0.045215 -0.684614
    39 1.561352 0.000008 -0.000004 0.067842 0.004558 -0.550538
    40 4.116518 0.711272 0.551869 0.187923 0.006580 -0.361666
    41 1.752727 0.000006 0.000000 0.026521 0.029537 -1.405331
    42 0.869359 -0.000006 0.000000 0.015642 -0.073487 -0.926076
    43 4.118826 0.331223 1.419829 0.128888 -0.005990 -0.280207
    44 1.176321 0.000006 0.000000 -0.027338 0.139049 -0.923484
    45 0.970199 -0.000002 -0.000004 1.655618 0.044631 -1.487290
    46 -7.606037 1.001330 -4.120493 -1.987282 1.110792 -1.314017
    47 12.706336 -0.000035 -0.000009 -0.237425 0.297489 -1.639121
    48 0.000000 0.000000 -0.000003 0.000000 0.000000 0.000000
    49 1.200000 0.000000 0.000010 0.000000 0.000000 0.000000
    50 0.000010 -0.300000 0.000000 3.141593 0.000000 -0.174533
    51 0.000000 -0.000001 0.000000 0.000000 0.000000 0.000000
    52 -0.000003 0.000000 0.000001 3.141592 0.000000 0.000000
    53 0.000006 0.000000 0.000004 0.000000 0.000000 0.349065
    54 0.000000 0.000000 0.000000 3.141593 0.000000 0.000000
    55 -0.000008 -0.000006 0.000000 3.141593 0.000000 0.000000
    56 0.000002 -0.000002 0.000000 3.141593 0.000000 0.000000
    57 0.000014 -0.000004 0.000000 3.141593 0.000000 0.000000
    58 -0.000001 0.000000 0.000000 3.141593 0.000000 -0.000001
    59 0.000000 0.000000 0.000000 3.141593 0.000000 0.000000
    60 0.000010 0.000017 0.000000 3.141593 0.000000 -0.000001
    61 0.000000 0.000004 0.000000 3.141593 0.000000 -0.000001
    62 0.000000 0.000006 0.000000 3.141593 0.000000 -0.000001
    63 0.000001 0.000002 0.000000 3.141593 0.000000 0.000000
    64 0.000000 0.000000 0.000000 -3.141592 0.000000 0.000000
    65 0.000000 0.000000 0.000000 -1.570797 -0.000001 0.000000
    66 0.000000 0.000000 0.000000 0.000000 0.000000 0.000000
    67 1.200000 0.000000 0.000000 0.000000 0.000000 0.000000
    68 0.000009 0.299994 0.000000 0.000000 0.000000 0.174533
    69 -0.000001 -0.000001 -0.000004 0.000000 0.000000 0.000000
    70 -0.000010 0.000000 -0.000003 -3.141592 0.000001 0.000000
    71 0.000000 0.000000 0.000000 0.000001 -0.000001 0.349065
    72 0.000000 -0.000003 0.000000 0.000000 0.000000 0.000000
    73 0.000003 0.000000 0.000000 0.000000 0.000000 0.000000
    74 -0.000010 -0.000006 0.000000 -0.000001 0.000000 0.000000
    75 0.000019 0.000002 0.000000 0.000000 0.000000 0.000000
    76 0.000001 0.000004 0.000000 0.000000 0.000000 -0.000001
    77 0.000000 0.000000 0.000000 0.000000 0.000000 -0.000001
    78 0.000001 -0.000002 0.000000 0.000000 0.000000 -0.000001
    79 0.000000 0.000000 0.000000 0.000000 0.000000 -0.000001
    80 0.000001 0.000008 0.000000 0.000000 0.000000 0.000000
    81 -0.000003 0.000004 0.000000 0.000000 0.000000 0.000000
    82 -0.000007 -0.000008 0.000000 0.000000 0.000000 -0.000001
    83 0.000000 0.000002 -0.000002 -1.570796 0.000000 0.000000
  time 70
    0 -2.556023 -18.147266 -4.992586 -1.805781 -0.146561 -2.203162
    1 -1.164186 -1.037202 0.029808 0.000000 0.000004 0.000000
    2 -1.944808 -1.361039 0.231380 0.000003 0.000007 -0.000014
    3 -4.549240 -1.689358 -0.012529 0.000000 0.000000 0.000000
    4 4.331499 0.360595 -0.709097 0.000015 0.000003 0.056022
    5 3.513922 0.962076 -0.004281 0.000004 -0.000001 1.176003
    6 2.855053 0.477292 0.679213 -0.000001 -0.000004 2.896619
    7 1.649902 5.878080 0.032496 -0.000003 0.000002 -1.570796
    8 6.587842 -0.691444 0.025964 -0.000001 -0.000001 1.570796
    9 0.175789 -0.350779 -0.248008 0.000001 0.000001 0.079698
    10 10.620066 1.884898 -0.004843 -1.570796 -0.000002 1.570796
    11 -9.087198 1.359573 -0.008167 -0.000003 0.000002 -1.570796
    12 -6.117475 -25.742943 -8.200528 2.975009 -0.257477 -2.733611
    13 1.473659 0.639418 -1.295234 2.246183 0.440257 0.736868
    14 1.832607 0.000002 -0.000008 3.101297 0.030413 0.570546
    15 1.003335 0.000005 0.000001 -3.043549 0.027310 -0.225170
    16 3.823895 -0.419603 -1.411520 0.229129 -0.129700 0.759577
    17 2.187956 0.000010 0.000000 -0.012082 -0.011908 1.896829
    18 1.100960 0.000002 0.000000 0.384821 -0.022949 0.395360
    19 3.987863 -0.577452 -0.474712 0.106909 -0.099139 0.745896
    20 1.890109 -0.000010 -0.000001 -0.024571 -0.089012 1.713779
    21 1.310925 0.000000 0.000000 0.487416 0.014826 0.431452
    22 4.117986 -0.654534 0.453695 0.083857 -0.114196 0.864680
    23 1.655294 0.000008 0.000000 -0.039797 0.033474 1.386062
    24 0.869582 0.000004 0.000000 0.072305 -0.050335 0.567074
    25 4.150630 -0.581594 1.354863 -0.339030 -0.077155 0.722463
    26 1.157247 -0.000010 -0.000002 -0.226722 -0.320708 1.453985
    27 1.019835 -0.000006 0.000000 -1.463105 -0.151684 0.429397
    28 7.406140 -6.039003 -8.901889 -1.575754 0.314683 -2.070937
    29 12.695427 -0.000020 -0.000008 0.008219 0.192596 -0.690240
    30 -2.363451 -15.588247 -9.098992 2.834538 -0.136911 -2.193698
    31 1.474215 -0.497926 -1.376118 0.979422 0.426184 -0.250703
    32 1.832179 -0.000010 -0.000002 -2.526087 -0.301597 0.609649
    33 1.042025 -0.000004 -0.000009 -2.896961 -0.278815 -0.192682
    34 3.920980 0.664865 -1.331676 0.251951 0.185152 -0.036856
    35 2.152367 -0.000001 0.000004 0.105847 -0.140173 -0.255032
    36 1.056622 -0.000011 0.000000 0.249955 -0.066720 -0.217445
    37 3.871849 0.881805 -0.368986 0.132168 0.042812 -0.059277
    38 1.830183 0.000015 0.000000 0.022881 -0.059248 -0.946019
    39 1.561352 0.000008 -0.000004 0.053388 0.001850 -0.806209
    40 4.116518 0.711272 0.551869 0.187923 0.006580 -0.361666
    41 1.752727 0.000006 0.000000 0.026521 0.029537 -1.405331
    42 0.869359 -0.000006 0.000000 0.015594 -0.073475 -0.926076
    43 4.118826 0.331223 1.419829 0.128888 -0.005990 -0.280207
    44 1.176321 0.000006 0.000000 -0.027338 0.139049 -0.923484
    45 0.970199 -0.000002 -0.000004 1.655618 0.044631 -1.487290
    46 -7.606037 1.001330 -4.120493 -1.936709 1.066711 -1.314517
    47 12.706336 -0.000035 -0.000009 -0.216074 0.298124 -1.566082
    48 0.000000 0.000000 -0.000003 0.000000 0.000000 0.000000
    49 1.200000 0.000000 0.000010 0.000000 0.000000 0.000000
    50 0.000010 -0.300000 0.000000 3.141593 0.000000 -0.174533
    51 0.000000 -0.000001 0.000000 0.000000 0.000000 0.000000
    52 -0.000003 0.000000 0.000001 3.141592 0.000000 0.000000
    53 0.000006 0.000000 0.000004 0.000000 0.000000 0.349065
    54 0.000000 0.000000 0.000000 3.141593 0.000000 0.000000
    55 -0.000008 -0.000006 0.000000 3.141593 0.000000 0.000000
    56 0.000002 -0.000002 0.000000 3.141593 0.000000 0.000000
    57 0.000014 -0.000004 0.000000 3.141593 0.000000 0.000000
    58 -0.000001 0.000000 0.000000 3.141593 0.000000 -0.000001
    59 0.000000 0.000000 0.000000 3.141593 0.000000 0.000000
    60 0.000010 0.000017 0.000000 3.141593 0.000000 -0.000001
    61 0.000000 0.000004 0.000000 3.141593 0.000000 -0.000001
    62 0.000000 0.000006 0.000000 3.141593 0.000000 -0.000001
    63 0.000001 0.000002 0.000000 3.141593 0.000000 0.000000
    64 0.000000 0.000000 0.000000 -3.141592 0.000000 0.000000
    65 0.000000 0.000000 0.000000 -1.570797 -0.000001 0.000000
    66 0.000000 0.000000 0.000000 0.000000 0.000000 0.000000
    67 1.200000 0.000000 0.000000 0.000000 0.000000 0.000000
    68 0.000009 0.299994 0.000000 0.000000 0.000000 0.174533
    69 -0.000001 -0.000001 -0.000004 0.000000 0.000000 0.000000
    70 -0.000010 0.000000 -0.000003 -3.141592 0.000001 0.000000
    71 0.000000 0.000000 0.000000 0.000001 -0.000001 0.349065
    72 0.000000 -0.000003 0.000000 0.000000 0.000000 0.000000
    73 0.000003 0.000000 0.000000 0.000000 0.000000 0.000000
    74 -0.000010 -0.000006 0.000000 -0.000001 0.000000 0.000000
    75 0.000019 0.000002 0.000000 0.000000 0.000000 0.000000
    76 0.000001 0.000004 0.000000 0.000000 0.000000 -0.000001
    77 0.000000 0.000000 0.000000 0.000000 0.000000 -0.000001
    78 0.000001 -0.000002 0.000000 0.000000 0.000000 -0.000001
    79 0.000000 0.000000 0.000000 0.000000 0.000000 -0.000001
    80 0.000001 0.000008 0.000000 0.000000 0.000000 0.000000
    81 -0.000003 0.000004 0.000000 0.000000 0.000000 0.000000
    82 -0.000007 -0.000008 0.000000 0.000000 0.000000 -0.000001
    83 0.000000 0.000002 -0.000002 -1.570796 0.000000 0.000000
  time 71
    0 -2.919316 -18.330865 -5.070714 -1.769023 -0.109094 -2.208344
    1 -1.171999 -1.041108 0.025902 0.000000 0.000004 0.000000
    2 -1.948714 -1.361039 0.231380 0.000003 0.000007 -0.000014
    3 -4.549240 -1.689358 -0.012529 0.000000 0.000000 0.000000
    4 4.331499 0.360595 -0.709097 0.000015 0.000003 0.056022
    5 3.513922 0.962076 -0.004281 0.000004 -0.000001 1.176003
    6 2.855053 0.477292 0.679213 -0.000001 -0.000004 2.896619
    7 1.649902 5.878080 0.032496 -0.000003 0.000002 -1.570796
    8 6.587842 -0.691444 0.025964 -0.000001 -0.000001 1.570796
    9 0.000002 -0.241401 -0.052690 0.000001 0.000001 0.000000
    10 10.620066 1.884898 -0.004843 -1.570796 -0.000002 1.570796
    11 -9.087198 1.359573 -0.008167 -0.000003 0.000002 -1.570796
    12 -6.316700 -25.899198 -8.513038 2.987692 -0.206730 -2.737305
    13 1.473659 0.639418 -1.295234 2.246183 0.440257 0.736868
    14 1.832607 0.000002 -0.000008 3.100722 0.029730 0.552316
    15 1.003335 0.000005 0.000001 -3.043549 0.027310 -0.225170
    16 3.823895 -0.419603 -1.411520 0.229129 -0.129700 0.759577
    17 2.187956 0.000010 0.000000 -0.012082 -0.011908 1.896829
    18 1.100960 0.000002 0.000000 0.384821 -0.022961 0.395360
    19 3.987863 -0.577452 -0.474712 0.106909 -0.099139 0.745896
    20 1.890109 -0.000010 -0.000001 -0.024571 -0.089012 1.713897
    21 1.310925 0.000000 0.000000 0.487416 0.014826 0.431452
    22 4.117986 -0.654534 0.453695 0.083857 -0.114196 0.864680
    23 1.655294 0.000008 0.000000 -0.039797 0.033474 1.385949
    24 0.869582 0.000004 0.000000 0.072305 -0.050347 0.567074
    25 4.150630 -0.581594 1.354863 -0.339030 -0.077155 0.722463
    26 1.157247 -0.000010 -0.000002 -0.226722 -0.320721 1.453911
    27 1.019835 -0.000006 0.000000 -1.463093 -0.151684 0.429397
    28 7.406140 -6.039003 -8.901889 -1.574707 0.301514 -2.080979
    29 12.695427 -0.000020 -0.000008 0.018157 0.180096 -0.636864
    30 -2.519706 -15.736689 -9.130243 2.871567 -0.099742 -2.199097
    31 1.474215 -0.497926 -1.376118 0.979422 0.426184 -0.250703
    32 1.832179 -0.000010 -0.000002 -2.526087 -0.301597 0.609649
    33 1.042025 -0.000004 -0.000009 -2.896925 -0.278839 -0.192682
    34 3.881916 0.664865 -1.331676 0.248283 0.245723 -0.023672
    35 2.152367 -0.000001 0.000004 0.111180 -0.178237 -0.326890
    36 1.056622 -0.000011 0.000000 0.252328 -0.086759 -0.280161
    37 3.910913 0.881805 -0.368986 0.130083 0.011261 -0.072077
    38 1.830183 0.000015 0.000000 0.039228 -0.068405 -1.184965
    39 1.561352 0.000008 -0.000004 0.041380 -0.003951 -1.039321
    40 4.116518 0.711272 0.551869 0.187923 0.006580 -0.361666
    41 1.752727 0.000006 0.000000 0.026521 0.029537 -1.405331
    42 0.869359 -0.000006 0.000000 0.015642 -0.073475 -0.926076
    43 4.118826 0.331223 1.419829 0.128888 -0.005990 -0.280207
    44 1.176321 0.000006 0.000000 -0.027338 0.139049 -0.923484
    45 0.970199 -0.000002 -0.000004 1.655618 0.044631 -1.487290
    46 -7.606037 1.001330 -4.120493 -1.967372 1.060204 -1.347568
    47 12.706336 -0.000035 -0.000009 -0.212637 0.297980 -1.554207
    48 0.000000 0.000000 -0.000003 0.000000 0.000000 0.000000
    49 1.200000 0.000000 0.000010 0.000000 0.000000 0.000000
    50 0.000010 -0.300000 0.000000 3.141593 0.000000 -0.174533
    51 0.000000 -0.000001 0.000000 0.000000 0.000000 0.000000
    52 -0.000003 0.000000 0.000001 3.141592 0.000000 0.000000
    53 0.000006 0.000000 0.000004 0.000000 0.000000 0.349065
    54 0.000000 0.000000 0.000000 3.141593 0.000000 0.000000
    55 -0.000008 -0.000006 0.000000 3.141593 0.000000 0.000000
    56 0.000002 -0.000002 0.000000 3.141593 0.000000 0.000000
    57 0.000014 -0.000004 0.000000 3.141593 0.000000 0.000000
    58 -0.000001 0.000000 0.000000 3.141593 0.000000 -0.000001
    59 0.000000 0.000000 0.000000 3.141593 0.000000 0.000000
    60 0.000010 0.000017 0.000000 3.141593 0.000000 -0.000001
    61 0.000000 0.000004 0.000000 3.141593 0.000000 -0.000001
    62 0.000000 0.000006 0.000000 3.141593 0.000000 -0.000001
    63 0.000001 0.000002 0.000000 3.141593 0.000000 0.000000
    64 0.000000 0.000000 0.000000 -3.141592 0.000000 0.000000
    65 0.000000 0.000000 0.000000 -1.570797 -0.000001 0.000000
    66 0.000000 0.000000 0.000000 0.000000 0.000000 0.000000
    67 1.200000 0.000000 0.000000 0.000000 0.000000 0.000000
    68 0.000009 0.299994 0.000000 0.000000 0.000000 0.174533
    69 -0.000001 -0.000001 -0.000004 0.000000 0.000000 0.000000
    70 -0.000010 0.000000 -0.000003 -3.141592 0.000001 0.000000
    71 0.000000 0.000000 0.000000 0.000001 -0.000001 0.349065
    72 0.000000 -0.000003 0.000000 0.000000 0.000000 0.000000
    73 0.000003 0.000000 0.000000 0.000000 0.000000 0.000000
    74 -0.000010 -0.000006 0.000000 -0.000001 0.000000 0.000000
    75 0.000019 0.000002 0.000000 0.000000 0.000000 0.000000
    76 0.000001 0.000004 0.000000 0.000000 0.000000 -0.000001
    77 0.000000 0.000000 0.000000 0.000000 0.000000 -0.000001
    78 0.000001 -0.000002 0.000000 0.000000 0.000000 -0.000001
    79 0.000000 0.000000 0.000000 0.000000 0.000000 -0.000001
    80 0.000001 0.000008 0.000000 0.000000 0.000000 0.000000
    81 -0.000003 0.000004 0.000000 0.000000 0.000000 0.000000
    82 -0.000007 -0.000008 0.000000 0.000000 0.000000 -0.000001
    83 0.000000 0.000002 -0.000002 -1.570796 0.000000 0.000000
  time 72
    0 -3.239638 -18.405086 -5.223062 -1.719310 -0.026896 -2.210899
    1 -1.171999 -1.037202 0.029808 0.000000 0.000004 0.000000
    2 -1.948714 -1.361039 0.235287 0.000003 0.000007 -0.000014
    3 -4.549240 -1.689358 -0.012529 0.000000 0.000000 0.000000
    4 4.331499 0.360595 -0.709097 0.000015 0.000003 0.056022
    5 3.513922 0.962076 -0.004281 0.000004 -0.000001 1.176003
    6 2.855053 0.477292 0.679213 -0.000001 -0.000004 2.896619
    7 1.649902 5.878080 0.032496 -0.000003 0.000002 -1.570796
    8 6.587842 -0.691444 0.025964 -0.000001 -0.000001 1.570796
    9 0.000002 -0.241401 -0.052690 0.000001 0.000001 0.000000
    10 10.620066 1.884898 -0.004843 -1.570796 -0.000002 1.570796
    11 -9.087198 1.359573 -0.008167 -0.000003 0.000002 -1.570796
    12 -6.297168 -25.840602 -9.227904 2.989243 -0.110829 -2.736798
    13 1.473659 0.639418 -1.295234 2.246183 0.440257 0.736868
    14 1.832607 0.000002 -0.000008 3.100074 0.028735 0.531020
    15 1.003335 0.000005 0.000001 -3.043549 0.027310 -0.225170
    16 3.823895 -0.419603 -1.411520 0.229129 -0.129700 0.759577
    17 2.187956 0.000010 0.000000 -0.012082 -0.011908 1.896829
    18 1.100960 0.000002 0.000000 0.384821 -0.022925 0.395360
    19 3.987863 -0.577452 -0.474712 0.106909 -0.099139 0.745896
    20 1.890109 -0.000010 -0.000001 -0.024571 -0.089012 1.713897
    21 1.310925 0.000000 0.000000 0.487416 0.014826 0.431452
    22 4.117986 -0.654534 0.453695 0.083857 -0.114196 0.864654
    23 1.655294 0.000008 0.000000 -0.039785 0.033474 1.386062
    24 0.869582 0.000004 0.000000 0.072305 -0.050335 0.567074
    25 4.150630 -0.581594 1.354863 -0.339030 -0.077155 0.722463
    26 1.157247 -0.000010 -0.000002 -0.226722 -0.320708 1.453985
    27 1.019835 -0.000006 0.000000 -1.463105 -0.151684 0.429397
    28 7.406140 -6.039003 -8.901889 -1.570519 0.337947 -2.078492
    29 12.695427 -0.000020 -0.000008 0.015639 0.183392 -0.650465
    30 -2.480642 -15.670281 -9.145869 2.922074 -0.018011 -2.200873
    31 1.474215 -0.497926 -1.376118 0.979422 0.426184 -0.250703
    32 1.832179 -0.000010 -0.000002 -2.526087 -0.301597 0.609630
    33 1.042025 -0.000004 -0.000009 -2.896973 -0.278851 -0.192682
    34 3.850665 0.664865 -1.331676 0.245827 0.305861 -0.009627
    35 2.152367 -0.000001 0.000004 0.117316 -0.207659 -0.383670
    36 1.056622 -0.000011 0.000000 0.255168 -0.102399 -0.329489
    37 3.953883 0.881805 -0.368986 0.128896 -0.003536 -0.082191
    38 1.830183 0.000015 0.000000 0.052698 -0.072479 -1.366108
    39 1.561352 0.000008 -0.000004 0.033170 -0.010051 -1.216418
    40 4.116518 0.711272 0.551869 0.187923 0.006580 -0.361666
    41 1.752727 0.000006 0.000000 0.026521 0.029537 -1.405331
    42 0.869359 -0.000006 0.000000 0.015642 -0.073475 -0.926076
    43 4.118826 0.331223 1.419829 0.128888 -0.005990 -0.280207
    44 1.176321 0.000006 0.000000 -0.027338 0.139049 -0.923530
    45 0.970199 -0.000002 -0.000004 1.655618 0.044631 -1.487290
    46 -7.606037 1.001330 -4.120493 -2.033207 1.061372 -1.393052
    47 12.706336 -0.000035 -0.000009 -0.214434 0.298016 -1.560298
    48 0.000000 0.000000 -0.000003 0.000000 0.000000 0.000000
    49 1.200000 0.000000 0.000010 0.000000 0.000000 0.000000
    50 0.000010 -0.300000 0.000000 3.141593 0.000000 -0.174533
    51 0.000000 -0.000001 0.000000 0.000000 0.000000 0.000000
    52 -0.000003 0.000000 0.000001 3.141592 0.000000 0.000000
    53 0.000006 0.000000 0.000004 0.000000 0.000000 0.349065
    54 0.000000 0.000000 0.000000 3.141593 0.000000 0.000000
    55 -0.000008 -0.000006 0.000000 3.141593 0.000000 0.000000
    56 0.000002 -0.000002 0.000000 3.141593 0.000000 0.000000
    57 0.000014 -0.000004 0.000000 3.141593 0.000000 0.000000
    58 -0.000001 0.000000 0.000000 3.141593 0.000000 -0.000001
    59 0.000000 0.000000 0.000000 3.141593 0.000000 0.000000
    60 0.000010 0.000017 0.000000 3.141593 0.000000 -0.000001
    61 0.000000 0.000004 0.000000 3.141593 0.000000 -0.000001
    62 0.000000 0.000006 0.000000 3.141593 0.000000 -0.000001
    63 0.000001 0.000002 0.000000 3.141593 0.000000 0.000000
    64 0.000000 0.000000 0.000000 -3.141592 0.000000 0.000000
    65 0.000000 0.000000 0.000000 -1.570797 -0.000001 0.000000
    66 0.000000 0.000000 0.000000 0.000000 0.000000 0.000000
    67 1.200000 0.000000 0.000000 0.000000 0.000000 0.000000
    68 0.000009 0.299994 0.000000 0.000000 0.000000 0.174533
    69 -0.000001 -0.000001 -0.000004 0.000000 0.000000 0.000000
    70 -0.000010 0.000000 -0.000003 -3.141592 0.000001 0.000000
    71 0.000000 0.000000 0.000000 0.000001 -0.000001 0.349065
    72 0.000000 -0.000003 0.000000 0.000000 0.000000 0.000000
    73 0.000003 0.000000 0.000000 0.000000 0.000000 0.000000
    74 -0.000010 -0.000006 0.000000 -0.000001 0.000000 0.000000
    75 0.000019 0.000002 0.000000 0.000000 0.000000 0.000000
    76 0.000001 0.000004 0.000000 0.000000 0.000000 -0.000001
    77 0.000000 0.000000 0.000000 0.000000 0.000000 -0.000001
    78 0.000001 -0.000002 0.000000 0.000000 0.000000 -0.000001
    79 0.000000 0.000000 0.000000 0.000000 0.000000 -0.000001
    80 0.000001 0.000008 0.000000 0.000000 0.000000 0.000000
    81 -0.000003 0.000004 0.000000 0.000000 0.000000 0.000000
    82 -0.000007 -0.000008 0.000000 0.000000 0.000000 -0.000001
    83 0.000000 0.000002 -0.000002 -1.570796 0.000000 0.000000
  time 73
    0 -3.536522 -18.416805 -5.328534 -1.706041 0.035519 -2.201743
    1 -1.164186 -1.033296 0.033714 0.000000 0.000004 0.000000
    2 -1.940901 -1.361039 0.227474 0.000003 0.000007 -0.000014
    3 -4.549240 -1.689358 -0.012529 0.000000 0.000000 0.000000
    4 4.331499 0.360595 -0.709097 0.000015 0.000003 0.056022
    5 3.513922 0.962076 -0.004281 0.000004 -0.000001 1.176003
    6 2.855053 0.477292 0.679213 -0.000001 -0.000004 2.896619
    7 1.649902 5.878080 0.032496 -0.000003 0.000002 -1.570796
    8 6.587842 -0.691444 0.025964 -0.000001 -0.000001 1.570796
    9 0.000002 -0.241401 -0.052690 0.000001 0.000001 0.000000
    10 10.620066 1.884898 -0.004843 -1.570796 -0.000002 1.570796
    11 -9.087198 1.359573 -0.008167 -0.000003 0.000002 -1.570796
    12 -6.324512 -25.680441 -9.782608 2.969443 -0.050101 -2.726078
    13 1.473659 0.639418 -1.295234 2.246183 0.440257 0.736868
    14 1.832607 0.000002 -0.000008 3.099415 0.027728 0.506952
    15 1.003335 0.000005 0.000001 -3.043549 0.027310 -0.225170
    16 3.823895 -0.419603 -1.411520 0.229129 -0.129700 0.759577
    17 2.187956 0.000010 0.000000 -0.012082 -0.011908 1.896829
    18 1.100960 0.000002 0.000000 0.384821 -0.022973 0.395360
    19 3.987863 -0.577452 -0.474712 0.106909 -0.099139 0.745896
    20 1.890109 -0.000010 -0.000001 -0.024571 -0.089012 1.713779
    21 1.310925 0.000000 0.000000 0.487416 0.014826 0.431452
    22 4.117986 -0.654534 0.453695 0.083857 -0.114196 0.864680
    23 1.655294 0.000008 0.000000 -0.039797 0.033474 1.386062
    24 0.869582 0.000004 0.000000 0.072305 -0.050335 0.566938
    25 4.150630 -0.581594 1.354863 -0.339030 -0.077155 0.722463
    26 1.157247 -0.000010 -0.000002 -0.226722 -0.320721 1.453911
    27 1.019835 -0.000006 0.000000 -1.463093 -0.151684 0.429397
    28 7.406140 -6.039003 -8.901889 -1.563285 0.370475 -2.077479
    29 12.695427 -0.000020 -0.000008 0.011845 0.188065 -0.671341
    30 -2.621272 -15.510120 -9.091180 2.936044 0.044228 -2.191567
    31 1.474215 -0.497926 -1.376118 0.979422 0.426184 -0.250703
    32 1.832179 -0.000010 -0.000002 -2.526087 -0.301597 0.609649
    33 1.042025 -0.000004 -0.000009 -2.896937 -0.278851 -0.192682
    34 3.823320 0.664865 -1.331676 0.244796 0.347663 0.000476
    35 2.152367 -0.000001 0.000004 0.122038 -0.225672 -0.419115
    36 1.056622 -0.000011 0.000000 0.257254 -0.111998 -0.360170
    37 3.985134 0.881805 -0.368986 0.128573 -0.007799 -0.088307
    38 1.830183 0.000015 0.000000 0.061207 -0.073882 -1.474683
    39 1.561352 0.000008 -0.000004 0.028940 -0.014245 -1.322735
    40 4.116518 0.711272 0.551869 0.187923 0.006580 -0.361666
    41 1.752727 0.000006 0.000000 0.026509 0.029537 -1.405331
    42 0.869359 -0.000006 0.000000 0.015642 -0.073475 -0.926076
    43 4.118826 0.331223 1.419829 0.128888 -0.005990 -0.280207
    44 1.176321 0.000006 0.000000 -0.027338 0.139049 -0.923484
    45 0.970199 -0.000002 -0.000004 1.655618 0.044631 -1.487290
    46 -7.606037 1.001330 -4.120493 -2.094047 1.068413 -1.444221
    47 12.706336 -0.000035 -0.000009 -0.221347 0.298028 -1.583927
    48 0.000000 0.000000 -0.000003 0.000000 0.000000 0.000000
    49 1.200000 0.000000 0.000010 0.000000 0.000000 0.000000
    50 0.000010 -0.300000 0.000000 3.141593 0.000000 -0.174533
    51 0.000000 -0.000001 0.000000 0.000000 0.000000 0.000000
    52 -0.000003 0.000000 0.000001 3.141592 0.000000 0.000000
    53 0.000006 0.000000 0.000004 0.000000 0.000000 0.349065
    54 0.000000 0.000000 0.000000 3.141593 0.000000 0.000000
    55 -0.000008 -0.000006 0.000000 3.141593 0.000000 0.000000
    56 0.000002 -0.000002 0.000000 3.141593 0.000000 0.000000
    57 0.000014 -0.000004 0.000000 3.141593 0.000000 0.000000
    58 -0.000001 0.000000 0.000000 3.141593 0.000000 -0.000001
    59 0.000000 0.000000 0.000000 3.141593 0.000000 0.000000
    60 0.000010 0.000017 0.000000 3.141593 0.000000 -0.000001
    61 0.000000 0.000004 0.000000 3.141593 0.000000 -0.000001
    62 0.000000 0.000006 0.000000 3.141593 0.000000 -0.000001
    63 0.000001 0.000002 0.000000 3.141593 0.000000 0.000000
    64 0.000000 0.000000 0.000000 -3.141592 0.000000 0.000000
    65 0.000000 0.000000 0.000000 -1.570797 -0.000001 0.000000
    66 0.000000 0.000000 0.000000 0.000000 0.000000 0.000000
    67 1.200000 0.000000 0.000000 0.000000 0.000000 0.000000
    68 0.000009 0.299994 0.000000 0.000000 0.000000 0.174533
    69 -0.000001 -0.000001 -0.000004 0.000000 0.000000 0.000000
    70 -0.000010 0.000000 -0.000003 -3.141592 0.000001 0.000000
    71 0.000000 0.000000 0.000000 0.000001 -0.000001 0.349065
    72 0.000000 -0.000003 0.000000 0.000000 0.000000 0.000000
    73 0.000003 0.000000 0.000000 0.000000 0.000000 0.000000
    74 -0.000010 -0.000006 0.000000 -0.000001 0.000000 0.000000
    75 0.000019 0.000002 0.000000 0.000000 0.000000 0.000000
    76 0.000001 0.000004 0.000000 0.000000 0.000000 -0.000001
    77 0.000000 0.000000 0.000000 0.000000 0.000000 -0.000001
    78 0.000001 -0.000002 0.000000 0.000000 0.000000 -0.000001
    79 0.000000 0.000000 0.000000 0.000000 0.000000 -0.000001
    80 0.000001 0.000008 0.000000 0.000000 0.000000 0.000000
    81 -0.000003 0.000004 0.000000 0.000000 0.000000 0.000000
    82 -0.000007 -0.000008 0.000000 0.000000 0.000000 -0.000001
    83 0.000000 0.000002 -0.000002 -1.570796 0.000000 0.000000
  time 74
    0 -3.841219 -18.358210 -5.363691 -1.724241 0.076852 -2.167601
    1 -1.168092 -1.037202 0.025902 0.000000 0.000004 0.000000
    2 -1.944808 -1.361039 0.227474 0.000003 0.000007 -0.000014
    3 -4.549240 -1.689358 -0.012529 0.000000 0.000000 0.000000
    4 4.331499 0.360595 -0.709097 0.000015 0.000003 0.056022
    5 3.513922 0.962076 -0.004281 0.000004 -0.000001 1.176003
    6 2.855053 0.477292 0.679213 -0.000001 -0.000004 2.896619
    7 1.649902 5.878080 0.032496 -0.000003 0.000002 -1.570796
    8 6.587842 -0.691444 0.025964 -0.000001 -0.000001 1.570796
    9 0.000002 -0.241401 -0.052690 0.000001 0.000001 0.000000
    10 10.620066 1.884898 -0.004843 -1.570796 -0.000002 1.570796
    11 -9.087198 1.359573 -0.008167 -0.000003 0.000002 -1.570796
    12 -6.332325 -25.528093 -10.161526 2.933127 -0.023339 -2.689282
    13 1.473659 0.639418 -1.295234 2.246183 0.440257 0.736868
    14 1.832607 0.000002 -0.000008 3.098672 0.026722 0.480471
    15 1.003335 0.000005 0.000001 -3.043549 0.027310 -0.225170
    16 3.823895 -0.419603 -1.411520 0.229129 -0.129700 0.759577
    17 2.187956 0.000010 0.000000 -0.012082 -0.011908 1.896829
    18 1.100960 0.000002 0.000000 0.384821 -0.022925 0.395360
    19 3.987863 -0.577452 -0.474712 0.106909 -0.099139 0.745896
    20 1.890109 -0.000010 -0.000001 -0.024571 -0.089012 1.713779
    21 1.310925 0.000000 0.000000 0.487416 0.014826 0.431452
    22 4.117986 -0.654534 0.453695 0.083857 -0.114196 0.864680
    23 1.655294 0.000008 0.000000 -0.039797 0.033474 1.386062
    24 0.869582 0.000004 0.000000 0.072305 -0.050335 0.567074
    25 4.150630 -0.581594 1.354863 -0.339030 -0.077155 0.722463
    26 1.157247 -0.000010 -0.000002 -0.226722 -0.320721 1.453911
    27 1.019835 -0.000006 0.000000 -1.463105 -0.151684 0.429397
    28 7.406140 -6.039003 -8.901889 -1.556146 0.398558 -2.075452
    29 12.695427 -0.000020 -0.000008 0.006893 0.194142 -0.697436
    30 -3.004096 -15.260112 -8.973989 2.918268 0.085781 -2.157611
    31 1.474215 -0.497926 -1.376118 0.979422 0.426184 -0.250703
    32 1.832179 -0.000010 -0.000002 -2.526087 -0.301597 0.609649
    33 1.042025 -0.000004 -0.000009 -2.896973 -0.278839 -0.192682
    34 3.823320 0.664865 -1.331676 0.244544 0.361997 0.003988
    35 2.152367 -0.000001 0.000004 0.123680 -0.231520 -0.430903
    36 1.056622 -0.000011 0.000000 0.258021 -0.115162 -0.370345
    37 3.985134 0.881805 -0.368986 0.128465 -0.008096 -0.090224
    38 1.830183 0.000015 0.000000 0.063856 -0.074037 -1.510027
    39 1.561352 0.000008 -0.000004 0.027622 -0.015767 -1.357283
    40 4.116518 0.711272 0.551869 0.187923 0.006580 -0.361666
    41 1.752727 0.000006 0.000000 0.026521 0.029537 -1.405331
    42 0.869359 -0.000006 0.000000 0.015642 -0.073475 -0.926076
    43 4.118826 0.331223 1.419829 0.128888 -0.005990 -0.280207
    44 1.176321 0.000006 0.000000 -0.027338 0.139049 -0.923484
    45 0.970199 -0.000002 -0.000004 1.655618 0.044631 -1.487290
    46 -7.606037 1.001330 -4.120493 -2.146285 1.083396 -1.503950
    47 12.706336 -0.000035 -0.000009 -0.233350 0.297717 -1.625153
    48 0.000000 0.000000 -0.000003 0.000000 0.000000 0.000000
    49 1.200000 0.000000 0.000010 0.000000 0.000000 0.000000
    50 0.000010 -0.300000 0.000000 3.141593 0.000000 -0.174533
    51 0.000000 -0.000001 0.000000 0.000000 0.000000 0.000000
    52 -0.000003 0.000000 0.000001 3.141592 0.000000 0.000000
    53 0.000006 0.000000 0.000004 0.000000 0.000000 0.349065
    54 0.000000 0.000000 0.000000 3.141593 0.000000 0.000000
    55 -0.000008 -0.000006 0.000000 3.141593 0.000000 0.000000
    56 0.000002 -0.000002 0.000000 3.141593 0.000000 0.000000
    57 0.000014 -0.000004 0.000000 3.141593 0.000000 0.000000
    58 -0.000001 0.000000 0.000000 3.141593 0.000000 -0.000001
    59 0.000000 0.000000 0.000000 3.141593 0.000000 0.000000
    60 0.000010 0.000017 0.000000 3.141593 0.000000 -0.000001
    61 0.000000 0.000004 0.000000 3.141593 0.000000 -0.000001
    62 0.000000 0.000006 0.000000 3.141593 0.000000 -0.000001
    63 0.000001 0.000002 0.000000 3.141593 0.000000 0.000000
    64 0.000000 0.000000 0.000000 -3.141592 0.000000 0.000000
    65 0.000000 0.000000 0.000000 -1.570797 -0.000001 0.000000
    66 0.000000 0.000000 0.000000 0.000000 0.000000 0.000000
    67 1.200000 0.000000 0.000000 0.000000 0.000000 0.000000
    68 0.000009 0.299994 0.000000 0.000000 0.000000 0.174533
    69 -0.000001 -0.000001 -0.000004 0.000000 0.000000 0.000000
    70 -0.000010 0.000000 -0.000003 -3.141592 0.000001 0.000000
    71 0.000000 0.000000 0.000000 0.000001 -0.000001 0.349065
    72 0.000000 -0.000003 0.000000 0.000000 0.000000 0.000000
    73 0.000003 0.000000 0.000000 0.000000 0.000000 0.000000
    74 -0.000010 -0.000006 0.000000 -0.000001 0.000000 0.000000
    75 0.000019 0.000002 0.000000 0.000000 0.000000 0.000000
    76 0.000001 0.000004 0.000000 0.000000 0.000000 -0.000001
    77 0.000000 0.000000 0.000000 0.000000 0.000000 -0.000001
    78 0.000001 -0.000002 0.000000 0.000000 0.000000 -0.000001
    79 0.000000 0.000000 0.000000 0.000000 0.000000 -0.000001
    80 0.000001 0.000008 0.000000 0.000000 0.000000 0.000000
    81 -0.000003 0.000004 0.000000 0.000000 0.000000 0.000000
    82 -0.000007 -0.000008 0.000000 0.000000 0.000000 -0.000001
    83 0.000000 0.000002 -0.000002 -1.570796 0.000000 0.000000
  time 75
    0 -4.126384 -18.209768 -5.375410 -1.745220 0.114893 -2.100029
    1 -1.171999 -1.037202 0.029808 0.000000 0.000004 0.000000
    2 -1.940901 -1.361039 0.231380 0.000003 0.000007 -0.000014
    3 -4.549240 -1.689358 -0.012529 0.000000 0.000000 0.000000
    4 4.331499 0.360595 -0.709097 0.000015 0.000003 0.056022
    5 3.513922 0.962076 -0.004281 0.000004 -0.000001 1.176003
    6 2.855053 0.477292 0.679213 -0.000001 -0.000004 2.896619
    7 1.649902 5.878080 0.032496 -0.000003 0.000002 -1.570796
    8 6.587842 -0.691444 0.025964 -0.000001 -0.000001 1.570796
    9 0.000002 -0.241401 -0.052690 0.000001 0.000001 0.000000
    10 10.620066 1.884898 -0.004843 -1.570796 -0.000002 1.570796
    11 -9.087198 1.359573 -0.008167 -0.000003 0.000002 -1.570796
    12 -6.105756 -25.305429 -10.493567 2.895899 -0.000641 -2.618804
    13 1.473659 0.639418 -1.295234 2.246183 0.440257 0.736868
    14 1.832607 0.000002 -0.000008 3.097929 0.025367 0.452033
    15 1.003335 0.000005 0.000001 -3.043549 0.027310 -0.225170
    16 3.823895 -0.419603 -1.411520 0.229129 -0.129700 0.759577
    17 2.187956 0.000010 0.000000 -0.012082 -0.011908 1.896829
    18 1.100960 0.000002 0.000000 0.384821 -0.022925 0.395360
    19 3.987863 -0.577452 -0.474712 0.106909 -0.099139 0.745896
    20 1.890109 -0.000010 -0.000001 -0.024571 -0.089012 1.713897
    21 1.310925 0.000000 0.000000 0.487416 0.014826 0.431452
    22 4.117986 -0.654534 0.453695 0.083857 -0.114196 0.864680
    23 1.655294 0.000008 0.000000 -0.039785 0.033474 1.386062
    24 0.869582 0.000004 0.000000 0.072305 -0.050335 0.567074
    25 4.150630 -0.581594 1.354863 -0.339030 -0.077155 0.722463
    26 1.157247 -0.000010 -0.000002 -0.226722 -0.320721 1.453948
    27 1.019835 -0.000006 0.000000 -1.463093 -0.151684 0.429397
    28 7.406140 -6.039003 -8.901889 -1.553100 0.442012 -2.062738
    29 12.695427 -0.000020 -0.000008 -0.004959 0.207241 -0.756980
    30 -3.500205 -14.900726 -8.856798 2.897537 0.123988 -2.089414
    31 1.474215 -0.497926 -1.376118 0.979422 0.426184 -0.250703
    32 1.832179 -0.000010 -0.000002 -2.526087 -0.301597 0.609649
    33 1.042025 -0.000004 -0.000009 -2.896973 -0.278851 -0.192682
    34 3.823320 0.664865 -1.331676 0.244544 0.361997 0.003988
    35 2.152367 -0.000001 0.000004 0.123680 -0.231520 -0.430903
    36 1.056622 -0.000011 0.000000 0.258021 -0.115162 -0.370345
    37 3.985134 0.881805 -0.368986 0.128465 -0.008096 -0.090224
    38 1.830183 0.000015 0.000000 0.063856 -0.074037 -1.510027
    39 1.561352 0.000008 -0.000004 0.027622 -0.015767 -1.357283
    40 4.116518 0.711272 0.551869 0.187923 0.006580 -0.361666
    41 1.752727 0.000006 0.000000 0.026521 0.029537 -1.405331
    42 0.869359 -0.000006 0.000000 0.015642 -0.073475 -0.926032
    43 4.118826 0.331223 1.419829 0.128888 -0.005990 -0.280207
    44 1.176321 0.000006 0.000000 -0.027338 0.139049 -0.923507
    45 0.970199 -0.000002 -0.000004 1.655618 0.044631 -1.487290
    46 -7.606037 1.001330 -4.120493 -2.203310 1.104385 -1.575925
    47 12.706336 -0.000035 -0.000009 -0.249429 0.296350 -1.679608
    48 0.000000 0.000000 -0.000003 0.000000 0.000000 0.000000
    49 1.200000 0.000000 0.000010 0.000000 0.000000 0.000000
    50 0.000010 -0.300000 0.000000 3.141593 0.000000 -0.174533
    51 0.000000 -0.000001 0.000000 0.000000 0.000000 0.000000
    52 -0.000003 0.000000 0.000001 3.141592 0.000000 0.000000
    53 0.000006 0.000000 0.000004 0.000000 0.000000 0.349065
    54 0.000000 0.000000 0.000000 3.141593 0.000000 0.000000
    55 -0.000008 -0.000006 0.000000 3.141593 0.000000 0.000000
    56 0.000002 -0.000002 0.000000 3.141593 0.000000 0.000000
    57 0.000014 -0.000004 0.000000 3.141593 0.000000 0.000000
    58 -0.000001 0.000000 0.000000 3.141593 0.000000 -0.000001
    59 0.000000 0.000000 0.000000 3.141593 0.000000 0.000000
    60 0.000010 0.000017 0.000000 3.141593 0.000000 -0.000001
    61 0.000000 0.000004 0.000000 3.141593 0.000000 -0.000001
    62 0.000000 0.000006 0.000000 3.141593 0.000000 -0.000001
    63 0.000001 0.000002 0.000000 3.141593 0.000000 0.000000
    64 0.000000 0.000000 0.000000 -3.141592 0.000000 0.000000
    65 0.000000 0.000000 0.000000 -1.570797 -0.000001 0.000000
    66 0.000000 0.000000 0.000000 0.000000 0.000000 0.000000
    67 1.200000 0.000000 0.000000 0.000000 0.000000 0.000000
    68 0.000009 0.299994 0.000000 0.000000 0.000000 0.174533
    69 -0.000001 -0.000001 -0.000004 0.000000 0.000000 0.000000
    70 -0.000010 0.000000 -0.000003 -3.141592 0.000001 0.000000
    71 0.000000 0.000000 0.000000 0.000001 -0.000001 0.349065
    72 0.000000 -0.000003 0.000000 0.000000 0.000000 0.000000
    73 0.000003 0.000000 0.000000 0.000000 0.000000 0.000000
    74 -0.000010 -0.000006 0.000000 -0.000001 0.000000 0.000000
    75 0.000019 0.000002 0.000000 0.000000 0.000000 0.000000
    76 0.000001 0.000004 0.000000 0.000000 0.000000 -0.000001
    77 0.000000 0.000000 0.000000 0.000000 0.000000 -0.000001
    78 0.000001 -0.000002 0.000000 0.000000 0.000000 -0.000001
    79 0.000000 0.000000 0.000000 0.000000 0.000000 -0.000001
    80 0.000001 0.000008 0.000000 0.000000 0.000000 0.000000
    81 -0.000003 0.000004 0.000000 0.000000 0.000000 0.000000
    82 -0.000007 -0.000008 0.000000 0.000000 0.000000 -0.000001
    83 0.000000 0.000002 -0.000002 -1.570796 0.000000 0.000000
  time 76
    0 -4.341234 -18.065232 -5.375410 -1.751137 0.131988 -2.033520
    1 -1.168092 -1.041108 0.029808 0.000000 0.000004 0.000000
    2 -1.944808 -1.361039 0.231380 0.000003 0.000007 -0.000014
    3 -4.549240 -1.689358 -0.012529 0.000000 0.000000 0.000000
    4 4.331499 0.360595 -0.709097 0.000015 0.000003 0.056022
    5 3.513922 0.962076 -0.004281 0.000004 -0.000001 1.176003
    6 2.855053 0.477292 0.679213 -0.000001 -0.000004 2.896619
    7 1.649902 5.878080 0.032496 -0.000003 0.000002 -1.570796
    8 6.587842 -0.691444 0.025964 -0.000001 -0.000001 1.570796
    9 0.000002 -0.241401 -0.052690 0.000001 0.000001 0.000000
    10 10.620066 1.884898 -0.004843 -1.570796 -0.000002 1.570796
    11 -9.087198 1.359573 -0.008167 -0.000003 0.000002 -1.570796
    12 -5.836216 -25.180426 -10.626384 2.882212 0.010949 -2.552310
    13 1.473659 0.639418 -1.295234 2.246183 0.440257 0.736868
    14 1.832607 0.000002 -0.000008 3.097210 0.024049 0.422095
    15 1.003335 0.000005 0.000001 -3.043549 0.027310 -0.225170
    16 3.823895 -0.419603 -1.411520 0.229129 -0.129700 0.759577
    17 2.187956 0.000010 0.000000 -0.012082 -0.011908 1.896829
    18 1.100960 0.000002 0.000000 0.384821 -0.022925 0.395360
    19 3.987863 -0.577452 -0.474712 0.106909 -0.099139 0.745896
    20 1.890109 -0.000010 -0.000001 -0.024571 -0.089012 1.713897
    21 1.310925 0.000000 0.000000 0.487416 0.014826 0.431452
    22 4.117986 -0.654534 0.453695 0.083857 -0.114196 0.864680
    23 1.655294 0.000008 0.000000 -0.039797 0.033474 1.386062
    24 0.869582 0.000004 0.000000 0.072305 -0.050335 0.567074
    25 4.150630 -0.581594 1.354863 -0.339030 -0.077155 0.722463
    26 1.157247 -0.000010 -0.000002 -0.226722 -0.320721 1.453948
    27 1.019835 -0.000006 0.000000 -1.463093 -0.151684 0.429397
    28 7.406140 -6.039003 -8.901889 -1.554813 0.472795 -2.049839
    29 12.695427 -0.000020 -0.000008 -0.015367 0.217488 -0.806244
    30 -3.929905 -14.658531 -8.794296 2.891761 0.141175 -2.023633
    31 1.474215 -0.497926 -1.376118 0.979422 0.426184 -0.250703
    32 1.832179 -0.000010 -0.000002 -2.526087 -0.301597 0.609649
    33 1.042025 -0.000004 -0.000009 -2.896973 -0.278827 -0.192682
    34 3.823320 0.664865 -1.331676 0.244544 0.361997 0.003988
    35 2.152367 -0.000001 0.000004 0.123680 -0.231520 -0.430903
    36 1.056622 -0.000011 0.000000 0.258021 -0.115162 -0.370345
    37 3.985134 0.881805 -0.368986 0.128465 -0.008096 -0.090224
    38 1.830183 0.000015 0.000000 0.063856 -0.074037 -1.510027
    39 1.561352 0.000008 -0.000004 0.027622 -0.015767 -1.357316
    40 4.116518 0.711272 0.551869 0.187923 0.006580 -0.361666
    41 1.752727 0.000006 0.000000 0.026521 0.029537 -1.405331
    42 0.869359 -0.000006 0.000000 0.015642 -0.073475 -0.926076
    43 4.118826 0.331223 1.419829 0.128888 -0.005990 -0.280207
    44 1.176321 0.000006 0.000000 -0.027338 0.139049 -0.923484
    45 0.970199 -0.000002 -0.000004 1.655618 0.044631 -1.487290
    46 -7.606037 1.001330 -4.120493 -2.269006 1.116598 -1.652960
    47 12.706336 -0.000035 -0.000009 -0.260274 0.295140 -1.716897
    48 0.000000 0.000000 -0.000003 0.000000 0.000000 0.000000
    49 1.200000 0.000000 0.000010 0.000000 0.000000 0.000000
    50 0.000010 -0.300000 0.000000 3.141593 0.000000 -0.174533
    51 0.000000 -0.000001 0.000000 0.000000 0.000000 0.000000
    52 -0.000003 0.000000 0.000001 3.141592 0.000000 0.000000
    53 0.000006 0.000000 0.000004 0.000000 0.000000 0.349065
    54 0.000000 0.000000 0.000000 3.141593 0.000000 0.000000
    55 -0.000008 -0.000006 0.000000 3.141593 0.000000 0.000000
    56 0.000002 -0.000002 0.000000 3.141593 0.000000 0.000000
    57 0.000014 -0.000004 0.000000 3.141593 0.000000 0.000000
    58 -0.000001 0.000000 0.000000 3.141593 0.000000 -0.000001
    59 0.000000 0.000000 0.000000 3.141593 0.000000 0.000000
    60 0.000010 0.000017 0.000000 3.141593 0.000000 -0.000001
    61 0.000000 0.000004 0.000000 3.141593 0.000000 -0.000001
    62 0.000000 0.000006 0.000000 3.141593 0.000000 -0.000001
    63 0.000001 0.000002 0.000000 3.141593 0.000000 0.000000
    64 0.000000 0.000000 0.000000 -3.141592 0.000000 0.000000
    65 0.000000 0.000000 0.000000 -1.570797 -0.000001 0.000000
    66 0.000000 0.000000 0.000000 0.000000 0.000000 0.000000
    67 1.200000 0.000000 0.000000 0.000000 0.000000 0.000000
    68 0.000009 0.299994 0.000000 0.000000 0.000000 0.174533
    69 -0.000001 -0.000001 -0.000004 0.000000 0.000000 0.000000
    70 -0.000010 0.000000 -0.000003 -3.141592 0.000001 0.000000
    71 0.000000 0.000000 0.000000 0.000001 -0.000001 0.349065
    72 0.000000 -0.000003 0.000000 0.000000 0.000000 0.000000
    73 0.000003 0.000000 0.000000 0.000000 0.000000 0.000000
    74 -0.000010 -0.000006 0.000000 -0.000001 0.000000 0.000000
    75 0.000019 0.000002 0.000000 0.000000 0.000000 0.000000
    76 0.000001 0.000004 0.000000 0.000000 0.000000 -0.000001
    77 0.000000 0.000000 0.000000 0.000000 0.000000 -0.000001
    78 0.000001 -0.000002 0.000000 0.000000 0.000000 -0.000001
    79 0.000000 0.000000 0.000000 0.000000 0.000000 -0.000001
    80 0.000001 0.000008 0.000000 0.000000 0.000000 0.000000
    81 -0.000003 0.000004 0.000000 0.000000 0.000000 0.000000
    82 -0.000007 -0.000008 0.000000 0.000000 0.000000 -0.000001
    83 0.000000 0.000002 -0.000002 -1.570796 0.000000 0.000000
  time 77
    0 -4.520927 -17.948041 -5.328534 -1.741275 0.132441 -1.975955
    1 -1.171999 -1.037202 0.029808 0.000000 0.000004 0.000000
    2 -1.948714 -1.361039 0.235287 0.000003 0.000007 -0.000014
    3 -4.549240 -1.689358 -0.012529 0.000000 0.000000 0.000000
    4 4.331499 0.360595 -0.709097 0.000015 0.000003 0.056022
    5 3.513922 0.962076 -0.004281 0.000004 -0.000001 1.176003
    6 2.855053 0.477292 0.679213 -0.000001 -0.000004 2.896619
    7 1.649902 5.878080 0.032496 -0.000003 0.000002 -1.570796
    8 6.587842 -0.691444 0.025964 -0.000001 -0.000001 1.570796
    9 0.000002 -0.241401 -0.052690 0.000001 0.000001 0.000000
    10 10.620066 1.884898 -0.004843 -1.570796 -0.000002 1.570796
    11 -9.087198 1.359573 -0.008167 -0.000003 0.000002 -1.570796
    12 -5.558864 -25.168707 -10.563882 2.890789 0.016221 -2.495957
    13 1.473659 0.639418 -1.295234 2.246183 0.440257 0.736868
    14 1.832607 0.000002 -0.000008 3.096539 0.022791 0.391146
    15 1.003335 0.000005 0.000001 -3.043549 0.027310 -0.225170
    16 3.823895 -0.419603 -1.411520 0.229129 -0.129700 0.759577
    17 2.187956 0.000010 0.000000 -0.012082 -0.011908 1.896829
    18 1.100960 0.000002 0.000000 0.384821 -0.022937 0.395360
    19 3.987863 -0.577452 -0.474712 0.106909 -0.099139 0.745896
    20 1.890109 -0.000010 -0.000001 -0.024571 -0.089012 1.713779
    21 1.310925 0.000000 0.000000 0.487416 0.014826 0.431452
    22 4.117986 -0.654534 0.453695 0.083857 -0.114196 0.864680
    23 1.655294 0.000008 0.000000 -0.039797 0.033474 1.386062
    24 0.869582 0.000004 0.000000 0.072305 -0.050335 0.567074
    25 4.150630 -0.581594 1.354863 -0.339030 -0.077155 0.722463
    26 1.157247 -0.000010 -0.000002 -0.226722 -0.320708 1.453911
    27 1.019835 -0.000006 0.000000 -1.463093 -0.151684 0.429397
    28 7.406140 -6.039003 -8.901889 -1.561476 0.488249 -2.038599
    29 12.695427 -0.000020 -0.000008 -0.023089 0.224427 -0.841512
    30 -4.269759 -14.537434 -8.755232 2.901701 0.141557 -1.966021
    31 1.474215 -0.497926 -1.376118 0.979422 0.426184 -0.250703
    32 1.832179 -0.000010 -0.000002 -2.526087 -0.301597 0.609630
    33 1.042025 -0.000004 -0.000009 -2.896973 -0.278839 -0.192682
    34 3.823320 0.664865 -1.331676 0.244544 0.361997 0.003988
    35 2.152367 -0.000001 0.000004 0.123680 -0.231520 -0.430903
    36 1.056622 -0.000011 0.000000 0.258021 -0.115162 -0.370345
    37 3.985134 0.881805 -0.368986 0.128465 -0.008096 -0.090224
    38 1.830183 0.000015 0.000000 0.063856 -0.074037 -1.510027
    39 1.561352 0.000008 -0.000004 0.027622 -0.015767 -1.357316
    40 4.116518 0.711272 0.551869 0.187923 0.006580 -0.361666
    41 1.752727 0.000006 0.000000 0.026521 0.029537 -1.405331
    42 0.869359 -0.000006 0.000000 0.015630 -0.073475 -0.926076
    43 4.118826 0.331223 1.419829 0.128888 -0.005990 -0.280207
    44 1.176321 0.000006 0.000000 -0.027338 0.139049 -0.923507
    45 0.970199 -0.000002 -0.000004 1.655618 0.044631 -1.487290
    46 -7.606037 1.001330 -4.120493 -2.337408 1.117966 -1.727309
    47 12.706336 -0.000035 -0.000009 -0.266536 0.294157 -1.738433
    48 0.000000 0.000000 -0.000003 0.000000 0.000000 0.000000
    49 1.200000 0.000000 0.000010 0.000000 0.000000 0.000000
    50 0.000010 -0.300000 0.000000 3.141593 0.000000 -0.174533
    51 0.000000 -0.000001 0.000000 0.000000 0.000000 0.000000
    52 -0.000003 0.000000 0.000001 3.141592 0.000000 0.000000
    53 0.000006 0.000000 0.000004 0.000000 0.000000 0.349065
    54 0.000000 0.000000 0.000000 3.141593 0.000000 0.000000
    55 -0.000008 -0.000006 0.000000 3.141593 0.000000 0.000000
    56 0.000002 -0.000002 0.000000 3.141593 0.000000 0.000000
    57 0.000014 -0.000004 0.000000 3.141593 0.000000 0.000000
    58 -0.000001 0.000000 0.000000 3.141593 0.000000 -0.000001
    59 0.000000 0.000000 0.000000 3.141593 0.000000 0.000000
    60 0.000010 0.000017 0.000000 3.141593 0.000000 -0.000001
    61 0.000000 0.000004 0.000000 3.141593 0.000000 -0.000001
    62 0.000000 0.000006 0.000000 3.141593 0.000000 -0.000001
    63 0.000001 0.000002 0.000000 3.141593 0.000000 0.000000
    64 0.000000 0.000000 0.000000 -3.141592 0.000000 0.000000
    65 0.000000 0.000000 0.000000 -1.570797 -0.000001 0.000000
    66 0.000000 0.000000 0.000000 0.000000 0.000000 0.000000
    67 1.200000 0.000000 0.000000 0.000000 0.000000 0.000000
    68 0.000009 0.299994 0.000000 0.000000 0.000000 0.174533
    69 -0.000001 -0.000001 -0.000004 0.000000 0.000000 0.000000
    70 -0.000010 0.000000 -0.000003 -3.141592 0.000001 0.000000
    71 0.000000 0.000000 0.000000 0.000001 -0.000001 0.349065
    72 0.000000 -0.000003 0.000000 0.000000 0.000000 0.000000
    73 0.000003 0.000000 0.000000 0.000000 0.000000 0.000000
    74 -0.000010 -0.000006 0.000000 -0.000001 0.000000 0.000000
    75 0.000019 0.000002 0.000000 0.000000 0.000000 0.000000
    76 0.000001 0.000004 0.000000 0.000000 0.000000 -0.000001
    77 0.000000 0.000000 0.000000 0.000000 0.000000 -0.000001
    78 0.000001 -0.000002 0.000000 0.000000 0.000000 -0.000001
    79 0.000000 0.000000 0.000000 0.000000 0.000000 -0.000001
    80 0.000001 0.000008 0.000000 0.000000 0.000000 0.000000
    81 -0.000003 0.000004 0.000000 0.000000 0.000000 0.000000
    82 -0.000007 -0.000008 0.000000 0.000000 0.000000 -0.000001
    83 0.000000 0.000002 -0.000002 -1.570796 0.000000 0.000000
  time 78
    0 -4.688901 -17.823037 -5.183998 -1.718772 0.122776 -1.913564
    1 -1.171999 -1.041108 0.029808 0.000000 0.000004 0.000000
    2 -1.940901 -1.361039 0.231380 0.000003 0.000007 -0.000014
    3 -4.549240 -1.689358 -0.012529 0.000000 0.000000 0.000000
    4 4.331499 0.360595 -0.709097 0.000015 0.000003 0.056022
    5 3.513922 0.962076 -0.004281 0.000004 -0.000001 1.176003
    6 2.855053 0.477292 0.679213 -0.000001 -0.000004 2.896619
    7 1.649902 5.878080 0.032496 -0.000003 0.000002 -1.570796
    8 6.587842 -0.691444 0.025964 -0.000001 -0.000001 1.570796
    9 0.000002 -0.241401 -0.052690 0.000001 0.000001 0.000000
    10 10.620066 1.884898 -0.004843 -1.570796 -0.000002 1.570796
    11 -9.087198 1.359573 -0.008167 -0.000003 0.000002 -1.570796
    12 -5.199478 -25.180426 -10.298249 2.914878 0.018958 -2.435982
    13 1.473659 0.639418 -1.295234 2.246183 0.440257 0.736868
    14 1.832607 0.000002 -0.000008 3.095892 0.021365 0.360001
    15 1.003335 0.000005 0.000001 -3.043549 0.027310 -0.225170
    16 3.823895 -0.419603 -1.411520 0.229129 -0.129700 0.759577
    17 2.187956 0.000010 0.000000 -0.012082 -0.011908 1.896829
    18 1.100960 0.000002 0.000000 0.384821 -0.022925 0.395360
    19 3.987863 -0.577452 -0.474712 0.106909 -0.099139 0.745896
    20 1.890109 -0.000010 -0.000001 -0.024571 -0.089012 1.713897
    21 1.310925 0.000000 0.000000 0.487416 0.014826 0.431452
    22 4.117986 -0.654534 0.453695 0.083857 -0.114196 0.864680
    23 1.655294 0.000008 0.000000 -0.039785 0.033474 1.386062
    24 0.869582 0.000004 0.000000 0.072305 -0.050359 0.566938
    25 4.150630 -0.581594 1.354863 -0.339030 -0.077155 0.722463
    26 1.157247 -0.000010 -0.000002 -0.226722 -0.320721 1.453911
    27 1.019835 -0.000006 0.000000 -1.463105 -0.151684 0.429397
    28 7.406140 -6.039003 -8.901889 -1.573089 0.497554 -2.025056
    29 12.695427 -0.000020 -0.000008 -0.031768 0.231606 -0.879864
    30 -4.578363 -14.455400 -8.665385 2.924089 0.131627 -1.903508
    31 1.474215 -0.497926 -1.376118 0.979422 0.426184 -0.250703
    32 1.832179 -0.000010 -0.000002 -2.526087 -0.301597 0.609649
    33 1.042025 -0.000004 -0.000009 -2.896973 -0.278827 -0.192682
    34 3.823320 0.664865 -1.331676 0.244544 0.361997 0.003988
    35 2.152367 -0.000001 0.000004 0.123680 -0.231520 -0.430903
    36 1.056622 -0.000011 0.000000 0.257985 -0.115162 -0.370345
    37 3.985134 0.881805 -0.368986 0.128465 -0.008096 -0.090224
    38 1.830183 0.000015 0.000000 0.063856 -0.074037 -1.510027
    39 1.561352 0.000008 -0.000004 0.027622 -0.015767 -1.357316
    40 4.116518 0.711272 0.551869 0.187923 0.006580 -0.361666
    41 1.752727 0.000006 0.000000 0.026509 0.029537 -1.405331
    42 0.869359 -0.000006 0.000000 0.015570 -0.073487 -0.926076
    43 4.118826 0.331223 1.419829 0.128888 -0.005990 -0.280207
    44 1.176321 0.000006 0.000000 -0.027338 0.139049 -0.923461
    45 0.970199 -0.000002 -0.000004 1.655618 0.044631 -1.487290
    46 -7.606037 1.001330 -4.120493 -2.397416 1.112327 -1.793348
    47 12.706336 -0.000035 -0.000009 -0.271353 0.293330 -1.755108
    48 0.000000 0.000000 -0.000003 0.000000 0.000000 0.000000
    49 1.200000 0.000000 0.000010 0.000000 0.000000 0.000000
    50 0.000010 -0.300000 0.000000 3.141593 0.000000 -0.174533
    51 0.000000 -0.000001 0.000000 0.000000 0.000000 0.000000
    52 -0.000003 0.000000 0.000001 3.141592 0.000000 0.000000
    53 0.000006 0.000000 0.000004 0.000000 0.000000 0.349065
    54 0.000000 0.000000 0.000000 3.141593 0.000000 0.000000
    55 -0.000008 -0.000006 0.000000 3.141593 0.000000 0.000000
    56 0.000002 -0.000002 0.000000 3.141593 0.000000 0.000000
    57 0.000014 -0.000004 0.000000 3.141593 0.000000 0.000000
    58 -0.000001 0.000000 0.000000 3.141593 0.000000 -0.000001
    59 0.000000 0.000000 0.000000 3.141593 0.000000 0.000000
    60 0.000010 0.000017 0.000000 3.141593 0.000000 -0.000001
    61 0.000000 0.000004 0.000000 3.141593 0.000000 -0.000001
    62 0.000000 0.000006 0.000000 3.141593 0.000000 -0.000001
    63 0.000001 0.000002 0.000000 3.141593 0.000000 0.000000
    64 0.000000 0.000000 0.000000 -3.141592 0.000000 0.000000
    65 0.000000 0.000000 0.000000 -1.570797 -0.000001 0.000000
    66 0.000000 0.000000 0.000000 0.000000 0.000000 0.000000
    67 1.200000 0.000000 0.000000 0.000000 0.000000 0.000000
    68 0.000009 0.299994 0.000000 0.000000 0.000000 0.174533
    69 -0.000001 -0.000001 -0.000004 0.000000 0.000000 0.000000
    70 -0.000010 0.000000 -0.000003 -3.141592 0.000001 0.000000
    71 0.000000 0.000000 0.000000 0.000001 -0.000001 0.349065
    72 0.000000 -0.000003 0.000000 0.000000 0.000000 0.000000
    73 0.000003 0.000000 0.000000 0.000000 0.000000 0.000000
    74 -0.000010 -0.000006 0.000000 -0.000001 0.000000 0.000000
    75 0.000019 0.000002 0.000000 0.000000 0.000000 0.000000
    76 0.000001 0.000004 0.000000 0.000000 0.000000 -0.000001
    77 0.000000 0.000000 0.000000 0.000000 0.000000 -0.000001
    78 0.000001 -0.000002 0.000000 0.000000 0.000000 -0.000001
    79 0.000000 0.000000 0.000000 0.000000 0.000000 -0.000001
    80 0.000001 0.000008 0.000000 0.000000 0.000000 0.000000
    81 -0.000003 0.000004 0.000000 0.000000 0.000000 0.000000
    82 -0.000007 -0.000008 0.000000 0.000000 0.000000 -0.000001
    83 0.000000 0.000002 -0.000002 -1.570796 0.000000 0.000000
  time 79
    0 -4.825624 -17.694127 -4.953523 -1.686586 0.102948 -1.849043
    1 -1.171999 -1.037202 0.025902 0.000000 0.000004 0.000000
    2 -1.940901 -1.361039 0.227474 0.000003 0.000007 -0.000014
    3 -4.549240 -1.689358 -0.012529 0.000000 0.000000 0.000000
    4 4.331499 0.360595 -0.709097 0.000015 0.000003 0.056022
    5 3.513922 0.962076 -0.004281 0.000004 -0.000001 1.176003
    6 2.855053 0.477292 0.679213 -0.000001 -0.000004 2.896619
    7 1.649902 5.878080 0.032496 -0.000003 0.000002 -1.570796
    8 6.587842 -0.691444 0.025964 -0.000001 -0.000001 1.570796
    9 0.000002 -0.241401 -0.052690 0.000001 0.000001 0.000000
    10 10.620066 1.884898 -0.004843 -1.570796 -0.000002 1.570796
    11 -9.087198 1.359573 -0.008167 -0.000003 0.000002 -1.570796
    12 -4.765871 -25.211677 -9.868548 2.952380 0.017791 -2.374558
    13 1.473659 0.639418 -1.295234 2.246183 0.440257 0.736868
    14 1.832607 0.000002 -0.000008 3.095233 0.019903 0.329150
    15 1.003335 0.000005 0.000001 -3.043549 0.027310 -0.225170
    16 3.823895 -0.419603 -1.411520 0.229129 -0.129700 0.759577
    17 2.187956 0.000010 0.000000 -0.012082 -0.011908 1.896829
    18 1.100960 0.000002 0.000000 0.384833 -0.022925 0.395360
    19 3.987863 -0.577452 -0.474712 0.106909 -0.099139 0.745896
    20 1.890109 -0.000010 -0.000001 -0.024571 -0.089012 1.713779
    21 1.310925 0.000000 0.000000 0.487416 0.014826 0.431452
    22 4.117986 -0.654534 0.453695 0.083857 -0.114196 0.864680
    23 1.655294 0.000008 0.000000 -0.039797 0.033474 1.386062
    24 0.869582 0.000004 0.000000 0.072305 -0.050335 0.567074
    25 4.150630 -0.581594 1.354863 -0.339030 -0.077155 0.722463
    26 1.157247 -0.000010 -0.000002 -0.226722 -0.320708 1.453911
    27 1.019835 -0.000006 0.000000 -1.463105 -0.151684 0.429397
    28 7.406140 -6.039003 -8.901889 -1.588129 0.500629 -2.009763
    29 12.695427 -0.000020 -0.000008 -0.041320 0.239084 -0.920983
    30 -4.836183 -14.431962 -8.532569 2.956193 0.111431 -1.838650
    31 1.474215 -0.497926 -1.376118 0.979422 0.426184 -0.250703
    32 1.832179 -0.000010 -0.000002 -2.526087 -0.301597 0.609649
    33 1.042025 -0.000004 -0.000009 -2.896937 -0.278827 -0.192682
    34 3.823320 0.664865 -1.331676 0.244544 0.361997 0.003988
    35 2.152367 -0.000001 0.000004 0.123680 -0.231520 -0.430903
    36 1.056622 -0.000011 0.000000 0.258021 -0.115162 -0.370345
    37 3.985134 0.881805 -0.368986 0.128465 -0.008096 -0.090224
    38 1.830183 0.000015 0.000000 0.063856 -0.074037 -1.510027
    39 1.561352 0.000008 -0.000004 0.027622 -0.015767 -1.357184
    40 4.116518 0.711272 0.551869 0.187923 0.006580 -0.361666
    41 1.752727 0.000006 0.000000 0.026521 0.029537 -1.405331
    42 0.869359 -0.000006 0.000000 0.015642 -0.073475 -0.926076
    43 4.118826 0.331223 1.419829 0.128888 -0.005990 -0.280207
    44 1.176321 0.000006 0.000000 -0.027338 0.139049 -0.923507
    45 0.970199 -0.000002 -0.000004 1.655618 0.044631 -1.487290
    46 -7.606037 1.001330 -4.120493 -2.447781 1.100848 -1.848266
    47 12.706336 -0.000035 -0.000009 -0.274803 0.292743 -1.766860
    48 0.000000 0.000000 -0.000003 0.000000 0.000000 0.000000
    49 1.200000 0.000000 0.000010 0.000000 0.000000 0.000000
    50 0.000010 -0.300000 0.000000 3.141593 0.000000 -0.174533
    51 0.000000 -0.000001 0.000000 0.000000 0.000000 0.000000
    52 -0.000003 0.000000 0.000001 3.141592 0.000000 0.000000
    53 0.000006 0.000000 0.000004 0.000000 0.000000 0.349065
    54 0.000000 0.000000 0.000000 3.141593 0.000000 0.000000
    55 -0.000008 -0.000006 0.000000 3.141593 0.000000 0.000000
    56 0.000002 -0.000002 0.000000 3.141593 0.000000 0.000000
    57 0.000014 -0.000004 0.000000 3.141593 0.000000 0.000000
    58 -0.000001 0.000000 0.000000 3.141593 0.000000 -0.000001
    59 0.000000 0.000000 0.000000 3.141593 0.000000 0.000000
    60 0.000010 0.000017 0.000000 3.141593 0.000000 -0.000001
    61 0.000000 0.000004 0.000000 3.141593 0.000000 -0.000001
    62 0.000000 0.000006 0.000000 3.141593 0.000000 -0.000001
    63 0.000001 0.000002 0.000000 3.141593 0.000000 0.000000
    64 0.000000 0.000000 0.000000 -3.141592 0.000000 0.000000
    65 0.000000 0.000000 0.000000 -1.570797 -0.000001 0.000000
    66 0.000000 0.000000 0.000000 0.000000 0.000000 0.000000
    67 1.200000 0.000000 0.000000 0.000000 0.000000 0.000000
    68 0.000009 0.299994 0.000000 0.000000 0.000000 0.174533
    69 -0.000001 -0.000001 -0.000004 0.000000 0.000000 0.000000
    70 -0.000010 0.000000 -0.000003 -3.141592 0.000001 0.000000
    71 0.000000 0.000000 0.000000 0.000001 -0.000001 0.349065
    72 0.000000 -0.000003 0.000000 0.000000 0.000000 0.000000
    73 0.000003 0.000000 0.000000 0.000000 0.000000 0.000000
    74 -0.000010 -0.000006 0.000000 -0.000001 0.000000 0.000000
    75 0.000019 0.000002 0.000000 0.000000 0.000000 0.000000
    76 0.000001 0.000004 0.000000 0.000000 0.000000 -0.000001
    77 0.000000 0.000000 0.000000 0.000000 0.000000 -0.000001
    78 0.000001 -0.000002 0.000000 0.000000 0.000000 -0.000001
    79 0.000000 0.000000 0.000000 0.000000 0.000000 -0.000001
    80 0.000001 0.000008 0.000000 0.000000 0.000000 0.000000
    81 -0.000003 0.000004 0.000000 0.000000 0.000000 0.000000
    82 -0.000007 -0.000008 0.000000 0.000000 0.000000 -0.000001
    83 0.000000 0.000002 -0.000002 -1.570796 0.000000 0.000000
  time 80
    0 -4.942815 -17.569123 -4.676170 -1.649873 0.075463 -1.787432
    1 -1.164186 -1.037202 0.033714 0.000000 0.000004 0.000000
    2 -1.944808 -1.361039 0.227474 0.000003 0.000007 -0.000014
    3 -4.549240 -1.689358 -0.012529 0.000000 0.000000 0.000000
    4 4.331499 0.360595 -0.709097 0.000015 0.000003 0.056022
    5 3.513922 0.962076 -0.004281 0.000004 -0.000001 1.176003
    6 2.855053 0.477292 0.679213 -0.000001 -0.000004 2.896619
    7 1.649902 5.878080 0.032496 -0.000003 0.000002 -1.570796
    8 6.587842 -0.691444 0.025964 -0.000001 -0.000001 1.570796
    9 0.000002 -0.241401 -0.052690 0.000001 0.000001 0.000000
    10 10.620066 1.884898 -0.004843 -1.570796 -0.000002 1.570796
    11 -9.087198 1.359573 -0.008167 -0.000003 0.000002 -1.570796
    12 -4.297107 -25.235115 -9.306031 2.998003 0.012398 -2.314728
    13 1.473659 0.639418 -1.295234 2.246183 0.440257 0.736868
    14 1.832607 0.000002 -0.000008 3.094633 0.018428 0.299179
    15 1.003335 0.000005 0.000001 -3.043549 0.027310 -0.225170
    16 3.823895 -0.419603 -1.411520 0.229129 -0.129700 0.759626
    17 2.187956 0.000010 0.000000 -0.012082 -0.011908 1.896829
    18 1.100960 0.000002 0.000000 0.384821 -0.022925 0.395360
    19 3.987863 -0.577452 -0.474712 0.106909 -0.099139 0.745896
    20 1.890109 -0.000010 -0.000001 -0.024571 -0.089012 1.713897
    21 1.310925 0.000000 0.000000 0.487402 0.014826 0.431452
    22 4.117986 -0.654534 0.453695 0.083857 -0.114196 0.864680
    23 1.655294 0.000008 0.000000 -0.039797 0.033474 1.386062
    24 0.869582 0.000004 0.000000 0.072305 -0.050335 0.567074
    25 4.150630 -0.581594 1.354863 -0.339030 -0.077155 0.722463
    26 1.157247 -0.000010 -0.000002 -0.226722 -0.320721 1.453911
    27 1.019835 -0.000006 0.000000 -1.463105 -0.151684 0.429397
    28 7.406140 -6.039003 -8.901889 -1.604786 0.498344 -1.994192
    29 12.695427 -0.000020 -0.000008 -0.051493 0.246251 -0.962893
    30 -5.035408 -14.439774 -8.364595 2.992596 0.083535 -1.776137
    31 1.474215 -0.497926 -1.376118 0.979422 0.426184 -0.250703
    32 1.832179 -0.000010 -0.000002 -2.526087 -0.301597 0.609649
    33 1.042025 -0.000004 -0.000009 -2.896973 -0.278851 -0.192682
    34 3.823320 0.664865 -1.331676 0.244544 0.361997 0.003988
    35 2.152367 -0.000001 0.000004 0.123680 -0.231520 -0.430903
    36 1.056622 -0.000011 0.000000 0.258021 -0.115162 -0.370345
    37 3.985134 0.881805 -0.368986 0.128465 -0.008096 -0.090224
    38 1.830183 0.000015 0.000000 0.063856 -0.074037 -1.510027
    39 1.561352 0.000008 -0.000004 0.027622 -0.015767 -1.357217
    40 4.116518 0.711272 0.551869 0.187923 0.006580 -0.361666
    41 1.752727 0.000006 0.000000 0.026521 0.029537 -1.405331
    42 0.869359 -0.000006 0.000000 0.015642 -0.073475 -0.926076
    43 4.118826 0.331223 1.419829 0.128888 -0.005990 -0.280207
    44 1.176321 0.000006 0.000000 -0.027338 0.139049 -0.923484
    45 0.970199 -0.000002 -0.000004 1.655618 0.044631 -1.487290
    46 -7.606037 1.001330 -4.120493 -2.489058 1.084697 -1.891938
    47 12.706336 -0.000035 -0.000009 -0.276912 0.292276 -1.774490
    48 0.000000 0.000000 -0.000003 0.000000 0.000000 0.000000
    49 1.200000 0.000000 0.000010 0.000000 0.000000 0.000000
    50 0.000010 -0.300000 0.000000 3.141593 0.000000 -0.174533
    51 0.000000 -0.000001 0.000000 0.000000 0.000000 0.000000
    52 -0.000003 0.000000 0.000001 3.141592 0.000000 0.000000
    53 0.000006 0.000000 0.000004 0.000000 0.000000 0.349065
    54 0.000000 0.000000 0.000000 3.141593 0.000000 0.000000
    55 -0.000008 -0.000006 0.000000 3.141593 0.000000 0.000000
    56 0.000002 -0.000002 0.000000 3.141593 0.000000 0.000000
    57 0.000014 -0.000004 0.000000 3.141593 0.000000 0.000000
    58 -0.000001 0.000000 0.000000 3.141593 0.000000 -0.000001
    59 0.000000 0.000000 0.000000 3.141593 0.000000 0.000000
    60 0.000010 0.000017 0.000000 3.141593 0.000000 -0.000001
    61 0.000000 0.000004 0.000000 3.141593 0.000000 -0.000001
    62 0.000000 0.000006 0.000000 3.141593 0.000000 -0.000001
    63 0.000001 0.000002 0.000000 3.141593 0.000000 0.000000
    64 0.000000 0.000000 0.000000 -3.141592 0.000000 0.000000
    65 0.000000 0.000000 0.000000 -1.570797 -0.000001 0.000000
    66 0.000000 0.000000 0.000000 0.000000 0.000000 0.000000
    67 1.200000 0.000000 0.000000 0.000000 0.000000 0.000000
    68 0.000009 0.299994 0.000000 0.000000 0.000000 0.174533
    69 -0.000001 -0.000001 -0.000004 0.000000 0.000000 0.000000
    70 -0.000010 0.000000 -0.000003 -3.141592 0.000001 0.000000
    71 0.000000 0.000000 0.000000 0.000001 -0.000001 0.349065
    72 0.000000 -0.000003 0.000000 0.000000 0.000000 0.000000
    73 0.000003 0.000000 0.000000 0.000000 0.000000 0.000000
    74 -0.000010 -0.000006 0.000000 -0.000001 0.000000 0.000000
    75 0.000019 0.000002 0.000000 0.000000 0.000000 0.000000
    76 0.000001 0.000004 0.000000 0.000000 0.000000 -0.000001
    77 0.000000 0.000000 0.000000 0.000000 0.000000 -0.000001
    78 0.000001 -0.000002 0.000000 0.000000 0.000000 -0.000001
    79 0.000000 0.000000 0.000000 0.000000 0.000000 -0.000001
    80 0.000001 0.000008 0.000000 0.000000 0.000000 0.000000
    81 -0.000003 0.000004 0.000000 0.000000 0.000000 0.000000
    82 -0.000007 -0.000008 0.000000 0.000000 0.000000 -0.000001
    83 0.000000 0.000002 -0.000002 -1.570796 0.000000 0.000000
  time 81
    0 -5.024849 -17.444119 -4.394912 -1.615177 0.045713 -1.731287
    1 -1.164186 -1.037202 0.029808 0.000000 0.000004 0.000000
    2 -1.940901 -1.361039 0.227474 0.000003 0.000007 -0.000014
    3 -4.549240 -1.689358 -0.012529 0.000000 0.000000 0.000000
    4 4.331499 0.360595 -0.709097 0.000015 0.000003 0.056022
    5 3.513922 0.962076 -0.004281 0.000004 -0.000001 1.176003
    6 2.855053 0.477292 0.679213 -0.000001 -0.000004 2.896619
    7 1.649902 5.878080 0.032496 -0.000003 0.000002 -1.570796
    8 6.587842 -0.691444 0.025964 -0.000001 -0.000001 1.570796
    9 0.000002 -0.241401 -0.052690 0.000001 0.000001 0.000000
    10 10.620066 1.884898 -0.004843 -1.570796 -0.000002 1.570796
    11 -9.087198 1.359573 -0.008167 -0.000003 0.000002 -1.570796
    12 -3.840062 -25.223396 -8.731795 3.042713 0.004389 -2.261055
    13 1.473659 0.639418 -1.295234 2.246183 0.440257 0.736868
    14 1.832607 0.000002 -0.000008 3.094118 0.017134 0.270676
    15 1.003335 0.000005 0.000001 -3.043549 0.027310 -0.225170
    16 3.823895 -0.419603 -1.411520 0.229129 -0.129700 0.759577
    17 2.187956 0.000010 0.000000 -0.012082 -0.011908 1.896829
    18 1.100960 0.000002 0.000000 0.384821 -0.022925 0.395360
    19 3.987863 -0.577452 -0.474712 0.106909 -0.099139 0.745896
    20 1.890109 -0.000010 -0.000001 -0.024571 -0.089012 1.713897
    21 1.310925 0.000000 0.000000 0.487402 0.014826 0.431452
    22 4.117986 -0.654534 0.453695 0.083857 -0.114196 0.864680
    23 1.655294 0.000008 0.000000 -0.039797 0.033474 1.386062
    24 0.869582 0.000004 0.000000 0.072305 -0.050335 0.566938
    25 4.150630 -0.581594 1.354863 -0.339030 -0.077155 0.722463
    26 1.157247 -0.000010 -0.000002 -0.226722 -0.320721 1.453911
    27 1.019835 -0.000006 0.000000 -1.463117 -0.151684 0.429397
    28 7.406140 -6.039003 -8.901889 -1.620016 0.493899 -1.979728
    29 12.695427 -0.000020 -0.000008 -0.061666 0.252674 -1.004408
    30 -5.176037 -14.455400 -8.204434 3.027028 0.053409 -1.720372
    31 1.474215 -0.497926 -1.376118 0.979422 0.426184 -0.250703
    32 1.832179 -0.000010 -0.000002 -2.526087 -0.301597 0.609649
    33 1.042025 -0.000004 -0.000009 -2.896901 -0.278839 -0.192682
    34 3.823320 0.664865 -1.331676 0.244544 0.361997 0.003988
    35 2.152367 -0.000001 0.000004 0.123680 -0.231520 -0.430903
    36 1.056622 -0.000011 0.000000 0.258021 -0.115162 -0.370345
    37 3.985134 0.881805 -0.368986 0.128465 -0.008096 -0.090224
    38 1.830183 0.000015 0.000000 0.063856 -0.074037 -1.510027
    39 1.561352 0.000008 -0.000004 0.027622 -0.015767 -1.357283
    40 4.116518 0.711272 0.551869 0.187923 0.006580 -0.361666
    41 1.752727 0.000006 0.000000 0.026521 0.029537 -1.405331
    42 0.869359 -0.000006 0.000000 0.015642 -0.073475 -0.926076
    43 4.118826 0.331223 1.419829 0.128888 -0.005990 -0.280207
    44 1.176321 0.000006 0.000000 -0.027338 0.139049 -0.923507
    45 0.970199 -0.000002 -0.000004 1.655618 0.044631 -1.487290
    46 -7.606037 1.001330 -4.120493 -2.525479 1.066945 -1.927488
    47 12.706336 -0.000035 -0.000009 -0.278331 0.292024 -1.779597
    48 0.000000 0.000000 -0.000003 0.000000 0.000000 0.000000
    49 1.200000 0.000000 0.000010 0.000000 0.000000 0.000000
    50 0.000010 -0.300000 0.000000 3.141593 0.000000 -0.174533
    51 0.000000 -0.000001 0.000000 0.000000 0.000000 0.000000
    52 -0.000003 0.000000 0.000001 3.141592 0.000000 0.000000
    53 0.000006 0.000000 0.000004 0.000000 0.000000 0.349065
    54 0.000000 0.000000 0.000000 3.141593 0.000000 0.000000
    55 -0.000008 -0.000006 0.000000 3.141593 0.000000 0.000000
    56 0.000002 -0.000002 0.000000 3.141593 0.000000 0.000000
    57 0.000014 -0.000004 0.000000 3.141593 0.000000 0.000000
    58 -0.000001 0.000000 0.000000 3.141593 0.000000 -0.000001
    59 0.000000 0.000000 0.000000 3.141593 0.000000 0.000000
    60 0.000010 0.000017 0.000000 3.141593 0.000000 -0.000001
    61 0.000000 0.000004 0.000000 3.141593 0.000000 -0.000001
    62 0.000000 0.000006 0.000000 3.141593 0.000000 -0.000001
    63 0.000001 0.000002 0.000000 3.141593 0.000000 0.000000
    64 0.000000 0.000000 0.000000 -3.141592 0.000000 0.000000
    65 0.000000 0.000000 0.000000 -1.570797 -0.000001 0.000000
    66 0.000000 0.000000 0.000000 0.000000 0.000000 0.000000
    67 1.200000 0.000000 0.000000 0.000000 0.000000 0.000000
    68 0.000009 0.299994 0.000000 0.000000 0.000000 0.174533
    69 -0.000001 -0.000001 -0.000004 0.000000 0.000000 0.000000
    70 -0.000010 0.000000 -0.000003 -3.141592 0.000001 0.000000
    71 0.000000 0.000000 0.000000 0.000001 -0.000001 0.349065
    72 0.000000 -0.000003 0.000000 0.000000 0.000000 0.000000
    73 0.000003 0.000000 0.000000 0.000000 0.000000 0.000000
    74 -0.000010 -0.000006 0.000000 -0.000001 0.000000 0.000000
    75 0.000019 0.000002 0.000000 0.000000 0.000000 0.000000
    76 0.000001 0.000004 0.000000 0.000000 0.000000 -0.000001
    77 0.000000 0.000000 0.000000 0.000000 0.000000 -0.000001
    78 0.000001 -0.000002 0.000000 0.000000 0.000000 -0.000001
    79 0.000000 0.000000 0.000000 0.000000 0.000000 -0.000001
    80 0.000001 0.000008 0.000000 0.000000 0.000000 0.000000
    81 -0.000003 0.000004 0.000000 0.000000 0.000000 0.000000
    82 -0.000007 -0.000008 0.000000 0.000000 0.000000 -0.000001
    83 0.000000 0.000002 -0.000002 -1.570796 0.000000 0.000000
  time 82
    0 -5.079538 -17.326928 -4.168342 -1.588012 0.019995 -1.685363
    1 -1.171999 -1.037202 0.029808 0.000000 0.000004 0.000000
    2 -1.944808 -1.361039 0.231380 0.000003 0.000007 -0.000014
    3 -4.549240 -1.689358 -0.012529 0.000000 0.000000 0.000000
    4 4.331499 0.360595 -0.709097 0.000015 0.000003 0.056022
    5 3.513922 0.962076 -0.004281 0.000004 -0.000001 1.176003
    6 2.855053 0.477292 0.679213 -0.000001 -0.000004 2.896619
    7 1.649902 5.878080 0.032496 -0.000003 0.000002 -1.570796
    8 6.587842 -0.691444 0.025964 -0.000001 -0.000001 1.570796
    9 0.000002 -0.241401 -0.052690 0.000001 0.000001 0.000000
    10 10.620066 1.884898 -0.004843 -1.570796 -0.000002 1.570796
    11 -9.087198 1.359573 -0.008167 -0.000003 0.000002 -1.570796
    12 -3.441612 -25.164800 -8.243499 3.078573 -0.004022 -2.215929
    13 1.473659 0.639418 -1.295234 2.246183 0.440257 0.736868
    14 1.832607 0.000002 -0.000008 3.093711 0.015936 0.244260
    15 1.003335 0.000005 0.000001 -3.043549 0.027310 -0.225170
    16 3.823895 -0.419603 -1.411520 0.229129 -0.129700 0.759577
    17 2.187956 0.000010 0.000000 -0.012082 -0.011908 1.896829
    18 1.100960 0.000002 0.000000 0.384821 -0.022997 0.395360
    19 3.987863 -0.577452 -0.474712 0.106909 -0.099139 0.745896
    20 1.890109 -0.000010 -0.000001 -0.024571 -0.089012 1.713779
    21 1.310925 0.000000 0.000000 0.487416 0.014826 0.431452
    22 4.117986 -0.654534 0.453695 0.083857 -0.114196 0.864654
    23 1.655294 0.000008 0.000000 -0.039785 0.033474 1.386062
    24 0.869582 0.000004 0.000000 0.072305 -0.050347 0.567074
    25 4.150630 -0.581594 1.354863 -0.339030 -0.077155 0.722463
    26 1.157247 -0.000010 -0.000002 -0.226722 -0.320721 1.453911
    27 1.019835 -0.000006 0.000000 -1.463105 -0.151684 0.429397
    28 7.406140 -6.039003 -8.901889 -1.632390 0.491240 -1.967382
    29 12.695427 -0.000020 -0.000008 -0.071369 0.258511 -1.042443
    30 -5.269790 -14.455400 -8.063805 3.053759 0.027423 -1.674695
    31 1.474215 -0.497926 -1.376118 0.979422 0.426184 -0.250703
    32 1.832179 -0.000010 -0.000002 -2.526087 -0.301597 0.609630
    33 1.042025 -0.000004 -0.000009 -2.896901 -0.278851 -0.192682
    34 3.823320 0.664865 -1.331676 0.244544 0.361997 0.003988
    35 2.152367 -0.000001 0.000004 0.123680 -0.231520 -0.430903
    36 1.056622 -0.000011 0.000000 0.258021 -0.115162 -0.370345
    37 3.985134 0.881805 -0.368986 0.128465 -0.008096 -0.090224
    38 1.830183 0.000015 0.000000 0.063856 -0.074037 -1.510027
    39 1.561352 0.000008 -0.000004 0.027622 -0.015767 -1.357283
    40 4.116518 0.711272 0.551869 0.187923 0.006580 -0.361666
    41 1.752727 0.000006 0.000000 0.026521 0.029537 -1.405331
    42 0.869359 -0.000006 0.000000 0.015642 -0.073475 -0.926076
    43 4.118826 0.331223 1.419829 0.128888 -0.005990 -0.280207
    44 1.176321 0.000006 0.000000 -0.027338 0.139049 -0.923507
    45 0.970199 -0.000002 -0.000004 1.655618 0.044631 -1.487290
    46 -7.606037 1.001330 -4.120493 -2.561067 1.049793 -1.959352
    47 12.706336 -0.000035 -0.000009 -0.279698 0.291616 -1.784335
    48 0.000000 0.000000 -0.000003 0.000000 0.000000 0.000000
    49 1.200000 0.000000 0.000010 0.000000 0.000000 0.000000
    50 0.000010 -0.300000 0.000000 3.141593 0.000000 -0.174533
    51 0.000000 -0.000001 0.000000 0.000000 0.000000 0.000000
    52 -0.000003 0.000000 0.000001 3.141592 0.000000 0.000000
    53 0.000006 0.000000 0.000004 0.000000 0.000000 0.349065
    54 0.000000 0.000000 0.000000 3.141593 0.000000 0.000000
    55 -0.000008 -0.000006 0.000000 3.141593 0.000000 0.000000
    56 0.000002 -0.000002 0.000000 3.141593 0.000000 0.000000
    57 0.000014 -0.000004 0.000000 3.141593 0.000000 0.000000
    58 -0.000001 0.000000 0.000000 3.141593 0.000000 -0.000001
    59 0.000000 0.000000 0.000000 3.141593 0.000000 0.000000
    60 0.000010 0.000017 0.000000 3.141593 0.000000 -0.000001
    61 0.000000 0.000004 0.000000 3.141593 0.000000 -0.000001
    62 0.000000 0.000006 0.000000 3.141593 0.000000 -0.000001
    63 0.000001 0.000002 0.000000 3.141593 0.000000 0.000000
    64 0.000000 0.000000 0.000000 -3.141592 0.000000 0.000000
    65 0.000000 0.000000 0.000000 -1.570797 -0.000001 0.000000
    66 0.000000 0.000000 0.000000 0.000000 0.000000 0.000000
    67 1.200000 0.000000 0.000000 0.000000 0.000000 0.000000
    68 0.000009 0.299994 0.000000 0.000000 0.000000 0.174533
    69 -0.000001 -0.000001 -0.000004 0.000000 0.000000 0.000000
    70 -0.000010 0.000000 -0.000003 -3.141592 0.000001 0.000000
    71 0.000000 0.000000 0.000000 0.000001 -0.000001 0.349065
    72 0.000000 -0.000003 0.000000 0.000000 0.000000 0.000000
    73 0.000003 0.000000 0.000000 0.000000 0.000000 0.000000
    74 -0.000010 -0.000006 0.000000 -0.000001 0.000000 0.000000
    75 0.000019 0.000002 0.000000 0.000000 0.000000 0.000000
    76 0.000001 0.000004 0.000000 0.000000 0.000000 -0.000001
    77 0.000000 0.000000 0.000000 0.000000 0.000000 -0.000001
    78 0.000001 -0.000002 0.000000 0.000000 0.000000 -0.000001
    79 0.000000 0.000000 0.000000 0.000000 0.000000 -0.000001
    80 0.000001 0.000008 0.000000 0.000000 0.000000 0.000000
    81 -0.000003 0.000004 0.000000 0.000000 0.000000 0.000000
    82 -0.000007 -0.000008 0.000000 0.000000 0.000000 -0.000001
    83 0.000000 0.000002 -0.000002 -1.570796 0.000000 0.000000
  time 83
    0 -5.106883 -17.217550 -4.023807 -1.571426 0.003111 -1.649518
    1 -1.164186 -1.041108 0.025902 0.000000 0.000004 0.000000
    2 -1.944808 -1.361039 0.231380 0.000003 0.000007 -0.000014
    3 -4.549240 -1.689358 -0.012529 0.000000 0.000000 0.000000
    4 4.331499 0.360595 -0.709097 0.000015 0.000003 0.056022
    5 3.513922 0.962076 -0.004281 0.000004 -0.000001 1.176003
    6 2.855053 0.477292 0.679213 -0.000001 -0.000004 2.896619
    7 1.649902 5.878080 0.032496 -0.000003 0.000002 -1.570796
    8 6.587842 -0.691444 0.025964 -0.000001 -0.000001 1.570796
    9 0.000002 -0.241401 -0.052690 0.000001 0.000001 0.000000
    10 10.620066 1.884898 -0.004843 -1.570796 -0.000002 1.570796
    11 -9.087198 1.359573 -0.008167 -0.000003 0.000002 -1.570796
    12 -3.133009 -25.055422 -7.927083 3.101293 -0.010300 -2.180581
    13 1.473659 0.639418 -1.295234 2.246183 0.440257 0.736868
    14 1.832607 0.000002 -0.000008 3.093279 0.014653 0.220192
    15 1.003335 0.000005 0.000001 -3.043549 0.027310 -0.225170
    16 3.823895 -0.419603 -1.411520 0.229129 -0.129700 0.759577
    17 2.187956 0.000010 0.000000 -0.012082 -0.011908 1.896829
    18 1.100960 0.000002 0.000000 0.384821 -0.022937 0.395360
    19 3.987863 -0.577452 -0.474712 0.106909 -0.099139 0.745896
    20 1.890109 -0.000010 -0.000001 -0.024571 -0.089012 1.713779
    21 1.310925 0.000000 0.000000 0.487416 0.014826 0.431452
    22 4.117986 -0.654534 0.453695 0.083857 -0.114196 0.864680
    23 1.655294 0.000008 0.000000 -0.039785 0.033474 1.386062
    24 0.869582 0.000004 0.000000 0.072305 -0.050335 0.567074
    25 4.150630 -0.581594 1.354863 -0.339030 -0.077155 0.722463
    26 1.157247 -0.000010 -0.000002 -0.226722 -0.320708 1.453911
    27 1.019835 -0.000006 0.000000 -1.463105 -0.151684 0.429397
    28 7.406140 -6.039003 -8.901889 -1.640005 0.494356 -1.957617
    29 12.695427 -0.000020 -0.000008 -0.080451 0.263449 -1.077869
    30 -5.340105 -14.424149 -7.973958 3.070102 0.010359 -1.638323
    31 1.474215 -0.497926 -1.376118 0.979422 0.426184 -0.250703
    32 1.832179 -0.000010 -0.000002 -2.526087 -0.301597 0.609649
    33 1.042025 -0.000004 -0.000009 -2.896901 -0.278827 -0.192682
    34 3.823320 0.664865 -1.331676 0.244544 0.361997 0.003988
    35 2.152367 -0.000001 0.000004 0.123680 -0.231520 -0.430903
    36 1.056622 -0.000011 0.000000 0.258021 -0.115162 -0.370345
    37 3.985134 0.881805 -0.368986 0.128465 -0.008096 -0.090224
    38 1.830183 0.000015 0.000000 0.063856 -0.074037 -1.510027
    39 1.561352 0.000008 -0.000004 0.027622 -0.015767 -1.357217
    40 4.116518 0.711272 0.551869 0.187923 0.006580 -0.361666
    41 1.752727 0.000006 0.000000 0.026521 0.029537 -1.405331
    42 0.869359 -0.000006 0.000000 0.015642 -0.073475 -0.926076
    43 4.118826 0.331223 1.419829 0.128888 -0.005990 -0.280207
    44 1.176321 0.000006 0.000000 -0.027338 0.139049 -0.923484
    45 0.970199 -0.000002 -0.000004 1.655618 0.044631 -1.487290
    46 -7.606037 1.001330 -4.120493 -2.598806 1.035778 -1.991278
    47 12.706336 -0.000035 -0.000009 -0.281638 0.291365 -1.790735
    48 0.000000 0.000000 -0.000003 0.000000 0.000000 0.000000
    49 1.200000 0.000000 0.000010 0.000000 0.000000 0.000000
    50 0.000010 -0.300000 0.000000 3.141593 0.000000 -0.174533
    51 0.000000 -0.000001 0.000000 0.000000 0.000000 0.000000
    52 -0.000003 0.000000 0.000001 3.141592 0.000000 0.000000
    53 0.000006 0.000000 0.000004 0.000000 0.000000 0.349065
    54 0.000000 0.000000 0.000000 3.141593 0.000000 0.000000
    55 -0.000008 -0.000006 0.000000 3.141593 0.000000 0.000000
    56 0.000002 -0.000002 0.000000 3.141593 0.000000 0.000000
    57 0.000014 -0.000004 0.000000 3.141593 0.000000 0.000000
    58 -0.000001 0.000000 0.000000 3.141593 0.000000 -0.000001
    59 0.000000 0.000000 0.000000 3.141593 0.000000 0.000000
    60 0.000010 0.000017 0.000000 3.141593 0.000000 -0.000001
    61 0.000000 0.000004 0.000000 3.141593 0.000000 -0.000001
    62 0.000000 0.000006 0.000000 3.141593 0.000000 -0.000001
    63 0.000001 0.000002 0.000000 3.141593 0.000000 0.000000
    64 0.000000 0.000000 0.000000 -3.141592 0.000000 0.000000
    65 0.000000 0.000000 0.000000 -1.570797 -0.000001 0.000000
    66 0.000000 0.000000 0.000000 0.000000 0.000000 0.000000
    67 1.200000 0.000000 0.000000 0.000000 0.000000 0.000000
    68 0.000009 0.299994 0.000000 0.000000 0.000000 0.174533
    69 -0.000001 -0.000001 -0.000004 0.000000 0.000000 0.000000
    70 -0.000010 0.000000 -0.000003 -3.141592 0.000001 0.000000
    71 0.000000 0.000000 0.000000 0.000001 -0.000001 0.349065
    72 0.000000 -0.000003 0.000000 0.000000 0.000000 0.000000
    73 0.000003 0.000000 0.000000 0.000000 0.000000 0.000000
    74 -0.000010 -0.000006 0.000000 -0.000001 0.000000 0.000000
    75 0.000019 0.000002 0.000000 0.000000 0.000000 0.000000
    76 0.000001 0.000004 0.000000 0.000000 0.000000 -0.000001
    77 0.000000 0.000000 0.000000 0.000000 0.000000 -0.000001
    78 0.000001 -0.000002 0.000000 0.000000 0.000000 -0.000001
    79 0.000000 0.000000 0.000000 0.000000 0.000000 -0.000001
    80 0.000001 0.000008 0.000000 0.000000 0.000000 0.000000
    81 -0.000003 0.000004 0.000000 0.000000 0.000000 0.000000
    82 -0.000007 -0.000008 0.000000 0.000000 0.000000 -0.000001
    83 0.000000 0.000002 -0.000002 -1.570796 0.000000 0.000000
  time 84
    0 -5.114695 -17.119891 -3.976930 -1.566315 -0.002673 -1.623682
    1 -1.171999 -1.037202 0.025902 0.000000 0.000004 0.000000
    2 -1.948714 -1.361039 0.231380 0.000003 0.000007 -0.000014
    3 -4.549240 -1.689358 -0.012529 0.000000 0.000000 0.000000
    4 4.331499 0.360595 -0.709097 0.000015 0.000003 0.056022
    5 3.513922 0.962076 -0.004281 0.000004 -0.000001 1.176003
    6 2.855053 0.477292 0.679213 -0.000001 -0.000004 2.896619
    7 1.649902 5.878080 0.032496 -0.000003 0.000002 -1.570796
    8 6.587842 -0.691444 0.025964 -0.000001 -0.000001 1.570796
    9 0.000002 -0.241401 -0.052690 0.000001 0.000001 0.000000
    10 10.620066 1.884898 -0.004843 -1.570796 -0.000002 1.570796
    11 -9.087198 1.359573 -0.008167 -0.000003 0.000002 -1.570796
    12 -2.910346 -24.930418 -7.817704 3.109232 -0.012392 -2.153998
    13 1.473659 0.639418 -1.295234 2.246183 0.440257 0.736868
    14 1.832607 0.000002 -0.000008 3.093016 0.013683 0.198929
    15 1.003335 0.000005 0.000001 -3.043549 0.027310 -0.225170
    16 3.823895 -0.419603 -1.411520 0.229129 -0.129700 0.759577
    17 2.187956 0.000010 0.000000 -0.012082 -0.011908 1.896829
    18 1.100960 0.000002 0.000000 0.384821 -0.022925 0.395360
    19 3.987863 -0.577452 -0.474712 0.106909 -0.099139 0.745896
    20 1.890109 -0.000010 -0.000001 -0.024571 -0.089012 1.713897
    21 1.310925 0.000000 0.000000 0.487402 0.014826 0.431452
    22 4.117986 -0.654534 0.453695 0.083857 -0.114196 0.864680
    23 1.655294 0.000008 0.000000 -0.039785 0.033474 1.386062
    24 0.869582 0.000004 0.000000 0.072305 -0.050335 0.567074
    25 4.150630 -0.581594 1.354863 -0.339030 -0.077155 0.722463
    26 1.157247 -0.000010 -0.000002 -0.226722 -0.320721 1.453911
    27 1.019835 -0.000006 0.000000 -1.463105 -0.151684 0.429397
    28 7.406140 -6.039003 -8.901889 -1.644003 0.505240 -1.950523
    29 12.695427 -0.000020 -0.000008 -0.089130 0.267631 -1.111002
    30 -5.402606 -14.357741 -7.942707 3.075252 0.004599 -1.611684
    31 1.474215 -0.497926 -1.376118 0.979422 0.426184 -0.250703
    32 1.832179 -0.000010 -0.000002 -2.526087 -0.301597 0.609649
    33 1.042025 -0.000004 -0.000009 -2.896973 -0.278827 -0.192682
    34 3.823320 0.664865 -1.331676 0.244544 0.361997 0.003988
    35 2.152367 -0.000001 0.000004 0.123680 -0.231520 -0.430903
    36 1.056622 -0.000011 0.000000 0.258009 -0.115162 -0.370345
    37 3.985134 0.881805 -0.368986 0.128465 -0.008096 -0.090224
    38 1.830183 0.000015 0.000000 0.063856 -0.074037 -1.510027
    39 1.561352 0.000008 -0.000004 0.027622 -0.015767 -1.357283
    40 4.116518 0.711272 0.551869 0.187923 0.006580 -0.361666
    41 1.752727 0.000006 0.000000 0.026521 0.029537 -1.405331
    42 0.869359 -0.000006 0.000000 0.015642 -0.073475 -0.926076
    43 4.118826 0.331223 1.419829 0.128888 -0.005990 -0.280207
    44 1.176321 0.000006 0.000000 -0.027338 0.139049 -0.923507
    45 0.970199 -0.000002 -0.000004 1.655618 0.044631 -1.487290
    46 -7.606037 1.001330 -4.120493 -2.640014 1.025834 -2.025516
    47 12.706336 -0.000035 -0.000009 -0.283994 0.290718 -1.799288
    48 0.000000 0.000000 -0.000003 0.000000 0.000000 0.000000
    49 1.200000 0.000000 0.000010 0.000000 0.000000 0.000000
    50 0.000010 -0.300000 0.000000 3.141593 0.000000 -0.174533
    51 0.000000 -0.000001 0.000000 0.000000 0.000000 0.000000
    52 -0.000003 0.000000 0.000001 3.141592 0.000000 0.000000
    53 0.000006 0.000000 0.000004 0.000000 0.000000 0.349065
    54 0.000000 0.000000 0.000000 3.141593 0.000000 0.000000
    55 -0.000008 -0.000006 0.000000 3.141593 0.000000 0.000000
    56 0.000002 -0.000002 0.000000 3.141593 0.000000 0.000000
    57 0.000014 -0.000004 0.000000 3.141593 0.000000 0.000000
    58 -0.000001 0.000000 0.000000 3.141593 0.000000 -0.000001
    59 0.000000 0.000000 0.000000 3.141593 0.000000 0.000000
    60 0.000010 0.000017 0.000000 3.141593 0.000000 -0.000001
    61 0.000000 0.000004 0.000000 3.141593 0.000000 -0.000001
    62 0.000000 0.000006 0.000000 3.141593 0.000000 -0.000001
    63 0.000001 0.000002 0.000000 3.141593 0.000000 0.000000
    64 0.000000 0.000000 0.000000 -3.141592 0.000000 0.000000
    65 0.000000 0.000000 0.000000 -1.570797 -0.000001 0.000000
    66 0.000000 0.000000 0.000000 0.000000 0.000000 0.000000
    67 1.200000 0.000000 0.000000 0.000000 0.000000 0.000000
    68 0.000009 0.299994 0.000000 0.000000 0.000000 0.174533
    69 -0.000001 -0.000001 -0.000004 0.000000 0.000000 0.000000
    70 -0.000010 0.000000 -0.000003 -3.141592 0.000001 0.000000
    71 0.000000 0.000000 0.000000 0.000001 -0.000001 0.349065
    72 0.000000 -0.000003 0.000000 0.000000 0.000000 0.000000
    73 0.000003 0.000000 0.000000 0.000000 0.000000 0.000000
    74 -0.000010 -0.000006 0.000000 -0.000001 0.000000 0.000000
    75 0.000019 0.000002 0.000000 0.000000 0.000000 0.000000
    76 0.000001 0.000004 0.000000 0.000000 0.000000 -0.000001
    77 0.000000 0.000000 0.000000 0.000000 0.000000 -0.000001
    78 0.000001 -0.000002 0.000000 0.000000 0.000000 -0.000001
    79 0.000000 0.000000 0.000000 0.000000 0.000000 -0.000001
    80 0.000001 0.000008 0.000000 0.000000 0.000000 0.000000
    81 -0.000003 0.000004 0.000000 0.000000 0.000000 0.000000
    82 -0.000007 -0.000008 0.000000 0.000000 0.000000 -0.000001
    83 0.000000 0.000002 -0.000002 -1.570796 0.000000 0.000000
  time 85
    0 -5.102976 -17.018325 -3.992556 -1.568736 -0.002522 -1.602671
    1 -1.171999 -1.037202 0.025902 0.000000 0.000004 0.000000
    2 -1.948714 -1.361039 0.231380 0.000003 0.000007 -0.000014
    3 -4.549240 -1.689358 -0.012529 0.000000 0.000000 0.000000
    4 4.331499 0.360595 -0.709097 0.000015 0.000003 0.056022
    5 3.513922 0.962076 -0.004281 0.000004 -0.000001 1.176003
    6 2.855053 0.477292 0.679213 -0.000001 -0.000004 2.896619
    7 1.649902 5.878080 0.032496 -0.000003 0.000002 -1.570796
    8 6.587842 -0.691444 0.025964 -0.000001 -0.000001 1.570796
    9 0.000002 -0.241401 -0.052690 0.000001 0.000001 0.000000
    10 10.620066 1.884898 -0.004843 -1.570796 -0.000002 1.570796
    11 -9.087198 1.359573 -0.008167 -0.000003 0.000002 -1.570796
    12 -2.750185 -24.785882 -7.845049 3.106768 -0.013801 -2.133572
    13 1.473659 0.639418 -1.295234 2.246183 0.440257 0.736868
    14 1.832607 0.000002 -0.000008 3.092812 0.012856 0.180666
    15 1.003335 0.000005 0.000001 -3.043549 0.027310 -0.225170
    16 3.823895 -0.419603 -1.411520 0.229129 -0.129700 0.759577
    17 2.187956 0.000010 0.000000 -0.012082 -0.011908 1.896829
    18 1.100960 0.000002 0.000000 0.384821 -0.022961 0.395360
    19 3.987863 -0.577452 -0.474712 0.106909 -0.099139 0.745896
    20 1.890109 -0.000010 -0.000001 -0.024571 -0.089012 1.713779
    21 1.310925 0.000000 0.000000 0.487416 0.014826 0.431452
    22 4.117986 -0.654534 0.453695 0.083857 -0.114196 0.864680
    23 1.655294 0.000008 0.000000 -0.039797 0.033474 1.386062
    24 0.869582 0.000004 0.000000 0.072305 -0.050335 0.567074
    25 4.150630 -0.581594 1.354863 -0.339030 -0.077155 0.722463
    26 1.157247 -0.000010 -0.000002 -0.226722 -0.320721 1.453911
    27 1.019835 -0.000006 0.000000 -1.463165 -0.151684 0.429397
    28 7.406140 -6.039003 -8.901889 -1.645050 0.520860 -1.944995
    29 12.695427 -0.000020 -0.000008 -0.097339 0.271406 -1.141525
    30 -5.457296 -14.263988 -7.958333 3.072834 0.004706 -1.591367
    31 1.474215 -0.497926 -1.376118 0.979422 0.426184 -0.250703
    32 1.832179 -0.000010 -0.000002 -2.526087 -0.301597 0.609630
    33 1.042025 -0.000004 -0.000009 -2.896973 -0.278827 -0.192682
    34 3.823320 0.664865 -1.331676 0.244544 0.361997 0.003988
    35 2.152367 -0.000001 0.000004 0.123680 -0.231520 -0.430903
    36 1.056622 -0.000011 0.000000 0.258021 -0.115162 -0.370345
    37 3.985134 0.881805 -0.368986 0.128465 -0.008096 -0.090224
    38 1.830183 0.000015 0.000000 0.063856 -0.074037 -1.510027
    39 1.561352 0.000008 -0.000004 0.027622 -0.015767 -1.357283
    40 4.116518 0.711272 0.551869 0.187923 0.006580 -0.361666
    41 1.752727 0.000006 0.000000 0.026521 0.029537 -1.405331
    42 0.869359 -0.000006 0.000000 0.015642 -0.073475 -0.926076
    43 4.118826 0.331223 1.419829 0.128888 -0.005990 -0.280207
    44 1.176321 0.000006 0.000000 -0.027338 0.139049 -0.923507
    45 0.970199 -0.000002 -0.000004 1.655618 0.044631 -1.487290
    46 -7.606037 1.001330 -4.120493 -2.681707 1.018993 -2.060379
    47 12.706336 -0.000035 -0.000009 -0.286976 0.290046 -1.809379
    48 0.000000 0.000000 -0.000003 0.000000 0.000000 0.000000
    49 1.200000 0.000000 0.000010 0.000000 0.000000 0.000000
    50 0.000010 -0.300000 0.000000 3.141593 0.000000 -0.174533
    51 0.000000 -0.000001 0.000000 0.000000 0.000000 0.000000
    52 -0.000003 0.000000 0.000001 3.141592 0.000000 0.000000
    53 0.000006 0.000000 0.000004 0.000000 0.000000 0.349065
    54 0.000000 0.000000 0.000000 3.141593 0.000000 0.000000
    55 -0.000008 -0.000006 0.000000 3.141593 0.000000 0.000000
    56 0.000002 -0.000002 0.000000 3.141593 0.000000 0.000000
    57 0.000014 -0.000004 0.000000 3.141593 0.000000 0.000000
    58 -0.000001 0.000000 0.000000 3.141593 0.000000 -0.000001
    59 0.000000 0.000000 0.000000 3.141593 0.000000 0.000000
    60 0.000010 0.000017 0.000000 3.141593 0.000000 -0.000001
    61 0.000000 0.000004 0.000000 3.141593 0.000000 -0.000001
    62 0.000000 0.000006 0.000000 3.141593 0.000000 -0.000001
    63 0.000001 0.000002 0.000000 3.141593 0.000000 0.000000
    64 0.000000 0.000000 0.000000 -3.141592 0.000000 0.000000
    65 0.000000 0.000000 0.000000 -1.570797 -0.000001 0.000000
    66 0.000000 0.000000 0.000000 0.000000 0.000000 0.000000
    67 1.200000 0.000000 0.000000 0.000000 0.000000 0.000000
    68 0.000009 0.299994 0.000000 0.000000 0.000000 0.174533
    69 -0.000001 -0.000001 -0.000004 0.000000 0.000000 0.000000
    70 -0.000010 0.000000 -0.000003 -3.141592 0.000001 0.000000
    71 0.000000 0.000000 0.000000 0.000001 -0.000001 0.349065
    72 0.000000 -0.000003 0.000000 0.000000 0.000000 0.000000
    73 0.000003 0.000000 0.000000 0.000000 0.000000 0.000000
    74 -0.000010 -0.000006 0.000000 -0.000001 0.000000 0.000000
    75 0.000019 0.000002 0.000000 0.000000 0.000000 0.000000
    76 0.000001 0.000004 0.000000 0.000000 0.000000 -0.000001
    77 0.000000 0.000000 0.000000 0.000000 0.000000 -0.000001
    78 0.000001 -0.000002 0.000000 0.000000 0.000000 -0.000001
    79 0.000000 0.000000 0.000000 0.000000 0.000000 -0.000001
    80 0.000001 0.000008 0.000000 0.000000 0.000000 0.000000
    81 -0.000003 0.000004 0.000000 0.000000 0.000000 0.000000
    82 -0.000007 -0.000008 0.000000 0.000000 0.000000 -0.000001
    83 0.000000 0.000002 -0.000002 -1.570796 0.000000 0.000000
  time 86
    0 -5.071725 -16.908947 -4.039432 -1.575819 -0.002069 -1.587127
    1 -1.171999 -1.041108 0.033714 0.000000 0.000004 0.000000
    2 -1.948714 -1.361039 0.235287 0.000003 0.000007 -0.000014
    3 -4.549240 -1.689358 -0.012529 0.000000 0.000000 0.000000
    4 4.331499 0.360595 -0.709097 0.000015 0.000003 0.056022
    5 3.513922 0.962076 -0.004281 0.000004 -0.000001 1.176003
    6 2.855053 0.477292 0.679213 -0.000001 -0.000004 2.896619
    7 1.649902 5.878080 0.032496 -0.000003 0.000002 -1.570796
    8 6.587842 -0.691444 0.025964 -0.000001 -0.000001 1.570796
    9 0.000002 -0.241401 -0.052690 0.000001 0.000001 0.000000
    10 10.620066 1.884898 -0.004843 -1.570796 -0.000002 1.570796
    11 -9.087198 1.359573 -0.008167 -0.000003 0.000002 -1.570796
    12 -2.629087 -24.633534 -7.911457 3.100381 -0.016900 -2.118071
    13 1.473659 0.639418 -1.295234 2.246183 0.440257 0.736868
    14 1.832607 0.000002 -0.000008 3.092548 0.012113 0.165697
    15 1.003335 0.000005 0.000001 -3.043549 0.027310 -0.225170
    16 3.823895 -0.419603 -1.411520 0.229129 -0.129700 0.759577
    17 2.187956 0.000010 0.000000 -0.012082 -0.011908 1.896829
    18 1.100960 0.000002 0.000000 0.384821 -0.023021 0.395360
    19 3.987863 -0.577452 -0.474712 0.106909 -0.099139 0.745896
    20 1.890109 -0.000010 -0.000001 -0.024571 -0.089012 1.713897
    21 1.310925 0.000000 0.000000 0.487416 0.014826 0.431452
    22 4.117986 -0.654534 0.453695 0.083857 -0.114196 0.864680
    23 1.655294 0.000008 0.000000 -0.039797 0.033474 1.386062
    24 0.869582 0.000004 0.000000 0.072305 -0.050335 0.567074
    25 4.150630 -0.581594 1.354863 -0.339030 -0.077155 0.722463
    26 1.157247 -0.000010 -0.000002 -0.226722 -0.320721 1.453911
    27 1.019835 -0.000006 0.000000 -1.463105 -0.151684 0.429397
    28 7.406140 -6.039003 -8.901889 -1.644669 0.537311 -1.940572
    29 12.695427 -0.000020 -0.000008 -0.104910 0.274606 -1.169834
    30 -5.496359 -14.162422 -8.005209 3.065759 0.005195 -1.575952
    31 1.474215 -0.497926 -1.376118 0.979422 0.426184 -0.250703
    32 1.832179 -0.000010 -0.000002 -2.526087 -0.301597 0.609649
    33 1.042025 -0.000004 -0.000009 -2.896901 -0.278839 -0.192682
    34 3.823320 0.664865 -1.331676 0.244544 0.361997 0.003988
    35 2.152367 -0.000001 0.000004 0.123680 -0.231520 -0.430903
    36 1.056622 -0.000011 0.000000 0.258021 -0.115162 -0.370345
    37 3.985134 0.881805 -0.368986 0.128465 -0.008096 -0.090224
    38 1.830183 0.000015 0.000000 0.063856 -0.074037 -1.510027
    39 1.561352 0.000008 -0.000004 0.027622 -0.015767 -1.357316
    40 4.116518 0.711272 0.551869 0.187923 0.006580 -0.361666
    41 1.752727 0.000006 0.000000 0.026521 0.029537 -1.405331
    42 0.869359 -0.000006 0.000000 0.015630 -0.073475 -0.926076
    43 4.118826 0.331223 1.419829 0.128888 -0.005990 -0.280207
    44 1.176321 0.000006 0.000000 -0.027338 0.139049 -0.923484
    45 0.970199 -0.000002 -0.000004 1.655618 0.044631 -1.487290
    46 -7.606037 1.001330 -4.120493 -2.721527 1.014021 -2.092805
    47 12.706336 -0.000035 -0.000009 -0.289736 0.289399 -1.818978
    48 0.000000 0.000000 -0.000003 0.000000 0.000000 0.000000
    49 1.200000 0.000000 0.000010 0.000000 0.000000 0.000000
    50 0.000010 -0.300000 0.000000 3.141593 0.000000 -0.174533
    51 0.000000 -0.000001 0.000000 0.000000 0.000000 0.000000
    52 -0.000003 0.000000 0.000001 3.141592 0.000000 0.000000
    53 0.000006 0.000000 0.000004 0.000000 0.000000 0.349065
    54 0.000000 0.000000 0.000000 3.141593 0.000000 0.000000
    55 -0.000008 -0.000006 0.000000 3.141593 0.000000 0.000000
    56 0.000002 -0.000002 0.000000 3.141593 0.000000 0.000000
    57 0.000014 -0.000004 0.000000 3.141593 0.000000 0.000000
    58 -0.000001 0.000000 0.000000 3.141593 0.000000 -0.000001
    59 0.000000 0.000000 0.000000 3.141593 0.000000 0.000000
    60 0.000010 0.000017 0.000000 3.141593 0.000000 -0.000001
    61 0.000000 0.000004 0.000000 3.141593 0.000000 -0.000001
    62 0.000000 0.000006 0.000000 3.141593 0.000000 -0.000001
    63 0.000001 0.000002 0.000000 3.141593 0.000000 0.000000
    64 0.000000 0.000000 0.000000 -3.141592 0.000000 0.000000
    65 0.000000 0.000000 0.000000 -1.570797 -0.000001 0.000000
    66 0.000000 0.000000 0.000000 0.000000 0.000000 0.000000
    67 1.200000 0.000000 0.000000 0.000000 0.000000 0.000000
    68 0.000009 0.299994 0.000000 0.000000 0.000000 0.174533
    69 -0.000001 -0.000001 -0.000004 0.000000 0.000000 0.000000
    70 -0.000010 0.000000 -0.000003 -3.141592 0.000001 0.000000
    71 0.000000 0.000000 0.000000 0.000001 -0.000001 0.349065
    72 0.000000 -0.000003 0.000000 0.000000 0.000000 0.000000
    73 0.000003 0.000000 0.000000 0.000000 0.000000 0.000000
    74 -0.000010 -0.000006 0.000000 -0.000001 0.000000 0.000000
    75 0.000019 0.000002 0.000000 0.000000 0.000000 0.000000
    76 0.000001 0.000004 0.000000 0.000000 0.000000 -0.000001
    77 0.000000 0.000000 0.000000 0.000000 0.000000 -0.000001
    78 0.000001 -0.000002 0.000000 0.000000 0.000000 -0.000001
    79 0.000000 0.000000 0.000000 0.000000 0.000000 -0.000001
    80 0.000001 0.000008 0.000000 0.000000 0.000000 0.000000
    81 -0.000003 0.000004 0.000000 0.000000 0.000000 0.000000
    82 -0.000007 -0.000008 0.000000 0.000000 0.000000 -0.000001
    83 0.000000 0.000002 -0.000002 -1.570796 0.000000 0.000000
  time 87
    0 -5.024849 -16.811287 -4.113653 -1.585950 -0.001435 -1.577828
    1 -1.171999 -1.041108 0.029808 0.000000 0.000004 0.000000
    2 -1.940901 -1.361039 0.231380 0.000003 0.000007 -0.000014
    3 -4.549240 -1.689358 -0.012529 0.000000 0.000000 0.000000
    4 4.331499 0.360595 -0.709097 0.000015 0.000003 0.056022
    5 3.513922 0.962076 -0.004281 0.000004 -0.000001 1.176003
    6 2.855053 0.477292 0.679213 -0.000001 -0.000004 2.896619
    7 1.649902 5.878080 0.032496 -0.000003 0.000002 -1.570796
    8 6.587842 -0.691444 0.025964 -0.000001 -0.000001 1.570796
    9 0.000002 -0.241401 -0.052690 0.000001 0.000001 0.000000
    10 10.620066 1.884898 -0.004843 -1.570796 -0.000002 1.570796
    11 -9.087198 1.359573 -0.008167 -0.000003 0.000002 -1.570796
    12 -2.543147 -24.512437 -8.013023 3.091165 -0.021528 -2.108003
    13 1.473659 0.639418 -1.295234 2.246183 0.440257 0.736868
    14 1.832607 0.000002 -0.000008 3.092416 0.011417 0.153924
    15 1.003335 0.000005 0.000001 -3.043549 0.027310 -0.225170
    16 3.823895 -0.419603 -1.411520 0.229129 -0.129700 0.759577
    17 2.187956 0.000010 0.000000 -0.012082 -0.011908 1.896829
    18 1.100960 0.000002 0.000000 0.384821 -0.022961 0.395360
    19 3.987863 -0.577452 -0.474712 0.106909 -0.099139 0.745896
    20 1.890109 -0.000010 -0.000001 -0.024571 -0.089012 1.713897
    21 1.310925 0.000000 0.000000 0.487416 0.014826 0.431452
    22 4.117986 -0.654534 0.453695 0.083857 -0.114196 0.864680
    23 1.655294 0.000008 0.000000 -0.039797 0.033474 1.386062
    24 0.869582 0.000004 0.000000 0.072305 -0.050335 0.567074
    25 4.150630 -0.581594 1.354863 -0.339030 -0.077155 0.722463
    26 1.157247 -0.000010 -0.000002 -0.226722 -0.320721 1.453911
    27 1.019835 -0.000006 0.000000 -1.463105 -0.151684 0.429397
    28 7.406140 -6.039003 -8.901889 -1.643622 0.552516 -1.937440
    29 12.695427 -0.000020 -0.000008 -0.110987 0.277123 -1.192292
    30 -5.515891 -14.060857 -8.067711 3.055595 0.006020 -1.566362
    31 1.474215 -0.497926 -1.376118 0.979422 0.426184 -0.250703
    32 1.832179 -0.000010 -0.000002 -2.526087 -0.301597 0.609649
    33 1.042025 -0.000004 -0.000009 -2.896901 -0.278851 -0.192682
    34 3.823320 0.664865 -1.331676 0.244544 0.361997 0.003988
    35 2.152367 -0.000001 0.000004 0.123680 -0.231520 -0.430903
    36 1.056622 -0.000011 0.000000 0.258021 -0.115162 -0.370345
    37 3.985134 0.881805 -0.368986 0.128465 -0.008096 -0.090224
    38 1.830183 0.000015 0.000000 0.063856 -0.074037 -1.510027
    39 1.561352 0.000008 -0.000004 0.027622 -0.015767 -1.357250
    40 4.116518 0.711272 0.551869 0.187923 0.006580 -0.361666
    41 1.752727 0.000006 0.000000 0.026521 0.029537 -1.405331
    42 0.869359 -0.000006 0.000000 0.015642 -0.073475 -0.926076
    43 4.118826 0.331223 1.419829 0.128888 -0.005990 -0.280207
    44 1.176321 0.000006 0.000000 -0.027338 0.139049 -0.923530
    45 0.970199 -0.000002 -0.000004 1.655618 0.044631 -1.487290
    46 -7.606037 1.001330 -4.120493 -2.757532 1.010551 -2.121295
    47 12.706336 -0.000035 -0.000009 -0.292014 0.288908 -1.827408
    48 0.000000 0.000000 -0.000003 0.000000 0.000000 0.000000
    49 1.200000 0.000000 0.000010 0.000000 0.000000 0.000000
    50 0.000010 -0.300000 0.000000 3.141593 0.000000 -0.174533
    51 0.000000 -0.000001 0.000000 0.000000 0.000000 0.000000
    52 -0.000003 0.000000 0.000001 3.141592 0.000000 0.000000
    53 0.000006 0.000000 0.000004 0.000000 0.000000 0.349065
    54 0.000000 0.000000 0.000000 3.141593 0.000000 0.000000
    55 -0.000008 -0.000006 0.000000 3.141593 0.000000 0.000000
    56 0.000002 -0.000002 0.000000 3.141593 0.000000 0.000000
    57 0.000014 -0.000004 0.000000 3.141593 0.000000 0.000000
    58 -0.000001 0.000000 0.000000 3.141593 0.000000 -0.000001
    59 0.000000 0.000000 0.000000 3.141593 0.000000 0.000000
    60 0.000010 0.000017 0.000000 3.141593 0.000000 -0.000001
    61 0.000000 0.000004 0.000000 3.141593 0.000000 -0.000001
    62 0.000000 0.000006 0.000000 3.141593 0.000000 -0.000001
    63 0.000001 0.000002 0.000000 3.141593 0.000000 0.000000
    64 0.000000 0.000000 0.000000 -3.141592 0.000000 0.000000
    65 0.000000 0.000000 0.000000 -1.570797 -0.000001 0.000000
    66 0.000000 0.000000 0.000000 0.000000 0.000000 0.000000
    67 1.200000 0.000000 0.000000 0.000000 0.000000 0.000000
    68 0.000009 0.299994 0.000000 0.000000 0.000000 0.174533
    69 -0.000001 -0.000001 -0.000004 0.000000 0.000000 0.000000
    70 -0.000010 0.000000 -0.000003 -3.141592 0.000001 0.000000
    71 0.000000 0.000000 0.000000 0.000001 -0.000001 0.349065
    72 0.000000 -0.000003 0.000000 0.000000 0.000000 0.000000
    73 0.000003 0.000000 0.000000 0.000000 0.000000 0.000000
    74 -0.000010 -0.000006 0.000000 -0.000001 0.000000 0.000000
    75 0.000019 0.000002 0.000000 0.000000 0.000000 0.000000
    76 0.000001 0.000004 0.000000 0.000000 0.000000 -0.000001
    77 0.000000 0.000000 0.000000 0.000000 0.000000 -0.000001
    78 0.000001 -0.000002 0.000000 0.000000 0.000000 -0.000001
    79 0.000000 0.000000 0.000000 0.000000 0.000000 -0.000001
    80 0.000001 0.000008 0.000000 0.000000 0.000000 0.000000
    81 -0.000003 0.000004 0.000000 0.000000 0.000000 0.000000
    82 -0.000007 -0.000008 0.000000 0.000000 0.000000 -0.000001
    83 0.000000 0.000002 -0.000002 -1.570796 0.000000 0.000000
  time 88
    0 -4.977972 -16.733160 -4.183968 -1.596215 -0.000680 -1.572505
    1 -1.164186 -1.037202 0.029808 0.000000 0.000004 0.000000
    2 -1.940901 -1.361039 0.231380 0.000003 0.000007 -0.000014
    3 -4.549240 -1.689358 -0.012529 0.000000 0.000000 0.000000
    4 4.331499 0.360595 -0.709097 0.000015 0.000003 0.056022
    5 3.513922 0.962076 -0.004281 0.000004 -0.000001 1.176003
    6 2.855053 0.477292 0.679213 -0.000001 -0.000004 2.896619
    7 1.649902 5.878080 0.032496 -0.000003 0.000002 -1.570796
    8 6.587842 -0.691444 0.025964 -0.000001 -0.000001 1.570796
    9 0.000002 -0.241401 -0.052690 0.000001 0.000001 0.000000
    10 10.620066 1.884898 -0.004843 -1.570796 -0.000002 1.570796
    11 -9.087198 1.359573 -0.008167 -0.000003 0.000002 -1.570796
    12 -2.500177 -24.418684 -8.118495 3.082132 -0.025995 -2.103150
    13 1.473659 0.639418 -1.295234 2.246183 0.440257 0.736868
    14 1.832607 0.000002 -0.000008 3.092320 0.011130 0.145575
    15 1.003335 0.000005 0.000001 -3.043549 0.027310 -0.225170
    16 3.823895 -0.419603 -1.411520 0.229129 -0.129700 0.759577
    17 2.187956 0.000010 0.000000 -0.012082 -0.011908 1.896829
    18 1.100960 0.000002 0.000000 0.384821 -0.022973 0.395360
    19 3.987863 -0.577452 -0.474712 0.106909 -0.099139 0.745896
    20 1.890109 -0.000010 -0.000001 -0.024571 -0.089012 1.713897
    21 1.310925 0.000000 0.000000 0.487402 0.014826 0.431452
    22 4.117986 -0.654534 0.453695 0.083857 -0.114196 0.864680
    23 1.655294 0.000008 0.000000 -0.039785 0.033474 1.386062
    24 0.869582 0.000004 0.000000 0.072305 -0.050335 0.567074
    25 4.150630 -0.581594 1.354863 -0.339030 -0.077155 0.722463
    26 1.157247 -0.000010 -0.000002 -0.226722 -0.320708 1.453911
    27 1.019835 -0.000006 0.000000 -1.463105 -0.151684 0.429397
    28 7.406140 -6.039003 -8.901889 -1.642099 0.564231 -1.935597
    29 12.695427 -0.000020 -0.000008 -0.115083 0.278621 -1.207316
    30 -5.523704 -13.974916 -8.130213 3.045431 0.006906 -1.561460
    31 1.474215 -0.497926 -1.376118 0.979422 0.426184 -0.250703
    32 1.832179 -0.000010 -0.000002 -2.526087 -0.301597 0.609649
    33 1.042025 -0.000004 -0.000009 -2.896901 -0.278827 -0.192682
    34 3.823320 0.664865 -1.331676 0.244544 0.361997 0.003988
    35 2.152367 -0.000001 0.000004 0.123680 -0.231520 -0.430903
    36 1.056622 -0.000011 0.000000 0.258033 -0.115162 -0.370345
    37 3.985134 0.881805 -0.368986 0.128465 -0.008096 -0.090224
    38 1.830183 0.000015 0.000000 0.063856 -0.074037 -1.510027
    39 1.561352 0.000008 -0.000004 0.027622 -0.015767 -1.357316
    40 4.116518 0.711272 0.551869 0.187923 0.006580 -0.361666
    41 1.752727 0.000006 0.000000 0.026521 0.029537 -1.405331
    42 0.869359 -0.000006 0.000000 0.015642 -0.073475 -0.926076
    43 4.118826 0.331223 1.419829 0.128888 -0.005990 -0.280207
    44 1.176321 0.000006 0.000000 -0.027338 0.139049 -0.923484
    45 0.970199 -0.000002 -0.000004 1.655618 0.044631 -1.487290
    46 -7.606037 1.001330 -4.120493 -2.786322 1.007948 -2.143037
    47 12.706336 -0.000035 -0.000009 -0.293902 0.288381 -1.833561
    48 0.000000 0.000000 -0.000003 0.000000 0.000000 0.000000
    49 1.200000 0.000000 0.000010 0.000000 0.000000 0.000000
    50 0.000010 -0.300000 0.000000 3.141593 0.000000 -0.174533
    51 0.000000 -0.000001 0.000000 0.000000 0.000000 0.000000
    52 -0.000003 0.000000 0.000001 3.141592 0.000000 0.000000
    53 0.000006 0.000000 0.000004 0.000000 0.000000 0.349065
    54 0.000000 0.000000 0.000000 3.141593 0.000000 0.000000
    55 -0.000008 -0.000006 0.000000 3.141593 0.000000 0.000000
    56 0.000002 -0.000002 0.000000 3.141593 0.000000 0.000000
    57 0.000014 -0.000004 0.000000 3.141593 0.000000 0.000000
    58 -0.000001 0.000000 0.000000 3.141593 0.000000 -0.000001
    59 0.000000 0.000000 0.000000 3.141593 0.000000 0.000000
    60 0.000010 0.000017 0.000000 3.141593 0.000000 -0.000001
    61 0.000000 0.000004 0.000000 3.141593 0.000000 -0.000001
    62 0.000000 0.000006 0.000000 3.141593 0.000000 -0.000001
    63 0.000001 0.000002 0.000000 3.141593 0.000000 0.000000
    64 0.000000 0.000000 0.000000 -3.141592 0.000000 0.000000
    65 0.000000 0.000000 0.000000 -1.570797 -0.000001 0.000000
    66 0.000000 0.000000 0.000000 0.000000 0.000000 0.000000
    67 1.200000 0.000000 0.000000 0.000000 0.000000 0.000000
    68 0.000009 0.299994 0.000000 0.000000 0.000000 0.174533
    69 -0.000001 -0.000001 -0.000004 0.000000 0.000000 0.000000
    70 -0.000010 0.000000 -0.000003 -3.141592 0.000001 0.000000
    71 0.000000 0.000000 0.000000 0.000001 -0.000001 0.349065
    72 0.000000 -0.000003 0.000000 0.000000 0.000000 0.000000
    73 0.000003 0.000000 0.000000 0.000000 0.000000 0.000000
    74 -0.000010 -0.000006 0.000000 -0.000001 0.000000 0.000000
    75 0.000019 0.000002 0.000000 0.000000 0.000000 0.000000
    76 0.000001 0.000004 0.000000 0.000000 0.000000 -0.000001
    77 0.000000 0.000000 0.000000 0.000000 0.000000 -0.000001
    78 0.000001 -0.000002 0.000000 0.000000 0.000000 -0.000001
    79 0.000000 0.000000 0.000000 0.000000 0.000000 -0.000001
    80 0.000001 0.000008 0.000000 0.000000 0.000000 0.000000
    81 -0.000003 0.000004 0.000000 0.000000 0.000000 0.000000
    82 -0.000007 -0.000008 0.000000 0.000000 0.000000 -0.000001
    83 0.000000 0.000002 -0.000002 -1.570796 0.000000 0.000000
  time 89
    0 -4.942815 -16.686284 -4.230844 -1.603253 -0.000136 -1.571014
    1 -1.164186 -1.037202 0.029808 0.000000 0.000004 0.000000
    2 -1.940901 -1.361039 0.231380 0.000003 0.000007 -0.000014
    3 -4.549240 -1.689358 -0.012529 0.000000 0.000000 0.000000
    4 4.331499 0.360595 -0.709097 0.000015 0.000003 0.056022
    5 3.513922 0.962076 -0.004281 0.000004 -0.000001 1.176003
    6 2.855053 0.477292 0.679213 -0.000001 -0.000004 2.896619
    7 1.649902 5.878080 0.032496 -0.000003 0.000002 -1.570796
    8 6.587842 -0.691444 0.025964 -0.000001 -0.000001 1.570796
    9 0.000002 -0.241401 -0.052690 0.000001 0.000001 0.000000
    10 10.620066 1.884898 -0.004843 -1.570796 -0.000002 1.570796
    11 -9.087198 1.359573 -0.008167 -0.000003 0.000002 -1.570796
    12 -2.484552 -24.367901 -8.188809 3.075836 -0.029134 -2.101339
    13 1.473659 0.639418 -1.295234 2.246183 0.440257 0.736868
    14 1.832607 0.000002 -0.000008 3.092296 0.010770 0.140618
    15 1.003335 0.000005 0.000001 -3.043549 0.027310 -0.225170
    16 3.823895 -0.419603 -1.411520 0.229129 -0.129700 0.759577
    17 2.187956 0.000010 0.000000 -0.012082 -0.011908 1.896829
    18 1.100960 0.000002 0.000000 0.384821 -0.022925 0.395360
    19 3.987863 -0.577452 -0.474712 0.106909 -0.099139 0.745896
    20 1.890109 -0.000010 -0.000001 -0.024571 -0.089012 1.713779
    21 1.310925 0.000000 0.000000 0.487402 0.014826 0.431452
    22 4.117986 -0.654534 0.453695 0.083857 -0.114196 0.864680
    23 1.655294 0.000008 0.000000 -0.039797 0.033474 1.386062
    24 0.869582 0.000004 0.000000 0.072305 -0.050335 0.566938
    25 4.150630 -0.581594 1.354863 -0.339030 -0.077155 0.722463
    26 1.157247 -0.000010 -0.000002 -0.226722 -0.320708 1.453911
    27 1.019835 -0.000006 0.000000 -1.463105 -0.151684 0.429397
    28 7.406140 -6.039003 -8.901889 -1.640957 0.571127 -1.934676
    29 12.695427 -0.000020 -0.000008 -0.117299 0.279424 -1.214749
    30 -5.523704 -13.935853 -8.173183 3.038401 0.007441 -1.560608
    31 1.474215 -0.497926 -1.376118 0.979422 0.426184 -0.250703
    32 1.832179 -0.000010 -0.000002 -2.526087 -0.301597 0.609630
    33 1.042025 -0.000004 -0.000009 -2.896937 -0.278851 -0.192682
    34 3.823320 0.664865 -1.331676 0.244544 0.361997 0.003988
    35 2.152367 -0.000001 0.000004 0.123680 -0.231520 -0.430903
    36 1.056622 -0.000011 0.000000 0.258021 -0.115162 -0.370345
    37 3.985134 0.881805 -0.368986 0.128465 -0.008096 -0.090224
    38 1.830183 0.000015 0.000000 0.063856 -0.074037 -1.510027
    39 1.561352 0.000008 -0.000004 0.027622 -0.015767 -1.357316
    40 4.116518 0.711272 0.551869 0.187923 0.006580 -0.361666
    41 1.752727 0.000006 0.000000 0.026521 0.029537 -1.405331
    42 0.869359 -0.000006 0.000000 0.015642 -0.073475 -0.926076
    43 4.118826 0.331223 1.419829 0.128888 -0.005990 -0.280207
    44 1.176321 0.000006 0.000000 -0.027338 0.139049 -0.923484
    45 0.970199 -0.000002 -0.000004 1.655618 0.044631 -1.487290
    46 -7.606037 1.001330 -4.120493 -2.803873 1.006313 -2.156220
    47 12.706336 -0.000035 -0.000009 -0.294761 0.288201 -1.837130
    48 0.000000 0.000000 -0.000003 0.000000 0.000000 0.000000
    49 1.200000 0.000000 0.000010 0.000000 0.000000 0.000000
    50 0.000010 -0.300000 0.000000 3.141593 0.000000 -0.174533
    51 0.000000 -0.000001 0.000000 0.000000 0.000000 0.000000
    52 -0.000003 0.000000 0.000001 3.141592 0.000000 0.000000
    53 0.000006 0.000000 0.000004 0.000000 0.000000 0.349065
    54 0.000000 0.000000 0.000000 3.141593 0.000000 0.000000
    55 -0.000008 -0.000006 0.000000 3.141593 0.000000 0.000000
    56 0.000002 -0.000002 0.000000 3.141593 0.000000 0.000000
    57 0.000014 -0.000004 0.000000 3.141593 0.000000 0.000000
    58 -0.000001 0.000000 0.000000 3.141593 0.000000 -0.000001
    59 0.000000 0.000000 0.000000 3.141593 0.000000 0.000000
    60 0.000010 0.000017 0.000000 3.141593 0.000000 -0.000001
    61 0.000000 0.000004 0.000000 3.141593 0.000000 -0.000001
    62 0.000000 0.000006 0.000000 3.141593 0.000000 -0.000001
    63 0.000001 0.000002 0.000000 3.141593 0.000000 0.000000
    64 0.000000 0.000000 0.000000 -3.141592 0.000000 0.000000
    65 0.000000 0.000000 0.000000 -1.570797 -0.000001 0.000000
    66 0.000000 0.000000 0.000000 0.000000 0.000000 0.000000
    67 1.200000 0.000000 0.000000 0.000000 0.000000 0.000000
    68 0.000009 0.299994 0.000000 0.000000 0.000000 0.174533
    69 -0.000001 -0.000001 -0.000004 0.000000 0.000000 0.000000
    70 -0.000010 0.000000 -0.000003 -3.141592 0.000001 0.000000
    71 0.000000 0.000000 0.000000 0.000001 -0.000001 0.349065
    72 0.000000 -0.000003 0.000000 0.000000 0.000000 0.000000
    73 0.000003 0.000000 0.000000 0.000000 0.000000 0.000000
    74 -0.000010 -0.000006 0.000000 -0.000001 0.000000 0.000000
    75 0.000019 0.000002 0.000000 0.000000 0.000000 0.000000
    76 0.000001 0.000004 0.000000 0.000000 0.000000 -0.000001
    77 0.000000 0.000000 0.000000 0.000000 0.000000 -0.000001
    78 0.000001 -0.000002 0.000000 0.000000 0.000000 -0.000001
    79 0.000000 0.000000 0.000000 0.000000 0.000000 -0.000001
    80 0.000001 0.000008 0.000000 0.000000 0.000000 0.000000
    81 -0.000003 0.000004 0.000000 0.000000 0.000000 0.000000
    82 -0.000007 -0.000008 0.000000 0.000000 0.000000 -0.000001
    83 0.000000 0.000002 -0.000002 -1.570796 0.000000 0.000000
  time 90
    0 -4.935002 -16.674564 -4.246470 -1.605629 0.000000 -1.570801
    1 -1.164186 -1.041108 0.033714 0.000000 0.000004 0.000000
    2 -1.940901 -1.361039 0.235287 0.000003 0.000007 -0.000014
    3 -4.549240 -1.689358 -0.012529 0.000000 0.000000 0.000000
    4 4.331499 0.360595 -0.709097 0.000015 0.000003 0.056022
    5 3.513922 0.962076 -0.004281 0.000004 -0.000001 1.176003
    6 2.855053 0.477292 0.679213 -0.000001 -0.000004 2.896619
    7 1.649902 5.878080 0.032496 -0.000003 0.000002 -1.570796
    8 6.587842 -0.691444 0.025964 -0.000001 -0.000001 1.570796
    9 0.000002 -0.241401 -0.052690 0.000001 0.000001 0.000000
    10 10.620066 1.884898 -0.004843 -1.570796 -0.000002 1.570796
    11 -9.087198 1.359573 -0.008167 -0.000003 0.000002 -1.570796
    12 -2.480645 -24.352275 -8.212248 3.073372 -0.030059 -2.101122
    13 1.473659 0.639418 -1.295234 2.246183 0.440257 0.736868
    14 1.832607 0.000002 -0.000008 3.092296 0.010674 0.138955
    15 1.003335 0.000005 0.000001 -3.043549 0.027310 -0.225170
    16 3.823895 -0.419603 -1.411520 0.229129 -0.129700 0.759577
    17 2.187956 0.000010 0.000000 -0.012082 -0.011908 1.896829
    18 1.100960 0.000002 0.000000 0.384821 -0.022925 0.395360
    19 3.987863 -0.577452 -0.474712 0.106909 -0.099139 0.745896
    20 1.890109 -0.000010 -0.000001 -0.024571 -0.089012 1.713779
    21 1.310925 0.000000 0.000000 0.487416 0.014826 0.431452
    22 4.117986 -0.654534 0.453695 0.083857 -0.114196 0.864680
    23 1.655294 0.000008 0.000000 -0.039797 0.033474 1.386062
    24 0.869582 0.000004 0.000000 0.072305 -0.050347 0.567074
    25 4.150630 -0.581594 1.354863 -0.339030 -0.077155 0.722463
    26 1.157247 -0.000010 -0.000002 -0.226722 -0.320708 1.453911
    27 1.019835 -0.000006 0.000000 -1.463105 -0.151684 0.429397
    28 7.406140 -6.039003 -8.901889 -1.640481 0.573412 -1.934215
    29 12.695427 -0.000020 -0.000008 -0.117920 0.279676 -1.217359
    30 -5.519798 -13.920227 -8.188808 3.035983 0.007670 -1.559826
    31 1.474215 -0.497926 -1.376118 0.979422 0.426184 -0.250703
    32 1.832179 -0.000010 -0.000002 -2.526087 -0.301597 0.609649
    33 1.042025 -0.000004 -0.000009 -2.896973 -0.278863 -0.192682
    34 3.823320 0.664865 -1.331676 0.244544 0.361997 0.003988
    35 2.152367 -0.000001 0.000004 0.123680 -0.231520 -0.430903
    36 1.056622 -0.000011 0.000000 0.257997 -0.115162 -0.370345
    37 3.985134 0.881805 -0.368986 0.128465 -0.008096 -0.090224
    38 1.830183 0.000015 0.000000 0.063856 -0.074037 -1.510027
    39 1.561352 0.000008 -0.000004 0.027622 -0.015767 -1.357217
    40 4.116518 0.711272 0.551869 0.187923 0.006580 -0.361666
    41 1.752727 0.000006 0.000000 0.026521 0.029537 -1.405331
    42 0.869359 -0.000006 0.000000 0.015642 -0.073475 -0.926076
    43 4.118826 0.331223 1.419829 0.128888 -0.005990 -0.280207
    44 1.176321 0.000006 0.000000 -0.027338 0.139049 -0.923507
    45 0.970199 -0.000002 -0.000004 1.655618 0.044631 -1.487290
    46 -7.606037 1.001330 -4.120493 -2.810117 1.005612 -2.160531
    47 12.706336 -0.000035 -0.000009 -0.295204 0.288129 -1.838176
    48 0.000000 0.000000 -0.000003 0.000000 0.000000 0.000000
    49 1.200000 0.000000 0.000010 0.000000 0.000000 0.000000
    50 0.000010 -0.300000 0.000000 3.141593 0.000000 -0.174533
    51 0.000000 -0.000001 0.000000 0.000000 0.000000 0.000000
    52 -0.000003 0.000000 0.000001 3.141592 0.000000 0.000000
    53 0.000006 0.000000 0.000004 0.000000 0.000000 0.349065
    54 0.000000 0.000000 0.000000 3.141593 0.000000 0.000000
    55 -0.000008 -0.000006 0.000000 3.141593 0.000000 0.000000
    56 0.000002 -0.000002 0.000000 3.141593 0.000000 0.000000
    57 0.000014 -0.000004 0.000000 3.141593 0.000000 0.000000
    58 -0.000001 0.000000 0.000000 3.141593 0.000000 -0.000001
    59 0.000000 0.000000 0.000000 3.141593 0.000000 0.000000
    60 0.000010 0.000017 0.000000 3.141593 0.000000 -0.000001
    61 0.000000 0.000004 0.000000 3.141593 0.000000 -0.000001
    62 0.000000 0.000006 0.000000 3.141593 0.000000 -0.000001
    63 0.000001 0.000002 0.000000 3.141593 0.000000 0.000000
    64 0.000000 0.000000 0.000000 -3.141592 0.000000 0.000000
    65 0.000000 0.000000 0.000000 -1.570797 -0.000001 0.000000
    66 0.000000 0.000000 0.000000 0.000000 0.000000 0.000000
    67 1.200000 0.000000 0.000000 0.000000 0.000000 0.000000
    68 0.000009 0.299994 0.000000 0.000000 0.000000 0.174533
    69 -0.000001 -0.000001 -0.000004 0.000000 0.000000 0.000000
    70 -0.000010 0.000000 -0.000003 -3.141592 0.000001 0.000000
    71 0.000000 0.000000 0.000000 0.000001 -0.000001 0.349065
    72 0.000000 -0.000003 0.000000 0.000000 0.000000 0.000000
    73 0.000003 0.000000 0.000000 0.000000 0.000000 0.000000
    74 -0.000010 -0.000006 0.000000 -0.000001 0.000000 0.000000
    75 0.000019 0.000002 0.000000 0.000000 0.000000 0.000000
    76 0.000001 0.000004 0.000000 0.000000 0.000000 -0.000001
    77 0.000000 0.000000 0.000000 0.000000 0.000000 -0.000001
    78 0.000001 -0.000002 0.000000 0.000000 0.000000 -0.000001
    79 0.000000 0.000000 0.000000 0.000000 0.000000 -0.000001
    80 0.000001 0.000008 0.000000 0.000000 0.000000 0.000000
    81 -0.000003 0.000004 0.000000 0.000000 0.000000 0.000000
    82 -0.000007 -0.000008 0.000000 0.000000 0.000000 -0.000001
    83 0.000000 0.000002 -0.000002 -1.570796 0.000000 0.000000
end
