version 1
nodes
  0 "ar2_weapon" -1
  1 "ar2_mag" 0
  2 "ar2_big_hammer" 0
  3 "ar2_vent" 0
  4 "ar2_arm1" 0
  5 "ar2_arm1_tip" 4
  6 "ar2_arm2" 0
  7 "ar2_arm2_tip" 6
  8 "ar2_mag_loader2" -1
  9 "ar2_mag_loader1" 8
  10 "l_wrist" -1
  11 "l_thumb_low" 10
  12 "l_thumb_mid" 11
  13 "l_thumb_tip" 12
  14 "l_index_low" 10
  15 "l_index_mid" 14
  16 "l_index_tip" 15
  17 "l_middle_low" 10
  18 "l_middle_mid" 17
  19 "l_middle_tip" 18
  20 "l_ring_low" 10
  21 "l_ring_mid" 20
  22 "l_ring_tip" 21
  23 "l_pinky_low" 10
  24 "l_pinky_mid" 23
  25 "l_pinky_tip" 24
  26 "l_upperarm" -1
  27 "l_forearm" 26
  28 "r_wrist" -1
  29 "r_thumb_low" 28
  30 "r_thumb_mid" 29
  31 "r_thumb_tip" 30
  32 "r_index_low" 28
  33 "r_index_mid" 32
  34 "r_index_tip" 33
  35 "r_middle_low" 28
  36 "r_middle_mid" 35
  37 "r_middle_tip" 36
  38 "r_ring_low" 28
  39 "r_ring_mid" 38
  40 "r_ring_tip" 39
  41 "r_pinky_low" 28
  42 "r_pinky_mid" 41
  43 "r_pinky_tip" 42
  44 "r_upperarm" -1
  45 "r_forearm" 44
  46 "ar2_core" 0
  47 "ar2_mag_core" 9
  48 "ValveBiped.Bip01_L_UpperArm" 26
  49 "ValveBiped.Bip01_L_Forearm" 27
  50 "ValveBiped.Bip01_L_Hand" 10
  51 "ValveBiped.Bip01_L_Finger0" 11
  52 "ValveBiped.Bip01_L_Finger01" 12
  53 "ValveBiped.Bip01_L_Finger02" 13
  54 "ValveBiped.Bip01_L_Finger1" 14
  55 "ValveBiped.Bip01_L_Finger11" 15
  56 "ValveBiped.Bip01_L_Finger12" 16
  57 "ValveBiped.Bip01_L_Finger2" 17
  58 "ValveBiped.Bip01_L_Finger21" 18
  59 "ValveBiped.Bip01_L_Finger22" 19
  60 "ValveBiped.Bip01_L_Finger3" 20
  61 "ValveBiped.Bip01_L_Finger31" 21
  62 "ValveBiped.Bip01_L_Finger32" 22
  63 "ValveBiped.Bip01_L_Finger4" 23
  64 "ValveBiped.Bip01_L_Finger41" 24
  65 "ValveBiped.Bip01_L_Finger42" 25
  66 "ValveBiped.Bip01_R_UpperArm" 44
  67 "ValveBiped.Bip01_R_Forearm" 45
  68 "ValveBiped.Bip01_R_Hand" 28
  69 "ValveBiped.Bip01_R_Finger0" 29
  70 "ValveBiped.Bip01_R_Finger01" 30
  71 "ValveBiped.Bip01_R_Finger02" 31
  72 "ValveBiped.Bip01_R_Finger1" 32
  73 "ValveBiped.Bip01_R_Finger11" 33
  74 "ValveBiped.Bip01_R_Finger12" 34
  75 "ValveBiped.Bip01_R_Finger2" 35
  76 "ValveBiped.Bip01_R_Finger21" 36
  77 "ValveBiped.Bip01_R_Finger22" 37
  78 "ValveBiped.Bip01_R_Finger3" 38
  79 "ValveBiped.Bip01_R_Finger31" 39
  80 "ValveBiped.Bip01_R_Finger32" 40
  81 "ValveBiped.Bip01_R_Finger4" 41
  82 "ValveBiped.Bip01_R_Finger41" 42
  83 "ValveBiped.Bip01_R_Finger42" 43
end
skeleton
  time 0
    0 -5.291042 -15.204148 -6.282182 -1.570796 0.000000 -1.571343
    1 9.243773 6.139962 1.326173 -0.000001 0.000001 -1.570796
    2 3.473480 -1.240687 -0.005672 -0.000002 -0.000003 0.000000
    3 17.667921 -1.384574 1.233112 0.000000 -0.000003 -3.141592
    4 13.081079 -1.084008 0.792839 1.570797 -0.879478 -3.141593
    5 0.758741 0.000010 -0.000001 -1.570796 0.000000 -1.124720
    6 12.977262 -1.858502 0.676013 0.518314 -0.428322 -2.516407
    7 0.562688 -0.000006 -0.000004 -0.013014 -0.008068 -0.959463
    8 -3.724866 -24.428194 -8.036573 -3.141592 -1.063636 -0.000219
    9 2.341381 0.000021 0.000003 1.570798 1.242323 0.000002
    10 1.109308 -20.508408 -10.395908 3.064408 0.011835 -1.681336
    11 1.473635 0.639422 -1.295233 1.873686 0.766133 0.333033
    12 1.832607 -0.000004 0.000007 3.136615 0.004775 0.847592
    13 1.003331 0.000000 0.000000 -3.097011 0.121045 0.034122
    14 3.823887 -0.419591 -1.411516 0.069820 0.155302 0.207668
    15 2.187963 0.000000 0.000000 -0.165860 -0.079982 1.419145
    16 1.100958 -0.000014 0.000000 0.087789 -0.052675 -0.184191
    17 3.987879 -0.577435 -0.474708 0.200599 0.169222 0.195927
    18 1.890100 -0.000008 0.000000 -0.153902 -0.042688 1.467060
    19 1.310926 0.000015 0.000000 -0.029730 0.074269 -0.259831
    20 4.117973 -0.654501 0.453699 0.085604 0.094078 0.260901
    21 1.655293 0.000002 0.000000 -0.029296 -0.049149 1.283708
    22 0.869586 0.000011 0.000000 0.062963 -0.019305 0.011264
    23 4.150639 -0.581580 1.354867 -0.178487 0.129533 0.002321
    24 1.157248 -0.000013 -0.000002 0.194855 -0.267812 1.185099
    25 1.019835 0.000002 0.000002 -1.675130 0.086219 0.371305
    26 3.429456 -5.007721 -5.116617 -1.564192 1.181161 -1.475001
    27 12.695436 0.000001 0.000018 -0.267931 0.293050 -1.737103
    28 -5.879184 -10.392776 -9.813858 3.070817 0.007286 -1.559548
    29 1.474217 -0.497913 -1.376119 1.283294 0.486350 -0.349537
    30 1.832175 -0.000001 0.000001 -2.584557 -0.154226 0.716821
    31 1.042012 0.000000 -0.000006 -2.947027 -0.173385 -0.033771
    32 3.823319 0.664870 -1.331676 0.113609 0.291967 -0.310053
    33 2.152367 0.000010 0.000000 0.048427 -0.257689 -0.122177
    34 1.056626 -0.000010 0.000000 0.273385 -0.069605 -0.538064
    35 3.985126 0.881823 -0.368987 0.187084 0.205031 -0.528366
    36 1.830173 0.000000 0.000000 0.309987 -0.029019 -1.518072
    37 1.561352 0.000013 0.000000 0.027387 0.000717 -1.353498
    38 4.116548 0.711289 0.551868 0.372897 0.175497 -0.950866
    39 1.752729 -0.000006 0.000000 0.065686 0.077341 -1.199521
    40 0.869356 0.000002 0.000000 0.010534 -0.055976 -0.881550
    41 4.118825 0.331244 1.419828 0.091710 0.246073 -1.081329
    42 1.176325 -0.000002 0.000000 0.019561 0.360394 -0.780529
    43 0.970213 0.000000 0.000000 1.685136 0.078242 -1.123257
    44 -9.258431 -0.998731 -5.116617 -3.505837 1.484408 -2.821946
    45 12.706341 0.000001 0.000000 -0.407821 0.230831 -2.270576
    46 11.809021 -1.206475 0.191726 -0.000002 -0.000003 0.000000
    47 0.598399 -0.643255 -0.162013 0.000000 -1.570796 -0.835635
    48 0.000010 0.000000 0.000011 0.000000 0.000000 0.000000
    49 1.200000 0.000000 0.000000 0.000000 0.000000 0.000000
    50 0.000010 -0.300000 0.000000 -3.141593 0.000000 -0.174533
    51 0.000000 -0.000001 0.000003 0.000001 -0.000001 0.000000
    52 0.000002 0.000000 -0.000002 -3.141593 0.000001 0.000000
    53 0.000002 0.000000 0.000002 0.000000 0.000000 0.349066
    54 0.000000 0.000000 0.000000 -3.141593 0.000000 0.000000
    55 0.000002 -0.000002 0.000000 -3.141593 0.000000 -0.000001
    56 0.000007 0.000004 0.000000 -3.141593 0.000000 -0.000001
    57 0.000001 -0.000004 0.000000 -3.141593 0.000000 0.000000
    58 0.000002 0.000010 0.000000 -3.141593 0.000000 0.000000
    59 0.000000 0.000000 0.000000 -3.141593 0.000000 0.000000
    60 -0.000001 -0.000004 0.000000 -3.141593 0.000000 0.000000
    61 0.000000 -0.000004 0.000000 -3.141593 0.000000 0.000000
    62 0.000001 -0.000002 0.000000 -3.141593 0.000000 0.000001
    63 0.000001 -0.000002 0.000000 3.141592 0.000000 -0.000001
    64 0.000000 0.000000 0.000000 -3.141593 0.000000 0.000000
    65 0.000000 0.000000 0.000000 -1.570797 -0.000001 0.000000
    66 0.000000 0.000000 0.000000 0.000000 0.000000 0.000000
    67 1.200001 0.000000 0.000000 0.000000 0.000000 0.000000
    68 0.000000 0.300000 0.000000 0.000000 0.000000 0.174533
    69 0.000000 0.000000 -0.000001 0.000000 0.000000 0.000000
    70 0.000000 0.000000 -0.000001 -3.141593 0.000000 0.000000
    71 0.000000 0.000000 0.000000 0.000001 0.000000 0.349065
    72 -0.000004 0.000003 0.000000 0.000000 0.000000 0.000000
    73 0.000009 -0.000006 0.000000 0.000000 0.000000 -0.000001
    74 0.000000 -0.000002 -0.000001 0.000000 -0.000001 -0.000001
    75 0.000000 0.000000 0.000000 0.000000 0.000000 0.000000
    76 0.000000 0.000000 0.000000 0.000000 0.000000 0.000001
    77 0.000000 0.000002 0.000000 0.000000 0.000000 0.000000
    78 -0.000007 -0.000013 0.000000 0.000000 0.000000 0.000001
    79 0.000000 0.000000 0.000000 0.000000 0.000000 0.000000
    80 0.000000 0.000000 0.000000 0.000000 0.000000 0.000000
    81 0.000000 0.000000 0.000000 0.000000 0.000000 0.000000
    82 0.000000 0.000000 0.000000 0.000000 0.000000 0.000000
    83 0.000000 0.000000 0.000004 -1.570797 0.000001 0.000000
  time 1
    0 -5.283230 -15.262744 -6.321246 -1.560493 -0.002850 -1.570583
    1 9.243773 6.139962 1.326173 -0.000001 0.000001 -1.570796
    2 3.352382 -1.240687 -0.005672 -0.000002 -0.000003 0.000000
    3 17.667921 -1.384574 1.233112 0.000000 -0.000003 -3.141592
    4 13.081079 -1.084008 0.792839 1.570797 -0.879478 -3.141593
    5 0.758741 0.000010 -0.000001 -1.570796 0.000000 -1.124720
    6 12.977262 -1.858502 0.676013 0.518314 -0.428322 -2.516407
    7 0.562688 -0.000006 -0.000004 -0.013014 -0.008068 -0.959463
    8 -3.693615 -24.490696 -8.036573 -3.147521 -1.073932 0.005899
    9 2.341381 0.000021 0.000003 1.570798 1.242323 0.000002
    10 1.163997 -20.570910 -10.349032 3.068970 0.010129 -1.680441
    11 1.473635 0.639422 -1.295233 1.875493 0.768314 0.335145
    12 1.832607 -0.000004 0.000007 3.137215 0.005327 0.830526
    13 1.003331 0.000000 0.000000 -3.099168 0.121860 0.016024
    14 3.823887 -0.419591 -1.411516 0.069820 0.155302 0.207668
    15 2.187963 0.000000 0.000000 -0.165860 -0.079982 1.419145
    16 1.100958 -0.000014 0.000000 0.087789 -0.052675 -0.184191
    17 3.987879 -0.577435 -0.474708 0.200599 0.169222 0.195927
    18 1.890100 -0.000008 0.000000 -0.153902 -0.042688 1.467060
    19 1.310926 0.000015 0.000000 -0.029730 0.074269 -0.259831
    20 4.117973 -0.654501 0.453699 0.085604 0.094078 0.260901
    21 1.655293 0.000002 0.000000 -0.029296 -0.049149 1.283708
    22 0.869586 0.000011 0.000000 0.062963 -0.019305 0.011264
    23 4.150639 -0.581580 1.354867 -0.178487 0.129533 0.002321
    24 1.157248 -0.000013 -0.000002 0.194855 -0.267812 1.185099
    25 1.019835 0.000002 0.000002 -1.675130 0.086219 0.371305
    26 3.429456 -5.007721 -5.116617 -1.570161 1.176111 -1.476554
    27 12.695436 0.000001 0.000018 -0.266656 0.293241 -1.732823
    28 -5.840120 -10.455278 -9.876360 3.081087 0.004307 -1.558661
    29 1.474217 -0.497913 -1.376119 1.283294 0.486350 -0.349537
    30 1.832175 -0.000001 0.000001 -2.584557 -0.154226 0.716821
    31 1.042012 0.000000 -0.000006 -2.947027 -0.173385 -0.033771
    32 3.823319 0.664870 -1.331676 0.113609 0.291967 -0.310053
    33 2.152367 0.000010 0.000000 0.048427 -0.257689 -0.122177
    34 1.056626 -0.000010 0.000000 0.273385 -0.069605 -0.538064
    35 3.985126 0.881823 -0.368987 0.187084 0.205031 -0.528366
    36 1.830173 0.000000 0.000000 0.309987 -0.029019 -1.518072
    37 1.561352 0.000013 0.000000 0.027387 0.000717 -1.353498
    38 4.116548 0.711289 0.551868 0.372897 0.175497 -0.950866
    39 1.752729 -0.000006 0.000000 0.065686 0.077341 -1.199521
    40 0.869356 0.000002 0.000000 0.010534 -0.055976 -0.881550
    41 4.118825 0.331244 1.419828 0.091710 0.246073 -1.081329
    42 1.176325 -0.000002 0.000000 0.019561 0.360394 -0.780529
    43 0.970213 0.000000 0.000000 1.685136 0.078242 -1.123257
    44 -9.258431 -0.998731 -5.116617 -3.479407 1.490244 -2.796833
    45 12.706341 0.000001 0.000000 -0.405905 0.232389 -2.262188
    46 11.809021 -1.206475 0.191726 -0.000002 -0.000003 0.000000
    47 0.598399 -0.643255 -0.162013 0.000000 -1.570796 -0.835635
    48 0.000010 0.000000 0.000011 0.000000 0.000000 0.000000
    49 1.200000 0.000000 0.000000 0.000000 0.000000 0.000000
    50 0.000010 -0.300000 0.000000 -3.141593 0.000000 -0.174533
    51 0.000000 -0.000001 0.000003 0.000001 -0.000001 0.000000
    52 0.000002 0.000000 -0.000002 -3.141593 0.000001 0.000000
    53 0.000002 0.000000 0.000002 0.000000 0.000000 0.349066
    54 0.000000 0.000000 0.000000 -3.141593 0.000000 0.000000
    55 0.000002 -0.000002 0.000000 -3.141593 0.000000 -0.000001
    56 0.000007 0.000004 0.000000 -3.141593 0.000000 -0.000001
    57 0.000001 -0.000004 0.000000 -3.141593 0.000000 0.000000
    58 0.000002 0.000010 0.000000 -3.141593 0.000000 0.000000
    59 0.000000 0.000000 0.000000 -3.141593 0.000000 0.000000
    60 -0.000001 -0.000004 0.000000 -3.141593 0.000000 0.000000
    61 0.000000 -0.000004 0.000000 -3.141593 0.000000 0.000000
    62 0.000001 -0.000002 0.000000 -3.141593 0.000000 0.000001
    63 0.000001 -0.000002 0.000000 3.141592 0.000000 -0.000001
    64 0.000000 0.000000 0.000000 -3.141593 0.000000 0.000000
    65 0.000000 0.000000 0.000000 -1.570797 -0.000001 0.000000
    66 0.000000 0.000000 0.000000 0.000000 0.000000 0.000000
    67 1.200001 0.000000 0.000000 0.000000 0.000000 0.000000
    68 0.000000 0.300000 0.000000 0.000000 0.000000 0.174533
    69 0.000000 0.000000 -0.000001 0.000000 0.000000 0.000000
    70 0.000000 0.000000 -0.000001 -3.141593 0.000000 0.000000
    71 0.000000 0.000000 0.000000 0.000001 0.000000 0.349065
    72 -0.000004 0.000003 0.000000 0.000000 0.000000 0.000000
    73 0.000009 -0.000006 0.000000 0.000000 0.000000 -0.000001
    74 0.000000 -0.000002 -0.000001 0.000000 -0.000001 -0.000001
    75 0.000000 0.000000 0.000000 0.000000 0.000000 0.000000
    76 0.000000 0.000000 0.000000 0.000000 0.000000 0.000001
    77 0.000000 0.000002 0.000000 0.000000 0.000000 0.000000
    78 -0.000007 -0.000013 0.000000 0.000000 0.000000 0.000001
    79 0.000000 0.000000 0.000000 0.000000 0.000000 0.000000
    80 0.000000 0.000000 0.000000 0.000000 0.000000 0.000000
    81 0.000000 0.000000 0.000000 0.000000 0.000000 0.000000
    82 0.000000 0.000000 0.000000 0.000000 0.000000 0.000000
    83 0.000000 0.000000 0.000004 -1.570797 0.000001 0.000000
  time 2
    0 -5.275417 -15.426811 -6.469688 -1.531452 -0.010959 -1.567924
    1 9.243773 6.139962 1.326173 -0.000001 0.000001 -1.570796
    2 2.836742 -1.240687 -0.005672 -0.000002 -0.000003 0.000000
    3 17.667921 -1.384574 1.233112 0.000000 -0.000003 -3.141592
    4 13.081079 -1.084008 0.792839 1.570797 -0.879478 -3.141593
    5 0.758741 0.000010 -0.000001 -1.570796 0.000000 -1.124720
    6 12.977262 -1.858502 0.676013 0.518314 -0.428322 -2.516407
    7 0.562688 -0.000006 -0.000004 -0.013014 -0.008068 -0.959463
    8 -3.607675 -24.662576 -8.067824 -3.165881 -1.102843 0.024818
    9 2.341381 0.000021 0.000003 1.570798 1.242323 0.000002
    10 1.324158 -20.754509 -10.266998 3.079815 0.005270 -1.677399
    11 1.473635 0.639422 -1.295233 1.881357 0.774546 0.341972
    12 1.832607 -0.000004 0.000007 3.138892 0.007220 0.779050
    13 1.003331 0.000000 0.000000 -3.105628 0.123849 -0.036781
    14 3.823887 -0.419591 -1.411516 0.069808 0.155302 0.207668
    15 2.187963 0.000000 0.000000 -0.165860 -0.079982 1.419145
    16 1.100958 -0.000014 0.000000 0.087789 -0.052675 -0.184191
    17 3.987879 -0.577435 -0.474708 0.200599 0.169210 0.195927
    18 1.890100 -0.000008 0.000000 -0.153902 -0.042688 1.467060
    19 1.310926 0.000015 0.000000 -0.029730 0.074269 -0.259831
    20 4.117973 -0.654501 0.453699 0.085604 0.094078 0.260901
    21 1.655293 0.000002 0.000000 -0.029296 -0.049149 1.283708
    22 0.869586 0.000011 0.000000 0.062963 -0.019305 0.011264
    23 4.150639 -0.581580 1.354867 -0.178487 0.129533 0.002321
    24 1.157248 -0.000013 -0.000002 0.194855 -0.267812 1.185099
    25 1.019835 0.000002 0.000002 -1.675130 0.086219 0.371305
    26 3.429456 -5.007721 -5.116617 -1.585680 1.163032 -1.479386
    27 12.695436 0.000001 0.000018 -0.262859 0.293829 -1.719916
    28 -5.734648 -10.654503 -10.075585 3.110014 -0.004154 -1.555999
    29 1.474217 -0.497913 -1.376119 1.283294 0.486350 -0.349537
    30 1.832175 -0.000001 0.000001 -2.584557 -0.154226 0.716821
    31 1.042012 0.000000 -0.000006 -2.947027 -0.173385 -0.033771
    32 3.823319 0.664870 -1.331676 0.113609 0.291967 -0.310053
    33 2.152367 0.000010 0.000000 0.048427 -0.257689 -0.122177
    34 1.056626 -0.000010 0.000000 0.273385 -0.069605 -0.538064
    35 3.985126 0.881823 -0.368987 0.187084 0.205031 -0.528366
    36 1.830173 0.000000 0.000000 0.309987 -0.029019 -1.518072
    37 1.561352 0.000013 0.000000 0.027387 0.000717 -1.353498
    38 4.116548 0.711289 0.551868 0.372897 0.175497 -0.950866
    39 1.752729 -0.000006 0.000000 0.065686 0.077341 -1.199521
    40 0.869356 0.000002 0.000000 0.010534 -0.055976 -0.881550
    41 4.118825 0.331244 1.419828 0.091710 0.246073 -1.081329
    42 1.176325 -0.000002 0.000000 0.019561 0.360394 -0.780529
    43 0.970213 0.000000 0.000000 1.685136 0.078242 -1.123240
    44 -9.258431 -0.998731 -5.116617 -3.401169 1.506078 -2.721937
    45 12.706341 0.000001 0.000000 -0.400125 0.236979 -2.237328
    46 11.809021 -1.206475 0.191726 -0.000002 -0.000003 0.000000
    47 0.598399 -0.643255 -0.162013 0.000000 -1.570796 -0.835635
    48 0.000010 0.000000 0.000011 0.000000 0.000000 0.000000
    49 1.200000 0.000000 0.000000 0.000000 0.000000 0.000000
    50 0.000010 -0.300000 0.000000 -3.141593 0.000000 -0.174533
    51 0.000000 -0.000001 0.000003 0.000001 -0.000001 0.000000
    52 0.000002 0.000000 -0.000002 -3.141593 0.000001 0.000000
    53 0.000002 0.000000 0.000002 0.000000 0.000000 0.349066
    54 0.000000 0.000000 0.000000 -3.141593 0.000000 0.000000
    55 0.000002 -0.000002 0.000000 -3.141593 0.000000 -0.000001
    56 0.000007 0.000004 0.000000 -3.141593 0.000000 -0.000001
    57 0.000001 -0.000004 0.000000 -3.141593 0.000000 0.000000
    58 0.000002 0.000010 0.000000 -3.141593 0.000000 0.000000
    59 0.000000 0.000000 0.000000 -3.141593 0.000000 0.000000
    60 -0.000001 -0.000004 0.000000 -3.141593 0.000000 0.000000
    61 0.000000 -0.000004 0.000000 -3.141593 0.000000 0.000000
    62 0.000001 -0.000002 0.000000 -3.141593 0.000000 0.000001
    63 0.000001 -0.000002 0.000000 3.141592 0.000000 -0.000001
    64 0.000000 0.000000 0.000000 -3.141593 0.000000 0.000000
    65 0.000000 0.000000 0.000000 -1.570797 -0.000001 0.000000
    66 0.000000 0.000000 0.000000 0.000000 0.000000 0.000000
    67 1.200001 0.000000 0.000000 0.000000 0.000000 0.000000
    68 0.000000 0.300000 0.000000 0.000000 0.000000 0.174533
    69 0.000000 0.000000 -0.000001 0.000000 0.000000 0.000000
    70 0.000000 0.000000 -0.000001 -3.141593 0.000000 0.000000
    71 0.000000 0.000000 0.000000 0.000001 0.000000 0.349065
    72 -0.000004 0.000003 0.000000 0.000000 0.000000 0.000000
    73 0.000009 -0.000006 0.000000 0.000000 0.000000 -0.000001
    74 0.000000 -0.000002 -0.000001 0.000000 -0.000001 -0.000001
    75 0.000000 0.000000 0.000000 0.000000 0.000000 0.000000
    76 0.000000 0.000000 0.000000 0.000000 0.000000 0.000001
    77 0.000000 0.000002 0.000000 0.000000 0.000000 0.000000
    78 -0.000007 -0.000013 0.000000 0.000000 0.000000 0.000001
    79 0.000000 0.000000 0.000000 0.000000 0.000000 0.000000
    80 0.000000 0.000000 0.000000 0.000000 0.000000 0.000000
    81 0.000000 0.000000 0.000000 0.000000 0.000000 0.000000
    82 0.000000 0.000000 0.000000 0.000000 0.000000 0.000000
    83 0.000000 0.000000 0.000004 -1.570797 0.000001 0.000000
  time 3
    0 -5.275417 -15.637755 -6.727508 -1.494171 -0.021619 -1.563618
    1 9.243773 6.139962 1.326173 -0.000001 0.000001 -1.570796
    2 2.176565 -1.240687 -0.005672 -0.000002 -0.000003 0.000000
    3 17.667921 -1.384574 1.233112 0.000000 -0.000003 -3.141592
    4 13.081079 -1.084008 0.792839 1.570797 -0.879478 -3.141593
    5 0.758741 0.000010 -0.000001 -1.570796 0.000000 -1.124720
    6 12.977262 -1.858502 0.676013 0.518314 -0.428322 -2.516407
    7 0.562688 -0.000006 -0.000004 -0.013014 -0.008068 -0.959463
    8 -3.486578 -24.881333 -8.161577 -3.193325 -1.139774 0.054750
    9 2.341381 0.000021 0.000003 1.570798 1.242323 0.000002
    10 1.539009 -20.973266 -10.224028 3.087262 -0.001226 -1.672329
    11 1.473635 0.639422 -1.295233 1.890913 0.783283 0.352949
    12 1.832607 -0.000004 0.000007 3.141781 0.010480 0.700375
    13 1.003331 0.000000 0.000000 -3.115095 0.126222 -0.112819
    14 3.823887 -0.419591 -1.411516 0.069808 0.155302 0.207668
    15 2.187963 0.000000 0.000000 -0.165860 -0.079982 1.419145
    16 1.100958 -0.000014 0.000000 0.087789 -0.052675 -0.184191
    17 3.987879 -0.577435 -0.474708 0.200599 0.169222 0.195927
    18 1.890100 -0.000008 0.000000 -0.153902 -0.042688 1.467060
    19 1.310926 0.000015 0.000000 -0.029730 0.074269 -0.259831
    20 4.117973 -0.654501 0.453699 0.085604 0.094078 0.260901
    21 1.655293 0.000002 0.000000 -0.029296 -0.049149 1.283708
    22 0.869586 0.000011 0.000000 0.062963 -0.019305 0.011264
    23 4.150639 -0.581580 1.354867 -0.178487 0.129533 0.002321
    24 1.157248 -0.000013 -0.000002 0.194855 -0.267812 1.185099
    25 1.019835 0.000002 0.000002 -1.675130 0.086219 0.371305
    26 3.429456 -5.007721 -5.116617 -1.599821 1.149263 -1.477559
    27 12.695436 0.000001 0.000018 -0.257572 0.294608 -1.701592
    28 -5.605738 -10.904510 -10.395907 3.147182 -0.015223 -1.551309
    29 1.474217 -0.497913 -1.376119 1.283294 0.486350 -0.349537
    30 1.832175 -0.000001 0.000001 -2.584557 -0.154226 0.716843
    31 1.042012 0.000000 -0.000006 -2.947027 -0.173385 -0.033771
    32 3.823319 0.664870 -1.331676 0.113609 0.291967 -0.310053
    33 2.152367 0.000010 0.000000 0.048427 -0.257689 -0.122177
    34 1.056626 -0.000010 0.000000 0.273385 -0.069605 -0.538064
    35 3.985126 0.881823 -0.368987 0.187084 0.205031 -0.528366
    36 1.830173 0.000000 0.000000 0.309987 -0.029019 -1.518072
    37 1.561352 0.000013 0.000000 0.027387 0.000717 -1.353498
    38 4.116548 0.711289 0.551868 0.372897 0.175497 -0.950866
    39 1.752729 -0.000006 0.000000 0.065686 0.077341 -1.199521
    40 0.869356 0.000002 0.000000 0.010534 -0.055976 -0.881550
    41 4.118825 0.331244 1.419828 0.091710 0.246073 -1.081329
    42 1.176325 -0.000002 0.000000 0.019561 0.360394 -0.780529
    43 0.970213 0.000000 0.000000 1.685136 0.078242 -1.123257
    44 -9.258431 -0.998731 -5.116617 -3.275338 1.530734 -2.604066
    45 12.706341 0.000001 0.000000 -0.391791 0.243115 -2.202326
    46 11.809021 -1.206475 0.191726 -0.000002 -0.000003 0.000000
    47 0.598399 -0.643255 -0.162013 0.000000 -1.570796 -0.835635
    48 0.000010 0.000000 0.000011 0.000000 0.000000 0.000000
    49 1.200000 0.000000 0.000000 0.000000 0.000000 0.000000
    50 0.000010 -0.300000 0.000000 -3.141593 0.000000 -0.174533
    51 0.000000 -0.000001 0.000003 0.000001 -0.000001 0.000000
    52 0.000002 0.000000 -0.000002 -3.141593 0.000001 0.000000
    53 0.000002 0.000000 0.000002 0.000000 0.000000 0.349066
    54 0.000000 0.000000 0.000000 -3.141593 0.000000 0.000000
    55 0.000002 -0.000002 0.000000 -3.141593 0.000000 -0.000001
    56 0.000007 0.000004 0.000000 -3.141593 0.000000 -0.000001
    57 0.000001 -0.000004 0.000000 -3.141593 0.000000 0.000000
    58 0.000002 0.000010 0.000000 -3.141593 0.000000 0.000000
    59 0.000000 0.000000 0.000000 -3.141593 0.000000 0.000000
    60 -0.000001 -0.000004 0.000000 -3.141593 0.000000 0.000000
    61 0.000000 -0.000004 0.000000 -3.141593 0.000000 0.000000
    62 0.000001 -0.000002 0.000000 -3.141593 0.000000 0.000001
    63 0.000001 -0.000002 0.000000 3.141592 0.000000 -0.000001
    64 0.000000 0.000000 0.000000 -3.141593 0.000000 0.000000
    65 0.000000 0.000000 0.000000 -1.570797 -0.000001 0.000000
    66 0.000000 0.000000 0.000000 0.000000 0.000000 0.000000
    67 1.200001 0.000000 0.000000 0.000000 0.000000 0.000000
    68 0.000000 0.300000 0.000000 0.000000 0.000000 0.174533
    69 0.000000 0.000000 -0.000001 0.000000 0.000000 0.000000
    70 0.000000 0.000000 -0.000001 -3.141593 0.000000 0.000000
    71 0.000000 0.000000 0.000000 0.000001 0.000000 0.349065
    72 -0.000004 0.000003 0.000000 0.000000 0.000000 0.000000
    73 0.000009 -0.000006 0.000000 0.000000 0.000000 -0.000001
    74 0.000000 -0.000002 -0.000001 0.000000 -0.000001 -0.000001
    75 0.000000 0.000000 0.000000 0.000000 0.000000 0.000000
    76 0.000000 0.000000 0.000000 0.000000 0.000000 0.000001
    77 0.000000 0.000002 0.000000 0.000000 0.000000 0.000000
    78 -0.000007 -0.000013 0.000000 0.000000 0.000000 0.000001
    79 0.000000 0.000000 0.000000 0.000000 0.000000 0.000000
    80 0.000000 0.000000 0.000000 0.000000 0.000000 0.000000
    81 0.000000 0.000000 0.000000 0.000000 0.000000 0.000000
    82 0.000000 0.000000 0.000000 0.000000 0.000000 0.000000
    83 0.000000 0.000000 0.000004 -1.570797 0.000001 0.000000
  time 4
    0 -5.275417 -15.801823 -7.071269 -1.465105 -0.030115 -1.557856
    1 9.243773 6.139962 1.326173 -0.000001 0.000001 -1.570796
    2 1.703894 -1.240687 -0.005672 -0.000002 -0.000003 0.000000
    3 17.667921 -1.384574 1.233112 0.000000 -0.000003 -3.141592
    4 13.081079 -1.084008 0.792839 1.570797 -0.879478 -3.141593
    5 0.758741 0.000010 -0.000001 -1.570796 0.000000 -1.124720
    6 12.977262 -1.858502 0.676013 0.518314 -0.428322 -2.516407
    7 0.562688 -0.000006 -0.000004 -0.013014 -0.008068 -0.959463
    8 -3.369387 -25.041494 -8.376428 -3.218570 -1.168261 0.084399
    9 2.341381 0.000021 0.000003 1.570798 1.242323 0.000002
    10 1.742140 -21.129521 -10.333406 3.078977 -0.006550 -1.665887
    11 1.473635 0.639422 -1.295233 1.902372 0.791504 0.365621
    12 1.832607 -0.000004 0.000007 3.145232 0.014890 0.612518
    13 1.003331 0.000000 0.000000 -3.124743 0.127876 -0.188779
    14 3.823887 -0.419591 -1.411516 0.069808 0.155302 0.207668
    15 2.187963 0.000000 0.000000 -0.165860 -0.079982 1.419145
    16 1.100958 -0.000014 0.000000 0.087789 -0.052675 -0.184191
    17 3.987879 -0.577435 -0.474708 0.200599 0.169210 0.195927
    18 1.890100 -0.000008 0.000000 -0.153902 -0.042688 1.467060
    19 1.310926 0.000015 0.000000 -0.029730 0.074269 -0.259831
    20 4.117973 -0.654501 0.453699 0.085604 0.094078 0.260901
    21 1.655293 0.000002 0.000000 -0.029296 -0.049149 1.283708
    22 0.869586 0.000011 0.000000 0.062963 -0.019305 0.011264
    23 4.150639 -0.581580 1.354867 -0.178487 0.129533 0.002321
    24 1.157248 -0.000013 -0.000002 0.194855 -0.267812 1.185099
    25 1.019835 0.000002 0.000002 -1.675130 0.086219 0.371305
    26 3.429456 -5.007721 -5.116617 -1.601749 1.144817 -1.466597
    27 12.695436 0.000001 0.000018 -0.252586 0.295231 -1.684539
    28 -5.511985 -11.099829 -10.786544 3.176146 -0.024107 -1.545352
    29 1.474217 -0.497913 -1.376119 1.283294 0.486350 -0.349537
    30 1.832175 -0.000001 0.000001 -2.584557 -0.154226 0.716821
    31 1.042012 0.000000 -0.000006 -2.947027 -0.173385 -0.033771
    32 3.823319 0.664870 -1.331676 0.113609 0.291967 -0.310053
    33 2.152367 0.000010 0.000000 0.048427 -0.257689 -0.122177
    34 1.056626 -0.000010 0.000000 0.273385 -0.069605 -0.538064
    35 3.985126 0.881823 -0.368987 0.187084 0.205031 -0.528366
    36 1.830173 0.000000 0.000000 0.309987 -0.029019 -1.518072
    37 1.561352 0.000013 0.000000 0.027387 0.000717 -1.353498
    38 4.116548 0.711289 0.551868 0.372897 0.175497 -0.950866
    39 1.752729 -0.000006 0.000000 0.065686 0.077341 -1.199521
    40 0.869356 0.000002 0.000000 0.010534 -0.055976 -0.881550
    41 4.118825 0.331244 1.419828 0.091710 0.246073 -1.081329
    42 1.176325 -0.000002 0.000000 0.019561 0.360394 -0.780529
    43 0.970213 0.000000 0.000000 1.685136 0.078242 -1.123257
    44 -9.258431 -0.998731 -5.116617 -2.926764 1.564664 -2.269907
    45 12.706341 0.000001 0.000000 -0.383686 0.248676 -2.169002
    46 11.809021 -1.206475 0.191726 -0.000002 -0.000003 0.000000
    47 0.598399 -0.643255 -0.162013 0.000000 -1.570796 -0.835635
    48 0.000010 0.000000 0.000011 0.000000 0.000000 0.000000
    49 1.200000 0.000000 0.000000 0.000000 0.000000 0.000000
    50 0.000010 -0.300000 0.000000 -3.141593 0.000000 -0.174533
    51 0.000000 -0.000001 0.000003 0.000001 -0.000001 0.000000
    52 0.000002 0.000000 -0.000002 -3.141593 0.000001 0.000000
    53 0.000002 0.000000 0.000002 0.000000 0.000000 0.349066
    54 0.000000 0.000000 0.000000 -3.141593 0.000000 0.000000
    55 0.000002 -0.000002 0.000000 -3.141593 0.000000 -0.000001
    56 0.000007 0.000004 0.000000 -3.141593 0.000000 -0.000001
    57 0.000001 -0.000004 0.000000 -3.141593 0.000000 0.000000
    58 0.000002 0.000010 0.000000 -3.141593 0.000000 0.000000
    59 0.000000 0.000000 0.000000 -3.141593 0.000000 0.000000
    60 -0.000001 -0.000004 0.000000 -3.141593 0.000000 0.000000
    61 0.000000 -0.000004 0.000000 -3.141593 0.000000 0.000000
    62 0.000001 -0.000002 0.000000 -3.141593 0.000000 0.000001
    63 0.000001 -0.000002 0.000000 3.141592 0.000000 -0.000001
    64 0.000000 0.000000 0.000000 -3.141593 0.000000 0.000000
    65 0.000000 0.000000 0.000000 -1.570797 -0.000001 0.000000
    66 0.000000 0.000000 0.000000 0.000000 0.000000 0.000000
    67 1.200001 0.000000 0.000000 0.000000 0.000000 0.000000
    68 0.000000 0.300000 0.000000 0.000000 0.000000 0.174533
    69 0.000000 0.000000 -0.000001 0.000000 0.000000 0.000000
    70 0.000000 0.000000 -0.000001 -3.141593 0.000000 0.000000
    71 0.000000 0.000000 0.000000 0.000001 0.000000 0.349065
    72 -0.000004 0.000003 0.000000 0.000000 0.000000 0.000000
    73 0.000009 -0.000006 0.000000 0.000000 0.000000 -0.000001
    74 0.000000 -0.000002 -0.000001 0.000000 -0.000001 -0.000001
    75 0.000000 0.000000 0.000000 0.000000 0.000000 0.000000
    76 0.000000 0.000000 0.000000 0.000000 0.000000 0.000001
    77 0.000000 0.000002 0.000000 0.000000 0.000000 0.000000
    78 -0.000007 -0.000013 0.000000 0.000000 0.000000 0.000001
    79 0.000000 0.000000 0.000000 0.000000 0.000000 0.000000
    80 0.000000 0.000000 0.000000 0.000000 0.000000 0.000000
    81 0.000000 0.000000 0.000000 0.000000 0.000000 0.000000
    82 0.000000 0.000000 0.000000 0.000000 0.000000 0.000000
    83 0.000000 0.000000 0.000004 -1.570797 0.000001 0.000000
  time 5
    0 -5.275417 -15.860418 -7.450187 -1.454790 -0.033510 -1.551018
    1 9.243773 6.139962 1.326173 -0.000001 0.000001 -1.570796
    2 1.512482 -1.240687 -0.005672 -0.000002 -0.000003 0.000000
    3 17.667921 -1.384574 1.233112 0.000000 -0.000003 -3.141592
    4 13.081079 -1.084008 0.792839 1.570797 -0.879478 -3.141593
    5 0.758741 0.000010 -0.000001 -1.570796 0.000000 -1.124720
    6 12.977262 -1.858502 0.676013 0.518314 -0.428322 -2.516407
    7 0.562688 -0.000006 -0.000004 -0.013014 -0.008068 -0.959463
    8 -3.287353 -25.092277 -8.704563 -3.229280 -1.178290 0.101341
    9 2.341381 0.000021 0.000003 1.570798 1.242323 0.000002
    10 1.894488 -21.152959 -10.630290 3.051003 -0.008790 -1.658849
    11 1.473635 0.639422 -1.295233 1.913485 0.796634 0.377655
    12 1.832607 -0.000004 0.000007 3.148876 0.019720 0.536626
    13 1.003331 0.000000 0.000000 -3.131478 0.128547 -0.241661
    14 3.823887 -0.419591 -1.411516 0.069820 0.155302 0.207668
    15 2.187963 0.000000 0.000000 -0.165860 -0.079982 1.419145
    16 1.100958 -0.000014 0.000000 0.087789 -0.052675 -0.184191
    17 3.987879 -0.577435 -0.474708 0.200599 0.169222 0.195927
    18 1.890100 -0.000008 0.000000 -0.153902 -0.042688 1.467060
    19 1.310926 0.000015 0.000000 -0.029730 0.074269 -0.259831
    20 4.117973 -0.654501 0.453699 0.085604 0.094078 0.260901
    21 1.655293 0.000002 0.000000 -0.029296 -0.049149 1.283708
    22 0.869586 0.000011 0.000000 0.062963 -0.019305 0.011264
    23 4.150639 -0.581580 1.354867 -0.178487 0.129533 0.002321
    24 1.157248 -0.000013 -0.000002 0.194855 -0.267812 1.185099
    25 1.019835 0.000002 0.000002 -1.675130 0.086219 0.371305
    26 3.429456 -5.007721 -5.116617 -1.586690 1.154874 -1.445495
    27 12.695436 0.000001 0.000018 -0.249262 0.295446 -1.672836
    28 -5.504172 -11.174050 -11.177181 3.186403 -0.027597 -1.538507
    29 1.474217 -0.497913 -1.376119 1.283294 0.486350 -0.349537
    30 1.832175 -0.000001 0.000001 -2.584557 -0.154226 0.716843
    31 1.042012 0.000000 -0.000006 -2.947027 -0.173385 -0.033771
    32 3.823319 0.664870 -1.331676 0.113609 0.291967 -0.310053
    33 2.152367 0.000010 0.000000 0.048427 -0.257689 -0.122177
    34 1.056626 -0.000010 0.000000 0.273385 -0.069605 -0.538064
    35 3.985126 0.881823 -0.368987 0.187084 0.205031 -0.528366
    36 1.830173 0.000000 0.000000 0.309987 -0.029019 -1.518072
    37 1.561352 0.000013 0.000000 0.027387 0.000717 -1.353498
    38 4.116548 0.711289 0.551868 0.372897 0.175497 -0.950866
    39 1.752729 -0.000006 0.000000 0.065686 0.077341 -1.199521
    40 0.869356 0.000002 0.000000 0.010534 -0.055976 -0.881550
    41 4.118825 0.331244 1.419828 0.091710 0.246073 -1.081329
    42 1.176325 -0.000002 0.000000 0.019561 0.360394 -0.780529
    43 0.970213 0.000000 0.000000 1.685136 0.078242 -1.123257
    44 -9.258431 -0.998731 -5.116617 0.010164 1.532815 -5.640590
    45 12.706341 0.000001 0.000000 -0.378037 0.252319 -2.146125
    46 11.809021 -1.206475 0.191726 -0.000002 -0.000003 0.000000
    47 0.598399 -0.643255 -0.162013 0.000000 -1.570796 -0.835635
    48 0.000010 0.000000 0.000011 0.000000 0.000000 0.000000
    49 1.200000 0.000000 0.000000 0.000000 0.000000 0.000000
    50 0.000010 -0.300000 0.000000 -3.141593 0.000000 -0.174533
    51 0.000000 -0.000001 0.000003 0.000001 -0.000001 0.000000
    52 0.000002 0.000000 -0.000002 -3.141593 0.000001 0.000000
    53 0.000002 0.000000 0.000002 0.000000 0.000000 0.349066
    54 0.000000 0.000000 0.000000 -3.141593 0.000000 0.000000
    55 0.000002 -0.000002 0.000000 -3.141593 0.000000 -0.000001
    56 0.000007 0.000004 0.000000 -3.141593 0.000000 -0.000001
    57 0.000001 -0.000004 0.000000 -3.141593 0.000000 0.000000
    58 0.000002 0.000010 0.000000 -3.141593 0.000000 0.000000
    59 0.000000 0.000000 0.000000 -3.141593 0.000000 0.000000
    60 -0.000001 -0.000004 0.000000 -3.141593 0.000000 0.000000
    61 0.000000 -0.000004 0.000000 -3.141593 0.000000 0.000000
    62 0.000001 -0.000002 0.000000 -3.141593 0.000000 0.000001
    63 0.000001 -0.000002 0.000000 3.141592 0.000000 -0.000001
    64 0.000000 0.000000 0.000000 -3.141593 0.000000 0.000000
    65 0.000000 0.000000 0.000000 -1.570797 -0.000001 0.000000
    66 0.000000 0.000000 0.000000 0.000000 0.000000 0.000000
    67 1.200001 0.000000 0.000000 0.000000 0.000000 0.000000
    68 0.000000 0.300000 0.000000 0.000000 0.000000 0.174533
    69 0.000000 0.000000 -0.000001 0.000000 0.000000 0.000000
    70 0.000000 0.000000 -0.000001 -3.141593 0.000000 0.000000
    71 0.000000 0.000000 0.000000 0.000001 0.000000 0.349065
    72 -0.000004 0.000003 0.000000 0.000000 0.000000 0.000000
    73 0.000009 -0.000006 0.000000 0.000000 0.000000 -0.000001
    74 0.000000 -0.000002 -0.000001 0.000000 -0.000001 -0.000001
    75 0.000000 0.000000 0.000000 0.000000 0.000000 0.000000
    76 0.000000 0.000000 0.000000 0.000000 0.000000 0.000001
    77 0.000000 0.000002 0.000000 0.000000 0.000000 0.000000
    78 -0.000007 -0.000013 0.000000 0.000000 0.000000 0.000001
    79 0.000000 0.000000 0.000000 0.000000 0.000000 0.000000
    80 0.000000 0.000000 0.000000 0.000000 0.000000 0.000000
    81 0.000000 0.000000 0.000000 0.000000 0.000000 0.000000
    82 0.000000 0.000000 0.000000 0.000000 0.000000 0.000000
    83 0.000000 0.000000 0.000004 -1.570797 0.000001 0.000000
  time 6
    0 -5.275417 -15.762759 -7.864262 -1.455760 -0.028743 -1.542786
    1 9.243773 6.139962 1.326173 -0.000001 0.000001 -1.570796
    2 1.512482 -1.240687 -0.005672 -0.000002 -0.000003 0.000000
    3 17.667921 -1.384574 1.233112 0.000000 -0.000003 -3.141592
    4 13.081079 -1.084008 0.792839 1.570797 -0.879478 -3.141593
    5 0.758741 0.000010 -0.000001 -1.570796 0.000000 -1.124720
    6 12.977262 -1.858502 0.676013 0.518314 -0.428322 -2.516407
    7 0.562688 -0.000006 -0.000004 -0.013014 -0.008068 -0.959463
    8 -3.213132 -24.967273 -9.161608 -3.216562 -1.177678 0.097953
    9 2.341381 0.000021 0.000003 1.570798 1.242323 0.000002
    10 2.023399 -20.988891 -11.099054 3.015070 -0.004138 -1.650617
    11 1.473635 0.639422 -1.295233 1.922560 0.797269 0.387011
    12 1.832607 -0.000004 0.000007 3.152447 0.024262 0.485034
    13 1.003331 0.000000 0.000000 -3.133779 0.128727 -0.259759
    14 3.823887 -0.419591 -1.411516 0.069820 0.155302 0.207668
    15 2.187963 0.000000 0.000000 -0.165860 -0.079982 1.419145
    16 1.100958 -0.000014 0.000000 0.087789 -0.052675 -0.184191
    17 3.987879 -0.577435 -0.474708 0.200599 0.169222 0.195927
    18 1.890100 -0.000008 0.000000 -0.153902 -0.042688 1.467060
    19 1.310926 0.000015 0.000000 -0.029730 0.074269 -0.259831
    20 4.117973 -0.654501 0.453699 0.085604 0.094078 0.260901
    21 1.655293 0.000002 0.000000 -0.029296 -0.049149 1.283708
    22 0.869586 0.000011 0.000000 0.062963 -0.019305 0.011264
    23 4.150639 -0.581580 1.354867 -0.178487 0.129533 0.002321
    24 1.157248 -0.000013 -0.000002 0.194855 -0.267812 1.185099
    25 1.019835 0.000002 0.000002 -1.675130 0.086219 0.371305
    26 3.429456 -5.007721 -5.116617 -1.555836 1.182413 -1.411239
    27 12.695436 0.000001 0.000018 -0.249534 0.295422 -1.673906
    28 -5.547142 -11.060765 -11.567818 3.185481 -0.022785 -1.530395
    29 1.474217 -0.497913 -1.376119 1.283294 0.486350 -0.349537
    30 1.832175 -0.000001 0.000001 -2.584557 -0.154226 0.716821
    31 1.042012 0.000000 -0.000006 -2.947027 -0.173385 -0.033771
    32 3.823319 0.664870 -1.331676 0.113609 0.291967 -0.310053
    33 2.152367 0.000010 0.000000 0.048427 -0.257689 -0.122177
    34 1.056626 -0.000010 0.000000 0.273385 -0.069605 -0.538064
    35 3.985126 0.881823 -0.368987 0.187084 0.205031 -0.528366
    36 1.830173 0.000000 0.000000 0.309987 -0.029019 -1.518072
    37 1.561352 0.000013 0.000000 0.027387 0.000717 -1.353498
    38 4.116548 0.711289 0.551868 0.372897 0.175497 -0.950866
    39 1.752729 -0.000006 0.000000 0.065686 0.077341 -1.199521
    40 0.869356 0.000002 0.000000 0.010534 -0.055976 -0.881550
    41 4.118825 0.331244 1.419828 0.091710 0.246073 -1.081329
    42 1.176325 -0.000002 0.000000 0.019561 0.360394 -0.780529
    43 0.970213 0.000000 0.000000 1.685136 0.078242 -1.123257
    44 -9.258431 -0.998731 -5.116617 0.193644 1.484951 -5.481778
    45 12.706341 0.000001 0.000000 -0.375941 0.253481 -2.137813
    46 11.809021 -1.206475 0.191726 -0.000002 -0.000003 0.000000
    47 0.598399 -0.643255 -0.162013 0.000000 -1.570796 -0.835635
    48 0.000010 0.000000 0.000011 0.000000 0.000000 0.000000
    49 1.200000 0.000000 0.000000 0.000000 0.000000 0.000000
    50 0.000010 -0.300000 0.000000 -3.141593 0.000000 -0.174533
    51 0.000000 -0.000001 0.000003 0.000001 -0.000001 0.000000
    52 0.000002 0.000000 -0.000002 -3.141593 0.000001 0.000000
    53 0.000002 0.000000 0.000002 0.000000 0.000000 0.349066
    54 0.000000 0.000000 0.000000 -3.141593 0.000000 0.000000
    55 0.000002 -0.000002 0.000000 -3.141593 0.000000 -0.000001
    56 0.000007 0.000004 0.000000 -3.141593 0.000000 -0.000001
    57 0.000001 -0.000004 0.000000 -3.141593 0.000000 0.000000
    58 0.000002 0.000010 0.000000 -3.141593 0.000000 0.000000
    59 0.000000 0.000000 0.000000 -3.141593 0.000000 0.000000
    60 -0.000001 -0.000004 0.000000 -3.141593 0.000000 0.000000
    61 0.000000 -0.000004 0.000000 -3.141593 0.000000 0.000000
    62 0.000001 -0.000002 0.000000 -3.141593 0.000000 0.000001
    63 0.000001 -0.000002 0.000000 3.141592 0.000000 -0.000001
    64 0.000000 0.000000 0.000000 -3.141593 0.000000 0.000000
    65 0.000000 0.000000 0.000000 -1.570797 -0.000001 0.000000
    66 0.000000 0.000000 0.000000 0.000000 0.000000 0.000000
    67 1.200001 0.000000 0.000000 0.000000 0.000000 0.000000
    68 0.000000 0.300000 0.000000 0.000000 0.000000 0.174533
    69 0.000000 0.000000 -0.000001 0.000000 0.000000 0.000000
    70 0.000000 0.000000 -0.000001 -3.141593 0.000000 0.000000
    71 0.000000 0.000000 0.000000 0.000001 0.000000 0.349065
    72 -0.000004 0.000003 0.000000 0.000000 0.000000 0.000000
    73 0.000009 -0.000006 0.000000 0.000000 0.000000 -0.000001
    74 0.000000 -0.000002 -0.000001 0.000000 -0.000001 -0.000001
    75 0.000000 0.000000 0.000000 0.000000 0.000000 0.000000
    76 0.000000 0.000000 0.000000 0.000000 0.000000 0.000001
    77 0.000000 0.000002 0.000000 0.000000 0.000000 0.000000
    78 -0.000007 -0.000013 0.000000 0.000000 0.000000 0.000001
    79 0.000000 0.000000 0.000000 0.000000 0.000000 0.000000
    80 0.000000 0.000000 0.000000 0.000000 0.000000 0.000000
    81 0.000000 0.000000 0.000000 0.000000 0.000000 0.000000
    82 0.000000 0.000000 0.000000 0.000000 0.000000 0.000000
    83 0.000000 0.000000 0.000004 -1.570797 0.000001 0.000000
  time 7
    0 -5.275417 -15.469782 -8.336932 -1.458744 -0.012683 -1.532402
    1 9.243773 6.139962 1.326173 -0.000001 0.000001 -1.570796
    2 1.524202 -1.240687 -0.005672 -0.000002 -0.000003 0.000000
    3 17.667921 -1.384574 1.233112 0.000000 -0.000003 -3.141592
    4 13.081079 -1.084008 0.792839 1.570797 -0.879478 -3.141593
    5 0.758741 0.000010 -0.000001 -1.570796 0.000000 -1.124720
    6 12.977262 -1.858502 0.676013 0.518314 -0.428322 -2.516407
    7 0.562688 -0.000006 -0.000004 -0.013014 -0.008068 -0.959463
    8 -3.127192 -24.635231 -9.790533 -3.174487 -1.175465 0.069339
    9 2.341381 0.000021 0.000003 1.570798 1.242323 0.000002
    10 2.214811 -20.570910 -11.770950 2.977415 0.011473 -1.640298
    11 1.473635 0.639422 -1.295233 1.930539 0.794249 0.394673
    12 1.832607 -0.000004 0.000007 3.156294 0.028948 0.448514
    13 1.003331 0.000000 0.000000 -3.133779 0.128739 -0.259759
    14 3.823887 -0.419591 -1.411516 0.069808 0.155302 0.207668
    15 2.187963 0.000000 0.000000 -0.165860 -0.079982 1.419145
    16 1.100958 -0.000014 0.000000 0.087789 -0.052675 -0.184191
    17 3.987879 -0.577435 -0.474708 0.200599 0.169222 0.195927
    18 1.890100 -0.000008 0.000000 -0.153902 -0.042688 1.467060
    19 1.310926 0.000015 0.000000 -0.029730 0.074269 -0.259831
    20 4.117973 -0.654501 0.453699 0.085604 0.094078 0.260901
    21 1.655293 0.000002 0.000000 -0.029296 -0.049149 1.283708
    22 0.869586 0.000011 0.000000 0.062963 -0.019305 0.011264
    23 4.150639 -0.581580 1.354867 -0.178487 0.129533 0.002321
    24 1.157248 -0.000013 -0.000002 0.194855 -0.267812 1.185099
    25 1.019835 0.000002 0.000002 -1.675130 0.086219 0.371305
    26 3.429456 -5.007721 -5.116617 -1.509097 1.233649 -1.357982
    27 12.695436 0.000001 0.000018 -0.254291 0.295051 -1.690424
    28 -5.613550 -10.709192 -11.970174 3.182701 -0.006692 -1.520001
    29 1.474217 -0.497913 -1.376119 1.283294 0.486350 -0.349537
    30 1.832175 -0.000001 0.000001 -2.584557 -0.154226 0.716821
    31 1.042012 0.000000 -0.000006 -2.947027 -0.173385 -0.033771
    32 3.823319 0.664870 -1.331676 0.113609 0.291967 -0.310053
    33 2.152367 0.000010 0.000000 0.048427 -0.257689 -0.122177
    34 1.056626 -0.000010 0.000000 0.273385 -0.069605 -0.538064
    35 3.985126 0.881823 -0.368987 0.187084 0.205031 -0.528366
    36 1.830173 0.000000 0.000000 0.309987 -0.029019 -1.518072
    37 1.561352 0.000013 0.000000 0.027387 0.000717 -1.353498
    38 4.116548 0.711289 0.551868 0.372897 0.175497 -0.950866
    39 1.752729 -0.000006 0.000000 0.065686 0.077341 -1.199521
    40 0.869356 0.000002 0.000000 0.010534 -0.055976 -0.881550
    41 4.118825 0.331244 1.419828 0.091710 0.246073 -1.081329
    42 1.176325 -0.000002 0.000000 0.019561 0.360394 -0.780529
    43 0.970213 0.000000 0.000000 1.685136 0.078242 -1.123257
    44 -9.258431 -0.998731 -5.116617 0.400107 1.433830 -5.289984
    45 12.706341 0.000001 0.000000 -0.377873 0.252403 -2.145515
    46 11.809021 -1.206475 0.191726 -0.000002 -0.000003 0.000000
    47 0.598399 -0.643255 -0.162013 0.000000 -1.570796 -0.835635
    48 0.000010 0.000000 0.000011 0.000000 0.000000 0.000000
    49 1.200000 0.000000 0.000000 0.000000 0.000000 0.000000
    50 0.000010 -0.300000 0.000000 -3.141593 0.000000 -0.174533
    51 0.000000 -0.000001 0.000003 0.000001 -0.000001 0.000000
    52 0.000002 0.000000 -0.000002 -3.141593 0.000001 0.000000
    53 0.000002 0.000000 0.000002 0.000000 0.000000 0.349066
    54 0.000000 0.000000 0.000000 -3.141593 0.000000 0.000000
    55 0.000002 -0.000002 0.000000 -3.141593 0.000000 -0.000001
    56 0.000007 0.000004 0.000000 -3.141593 0.000000 -0.000001
    57 0.000001 -0.000004 0.000000 -3.141593 0.000000 0.000000
    58 0.000002 0.000010 0.000000 -3.141593 0.000000 0.000000
    59 0.000000 0.000000 0.000000 -3.141593 0.000000 0.000000
    60 -0.000001 -0.000004 0.000000 -3.141593 0.000000 0.000000
    61 0.000000 -0.000004 0.000000 -3.141593 0.000000 0.000000
    62 0.000001 -0.000002 0.000000 -3.141593 0.000000 0.000001
    63 0.000001 -0.000002 0.000000 3.141592 0.000000 -0.000001
    64 0.000000 0.000000 0.000000 -3.141593 0.000000 0.000000
    65 0.000000 0.000000 0.000000 -1.570797 -0.000001 0.000000
    66 0.000000 0.000000 0.000000 0.000000 0.000000 0.000000
    67 1.200001 0.000000 0.000000 0.000000 0.000000 0.000000
    68 0.000000 0.300000 0.000000 0.000000 0.000000 0.174533
    69 0.000000 0.000000 -0.000001 0.000000 0.000000 0.000000
    70 0.000000 0.000000 -0.000001 -3.141593 0.000000 0.000000
    71 0.000000 0.000000 0.000000 0.000001 0.000000 0.349065
    72 -0.000004 0.000003 0.000000 0.000000 0.000000 0.000000
    73 0.000009 -0.000006 0.000000 0.000000 0.000000 -0.000001
    74 0.000000 -0.000002 -0.000001 0.000000 -0.000001 -0.000001
    75 0.000000 0.000000 0.000000 0.000000 0.000000 0.000000
    76 0.000000 0.000000 0.000000 0.000000 0.000000 0.000001
    77 0.000000 0.000002 0.000000 0.000000 0.000000 0.000000
    78 -0.000007 -0.000013 0.000000 0.000000 0.000000 0.000001
    79 0.000000 0.000000 0.000000 0.000000 0.000000 0.000000
    80 0.000000 0.000000 0.000000 0.000000 0.000000 0.000000
    81 0.000000 0.000000 0.000000 0.000000 0.000000 0.000000
    82 0.000000 0.000000 0.000000 0.000000 0.000000 0.000000
    83 0.000000 0.000000 0.000004 -1.570797 0.000001 0.000000
  time 8
    0 -5.275417 -15.012736 -8.876011 -1.463558 0.013844 -1.520308
    1 9.243773 6.139962 1.326173 -0.000001 0.000001 -1.570796
    2 1.524202 -1.240687 -0.005672 -0.000002 -0.000003 0.000000
    3 17.667921 -1.384574 1.233112 0.000000 -0.000003 -3.141592
    4 13.081079 -1.084008 0.792839 1.570797 -0.879478 -3.141593
    5 0.758741 0.000010 -0.000001 -1.570796 0.000000 -1.124720
    6 12.977262 -1.858502 0.676013 0.518314 -0.428322 -2.516407
    7 0.562688 -0.000006 -0.000004 -0.013014 -0.008068 -0.959463
    8 -3.033439 -24.107872 -10.579620 -3.106115 -1.170631 0.018041
    9 2.341381 0.000021 0.000003 1.570798 1.242323 0.000002
    10 2.476537 -19.938078 -12.716291 2.934175 0.037336 -1.628428
    11 1.473635 0.639422 -1.295233 1.938922 0.788676 0.402286
    12 1.832607 -0.000004 0.000007 3.160800 0.034461 0.414730
    13 1.003331 0.000000 0.000000 -3.133779 0.128739 -0.259759
    14 3.823887 -0.419591 -1.411516 0.069820 0.155302 0.207668
    15 2.187963 0.000000 0.000000 -0.165860 -0.079982 1.419145
    16 1.100958 -0.000014 0.000000 0.087789 -0.052675 -0.184191
    17 3.987879 -0.577435 -0.474708 0.200599 0.169222 0.195927
    18 1.890100 -0.000008 0.000000 -0.153902 -0.042688 1.467060
    19 1.310926 0.000015 0.000000 -0.029730 0.074269 -0.259831
    20 4.117973 -0.654501 0.453699 0.085604 0.094078 0.260901
    21 1.655293 0.000002 0.000000 -0.029296 -0.049149 1.283708
    22 0.869586 0.000011 0.000000 0.062963 -0.019305 0.011264
    23 4.150639 -0.581580 1.354867 -0.178487 0.129533 0.002321
    24 1.157248 -0.000013 -0.000002 0.194855 -0.267812 1.185099
    25 1.019835 0.000002 0.000002 -1.675130 0.086219 0.371305
    26 3.429456 -5.007721 -5.116617 -1.438392 1.308107 -1.273027
    27 12.695436 0.000001 0.000018 -0.260495 0.294272 -1.711690
    28 -5.699491 -10.162300 -12.376436 3.178212 0.019889 -1.507833
    29 1.474217 -0.497913 -1.376119 1.283294 0.486350 -0.349537
    30 1.832175 -0.000001 0.000001 -2.584557 -0.154226 0.716821
    31 1.042012 0.000000 -0.000006 -2.947027 -0.173385 -0.033771
    32 3.823319 0.664870 -1.331676 0.113609 0.291967 -0.310053
    33 2.152367 0.000010 0.000000 0.048427 -0.257689 -0.122177
    34 1.056626 -0.000010 0.000000 0.273385 -0.069605 -0.538064
    35 3.985126 0.881823 -0.368987 0.187084 0.205031 -0.528366
    36 1.830173 0.000000 0.000000 0.309987 -0.029019 -1.518072
    37 1.561352 0.000013 0.000000 0.027387 0.000717 -1.353498
    38 4.116548 0.711289 0.551868 0.372897 0.175497 -0.950866
    39 1.752729 -0.000006 0.000000 0.065686 0.077341 -1.199521
    40 0.869356 0.000002 0.000000 0.010534 -0.055976 -0.881550
    41 4.118825 0.331244 1.419828 0.091710 0.246073 -1.081329
    42 1.176325 -0.000002 0.000000 0.019561 0.360394 -0.780529
    43 0.970213 0.000000 0.000000 1.685117 0.078242 -1.123240
    44 -9.258431 -0.998731 -5.116617 0.587322 1.375063 -5.108977
    45 12.706341 0.000001 0.000000 -0.382589 0.249371 -2.164503
    46 11.809021 -1.206475 0.191726 -0.000002 -0.000003 0.000000
    47 0.598399 -0.643255 -0.162013 0.000000 -1.570796 -0.835635
    48 0.000010 0.000000 0.000011 0.000000 0.000000 0.000000
    49 1.200000 0.000000 0.000000 0.000000 0.000000 0.000000
    50 0.000010 -0.300000 0.000000 -3.141593 0.000000 -0.174533
    51 0.000000 -0.000001 0.000003 0.000001 -0.000001 0.000000
    52 0.000002 0.000000 -0.000002 -3.141593 0.000001 0.000000
    53 0.000002 0.000000 0.000002 0.000000 0.000000 0.349066
    54 0.000000 0.000000 0.000000 -3.141593 0.000000 0.000000
    55 0.000002 -0.000002 0.000000 -3.141593 0.000000 -0.000001
    56 0.000007 0.000004 0.000000 -3.141593 0.000000 -0.000001
    57 0.000001 -0.000004 0.000000 -3.141593 0.000000 0.000000
    58 0.000002 0.000010 0.000000 -3.141593 0.000000 0.000000
    59 0.000000 0.000000 0.000000 -3.141593 0.000000 0.000000
    60 -0.000001 -0.000004 0.000000 -3.141593 0.000000 0.000000
    61 0.000000 -0.000004 0.000000 -3.141593 0.000000 0.000000
    62 0.000001 -0.000002 0.000000 -3.141593 0.000000 0.000001
    63 0.000001 -0.000002 0.000000 3.141592 0.000000 -0.000001
    64 0.000000 0.000000 0.000000 -3.141593 0.000000 0.000000
    65 0.000000 0.000000 0.000000 -1.570797 -0.000001 0.000000
    66 0.000000 0.000000 0.000000 0.000000 0.000000 0.000000
    67 1.200001 0.000000 0.000000 0.000000 0.000000 0.000000
    68 0.000000 0.300000 0.000000 0.000000 0.000000 0.174533
    69 0.000000 0.000000 -0.000001 0.000000 0.000000 0.000000
    70 0.000000 0.000000 -0.000001 -3.141593 0.000000 0.000000
    71 0.000000 0.000000 0.000000 0.000001 0.000000 0.349065
    72 -0.000004 0.000003 0.000000 0.000000 0.000000 0.000000
    73 0.000009 -0.000006 0.000000 0.000000 0.000000 -0.000001
    74 0.000000 -0.000002 -0.000001 0.000000 -0.000001 -0.000001
    75 0.000000 0.000000 0.000000 0.000000 0.000000 0.000000
    76 0.000000 0.000000 0.000000 0.000000 0.000000 0.000001
    77 0.000000 0.000002 0.000000 0.000000 0.000000 0.000000
    78 -0.000007 -0.000013 0.000000 0.000000 0.000000 0.000001
    79 0.000000 0.000000 0.000000 0.000000 0.000000 0.000000
    80 0.000000 0.000000 0.000000 0.000000 0.000000 0.000000
    81 0.000000 0.000000 0.000000 0.000000 0.000000 0.000000
    82 0.000000 0.000000 0.000000 0.000000 0.000000 0.000000
    83 0.000000 0.000000 0.000004 -1.570797 0.000001 0.000000
  time 9
    0 -5.275417 -14.489283 -9.458060 -1.469452 0.046668 -1.507454
    1 9.243773 6.139962 1.326173 -0.000001 0.000001 -1.570796
    2 1.512482 -1.240687 -0.005672 -0.000002 -0.000003 0.000000
    3 17.667921 -1.384574 1.233112 0.000000 -0.000003 -3.141592
    4 13.081079 -1.084008 0.792839 1.570797 -0.879478 -3.141593
    5 0.758741 0.000010 -0.000001 -1.570796 0.000000 -1.124720
    6 12.977262 -1.858502 0.676013 0.518314 -0.428322 -2.516407
    7 0.562688 -0.000006 -0.000004 -0.013014 -0.008068 -0.959463
    8 -2.935780 -23.494572 -11.478085 -3.023878 -1.162485 -0.044363
    9 2.341381 0.000021 0.000003 1.570798 1.242323 0.000002
    10 2.703107 -19.172430 -13.817887 2.888142 0.069315 -1.615902
    11 1.473635 0.639422 -1.295233 1.947651 0.780370 0.410169
    12 1.832607 -0.000004 0.000007 3.165990 0.040753 0.384424
    13 1.003331 0.000000 0.000000 -3.133779 0.128739 -0.259759
    14 3.823887 -0.419591 -1.411516 0.069820 0.155302 0.207668
    15 2.187963 0.000000 0.000000 -0.165860 -0.079982 1.419145
    16 1.100958 -0.000014 0.000000 0.087789 -0.052675 -0.184191
    17 3.987879 -0.577435 -0.474708 0.200599 0.169222 0.195927
    18 1.890100 -0.000008 0.000000 -0.153902 -0.042688 1.467060
    19 1.310926 0.000015 0.000000 -0.029730 0.074269 -0.259831
    20 4.117973 -0.654501 0.453699 0.085604 0.094078 0.260901
    21 1.655293 0.000002 0.000000 -0.029296 -0.049149 1.283708
    22 0.869586 0.000011 0.000000 0.062963 -0.019305 0.011264
    23 4.150639 -0.581580 1.354867 -0.178487 0.129533 0.002321
    24 1.157248 -0.000013 -0.000002 0.194855 -0.267812 1.185099
    25 1.019835 0.000002 0.000002 -1.675130 0.086219 0.371305
    26 3.429456 -5.007721 -5.116617 -1.298818 1.390767 -1.119377
    27 12.695436 0.000001 0.000018 -0.264650 0.293673 -1.725868
    28 -5.793243 -9.537281 -12.794418 3.172739 0.052727 -1.495031
    29 1.474217 -0.497913 -1.376119 1.283294 0.486350 -0.349537
    30 1.832175 -0.000001 0.000001 -2.584557 -0.154226 0.716821
    31 1.042012 0.000000 -0.000006 -2.947027 -0.173385 -0.033771
    32 3.823319 0.664870 -1.331676 0.113609 0.291967 -0.310053
    33 2.152367 0.000010 0.000000 0.048427 -0.257689 -0.122177
    34 1.056626 -0.000010 0.000000 0.273385 -0.069605 -0.538064
    35 3.985126 0.881823 -0.368987 0.187084 0.205031 -0.528366
    36 1.830173 0.000000 0.000000 0.309987 -0.029019 -1.518072
    37 1.561352 0.000013 0.000000 0.027387 0.000717 -1.353498
    38 4.116548 0.711289 0.551868 0.372897 0.175497 -0.950866
    39 1.752729 -0.000006 0.000000 0.065686 0.077341 -1.199521
    40 0.869356 0.000002 0.000000 0.010534 -0.055976 -0.881550
    41 4.118825 0.331244 1.419828 0.091710 0.246073 -1.081329
    42 1.176325 -0.000002 0.000000 0.019561 0.360394 -0.780529
    43 0.970213 0.000000 0.000000 1.685136 0.078242 -1.123240
    44 -9.258431 -0.998731 -5.116617 0.724932 1.310596 -4.971918
    45 12.706341 0.000001 0.000000 -0.387632 0.246003 -2.185016
    46 11.809021 -1.206475 0.191726 -0.000002 -0.000003 0.000000
    47 0.598399 -0.643255 -0.162013 0.000000 -1.570796 -0.835635
    48 0.000010 0.000000 0.000011 0.000000 0.000000 0.000000
    49 1.200000 0.000000 0.000000 0.000000 0.000000 0.000000
    50 0.000010 -0.300000 0.000000 -3.141593 0.000000 -0.174533
    51 0.000000 -0.000001 0.000003 0.000001 -0.000001 0.000000
    52 0.000002 0.000000 -0.000002 -3.141593 0.000001 0.000000
    53 0.000002 0.000000 0.000002 0.000000 0.000000 0.349066
    54 0.000000 0.000000 0.000000 -3.141593 0.000000 0.000000
    55 0.000002 -0.000002 0.000000 -3.141593 0.000000 -0.000001
    56 0.000007 0.000004 0.000000 -3.141593 0.000000 -0.000001
    57 0.000001 -0.000004 0.000000 -3.141593 0.000000 0.000000
    58 0.000002 0.000010 0.000000 -3.141593 0.000000 0.000000
    59 0.000000 0.000000 0.000000 -3.141593 0.000000 0.000000
    60 -0.000001 -0.000004 0.000000 -3.141593 0.000000 0.000000
    61 0.000000 -0.000004 0.000000 -3.141593 0.000000 0.000000
    62 0.000001 -0.000002 0.000000 -3.141593 0.000000 0.000001
    63 0.000001 -0.000002 0.000000 3.141592 0.000000 -0.000001
    64 0.000000 0.000000 0.000000 -3.141593 0.000000 0.000000
    65 0.000000 0.000000 0.000000 -1.570797 -0.000001 0.000000
    66 0.000000 0.000000 0.000000 0.000000 0.000000 0.000000
    67 1.200001 0.000000 0.000000 0.000000 0.000000 0.000000
    68 0.000000 0.300000 0.000000 0.000000 0.000000 0.174533
    69 0.000000 0.000000 -0.000001 0.000000 0.000000 0.000000
    70 0.000000 0.000000 -0.000001 -3.141593 0.000000 0.000000
    71 0.000000 0.000000 0.000000 0.000001 0.000000 0.349065
    72 -0.000004 0.000003 0.000000 0.000000 0.000000 0.000000
    73 0.000009 -0.000006 0.000000 0.000000 0.000000 -0.000001
    74 0.000000 -0.000002 -0.000001 0.000000 -0.000001 -0.000001
    75 0.000000 0.000000 0.000000 0.000000 0.000000 0.000000
    76 0.000000 0.000000 0.000000 0.000000 0.000000 0.000001
    77 0.000000 0.000002 0.000000 0.000000 0.000000 0.000000
    78 -0.000007 -0.000013 0.000000 0.000000 0.000000 0.000001
    79 0.000000 0.000000 0.000000 0.000000 0.000000 0.000000
    80 0.000000 0.000000 0.000000 0.000000 0.000000 0.000000
    81 0.000000 0.000000 0.000000 0.000000 0.000000 0.000000
    82 0.000000 0.000000 0.000000 0.000000 0.000000 0.000000
    83 0.000000 0.000000 0.000004 -1.570797 0.000001 0.000000
  time 10
    0 -5.275417 -14.012706 -10.059641 -1.475420 0.079949 -1.495170
    1 9.243773 6.139962 1.326173 -0.000001 0.000001 -1.570796
    2 1.508576 -1.240687 -0.005672 -0.000002 -0.000003 0.000000
    3 17.667921 -1.384574 1.233112 0.000000 -0.000003 -3.141592
    4 13.081079 -1.084008 0.792839 1.570797 -0.879478 -3.141593
    5 0.758741 0.000010 -0.000001 -1.570796 0.000000 -1.124720
    6 12.977262 -1.858502 0.676013 0.518314 -0.428322 -2.516407
    7 0.562688 -0.000006 -0.000004 -0.013014 -0.008068 -0.959463
    8 -2.842027 -22.920335 -12.388269 -2.944127 -1.151765 -0.104791
    9 2.341381 0.000021 0.000003 1.570798 1.242323 0.000002
    10 2.808579 -18.422407 -14.942922 2.842714 0.101777 -1.604032
    11 1.473635 0.639422 -1.295233 1.956476 0.769944 0.417438
    12 1.832607 -0.000004 0.000007 3.171670 0.047584 0.357666
    13 1.003331 0.000000 0.000000 -3.133779 0.128739 -0.259759
    14 3.823887 -0.419591 -1.411516 0.069808 0.155302 0.207668
    15 2.187963 0.000000 0.000000 -0.165860 -0.079982 1.419145
    16 1.100958 -0.000014 0.000000 0.087789 -0.052675 -0.184191
    17 3.987879 -0.577435 -0.474708 0.200599 0.169222 0.195927
    18 1.890100 -0.000008 0.000000 -0.153902 -0.042688 1.467060
    19 1.310926 0.000015 0.000000 -0.029730 0.074269 -0.259831
    20 4.117973 -0.654501 0.453699 0.085604 0.094078 0.260901
    21 1.655293 0.000002 0.000000 -0.029296 -0.049149 1.283708
    22 0.869586 0.000011 0.000000 0.062963 -0.019305 0.011264
    23 4.150639 -0.581580 1.354867 -0.178487 0.129533 0.002321
    24 1.157248 -0.000013 -0.000002 0.194855 -0.267812 1.185099
    25 1.019835 0.000002 0.000002 -1.675130 0.086219 0.371305
    26 3.429456 -5.007721 -5.116617 -0.976420 1.457887 -0.792345
    27 12.695436 0.000001 0.000018 -0.264707 0.293673 -1.726202
    28 -5.886996 -8.963045 -13.228025 3.167143 0.086129 -1.482736
    29 1.474217 -0.497913 -1.376119 1.283294 0.486350 -0.349537
    30 1.832175 -0.000001 0.000001 -2.584557 -0.154226 0.716821
    31 1.042012 0.000000 -0.000006 -2.947027 -0.173385 -0.033771
    32 3.823319 0.664870 -1.331676 0.113609 0.291967 -0.310053
    33 2.152367 0.000010 0.000000 0.048427 -0.257689 -0.122177
    34 1.056626 -0.000010 0.000000 0.273385 -0.069605 -0.538064
    35 3.985126 0.881823 -0.368987 0.187084 0.205031 -0.528366
    36 1.830173 0.000000 0.000000 0.309987 -0.029019 -1.518072
    37 1.561352 0.000013 0.000000 0.027387 0.000717 -1.353498
    38 4.116548 0.711289 0.551868 0.372897 0.175497 -0.950866
    39 1.752729 -0.000006 0.000000 0.065686 0.077341 -1.199521
    40 0.869356 0.000002 0.000000 0.010534 -0.055976 -0.881550
    41 4.118825 0.331244 1.419828 0.091710 0.246073 -1.081329
    42 1.176325 -0.000002 0.000000 0.019561 0.360394 -0.780529
    43 0.970213 0.000000 0.000000 1.685136 0.078255 -1.123257
    44 -9.258431 -0.998731 -5.116617 0.807862 1.248119 -4.890655
    45 12.706341 0.000001 0.000000 -0.390661 0.243918 -2.197522
    46 11.809021 -1.206475 0.191726 -0.000002 -0.000003 0.000000
    47 0.598399 -0.643255 -0.162013 0.000000 -1.570796 -0.835635
    48 0.000010 0.000000 0.000011 0.000000 0.000000 0.000000
    49 1.200000 0.000000 0.000000 0.000000 0.000000 0.000000
    50 0.000010 -0.300000 0.000000 -3.141593 0.000000 -0.174533
    51 0.000000 -0.000001 0.000003 0.000001 -0.000001 0.000000
    52 0.000002 0.000000 -0.000002 -3.141593 0.000001 0.000000
    53 0.000002 0.000000 0.000002 0.000000 0.000000 0.349066
    54 0.000000 0.000000 0.000000 -3.141593 0.000000 0.000000
    55 0.000002 -0.000002 0.000000 -3.141593 0.000000 -0.000001
    56 0.000007 0.000004 0.000000 -3.141593 0.000000 -0.000001
    57 0.000001 -0.000004 0.000000 -3.141593 0.000000 0.000000
    58 0.000002 0.000010 0.000000 -3.141593 0.000000 0.000000
    59 0.000000 0.000000 0.000000 -3.141593 0.000000 0.000000
    60 -0.000001 -0.000004 0.000000 -3.141593 0.000000 0.000000
    61 0.000000 -0.000004 0.000000 -3.141593 0.000000 0.000000
    62 0.000001 -0.000002 0.000000 -3.141593 0.000000 0.000001
    63 0.000001 -0.000002 0.000000 3.141592 0.000000 -0.000001
    64 0.000000 0.000000 0.000000 -3.141593 0.000000 0.000000
    65 0.000000 0.000000 0.000000 -1.570797 -0.000001 0.000000
    66 0.000000 0.000000 0.000000 0.000000 0.000000 0.000000
    67 1.200001 0.000000 0.000000 0.000000 0.000000 0.000000
    68 0.000000 0.300000 0.000000 0.000000 0.000000 0.174533
    69 0.000000 0.000000 -0.000001 0.000000 0.000000 0.000000
    70 0.000000 0.000000 -0.000001 -3.141593 0.000000 0.000000
    71 0.000000 0.000000 0.000000 0.000001 0.000000 0.349065
    72 -0.000004 0.000003 0.000000 0.000000 0.000000 0.000000
    73 0.000009 -0.000006 0.000000 0.000000 0.000000 -0.000001
    74 0.000000 -0.000002 -0.000001 0.000000 -0.000001 -0.000001
    75 0.000000 0.000000 0.000000 0.000000 0.000000 0.000000
    76 0.000000 0.000000 0.000000 0.000000 0.000000 0.000001
    77 0.000000 0.000002 0.000000 0.000000 0.000000 0.000000
    78 -0.000007 -0.000013 0.000000 0.000000 0.000000 0.000001
    79 0.000000 0.000000 0.000000 0.000000 0.000000 0.000000
    80 0.000000 0.000000 0.000000 0.000000 0.000000 0.000000
    81 0.000000 0.000000 0.000000 0.000000 0.000000 0.000000
    82 0.000000 0.000000 0.000000 0.000000 0.000000 0.000000
    83 0.000000 0.000000 0.000004 -1.570797 0.000001 0.000000
  time 11
    0 -5.275417 -13.657226 -10.653409 -1.480909 0.109501 -1.484153
    1 9.243773 6.139962 1.326173 -0.000001 0.000001 -1.570796
    2 1.512482 -1.240687 -0.005672 -0.000002 -0.000003 0.000000
    3 17.667921 -1.384574 1.233112 0.000000 -0.000003 -3.141592
    4 13.081079 -1.084008 0.792839 1.570797 -0.879478 -3.141593
    5 0.758741 0.000010 -0.000001 -1.570796 0.000000 -1.124720
    6 12.977262 -1.858502 0.676013 0.518314 -0.428322 -2.516407
    7 0.562688 -0.000006 -0.000004 -0.013014 -0.008068 -0.959463
    8 -2.759993 -22.459384 -13.263295 -2.876903 -1.140182 -0.154771
    9 2.341381 0.000021 0.000003 1.570798 1.242323 0.000002
    10 2.808579 -17.793481 -16.036705 2.797379 0.130534 -1.593534
    11 1.473635 0.639422 -1.295233 1.965128 0.757408 0.424413
    12 1.832607 -0.000004 0.000007 3.177674 0.054967 0.334919
    13 1.003331 0.000000 0.000000 -3.133779 0.128739 -0.259759
    14 3.823887 -0.419591 -1.411516 0.069808 0.155302 0.207668
    15 2.187963 0.000000 0.000000 -0.165860 -0.079982 1.419145
    16 1.100958 -0.000014 0.000000 0.087789 -0.052675 -0.184191
    17 3.987879 -0.577435 -0.474708 0.200599 0.169222 0.195927
    18 1.890100 -0.000008 0.000000 -0.153902 -0.042688 1.467060
    19 1.310926 0.000015 0.000000 -0.029730 0.074269 -0.259831
    20 4.117973 -0.654501 0.453699 0.085604 0.094078 0.260901
    21 1.655293 0.000002 0.000000 -0.029296 -0.049149 1.283708
    22 0.869586 0.000011 0.000000 0.062963 -0.019305 0.011264
    23 4.150639 -0.581580 1.354867 -0.178487 0.129533 0.002321
    24 1.157248 -0.000013 -0.000002 0.194855 -0.267812 1.185099
    25 1.019835 0.000002 0.000002 -1.675130 0.086219 0.371305
    26 3.429456 -5.007721 -5.116617 -0.369273 1.487498 -0.190899
    27 12.695436 0.000001 0.000018 -0.259105 0.294452 -1.706875
    28 -5.972936 -8.525531 -13.673351 3.162002 0.115741 -1.471645
    29 1.474217 -0.497913 -1.376119 1.283294 0.486350 -0.349537
    30 1.832175 -0.000001 0.000001 -2.584557 -0.154226 0.716821
    31 1.042012 0.000000 -0.000006 -2.947027 -0.173385 -0.033771
    32 3.823319 0.664870 -1.331676 0.113609 0.291967 -0.310053
    33 2.152367 0.000010 0.000000 0.048427 -0.257689 -0.122177
    34 1.056626 -0.000010 0.000000 0.273385 -0.069605 -0.538064
    35 3.985126 0.881823 -0.368987 0.187084 0.205031 -0.528366
    36 1.830173 0.000000 0.000000 0.309987 -0.029019 -1.518072
    37 1.561352 0.000013 0.000000 0.027387 0.000717 -1.353498
    38 4.116548 0.711289 0.551868 0.372897 0.175497 -0.950866
    39 1.752729 -0.000006 0.000000 0.065686 0.077341 -1.199521
    40 0.869356 0.000002 0.000000 0.010534 -0.055976 -0.881550
    41 4.118825 0.331244 1.419828 0.091710 0.246073 -1.081329
    42 1.176325 -0.000002 0.000000 0.019561 0.360394 -0.780529
    43 0.970213 0.000000 0.000000 1.685136 0.078242 -1.123257
    44 -9.258431 -0.998731 -5.116617 0.846550 1.194374 -4.860502
    45 12.706341 0.000001 0.000000 -0.390661 0.243918 -2.197675
    46 11.809021 -1.206475 0.191726 -0.000002 -0.000003 0.000000
    47 0.598399 -0.643255 -0.162013 0.000000 -1.570796 -0.835635
    48 0.000010 0.000000 0.000011 0.000000 0.000000 0.000000
    49 1.200000 0.000000 0.000000 0.000000 0.000000 0.000000
    50 0.000010 -0.300000 0.000000 -3.141593 0.000000 -0.174533
    51 0.000000 -0.000001 0.000003 0.000001 -0.000001 0.000000
    52 0.000002 0.000000 -0.000002 -3.141593 0.000001 0.000000
    53 0.000002 0.000000 0.000002 0.000000 0.000000 0.349066
    54 0.000000 0.000000 0.000000 -3.141593 0.000000 0.000000
    55 0.000002 -0.000002 0.000000 -3.141593 0.000000 -0.000001
    56 0.000007 0.000004 0.000000 -3.141593 0.000000 -0.000001
    57 0.000001 -0.000004 0.000000 -3.141593 0.000000 0.000000
    58 0.000002 0.000010 0.000000 -3.141593 0.000000 0.000000
    59 0.000000 0.000000 0.000000 -3.141593 0.000000 0.000000
    60 -0.000001 -0.000004 0.000000 -3.141593 0.000000 0.000000
    61 0.000000 -0.000004 0.000000 -3.141593 0.000000 0.000000
    62 0.000001 -0.000002 0.000000 -3.141593 0.000000 0.000001
    63 0.000001 -0.000002 0.000000 3.141592 0.000000 -0.000001
    64 0.000000 0.000000 0.000000 -3.141593 0.000000 0.000000
    65 0.000000 0.000000 0.000000 -1.570797 -0.000001 0.000000
    66 0.000000 0.000000 0.000000 0.000000 0.000000 0.000000
    67 1.200001 0.000000 0.000000 0.000000 0.000000 0.000000
    68 0.000000 0.300000 0.000000 0.000000 0.000000 0.174533
    69 0.000000 0.000000 -0.000001 0.000000 0.000000 0.000000
    70 0.000000 0.000000 -0.000001 -3.141593 0.000000 0.000000
    71 0.000000 0.000000 0.000000 0.000001 0.000000 0.349065
    72 -0.000004 0.000003 0.000000 0.000000 0.000000 0.000000
    73 0.000009 -0.000006 0.000000 0.000000 0.000000 -0.000001
    74 0.000000 -0.000002 -0.000001 0.000000 -0.000001 -0.000001
    75 0.000000 0.000000 0.000000 0.000000 0.000000 0.000000
    76 0.000000 0.000000 0.000000 0.000000 0.000000 0.000001
    77 0.000000 0.000002 0.000000 0.000000 0.000000 0.000000
    78 -0.000007 -0.000013 0.000000 0.000000 0.000000 0.000001
    79 0.000000 0.000000 0.000000 0.000000 0.000000 0.000000
    80 0.000000 0.000000 0.000000 0.000000 0.000000 0.000000
    81 0.000000 0.000000 0.000000 0.000000 0.000000 0.000000
    82 0.000000 0.000000 0.000000 0.000000 0.000000 0.000000
    83 0.000000 0.000000 0.000004 -1.570797 0.000001 0.000000
  time 12
    0 -5.275417 -13.364249 -11.305773 -1.486754 0.139686 -1.473009
    1 9.243773 6.139962 1.326173 -0.000001 0.000001 -1.570796
    2 1.528108 -1.240687 -0.005672 -0.000002 -0.000003 0.000000
    3 17.667921 -1.384574 1.233112 0.000000 -0.000003 -3.141592
    4 13.081079 -1.084008 0.792839 1.570797 -0.879478 -3.141593
    5 0.758741 0.000010 -0.000001 -1.570796 0.000000 -1.124720
    6 12.977262 -1.858502 0.676013 0.518314 -0.428322 -2.516407
    7 0.562688 -0.000006 -0.000004 -0.013014 -0.008068 -0.959463
    8 -2.674053 -22.057028 -14.193011 -2.811783 -1.126543 -0.201739
    9 2.341381 0.000021 0.000003 1.570798 1.242323 0.000002
    10 2.734358 -17.184088 -17.224241 2.749298 0.159877 -1.583036
    11 1.473635 0.639422 -1.295233 1.973357 0.743434 0.430748
    12 1.832607 -0.000004 0.000007 3.183871 0.062601 0.316346
    13 1.003331 0.000000 0.000000 -3.133779 0.128739 -0.259759
    14 3.823887 -0.419591 -1.411516 0.069808 0.155302 0.207668
    15 2.187963 0.000000 0.000000 -0.165860 -0.079982 1.419145
    16 1.100958 -0.000014 0.000000 0.087789 -0.052675 -0.184191
    17 3.987879 -0.577435 -0.474708 0.200599 0.169210 0.195927
    18 1.890100 -0.000008 0.000000 -0.153902 -0.042688 1.467060
    19 1.310926 0.000015 0.000000 -0.029730 0.074269 -0.259831
    20 4.117973 -0.654501 0.453699 0.085604 0.094078 0.260901
    21 1.655293 0.000002 0.000000 -0.029296 -0.049149 1.283708
    22 0.869586 0.000011 0.000000 0.062963 -0.019305 0.011264
    23 4.150639 -0.581580 1.354867 -0.178487 0.129533 0.002321
    24 1.157248 -0.000013 -0.000002 0.194855 -0.267812 1.185099
    25 1.019835 0.000002 0.000002 -1.675130 0.086219 0.371305
    26 3.429456 -5.007721 -5.116617 0.271023 1.477354 -5.846722
    27 12.695436 0.000001 0.000018 -0.247600 0.295710 -1.667419
    28 -6.051064 -8.150520 -14.161647 3.156492 0.145988 -1.460491
    29 1.474217 -0.497913 -1.376119 1.283294 0.486350 -0.349537
    30 1.832175 -0.000001 0.000001 -2.584557 -0.154226 0.716821
    31 1.042012 0.000000 -0.000006 -2.947027 -0.173385 -0.033771
    32 3.823319 0.664870 -1.331676 0.113609 0.291967 -0.310053
    33 2.152367 0.000010 0.000000 0.048427 -0.257689 -0.122177
    34 1.056626 -0.000010 0.000000 0.273385 -0.069605 -0.538064
    35 3.985126 0.881823 -0.368987 0.187084 0.205031 -0.528366
    36 1.830173 0.000000 0.000000 0.309987 -0.029019 -1.518072
    37 1.561352 0.000013 0.000000 0.027387 0.000717 -1.353498
    38 4.116548 0.711289 0.551868 0.372897 0.175497 -0.950866
    39 1.752729 -0.000006 0.000000 0.065686 0.077341 -1.199521
    40 0.869356 0.000002 0.000000 0.010534 -0.055976 -0.881550
    41 4.118825 0.331244 1.419828 0.091710 0.246073 -1.081329
    42 1.176325 -0.000002 0.000000 0.019561 0.360394 -0.780529
    43 0.970213 0.000000 0.000000 1.685136 0.078242 -1.123257
    44 -9.258431 -0.998731 -5.116617 0.874129 1.146917 -4.844674
    45 12.706341 0.000001 0.000000 -0.388205 0.245608 -2.187380
    46 11.809021 -1.206475 0.191726 -0.000002 -0.000003 0.000000
    47 0.598399 -0.643255 -0.162013 0.000000 -1.570796 -0.835635
    48 0.000010 0.000000 0.000011 0.000000 0.000000 0.000000
    49 1.200000 0.000000 0.000000 0.000000 0.000000 0.000000
    50 0.000010 -0.300000 0.000000 -3.141593 0.000000 -0.174533
    51 0.000000 -0.000001 0.000003 0.000001 -0.000001 0.000000
    52 0.000002 0.000000 -0.000002 -3.141593 0.000001 0.000000
    53 0.000002 0.000000 0.000002 0.000000 0.000000 0.349066
    54 0.000000 0.000000 0.000000 -3.141593 0.000000 0.000000
    55 0.000002 -0.000002 0.000000 -3.141593 0.000000 -0.000001
    56 0.000007 0.000004 0.000000 -3.141593 0.000000 -0.000001
    57 0.000001 -0.000004 0.000000 -3.141593 0.000000 0.000000
    58 0.000002 0.000010 0.000000 -3.141593 0.000000 0.000000
    59 0.000000 0.000000 0.000000 -3.141593 0.000000 0.000000
    60 -0.000001 -0.000004 0.000000 -3.141593 0.000000 0.000000
    61 0.000000 -0.000004 0.000000 -3.141593 0.000000 0.000000
    62 0.000001 -0.000002 0.000000 -3.141593 0.000000 0.000001
    63 0.000001 -0.000002 0.000000 3.141592 0.000000 -0.000001
    64 0.000000 0.000000 0.000000 -3.141593 0.000000 0.000000
    65 0.000000 0.000000 0.000000 -1.570797 -0.000001 0.000000
    66 0.000000 0.000000 0.000000 0.000000 0.000000 0.000000
    67 1.200001 0.000000 0.000000 0.000000 0.000000 0.000000
    68 0.000000 0.300000 0.000000 0.000000 0.000000 0.174533
    69 0.000000 0.000000 -0.000001 0.000000 0.000000 0.000000
    70 0.000000 0.000000 -0.000001 -3.141593 0.000000 0.000000
    71 0.000000 0.000000 0.000000 0.000001 0.000000 0.349065
    72 -0.000004 0.000003 0.000000 0.000000 0.000000 0.000000
    73 0.000009 -0.000006 0.000000 0.000000 0.000000 -0.000001
    74 0.000000 -0.000002 -0.000001 0.000000 -0.000001 -0.000001
    75 0.000000 0.000000 0.000000 0.000000 0.000000 0.000000
    76 0.000000 0.000000 0.000000 0.000000 0.000000 0.000001
    77 0.000000 0.000002 0.000000 0.000000 0.000000 0.000000
    78 -0.000007 -0.000013 0.000000 0.000000 0.000000 0.000001
    79 0.000000 0.000000 0.000000 0.000000 0.000000 0.000000
    80 0.000000 0.000000 0.000000 0.000000 0.000000 0.000000
    81 0.000000 0.000000 0.000000 0.000000 0.000000 0.000000
    82 0.000000 0.000000 0.000000 0.000000 0.000000 0.000000
    83 0.000000 0.000000 0.000004 -1.570797 0.000001 0.000000
  time 13
    0 -5.271510 -13.059552 -12.079234 -1.493815 0.175905 -1.460662
    1 9.243773 6.139962 1.326173 -0.000001 0.000001 -1.570796
    2 1.512482 -1.240687 -0.005672 -0.000002 -0.000003 0.000000
    3 17.667921 -1.384574 1.233112 0.000000 -0.000003 -3.141592
    4 13.081079 -1.084008 0.792839 1.570797 -0.879478 -3.141593
    5 0.758741 0.000010 -0.000001 -1.570796 0.000000 -1.124720
    6 12.977262 -1.858502 0.676013 0.518314 -0.428322 -2.516407
    7 0.562688 -0.000006 -0.000004 -0.013014 -0.008068 -0.959463
    8 -2.568581 -21.611702 -15.298514 -2.738726 -1.108101 -0.253695
    9 2.341381 0.000021 0.000003 1.570798 1.242323 -0.000010
    10 2.605448 -16.488754 -18.568032 2.700379 0.195130 -1.571524
    11 1.473635 0.639422 -1.295233 1.980894 0.728933 0.436151
    12 1.832607 -0.000004 0.000007 3.190174 0.070175 0.301738
    13 1.003331 0.000000 0.000000 -3.133779 0.128739 -0.259759
    14 3.823887 -0.419591 -1.411516 0.069844 0.155302 0.207668
    15 2.187963 0.000000 0.000000 -0.165860 -0.079982 1.419145
    16 1.100958 -0.000014 0.000000 0.087789 -0.052675 -0.184191
    17 3.987879 -0.577435 -0.474708 0.200599 0.169222 0.195927
    18 1.890100 -0.000008 0.000000 -0.153902 -0.042688 1.467060
    19 1.310926 0.000015 0.000000 -0.029730 0.074269 -0.259831
    20 4.117973 -0.654501 0.453699 0.085604 0.094078 0.260901
    21 1.655293 0.000002 0.000000 -0.029296 -0.049149 1.283708
    22 0.869586 0.000011 0.000000 0.062963 -0.019305 0.011264
    23 4.150639 -0.581580 1.354867 -0.178487 0.129533 0.002321
    24 1.157248 -0.000013 -0.000002 0.194855 -0.267812 1.185099
    25 1.019835 0.000002 0.000002 -1.675130 0.086219 0.371305
    26 3.429456 -5.007721 -5.116617 0.662473 1.444636 -5.474472
    27 12.695436 0.000001 0.000018 -0.230636 0.296837 -1.609171
    28 -6.133098 -7.759883 -14.747602 3.149900 0.182263 -1.448259
    29 1.474217 -0.497913 -1.376119 1.283294 0.486350 -0.349537
    30 1.832175 -0.000001 0.000001 -2.584557 -0.154226 0.716821
    31 1.042012 0.000000 -0.000006 -2.947027 -0.173385 -0.033771
    32 3.823319 0.664870 -1.331676 0.113609 0.291967 -0.310053
    33 2.152367 0.000010 0.000000 0.048427 -0.257689 -0.122177
    34 1.056626 -0.000010 0.000000 0.273385 -0.069605 -0.538064
    35 3.985126 0.881823 -0.368987 0.187084 0.205031 -0.528366
    36 1.830173 0.000000 0.000000 0.309987 -0.029019 -1.518072
    37 1.561352 0.000013 0.000000 0.027387 0.000717 -1.353498
    38 4.116548 0.711289 0.551868 0.372897 0.175497 -0.950866
    39 1.752729 -0.000006 0.000000 0.065686 0.077341 -1.199521
    40 0.869356 0.000002 0.000000 0.010534 -0.055976 -0.881550
    41 4.118825 0.331244 1.419828 0.091710 0.246073 -1.081329
    42 1.176325 -0.000002 0.000000 0.019561 0.360394 -0.780529
    43 0.970213 0.000000 0.000000 1.685117 0.078242 -1.123257
    44 -9.258431 -0.998731 -5.116617 0.908508 1.101677 -4.818500
    45 12.706341 0.000001 0.000000 -0.383686 0.248664 -2.169002
    46 11.809021 -1.206475 0.191726 -0.000002 -0.000003 0.000000
    47 0.598399 -0.643255 -0.162013 0.000000 -1.570796 -0.835635
    48 0.000010 0.000000 0.000011 0.000000 0.000000 0.000000
    49 1.200000 0.000000 0.000000 0.000000 0.000000 0.000000
    50 0.000010 -0.300000 0.000000 -3.141593 0.000000 -0.174533
    51 0.000000 -0.000001 0.000003 0.000001 -0.000001 0.000000
    52 0.000002 0.000000 -0.000002 -3.141593 0.000001 0.000000
    53 0.000002 0.000000 0.000002 0.000000 0.000000 0.349066
    54 0.000000 0.000000 0.000000 -3.141593 0.000000 0.000000
    55 0.000002 -0.000002 0.000000 -3.141593 0.000000 -0.000001
    56 0.000007 0.000004 0.000000 -3.141593 0.000000 -0.000001
    57 0.000001 -0.000004 0.000000 -3.141593 0.000000 0.000000
    58 0.000002 0.000010 0.000000 -3.141593 0.000000 0.000000
    59 0.000000 0.000000 0.000000 -3.141593 0.000000 0.000000
    60 -0.000001 -0.000004 0.000000 -3.141593 0.000000 0.000000
    61 0.000000 -0.000004 0.000000 -3.141593 0.000000 0.000000
    62 0.000001 -0.000002 0.000000 -3.141593 0.000000 0.000001
    63 0.000001 -0.000002 0.000000 3.141592 0.000000 -0.000001
    64 0.000000 0.000000 0.000000 -3.141593 0.000000 0.000000
    65 0.000000 0.000000 0.000000 -1.570797 -0.000001 0.000000
    66 0.000000 0.000000 0.000000 0.000000 0.000000 0.000000
    67 1.200001 0.000000 0.000000 0.000000 0.000000 0.000000
    68 0.000000 0.300000 0.000000 0.000000 0.000000 0.174533
    69 0.000000 0.000000 -0.000001 0.000000 0.000000 0.000000
    70 0.000000 0.000000 -0.000001 -3.141593 0.000000 0.000000
    71 0.000000 0.000000 0.000000 0.000001 0.000000 0.349065
    72 -0.000004 0.000003 0.000000 0.000000 0.000000 0.000000
    73 0.000009 -0.000006 0.000000 0.000000 0.000000 -0.000001
    74 0.000000 -0.000002 -0.000001 0.000000 -0.000001 -0.000001
    75 0.000000 0.000000 0.000000 0.000000 0.000000 0.000000
    76 0.000000 0.000000 0.000000 0.000000 0.000000 0.000001
    77 0.000000 0.000002 0.000000 0.000000 0.000000 0.000000
    78 -0.000007 -0.000013 0.000000 0.000000 0.000000 0.000001
    79 0.000000 0.000000 0.000000 0.000000 0.000000 0.000000
    80 0.000000 0.000000 0.000000 0.000000 0.000000 0.000000
    81 0.000000 0.000000 0.000000 0.000000 0.000000 0.000000
    82 0.000000 0.000000 0.000000 0.000000 0.000000 0.000000
    83 0.000000 0.000000 0.000004 -1.570797 0.000001 0.000000
  time 14
    0 -5.236353 -12.758761 -12.946448 -1.501637 0.216662 -1.447618
    1 9.243773 6.139962 1.326173 -0.000001 0.000001 -1.570796
    2 1.508576 -1.240687 -0.005672 -0.000002 -0.000003 0.000000
    3 17.667921 -1.384574 1.233112 0.000000 -0.000003 -3.141592
    4 13.081079 -1.084008 0.792839 1.570797 -0.879478 -3.141593
    5 0.758741 0.000010 -0.000001 -1.570796 0.000000 -1.124720
    6 12.977262 -1.858502 0.676013 0.518314 -0.428322 -2.516407
    7 0.562688 -0.000006 -0.000004 -0.013014 -0.008068 -0.959463
    8 -2.455296 -21.135125 -16.540739 -2.662991 -1.085233 -0.306593
    9 2.341381 0.000021 0.000003 1.570798 1.242323 0.000002
    10 2.460912 -15.738731 -19.970419 2.655044 0.234794 -1.559654
    11 1.473635 0.639422 -1.295233 1.987585 0.714359 0.440768
    12 1.832607 -0.000004 0.000007 3.196047 0.077258 0.290979
    13 1.003331 0.000000 0.000000 -3.133779 0.128739 -0.259759
    14 3.823887 -0.419591 -1.411516 0.069892 0.155302 0.207668
    15 2.187963 0.000000 0.000000 -0.165860 -0.079982 1.419145
    16 1.100958 -0.000014 0.000000 0.087789 -0.052675 -0.184191
    17 3.987879 -0.577435 -0.474708 0.200599 0.169222 0.195927
    18 1.890100 -0.000008 0.000000 -0.153902 -0.042688 1.467060
    19 1.310926 0.000015 0.000000 -0.029730 0.074269 -0.259831
    20 4.117973 -0.654501 0.453699 0.085604 0.094078 0.260901
    21 1.655293 0.000002 0.000000 -0.029296 -0.049149 1.283708
    22 0.869586 0.000011 0.000000 0.062963 -0.019305 0.011264
    23 4.150639 -0.581580 1.354867 -0.178487 0.129533 0.002321
    24 1.157248 -0.000013 -0.000002 0.194855 -0.267812 1.185099
    25 1.019835 0.000002 0.000002 -1.675130 0.086219 0.371305
    26 3.429456 -5.007721 -5.116617 0.860356 1.410061 -5.298076
    27 12.695436 0.000001 0.000018 -0.208729 0.296861 -1.534471
    28 -6.207319 -7.369246 -15.380434 3.142545 0.223121 -1.435077
    29 1.474217 -0.497913 -1.376119 1.283294 0.486350 -0.349537
    30 1.832175 -0.000001 0.000001 -2.584557 -0.154226 0.716821
    31 1.042012 0.000000 -0.000006 -2.947027 -0.173385 -0.033771
    32 3.823319 0.664870 -1.331676 0.113609 0.291967 -0.310053
    33 2.152367 0.000010 0.000000 0.048427 -0.257689 -0.122177
    34 1.056626 -0.000010 0.000000 0.273385 -0.069605 -0.538064
    35 3.985126 0.881823 -0.368987 0.187084 0.205031 -0.528366
    36 1.830173 0.000000 0.000000 0.309987 -0.029019 -1.518072
    37 1.561352 0.000013 0.000000 0.027387 0.000717 -1.353498
    38 4.116548 0.711289 0.551868 0.372897 0.175497 -0.950866
    39 1.752729 -0.000006 0.000000 0.065686 0.077341 -1.199521
    40 0.869356 0.000002 0.000000 0.010534 -0.055976 -0.881550
    41 4.118825 0.331244 1.419828 0.091710 0.246073 -1.081329
    42 1.176325 -0.000002 0.000000 0.019561 0.360394 -0.780529
    43 0.970213 0.000000 0.000000 1.685136 0.078242 -1.123257
    44 -9.258431 -0.998731 -5.116617 0.943748 1.061323 -4.788701
    45 12.706341 0.000001 0.000000 -0.377038 0.252798 -2.142236
    46 11.809021 -1.206475 0.191726 -0.000002 -0.000003 0.000000
    47 0.598399 -0.643255 -0.162013 0.000000 -1.570796 -0.835635
    48 0.000010 0.000000 0.000011 0.000000 0.000000 0.000000
    49 1.200000 0.000000 0.000000 0.000000 0.000000 0.000000
    50 0.000010 -0.300000 0.000000 -3.141593 0.000000 -0.174533
    51 0.000000 -0.000001 0.000003 0.000001 -0.000001 0.000000
    52 0.000002 0.000000 -0.000002 -3.141593 0.000001 0.000000
    53 0.000002 0.000000 0.000002 0.000000 0.000000 0.349066
    54 0.000000 0.000000 0.000000 -3.141593 0.000000 0.000000
    55 0.000002 -0.000002 0.000000 -3.141593 0.000000 -0.000001
    56 0.000007 0.000004 0.000000 -3.141593 0.000000 -0.000001
    57 0.000001 -0.000004 0.000000 -3.141593 0.000000 0.000000
    58 0.000002 0.000010 0.000000 -3.141593 0.000000 0.000000
    59 0.000000 0.000000 0.000000 -3.141593 0.000000 0.000000
    60 -0.000001 -0.000004 0.000000 -3.141593 0.000000 0.000000
    61 0.000000 -0.000004 0.000000 -3.141593 0.000000 0.000000
    62 0.000001 -0.000002 0.000000 -3.141593 0.000000 0.000001
    63 0.000001 -0.000002 0.000000 3.141592 0.000000 -0.000001
    64 0.000000 0.000000 0.000000 -3.141593 0.000000 0.000000
    65 0.000000 0.000000 0.000000 -1.570797 -0.000001 0.000000
    66 0.000000 0.000000 0.000000 0.000000 0.000000 0.000000
    67 1.200001 0.000000 0.000000 0.000000 0.000000 0.000000
    68 0.000000 0.300000 0.000000 0.000000 0.000000 0.174533
    69 0.000000 0.000000 -0.000001 0.000000 0.000000 0.000000
    70 0.000000 0.000000 -0.000001 -3.141593 0.000000 0.000000
    71 0.000000 0.000000 0.000000 0.000001 0.000000 0.349065
    72 -0.000004 0.000003 0.000000 0.000000 0.000000 0.000000
    73 0.000009 -0.000006 0.000000 0.000000 0.000000 -0.000001
    74 0.000000 -0.000002 -0.000001 0.000000 -0.000001 -0.000001
    75 0.000000 0.000000 0.000000 0.000000 0.000000 0.000000
    76 0.000000 0.000000 0.000000 0.000000 0.000000 0.000001
    77 0.000000 0.000002 0.000000 0.000000 0.000000 0.000000
    78 -0.000007 -0.000013 0.000000 0.000000 0.000000 0.000001
    79 0.000000 0.000000 0.000000 0.000000 0.000000 0.000000
    80 0.000000 0.000000 0.000000 0.000000 0.000000 0.000000
    81 0.000000 0.000000 0.000000 0.000000 0.000000 0.000000
    82 0.000000 0.000000 0.000000 0.000000 0.000000 0.000000
    83 0.000000 0.000000 0.000004 -1.570797 0.000001 0.000000
  time 15
    0 -5.193383 -12.477503 -13.844913 -1.509594 0.259143 -1.434764
    1 9.243773 6.139962 1.326173 -0.000001 0.000001 -1.570796
    2 1.516389 -1.240687 -0.005672 -0.000002 -0.000003 0.000000
    3 17.667921 -1.384574 1.233112 0.000000 -0.000003 -3.141592
    4 13.081079 -1.084008 0.792839 1.570797 -0.879478 -3.141593
    5 0.758741 0.000010 -0.000001 -1.570796 0.000000 -1.124720
    6 12.977262 -1.858502 0.676013 0.518314 -0.428322 -2.516407
    7 0.562688 -0.000006 -0.000004 -0.013014 -0.008068 -0.959463
    8 -2.338105 -20.650735 -17.818122 -2.590508 -1.059445 -0.355726
    9 2.341381 0.000021 0.000003 1.570798 1.242323 -0.000010
    10 2.335908 -14.984802 -21.325929 2.615993 0.276095 -1.548082
    11 1.473635 0.639422 -1.295233 1.993180 0.700997 0.444476
    12 1.832607 -0.000004 0.000007 3.201368 0.083574 0.283420
    13 1.003331 0.000000 0.000000 -3.133779 0.128739 -0.259759
    14 3.823887 -0.419591 -1.411516 0.069892 0.155302 0.207668
    15 2.187963 0.000000 0.000000 -0.165860 -0.079982 1.419145
    16 1.100958 -0.000014 0.000000 0.087789 -0.052675 -0.184191
    17 3.987879 -0.577435 -0.474708 0.200599 0.169210 0.195927
    18 1.890100 -0.000008 0.000000 -0.153902 -0.042688 1.467060
    19 1.310926 0.000015 0.000000 -0.029730 0.074269 -0.259831
    20 4.117973 -0.654501 0.453699 0.085604 0.094078 0.260901
    21 1.655293 0.000002 0.000000 -0.029296 -0.049149 1.283708
    22 0.869586 0.000011 0.000000 0.062963 -0.019305 0.011264
    23 4.150639 -0.581580 1.354867 -0.178487 0.129533 0.002321
    24 1.157248 -0.000013 -0.000002 0.194855 -0.267812 1.185099
    25 1.019835 0.000002 0.000002 -1.675130 0.086219 0.371305
    26 3.429456 -5.007721 -5.116617 0.970454 1.383515 -5.208279
    27 12.695436 0.000001 0.000018 -0.183627 0.294835 -1.448403
    28 -6.273727 -7.009860 -16.056236 3.135104 0.265671 -1.422148
    29 1.474217 -0.497913 -1.376119 1.283294 0.486350 -0.349537
    30 1.832175 -0.000001 0.000001 -2.584557 -0.154226 0.716821
    31 1.042012 0.000000 -0.000006 -2.947027 -0.173385 -0.033771
    32 3.823319 0.664870 -1.331676 0.113609 0.291967 -0.310053
    33 2.152367 0.000010 0.000000 0.048427 -0.257689 -0.122177
    34 1.056626 -0.000010 0.000000 0.273385 -0.069605 -0.538064
    35 3.985126 0.881823 -0.368987 0.187084 0.205031 -0.528366
    36 1.830173 0.000000 0.000000 0.309987 -0.029019 -1.518072
    37 1.561352 0.000013 0.000000 0.027387 0.000717 -1.353498
    38 4.116548 0.711289 0.551868 0.372897 0.175497 -0.950866
    39 1.752729 -0.000006 0.000000 0.065686 0.077341 -1.199521
    40 0.869356 0.000002 0.000000 0.010534 -0.055976 -0.881550
    41 4.118825 0.331244 1.419828 0.091710 0.246073 -1.081329
    42 1.176325 -0.000002 0.000000 0.019561 0.360394 -0.780529
    43 0.970213 0.000000 0.000000 1.685136 0.078242 -1.123257
    44 -9.258431 -0.998731 -5.116617 0.975350 1.028569 -4.759609
    45 12.706341 0.000001 0.000000 -0.368622 0.257988 -2.108912
    46 11.809021 -1.206475 0.191726 -0.000002 -0.000003 0.000000
    47 0.598399 -0.643255 -0.162013 0.000000 -1.570796 -0.835635
    48 0.000010 0.000000 0.000011 0.000000 0.000000 0.000000
    49 1.200000 0.000000 0.000000 0.000000 0.000000 0.000000
    50 0.000010 -0.300000 0.000000 -3.141593 0.000000 -0.174533
    51 0.000000 -0.000001 0.000003 0.000001 -0.000001 0.000000
    52 0.000002 0.000000 -0.000002 -3.141593 0.000001 0.000000
    53 0.000002 0.000000 0.000002 0.000000 0.000000 0.349066
    54 0.000000 0.000000 0.000000 -3.141593 0.000000 0.000000
    55 0.000002 -0.000002 0.000000 -3.141593 0.000000 -0.000001
    56 0.000007 0.000004 0.000000 -3.141593 0.000000 -0.000001
    57 0.000001 -0.000004 0.000000 -3.141593 0.000000 0.000000
    58 0.000002 0.000010 0.000000 -3.141593 0.000000 0.000000
    59 0.000000 0.000000 0.000000 -3.141593 0.000000 0.000000
    60 -0.000001 -0.000004 0.000000 -3.141593 0.000000 0.000000
    61 0.000000 -0.000004 0.000000 -3.141593 0.000000 0.000000
    62 0.000001 -0.000002 0.000000 -3.141593 0.000000 0.000001
    63 0.000001 -0.000002 0.000000 3.141592 0.000000 -0.000001
    64 0.000000 0.000000 0.000000 -3.141593 0.000000 0.000000
    65 0.000000 0.000000 0.000000 -1.570797 -0.000001 0.000000
    66 0.000000 0.000000 0.000000 0.000000 0.000000 0.000000
    67 1.200001 0.000000 0.000000 0.000000 0.000000 0.000000
    68 0.000000 0.300000 0.000000 0.000000 0.000000 0.174533
    69 0.000000 0.000000 -0.000001 0.000000 0.000000 0.000000
    70 0.000000 0.000000 -0.000001 -3.141593 0.000000 0.000000
    71 0.000000 0.000000 0.000000 0.000001 0.000000 0.349065
    72 -0.000004 0.000003 0.000000 0.000000 0.000000 0.000000
    73 0.000009 -0.000006 0.000000 0.000000 0.000000 -0.000001
    74 0.000000 -0.000002 -0.000001 0.000000 -0.000001 -0.000001
    75 0.000000 0.000000 0.000000 0.000000 0.000000 0.000000
    76 0.000000 0.000000 0.000000 0.000000 0.000000 0.000001
    77 0.000000 0.000002 0.000000 0.000000 0.000000 0.000000
    78 -0.000007 -0.000013 0.000000 0.000000 0.000000 0.000001
    79 0.000000 0.000000 0.000000 0.000000 0.000000 0.000000
    80 0.000000 0.000000 0.000000 0.000000 0.000000 0.000000
    81 0.000000 0.000000 0.000000 0.000000 0.000000 0.000000
    82 0.000000 0.000000 0.000000 0.000000 0.000000 0.000000
    83 0.000000 0.000000 0.000004 -1.570797 0.000001 0.000000
  time 16
    0 -5.146507 -12.227495 -14.700408 -1.516925 0.299443 -1.423113
    1 9.243773 6.139962 1.326173 -0.000001 0.000001 -1.570796
    2 1.496857 -1.240687 -0.005672 -0.000002 -0.000003 0.000000
    3 17.667921 -1.384574 1.233112 0.000000 -0.000003 -3.141592
    4 13.081079 -1.084008 0.792839 1.570797 -0.879478 -3.141593
    5 0.758741 0.000010 -0.000001 -1.570796 0.000000 -1.124720
    6 12.977262 -1.858502 0.676013 0.518314 -0.428322 -2.516407
    7 0.562688 -0.000006 -0.000004 -0.013014 -0.008068 -0.959463
    8 -2.232633 -20.205409 -19.021284 -2.527587 -1.033344 -0.396576
    9 2.341381 0.000021 0.000003 1.570798 1.242323 0.000002
    10 2.206998 -14.277749 -22.560342 2.581782 0.315311 -1.537942
    11 1.473635 0.639422 -1.295233 1.997756 0.689288 0.447300
    12 1.832607 -0.000004 0.000007 3.205802 0.088931 0.278574
    13 1.003331 0.000000 0.000000 -3.133779 0.128739 -0.259759
    14 3.823887 -0.419591 -1.411516 0.069808 0.155302 0.207668
    15 2.187963 0.000000 0.000000 -0.165860 -0.079982 1.419145
    16 1.100958 -0.000014 0.000000 0.087789 -0.052675 -0.184191
    17 3.987879 -0.577435 -0.474708 0.200599 0.169222 0.195927
    18 1.890100 -0.000008 0.000000 -0.153902 -0.042688 1.467060
    19 1.310926 0.000015 0.000000 -0.029730 0.074269 -0.259831
    20 4.117973 -0.654501 0.453699 0.085604 0.094078 0.260901
    21 1.655293 0.000002 0.000000 -0.029296 -0.049149 1.283708
    22 0.869586 0.000011 0.000000 0.062963 -0.019305 0.011264
    23 4.150639 -0.581580 1.354867 -0.178487 0.129533 0.002321
    24 1.157248 -0.000013 -0.000002 0.194855 -0.267812 1.185099
    25 1.019835 0.000002 0.000002 -1.675130 0.086219 0.371305
    26 3.429456 -5.007721 -5.116617 1.021417 1.367717 -5.183158
    27 12.695436 0.000001 0.000018 -0.157135 0.290653 -1.356517
    28 -6.328416 -6.693444 -16.681255 3.128278 0.306053 -1.410360
    29 1.474217 -0.497913 -1.376119 1.283294 0.486350 -0.349537
    30 1.832175 -0.000001 0.000001 -2.584557 -0.154226 0.716843
    31 1.042012 0.000000 -0.000006 -2.947027 -0.173385 -0.033771
    32 3.823319 0.664870 -1.331676 0.113609 0.291967 -0.310053
    33 2.152367 0.000010 0.000000 0.048427 -0.257689 -0.122177
    34 1.056626 -0.000010 0.000000 0.273385 -0.069605 -0.538064
    35 3.985126 0.881823 -0.368987 0.187084 0.205031 -0.528366
    36 1.830173 0.000000 0.000000 0.309987 -0.029019 -1.518072
    37 1.561352 0.000013 0.000000 0.027387 0.000717 -1.353498
    38 4.116548 0.711289 0.551868 0.372897 0.175497 -0.950866
    39 1.752729 -0.000006 0.000000 0.065686 0.077341 -1.199521
    40 0.869356 0.000002 0.000000 0.010534 -0.055976 -0.881550
    41 4.118825 0.331244 1.419828 0.091710 0.246073 -1.081329
    42 1.176325 -0.000002 0.000000 0.019561 0.360394 -0.780529
    43 0.970213 0.000000 0.000000 1.685136 0.078242 -1.123257
    44 -9.258431 -0.998731 -5.116617 1.000918 1.004773 -4.733435
    45 12.706341 0.000001 0.000000 -0.359371 0.263021 -2.072919
    46 11.809021 -1.206475 0.191726 -0.000002 -0.000003 0.000000
    47 0.598399 -0.643255 -0.162013 0.000000 -1.570796 -0.835635
    48 0.000010 0.000000 0.000011 0.000000 0.000000 0.000000
    49 1.200000 0.000000 0.000000 0.000000 0.000000 0.000000
    50 0.000010 -0.300000 0.000000 -3.141593 0.000000 -0.174533
    51 0.000000 -0.000001 0.000003 0.000001 -0.000001 0.000000
    52 0.000002 0.000000 -0.000002 -3.141593 0.000001 0.000000
    53 0.000002 0.000000 0.000002 0.000000 0.000000 0.349066
    54 0.000000 0.000000 0.000000 -3.141593 0.000000 0.000000
    55 0.000002 -0.000002 0.000000 -3.141593 0.000000 -0.000001
    56 0.000007 0.000004 0.000000 -3.141593 0.000000 -0.000001
    57 0.000001 -0.000004 0.000000 -3.141593 0.000000 0.000000
    58 0.000002 0.000010 0.000000 -3.141593 0.000000 0.000000
    59 0.000000 0.000000 0.000000 -3.141593 0.000000 0.000000
    60 -0.000001 -0.000004 0.000000 -3.141593 0.000000 0.000000
    61 0.000000 -0.000004 0.000000 -3.141593 0.000000 0.000000
    62 0.000001 -0.000002 0.000000 -3.141593 0.000000 0.000001
    63 0.000001 -0.000002 0.000000 3.141592 0.000000 -0.000001
    64 0.000000 0.000000 0.000000 -3.141593 0.000000 0.000000
    65 0.000000 0.000000 0.000000 -1.570797 -0.000001 0.000000
    66 0.000000 0.000000 0.000000 0.000000 0.000000 0.000000
    67 1.200001 0.000000 0.000000 0.000000 0.000000 0.000000
    68 0.000000 0.300000 0.000000 0.000000 0.000000 0.174533
    69 0.000000 0.000000 -0.000001 0.000000 0.000000 0.000000
    70 0.000000 0.000000 -0.000001 -3.141593 0.000000 0.000000
    71 0.000000 0.000000 0.000000 0.000001 0.000000 0.349065
    72 -0.000004 0.000003 0.000000 0.000000 0.000000 0.000000
    73 0.000009 -0.000006 0.000000 0.000000 0.000000 -0.000001
    74 0.000000 -0.000002 -0.000001 0.000000 -0.000001 -0.000001
    75 0.000000 0.000000 0.000000 0.000000 0.000000 0.000000
    76 0.000000 0.000000 0.000000 0.000000 0.000000 0.000001
    77 0.000000 0.000002 0.000000 0.000000 0.000000 0.000000
    78 -0.000007 -0.000013 0.000000 0.000000 0.000000 0.000001
    79 0.000000 0.000000 0.000000 0.000000 0.000000 0.000000
    80 0.000000 0.000000 0.000000 0.000000 0.000000 0.000000
    81 0.000000 0.000000 0.000000 0.000000 0.000000 0.000000
    82 0.000000 0.000000 0.000000 0.000000 0.000000 0.000000
    83 0.000000 0.000000 0.000004 -1.570797 0.000001 0.000000
  time 17
    0 -5.103537 -12.032177 -15.426992 -1.522979 0.333621 -1.413615
    1 9.243773 6.139962 1.326173 -0.000001 0.000001 -1.570796
    2 1.508576 -1.240687 -0.005672 -0.000002 -0.000003 0.000000
    3 17.667921 -1.384574 1.233112 0.000000 -0.000003 -3.141592
    4 13.081079 -1.084008 0.792839 1.570797 -0.879478 -3.141593
    5 0.758741 0.000010 -0.000001 -1.570796 0.000000 -1.124720
    6 12.977262 -1.858502 0.676013 0.518314 -0.428322 -2.516407
    7 0.562688 -0.000006 -0.000004 -0.013014 -0.008068 -0.959463
    8 -2.150599 -19.830397 -20.036940 -2.478149 -1.010209 -0.427072
    9 2.341381 0.000021 0.000003 1.570798 1.242323 0.000002
    10 2.062462 -13.683981 -23.591623 2.553483 0.348617 -1.529830
    11 1.473635 0.639422 -1.295233 2.001082 0.679844 0.449314
    12 1.832607 -0.000004 0.000007 3.209542 0.093102 0.275768
    13 1.003331 0.000000 0.000000 -3.133779 0.128739 -0.259759
    14 3.823887 -0.419591 -1.411516 0.069832 0.155302 0.207668
    15 2.187963 0.000000 0.000000 -0.165860 -0.079982 1.419145
    16 1.100958 -0.000014 0.000000 0.087789 -0.052675 -0.184191
    17 3.987879 -0.577435 -0.474708 0.200599 0.169210 0.195927
    18 1.890100 -0.000008 0.000000 -0.153902 -0.042688 1.467060
    19 1.310926 0.000015 0.000000 -0.029730 0.074269 -0.259831
    20 4.117973 -0.654501 0.453699 0.085604 0.094078 0.260901
    21 1.655293 0.000002 0.000000 -0.029296 -0.049149 1.283708
    22 0.869586 0.000011 0.000000 0.062963 -0.019305 0.011264
    23 4.150639 -0.581580 1.354867 -0.178487 0.129533 0.002321
    24 1.157248 -0.000013 -0.000002 0.194855 -0.267812 1.185099
    25 1.019835 0.000002 0.000002 -1.675130 0.086219 0.371305
    26 3.429456 -5.007721 -5.116617 1.002226 1.359818 -5.251396
    27 12.695436 0.000001 0.000018 -0.132219 0.284337 -1.268710
    28 -6.371386 -6.451249 -17.208615 3.122670 0.340301 -1.400727
    29 1.474217 -0.497913 -1.376119 1.283294 0.486350 -0.349537
    30 1.832175 -0.000001 0.000001 -2.584557 -0.154226 0.716821
    31 1.042012 0.000000 -0.000006 -2.947027 -0.173385 -0.033771
    32 3.823319 0.664870 -1.331676 0.113609 0.291967 -0.310053
    33 2.152367 0.000010 0.000000 0.048427 -0.257689 -0.122177
    34 1.056626 -0.000010 0.000000 0.273385 -0.069605 -0.538064
    35 3.985126 0.881823 -0.368987 0.187084 0.205031 -0.528366
    36 1.830173 0.000000 0.000000 0.309987 -0.029019 -1.518072
    37 1.561352 0.000013 0.000000 0.027387 0.000717 -1.353498
    38 4.116548 0.711289 0.551868 0.372897 0.175497 -0.950866
    39 1.752729 -0.000006 0.000000 0.065686 0.077341 -1.199521
    40 0.869356 0.000002 0.000000 0.010534 -0.055976 -0.881550
    41 4.118825 0.331244 1.419828 0.091710 0.246073 -1.081329
    42 1.176325 -0.000002 0.000000 0.019561 0.360394 -0.780529
    43 0.970213 0.000000 0.000000 1.685136 0.078242 -1.123257
    44 -9.258431 -0.998731 -5.116617 1.019783 0.989979 -4.712390
    45 12.706341 0.000001 0.000000 -0.350529 0.267479 -2.039290
    46 11.809021 -1.206475 0.191726 -0.000002 -0.000003 0.000000
    47 0.598399 -0.643255 -0.162013 0.000000 -1.570796 -0.835635
    48 0.000010 0.000000 0.000011 0.000000 0.000000 0.000000
    49 1.200000 0.000000 0.000000 0.000000 0.000000 0.000000
    50 0.000010 -0.300000 0.000000 -3.141593 0.000000 -0.174533
    51 0.000000 -0.000001 0.000003 0.000001 -0.000001 0.000000
    52 0.000002 0.000000 -0.000002 -3.141593 0.000001 0.000000
    53 0.000002 0.000000 0.000002 0.000000 0.000000 0.349066
    54 0.000000 0.000000 0.000000 -3.141593 0.000000 0.000000
    55 0.000002 -0.000002 0.000000 -3.141593 0.000000 -0.000001
    56 0.000007 0.000004 0.000000 -3.141593 0.000000 -0.000001
    57 0.000001 -0.000004 0.000000 -3.141593 0.000000 0.000000
    58 0.000002 0.000010 0.000000 -3.141593 0.000000 0.000000
    59 0.000000 0.000000 0.000000 -3.141593 0.000000 0.000000
    60 -0.000001 -0.000004 0.000000 -3.141593 0.000000 0.000000
    61 0.000000 -0.000004 0.000000 -3.141593 0.000000 0.000000
    62 0.000001 -0.000002 0.000000 -3.141593 0.000000 0.000001
    63 0.000001 -0.000002 0.000000 3.141592 0.000000 -0.000001
    64 0.000000 0.000000 0.000000 -3.141593 0.000000 0.000000
    65 0.000000 0.000000 0.000000 -1.570797 -0.000001 0.000000
    66 0.000000 0.000000 0.000000 0.000000 0.000000 0.000000
    67 1.200001 0.000000 0.000000 0.000000 0.000000 0.000000
    68 0.000000 0.300000 0.000000 0.000000 0.000000 0.174533
    69 0.000000 0.000000 -0.000001 0.000000 0.000000 0.000000
    70 0.000000 0.000000 -0.000001 -3.141593 0.000000 0.000000
    71 0.000000 0.000000 0.000000 0.000001 0.000000 0.349065
    72 -0.000004 0.000003 0.000000 0.000000 0.000000 0.000000
    73 0.000009 -0.000006 0.000000 0.000000 0.000000 -0.000001
    74 0.000000 -0.000002 -0.000001 0.000000 -0.000001 -0.000001
    75 0.000000 0.000000 0.000000 0.000000 0.000000 0.000000
    76 0.000000 0.000000 0.000000 0.000000 0.000000 0.000001
    77 0.000000 0.000002 0.000000 0.000000 0.000000 0.000000
    78 -0.000007 -0.000013 0.000000 0.000000 0.000000 0.000001
    79 0.000000 0.000000 0.000000 0.000000 0.000000 0.000000
    80 0.000000 0.000000 0.000000 0.000000 0.000000 0.000000
    81 0.000000 0.000000 0.000000 0.000000 0.000000 0.000000
    82 0.000000 0.000000 0.000000 0.000000 0.000000 0.000000
    83 0.000000 0.000000 0.000004 -1.570797 0.000001 0.000000
  time 18
    0 -5.072286 -11.895454 -15.958259 -1.527338 0.358846 -1.406777
    1 9.243773 6.139962 1.326173 -0.000001 0.000001 -1.570796
    2 1.516389 -1.240687 -0.005672 -0.000002 -0.000003 0.000000
    3 17.667921 -1.384574 1.233112 0.000000 -0.000003 -3.141592
    4 13.081079 -1.084008 0.792839 1.570797 -0.879478 -3.141593
    5 0.758741 0.000010 -0.000001 -1.570796 0.000000 -1.124720
    6 12.977262 -1.858502 0.676013 0.518314 -0.428322 -2.516407
    7 0.562688 -0.000006 -0.000004 -0.013014 -0.008068 -0.959463
    8 -2.088097 -19.553045 -20.783056 -2.443724 -0.992583 -0.447685
    9 2.341381 0.000021 0.000003 1.570798 1.242323 0.000002
    10 1.929646 -13.246468 -24.333833 2.533701 0.373153 -1.524223
    11 1.473635 0.639422 -1.295233 2.003447 0.672953 0.450788
    12 1.832607 -0.000004 0.000007 3.212166 0.096086 0.274284
    13 1.003331 0.000000 0.000000 -3.133779 0.128739 -0.259759
    14 3.823887 -0.419591 -1.411516 0.069808 0.155302 0.207668
    15 2.187963 0.000000 0.000000 -0.165860 -0.079982 1.419145
    16 1.100958 -0.000014 0.000000 0.087789 -0.052675 -0.184191
    17 3.987879 -0.577435 -0.474708 0.200599 0.169222 0.195927
    18 1.890100 -0.000008 0.000000 -0.153902 -0.042688 1.467060
    19 1.310926 0.000015 0.000000 -0.029730 0.074269 -0.259831
    20 4.117973 -0.654501 0.453699 0.085604 0.094078 0.260901
    21 1.655293 0.000002 0.000000 -0.029296 -0.049149 1.283708
    22 0.869586 0.000011 0.000000 0.062963 -0.019305 0.011264
    23 4.150639 -0.581580 1.354867 -0.178487 0.129533 0.002321
    24 1.157248 -0.000013 -0.000002 0.194855 -0.267812 1.185099
    25 1.019835 0.000002 0.000002 -1.675130 0.086219 0.371305
    26 3.429456 -5.007721 -5.116617 0.917655 1.351962 -5.413907
    27 12.695436 0.000001 0.000018 -0.112705 0.277637 -1.198491
    28 -6.394824 -6.283275 -17.587533 3.118611 0.365595 -1.393819
    29 1.474217 -0.497913 -1.376119 1.283294 0.486350 -0.349537
    30 1.832175 -0.000001 0.000001 -2.584557 -0.154226 0.716843
    31 1.042012 0.000000 -0.000006 -2.947027 -0.173385 -0.033771
    32 3.823319 0.664870 -1.331676 0.113609 0.291967 -0.310053
    33 2.152367 0.000010 0.000000 0.048427 -0.257689 -0.122177
    34 1.056626 -0.000010 0.000000 0.273385 -0.069605 -0.538064
    35 3.985126 0.881823 -0.368987 0.187084 0.205031 -0.528366
    36 1.830173 0.000000 0.000000 0.309987 -0.029019 -1.518072
    37 1.561352 0.000013 0.000000 0.027387 0.000717 -1.353498
    38 4.116548 0.711289 0.551868 0.372897 0.175497 -0.950866
    39 1.752729 -0.000006 0.000000 0.065686 0.077341 -1.199521
    40 0.869356 0.000002 0.000000 0.010534 -0.055976 -0.881550
    41 4.118825 0.331244 1.419828 0.091710 0.246073 -1.081329
    42 1.176325 -0.000002 0.000000 0.019561 0.360394 -0.780529
    43 0.970213 0.000000 0.000000 1.685117 0.078242 -1.123257
    44 -9.258431 -0.998731 -5.116617 1.031945 0.981474 -4.697711
    45 12.706341 0.000001 0.000000 -0.343521 0.270919 -2.012905
    46 11.809021 -1.206475 0.191726 -0.000002 -0.000003 0.000000
    47 0.598399 -0.643255 -0.162013 0.000000 -1.570796 -0.835635
    48 0.000010 0.000000 0.000011 0.000000 0.000000 0.000000
    49 1.200000 0.000000 0.000000 0.000000 0.000000 0.000000
    50 0.000010 -0.300000 0.000000 -3.141593 0.000000 -0.174533
    51 0.000000 -0.000001 0.000003 0.000001 -0.000001 0.000000
    52 0.000002 0.000000 -0.000002 -3.141593 0.000001 0.000000
    53 0.000002 0.000000 0.000002 0.000000 0.000000 0.349066
    54 0.000000 0.000000 0.000000 -3.141593 0.000000 0.000000
    55 0.000002 -0.000002 0.000000 -3.141593 0.000000 -0.000001
    56 0.000007 0.000004 0.000000 -3.141593 0.000000 -0.000001
    57 0.000001 -0.000004 0.000000 -3.141593 0.000000 0.000000
    58 0.000002 0.000010 0.000000 -3.141593 0.000000 0.000000
    59 0.000000 0.000000 0.000000 -3.141593 0.000000 0.000000
    60 -0.000001 -0.000004 0.000000 -3.141593 0.000000 0.000000
    61 0.000000 -0.000004 0.000000 -3.141593 0.000000 0.000000
    62 0.000001 -0.000002 0.000000 -3.141593 0.000000 0.000001
    63 0.000001 -0.000002 0.000000 3.141592 0.000000 -0.000001
    64 0.000000 0.000000 0.000000 -3.141593 0.000000 0.000000
    65 0.000000 0.000000 0.000000 -1.570797 -0.000001 0.000000
    66 0.000000 0.000000 0.000000 0.000000 0.000000 0.000000
    67 1.200001 0.000000 0.000000 0.000000 0.000000 0.000000
    68 0.000000 0.300000 0.000000 0.000000 0.000000 0.174533
    69 0.000000 0.000000 -0.000001 0.000000 0.000000 0.000000
    70 0.000000 0.000000 -0.000001 -3.141593 0.000000 0.000000
    71 0.000000 0.000000 0.000000 0.000001 0.000000 0.349065
    72 -0.000004 0.000003 0.000000 0.000000 0.000000 0.000000
    73 0.000009 -0.000006 0.000000 0.000000 0.000000 -0.000001
    74 0.000000 -0.000002 -0.000001 0.000000 -0.000001 -0.000001
    75 0.000000 0.000000 0.000000 0.000000 0.000000 0.000000
    76 0.000000 0.000000 0.000000 0.000000 0.000000 0.000001
    77 0.000000 0.000002 0.000000 0.000000 0.000000 0.000000
    78 -0.000007 -0.000013 0.000000 0.000000 0.000000 0.000001
    79 0.000000 0.000000 0.000000 0.000000 0.000000 0.000000
    80 0.000000 0.000000 0.000000 0.000000 0.000000 0.000000
    81 0.000000 0.000000 0.000000 0.000000 0.000000 0.000000
    82 0.000000 0.000000 0.000000 0.000000 0.000000 0.000000
    83 0.000000 0.000000 0.000004 -1.570797 0.000001 0.000000
  time 19
    0 -5.048847 -11.813420 -16.278581 -1.529917 0.373833 -1.402851
    1 9.243773 6.139962 1.326173 -0.000001 0.000001 -1.570796
    2 1.512482 -1.240687 -0.005672 -0.000002 -0.000003 0.000000
    3 17.667921 -1.384574 1.233112 0.000000 -0.000003 -3.141592
    4 13.081079 -1.084008 0.792839 1.570797 -0.879478 -3.141593
    5 0.758741 0.000010 -0.000001 -1.570796 0.000000 -1.124720
    6 12.977262 -1.858502 0.676013 0.518314 -0.428322 -2.516407
    7 0.562688 -0.000006 -0.000004 -0.013014 -0.008068 -0.959463
    8 -2.056846 -19.388978 -21.224476 -2.424121 -0.981926 -0.459451
    9 2.341381 0.000021 0.000003 1.570798 1.242323 0.000002
    10 1.843706 -12.992554 -24.763534 2.523089 0.387764 -1.521002
    11 1.473635 0.639422 -1.295233 2.004793 0.668794 0.451352
    12 1.832607 -0.000004 0.000007 3.213688 0.097824 0.273774
    13 1.003331 0.000000 0.000000 -3.133779 0.128727 -0.259759
    14 3.823887 -0.419591 -1.411516 0.069820 0.155302 0.207668
    15 2.187963 0.000000 0.000000 -0.165860 -0.079982 1.419145
    16 1.100958 -0.000014 0.000000 0.087789 -0.052675 -0.184191
    17 3.987879 -0.577435 -0.474708 0.200599 0.169210 0.195927
    18 1.890100 -0.000008 0.000000 -0.153902 -0.042688 1.467060
    19 1.310926 0.000015 0.000000 -0.029730 0.074269 -0.259851
    20 4.117973 -0.654501 0.453699 0.085604 0.094078 0.260901
    21 1.655293 0.000002 0.000000 -0.029296 -0.049149 1.283708
    22 0.869586 0.000011 0.000000 0.062963 -0.019305 0.011264
    23 4.150639 -0.581580 1.354867 -0.178487 0.129533 0.002321
    24 1.157248 -0.000013 -0.000002 0.194855 -0.267812 1.185099
    25 1.019835 0.000002 0.000002 -1.675130 0.086219 0.371305
    26 3.429456 -5.007721 -5.116617 0.821606 1.340437 -5.592587
    27 12.695436 0.000001 0.000018 -0.100856 0.272891 -1.154755
    28 -6.410450 -6.189523 -17.825821 3.116250 0.380630 -1.389826
    29 1.474217 -0.497913 -1.376119 1.283294 0.486350 -0.349537
    30 1.832175 -0.000001 0.000001 -2.584557 -0.154226 0.716843
    31 1.042012 0.000000 -0.000006 -2.947027 -0.173385 -0.033771
    32 3.823319 0.664870 -1.331676 0.113609 0.291967 -0.310053
    33 2.152367 0.000010 0.000000 0.048427 -0.257689 -0.122177
    34 1.056626 -0.000010 0.000000 0.273385 -0.069605 -0.538064
    35 3.985126 0.881823 -0.368987 0.187084 0.205031 -0.528366
    36 1.830173 0.000000 0.000000 0.309987 -0.029019 -1.518072
    37 1.561352 0.000013 0.000000 0.027387 0.000717 -1.353498
    38 4.116548 0.711289 0.551868 0.372897 0.175497 -0.950866
    39 1.752729 -0.000006 0.000000 0.065686 0.077341 -1.199521
    40 0.869356 0.000002 0.000000 0.010534 -0.055976 -0.881550
    41 4.118825 0.331244 1.419828 0.091710 0.246073 -1.081329
    42 1.176325 -0.000002 0.000000 0.019561 0.360394 -0.780529
    43 0.970213 0.000000 0.000000 1.685136 0.078242 -1.123240
    44 -9.258431 -0.998731 -5.116617 1.038074 0.977448 -4.690195
    45 12.706341 0.000001 0.000000 -0.339133 0.272837 -1.996510
    46 11.809021 -1.206475 0.191726 -0.000002 -0.000003 0.000000
    47 0.598399 -0.643255 -0.162013 0.000000 -1.570796 -0.835635
    48 0.000010 0.000000 0.000011 0.000000 0.000000 0.000000
    49 1.200000 0.000000 0.000000 0.000000 0.000000 0.000000
    50 0.000010 -0.300000 0.000000 -3.141593 0.000000 -0.174533
    51 0.000000 -0.000001 0.000003 0.000001 -0.000001 0.000000
    52 0.000002 0.000000 -0.000002 -3.141593 0.000001 0.000000
    53 0.000002 0.000000 0.000002 0.000000 0.000000 0.349066
    54 0.000000 0.000000 0.000000 -3.141593 0.000000 0.000000
    55 0.000002 -0.000002 0.000000 -3.141593 0.000000 -0.000001
    56 0.000007 0.000004 0.000000 -3.141593 0.000000 -0.000001
    57 0.000001 -0.000004 0.000000 -3.141593 0.000000 0.000000
    58 0.000002 0.000010 0.000000 -3.141593 0.000000 0.000000
    59 0.000000 0.000000 0.000000 -3.141593 0.000000 0.000000
    60 -0.000001 -0.000004 0.000000 -3.141593 0.000000 0.000000
    61 0.000000 -0.000004 0.000000 -3.141593 0.000000 0.000000
    62 0.000001 -0.000002 0.000000 -3.141593 0.000000 0.000001
    63 0.000001 -0.000002 0.000000 3.141592 0.000000 -0.000001
    64 0.000000 0.000000 0.000000 -3.141593 0.000000 0.000000
    65 0.000000 0.000000 0.000000 -1.570797 -0.000001 0.000000
    66 0.000000 0.000000 0.000000 0.000000 0.000000 0.000000
    67 1.200001 0.000000 0.000000 0.000000 0.000000 0.000000
    68 0.000000 0.300000 0.000000 0.000000 0.000000 0.174533
    69 0.000000 0.000000 -0.000001 0.000000 0.000000 0.000000
    70 0.000000 0.000000 -0.000001 -3.141593 0.000000 0.000000
    71 0.000000 0.000000 0.000000 0.000001 0.000000 0.349065
    72 -0.000004 0.000003 0.000000 0.000000 0.000000 0.000000
    73 0.000009 -0.000006 0.000000 0.000000 0.000000 -0.000001
    74 0.000000 -0.000002 -0.000001 0.000000 -0.000001 -0.000001
    75 0.000000 0.000000 0.000000 0.000000 0.000000 0.000000
    76 0.000000 0.000000 0.000000 0.000000 0.000000 0.000001
    77 0.000000 0.000002 0.000000 0.000000 0.000000 0.000000
    78 -0.000007 -0.000013 0.000000 0.000000 0.000000 0.000001
    79 0.000000 0.000000 0.000000 0.000000 0.000000 0.000000
    80 0.000000 0.000000 0.000000 0.000000 0.000000 0.000000
    81 0.000000 0.000000 0.000000 0.000000 0.000000 0.000000
    82 0.000000 0.000000 0.000000 0.000000 0.000000 0.000000
    83 0.000000 0.000000 0.000004 -1.570797 0.000001 0.000000
  time 20
    0 -5.041035 -11.793888 -16.380147 -1.530752 0.378688 -1.401585
    1 9.243773 6.139962 1.326173 -0.000001 0.000001 -1.570796
    2 1.508576 -1.240687 -0.005672 -0.000002 -0.000003 0.000000
    3 17.667921 -1.384574 1.233112 0.000000 -0.000003 -3.141592
    4 13.081079 -1.084008 0.792839 1.570797 -0.879478 -3.141593
    5 0.758741 0.000010 -0.000001 -1.570796 0.000000 -1.124720
    6 12.977262 -1.858502 0.676013 0.518314 -0.428322 -2.516407
    7 0.562688 -0.000006 -0.000004 -0.013014 -0.008068 -0.959463
    8 -2.045127 -19.338195 -21.365105 -2.418001 -0.978426 -0.462839
    9 2.341381 0.000021 0.000003 1.570798 1.242323 0.000002
    10 1.816361 -12.906614 -24.896350 2.520017 0.392520 -1.519988
    11 1.473635 0.639422 -1.295233 2.005216 0.667488 0.451623
    12 1.832607 -0.000004 0.000007 3.214204 0.098399 0.273658
    13 1.003331 0.000000 0.000000 -3.133779 0.128739 -0.259759
    14 3.823887 -0.419591 -1.411516 0.069808 0.155302 0.207668
    15 2.187963 0.000000 0.000000 -0.165860 -0.079982 1.419145
    16 1.100958 -0.000014 0.000000 0.087789 -0.052675 -0.184191
    17 3.987879 -0.577435 -0.474708 0.200599 0.169222 0.195927
    18 1.890100 -0.000008 0.000000 -0.153902 -0.042688 1.467060
    19 1.310926 0.000015 0.000000 -0.029730 0.074269 -0.259851
    20 4.117973 -0.654501 0.453699 0.085604 0.094078 0.260901
    21 1.655293 0.000002 0.000000 -0.029296 -0.049149 1.283708
    22 0.869586 0.000011 0.000000 0.062963 -0.019305 0.011264
    23 4.150639 -0.581580 1.354867 -0.178487 0.129533 0.002321
    24 1.157248 -0.000013 -0.000002 0.194855 -0.267812 1.185099
    25 1.019835 0.000002 0.000002 -1.675130 0.086219 0.371305
    26 3.429456 -5.007721 -5.116617 0.783131 1.334092 -5.666854
    27 12.695436 0.000001 0.000018 -0.097002 0.271274 -1.140577
    28 -6.414356 -6.158272 -17.896136 3.115475 0.385460 -1.388622
    29 1.474217 -0.497913 -1.376119 1.283294 0.486350 -0.349537
    30 1.832175 -0.000001 0.000001 -2.584557 -0.154226 0.716821
    31 1.042012 0.000000 -0.000006 -2.947027 -0.173385 -0.033771
    32 3.823319 0.664870 -1.331676 0.113609 0.291967 -0.310053
    33 2.152367 0.000010 0.000000 0.048427 -0.257689 -0.122177
    34 1.056626 -0.000010 0.000000 0.273385 -0.069605 -0.538064
    35 3.985126 0.881823 -0.368987 0.187084 0.205031 -0.528366
    36 1.830173 0.000000 0.000000 0.309987 -0.029019 -1.518072
    37 1.561352 0.000013 0.000000 0.027387 0.000717 -1.353498
    38 4.116548 0.711289 0.551868 0.372897 0.175497 -0.950866
    39 1.752729 -0.000006 0.000000 0.065686 0.077341 -1.199521
    40 0.869356 0.000002 0.000000 0.010534 -0.055976 -0.881550
    41 4.118825 0.331244 1.419828 0.091710 0.246073 -1.081329
    42 1.176325 -0.000002 0.000000 0.019561 0.360394 -0.780529
    43 0.970213 0.000000 0.000000 1.685136 0.078242 -1.123257
    44 -9.258431 -0.998731 -5.116617 1.039989 0.976181 -4.688073
    45 12.706341 0.000001 0.000000 -0.337692 0.273508 -1.991172
    46 11.809021 -1.206475 0.191726 -0.000002 -0.000003 0.000000
    47 0.598399 -0.643255 -0.162013 0.000000 -1.570796 -0.835635
    48 0.000010 0.000000 0.000011 0.000000 0.000000 0.000000
    49 1.200000 0.000000 0.000000 0.000000 0.000000 0.000000
    50 0.000010 -0.300000 0.000000 -3.141593 0.000000 -0.174533
    51 0.000000 -0.000001 0.000003 0.000001 -0.000001 0.000000
    52 0.000002 0.000000 -0.000002 -3.141593 0.000001 0.000000
    53 0.000002 0.000000 0.000002 0.000000 0.000000 0.349066
    54 0.000000 0.000000 0.000000 -3.141593 0.000000 0.000000
    55 0.000002 -0.000002 0.000000 -3.141593 0.000000 -0.000001
    56 0.000007 0.000004 0.000000 -3.141593 0.000000 -0.000001
    57 0.000001 -0.000004 0.000000 -3.141593 0.000000 0.000000
    58 0.000002 0.000010 0.000000 -3.141593 0.000000 0.000000
    59 0.000000 0.000000 0.000000 -3.141593 0.000000 0.000000
    60 -0.000001 -0.000004 0.000000 -3.141593 0.000000 0.000000
    61 0.000000 -0.000004 0.000000 -3.141593 0.000000 0.000000
    62 0.000001 -0.000002 0.000000 -3.141593 0.000000 0.000001
    63 0.000001 -0.000002 0.000000 3.141592 0.000000 -0.000001
    64 0.000000 0.000000 0.000000 -3.141593 0.000000 0.000000
    65 0.000000 0.000000 0.000000 -1.570797 -0.000001 0.000000
    66 0.000000 0.000000 0.000000 0.000000 0.000000 0.000000
    67 1.200001 0.000000 0.000000 0.000000 0.000000 0.000000
    68 0.000000 0.300000 0.000000 0.000000 0.000000 0.174533
    69 0.000000 0.000000 -0.000001 0.000000 0.000000 0.000000
    70 0.000000 0.000000 -0.000001 -3.141593 0.000000 0.000000
    71 0.000000 0.000000 0.000000 0.000001 0.000000 0.349065
    72 -0.000004 0.000003 0.000000 0.000000 0.000000 0.000000
    73 0.000009 -0.000006 0.000000 0.000000 0.000000 -0.000001
    74 0.000000 -0.000002 -0.000001 0.000000 -0.000001 -0.000001
    75 0.000000 0.000000 0.000000 0.000000 0.000000 0.000000
    76 0.000000 0.000000 0.000000 0.000000 0.000000 0.000001
    77 0.000000 0.000002 0.000000 0.000000 0.000000 0.000000
    78 -0.000007 -0.000013 0.000000 0.000000 0.000000 0.000001
    79 0.000000 0.000000 0.000000 0.000000 0.000000 0.000000
    80 0.000000 0.000000 0.000000 0.000000 0.000000 0.000000
    81 0.000000 0.000000 0.000000 0.000000 0.000000 0.000000
    82 0.000000 0.000000 0.000000 0.000000 0.000000 0.000000
    83 0.000000 0.000000 0.000004 -1.570797 0.000001 0.000000
end
