version 1
nodes
  0 "ar2_weapon" -1
  1 "ar2_mag" 0
  2 "ar2_big_hammer" 0
  3 "ar2_vent" 0
  4 "ar2_arm1" 0
  5 "ar2_arm1_tip" 4
  6 "ar2_arm2" 0
  7 "ar2_arm2_tip" 6
  8 "ar2_mag_loader2" -1
  9 "ar2_mag_loader1" 8
  10 "l_wrist" -1
  11 "l_thumb_low" 10
  12 "l_thumb_mid" 11
  13 "l_thumb_tip" 12
  14 "l_index_low" 10
  15 "l_index_mid" 14
  16 "l_index_tip" 15
  17 "l_middle_low" 10
  18 "l_middle_mid" 17
  19 "l_middle_tip" 18
  20 "l_ring_low" 10
  21 "l_ring_mid" 20
  22 "l_ring_tip" 21
  23 "l_pinky_low" 10
  24 "l_pinky_mid" 23
  25 "l_pinky_tip" 24
  26 "l_upperarm" -1
  27 "l_forearm" 26
  28 "r_wrist" -1
  29 "r_thumb_low" 28
  30 "r_thumb_mid" 29
  31 "r_thumb_tip" 30
  32 "r_index_low" 28
  33 "r_index_mid" 32
  34 "r_index_tip" 33
  35 "r_middle_low" 28
  36 "r_middle_mid" 35
  37 "r_middle_tip" 36
  38 "r_ring_low" 28
  39 "r_ring_mid" 38
  40 "r_ring_tip" 39
  41 "r_pinky_low" 28
  42 "r_pinky_mid" 41
  43 "r_pinky_tip" 42
  44 "r_upperarm" -1
  45 "r_forearm" 44
  46 "ar2_core" 0
  47 "ar2_mag_core" 9
  48 "ValveBiped.Bip01_L_UpperArm" 26
  49 "ValveBiped.Bip01_L_Forearm" 27
  50 "ValveBiped.Bip01_L_Hand" 10
  51 "ValveBiped.Bip01_L_Finger0" 11
  52 "ValveBiped.Bip01_L_Finger01" 12
  53 "ValveBiped.Bip01_L_Finger02" 13
  54 "ValveBiped.Bip01_L_Finger1" 14
  55 "ValveBiped.Bip01_L_Finger11" 15
  56 "ValveBiped.Bip01_L_Finger12" 16
  57 "ValveBiped.Bip01_L_Finger2" 17
  58 "ValveBiped.Bip01_L_Finger21" 18
  59 "ValveBiped.Bip01_L_Finger22" 19
  60 "ValveBiped.Bip01_L_Finger3" 20
  61 "ValveBiped.Bip01_L_Finger31" 21
  62 "ValveBiped.Bip01_L_Finger32" 22
  63 "ValveBiped.Bip01_L_Finger4" 23
  64 "ValveBiped.Bip01_L_Finger41" 24
  65 "ValveBiped.Bip01_L_Finger42" 25
  66 "ValveBiped.Bip01_R_UpperArm" 44
  67 "ValveBiped.Bip01_R_Forearm" 45
  68 "ValveBiped.Bip01_R_Hand" 28
  69 "ValveBiped.Bip01_R_Finger0" 29
  70 "ValveBiped.Bip01_R_Finger01" 30
  71 "ValveBiped.Bip01_R_Finger02" 31
  72 "ValveBiped.Bip01_R_Finger1" 32
  73 "ValveBiped.Bip01_R_Finger11" 33
  74 "ValveBiped.Bip01_R_Finger12" 34
  75 "ValveBiped.Bip01_R_Finger2" 35
  76 "ValveBiped.Bip01_R_Finger21" 36
  77 "ValveBiped.Bip01_R_Finger22" 37
  78 "ValveBiped.Bip01_R_Finger3" 38
  79 "ValveBiped.Bip01_R_Finger31" 39
  80 "ValveBiped.Bip01_R_Finger32" 40
  81 "ValveBiped.Bip01_R_Finger4" 41
  82 "ValveBiped.Bip01_R_Finger41" 42
  83 "ValveBiped.Bip01_R_Finger42" 43
end
skeleton
  time 0
    0 -5.291042 -15.204148 -6.282182 -1.570796 0.000000 -1.571343
    1 9.243773 6.139962 1.326173 -0.000001 0.000001 -1.570796
    2 3.442229 -1.240687 -0.005672 -0.000002 -0.000003 0.000000
    3 17.667921 -1.384574 1.233112 0.000000 -0.000003 -3.141592
    4 13.081079 -1.084008 0.792839 1.570797 -0.879478 -3.141593
    5 0.758741 0.000010 -0.000001 -1.570796 0.000000 -1.124720
    6 12.977262 -1.858502 0.676013 0.518314 -0.428322 -2.516407
    7 0.562688 -0.000006 -0.000004 -0.013014 -0.008068 -0.959463
    8 -3.724866 -24.428194 -8.036573 -3.141592 -1.063636 -0.000219
    9 2.341381 0.000021 0.000003 1.570738 1.242323 -0.000046
    10 1.109308 -20.508408 -10.395908 3.064408 0.011835 -1.681336
    11 1.473635 0.639422 -1.295233 1.873507 0.766140 0.332871
    12 1.832607 -0.000004 0.000007 3.131157 0.007152 0.847622
    13 1.003331 0.000000 0.000000 -3.095899 0.121084 0.034207
    14 3.823887 -0.419591 -1.411516 0.069795 0.155286 0.207665
    15 2.187963 0.000000 0.000000 -0.165860 -0.079982 1.419145
    16 1.100958 -0.000014 0.000000 0.087789 -0.052676 -0.184191
    17 3.987879 -0.577435 -0.474708 0.200599 0.169222 0.195927
    18 1.890100 -0.000008 0.000000 -0.153902 -0.042688 1.467060
    19 1.310926 0.000015 0.000000 -0.029730 0.074269 -0.259831
    20 4.117973 -0.654501 0.453699 0.085604 0.094078 0.260901
    21 1.655293 0.000002 0.000000 -0.029296 -0.049149 1.283708
    22 0.869586 0.000011 0.000000 0.062963 -0.019305 0.011264
    23 4.150639 -0.581580 1.354867 -0.178487 0.129533 0.002321
    24 1.157248 -0.000013 -0.000002 0.194855 -0.267812 1.185099
    25 1.019835 0.000002 0.000002 -1.675130 0.086219 0.371305
    26 3.429456 -5.007721 -5.116617 -1.564192 1.181161 -1.475001
    27 12.695436 0.000001 0.000018 -0.267931 0.293050 -1.737103
    28 -5.879184 -10.392776 -9.813858 3.070817 0.007286 -1.559548
    29 1.474217 -0.497913 -1.376119 1.283294 0.486350 -0.349537
    30 1.832175 -0.000001 0.000001 -2.584557 -0.154226 0.716821
    31 1.042012 0.000000 -0.000006 -2.947027 -0.173385 -0.033771
    32 3.823319 0.664870 -1.331676 0.113609 0.291967 -0.310053
    33 2.152367 0.000010 0.000000 0.048427 -0.257689 -0.122177
    34 1.056626 -0.000010 0.000000 0.273385 -0.069605 -0.538064
    35 3.985126 0.881823 -0.368987 0.187091 0.205038 -0.528353
    36 1.830173 0.000000 0.000000 0.309987 -0.029019 -1.518072
    37 1.561352 0.000013 0.000000 0.027385 0.000718 -1.353498
    38 4.116548 0.711289 0.551868 0.372897 0.175497 -0.950866
    39 1.752729 -0.000006 0.000000 0.065544 0.077355 -1.199522
    40 0.869356 0.000002 0.000000 0.010534 -0.055972 -0.881563
    41 4.118825 0.331244 1.419828 0.091710 0.246073 -1.081329
    42 1.176325 -0.000002 0.000000 0.019561 0.360394 -0.780529
    43 0.970213 0.000000 0.000000 1.685136 0.078242 -1.123257
    44 -9.258431 -0.998731 -5.116617 -3.505837 1.484408 -2.821946
    45 12.706341 0.000001 0.000000 -0.407821 0.230831 -2.270576
    46 11.809021 -1.206475 0.191726 -0.000002 -0.000003 0.000000
    47 0.598399 -0.643255 -0.162013 0.000000 -1.570796 -0.835635
    48 0.000010 0.000000 0.000011 0.000000 0.000000 0.000000
    49 1.200000 0.000000 0.000000 0.000000 0.000000 0.000000
    50 0.000010 -0.300000 0.000000 -3.141593 0.000000 -0.174533
    51 0.000000 -0.000001 0.000003 0.000001 -0.000001 0.000000
    52 0.000002 0.000000 -0.000002 -3.141593 0.000001 0.000000
    53 0.000002 0.000000 0.000002 0.000000 0.000000 0.349066
    54 0.000000 0.000000 0.000000 -3.141593 0.000000 0.000000
    55 0.000002 -0.000002 0.000000 -3.141593 0.000000 -0.000001
    56 0.000007 0.000004 0.000000 -3.141593 0.000000 -0.000001
    57 0.000001 -0.000004 0.000000 -3.141593 0.000000 0.000000
    58 0.000002 0.000010 0.000000 -3.141593 0.000000 0.000000
    59 0.000000 0.000000 0.000000 -3.141593 0.000000 0.000000
    60 -0.000001 -0.000004 0.000000 -3.141593 0.000000 0.000000
    61 0.000000 -0.000004 0.000000 -3.141593 0.000000 0.000000
    62 0.000001 -0.000002 0.000000 -3.141593 0.000000 0.000001
    63 0.000001 -0.000002 0.000000 3.141592 0.000000 -0.000001
    64 0.000000 0.000000 0.000000 -3.141593 0.000000 0.000000
    65 0.000000 0.000000 0.000000 -1.570797 -0.000001 0.000000
    66 0.000000 0.000000 0.000000 0.000000 0.000000 0.000000
    67 1.200001 0.000000 0.000000 0.000000 0.000000 0.000000
    68 0.000000 0.300000 0.000000 0.000000 0.000000 0.174533
    69 0.000000 0.000000 -0.000001 0.000000 0.000000 0.000000
    70 0.000000 0.000000 -0.000001 -3.141593 0.000000 0.000000
    71 0.000000 0.000000 0.000000 0.000001 0.000000 0.349065
    72 -0.000004 0.000003 0.000000 0.000000 0.000000 0.000000
    73 0.000009 -0.000006 0.000000 0.000000 0.000000 -0.000001
    74 0.000000 -0.000002 -0.000001 0.000000 -0.000001 -0.000001
    75 0.000000 0.000000 0.000000 0.000000 0.000000 0.000000
    76 0.000000 0.000000 0.000000 0.000000 0.000000 0.000001
    77 0.000000 0.000002 0.000000 0.000000 0.000000 0.000000
    78 -0.000007 -0.000013 0.000000 0.000000 0.000000 0.000001
    79 0.000000 0.000000 0.000000 0.000000 0.000000 0.000000
    80 0.000000 0.000000 0.000000 0.000000 0.000000 0.000000
    81 0.000000 0.000000 0.000000 0.000000 0.000000 0.000000
    82 0.000000 0.000000 0.000000 0.000000 0.000000 0.000000
    83 0.000000 0.000000 0.000004 -1.570797 0.000001 0.000000
  time 1
    0 -5.291042 -15.204148 -6.282182 -1.570722 -0.000018 -1.571343
    1 9.243773 6.139962 1.326173 -0.000001 0.000001 -1.570796
    2 3.442229 -1.240687 -0.005672 -0.000002 -0.000003 0.000000
    3 17.667921 -1.384574 1.233112 0.000000 -0.000003 -3.141592
    4 13.081079 -1.084008 0.792839 1.570797 -0.879478 -3.141593
    5 0.758741 0.000010 -0.000001 -1.570796 0.000000 -1.124720
    6 12.977262 -1.858502 0.676013 0.518314 -0.428322 -2.516407
    7 0.562688 -0.000006 -0.000004 -0.013014 -0.008068 -0.959463
    8 -3.724866 -24.428194 -8.036573 -3.141592 -1.063699 -0.000219
    9 2.341381 0.000021 0.000003 1.570738 1.242323 -0.000046
    10 1.109308 -20.508408 -10.395908 3.064501 0.011818 -1.681336
    11 1.473635 0.639422 -1.295233 1.873507 0.766140 0.332871
    12 1.832607 -0.000004 0.000007 3.131157 0.007152 0.847622
    13 1.003331 0.000000 0.000000 -3.095899 0.121084 0.034207
    14 3.823887 -0.419591 -1.411516 0.069795 0.155286 0.207665
    15 2.187963 0.000000 0.000000 -0.165860 -0.079982 1.419145
    16 1.100958 -0.000014 0.000000 0.087789 -0.052676 -0.184191
    17 3.987879 -0.577435 -0.474708 0.200599 0.169210 0.195927
    18 1.890100 -0.000008 0.000000 -0.153902 -0.042688 1.467060
    19 1.310926 0.000015 0.000000 -0.029730 0.074269 -0.259851
    20 4.117973 -0.654501 0.453699 0.085604 0.094078 0.260901
    21 1.655293 0.000002 0.000000 -0.029296 -0.049149 1.283708
    22 0.869586 0.000011 0.000000 0.062963 -0.019305 0.011264
    23 4.150639 -0.581580 1.354867 -0.178487 0.129533 0.002321
    24 1.157248 -0.000013 -0.000002 0.194855 -0.267812 1.185099
    25 1.019835 0.000002 0.000002 -1.675130 0.086219 0.371305
    26 3.429456 -5.007721 -5.116617 -1.564192 1.181161 -1.475001
    27 12.695436 0.000001 0.000018 -0.267931 0.293050 -1.737103
    28 -5.879184 -10.392776 -9.817764 3.070891 0.007268 -1.559548
    29 1.474217 -0.497913 -1.376119 1.283294 0.486350 -0.349537
    30 1.832175 -0.000001 0.000001 -2.584557 -0.154226 0.716821
    31 1.042012 0.000000 -0.000006 -2.947027 -0.173385 -0.033771
    32 3.823319 0.664870 -1.331676 0.113609 0.291967 -0.310053
    33 2.152367 0.000010 0.000000 0.048427 -0.257689 -0.122177
    34 1.056626 -0.000010 0.000000 0.273385 -0.069605 -0.538064
    35 3.985126 0.881823 -0.368987 0.187091 0.205038 -0.528353
    36 1.830173 0.000000 0.000000 0.309987 -0.029019 -1.518072
    37 1.561352 0.000013 0.000000 0.027385 0.000718 -1.353498
    38 4.116548 0.711289 0.551868 0.372897 0.175497 -0.950866
    39 1.752729 -0.000006 0.000000 0.065544 0.077355 -1.199522
    40 0.869356 0.000002 0.000000 0.010534 -0.055972 -0.881563
    41 4.118825 0.331244 1.419828 0.091710 0.246073 -1.081329
    42 1.176325 -0.000002 0.000000 0.019561 0.360394 -0.780529
    43 0.970213 0.000000 0.000000 1.685136 0.078242 -1.123240
    44 -9.258431 -0.998731 -5.116617 -3.505933 1.484408 -2.821946
    45 12.706341 0.000001 0.000000 -0.407821 0.230831 -2.270576
    46 11.809021 -1.206475 0.191726 -0.000002 -0.000003 0.000000
    47 0.598399 -0.643255 -0.162013 0.000000 -1.570796 -0.835635
    48 0.000010 0.000000 0.000011 0.000000 0.000000 0.000000
    49 1.200000 0.000000 0.000000 0.000000 0.000000 0.000000
    50 0.000010 -0.300000 0.000000 -3.141593 0.000000 -0.174533
    51 0.000000 -0.000001 0.000003 0.000001 -0.000001 0.000000
    52 0.000002 0.000000 -0.000002 -3.141593 0.000001 0.000000
    53 0.000002 0.000000 0.000002 0.000000 0.000000 0.349066
    54 0.000000 0.000000 0.000000 -3.141593 0.000000 0.000000
    55 0.000002 -0.000002 0.000000 -3.141593 0.000000 -0.000001
    56 0.000007 0.000004 0.000000 -3.141593 0.000000 -0.000001
    57 0.000001 -0.000004 0.000000 -3.141593 0.000000 0.000000
    58 0.000002 0.000010 0.000000 -3.141593 0.000000 0.000000
    59 0.000000 0.000000 0.000000 -3.141593 0.000000 0.000000
    60 -0.000001 -0.000004 0.000000 -3.141593 0.000000 0.000000
    61 0.000000 -0.000004 0.000000 -3.141593 0.000000 0.000000
    62 0.000001 -0.000002 0.000000 -3.141593 0.000000 0.000001
    63 0.000001 -0.000002 0.000000 3.141592 0.000000 -0.000001
    64 0.000000 0.000000 0.000000 -3.141593 0.000000 0.000000
    65 0.000000 0.000000 0.000000 -1.570797 -0.000001 0.000000
    66 0.000000 0.000000 0.000000 0.000000 0.000000 0.000000
    67 1.200001 0.000000 0.000000 0.000000 0.000000 0.000000
    68 0.000000 0.300000 0.000000 0.000000 0.000000 0.174533
    69 0.000000 0.000000 -0.000001 0.000000 0.000000 0.000000
    70 0.000000 0.000000 -0.000001 -3.141593 0.000000 0.000000
    71 0.000000 0.000000 0.000000 0.000001 0.000000 0.349065
    72 -0.000004 0.000003 0.000000 0.000000 0.000000 0.000000
    73 0.000009 -0.000006 0.000000 0.000000 0.000000 -0.000001
    74 0.000000 -0.000002 -0.000001 0.000000 -0.000001 -0.000001
    75 0.000000 0.000000 0.000000 0.000000 0.000000 0.000000
    76 0.000000 0.000000 0.000000 0.000000 0.000000 0.000001
    77 0.000000 0.000002 0.000000 0.000000 0.000000 0.000000
    78 -0.000007 -0.000013 0.000000 0.000000 0.000000 0.000001
    79 0.000000 0.000000 0.000000 0.000000 0.000000 0.000000
    80 0.000000 0.000000 0.000000 0.000000 0.000000 0.000000
    81 0.000000 0.000000 0.000000 0.000000 0.000000 0.000000
    82 0.000000 0.000000 0.000000 0.000000 0.000000 0.000000
    83 0.000000 0.000000 0.000004 -1.570797 0.000001 0.000000
  time 2
    0 -5.287136 -15.204148 -6.286089 -1.570501 -0.000088 -1.571343
    1 9.243773 6.139962 1.326173 -0.000001 0.000001 -1.570796
    2 3.442229 -1.240687 -0.005672 -0.000002 -0.000003 0.000000
    3 17.667921 -1.384574 1.233112 0.000000 -0.000003 -3.141592
    4 13.081079 -1.084008 0.792839 1.570797 -0.879478 -3.141593
    5 0.758741 0.000010 -0.000001 -1.570796 0.000000 -1.124720
    6 12.977262 -1.858502 0.676013 0.518314 -0.428322 -2.516407
    7 0.562688 -0.000006 -0.000004 -0.013014 -0.008068 -0.959463
    8 -3.724866 -24.428194 -8.036573 -3.141688 -1.063950 0.000158
    9 2.341381 0.000021 0.000003 1.570738 1.242323 -0.000046
    10 1.109308 -20.508408 -10.395908 3.064734 0.011766 -1.681336
    11 1.473635 0.639422 -1.295233 1.873507 0.766140 0.332871
    12 1.832607 -0.000004 0.000007 3.131157 0.007152 0.847622
    13 1.003331 0.000000 0.000000 -3.095899 0.121084 0.034207
    14 3.823887 -0.419591 -1.411516 0.069795 0.155286 0.207665
    15 2.187963 0.000000 0.000000 -0.165860 -0.079982 1.419145
    16 1.100958 -0.000014 0.000000 0.087789 -0.052676 -0.184191
    17 3.987879 -0.577435 -0.474708 0.200599 0.169210 0.195927
    18 1.890100 -0.000008 0.000000 -0.153902 -0.042688 1.467060
    19 1.310926 0.000015 0.000000 -0.029730 0.074269 -0.259831
    20 4.117973 -0.654501 0.453699 0.085604 0.094078 0.260901
    21 1.655293 0.000002 0.000000 -0.029296 -0.049149 1.283708
    22 0.869586 0.000011 0.000000 0.062963 -0.019305 0.011264
    23 4.150639 -0.581580 1.354867 -0.178487 0.129533 0.002321
    24 1.157248 -0.000013 -0.000002 0.194855 -0.267812 1.185099
    25 1.019835 0.000002 0.000002 -1.675130 0.086219 0.371305
    26 3.429456 -5.007721 -5.116617 -1.564192 1.181118 -1.475184
    27 12.695436 0.000001 0.000018 -0.267931 0.293050 -1.737437
    28 -5.875277 -10.392776 -9.817764 3.071100 0.007215 -1.559548
    29 1.474217 -0.497913 -1.376119 1.283294 0.486350 -0.349537
    30 1.832175 -0.000001 0.000001 -2.584557 -0.154226 0.716821
    31 1.042012 0.000000 -0.000006 -2.947027 -0.173385 -0.033771
    32 3.823319 0.664870 -1.331676 0.113609 0.291967 -0.310053
    33 2.152367 0.000010 0.000000 0.048427 -0.257689 -0.122177
    34 1.056626 -0.000010 0.000000 0.273385 -0.069605 -0.538064
    35 3.985126 0.881823 -0.368987 0.187091 0.205038 -0.528353
    36 1.830173 0.000000 0.000000 0.309987 -0.029019 -1.518072
    37 1.561352 0.000013 0.000000 0.027385 0.000718 -1.353498
    38 4.116548 0.711289 0.551868 0.372897 0.175497 -0.950866
    39 1.752729 -0.000006 0.000000 0.065544 0.077355 -1.199522
    40 0.869356 0.000002 0.000000 0.010534 -0.055972 -0.881563
    41 4.118825 0.331244 1.419828 0.091710 0.246073 -1.081329
    42 1.176325 -0.000002 0.000000 0.019561 0.360394 -0.780529
    43 0.970213 0.000000 0.000000 1.685174 0.078242 -1.123240
    44 -9.258431 -0.998731 -5.116617 -3.506220 1.484182 -2.821946
    45 12.706341 0.000001 0.000000 -0.407821 0.230831 -2.270347
    46 11.809021 -1.206475 0.191726 -0.000002 -0.000003 0.000000
    47 0.598399 -0.643255 -0.162013 0.000000 -1.570796 -0.835635
    48 0.000010 0.000000 0.000011 0.000000 0.000000 0.000000
    49 1.200000 0.000000 0.000000 0.000000 0.000000 0.000000
    50 0.000010 -0.300000 0.000000 -3.141593 0.000000 -0.174533
    51 0.000000 -0.000001 0.000003 0.000001 -0.000001 0.000000
    52 0.000002 0.000000 -0.000002 -3.141593 0.000001 0.000000
    53 0.000002 0.000000 0.000002 0.000000 0.000000 0.349066
    54 0.000000 0.000000 0.000000 -3.141593 0.000000 0.000000
    55 0.000002 -0.000002 0.000000 -3.141593 0.000000 -0.000001
    56 0.000007 0.000004 0.000000 -3.141593 0.000000 -0.000001
    57 0.000001 -0.000004 0.000000 -3.141593 0.000000 0.000000
    58 0.000002 0.000010 0.000000 -3.141593 0.000000 0.000000
    59 0.000000 0.000000 0.000000 -3.141593 0.000000 0.000000
    60 -0.000001 -0.000004 0.000000 -3.141593 0.000000 0.000000
    61 0.000000 -0.000004 0.000000 -3.141593 0.000000 0.000000
    62 0.000001 -0.000002 0.000000 -3.141593 0.000000 0.000001
    63 0.000001 -0.000002 0.000000 3.141592 0.000000 -0.000001
    64 0.000000 0.000000 0.000000 -3.141593 0.000000 0.000000
    65 0.000000 0.000000 0.000000 -1.570797 -0.000001 0.000000
    66 0.000000 0.000000 0.000000 0.000000 0.000000 0.000000
    67 1.200001 0.000000 0.000000 0.000000 0.000000 0.000000
    68 0.000000 0.300000 0.000000 0.000000 0.000000 0.174533
    69 0.000000 0.000000 -0.000001 0.000000 0.000000 0.000000
    70 0.000000 0.000000 -0.000001 -3.141593 0.000000 0.000000
    71 0.000000 0.000000 0.000000 0.000001 0.000000 0.349065
    72 -0.000004 0.000003 0.000000 0.000000 0.000000 0.000000
    73 0.000009 -0.000006 0.000000 0.000000 0.000000 -0.000001
    74 0.000000 -0.000002 -0.000001 0.000000 -0.000001 -0.000001
    75 0.000000 0.000000 0.000000 0.000000 0.000000 0.000000
    76 0.000000 0.000000 0.000000 0.000000 0.000000 0.000001
    77 0.000000 0.000002 0.000000 0.000000 0.000000 0.000000
    78 -0.000007 -0.000013 0.000000 0.000000 0.000000 0.000001
    79 0.000000 0.000000 0.000000 0.000000 0.000000 0.000000
    80 0.000000 0.000000 0.000000 0.000000 0.000000 0.000000
    81 0.000000 0.000000 0.000000 0.000000 0.000000 0.000000
    82 0.000000 0.000000 0.000000 0.000000 0.000000 0.000000
    83 0.000000 0.000000 0.000004 -1.570797 0.000001 0.000000
  time 3
    0 -5.287136 -15.204148 -6.286089 -1.570096 -0.000176 -1.571343
    1 9.243773 6.139962 1.326173 -0.000001 0.000001 -1.570796
    2 3.442229 -1.240687 -0.005672 -0.000002 -0.000003 0.000000
    3 17.667921 -1.384574 1.233112 0.000000 -0.000003 -3.141592
    4 13.081079 -1.084008 0.792839 1.570797 -0.879478 -3.141593
    5 0.758741 0.000010 -0.000001 -1.570796 0.000000 -1.124720
    6 12.977262 -1.858502 0.676013 0.518314 -0.428322 -2.516407
    7 0.562688 -0.000006 -0.000004 -0.013014 -0.008068 -0.959463
    8 -3.724866 -24.428194 -8.036573 -3.141975 -1.064327 0.000346
    9 2.341381 0.000021 0.000003 1.570738 1.242323 -0.000046
    10 1.113214 -20.508408 -10.392002 3.065153 0.011697 -1.681336
    11 1.473635 0.639422 -1.295233 1.873507 0.766140 0.332871
    12 1.832607 -0.000004 0.000007 3.131157 0.007152 0.847622
    13 1.003331 0.000000 0.000000 -3.095899 0.121084 0.034207
    14 3.823887 -0.419591 -1.411516 0.069795 0.155286 0.207665
    15 2.187963 0.000000 0.000000 -0.165860 -0.079982 1.419145
    16 1.100958 -0.000014 0.000000 0.087789 -0.052676 -0.184191
    17 3.987879 -0.577435 -0.474708 0.200599 0.169210 0.195927
    18 1.890100 -0.000008 0.000000 -0.153902 -0.042688 1.467060
    19 1.310926 0.000015 0.000000 -0.029730 0.074269 -0.259831
    20 4.117973 -0.654501 0.453699 0.085604 0.094078 0.260901
    21 1.655293 0.000002 0.000000 -0.029296 -0.049149 1.283708
    22 0.869586 0.000011 0.000000 0.062963 -0.019305 0.011264
    23 4.150639 -0.581580 1.354867 -0.178487 0.129533 0.002321
    24 1.157248 -0.000013 -0.000002 0.194855 -0.267812 1.185099
    25 1.019835 0.000002 0.000002 -1.675130 0.086219 0.371305
    26 3.429456 -5.007721 -5.116617 -1.564743 1.181075 -1.475184
    27 12.695436 0.000001 0.000018 -0.267931 0.293050 -1.737437
    28 -5.875277 -10.392776 -9.817764 3.071506 0.007074 -1.559548
    29 1.474217 -0.497913 -1.376119 1.283294 0.486350 -0.349537
    30 1.832175 -0.000001 0.000001 -2.584557 -0.154226 0.716821
    31 1.042012 0.000000 -0.000006 -2.947027 -0.173385 -0.033771
    32 3.823319 0.664870 -1.331676 0.113609 0.291967 -0.310053
    33 2.152367 0.000010 0.000000 0.048427 -0.257689 -0.122177
    34 1.056626 -0.000010 0.000000 0.273385 -0.069605 -0.538064
    35 3.985126 0.881823 -0.368987 0.187091 0.205038 -0.528353
    36 1.830173 0.000000 0.000000 0.309987 -0.029019 -1.518072
    37 1.561352 0.000013 0.000000 0.027385 0.000718 -1.353498
    38 4.116548 0.711289 0.551868 0.372897 0.175497 -0.950866
    39 1.752729 -0.000006 0.000000 0.065544 0.077355 -1.199522
    40 0.869356 0.000002 0.000000 0.010534 -0.055972 -0.881563
    41 4.118825 0.331244 1.419828 0.091710 0.246073 -1.081329
    42 1.176325 -0.000002 0.000000 0.019561 0.360394 -0.780529
    43 0.970213 0.000000 0.000000 1.685136 0.078242 -1.123257
    44 -9.258431 -0.998731 -5.116617 -3.506795 1.483820 -2.822211
    45 12.706341 0.000001 0.000000 -0.407739 0.230831 -2.270271
    46 11.809021 -1.206475 0.191726 -0.000002 -0.000003 0.000000
    47 0.598399 -0.643255 -0.162013 0.000000 -1.570796 -0.835635
    48 0.000010 0.000000 0.000011 0.000000 0.000000 0.000000
    49 1.200000 0.000000 0.000000 0.000000 0.000000 0.000000
    50 0.000010 -0.300000 0.000000 -3.141593 0.000000 -0.174533
    51 0.000000 -0.000001 0.000003 0.000001 -0.000001 0.000000
    52 0.000002 0.000000 -0.000002 -3.141593 0.000001 0.000000
    53 0.000002 0.000000 0.000002 0.000000 0.000000 0.349066
    54 0.000000 0.000000 0.000000 -3.141593 0.000000 0.000000
    55 0.000002 -0.000002 0.000000 -3.141593 0.000000 -0.000001
    56 0.000007 0.000004 0.000000 -3.141593 0.000000 -0.000001
    57 0.000001 -0.000004 0.000000 -3.141593 0.000000 0.000000
    58 0.000002 0.000010 0.000000 -3.141593 0.000000 0.000000
    59 0.000000 0.000000 0.000000 -3.141593 0.000000 0.000000
    60 -0.000001 -0.000004 0.000000 -3.141593 0.000000 0.000000
    61 0.000000 -0.000004 0.000000 -3.141593 0.000000 0.000000
    62 0.000001 -0.000002 0.000000 -3.141593 0.000000 0.000001
    63 0.000001 -0.000002 0.000000 3.141592 0.000000 -0.000001
    64 0.000000 0.000000 0.000000 -3.141593 0.000000 0.000000
    65 0.000000 0.000000 0.000000 -1.570797 -0.000001 0.000000
    66 0.000000 0.000000 0.000000 0.000000 0.000000 0.000000
    67 1.200001 0.000000 0.000000 0.000000 0.000000 0.000000
    68 0.000000 0.300000 0.000000 0.000000 0.000000 0.174533
    69 0.000000 0.000000 -0.000001 0.000000 0.000000 0.000000
    70 0.000000 0.000000 -0.000001 -3.141593 0.000000 0.000000
    71 0.000000 0.000000 0.000000 0.000001 0.000000 0.349065
    72 -0.000004 0.000003 0.000000 0.000000 0.000000 0.000000
    73 0.000009 -0.000006 0.000000 0.000000 0.000000 -0.000001
    74 0.000000 -0.000002 -0.000001 0.000000 -0.000001 -0.000001
    75 0.000000 0.000000 0.000000 0.000000 0.000000 0.000000
    76 0.000000 0.000000 0.000000 0.000000 0.000000 0.000001
    77 0.000000 0.000002 0.000000 0.000000 0.000000 0.000000
    78 -0.000007 -0.000013 0.000000 0.000000 0.000000 0.000001
    79 0.000000 0.000000 0.000000 0.000000 0.000000 0.000000
    80 0.000000 0.000000 0.000000 0.000000 0.000000 0.000000
    81 0.000000 0.000000 0.000000 0.000000 0.000000 0.000000
    82 0.000000 0.000000 0.000000 0.000000 0.000000 0.000000
    83 0.000000 0.000000 0.000004 -1.570797 0.000001 0.000000
  time 4
    0 -5.287136 -15.204148 -6.289995 -1.569543 -0.000387 -1.571343
    1 9.243773 6.139962 1.326173 -0.000001 0.000001 -1.570796
    2 3.442229 -1.240687 -0.005672 -0.000002 -0.000003 0.000000
    3 17.667921 -1.384574 1.233112 0.000000 -0.000003 -3.141592
    4 13.081079 -1.084008 0.792839 1.570797 -0.879478 -3.141593
    5 0.758741 0.000010 -0.000001 -1.570796 0.000000 -1.124720
    6 12.977262 -1.858502 0.676013 0.518314 -0.428322 -2.516407
    7 0.562688 -0.000006 -0.000004 -0.013014 -0.008068 -0.959463
    8 -3.720960 -24.428194 -8.036573 -3.142357 -1.064892 0.000628
    9 2.341381 0.000021 0.000003 1.570738 1.242323 -0.000046
    10 1.117121 -20.508408 -10.392002 3.065711 0.011594 -1.681336
    11 1.473635 0.639422 -1.295233 1.873507 0.766140 0.332871
    12 1.832607 -0.000004 0.000007 3.131157 0.007152 0.847622
    13 1.003331 0.000000 0.000000 -3.095899 0.121084 0.034207
    14 3.823887 -0.419591 -1.411516 0.069795 0.155286 0.207665
    15 2.187963 0.000000 0.000000 -0.165860 -0.079982 1.419145
    16 1.100958 -0.000014 0.000000 0.087789 -0.052676 -0.184191
    17 3.987879 -0.577435 -0.474708 0.200599 0.169210 0.195927
    18 1.890100 -0.000008 0.000000 -0.153902 -0.042688 1.467060
    19 1.310926 0.000015 0.000000 -0.029730 0.074269 -0.259831
    20 4.117973 -0.654501 0.453699 0.085604 0.094078 0.260901
    21 1.655293 0.000002 0.000000 -0.029296 -0.049149 1.283708
    22 0.869586 0.000011 0.000000 0.062963 -0.019305 0.011264
    23 4.150639 -0.581580 1.354867 -0.178487 0.129533 0.002321
    24 1.157248 -0.000013 -0.000002 0.194855 -0.267812 1.185099
    25 1.019835 0.000002 0.000002 -1.675130 0.086219 0.371305
    26 3.429456 -5.007721 -5.116617 -1.565294 1.181032 -1.475458
    27 12.695436 0.000001 0.000018 -0.267974 0.293050 -1.737504
    28 -5.871371 -10.392776 -9.817764 3.072047 0.006898 -1.559548
    29 1.474217 -0.497913 -1.376119 1.283294 0.486350 -0.349537
    30 1.832175 -0.000001 0.000001 -2.584557 -0.154226 0.716843
    31 1.042012 0.000000 -0.000006 -2.947027 -0.173385 -0.033771
    32 3.823319 0.664870 -1.331676 0.113609 0.291967 -0.310053
    33 2.152367 0.000010 0.000000 0.048427 -0.257689 -0.122177
    34 1.056626 -0.000010 0.000000 0.273385 -0.069605 -0.538064
    35 3.985126 0.881823 -0.368987 0.187091 0.205038 -0.528353
    36 1.830173 0.000000 0.000000 0.309987 -0.029019 -1.518072
    37 1.561352 0.000013 0.000000 0.027385 0.000718 -1.353498
    38 4.116548 0.711289 0.551868 0.372897 0.175497 -0.950866
    39 1.752729 -0.000006 0.000000 0.065544 0.077355 -1.199522
    40 0.869356 0.000002 0.000000 0.010534 -0.055972 -0.881563
    41 4.118825 0.331244 1.419828 0.091710 0.246073 -1.081329
    42 1.176325 -0.000002 0.000000 0.019561 0.360394 -0.780529
    43 0.970213 0.000000 0.000000 1.685136 0.078242 -1.123257
    44 -9.258431 -0.998731 -5.116617 -3.507561 1.483232 -2.822388
    45 12.706341 0.000001 0.000000 -0.407690 0.230842 -2.269966
    46 11.809021 -1.206475 0.191726 -0.000002 -0.000003 0.000000
    47 0.598399 -0.643255 -0.162013 0.000000 -1.570796 -0.835635
    48 0.000010 0.000000 0.000011 0.000000 0.000000 0.000000
    49 1.200000 0.000000 0.000000 0.000000 0.000000 0.000000
    50 0.000010 -0.300000 0.000000 -3.141593 0.000000 -0.174533
    51 0.000000 -0.000001 0.000003 0.000001 -0.000001 0.000000
    52 0.000002 0.000000 -0.000002 -3.141593 0.000001 0.000000
    53 0.000002 0.000000 0.000002 0.000000 0.000000 0.349066
    54 0.000000 0.000000 0.000000 -3.141593 0.000000 0.000000
    55 0.000002 -0.000002 0.000000 -3.141593 0.000000 -0.000001
    56 0.000007 0.000004 0.000000 -3.141593 0.000000 -0.000001
    57 0.000001 -0.000004 0.000000 -3.141593 0.000000 0.000000
    58 0.000002 0.000010 0.000000 -3.141593 0.000000 0.000000
    59 0.000000 0.000000 0.000000 -3.141593 0.000000 0.000000
    60 -0.000001 -0.000004 0.000000 -3.141593 0.000000 0.000000
    61 0.000000 -0.000004 0.000000 -3.141593 0.000000 0.000000
    62 0.000001 -0.000002 0.000000 -3.141593 0.000000 0.000001
    63 0.000001 -0.000002 0.000000 3.141592 0.000000 -0.000001
    64 0.000000 0.000000 0.000000 -3.141593 0.000000 0.000000
    65 0.000000 0.000000 0.000000 -1.570797 -0.000001 0.000000
    66 0.000000 0.000000 0.000000 0.000000 0.000000 0.000000
    67 1.200001 0.000000 0.000000 0.000000 0.000000 0.000000
    68 0.000000 0.300000 0.000000 0.000000 0.000000 0.174533
    69 0.000000 0.000000 -0.000001 0.000000 0.000000 0.000000
    70 0.000000 0.000000 -0.000001 -3.141593 0.000000 0.000000
    71 0.000000 0.000000 0.000000 0.000001 0.000000 0.349065
    72 -0.000004 0.000003 0.000000 0.000000 0.000000 0.000000
    73 0.000009 -0.000006 0.000000 0.000000 0.000000 -0.000001
    74 0.000000 -0.000002 -0.000001 0.000000 -0.000001 -0.000001
    75 0.000000 0.000000 0.000000 0.000000 0.000000 0.000000
    76 0.000000 0.000000 0.000000 0.000000 0.000000 0.000001
    77 0.000000 0.000002 0.000000 0.000000 0.000000 0.000000
    78 -0.000007 -0.000013 0.000000 0.000000 0.000000 0.000001
    79 0.000000 0.000000 0.000000 0.000000 0.000000 0.000000
    80 0.000000 0.000000 0.000000 0.000000 0.000000 0.000000
    81 0.000000 0.000000 0.000000 0.000000 0.000000 0.000000
    82 0.000000 0.000000 0.000000 0.000000 0.000000 0.000000
    83 0.000000 0.000000 0.000004 -1.570797 0.000001 0.000000
  time 5
    0 -5.283230 -15.204148 -6.289995 -1.568868 -0.000563 -1.571343
    1 9.243773 6.139962 1.326173 -0.000001 0.000001 -1.570796
    2 3.442229 -1.240687 -0.005672 -0.000002 -0.000003 0.000000
    3 17.667921 -1.384574 1.233112 0.000000 -0.000003 -3.141592
    4 13.081079 -1.084008 0.792839 1.570797 -0.879478 -3.141593
    5 0.758741 0.000010 -0.000001 -1.570796 0.000000 -1.124720
    6 12.977262 -1.858502 0.676013 0.518314 -0.428322 -2.516407
    7 0.562688 -0.000006 -0.000004 -0.013014 -0.008068 -0.959463
    8 -3.717053 -24.428194 -8.036573 -3.142740 -1.065551 0.001005
    9 2.341381 0.000021 0.000003 1.570738 1.242323 -0.000046
    10 1.121027 -20.508408 -10.380282 3.066456 0.011456 -1.681336
    11 1.473635 0.639422 -1.295233 1.873507 0.766140 0.332871
    12 1.832607 -0.000004 0.000007 3.131157 0.007152 0.847622
    13 1.003331 0.000000 0.000000 -3.095899 0.121084 0.034207
    14 3.823887 -0.419591 -1.411516 0.069795 0.155286 0.207665
    15 2.187963 0.000000 0.000000 -0.165860 -0.079982 1.419145
    16 1.100958 -0.000014 0.000000 0.087789 -0.052676 -0.184191
    17 3.987879 -0.577435 -0.474708 0.200599 0.169222 0.195927
    18 1.890100 -0.000008 0.000000 -0.153902 -0.042688 1.467060
    19 1.310926 0.000015 0.000000 -0.029730 0.074269 -0.259831
    20 4.117973 -0.654501 0.453699 0.085604 0.094078 0.260901
    21 1.655293 0.000002 0.000000 -0.029296 -0.049149 1.283708
    22 0.869586 0.000011 0.000000 0.062963 -0.019305 0.011264
    23 4.150639 -0.581580 1.354867 -0.178487 0.129533 0.002321
    24 1.157248 -0.000013 -0.000002 0.194855 -0.267812 1.185099
    25 1.019835 0.000002 0.000002 -1.675130 0.086219 0.371305
    26 3.429456 -5.007721 -5.116617 -1.565753 1.180859 -1.475732
    27 12.695436 0.000001 0.000018 -0.267974 0.293050 -1.737571
    28 -5.867464 -10.392776 -9.817764 3.072736 0.006669 -1.559548
    29 1.474217 -0.497913 -1.376119 1.283294 0.486350 -0.349537
    30 1.832175 -0.000001 0.000001 -2.584557 -0.154226 0.716821
    31 1.042012 0.000000 -0.000006 -2.947027 -0.173385 -0.033771
    32 3.823319 0.664870 -1.331676 0.113609 0.291967 -0.310053
    33 2.152367 0.000010 0.000000 0.048427 -0.257689 -0.122177
    34 1.056626 -0.000010 0.000000 0.273385 -0.069605 -0.538064
    35 3.985126 0.881823 -0.368987 0.187091 0.205038 -0.528353
    36 1.830173 0.000000 0.000000 0.309987 -0.029019 -1.518072
    37 1.561352 0.000013 0.000000 0.027385 0.000718 -1.353498
    38 4.116548 0.711289 0.551868 0.372897 0.175497 -0.950866
    39 1.752729 -0.000006 0.000000 0.065544 0.077355 -1.199522
    40 0.869356 0.000002 0.000000 0.010534 -0.055972 -0.881563
    41 4.118825 0.331244 1.419828 0.091710 0.246073 -1.081329
    42 1.176325 -0.000002 0.000000 0.019561 0.360394 -0.780529
    43 0.970213 0.000000 0.000000 1.685136 0.078242 -1.123257
    44 -9.258431 -0.998731 -5.116617 -3.508423 1.482689 -2.822742
    45 12.706341 0.000001 0.000000 -0.407608 0.230902 -2.269661
    46 11.809021 -1.206475 0.191726 -0.000002 -0.000003 0.000000
    47 0.598399 -0.643255 -0.162013 0.000000 -1.570796 -0.835635
    48 0.000010 0.000000 0.000011 0.000000 0.000000 0.000000
    49 1.200000 0.000000 0.000000 0.000000 0.000000 0.000000
    50 0.000010 -0.300000 0.000000 -3.141593 0.000000 -0.174533
    51 0.000000 -0.000001 0.000003 0.000001 -0.000001 0.000000
    52 0.000002 0.000000 -0.000002 -3.141593 0.000001 0.000000
    53 0.000002 0.000000 0.000002 0.000000 0.000000 0.349066
    54 0.000000 0.000000 0.000000 -3.141593 0.000000 0.000000
    55 0.000002 -0.000002 0.000000 -3.141593 0.000000 -0.000001
    56 0.000007 0.000004 0.000000 -3.141593 0.000000 -0.000001
    57 0.000001 -0.000004 0.000000 -3.141593 0.000000 0.000000
    58 0.000002 0.000010 0.000000 -3.141593 0.000000 0.000000
    59 0.000000 0.000000 0.000000 -3.141593 0.000000 0.000000
    60 -0.000001 -0.000004 0.000000 -3.141593 0.000000 0.000000
    61 0.000000 -0.000004 0.000000 -3.141593 0.000000 0.000000
    62 0.000001 -0.000002 0.000000 -3.141593 0.000000 0.000001
    63 0.000001 -0.000002 0.000000 3.141592 0.000000 -0.000001
    64 0.000000 0.000000 0.000000 -3.141593 0.000000 0.000000
    65 0.000000 0.000000 0.000000 -1.570797 -0.000001 0.000000
    66 0.000000 0.000000 0.000000 0.000000 0.000000 0.000000
    67 1.200001 0.000000 0.000000 0.000000 0.000000 0.000000
    68 0.000000 0.300000 0.000000 0.000000 0.000000 0.174533
    69 0.000000 0.000000 -0.000001 0.000000 0.000000 0.000000
    70 0.000000 0.000000 -0.000001 -3.141593 0.000000 0.000000
    71 0.000000 0.000000 0.000000 0.000001 0.000000 0.349065
    72 -0.000004 0.000003 0.000000 0.000000 0.000000 0.000000
    73 0.000009 -0.000006 0.000000 0.000000 0.000000 -0.000001
    74 0.000000 -0.000002 -0.000001 0.000000 -0.000001 -0.000001
    75 0.000000 0.000000 0.000000 0.000000 0.000000 0.000000
    76 0.000000 0.000000 0.000000 0.000000 0.000000 0.000001
    77 0.000000 0.000002 0.000000 0.000000 0.000000 0.000000
    78 -0.000007 -0.000013 0.000000 0.000000 0.000000 0.000001
    79 0.000000 0.000000 0.000000 0.000000 0.000000 0.000000
    80 0.000000 0.000000 0.000000 0.000000 0.000000 0.000000
    81 0.000000 0.000000 0.000000 0.000000 0.000000 0.000000
    82 0.000000 0.000000 0.000000 0.000000 0.000000 0.000000
    83 0.000000 0.000000 0.000004 -1.570797 0.000001 0.000000
  time 6
    0 -5.283230 -15.204148 -6.289995 -1.568082 -0.000827 -1.571343
    1 9.243773 6.139962 1.326173 -0.000001 0.000001 -1.570796
    2 3.442229 -1.240687 -0.005672 -0.000002 -0.000003 0.000000
    3 17.667921 -1.384574 1.233112 0.000000 -0.000003 -3.141592
    4 13.081079 -1.084008 0.792839 1.570797 -0.879478 -3.141593
    5 0.758741 0.000010 -0.000001 -1.570796 0.000000 -1.124720
    6 12.977262 -1.858502 0.676013 0.518314 -0.428322 -2.516407
    7 0.562688 -0.000006 -0.000004 -0.013014 -0.008068 -0.959463
    8 -3.713147 -24.428194 -8.036573 -3.143218 -1.066336 0.001381
    9 2.341381 0.000021 0.000003 1.570738 1.242323 -0.000046
    10 1.124934 -20.508408 -10.380282 3.067201 0.011301 -1.681336
    11 1.473635 0.639422 -1.295233 1.873507 0.766140 0.332871
    12 1.832607 -0.000004 0.000007 3.131157 0.007152 0.847622
    13 1.003331 0.000000 0.000000 -3.095899 0.121084 0.034207
    14 3.823887 -0.419591 -1.411516 0.069795 0.155286 0.207665
    15 2.187963 0.000000 0.000000 -0.165860 -0.079982 1.419145
    16 1.100958 -0.000014 0.000000 0.087789 -0.052676 -0.184191
    17 3.987879 -0.577435 -0.474708 0.200599 0.169210 0.195927
    18 1.890100 -0.000008 0.000000 -0.153902 -0.042688 1.467060
    19 1.310926 0.000015 0.000000 -0.029730 0.074269 -0.259831
    20 4.117973 -0.654501 0.453699 0.085604 0.094078 0.260901
    21 1.655293 0.000002 0.000000 -0.029296 -0.049149 1.283708
    22 0.869586 0.000011 0.000000 0.062963 -0.019305 0.011264
    23 4.150639 -0.581580 1.354867 -0.178487 0.129533 0.002321
    24 1.157248 -0.000013 -0.000002 0.194855 -0.267812 1.185099
    25 1.019835 0.000002 0.000002 -1.675130 0.086219 0.371305
    26 3.429456 -5.007721 -5.116617 -1.566855 1.180859 -1.476006
    27 12.695436 0.000001 0.000018 -0.268017 0.293050 -1.737638
    28 -5.863558 -10.392776 -9.833390 3.073523 0.006422 -1.559548
    29 1.474217 -0.497913 -1.376119 1.283294 0.486350 -0.349537
    30 1.832175 -0.000001 0.000001 -2.584557 -0.154226 0.716821
    31 1.042012 0.000000 -0.000006 -2.947027 -0.173385 -0.033771
    32 3.823319 0.664870 -1.331676 0.113609 0.291967 -0.310053
    33 2.152367 0.000010 0.000000 0.048427 -0.257689 -0.122177
    34 1.056626 -0.000010 0.000000 0.273385 -0.069605 -0.538064
    35 3.985126 0.881823 -0.368987 0.187091 0.205038 -0.528353
    36 1.830173 0.000000 0.000000 0.309987 -0.029019 -1.518072
    37 1.561352 0.000013 0.000000 0.027385 0.000718 -1.353498
    38 4.116548 0.711289 0.551868 0.372897 0.175497 -0.950866
    39 1.752729 -0.000006 0.000000 0.065544 0.077355 -1.199522
    40 0.869356 0.000002 0.000000 0.010534 -0.055972 -0.881563
    41 4.118825 0.331244 1.419828 0.091710 0.246073 -1.081329
    42 1.176325 -0.000002 0.000000 0.019561 0.360394 -0.780529
    43 0.970213 0.000000 0.000000 1.685136 0.078255 -1.123257
    44 -9.258431 -0.998731 -5.116617 -3.509572 1.481920 -2.823184
    45 12.706341 0.000001 0.000000 -0.407559 0.230974 -2.269356
    46 11.809021 -1.206475 0.191726 -0.000002 -0.000003 0.000000
    47 0.598399 -0.643255 -0.162013 0.000000 -1.570796 -0.835635
    48 0.000010 0.000000 0.000011 0.000000 0.000000 0.000000
    49 1.200000 0.000000 0.000000 0.000000 0.000000 0.000000
    50 0.000010 -0.300000 0.000000 -3.141593 0.000000 -0.174533
    51 0.000000 -0.000001 0.000003 0.000001 -0.000001 0.000000
    52 0.000002 0.000000 -0.000002 -3.141593 0.000001 0.000000
    53 0.000002 0.000000 0.000002 0.000000 0.000000 0.349066
    54 0.000000 0.000000 0.000000 -3.141593 0.000000 0.000000
    55 0.000002 -0.000002 0.000000 -3.141593 0.000000 -0.000001
    56 0.000007 0.000004 0.000000 -3.141593 0.000000 -0.000001
    57 0.000001 -0.000004 0.000000 -3.141593 0.000000 0.000000
    58 0.000002 0.000010 0.000000 -3.141593 0.000000 0.000000
    59 0.000000 0.000000 0.000000 -3.141593 0.000000 0.000000
    60 -0.000001 -0.000004 0.000000 -3.141593 0.000000 0.000000
    61 0.000000 -0.000004 0.000000 -3.141593 0.000000 0.000000
    62 0.000001 -0.000002 0.000000 -3.141593 0.000000 0.000001
    63 0.000001 -0.000002 0.000000 3.141592 0.000000 -0.000001
    64 0.000000 0.000000 0.000000 -3.141593 0.000000 0.000000
    65 0.000000 0.000000 0.000000 -1.570797 -0.000001 0.000000
    66 0.000000 0.000000 0.000000 0.000000 0.000000 0.000000
    67 1.200001 0.000000 0.000000 0.000000 0.000000 0.000000
    68 0.000000 0.300000 0.000000 0.000000 0.000000 0.174533
    69 0.000000 0.000000 -0.000001 0.000000 0.000000 0.000000
    70 0.000000 0.000000 -0.000001 -3.141593 0.000000 0.000000
    71 0.000000 0.000000 0.000000 0.000001 0.000000 0.349065
    72 -0.000004 0.000003 0.000000 0.000000 0.000000 0.000000
    73 0.000009 -0.000006 0.000000 0.000000 0.000000 -0.000001
    74 0.000000 -0.000002 -0.000001 0.000000 -0.000001 -0.000001
    75 0.000000 0.000000 0.000000 0.000000 0.000000 0.000000
    76 0.000000 0.000000 0.000000 0.000000 0.000000 0.000001
    77 0.000000 0.000002 0.000000 0.000000 0.000000 0.000000
    78 -0.000007 -0.000013 0.000000 0.000000 0.000000 0.000001
    79 0.000000 0.000000 0.000000 0.000000 0.000000 0.000000
    80 0.000000 0.000000 0.000000 0.000000 0.000000 0.000000
    81 0.000000 0.000000 0.000000 0.000000 0.000000 0.000000
    82 0.000000 0.000000 0.000000 0.000000 0.000000 0.000000
    83 0.000000 0.000000 0.000004 -1.570797 0.000001 0.000000
  time 7
    0 -5.279323 -15.204148 -6.297808 -1.567247 -0.001091 -1.571343
    1 9.243773 6.139962 1.326173 -0.000001 0.000001 -1.570796
    2 3.442229 -1.240687 -0.005672 -0.000002 -0.000003 0.000000
    3 17.667921 -1.384574 1.233112 0.000000 -0.000003 -3.141592
    4 13.081079 -1.084008 0.792839 1.570797 -0.879478 -3.141593
    5 0.758741 0.000010 -0.000001 -1.570796 0.000000 -1.124720
    6 12.977262 -1.858502 0.676013 0.518314 -0.428322 -2.516407
    7 0.562688 -0.000006 -0.000004 -0.013014 -0.008068 -0.959463
    8 -3.709241 -24.428194 -8.036573 -3.143696 -1.067199 0.001946
    9 2.341381 0.000021 0.000003 1.570738 1.242323 -0.000046
    10 1.132746 -20.508408 -10.380282 3.068039 0.011094 -1.681336
    11 1.473635 0.639422 -1.295233 1.873507 0.766140 0.332871
    12 1.832607 -0.000004 0.000007 3.131157 0.007152 0.847622
    13 1.003331 0.000000 0.000000 -3.095899 0.121084 0.034207
    14 3.823887 -0.419591 -1.411516 0.069795 0.155286 0.207665
    15 2.187963 0.000000 0.000000 -0.165860 -0.079982 1.419145
    16 1.100958 -0.000014 0.000000 0.087789 -0.052676 -0.184191
    17 3.987879 -0.577435 -0.474708 0.200599 0.169210 0.195927
    18 1.890100 -0.000008 0.000000 -0.153902 -0.042688 1.467060
    19 1.310926 0.000015 0.000000 -0.029730 0.074269 -0.259831
    20 4.117973 -0.654501 0.453699 0.085604 0.094078 0.260901
    21 1.655293 0.000002 0.000000 -0.029296 -0.049149 1.283708
    22 0.869586 0.000011 0.000000 0.062963 -0.019305 0.011264
    23 4.150639 -0.581580 1.354867 -0.178487 0.129533 0.002321
    24 1.157248 -0.000013 -0.000002 0.194855 -0.267812 1.185099
    25 1.019835 0.000002 0.000002 -1.675130 0.086219 0.371305
    26 3.429456 -5.007721 -5.116617 -1.567406 1.180859 -1.476280
    27 12.695436 0.000001 0.000018 -0.268031 0.293050 -1.737638
    28 -5.855745 -10.396682 -9.833390 3.074347 0.006193 -1.559548
    29 1.474217 -0.497913 -1.376119 1.283294 0.486350 -0.349537
    30 1.832175 -0.000001 0.000001 -2.584557 -0.154226 0.716843
    31 1.042012 0.000000 -0.000006 -2.947027 -0.173385 -0.033771
    32 3.823319 0.664870 -1.331676 0.113609 0.291967 -0.310053
    33 2.152367 0.000010 0.000000 0.048427 -0.257689 -0.122177
    34 1.056626 -0.000010 0.000000 0.273385 -0.069605 -0.538064
    35 3.985126 0.881823 -0.368987 0.187091 0.205038 -0.528353
    36 1.830173 0.000000 0.000000 0.309987 -0.029019 -1.518072
    37 1.561352 0.000013 0.000000 0.027385 0.000718 -1.353498
    38 4.116548 0.711289 0.551868 0.372897 0.175497 -0.950866
    39 1.752729 -0.000006 0.000000 0.065544 0.077355 -1.199522
    40 0.869356 0.000002 0.000000 0.010534 -0.055972 -0.881563
    41 4.118825 0.331244 1.419828 0.091710 0.246073 -1.081329
    42 1.176325 -0.000002 0.000000 0.019561 0.360394 -0.780529
    43 0.970213 0.000000 0.000000 1.685136 0.078242 -1.123257
    44 -9.258431 -0.998731 -5.116617 -3.511104 1.481015 -2.823626
    45 12.706341 0.000001 0.000000 -0.407428 0.231058 -2.268898
    46 11.809021 -1.206475 0.191726 -0.000002 -0.000003 0.000000
    47 0.598399 -0.643255 -0.162013 0.000000 -1.570796 -0.835635
    48 0.000010 0.000000 0.000011 0.000000 0.000000 0.000000
    49 1.200000 0.000000 0.000000 0.000000 0.000000 0.000000
    50 0.000010 -0.300000 0.000000 -3.141593 0.000000 -0.174533
    51 0.000000 -0.000001 0.000003 0.000001 -0.000001 0.000000
    52 0.000002 0.000000 -0.000002 -3.141593 0.000001 0.000000
    53 0.000002 0.000000 0.000002 0.000000 0.000000 0.349066
    54 0.000000 0.000000 0.000000 -3.141593 0.000000 0.000000
    55 0.000002 -0.000002 0.000000 -3.141593 0.000000 -0.000001
    56 0.000007 0.000004 0.000000 -3.141593 0.000000 -0.000001
    57 0.000001 -0.000004 0.000000 -3.141593 0.000000 0.000000
    58 0.000002 0.000010 0.000000 -3.141593 0.000000 0.000000
    59 0.000000 0.000000 0.000000 -3.141593 0.000000 0.000000
    60 -0.000001 -0.000004 0.000000 -3.141593 0.000000 0.000000
    61 0.000000 -0.000004 0.000000 -3.141593 0.000000 0.000000
    62 0.000001 -0.000002 0.000000 -3.141593 0.000000 0.000001
    63 0.000001 -0.000002 0.000000 3.141592 0.000000 -0.000001
    64 0.000000 0.000000 0.000000 -3.141593 0.000000 0.000000
    65 0.000000 0.000000 0.000000 -1.570797 -0.000001 0.000000
    66 0.000000 0.000000 0.000000 0.000000 0.000000 0.000000
    67 1.200001 0.000000 0.000000 0.000000 0.000000 0.000000
    68 0.000000 0.300000 0.000000 0.000000 0.000000 0.174533
    69 0.000000 0.000000 -0.000001 0.000000 0.000000 0.000000
    70 0.000000 0.000000 -0.000001 -3.141593 0.000000 0.000000
    71 0.000000 0.000000 0.000000 0.000001 0.000000 0.349065
    72 -0.000004 0.000003 0.000000 0.000000 0.000000 0.000000
    73 0.000009 -0.000006 0.000000 0.000000 0.000000 -0.000001
    74 0.000000 -0.000002 -0.000001 0.000000 -0.000001 -0.000001
    75 0.000000 0.000000 0.000000 0.000000 0.000000 0.000000
    76 0.000000 0.000000 0.000000 0.000000 0.000000 0.000001
    77 0.000000 0.000002 0.000000 0.000000 0.000000 0.000000
    78 -0.000007 -0.000013 0.000000 0.000000 0.000000 0.000001
    79 0.000000 0.000000 0.000000 0.000000 0.000000 0.000000
    80 0.000000 0.000000 0.000000 0.000000 0.000000 0.000000
    81 0.000000 0.000000 0.000000 0.000000 0.000000 0.000000
    82 0.000000 0.000000 0.000000 0.000000 0.000000 0.000000
    83 0.000000 0.000000 0.000004 -1.570797 0.000001 0.000000
  time 8
    0 -5.279323 -15.204148 -6.301714 -1.566363 -0.001337 -1.571343
    1 9.243773 6.139962 1.326173 -0.000001 0.000001 -1.570796
    2 3.442229 -1.240687 -0.005672 -0.000002 -0.000003 0.000000
    3 17.667921 -1.384574 1.233112 0.000000 -0.000003 -3.141592
    4 13.081079 -1.084008 0.792839 1.570797 -0.879478 -3.141593
    5 0.758741 0.000010 -0.000001 -1.570796 0.000000 -1.124720
    6 12.977262 -1.858502 0.676013 0.518314 -0.428322 -2.516407
    7 0.562688 -0.000006 -0.000004 -0.013014 -0.008068 -0.959463
    8 -3.705334 -24.428194 -8.036573 -3.144270 -1.068078 0.002134
    9 2.341381 0.000021 0.000003 1.570738 1.242323 -0.000046
    10 1.140559 -20.508408 -10.380282 3.068970 0.010939 -1.681217
    11 1.473635 0.639422 -1.295233 1.873507 0.766140 0.332871
    12 1.832607 -0.000004 0.000007 3.131157 0.007152 0.847622
    13 1.003331 0.000000 0.000000 -3.095899 0.121084 0.034207
    14 3.823887 -0.419591 -1.411516 0.069795 0.155286 0.207665
    15 2.187963 0.000000 0.000000 -0.165860 -0.079982 1.419145
    16 1.100958 -0.000014 0.000000 0.087789 -0.052676 -0.184191
    17 3.987879 -0.577435 -0.474708 0.200599 0.169222 0.195927
    18 1.890100 -0.000008 0.000000 -0.153902 -0.042688 1.467060
    19 1.310926 0.000015 0.000000 -0.029730 0.074269 -0.259831
    20 4.117973 -0.654501 0.453699 0.085604 0.094078 0.260901
    21 1.655293 0.000002 0.000000 -0.029296 -0.049149 1.283708
    22 0.869586 0.000011 0.000000 0.062963 -0.019305 0.011264
    23 4.150639 -0.581580 1.354867 -0.178487 0.129533 0.002321
    24 1.157248 -0.000013 -0.000002 0.194855 -0.267812 1.185099
    25 1.019835 0.000002 0.000002 -1.675130 0.086219 0.371305
    26 3.429456 -5.007721 -5.116617 -1.568416 1.180816 -1.476554
    27 12.695436 0.000001 0.000018 -0.268060 0.293050 -1.737638
    28 -5.851839 -10.396682 -9.845109 3.075245 0.005911 -1.559548
    29 1.474217 -0.497913 -1.376119 1.283294 0.486350 -0.349537
    30 1.832175 -0.000001 0.000001 -2.584557 -0.154226 0.716821
    31 1.042012 0.000000 -0.000006 -2.947027 -0.173385 -0.033771
    32 3.823319 0.664870 -1.331676 0.113609 0.291967 -0.310053
    33 2.152367 0.000010 0.000000 0.048427 -0.257689 -0.122177
    34 1.056626 -0.000010 0.000000 0.273385 -0.069605 -0.538064
    35 3.985126 0.881823 -0.368987 0.187091 0.205038 -0.528353
    36 1.830173 0.000000 0.000000 0.309987 -0.029019 -1.518072
    37 1.561352 0.000013 0.000000 0.027385 0.000718 -1.353498
    38 4.116548 0.711289 0.551868 0.372897 0.175497 -0.950866
    39 1.752729 -0.000006 0.000000 0.065544 0.077355 -1.199522
    40 0.869356 0.000002 0.000000 0.010534 -0.055972 -0.881563
    41 4.118825 0.331244 1.419828 0.091710 0.246073 -1.081329
    42 1.176325 -0.000002 0.000000 0.019561 0.360394 -0.780529
    43 0.970213 0.000000 0.000000 1.685136 0.078242 -1.123257
    44 -9.258431 -0.998731 -5.116617 -3.512445 1.480201 -2.824157
    45 12.706341 0.000001 0.000000 -0.407346 0.231274 -2.268441
    46 11.809021 -1.206475 0.191726 -0.000002 -0.000003 0.000000
    47 0.598399 -0.643255 -0.162013 0.000000 -1.570796 -0.835635
    48 0.000010 0.000000 0.000011 0.000000 0.000000 0.000000
    49 1.200000 0.000000 0.000000 0.000000 0.000000 0.000000
    50 0.000010 -0.300000 0.000000 -3.141593 0.000000 -0.174533
    51 0.000000 -0.000001 0.000003 0.000001 -0.000001 0.000000
    52 0.000002 0.000000 -0.000002 -3.141593 0.000001 0.000000
    53 0.000002 0.000000 0.000002 0.000000 0.000000 0.349066
    54 0.000000 0.000000 0.000000 -3.141593 0.000000 0.000000
    55 0.000002 -0.000002 0.000000 -3.141593 0.000000 -0.000001
    56 0.000007 0.000004 0.000000 -3.141593 0.000000 -0.000001
    57 0.000001 -0.000004 0.000000 -3.141593 0.000000 0.000000
    58 0.000002 0.000010 0.000000 -3.141593 0.000000 0.000000
    59 0.000000 0.000000 0.000000 -3.141593 0.000000 0.000000
    60 -0.000001 -0.000004 0.000000 -3.141593 0.000000 0.000000
    61 0.000000 -0.000004 0.000000 -3.141593 0.000000 0.000000
    62 0.000001 -0.000002 0.000000 -3.141593 0.000000 0.000001
    63 0.000001 -0.000002 0.000000 3.141592 0.000000 -0.000001
    64 0.000000 0.000000 0.000000 -3.141593 0.000000 0.000000
    65 0.000000 0.000000 0.000000 -1.570797 -0.000001 0.000000
    66 0.000000 0.000000 0.000000 0.000000 0.000000 0.000000
    67 1.200001 0.000000 0.000000 0.000000 0.000000 0.000000
    68 0.000000 0.300000 0.000000 0.000000 0.000000 0.174533
    69 0.000000 0.000000 -0.000001 0.000000 0.000000 0.000000
    70 0.000000 0.000000 -0.000001 -3.141593 0.000000 0.000000
    71 0.000000 0.000000 0.000000 0.000001 0.000000 0.349065
    72 -0.000004 0.000003 0.000000 0.000000 0.000000 0.000000
    73 0.000009 -0.000006 0.000000 0.000000 0.000000 -0.000001
    74 0.000000 -0.000002 -0.000001 0.000000 -0.000001 -0.000001
    75 0.000000 0.000000 0.000000 0.000000 0.000000 0.000000
    76 0.000000 0.000000 0.000000 0.000000 0.000000 0.000001
    77 0.000000 0.000002 0.000000 0.000000 0.000000 0.000000
    78 -0.000007 -0.000013 0.000000 0.000000 0.000000 0.000001
    79 0.000000 0.000000 0.000000 0.000000 0.000000 0.000000
    80 0.000000 0.000000 0.000000 0.000000 0.000000 0.000000
    81 0.000000 0.000000 0.000000 0.000000 0.000000 0.000000
    82 0.000000 0.000000 0.000000 0.000000 0.000000 0.000000
    83 0.000000 0.000000 0.000004 -1.570797 0.000001 0.000000
  time 9
    0 -5.275417 -15.204148 -6.309527 -1.565503 -0.001636 -1.571343
    1 9.243773 6.139962 1.326173 -0.000001 0.000001 -1.570796
    2 3.442229 -1.240687 -0.005672 -0.000002 -0.000003 0.000000
    3 17.667921 -1.384574 1.233112 0.000000 -0.000003 -3.141592
    4 13.081079 -1.084008 0.792839 1.570797 -0.879478 -3.141593
    5 0.758741 0.000010 -0.000001 -1.570796 0.000000 -1.124720
    6 12.977262 -1.858502 0.676013 0.518314 -0.428322 -2.516407
    7 0.562688 -0.000006 -0.000004 -0.013014 -0.008068 -0.959463
    8 -3.701428 -24.428194 -8.036573 -3.144843 -1.068910 0.002887
    9 2.341381 0.000021 0.000003 1.570738 1.242323 -0.000046
    10 1.144465 -20.508408 -10.376376 3.069761 0.010801 -1.681217
    11 1.473635 0.639422 -1.295233 1.873507 0.766140 0.332871
    12 1.832607 -0.000004 0.000007 3.131157 0.007152 0.847622
    13 1.003331 0.000000 0.000000 -3.095899 0.121084 0.034207
    14 3.823887 -0.419591 -1.411516 0.069795 0.155286 0.207665
    15 2.187963 0.000000 0.000000 -0.165860 -0.079982 1.419145
    16 1.100958 -0.000014 0.000000 0.087789 -0.052676 -0.184191
    17 3.987879 -0.577435 -0.474708 0.200599 0.169222 0.195927
    18 1.890100 -0.000008 0.000000 -0.153902 -0.042688 1.467060
    19 1.310926 0.000015 0.000000 -0.029730 0.074269 -0.259831
    20 4.117973 -0.654501 0.453699 0.085604 0.094078 0.260901
    21 1.655293 0.000002 0.000000 -0.029296 -0.049149 1.283708
    22 0.869586 0.000011 0.000000 0.062963 -0.019305 0.011264
    23 4.150639 -0.581580 1.354867 -0.178487 0.129533 0.002321
    24 1.157248 -0.000013 -0.000002 0.194855 -0.267812 1.185099
    25 1.019835 0.000002 0.000002 -1.675130 0.086219 0.371305
    26 3.429456 -5.007721 -5.116617 -1.569426 1.180816 -1.477011
    27 12.695436 0.000001 0.000018 -0.268074 0.293050 -1.737638
    28 -5.844026 -10.396682 -9.852922 3.076081 0.005611 -1.559548
    29 1.474217 -0.497913 -1.376119 1.283294 0.486350 -0.349537
    30 1.832175 -0.000001 0.000001 -2.584557 -0.154226 0.716821
    31 1.042012 0.000000 -0.000006 -2.947027 -0.173385 -0.033771
    32 3.823319 0.664870 -1.331676 0.113609 0.291967 -0.310053
    33 2.152367 0.000010 0.000000 0.048427 -0.257689 -0.122177
    34 1.056626 -0.000010 0.000000 0.273385 -0.069605 -0.538064
    35 3.985126 0.881823 -0.368987 0.187091 0.205038 -0.528353
    36 1.830173 0.000000 0.000000 0.309987 -0.029019 -1.518072
    37 1.561352 0.000013 0.000000 0.027385 0.000718 -1.353498
    38 4.116548 0.711289 0.551868 0.372897 0.175497 -0.950866
    39 1.752729 -0.000006 0.000000 0.065544 0.077355 -1.199522
    40 0.869356 0.000002 0.000000 0.010534 -0.055972 -0.881563
    41 4.118825 0.331244 1.419828 0.091710 0.246073 -1.081329
    42 1.176325 -0.000002 0.000000 0.019561 0.360394 -0.780529
    43 0.970213 0.000000 0.000000 1.685117 0.078242 -1.123257
    44 -9.258431 -0.998731 -5.116617 -3.514073 1.479251 -2.824687
    45 12.706341 0.000001 0.000000 -0.407215 0.231358 -2.267983
    46 11.809021 -1.206475 0.191726 -0.000002 -0.000003 0.000000
    47 0.598399 -0.643255 -0.162013 0.000000 -1.570796 -0.835635
    48 0.000010 0.000000 0.000011 0.000000 0.000000 0.000000
    49 1.200000 0.000000 0.000000 0.000000 0.000000 0.000000
    50 0.000010 -0.300000 0.000000 -3.141593 0.000000 -0.174533
    51 0.000000 -0.000001 0.000003 0.000001 -0.000001 0.000000
    52 0.000002 0.000000 -0.000002 -3.141593 0.000001 0.000000
    53 0.000002 0.000000 0.000002 0.000000 0.000000 0.349066
    54 0.000000 0.000000 0.000000 -3.141593 0.000000 0.000000
    55 0.000002 -0.000002 0.000000 -3.141593 0.000000 -0.000001
    56 0.000007 0.000004 0.000000 -3.141593 0.000000 -0.000001
    57 0.000001 -0.000004 0.000000 -3.141593 0.000000 0.000000
    58 0.000002 0.000010 0.000000 -3.141593 0.000000 0.000000
    59 0.000000 0.000000 0.000000 -3.141593 0.000000 0.000000
    60 -0.000001 -0.000004 0.000000 -3.141593 0.000000 0.000000
    61 0.000000 -0.000004 0.000000 -3.141593 0.000000 0.000000
    62 0.000001 -0.000002 0.000000 -3.141593 0.000000 0.000001
    63 0.000001 -0.000002 0.000000 3.141592 0.000000 -0.000001
    64 0.000000 0.000000 0.000000 -3.141593 0.000000 0.000000
    65 0.000000 0.000000 0.000000 -1.570797 -0.000001 0.000000
    66 0.000000 0.000000 0.000000 0.000000 0.000000 0.000000
    67 1.200001 0.000000 0.000000 0.000000 0.000000 0.000000
    68 0.000000 0.300000 0.000000 0.000000 0.000000 0.174533
    69 0.000000 0.000000 -0.000001 0.000000 0.000000 0.000000
    70 0.000000 0.000000 -0.000001 -3.141593 0.000000 0.000000
    71 0.000000 0.000000 0.000000 0.000001 0.000000 0.349065
    72 -0.000004 0.000003 0.000000 0.000000 0.000000 0.000000
    73 0.000009 -0.000006 0.000000 0.000000 0.000000 -0.000001
    74 0.000000 -0.000002 -0.000001 0.000000 -0.000001 -0.000001
    75 0.000000 0.000000 0.000000 0.000000 0.000000 0.000000
    76 0.000000 0.000000 0.000000 0.000000 0.000000 0.000001
    77 0.000000 0.000002 0.000000 0.000000 0.000000 0.000000
    78 -0.000007 -0.000013 0.000000 0.000000 0.000000 0.000001
    79 0.000000 0.000000 0.000000 0.000000 0.000000 0.000000
    80 0.000000 0.000000 0.000000 0.000000 0.000000 0.000000
    81 0.000000 0.000000 0.000000 0.000000 0.000000 0.000000
    82 0.000000 0.000000 0.000000 0.000000 0.000000 0.000000
    83 0.000000 0.000000 0.000004 -1.570797 0.000001 0.000000
  time 10
    0 -5.275417 -15.204148 -6.313433 -1.564742 -0.001865 -1.571343
    1 9.243773 6.139962 1.326173 -0.000001 0.000001 -1.570796
    2 3.442229 -1.240687 -0.005672 -0.000002 -0.000003 0.000000
    3 17.667921 -1.384574 1.233112 0.000000 -0.000003 -3.141592
    4 13.081079 -1.084008 0.792839 1.570797 -0.879478 -3.141593
    5 0.758741 0.000010 -0.000001 -1.570796 0.000000 -1.124720
    6 12.977262 -1.858502 0.676013 0.518314 -0.428322 -2.516407
    7 0.562688 -0.000006 -0.000004 -0.013014 -0.008068 -0.959463
    8 -3.697522 -24.432100 -8.048293 -3.145417 -1.069710 0.003358
    9 2.341381 0.000021 0.000003 1.570738 1.242323 -0.000046
    10 1.152278 -20.508408 -10.376376 3.070645 0.010646 -1.681217
    11 1.473635 0.639422 -1.295233 1.873507 0.766140 0.332871
    12 1.832607 -0.000004 0.000007 3.131157 0.007152 0.847622
    13 1.003331 0.000000 0.000000 -3.095899 0.121084 0.034207
    14 3.823887 -0.419591 -1.411516 0.069795 0.155286 0.207665
    15 2.187963 0.000000 0.000000 -0.165860 -0.079982 1.419145
    16 1.100958 -0.000014 0.000000 0.087789 -0.052676 -0.184191
    17 3.987879 -0.577435 -0.474708 0.200599 0.169222 0.195927
    18 1.890100 -0.000008 0.000000 -0.153902 -0.042688 1.467060
    19 1.310926 0.000015 0.000000 -0.029730 0.074269 -0.259831
    20 4.117973 -0.654501 0.453699 0.085604 0.094078 0.260901
    21 1.655293 0.000002 0.000000 -0.029296 -0.049149 1.283708
    22 0.869586 0.000011 0.000000 0.062963 -0.019305 0.011264
    23 4.150639 -0.581580 1.354867 -0.178487 0.129533 0.002321
    24 1.157248 -0.000013 -0.000002 0.194855 -0.267812 1.185099
    25 1.019835 0.000002 0.000002 -1.675130 0.086219 0.371305
    26 3.429456 -5.007721 -5.116617 -1.570161 1.180816 -1.477285
    27 12.695436 0.000001 0.000018 -0.268074 0.293050 -1.737905
    28 -5.840120 -10.396682 -9.852922 3.076856 0.005347 -1.559548
    29 1.474217 -0.497913 -1.376119 1.283294 0.486350 -0.349537
    30 1.832175 -0.000001 0.000001 -2.584557 -0.154226 0.716843
    31 1.042012 0.000000 -0.000006 -2.947027 -0.173385 -0.033771
    32 3.823319 0.664870 -1.331676 0.113609 0.291967 -0.310053
    33 2.152367 0.000010 0.000000 0.048427 -0.257689 -0.122177
    34 1.056626 -0.000010 0.000000 0.273385 -0.069605 -0.538064
    35 3.985126 0.881823 -0.368987 0.187091 0.205038 -0.528353
    36 1.830173 0.000000 0.000000 0.309987 -0.029019 -1.518072
    37 1.561352 0.000013 0.000000 0.027385 0.000718 -1.353498
    38 4.116548 0.711289 0.551868 0.372897 0.175497 -0.950866
    39 1.752729 -0.000006 0.000000 0.065544 0.077355 -1.199522
    40 0.869356 0.000002 0.000000 0.010534 -0.055972 -0.881563
    41 4.118825 0.331244 1.419828 0.091710 0.246073 -1.081329
    42 1.176325 -0.000002 0.000000 0.019561 0.360394 -0.780529
    43 0.970213 0.000000 0.000000 1.685136 0.078242 -1.123240
    44 -9.258431 -0.998731 -5.116617 -3.515892 1.478346 -2.825483
    45 12.706341 0.000001 0.000000 -0.407133 0.231454 -2.267373
    46 11.809021 -1.206475 0.191726 -0.000002 -0.000003 0.000000
    47 0.598399 -0.643255 -0.162013 0.000000 -1.570796 -0.835635
    48 0.000010 0.000000 0.000011 0.000000 0.000000 0.000000
    49 1.200000 0.000000 0.000000 0.000000 0.000000 0.000000
    50 0.000010 -0.300000 0.000000 -3.141593 0.000000 -0.174533
    51 0.000000 -0.000001 0.000003 0.000001 -0.000001 0.000000
    52 0.000002 0.000000 -0.000002 -3.141593 0.000001 0.000000
    53 0.000002 0.000000 0.000002 0.000000 0.000000 0.349066
    54 0.000000 0.000000 0.000000 -3.141593 0.000000 0.000000
    55 0.000002 -0.000002 0.000000 -3.141593 0.000000 -0.000001
    56 0.000007 0.000004 0.000000 -3.141593 0.000000 -0.000001
    57 0.000001 -0.000004 0.000000 -3.141593 0.000000 0.000000
    58 0.000002 0.000010 0.000000 -3.141593 0.000000 0.000000
    59 0.000000 0.000000 0.000000 -3.141593 0.000000 0.000000
    60 -0.000001 -0.000004 0.000000 -3.141593 0.000000 0.000000
    61 0.000000 -0.000004 0.000000 -3.141593 0.000000 0.000000
    62 0.000001 -0.000002 0.000000 -3.141593 0.000000 0.000001
    63 0.000001 -0.000002 0.000000 3.141592 0.000000 -0.000001
    64 0.000000 0.000000 0.000000 -3.141593 0.000000 0.000000
    65 0.000000 0.000000 0.000000 -1.570797 -0.000001 0.000000
    66 0.000000 0.000000 0.000000 0.000000 0.000000 0.000000
    67 1.200001 0.000000 0.000000 0.000000 0.000000 0.000000
    68 0.000000 0.300000 0.000000 0.000000 0.000000 0.174533
    69 0.000000 0.000000 -0.000001 0.000000 0.000000 0.000000
    70 0.000000 0.000000 -0.000001 -3.141593 0.000000 0.000000
    71 0.000000 0.000000 0.000000 0.000001 0.000000 0.349065
    72 -0.000004 0.000003 0.000000 0.000000 0.000000 0.000000
    73 0.000009 -0.000006 0.000000 0.000000 0.000000 -0.000001
    74 0.000000 -0.000002 -0.000001 0.000000 -0.000001 -0.000001
    75 0.000000 0.000000 0.000000 0.000000 0.000000 0.000000
    76 0.000000 0.000000 0.000000 0.000000 0.000000 0.000001
    77 0.000000 0.000002 0.000000 0.000000 0.000000 0.000000
    78 -0.000007 -0.000013 0.000000 0.000000 0.000000 0.000001
    79 0.000000 0.000000 0.000000 0.000000 0.000000 0.000000
    80 0.000000 0.000000 0.000000 0.000000 0.000000 0.000000
    81 0.000000 0.000000 0.000000 0.000000 0.000000 0.000000
    82 0.000000 0.000000 0.000000 0.000000 0.000000 0.000000
    83 0.000000 0.000000 0.000004 -1.570797 0.000001 0.000000
  time 11
    0 -5.275417 -15.204148 -6.313433 -1.564042 -0.002076 -1.571343
    1 9.243773 6.139962 1.326173 -0.000001 0.000001 -1.570796
    2 3.442229 -1.240687 -0.005672 -0.000002 -0.000003 0.000000
    3 17.667921 -1.384574 1.233112 0.000000 -0.000003 -3.141592
    4 13.081079 -1.084008 0.792839 1.570797 -0.879478 -3.141593
    5 0.758741 0.000010 -0.000001 -1.570796 0.000000 -1.124720
    6 12.977262 -1.858502 0.676013 0.518314 -0.428322 -2.516407
    7 0.562688 -0.000006 -0.000004 -0.013014 -0.008068 -0.959463
    8 -3.693615 -24.432100 -8.048293 -3.145895 -1.070385 0.003640
    9 2.341381 0.000021 0.000003 1.570738 1.242323 -0.000046
    10 1.156185 -20.508408 -10.376376 3.071297 0.010491 -1.681217
    11 1.473635 0.639422 -1.295233 1.873507 0.766140 0.332871
    12 1.832607 -0.000004 0.000007 3.131157 0.007152 0.847622
    13 1.003331 0.000000 0.000000 -3.095899 0.121084 0.034207
    14 3.823887 -0.419591 -1.411516 0.069795 0.155286 0.207665
    15 2.187963 0.000000 0.000000 -0.165860 -0.079982 1.419145
    16 1.100958 -0.000014 0.000000 0.087789 -0.052676 -0.184191
    17 3.987879 -0.577435 -0.474708 0.200599 0.169222 0.195927
    18 1.890100 -0.000008 0.000000 -0.153902 -0.042688 1.467060
    19 1.310926 0.000015 0.000000 -0.029730 0.074269 -0.259851
    20 4.117973 -0.654501 0.453699 0.085604 0.094078 0.260901
    21 1.655293 0.000002 0.000000 -0.029296 -0.049149 1.283708
    22 0.869586 0.000011 0.000000 0.062963 -0.019305 0.011264
    23 4.150639 -0.581580 1.354867 -0.178487 0.129533 0.002321
    24 1.157248 -0.000013 -0.000002 0.194855 -0.267812 1.185099
    25 1.019835 0.000002 0.000002 -1.675130 0.086219 0.371305
    26 3.429456 -5.007721 -5.116617 -1.571079 1.180859 -1.477559
    27 12.695436 0.000001 0.000018 -0.268103 0.293050 -1.737972
    28 -5.836213 -10.396682 -9.864641 3.077545 0.005153 -1.559485
    29 1.474217 -0.497913 -1.376119 1.283294 0.486350 -0.349537
    30 1.832175 -0.000001 0.000001 -2.584557 -0.154226 0.716821
    31 1.042012 0.000000 -0.000006 -2.947027 -0.173385 -0.033771
    32 3.823319 0.664870 -1.331676 0.113609 0.291967 -0.310053
    33 2.152367 0.000010 0.000000 0.048427 -0.257689 -0.122177
    34 1.056626 -0.000010 0.000000 0.273385 -0.069605 -0.538064
    35 3.985126 0.881823 -0.368987 0.187091 0.205038 -0.528353
    36 1.830173 0.000000 0.000000 0.309987 -0.029019 -1.518072
    37 1.561352 0.000013 0.000000 0.027385 0.000718 -1.353498
    38 4.116548 0.711289 0.551868 0.372897 0.175497 -0.950866
    39 1.752729 -0.000006 0.000000 0.065544 0.077355 -1.199522
    40 0.869356 0.000002 0.000000 0.010534 -0.055972 -0.881563
    41 4.118825 0.331244 1.419828 0.091710 0.246073 -1.081329
    42 1.176325 -0.000002 0.000000 0.019561 0.360394 -0.780529
    43 0.970213 0.000000 0.000000 1.685136 0.078242 -1.123257
    44 -9.258431 -0.998731 -5.116617 -3.517520 1.477532 -2.826279
    45 12.706341 0.000001 0.000000 -0.407035 0.231526 -2.267068
    46 11.809021 -1.206475 0.191726 -0.000002 -0.000003 0.000000
    47 0.598399 -0.643255 -0.162013 0.000000 -1.570796 -0.835635
    48 0.000010 0.000000 0.000011 0.000000 0.000000 0.000000
    49 1.200000 0.000000 0.000000 0.000000 0.000000 0.000000
    50 0.000010 -0.300000 0.000000 -3.141593 0.000000 -0.174533
    51 0.000000 -0.000001 0.000003 0.000001 -0.000001 0.000000
    52 0.000002 0.000000 -0.000002 -3.141593 0.000001 0.000000
    53 0.000002 0.000000 0.000002 0.000000 0.000000 0.349066
    54 0.000000 0.000000 0.000000 -3.141593 0.000000 0.000000
    55 0.000002 -0.000002 0.000000 -3.141593 0.000000 -0.000001
    56 0.000007 0.000004 0.000000 -3.141593 0.000000 -0.000001
    57 0.000001 -0.000004 0.000000 -3.141593 0.000000 0.000000
    58 0.000002 0.000010 0.000000 -3.141593 0.000000 0.000000
    59 0.000000 0.000000 0.000000 -3.141593 0.000000 0.000000
    60 -0.000001 -0.000004 0.000000 -3.141593 0.000000 0.000000
    61 0.000000 -0.000004 0.000000 -3.141593 0.000000 0.000000
    62 0.000001 -0.000002 0.000000 -3.141593 0.000000 0.000001
    63 0.000001 -0.000002 0.000000 3.141592 0.000000 -0.000001
    64 0.000000 0.000000 0.000000 -3.141593 0.000000 0.000000
    65 0.000000 0.000000 0.000000 -1.570797 -0.000001 0.000000
    66 0.000000 0.000000 0.000000 0.000000 0.000000 0.000000
    67 1.200001 0.000000 0.000000 0.000000 0.000000 0.000000
    68 0.000000 0.300000 0.000000 0.000000 0.000000 0.174533
    69 0.000000 0.000000 -0.000001 0.000000 0.000000 0.000000
    70 0.000000 0.000000 -0.000001 -3.141593 0.000000 0.000000
    71 0.000000 0.000000 0.000000 0.000001 0.000000 0.349065
    72 -0.000004 0.000003 0.000000 0.000000 0.000000 0.000000
    73 0.000009 -0.000006 0.000000 0.000000 0.000000 -0.000001
    74 0.000000 -0.000002 -0.000001 0.000000 -0.000001 -0.000001
    75 0.000000 0.000000 0.000000 0.000000 0.000000 0.000000
    76 0.000000 0.000000 0.000000 0.000000 0.000000 0.000001
    77 0.000000 0.000002 0.000000 0.000000 0.000000 0.000000
    78 -0.000007 -0.000013 0.000000 0.000000 0.000000 0.000001
    79 0.000000 0.000000 0.000000 0.000000 0.000000 0.000000
    80 0.000000 0.000000 0.000000 0.000000 0.000000 0.000000
    81 0.000000 0.000000 0.000000 0.000000 0.000000 0.000000
    82 0.000000 0.000000 0.000000 0.000000 0.000000 0.000000
    83 0.000000 0.000000 0.000004 -1.570797 0.000001 0.000000
  time 12
    0 -5.275417 -15.204148 -6.321246 -1.563514 -0.002252 -1.571343
    1 9.243773 6.139962 1.326173 -0.000001 0.000001 -1.570796
    2 3.442229 -1.240687 -0.005672 -0.000002 -0.000003 0.000000
    3 17.667921 -1.384574 1.233112 0.000000 -0.000003 -3.141592
    4 13.081079 -1.084008 0.792839 1.570797 -0.879478 -3.141593
    5 0.758741 0.000010 -0.000001 -1.570796 0.000000 -1.124720
    6 12.977262 -1.858502 0.676013 0.518314 -0.428322 -2.516407
    7 0.562688 -0.000006 -0.000004 -0.013014 -0.008068 -0.959463
    8 -3.689709 -24.432100 -8.052199 -3.146278 -1.070919 0.004111
    9 2.341381 0.000021 0.000003 1.570738 1.242323 -0.000046
    10 1.160091 -20.508408 -10.376376 3.071902 0.010405 -1.681217
    11 1.473635 0.639422 -1.295233 1.873507 0.766140 0.332871
    12 1.832607 -0.000004 0.000007 3.131157 0.007152 0.847622
    13 1.003331 0.000000 0.000000 -3.095899 0.121084 0.034207
    14 3.823887 -0.419591 -1.411516 0.069795 0.155286 0.207665
    15 2.187963 0.000000 0.000000 -0.165860 -0.079982 1.419145
    16 1.100958 -0.000014 0.000000 0.087789 -0.052676 -0.184191
    17 3.987879 -0.577435 -0.474708 0.200599 0.169222 0.195927
    18 1.890100 -0.000008 0.000000 -0.153902 -0.042688 1.467060
    19 1.310926 0.000015 0.000000 -0.029730 0.074269 -0.259831
    20 4.117973 -0.654501 0.453699 0.085604 0.094078 0.260901
    21 1.655293 0.000002 0.000000 -0.029296 -0.049149 1.283708
    22 0.869586 0.000011 0.000000 0.062963 -0.019305 0.011264
    23 4.150639 -0.581580 1.354867 -0.178487 0.129533 0.002321
    24 1.157248 -0.000013 -0.000002 0.194855 -0.267812 1.185099
    25 1.019835 0.000002 0.000002 -1.675130 0.086219 0.371305
    26 3.429456 -5.007721 -5.116617 -1.571722 1.180859 -1.477833
    27 12.695436 0.000001 0.000018 -0.268103 0.293050 -1.737972
    28 -5.828401 -10.400589 -9.868547 3.078086 0.004959 -1.559485
    29 1.474217 -0.497913 -1.376119 1.283294 0.486350 -0.349537
    30 1.832175 -0.000001 0.000001 -2.584557 -0.154226 0.716821
    31 1.042012 0.000000 -0.000006 -2.947027 -0.173385 -0.033771
    32 3.823319 0.664870 -1.331676 0.113609 0.291967 -0.310053
    33 2.152367 0.000010 0.000000 0.048427 -0.257689 -0.122177
    34 1.056626 -0.000010 0.000000 0.273385 -0.069605 -0.538064
    35 3.985126 0.881823 -0.368987 0.187091 0.205038 -0.528353
    36 1.830173 0.000000 0.000000 0.309987 -0.029019 -1.518072
    37 1.561352 0.000013 0.000000 0.027385 0.000718 -1.353498
    38 4.116548 0.711289 0.551868 0.372897 0.175497 -0.950866
    39 1.752729 -0.000006 0.000000 0.065544 0.077355 -1.199522
    40 0.869356 0.000002 0.000000 0.010534 -0.055972 -0.881563
    41 4.118825 0.331244 1.419828 0.091710 0.246073 -1.081329
    42 1.176325 -0.000002 0.000000 0.019561 0.360394 -0.780529
    43 0.970213 0.000000 0.000000 1.685117 0.078242 -1.123240
    44 -9.258431 -0.998731 -5.116617 -3.519148 1.476672 -2.826986
    45 12.706341 0.000001 0.000000 -0.406953 0.231598 -2.266763
    46 11.809021 -1.206475 0.191726 -0.000002 -0.000003 0.000000
    47 0.598399 -0.643255 -0.162013 0.000000 -1.570796 -0.835635
    48 0.000010 0.000000 0.000011 0.000000 0.000000 0.000000
    49 1.200000 0.000000 0.000000 0.000000 0.000000 0.000000
    50 0.000010 -0.300000 0.000000 -3.141593 0.000000 -0.174533
    51 0.000000 -0.000001 0.000003 0.000001 -0.000001 0.000000
    52 0.000002 0.000000 -0.000002 -3.141593 0.000001 0.000000
    53 0.000002 0.000000 0.000002 0.000000 0.000000 0.349066
    54 0.000000 0.000000 0.000000 -3.141593 0.000000 0.000000
    55 0.000002 -0.000002 0.000000 -3.141593 0.000000 -0.000001
    56 0.000007 0.000004 0.000000 -3.141593 0.000000 -0.000001
    57 0.000001 -0.000004 0.000000 -3.141593 0.000000 0.000000
    58 0.000002 0.000010 0.000000 -3.141593 0.000000 0.000000
    59 0.000000 0.000000 0.000000 -3.141593 0.000000 0.000000
    60 -0.000001 -0.000004 0.000000 -3.141593 0.000000 0.000000
    61 0.000000 -0.000004 0.000000 -3.141593 0.000000 0.000000
    62 0.000001 -0.000002 0.000000 -3.141593 0.000000 0.000001
    63 0.000001 -0.000002 0.000000 3.141592 0.000000 -0.000001
    64 0.000000 0.000000 0.000000 -3.141593 0.000000 0.000000
    65 0.000000 0.000000 0.000000 -1.570797 -0.000001 0.000000
    66 0.000000 0.000000 0.000000 0.000000 0.000000 0.000000
    67 1.200001 0.000000 0.000000 0.000000 0.000000 0.000000
    68 0.000000 0.300000 0.000000 0.000000 0.000000 0.174533
    69 0.000000 0.000000 -0.000001 0.000000 0.000000 0.000000
    70 0.000000 0.000000 -0.000001 -3.141593 0.000000 0.000000
    71 0.000000 0.000000 0.000000 0.000001 0.000000 0.349065
    72 -0.000004 0.000003 0.000000 0.000000 0.000000 0.000000
    73 0.000009 -0.000006 0.000000 0.000000 0.000000 -0.000001
    74 0.000000 -0.000002 -0.000001 0.000000 -0.000001 -0.000001
    75 0.000000 0.000000 0.000000 0.000000 0.000000 0.000000
    76 0.000000 0.000000 0.000000 0.000000 0.000000 0.000001
    77 0.000000 0.000002 0.000000 0.000000 0.000000 0.000000
    78 -0.000007 -0.000013 0.000000 0.000000 0.000000 0.000001
    79 0.000000 0.000000 0.000000 0.000000 0.000000 0.000000
    80 0.000000 0.000000 0.000000 0.000000 0.000000 0.000000
    81 0.000000 0.000000 0.000000 0.000000 0.000000 0.000000
    82 0.000000 0.000000 0.000000 0.000000 0.000000 0.000000
    83 0.000000 0.000000 0.000004 -1.570797 0.000001 0.000000
  time 13
    0 -5.275417 -15.204148 -6.321246 -1.563121 -0.002375 -1.571343
    1 9.243773 6.139962 1.326173 -0.000001 0.000001 -1.570796
    2 3.442229 -1.240687 -0.005672 -0.000002 -0.000003 0.000000
    3 17.667921 -1.384574 1.233112 0.000000 -0.000003 -3.141592
    4 13.081079 -1.084008 0.792839 1.570797 -0.879478 -3.141593
    5 0.758741 0.000010 -0.000001 -1.570796 0.000000 -1.124720
    6 12.977262 -1.858502 0.676013 0.518314 -0.428322 -2.516407
    7 0.562688 -0.000006 -0.000004 -0.013014 -0.008068 -0.959463
    8 -3.685802 -24.432100 -8.052199 -3.146469 -1.071327 0.004299
    9 2.341381 0.000021 0.000003 1.570738 1.242323 -0.000046
    10 1.163997 -20.508408 -10.376376 3.072228 0.010319 -1.681217
    11 1.473635 0.639422 -1.295233 1.873507 0.766140 0.332871
    12 1.832607 -0.000004 0.000007 3.131157 0.007152 0.847622
    13 1.003331 0.000000 0.000000 -3.095899 0.121084 0.034207
    14 3.823887 -0.419591 -1.411516 0.069795 0.155286 0.207665
    15 2.187963 0.000000 0.000000 -0.165860 -0.079982 1.419145
    16 1.100958 -0.000014 0.000000 0.087789 -0.052676 -0.184191
    17 3.987879 -0.577435 -0.474708 0.200599 0.169210 0.195927
    18 1.890100 -0.000008 0.000000 -0.153902 -0.042688 1.467060
    19 1.310926 0.000015 0.000000 -0.029730 0.074269 -0.259831
    20 4.117973 -0.654501 0.453699 0.085604 0.094078 0.260901
    21 1.655293 0.000002 0.000000 -0.029296 -0.049149 1.283708
    22 0.869586 0.000011 0.000000 0.062963 -0.019305 0.011264
    23 4.150639 -0.581580 1.354867 -0.178487 0.129533 0.002321
    24 1.157248 -0.000013 -0.000002 0.194855 -0.267812 1.185099
    25 1.019835 0.000002 0.000002 -1.675130 0.086219 0.371305
    26 3.429456 -5.007721 -5.116617 -1.572640 1.181032 -1.478107
    27 12.695436 0.000001 0.000018 -0.268074 0.293050 -1.737905
    28 -5.824494 -10.400589 -9.872454 3.078479 0.004871 -1.559485
    29 1.474217 -0.497913 -1.376119 1.283294 0.486350 -0.349537
    30 1.832175 -0.000001 0.000001 -2.584557 -0.154226 0.716843
    31 1.042012 0.000000 -0.000006 -2.947027 -0.173385 -0.033771
    32 3.823319 0.664870 -1.331676 0.113609 0.291967 -0.310053
    33 2.152367 0.000010 0.000000 0.048427 -0.257689 -0.122177
    34 1.056626 -0.000010 0.000000 0.273385 -0.069605 -0.538064
    35 3.985126 0.881823 -0.368987 0.187091 0.205038 -0.528353
    36 1.830173 0.000000 0.000000 0.309987 -0.029019 -1.518072
    37 1.561352 0.000013 0.000000 0.027385 0.000718 -1.353498
    38 4.116548 0.711289 0.551868 0.372897 0.175497 -0.950866
    39 1.752729 -0.000006 0.000000 0.065544 0.077355 -1.199522
    40 0.869356 0.000002 0.000000 0.010534 -0.055972 -0.881563
    41 4.118825 0.331244 1.419828 0.091710 0.246073 -1.081329
    42 1.176325 -0.000002 0.000000 0.019561 0.360394 -0.780529
    43 0.970213 0.000000 0.000000 1.685136 0.078242 -1.123257
    44 -9.258431 -0.998731 -5.116617 -3.520776 1.476039 -2.828047
    45 12.706341 0.000001 0.000000 -0.406871 0.231610 -2.266382
    46 11.809021 -1.206475 0.191726 -0.000002 -0.000003 0.000000
    47 0.598399 -0.643255 -0.162013 0.000000 -1.570796 -0.835635
    48 0.000010 0.000000 0.000011 0.000000 0.000000 0.000000
    49 1.200000 0.000000 0.000000 0.000000 0.000000 0.000000
    50 0.000010 -0.300000 0.000000 -3.141593 0.000000 -0.174533
    51 0.000000 -0.000001 0.000003 0.000001 -0.000001 0.000000
    52 0.000002 0.000000 -0.000002 -3.141593 0.000001 0.000000
    53 0.000002 0.000000 0.000002 0.000000 0.000000 0.349066
    54 0.000000 0.000000 0.000000 -3.141593 0.000000 0.000000
    55 0.000002 -0.000002 0.000000 -3.141593 0.000000 -0.000001
    56 0.000007 0.000004 0.000000 -3.141593 0.000000 -0.000001
    57 0.000001 -0.000004 0.000000 -3.141593 0.000000 0.000000
    58 0.000002 0.000010 0.000000 -3.141593 0.000000 0.000000
    59 0.000000 0.000000 0.000000 -3.141593 0.000000 0.000000
    60 -0.000001 -0.000004 0.000000 -3.141593 0.000000 0.000000
    61 0.000000 -0.000004 0.000000 -3.141593 0.000000 0.000000
    62 0.000001 -0.000002 0.000000 -3.141593 0.000000 0.000001
    63 0.000001 -0.000002 0.000000 3.141592 0.000000 -0.000001
    64 0.000000 0.000000 0.000000 -3.141593 0.000000 0.000000
    65 0.000000 0.000000 0.000000 -1.570797 -0.000001 0.000000
    66 0.000000 0.000000 0.000000 0.000000 0.000000 0.000000
    67 1.200001 0.000000 0.000000 0.000000 0.000000 0.000000
    68 0.000000 0.300000 0.000000 0.000000 0.000000 0.174533
    69 0.000000 0.000000 -0.000001 0.000000 0.000000 0.000000
    70 0.000000 0.000000 -0.000001 -3.141593 0.000000 0.000000
    71 0.000000 0.000000 0.000000 0.000001 0.000000 0.349065
    72 -0.000004 0.000003 0.000000 0.000000 0.000000 0.000000
    73 0.000009 -0.000006 0.000000 0.000000 0.000000 -0.000001
    74 0.000000 -0.000002 -0.000001 0.000000 -0.000001 -0.000001
    75 0.000000 0.000000 0.000000 0.000000 0.000000 0.000000
    76 0.000000 0.000000 0.000000 0.000000 0.000000 0.000001
    77 0.000000 0.000002 0.000000 0.000000 0.000000 0.000000
    78 -0.000007 -0.000013 0.000000 0.000000 0.000000 0.000001
    79 0.000000 0.000000 0.000000 0.000000 0.000000 0.000000
    80 0.000000 0.000000 0.000000 0.000000 0.000000 0.000000
    81 0.000000 0.000000 0.000000 0.000000 0.000000 0.000000
    82 0.000000 0.000000 0.000000 0.000000 0.000000 0.000000
    83 0.000000 0.000000 0.000004 -1.570797 0.000001 0.000000
  time 14
    0 -5.275417 -15.204148 -6.329059 -1.562863 -0.002410 -1.571343
    1 9.243773 6.139962 1.326173 -0.000001 0.000001 -1.570796
    2 3.442229 -1.240687 -0.005672 -0.000002 -0.000003 0.000000
    3 17.667921 -1.384574 1.233112 0.000000 -0.000003 -3.141592
    4 13.081079 -1.084008 0.792839 1.570797 -0.879478 -3.141593
    5 0.758741 0.000010 -0.000001 -1.570796 0.000000 -1.124720
    6 12.977262 -1.858502 0.676013 0.518314 -0.428322 -2.516407
    7 0.562688 -0.000006 -0.000004 -0.013014 -0.008068 -0.959463
    8 -3.685802 -24.432100 -8.052199 -3.146660 -1.071531 0.004393
    9 2.341381 0.000021 0.000003 1.570738 1.242323 -0.000046
    10 1.167904 -20.508408 -10.376376 3.072554 0.010267 -1.681217
    11 1.473635 0.639422 -1.295233 1.873507 0.766140 0.332871
    12 1.832607 -0.000004 0.000007 3.131157 0.007152 0.847622
    13 1.003331 0.000000 0.000000 -3.095899 0.121084 0.034207
    14 3.823887 -0.419591 -1.411516 0.069795 0.155286 0.207665
    15 2.187963 0.000000 0.000000 -0.165860 -0.079982 1.419145
    16 1.100958 -0.000014 0.000000 0.087789 -0.052676 -0.184191
    17 3.987879 -0.577435 -0.474708 0.200599 0.169222 0.195927
    18 1.890100 -0.000008 0.000000 -0.153902 -0.042688 1.467060
    19 1.310926 0.000015 0.000000 -0.029730 0.074269 -0.259831
    20 4.117973 -0.654501 0.453699 0.085604 0.094078 0.260901
    21 1.655293 0.000002 0.000000 -0.029296 -0.049149 1.283708
    22 0.869586 0.000011 0.000000 0.062963 -0.019305 0.011264
    23 4.150639 -0.581580 1.354867 -0.178487 0.129533 0.002321
    24 1.157248 -0.000013 -0.000002 0.194855 -0.267812 1.185099
    25 1.019835 0.000002 0.000002 -1.675130 0.086219 0.371305
    26 3.429456 -5.007721 -5.116617 -1.572824 1.181161 -1.478198
    27 12.695436 0.000001 0.000018 -0.268074 0.293050 -1.737638
    28 -5.824494 -10.400589 -9.876360 3.078701 0.004765 -1.559485
    29 1.474217 -0.497913 -1.376119 1.283294 0.486350 -0.349537
    30 1.832175 -0.000001 0.000001 -2.584533 -0.154226 0.716821
    31 1.042012 0.000000 -0.000006 -2.947027 -0.173385 -0.033771
    32 3.823319 0.664870 -1.331676 0.113609 0.291967 -0.310053
    33 2.152367 0.000010 0.000000 0.048427 -0.257689 -0.122177
    34 1.056626 -0.000010 0.000000 0.273385 -0.069605 -0.538064
    35 3.985126 0.881823 -0.368987 0.187091 0.205038 -0.528353
    36 1.830173 0.000000 0.000000 0.309987 -0.029019 -1.518072
    37 1.561352 0.000013 0.000000 0.027385 0.000718 -1.353498
    38 4.116548 0.711289 0.551868 0.372897 0.175497 -0.950866
    39 1.752729 -0.000006 0.000000 0.065544 0.077355 -1.199522
    40 0.869356 0.000002 0.000000 0.010534 -0.055972 -0.881563
    41 4.118825 0.331244 1.419828 0.091710 0.246073 -1.081329
    42 1.176325 -0.000002 0.000000 0.019561 0.360394 -0.780529
    43 0.970213 0.000000 0.000000 1.685136 0.078242 -1.123257
    44 -9.258431 -0.998731 -5.116617 -3.522308 1.475496 -2.829020
    45 12.706341 0.000001 0.000000 -0.406822 0.231610 -2.266153
    46 11.809021 -1.206475 0.191726 -0.000002 -0.000003 0.000000
    47 0.598399 -0.643255 -0.162013 0.000000 -1.570796 -0.835635
    48 0.000010 0.000000 0.000011 0.000000 0.000000 0.000000
    49 1.200000 0.000000 0.000000 0.000000 0.000000 0.000000
    50 0.000010 -0.300000 0.000000 -3.141593 0.000000 -0.174533
    51 0.000000 -0.000001 0.000003 0.000001 -0.000001 0.000000
    52 0.000002 0.000000 -0.000002 -3.141593 0.000001 0.000000
    53 0.000002 0.000000 0.000002 0.000000 0.000000 0.349066
    54 0.000000 0.000000 0.000000 -3.141593 0.000000 0.000000
    55 0.000002 -0.000002 0.000000 -3.141593 0.000000 -0.000001
    56 0.000007 0.000004 0.000000 -3.141593 0.000000 -0.000001
    57 0.000001 -0.000004 0.000000 -3.141593 0.000000 0.000000
    58 0.000002 0.000010 0.000000 -3.141593 0.000000 0.000000
    59 0.000000 0.000000 0.000000 -3.141593 0.000000 0.000000
    60 -0.000001 -0.000004 0.000000 -3.141593 0.000000 0.000000
    61 0.000000 -0.000004 0.000000 -3.141593 0.000000 0.000000
    62 0.000001 -0.000002 0.000000 -3.141593 0.000000 0.000001
    63 0.000001 -0.000002 0.000000 3.141592 0.000000 -0.000001
    64 0.000000 0.000000 0.000000 -3.141593 0.000000 0.000000
    65 0.000000 0.000000 0.000000 -1.570797 -0.000001 0.000000
    66 0.000000 0.000000 0.000000 0.000000 0.000000 0.000000
    67 1.200001 0.000000 0.000000 0.000000 0.000000 0.000000
    68 0.000000 0.300000 0.000000 0.000000 0.000000 0.174533
    69 0.000000 0.000000 -0.000001 0.000000 0.000000 0.000000
    70 0.000000 0.000000 -0.000001 -3.141593 0.000000 0.000000
    71 0.000000 0.000000 0.000000 0.000001 0.000000 0.349065
    72 -0.000004 0.000003 0.000000 0.000000 0.000000 0.000000
    73 0.000009 -0.000006 0.000000 0.000000 0.000000 -0.000001
    74 0.000000 -0.000002 -0.000001 0.000000 -0.000001 -0.000001
    75 0.000000 0.000000 0.000000 0.000000 0.000000 0.000000
    76 0.000000 0.000000 0.000000 0.000000 0.000000 0.000001
    77 0.000000 0.000002 0.000000 0.000000 0.000000 0.000000
    78 -0.000007 -0.000013 0.000000 0.000000 0.000000 0.000001
    79 0.000000 0.000000 0.000000 0.000000 0.000000 0.000000
    80 0.000000 0.000000 0.000000 0.000000 0.000000 0.000000
    81 0.000000 0.000000 0.000000 0.000000 0.000000 0.000000
    82 0.000000 0.000000 0.000000 0.000000 0.000000 0.000000
    83 0.000000 0.000000 0.000004 -1.570797 0.000001 0.000000
  time 15
    0 -5.275417 -15.204148 -6.332965 -1.562802 -0.002463 -1.571343
    1 9.243773 6.139962 1.326173 -0.000001 0.000001 -1.570796
    2 3.442229 -1.240687 -0.005672 -0.000002 -0.000003 0.000000
    3 17.667921 -1.384574 1.233112 0.000000 -0.000003 -3.141592
    4 13.081079 -1.084008 0.792839 1.570797 -0.879478 -3.141593
    5 0.758741 0.000010 -0.000001 -1.570796 0.000000 -1.124720
    6 12.977262 -1.858502 0.676013 0.518314 -0.428322 -2.516407
    7 0.562688 -0.000006 -0.000004 -0.013014 -0.008068 -0.959463
    8 -3.681896 -24.432100 -8.060012 -3.146756 -1.071641 0.004393
    9 2.341381 0.000021 0.000003 1.570738 1.242323 -0.000046
    10 1.171810 -20.508408 -10.380282 3.072554 0.010267 -1.681217
    11 1.473635 0.639422 -1.295233 1.873507 0.766140 0.332871
    12 1.832607 -0.000004 0.000007 3.131157 0.007152 0.847622
    13 1.003331 0.000000 0.000000 -3.095899 0.121084 0.034207
    14 3.823887 -0.419591 -1.411516 0.069795 0.155286 0.207665
    15 2.187963 0.000000 0.000000 -0.165860 -0.079982 1.419145
    16 1.100958 -0.000014 0.000000 0.087789 -0.052676 -0.184191
    17 3.987879 -0.577435 -0.474708 0.200599 0.169222 0.195927
    18 1.890100 -0.000008 0.000000 -0.153902 -0.042688 1.467060
    19 1.310926 0.000015 0.000000 -0.029730 0.074269 -0.259831
    20 4.117973 -0.654501 0.453699 0.085604 0.094078 0.260901
    21 1.655293 0.000002 0.000000 -0.029296 -0.049149 1.283708
    22 0.869586 0.000011 0.000000 0.062963 -0.019305 0.011264
    23 4.150639 -0.581580 1.354867 -0.178487 0.129533 0.002321
    24 1.157248 -0.000013 -0.000002 0.194855 -0.267812 1.185099
    25 1.019835 0.000002 0.000002 -1.675130 0.086219 0.371305
    26 3.429456 -5.007721 -5.116617 -1.573191 1.181334 -1.478381
    27 12.695436 0.000001 0.000018 -0.268060 0.293050 -1.737638
    28 -5.820588 -10.400589 -9.880266 3.078787 0.004730 -1.559485
    29 1.474217 -0.497913 -1.376119 1.283294 0.486350 -0.349537
    30 1.832175 -0.000001 0.000001 -2.584557 -0.154226 0.716821
    31 1.042012 0.000000 -0.000006 -2.947027 -0.173385 -0.033771
    32 3.823319 0.664870 -1.331676 0.113609 0.291967 -0.310053
    33 2.152367 0.000010 0.000000 0.048427 -0.257689 -0.122177
    34 1.056626 -0.000010 0.000000 0.273385 -0.069605 -0.538064
    35 3.985126 0.881823 -0.368987 0.187091 0.205038 -0.528353
    36 1.830173 0.000000 0.000000 0.309987 -0.029019 -1.518072
    37 1.561352 0.000013 0.000000 0.027385 0.000718 -1.353498
    38 4.116548 0.711289 0.551868 0.372897 0.175497 -0.950866
    39 1.752729 -0.000006 0.000000 0.065544 0.077355 -1.199522
    40 0.869356 0.000002 0.000000 0.010534 -0.055972 -0.881563
    41 4.118825 0.331244 1.419828 0.091710 0.246073 -1.081329
    42 1.176325 -0.000002 0.000000 0.019561 0.360394 -0.780529
    43 0.970213 0.000000 0.000000 1.685136 0.078242 -1.123257
    44 -9.258431 -0.998731 -5.116617 -3.523745 1.474953 -2.829904
    45 12.706341 0.000001 0.000000 -0.406773 0.231610 -2.265924
    46 11.809021 -1.206475 0.191726 -0.000002 -0.000003 0.000000
    47 0.598399 -0.643255 -0.162013 0.000000 -1.570796 -0.835635
    48 0.000010 0.000000 0.000011 0.000000 0.000000 0.000000
    49 1.200000 0.000000 0.000000 0.000000 0.000000 0.000000
    50 0.000010 -0.300000 0.000000 -3.141593 0.000000 -0.174533
    51 0.000000 -0.000001 0.000003 0.000001 -0.000001 0.000000
    52 0.000002 0.000000 -0.000002 -3.141593 0.000001 0.000000
    53 0.000002 0.000000 0.000002 0.000000 0.000000 0.349066
    54 0.000000 0.000000 0.000000 -3.141593 0.000000 0.000000
    55 0.000002 -0.000002 0.000000 -3.141593 0.000000 -0.000001
    56 0.000007 0.000004 0.000000 -3.141593 0.000000 -0.000001
    57 0.000001 -0.000004 0.000000 -3.141593 0.000000 0.000000
    58 0.000002 0.000010 0.000000 -3.141593 0.000000 0.000000
    59 0.000000 0.000000 0.000000 -3.141593 0.000000 0.000000
    60 -0.000001 -0.000004 0.000000 -3.141593 0.000000 0.000000
    61 0.000000 -0.000004 0.000000 -3.141593 0.000000 0.000000
    62 0.000001 -0.000002 0.000000 -3.141593 0.000000 0.000001
    63 0.000001 -0.000002 0.000000 3.141592 0.000000 -0.000001
    64 0.000000 0.000000 0.000000 -3.141593 0.000000 0.000000
    65 0.000000 0.000000 0.000000 -1.570797 -0.000001 0.000000
    66 0.000000 0.000000 0.000000 0.000000 0.000000 0.000000
    67 1.200001 0.000000 0.000000 0.000000 0.000000 0.000000
    68 0.000000 0.300000 0.000000 0.000000 0.000000 0.174533
    69 0.000000 0.000000 -0.000001 0.000000 0.000000 0.000000
    70 0.000000 0.000000 -0.000001 -3.141593 0.000000 0.000000
    71 0.000000 0.000000 0.000000 0.000001 0.000000 0.349065
    72 -0.000004 0.000003 0.000000 0.000000 0.000000 0.000000
    73 0.000009 -0.000006 0.000000 0.000000 0.000000 -0.000001
    74 0.000000 -0.000002 -0.000001 0.000000 -0.000001 -0.000001
    75 0.000000 0.000000 0.000000 0.000000 0.000000 0.000000
    76 0.000000 0.000000 0.000000 0.000000 0.000000 0.000001
    77 0.000000 0.000002 0.000000 0.000000 0.000000 0.000000
    78 -0.000007 -0.000013 0.000000 0.000000 0.000000 0.000001
    79 0.000000 0.000000 0.000000 0.000000 0.000000 0.000000
    80 0.000000 0.000000 0.000000 0.000000 0.000000 0.000000
    81 0.000000 0.000000 0.000000 0.000000 0.000000 0.000000
    82 0.000000 0.000000 0.000000 0.000000 0.000000 0.000000
    83 0.000000 0.000000 0.000004 -1.570797 0.000001 0.000000
  time 16
    0 -5.275417 -15.204148 -6.336871 -1.562851 -0.002410 -1.571343
    1 9.243773 6.139962 1.326173 -0.000001 0.000001 -1.570796
    2 3.442229 -1.240687 -0.005672 -0.000002 -0.000003 0.000000
    3 17.667921 -1.384574 1.233112 0.000000 -0.000003 -3.141592
    4 13.081079 -1.084008 0.792839 1.570797 -0.879478 -3.141593
    5 0.758741 0.000010 -0.000001 -1.570796 0.000000 -1.124720
    6 12.977262 -1.858502 0.676013 0.518314 -0.428322 -2.516407
    7 0.562688 -0.000006 -0.000004 -0.013014 -0.008068 -0.959463
    8 -3.681896 -24.432100 -8.063918 -3.146660 -1.071578 0.004393
    9 2.341381 0.000021 0.000003 1.570738 1.242323 -0.000046
    10 1.171810 -20.508408 -10.380282 3.072554 0.010267 -1.681217
    11 1.473635 0.639422 -1.295233 1.873507 0.766140 0.332871
    12 1.832607 -0.000004 0.000007 3.131157 0.007152 0.847622
    13 1.003331 0.000000 0.000000 -3.095899 0.121084 0.034207
    14 3.823887 -0.419591 -1.411516 0.069795 0.155286 0.207665
    15 2.187963 0.000000 0.000000 -0.165860 -0.079982 1.419145
    16 1.100958 -0.000014 0.000000 0.087789 -0.052676 -0.184191
    17 3.987879 -0.577435 -0.474708 0.200599 0.169222 0.195927
    18 1.890100 -0.000008 0.000000 -0.153902 -0.042688 1.467060
    19 1.310926 0.000015 0.000000 -0.029730 0.074269 -0.259831
    20 4.117973 -0.654501 0.453699 0.085604 0.094078 0.260901
    21 1.655293 0.000002 0.000000 -0.029296 -0.049149 1.283708
    22 0.869586 0.000011 0.000000 0.062963 -0.019305 0.011264
    23 4.150639 -0.581580 1.354867 -0.178487 0.129533 0.002321
    24 1.157248 -0.000013 -0.000002 0.194855 -0.267812 1.185099
    25 1.019835 0.000002 0.000002 -1.675130 0.086219 0.371305
    26 3.429456 -5.007721 -5.116617 -1.573650 1.181463 -1.478472
    27 12.695436 0.000001 0.000018 -0.268031 0.293050 -1.737638
    28 -5.820588 -10.400589 -9.884173 3.078750 0.004765 -1.559485
    29 1.474217 -0.497913 -1.376119 1.283294 0.486350 -0.349537
    30 1.832175 -0.000001 0.000001 -2.584557 -0.154226 0.716821
    31 1.042012 0.000000 -0.000006 -2.947027 -0.173385 -0.033771
    32 3.823319 0.664870 -1.331676 0.113609 0.291967 -0.310053
    33 2.152367 0.000010 0.000000 0.048427 -0.257689 -0.122177
    34 1.056626 -0.000010 0.000000 0.273385 -0.069605 -0.538064
    35 3.985126 0.881823 -0.368987 0.187091 0.205038 -0.528353
    36 1.830173 0.000000 0.000000 0.309987 -0.029019 -1.518072
    37 1.561352 0.000013 0.000000 0.027385 0.000718 -1.353498
    38 4.116548 0.711289 0.551868 0.372897 0.175497 -0.950866
    39 1.752729 -0.000006 0.000000 0.065544 0.077355 -1.199522
    40 0.869356 0.000002 0.000000 0.010534 -0.055972 -0.881563
    41 4.118825 0.331244 1.419828 0.091710 0.246073 -1.081329
    42 1.176325 -0.000002 0.000000 0.019561 0.360394 -0.780529
    43 0.970213 0.000000 0.000000 1.685117 0.078242 -1.123240
    44 -9.258431 -0.998731 -5.116617 -3.525277 1.474591 -2.831142
    45 12.706341 0.000001 0.000000 -0.406691 0.231645 -2.265772
    46 11.809021 -1.206475 0.191726 -0.000002 -0.000003 0.000000
    47 0.598399 -0.643255 -0.162013 0.000000 -1.570796 -0.835635
    48 0.000010 0.000000 0.000011 0.000000 0.000000 0.000000
    49 1.200000 0.000000 0.000000 0.000000 0.000000 0.000000
    50 0.000010 -0.300000 0.000000 -3.141593 0.000000 -0.174533
    51 0.000000 -0.000001 0.000003 0.000001 -0.000001 0.000000
    52 0.000002 0.000000 -0.000002 -3.141593 0.000001 0.000000
    53 0.000002 0.000000 0.000002 0.000000 0.000000 0.349066
    54 0.000000 0.000000 0.000000 -3.141593 0.000000 0.000000
    55 0.000002 -0.000002 0.000000 -3.141593 0.000000 -0.000001
    56 0.000007 0.000004 0.000000 -3.141593 0.000000 -0.000001
    57 0.000001 -0.000004 0.000000 -3.141593 0.000000 0.000000
    58 0.000002 0.000010 0.000000 -3.141593 0.000000 0.000000
    59 0.000000 0.000000 0.000000 -3.141593 0.000000 0.000000
    60 -0.000001 -0.000004 0.000000 -3.141593 0.000000 0.000000
    61 0.000000 -0.000004 0.000000 -3.141593 0.000000 0.000000
    62 0.000001 -0.000002 0.000000 -3.141593 0.000000 0.000001
    63 0.000001 -0.000002 0.000000 3.141592 0.000000 -0.000001
    64 0.000000 0.000000 0.000000 -3.141593 0.000000 0.000000
    65 0.000000 0.000000 0.000000 -1.570797 -0.000001 0.000000
    66 0.000000 0.000000 0.000000 0.000000 0.000000 0.000000
    67 1.200001 0.000000 0.000000 0.000000 0.000000 0.000000
    68 0.000000 0.300000 0.000000 0.000000 0.000000 0.174533
    69 0.000000 0.000000 -0.000001 0.000000 0.000000 0.000000
    70 0.000000 0.000000 -0.000001 -3.141593 0.000000 0.000000
    71 0.000000 0.000000 0.000000 0.000001 0.000000 0.349065
    72 -0.000004 0.000003 0.000000 0.000000 0.000000 0.000000
    73 0.000009 -0.000006 0.000000 0.000000 0.000000 -0.000001
    74 0.000000 -0.000002 -0.000001 0.000000 -0.000001 -0.000001
    75 0.000000 0.000000 0.000000 0.000000 0.000000 0.000000
    76 0.000000 0.000000 0.000000 0.000000 0.000000 0.000001
    77 0.000000 0.000002 0.000000 0.000000 0.000000 0.000000
    78 -0.000007 -0.000013 0.000000 0.000000 0.000000 0.000001
    79 0.000000 0.000000 0.000000 0.000000 0.000000 0.000000
    80 0.000000 0.000000 0.000000 0.000000 0.000000 0.000000
    81 0.000000 0.000000 0.000000 0.000000 0.000000 0.000000
    82 0.000000 0.000000 0.000000 0.000000 0.000000 0.000000
    83 0.000000 0.000000 0.000004 -1.570797 0.000001 0.000000
  time 17
    0 -5.275417 -15.204148 -6.340778 -1.562949 -0.002375 -1.571343
    1 9.243773 6.139962 1.326173 -0.000001 0.000001 -1.570796
    2 3.442229 -1.240687 -0.005672 -0.000002 -0.000003 0.000000
    3 17.667921 -1.384574 1.233112 0.000000 -0.000003 -3.141592
    4 13.081079 -1.084008 0.792839 1.570797 -0.879478 -3.141593
    5 0.758741 0.000010 -0.000001 -1.570796 0.000000 -1.124720
    6 12.977262 -1.858502 0.676013 0.518314 -0.428322 -2.516407
    7 0.562688 -0.000006 -0.000004 -0.013014 -0.008068 -0.959463
    8 -3.677990 -24.432100 -8.067824 -3.146469 -1.071484 0.004393
    9 2.341381 0.000021 0.000003 1.570738 1.242323 -0.000046
    10 1.175716 -20.508408 -10.380282 3.072461 0.010319 -1.681217
    11 1.473635 0.639422 -1.295233 1.873507 0.766140 0.332871
    12 1.832607 -0.000004 0.000007 3.131157 0.007152 0.847622
    13 1.003331 0.000000 0.000000 -3.095899 0.121084 0.034207
    14 3.823887 -0.419591 -1.411516 0.069795 0.155286 0.207665
    15 2.187963 0.000000 0.000000 -0.165860 -0.079982 1.419145
    16 1.100958 -0.000014 0.000000 0.087789 -0.052676 -0.184191
    17 3.987879 -0.577435 -0.474708 0.200599 0.169210 0.195927
    18 1.890100 -0.000008 0.000000 -0.153902 -0.042688 1.467060
    19 1.310926 0.000015 0.000000 -0.029730 0.074269 -0.259831
    20 4.117973 -0.654501 0.453699 0.085604 0.094078 0.260901
    21 1.655293 0.000002 0.000000 -0.029296 -0.049149 1.283708
    22 0.869586 0.000011 0.000000 0.062963 -0.019305 0.011264
    23 4.150639 -0.581580 1.354867 -0.178487 0.129533 0.002321
    24 1.157248 -0.000013 -0.000002 0.194855 -0.267812 1.185099
    25 1.019835 0.000002 0.000002 -1.675130 0.086219 0.371305
    26 3.429456 -5.007721 -5.116617 -1.573834 1.181679 -1.478655
    27 12.695436 0.000001 0.000018 -0.267974 0.293050 -1.737571
    28 -5.816682 -10.400589 -9.884173 3.078627 0.004818 -1.559485
    29 1.474217 -0.497913 -1.376119 1.283294 0.486350 -0.349537
    30 1.832175 -0.000001 0.000001 -2.584557 -0.154226 0.716821
    31 1.042012 0.000000 -0.000006 -2.947027 -0.173385 -0.033771
    32 3.823319 0.664870 -1.331676 0.113609 0.291967 -0.310053
    33 2.152367 0.000010 0.000000 0.048427 -0.257689 -0.122177
    34 1.056626 -0.000010 0.000000 0.273385 -0.069605 -0.538064
    35 3.985126 0.881823 -0.368987 0.187091 0.205038 -0.528353
    36 1.830173 0.000000 0.000000 0.309987 -0.029019 -1.518072
    37 1.561352 0.000013 0.000000 0.027385 0.000718 -1.353498
    38 4.116548 0.711289 0.551868 0.372897 0.175497 -0.950866
    39 1.752729 -0.000006 0.000000 0.065544 0.077355 -1.199522
    40 0.869356 0.000002 0.000000 0.010534 -0.055972 -0.881563
    41 4.118825 0.331244 1.419828 0.091710 0.246073 -1.081329
    42 1.176325 -0.000002 0.000000 0.019561 0.360394 -0.780529
    43 0.970213 0.000000 0.000000 1.685136 0.078242 -1.123257
    44 -9.258431 -0.998731 -5.116617 -3.526905 1.474139 -2.832380
    45 12.706341 0.000001 0.000000 -0.406691 0.231681 -2.265619
    46 11.809021 -1.206475 0.191726 -0.000002 -0.000003 0.000000
    47 0.598399 -0.643255 -0.162013 0.000000 -1.570796 -0.835635
    48 0.000010 0.000000 0.000011 0.000000 0.000000 0.000000
    49 1.200000 0.000000 0.000000 0.000000 0.000000 0.000000
    50 0.000010 -0.300000 0.000000 -3.141593 0.000000 -0.174533
    51 0.000000 -0.000001 0.000003 0.000001 -0.000001 0.000000
    52 0.000002 0.000000 -0.000002 -3.141593 0.000001 0.000000
    53 0.000002 0.000000 0.000002 0.000000 0.000000 0.349066
    54 0.000000 0.000000 0.000000 -3.141593 0.000000 0.000000
    55 0.000002 -0.000002 0.000000 -3.141593 0.000000 -0.000001
    56 0.000007 0.000004 0.000000 -3.141593 0.000000 -0.000001
    57 0.000001 -0.000004 0.000000 -3.141593 0.000000 0.000000
    58 0.000002 0.000010 0.000000 -3.141593 0.000000 0.000000
    59 0.000000 0.000000 0.000000 -3.141593 0.000000 0.000000
    60 -0.000001 -0.000004 0.000000 -3.141593 0.000000 0.000000
    61 0.000000 -0.000004 0.000000 -3.141593 0.000000 0.000000
    62 0.000001 -0.000002 0.000000 -3.141593 0.000000 0.000001
    63 0.000001 -0.000002 0.000000 3.141592 0.000000 -0.000001
    64 0.000000 0.000000 0.000000 -3.141593 0.000000 0.000000
    65 0.000000 0.000000 0.000000 -1.570797 -0.000001 0.000000
    66 0.000000 0.000000 0.000000 0.000000 0.000000 0.000000
    67 1.200001 0.000000 0.000000 0.000000 0.000000 0.000000
    68 0.000000 0.300000 0.000000 0.000000 0.000000 0.174533
    69 0.000000 0.000000 -0.000001 0.000000 0.000000 0.000000
    70 0.000000 0.000000 -0.000001 -3.141593 0.000000 0.000000
    71 0.000000 0.000000 0.000000 0.000001 0.000000 0.349065
    72 -0.000004 0.000003 0.000000 0.000000 0.000000 0.000000
    73 0.000009 -0.000006 0.000000 0.000000 0.000000 -0.000001
    74 0.000000 -0.000002 -0.000001 0.000000 -0.000001 -0.000001
    75 0.000000 0.000000 0.000000 0.000000 0.000000 0.000000
    76 0.000000 0.000000 0.000000 0.000000 0.000000 0.000001
    77 0.000000 0.000002 0.000000 0.000000 0.000000 0.000000
    78 -0.000007 -0.000013 0.000000 0.000000 0.000000 0.000001
    79 0.000000 0.000000 0.000000 0.000000 0.000000 0.000000
    80 0.000000 0.000000 0.000000 0.000000 0.000000 0.000000
    81 0.000000 0.000000 0.000000 0.000000 0.000000 0.000000
    82 0.000000 0.000000 0.000000 0.000000 0.000000 0.000000
    83 0.000000 0.000000 0.000004 -1.570797 0.000001 0.000000
  time 18
    0 -5.275417 -15.204148 -6.344684 -1.563170 -0.002287 -1.571343
    1 9.243773 6.139962 1.326173 -0.000001 0.000001 -1.570796
    2 3.442229 -1.240687 -0.005672 -0.000002 -0.000003 0.000000
    3 17.667921 -1.384574 1.233112 0.000000 -0.000003 -3.141592
    4 13.081079 -1.084008 0.792839 1.570797 -0.879478 -3.141593
    5 0.758741 0.000010 -0.000001 -1.570796 0.000000 -1.124720
    6 12.977262 -1.858502 0.676013 0.518314 -0.428322 -2.516407
    7 0.562688 -0.000006 -0.000004 -0.013014 -0.008068 -0.959463
    8 -3.674083 -24.432100 -8.067824 -3.146278 -1.071280 0.004205
    9 2.341381 0.000021 0.000003 1.570738 1.242323 -0.000046
    10 1.175716 -20.508408 -10.395908 3.072228 0.010353 -1.681217
    11 1.473635 0.639422 -1.295233 1.873507 0.766140 0.332871
    12 1.832607 -0.000004 0.000007 3.131157 0.007152 0.847622
    13 1.003331 0.000000 0.000000 -3.095899 0.121084 0.034207
    14 3.823887 -0.419591 -1.411516 0.069795 0.155286 0.207665
    15 2.187963 0.000000 0.000000 -0.165860 -0.079982 1.419145
    16 1.100958 -0.000014 0.000000 0.087789 -0.052676 -0.184191
    17 3.987879 -0.577435 -0.474708 0.200599 0.169222 0.195927
    18 1.890100 -0.000008 0.000000 -0.153902 -0.042688 1.467060
    19 1.310926 0.000015 0.000000 -0.029730 0.074269 -0.259831
    20 4.117973 -0.654501 0.453699 0.085604 0.094078 0.260901
    21 1.655293 0.000002 0.000000 -0.029296 -0.049149 1.283708
    22 0.869586 0.000011 0.000000 0.062963 -0.019305 0.011264
    23 4.150639 -0.581580 1.354867 -0.178487 0.129533 0.002321
    24 1.157248 -0.000013 -0.000002 0.194855 -0.267812 1.185099
    25 1.019835 0.000002 0.000002 -1.675130 0.086219 0.371305
    26 3.429456 -5.007721 -5.116617 -1.574201 1.182154 -1.478655
    27 12.695436 0.000001 0.000018 -0.267931 0.293050 -1.737437
    28 -5.816682 -10.400589 -9.884173 3.078418 0.004906 -1.559485
    29 1.474217 -0.497913 -1.376119 1.283294 0.486350 -0.349537
    30 1.832175 -0.000001 0.000001 -2.584557 -0.154226 0.716821
    31 1.042012 0.000000 -0.000006 -2.947027 -0.173385 -0.033771
    32 3.823319 0.664870 -1.331676 0.113609 0.291967 -0.310053
    33 2.152367 0.000010 0.000000 0.048427 -0.257689 -0.122177
    34 1.056626 -0.000010 0.000000 0.273385 -0.069605 -0.538064
    35 3.985126 0.881823 -0.368987 0.187091 0.205038 -0.528353
    36 1.830173 0.000000 0.000000 0.309987 -0.029019 -1.518072
    37 1.561352 0.000013 0.000000 0.027385 0.000718 -1.353498
    38 4.116548 0.711289 0.551868 0.372897 0.175497 -0.950866
    39 1.752729 -0.000006 0.000000 0.065544 0.077355 -1.199522
    40 0.869356 0.000002 0.000000 0.010534 -0.055972 -0.881563
    41 4.118825 0.331244 1.419828 0.091710 0.246073 -1.081329
    42 1.176325 -0.000002 0.000000 0.019561 0.360394 -0.780529
    43 0.970213 0.000000 0.000000 1.685136 0.078242 -1.123240
    44 -9.258431 -0.998731 -5.116617 -3.528916 1.473641 -2.833972
    45 12.706341 0.000001 0.000000 -0.406642 0.231705 -2.265314
    46 11.809021 -1.206475 0.191726 -0.000002 -0.000003 0.000000
    47 0.598399 -0.643255 -0.162013 0.000000 -1.570796 -0.835635
    48 0.000010 0.000000 0.000011 0.000000 0.000000 0.000000
    49 1.200000 0.000000 0.000000 0.000000 0.000000 0.000000
    50 0.000010 -0.300000 0.000000 -3.141593 0.000000 -0.174533
    51 0.000000 -0.000001 0.000003 0.000001 -0.000001 0.000000
    52 0.000002 0.000000 -0.000002 -3.141593 0.000001 0.000000
    53 0.000002 0.000000 0.000002 0.000000 0.000000 0.349066
    54 0.000000 0.000000 0.000000 -3.141593 0.000000 0.000000
    55 0.000002 -0.000002 0.000000 -3.141593 0.000000 -0.000001
    56 0.000007 0.000004 0.000000 -3.141593 0.000000 -0.000001
    57 0.000001 -0.000004 0.000000 -3.141593 0.000000 0.000000
    58 0.000002 0.000010 0.000000 -3.141593 0.000000 0.000000
    59 0.000000 0.000000 0.000000 -3.141593 0.000000 0.000000
    60 -0.000001 -0.000004 0.000000 -3.141593 0.000000 0.000000
    61 0.000000 -0.000004 0.000000 -3.141593 0.000000 0.000000
    62 0.000001 -0.000002 0.000000 -3.141593 0.000000 0.000001
    63 0.000001 -0.000002 0.000000 3.141592 0.000000 -0.000001
    64 0.000000 0.000000 0.000000 -3.141593 0.000000 0.000000
    65 0.000000 0.000000 0.000000 -1.570797 -0.000001 0.000000
    66 0.000000 0.000000 0.000000 0.000000 0.000000 0.000000
    67 1.200001 0.000000 0.000000 0.000000 0.000000 0.000000
    68 0.000000 0.300000 0.000000 0.000000 0.000000 0.174533
    69 0.000000 0.000000 -0.000001 0.000000 0.000000 0.000000
    70 0.000000 0.000000 -0.000001 -3.141593 0.000000 0.000000
    71 0.000000 0.000000 0.000000 0.000001 0.000000 0.349065
    72 -0.000004 0.000003 0.000000 0.000000 0.000000 0.000000
    73 0.000009 -0.000006 0.000000 0.000000 0.000000 -0.000001
    74 0.000000 -0.000002 -0.000001 0.000000 -0.000001 -0.000001
    75 0.000000 0.000000 0.000000 0.000000 0.000000 0.000000
    76 0.000000 0.000000 0.000000 0.000000 0.000000 0.000001
    77 0.000000 0.000002 0.000000 0.000000 0.000000 0.000000
    78 -0.000007 -0.000013 0.000000 0.000000 0.000000 0.000001
    79 0.000000 0.000000 0.000000 0.000000 0.000000 0.000000
    80 0.000000 0.000000 0.000000 0.000000 0.000000 0.000000
    81 0.000000 0.000000 0.000000 0.000000 0.000000 0.000000
    82 0.000000 0.000000 0.000000 0.000000 0.000000 0.000000
    83 0.000000 0.000000 0.000004 -1.570797 0.000001 0.000000
  time 19
    0 -5.275417 -15.204148 -6.344684 -1.563465 -0.002164 -1.571343
    1 9.243773 6.139962 1.326173 -0.000001 0.000001 -1.570796
    2 3.442229 -1.240687 -0.005672 -0.000002 -0.000003 0.000000
    3 17.667921 -1.384574 1.233112 0.000000 -0.000003 -3.141592
    4 13.081079 -1.084008 0.792839 1.570797 -0.879478 -3.141593
    5 0.758741 0.000010 -0.000001 -1.570796 0.000000 -1.124720
    6 12.977262 -1.858502 0.676013 0.518314 -0.428322 -2.516407
    7 0.562688 -0.000006 -0.000004 -0.013014 -0.008068 -0.959463
    8 -3.674083 -24.432100 -8.067824 -3.145991 -1.070966 0.003640
    9 2.341381 0.000021 0.000003 1.570738 1.242323 -0.000046
    10 1.179623 -20.508408 -10.403721 3.071949 0.010474 -1.681217
    11 1.473635 0.639422 -1.295233 1.873507 0.766140 0.332871
    12 1.832607 -0.000004 0.000007 3.131157 0.007152 0.847622
    13 1.003331 0.000000 0.000000 -3.095899 0.121084 0.034207
    14 3.823887 -0.419591 -1.411516 0.069795 0.155286 0.207665
    15 2.187963 0.000000 0.000000 -0.165860 -0.079982 1.419145
    16 1.100958 -0.000014 0.000000 0.087789 -0.052676 -0.184191
    17 3.987879 -0.577435 -0.474708 0.200599 0.169222 0.195927
    18 1.890100 -0.000008 0.000000 -0.153902 -0.042688 1.467060
    19 1.310926 0.000015 0.000000 -0.029730 0.074269 -0.259831
    20 4.117973 -0.654501 0.453699 0.085604 0.094078 0.260901
    21 1.655293 0.000002 0.000000 -0.029296 -0.049149 1.283708
    22 0.869586 0.000011 0.000000 0.062963 -0.019305 0.011264
    23 4.150639 -0.581580 1.354867 -0.178487 0.129533 0.002321
    24 1.157248 -0.000013 -0.000002 0.194855 -0.267812 1.185099
    25 1.019835 0.000002 0.000002 -1.675130 0.086219 0.371305
    26 3.429456 -5.007721 -5.116617 -1.574752 1.182499 -1.478929
    27 12.695436 0.000001 0.000018 -0.267888 0.293050 -1.737103
    28 -5.812775 -10.400589 -9.895892 3.078135 0.005047 -1.559485
    29 1.474217 -0.497913 -1.376119 1.283294 0.486350 -0.349537
    30 1.832175 -0.000001 0.000001 -2.584557 -0.154226 0.716821
    31 1.042012 0.000000 -0.000006 -2.947027 -0.173385 -0.033771
    32 3.823319 0.664870 -1.331676 0.113609 0.291967 -0.310053
    33 2.152367 0.000010 0.000000 0.048427 -0.257689 -0.122177
    34 1.056626 -0.000010 0.000000 0.273385 -0.069605 -0.538064
    35 3.985126 0.881823 -0.368987 0.187091 0.205038 -0.528353
    36 1.830173 0.000000 0.000000 0.309987 -0.029019 -1.518072
    37 1.561352 0.000013 0.000000 0.027385 0.000718 -1.353498
    38 4.116548 0.711289 0.551868 0.372897 0.175497 -0.950866
    39 1.752729 -0.000006 0.000000 0.065544 0.077355 -1.199522
    40 0.869356 0.000002 0.000000 0.010534 -0.055972 -0.881563
    41 4.118825 0.331244 1.419828 0.091710 0.246073 -1.081329
    42 1.176325 -0.000002 0.000000 0.019561 0.360394 -0.780529
    43 0.970213 0.000000 0.000000 1.685136 0.078242 -1.123257
    44 -9.258431 -0.998731 -5.116617 -3.530927 1.473279 -2.835475
    45 12.706341 0.000001 0.000000 -0.406560 0.231741 -2.265238
    46 11.809021 -1.206475 0.191726 -0.000002 -0.000003 0.000000
    47 0.598399 -0.643255 -0.162013 0.000000 -1.570796 -0.835635
    48 0.000010 0.000000 0.000011 0.000000 0.000000 0.000000
    49 1.200000 0.000000 0.000000 0.000000 0.000000 0.000000
    50 0.000010 -0.300000 0.000000 -3.141593 0.000000 -0.174533
    51 0.000000 -0.000001 0.000003 0.000001 -0.000001 0.000000
    52 0.000002 0.000000 -0.000002 -3.141593 0.000001 0.000000
    53 0.000002 0.000000 0.000002 0.000000 0.000000 0.349066
    54 0.000000 0.000000 0.000000 -3.141593 0.000000 0.000000
    55 0.000002 -0.000002 0.000000 -3.141593 0.000000 -0.000001
    56 0.000007 0.000004 0.000000 -3.141593 0.000000 -0.000001
    57 0.000001 -0.000004 0.000000 -3.141593 0.000000 0.000000
    58 0.000002 0.000010 0.000000 -3.141593 0.000000 0.000000
    59 0.000000 0.000000 0.000000 -3.141593 0.000000 0.000000
    60 -0.000001 -0.000004 0.000000 -3.141593 0.000000 0.000000
    61 0.000000 -0.000004 0.000000 -3.141593 0.000000 0.000000
    62 0.000001 -0.000002 0.000000 -3.141593 0.000000 0.000001
    63 0.000001 -0.000002 0.000000 3.141592 0.000000 -0.000001
    64 0.000000 0.000000 0.000000 -3.141593 0.000000 0.000000
    65 0.000000 0.000000 0.000000 -1.570797 -0.000001 0.000000
    66 0.000000 0.000000 0.000000 0.000000 0.000000 0.000000
    67 1.200001 0.000000 0.000000 0.000000 0.000000 0.000000
    68 0.000000 0.300000 0.000000 0.000000 0.000000 0.174533
    69 0.000000 0.000000 -0.000001 0.000000 0.000000 0.000000
    70 0.000000 0.000000 -0.000001 -3.141593 0.000000 0.000000
    71 0.000000 0.000000 0.000000 0.000001 0.000000 0.349065
    72 -0.000004 0.000003 0.000000 0.000000 0.000000 0.000000
    73 0.000009 -0.000006 0.000000 0.000000 0.000000 -0.000001
    74 0.000000 -0.000002 -0.000001 0.000000 -0.000001 -0.000001
    75 0.000000 0.000000 0.000000 0.000000 0.000000 0.000000
    76 0.000000 0.000000 0.000000 0.000000 0.000000 0.000001
    77 0.000000 0.000002 0.000000 0.000000 0.000000 0.000000
    78 -0.000007 -0.000013 0.000000 0.000000 0.000000 0.000001
    79 0.000000 0.000000 0.000000 0.000000 0.000000 0.000000
    80 0.000000 0.000000 0.000000 0.000000 0.000000 0.000000
    81 0.000000 0.000000 0.000000 0.000000 0.000000 0.000000
    82 0.000000 0.000000 0.000000 0.000000 0.000000 0.000000
    83 0.000000 0.000000 0.000004 -1.570797 0.000001 0.000000
  time 20
    0 -5.275417 -15.204148 -6.352497 -1.563821 -0.002023 -1.571343
    1 9.243773 6.139962 1.326173 -0.000001 0.000001 -1.570796
    2 3.442229 -1.240687 -0.005672 -0.000002 -0.000003 0.000000
    3 17.667921 -1.384574 1.233112 0.000000 -0.000003 -3.141592
    4 13.081079 -1.084008 0.792839 1.570797 -0.879478 -3.141593
    5 0.758741 0.000010 -0.000001 -1.570796 0.000000 -1.124720
    6 12.977262 -1.858502 0.676013 0.518314 -0.428322 -2.516407
    7 0.562688 -0.000006 -0.000004 -0.013014 -0.008068 -0.959463
    8 -3.670177 -24.432100 -8.083450 -3.145800 -1.070605 0.003546
    9 2.341381 0.000021 0.000003 1.570738 1.242323 -0.000046
    10 1.179623 -20.508408 -10.411533 3.071530 0.010577 -1.681217
    11 1.473635 0.639422 -1.295233 1.873507 0.766140 0.332871
    12 1.832607 -0.000004 0.000007 3.131157 0.007152 0.847622
    13 1.003331 0.000000 0.000000 -3.095899 0.121084 0.034207
    14 3.823887 -0.419591 -1.411516 0.069795 0.155286 0.207665
    15 2.187963 0.000000 0.000000 -0.165860 -0.079982 1.419145
    16 1.100958 -0.000014 0.000000 0.087789 -0.052676 -0.184191
    17 3.987879 -0.577435 -0.474708 0.200599 0.169222 0.195927
    18 1.890100 -0.000008 0.000000 -0.153902 -0.042688 1.467060
    19 1.310926 0.000015 0.000000 -0.029730 0.074269 -0.259831
    20 4.117973 -0.654501 0.453699 0.085604 0.094078 0.260901
    21 1.655293 0.000002 0.000000 -0.029296 -0.049149 1.283708
    22 0.869586 0.000011 0.000000 0.062963 -0.019305 0.011264
    23 4.150639 -0.581580 1.354867 -0.178487 0.129533 0.002321
    24 1.157248 -0.000013 -0.000002 0.194855 -0.267812 1.185099
    25 1.019835 0.000002 0.000002 -1.675130 0.086219 0.371305
    26 3.429456 -5.007721 -5.116617 -1.574752 1.182931 -1.478929
    27 12.695436 0.000001 0.000018 -0.267845 0.293050 -1.737103
    28 -5.812775 -10.396682 -9.899798 3.077766 0.005188 -1.559485
    29 1.474217 -0.497913 -1.376119 1.283294 0.486350 -0.349537
    30 1.832175 -0.000001 0.000001 -2.584557 -0.154226 0.716821
    31 1.042012 0.000000 -0.000006 -2.947027 -0.173385 -0.033771
    32 3.823319 0.664870 -1.331676 0.113609 0.291967 -0.310053
    33 2.152367 0.000010 0.000000 0.048427 -0.257689 -0.122177
    34 1.056626 -0.000010 0.000000 0.273385 -0.069605 -0.538064
    35 3.985126 0.881823 -0.368987 0.187091 0.205038 -0.528353
    36 1.830173 0.000000 0.000000 0.309987 -0.029019 -1.518072
    37 1.561352 0.000013 0.000000 0.027385 0.000718 -1.353498
    38 4.116548 0.711289 0.551868 0.372897 0.175497 -0.950866
    39 1.752729 -0.000006 0.000000 0.065544 0.077355 -1.199522
    40 0.869356 0.000002 0.000000 0.010534 -0.055972 -0.881563
    41 4.118825 0.331244 1.419828 0.091710 0.246073 -1.081329
    42 1.176325 -0.000002 0.000000 0.019561 0.360394 -0.780529
    43 0.970213 0.000000 0.000000 1.685136 0.078242 -1.123240
    44 -9.258431 -0.998731 -5.116617 -3.533225 1.472872 -2.837332
    45 12.706341 0.000001 0.000000 -0.406560 0.231765 -2.265162
    46 11.809021 -1.206475 0.191726 -0.000002 -0.000003 0.000000
    47 0.598399 -0.643255 -0.162013 0.000000 -1.570796 -0.835635
    48 0.000010 0.000000 0.000011 0.000000 0.000000 0.000000
    49 1.200000 0.000000 0.000000 0.000000 0.000000 0.000000
    50 0.000010 -0.300000 0.000000 -3.141593 0.000000 -0.174533
    51 0.000000 -0.000001 0.000003 0.000001 -0.000001 0.000000
    52 0.000002 0.000000 -0.000002 -3.141593 0.000001 0.000000
    53 0.000002 0.000000 0.000002 0.000000 0.000000 0.349066
    54 0.000000 0.000000 0.000000 -3.141593 0.000000 0.000000
    55 0.000002 -0.000002 0.000000 -3.141593 0.000000 -0.000001
    56 0.000007 0.000004 0.000000 -3.141593 0.000000 -0.000001
    57 0.000001 -0.000004 0.000000 -3.141593 0.000000 0.000000
    58 0.000002 0.000010 0.000000 -3.141593 0.000000 0.000000
    59 0.000000 0.000000 0.000000 -3.141593 0.000000 0.000000
    60 -0.000001 -0.000004 0.000000 -3.141593 0.000000 0.000000
    61 0.000000 -0.000004 0.000000 -3.141593 0.000000 0.000000
    62 0.000001 -0.000002 0.000000 -3.141593 0.000000 0.000001
    63 0.000001 -0.000002 0.000000 3.141592 0.000000 -0.000001
    64 0.000000 0.000000 0.000000 -3.141593 0.000000 0.000000
    65 0.000000 0.000000 0.000000 -1.570797 -0.000001 0.000000
    66 0.000000 0.000000 0.000000 0.000000 0.000000 0.000000
    67 1.200001 0.000000 0.000000 0.000000 0.000000 0.000000
    68 0.000000 0.300000 0.000000 0.000000 0.000000 0.174533
    69 0.000000 0.000000 -0.000001 0.000000 0.000000 0.000000
    70 0.000000 0.000000 -0.000001 -3.141593 0.000000 0.000000
    71 0.000000 0.000000 0.000000 0.000001 0.000000 0.349065
    72 -0.000004 0.000003 0.000000 0.000000 0.000000 0.000000
    73 0.000009 -0.000006 0.000000 0.000000 0.000000 -0.000001
    74 0.000000 -0.000002 -0.000001 0.000000 -0.000001 -0.000001
    75 0.000000 0.000000 0.000000 0.000000 0.000000 0.000000
    76 0.000000 0.000000 0.000000 0.000000 0.000000 0.000001
    77 0.000000 0.000002 0.000000 0.000000 0.000000 0.000000
    78 -0.000007 -0.000013 0.000000 0.000000 0.000000 0.000001
    79 0.000000 0.000000 0.000000 0.000000 0.000000 0.000000
    80 0.000000 0.000000 0.000000 0.000000 0.000000 0.000000
    81 0.000000 0.000000 0.000000 0.000000 0.000000 0.000000
    82 0.000000 0.000000 0.000000 0.000000 0.000000 0.000000
    83 0.000000 0.000000 0.000004 -1.570797 0.000001 0.000000
  time 21
    0 -5.275417 -15.204148 -6.360310 -1.564300 -0.001812 -1.571343
    1 9.243773 6.139962 1.326173 -0.000001 0.000001 -1.570796
    2 3.442229 -1.240687 -0.005672 -0.000002 -0.000003 0.000000
    3 17.667921 -1.384574 1.233112 0.000000 -0.000003 -3.141592
    4 13.081079 -1.084008 0.792839 1.570797 -0.879478 -3.141593
    5 0.758741 0.000010 -0.000001 -1.570796 0.000000 -1.124720
    6 12.977262 -1.858502 0.676013 0.518314 -0.428322 -2.516407
    7 0.562688 -0.000006 -0.000004 -0.013014 -0.008068 -0.959463
    8 -3.670177 -24.432100 -8.095169 -3.145417 -1.070134 0.003358
    9 2.341381 0.000021 0.000003 1.570738 1.242323 -0.000046
    10 1.179623 -20.508408 -10.411533 3.071064 0.010715 -1.681217
    11 1.473635 0.639422 -1.295233 1.873507 0.766140 0.332871
    12 1.832607 -0.000004 0.000007 3.131157 0.007152 0.847622
    13 1.003331 0.000000 0.000000 -3.095899 0.121084 0.034207
    14 3.823887 -0.419591 -1.411516 0.069795 0.155286 0.207665
    15 2.187963 0.000000 0.000000 -0.165860 -0.079982 1.419145
    16 1.100958 -0.000014 0.000000 0.087789 -0.052676 -0.184191
    17 3.987879 -0.577435 -0.474708 0.200599 0.169222 0.195927
    18 1.890100 -0.000008 0.000000 -0.153902 -0.042688 1.467060
    19 1.310926 0.000015 0.000000 -0.029730 0.074269 -0.259831
    20 4.117973 -0.654501 0.453699 0.085604 0.094078 0.260901
    21 1.655293 0.000002 0.000000 -0.029296 -0.049149 1.283708
    22 0.869586 0.000011 0.000000 0.062963 -0.019305 0.011264
    23 4.150639 -0.581580 1.354867 -0.178487 0.129533 0.002321
    24 1.157248 -0.000013 -0.000002 0.194855 -0.267812 1.185099
    25 1.019835 0.000002 0.000002 -1.675130 0.086219 0.371305
    26 3.429456 -5.007721 -5.116617 -1.574844 1.183276 -1.478929
    27 12.695436 0.000001 0.000018 -0.267759 0.293061 -1.736902
    28 -5.808869 -10.396682 -9.899798 3.077323 0.005382 -1.559548
    29 1.474217 -0.497913 -1.376119 1.283294 0.486350 -0.349537
    30 1.832175 -0.000001 0.000001 -2.584557 -0.154226 0.716821
    31 1.042012 0.000000 -0.000006 -2.947027 -0.173385 -0.033771
    32 3.823319 0.664870 -1.331676 0.113609 0.291967 -0.310053
    33 2.152367 0.000010 0.000000 0.048427 -0.257689 -0.122177
    34 1.056626 -0.000010 0.000000 0.273385 -0.069605 -0.538064
    35 3.985126 0.881823 -0.368987 0.187091 0.205038 -0.528353
    36 1.830173 0.000000 0.000000 0.309987 -0.029019 -1.518072
    37 1.561352 0.000013 0.000000 0.027385 0.000718 -1.353498
    38 4.116548 0.711289 0.551868 0.372897 0.175497 -0.950866
    39 1.752729 -0.000006 0.000000 0.065544 0.077355 -1.199522
    40 0.869356 0.000002 0.000000 0.010534 -0.055972 -0.881563
    41 4.118825 0.331244 1.419828 0.091710 0.246073 -1.081329
    42 1.176325 -0.000002 0.000000 0.019561 0.360394 -0.780529
    43 0.970213 0.000000 0.000000 1.685136 0.078242 -1.123257
    44 -9.258431 -0.998731 -5.116617 -3.535332 1.472465 -2.839189
    45 12.706341 0.000001 0.000000 -0.406560 0.231789 -2.265009
    46 11.809021 -1.206475 0.191726 -0.000002 -0.000003 0.000000
    47 0.598399 -0.643255 -0.162013 0.000000 -1.570796 -0.835635
    48 0.000010 0.000000 0.000011 0.000000 0.000000 0.000000
    49 1.200000 0.000000 0.000000 0.000000 0.000000 0.000000
    50 0.000010 -0.300000 0.000000 -3.141593 0.000000 -0.174533
    51 0.000000 -0.000001 0.000003 0.000001 -0.000001 0.000000
    52 0.000002 0.000000 -0.000002 -3.141593 0.000001 0.000000
    53 0.000002 0.000000 0.000002 0.000000 0.000000 0.349066
    54 0.000000 0.000000 0.000000 -3.141593 0.000000 0.000000
    55 0.000002 -0.000002 0.000000 -3.141593 0.000000 -0.000001
    56 0.000007 0.000004 0.000000 -3.141593 0.000000 -0.000001
    57 0.000001 -0.000004 0.000000 -3.141593 0.000000 0.000000
    58 0.000002 0.000010 0.000000 -3.141593 0.000000 0.000000
    59 0.000000 0.000000 0.000000 -3.141593 0.000000 0.000000
    60 -0.000001 -0.000004 0.000000 -3.141593 0.000000 0.000000
    61 0.000000 -0.000004 0.000000 -3.141593 0.000000 0.000000
    62 0.000001 -0.000002 0.000000 -3.141593 0.000000 0.000001
    63 0.000001 -0.000002 0.000000 3.141592 0.000000 -0.000001
    64 0.000000 0.000000 0.000000 -3.141593 0.000000 0.000000
    65 0.000000 0.000000 0.000000 -1.570797 -0.000001 0.000000
    66 0.000000 0.000000 0.000000 0.000000 0.000000 0.000000
    67 1.200001 0.000000 0.000000 0.000000 0.000000 0.000000
    68 0.000000 0.300000 0.000000 0.000000 0.000000 0.174533
    69 0.000000 0.000000 -0.000001 0.000000 0.000000 0.000000
    70 0.000000 0.000000 -0.000001 -3.141593 0.000000 0.000000
    71 0.000000 0.000000 0.000000 0.000001 0.000000 0.349065
    72 -0.000004 0.000003 0.000000 0.000000 0.000000 0.000000
    73 0.000009 -0.000006 0.000000 0.000000 0.000000 -0.000001
    74 0.000000 -0.000002 -0.000001 0.000000 -0.000001 -0.000001
    75 0.000000 0.000000 0.000000 0.000000 0.000000 0.000000
    76 0.000000 0.000000 0.000000 0.000000 0.000000 0.000001
    77 0.000000 0.000002 0.000000 0.000000 0.000000 0.000000
    78 -0.000007 -0.000013 0.000000 0.000000 0.000000 0.000001
    79 0.000000 0.000000 0.000000 0.000000 0.000000 0.000000
    80 0.000000 0.000000 0.000000 0.000000 0.000000 0.000000
    81 0.000000 0.000000 0.000000 0.000000 0.000000 0.000000
    82 0.000000 0.000000 0.000000 0.000000 0.000000 0.000000
    83 0.000000 0.000000 0.000004 -1.570797 0.000001 0.000000
  time 22
    0 -5.275417 -15.204148 -6.364216 -1.564791 -0.001601 -1.571343
    1 9.243773 6.139962 1.326173 -0.000001 0.000001 -1.570796
    2 3.442229 -1.240687 -0.005672 -0.000002 -0.000003 0.000000
    3 17.667921 -1.384574 1.233112 0.000000 -0.000003 -3.141592
    4 13.081079 -1.084008 0.792839 1.570797 -0.879478 -3.141593
    5 0.758741 0.000010 -0.000001 -1.570796 0.000000 -1.124720
    6 12.977262 -1.858502 0.676013 0.518314 -0.428322 -2.516407
    7 0.562688 -0.000006 -0.000004 -0.013014 -0.008068 -0.959463
    8 -3.666271 -24.428194 -8.099075 -3.144843 -1.069632 0.002793
    9 2.341381 0.000021 0.000003 1.570738 1.242323 -0.000046
    10 1.179623 -20.508408 -10.427159 3.070506 0.010870 -1.681217
    11 1.473635 0.639422 -1.295233 1.873507 0.766140 0.332871
    12 1.832607 -0.000004 0.000007 3.131157 0.007152 0.847622
    13 1.003331 0.000000 0.000000 -3.095899 0.121084 0.034207
    14 3.823887 -0.419591 -1.411516 0.069795 0.155286 0.207665
    15 2.187963 0.000000 0.000000 -0.165860 -0.079982 1.419145
    16 1.100958 -0.000014 0.000000 0.087789 -0.052676 -0.184191
    17 3.987879 -0.577435 -0.474708 0.200599 0.169222 0.195927
    18 1.890100 -0.000008 0.000000 -0.153902 -0.042688 1.467060
    19 1.310926 0.000015 0.000000 -0.029730 0.074269 -0.259831
    20 4.117973 -0.654501 0.453699 0.085604 0.094078 0.260901
    21 1.655293 0.000002 0.000000 -0.029296 -0.049149 1.283708
    22 0.869586 0.000011 0.000000 0.062963 -0.019305 0.011264
    23 4.150639 -0.581580 1.354867 -0.178487 0.129533 0.002321
    24 1.157248 -0.000013 -0.000002 0.194855 -0.267812 1.185099
    25 1.019835 0.000002 0.000002 -1.675130 0.086219 0.371305
    26 3.429456 -5.007721 -5.116617 -1.575211 1.183794 -1.479112
    27 12.695436 0.000001 0.000018 -0.267716 0.293061 -1.736568
    28 -5.808869 -10.396682 -9.907611 3.076807 0.005611 -1.559548
    29 1.474217 -0.497913 -1.376119 1.283294 0.486350 -0.349537
    30 1.832175 -0.000001 0.000001 -2.584557 -0.154226 0.716821
    31 1.042012 0.000000 -0.000006 -2.947027 -0.173385 -0.033771
    32 3.823319 0.664870 -1.331676 0.113609 0.291967 -0.310053
    33 2.152367 0.000010 0.000000 0.048427 -0.257689 -0.122177
    34 1.056626 -0.000010 0.000000 0.273385 -0.069605 -0.538064
    35 3.985126 0.881823 -0.368987 0.187091 0.205038 -0.528353
    36 1.830173 0.000000 0.000000 0.309987 -0.029019 -1.518072
    37 1.561352 0.000013 0.000000 0.027385 0.000718 -1.353498
    38 4.116548 0.711289 0.551868 0.372897 0.175497 -0.950866
    39 1.752729 -0.000006 0.000000 0.065544 0.077355 -1.199522
    40 0.869356 0.000002 0.000000 0.010534 -0.055972 -0.881563
    41 4.118825 0.331244 1.419828 0.091710 0.246073 -1.081329
    42 1.176325 -0.000002 0.000000 0.019561 0.360394 -0.780529
    43 0.970213 0.000000 0.000000 1.685136 0.078242 -1.123257
    44 -9.258431 -0.998731 -5.116617 -3.537726 1.472103 -2.841134
    45 12.706341 0.000001 0.000000 -0.406511 0.231801 -2.264933
    46 11.809021 -1.206475 0.191726 -0.000002 -0.000003 0.000000
    47 0.598399 -0.643255 -0.162013 0.000000 -1.570796 -0.835635
    48 0.000010 0.000000 0.000011 0.000000 0.000000 0.000000
    49 1.200000 0.000000 0.000000 0.000000 0.000000 0.000000
    50 0.000010 -0.300000 0.000000 -3.141593 0.000000 -0.174533
    51 0.000000 -0.000001 0.000003 0.000001 -0.000001 0.000000
    52 0.000002 0.000000 -0.000002 -3.141593 0.000001 0.000000
    53 0.000002 0.000000 0.000002 0.000000 0.000000 0.349066
    54 0.000000 0.000000 0.000000 -3.141593 0.000000 0.000000
    55 0.000002 -0.000002 0.000000 -3.141593 0.000000 -0.000001
    56 0.000007 0.000004 0.000000 -3.141593 0.000000 -0.000001
    57 0.000001 -0.000004 0.000000 -3.141593 0.000000 0.000000
    58 0.000002 0.000010 0.000000 -3.141593 0.000000 0.000000
    59 0.000000 0.000000 0.000000 -3.141593 0.000000 0.000000
    60 -0.000001 -0.000004 0.000000 -3.141593 0.000000 0.000000
    61 0.000000 -0.000004 0.000000 -3.141593 0.000000 0.000000
    62 0.000001 -0.000002 0.000000 -3.141593 0.000000 0.000001
    63 0.000001 -0.000002 0.000000 3.141592 0.000000 -0.000001
    64 0.000000 0.000000 0.000000 -3.141593 0.000000 0.000000
    65 0.000000 0.000000 0.000000 -1.570797 -0.000001 0.000000
    66 0.000000 0.000000 0.000000 0.000000 0.000000 0.000000
    67 1.200001 0.000000 0.000000 0.000000 0.000000 0.000000
    68 0.000000 0.300000 0.000000 0.000000 0.000000 0.174533
    69 0.000000 0.000000 -0.000001 0.000000 0.000000 0.000000
    70 0.000000 0.000000 -0.000001 -3.141593 0.000000 0.000000
    71 0.000000 0.000000 0.000000 0.000001 0.000000 0.349065
    72 -0.000004 0.000003 0.000000 0.000000 0.000000 0.000000
    73 0.000009 -0.000006 0.000000 0.000000 0.000000 -0.000001
    74 0.000000 -0.000002 -0.000001 0.000000 -0.000001 -0.000001
    75 0.000000 0.000000 0.000000 0.000000 0.000000 0.000000
    76 0.000000 0.000000 0.000000 0.000000 0.000000 0.000001
    77 0.000000 0.000002 0.000000 0.000000 0.000000 0.000000
    78 -0.000007 -0.000013 0.000000 0.000000 0.000000 0.000001
    79 0.000000 0.000000 0.000000 0.000000 0.000000 0.000000
    80 0.000000 0.000000 0.000000 0.000000 0.000000 0.000000
    81 0.000000 0.000000 0.000000 0.000000 0.000000 0.000000
    82 0.000000 0.000000 0.000000 0.000000 0.000000 0.000000
    83 0.000000 0.000000 0.000004 -1.570797 0.000001 0.000000
  time 23
    0 -5.275417 -15.204148 -6.368122 -1.565356 -0.001390 -1.571343
    1 9.243773 6.139962 1.326173 -0.000001 0.000001 -1.570796
    2 3.442229 -1.240687 -0.005672 -0.000002 -0.000003 0.000000
    3 17.667921 -1.384574 1.233112 0.000000 -0.000003 -3.141592
    4 13.081079 -1.084008 0.792839 1.570797 -0.879478 -3.141593
    5 0.758741 0.000010 -0.000001 -1.570796 0.000000 -1.124720
    6 12.977262 -1.858502 0.676013 0.518314 -0.428322 -2.516407
    7 0.562688 -0.000006 -0.000004 -0.013014 -0.008068 -0.959463
    8 -3.666271 -24.428194 -8.099075 -3.144461 -1.069067 0.002511
    9 2.341381 0.000021 0.000003 1.570738 1.242323 -0.000046
    10 1.183529 -20.508408 -10.438878 3.069901 0.011025 -1.681217
    11 1.473635 0.639422 -1.295233 1.873507 0.766140 0.332871
    12 1.832607 -0.000004 0.000007 3.131157 0.007152 0.847622
    13 1.003331 0.000000 0.000000 -3.095899 0.121084 0.034207
    14 3.823887 -0.419591 -1.411516 0.069795 0.155286 0.207665
    15 2.187963 0.000000 0.000000 -0.165860 -0.079982 1.419145
    16 1.100958 -0.000014 0.000000 0.087789 -0.052676 -0.184191
    17 3.987879 -0.577435 -0.474708 0.200599 0.169210 0.195927
    18 1.890100 -0.000008 0.000000 -0.153902 -0.042688 1.467060
    19 1.310926 0.000015 0.000000 -0.029730 0.074269 -0.259831
    20 4.117973 -0.654501 0.453699 0.085604 0.094078 0.260901
    21 1.655293 0.000002 0.000000 -0.029296 -0.049149 1.283708
    22 0.869586 0.000011 0.000000 0.062963 -0.019305 0.011264
    23 4.150639 -0.581580 1.354867 -0.178487 0.129533 0.002321
    24 1.157248 -0.000013 -0.000002 0.194855 -0.267812 1.185099
    25 1.019835 0.000002 0.000002 -1.675130 0.086219 0.371305
    26 3.429456 -5.007721 -5.116617 -1.575211 1.184312 -1.479112
    27 12.695436 0.000001 0.000018 -0.267630 0.293073 -1.736434
    28 -5.808869 -10.396682 -9.911517 3.076241 0.005858 -1.559548
    29 1.474217 -0.497913 -1.376119 1.283294 0.486350 -0.349537
    30 1.832175 -0.000001 0.000001 -2.584557 -0.154226 0.716821
    31 1.042012 0.000000 -0.000006 -2.947027 -0.173385 -0.033771
    32 3.823319 0.664870 -1.331676 0.113609 0.291967 -0.310053
    33 2.152367 0.000010 0.000000 0.048427 -0.257689 -0.122177
    34 1.056626 -0.000010 0.000000 0.273385 -0.069605 -0.538064
    35 3.985126 0.881823 -0.368987 0.187091 0.205038 -0.528353
    36 1.830173 0.000000 0.000000 0.309987 -0.029019 -1.518072
    37 1.561352 0.000013 0.000000 0.027385 0.000718 -1.353498
    38 4.116548 0.711289 0.551868 0.372897 0.175497 -0.950866
    39 1.752729 -0.000006 0.000000 0.065544 0.077355 -1.199522
    40 0.869356 0.000002 0.000000 0.010534 -0.055972 -0.881563
    41 4.118825 0.331244 1.419828 0.091710 0.246073 -1.081329
    42 1.176325 -0.000002 0.000000 0.019561 0.360394 -0.780529
    43 0.970213 0.000000 0.000000 1.685136 0.078242 -1.123257
    44 -9.258431 -0.998731 -5.116617 -3.539833 1.471786 -2.843168
    45 12.706341 0.000001 0.000000 -0.406511 0.231825 -2.264857
    46 11.809021 -1.206475 0.191726 -0.000002 -0.000003 0.000000
    47 0.598399 -0.643255 -0.162013 0.000000 -1.570796 -0.835635
    48 0.000010 0.000000 0.000011 0.000000 0.000000 0.000000
    49 1.200000 0.000000 0.000000 0.000000 0.000000 0.000000
    50 0.000010 -0.300000 0.000000 -3.141593 0.000000 -0.174533
    51 0.000000 -0.000001 0.000003 0.000001 -0.000001 0.000000
    52 0.000002 0.000000 -0.000002 -3.141593 0.000001 0.000000
    53 0.000002 0.000000 0.000002 0.000000 0.000000 0.349066
    54 0.000000 0.000000 0.000000 -3.141593 0.000000 0.000000
    55 0.000002 -0.000002 0.000000 -3.141593 0.000000 -0.000001
    56 0.000007 0.000004 0.000000 -3.141593 0.000000 -0.000001
    57 0.000001 -0.000004 0.000000 -3.141593 0.000000 0.000000
    58 0.000002 0.000010 0.000000 -3.141593 0.000000 0.000000
    59 0.000000 0.000000 0.000000 -3.141593 0.000000 0.000000
    60 -0.000001 -0.000004 0.000000 -3.141593 0.000000 0.000000
    61 0.000000 -0.000004 0.000000 -3.141593 0.000000 0.000000
    62 0.000001 -0.000002 0.000000 -3.141593 0.000000 0.000001
    63 0.000001 -0.000002 0.000000 3.141592 0.000000 -0.000001
    64 0.000000 0.000000 0.000000 -3.141593 0.000000 0.000000
    65 0.000000 0.000000 0.000000 -1.570797 -0.000001 0.000000
    66 0.000000 0.000000 0.000000 0.000000 0.000000 0.000000
    67 1.200001 0.000000 0.000000 0.000000 0.000000 0.000000
    68 0.000000 0.300000 0.000000 0.000000 0.000000 0.174533
    69 0.000000 0.000000 -0.000001 0.000000 0.000000 0.000000
    70 0.000000 0.000000 -0.000001 -3.141593 0.000000 0.000000
    71 0.000000 0.000000 0.000000 0.000001 0.000000 0.349065
    72 -0.000004 0.000003 0.000000 0.000000 0.000000 0.000000
    73 0.000009 -0.000006 0.000000 0.000000 0.000000 -0.000001
    74 0.000000 -0.000002 -0.000001 0.000000 -0.000001 -0.000001
    75 0.000000 0.000000 0.000000 0.000000 0.000000 0.000000
    76 0.000000 0.000000 0.000000 0.000000 0.000000 0.000001
    77 0.000000 0.000002 0.000000 0.000000 0.000000 0.000000
    78 -0.000007 -0.000013 0.000000 0.000000 0.000000 0.000001
    79 0.000000 0.000000 0.000000 0.000000 0.000000 0.000000
    80 0.000000 0.000000 0.000000 0.000000 0.000000 0.000000
    81 0.000000 0.000000 0.000000 0.000000 0.000000 0.000000
    82 0.000000 0.000000 0.000000 0.000000 0.000000 0.000000
    83 0.000000 0.000000 0.000004 -1.570797 0.000001 0.000000
  time 24
    0 -5.275417 -15.204148 -6.372029 -1.565970 -0.001126 -1.571343
    1 9.243773 6.139962 1.326173 -0.000001 0.000001 -1.570796
    2 3.442229 -1.240687 -0.005672 -0.000002 -0.000003 0.000000
    3 17.667921 -1.384574 1.233112 0.000000 -0.000003 -3.141592
    4 13.081079 -1.084008 0.792839 1.570797 -0.879478 -3.141593
    5 0.758741 0.000010 -0.000001 -1.570796 0.000000 -1.124720
    6 12.977262 -1.858502 0.676013 0.518314 -0.428322 -2.516407
    7 0.562688 -0.000006 -0.000004 -0.013014 -0.008068 -0.959463
    8 -3.666271 -24.428194 -8.114701 -3.143983 -1.068439 0.002040
    9 2.341381 0.000021 0.000003 1.570738 1.242323 -0.000046
    10 1.183529 -20.508408 -10.442784 3.069249 0.011232 -1.681217
    11 1.473635 0.639422 -1.295233 1.873507 0.766140 0.332871
    12 1.832607 -0.000004 0.000007 3.131157 0.007152 0.847622
    13 1.003331 0.000000 0.000000 -3.095899 0.121084 0.034207
    14 3.823887 -0.419591 -1.411516 0.069795 0.155286 0.207665
    15 2.187963 0.000000 0.000000 -0.165860 -0.079982 1.419145
    16 1.100958 -0.000014 0.000000 0.087789 -0.052676 -0.184191
    17 3.987879 -0.577435 -0.474708 0.200599 0.169210 0.195927
    18 1.890100 -0.000008 0.000000 -0.153902 -0.042688 1.467060
    19 1.310926 0.000015 0.000000 -0.029730 0.074269 -0.259831
    20 4.117973 -0.654501 0.453699 0.085604 0.094078 0.260901
    21 1.655293 0.000002 0.000000 -0.029296 -0.049149 1.283708
    22 0.869586 0.000011 0.000000 0.062963 -0.019305 0.011264
    23 4.150639 -0.581580 1.354867 -0.178487 0.129533 0.002321
    24 1.157248 -0.000013 -0.000002 0.194855 -0.267812 1.185099
    25 1.019835 0.000002 0.000002 -1.675130 0.086219 0.371305
    26 3.429456 -5.007721 -5.116617 -1.575211 1.184744 -1.479112
    27 12.695436 0.000001 0.000018 -0.267587 0.293085 -1.736033
    28 -5.808869 -10.396682 -9.911517 3.075614 0.006087 -1.559548
    29 1.474217 -0.497913 -1.376119 1.283294 0.486350 -0.349537
    30 1.832175 -0.000001 0.000001 -2.584557 -0.154226 0.716821
    31 1.042012 0.000000 -0.000006 -2.947027 -0.173385 -0.033771
    32 3.823319 0.664870 -1.331676 0.113609 0.291967 -0.310053
    33 2.152367 0.000010 0.000000 0.048427 -0.257689 -0.122177
    34 1.056626 -0.000010 0.000000 0.273385 -0.069605 -0.538064
    35 3.985126 0.881823 -0.368987 0.187091 0.205038 -0.528353
    36 1.830173 0.000000 0.000000 0.309987 -0.029019 -1.518072
    37 1.561352 0.000013 0.000000 0.027385 0.000718 -1.353498
    38 4.116548 0.711289 0.551868 0.372897 0.175497 -0.950866
    39 1.752729 -0.000006 0.000000 0.065544 0.077355 -1.199522
    40 0.869356 0.000002 0.000000 0.010534 -0.055972 -0.881563
    41 4.118825 0.331244 1.419828 0.091710 0.246073 -1.081329
    42 1.176325 -0.000002 0.000000 0.019561 0.360394 -0.780529
    43 0.970213 0.000000 0.000000 1.685136 0.078242 -1.123257
    44 -9.258431 -0.998731 -5.116617 -3.541844 1.471515 -2.844848
    45 12.706341 0.000001 0.000000 -0.406511 0.231825 -2.264704
    46 11.809021 -1.206475 0.191726 -0.000002 -0.000003 0.000000
    47 0.598399 -0.643255 -0.162013 0.000000 -1.570796 -0.835635
    48 0.000010 0.000000 0.000011 0.000000 0.000000 0.000000
    49 1.200000 0.000000 0.000000 0.000000 0.000000 0.000000
    50 0.000010 -0.300000 0.000000 -3.141593 0.000000 -0.174533
    51 0.000000 -0.000001 0.000003 0.000001 -0.000001 0.000000
    52 0.000002 0.000000 -0.000002 -3.141593 0.000001 0.000000
    53 0.000002 0.000000 0.000002 0.000000 0.000000 0.349066
    54 0.000000 0.000000 0.000000 -3.141593 0.000000 0.000000
    55 0.000002 -0.000002 0.000000 -3.141593 0.000000 -0.000001
    56 0.000007 0.000004 0.000000 -3.141593 0.000000 -0.000001
    57 0.000001 -0.000004 0.000000 -3.141593 0.000000 0.000000
    58 0.000002 0.000010 0.000000 -3.141593 0.000000 0.000000
    59 0.000000 0.000000 0.000000 -3.141593 0.000000 0.000000
    60 -0.000001 -0.000004 0.000000 -3.141593 0.000000 0.000000
    61 0.000000 -0.000004 0.000000 -3.141593 0.000000 0.000000
    62 0.000001 -0.000002 0.000000 -3.141593 0.000000 0.000001
    63 0.000001 -0.000002 0.000000 3.141592 0.000000 -0.000001
    64 0.000000 0.000000 0.000000 -3.141593 0.000000 0.000000
    65 0.000000 0.000000 0.000000 -1.570797 -0.000001 0.000000
    66 0.000000 0.000000 0.000000 0.000000 0.000000 0.000000
    67 1.200001 0.000000 0.000000 0.000000 0.000000 0.000000
    68 0.000000 0.300000 0.000000 0.000000 0.000000 0.174533
    69 0.000000 0.000000 -0.000001 0.000000 0.000000 0.000000
    70 0.000000 0.000000 -0.000001 -3.141593 0.000000 0.000000
    71 0.000000 0.000000 0.000000 0.000001 0.000000 0.349065
    72 -0.000004 0.000003 0.000000 0.000000 0.000000 0.000000
    73 0.000009 -0.000006 0.000000 0.000000 0.000000 -0.000001
    74 0.000000 -0.000002 -0.000001 0.000000 -0.000001 -0.000001
    75 0.000000 0.000000 0.000000 0.000000 0.000000 0.000000
    76 0.000000 0.000000 0.000000 0.000000 0.000000 0.000001
    77 0.000000 0.000002 0.000000 0.000000 0.000000 0.000000
    78 -0.000007 -0.000013 0.000000 0.000000 0.000000 0.000001
    79 0.000000 0.000000 0.000000 0.000000 0.000000 0.000000
    80 0.000000 0.000000 0.000000 0.000000 0.000000 0.000000
    81 0.000000 0.000000 0.000000 0.000000 0.000000 0.000000
    82 0.000000 0.000000 0.000000 0.000000 0.000000 0.000000
    83 0.000000 0.000000 0.000004 -1.570797 0.000001 0.000000
  time 25
    0 -5.275417 -15.204148 -6.375935 -1.566584 -0.000915 -1.571343
    1 9.243773 6.139962 1.326173 -0.000001 0.000001 -1.570796
    2 3.442229 -1.240687 -0.005672 -0.000002 -0.000003 0.000000
    3 17.667921 -1.384574 1.233112 0.000000 -0.000003 -3.141592
    4 13.081079 -1.084008 0.792839 1.570797 -0.879478 -3.141593
    5 0.758741 0.000010 -0.000001 -1.570796 0.000000 -1.124720
    6 12.977262 -1.858502 0.676013 0.518314 -0.428322 -2.516407
    7 0.562688 -0.000006 -0.000004 -0.013014 -0.008068 -0.959463
    8 -3.662364 -24.428194 -8.122514 -3.143409 -1.067874 0.001381
    9 2.341381 0.000021 0.000003 1.570738 1.242323 -0.000046
    10 1.179623 -20.508408 -10.442784 3.068644 0.011387 -1.681336
    11 1.473635 0.639422 -1.295233 1.873507 0.766140 0.332871
    12 1.832607 -0.000004 0.000007 3.131157 0.007152 0.847622
    13 1.003331 0.000000 0.000000 -3.095899 0.121084 0.034207
    14 3.823887 -0.419591 -1.411516 0.069795 0.155286 0.207665
    15 2.187963 0.000000 0.000000 -0.165860 -0.079982 1.419145
    16 1.100958 -0.000014 0.000000 0.087789 -0.052676 -0.184191
    17 3.987879 -0.577435 -0.474708 0.200599 0.169222 0.195927
    18 1.890100 -0.000008 0.000000 -0.153902 -0.042688 1.467060
    19 1.310926 0.000015 0.000000 -0.029730 0.074269 -0.259831
    20 4.117973 -0.654501 0.453699 0.085604 0.094078 0.260901
    21 1.655293 0.000002 0.000000 -0.029296 -0.049149 1.283708
    22 0.869586 0.000011 0.000000 0.062963 -0.019305 0.011264
    23 4.150639 -0.581580 1.354867 -0.178487 0.129533 0.002321
    24 1.157248 -0.000013 -0.000002 0.194855 -0.267812 1.185099
    25 1.019835 0.000002 0.000002 -1.675130 0.086219 0.371305
    26 3.429456 -5.007721 -5.116617 -1.575211 1.185089 -1.479112
    27 12.695436 0.000001 0.000018 -0.267544 0.293097 -1.736033
    28 -5.808869 -10.392776 -9.915424 3.075036 0.006334 -1.559548
    29 1.474217 -0.497913 -1.376119 1.283294 0.486350 -0.349537
    30 1.832175 -0.000001 0.000001 -2.584557 -0.154226 0.716821
    31 1.042012 0.000000 -0.000006 -2.947027 -0.173385 -0.033771
    32 3.823319 0.664870 -1.331676 0.113609 0.291967 -0.310053
    33 2.152367 0.000010 0.000000 0.048427 -0.257689 -0.122177
    34 1.056626 -0.000010 0.000000 0.273385 -0.069605 -0.538064
    35 3.985126 0.881823 -0.368987 0.187091 0.205038 -0.528353
    36 1.830173 0.000000 0.000000 0.309987 -0.029019 -1.518072
    37 1.561352 0.000013 0.000000 0.027385 0.000718 -1.353498
    38 4.116548 0.711289 0.551868 0.372897 0.175497 -0.950866
    39 1.752729 -0.000006 0.000000 0.065544 0.077355 -1.199522
    40 0.869356 0.000002 0.000000 0.010534 -0.055972 -0.881563
    41 4.118825 0.331244 1.419828 0.091710 0.246073 -1.081329
    42 1.176325 -0.000002 0.000000 0.019561 0.360394 -0.780529
    43 0.970213 0.000000 0.000000 1.685136 0.078242 -1.123257
    44 -9.258431 -0.998731 -5.116617 -3.543472 1.471334 -2.846705
    45 12.706341 0.000001 0.000000 -0.406511 0.231825 -2.264704
    46 11.809021 -1.206475 0.191726 -0.000002 -0.000003 0.000000
    47 0.598399 -0.643255 -0.162013 0.000000 -1.570796 -0.835635
    48 0.000010 0.000000 0.000011 0.000000 0.000000 0.000000
    49 1.200000 0.000000 0.000000 0.000000 0.000000 0.000000
    50 0.000010 -0.300000 0.000000 -3.141593 0.000000 -0.174533
    51 0.000000 -0.000001 0.000003 0.000001 -0.000001 0.000000
    52 0.000002 0.000000 -0.000002 -3.141593 0.000001 0.000000
    53 0.000002 0.000000 0.000002 0.000000 0.000000 0.349066
    54 0.000000 0.000000 0.000000 -3.141593 0.000000 0.000000
    55 0.000002 -0.000002 0.000000 -3.141593 0.000000 -0.000001
    56 0.000007 0.000004 0.000000 -3.141593 0.000000 -0.000001
    57 0.000001 -0.000004 0.000000 -3.141593 0.000000 0.000000
    58 0.000002 0.000010 0.000000 -3.141593 0.000000 0.000000
    59 0.000000 0.000000 0.000000 -3.141593 0.000000 0.000000
    60 -0.000001 -0.000004 0.000000 -3.141593 0.000000 0.000000
    61 0.000000 -0.000004 0.000000 -3.141593 0.000000 0.000000
    62 0.000001 -0.000002 0.000000 -3.141593 0.000000 0.000001
    63 0.000001 -0.000002 0.000000 3.141592 0.000000 -0.000001
    64 0.000000 0.000000 0.000000 -3.141593 0.000000 0.000000
    65 0.000000 0.000000 0.000000 -1.570797 -0.000001 0.000000
    66 0.000000 0.000000 0.000000 0.000000 0.000000 0.000000
    67 1.200001 0.000000 0.000000 0.000000 0.000000 0.000000
    68 0.000000 0.300000 0.000000 0.000000 0.000000 0.174533
    69 0.000000 0.000000 -0.000001 0.000000 0.000000 0.000000
    70 0.000000 0.000000 -0.000001 -3.141593 0.000000 0.000000
    71 0.000000 0.000000 0.000000 0.000001 0.000000 0.349065
    72 -0.000004 0.000003 0.000000 0.000000 0.000000 0.000000
    73 0.000009 -0.000006 0.000000 0.000000 0.000000 -0.000001
    74 0.000000 -0.000002 -0.000001 0.000000 -0.000001 -0.000001
    75 0.000000 0.000000 0.000000 0.000000 0.000000 0.000000
    76 0.000000 0.000000 0.000000 0.000000 0.000000 0.000001
    77 0.000000 0.000002 0.000000 0.000000 0.000000 0.000000
    78 -0.000007 -0.000013 0.000000 0.000000 0.000000 0.000001
    79 0.000000 0.000000 0.000000 0.000000 0.000000 0.000000
    80 0.000000 0.000000 0.000000 0.000000 0.000000 0.000000
    81 0.000000 0.000000 0.000000 0.000000 0.000000 0.000000
    82 0.000000 0.000000 0.000000 0.000000 0.000000 0.000000
    83 0.000000 0.000000 0.000004 -1.570797 0.000001 0.000000
  time 26
    0 -5.275417 -15.204148 -6.375935 -1.567161 -0.000651 -1.571343
    1 9.243773 6.139962 1.326173 -0.000001 0.000001 -1.570796
    2 3.442229 -1.240687 -0.005672 -0.000002 -0.000003 0.000000
    3 17.667921 -1.384574 1.233112 0.000000 -0.000003 -3.141592
    4 13.081079 -1.084008 0.792839 1.570797 -0.879478 -3.141593
    5 0.758741 0.000010 -0.000001 -1.570796 0.000000 -1.124720
    6 12.977262 -1.858502 0.676013 0.518314 -0.428322 -2.516407
    7 0.562688 -0.000006 -0.000004 -0.013014 -0.008068 -0.959463
    8 -3.662364 -24.428194 -8.126420 -3.142931 -1.067262 0.001193
    9 2.341381 0.000021 0.000003 1.570738 1.242323 -0.000046
    10 1.179623 -20.508408 -10.458410 3.068039 0.011542 -1.681336
    11 1.473635 0.639422 -1.295233 1.873507 0.766140 0.332871
    12 1.832607 -0.000004 0.000007 3.131157 0.007152 0.847622
    13 1.003331 0.000000 0.000000 -3.095899 0.121084 0.034207
    14 3.823887 -0.419591 -1.411516 0.069795 0.155286 0.207665
    15 2.187963 0.000000 0.000000 -0.165860 -0.079982 1.419145
    16 1.100958 -0.000014 0.000000 0.087789 -0.052676 -0.184191
    17 3.987879 -0.577435 -0.474708 0.200599 0.169210 0.195927
    18 1.890100 -0.000008 0.000000 -0.153902 -0.042688 1.467060
    19 1.310926 0.000015 0.000000 -0.029730 0.074269 -0.259831
    20 4.117973 -0.654501 0.453699 0.085604 0.094078 0.260901
    21 1.655293 0.000002 0.000000 -0.029296 -0.049149 1.283708
    22 0.869586 0.000011 0.000000 0.062963 -0.019305 0.011264
    23 4.150639 -0.581580 1.354867 -0.178487 0.129533 0.002321
    24 1.157248 -0.000013 -0.000002 0.194855 -0.267812 1.185099
    25 1.019835 0.000002 0.000002 -1.675130 0.086219 0.371305
    26 3.429456 -5.007721 -5.116617 -1.575211 1.185564 -1.479112
    27 12.695436 0.000001 0.000018 -0.267487 0.293109 -1.735832
    28 -5.808869 -10.392776 -9.915424 3.074433 0.006563 -1.559548
    29 1.474217 -0.497913 -1.376119 1.283294 0.486350 -0.349537
    30 1.832175 -0.000001 0.000001 -2.584533 -0.154226 0.716821
    31 1.042012 0.000000 -0.000006 -2.947027 -0.173385 -0.033771
    32 3.823319 0.664870 -1.331676 0.113609 0.291967 -0.310053
    33 2.152367 0.000010 0.000000 0.048427 -0.257689 -0.122177
    34 1.056626 -0.000010 0.000000 0.273385 -0.069605 -0.538064
    35 3.985126 0.881823 -0.368987 0.187091 0.205038 -0.528353
    36 1.830173 0.000000 0.000000 0.309987 -0.029019 -1.518072
    37 1.561352 0.000013 0.000000 0.027385 0.000718 -1.353498
    38 4.116548 0.711289 0.551868 0.372897 0.175497 -0.950866
    39 1.752729 -0.000006 0.000000 0.065544 0.077355 -1.199547
    40 0.869356 0.000002 0.000000 0.010534 -0.055972 -0.881563
    41 4.118825 0.331244 1.419828 0.091710 0.246073 -1.081329
    42 1.176325 -0.000002 0.000000 0.019561 0.360394 -0.780529
    43 0.970213 0.000000 0.000000 1.685136 0.078242 -1.123257
    44 -9.258431 -0.998731 -5.116617 -3.544621 1.471198 -2.848120
    45 12.706341 0.000001 0.000000 -0.406511 0.231837 -2.264704
    46 11.809021 -1.206475 0.191726 -0.000002 -0.000003 0.000000
    47 0.598399 -0.643255 -0.162013 0.000000 -1.570796 -0.835635
    48 0.000010 0.000000 0.000011 0.000000 0.000000 0.000000
    49 1.200000 0.000000 0.000000 0.000000 0.000000 0.000000
    50 0.000010 -0.300000 0.000000 -3.141593 0.000000 -0.174533
    51 0.000000 -0.000001 0.000003 0.000001 -0.000001 0.000000
    52 0.000002 0.000000 -0.000002 -3.141593 0.000001 0.000000
    53 0.000002 0.000000 0.000002 0.000000 0.000000 0.349066
    54 0.000000 0.000000 0.000000 -3.141593 0.000000 0.000000
    55 0.000002 -0.000002 0.000000 -3.141593 0.000000 -0.000001
    56 0.000007 0.000004 0.000000 -3.141593 0.000000 -0.000001
    57 0.000001 -0.000004 0.000000 -3.141593 0.000000 0.000000
    58 0.000002 0.000010 0.000000 -3.141593 0.000000 0.000000
    59 0.000000 0.000000 0.000000 -3.141593 0.000000 0.000000
    60 -0.000001 -0.000004 0.000000 -3.141593 0.000000 0.000000
    61 0.000000 -0.000004 0.000000 -3.141593 0.000000 0.000000
    62 0.000001 -0.000002 0.000000 -3.141593 0.000000 0.000001
    63 0.000001 -0.000002 0.000000 3.141592 0.000000 -0.000001
    64 0.000000 0.000000 0.000000 -3.141593 0.000000 0.000000
    65 0.000000 0.000000 0.000000 -1.570797 -0.000001 0.000000
    66 0.000000 0.000000 0.000000 0.000000 0.000000 0.000000
    67 1.200001 0.000000 0.000000 0.000000 0.000000 0.000000
    68 0.000000 0.300000 0.000000 0.000000 0.000000 0.174533
    69 0.000000 0.000000 -0.000001 0.000000 0.000000 0.000000
    70 0.000000 0.000000 -0.000001 -3.141593 0.000000 0.000000
    71 0.000000 0.000000 0.000000 0.000001 0.000000 0.349065
    72 -0.000004 0.000003 0.000000 0.000000 0.000000 0.000000
    73 0.000009 -0.000006 0.000000 0.000000 0.000000 -0.000001
    74 0.000000 -0.000002 -0.000001 0.000000 -0.000001 -0.000001
    75 0.000000 0.000000 0.000000 0.000000 0.000000 0.000000
    76 0.000000 0.000000 0.000000 0.000000 0.000000 0.000001
    77 0.000000 0.000002 0.000000 0.000000 0.000000 0.000000
    78 -0.000007 -0.000013 0.000000 0.000000 0.000000 0.000001
    79 0.000000 0.000000 0.000000 0.000000 0.000000 0.000000
    80 0.000000 0.000000 0.000000 0.000000 0.000000 0.000000
    81 0.000000 0.000000 0.000000 0.000000 0.000000 0.000000
    82 0.000000 0.000000 0.000000 0.000000 0.000000 0.000000
    83 0.000000 0.000000 0.000004 -1.570797 0.000001 0.000000
  time 27
    0 -5.275417 -15.204148 -6.375935 -1.567726 -0.000475 -1.571343
    1 9.243773 6.139962 1.326173 -0.000001 0.000001 -1.570796
    2 3.442229 -1.240687 -0.005672 -0.000002 -0.000003 0.000000
    3 17.667921 -1.384574 1.233112 0.000000 -0.000003 -3.141592
    4 13.081079 -1.084008 0.792839 1.570797 -0.879478 -3.141593
    5 0.758741 0.000010 -0.000001 -1.570796 0.000000 -1.124720
    6 12.977262 -1.858502 0.676013 0.518314 -0.428322 -2.516407
    7 0.562688 -0.000006 -0.000004 -0.013014 -0.008068 -0.959463
    8 -3.662364 -24.428194 -8.134233 -3.142453 -1.066697 0.000628
    9 2.341381 0.000021 0.000003 1.570738 1.242323 -0.000046
    10 1.179623 -20.508408 -10.470129 3.067573 0.011697 -1.681336
    11 1.473635 0.639422 -1.295233 1.873507 0.766140 0.332871
    12 1.832607 -0.000004 0.000007 3.131157 0.007152 0.847622
    13 1.003331 0.000000 0.000000 -3.095899 0.121084 0.034207
    14 3.823887 -0.419591 -1.411516 0.069795 0.155286 0.207665
    15 2.187963 0.000000 0.000000 -0.165860 -0.079982 1.419145
    16 1.100958 -0.000014 0.000000 0.087789 -0.052676 -0.184191
    17 3.987879 -0.577435 -0.474708 0.200599 0.169210 0.195927
    18 1.890100 -0.000008 0.000000 -0.153902 -0.042688 1.467060
    19 1.310926 0.000015 0.000000 -0.029730 0.074269 -0.259851
    20 4.117973 -0.654501 0.453699 0.085604 0.094078 0.260901
    21 1.655293 0.000002 0.000000 -0.029296 -0.049149 1.283708
    22 0.869586 0.000011 0.000000 0.062963 -0.019305 0.011264
    23 4.150639 -0.581580 1.354867 -0.178487 0.129533 0.002321
    24 1.157248 -0.000013 -0.000002 0.194855 -0.267812 1.185099
    25 1.019835 0.000002 0.000002 -1.675130 0.086219 0.371305
    26 3.429456 -5.007721 -5.116617 -1.575211 1.185909 -1.479112
    27 12.695436 0.000001 0.000018 -0.267415 0.293109 -1.735498
    28 -5.808869 -10.392776 -9.915424 3.073855 0.006792 -1.559548
    29 1.474217 -0.497913 -1.376119 1.283294 0.486350 -0.349537
    30 1.832175 -0.000001 0.000001 -2.584557 -0.154226 0.716821
    31 1.042012 0.000000 -0.000006 -2.947027 -0.173385 -0.033771
    32 3.823319 0.664870 -1.331676 0.113609 0.291967 -0.310053
    33 2.152367 0.000010 0.000000 0.048427 -0.257689 -0.122177
    34 1.056626 -0.000010 0.000000 0.273385 -0.069605 -0.538064
    35 3.985126 0.881823 -0.368987 0.187091 0.205038 -0.528353
    36 1.830173 0.000000 0.000000 0.309987 -0.029019 -1.518072
    37 1.561352 0.000013 0.000000 0.027385 0.000718 -1.353498
    38 4.116548 0.711289 0.551868 0.372897 0.175497 -0.950866
    39 1.752729 -0.000006 0.000000 0.065544 0.077355 -1.199522
    40 0.869356 0.000002 0.000000 0.010534 -0.055972 -0.881563
    41 4.118825 0.331244 1.419828 0.091710 0.246073 -1.081329
    42 1.176325 -0.000002 0.000000 0.019561 0.360394 -0.780529
    43 0.970213 0.000000 0.000000 1.685136 0.078242 -1.123257
    44 -9.258431 -0.998731 -5.116617 -3.546249 1.471153 -2.849446
    45 12.706341 0.000001 0.000000 -0.406511 0.231813 -2.264857
    46 11.809021 -1.206475 0.191726 -0.000002 -0.000003 0.000000
    47 0.598399 -0.643255 -0.162013 0.000000 -1.570796 -0.835635
    48 0.000010 0.000000 0.000011 0.000000 0.000000 0.000000
    49 1.200000 0.000000 0.000000 0.000000 0.000000 0.000000
    50 0.000010 -0.300000 0.000000 -3.141593 0.000000 -0.174533
    51 0.000000 -0.000001 0.000003 0.000001 -0.000001 0.000000
    52 0.000002 0.000000 -0.000002 -3.141593 0.000001 0.000000
    53 0.000002 0.000000 0.000002 0.000000 0.000000 0.349066
    54 0.000000 0.000000 0.000000 -3.141593 0.000000 0.000000
    55 0.000002 -0.000002 0.000000 -3.141593 0.000000 -0.000001
    56 0.000007 0.000004 0.000000 -3.141593 0.000000 -0.000001
    57 0.000001 -0.000004 0.000000 -3.141593 0.000000 0.000000
    58 0.000002 0.000010 0.000000 -3.141593 0.000000 0.000000
    59 0.000000 0.000000 0.000000 -3.141593 0.000000 0.000000
    60 -0.000001 -0.000004 0.000000 -3.141593 0.000000 0.000000
    61 0.000000 -0.000004 0.000000 -3.141593 0.000000 0.000000
    62 0.000001 -0.000002 0.000000 -3.141593 0.000000 0.000001
    63 0.000001 -0.000002 0.000000 3.141592 0.000000 -0.000001
    64 0.000000 0.000000 0.000000 -3.141593 0.000000 0.000000
    65 0.000000 0.000000 0.000000 -1.570797 -0.000001 0.000000
    66 0.000000 0.000000 0.000000 0.000000 0.000000 0.000000
    67 1.200001 0.000000 0.000000 0.000000 0.000000 0.000000
    68 0.000000 0.300000 0.000000 0.000000 0.000000 0.174533
    69 0.000000 0.000000 -0.000001 0.000000 0.000000 0.000000
    70 0.000000 0.000000 -0.000001 -3.141593 0.000000 0.000000
    71 0.000000 0.000000 0.000000 0.000001 0.000000 0.349065
    72 -0.000004 0.000003 0.000000 0.000000 0.000000 0.000000
    73 0.000009 -0.000006 0.000000 0.000000 0.000000 -0.000001
    74 0.000000 -0.000002 -0.000001 0.000000 -0.000001 -0.000001
    75 0.000000 0.000000 0.000000 0.000000 0.000000 0.000000
    76 0.000000 0.000000 0.000000 0.000000 0.000000 0.000001
    77 0.000000 0.000002 0.000000 0.000000 0.000000 0.000000
    78 -0.000007 -0.000013 0.000000 0.000000 0.000000 0.000001
    79 0.000000 0.000000 0.000000 0.000000 0.000000 0.000000
    80 0.000000 0.000000 0.000000 0.000000 0.000000 0.000000
    81 0.000000 0.000000 0.000000 0.000000 0.000000 0.000000
    82 0.000000 0.000000 0.000000 0.000000 0.000000 0.000000
    83 0.000000 0.000000 0.000004 -1.570797 0.000001 0.000000
  time 28
    0 -5.275417 -15.204148 -6.383748 -1.568266 -0.000264 -1.571343
    1 9.243773 6.139962 1.326173 -0.000001 0.000001 -1.570796
    2 3.442229 -1.240687 -0.005672 -0.000002 -0.000003 0.000000
    3 17.667921 -1.384574 1.233112 0.000000 -0.000003 -3.141592
    4 13.081079 -1.084008 0.792839 1.570797 -0.879478 -3.141593
    5 0.758741 0.000010 -0.000001 -1.570796 0.000000 -1.124720
    6 12.977262 -1.858502 0.676013 0.518314 -0.428322 -2.516407
    7 0.562688 -0.000006 -0.000004 -0.013014 -0.008068 -0.959463
    8 -3.662364 -24.428194 -8.134233 -3.141975 -1.066163 0.000534
    9 2.341381 0.000021 0.000003 1.570738 1.242323 -0.000046
    10 1.179623 -20.508408 -10.477942 3.066968 0.011818 -1.681336
    11 1.473635 0.639422 -1.295233 1.873507 0.766140 0.332871
    12 1.832607 -0.000004 0.000007 3.131157 0.007152 0.847622
    13 1.003331 0.000000 0.000000 -3.095899 0.121084 0.034207
    14 3.823887 -0.419591 -1.411516 0.069795 0.155286 0.207665
    15 2.187963 0.000000 0.000000 -0.165860 -0.079982 1.419145
    16 1.100958 -0.000014 0.000000 0.087789 -0.052676 -0.184191
    17 3.987879 -0.577435 -0.474708 0.200599 0.169210 0.195927
    18 1.890100 -0.000008 0.000000 -0.153902 -0.042688 1.467060
    19 1.310926 0.000015 0.000000 -0.029730 0.074269 -0.259831
    20 4.117973 -0.654501 0.453699 0.085604 0.094078 0.260901
    21 1.655293 0.000002 0.000000 -0.029296 -0.049149 1.283708
    22 0.869586 0.000011 0.000000 0.062963 -0.019305 0.011264
    23 4.150639 -0.581580 1.354867 -0.178487 0.129533 0.002321
    24 1.157248 -0.000013 -0.000002 0.194855 -0.267812 1.185099
    25 1.019835 0.000002 0.000002 -1.675130 0.086219 0.371305
    26 3.429456 -5.007721 -5.116617 -1.574752 1.186125 -1.478929
    27 12.695436 0.000001 0.000018 -0.267372 0.293121 -1.735498
    28 -5.808869 -10.392776 -9.915424 3.073326 0.006986 -1.559548
    29 1.474217 -0.497913 -1.376119 1.283294 0.486350 -0.349537
    30 1.832175 -0.000001 0.000001 -2.584557 -0.154226 0.716821
    31 1.042012 0.000000 -0.000006 -2.947027 -0.173385 -0.033771
    32 3.823319 0.664870 -1.331676 0.113609 0.291967 -0.310053
    33 2.152367 0.000010 0.000000 0.048427 -0.257689 -0.122177
    34 1.056626 -0.000010 0.000000 0.273385 -0.069605 -0.538064
    35 3.985126 0.881823 -0.368987 0.187091 0.205038 -0.528353
    36 1.830173 0.000000 0.000000 0.309987 -0.029019 -1.518072
    37 1.561352 0.000013 0.000000 0.027385 0.000718 -1.353498
    38 4.116548 0.711289 0.551868 0.372897 0.175497 -0.950866
    39 1.752729 -0.000006 0.000000 0.065544 0.077355 -1.199522
    40 0.869356 0.000002 0.000000 0.010534 -0.055972 -0.881563
    41 4.118825 0.331244 1.419828 0.091710 0.246073 -1.081329
    42 1.176325 -0.000002 0.000000 0.019561 0.360394 -0.780529
    43 0.970213 0.000000 0.000000 1.685117 0.078242 -1.123257
    44 -9.258431 -0.998731 -5.116617 -3.547494 1.471153 -2.850596
    45 12.706341 0.000001 0.000000 -0.406511 0.231801 -2.264933
    46 11.809021 -1.206475 0.191726 -0.000002 -0.000003 0.000000
    47 0.598399 -0.643255 -0.162013 0.000000 -1.570796 -0.835635
    48 0.000010 0.000000 0.000011 0.000000 0.000000 0.000000
    49 1.200000 0.000000 0.000000 0.000000 0.000000 0.000000
    50 0.000010 -0.300000 0.000000 -3.141593 0.000000 -0.174533
    51 0.000000 -0.000001 0.000003 0.000001 -0.000001 0.000000
    52 0.000002 0.000000 -0.000002 -3.141593 0.000001 0.000000
    53 0.000002 0.000000 0.000002 0.000000 0.000000 0.349066
    54 0.000000 0.000000 0.000000 -3.141593 0.000000 0.000000
    55 0.000002 -0.000002 0.000000 -3.141593 0.000000 -0.000001
    56 0.000007 0.000004 0.000000 -3.141593 0.000000 -0.000001
    57 0.000001 -0.000004 0.000000 -3.141593 0.000000 0.000000
    58 0.000002 0.000010 0.000000 -3.141593 0.000000 0.000000
    59 0.000000 0.000000 0.000000 -3.141593 0.000000 0.000000
    60 -0.000001 -0.000004 0.000000 -3.141593 0.000000 0.000000
    61 0.000000 -0.000004 0.000000 -3.141593 0.000000 0.000000
    62 0.000001 -0.000002 0.000000 -3.141593 0.000000 0.000001
    63 0.000001 -0.000002 0.000000 3.141592 0.000000 -0.000001
    64 0.000000 0.000000 0.000000 -3.141593 0.000000 0.000000
    65 0.000000 0.000000 0.000000 -1.570797 -0.000001 0.000000
    66 0.000000 0.000000 0.000000 0.000000 0.000000 0.000000
    67 1.200001 0.000000 0.000000 0.000000 0.000000 0.000000
    68 0.000000 0.300000 0.000000 0.000000 0.000000 0.174533
    69 0.000000 0.000000 -0.000001 0.000000 0.000000 0.000000
    70 0.000000 0.000000 -0.000001 -3.141593 0.000000 0.000000
    71 0.000000 0.000000 0.000000 0.000001 0.000000 0.349065
    72 -0.000004 0.000003 0.000000 0.000000 0.000000 0.000000
    73 0.000009 -0.000006 0.000000 0.000000 0.000000 -0.000001
    74 0.000000 -0.000002 -0.000001 0.000000 -0.000001 -0.000001
    75 0.000000 0.000000 0.000000 0.000000 0.000000 0.000000
    76 0.000000 0.000000 0.000000 0.000000 0.000000 0.000001
    77 0.000000 0.000002 0.000000 0.000000 0.000000 0.000000
    78 -0.000007 -0.000013 0.000000 0.000000 0.000000 0.000001
    79 0.000000 0.000000 0.000000 0.000000 0.000000 0.000000
    80 0.000000 0.000000 0.000000 0.000000 0.000000 0.000000
    81 0.000000 0.000000 0.000000 0.000000 0.000000 0.000000
    82 0.000000 0.000000 0.000000 0.000000 0.000000 0.000000
    83 0.000000 0.000000 0.000004 -1.570797 0.000001 0.000000
  time 29
    0 -5.275417 -15.204148 -6.383748 -1.568782 -0.000106 -1.571343
    1 9.243773 6.139962 1.326173 -0.000001 0.000001 -1.570796
    2 3.442229 -1.240687 -0.005672 -0.000002 -0.000003 0.000000
    3 17.667921 -1.384574 1.233112 0.000000 -0.000003 -3.141592
    4 13.081079 -1.084008 0.792839 1.570797 -0.879478 -3.141593
    5 0.758741 0.000010 -0.000001 -1.570796 0.000000 -1.124720
    6 12.977262 -1.858502 0.676013 0.518314 -0.428322 -2.516407
    7 0.562688 -0.000006 -0.000004 -0.013014 -0.008068 -0.959463
    8 -3.662364 -24.428194 -8.134233 -3.141688 -1.065661 0.000158
    9 2.341381 0.000021 0.000003 1.570738 1.242323 -0.000046
    10 1.175716 -20.508408 -10.477942 3.066456 0.011921 -1.681336
    11 1.473635 0.639422 -1.295233 1.873507 0.766140 0.332871
    12 1.832607 -0.000004 0.000007 3.131157 0.007152 0.847622
    13 1.003331 0.000000 0.000000 -3.095899 0.121084 0.034207
    14 3.823887 -0.419591 -1.411516 0.069795 0.155286 0.207665
    15 2.187963 0.000000 0.000000 -0.165860 -0.079982 1.419145
    16 1.100958 -0.000014 0.000000 0.087789 -0.052676 -0.184191
    17 3.987879 -0.577435 -0.474708 0.200599 0.169210 0.195927
    18 1.890100 -0.000008 0.000000 -0.153902 -0.042688 1.467060
    19 1.310926 0.000015 0.000000 -0.029730 0.074269 -0.259851
    20 4.117973 -0.654501 0.453699 0.085604 0.094078 0.260901
    21 1.655293 0.000002 0.000000 -0.029296 -0.049149 1.283708
    22 0.869586 0.000011 0.000000 0.062963 -0.019305 0.011264
    23 4.150639 -0.581580 1.354867 -0.178487 0.129533 0.002321
    24 1.157248 -0.000013 -0.000002 0.194855 -0.267812 1.185099
    25 1.019835 0.000002 0.000002 -1.675130 0.086219 0.371305
    26 3.429456 -5.007721 -5.116617 -1.574752 1.186384 -1.478929
    27 12.695436 0.000001 0.000018 -0.267358 0.293121 -1.735364
    28 -5.812775 -10.392776 -9.915424 3.072822 0.007180 -1.559548
    29 1.474217 -0.497913 -1.376119 1.283294 0.486350 -0.349537
    30 1.832175 -0.000001 0.000001 -2.584557 -0.154226 0.716821
    31 1.042012 0.000000 -0.000006 -2.947027 -0.173385 -0.033771
    32 3.823319 0.664870 -1.331676 0.113609 0.291967 -0.310053
    33 2.152367 0.000010 0.000000 0.048427 -0.257689 -0.122177
    34 1.056626 -0.000010 0.000000 0.273385 -0.069605 -0.538064
    35 3.985126 0.881823 -0.368987 0.187091 0.205038 -0.528353
    36 1.830173 0.000000 0.000000 0.309987 -0.029019 -1.518072
    37 1.561352 0.000013 0.000000 0.027385 0.000718 -1.353498
    38 4.116548 0.711289 0.551868 0.372897 0.175497 -0.950866
    39 1.752729 -0.000006 0.000000 0.065544 0.077355 -1.199522
    40 0.869356 0.000002 0.000000 0.010534 -0.055972 -0.881563
    41 4.118825 0.331244 1.419828 0.091710 0.246073 -1.081329
    42 1.176325 -0.000002 0.000000 0.019561 0.360394 -0.780529
    43 0.970213 0.000000 0.000000 1.685136 0.078242 -1.123257
    44 -9.258431 -0.998731 -5.116617 -3.548260 1.471243 -2.851480
    45 12.706341 0.000001 0.000000 -0.406560 0.231789 -2.265009
    46 11.809021 -1.206475 0.191726 -0.000002 -0.000003 0.000000
    47 0.598399 -0.643255 -0.162013 0.000000 -1.570796 -0.835635
    48 0.000010 0.000000 0.000011 0.000000 0.000000 0.000000
    49 1.200000 0.000000 0.000000 0.000000 0.000000 0.000000
    50 0.000010 -0.300000 0.000000 -3.141593 0.000000 -0.174533
    51 0.000000 -0.000001 0.000003 0.000001 -0.000001 0.000000
    52 0.000002 0.000000 -0.000002 -3.141593 0.000001 0.000000
    53 0.000002 0.000000 0.000002 0.000000 0.000000 0.349066
    54 0.000000 0.000000 0.000000 -3.141593 0.000000 0.000000
    55 0.000002 -0.000002 0.000000 -3.141593 0.000000 -0.000001
    56 0.000007 0.000004 0.000000 -3.141593 0.000000 -0.000001
    57 0.000001 -0.000004 0.000000 -3.141593 0.000000 0.000000
    58 0.000002 0.000010 0.000000 -3.141593 0.000000 0.000000
    59 0.000000 0.000000 0.000000 -3.141593 0.000000 0.000000
    60 -0.000001 -0.000004 0.000000 -3.141593 0.000000 0.000000
    61 0.000000 -0.000004 0.000000 -3.141593 0.000000 0.000000
    62 0.000001 -0.000002 0.000000 -3.141593 0.000000 0.000001
    63 0.000001 -0.000002 0.000000 3.141592 0.000000 -0.000001
    64 0.000000 0.000000 0.000000 -3.141593 0.000000 0.000000
    65 0.000000 0.000000 0.000000 -1.570797 -0.000001 0.000000
    66 0.000000 0.000000 0.000000 0.000000 0.000000 0.000000
    67 1.200001 0.000000 0.000000 0.000000 0.000000 0.000000
    68 0.000000 0.300000 0.000000 0.000000 0.000000 0.174533
    69 0.000000 0.000000 -0.000001 0.000000 0.000000 0.000000
    70 0.000000 0.000000 -0.000001 -3.141593 0.000000 0.000000
    71 0.000000 0.000000 0.000000 0.000001 0.000000 0.349065
    72 -0.000004 0.000003 0.000000 0.000000 0.000000 0.000000
    73 0.000009 -0.000006 0.000000 0.000000 0.000000 -0.000001
    74 0.000000 -0.000002 -0.000001 0.000000 -0.000001 -0.000001
    75 0.000000 0.000000 0.000000 0.000000 0.000000 0.000000
    76 0.000000 0.000000 0.000000 0.000000 0.000000 0.000001
    77 0.000000 0.000002 0.000000 0.000000 0.000000 0.000000
    78 -0.000007 -0.000013 0.000000 0.000000 0.000000 0.000001
    79 0.000000 0.000000 0.000000 0.000000 0.000000 0.000000
    80 0.000000 0.000000 0.000000 0.000000 0.000000 0.000000
    81 0.000000 0.000000 0.000000 0.000000 0.000000 0.000000
    82 0.000000 0.000000 0.000000 0.000000 0.000000 0.000000
    83 0.000000 0.000000 0.000004 -1.570797 0.000001 0.000000
  time 30
    0 -5.275417 -15.204148 -6.383748 -1.569224 0.000000 -1.571343
    1 9.243773 6.139962 1.326173 -0.000001 0.000001 -1.570796
    2 3.442229 -1.240687 -0.005672 -0.000002 -0.000003 0.000000
    3 17.667921 -1.384574 1.233112 0.000000 -0.000003 -3.141592
    4 13.081079 -1.084008 0.792839 1.570797 -0.879478 -3.141593
    5 0.758741 0.000010 -0.000001 -1.570796 0.000000 -1.124720
    6 12.977262 -1.858502 0.676013 0.518314 -0.428322 -2.516407
    7 0.562688 -0.000006 -0.000004 -0.013014 -0.008068 -0.959463
    8 -3.662364 -24.428194 -8.134233 -3.141592 -1.065190 -0.000219
    9 2.341381 0.000021 0.000003 1.570738 1.242323 -0.000046
    10 1.175716 -20.508408 -10.477942 3.066037 0.011990 -1.681336
    11 1.473635 0.639422 -1.295233 1.873507 0.766140 0.332871
    12 1.832607 -0.000004 0.000007 3.131157 0.007152 0.847622
    13 1.003331 0.000000 0.000000 -3.095899 0.121084 0.034207
    14 3.823887 -0.419591 -1.411516 0.069795 0.155286 0.207665
    15 2.187963 0.000000 0.000000 -0.165860 -0.079982 1.419145
    16 1.100958 -0.000014 0.000000 0.087789 -0.052676 -0.184191
    17 3.987879 -0.577435 -0.474708 0.200599 0.169222 0.195927
    18 1.890100 -0.000008 0.000000 -0.153902 -0.042688 1.467060
    19 1.310926 0.000015 0.000000 -0.029730 0.074269 -0.259831
    20 4.117973 -0.654501 0.453699 0.085604 0.094078 0.260901
    21 1.655293 0.000002 0.000000 -0.029296 -0.049149 1.283708
    22 0.869586 0.000011 0.000000 0.062963 -0.019305 0.011264
    23 4.150639 -0.581580 1.354867 -0.178487 0.129533 0.002321
    24 1.157248 -0.000013 -0.000002 0.194855 -0.267812 1.185099
    25 1.019835 0.000002 0.000002 -1.675130 0.086219 0.371305
    26 3.429456 -5.007721 -5.116617 -1.574752 1.186557 -1.478929
    27 12.695436 0.000001 0.000018 -0.267315 0.293133 -1.734963
    28 -5.812775 -10.392776 -9.915424 3.072404 0.007268 -1.559548
    29 1.474217 -0.497913 -1.376119 1.283294 0.486350 -0.349537
    30 1.832175 -0.000001 0.000001 -2.584557 -0.154226 0.716821
    31 1.042012 0.000000 -0.000006 -2.947027 -0.173385 -0.033771
    32 3.823319 0.664870 -1.331676 0.113609 0.291967 -0.310053
    33 2.152367 0.000010 0.000000 0.048427 -0.257689 -0.122177
    34 1.056626 -0.000010 0.000000 0.273385 -0.069605 -0.538064
    35 3.985126 0.881823 -0.368987 0.187091 0.205038 -0.528353
    36 1.830173 0.000000 0.000000 0.309987 -0.029019 -1.518072
    37 1.561352 0.000013 0.000000 0.027385 0.000718 -1.353498
    38 4.116548 0.711289 0.551868 0.372897 0.175497 -0.950866
    39 1.752729 -0.000006 0.000000 0.065544 0.077355 -1.199522
    40 0.869356 0.000002 0.000000 0.010534 -0.055972 -0.881563
    41 4.118825 0.331244 1.419828 0.091710 0.246073 -1.081329
    42 1.176325 -0.000002 0.000000 0.019561 0.360394 -0.780529
    43 0.970213 0.000000 0.000000 1.685136 0.078242 -1.123257
    44 -9.258431 -0.998731 -5.116617 -3.548643 1.471379 -2.852099
    45 12.706341 0.000001 0.000000 -0.406560 0.231777 -2.265009
    46 11.809021 -1.206475 0.191726 -0.000002 -0.000003 0.000000
    47 0.598399 -0.643255 -0.162013 0.000000 -1.570796 -0.835635
    48 0.000010 0.000000 0.000011 0.000000 0.000000 0.000000
    49 1.200000 0.000000 0.000000 0.000000 0.000000 0.000000
    50 0.000010 -0.300000 0.000000 -3.141593 0.000000 -0.174533
    51 0.000000 -0.000001 0.000003 0.000001 -0.000001 0.000000
    52 0.000002 0.000000 -0.000002 -3.141593 0.000001 0.000000
    53 0.000002 0.000000 0.000002 0.000000 0.000000 0.349066
    54 0.000000 0.000000 0.000000 -3.141593 0.000000 0.000000
    55 0.000002 -0.000002 0.000000 -3.141593 0.000000 -0.000001
    56 0.000007 0.000004 0.000000 -3.141593 0.000000 -0.000001
    57 0.000001 -0.000004 0.000000 -3.141593 0.000000 0.000000
    58 0.000002 0.000010 0.000000 -3.141593 0.000000 0.000000
    59 0.000000 0.000000 0.000000 -3.141593 0.000000 0.000000
    60 -0.000001 -0.000004 0.000000 -3.141593 0.000000 0.000000
    61 0.000000 -0.000004 0.000000 -3.141593 0.000000 0.000000
    62 0.000001 -0.000002 0.000000 -3.141593 0.000000 0.000001
    63 0.000001 -0.000002 0.000000 3.141592 0.000000 -0.000001
    64 0.000000 0.000000 0.000000 -3.141593 0.000000 0.000000
    65 0.000000 0.000000 0.000000 -1.570797 -0.000001 0.000000
    66 0.000000 0.000000 0.000000 0.000000 0.000000 0.000000
    67 1.200001 0.000000 0.000000 0.000000 0.000000 0.000000
    68 0.000000 0.300000 0.000000 0.000000 0.000000 0.174533
    69 0.000000 0.000000 -0.000001 0.000000 0.000000 0.000000
    70 0.000000 0.000000 -0.000001 -3.141593 0.000000 0.000000
    71 0.000000 0.000000 0.000000 0.000001 0.000000 0.349065
    72 -0.000004 0.000003 0.000000 0.000000 0.000000 0.000000
    73 0.000009 -0.000006 0.000000 0.000000 0.000000 -0.000001
    74 0.000000 -0.000002 -0.000001 0.000000 -0.000001 -0.000001
    75 0.000000 0.000000 0.000000 0.000000 0.000000 0.000000
    76 0.000000 0.000000 0.000000 0.000000 0.000000 0.000001
    77 0.000000 0.000002 0.000000 0.000000 0.000000 0.000000
    78 -0.000007 -0.000013 0.000000 0.000000 0.000000 0.000001
    79 0.000000 0.000000 0.000000 0.000000 0.000000 0.000000
    80 0.000000 0.000000 0.000000 0.000000 0.000000 0.000000
    81 0.000000 0.000000 0.000000 0.000000 0.000000 0.000000
    82 0.000000 0.000000 0.000000 0.000000 0.000000 0.000000
    83 0.000000 0.000000 0.000004 -1.570797 0.000001 0.000000
  time 31
    0 -5.275417 -15.204148 -6.383748 -1.569654 0.000106 -1.571343
    1 9.243773 6.139962 1.326173 -0.000001 0.000001 -1.570796
    2 3.442229 -1.240687 -0.005672 -0.000002 -0.000003 0.000000
    3 17.667921 -1.384574 1.233112 0.000000 -0.000003 -3.141592
    4 13.081079 -1.084008 0.792839 1.570797 -0.879478 -3.141593
    5 0.758741 0.000010 -0.000001 -1.570796 0.000000 -1.124720
    6 12.977262 -1.858502 0.676013 0.518314 -0.428322 -2.516407
    7 0.562688 -0.000006 -0.000004 -0.013014 -0.008068 -0.959463
    8 -3.666271 -24.428194 -8.145952 -3.141496 -1.064782 -0.000313
    9 2.341381 0.000021 0.000003 1.570738 1.242323 -0.000046
    10 1.171810 -20.508408 -10.489661 3.065618 0.012059 -1.681336
    11 1.473635 0.639422 -1.295233 1.873507 0.766140 0.332871
    12 1.832607 -0.000004 0.000007 3.131157 0.007152 0.847622
    13 1.003331 0.000000 0.000000 -3.095899 0.121084 0.034207
    14 3.823887 -0.419591 -1.411516 0.069795 0.155286 0.207665
    15 2.187963 0.000000 0.000000 -0.165860 -0.079982 1.419145
    16 1.100958 -0.000014 0.000000 0.087789 -0.052676 -0.184191
    17 3.987879 -0.577435 -0.474708 0.200599 0.169210 0.195927
    18 1.890100 -0.000008 0.000000 -0.153902 -0.042688 1.467060
    19 1.310926 0.000015 0.000000 -0.029730 0.074269 -0.259851
    20 4.117973 -0.654501 0.453699 0.085604 0.094078 0.260901
    21 1.655293 0.000002 0.000000 -0.029296 -0.049149 1.283708
    22 0.869586 0.000011 0.000000 0.062963 -0.019305 0.011264
    23 4.150639 -0.581580 1.354867 -0.178487 0.129533 0.002321
    24 1.157248 -0.000013 -0.000002 0.194855 -0.267812 1.185099
    25 1.019835 0.000002 0.000002 -1.675130 0.086219 0.371305
    26 3.429456 -5.007721 -5.116617 -1.574201 1.186686 -1.478929
    27 12.695436 0.000001 0.000018 -0.267286 0.293133 -1.734963
    28 -5.816682 -10.388870 -9.915424 3.071961 0.007392 -1.559548
    29 1.474217 -0.497913 -1.376119 1.283294 0.486350 -0.349537
    30 1.832175 -0.000001 0.000001 -2.584557 -0.154226 0.716821
    31 1.042012 0.000000 -0.000006 -2.947027 -0.173385 -0.033771
    32 3.823319 0.664870 -1.331676 0.113609 0.291967 -0.310053
    33 2.152367 0.000010 0.000000 0.048427 -0.257689 -0.122177
    34 1.056626 -0.000010 0.000000 0.273385 -0.069605 -0.538064
    35 3.985126 0.881823 -0.368987 0.187091 0.205038 -0.528353
    36 1.830173 0.000000 0.000000 0.309987 -0.029019 -1.518072
    37 1.561352 0.000013 0.000000 0.027385 0.000718 -1.353498
    38 4.116548 0.711289 0.551868 0.372897 0.175497 -0.950866
    39 1.752729 -0.000006 0.000000 0.065544 0.077355 -1.199522
    40 0.869356 0.000002 0.000000 0.010534 -0.055972 -0.881563
    41 4.118825 0.331244 1.419828 0.091710 0.246073 -1.081329
    42 1.176325 -0.000002 0.000000 0.019561 0.360394 -0.780529
    43 0.970213 0.000000 0.000000 1.685136 0.078242 -1.123257
    44 -9.258431 -0.998731 -5.116617 -3.549026 1.471560 -2.852718
    45 12.706341 0.000001 0.000000 -0.406593 0.231753 -2.265162
    46 11.809021 -1.206475 0.191726 -0.000002 -0.000003 0.000000
    47 0.598399 -0.643255 -0.162013 0.000000 -1.570796 -0.835635
    48 0.000010 0.000000 0.000011 0.000000 0.000000 0.000000
    49 1.200000 0.000000 0.000000 0.000000 0.000000 0.000000
    50 0.000010 -0.300000 0.000000 -3.141593 0.000000 -0.174533
    51 0.000000 -0.000001 0.000003 0.000001 -0.000001 0.000000
    52 0.000002 0.000000 -0.000002 -3.141593 0.000001 0.000000
    53 0.000002 0.000000 0.000002 0.000000 0.000000 0.349066
    54 0.000000 0.000000 0.000000 -3.141593 0.000000 0.000000
    55 0.000002 -0.000002 0.000000 -3.141593 0.000000 -0.000001
    56 0.000007 0.000004 0.000000 -3.141593 0.000000 -0.000001
    57 0.000001 -0.000004 0.000000 -3.141593 0.000000 0.000000
    58 0.000002 0.000010 0.000000 -3.141593 0.000000 0.000000
    59 0.000000 0.000000 0.000000 -3.141593 0.000000 0.000000
    60 -0.000001 -0.000004 0.000000 -3.141593 0.000000 0.000000
    61 0.000000 -0.000004 0.000000 -3.141593 0.000000 0.000000
    62 0.000001 -0.000002 0.000000 -3.141593 0.000000 0.000001
    63 0.000001 -0.000002 0.000000 3.141592 0.000000 -0.000001
    64 0.000000 0.000000 0.000000 -3.141593 0.000000 0.000000
    65 0.000000 0.000000 0.000000 -1.570797 -0.000001 0.000000
    66 0.000000 0.000000 0.000000 0.000000 0.000000 0.000000
    67 1.200001 0.000000 0.000000 0.000000 0.000000 0.000000
    68 0.000000 0.300000 0.000000 0.000000 0.000000 0.174533
    69 0.000000 0.000000 -0.000001 0.000000 0.000000 0.000000
    70 0.000000 0.000000 -0.000001 -3.141593 0.000000 0.000000
    71 0.000000 0.000000 0.000000 0.000001 0.000000 0.349065
    72 -0.000004 0.000003 0.000000 0.000000 0.000000 0.000000
    73 0.000009 -0.000006 0.000000 0.000000 0.000000 -0.000001
    74 0.000000 -0.000002 -0.000001 0.000000 -0.000001 -0.000001
    75 0.000000 0.000000 0.000000 0.000000 0.000000 0.000000
    76 0.000000 0.000000 0.000000 0.000000 0.000000 0.000001
    77 0.000000 0.000002 0.000000 0.000000 0.000000 0.000000
    78 -0.000007 -0.000013 0.000000 0.000000 0.000000 0.000001
    79 0.000000 0.000000 0.000000 0.000000 0.000000 0.000000
    80 0.000000 0.000000 0.000000 0.000000 0.000000 0.000000
    81 0.000000 0.000000 0.000000 0.000000 0.000000 0.000000
    82 0.000000 0.000000 0.000000 0.000000 0.000000 0.000000
    83 0.000000 0.000000 0.000004 -1.570797 0.000001 0.000000
  time 32
    0 -5.275417 -15.204148 -6.383748 -1.570145 0.000229 -1.571343
    1 9.243773 6.139962 1.326173 -0.000001 0.000001 -1.570796
    2 3.442229 -1.240687 -0.005672 -0.000002 -0.000003 0.000000
    3 17.667921 -1.384574 1.233112 0.000000 -0.000003 -3.141592
    4 13.081079 -1.084008 0.792839 1.570797 -0.879478 -3.141593
    5 0.758741 0.000010 -0.000001 -1.570796 0.000000 -1.124720
    6 12.977262 -1.858502 0.676013 0.518314 -0.428322 -2.516407
    7 0.562688 -0.000006 -0.000004 -0.013014 -0.008068 -0.959463
    8 -3.666271 -24.428194 -8.145952 -3.141305 -1.064311 -0.000501
    9 2.341381 0.000021 0.000003 1.570738 1.242323 -0.000046
    10 1.171810 -20.508408 -10.489661 3.065106 0.012145 -1.681336
    11 1.473635 0.639422 -1.295233 1.873507 0.766140 0.332871
    12 1.832607 -0.000004 0.000007 3.131157 0.007152 0.847622
    13 1.003331 0.000000 0.000000 -3.095899 0.121084 0.034207
    14 3.823887 -0.419591 -1.411516 0.069795 0.155286 0.207665
    15 2.187963 0.000000 0.000000 -0.165860 -0.079982 1.419145
    16 1.100958 -0.000014 0.000000 0.087789 -0.052676 -0.184191
    17 3.987879 -0.577435 -0.474708 0.200599 0.169222 0.195927
    18 1.890100 -0.000008 0.000000 -0.153902 -0.042688 1.467060
    19 1.310926 0.000015 0.000000 -0.029730 0.074269 -0.259831
    20 4.117973 -0.654501 0.453699 0.085604 0.094078 0.260901
    21 1.655293 0.000002 0.000000 -0.029296 -0.049149 1.283708
    22 0.869586 0.000011 0.000000 0.062963 -0.019305 0.011264
    23 4.150639 -0.581580 1.354867 -0.178487 0.129533 0.002321
    24 1.157248 -0.000013 -0.000002 0.194855 -0.267812 1.185099
    25 1.019835 0.000002 0.000002 -1.675130 0.086219 0.371305
    26 3.429456 -5.007721 -5.116617 -1.573650 1.186686 -1.478655
    27 12.695436 0.000001 0.000018 -0.267272 0.293145 -1.734963
    28 -5.816682 -10.388870 -9.915424 3.071469 0.007498 -1.559548
    29 1.474217 -0.497913 -1.376119 1.283294 0.486350 -0.349537
    30 1.832175 -0.000001 0.000001 -2.584557 -0.154226 0.716821
    31 1.042012 0.000000 -0.000006 -2.947027 -0.173385 -0.033771
    32 3.823319 0.664870 -1.331676 0.113609 0.291967 -0.310053
    33 2.152367 0.000010 0.000000 0.048427 -0.257689 -0.122177
    34 1.056626 -0.000010 0.000000 0.273385 -0.069605 -0.538064
    35 3.985126 0.881823 -0.368987 0.187091 0.205038 -0.528353
    36 1.830173 0.000000 0.000000 0.309987 -0.029019 -1.518072
    37 1.561352 0.000013 0.000000 0.027385 0.000718 -1.353498
    38 4.116548 0.711289 0.551868 0.372897 0.175497 -0.950866
    39 1.752729 -0.000006 0.000000 0.065544 0.077355 -1.199522
    40 0.869356 0.000002 0.000000 0.010534 -0.055972 -0.881563
    41 4.118825 0.331244 1.419828 0.091710 0.246073 -1.081329
    42 1.176325 -0.000002 0.000000 0.019561 0.360394 -0.780529
    43 0.970213 0.000000 0.000000 1.685136 0.078242 -1.123257
    44 -9.258431 -0.998731 -5.116617 -3.549409 1.471922 -2.853337
    45 12.706341 0.000001 0.000000 -0.406642 0.231729 -2.265314
    46 11.809021 -1.206475 0.191726 -0.000002 -0.000003 0.000000
    47 0.598399 -0.643255 -0.162013 0.000000 -1.570796 -0.835635
    48 0.000010 0.000000 0.000011 0.000000 0.000000 0.000000
    49 1.200000 0.000000 0.000000 0.000000 0.000000 0.000000
    50 0.000010 -0.300000 0.000000 -3.141593 0.000000 -0.174533
    51 0.000000 -0.000001 0.000003 0.000001 -0.000001 0.000000
    52 0.000002 0.000000 -0.000002 -3.141593 0.000001 0.000000
    53 0.000002 0.000000 0.000002 0.000000 0.000000 0.349066
    54 0.000000 0.000000 0.000000 -3.141593 0.000000 0.000000
    55 0.000002 -0.000002 0.000000 -3.141593 0.000000 -0.000001
    56 0.000007 0.000004 0.000000 -3.141593 0.000000 -0.000001
    57 0.000001 -0.000004 0.000000 -3.141593 0.000000 0.000000
    58 0.000002 0.000010 0.000000 -3.141593 0.000000 0.000000
    59 0.000000 0.000000 0.000000 -3.141593 0.000000 0.000000
    60 -0.000001 -0.000004 0.000000 -3.141593 0.000000 0.000000
    61 0.000000 -0.000004 0.000000 -3.141593 0.000000 0.000000
    62 0.000001 -0.000002 0.000000 -3.141593 0.000000 0.000001
    63 0.000001 -0.000002 0.000000 3.141592 0.000000 -0.000001
    64 0.000000 0.000000 0.000000 -3.141593 0.000000 0.000000
    65 0.000000 0.000000 0.000000 -1.570797 -0.000001 0.000000
    66 0.000000 0.000000 0.000000 0.000000 0.000000 0.000000
    67 1.200001 0.000000 0.000000 0.000000 0.000000 0.000000
    68 0.000000 0.300000 0.000000 0.000000 0.000000 0.174533
    69 0.000000 0.000000 -0.000001 0.000000 0.000000 0.000000
    70 0.000000 0.000000 -0.000001 -3.141593 0.000000 0.000000
    71 0.000000 0.000000 0.000000 0.000001 0.000000 0.349065
    72 -0.000004 0.000003 0.000000 0.000000 0.000000 0.000000
    73 0.000009 -0.000006 0.000000 0.000000 0.000000 -0.000001
    74 0.000000 -0.000002 -0.000001 0.000000 -0.000001 -0.000001
    75 0.000000 0.000000 0.000000 0.000000 0.000000 0.000000
    76 0.000000 0.000000 0.000000 0.000000 0.000000 0.000001
    77 0.000000 0.000002 0.000000 0.000000 0.000000 0.000000
    78 -0.000007 -0.000013 0.000000 0.000000 0.000000 0.000001
    79 0.000000 0.000000 0.000000 0.000000 0.000000 0.000000
    80 0.000000 0.000000 0.000000 0.000000 0.000000 0.000000
    81 0.000000 0.000000 0.000000 0.000000 0.000000 0.000000
    82 0.000000 0.000000 0.000000 0.000000 0.000000 0.000000
    83 0.000000 0.000000 0.000004 -1.570797 0.000001 0.000000
  time 33
    0 -5.275417 -15.204148 -6.375935 -1.570624 0.000352 -1.571343
    1 9.243773 6.139962 1.326173 -0.000001 0.000001 -1.570796
    2 3.442229 -1.240687 -0.005672 -0.000002 -0.000003 0.000000
    3 17.667921 -1.384574 1.233112 0.000000 -0.000003 -3.141592
    4 13.081079 -1.084008 0.792839 1.570797 -0.879478 -3.141593
    5 0.758741 0.000010 -0.000001 -1.570796 0.000000 -1.124720
    6 12.977262 -1.858502 0.676013 0.518314 -0.428322 -2.516407
    7 0.562688 -0.000006 -0.000004 -0.013014 -0.008068 -0.959463
    8 -3.670177 -24.428194 -8.145952 -3.141018 -1.063809 -0.000878
    9 2.341381 0.000021 0.000003 1.570738 1.242323 -0.000046
    10 1.167904 -20.508408 -10.493567 3.064594 0.012214 -1.681336
    11 1.473635 0.639422 -1.295233 1.873507 0.766140 0.332871
    12 1.832607 -0.000004 0.000007 3.131157 0.007152 0.847622
    13 1.003331 0.000000 0.000000 -3.095899 0.121084 0.034207
    14 3.823887 -0.419591 -1.411516 0.069795 0.155286 0.207665
    15 2.187963 0.000000 0.000000 -0.165860 -0.079982 1.419145
    16 1.100958 -0.000014 0.000000 0.087789 -0.052676 -0.184191
    17 3.987879 -0.577435 -0.474708 0.200599 0.169222 0.195927
    18 1.890100 -0.000008 0.000000 -0.153902 -0.042688 1.467060
    19 1.310926 0.000015 0.000000 -0.029730 0.074269 -0.259831
    20 4.117973 -0.654501 0.453699 0.085604 0.094078 0.260901
    21 1.655293 0.000002 0.000000 -0.029296 -0.049149 1.283708
    22 0.869586 0.000011 0.000000 0.062963 -0.019305 0.011264
    23 4.150639 -0.581580 1.354867 -0.178487 0.129533 0.002321
    24 1.157248 -0.000013 -0.000002 0.194855 -0.267812 1.185099
    25 1.019835 0.000002 0.000002 -1.675130 0.086219 0.371305
    26 3.429456 -5.007721 -5.116617 -1.573191 1.186859 -1.478381
    27 12.695436 0.000001 0.000018 -0.267229 0.293145 -1.734963
    28 -5.820588 -10.388870 -9.911517 3.070977 0.007639 -1.559548
    29 1.474217 -0.497913 -1.376119 1.283294 0.486350 -0.349537
    30 1.832175 -0.000001 0.000001 -2.584557 -0.154226 0.716821
    31 1.042012 0.000000 -0.000006 -2.947027 -0.173385 -0.033771
    32 3.823319 0.664870 -1.331676 0.113609 0.291967 -0.310053
    33 2.152367 0.000010 0.000000 0.048427 -0.257689 -0.122177
    34 1.056626 -0.000010 0.000000 0.273385 -0.069605 -0.538064
    35 3.985126 0.881823 -0.368987 0.187091 0.205038 -0.528353
    36 1.830173 0.000000 0.000000 0.309987 -0.029019 -1.518072
    37 1.561352 0.000013 0.000000 0.027385 0.000718 -1.353498
    38 4.116548 0.711289 0.551868 0.372897 0.175497 -0.950866
    39 1.752729 -0.000006 0.000000 0.065544 0.077355 -1.199522
    40 0.869356 0.000002 0.000000 0.010534 -0.055972 -0.881563
    41 4.118825 0.331244 1.419828 0.091710 0.246073 -1.081329
    42 1.176325 -0.000002 0.000000 0.019561 0.360394 -0.780529
    43 0.970213 0.000000 0.000000 1.685136 0.078242 -1.123257
    44 -9.258431 -0.998731 -5.116617 -3.549696 1.472329 -2.854133
    45 12.706341 0.000001 0.000000 -0.406642 0.231693 -2.265543
    46 11.809021 -1.206475 0.191726 -0.000002 -0.000003 0.000000
    47 0.598399 -0.643255 -0.162013 0.000000 -1.570796 -0.835635
    48 0.000010 0.000000 0.000011 0.000000 0.000000 0.000000
    49 1.200000 0.000000 0.000000 0.000000 0.000000 0.000000
    50 0.000010 -0.300000 0.000000 -3.141593 0.000000 -0.174533
    51 0.000000 -0.000001 0.000003 0.000001 -0.000001 0.000000
    52 0.000002 0.000000 -0.000002 -3.141593 0.000001 0.000000
    53 0.000002 0.000000 0.000002 0.000000 0.000000 0.349066
    54 0.000000 0.000000 0.000000 -3.141593 0.000000 0.000000
    55 0.000002 -0.000002 0.000000 -3.141593 0.000000 -0.000001
    56 0.000007 0.000004 0.000000 -3.141593 0.000000 -0.000001
    57 0.000001 -0.000004 0.000000 -3.141593 0.000000 0.000000
    58 0.000002 0.000010 0.000000 -3.141593 0.000000 0.000000
    59 0.000000 0.000000 0.000000 -3.141593 0.000000 0.000000
    60 -0.000001 -0.000004 0.000000 -3.141593 0.000000 0.000000
    61 0.000000 -0.000004 0.000000 -3.141593 0.000000 0.000000
    62 0.000001 -0.000002 0.000000 -3.141593 0.000000 0.000001
    63 0.000001 -0.000002 0.000000 3.141592 0.000000 -0.000001
    64 0.000000 0.000000 0.000000 -3.141593 0.000000 0.000000
    65 0.000000 0.000000 0.000000 -1.570797 -0.000001 0.000000
    66 0.000000 0.000000 0.000000 0.000000 0.000000 0.000000
    67 1.200001 0.000000 0.000000 0.000000 0.000000 0.000000
    68 0.000000 0.300000 0.000000 0.000000 0.000000 0.174533
    69 0.000000 0.000000 -0.000001 0.000000 0.000000 0.000000
    70 0.000000 0.000000 -0.000001 -3.141593 0.000000 0.000000
    71 0.000000 0.000000 0.000000 0.000001 0.000000 0.349065
    72 -0.000004 0.000003 0.000000 0.000000 0.000000 0.000000
    73 0.000009 -0.000006 0.000000 0.000000 0.000000 -0.000001
    74 0.000000 -0.000002 -0.000001 0.000000 -0.000001 -0.000001
    75 0.000000 0.000000 0.000000 0.000000 0.000000 0.000000
    76 0.000000 0.000000 0.000000 0.000000 0.000000 0.000001
    77 0.000000 0.000002 0.000000 0.000000 0.000000 0.000000
    78 -0.000007 -0.000013 0.000000 0.000000 0.000000 0.000001
    79 0.000000 0.000000 0.000000 0.000000 0.000000 0.000000
    80 0.000000 0.000000 0.000000 0.000000 0.000000 0.000000
    81 0.000000 0.000000 0.000000 0.000000 0.000000 0.000000
    82 0.000000 0.000000 0.000000 0.000000 0.000000 0.000000
    83 0.000000 0.000000 0.000004 -1.570797 0.000001 0.000000
  time 34
    0 -5.275417 -15.204148 -6.375935 -1.571140 0.000475 -1.571343
    1 9.243773 6.139962 1.326173 -0.000001 0.000001 -1.570796
    2 3.442229 -1.240687 -0.005672 -0.000002 -0.000003 0.000000
    3 17.667921 -1.384574 1.233112 0.000000 -0.000003 -3.141592
    4 13.081079 -1.084008 0.792839 1.570797 -0.879478 -3.141593
    5 0.758741 0.000010 -0.000001 -1.570796 0.000000 -1.124720
    6 12.977262 -1.858502 0.676013 0.518314 -0.428322 -2.516407
    7 0.562688 -0.000006 -0.000004 -0.013014 -0.008068 -0.959463
    8 -3.670177 -24.428194 -8.145952 -3.140731 -1.063306 -0.000972
    9 2.341381 0.000021 0.000003 1.570738 1.242323 -0.000046
    10 1.163997 -20.508408 -10.497474 3.064082 0.012283 -1.681336
    11 1.473635 0.639422 -1.295233 1.873507 0.766140 0.332871
    12 1.832607 -0.000004 0.000007 3.131157 0.007152 0.847622
    13 1.003331 0.000000 0.000000 -3.095899 0.121084 0.034207
    14 3.823887 -0.419591 -1.411516 0.069795 0.155286 0.207665
    15 2.187963 0.000000 0.000000 -0.165860 -0.079982 1.419145
    16 1.100958 -0.000014 0.000000 0.087789 -0.052676 -0.184191
    17 3.987879 -0.577435 -0.474708 0.200599 0.169222 0.195927
    18 1.890100 -0.000008 0.000000 -0.153902 -0.042688 1.467060
    19 1.310926 0.000015 0.000000 -0.029730 0.074269 -0.259831
    20 4.117973 -0.654501 0.453699 0.085604 0.094078 0.260901
    21 1.655293 0.000002 0.000000 -0.029296 -0.049149 1.283708
    22 0.869586 0.000011 0.000000 0.062963 -0.019305 0.011264
    23 4.150639 -0.581580 1.354867 -0.178487 0.129533 0.002321
    24 1.157248 -0.000013 -0.000002 0.194855 -0.267812 1.185099
    25 1.019835 0.000002 0.000002 -1.675130 0.086219 0.371305
    26 3.429456 -5.007721 -5.116617 -1.572640 1.186902 -1.478198
    27 12.695436 0.000001 0.000018 -0.267186 0.293145 -1.734829
    28 -5.824494 -10.388870 -9.911517 3.070497 0.007780 -1.559548
    29 1.474217 -0.497913 -1.376119 1.283294 0.486350 -0.349537
    30 1.832175 -0.000001 0.000001 -2.584557 -0.154226 0.716821
    31 1.042012 0.000000 -0.000006 -2.947027 -0.173385 -0.033771
    32 3.823319 0.664870 -1.331676 0.113609 0.291967 -0.310053
    33 2.152367 0.000010 0.000000 0.048427 -0.257689 -0.122177
    34 1.056626 -0.000010 0.000000 0.273385 -0.069605 -0.538064
    35 3.985126 0.881823 -0.368987 0.187091 0.205038 -0.528353
    36 1.830173 0.000000 0.000000 0.309987 -0.029019 -1.518072
    37 1.561352 0.000013 0.000000 0.027385 0.000718 -1.353498
    38 4.116548 0.711289 0.551868 0.372897 0.175497 -0.950866
    39 1.752729 -0.000006 0.000000 0.065544 0.077355 -1.199522
    40 0.869356 0.000002 0.000000 0.010534 -0.055972 -0.881563
    41 4.118825 0.331244 1.419828 0.091710 0.246073 -1.081329
    42 1.176325 -0.000002 0.000000 0.019561 0.360394 -0.780529
    43 0.970213 0.000000 0.000000 1.685155 0.078242 -1.123257
    44 -9.258431 -0.998731 -5.116617 -3.549888 1.472827 -2.855017
    45 12.706341 0.000001 0.000000 -0.406691 0.231645 -2.265772
    46 11.809021 -1.206475 0.191726 -0.000002 -0.000003 0.000000
    47 0.598399 -0.643255 -0.162013 0.000000 -1.570796 -0.835635
    48 0.000010 0.000000 0.000011 0.000000 0.000000 0.000000
    49 1.200000 0.000000 0.000000 0.000000 0.000000 0.000000
    50 0.000010 -0.300000 0.000000 -3.141593 0.000000 -0.174533
    51 0.000000 -0.000001 0.000003 0.000001 -0.000001 0.000000
    52 0.000002 0.000000 -0.000002 -3.141593 0.000001 0.000000
    53 0.000002 0.000000 0.000002 0.000000 0.000000 0.349066
    54 0.000000 0.000000 0.000000 -3.141593 0.000000 0.000000
    55 0.000002 -0.000002 0.000000 -3.141593 0.000000 -0.000001
    56 0.000007 0.000004 0.000000 -3.141593 0.000000 -0.000001
    57 0.000001 -0.000004 0.000000 -3.141593 0.000000 0.000000
    58 0.000002 0.000010 0.000000 -3.141593 0.000000 0.000000
    59 0.000000 0.000000 0.000000 -3.141593 0.000000 0.000000
    60 -0.000001 -0.000004 0.000000 -3.141593 0.000000 0.000000
    61 0.000000 -0.000004 0.000000 -3.141593 0.000000 0.000000
    62 0.000001 -0.000002 0.000000 -3.141593 0.000000 0.000001
    63 0.000001 -0.000002 0.000000 3.141592 0.000000 -0.000001
    64 0.000000 0.000000 0.000000 -3.141593 0.000000 0.000000
    65 0.000000 0.000000 0.000000 -1.570797 -0.000001 0.000000
    66 0.000000 0.000000 0.000000 0.000000 0.000000 0.000000
    67 1.200001 0.000000 0.000000 0.000000 0.000000 0.000000
    68 0.000000 0.300000 0.000000 0.000000 0.000000 0.174533
    69 0.000000 0.000000 -0.000001 0.000000 0.000000 0.000000
    70 0.000000 0.000000 -0.000001 -3.141593 0.000000 0.000000
    71 0.000000 0.000000 0.000000 0.000001 0.000000 0.349065
    72 -0.000004 0.000003 0.000000 0.000000 0.000000 0.000000
    73 0.000009 -0.000006 0.000000 0.000000 0.000000 -0.000001
    74 0.000000 -0.000002 -0.000001 0.000000 -0.000001 -0.000001
    75 0.000000 0.000000 0.000000 0.000000 0.000000 0.000000
    76 0.000000 0.000000 0.000000 0.000000 0.000000 0.000001
    77 0.000000 0.000002 0.000000 0.000000 0.000000 0.000000
    78 -0.000007 -0.000013 0.000000 0.000000 0.000000 0.000001
    79 0.000000 0.000000 0.000000 0.000000 0.000000 0.000000
    80 0.000000 0.000000 0.000000 0.000000 0.000000 0.000000
    81 0.000000 0.000000 0.000000 0.000000 0.000000 0.000000
    82 0.000000 0.000000 0.000000 0.000000 0.000000 0.000000
    83 0.000000 0.000000 0.000004 -1.570797 0.000001 0.000000
  time 35
    0 -5.275417 -15.204148 -6.375935 -1.571705 0.000563 -1.571343
    1 9.243773 6.139962 1.326173 -0.000001 0.000001 -1.570796
    2 3.442229 -1.240687 -0.005672 -0.000002 -0.000003 0.000000
    3 17.667921 -1.384574 1.233112 0.000000 -0.000003 -3.141592
    4 13.081079 -1.084008 0.792839 1.570797 -0.879478 -3.141593
    5 0.758741 0.000010 -0.000001 -1.570796 0.000000 -1.124720
    6 12.977262 -1.858502 0.676013 0.518314 -0.428322 -2.516407
    7 0.562688 -0.000006 -0.000004 -0.013014 -0.008068 -0.959463
    8 -3.674083 -24.424288 -8.145952 -3.140540 -1.062741 -0.001160
    9 2.341381 0.000021 0.000003 1.570738 1.242323 -0.000046
    10 1.160091 -20.508408 -10.501380 3.063477 0.012352 -1.681336
    11 1.473635 0.639422 -1.295233 1.873507 0.766140 0.332871
    12 1.832607 -0.000004 0.000007 3.131157 0.007152 0.847622
    13 1.003331 0.000000 0.000000 -3.095899 0.121084 0.034207
    14 3.823887 -0.419591 -1.411516 0.069795 0.155286 0.207665
    15 2.187963 0.000000 0.000000 -0.165860 -0.079982 1.419145
    16 1.100958 -0.000014 0.000000 0.087789 -0.052676 -0.184191
    17 3.987879 -0.577435 -0.474708 0.200599 0.169222 0.195927
    18 1.890100 -0.000008 0.000000 -0.153902 -0.042688 1.467060
    19 1.310926 0.000015 0.000000 -0.029730 0.074269 -0.259831
    20 4.117973 -0.654501 0.453699 0.085604 0.094078 0.260901
    21 1.655293 0.000002 0.000000 -0.029296 -0.049149 1.283708
    22 0.869586 0.000011 0.000000 0.062963 -0.019305 0.011264
    23 4.150639 -0.581580 1.354867 -0.178487 0.129533 0.002321
    24 1.157248 -0.000013 -0.000002 0.194855 -0.267812 1.185099
    25 1.019835 0.000002 0.000002 -1.675130 0.086219 0.371305
    26 3.429456 -5.007721 -5.116617 -1.572089 1.186902 -1.477924
    27 12.695436 0.000001 0.000018 -0.267143 0.293157 -1.734762
    28 -5.828401 -10.388870 -9.907611 3.069931 0.007903 -1.559548
    29 1.474217 -0.497913 -1.376119 1.283294 0.486350 -0.349537
    30 1.832175 -0.000001 0.000001 -2.584557 -0.154226 0.716821
    31 1.042012 0.000000 -0.000006 -2.947027 -0.173385 -0.033771
    32 3.823319 0.664870 -1.331676 0.113609 0.291967 -0.310053
    33 2.152367 0.000010 0.000000 0.048427 -0.257689 -0.122177
    34 1.056626 -0.000010 0.000000 0.273385 -0.069605 -0.538064
    35 3.985126 0.881823 -0.368987 0.187091 0.205038 -0.528353
    36 1.830173 0.000000 0.000000 0.309987 -0.029019 -1.518072
    37 1.561352 0.000013 0.000000 0.027385 0.000718 -1.353498
    38 4.116548 0.711289 0.551868 0.372897 0.175497 -0.950866
    39 1.752729 -0.000006 0.000000 0.065544 0.077355 -1.199522
    40 0.869356 0.000002 0.000000 0.010534 -0.055972 -0.881563
    41 4.118825 0.331244 1.419828 0.091710 0.246073 -1.081329
    42 1.176325 -0.000002 0.000000 0.019561 0.360394 -0.780529
    43 0.970213 0.000000 0.000000 1.685136 0.078242 -1.123257
    44 -9.258431 -0.998731 -5.116617 -3.550271 1.473279 -2.856078
    45 12.706341 0.000001 0.000000 -0.406773 0.231610 -2.265924
    46 11.809021 -1.206475 0.191726 -0.000002 -0.000003 0.000000
    47 0.598399 -0.643255 -0.162013 0.000000 -1.570796 -0.835635
    48 0.000010 0.000000 0.000011 0.000000 0.000000 0.000000
    49 1.200000 0.000000 0.000000 0.000000 0.000000 0.000000
    50 0.000010 -0.300000 0.000000 -3.141593 0.000000 -0.174533
    51 0.000000 -0.000001 0.000003 0.000001 -0.000001 0.000000
    52 0.000002 0.000000 -0.000002 -3.141593 0.000001 0.000000
    53 0.000002 0.000000 0.000002 0.000000 0.000000 0.349066
    54 0.000000 0.000000 0.000000 -3.141593 0.000000 0.000000
    55 0.000002 -0.000002 0.000000 -3.141593 0.000000 -0.000001
    56 0.000007 0.000004 0.000000 -3.141593 0.000000 -0.000001
    57 0.000001 -0.000004 0.000000 -3.141593 0.000000 0.000000
    58 0.000002 0.000010 0.000000 -3.141593 0.000000 0.000000
    59 0.000000 0.000000 0.000000 -3.141593 0.000000 0.000000
    60 -0.000001 -0.000004 0.000000 -3.141593 0.000000 0.000000
    61 0.000000 -0.000004 0.000000 -3.141593 0.000000 0.000000
    62 0.000001 -0.000002 0.000000 -3.141593 0.000000 0.000001
    63 0.000001 -0.000002 0.000000 3.141592 0.000000 -0.000001
    64 0.000000 0.000000 0.000000 -3.141593 0.000000 0.000000
    65 0.000000 0.000000 0.000000 -1.570797 -0.000001 0.000000
    66 0.000000 0.000000 0.000000 0.000000 0.000000 0.000000
    67 1.200001 0.000000 0.000000 0.000000 0.000000 0.000000
    68 0.000000 0.300000 0.000000 0.000000 0.000000 0.174533
    69 0.000000 0.000000 -0.000001 0.000000 0.000000 0.000000
    70 0.000000 0.000000 -0.000001 -3.141593 0.000000 0.000000
    71 0.000000 0.000000 0.000000 0.000001 0.000000 0.349065
    72 -0.000004 0.000003 0.000000 0.000000 0.000000 0.000000
    73 0.000009 -0.000006 0.000000 0.000000 0.000000 -0.000001
    74 0.000000 -0.000002 -0.000001 0.000000 -0.000001 -0.000001
    75 0.000000 0.000000 0.000000 0.000000 0.000000 0.000000
    76 0.000000 0.000000 0.000000 0.000000 0.000000 0.000001
    77 0.000000 0.000002 0.000000 0.000000 0.000000 0.000000
    78 -0.000007 -0.000013 0.000000 0.000000 0.000000 0.000001
    79 0.000000 0.000000 0.000000 0.000000 0.000000 0.000000
    80 0.000000 0.000000 0.000000 0.000000 0.000000 0.000000
    81 0.000000 0.000000 0.000000 0.000000 0.000000 0.000000
    82 0.000000 0.000000 0.000000 0.000000 0.000000 0.000000
    83 0.000000 0.000000 0.000004 -1.570797 0.000001 0.000000
  time 36
    0 -5.275417 -15.204148 -6.375935 -1.572282 0.000704 -1.571343
    1 9.243773 6.139962 1.326173 -0.000001 0.000001 -1.570796
    2 3.442229 -1.240687 -0.005672 -0.000002 -0.000003 0.000000
    3 17.667921 -1.384574 1.233112 0.000000 -0.000003 -3.141592
    4 13.081079 -1.084008 0.792839 1.570797 -0.879478 -3.141593
    5 0.758741 0.000010 -0.000001 -1.570796 0.000000 -1.124720
    6 12.977262 -1.858502 0.676013 0.518314 -0.428322 -2.516407
    7 0.562688 -0.000006 -0.000004 -0.013014 -0.008068 -0.959463
    8 -3.677990 -24.424288 -8.145952 -3.140253 -1.062176 -0.001348
    9 2.341381 0.000021 0.000003 1.570738 1.242323 -0.000046
    10 1.152278 -20.508408 -10.501380 3.062872 0.012369 -1.681336
    11 1.473635 0.639422 -1.295233 1.873507 0.766140 0.332871
    12 1.832607 -0.000004 0.000007 3.131157 0.007152 0.847622
    13 1.003331 0.000000 0.000000 -3.095899 0.121084 0.034207
    14 3.823887 -0.419591 -1.411516 0.069795 0.155286 0.207665
    15 2.187963 0.000000 0.000000 -0.165860 -0.079982 1.419145
    16 1.100958 -0.000014 0.000000 0.087789 -0.052676 -0.184191
    17 3.987879 -0.577435 -0.474708 0.200599 0.169222 0.195927
    18 1.890100 -0.000008 0.000000 -0.153902 -0.042688 1.467060
    19 1.310926 0.000015 0.000000 -0.029730 0.074269 -0.259831
    20 4.117973 -0.654501 0.453699 0.085604 0.094078 0.260901
    21 1.655293 0.000002 0.000000 -0.029296 -0.049149 1.283708
    22 0.869586 0.000011 0.000000 0.062963 -0.019305 0.011264
    23 4.150639 -0.581580 1.354867 -0.178487 0.129533 0.002321
    24 1.157248 -0.000013 -0.000002 0.194855 -0.267812 1.185099
    25 1.019835 0.000002 0.000002 -1.675130 0.086219 0.371305
    26 3.429456 -5.007721 -5.116617 -1.571171 1.186902 -1.477650
    27 12.695436 0.000001 0.000018 -0.267143 0.293157 -1.734428
    28 -5.832307 -10.388870 -9.899798 3.069353 0.008009 -1.559548
    29 1.474217 -0.497913 -1.376119 1.283294 0.486350 -0.349537
    30 1.832175 -0.000001 0.000001 -2.584557 -0.154226 0.716821
    31 1.042012 0.000000 -0.000006 -2.947027 -0.173385 -0.033771
    32 3.823319 0.664870 -1.331676 0.113609 0.291967 -0.310053
    33 2.152367 0.000010 0.000000 0.048427 -0.257689 -0.122177
    34 1.056626 -0.000010 0.000000 0.273385 -0.069605 -0.538064
    35 3.985126 0.881823 -0.368987 0.187091 0.205038 -0.528353
    36 1.830173 0.000000 0.000000 0.309987 -0.029019 -1.518072
    37 1.561352 0.000013 0.000000 0.027385 0.000718 -1.353498
    38 4.116548 0.711289 0.551868 0.372897 0.175497 -0.950866
    39 1.752729 -0.000006 0.000000 0.065544 0.077355 -1.199522
    40 0.869356 0.000002 0.000000 0.010534 -0.055972 -0.881563
    41 4.118825 0.331244 1.419828 0.091710 0.246073 -1.081329
    42 1.176325 -0.000002 0.000000 0.019561 0.360394 -0.780529
    43 0.970213 0.000000 0.000000 1.685136 0.078242 -1.123257
    44 -9.258431 -0.998731 -5.116617 -3.550558 1.474048 -2.857139
    45 12.706341 0.000001 0.000000 -0.406822 0.231610 -2.266153
    46 11.809021 -1.206475 0.191726 -0.000002 -0.000003 0.000000
    47 0.598399 -0.643255 -0.162013 0.000000 -1.570796 -0.835635
    48 0.000010 0.000000 0.000011 0.000000 0.000000 0.000000
    49 1.200000 0.000000 0.000000 0.000000 0.000000 0.000000
    50 0.000010 -0.300000 0.000000 -3.141593 0.000000 -0.174533
    51 0.000000 -0.000001 0.000003 0.000001 -0.000001 0.000000
    52 0.000002 0.000000 -0.000002 -3.141593 0.000001 0.000000
    53 0.000002 0.000000 0.000002 0.000000 0.000000 0.349066
    54 0.000000 0.000000 0.000000 -3.141593 0.000000 0.000000
    55 0.000002 -0.000002 0.000000 -3.141593 0.000000 -0.000001
    56 0.000007 0.000004 0.000000 -3.141593 0.000000 -0.000001
    57 0.000001 -0.000004 0.000000 -3.141593 0.000000 0.000000
    58 0.000002 0.000010 0.000000 -3.141593 0.000000 0.000000
    59 0.000000 0.000000 0.000000 -3.141593 0.000000 0.000000
    60 -0.000001 -0.000004 0.000000 -3.141593 0.000000 0.000000
    61 0.000000 -0.000004 0.000000 -3.141593 0.000000 0.000000
    62 0.000001 -0.000002 0.000000 -3.141593 0.000000 0.000001
    63 0.000001 -0.000002 0.000000 3.141592 0.000000 -0.000001
    64 0.000000 0.000000 0.000000 -3.141593 0.000000 0.000000
    65 0.000000 0.000000 0.000000 -1.570797 -0.000001 0.000000
    66 0.000000 0.000000 0.000000 0.000000 0.000000 0.000000
    67 1.200001 0.000000 0.000000 0.000000 0.000000 0.000000
    68 0.000000 0.300000 0.000000 0.000000 0.000000 0.174533
    69 0.000000 0.000000 -0.000001 0.000000 0.000000 0.000000
    70 0.000000 0.000000 -0.000001 -3.141593 0.000000 0.000000
    71 0.000000 0.000000 0.000000 0.000001 0.000000 0.349065
    72 -0.000004 0.000003 0.000000 0.000000 0.000000 0.000000
    73 0.000009 -0.000006 0.000000 0.000000 0.000000 -0.000001
    74 0.000000 -0.000002 -0.000001 0.000000 -0.000001 -0.000001
    75 0.000000 0.000000 0.000000 0.000000 0.000000 0.000000
    76 0.000000 0.000000 0.000000 0.000000 0.000000 0.000001
    77 0.000000 0.000002 0.000000 0.000000 0.000000 0.000000
    78 -0.000007 -0.000013 0.000000 0.000000 0.000000 0.000001
    79 0.000000 0.000000 0.000000 0.000000 0.000000 0.000000
    80 0.000000 0.000000 0.000000 0.000000 0.000000 0.000000
    81 0.000000 0.000000 0.000000 0.000000 0.000000 0.000000
    82 0.000000 0.000000 0.000000 0.000000 0.000000 0.000000
    83 0.000000 0.000000 0.000004 -1.570797 0.000001 0.000000
  time 37
    0 -5.275417 -15.204148 -6.372029 -1.572859 0.000827 -1.571343
    1 9.243773 6.139962 1.326173 -0.000001 0.000001 -1.570796
    2 3.442229 -1.240687 -0.005672 -0.000002 -0.000003 0.000000
    3 17.667921 -1.384574 1.233112 0.000000 -0.000003 -3.141592
    4 13.081079 -1.084008 0.792839 1.570797 -0.879478 -3.141593
    5 0.758741 0.000010 -0.000001 -1.570796 0.000000 -1.124720
    6 12.977262 -1.858502 0.676013 0.518314 -0.428322 -2.516407
    7 0.562688 -0.000006 -0.000004 -0.013014 -0.008068 -0.959463
    8 -3.681896 -24.424288 -8.145952 -3.139966 -1.061564 -0.001725
    9 2.341381 0.000021 0.000003 1.570738 1.242323 -0.000046
    10 1.148372 -20.508408 -10.505286 3.062267 0.012438 -1.681336
    11 1.473635 0.639422 -1.295233 1.873507 0.766140 0.332871
    12 1.832607 -0.000004 0.000007 3.131157 0.007152 0.847622
    13 1.003331 0.000000 0.000000 -3.095899 0.121084 0.034207
    14 3.823887 -0.419591 -1.411516 0.069795 0.155286 0.207665
    15 2.187963 0.000000 0.000000 -0.165860 -0.079982 1.419145
    16 1.100958 -0.000014 0.000000 0.087789 -0.052676 -0.184191
    17 3.987879 -0.577435 -0.474708 0.200599 0.169222 0.195927
    18 1.890100 -0.000008 0.000000 -0.153902 -0.042688 1.467060
    19 1.310926 0.000015 0.000000 -0.029730 0.074269 -0.259851
    20 4.117973 -0.654501 0.453699 0.085604 0.094078 0.260901
    21 1.655293 0.000002 0.000000 -0.029296 -0.049149 1.283708
    22 0.869586 0.000011 0.000000 0.062963 -0.019305 0.011264
    23 4.150639 -0.581580 1.354867 -0.178487 0.129533 0.002321
    24 1.157248 -0.000013 -0.000002 0.194855 -0.267812 1.185099
    25 1.019835 0.000002 0.000002 -1.675130 0.086219 0.371305
    26 3.429456 -5.007721 -5.116617 -1.570528 1.186902 -1.477376
    27 12.695436 0.000001 0.000018 -0.267100 0.293169 -1.734428
    28 -5.840120 -10.388870 -9.899798 3.068763 0.008150 -1.559675
    29 1.474217 -0.497913 -1.376119 1.283294 0.486350 -0.349537
    30 1.832175 -0.000001 0.000001 -2.584557 -0.154226 0.716821
    31 1.042012 0.000000 -0.000006 -2.947027 -0.173385 -0.033771
    32 3.823319 0.664870 -1.331676 0.113609 0.291967 -0.310053
    33 2.152367 0.000010 0.000000 0.048427 -0.257689 -0.122177
    34 1.056626 -0.000010 0.000000 0.273385 -0.069605 -0.538064
    35 3.985126 0.881823 -0.368987 0.187091 0.205038 -0.528353
    36 1.830173 0.000000 0.000000 0.309987 -0.029019 -1.518072
    37 1.561352 0.000013 0.000000 0.027385 0.000718 -1.353498
    38 4.116548 0.711289 0.551868 0.372897 0.175497 -0.950866
    39 1.752729 -0.000006 0.000000 0.065544 0.077355 -1.199522
    40 0.869356 0.000002 0.000000 0.010534 -0.055972 -0.881563
    41 4.118825 0.331244 1.419828 0.091710 0.246073 -1.081329
    42 1.176325 -0.000002 0.000000 0.019561 0.360394 -0.780529
    43 0.970213 0.000000 0.000000 1.685136 0.078242 -1.123240
    44 -9.258431 -0.998731 -5.116617 -3.550654 1.474772 -2.858112
    45 12.706341 0.000001 0.000000 -0.406904 0.231610 -2.266534
    46 11.809021 -1.206475 0.191726 -0.000002 -0.000003 0.000000
    47 0.598399 -0.643255 -0.162013 0.000000 -1.570796 -0.835635
    48 0.000010 0.000000 0.000011 0.000000 0.000000 0.000000
    49 1.200000 0.000000 0.000000 0.000000 0.000000 0.000000
    50 0.000010 -0.300000 0.000000 -3.141593 0.000000 -0.174533
    51 0.000000 -0.000001 0.000003 0.000001 -0.000001 0.000000
    52 0.000002 0.000000 -0.000002 -3.141593 0.000001 0.000000
    53 0.000002 0.000000 0.000002 0.000000 0.000000 0.349066
    54 0.000000 0.000000 0.000000 -3.141593 0.000000 0.000000
    55 0.000002 -0.000002 0.000000 -3.141593 0.000000 -0.000001
    56 0.000007 0.000004 0.000000 -3.141593 0.000000 -0.000001
    57 0.000001 -0.000004 0.000000 -3.141593 0.000000 0.000000
    58 0.000002 0.000010 0.000000 -3.141593 0.000000 0.000000
    59 0.000000 0.000000 0.000000 -3.141593 0.000000 0.000000
    60 -0.000001 -0.000004 0.000000 -3.141593 0.000000 0.000000
    61 0.000000 -0.000004 0.000000 -3.141593 0.000000 0.000000
    62 0.000001 -0.000002 0.000000 -3.141593 0.000000 0.000001
    63 0.000001 -0.000002 0.000000 3.141592 0.000000 -0.000001
    64 0.000000 0.000000 0.000000 -3.141593 0.000000 0.000000
    65 0.000000 0.000000 0.000000 -1.570797 -0.000001 0.000000
    66 0.000000 0.000000 0.000000 0.000000 0.000000 0.000000
    67 1.200001 0.000000 0.000000 0.000000 0.000000 0.000000
    68 0.000000 0.300000 0.000000 0.000000 0.000000 0.174533
    69 0.000000 0.000000 -0.000001 0.000000 0.000000 0.000000
    70 0.000000 0.000000 -0.000001 -3.141593 0.000000 0.000000
    71 0.000000 0.000000 0.000000 0.000001 0.000000 0.349065
    72 -0.000004 0.000003 0.000000 0.000000 0.000000 0.000000
    73 0.000009 -0.000006 0.000000 0.000000 0.000000 -0.000001
    74 0.000000 -0.000002 -0.000001 0.000000 -0.000001 -0.000001
    75 0.000000 0.000000 0.000000 0.000000 0.000000 0.000000
    76 0.000000 0.000000 0.000000 0.000000 0.000000 0.000001
    77 0.000000 0.000002 0.000000 0.000000 0.000000 0.000000
    78 -0.000007 -0.000013 0.000000 0.000000 0.000000 0.000001
    79 0.000000 0.000000 0.000000 0.000000 0.000000 0.000000
    80 0.000000 0.000000 0.000000 0.000000 0.000000 0.000000
    81 0.000000 0.000000 0.000000 0.000000 0.000000 0.000000
    82 0.000000 0.000000 0.000000 0.000000 0.000000 0.000000
    83 0.000000 0.000000 0.000004 -1.570797 0.000001 0.000000
  time 38
    0 -5.275417 -15.204148 -6.372029 -1.573424 0.000950 -1.571343
    1 9.243773 6.139962 1.326173 -0.000001 0.000001 -1.570796
    2 3.442229 -1.240687 -0.005672 -0.000002 -0.000003 0.000000
    3 17.667921 -1.384574 1.233112 0.000000 -0.000003 -3.141592
    4 13.081079 -1.084008 0.792839 1.570797 -0.879478 -3.141593
    5 0.758741 0.000010 -0.000001 -1.570796 0.000000 -1.124720
    6 12.977262 -1.858502 0.676013 0.518314 -0.428322 -2.516407
    7 0.562688 -0.000006 -0.000004 -0.013014 -0.008068 -0.959463
    8 -3.689709 -24.424288 -8.145952 -3.139775 -1.060983 -0.001725
    9 2.341381 0.000021 0.000003 1.570738 1.242323 -0.000046
    10 1.140559 -20.508408 -10.505286 3.061662 0.012490 -1.681336
    11 1.473635 0.639422 -1.295233 1.873507 0.766140 0.332871
    12 1.832607 -0.000004 0.000007 3.131157 0.007152 0.847622
    13 1.003331 0.000000 0.000000 -3.095899 0.121084 0.034207
    14 3.823887 -0.419591 -1.411516 0.069795 0.155286 0.207665
    15 2.187963 0.000000 0.000000 -0.165860 -0.079982 1.419145
    16 1.100958 -0.000014 0.000000 0.087789 -0.052676 -0.184191
    17 3.987879 -0.577435 -0.474708 0.200599 0.169222 0.195927
    18 1.890100 -0.000008 0.000000 -0.153902 -0.042688 1.467060
    19 1.310926 0.000015 0.000000 -0.029730 0.074269 -0.259831
    20 4.117973 -0.654501 0.453699 0.085604 0.094078 0.260901
    21 1.655293 0.000002 0.000000 -0.029296 -0.049149 1.283708
    22 0.869586 0.000011 0.000000 0.062963 -0.019305 0.011264
    23 4.150639 -0.581580 1.354867 -0.178487 0.129533 0.002321
    24 1.157248 -0.000013 -0.000002 0.194855 -0.267812 1.185099
    25 1.019835 0.000002 0.000002 -1.675130 0.086219 0.371305
    26 3.429456 -5.007721 -5.116617 -1.569426 1.186859 -1.477011
    27 12.695436 0.000001 0.000018 -0.267057 0.293169 -1.734428
    28 -5.844026 -10.388870 -9.895892 3.068197 0.008238 -1.559675
    29 1.474217 -0.497913 -1.376119 1.283294 0.486350 -0.349537
    30 1.832175 -0.000001 0.000001 -2.584557 -0.154226 0.716843
    31 1.042012 0.000000 -0.000006 -2.947027 -0.173385 -0.033771
    32 3.823319 0.664870 -1.331676 0.113609 0.291967 -0.310053
    33 2.152367 0.000010 0.000000 0.048427 -0.257689 -0.122177
    34 1.056626 -0.000010 0.000000 0.273385 -0.069605 -0.538064
    35 3.985126 0.881823 -0.368987 0.187091 0.205038 -0.528353
    36 1.830173 0.000000 0.000000 0.309987 -0.029019 -1.518072
    37 1.561352 0.000013 0.000000 0.027385 0.000718 -1.353498
    38 4.116548 0.711289 0.551868 0.372897 0.175497 -0.950866
    39 1.752729 -0.000006 0.000000 0.065544 0.077355 -1.199522
    40 0.869356 0.000002 0.000000 0.010534 -0.055972 -0.881563
    41 4.118825 0.331244 1.419828 0.091710 0.246073 -1.081329
    42 1.176325 -0.000002 0.000000 0.019561 0.360394 -0.780529
    43 0.970213 0.000000 0.000000 1.685136 0.078242 -1.123240
    44 -9.258431 -0.998731 -5.116617 -3.550654 1.475541 -2.859350
    45 12.706341 0.000001 0.000000 -0.407002 0.231562 -2.266839
    46 11.809021 -1.206475 0.191726 -0.000002 -0.000003 0.000000
    47 0.598399 -0.643255 -0.162013 0.000000 -1.570796 -0.835635
    48 0.000010 0.000000 0.000011 0.000000 0.000000 0.000000
    49 1.200000 0.000000 0.000000 0.000000 0.000000 0.000000
    50 0.000010 -0.300000 0.000000 -3.141593 0.000000 -0.174533
    51 0.000000 -0.000001 0.000003 0.000001 -0.000001 0.000000
    52 0.000002 0.000000 -0.000002 -3.141593 0.000001 0.000000
    53 0.000002 0.000000 0.000002 0.000000 0.000000 0.349066
    54 0.000000 0.000000 0.000000 -3.141593 0.000000 0.000000
    55 0.000002 -0.000002 0.000000 -3.141593 0.000000 -0.000001
    56 0.000007 0.000004 0.000000 -3.141593 0.000000 -0.000001
    57 0.000001 -0.000004 0.000000 -3.141593 0.000000 0.000000
    58 0.000002 0.000010 0.000000 -3.141593 0.000000 0.000000
    59 0.000000 0.000000 0.000000 -3.141593 0.000000 0.000000
    60 -0.000001 -0.000004 0.000000 -3.141593 0.000000 0.000000
    61 0.000000 -0.000004 0.000000 -3.141593 0.000000 0.000000
    62 0.000001 -0.000002 0.000000 -3.141593 0.000000 0.000001
    63 0.000001 -0.000002 0.000000 3.141592 0.000000 -0.000001
    64 0.000000 0.000000 0.000000 -3.141593 0.000000 0.000000
    65 0.000000 0.000000 0.000000 -1.570797 -0.000001 0.000000
    66 0.000000 0.000000 0.000000 0.000000 0.000000 0.000000
    67 1.200001 0.000000 0.000000 0.000000 0.000000 0.000000
    68 0.000000 0.300000 0.000000 0.000000 0.000000 0.174533
    69 0.000000 0.000000 -0.000001 0.000000 0.000000 0.000000
    70 0.000000 0.000000 -0.000001 -3.141593 0.000000 0.000000
    71 0.000000 0.000000 0.000000 0.000001 0.000000 0.349065
    72 -0.000004 0.000003 0.000000 0.000000 0.000000 0.000000
    73 0.000009 -0.000006 0.000000 0.000000 0.000000 -0.000001
    74 0.000000 -0.000002 -0.000001 0.000000 -0.000001 -0.000001
    75 0.000000 0.000000 0.000000 0.000000 0.000000 0.000000
    76 0.000000 0.000000 0.000000 0.000000 0.000000 0.000001
    77 0.000000 0.000002 0.000000 0.000000 0.000000 0.000000
    78 -0.000007 -0.000013 0.000000 0.000000 0.000000 0.000001
    79 0.000000 0.000000 0.000000 0.000000 0.000000 0.000000
    80 0.000000 0.000000 0.000000 0.000000 0.000000 0.000000
    81 0.000000 0.000000 0.000000 0.000000 0.000000 0.000000
    82 0.000000 0.000000 0.000000 0.000000 0.000000 0.000000
    83 0.000000 0.000000 0.000004 -1.570797 0.000001 0.000000
  time 39
    0 -5.275417 -15.204148 -6.368122 -1.574026 0.001038 -1.571343
    1 9.243773 6.139962 1.326173 -0.000001 0.000001 -1.570796
    2 3.442229 -1.240687 -0.005672 -0.000002 -0.000003 0.000000
    3 17.667921 -1.384574 1.233112 0.000000 -0.000003 -3.141592
    4 13.081079 -1.084008 0.792839 1.570797 -0.879478 -3.141593
    5 0.758741 0.000010 -0.000001 -1.570796 0.000000 -1.124720
    6 12.977262 -1.858502 0.676013 0.518314 -0.428322 -2.516407
    7 0.562688 -0.000006 -0.000004 -0.013014 -0.008068 -0.959463
    8 -3.693615 -24.424288 -8.145952 -3.139488 -1.060418 -0.001913
    9 2.341381 0.000021 0.000003 1.570738 1.242323 -0.000046
    10 1.132746 -20.508408 -10.505286 3.061336 0.012524 -1.681336
    11 1.473635 0.639422 -1.295233 1.873507 0.766140 0.332871
    12 1.832607 -0.000004 0.000007 3.131157 0.007152 0.847622
    13 1.003331 0.000000 0.000000 -3.095899 0.121084 0.034207
    14 3.823887 -0.419591 -1.411516 0.069795 0.155286 0.207665
    15 2.187963 0.000000 0.000000 -0.165860 -0.079982 1.419145
    16 1.100958 -0.000014 0.000000 0.087789 -0.052676 -0.184191
    17 3.987879 -0.577435 -0.474708 0.200599 0.169210 0.195927
    18 1.890100 -0.000008 0.000000 -0.153902 -0.042688 1.467060
    19 1.310926 0.000015 0.000000 -0.029730 0.074269 -0.259831
    20 4.117973 -0.654501 0.453699 0.085604 0.094078 0.260901
    21 1.655293 0.000002 0.000000 -0.029296 -0.049149 1.283708
    22 0.869586 0.000011 0.000000 0.062963 -0.019305 0.011264
    23 4.150639 -0.581580 1.354867 -0.178487 0.129533 0.002321
    24 1.157248 -0.000013 -0.000002 0.194855 -0.267812 1.185099
    25 1.019835 0.000002 0.000002 -1.675130 0.086219 0.371305
    26 3.429456 -5.007721 -5.116617 -1.568416 1.186686 -1.476828
    27 12.695436 0.000001 0.000018 -0.267057 0.293169 -1.734361
    28 -5.851839 -10.388870 -9.884173 3.067607 0.008344 -1.559675
    29 1.474217 -0.497913 -1.376119 1.283294 0.486350 -0.349537
    30 1.832175 -0.000001 0.000001 -2.584557 -0.154226 0.716821
    31 1.042012 0.000000 -0.000006 -2.947027 -0.173385 -0.033771
    32 3.823319 0.664870 -1.331676 0.113609 0.291967 -0.310053
    33 2.152367 0.000010 0.000000 0.048427 -0.257689 -0.122177
    34 1.056626 -0.000010 0.000000 0.273385 -0.069605 -0.538064
    35 3.985126 0.881823 -0.368987 0.187091 0.205038 -0.528353
    36 1.830173 0.000000 0.000000 0.309987 -0.029019 -1.518072
    37 1.561352 0.000013 0.000000 0.027385 0.000718 -1.353498
    38 4.116548 0.711289 0.551868 0.372897 0.175497 -0.950866
    39 1.752729 -0.000006 0.000000 0.065544 0.077355 -1.199522
    40 0.869356 0.000002 0.000000 0.010534 -0.055972 -0.881563
    41 4.118825 0.331244 1.419828 0.091710 0.246073 -1.081329
    42 1.176325 -0.000002 0.000000 0.019561 0.360394 -0.780529
    43 0.970213 0.000000 0.000000 1.685136 0.078255 -1.123257
    44 -9.258431 -0.998731 -5.116617 -3.550941 1.476446 -2.860411
    45 12.706341 0.000001 0.000000 -0.407084 0.231502 -2.267297
    46 11.809021 -1.206475 0.191726 -0.000002 -0.000003 0.000000
    47 0.598399 -0.643255 -0.162013 0.000000 -1.570796 -0.835635
    48 0.000010 0.000000 0.000011 0.000000 0.000000 0.000000
    49 1.200000 0.000000 0.000000 0.000000 0.000000 0.000000
    50 0.000010 -0.300000 0.000000 -3.141593 0.000000 -0.174533
    51 0.000000 -0.000001 0.000003 0.000001 -0.000001 0.000000
    52 0.000002 0.000000 -0.000002 -3.141593 0.000001 0.000000
    53 0.000002 0.000000 0.000002 0.000000 0.000000 0.349066
    54 0.000000 0.000000 0.000000 -3.141593 0.000000 0.000000
    55 0.000002 -0.000002 0.000000 -3.141593 0.000000 -0.000001
    56 0.000007 0.000004 0.000000 -3.141593 0.000000 -0.000001
    57 0.000001 -0.000004 0.000000 -3.141593 0.000000 0.000000
    58 0.000002 0.000010 0.000000 -3.141593 0.000000 0.000000
    59 0.000000 0.000000 0.000000 -3.141593 0.000000 0.000000
    60 -0.000001 -0.000004 0.000000 -3.141593 0.000000 0.000000
    61 0.000000 -0.000004 0.000000 -3.141593 0.000000 0.000000
    62 0.000001 -0.000002 0.000000 -3.141593 0.000000 0.000001
    63 0.000001 -0.000002 0.000000 3.141592 0.000000 -0.000001
    64 0.000000 0.000000 0.000000 -3.141593 0.000000 0.000000
    65 0.000000 0.000000 0.000000 -1.570797 -0.000001 0.000000
    66 0.000000 0.000000 0.000000 0.000000 0.000000 0.000000
    67 1.200001 0.000000 0.000000 0.000000 0.000000 0.000000
    68 0.000000 0.300000 0.000000 0.000000 0.000000 0.174533
    69 0.000000 0.000000 -0.000001 0.000000 0.000000 0.000000
    70 0.000000 0.000000 -0.000001 -3.141593 0.000000 0.000000
    71 0.000000 0.000000 0.000000 0.000001 0.000000 0.349065
    72 -0.000004 0.000003 0.000000 0.000000 0.000000 0.000000
    73 0.000009 -0.000006 0.000000 0.000000 0.000000 -0.000001
    74 0.000000 -0.000002 -0.000001 0.000000 -0.000001 -0.000001
    75 0.000000 0.000000 0.000000 0.000000 0.000000 0.000000
    76 0.000000 0.000000 0.000000 0.000000 0.000000 0.000001
    77 0.000000 0.000002 0.000000 0.000000 0.000000 0.000000
    78 -0.000007 -0.000013 0.000000 0.000000 0.000000 0.000001
    79 0.000000 0.000000 0.000000 0.000000 0.000000 0.000000
    80 0.000000 0.000000 0.000000 0.000000 0.000000 0.000000
    81 0.000000 0.000000 0.000000 0.000000 0.000000 0.000000
    82 0.000000 0.000000 0.000000 0.000000 0.000000 0.000000
    83 0.000000 0.000000 0.000004 -1.570797 0.000001 0.000000
  time 40
    0 -5.275417 -15.204148 -6.364216 -1.574566 0.001126 -1.571343
    1 9.243773 6.139962 1.326173 -0.000001 0.000001 -1.570796
    2 3.442229 -1.240687 -0.005672 -0.000002 -0.000003 0.000000
    3 17.667921 -1.384574 1.233112 0.000000 -0.000003 -3.141592
    4 13.081079 -1.084008 0.792839 1.570797 -0.879478 -3.141593
    5 0.758741 0.000010 -0.000001 -1.570796 0.000000 -1.124720
    6 12.977262 -1.858502 0.676013 0.518314 -0.428322 -2.516407
    7 0.562688 -0.000006 -0.000004 -0.013014 -0.008068 -0.959463
    8 -3.697522 -24.424288 -8.134233 -3.139297 -1.059869 -0.002101
    9 2.341381 0.000021 0.000003 1.570738 1.242323 -0.000046
    10 1.128840 -20.504502 -10.505286 3.060545 0.012524 -1.681336
    11 1.473635 0.639422 -1.295233 1.873507 0.766140 0.332871
    12 1.832607 -0.000004 0.000007 3.131157 0.007152 0.847622
    13 1.003331 0.000000 0.000000 -3.095899 0.121084 0.034207
    14 3.823887 -0.419591 -1.411516 0.069795 0.155286 0.207665
    15 2.187963 0.000000 0.000000 -0.165860 -0.079982 1.419145
    16 1.100958 -0.000014 0.000000 0.087789 -0.052676 -0.184191
    17 3.987879 -0.577435 -0.474708 0.200599 0.169222 0.195927
    18 1.890100 -0.000008 0.000000 -0.153902 -0.042688 1.467060
    19 1.310926 0.000015 0.000000 -0.029730 0.074269 -0.259831
    20 4.117973 -0.654501 0.453699 0.085604 0.094078 0.260901
    21 1.655293 0.000002 0.000000 -0.029296 -0.049149 1.283708
    22 0.869586 0.000011 0.000000 0.062963 -0.019305 0.011264
    23 4.150639 -0.581580 1.354867 -0.178487 0.129533 0.002321
    24 1.157248 -0.000013 -0.000002 0.194855 -0.267812 1.185099
    25 1.019835 0.000002 0.000002 -1.675130 0.086219 0.371305
    26 3.429456 -5.007721 -5.116617 -1.567406 1.186686 -1.476371
    27 12.695436 0.000001 0.000018 -0.267014 0.293181 -1.734294
    28 -5.859652 -10.388870 -9.884173 3.067090 0.008467 -1.559675
    29 1.474217 -0.497913 -1.376119 1.283294 0.486350 -0.349537
    30 1.832175 -0.000001 0.000001 -2.584557 -0.154226 0.716821
    31 1.042012 0.000000 -0.000006 -2.947027 -0.173385 -0.033771
    32 3.823319 0.664870 -1.331676 0.113609 0.291967 -0.310053
    33 2.152367 0.000010 0.000000 0.048427 -0.257689 -0.122177
    34 1.056626 -0.000010 0.000000 0.273385 -0.069605 -0.538064
    35 3.985126 0.881823 -0.368987 0.187091 0.205038 -0.528353
    36 1.830173 0.000000 0.000000 0.309987 -0.029019 -1.518072
    37 1.561352 0.000013 0.000000 0.027385 0.000718 -1.353498
    38 4.116548 0.711289 0.551868 0.372897 0.175497 -0.950866
    39 1.752729 -0.000006 0.000000 0.065544 0.077355 -1.199522
    40 0.869356 0.000002 0.000000 0.010534 -0.055972 -0.881563
    41 4.118825 0.331244 1.419828 0.091710 0.246073 -1.081329
    42 1.176325 -0.000002 0.000000 0.019561 0.360394 -0.780529
    43 0.970213 0.000000 0.000000 1.685117 0.078255 -1.123240
    44 -9.258431 -0.998731 -5.116617 -3.550941 1.477396 -2.861472
    45 12.706341 0.000001 0.000000 -0.407166 0.231430 -2.267602
    46 11.809021 -1.206475 0.191726 -0.000002 -0.000003 0.000000
    47 0.598399 -0.643255 -0.162013 0.000000 -1.570796 -0.835635
    48 0.000010 0.000000 0.000011 0.000000 0.000000 0.000000
    49 1.200000 0.000000 0.000000 0.000000 0.000000 0.000000
    50 0.000010 -0.300000 0.000000 -3.141593 0.000000 -0.174533
    51 0.000000 -0.000001 0.000003 0.000001 -0.000001 0.000000
    52 0.000002 0.000000 -0.000002 -3.141593 0.000001 0.000000
    53 0.000002 0.000000 0.000002 0.000000 0.000000 0.349066
    54 0.000000 0.000000 0.000000 -3.141593 0.000000 0.000000
    55 0.000002 -0.000002 0.000000 -3.141593 0.000000 -0.000001
    56 0.000007 0.000004 0.000000 -3.141593 0.000000 -0.000001
    57 0.000001 -0.000004 0.000000 -3.141593 0.000000 0.000000
    58 0.000002 0.000010 0.000000 -3.141593 0.000000 0.000000
    59 0.000000 0.000000 0.000000 -3.141593 0.000000 0.000000
    60 -0.000001 -0.000004 0.000000 -3.141593 0.000000 0.000000
    61 0.000000 -0.000004 0.000000 -3.141593 0.000000 0.000000
    62 0.000001 -0.000002 0.000000 -3.141593 0.000000 0.000001
    63 0.000001 -0.000002 0.000000 3.141592 0.000000 -0.000001
    64 0.000000 0.000000 0.000000 -3.141593 0.000000 0.000000
    65 0.000000 0.000000 0.000000 -1.570797 -0.000001 0.000000
    66 0.000000 0.000000 0.000000 0.000000 0.000000 0.000000
    67 1.200001 0.000000 0.000000 0.000000 0.000000 0.000000
    68 0.000000 0.300000 0.000000 0.000000 0.000000 0.174533
    69 0.000000 0.000000 -0.000001 0.000000 0.000000 0.000000
    70 0.000000 0.000000 -0.000001 -3.141593 0.000000 0.000000
    71 0.000000 0.000000 0.000000 0.000001 0.000000 0.349065
    72 -0.000004 0.000003 0.000000 0.000000 0.000000 0.000000
    73 0.000009 -0.000006 0.000000 0.000000 0.000000 -0.000001
    74 0.000000 -0.000002 -0.000001 0.000000 -0.000001 -0.000001
    75 0.000000 0.000000 0.000000 0.000000 0.000000 0.000000
    76 0.000000 0.000000 0.000000 0.000000 0.000000 0.000001
    77 0.000000 0.000002 0.000000 0.000000 0.000000 0.000000
    78 -0.000007 -0.000013 0.000000 0.000000 0.000000 0.000001
    79 0.000000 0.000000 0.000000 0.000000 0.000000 0.000000
    80 0.000000 0.000000 0.000000 0.000000 0.000000 0.000000
    81 0.000000 0.000000 0.000000 0.000000 0.000000 0.000000
    82 0.000000 0.000000 0.000000 0.000000 0.000000 0.000000
    83 0.000000 0.000000 0.000004 -1.570797 0.000001 0.000000
  time 41
    0 -5.275417 -15.204148 -6.360310 -1.575045 0.001214 -1.571343
    1 9.243773 6.139962 1.326173 -0.000001 0.000001 -1.570796
    2 3.442229 -1.240687 -0.005672 -0.000002 -0.000003 0.000000
    3 17.667921 -1.384574 1.233112 0.000000 -0.000003 -3.141592
    4 13.081079 -1.084008 0.792839 1.570797 -0.879478 -3.141593
    5 0.758741 0.000010 -0.000001 -1.570796 0.000000 -1.124720
    6 12.977262 -1.858502 0.676013 0.518314 -0.428322 -2.516407
    7 0.562688 -0.000006 -0.000004 -0.013014 -0.008068 -0.959463
    8 -3.705334 -24.424288 -8.134233 -3.139201 -1.059398 -0.002384
    9 2.341381 0.000021 0.000003 1.570738 1.242323 -0.000046
    10 1.121027 -20.504502 -10.505286 3.060126 0.012576 -1.681336
    11 1.473635 0.639422 -1.295233 1.873507 0.766140 0.332871
    12 1.832607 -0.000004 0.000007 3.131157 0.007152 0.847622
    13 1.003331 0.000000 0.000000 -3.095899 0.121084 0.034207
    14 3.823887 -0.419591 -1.411516 0.069795 0.155286 0.207665
    15 2.187963 0.000000 0.000000 -0.165860 -0.079982 1.419145
    16 1.100958 -0.000014 0.000000 0.087789 -0.052676 -0.184191
    17 3.987879 -0.577435 -0.474708 0.200599 0.169222 0.195927
    18 1.890100 -0.000008 0.000000 -0.153902 -0.042688 1.467060
    19 1.310926 0.000015 0.000000 -0.029730 0.074269 -0.259831
    20 4.117973 -0.654501 0.453699 0.085604 0.094078 0.260901
    21 1.655293 0.000002 0.000000 -0.029296 -0.049149 1.283708
    22 0.869586 0.000011 0.000000 0.062963 -0.019305 0.011264
    23 4.150639 -0.581580 1.354867 -0.178487 0.129533 0.002321
    24 1.157248 -0.000013 -0.000002 0.194855 -0.267812 1.185099
    25 1.019835 0.000002 0.000002 -1.675130 0.086219 0.371305
    26 3.429456 -5.007721 -5.116617 -1.566396 1.186427 -1.476006
    27 12.695436 0.000001 0.000018 -0.267014 0.293181 -1.734227
    28 -5.863558 -10.384963 -9.884173 3.066586 0.008520 -1.559675
    29 1.474217 -0.497913 -1.376119 1.283294 0.486350 -0.349537
    30 1.832175 -0.000001 0.000001 -2.584557 -0.154226 0.716821
    31 1.042012 0.000000 -0.000006 -2.947027 -0.173385 -0.033771
    32 3.823319 0.664870 -1.331676 0.113609 0.291967 -0.310053
    33 2.152367 0.000010 0.000000 0.048427 -0.257689 -0.122177
    34 1.056626 -0.000010 0.000000 0.273385 -0.069605 -0.538064
    35 3.985126 0.881823 -0.368987 0.187091 0.205038 -0.528353
    36 1.830173 0.000000 0.000000 0.309987 -0.029019 -1.518072
    37 1.561352 0.000013 0.000000 0.027385 0.000718 -1.353498
    38 4.116548 0.711289 0.551868 0.372897 0.175497 -0.950866
    39 1.752729 -0.000006 0.000000 0.065544 0.077355 -1.199522
    40 0.869356 0.000002 0.000000 0.010534 -0.055972 -0.881563
    41 4.118825 0.331244 1.419828 0.091710 0.246073 -1.081329
    42 1.176325 -0.000002 0.000000 0.019561 0.360394 -0.780529
    43 0.970213 0.000000 0.000000 1.685136 0.078242 -1.123257
    44 -9.258431 -0.998731 -5.116617 -3.550654 1.478346 -2.862356
    45 12.706341 0.000001 0.000000 -0.407215 0.231370 -2.267983
    46 11.809021 -1.206475 0.191726 -0.000002 -0.000003 0.000000
    47 0.598399 -0.643255 -0.162013 0.000000 -1.570796 -0.835635
    48 0.000010 0.000000 0.000011 0.000000 0.000000 0.000000
    49 1.200000 0.000000 0.000000 0.000000 0.000000 0.000000
    50 0.000010 -0.300000 0.000000 -3.141593 0.000000 -0.174533
    51 0.000000 -0.000001 0.000003 0.000001 -0.000001 0.000000
    52 0.000002 0.000000 -0.000002 -3.141593 0.000001 0.000000
    53 0.000002 0.000000 0.000002 0.000000 0.000000 0.349066
    54 0.000000 0.000000 0.000000 -3.141593 0.000000 0.000000
    55 0.000002 -0.000002 0.000000 -3.141593 0.000000 -0.000001
    56 0.000007 0.000004 0.000000 -3.141593 0.000000 -0.000001
    57 0.000001 -0.000004 0.000000 -3.141593 0.000000 0.000000
    58 0.000002 0.000010 0.000000 -3.141593 0.000000 0.000000
    59 0.000000 0.000000 0.000000 -3.141593 0.000000 0.000000
    60 -0.000001 -0.000004 0.000000 -3.141593 0.000000 0.000000
    61 0.000000 -0.000004 0.000000 -3.141593 0.000000 0.000000
    62 0.000001 -0.000002 0.000000 -3.141593 0.000000 0.000001
    63 0.000001 -0.000002 0.000000 3.141592 0.000000 -0.000001
    64 0.000000 0.000000 0.000000 -3.141593 0.000000 0.000000
    65 0.000000 0.000000 0.000000 -1.570797 -0.000001 0.000000
    66 0.000000 0.000000 0.000000 0.000000 0.000000 0.000000
    67 1.200001 0.000000 0.000000 0.000000 0.000000 0.000000
    68 0.000000 0.300000 0.000000 0.000000 0.000000 0.174533
    69 0.000000 0.000000 -0.000001 0.000000 0.000000 0.000000
    70 0.000000 0.000000 -0.000001 -3.141593 0.000000 0.000000
    71 0.000000 0.000000 0.000000 0.000001 0.000000 0.349065
    72 -0.000004 0.000003 0.000000 0.000000 0.000000 0.000000
    73 0.000009 -0.000006 0.000000 0.000000 0.000000 -0.000001
    74 0.000000 -0.000002 -0.000001 0.000000 -0.000001 -0.000001
    75 0.000000 0.000000 0.000000 0.000000 0.000000 0.000000
    76 0.000000 0.000000 0.000000 0.000000 0.000000 0.000001
    77 0.000000 0.000002 0.000000 0.000000 0.000000 0.000000
    78 -0.000007 -0.000013 0.000000 0.000000 0.000000 0.000001
    79 0.000000 0.000000 0.000000 0.000000 0.000000 0.000000
    80 0.000000 0.000000 0.000000 0.000000 0.000000 0.000000
    81 0.000000 0.000000 0.000000 0.000000 0.000000 0.000000
    82 0.000000 0.000000 0.000000 0.000000 0.000000 0.000000
    83 0.000000 0.000000 0.000004 -1.570797 0.000001 0.000000
  time 42
    0 -5.275417 -15.204148 -6.352497 -1.575536 0.001267 -1.571343
    1 9.243773 6.139962 1.326173 -0.000001 0.000001 -1.570796
    2 3.442229 -1.240687 -0.005672 -0.000002 -0.000003 0.000000
    3 17.667921 -1.384574 1.233112 0.000000 -0.000003 -3.141592
    4 13.081079 -1.084008 0.792839 1.570797 -0.879478 -3.141593
    5 0.758741 0.000010 -0.000001 -1.570796 0.000000 -1.124720
    6 12.977262 -1.858502 0.676013 0.518314 -0.428322 -2.516407
    7 0.562688 -0.000006 -0.000004 -0.013014 -0.008068 -0.959463
    8 -3.709241 -24.424288 -8.134233 -3.139010 -1.058896 -0.002384
    9 2.341381 0.000021 0.000003 1.570738 1.242323 -0.000046
    10 1.113214 -20.504502 -10.505286 3.059614 0.012593 -1.681336
    11 1.473635 0.639422 -1.295233 1.873507 0.766140 0.332871
    12 1.832607 -0.000004 0.000007 3.131157 0.007152 0.847622
    13 1.003331 0.000000 0.000000 -3.095899 0.121084 0.034207
    14 3.823887 -0.419591 -1.411516 0.069795 0.155286 0.207665
    15 2.187963 0.000000 0.000000 -0.165860 -0.079982 1.419145
    16 1.100958 -0.000014 0.000000 0.087789 -0.052676 -0.184191
    17 3.987879 -0.577435 -0.474708 0.200599 0.169222 0.195927
    18 1.890100 -0.000008 0.000000 -0.153902 -0.042688 1.467060
    19 1.310926 0.000015 0.000000 -0.029730 0.074269 -0.259831
    20 4.117973 -0.654501 0.453699 0.085604 0.094078 0.260901
    21 1.655293 0.000002 0.000000 -0.029296 -0.049149 1.283708
    22 0.869586 0.000011 0.000000 0.062963 -0.019305 0.011264
    23 4.150639 -0.581580 1.354867 -0.178487 0.129533 0.002321
    24 1.157248 -0.000013 -0.000002 0.194855 -0.267812 1.185099
    25 1.019835 0.000002 0.000002 -1.675130 0.086219 0.371305
    26 3.429456 -5.007721 -5.116617 -1.565386 1.186384 -1.475732
    27 12.695436 0.000001 0.000018 -0.266971 0.293181 -1.733893
    28 -5.871371 -10.384963 -9.880266 3.066094 0.008626 -1.559675
    29 1.474217 -0.497913 -1.376119 1.283294 0.486350 -0.349537
    30 1.832175 -0.000001 0.000001 -2.584557 -0.154226 0.716821
    31 1.042012 0.000000 -0.000006 -2.947027 -0.173385 -0.033771
    32 3.823319 0.664870 -1.331676 0.113609 0.291967 -0.310053
    33 2.152367 0.000010 0.000000 0.048427 -0.257689 -0.122177
    34 1.056626 -0.000010 0.000000 0.273385 -0.069605 -0.538064
    35 3.985126 0.881823 -0.368987 0.187091 0.205038 -0.528353
    36 1.830173 0.000000 0.000000 0.309987 -0.029019 -1.518072
    37 1.561352 0.000013 0.000000 0.027385 0.000718 -1.353498
    38 4.116548 0.711289 0.551868 0.372897 0.175497 -0.950866
    39 1.752729 -0.000006 0.000000 0.065544 0.077355 -1.199522
    40 0.869356 0.000002 0.000000 0.010534 -0.055972 -0.881563
    41 4.118825 0.331244 1.419828 0.091710 0.246073 -1.081329
    42 1.176325 -0.000002 0.000000 0.019561 0.360394 -0.780529
    43 0.970213 0.000000 0.000000 1.685136 0.078242 -1.123257
    44 -9.258431 -0.998731 -5.116617 -3.550654 1.479251 -2.863152
    45 12.706341 0.000001 0.000000 -0.407297 0.231298 -2.268288
    46 11.809021 -1.206475 0.191726 -0.000002 -0.000003 0.000000
    47 0.598399 -0.643255 -0.162013 0.000000 -1.570796 -0.835635
    48 0.000010 0.000000 0.000011 0.000000 0.000000 0.000000
    49 1.200000 0.000000 0.000000 0.000000 0.000000 0.000000
    50 0.000010 -0.300000 0.000000 -3.141593 0.000000 -0.174533
    51 0.000000 -0.000001 0.000003 0.000001 -0.000001 0.000000
    52 0.000002 0.000000 -0.000002 -3.141593 0.000001 0.000000
    53 0.000002 0.000000 0.000002 0.000000 0.000000 0.349066
    54 0.000000 0.000000 0.000000 -3.141593 0.000000 0.000000
    55 0.000002 -0.000002 0.000000 -3.141593 0.000000 -0.000001
    56 0.000007 0.000004 0.000000 -3.141593 0.000000 -0.000001
    57 0.000001 -0.000004 0.000000 -3.141593 0.000000 0.000000
    58 0.000002 0.000010 0.000000 -3.141593 0.000000 0.000000
    59 0.000000 0.000000 0.000000 -3.141593 0.000000 0.000000
    60 -0.000001 -0.000004 0.000000 -3.141593 0.000000 0.000000
    61 0.000000 -0.000004 0.000000 -3.141593 0.000000 0.000000
    62 0.000001 -0.000002 0.000000 -3.141593 0.000000 0.000001
    63 0.000001 -0.000002 0.000000 3.141592 0.000000 -0.000001
    64 0.000000 0.000000 0.000000 -3.141593 0.000000 0.000000
    65 0.000000 0.000000 0.000000 -1.570797 -0.000001 0.000000
    66 0.000000 0.000000 0.000000 0.000000 0.000000 0.000000
    67 1.200001 0.000000 0.000000 0.000000 0.000000 0.000000
    68 0.000000 0.300000 0.000000 0.000000 0.000000 0.174533
    69 0.000000 0.000000 -0.000001 0.000000 0.000000 0.000000
    70 0.000000 0.000000 -0.000001 -3.141593 0.000000 0.000000
    71 0.000000 0.000000 0.000000 0.000001 0.000000 0.349065
    72 -0.000004 0.000003 0.000000 0.000000 0.000000 0.000000
    73 0.000009 -0.000006 0.000000 0.000000 0.000000 -0.000001
    74 0.000000 -0.000002 -0.000001 0.000000 -0.000001 -0.000001
    75 0.000000 0.000000 0.000000 0.000000 0.000000 0.000000
    76 0.000000 0.000000 0.000000 0.000000 0.000000 0.000001
    77 0.000000 0.000002 0.000000 0.000000 0.000000 0.000000
    78 -0.000007 -0.000013 0.000000 0.000000 0.000000 0.000001
    79 0.000000 0.000000 0.000000 0.000000 0.000000 0.000000
    80 0.000000 0.000000 0.000000 0.000000 0.000000 0.000000
    81 0.000000 0.000000 0.000000 0.000000 0.000000 0.000000
    82 0.000000 0.000000 0.000000 0.000000 0.000000 0.000000
    83 0.000000 0.000000 0.000004 -1.570797 0.000001 0.000000
  time 43
    0 -5.275417 -15.204148 -6.352497 -1.575929 0.001337 -1.571343
    1 9.243773 6.139962 1.326173 -0.000001 0.000001 -1.570796
    2 3.442229 -1.240687 -0.005672 -0.000002 -0.000003 0.000000
    3 17.667921 -1.384574 1.233112 0.000000 -0.000003 -3.141592
    4 13.081079 -1.084008 0.792839 1.570797 -0.879478 -3.141593
    5 0.758741 0.000010 -0.000001 -1.570796 0.000000 -1.124720
    6 12.977262 -1.858502 0.676013 0.518314 -0.428322 -2.516407
    7 0.562688 -0.000006 -0.000004 -0.013014 -0.008068 -0.959463
    8 -3.717053 -24.424288 -8.134233 -3.139010 -1.058519 -0.002478
    9 2.341381 0.000021 0.000003 1.570738 1.242323 -0.000046
    10 1.105402 -20.504502 -10.505286 3.059195 0.012593 -1.681336
    11 1.473635 0.639422 -1.295233 1.873507 0.766140 0.332871
    12 1.832607 -0.000004 0.000007 3.131157 0.007152 0.847622
    13 1.003331 0.000000 0.000000 -3.095899 0.121084 0.034207
    14 3.823887 -0.419591 -1.411516 0.069795 0.155286 0.207665
    15 2.187963 0.000000 0.000000 -0.165860 -0.079982 1.419145
    16 1.100958 -0.000014 0.000000 0.087789 -0.052676 -0.184191
    17 3.987879 -0.577435 -0.474708 0.200599 0.169222 0.195927
    18 1.890100 -0.000008 0.000000 -0.153902 -0.042688 1.467060
    19 1.310926 0.000015 0.000000 -0.029730 0.074269 -0.259831
    20 4.117973 -0.654501 0.453699 0.085604 0.094078 0.260901
    21 1.655293 0.000002 0.000000 -0.029296 -0.049149 1.283708
    22 0.869586 0.000011 0.000000 0.062963 -0.019305 0.011264
    23 4.150639 -0.581580 1.354867 -0.178487 0.129533 0.002321
    24 1.157248 -0.000013 -0.000002 0.194855 -0.267812 1.185099
    25 1.019835 0.000002 0.000002 -1.675130 0.086219 0.371305
    26 3.429456 -5.007721 -5.116617 -1.564743 1.186125 -1.475275
    27 12.695436 0.000001 0.000018 -0.266971 0.293181 -1.733893
    28 -5.879184 -10.384963 -9.876360 3.065688 0.008661 -1.559675
    29 1.474217 -0.497913 -1.376119 1.283294 0.486350 -0.349537
    30 1.832175 -0.000001 0.000001 -2.584557 -0.154226 0.716843
    31 1.042012 0.000000 -0.000006 -2.947027 -0.173385 -0.033771
    32 3.823319 0.664870 -1.331676 0.113609 0.291967 -0.310053
    33 2.152367 0.000010 0.000000 0.048427 -0.257689 -0.122177
    34 1.056626 -0.000010 0.000000 0.273385 -0.069605 -0.538064
    35 3.985126 0.881823 -0.368987 0.187091 0.205038 -0.528353
    36 1.830173 0.000000 0.000000 0.309987 -0.029019 -1.518072
    37 1.561352 0.000013 0.000000 0.027385 0.000718 -1.353498
    38 4.116548 0.711289 0.551868 0.372897 0.175497 -0.950866
    39 1.752729 -0.000006 0.000000 0.065544 0.077355 -1.199522
    40 0.869356 0.000002 0.000000 0.010534 -0.055972 -0.881563
    41 4.118825 0.331244 1.419828 0.091710 0.246073 -1.081329
    42 1.176325 -0.000002 0.000000 0.019561 0.360394 -0.780529
    43 0.970213 0.000000 0.000000 1.685117 0.078242 -1.123257
    44 -9.258431 -0.998731 -5.116617 -3.550271 1.480065 -2.864125
    45 12.706341 0.000001 0.000000 -0.407395 0.231238 -2.268593
    46 11.809021 -1.206475 0.191726 -0.000002 -0.000003 0.000000
    47 0.598399 -0.643255 -0.162013 0.000000 -1.570796 -0.835635
    48 0.000010 0.000000 0.000011 0.000000 0.000000 0.000000
    49 1.200000 0.000000 0.000000 0.000000 0.000000 0.000000
    50 0.000010 -0.300000 0.000000 -3.141593 0.000000 -0.174533
    51 0.000000 -0.000001 0.000003 0.000001 -0.000001 0.000000
    52 0.000002 0.000000 -0.000002 -3.141593 0.000001 0.000000
    53 0.000002 0.000000 0.000002 0.000000 0.000000 0.349066
    54 0.000000 0.000000 0.000000 -3.141593 0.000000 0.000000
    55 0.000002 -0.000002 0.000000 -3.141593 0.000000 -0.000001
    56 0.000007 0.000004 0.000000 -3.141593 0.000000 -0.000001
    57 0.000001 -0.000004 0.000000 -3.141593 0.000000 0.000000
    58 0.000002 0.000010 0.000000 -3.141593 0.000000 0.000000
    59 0.000000 0.000000 0.000000 -3.141593 0.000000 0.000000
    60 -0.000001 -0.000004 0.000000 -3.141593 0.000000 0.000000
    61 0.000000 -0.000004 0.000000 -3.141593 0.000000 0.000000
    62 0.000001 -0.000002 0.000000 -3.141593 0.000000 0.000001
    63 0.000001 -0.000002 0.000000 3.141592 0.000000 -0.000001
    64 0.000000 0.000000 0.000000 -3.141593 0.000000 0.000000
    65 0.000000 0.000000 0.000000 -1.570797 -0.000001 0.000000
    66 0.000000 0.000000 0.000000 0.000000 0.000000 0.000000
    67 1.200001 0.000000 0.000000 0.000000 0.000000 0.000000
    68 0.000000 0.300000 0.000000 0.000000 0.000000 0.174533
    69 0.000000 0.000000 -0.000001 0.000000 0.000000 0.000000
    70 0.000000 0.000000 -0.000001 -3.141593 0.000000 0.000000
    71 0.000000 0.000000 0.000000 0.000001 0.000000 0.349065
    72 -0.000004 0.000003 0.000000 0.000000 0.000000 0.000000
    73 0.000009 -0.000006 0.000000 0.000000 0.000000 -0.000001
    74 0.000000 -0.000002 -0.000001 0.000000 -0.000001 -0.000001
    75 0.000000 0.000000 0.000000 0.000000 0.000000 0.000000
    76 0.000000 0.000000 0.000000 0.000000 0.000000 0.000001
    77 0.000000 0.000002 0.000000 0.000000 0.000000 0.000000
    78 -0.000007 -0.000013 0.000000 0.000000 0.000000 0.000001
    79 0.000000 0.000000 0.000000 0.000000 0.000000 0.000000
    80 0.000000 0.000000 0.000000 0.000000 0.000000 0.000000
    81 0.000000 0.000000 0.000000 0.000000 0.000000 0.000000
    82 0.000000 0.000000 0.000000 0.000000 0.000000 0.000000
    83 0.000000 0.000000 0.000004 -1.570797 0.000001 0.000000
  time 44
    0 -5.275417 -15.204148 -6.344684 -1.576273 0.001390 -1.571343
    1 9.243773 6.139962 1.326173 -0.000001 0.000001 -1.570796
    2 3.442229 -1.240687 -0.005672 -0.000002 -0.000003 0.000000
    3 17.667921 -1.384574 1.233112 0.000000 -0.000003 -3.141592
    4 13.081079 -1.084008 0.792839 1.570797 -0.879478 -3.141593
    5 0.758741 0.000010 -0.000001 -1.570796 0.000000 -1.124720
    6 12.977262 -1.858502 0.676013 0.518314 -0.428322 -2.516407
    7 0.562688 -0.000006 -0.000004 -0.013014 -0.008068 -0.959463
    8 -3.720960 -24.424288 -8.134233 -3.139010 -1.058158 -0.002572
    9 2.341381 0.000021 0.000003 1.570738 1.242323 -0.000046
    10 1.101495 -20.504502 -10.505286 3.058869 0.012593 -1.681515
    11 1.473635 0.639422 -1.295233 1.873507 0.766140 0.332871
    12 1.832607 -0.000004 0.000007 3.131157 0.007152 0.847622
    13 1.003331 0.000000 0.000000 -3.095899 0.121084 0.034207
    14 3.823887 -0.419591 -1.411516 0.069795 0.155286 0.207665
    15 2.187963 0.000000 0.000000 -0.165860 -0.079982 1.419145
    16 1.100958 -0.000014 0.000000 0.087789 -0.052676 -0.184191
    17 3.987879 -0.577435 -0.474708 0.200599 0.169222 0.195927
    18 1.890100 -0.000008 0.000000 -0.153902 -0.042688 1.467060
    19 1.310926 0.000015 0.000000 -0.029730 0.074269 -0.259831
    20 4.117973 -0.654501 0.453699 0.085604 0.094078 0.260901
    21 1.655293 0.000002 0.000000 -0.029296 -0.049149 1.283708
    22 0.869586 0.000011 0.000000 0.062963 -0.019305 0.011264
    23 4.150639 -0.581580 1.354867 -0.178487 0.129533 0.002321
    24 1.157248 -0.000013 -0.000002 0.194855 -0.267812 1.185099
    25 1.019835 0.000002 0.000002 -1.675130 0.086219 0.371305
    26 3.429456 -5.007721 -5.116617 -1.563733 1.186039 -1.475001
    27 12.695436 0.000001 0.000018 -0.266971 0.293181 -1.733893
    28 -5.883090 -10.384963 -9.872454 3.065356 0.008749 -1.559675
    29 1.474217 -0.497913 -1.376119 1.283294 0.486350 -0.349537
    30 1.832175 -0.000001 0.000001 -2.584557 -0.154226 0.716821
    31 1.042012 0.000000 -0.000006 -2.947027 -0.173385 -0.033771
    32 3.823319 0.664870 -1.331676 0.113609 0.291967 -0.310053
    33 2.152367 0.000010 0.000000 0.048427 -0.257689 -0.122177
    34 1.056626 -0.000010 0.000000 0.273385 -0.069605 -0.538064
    35 3.985126 0.881823 -0.368987 0.187091 0.205038 -0.528353
    36 1.830173 0.000000 0.000000 0.309987 -0.029019 -1.518072
    37 1.561352 0.000013 0.000000 0.027385 0.000718 -1.353498
    38 4.116548 0.711289 0.551868 0.372897 0.175497 -0.950866
    39 1.752729 -0.000006 0.000000 0.065544 0.077355 -1.199522
    40 0.869356 0.000002 0.000000 0.010534 -0.055972 -0.881563
    41 4.118825 0.331244 1.419828 0.091710 0.246073 -1.081329
    42 1.176325 -0.000002 0.000000 0.019561 0.360394 -0.780529
    43 0.970213 0.000000 0.000000 1.685136 0.078255 -1.123240
    44 -9.258431 -0.998731 -5.116617 -3.549888 1.480970 -2.864567
    45 12.706341 0.000001 0.000000 -0.407477 0.231046 -2.268898
    46 11.809021 -1.206475 0.191726 -0.000002 -0.000003 0.000000
    47 0.598399 -0.643255 -0.162013 0.000000 -1.570796 -0.835635
    48 0.000010 0.000000 0.000011 0.000000 0.000000 0.000000
    49 1.200000 0.000000 0.000000 0.000000 0.000000 0.000000
    50 0.000010 -0.300000 0.000000 -3.141593 0.000000 -0.174533
    51 0.000000 -0.000001 0.000003 0.000001 -0.000001 0.000000
    52 0.000002 0.000000 -0.000002 -3.141593 0.000001 0.000000
    53 0.000002 0.000000 0.000002 0.000000 0.000000 0.349066
    54 0.000000 0.000000 0.000000 -3.141593 0.000000 0.000000
    55 0.000002 -0.000002 0.000000 -3.141593 0.000000 -0.000001
    56 0.000007 0.000004 0.000000 -3.141593 0.000000 -0.000001
    57 0.000001 -0.000004 0.000000 -3.141593 0.000000 0.000000
    58 0.000002 0.000010 0.000000 -3.141593 0.000000 0.000000
    59 0.000000 0.000000 0.000000 -3.141593 0.000000 0.000000
    60 -0.000001 -0.000004 0.000000 -3.141593 0.000000 0.000000
    61 0.000000 -0.000004 0.000000 -3.141593 0.000000 0.000000
    62 0.000001 -0.000002 0.000000 -3.141593 0.000000 0.000001
    63 0.000001 -0.000002 0.000000 3.141592 0.000000 -0.000001
    64 0.000000 0.000000 0.000000 -3.141593 0.000000 0.000000
    65 0.000000 0.000000 0.000000 -1.570797 -0.000001 0.000000
    66 0.000000 0.000000 0.000000 0.000000 0.000000 0.000000
    67 1.200001 0.000000 0.000000 0.000000 0.000000 0.000000
    68 0.000000 0.300000 0.000000 0.000000 0.000000 0.174533
    69 0.000000 0.000000 -0.000001 0.000000 0.000000 0.000000
    70 0.000000 0.000000 -0.000001 -3.141593 0.000000 0.000000
    71 0.000000 0.000000 0.000000 0.000001 0.000000 0.349065
    72 -0.000004 0.000003 0.000000 0.000000 0.000000 0.000000
    73 0.000009 -0.000006 0.000000 0.000000 0.000000 -0.000001
    74 0.000000 -0.000002 -0.000001 0.000000 -0.000001 -0.000001
    75 0.000000 0.000000 0.000000 0.000000 0.000000 0.000000
    76 0.000000 0.000000 0.000000 0.000000 0.000000 0.000001
    77 0.000000 0.000002 0.000000 0.000000 0.000000 0.000000
    78 -0.000007 -0.000013 0.000000 0.000000 0.000000 0.000001
    79 0.000000 0.000000 0.000000 0.000000 0.000000 0.000000
    80 0.000000 0.000000 0.000000 0.000000 0.000000 0.000000
    81 0.000000 0.000000 0.000000 0.000000 0.000000 0.000000
    82 0.000000 0.000000 0.000000 0.000000 0.000000 0.000000
    83 0.000000 0.000000 0.000004 -1.570797 0.000001 0.000000
  time 45
    0 -5.279323 -15.204148 -6.344684 -1.576543 0.001425 -1.571343
    1 9.243773 6.139962 1.326173 -0.000001 0.000001 -1.570796
    2 3.442229 -1.240687 -0.005672 -0.000002 -0.000003 0.000000
    3 17.667921 -1.384574 1.233112 0.000000 -0.000003 -3.141592
    4 13.081079 -1.084008 0.792839 1.570797 -0.879478 -3.141593
    5 0.758741 0.000010 -0.000001 -1.570796 0.000000 -1.124720
    6 12.977262 -1.858502 0.676013 0.518314 -0.428322 -2.516407
    7 0.562688 -0.000006 -0.000004 -0.013014 -0.008068 -0.959463
    8 -3.724866 -24.424288 -8.130326 -3.138723 -1.057860 -0.002572
    9 2.341381 0.000021 0.000003 1.570738 1.242323 -0.000046
    10 1.097589 -20.504502 -10.501380 3.058590 0.012645 -1.681515
    11 1.473635 0.639422 -1.295233 1.873507 0.766140 0.332871
    12 1.832607 -0.000004 0.000007 3.131157 0.007152 0.847622
    13 1.003331 0.000000 0.000000 -3.095899 0.121084 0.034207
    14 3.823887 -0.419591 -1.411516 0.069795 0.155286 0.207665
    15 2.187963 0.000000 0.000000 -0.165860 -0.079982 1.419145
    16 1.100958 -0.000014 0.000000 0.087789 -0.052676 -0.184191
    17 3.987879 -0.577435 -0.474708 0.200599 0.169210 0.195927
    18 1.890100 -0.000008 0.000000 -0.153902 -0.042688 1.467060
    19 1.310926 0.000015 0.000000 -0.029730 0.074269 -0.259831
    20 4.117973 -0.654501 0.453699 0.085604 0.094078 0.260901
    21 1.655293 0.000002 0.000000 -0.029296 -0.049149 1.283708
    22 0.869586 0.000011 0.000000 0.062963 -0.019305 0.011264
    23 4.150639 -0.581580 1.354867 -0.178487 0.129533 0.002321
    24 1.157248 -0.000013 -0.000002 0.194855 -0.267812 1.185099
    25 1.019835 0.000002 0.000002 -1.675130 0.086219 0.371305
    26 3.429456 -5.007721 -5.116617 -1.562723 1.185866 -1.474727
    27 12.695436 0.000001 0.000018 -0.266971 0.293181 -1.733893
    28 -5.886996 -10.384963 -9.868547 3.065073 0.008767 -1.559675
    29 1.474217 -0.497913 -1.376119 1.283294 0.486350 -0.349537
    30 1.832175 -0.000001 0.000001 -2.584557 -0.154226 0.716821
    31 1.042012 0.000000 -0.000006 -2.947027 -0.173385 -0.033771
    32 3.823319 0.664870 -1.331676 0.113609 0.291967 -0.310053
    33 2.152367 0.000010 0.000000 0.048427 -0.257689 -0.122177
    34 1.056626 -0.000010 0.000000 0.273385 -0.069605 -0.538064
    35 3.985126 0.881823 -0.368987 0.187091 0.205038 -0.528353
    36 1.830173 0.000000 0.000000 0.309987 -0.029019 -1.518072
    37 1.561352 0.000013 0.000000 0.027385 0.000718 -1.353498
    38 4.116548 0.711289 0.551868 0.372897 0.175497 -0.950866
    39 1.752729 -0.000006 0.000000 0.065544 0.077355 -1.199522
    40 0.869356 0.000002 0.000000 0.010534 -0.055972 -0.881563
    41 4.118825 0.331244 1.419828 0.091710 0.246073 -1.081329
    42 1.176325 -0.000002 0.000000 0.019561 0.360394 -0.780529
    43 0.970213 0.000000 0.000000 1.685136 0.078242 -1.123257
    44 -9.258431 -0.998731 -5.116617 -3.549505 1.481739 -2.865009
    45 12.706341 0.000001 0.000000 -0.407526 0.230986 -2.269127
    46 11.809021 -1.206475 0.191726 -0.000002 -0.000003 0.000000
    47 0.598399 -0.643255 -0.162013 0.000000 -1.570796 -0.835635
    48 0.000010 0.000000 0.000011 0.000000 0.000000 0.000000
    49 1.200000 0.000000 0.000000 0.000000 0.000000 0.000000
    50 0.000010 -0.300000 0.000000 -3.141593 0.000000 -0.174533
    51 0.000000 -0.000001 0.000003 0.000001 -0.000001 0.000000
    52 0.000002 0.000000 -0.000002 -3.141593 0.000001 0.000000
    53 0.000002 0.000000 0.000002 0.000000 0.000000 0.349066
    54 0.000000 0.000000 0.000000 -3.141593 0.000000 0.000000
    55 0.000002 -0.000002 0.000000 -3.141593 0.000000 -0.000001
    56 0.000007 0.000004 0.000000 -3.141593 0.000000 -0.000001
    57 0.000001 -0.000004 0.000000 -3.141593 0.000000 0.000000
    58 0.000002 0.000010 0.000000 -3.141593 0.000000 0.000000
    59 0.000000 0.000000 0.000000 -3.141593 0.000000 0.000000
    60 -0.000001 -0.000004 0.000000 -3.141593 0.000000 0.000000
    61 0.000000 -0.000004 0.000000 -3.141593 0.000000 0.000000
    62 0.000001 -0.000002 0.000000 -3.141593 0.000000 0.000001
    63 0.000001 -0.000002 0.000000 3.141592 0.000000 -0.000001
    64 0.000000 0.000000 0.000000 -3.141593 0.000000 0.000000
    65 0.000000 0.000000 0.000000 -1.570797 -0.000001 0.000000
    66 0.000000 0.000000 0.000000 0.000000 0.000000 0.000000
    67 1.200001 0.000000 0.000000 0.000000 0.000000 0.000000
    68 0.000000 0.300000 0.000000 0.000000 0.000000 0.174533
    69 0.000000 0.000000 -0.000001 0.000000 0.000000 0.000000
    70 0.000000 0.000000 -0.000001 -3.141593 0.000000 0.000000
    71 0.000000 0.000000 0.000000 0.000001 0.000000 0.349065
    72 -0.000004 0.000003 0.000000 0.000000 0.000000 0.000000
    73 0.000009 -0.000006 0.000000 0.000000 0.000000 -0.000001
    74 0.000000 -0.000002 -0.000001 0.000000 -0.000001 -0.000001
    75 0.000000 0.000000 0.000000 0.000000 0.000000 0.000000
    76 0.000000 0.000000 0.000000 0.000000 0.000000 0.000001
    77 0.000000 0.000002 0.000000 0.000000 0.000000 0.000000
    78 -0.000007 -0.000013 0.000000 0.000000 0.000000 0.000001
    79 0.000000 0.000000 0.000000 0.000000 0.000000 0.000000
    80 0.000000 0.000000 0.000000 0.000000 0.000000 0.000000
    81 0.000000 0.000000 0.000000 0.000000 0.000000 0.000000
    82 0.000000 0.000000 0.000000 0.000000 0.000000 0.000000
    83 0.000000 0.000000 0.000004 -1.570797 0.000001 0.000000
  time 46
    0 -5.283230 -15.204148 -6.340778 -1.576764 0.001425 -1.571343
    1 9.243773 6.139962 1.326173 -0.000001 0.000001 -1.570796
    2 3.442229 -1.240687 -0.005672 -0.000002 -0.000003 0.000000
    3 17.667921 -1.384574 1.233112 0.000000 -0.000003 -3.141592
    4 13.081079 -1.084008 0.792839 1.570797 -0.879478 -3.141593
    5 0.758741 0.000010 -0.000001 -1.570796 0.000000 -1.124720
    6 12.977262 -1.858502 0.676013 0.518314 -0.428322 -2.516407
    7 0.562688 -0.000006 -0.000004 -0.013014 -0.008068 -0.959463
    8 -3.728773 -24.424288 -8.126420 -3.138723 -1.057687 -0.002666
    9 2.341381 0.000021 0.000003 1.570738 1.242323 -0.000046
    10 1.089776 -20.504502 -10.501380 3.058357 0.012645 -1.681515
    11 1.473635 0.639422 -1.295233 1.873507 0.766140 0.332871
    12 1.832607 -0.000004 0.000007 3.131157 0.007152 0.847622
    13 1.003331 0.000000 0.000000 -3.095899 0.121084 0.034207
    14 3.823887 -0.419591 -1.411516 0.069795 0.155286 0.207665
    15 2.187963 0.000000 0.000000 -0.165860 -0.079982 1.419145
    16 1.100958 -0.000014 0.000000 0.087789 -0.052676 -0.184191
    17 3.987879 -0.577435 -0.474708 0.200599 0.169222 0.195927
    18 1.890100 -0.000008 0.000000 -0.153902 -0.042688 1.467060
    19 1.310926 0.000015 0.000000 -0.029730 0.074269 -0.259831
    20 4.117973 -0.654501 0.453699 0.085604 0.094078 0.260901
    21 1.655293 0.000002 0.000000 -0.029296 -0.049149 1.283708
    22 0.869586 0.000011 0.000000 0.062963 -0.019305 0.011264
    23 4.150639 -0.581580 1.354867 -0.178487 0.129533 0.002321
    24 1.157248 -0.000013 -0.000002 0.194855 -0.267812 1.185099
    25 1.019835 0.000002 0.000002 -1.675130 0.086219 0.371305
    26 3.429456 -5.007721 -5.116617 -1.562080 1.185607 -1.474453
    27 12.695436 0.000001 0.000018 -0.266971 0.293181 -1.733893
    28 -5.894809 -10.384963 -9.864641 3.064864 0.008802 -1.559675
    29 1.474217 -0.497913 -1.376119 1.283294 0.486350 -0.349537
    30 1.832175 -0.000001 0.000001 -2.584557 -0.154226 0.716821
    31 1.042012 0.000000 -0.000006 -2.947027 -0.173385 -0.033771
    32 3.823319 0.664870 -1.331676 0.113609 0.291967 -0.310053
    33 2.152367 0.000010 0.000000 0.048427 -0.257689 -0.122177
    34 1.056626 -0.000010 0.000000 0.273385 -0.069605 -0.538064
    35 3.985126 0.881823 -0.368987 0.187091 0.205038 -0.528353
    36 1.830173 0.000000 0.000000 0.309987 -0.029019 -1.518072
    37 1.561352 0.000013 0.000000 0.027385 0.000718 -1.353498
    38 4.116548 0.711289 0.551868 0.372897 0.175497 -0.950866
    39 1.752729 -0.000006 0.000000 0.065544 0.077355 -1.199522
    40 0.869356 0.000002 0.000000 0.010534 -0.055972 -0.881563
    41 4.118825 0.331244 1.419828 0.091710 0.246073 -1.081329
    42 1.176325 -0.000002 0.000000 0.019561 0.360394 -0.780529
    43 0.970213 0.000000 0.000000 1.685136 0.078242 -1.123257
    44 -9.258431 -0.998731 -5.116617 -3.549026 1.482508 -2.865186
    45 12.706341 0.000001 0.000000 -0.407608 0.230938 -2.269432
    46 11.809021 -1.206475 0.191726 -0.000002 -0.000003 0.000000
    47 0.598399 -0.643255 -0.162013 0.000000 -1.570796 -0.835635
    48 0.000010 0.000000 0.000011 0.000000 0.000000 0.000000
    49 1.200000 0.000000 0.000000 0.000000 0.000000 0.000000
    50 0.000010 -0.300000 0.000000 -3.141593 0.000000 -0.174533
    51 0.000000 -0.000001 0.000003 0.000001 -0.000001 0.000000
    52 0.000002 0.000000 -0.000002 -3.141593 0.000001 0.000000
    53 0.000002 0.000000 0.000002 0.000000 0.000000 0.349066
    54 0.000000 0.000000 0.000000 -3.141593 0.000000 0.000000
    55 0.000002 -0.000002 0.000000 -3.141593 0.000000 -0.000001
    56 0.000007 0.000004 0.000000 -3.141593 0.000000 -0.000001
    57 0.000001 -0.000004 0.000000 -3.141593 0.000000 0.000000
    58 0.000002 0.000010 0.000000 -3.141593 0.000000 0.000000
    59 0.000000 0.000000 0.000000 -3.141593 0.000000 0.000000
    60 -0.000001 -0.000004 0.000000 -3.141593 0.000000 0.000000
    61 0.000000 -0.000004 0.000000 -3.141593 0.000000 0.000000
    62 0.000001 -0.000002 0.000000 -3.141593 0.000000 0.000001
    63 0.000001 -0.000002 0.000000 3.141592 0.000000 -0.000001
    64 0.000000 0.000000 0.000000 -3.141593 0.000000 0.000000
    65 0.000000 0.000000 0.000000 -1.570797 -0.000001 0.000000
    66 0.000000 0.000000 0.000000 0.000000 0.000000 0.000000
    67 1.200001 0.000000 0.000000 0.000000 0.000000 0.000000
    68 0.000000 0.300000 0.000000 0.000000 0.000000 0.174533
    69 0.000000 0.000000 -0.000001 0.000000 0.000000 0.000000
    70 0.000000 0.000000 -0.000001 -3.141593 0.000000 0.000000
    71 0.000000 0.000000 0.000000 0.000001 0.000000 0.349065
    72 -0.000004 0.000003 0.000000 0.000000 0.000000 0.000000
    73 0.000009 -0.000006 0.000000 0.000000 0.000000 -0.000001
    74 0.000000 -0.000002 -0.000001 0.000000 -0.000001 -0.000001
    75 0.000000 0.000000 0.000000 0.000000 0.000000 0.000000
    76 0.000000 0.000000 0.000000 0.000000 0.000000 0.000001
    77 0.000000 0.000002 0.000000 0.000000 0.000000 0.000000
    78 -0.000007 -0.000013 0.000000 0.000000 0.000000 0.000001
    79 0.000000 0.000000 0.000000 0.000000 0.000000 0.000000
    80 0.000000 0.000000 0.000000 0.000000 0.000000 0.000000
    81 0.000000 0.000000 0.000000 0.000000 0.000000 0.000000
    82 0.000000 0.000000 0.000000 0.000000 0.000000 0.000000
    83 0.000000 0.000000 0.000004 -1.570797 0.000001 0.000000
  time 47
    0 -5.287136 -15.204148 -6.340778 -1.576936 0.001478 -1.571343
    1 9.243773 6.139962 1.326173 -0.000001 0.000001 -1.570796
    2 3.442229 -1.240687 -0.005672 -0.000002 -0.000003 0.000000
    3 17.667921 -1.384574 1.233112 0.000000 -0.000003 -3.141592
    4 13.081079 -1.084008 0.792839 1.570797 -0.879478 -3.141593
    5 0.758741 0.000010 -0.000001 -1.570796 0.000000 -1.124720
    6 12.977262 -1.858502 0.676013 0.518314 -0.428322 -2.516407
    7 0.562688 -0.000006 -0.000004 -0.013014 -0.008068 -0.959463
    8 -3.732679 -24.424288 -8.126420 -3.138723 -1.057499 -0.002666
    9 2.341381 0.000021 0.000003 1.570738 1.242323 -0.000046
    10 1.085870 -20.504502 -10.497474 3.058171 0.012645 -1.681515
    11 1.473635 0.639422 -1.295233 1.873507 0.766140 0.332871
    12 1.832607 -0.000004 0.000007 3.131157 0.007152 0.847622
    13 1.003331 0.000000 0.000000 -3.095899 0.121084 0.034207
    14 3.823887 -0.419591 -1.411516 0.069795 0.155286 0.207665
    15 2.187963 0.000000 0.000000 -0.165860 -0.079982 1.419145
    16 1.100958 -0.000014 0.000000 0.087789 -0.052676 -0.184191
    17 3.987879 -0.577435 -0.474708 0.200599 0.169222 0.195927
    18 1.890100 -0.000008 0.000000 -0.153902 -0.042688 1.467060
    19 1.310926 0.000015 0.000000 -0.029730 0.074269 -0.259831
    20 4.117973 -0.654501 0.453699 0.085604 0.094078 0.260901
    21 1.655293 0.000002 0.000000 -0.029296 -0.049149 1.283708
    22 0.869586 0.000011 0.000000 0.062963 -0.019305 0.011264
    23 4.150639 -0.581580 1.354867 -0.178487 0.129533 0.002321
    24 1.157248 -0.000013 -0.000002 0.194855 -0.267812 1.185099
    25 1.019835 0.000002 0.000002 -1.675130 0.086219 0.371305
    26 3.429456 -5.007721 -5.116617 -1.561621 1.185348 -1.474179
    27 12.695436 0.000001 0.000018 -0.266971 0.293181 -1.733893
    28 -5.898715 -10.384963 -9.852922 3.064692 0.008802 -1.559675
    29 1.474217 -0.497913 -1.376119 1.283294 0.486350 -0.349537
    30 1.832175 -0.000001 0.000001 -2.584557 -0.154226 0.716821
    31 1.042012 0.000000 -0.000006 -2.947027 -0.173385 -0.033771
    32 3.823319 0.664870 -1.331676 0.113609 0.291967 -0.310053
    33 2.152367 0.000010 0.000000 0.048427 -0.257689 -0.122177
    34 1.056626 -0.000010 0.000000 0.273385 -0.069605 -0.538064
    35 3.985126 0.881823 -0.368987 0.187091 0.205038 -0.528353
    36 1.830173 0.000000 0.000000 0.309987 -0.029019 -1.518072
    37 1.561352 0.000013 0.000000 0.027385 0.000718 -1.353498
    38 4.116548 0.711289 0.551868 0.372897 0.175497 -0.950866
    39 1.752729 -0.000006 0.000000 0.065544 0.077355 -1.199522
    40 0.869356 0.000002 0.000000 0.010534 -0.055972 -0.881563
    41 4.118825 0.331244 1.419828 0.091710 0.246073 -1.081329
    42 1.176325 -0.000002 0.000000 0.019561 0.360394 -0.780529
    43 0.970213 0.000000 0.000000 1.685136 0.078242 -1.123257
    44 -9.258431 -0.998731 -5.116617 -3.548451 1.483051 -2.865363
    45 12.706341 0.000001 0.000000 -0.407657 0.230890 -2.269813
    46 11.809021 -1.206475 0.191726 -0.000002 -0.000003 0.000000
    47 0.598399 -0.643255 -0.162013 0.000000 -1.570796 -0.835635
    48 0.000010 0.000000 0.000011 0.000000 0.000000 0.000000
    49 1.200000 0.000000 0.000000 0.000000 0.000000 0.000000
    50 0.000010 -0.300000 0.000000 -3.141593 0.000000 -0.174533
    51 0.000000 -0.000001 0.000003 0.000001 -0.000001 0.000000
    52 0.000002 0.000000 -0.000002 -3.141593 0.000001 0.000000
    53 0.000002 0.000000 0.000002 0.000000 0.000000 0.349066
    54 0.000000 0.000000 0.000000 -3.141593 0.000000 0.000000
    55 0.000002 -0.000002 0.000000 -3.141593 0.000000 -0.000001
    56 0.000007 0.000004 0.000000 -3.141593 0.000000 -0.000001
    57 0.000001 -0.000004 0.000000 -3.141593 0.000000 0.000000
    58 0.000002 0.000010 0.000000 -3.141593 0.000000 0.000000
    59 0.000000 0.000000 0.000000 -3.141593 0.000000 0.000000
    60 -0.000001 -0.000004 0.000000 -3.141593 0.000000 0.000000
    61 0.000000 -0.000004 0.000000 -3.141593 0.000000 0.000000
    62 0.000001 -0.000002 0.000000 -3.141593 0.000000 0.000001
    63 0.000001 -0.000002 0.000000 3.141592 0.000000 -0.000001
    64 0.000000 0.000000 0.000000 -3.141593 0.000000 0.000000
    65 0.000000 0.000000 0.000000 -1.570797 -0.000001 0.000000
    66 0.000000 0.000000 0.000000 0.000000 0.000000 0.000000
    67 1.200001 0.000000 0.000000 0.000000 0.000000 0.000000
    68 0.000000 0.300000 0.000000 0.000000 0.000000 0.174533
    69 0.000000 0.000000 -0.000001 0.000000 0.000000 0.000000
    70 0.000000 0.000000 -0.000001 -3.141593 0.000000 0.000000
    71 0.000000 0.000000 0.000000 0.000001 0.000000 0.349065
    72 -0.000004 0.000003 0.000000 0.000000 0.000000 0.000000
    73 0.000009 -0.000006 0.000000 0.000000 0.000000 -0.000001
    74 0.000000 -0.000002 -0.000001 0.000000 -0.000001 -0.000001
    75 0.000000 0.000000 0.000000 0.000000 0.000000 0.000000
    76 0.000000 0.000000 0.000000 0.000000 0.000000 0.000001
    77 0.000000 0.000002 0.000000 0.000000 0.000000 0.000000
    78 -0.000007 -0.000013 0.000000 0.000000 0.000000 0.000001
    79 0.000000 0.000000 0.000000 0.000000 0.000000 0.000000
    80 0.000000 0.000000 0.000000 0.000000 0.000000 0.000000
    81 0.000000 0.000000 0.000000 0.000000 0.000000 0.000000
    82 0.000000 0.000000 0.000000 0.000000 0.000000 0.000000
    83 0.000000 0.000000 0.000004 -1.570797 0.000001 0.000000
  time 48
    0 -5.291042 -15.204148 -6.336871 -1.577022 0.001478 -1.571343
    1 9.243773 6.139962 1.326173 -0.000001 0.000001 -1.570796
    2 3.442229 -1.240687 -0.005672 -0.000002 -0.000003 0.000000
    3 17.667921 -1.384574 1.233112 0.000000 -0.000003 -3.141592
    4 13.081079 -1.084008 0.792839 1.570797 -0.879478 -3.141593
    5 0.758741 0.000010 -0.000001 -1.570796 0.000000 -1.124720
    6 12.977262 -1.858502 0.676013 0.518314 -0.428322 -2.516407
    7 0.562688 -0.000006 -0.000004 -0.013014 -0.008068 -0.959463
    8 -3.736585 -24.424288 -8.122514 -3.138532 -1.057436 -0.002760
    9 2.341381 0.000021 0.000003 1.570738 1.242323 -0.000046
    10 1.081964 -20.504502 -10.497474 3.058078 0.012645 -1.681515
    11 1.473635 0.639422 -1.295233 1.873507 0.766140 0.332871
    12 1.832607 -0.000004 0.000007 3.131157 0.007152 0.847622
    13 1.003331 0.000000 0.000000 -3.095899 0.121084 0.034207
    14 3.823887 -0.419591 -1.411516 0.069795 0.155286 0.207665
    15 2.187963 0.000000 0.000000 -0.165860 -0.079982 1.419145
    16 1.100958 -0.000014 0.000000 0.087789 -0.052676 -0.184191
    17 3.987879 -0.577435 -0.474708 0.200599 0.169210 0.195927
    18 1.890100 -0.000008 0.000000 -0.153902 -0.042688 1.467060
    19 1.310926 0.000015 0.000000 -0.029730 0.074269 -0.259851
    20 4.117973 -0.654501 0.453699 0.085604 0.094078 0.260901
    21 1.655293 0.000002 0.000000 -0.029296 -0.049149 1.283708
    22 0.869586 0.000011 0.000000 0.062963 -0.019305 0.011264
    23 4.150639 -0.581580 1.354867 -0.178487 0.129533 0.002321
    24 1.157248 -0.000013 -0.000002 0.194855 -0.267812 1.185099
    25 1.019835 0.000002 0.000002 -1.675130 0.086219 0.371305
    26 3.429456 -5.007721 -5.116617 -1.561070 1.185262 -1.473996
    27 12.695436 0.000001 0.000018 -0.266971 0.293181 -1.733893
    28 -5.902622 -10.384963 -9.852922 3.064606 0.008855 -1.559675
    29 1.474217 -0.497913 -1.376119 1.283294 0.486350 -0.349537
    30 1.832175 -0.000001 0.000001 -2.584557 -0.154226 0.716843
    31 1.042012 0.000000 -0.000006 -2.947027 -0.173385 -0.033771
    32 3.823319 0.664870 -1.331676 0.113609 0.291967 -0.310053
    33 2.152367 0.000010 0.000000 0.048427 -0.257689 -0.122177
    34 1.056626 -0.000010 0.000000 0.273385 -0.069605 -0.538064
    35 3.985126 0.881823 -0.368987 0.187091 0.205038 -0.528353
    36 1.830173 0.000000 0.000000 0.309987 -0.029019 -1.518072
    37 1.561352 0.000013 0.000000 0.027385 0.000718 -1.353498
    38 4.116548 0.711289 0.551868 0.372897 0.175497 -0.950866
    39 1.752729 -0.000006 0.000000 0.065544 0.077355 -1.199522
    40 0.869356 0.000002 0.000000 0.010534 -0.055972 -0.881563
    41 4.118825 0.331244 1.419828 0.091710 0.246073 -1.081329
    42 1.176325 -0.000002 0.000000 0.019561 0.360394 -0.780529
    43 0.970213 0.000000 0.000000 1.685136 0.078242 -1.123240
    44 -9.258431 -0.998731 -5.116617 -3.547494 1.483639 -2.865186
    45 12.706341 0.000001 0.000000 -0.407690 0.230842 -2.269966
    46 11.809021 -1.206475 0.191726 -0.000002 -0.000003 0.000000
    47 0.598399 -0.643255 -0.162013 0.000000 -1.570796 -0.835635
    48 0.000010 0.000000 0.000011 0.000000 0.000000 0.000000
    49 1.200000 0.000000 0.000000 0.000000 0.000000 0.000000
    50 0.000010 -0.300000 0.000000 -3.141593 0.000000 -0.174533
    51 0.000000 -0.000001 0.000003 0.000001 -0.000001 0.000000
    52 0.000002 0.000000 -0.000002 -3.141593 0.000001 0.000000
    53 0.000002 0.000000 0.000002 0.000000 0.000000 0.349066
    54 0.000000 0.000000 0.000000 -3.141593 0.000000 0.000000
    55 0.000002 -0.000002 0.000000 -3.141593 0.000000 -0.000001
    56 0.000007 0.000004 0.000000 -3.141593 0.000000 -0.000001
    57 0.000001 -0.000004 0.000000 -3.141593 0.000000 0.000000
    58 0.000002 0.000010 0.000000 -3.141593 0.000000 0.000000
    59 0.000000 0.000000 0.000000 -3.141593 0.000000 0.000000
    60 -0.000001 -0.000004 0.000000 -3.141593 0.000000 0.000000
    61 0.000000 -0.000004 0.000000 -3.141593 0.000000 0.000000
    62 0.000001 -0.000002 0.000000 -3.141593 0.000000 0.000001
    63 0.000001 -0.000002 0.000000 3.141592 0.000000 -0.000001
    64 0.000000 0.000000 0.000000 -3.141593 0.000000 0.000000
    65 0.000000 0.000000 0.000000 -1.570797 -0.000001 0.000000
    66 0.000000 0.000000 0.000000 0.000000 0.000000 0.000000
    67 1.200001 0.000000 0.000000 0.000000 0.000000 0.000000
    68 0.000000 0.300000 0.000000 0.000000 0.000000 0.174533
    69 0.000000 0.000000 -0.000001 0.000000 0.000000 0.000000
    70 0.000000 0.000000 -0.000001 -3.141593 0.000000 0.000000
    71 0.000000 0.000000 0.000000 0.000001 0.000000 0.349065
    72 -0.000004 0.000003 0.000000 0.000000 0.000000 0.000000
    73 0.000009 -0.000006 0.000000 0.000000 0.000000 -0.000001
    74 0.000000 -0.000002 -0.000001 0.000000 -0.000001 -0.000001
    75 0.000000 0.000000 0.000000 0.000000 0.000000 0.000000
    76 0.000000 0.000000 0.000000 0.000000 0.000000 0.000001
    77 0.000000 0.000002 0.000000 0.000000 0.000000 0.000000
    78 -0.000007 -0.000013 0.000000 0.000000 0.000000 0.000001
    79 0.000000 0.000000 0.000000 0.000000 0.000000 0.000000
    80 0.000000 0.000000 0.000000 0.000000 0.000000 0.000000
    81 0.000000 0.000000 0.000000 0.000000 0.000000 0.000000
    82 0.000000 0.000000 0.000000 0.000000 0.000000 0.000000
    83 0.000000 0.000000 0.000004 -1.570797 0.000001 0.000000
  time 49
    0 -5.337919 -15.204148 -6.332965 -1.577059 0.001513 -1.571343
    1 9.243773 6.139962 1.326173 -0.000001 0.000001 -1.570796
    2 3.442229 -1.240687 -0.005672 -0.000002 -0.000003 0.000000
    3 17.667921 -1.384574 1.233112 0.000000 -0.000003 -3.141592
    4 13.081079 -1.084008 0.792839 1.570797 -0.879478 -3.141593
    5 0.758741 0.000010 -0.000001 -1.570796 0.000000 -1.124720
    6 12.977262 -1.858502 0.676013 0.518314 -0.428322 -2.516407
    7 0.562688 -0.000006 -0.000004 -0.013014 -0.008068 -0.959463
    8 -3.740492 -24.424288 -8.114701 -3.138532 -1.057389 -0.002760
    9 2.341381 0.000021 0.000003 1.570738 1.242323 -0.000046
    10 1.078057 -20.504502 -10.493567 3.058078 0.012645 -1.681515
    11 1.473635 0.639422 -1.295233 1.873507 0.766140 0.332871
    12 1.832607 -0.000004 0.000007 3.131157 0.007152 0.847622
    13 1.003331 0.000000 0.000000 -3.095899 0.121084 0.034207
    14 3.823887 -0.419591 -1.411516 0.069795 0.155286 0.207665
    15 2.187963 0.000000 0.000000 -0.165860 -0.079982 1.419145
    16 1.100958 -0.000014 0.000000 0.087789 -0.052676 -0.184191
    17 3.987879 -0.577435 -0.474708 0.200599 0.169222 0.195927
    18 1.890100 -0.000008 0.000000 -0.153902 -0.042688 1.467060
    19 1.310926 0.000015 0.000000 -0.029730 0.074269 -0.259831
    20 4.117973 -0.654501 0.453699 0.085604 0.094078 0.260901
    21 1.655293 0.000002 0.000000 -0.029296 -0.049149 1.283708
    22 0.869586 0.000011 0.000000 0.062963 -0.019305 0.011264
    23 4.150639 -0.581580 1.354867 -0.178487 0.129533 0.002321
    24 1.157248 -0.000013 -0.000002 0.194855 -0.267812 1.185099
    25 1.019835 0.000002 0.000002 -1.675130 0.086219 0.371305
    26 3.429456 -5.007721 -5.116617 -1.560519 1.185089 -1.473905
    27 12.695436 0.000001 0.000018 -0.266971 0.293181 -1.733893
    28 -5.902622 -10.384963 -9.852922 3.064581 0.008855 -1.559675
    29 1.474217 -0.497913 -1.376119 1.283294 0.486350 -0.349537
    30 1.832175 -0.000001 0.000001 -2.584557 -0.154226 0.716821
    31 1.042012 0.000000 -0.000006 -2.947027 -0.173385 -0.033771
    32 3.823319 0.664870 -1.331676 0.113609 0.291967 -0.310053
    33 2.152367 0.000010 0.000000 0.048427 -0.257689 -0.122177
    34 1.056626 -0.000010 0.000000 0.273385 -0.069605 -0.538064
    35 3.985126 0.881823 -0.368987 0.187091 0.205038 -0.528353
    36 1.830173 0.000000 0.000000 0.309987 -0.029019 -1.518072
    37 1.561352 0.000013 0.000000 0.027385 0.000718 -1.353498
    38 4.116548 0.711289 0.551868 0.372897 0.175497 -0.950866
    39 1.752729 -0.000006 0.000000 0.065544 0.077355 -1.199522
    40 0.869356 0.000002 0.000000 0.010534 -0.055972 -0.881563
    41 4.118825 0.331244 1.419828 0.091710 0.246073 -1.081329
    42 1.176325 -0.000002 0.000000 0.019561 0.360394 -0.780529
    43 0.970213 0.000000 0.000000 1.685117 0.078242 -1.123257
    44 -9.258431 -0.998731 -5.116617 -3.546919 1.484182 -2.865009
    45 12.706341 0.000001 0.000000 -0.407739 0.230831 -2.270271
    46 11.809021 -1.206475 0.191726 -0.000002 -0.000003 0.000000
    47 0.598399 -0.643255 -0.162013 0.000000 -1.570796 -0.835635
    48 0.000010 0.000000 0.000011 0.000000 0.000000 0.000000
    49 1.200000 0.000000 0.000000 0.000000 0.000000 0.000000
    50 0.000010 -0.300000 0.000000 -3.141593 0.000000 -0.174533
    51 0.000000 -0.000001 0.000003 0.000001 -0.000001 0.000000
    52 0.000002 0.000000 -0.000002 -3.141593 0.000001 0.000000
    53 0.000002 0.000000 0.000002 0.000000 0.000000 0.349066
    54 0.000000 0.000000 0.000000 -3.141593 0.000000 0.000000
    55 0.000002 -0.000002 0.000000 -3.141593 0.000000 -0.000001
    56 0.000007 0.000004 0.000000 -3.141593 0.000000 -0.000001
    57 0.000001 -0.000004 0.000000 -3.141593 0.000000 0.000000
    58 0.000002 0.000010 0.000000 -3.141593 0.000000 0.000000
    59 0.000000 0.000000 0.000000 -3.141593 0.000000 0.000000
    60 -0.000001 -0.000004 0.000000 -3.141593 0.000000 0.000000
    61 0.000000 -0.000004 0.000000 -3.141593 0.000000 0.000000
    62 0.000001 -0.000002 0.000000 -3.141593 0.000000 0.000001
    63 0.000001 -0.000002 0.000000 3.141592 0.000000 -0.000001
    64 0.000000 0.000000 0.000000 -3.141593 0.000000 0.000000
    65 0.000000 0.000000 0.000000 -1.570797 -0.000001 0.000000
    66 0.000000 0.000000 0.000000 0.000000 0.000000 0.000000
    67 1.200001 0.000000 0.000000 0.000000 0.000000 0.000000
    68 0.000000 0.300000 0.000000 0.000000 0.000000 0.174533
    69 0.000000 0.000000 -0.000001 0.000000 0.000000 0.000000
    70 0.000000 0.000000 -0.000001 -3.141593 0.000000 0.000000
    71 0.000000 0.000000 0.000000 0.000001 0.000000 0.349065
    72 -0.000004 0.000003 0.000000 0.000000 0.000000 0.000000
    73 0.000009 -0.000006 0.000000 0.000000 0.000000 -0.000001
    74 0.000000 -0.000002 -0.000001 0.000000 -0.000001 -0.000001
    75 0.000000 0.000000 0.000000 0.000000 0.000000 0.000000
    76 0.000000 0.000000 0.000000 0.000000 0.000000 0.000001
    77 0.000000 0.000002 0.000000 0.000000 0.000000 0.000000
    78 -0.000007 -0.000013 0.000000 0.000000 0.000000 0.000001
    79 0.000000 0.000000 0.000000 0.000000 0.000000 0.000000
    80 0.000000 0.000000 0.000000 0.000000 0.000000 0.000000
    81 0.000000 0.000000 0.000000 0.000000 0.000000 0.000000
    82 0.000000 0.000000 0.000000 0.000000 0.000000 0.000000
    83 0.000000 0.000000 0.000004 -1.570797 0.000001 0.000000
  time 50
    0 -5.337919 -15.204148 -6.329059 -1.577010 0.001478 -1.571343
    1 9.243773 6.139962 1.326173 -0.000001 0.000001 -1.570796
    2 3.442229 -1.240687 -0.005672 -0.000002 -0.000003 0.000000
    3 17.667921 -1.384574 1.233112 0.000000 -0.000003 -3.141592
    4 13.081079 -1.084008 0.792839 1.570797 -0.879478 -3.141593
    5 0.758741 0.000010 -0.000001 -1.570796 0.000000 -1.124720
    6 12.977262 -1.858502 0.676013 0.518314 -0.428322 -2.516407
    7 0.562688 -0.000006 -0.000004 -0.013014 -0.008068 -0.959463
    8 -3.744398 -24.424288 -8.114701 -3.138723 -1.057436 -0.002666
    9 2.341381 0.000021 0.000003 1.570738 1.242323 -0.000046
    10 1.078057 -20.504502 -10.489661 3.058078 0.012593 -1.681515
    11 1.473635 0.639422 -1.295233 1.873507 0.766140 0.332871
    12 1.832607 -0.000004 0.000007 3.131157 0.007152 0.847622
    13 1.003331 0.000000 0.000000 -3.095899 0.121084 0.034207
    14 3.823887 -0.419591 -1.411516 0.069795 0.155286 0.207665
    15 2.187963 0.000000 0.000000 -0.165860 -0.079982 1.419145
    16 1.100958 -0.000014 0.000000 0.087789 -0.052676 -0.184191
    17 3.987879 -0.577435 -0.474708 0.200599 0.169222 0.195927
    18 1.890100 -0.000008 0.000000 -0.153902 -0.042688 1.467060
    19 1.310926 0.000015 0.000000 -0.029730 0.074269 -0.259851
    20 4.117973 -0.654501 0.453699 0.085604 0.094078 0.260901
    21 1.655293 0.000002 0.000000 -0.029296 -0.049149 1.283708
    22 0.869586 0.000011 0.000000 0.062963 -0.019305 0.011264
    23 4.150639 -0.581580 1.354867 -0.178487 0.129533 0.002321
    24 1.157248 -0.000013 -0.000002 0.194855 -0.267812 1.185099
    25 1.019835 0.000002 0.000002 -1.675130 0.086219 0.371305
    26 3.429456 -5.007721 -5.116617 -1.560060 1.184830 -1.473722
    27 12.695436 0.000001 0.000018 -0.267014 0.293181 -1.733893
    28 -5.906528 -10.384963 -9.852922 3.064618 0.008802 -1.559675
    29 1.474217 -0.497913 -1.376119 1.283294 0.486350 -0.349537
    30 1.832175 -0.000001 0.000001 -2.584557 -0.154226 0.716821
    31 1.042012 0.000000 -0.000006 -2.947027 -0.173385 -0.033771
    32 3.823319 0.664870 -1.331676 0.113609 0.291967 -0.310053
    33 2.152367 0.000010 0.000000 0.048427 -0.257689 -0.122177
    34 1.056626 -0.000010 0.000000 0.273385 -0.069605 -0.538064
    35 3.985126 0.881823 -0.368987 0.187091 0.205038 -0.528353
    36 1.830173 0.000000 0.000000 0.309987 -0.029019 -1.518072
    37 1.561352 0.000013 0.000000 0.027385 0.000718 -1.353498
    38 4.116548 0.711289 0.551868 0.372897 0.175497 -0.950866
    39 1.752729 -0.000006 0.000000 0.065544 0.077355 -1.199522
    40 0.869356 0.000002 0.000000 0.010534 -0.055972 -0.881563
    41 4.118825 0.331244 1.419828 0.091710 0.246073 -1.081329
    42 1.176325 -0.000002 0.000000 0.019561 0.360394 -0.780529
    43 0.970213 0.000000 0.000000 1.685136 0.078242 -1.123240
    44 -9.258431 -0.998731 -5.116617 -3.545866 1.484725 -2.864567
    45 12.706341 0.000001 0.000000 -0.407788 0.230831 -2.270347
    46 11.809021 -1.206475 0.191726 -0.000002 -0.000003 0.000000
    47 0.598399 -0.643255 -0.162013 0.000000 -1.570796 -0.835635
    48 0.000010 0.000000 0.000011 0.000000 0.000000 0.000000
    49 1.200000 0.000000 0.000000 0.000000 0.000000 0.000000
    50 0.000010 -0.300000 0.000000 -3.141593 0.000000 -0.174533
    51 0.000000 -0.000001 0.000003 0.000001 -0.000001 0.000000
    52 0.000002 0.000000 -0.000002 -3.141593 0.000001 0.000000
    53 0.000002 0.000000 0.000002 0.000000 0.000000 0.349066
    54 0.000000 0.000000 0.000000 -3.141593 0.000000 0.000000
    55 0.000002 -0.000002 0.000000 -3.141593 0.000000 -0.000001
    56 0.000007 0.000004 0.000000 -3.141593 0.000000 -0.000001
    57 0.000001 -0.000004 0.000000 -3.141593 0.000000 0.000000
    58 0.000002 0.000010 0.000000 -3.141593 0.000000 0.000000
    59 0.000000 0.000000 0.000000 -3.141593 0.000000 0.000000
    60 -0.000001 -0.000004 0.000000 -3.141593 0.000000 0.000000
    61 0.000000 -0.000004 0.000000 -3.141593 0.000000 0.000000
    62 0.000001 -0.000002 0.000000 -3.141593 0.000000 0.000001
    63 0.000001 -0.000002 0.000000 3.141592 0.000000 -0.000001
    64 0.000000 0.000000 0.000000 -3.141593 0.000000 0.000000
    65 0.000000 0.000000 0.000000 -1.570797 -0.000001 0.000000
    66 0.000000 0.000000 0.000000 0.000000 0.000000 0.000000
    67 1.200001 0.000000 0.000000 0.000000 0.000000 0.000000
    68 0.000000 0.300000 0.000000 0.000000 0.000000 0.174533
    69 0.000000 0.000000 -0.000001 0.000000 0.000000 0.000000
    70 0.000000 0.000000 -0.000001 -3.141593 0.000000 0.000000
    71 0.000000 0.000000 0.000000 0.000001 0.000000 0.349065
    72 -0.000004 0.000003 0.000000 0.000000 0.000000 0.000000
    73 0.000009 -0.000006 0.000000 0.000000 0.000000 -0.000001
    74 0.000000 -0.000002 -0.000001 0.000000 -0.000001 -0.000001
    75 0.000000 0.000000 0.000000 0.000000 0.000000 0.000000
    76 0.000000 0.000000 0.000000 0.000000 0.000000 0.000001
    77 0.000000 0.000002 0.000000 0.000000 0.000000 0.000000
    78 -0.000007 -0.000013 0.000000 0.000000 0.000000 0.000001
    79 0.000000 0.000000 0.000000 0.000000 0.000000 0.000000
    80 0.000000 0.000000 0.000000 0.000000 0.000000 0.000000
    81 0.000000 0.000000 0.000000 0.000000 0.000000 0.000000
    82 0.000000 0.000000 0.000000 0.000000 0.000000 0.000000
    83 0.000000 0.000000 0.000004 -1.570797 0.000001 0.000000
  time 51
    0 -5.337919 -15.204148 -6.329059 -1.576850 0.001390 -1.571343
    1 9.243773 6.139962 1.326173 -0.000001 0.000001 -1.570796
    2 3.442229 -1.240687 -0.005672 -0.000002 -0.000003 0.000000
    3 17.667921 -1.384574 1.233112 0.000000 -0.000003 -3.141592
    4 13.081079 -1.084008 0.792839 1.570797 -0.879478 -3.141593
    5 0.758741 0.000010 -0.000001 -1.570796 0.000000 -1.124720
    6 12.977262 -1.858502 0.676013 0.518314 -0.428322 -2.516407
    7 0.562688 -0.000006 -0.000004 -0.013014 -0.008068 -0.959463
    8 -3.744398 -24.424288 -8.099075 -3.139010 -1.057593 -0.002572
    9 2.341381 0.000021 0.000003 1.570738 1.242323 -0.000046
    10 1.074151 -20.504502 -10.477942 3.058264 0.012524 -1.681515
    11 1.473635 0.639422 -1.295233 1.873507 0.766140 0.332871
    12 1.832607 -0.000004 0.000007 3.131157 0.007152 0.847622
    13 1.003331 0.000000 0.000000 -3.095899 0.121084 0.034207
    14 3.823887 -0.419591 -1.411516 0.069795 0.155286 0.207665
    15 2.187963 0.000000 0.000000 -0.165860 -0.079982 1.419145
    16 1.100958 -0.000014 0.000000 0.087789 -0.052676 -0.184191
    17 3.987879 -0.577435 -0.474708 0.200599 0.169222 0.195927
    18 1.890100 -0.000008 0.000000 -0.153902 -0.042688 1.467060
    19 1.310926 0.000015 0.000000 -0.029730 0.074269 -0.259831
    20 4.117973 -0.654501 0.453699 0.085604 0.094078 0.260901
    21 1.655293 0.000002 0.000000 -0.029296 -0.049149 1.283708
    22 0.869586 0.000011 0.000000 0.062963 -0.019305 0.011264
    23 4.150639 -0.581580 1.354867 -0.178487 0.129533 0.002321
    24 1.157248 -0.000013 -0.000002 0.194855 -0.267812 1.185099
    25 1.019835 0.000002 0.000002 -1.675130 0.086219 0.371305
    26 3.429456 -5.007721 -5.116617 -1.559509 1.184571 -1.473631
    27 12.695436 0.000001 0.000018 -0.267014 0.293169 -1.734294
    28 -5.910434 -10.384963 -9.849015 3.064778 0.008749 -1.559675
    29 1.474217 -0.497913 -1.376119 1.283294 0.486350 -0.349537
    30 1.832175 -0.000001 0.000001 -2.584557 -0.154226 0.716821
    31 1.042012 0.000000 -0.000006 -2.947027 -0.173385 -0.033771
    32 3.823319 0.664870 -1.331676 0.113609 0.291967 -0.310053
    33 2.152367 0.000010 0.000000 0.048427 -0.257689 -0.122177
    34 1.056626 -0.000010 0.000000 0.273385 -0.069605 -0.538064
    35 3.985126 0.881823 -0.368987 0.187091 0.205038 -0.528353
    36 1.830173 0.000000 0.000000 0.309987 -0.029019 -1.518072
    37 1.561352 0.000013 0.000000 0.027385 0.000718 -1.353498
    38 4.116548 0.711289 0.551868 0.372897 0.175497 -0.950866
    39 1.752729 -0.000006 0.000000 0.065544 0.077355 -1.199522
    40 0.869356 0.000002 0.000000 0.010534 -0.055972 -0.881563
    41 4.118825 0.331244 1.419828 0.091710 0.246073 -1.081329
    42 1.176325 -0.000002 0.000000 0.019561 0.360394 -0.780529
    43 0.970213 0.000000 0.000000 1.685117 0.078242 -1.123257
    44 -9.258431 -0.998731 -5.116617 -3.544621 1.485132 -2.864125
    45 12.706341 0.000001 0.000000 -0.407837 0.230831 -2.270576
    46 11.809021 -1.206475 0.191726 -0.000002 -0.000003 0.000000
    47 0.598399 -0.643255 -0.162013 0.000000 -1.570796 -0.835635
    48 0.000010 0.000000 0.000011 0.000000 0.000000 0.000000
    49 1.200000 0.000000 0.000000 0.000000 0.000000 0.000000
    50 0.000010 -0.300000 0.000000 -3.141593 0.000000 -0.174533
    51 0.000000 -0.000001 0.000003 0.000001 -0.000001 0.000000
    52 0.000002 0.000000 -0.000002 -3.141593 0.000001 0.000000
    53 0.000002 0.000000 0.000002 0.000000 0.000000 0.349066
    54 0.000000 0.000000 0.000000 -3.141593 0.000000 0.000000
    55 0.000002 -0.000002 0.000000 -3.141593 0.000000 -0.000001
    56 0.000007 0.000004 0.000000 -3.141593 0.000000 -0.000001
    57 0.000001 -0.000004 0.000000 -3.141593 0.000000 0.000000
    58 0.000002 0.000010 0.000000 -3.141593 0.000000 0.000000
    59 0.000000 0.000000 0.000000 -3.141593 0.000000 0.000000
    60 -0.000001 -0.000004 0.000000 -3.141593 0.000000 0.000000
    61 0.000000 -0.000004 0.000000 -3.141593 0.000000 0.000000
    62 0.000001 -0.000002 0.000000 -3.141593 0.000000 0.000001
    63 0.000001 -0.000002 0.000000 3.141592 0.000000 -0.000001
    64 0.000000 0.000000 0.000000 -3.141593 0.000000 0.000000
    65 0.000000 0.000000 0.000000 -1.570797 -0.000001 0.000000
    66 0.000000 0.000000 0.000000 0.000000 0.000000 0.000000
    67 1.200001 0.000000 0.000000 0.000000 0.000000 0.000000
    68 0.000000 0.300000 0.000000 0.000000 0.000000 0.174533
    69 0.000000 0.000000 -0.000001 0.000000 0.000000 0.000000
    70 0.000000 0.000000 -0.000001 -3.141593 0.000000 0.000000
    71 0.000000 0.000000 0.000000 0.000001 0.000000 0.349065
    72 -0.000004 0.000003 0.000000 0.000000 0.000000 0.000000
    73 0.000009 -0.000006 0.000000 0.000000 0.000000 -0.000001
    74 0.000000 -0.000002 -0.000001 0.000000 -0.000001 -0.000001
    75 0.000000 0.000000 0.000000 0.000000 0.000000 0.000000
    76 0.000000 0.000000 0.000000 0.000000 0.000000 0.000001
    77 0.000000 0.000002 0.000000 0.000000 0.000000 0.000000
    78 -0.000007 -0.000013 0.000000 0.000000 0.000000 0.000001
    79 0.000000 0.000000 0.000000 0.000000 0.000000 0.000000
    80 0.000000 0.000000 0.000000 0.000000 0.000000 0.000000
    81 0.000000 0.000000 0.000000 0.000000 0.000000 0.000000
    82 0.000000 0.000000 0.000000 0.000000 0.000000 0.000000
    83 0.000000 0.000000 0.000004 -1.570797 0.000001 0.000000
  time 52
    0 -5.337919 -15.204148 -6.321246 -1.576629 0.001249 -1.571343
    1 9.243773 6.139962 1.326173 -0.000001 0.000001 -1.570796
    2 3.442229 -1.240687 -0.005672 -0.000002 -0.000003 0.000000
    3 17.667921 -1.384574 1.233112 0.000000 -0.000003 -3.141592
    4 13.081079 -1.084008 0.792839 1.570797 -0.879478 -3.141593
    5 0.758741 0.000010 -0.000001 -1.570796 0.000000 -1.124720
    6 12.977262 -1.858502 0.676013 0.518314 -0.428322 -2.516407
    7 0.562688 -0.000006 -0.000004 -0.013014 -0.008068 -0.959463
    8 -3.748304 -24.424288 -8.099075 -3.139201 -1.057797 -0.002384
    9 2.341381 0.000021 0.000003 1.570738 1.242323 -0.000046
    10 1.070244 -20.504502 -10.477942 3.058450 0.012438 -1.681515
    11 1.473635 0.639422 -1.295233 1.873507 0.766140 0.332871
    12 1.832607 -0.000004 0.000007 3.131157 0.007152 0.847622
    13 1.003331 0.000000 0.000000 -3.095899 0.121084 0.034207
    14 3.823887 -0.419591 -1.411516 0.069795 0.155286 0.207665
    15 2.187963 0.000000 0.000000 -0.165860 -0.079982 1.419145
    16 1.100958 -0.000014 0.000000 0.087789 -0.052676 -0.184191
    17 3.987879 -0.577435 -0.474708 0.200599 0.169210 0.195927
    18 1.890100 -0.000008 0.000000 -0.153902 -0.042688 1.467060
    19 1.310926 0.000015 0.000000 -0.029730 0.074269 -0.259831
    20 4.117973 -0.654501 0.453699 0.085604 0.094078 0.260901
    21 1.655293 0.000002 0.000000 -0.029296 -0.049149 1.283708
    22 0.869586 0.000011 0.000000 0.062963 -0.019305 0.011264
    23 4.150639 -0.581580 1.354867 -0.178487 0.129533 0.002321
    24 1.157248 -0.000013 -0.000002 0.194855 -0.267812 1.185099
    25 1.019835 0.000002 0.000002 -1.675130 0.086219 0.371305
    26 3.429456 -5.007721 -5.116617 -1.559509 1.184269 -1.473448
    27 12.695436 0.000001 0.000018 -0.267057 0.293169 -1.734428
    28 -5.910434 -10.384963 -9.849015 3.064987 0.008608 -1.559675
    29 1.474217 -0.497913 -1.376119 1.283294 0.486350 -0.349537
    30 1.832175 -0.000001 0.000001 -2.584557 -0.154226 0.716821
    31 1.042012 0.000000 -0.000006 -2.947027 -0.173385 -0.033771
    32 3.823319 0.664870 -1.331676 0.113609 0.291967 -0.310053
    33 2.152367 0.000010 0.000000 0.048427 -0.257689 -0.122177
    34 1.056626 -0.000010 0.000000 0.273385 -0.069605 -0.538064
    35 3.985126 0.881823 -0.368987 0.187091 0.205038 -0.528353
    36 1.830173 0.000000 0.000000 0.309987 -0.029019 -1.518072
    37 1.561352 0.000013 0.000000 0.027385 0.000718 -1.353498
    38 4.116548 0.711289 0.551868 0.372897 0.175497 -0.950866
    39 1.752729 -0.000006 0.000000 0.065544 0.077355 -1.199522
    40 0.869356 0.000002 0.000000 0.010534 -0.055972 -0.881563
    41 4.118825 0.331244 1.419828 0.091710 0.246073 -1.081329
    42 1.176325 -0.000002 0.000000 0.019561 0.360394 -0.780529
    43 0.970213 0.000000 0.000000 1.685117 0.078242 -1.123257
    44 -9.258431 -0.998731 -5.116617 -3.543759 1.485675 -2.863329
    45 12.706341 0.000001 0.000000 -0.407870 0.230831 -2.270652
    46 11.809021 -1.206475 0.191726 -0.000002 -0.000003 0.000000
    47 0.598399 -0.643255 -0.162013 0.000000 -1.570796 -0.835635
    48 0.000010 0.000000 0.000011 0.000000 0.000000 0.000000
    49 1.200000 0.000000 0.000000 0.000000 0.000000 0.000000
    50 0.000010 -0.300000 0.000000 -3.141593 0.000000 -0.174533
    51 0.000000 -0.000001 0.000003 0.000001 -0.000001 0.000000
    52 0.000002 0.000000 -0.000002 -3.141593 0.000001 0.000000
    53 0.000002 0.000000 0.000002 0.000000 0.000000 0.349066
    54 0.000000 0.000000 0.000000 -3.141593 0.000000 0.000000
    55 0.000002 -0.000002 0.000000 -3.141593 0.000000 -0.000001
    56 0.000007 0.000004 0.000000 -3.141593 0.000000 -0.000001
    57 0.000001 -0.000004 0.000000 -3.141593 0.000000 0.000000
    58 0.000002 0.000010 0.000000 -3.141593 0.000000 0.000000
    59 0.000000 0.000000 0.000000 -3.141593 0.000000 0.000000
    60 -0.000001 -0.000004 0.000000 -3.141593 0.000000 0.000000
    61 0.000000 -0.000004 0.000000 -3.141593 0.000000 0.000000
    62 0.000001 -0.000002 0.000000 -3.141593 0.000000 0.000001
    63 0.000001 -0.000002 0.000000 3.141592 0.000000 -0.000001
    64 0.000000 0.000000 0.000000 -3.141593 0.000000 0.000000
    65 0.000000 0.000000 0.000000 -1.570797 -0.000001 0.000000
    66 0.000000 0.000000 0.000000 0.000000 0.000000 0.000000
    67 1.200001 0.000000 0.000000 0.000000 0.000000 0.000000
    68 0.000000 0.300000 0.000000 0.000000 0.000000 0.174533
    69 0.000000 0.000000 -0.000001 0.000000 0.000000 0.000000
    70 0.000000 0.000000 -0.000001 -3.141593 0.000000 0.000000
    71 0.000000 0.000000 0.000000 0.000001 0.000000 0.349065
    72 -0.000004 0.000003 0.000000 0.000000 0.000000 0.000000
    73 0.000009 -0.000006 0.000000 0.000000 0.000000 -0.000001
    74 0.000000 -0.000002 -0.000001 0.000000 -0.000001 -0.000001
    75 0.000000 0.000000 0.000000 0.000000 0.000000 0.000000
    76 0.000000 0.000000 0.000000 0.000000 0.000000 0.000001
    77 0.000000 0.000002 0.000000 0.000000 0.000000 0.000000
    78 -0.000007 -0.000013 0.000000 0.000000 0.000000 0.000001
    79 0.000000 0.000000 0.000000 0.000000 0.000000 0.000000
    80 0.000000 0.000000 0.000000 0.000000 0.000000 0.000000
    81 0.000000 0.000000 0.000000 0.000000 0.000000 0.000000
    82 0.000000 0.000000 0.000000 0.000000 0.000000 0.000000
    83 0.000000 0.000000 0.000004 -1.570797 0.000001 0.000000
  time 53
    0 -5.337919 -15.204148 -6.321246 -1.576322 0.001038 -1.571343
    1 9.243773 6.139962 1.326173 -0.000001 0.000001 -1.570796
    2 3.442229 -1.240687 -0.005672 -0.000002 -0.000003 0.000000
    3 17.667921 -1.384574 1.233112 0.000000 -0.000003 -3.141592
    4 13.081079 -1.084008 0.792839 1.570797 -0.879478 -3.141593
    5 0.758741 0.000010 -0.000001 -1.570796 0.000000 -1.124720
    6 12.977262 -1.858502 0.676013 0.518314 -0.428322 -2.516407
    7 0.562688 -0.000006 -0.000004 -0.013014 -0.008068 -0.959463
    8 -3.752211 -24.424288 -8.099075 -3.139488 -1.058111 -0.002007
    9 2.341381 0.000021 0.000003 1.570738 1.242323 -0.000046
    10 1.070244 -20.508408 -10.474035 3.058776 0.012300 -1.681515
    11 1.473635 0.639422 -1.295233 1.873507 0.766140 0.332871
    12 1.832607 -0.000004 0.000007 3.131157 0.007152 0.847622
    13 1.003331 0.000000 0.000000 -3.095899 0.121084 0.034207
    14 3.823887 -0.419591 -1.411516 0.069795 0.155286 0.207665
    15 2.187963 0.000000 0.000000 -0.165860 -0.079982 1.419145
    16 1.100958 -0.000014 0.000000 0.087789 -0.052676 -0.184191
    17 3.987879 -0.577435 -0.474708 0.200599 0.169222 0.195927
    18 1.890100 -0.000008 0.000000 -0.153902 -0.042688 1.467060
    19 1.310926 0.000015 0.000000 -0.029730 0.074269 -0.259831
    20 4.117973 -0.654501 0.453699 0.085604 0.094078 0.260901
    21 1.655293 0.000002 0.000000 -0.029296 -0.049149 1.283708
    22 0.869586 0.000011 0.000000 0.062963 -0.019305 0.011264
    23 4.150639 -0.581580 1.354867 -0.178487 0.129533 0.002321
    24 1.157248 -0.000013 -0.000002 0.194855 -0.267812 1.185099
    25 1.019835 0.000002 0.000002 -1.675130 0.086219 0.371305
    26 3.429456 -5.007721 -5.116617 -1.558958 1.183794 -1.473357
    27 12.695436 0.000001 0.000018 -0.267100 0.293169 -1.734428
    28 -5.914341 -10.388870 -9.845109 3.065282 0.008379 -1.559675
    29 1.474217 -0.497913 -1.376119 1.283294 0.486350 -0.349537
    30 1.832175 -0.000001 0.000001 -2.584557 -0.154226 0.716821
    31 1.042012 0.000000 -0.000006 -2.947027 -0.173385 -0.033771
    32 3.823319 0.664870 -1.331676 0.113609 0.291967 -0.310053
    33 2.152367 0.000010 0.000000 0.048427 -0.257689 -0.122177
    34 1.056626 -0.000010 0.000000 0.273385 -0.069605 -0.538064
    35 3.985126 0.881823 -0.368987 0.187091 0.205038 -0.528353
    36 1.830173 0.000000 0.000000 0.309987 -0.029019 -1.518072
    37 1.561352 0.000013 0.000000 0.027385 0.000718 -1.353498
    38 4.116548 0.711289 0.551868 0.372897 0.175497 -0.950866
    39 1.752729 -0.000006 0.000000 0.065544 0.077355 -1.199522
    40 0.869356 0.000002 0.000000 0.010534 -0.055972 -0.881563
    41 4.118825 0.331244 1.419828 0.091710 0.246073 -1.081329
    42 1.176325 -0.000002 0.000000 0.019561 0.360394 -0.780529
    43 0.970213 0.000000 0.000000 1.685136 0.078242 -1.123257
    44 -9.258431 -0.998731 -5.116617 -3.542227 1.486082 -2.862533
    45 12.706341 0.000001 0.000000 -0.407870 0.230831 -2.270805
    46 11.809021 -1.206475 0.191726 -0.000002 -0.000003 0.000000
    47 0.598399 -0.643255 -0.162013 0.000000 -1.570796 -0.835635
    48 0.000010 0.000000 0.000011 0.000000 0.000000 0.000000
    49 1.200000 0.000000 0.000000 0.000000 0.000000 0.000000
    50 0.000010 -0.300000 0.000000 -3.141593 0.000000 -0.174533
    51 0.000000 -0.000001 0.000003 0.000001 -0.000001 0.000000
    52 0.000002 0.000000 -0.000002 -3.141593 0.000001 0.000000
    53 0.000002 0.000000 0.000002 0.000000 0.000000 0.349066
    54 0.000000 0.000000 0.000000 -3.141593 0.000000 0.000000
    55 0.000002 -0.000002 0.000000 -3.141593 0.000000 -0.000001
    56 0.000007 0.000004 0.000000 -3.141593 0.000000 -0.000001
    57 0.000001 -0.000004 0.000000 -3.141593 0.000000 0.000000
    58 0.000002 0.000010 0.000000 -3.141593 0.000000 0.000000
    59 0.000000 0.000000 0.000000 -3.141593 0.000000 0.000000
    60 -0.000001 -0.000004 0.000000 -3.141593 0.000000 0.000000
    61 0.000000 -0.000004 0.000000 -3.141593 0.000000 0.000000
    62 0.000001 -0.000002 0.000000 -3.141593 0.000000 0.000001
    63 0.000001 -0.000002 0.000000 3.141592 0.000000 -0.000001
    64 0.000000 0.000000 0.000000 -3.141593 0.000000 0.000000
    65 0.000000 0.000000 0.000000 -1.570797 -0.000001 0.000000
    66 0.000000 0.000000 0.000000 0.000000 0.000000 0.000000
    67 1.200001 0.000000 0.000000 0.000000 0.000000 0.000000
    68 0.000000 0.300000 0.000000 0.000000 0.000000 0.174533
    69 0.000000 0.000000 -0.000001 0.000000 0.000000 0.000000
    70 0.000000 0.000000 -0.000001 -3.141593 0.000000 0.000000
    71 0.000000 0.000000 0.000000 0.000001 0.000000 0.349065
    72 -0.000004 0.000003 0.000000 0.000000 0.000000 0.000000
    73 0.000009 -0.000006 0.000000 0.000000 0.000000 -0.000001
    74 0.000000 -0.000002 -0.000001 0.000000 -0.000001 -0.000001
    75 0.000000 0.000000 0.000000 0.000000 0.000000 0.000000
    76 0.000000 0.000000 0.000000 0.000000 0.000000 0.000001
    77 0.000000 0.000002 0.000000 0.000000 0.000000 0.000000
    78 -0.000007 -0.000013 0.000000 0.000000 0.000000 0.000001
    79 0.000000 0.000000 0.000000 0.000000 0.000000 0.000000
    80 0.000000 0.000000 0.000000 0.000000 0.000000 0.000000
    81 0.000000 0.000000 0.000000 0.000000 0.000000 0.000000
    82 0.000000 0.000000 0.000000 0.000000 0.000000 0.000000
    83 0.000000 0.000000 0.000004 -1.570797 0.000001 0.000000
  time 54
    0 -5.337919 -15.204148 -6.313433 -1.575966 0.000862 -1.571343
    1 9.243773 6.139962 1.326173 -0.000001 0.000001 -1.570796
    2 3.442229 -1.240687 -0.005672 -0.000002 -0.000003 0.000000
    3 17.667921 -1.384574 1.233112 0.000000 -0.000003 -3.141592
    4 13.081079 -1.084008 0.792839 1.570797 -0.879478 -3.141593
    5 0.758741 0.000010 -0.000001 -1.570796 0.000000 -1.124720
    6 12.977262 -1.858502 0.676013 0.518314 -0.428322 -2.516407
    7 0.562688 -0.000006 -0.000004 -0.013014 -0.008068 -0.959463
    8 -3.756117 -24.424288 -8.095169 -3.139966 -1.058472 -0.001725
    9 2.341381 0.000021 0.000003 1.570738 1.242323 -0.000046
    10 1.066338 -20.508408 -10.466223 3.059195 0.012128 -1.681336
    11 1.473635 0.639422 -1.295233 1.873507 0.766140 0.332871
    12 1.832607 -0.000004 0.000007 3.131157 0.007152 0.847622
    13 1.003331 0.000000 0.000000 -3.095899 0.121084 0.034207
    14 3.823887 -0.419591 -1.411516 0.069795 0.155286 0.207665
    15 2.187963 0.000000 0.000000 -0.165860 -0.079982 1.419145
    16 1.100958 -0.000014 0.000000 0.087789 -0.052676 -0.184191
    17 3.987879 -0.577435 -0.474708 0.200599 0.169210 0.195927
    18 1.890100 -0.000008 0.000000 -0.153902 -0.042688 1.467060
    19 1.310926 0.000015 0.000000 -0.029730 0.074269 -0.259831
    20 4.117973 -0.654501 0.453699 0.085604 0.094078 0.260901
    21 1.655293 0.000002 0.000000 -0.029296 -0.049149 1.283708
    22 0.869586 0.000011 0.000000 0.062963 -0.019305 0.011264
    23 4.150639 -0.581580 1.354867 -0.178487 0.129533 0.002321
    24 1.157248 -0.000013 -0.000002 0.194855 -0.267812 1.185099
    25 1.019835 0.000002 0.000002 -1.675130 0.086219 0.371305
    26 3.429456 -5.007721 -5.116617 -1.558591 1.183492 -1.473357
    27 12.695436 0.000001 0.000018 -0.267143 0.293157 -1.734428
    28 -5.918247 -10.388870 -9.841203 3.065676 0.008203 -1.559675
    29 1.474217 -0.497913 -1.376119 1.283294 0.486350 -0.349537
    30 1.832175 -0.000001 0.000001 -2.584533 -0.154226 0.716821
    31 1.042012 0.000000 -0.000006 -2.947027 -0.173385 -0.033771
    32 3.823319 0.664870 -1.331676 0.113609 0.291967 -0.310053
    33 2.152367 0.000010 0.000000 0.048427 -0.257689 -0.122177
    34 1.056626 -0.000010 0.000000 0.273385 -0.069605 -0.538064
    35 3.985126 0.881823 -0.368987 0.187091 0.205038 -0.528353
    36 1.830173 0.000000 0.000000 0.309987 -0.029019 -1.518072
    37 1.561352 0.000013 0.000000 0.027385 0.000718 -1.353498
    38 4.116548 0.711289 0.551868 0.372897 0.175497 -0.950866
    39 1.752729 -0.000006 0.000000 0.065544 0.077355 -1.199522
    40 0.869356 0.000002 0.000000 0.010534 -0.055972 -0.881563
    41 4.118825 0.331244 1.419828 0.091710 0.246073 -1.081329
    42 1.176325 -0.000002 0.000000 0.019561 0.360394 -0.780529
    43 0.970213 0.000000 0.000000 1.685117 0.078255 -1.123257
    44 -9.258431 -0.998731 -5.116617 -3.540982 1.486489 -2.861472
    45 12.706341 0.000001 0.000000 -0.407870 0.230831 -2.270881
    46 11.809021 -1.206475 0.191726 -0.000002 -0.000003 0.000000
    47 0.598399 -0.643255 -0.162013 0.000000 -1.570796 -0.835635
    48 0.000010 0.000000 0.000011 0.000000 0.000000 0.000000
    49 1.200000 0.000000 0.000000 0.000000 0.000000 0.000000
    50 0.000010 -0.300000 0.000000 -3.141593 0.000000 -0.174533
    51 0.000000 -0.000001 0.000003 0.000001 -0.000001 0.000000
    52 0.000002 0.000000 -0.000002 -3.141593 0.000001 0.000000
    53 0.000002 0.000000 0.000002 0.000000 0.000000 0.349066
    54 0.000000 0.000000 0.000000 -3.141593 0.000000 0.000000
    55 0.000002 -0.000002 0.000000 -3.141593 0.000000 -0.000001
    56 0.000007 0.000004 0.000000 -3.141593 0.000000 -0.000001
    57 0.000001 -0.000004 0.000000 -3.141593 0.000000 0.000000
    58 0.000002 0.000010 0.000000 -3.141593 0.000000 0.000000
    59 0.000000 0.000000 0.000000 -3.141593 0.000000 0.000000
    60 -0.000001 -0.000004 0.000000 -3.141593 0.000000 0.000000
    61 0.000000 -0.000004 0.000000 -3.141593 0.000000 0.000000
    62 0.000001 -0.000002 0.000000 -3.141593 0.000000 0.000001
    63 0.000001 -0.000002 0.000000 3.141592 0.000000 -0.000001
    64 0.000000 0.000000 0.000000 -3.141593 0.000000 0.000000
    65 0.000000 0.000000 0.000000 -1.570797 -0.000001 0.000000
    66 0.000000 0.000000 0.000000 0.000000 0.000000 0.000000
    67 1.200001 0.000000 0.000000 0.000000 0.000000 0.000000
    68 0.000000 0.300000 0.000000 0.000000 0.000000 0.174533
    69 0.000000 0.000000 -0.000001 0.000000 0.000000 0.000000
    70 0.000000 0.000000 -0.000001 -3.141593 0.000000 0.000000
    71 0.000000 0.000000 0.000000 0.000001 0.000000 0.349065
    72 -0.000004 0.000003 0.000000 0.000000 0.000000 0.000000
    73 0.000009 -0.000006 0.000000 0.000000 0.000000 -0.000001
    74 0.000000 -0.000002 -0.000001 0.000000 -0.000001 -0.000001
    75 0.000000 0.000000 0.000000 0.000000 0.000000 0.000000
    76 0.000000 0.000000 0.000000 0.000000 0.000000 0.000001
    77 0.000000 0.000002 0.000000 0.000000 0.000000 0.000000
    78 -0.000007 -0.000013 0.000000 0.000000 0.000000 0.000001
    79 0.000000 0.000000 0.000000 0.000000 0.000000 0.000000
    80 0.000000 0.000000 0.000000 0.000000 0.000000 0.000000
    81 0.000000 0.000000 0.000000 0.000000 0.000000 0.000000
    82 0.000000 0.000000 0.000000 0.000000 0.000000 0.000000
    83 0.000000 0.000000 0.000004 -1.570797 0.000001 0.000000
  time 55
    0 -5.337919 -15.204148 -6.313433 -1.575536 0.000616 -1.571343
    1 9.243773 6.139962 1.326173 -0.000001 0.000001 -1.570796
    2 3.442229 -1.240687 -0.005672 -0.000002 -0.000003 0.000000
    3 17.667921 -1.384574 1.233112 0.000000 -0.000003 -3.141592
    4 13.081079 -1.084008 0.792839 1.570797 -0.879478 -3.141593
    5 0.758741 0.000010 -0.000001 -1.570796 0.000000 -1.124720
    6 12.977262 -1.858502 0.676013 0.518314 -0.428322 -2.516407
    7 0.562688 -0.000006 -0.000004 -0.013014 -0.008068 -0.959463
    8 -3.756117 -24.424288 -8.083450 -3.140540 -1.058896 -0.001160
    9 2.341381 0.000021 0.000003 1.570738 1.242323 -0.000046
    10 1.066338 -20.508408 -10.458410 3.059614 0.011921 -1.681336
    11 1.473635 0.639422 -1.295233 1.873507 0.766140 0.332871
    12 1.832607 -0.000004 0.000007 3.131157 0.007152 0.847622
    13 1.003331 0.000000 0.000000 -3.095899 0.121084 0.034207
    14 3.823887 -0.419591 -1.411516 0.069795 0.155286 0.207665
    15 2.187963 0.000000 0.000000 -0.165860 -0.079982 1.419145
    16 1.100958 -0.000014 0.000000 0.087789 -0.052676 -0.184191
    17 3.987879 -0.577435 -0.474708 0.200599 0.169222 0.195927
    18 1.890100 -0.000008 0.000000 -0.153902 -0.042688 1.467060
    19 1.310926 0.000015 0.000000 -0.029730 0.074269 -0.259831
    20 4.117973 -0.654501 0.453699 0.085604 0.094078 0.260901
    21 1.655293 0.000002 0.000000 -0.029296 -0.049149 1.283708
    22 0.869586 0.000011 0.000000 0.062963 -0.019305 0.011264
    23 4.150639 -0.581580 1.354867 -0.178487 0.129533 0.002321
    24 1.157248 -0.000013 -0.000002 0.194855 -0.267812 1.185099
    25 1.019835 0.000002 0.000002 -1.675130 0.086219 0.371305
    26 3.429456 -5.007721 -5.116617 -1.558407 1.182974 -1.473174
    27 12.695436 0.000001 0.000018 -0.267186 0.293157 -1.734829
    28 -5.918247 -10.388870 -9.841203 3.066094 0.007956 -1.559675
    29 1.474217 -0.497913 -1.376119 1.283294 0.486350 -0.349537
    30 1.832175 -0.000001 0.000001 -2.584557 -0.154226 0.716843
    31 1.042012 0.000000 -0.000006 -2.947027 -0.173385 -0.033771
    32 3.823319 0.664870 -1.331676 0.113609 0.291967 -0.310053
    33 2.152367 0.000010 0.000000 0.048427 -0.257689 -0.122177
    34 1.056626 -0.000010 0.000000 0.273385 -0.069605 -0.538064
    35 3.985126 0.881823 -0.368987 0.187091 0.205038 -0.528353
    36 1.830173 0.000000 0.000000 0.309987 -0.029019 -1.518072
    37 1.561352 0.000013 0.000000 0.027385 0.000718 -1.353498
    38 4.116548 0.711289 0.551868 0.372897 0.175497 -0.950866
    39 1.752729 -0.000006 0.000000 0.065544 0.077355 -1.199522
    40 0.869356 0.000002 0.000000 0.010534 -0.055972 -0.881563
    41 4.118825 0.331244 1.419828 0.091710 0.246073 -1.081329
    42 1.176325 -0.000002 0.000000 0.019561 0.360394 -0.780529
    43 0.970213 0.000000 0.000000 1.685117 0.078242 -1.123257
    44 -9.258431 -0.998731 -5.116617 -3.539354 1.486806 -2.860057
    45 12.706341 0.000001 0.000000 -0.407919 0.230819 -2.270957
    46 11.809021 -1.206475 0.191726 -0.000002 -0.000003 0.000000
    47 0.598399 -0.643255 -0.162013 0.000000 -1.570796 -0.835635
    48 0.000010 0.000000 0.000011 0.000000 0.000000 0.000000
    49 1.200000 0.000000 0.000000 0.000000 0.000000 0.000000
    50 0.000010 -0.300000 0.000000 -3.141593 0.000000 -0.174533
    51 0.000000 -0.000001 0.000003 0.000001 -0.000001 0.000000
    52 0.000002 0.000000 -0.000002 -3.141593 0.000001 0.000000
    53 0.000002 0.000000 0.000002 0.000000 0.000000 0.349066
    54 0.000000 0.000000 0.000000 -3.141593 0.000000 0.000000
    55 0.000002 -0.000002 0.000000 -3.141593 0.000000 -0.000001
    56 0.000007 0.000004 0.000000 -3.141593 0.000000 -0.000001
    57 0.000001 -0.000004 0.000000 -3.141593 0.000000 0.000000
    58 0.000002 0.000010 0.000000 -3.141593 0.000000 0.000000
    59 0.000000 0.000000 0.000000 -3.141593 0.000000 0.000000
    60 -0.000001 -0.000004 0.000000 -3.141593 0.000000 0.000000
    61 0.000000 -0.000004 0.000000 -3.141593 0.000000 0.000000
    62 0.000001 -0.000002 0.000000 -3.141593 0.000000 0.000001
    63 0.000001 -0.000002 0.000000 3.141592 0.000000 -0.000001
    64 0.000000 0.000000 0.000000 -3.141593 0.000000 0.000000
    65 0.000000 0.000000 0.000000 -1.570797 -0.000001 0.000000
    66 0.000000 0.000000 0.000000 0.000000 0.000000 0.000000
    67 1.200001 0.000000 0.000000 0.000000 0.000000 0.000000
    68 0.000000 0.300000 0.000000 0.000000 0.000000 0.174533
    69 0.000000 0.000000 -0.000001 0.000000 0.000000 0.000000
    70 0.000000 0.000000 -0.000001 -3.141593 0.000000 0.000000
    71 0.000000 0.000000 0.000000 0.000001 0.000000 0.349065
    72 -0.000004 0.000003 0.000000 0.000000 0.000000 0.000000
    73 0.000009 -0.000006 0.000000 0.000000 0.000000 -0.000001
    74 0.000000 -0.000002 -0.000001 0.000000 -0.000001 -0.000001
    75 0.000000 0.000000 0.000000 0.000000 0.000000 0.000000
    76 0.000000 0.000000 0.000000 0.000000 0.000000 0.000001
    77 0.000000 0.000002 0.000000 0.000000 0.000000 0.000000
    78 -0.000007 -0.000013 0.000000 0.000000 0.000000 0.000001
    79 0.000000 0.000000 0.000000 0.000000 0.000000 0.000000
    80 0.000000 0.000000 0.000000 0.000000 0.000000 0.000000
    81 0.000000 0.000000 0.000000 0.000000 0.000000 0.000000
    82 0.000000 0.000000 0.000000 0.000000 0.000000 0.000000
    83 0.000000 0.000000 0.000004 -1.570797 0.000001 0.000000
  time 56
    0 -5.337919 -15.204148 -6.309527 -1.575094 0.000405 -1.571343
    1 9.243773 6.139962 1.326173 -0.000001 0.000001 -1.570796
    2 3.442229 -1.240687 -0.005672 -0.000002 -0.000003 0.000000
    3 17.667921 -1.384574 1.233112 0.000000 -0.000003 -3.141592
    4 13.081079 -1.084008 0.792839 1.570797 -0.879478 -3.141593
    5 0.758741 0.000010 -0.000001 -1.570796 0.000000 -1.124720
    6 12.977262 -1.858502 0.676013 0.518314 -0.428322 -2.516407
    7 0.562688 -0.000006 -0.000004 -0.013014 -0.008068 -0.959463
    8 -3.760023 -24.428194 -8.083450 -3.140731 -1.059335 -0.000878
    9 2.341381 0.000021 0.000003 1.570738 1.242323 -0.000046
    10 1.066338 -20.508408 -10.442784 3.060126 0.011766 -1.681336
    11 1.473635 0.639422 -1.295233 1.873507 0.766140 0.332871
    12 1.832607 -0.000004 0.000007 3.131157 0.007152 0.847622
    13 1.003331 0.000000 0.000000 -3.095899 0.121084 0.034207
    14 3.823887 -0.419591 -1.411516 0.069795 0.155286 0.207665
    15 2.187963 0.000000 0.000000 -0.165860 -0.079982 1.419145
    16 1.100958 -0.000014 0.000000 0.087789 -0.052676 -0.184191
    17 3.987879 -0.577435 -0.474708 0.200599 0.169210 0.195927
    18 1.890100 -0.000008 0.000000 -0.153902 -0.042688 1.467060
    19 1.310926 0.000015 0.000000 -0.029730 0.074269 -0.259831
    20 4.117973 -0.654501 0.453699 0.085604 0.094078 0.260901
    21 1.655293 0.000002 0.000000 -0.029296 -0.049149 1.283708
    22 0.869586 0.000011 0.000000 0.062963 -0.019305 0.011264
    23 4.150639 -0.581580 1.354867 -0.178487 0.129533 0.002321
    24 1.157248 -0.000013 -0.000002 0.194855 -0.267812 1.185099
    25 1.019835 0.000002 0.000002 -1.675130 0.086219 0.371305
    26 3.429456 -5.007721 -5.116617 -1.558407 1.182715 -1.473174
    27 12.695436 0.000001 0.000018 -0.267229 0.293145 -1.734963
    28 -5.918247 -10.388870 -9.833390 3.066512 0.007762 -1.559675
    29 1.474217 -0.497913 -1.376119 1.283294 0.486350 -0.349537
    30 1.832175 -0.000001 0.000001 -2.584557 -0.154226 0.716843
    31 1.042012 0.000000 -0.000006 -2.947027 -0.173385 -0.033771
    32 3.823319 0.664870 -1.331676 0.113609 0.291967 -0.310053
    33 2.152367 0.000010 0.000000 0.048427 -0.257689 -0.122177
    34 1.056626 -0.000010 0.000000 0.273385 -0.069605 -0.538064
    35 3.985126 0.881823 -0.368987 0.187091 0.205038 -0.528353
    36 1.830173 0.000000 0.000000 0.309987 -0.029019 -1.518072
    37 1.561352 0.000013 0.000000 0.027385 0.000718 -1.353498
    38 4.116548 0.711289 0.551868 0.372897 0.175497 -0.950866
    39 1.752729 -0.000006 0.000000 0.065544 0.077355 -1.199522
    40 0.869356 0.000002 0.000000 0.010534 -0.055972 -0.881563
    41 4.118825 0.331244 1.419828 0.091710 0.246073 -1.081329
    42 1.176325 -0.000002 0.000000 0.019561 0.360394 -0.780529
    43 0.970213 0.000000 0.000000 1.685136 0.078242 -1.123257
    44 -9.258431 -0.998731 -5.116617 -3.537630 1.487032 -2.858731
    45 12.706341 0.000001 0.000000 -0.407919 0.230807 -2.270957
    46 11.809021 -1.206475 0.191726 -0.000002 -0.000003 0.000000
    47 0.598399 -0.643255 -0.162013 0.000000 -1.570796 -0.835635
    48 0.000010 0.000000 0.000011 0.000000 0.000000 0.000000
    49 1.200000 0.000000 0.000000 0.000000 0.000000 0.000000
    50 0.000010 -0.300000 0.000000 -3.141593 0.000000 -0.174533
    51 0.000000 -0.000001 0.000003 0.000001 -0.000001 0.000000
    52 0.000002 0.000000 -0.000002 -3.141593 0.000001 0.000000
    53 0.000002 0.000000 0.000002 0.000000 0.000000 0.349066
    54 0.000000 0.000000 0.000000 -3.141593 0.000000 0.000000
    55 0.000002 -0.000002 0.000000 -3.141593 0.000000 -0.000001
    56 0.000007 0.000004 0.000000 -3.141593 0.000000 -0.000001
    57 0.000001 -0.000004 0.000000 -3.141593 0.000000 0.000000
    58 0.000002 0.000010 0.000000 -3.141593 0.000000 0.000000
    59 0.000000 0.000000 0.000000 -3.141593 0.000000 0.000000
    60 -0.000001 -0.000004 0.000000 -3.141593 0.000000 0.000000
    61 0.000000 -0.000004 0.000000 -3.141593 0.000000 0.000000
    62 0.000001 -0.000002 0.000000 -3.141593 0.000000 0.000001
    63 0.000001 -0.000002 0.000000 3.141592 0.000000 -0.000001
    64 0.000000 0.000000 0.000000 -3.141593 0.000000 0.000000
    65 0.000000 0.000000 0.000000 -1.570797 -0.000001 0.000000
    66 0.000000 0.000000 0.000000 0.000000 0.000000 0.000000
    67 1.200001 0.000000 0.000000 0.000000 0.000000 0.000000
    68 0.000000 0.300000 0.000000 0.000000 0.000000 0.174533
    69 0.000000 0.000000 -0.000001 0.000000 0.000000 0.000000
    70 0.000000 0.000000 -0.000001 -3.141593 0.000000 0.000000
    71 0.000000 0.000000 0.000000 0.000001 0.000000 0.349065
    72 -0.000004 0.000003 0.000000 0.000000 0.000000 0.000000
    73 0.000009 -0.000006 0.000000 0.000000 0.000000 -0.000001
    74 0.000000 -0.000002 -0.000001 0.000000 -0.000001 -0.000001
    75 0.000000 0.000000 0.000000 0.000000 0.000000 0.000000
    76 0.000000 0.000000 0.000000 0.000000 0.000000 0.000001
    77 0.000000 0.000002 0.000000 0.000000 0.000000 0.000000
    78 -0.000007 -0.000013 0.000000 0.000000 0.000000 0.000001
    79 0.000000 0.000000 0.000000 0.000000 0.000000 0.000000
    80 0.000000 0.000000 0.000000 0.000000 0.000000 0.000000
    81 0.000000 0.000000 0.000000 0.000000 0.000000 0.000000
    82 0.000000 0.000000 0.000000 0.000000 0.000000 0.000000
    83 0.000000 0.000000 0.000004 -1.570797 0.000001 0.000000
  time 57
    0 -5.337919 -15.204148 -6.305620 -1.574689 0.000229 -1.571343
    1 9.243773 6.139962 1.326173 -0.000001 0.000001 -1.570796
    2 3.442229 -1.240687 -0.005672 -0.000002 -0.000003 0.000000
    3 17.667921 -1.384574 1.233112 0.000000 -0.000003 -3.141592
    4 13.081079 -1.084008 0.792839 1.570797 -0.879478 -3.141593
    5 0.758741 0.000010 -0.000001 -1.570796 0.000000 -1.124720
    6 12.977262 -1.858502 0.676013 0.518314 -0.428322 -2.516407
    7 0.562688 -0.000006 -0.000004 -0.013014 -0.008068 -0.959463
    8 -3.760023 -24.428194 -8.067824 -3.141305 -1.059759 -0.000501
    9 2.341381 0.000021 0.000003 1.570738 1.242323 -0.000046
    10 1.066338 -20.508408 -10.442784 3.060545 0.011611 -1.681336
    11 1.473635 0.639422 -1.295233 1.873507 0.766140 0.332871
    12 1.832607 -0.000004 0.000007 3.131157 0.007152 0.847622
    13 1.003331 0.000000 0.000000 -3.095899 0.121084 0.034207
    14 3.823887 -0.419591 -1.411516 0.069795 0.155286 0.207665
    15 2.187963 0.000000 0.000000 -0.165860 -0.079982 1.419145
    16 1.100958 -0.000014 0.000000 0.087789 -0.052676 -0.184191
    17 3.987879 -0.577435 -0.474708 0.200599 0.169222 0.195927
    18 1.890100 -0.000008 0.000000 -0.153902 -0.042688 1.467060
    19 1.310926 0.000015 0.000000 -0.029730 0.074269 -0.259831
    20 4.117973 -0.654501 0.453699 0.085604 0.094078 0.260901
    21 1.655293 0.000002 0.000000 -0.029296 -0.049149 1.283708
    22 0.869586 0.000011 0.000000 0.062963 -0.019305 0.011264
    23 4.150639 -0.581580 1.354867 -0.178487 0.129533 0.002321
    24 1.157248 -0.000013 -0.000002 0.194855 -0.267812 1.185099
    25 1.019835 0.000002 0.000002 -1.675130 0.086219 0.371305
    26 3.429456 -5.007721 -5.116617 -1.558407 1.182370 -1.473174
    27 12.695436 0.000001 0.000018 -0.267272 0.293133 -1.734963
    28 -5.918247 -10.388870 -9.833390 3.066955 0.007533 -1.559675
    29 1.474217 -0.497913 -1.376119 1.283294 0.486350 -0.349537
    30 1.832175 -0.000001 0.000001 -2.584557 -0.154226 0.716821
    31 1.042012 0.000000 -0.000006 -2.947027 -0.173385 -0.033771
    32 3.823319 0.664870 -1.331676 0.113609 0.291967 -0.310053
    33 2.152367 0.000010 0.000000 0.048427 -0.257689 -0.122177
    34 1.056626 -0.000010 0.000000 0.273385 -0.069605 -0.538064
    35 3.985126 0.881823 -0.368987 0.187091 0.205038 -0.528353
    36 1.830173 0.000000 0.000000 0.309987 -0.029019 -1.518072
    37 1.561352 0.000013 0.000000 0.027385 0.000718 -1.353498
    38 4.116548 0.711289 0.551868 0.372897 0.175497 -0.950866
    39 1.752729 -0.000006 0.000000 0.065544 0.077355 -1.199522
    40 0.869356 0.000002 0.000000 0.010534 -0.055972 -0.881563
    41 4.118825 0.331244 1.419828 0.091710 0.246073 -1.081329
    42 1.176325 -0.000002 0.000000 0.019561 0.360394 -0.780529
    43 0.970213 0.000000 0.000000 1.685136 0.078242 -1.123257
    44 -9.258431 -0.998731 -5.116617 -3.535811 1.487213 -2.857051
    45 12.706341 0.000001 0.000000 -0.407919 0.230795 -2.270957
    46 11.809021 -1.206475 0.191726 -0.000002 -0.000003 0.000000
    47 0.598399 -0.643255 -0.162013 0.000000 -1.570796 -0.835635
    48 0.000010 0.000000 0.000011 0.000000 0.000000 0.000000
    49 1.200000 0.000000 0.000000 0.000000 0.000000 0.000000
    50 0.000010 -0.300000 0.000000 -3.141593 0.000000 -0.174533
    51 0.000000 -0.000001 0.000003 0.000001 -0.000001 0.000000
    52 0.000002 0.000000 -0.000002 -3.141593 0.000001 0.000000
    53 0.000002 0.000000 0.000002 0.000000 0.000000 0.349066
    54 0.000000 0.000000 0.000000 -3.141593 0.000000 0.000000
    55 0.000002 -0.000002 0.000000 -3.141593 0.000000 -0.000001
    56 0.000007 0.000004 0.000000 -3.141593 0.000000 -0.000001
    57 0.000001 -0.000004 0.000000 -3.141593 0.000000 0.000000
    58 0.000002 0.000010 0.000000 -3.141593 0.000000 0.000000
    59 0.000000 0.000000 0.000000 -3.141593 0.000000 0.000000
    60 -0.000001 -0.000004 0.000000 -3.141593 0.000000 0.000000
    61 0.000000 -0.000004 0.000000 -3.141593 0.000000 0.000000
    62 0.000001 -0.000002 0.000000 -3.141593 0.000000 0.000001
    63 0.000001 -0.000002 0.000000 3.141592 0.000000 -0.000001
    64 0.000000 0.000000 0.000000 -3.141593 0.000000 0.000000
    65 0.000000 0.000000 0.000000 -1.570797 -0.000001 0.000000
    66 0.000000 0.000000 0.000000 0.000000 0.000000 0.000000
    67 1.200001 0.000000 0.000000 0.000000 0.000000 0.000000
    68 0.000000 0.300000 0.000000 0.000000 0.000000 0.174533
    69 0.000000 0.000000 -0.000001 0.000000 0.000000 0.000000
    70 0.000000 0.000000 -0.000001 -3.141593 0.000000 0.000000
    71 0.000000 0.000000 0.000000 0.000001 0.000000 0.349065
    72 -0.000004 0.000003 0.000000 0.000000 0.000000 0.000000
    73 0.000009 -0.000006 0.000000 0.000000 0.000000 -0.000001
    74 0.000000 -0.000002 -0.000001 0.000000 -0.000001 -0.000001
    75 0.000000 0.000000 0.000000 0.000000 0.000000 0.000000
    76 0.000000 0.000000 0.000000 0.000000 0.000000 0.000001
    77 0.000000 0.000002 0.000000 0.000000 0.000000 0.000000
    78 -0.000007 -0.000013 0.000000 0.000000 0.000000 0.000001
    79 0.000000 0.000000 0.000000 0.000000 0.000000 0.000000
    80 0.000000 0.000000 0.000000 0.000000 0.000000 0.000000
    81 0.000000 0.000000 0.000000 0.000000 0.000000 0.000000
    82 0.000000 0.000000 0.000000 0.000000 0.000000 0.000000
    83 0.000000 0.000000 0.000004 -1.570797 0.000001 0.000000
  time 58
    0 -5.337919 -15.204148 -6.305620 -1.574308 0.000106 -1.571343
    1 9.243773 6.139962 1.326173 -0.000001 0.000001 -1.570796
    2 3.442229 -1.240687 -0.005672 -0.000002 -0.000003 0.000000
    3 17.667921 -1.384574 1.233112 0.000000 -0.000003 -3.141592
    4 13.081079 -1.084008 0.792839 1.570797 -0.879478 -3.141593
    5 0.758741 0.000010 -0.000001 -1.570796 0.000000 -1.124720
    6 12.977262 -1.858502 0.676013 0.518314 -0.428322 -2.516407
    7 0.562688 -0.000006 -0.000004 -0.013014 -0.008068 -0.959463
    8 -3.760023 -24.428194 -8.067824 -3.141496 -1.060120 -0.000219
    9 2.341381 0.000021 0.000003 1.570738 1.242323 -0.000046
    10 1.066338 -20.508408 -10.438878 3.060917 0.011542 -1.681336
    11 1.473635 0.639422 -1.295233 1.873507 0.766140 0.332871
    12 1.832607 -0.000004 0.000007 3.131157 0.007152 0.847622
    13 1.003331 0.000000 0.000000 -3.095899 0.121084 0.034207
    14 3.823887 -0.419591 -1.411516 0.069795 0.155286 0.207665
    15 2.187963 0.000000 0.000000 -0.165860 -0.079982 1.419145
    16 1.100958 -0.000014 0.000000 0.087789 -0.052676 -0.184191
    17 3.987879 -0.577435 -0.474708 0.200599 0.169222 0.195927
    18 1.890100 -0.000008 0.000000 -0.153902 -0.042688 1.467060
    19 1.310926 0.000015 0.000000 -0.029730 0.074269 -0.259831
    20 4.117973 -0.654501 0.453699 0.085604 0.094078 0.260901
    21 1.655293 0.000002 0.000000 -0.029296 -0.049149 1.283708
    22 0.869586 0.000011 0.000000 0.062963 -0.019305 0.011264
    23 4.150639 -0.581580 1.354867 -0.178487 0.129533 0.002321
    24 1.157248 -0.000013 -0.000002 0.194855 -0.267812 1.185099
    25 1.019835 0.000002 0.000002 -1.675130 0.086219 0.371305
    26 3.429456 -5.007721 -5.116617 -1.558407 1.181938 -1.473174
    27 12.695436 0.000001 0.000018 -0.267315 0.293133 -1.735230
    28 -5.918247 -10.388870 -9.833390 3.067324 0.007392 -1.559675
    29 1.474217 -0.497913 -1.376119 1.283294 0.486350 -0.349537
    30 1.832175 -0.000001 0.000001 -2.584557 -0.154226 0.716843
    31 1.042012 0.000000 -0.000006 -2.947027 -0.173385 -0.033771
    32 3.823319 0.664870 -1.331676 0.113609 0.291967 -0.310053
    33 2.152367 0.000010 0.000000 0.048427 -0.257689 -0.122177
    34 1.056626 -0.000010 0.000000 0.273385 -0.069605 -0.538064
    35 3.985126 0.881823 -0.368987 0.187091 0.205038 -0.528353
    36 1.830173 0.000000 0.000000 0.309987 -0.029019 -1.518072
    37 1.561352 0.000013 0.000000 0.027385 0.000718 -1.353498
    38 4.116548 0.711289 0.551868 0.372897 0.175497 -0.950866
    39 1.752729 -0.000006 0.000000 0.065544 0.077355 -1.199522
    40 0.869356 0.000002 0.000000 0.010534 -0.055972 -0.881563
    41 4.118825 0.331244 1.419828 0.091710 0.246073 -1.081329
    42 1.176325 -0.000002 0.000000 0.019561 0.360394 -0.780529
    43 0.970213 0.000000 0.000000 1.685136 0.078242 -1.123257
    44 -9.258431 -0.998731 -5.116617 -3.534183 1.487439 -2.855459
    45 12.706341 0.000001 0.000000 -0.407919 0.230795 -2.270957
    46 11.809021 -1.206475 0.191726 -0.000002 -0.000003 0.000000
    47 0.598399 -0.643255 -0.162013 0.000000 -1.570796 -0.835635
    48 0.000010 0.000000 0.000011 0.000000 0.000000 0.000000
    49 1.200000 0.000000 0.000000 0.000000 0.000000 0.000000
    50 0.000010 -0.300000 0.000000 -3.141593 0.000000 -0.174533
    51 0.000000 -0.000001 0.000003 0.000001 -0.000001 0.000000
    52 0.000002 0.000000 -0.000002 -3.141593 0.000001 0.000000
    53 0.000002 0.000000 0.000002 0.000000 0.000000 0.349066
    54 0.000000 0.000000 0.000000 -3.141593 0.000000 0.000000
    55 0.000002 -0.000002 0.000000 -3.141593 0.000000 -0.000001
    56 0.000007 0.000004 0.000000 -3.141593 0.000000 -0.000001
    57 0.000001 -0.000004 0.000000 -3.141593 0.000000 0.000000
    58 0.000002 0.000010 0.000000 -3.141593 0.000000 0.000000
    59 0.000000 0.000000 0.000000 -3.141593 0.000000 0.000000
    60 -0.000001 -0.000004 0.000000 -3.141593 0.000000 0.000000
    61 0.000000 -0.000004 0.000000 -3.141593 0.000000 0.000000
    62 0.000001 -0.000002 0.000000 -3.141593 0.000000 0.000001
    63 0.000001 -0.000002 0.000000 3.141592 0.000000 -0.000001
    64 0.000000 0.000000 0.000000 -3.141593 0.000000 0.000000
    65 0.000000 0.000000 0.000000 -1.570797 -0.000001 0.000000
    66 0.000000 0.000000 0.000000 0.000000 0.000000 0.000000
    67 1.200001 0.000000 0.000000 0.000000 0.000000 0.000000
    68 0.000000 0.300000 0.000000 0.000000 0.000000 0.174533
    69 0.000000 0.000000 -0.000001 0.000000 0.000000 0.000000
    70 0.000000 0.000000 -0.000001 -3.141593 0.000000 0.000000
    71 0.000000 0.000000 0.000000 0.000001 0.000000 0.349065
    72 -0.000004 0.000003 0.000000 0.000000 0.000000 0.000000
    73 0.000009 -0.000006 0.000000 0.000000 0.000000 -0.000001
    74 0.000000 -0.000002 -0.000001 0.000000 -0.000001 -0.000001
    75 0.000000 0.000000 0.000000 0.000000 0.000000 0.000000
    76 0.000000 0.000000 0.000000 0.000000 0.000000 0.000001
    77 0.000000 0.000002 0.000000 0.000000 0.000000 0.000000
    78 -0.000007 -0.000013 0.000000 0.000000 0.000000 0.000001
    79 0.000000 0.000000 0.000000 0.000000 0.000000 0.000000
    80 0.000000 0.000000 0.000000 0.000000 0.000000 0.000000
    81 0.000000 0.000000 0.000000 0.000000 0.000000 0.000000
    82 0.000000 0.000000 0.000000 0.000000 0.000000 0.000000
    83 0.000000 0.000000 0.000004 -1.570797 0.000001 0.000000
  time 59
    0 -5.337919 -15.204148 -6.301714 -1.573989 0.000018 -1.571343
    1 9.243773 6.139962 1.326173 -0.000001 0.000001 -1.570796
    2 3.442229 -1.240687 -0.005672 -0.000002 -0.000003 0.000000
    3 17.667921 -1.384574 1.233112 0.000000 -0.000003 -3.141592
    4 13.081079 -1.084008 0.792839 1.570797 -0.879478 -3.141593
    5 0.758741 0.000010 -0.000001 -1.570796 0.000000 -1.124720
    6 12.977262 -1.858502 0.676013 0.518314 -0.428322 -2.516407
    7 0.562688 -0.000006 -0.000004 -0.013014 -0.008068 -0.959463
    8 -3.760023 -24.428194 -8.067824 -3.141592 -1.060481 -0.000219
    9 2.341381 0.000021 0.000003 1.570738 1.242323 -0.000046
    10 1.066338 -20.508408 -10.434972 3.061336 0.011473 -1.681336
    11 1.473635 0.639422 -1.295233 1.873507 0.766140 0.332871
    12 1.832607 -0.000004 0.000007 3.131157 0.007152 0.847622
    13 1.003331 0.000000 0.000000 -3.095899 0.121084 0.034207
    14 3.823887 -0.419591 -1.411516 0.069795 0.155286 0.207665
    15 2.187963 0.000000 0.000000 -0.165860 -0.079982 1.419145
    16 1.100958 -0.000014 0.000000 0.087789 -0.052676 -0.184191
    17 3.987879 -0.577435 -0.474708 0.200599 0.169210 0.195927
    18 1.890100 -0.000008 0.000000 -0.153902 -0.042688 1.467060
    19 1.310926 0.000015 0.000000 -0.029730 0.074269 -0.259851
    20 4.117973 -0.654501 0.453699 0.085604 0.094078 0.260901
    21 1.655293 0.000002 0.000000 -0.029296 -0.049149 1.283708
    22 0.869586 0.000011 0.000000 0.062963 -0.019305 0.011264
    23 4.150639 -0.581580 1.354867 -0.178487 0.129533 0.002321
    24 1.157248 -0.000013 -0.000002 0.194855 -0.267812 1.185099
    25 1.019835 0.000002 0.000002 -1.675130 0.086219 0.371305
    26 3.429456 -5.007721 -5.116617 -1.558407 1.181852 -1.473174
    27 12.695436 0.000001 0.000018 -0.267358 0.293121 -1.735364
    28 -5.918247 -10.392776 -9.833390 3.067656 0.007339 -1.559675
    29 1.474217 -0.497913 -1.376119 1.283294 0.486350 -0.349537
    30 1.832175 -0.000001 0.000001 -2.584557 -0.154226 0.716821
    31 1.042012 0.000000 -0.000006 -2.947027 -0.173385 -0.033771
    32 3.823319 0.664870 -1.331676 0.113609 0.291967 -0.310053
    33 2.152367 0.000010 0.000000 0.048427 -0.257689 -0.122177
    34 1.056626 -0.000010 0.000000 0.273385 -0.069605 -0.538064
    35 3.985126 0.881823 -0.368987 0.187091 0.205038 -0.528353
    36 1.830173 0.000000 0.000000 0.309987 -0.029019 -1.518072
    37 1.561352 0.000013 0.000000 0.027385 0.000718 -1.353498
    38 4.116548 0.711289 0.551868 0.372897 0.175497 -0.950866
    39 1.752729 -0.000006 0.000000 0.065544 0.077355 -1.199522
    40 0.869356 0.000002 0.000000 0.010534 -0.055972 -0.881563
    41 4.118825 0.331244 1.419828 0.091710 0.246073 -1.081329
    42 1.176325 -0.000002 0.000000 0.019561 0.360394 -0.780529
    43 0.970213 0.000000 0.000000 1.685136 0.078242 -1.123257
    44 -9.258431 -0.998731 -5.116617 -3.532555 1.487575 -2.853956
    45 12.706341 0.000001 0.000000 -0.407952 0.230783 -2.271110
    46 11.809021 -1.206475 0.191726 -0.000002 -0.000003 0.000000
    47 0.598399 -0.643255 -0.162013 0.000000 -1.570796 -0.835635
    48 0.000010 0.000000 0.000011 0.000000 0.000000 0.000000
    49 1.200000 0.000000 0.000000 0.000000 0.000000 0.000000
    50 0.000010 -0.300000 0.000000 -3.141593 0.000000 -0.174533
    51 0.000000 -0.000001 0.000003 0.000001 -0.000001 0.000000
    52 0.000002 0.000000 -0.000002 -3.141593 0.000001 0.000000
    53 0.000002 0.000000 0.000002 0.000000 0.000000 0.349066
    54 0.000000 0.000000 0.000000 -3.141593 0.000000 0.000000
    55 0.000002 -0.000002 0.000000 -3.141593 0.000000 -0.000001
    56 0.000007 0.000004 0.000000 -3.141593 0.000000 -0.000001
    57 0.000001 -0.000004 0.000000 -3.141593 0.000000 0.000000
    58 0.000002 0.000010 0.000000 -3.141593 0.000000 0.000000
    59 0.000000 0.000000 0.000000 -3.141593 0.000000 0.000000
    60 -0.000001 -0.000004 0.000000 -3.141593 0.000000 0.000000
    61 0.000000 -0.000004 0.000000 -3.141593 0.000000 0.000000
    62 0.000001 -0.000002 0.000000 -3.141593 0.000000 0.000001
    63 0.000001 -0.000002 0.000000 3.141592 0.000000 -0.000001
    64 0.000000 0.000000 0.000000 -3.141593 0.000000 0.000000
    65 0.000000 0.000000 0.000000 -1.570797 -0.000001 0.000000
    66 0.000000 0.000000 0.000000 0.000000 0.000000 0.000000
    67 1.200001 0.000000 0.000000 0.000000 0.000000 0.000000
    68 0.000000 0.300000 0.000000 0.000000 0.000000 0.174533
    69 0.000000 0.000000 -0.000001 0.000000 0.000000 0.000000
    70 0.000000 0.000000 -0.000001 -3.141593 0.000000 0.000000
    71 0.000000 0.000000 0.000000 0.000001 0.000000 0.349065
    72 -0.000004 0.000003 0.000000 0.000000 0.000000 0.000000
    73 0.000009 -0.000006 0.000000 0.000000 0.000000 -0.000001
    74 0.000000 -0.000002 -0.000001 0.000000 -0.000001 -0.000001
    75 0.000000 0.000000 0.000000 0.000000 0.000000 0.000000
    76 0.000000 0.000000 0.000000 0.000000 0.000000 0.000001
    77 0.000000 0.000002 0.000000 0.000000 0.000000 0.000000
    78 -0.000007 -0.000013 0.000000 0.000000 0.000000 0.000001
    79 0.000000 0.000000 0.000000 0.000000 0.000000 0.000000
    80 0.000000 0.000000 0.000000 0.000000 0.000000 0.000000
    81 0.000000 0.000000 0.000000 0.000000 0.000000 0.000000
    82 0.000000 0.000000 0.000000 0.000000 0.000000 0.000000
    83 0.000000 0.000000 0.000004 -1.570797 0.000001 0.000000
  time 60
    0 -5.337919 -15.204148 -6.301714 -1.573731 0.000000 -1.571343
    1 9.243773 6.139962 1.326173 -0.000001 0.000001 -1.570796
    2 3.442229 -1.240687 -0.005672 -0.000002 -0.000003 0.000000
    3 17.667921 -1.384574 1.233112 0.000000 -0.000003 -3.141592
    4 13.081079 -1.084008 0.792839 1.570797 -0.879478 -3.141593
    5 0.758741 0.000010 -0.000001 -1.570796 0.000000 -1.124720
    6 12.977262 -1.858502 0.676013 0.518314 -0.428322 -2.516407
    7 0.562688 -0.000006 -0.000004 -0.013014 -0.008068 -0.959463
    8 -3.760023 -24.428194 -8.067824 -3.141592 -1.060732 -0.000219
    9 2.341381 0.000021 0.000003 1.570738 1.242323 -0.000046
    10 1.066338 -20.508408 -10.427159 3.061522 0.011473 -1.681336
    11 1.473635 0.639422 -1.295233 1.873507 0.766140 0.332871
    12 1.832607 -0.000004 0.000007 3.131157 0.007152 0.847622
    13 1.003331 0.000000 0.000000 -3.095899 0.121084 0.034207
    14 3.823887 -0.419591 -1.411516 0.069795 0.155286 0.207665
    15 2.187963 0.000000 0.000000 -0.165860 -0.079982 1.419145
    16 1.100958 -0.000014 0.000000 0.087789 -0.052676 -0.184191
    17 3.987879 -0.577435 -0.474708 0.200599 0.169222 0.195927
    18 1.890100 -0.000008 0.000000 -0.153902 -0.042688 1.467060
    19 1.310926 0.000015 0.000000 -0.029730 0.074269 -0.259831
    20 4.117973 -0.654501 0.453699 0.085604 0.094078 0.260901
    21 1.655293 0.000002 0.000000 -0.029296 -0.049149 1.283708
    22 0.869586 0.000011 0.000000 0.062963 -0.019305 0.011264
    23 4.150639 -0.581580 1.354867 -0.178487 0.129533 0.002321
    24 1.157248 -0.000013 -0.000002 0.194855 -0.267812 1.185099
    25 1.019835 0.000002 0.000002 -1.675130 0.086219 0.371305
    26 3.429456 -5.007721 -5.116617 -1.558407 1.181679 -1.473174
    27 12.695436 0.000001 0.000018 -0.267401 0.293121 -1.735498
    28 -5.918247 -10.392776 -9.817764 3.067902 0.007304 -1.559675
    29 1.474217 -0.497913 -1.376119 1.283294 0.486350 -0.349537
    30 1.832175 -0.000001 0.000001 -2.584557 -0.154226 0.716821
    31 1.042012 0.000000 -0.000006 -2.947027 -0.173385 -0.033771
    32 3.823319 0.664870 -1.331676 0.113609 0.291967 -0.310053
    33 2.152367 0.000010 0.000000 0.048427 -0.257689 -0.122177
    34 1.056626 -0.000010 0.000000 0.273385 -0.069605 -0.538064
    35 3.985126 0.881823 -0.368987 0.187091 0.205038 -0.528353
    36 1.830173 0.000000 0.000000 0.309987 -0.029019 -1.518072
    37 1.561352 0.000013 0.000000 0.027385 0.000718 -1.353498
    38 4.116548 0.711289 0.551868 0.372897 0.175497 -0.950866
    39 1.752729 -0.000006 0.000000 0.065544 0.077355 -1.199522
    40 0.869356 0.000002 0.000000 0.010534 -0.055972 -0.881563
    41 4.118825 0.331244 1.419828 0.091710 0.246073 -1.081329
    42 1.176325 -0.000002 0.000000 0.019561 0.360394 -0.780529
    43 0.970213 0.000000 0.000000 1.685136 0.078242 -1.123257
    44 -9.258431 -0.998731 -5.116617 -3.530831 1.487575 -2.852099
    45 12.706341 0.000001 0.000000 -0.407968 0.230771 -2.271110
    46 11.809021 -1.206475 0.191726 -0.000002 -0.000003 0.000000
    47 0.598399 -0.643255 -0.162013 0.000000 -1.570796 -0.835635
    48 0.000010 0.000000 0.000011 0.000000 0.000000 0.000000
    49 1.200000 0.000000 0.000000 0.000000 0.000000 0.000000
    50 0.000010 -0.300000 0.000000 -3.141593 0.000000 -0.174533
    51 0.000000 -0.000001 0.000003 0.000001 -0.000001 0.000000
    52 0.000002 0.000000 -0.000002 -3.141593 0.000001 0.000000
    53 0.000002 0.000000 0.000002 0.000000 0.000000 0.349066
    54 0.000000 0.000000 0.000000 -3.141593 0.000000 0.000000
    55 0.000002 -0.000002 0.000000 -3.141593 0.000000 -0.000001
    56 0.000007 0.000004 0.000000 -3.141593 0.000000 -0.000001
    57 0.000001 -0.000004 0.000000 -3.141593 0.000000 0.000000
    58 0.000002 0.000010 0.000000 -3.141593 0.000000 0.000000
    59 0.000000 0.000000 0.000000 -3.141593 0.000000 0.000000
    60 -0.000001 -0.000004 0.000000 -3.141593 0.000000 0.000000
    61 0.000000 -0.000004 0.000000 -3.141593 0.000000 0.000000
    62 0.000001 -0.000002 0.000000 -3.141593 0.000000 0.000001
    63 0.000001 -0.000002 0.000000 3.141592 0.000000 -0.000001
    64 0.000000 0.000000 0.000000 -3.141593 0.000000 0.000000
    65 0.000000 0.000000 0.000000 -1.570797 -0.000001 0.000000
    66 0.000000 0.000000 0.000000 0.000000 0.000000 0.000000
    67 1.200001 0.000000 0.000000 0.000000 0.000000 0.000000
    68 0.000000 0.300000 0.000000 0.000000 0.000000 0.174533
    69 0.000000 0.000000 -0.000001 0.000000 0.000000 0.000000
    70 0.000000 0.000000 -0.000001 -3.141593 0.000000 0.000000
    71 0.000000 0.000000 0.000000 0.000001 0.000000 0.349065
    72 -0.000004 0.000003 0.000000 0.000000 0.000000 0.000000
    73 0.000009 -0.000006 0.000000 0.000000 0.000000 -0.000001
    74 0.000000 -0.000002 -0.000001 0.000000 -0.000001 -0.000001
    75 0.000000 0.000000 0.000000 0.000000 0.000000 0.000000
    76 0.000000 0.000000 0.000000 0.000000 0.000000 0.000001
    77 0.000000 0.000002 0.000000 0.000000 0.000000 0.000000
    78 -0.000007 -0.000013 0.000000 0.000000 0.000000 0.000001
    79 0.000000 0.000000 0.000000 0.000000 0.000000 0.000000
    80 0.000000 0.000000 0.000000 0.000000 0.000000 0.000000
    81 0.000000 0.000000 0.000000 0.000000 0.000000 0.000000
    82 0.000000 0.000000 0.000000 0.000000 0.000000 0.000000
    83 0.000000 0.000000 0.000004 -1.570797 0.000001 0.000000
  time 61
    0 -5.337919 -15.204148 -6.297808 -1.573510 0.000000 -1.571343
    1 9.243773 6.139962 1.326173 -0.000001 0.000001 -1.570796
    2 3.442229 -1.240687 -0.005672 -0.000002 -0.000003 0.000000
    3 17.667921 -1.384574 1.233112 0.000000 -0.000003 -3.141592
    4 13.081079 -1.084008 0.792839 1.570797 -0.879478 -3.141593
    5 0.758741 0.000010 -0.000001 -1.570796 0.000000 -1.124720
    6 12.977262 -1.858502 0.676013 0.518314 -0.428322 -2.516407
    7 0.562688 -0.000006 -0.000004 -0.013014 -0.008068 -0.959463
    8 -3.760023 -24.428194 -8.063918 -3.141592 -1.060936 -0.000219
    9 2.341381 0.000021 0.000003 1.570738 1.242323 -0.000046
    10 1.070244 -20.508408 -10.427159 3.061755 0.011542 -1.681336
    11 1.473635 0.639422 -1.295233 1.873507 0.766140 0.332871
    12 1.832607 -0.000004 0.000007 3.131157 0.007152 0.847622
    13 1.003331 0.000000 0.000000 -3.095899 0.121084 0.034207
    14 3.823887 -0.419591 -1.411516 0.069795 0.155286 0.207665
    15 2.187963 0.000000 0.000000 -0.165860 -0.079982 1.419145
    16 1.100958 -0.000014 0.000000 0.087789 -0.052676 -0.184191
    17 3.987879 -0.577435 -0.474708 0.200599 0.169222 0.195927
    18 1.890100 -0.000008 0.000000 -0.153902 -0.042688 1.467060
    19 1.310926 0.000015 0.000000 -0.029730 0.074269 -0.259831
    20 4.117973 -0.654501 0.453699 0.085604 0.094078 0.260901
    21 1.655293 0.000002 0.000000 -0.029296 -0.049149 1.283708
    22 0.869586 0.000011 0.000000 0.062963 -0.019305 0.011264
    23 4.150639 -0.581580 1.354867 -0.178487 0.129533 0.002321
    24 1.157248 -0.000013 -0.000002 0.194855 -0.267812 1.185099
    25 1.019835 0.000002 0.000002 -1.675130 0.086219 0.371305
    26 3.429456 -5.007721 -5.116617 -1.558591 1.181593 -1.473357
    27 12.695436 0.000001 0.000018 -0.267444 0.293109 -1.735498
    28 -5.918247 -10.392776 -9.817764 3.068111 0.007304 -1.559675
    29 1.474217 -0.497913 -1.376119 1.283294 0.486350 -0.349537
    30 1.832175 -0.000001 0.000001 -2.584557 -0.154226 0.716821
    31 1.042012 0.000000 -0.000006 -2.947027 -0.173385 -0.033771
    32 3.823319 0.664870 -1.331676 0.113609 0.291967 -0.310053
    33 2.152367 0.000010 0.000000 0.048427 -0.257689 -0.122177
    34 1.056626 -0.000010 0.000000 0.273385 -0.069605 -0.538064
    35 3.985126 0.881823 -0.368987 0.187091 0.205038 -0.528353
    36 1.830173 0.000000 0.000000 0.309987 -0.029019 -1.518072
    37 1.561352 0.000013 0.000000 0.027385 0.000718 -1.353498
    38 4.116548 0.711289 0.551868 0.372897 0.175497 -0.950866
    39 1.752729 -0.000006 0.000000 0.065544 0.077355 -1.199522
    40 0.869356 0.000002 0.000000 0.010534 -0.055972 -0.881563
    41 4.118825 0.331244 1.419828 0.091710 0.246073 -1.081329
    42 1.176325 -0.000002 0.000000 0.019561 0.360394 -0.780529
    43 0.970213 0.000000 0.000000 1.685136 0.078255 -1.123257
    44 -9.258431 -0.998731 -5.116617 -3.529203 1.487575 -2.850419
    45 12.706341 0.000001 0.000000 -0.407968 0.230771 -2.271186
    46 11.809021 -1.206475 0.191726 -0.000002 -0.000003 0.000000
    47 0.598399 -0.643255 -0.162013 0.000000 -1.570796 -0.835635
    48 0.000010 0.000000 0.000011 0.000000 0.000000 0.000000
    49 1.200000 0.000000 0.000000 0.000000 0.000000 0.000000
    50 0.000010 -0.300000 0.000000 -3.141593 0.000000 -0.174533
    51 0.000000 -0.000001 0.000003 0.000001 -0.000001 0.000000
    52 0.000002 0.000000 -0.000002 -3.141593 0.000001 0.000000
    53 0.000002 0.000000 0.000002 0.000000 0.000000 0.349066
    54 0.000000 0.000000 0.000000 -3.141593 0.000000 0.000000
    55 0.000002 -0.000002 0.000000 -3.141593 0.000000 -0.000001
    56 0.000007 0.000004 0.000000 -3.141593 0.000000 -0.000001
    57 0.000001 -0.000004 0.000000 -3.141593 0.000000 0.000000
    58 0.000002 0.000010 0.000000 -3.141593 0.000000 0.000000
    59 0.000000 0.000000 0.000000 -3.141593 0.000000 0.000000
    60 -0.000001 -0.000004 0.000000 -3.141593 0.000000 0.000000
    61 0.000000 -0.000004 0.000000 -3.141593 0.000000 0.000000
    62 0.000001 -0.000002 0.000000 -3.141593 0.000000 0.000001
    63 0.000001 -0.000002 0.000000 3.141592 0.000000 -0.000001
    64 0.000000 0.000000 0.000000 -3.141593 0.000000 0.000000
    65 0.000000 0.000000 0.000000 -1.570797 -0.000001 0.000000
    66 0.000000 0.000000 0.000000 0.000000 0.000000 0.000000
    67 1.200001 0.000000 0.000000 0.000000 0.000000 0.000000
    68 0.000000 0.300000 0.000000 0.000000 0.000000 0.174533
    69 0.000000 0.000000 -0.000001 0.000000 0.000000 0.000000
    70 0.000000 0.000000 -0.000001 -3.141593 0.000000 0.000000
    71 0.000000 0.000000 0.000000 0.000001 0.000000 0.349065
    72 -0.000004 0.000003 0.000000 0.000000 0.000000 0.000000
    73 0.000009 -0.000006 0.000000 0.000000 0.000000 -0.000001
    74 0.000000 -0.000002 -0.000001 0.000000 -0.000001 -0.000001
    75 0.000000 0.000000 0.000000 0.000000 0.000000 0.000000
    76 0.000000 0.000000 0.000000 0.000000 0.000000 0.000001
    77 0.000000 0.000002 0.000000 0.000000 0.000000 0.000000
    78 -0.000007 -0.000013 0.000000 0.000000 0.000000 0.000001
    79 0.000000 0.000000 0.000000 0.000000 0.000000 0.000000
    80 0.000000 0.000000 0.000000 0.000000 0.000000 0.000000
    81 0.000000 0.000000 0.000000 0.000000 0.000000 0.000000
    82 0.000000 0.000000 0.000000 0.000000 0.000000 0.000000
    83 0.000000 0.000000 0.000004 -1.570797 0.000001 0.000000
  time 62
    0 -5.337919 -15.204148 -6.297808 -1.573252 0.000000 -1.571343
    1 9.243773 6.139962 1.326173 -0.000001 0.000001 -1.570796
    2 3.442229 -1.240687 -0.005672 -0.000002 -0.000003 0.000000
    3 17.667921 -1.384574 1.233112 0.000000 -0.000003 -3.141592
    4 13.081079 -1.084008 0.792839 1.570797 -0.879478 -3.141593
    5 0.758741 0.000010 -0.000001 -1.570796 0.000000 -1.124720
    6 12.977262 -1.858502 0.676013 0.518314 -0.428322 -2.516407
    7 0.562688 -0.000006 -0.000004 -0.013014 -0.008068 -0.959463
    8 -3.760023 -24.428194 -8.063918 -3.141592 -1.061156 -0.000219
    9 2.341381 0.000021 0.000003 1.570738 1.242323 -0.000046
    10 1.070244 -20.508408 -10.423253 3.061941 0.011542 -1.681336
    11 1.473635 0.639422 -1.295233 1.873507 0.766140 0.332871
    12 1.832607 -0.000004 0.000007 3.131157 0.007152 0.847622
    13 1.003331 0.000000 0.000000 -3.095899 0.121084 0.034207
    14 3.823887 -0.419591 -1.411516 0.069795 0.155286 0.207665
    15 2.187963 0.000000 0.000000 -0.165860 -0.079982 1.419145
    16 1.100958 -0.000014 0.000000 0.087789 -0.052676 -0.184191
    17 3.987879 -0.577435 -0.474708 0.200599 0.169222 0.195927
    18 1.890100 -0.000008 0.000000 -0.153902 -0.042688 1.467060
    19 1.310926 0.000015 0.000000 -0.029730 0.074269 -0.259831
    20 4.117973 -0.654501 0.453699 0.085604 0.094078 0.260901
    21 1.655293 0.000002 0.000000 -0.029296 -0.049149 1.283708
    22 0.869586 0.000011 0.000000 0.062963 -0.019305 0.011264
    23 4.150639 -0.581580 1.354867 -0.178487 0.129533 0.002321
    24 1.157248 -0.000013 -0.000002 0.194855 -0.267812 1.185099
    25 1.019835 0.000002 0.000002 -1.675130 0.086219 0.371305
    26 3.429456 -5.007721 -5.116617 -1.558958 1.181463 -1.473357
    27 12.695436 0.000001 0.000018 -0.267458 0.293109 -1.735698
    28 -5.914341 -10.392776 -9.817764 3.068357 0.007304 -1.559675
    29 1.474217 -0.497913 -1.376119 1.283294 0.486350 -0.349537
    30 1.832175 -0.000001 0.000001 -2.584557 -0.154226 0.716821
    31 1.042012 0.000000 -0.000006 -2.947027 -0.173385 -0.033771
    32 3.823319 0.664870 -1.331676 0.113609 0.291967 -0.310053
    33 2.152367 0.000010 0.000000 0.048427 -0.257689 -0.122177
    34 1.056626 -0.000010 0.000000 0.273385 -0.069605 -0.538064
    35 3.985126 0.881823 -0.368987 0.187091 0.205038 -0.528353
    36 1.830173 0.000000 0.000000 0.309987 -0.029019 -1.518072
    37 1.561352 0.000013 0.000000 0.027385 0.000718 -1.353498
    38 4.116548 0.711289 0.551868 0.372897 0.175497 -0.950866
    39 1.752729 -0.000006 0.000000 0.065544 0.077355 -1.199522
    40 0.869356 0.000002 0.000000 0.010534 -0.055972 -0.881563
    41 4.118825 0.331244 1.419828 0.091710 0.246073 -1.081329
    42 1.176325 -0.000002 0.000000 0.019561 0.360394 -0.780529
    43 0.970213 0.000000 0.000000 1.685136 0.078242 -1.123257
    44 -9.258431 -0.998731 -5.116617 -3.527479 1.487575 -2.848562
    45 12.706341 0.000001 0.000000 -0.407952 0.230759 -2.271186
    46 11.809021 -1.206475 0.191726 -0.000002 -0.000003 0.000000
    47 0.598399 -0.643255 -0.162013 0.000000 -1.570796 -0.835635
    48 0.000010 0.000000 0.000011 0.000000 0.000000 0.000000
    49 1.200000 0.000000 0.000000 0.000000 0.000000 0.000000
    50 0.000010 -0.300000 0.000000 -3.141593 0.000000 -0.174533
    51 0.000000 -0.000001 0.000003 0.000001 -0.000001 0.000000
    52 0.000002 0.000000 -0.000002 -3.141593 0.000001 0.000000
    53 0.000002 0.000000 0.000002 0.000000 0.000000 0.349066
    54 0.000000 0.000000 0.000000 -3.141593 0.000000 0.000000
    55 0.000002 -0.000002 0.000000 -3.141593 0.000000 -0.000001
    56 0.000007 0.000004 0.000000 -3.141593 0.000000 -0.000001
    57 0.000001 -0.000004 0.000000 -3.141593 0.000000 0.000000
    58 0.000002 0.000010 0.000000 -3.141593 0.000000 0.000000
    59 0.000000 0.000000 0.000000 -3.141593 0.000000 0.000000
    60 -0.000001 -0.000004 0.000000 -3.141593 0.000000 0.000000
    61 0.000000 -0.000004 0.000000 -3.141593 0.000000 0.000000
    62 0.000001 -0.000002 0.000000 -3.141593 0.000000 0.000001
    63 0.000001 -0.000002 0.000000 3.141592 0.000000 -0.000001
    64 0.000000 0.000000 0.000000 -3.141593 0.000000 0.000000
    65 0.000000 0.000000 0.000000 -1.570797 -0.000001 0.000000
    66 0.000000 0.000000 0.000000 0.000000 0.000000 0.000000
    67 1.200001 0.000000 0.000000 0.000000 0.000000 0.000000
    68 0.000000 0.300000 0.000000 0.000000 0.000000 0.174533
    69 0.000000 0.000000 -0.000001 0.000000 0.000000 0.000000
    70 0.000000 0.000000 -0.000001 -3.141593 0.000000 0.000000
    71 0.000000 0.000000 0.000000 0.000001 0.000000 0.349065
    72 -0.000004 0.000003 0.000000 0.000000 0.000000 0.000000
    73 0.000009 -0.000006 0.000000 0.000000 0.000000 -0.000001
    74 0.000000 -0.000002 -0.000001 0.000000 -0.000001 -0.000001
    75 0.000000 0.000000 0.000000 0.000000 0.000000 0.000000
    76 0.000000 0.000000 0.000000 0.000000 0.000000 0.000001
    77 0.000000 0.000002 0.000000 0.000000 0.000000 0.000000
    78 -0.000007 -0.000013 0.000000 0.000000 0.000000 0.000001
    79 0.000000 0.000000 0.000000 0.000000 0.000000 0.000000
    80 0.000000 0.000000 0.000000 0.000000 0.000000 0.000000
    81 0.000000 0.000000 0.000000 0.000000 0.000000 0.000000
    82 0.000000 0.000000 0.000000 0.000000 0.000000 0.000000
    83 0.000000 0.000000 0.000004 -1.570797 0.000001 0.000000
  time 63
    0 -5.337919 -15.204148 -6.289995 -1.573031 0.000000 -1.571343
    1 9.243773 6.139962 1.326173 -0.000001 0.000001 -1.570796
    2 3.442229 -1.240687 -0.005672 -0.000002 -0.000003 0.000000
    3 17.667921 -1.384574 1.233112 0.000000 -0.000003 -3.141592
    4 13.081079 -1.084008 0.792839 1.570797 -0.879478 -3.141593
    5 0.758741 0.000010 -0.000001 -1.570796 0.000000 -1.124720
    6 12.977262 -1.858502 0.676013 0.518314 -0.428322 -2.516407
    7 0.562688 -0.000006 -0.000004 -0.013014 -0.008068 -0.959463
    8 -3.756117 -24.428194 -8.060012 -3.141592 -1.061407 -0.000219
    9 2.341381 0.000021 0.000003 1.570738 1.242323 -0.000046
    10 1.070244 -20.508408 -10.411533 3.062267 0.011594 -1.681336
    11 1.473635 0.639422 -1.295233 1.873507 0.766140 0.332871
    12 1.832607 -0.000004 0.000007 3.131157 0.007152 0.847622
    13 1.003331 0.000000 0.000000 -3.095899 0.121084 0.034207
    14 3.823887 -0.419591 -1.411516 0.069795 0.155286 0.207665
    15 2.187963 0.000000 0.000000 -0.165860 -0.079982 1.419145
    16 1.100958 -0.000014 0.000000 0.087789 -0.052676 -0.184191
    17 3.987879 -0.577435 -0.474708 0.200599 0.169222 0.195927
    18 1.890100 -0.000008 0.000000 -0.153902 -0.042688 1.467060
    19 1.310926 0.000015 0.000000 -0.029730 0.074269 -0.259831
    20 4.117973 -0.654501 0.453699 0.085604 0.094078 0.260901
    21 1.655293 0.000002 0.000000 -0.029296 -0.049149 1.283708
    22 0.869586 0.000011 0.000000 0.062963 -0.019305 0.011264
    23 4.150639 -0.581580 1.354867 -0.178487 0.129533 0.002321
    24 1.157248 -0.000013 -0.000002 0.194855 -0.267812 1.185099
    25 1.019835 0.000002 0.000002 -1.675130 0.086219 0.371305
    26 3.429456 -5.007721 -5.116617 -1.558958 1.181377 -1.473357
    27 12.695436 0.000001 0.000018 -0.267501 0.293097 -1.735899
    28 -5.914341 -10.392776 -9.817764 3.068566 0.007304 -1.559675
    29 1.474217 -0.497913 -1.376119 1.283294 0.486350 -0.349537
    30 1.832175 -0.000001 0.000001 -2.584557 -0.154226 0.716821
    31 1.042012 0.000000 -0.000006 -2.947027 -0.173385 -0.033771
    32 3.823319 0.664870 -1.331676 0.113609 0.291967 -0.310053
    33 2.152367 0.000010 0.000000 0.048427 -0.257689 -0.122177
    34 1.056626 -0.000010 0.000000 0.273385 -0.069605 -0.538064
    35 3.985126 0.881823 -0.368987 0.187091 0.205038 -0.528353
    36 1.830173 0.000000 0.000000 0.309987 -0.029019 -1.518072
    37 1.561352 0.000013 0.000000 0.027385 0.000718 -1.353498
    38 4.116548 0.711289 0.551868 0.372897 0.175497 -0.950866
    39 1.752729 -0.000006 0.000000 0.065544 0.077355 -1.199522
    40 0.869356 0.000002 0.000000 0.010534 -0.055972 -0.881563
    41 4.118825 0.331244 1.419828 0.091710 0.246073 -1.081329
    42 1.176325 -0.000002 0.000000 0.019561 0.360394 -0.780529
    43 0.970213 0.000000 0.000000 1.685136 0.078242 -1.123257
    44 -9.258431 -0.998731 -5.116617 -3.525756 1.487530 -2.846705
    45 12.706341 0.000001 0.000000 -0.407968 0.230759 -2.271186
    46 11.809021 -1.206475 0.191726 -0.000002 -0.000003 0.000000
    47 0.598399 -0.643255 -0.162013 0.000000 -1.570796 -0.835635
    48 0.000010 0.000000 0.000011 0.000000 0.000000 0.000000
    49 1.200000 0.000000 0.000000 0.000000 0.000000 0.000000
    50 0.000010 -0.300000 0.000000 -3.141593 0.000000 -0.174533
    51 0.000000 -0.000001 0.000003 0.000001 -0.000001 0.000000
    52 0.000002 0.000000 -0.000002 -3.141593 0.000001 0.000000
    53 0.000002 0.000000 0.000002 0.000000 0.000000 0.349066
    54 0.000000 0.000000 0.000000 -3.141593 0.000000 0.000000
    55 0.000002 -0.000002 0.000000 -3.141593 0.000000 -0.000001
    56 0.000007 0.000004 0.000000 -3.141593 0.000000 -0.000001
    57 0.000001 -0.000004 0.000000 -3.141593 0.000000 0.000000
    58 0.000002 0.000010 0.000000 -3.141593 0.000000 0.000000
    59 0.000000 0.000000 0.000000 -3.141593 0.000000 0.000000
    60 -0.000001 -0.000004 0.000000 -3.141593 0.000000 0.000000
    61 0.000000 -0.000004 0.000000 -3.141593 0.000000 0.000000
    62 0.000001 -0.000002 0.000000 -3.141593 0.000000 0.000001
    63 0.000001 -0.000002 0.000000 3.141592 0.000000 -0.000001
    64 0.000000 0.000000 0.000000 -3.141593 0.000000 0.000000
    65 0.000000 0.000000 0.000000 -1.570797 -0.000001 0.000000
    66 0.000000 0.000000 0.000000 0.000000 0.000000 0.000000
    67 1.200001 0.000000 0.000000 0.000000 0.000000 0.000000
    68 0.000000 0.300000 0.000000 0.000000 0.000000 0.174533
    69 0.000000 0.000000 -0.000001 0.000000 0.000000 0.000000
    70 0.000000 0.000000 -0.000001 -3.141593 0.000000 0.000000
    71 0.000000 0.000000 0.000000 0.000001 0.000000 0.349065
    72 -0.000004 0.000003 0.000000 0.000000 0.000000 0.000000
    73 0.000009 -0.000006 0.000000 0.000000 0.000000 -0.000001
    74 0.000000 -0.000002 -0.000001 0.000000 -0.000001 -0.000001
    75 0.000000 0.000000 0.000000 0.000000 0.000000 0.000000
    76 0.000000 0.000000 0.000000 0.000000 0.000000 0.000001
    77 0.000000 0.000002 0.000000 0.000000 0.000000 0.000000
    78 -0.000007 -0.000013 0.000000 0.000000 0.000000 0.000001
    79 0.000000 0.000000 0.000000 0.000000 0.000000 0.000000
    80 0.000000 0.000000 0.000000 0.000000 0.000000 0.000000
    81 0.000000 0.000000 0.000000 0.000000 0.000000 0.000000
    82 0.000000 0.000000 0.000000 0.000000 0.000000 0.000000
    83 0.000000 0.000000 0.000004 -1.570797 0.000001 0.000000
  time 64
    0 -5.337919 -15.204148 -6.289995 -1.572810 0.000000 -1.571343
    1 9.243773 6.139962 1.326173 -0.000001 0.000001 -1.570796
    2 3.442229 -1.240687 -0.005672 -0.000002 -0.000003 0.000000
    3 17.667921 -1.384574 1.233112 0.000000 -0.000003 -3.141592
    4 13.081079 -1.084008 0.792839 1.570797 -0.879478 -3.141593
    5 0.758741 0.000010 -0.000001 -1.570796 0.000000 -1.124720
    6 12.977262 -1.858502 0.676013 0.518314 -0.428322 -2.516407
    7 0.562688 -0.000006 -0.000004 -0.013014 -0.008068 -0.959463
    8 -3.756117 -24.428194 -8.060012 -3.141592 -1.061611 -0.000219
    9 2.341381 0.000021 0.000003 1.570738 1.242323 -0.000046
    10 1.074151 -20.508408 -10.411533 3.062453 0.011611 -1.681336
    11 1.473635 0.639422 -1.295233 1.873507 0.766140 0.332871
    12 1.832607 -0.000004 0.000007 3.131157 0.007152 0.847622
    13 1.003331 0.000000 0.000000 -3.095899 0.121084 0.034207
    14 3.823887 -0.419591 -1.411516 0.069795 0.155286 0.207665
    15 2.187963 0.000000 0.000000 -0.165860 -0.079982 1.419145
    16 1.100958 -0.000014 0.000000 0.087789 -0.052676 -0.184191
    17 3.987879 -0.577435 -0.474708 0.200599 0.169222 0.195927
    18 1.890100 -0.000008 0.000000 -0.153902 -0.042688 1.467060
    19 1.310926 0.000015 0.000000 -0.029730 0.074269 -0.259831
    20 4.117973 -0.654501 0.453699 0.085604 0.094078 0.260901
    21 1.655293 0.000002 0.000000 -0.029296 -0.049149 1.283708
    22 0.869586 0.000011 0.000000 0.062963 -0.019305 0.011264
    23 4.150639 -0.581580 1.354867 -0.178487 0.129533 0.002321
    24 1.157248 -0.000013 -0.000002 0.194855 -0.267812 1.185099
    25 1.019835 0.000002 0.000002 -1.675130 0.086219 0.371305
    26 3.429456 -5.007721 -5.116617 -1.559509 1.181291 -1.473448
    27 12.695436 0.000001 0.000018 -0.267544 0.293097 -1.736033
    28 -5.914341 -10.392776 -9.817764 3.068812 0.007304 -1.559675
    29 1.474217 -0.497913 -1.376119 1.283294 0.486350 -0.349537
    30 1.832175 -0.000001 0.000001 -2.584557 -0.154226 0.716843
    31 1.042012 0.000000 -0.000006 -2.947027 -0.173385 -0.033771
    32 3.823319 0.664870 -1.331676 0.113609 0.291967 -0.310053
    33 2.152367 0.000010 0.000000 0.048427 -0.257689 -0.122177
    34 1.056626 -0.000010 0.000000 0.273385 -0.069605 -0.538064
    35 3.985126 0.881823 -0.368987 0.187091 0.205038 -0.528353
    36 1.830173 0.000000 0.000000 0.309987 -0.029019 -1.518072
    37 1.561352 0.000013 0.000000 0.027385 0.000718 -1.353498
    38 4.116548 0.711289 0.551868 0.372897 0.175497 -0.950866
    39 1.752729 -0.000006 0.000000 0.065544 0.077355 -1.199522
    40 0.869356 0.000002 0.000000 0.010534 -0.055972 -0.881563
    41 4.118825 0.331244 1.419828 0.091710 0.246073 -1.081329
    42 1.176325 -0.000002 0.000000 0.019561 0.360394 -0.780529
    43 0.970213 0.000000 0.000000 1.685136 0.078242 -1.123257
    44 -9.258431 -0.998731 -5.116617 -3.523936 1.487439 -2.844583
    45 12.706341 0.000001 0.000000 -0.407968 0.230759 -2.271186
    46 11.809021 -1.206475 0.191726 -0.000002 -0.000003 0.000000
    47 0.598399 -0.643255 -0.162013 0.000000 -1.570796 -0.835635
    48 0.000010 0.000000 0.000011 0.000000 0.000000 0.000000
    49 1.200000 0.000000 0.000000 0.000000 0.000000 0.000000
    50 0.000010 -0.300000 0.000000 -3.141593 0.000000 -0.174533
    51 0.000000 -0.000001 0.000003 0.000001 -0.000001 0.000000
    52 0.000002 0.000000 -0.000002 -3.141593 0.000001 0.000000
    53 0.000002 0.000000 0.000002 0.000000 0.000000 0.349066
    54 0.000000 0.000000 0.000000 -3.141593 0.000000 0.000000
    55 0.000002 -0.000002 0.000000 -3.141593 0.000000 -0.000001
    56 0.000007 0.000004 0.000000 -3.141593 0.000000 -0.000001
    57 0.000001 -0.000004 0.000000 -3.141593 0.000000 0.000000
    58 0.000002 0.000010 0.000000 -3.141593 0.000000 0.000000
    59 0.000000 0.000000 0.000000 -3.141593 0.000000 0.000000
    60 -0.000001 -0.000004 0.000000 -3.141593 0.000000 0.000000
    61 0.000000 -0.000004 0.000000 -3.141593 0.000000 0.000000
    62 0.000001 -0.000002 0.000000 -3.141593 0.000000 0.000001
    63 0.000001 -0.000002 0.000000 3.141592 0.000000 -0.000001
    64 0.000000 0.000000 0.000000 -3.141593 0.000000 0.000000
    65 0.000000 0.000000 0.000000 -1.570797 -0.000001 0.000000
    66 0.000000 0.000000 0.000000 0.000000 0.000000 0.000000
    67 1.200001 0.000000 0.000000 0.000000 0.000000 0.000000
    68 0.000000 0.300000 0.000000 0.000000 0.000000 0.174533
    69 0.000000 0.000000 -0.000001 0.000000 0.000000 0.000000
    70 0.000000 0.000000 -0.000001 -3.141593 0.000000 0.000000
    71 0.000000 0.000000 0.000000 0.000001 0.000000 0.349065
    72 -0.000004 0.000003 0.000000 0.000000 0.000000 0.000000
    73 0.000009 -0.000006 0.000000 0.000000 0.000000 -0.000001
    74 0.000000 -0.000002 -0.000001 0.000000 -0.000001 -0.000001
    75 0.000000 0.000000 0.000000 0.000000 0.000000 0.000000
    76 0.000000 0.000000 0.000000 0.000000 0.000000 0.000001
    77 0.000000 0.000002 0.000000 0.000000 0.000000 0.000000
    78 -0.000007 -0.000013 0.000000 0.000000 0.000000 0.000001
    79 0.000000 0.000000 0.000000 0.000000 0.000000 0.000000
    80 0.000000 0.000000 0.000000 0.000000 0.000000 0.000000
    81 0.000000 0.000000 0.000000 0.000000 0.000000 0.000000
    82 0.000000 0.000000 0.000000 0.000000 0.000000 0.000000
    83 0.000000 0.000000 0.000004 -1.570797 0.000001 0.000000
  time 65
    0 -5.337919 -15.204148 -6.289995 -1.572589 0.000000 -1.571343
    1 9.243773 6.139962 1.326173 -0.000001 0.000001 -1.570796
    2 3.442229 -1.240687 -0.005672 -0.000002 -0.000003 0.000000
    3 17.667921 -1.384574 1.233112 0.000000 -0.000003 -3.141592
    4 13.081079 -1.084008 0.792839 1.570797 -0.879478 -3.141593
    5 0.758741 0.000010 -0.000001 -1.570796 0.000000 -1.124720
    6 12.977262 -1.858502 0.676013 0.518314 -0.428322 -2.516407
    7 0.562688 -0.000006 -0.000004 -0.013014 -0.008068 -0.959463
    8 -3.756117 -24.428194 -8.052199 -3.141592 -1.061862 -0.000219
    9 2.341381 0.000021 0.000003 1.570738 1.242323 -0.000046
    10 1.078057 -20.508408 -10.411533 3.062779 0.011611 -1.681336
    11 1.473635 0.639422 -1.295233 1.873507 0.766140 0.332871
    12 1.832607 -0.000004 0.000007 3.131157 0.007152 0.847622
    13 1.003331 0.000000 0.000000 -3.095899 0.121084 0.034207
    14 3.823887 -0.419591 -1.411516 0.069795 0.155286 0.207665
    15 2.187963 0.000000 0.000000 -0.165860 -0.079982 1.419145
    16 1.100958 -0.000014 0.000000 0.087789 -0.052676 -0.184191
    17 3.987879 -0.577435 -0.474708 0.200599 0.169222 0.195927
    18 1.890100 -0.000008 0.000000 -0.153902 -0.042688 1.467060
    19 1.310926 0.000015 0.000000 -0.029730 0.074269 -0.259851
    20 4.117973 -0.654501 0.453699 0.085604 0.094078 0.260901
    21 1.655293 0.000002 0.000000 -0.029296 -0.049149 1.283708
    22 0.869586 0.000011 0.000000 0.062963 -0.019305 0.011264
    23 4.150639 -0.581580 1.354867 -0.178487 0.129533 0.002321
    24 1.157248 -0.000013 -0.000002 0.194855 -0.267812 1.185099
    25 1.019835 0.000002 0.000002 -1.675130 0.086219 0.371305
    26 3.429456 -5.007721 -5.116617 -1.559509 1.181161 -1.473631
    27 12.695436 0.000001 0.000018 -0.267587 0.293085 -1.736033
    28 -5.910434 -10.392776 -9.817764 3.069021 0.007304 -1.559675
    29 1.474217 -0.497913 -1.376119 1.283294 0.486350 -0.349537
    30 1.832175 -0.000001 0.000001 -2.584557 -0.154226 0.716821
    31 1.042012 0.000000 -0.000006 -2.947027 -0.173385 -0.033771
    32 3.823319 0.664870 -1.331676 0.113609 0.291967 -0.310053
    33 2.152367 0.000010 0.000000 0.048427 -0.257689 -0.122177
    34 1.056626 -0.000010 0.000000 0.273385 -0.069605 -0.538064
    35 3.985126 0.881823 -0.368987 0.187091 0.205038 -0.528353
    36 1.830173 0.000000 0.000000 0.309987 -0.029019 -1.518072
    37 1.561352 0.000013 0.000000 0.027385 0.000718 -1.353498
    38 4.116548 0.711289 0.551868 0.372897 0.175497 -0.950866
    39 1.752729 -0.000006 0.000000 0.065544 0.077355 -1.199522
    40 0.869356 0.000002 0.000000 0.010534 -0.055972 -0.881563
    41 4.118825 0.331244 1.419828 0.091710 0.246073 -1.081329
    42 1.176325 -0.000002 0.000000 0.019561 0.360394 -0.780529
    43 0.970213 0.000000 0.000000 1.685117 0.078255 -1.123240
    44 -9.258431 -0.998731 -5.116617 -3.522117 1.487213 -2.842549
    45 12.706341 0.000001 0.000000 -0.407968 0.230759 -2.271186
    46 11.809021 -1.206475 0.191726 -0.000002 -0.000003 0.000000
    47 0.598399 -0.643255 -0.162013 0.000000 -1.570796 -0.835635
    48 0.000010 0.000000 0.000011 0.000000 0.000000 0.000000
    49 1.200000 0.000000 0.000000 0.000000 0.000000 0.000000
    50 0.000010 -0.300000 0.000000 -3.141593 0.000000 -0.174533
    51 0.000000 -0.000001 0.000003 0.000001 -0.000001 0.000000
    52 0.000002 0.000000 -0.000002 -3.141593 0.000001 0.000000
    53 0.000002 0.000000 0.000002 0.000000 0.000000 0.349066
    54 0.000000 0.000000 0.000000 -3.141593 0.000000 0.000000
    55 0.000002 -0.000002 0.000000 -3.141593 0.000000 -0.000001
    56 0.000007 0.000004 0.000000 -3.141593 0.000000 -0.000001
    57 0.000001 -0.000004 0.000000 -3.141593 0.000000 0.000000
    58 0.000002 0.000010 0.000000 -3.141593 0.000000 0.000000
    59 0.000000 0.000000 0.000000 -3.141593 0.000000 0.000000
    60 -0.000001 -0.000004 0.000000 -3.141593 0.000000 0.000000
    61 0.000000 -0.000004 0.000000 -3.141593 0.000000 0.000000
    62 0.000001 -0.000002 0.000000 -3.141593 0.000000 0.000001
    63 0.000001 -0.000002 0.000000 3.141592 0.000000 -0.000001
    64 0.000000 0.000000 0.000000 -3.141593 0.000000 0.000000
    65 0.000000 0.000000 0.000000 -1.570797 -0.000001 0.000000
    66 0.000000 0.000000 0.000000 0.000000 0.000000 0.000000
    67 1.200001 0.000000 0.000000 0.000000 0.000000 0.000000
    68 0.000000 0.300000 0.000000 0.000000 0.000000 0.174533
    69 0.000000 0.000000 -0.000001 0.000000 0.000000 0.000000
    70 0.000000 0.000000 -0.000001 -3.141593 0.000000 0.000000
    71 0.000000 0.000000 0.000000 0.000001 0.000000 0.349065
    72 -0.000004 0.000003 0.000000 0.000000 0.000000 0.000000
    73 0.000009 -0.000006 0.000000 0.000000 0.000000 -0.000001
    74 0.000000 -0.000002 -0.000001 0.000000 -0.000001 -0.000001
    75 0.000000 0.000000 0.000000 0.000000 0.000000 0.000000
    76 0.000000 0.000000 0.000000 0.000000 0.000000 0.000001
    77 0.000000 0.000002 0.000000 0.000000 0.000000 0.000000
    78 -0.000007 -0.000013 0.000000 0.000000 0.000000 0.000001
    79 0.000000 0.000000 0.000000 0.000000 0.000000 0.000000
    80 0.000000 0.000000 0.000000 0.000000 0.000000 0.000000
    81 0.000000 0.000000 0.000000 0.000000 0.000000 0.000000
    82 0.000000 0.000000 0.000000 0.000000 0.000000 0.000000
    83 0.000000 0.000000 0.000004 -1.570797 0.000001 0.000000
  time 66
    0 -5.337919 -15.204148 -6.289995 -1.572368 0.000000 -1.571343
    1 9.243773 6.139962 1.326173 -0.000001 0.000001 -1.570796
    2 3.442229 -1.240687 -0.005672 -0.000002 -0.000003 0.000000
    3 17.667921 -1.384574 1.233112 0.000000 -0.000003 -3.141592
    4 13.081079 -1.084008 0.792839 1.570797 -0.879478 -3.141593
    5 0.758741 0.000010 -0.000001 -1.570796 0.000000 -1.124720
    6 12.977262 -1.858502 0.676013 0.518314 -0.428322 -2.516407
    7 0.562688 -0.000006 -0.000004 -0.013014 -0.008068 -0.959463
    8 -3.752211 -24.428194 -8.052199 -3.141592 -1.062066 -0.000219
    9 2.341381 0.000021 0.000003 1.570738 1.242323 -0.000046
    10 1.078057 -20.508408 -10.411533 3.062872 0.011611 -1.681336
    11 1.473635 0.639422 -1.295233 1.873507 0.766140 0.332871
    12 1.832607 -0.000004 0.000007 3.131157 0.007152 0.847622
    13 1.003331 0.000000 0.000000 -3.095899 0.121084 0.034207
    14 3.823887 -0.419591 -1.411516 0.069795 0.155286 0.207665
    15 2.187963 0.000000 0.000000 -0.165860 -0.079982 1.419145
    16 1.100958 -0.000014 0.000000 0.087789 -0.052676 -0.184191
    17 3.987879 -0.577435 -0.474708 0.200599 0.169210 0.195927
    18 1.890100 -0.000008 0.000000 -0.153902 -0.042688 1.467060
    19 1.310926 0.000015 0.000000 -0.029730 0.074269 -0.259831
    20 4.117973 -0.654501 0.453699 0.085604 0.094078 0.260901
    21 1.655293 0.000002 0.000000 -0.029296 -0.049149 1.283708
    22 0.869586 0.000011 0.000000 0.062963 -0.019305 0.011264
    23 4.150639 -0.581580 1.354867 -0.178487 0.129533 0.002321
    24 1.157248 -0.000013 -0.000002 0.194855 -0.267812 1.185099
    25 1.019835 0.000002 0.000002 -1.675130 0.086219 0.371305
    26 3.429456 -5.007721 -5.116617 -1.560060 1.181161 -1.473631
    27 12.695436 0.000001 0.000018 -0.267630 0.293085 -1.736367
    28 -5.906528 -10.392776 -9.817764 3.069230 0.007304 -1.559548
    29 1.474217 -0.497913 -1.376119 1.283294 0.486350 -0.349537
    30 1.832175 -0.000001 0.000001 -2.584557 -0.154226 0.716821
    31 1.042012 0.000000 -0.000006 -2.947027 -0.173385 -0.033771
    32 3.823319 0.664870 -1.331676 0.113609 0.291967 -0.310053
    33 2.152367 0.000010 0.000000 0.048427 -0.257689 -0.122177
    34 1.056626 -0.000010 0.000000 0.273385 -0.069605 -0.538064
    35 3.985126 0.881823 -0.368987 0.187091 0.205038 -0.528353
    36 1.830173 0.000000 0.000000 0.309987 -0.029019 -1.518072
    37 1.561352 0.000013 0.000000 0.027385 0.000718 -1.353498
    38 4.116548 0.711289 0.551868 0.372897 0.175497 -0.950866
    39 1.752729 -0.000006 0.000000 0.065544 0.077355 -1.199522
    40 0.869356 0.000002 0.000000 0.010534 -0.055972 -0.881563
    41 4.118825 0.331244 1.419828 0.091710 0.246073 -1.081329
    42 1.176325 -0.000002 0.000000 0.019561 0.360394 -0.780529
    43 0.970213 0.000000 0.000000 1.685136 0.078242 -1.123257
    44 -9.258431 -0.998731 -5.116617 -3.520297 1.487032 -2.840427
    45 12.706341 0.000001 0.000000 -0.407968 0.230759 -2.271186
    46 11.809021 -1.206475 0.191726 -0.000002 -0.000003 0.000000
    47 0.598399 -0.643255 -0.162013 0.000000 -1.570796 -0.835635
    48 0.000010 0.000000 0.000011 0.000000 0.000000 0.000000
    49 1.200000 0.000000 0.000000 0.000000 0.000000 0.000000
    50 0.000010 -0.300000 0.000000 -3.141593 0.000000 -0.174533
    51 0.000000 -0.000001 0.000003 0.000001 -0.000001 0.000000
    52 0.000002 0.000000 -0.000002 -3.141593 0.000001 0.000000
    53 0.000002 0.000000 0.000002 0.000000 0.000000 0.349066
    54 0.000000 0.000000 0.000000 -3.141593 0.000000 0.000000
    55 0.000002 -0.000002 0.000000 -3.141593 0.000000 -0.000001
    56 0.000007 0.000004 0.000000 -3.141593 0.000000 -0.000001
    57 0.000001 -0.000004 0.000000 -3.141593 0.000000 0.000000
    58 0.000002 0.000010 0.000000 -3.141593 0.000000 0.000000
    59 0.000000 0.000000 0.000000 -3.141593 0.000000 0.000000
    60 -0.000001 -0.000004 0.000000 -3.141593 0.000000 0.000000
    61 0.000000 -0.000004 0.000000 -3.141593 0.000000 0.000000
    62 0.000001 -0.000002 0.000000 -3.141593 0.000000 0.000001
    63 0.000001 -0.000002 0.000000 3.141592 0.000000 -0.000001
    64 0.000000 0.000000 0.000000 -3.141593 0.000000 0.000000
    65 0.000000 0.000000 0.000000 -1.570797 -0.000001 0.000000
    66 0.000000 0.000000 0.000000 0.000000 0.000000 0.000000
    67 1.200001 0.000000 0.000000 0.000000 0.000000 0.000000
    68 0.000000 0.300000 0.000000 0.000000 0.000000 0.174533
    69 0.000000 0.000000 -0.000001 0.000000 0.000000 0.000000
    70 0.000000 0.000000 -0.000001 -3.141593 0.000000 0.000000
    71 0.000000 0.000000 0.000000 0.000001 0.000000 0.349065
    72 -0.000004 0.000003 0.000000 0.000000 0.000000 0.000000
    73 0.000009 -0.000006 0.000000 0.000000 0.000000 -0.000001
    74 0.000000 -0.000002 -0.000001 0.000000 -0.000001 -0.000001
    75 0.000000 0.000000 0.000000 0.000000 0.000000 0.000000
    76 0.000000 0.000000 0.000000 0.000000 0.000000 0.000001
    77 0.000000 0.000002 0.000000 0.000000 0.000000 0.000000
    78 -0.000007 -0.000013 0.000000 0.000000 0.000000 0.000001
    79 0.000000 0.000000 0.000000 0.000000 0.000000 0.000000
    80 0.000000 0.000000 0.000000 0.000000 0.000000 0.000000
    81 0.000000 0.000000 0.000000 0.000000 0.000000 0.000000
    82 0.000000 0.000000 0.000000 0.000000 0.000000 0.000000
    83 0.000000 0.000000 0.000004 -1.570797 0.000001 0.000000
  time 67
    0 -5.337919 -15.204148 -6.289995 -1.572147 0.000000 -1.571343
    1 9.243773 6.139962 1.326173 -0.000001 0.000001 -1.570796
    2 3.442229 -1.240687 -0.005672 -0.000002 -0.000003 0.000000
    3 17.667921 -1.384574 1.233112 0.000000 -0.000003 -3.141592
    4 13.081079 -1.084008 0.792839 1.570797 -0.879478 -3.141593
    5 0.758741 0.000010 -0.000001 -1.570796 0.000000 -1.124720
    6 12.977262 -1.858502 0.676013 0.518314 -0.428322 -2.516407
    7 0.562688 -0.000006 -0.000004 -0.013014 -0.008068 -0.959463
    8 -3.748304 -24.428194 -8.052199 -3.141592 -1.062270 -0.000219
    9 2.341381 0.000021 0.000003 1.570738 1.242323 -0.000046
    10 1.081964 -20.508408 -10.411533 3.063058 0.011680 -1.681336
    11 1.473635 0.639422 -1.295233 1.873507 0.766140 0.332871
    12 1.832607 -0.000004 0.000007 3.131157 0.007152 0.847622
    13 1.003331 0.000000 0.000000 -3.095899 0.121084 0.034207
    14 3.823887 -0.419591 -1.411516 0.069795 0.155286 0.207665
    15 2.187963 0.000000 0.000000 -0.165860 -0.079982 1.419145
    16 1.100958 -0.000014 0.000000 0.087789 -0.052676 -0.184191
    17 3.987879 -0.577435 -0.474708 0.200599 0.169222 0.195927
    18 1.890100 -0.000008 0.000000 -0.153902 -0.042688 1.467060
    19 1.310926 0.000015 0.000000 -0.029730 0.074269 -0.259831
    20 4.117973 -0.654501 0.453699 0.085604 0.094078 0.260901
    21 1.655293 0.000002 0.000000 -0.029296 -0.049149 1.283708
    22 0.869586 0.000011 0.000000 0.062963 -0.019305 0.011264
    23 4.150639 -0.581580 1.354867 -0.178487 0.129533 0.002321
    24 1.157248 -0.000013 -0.000002 0.194855 -0.267812 1.185099
    25 1.019835 0.000002 0.000002 -1.675130 0.086219 0.371305
    26 3.429456 -5.007721 -5.116617 -1.560244 1.181161 -1.473722
    27 12.695436 0.000001 0.000018 -0.267673 0.293073 -1.736501
    28 -5.906528 -10.392776 -9.817764 3.069476 0.007286 -1.559548
    29 1.474217 -0.497913 -1.376119 1.283294 0.486350 -0.349537
    30 1.832175 -0.000001 0.000001 -2.584557 -0.154226 0.716821
    31 1.042012 0.000000 -0.000006 -2.947027 -0.173385 -0.033771
    32 3.823319 0.664870 -1.331676 0.113609 0.291967 -0.310053
    33 2.152367 0.000010 0.000000 0.048427 -0.257689 -0.122177
    34 1.056626 -0.000010 0.000000 0.273385 -0.069605 -0.538064
    35 3.985126 0.881823 -0.368987 0.187091 0.205038 -0.528353
    36 1.830173 0.000000 0.000000 0.309987 -0.029019 -1.518072
    37 1.561352 0.000013 0.000000 0.027385 0.000718 -1.353498
    38 4.116548 0.711289 0.551868 0.372897 0.175497 -0.950866
    39 1.752729 -0.000006 0.000000 0.065544 0.077355 -1.199522
    40 0.869356 0.000002 0.000000 0.010534 -0.055972 -0.881563
    41 4.118825 0.331244 1.419828 0.091710 0.246073 -1.081329
    42 1.176325 -0.000002 0.000000 0.019561 0.360394 -0.780529
    43 0.970213 0.000000 0.000000 1.685136 0.078242 -1.123257
    44 -9.258431 -0.998731 -5.116617 -3.518478 1.486851 -2.838216
    45 12.706341 0.000001 0.000000 -0.407968 0.230771 -2.271186
    46 11.809021 -1.206475 0.191726 -0.000002 -0.000003 0.000000
    47 0.598399 -0.643255 -0.162013 0.000000 -1.570796 -0.835635
    48 0.000010 0.000000 0.000011 0.000000 0.000000 0.000000
    49 1.200000 0.000000 0.000000 0.000000 0.000000 0.000000
    50 0.000010 -0.300000 0.000000 -3.141593 0.000000 -0.174533
    51 0.000000 -0.000001 0.000003 0.000001 -0.000001 0.000000
    52 0.000002 0.000000 -0.000002 -3.141593 0.000001 0.000000
    53 0.000002 0.000000 0.000002 0.000000 0.000000 0.349066
    54 0.000000 0.000000 0.000000 -3.141593 0.000000 0.000000
    55 0.000002 -0.000002 0.000000 -3.141593 0.000000 -0.000001
    56 0.000007 0.000004 0.000000 -3.141593 0.000000 -0.000001
    57 0.000001 -0.000004 0.000000 -3.141593 0.000000 0.000000
    58 0.000002 0.000010 0.000000 -3.141593 0.000000 0.000000
    59 0.000000 0.000000 0.000000 -3.141593 0.000000 0.000000
    60 -0.000001 -0.000004 0.000000 -3.141593 0.000000 0.000000
    61 0.000000 -0.000004 0.000000 -3.141593 0.000000 0.000000
    62 0.000001 -0.000002 0.000000 -3.141593 0.000000 0.000001
    63 0.000001 -0.000002 0.000000 3.141592 0.000000 -0.000001
    64 0.000000 0.000000 0.000000 -3.141593 0.000000 0.000000
    65 0.000000 0.000000 0.000000 -1.570797 -0.000001 0.000000
    66 0.000000 0.000000 0.000000 0.000000 0.000000 0.000000
    67 1.200001 0.000000 0.000000 0.000000 0.000000 0.000000
    68 0.000000 0.300000 0.000000 0.000000 0.000000 0.174533
    69 0.000000 0.000000 -0.000001 0.000000 0.000000 0.000000
    70 0.000000 0.000000 -0.000001 -3.141593 0.000000 0.000000
    71 0.000000 0.000000 0.000000 0.000001 0.000000 0.349065
    72 -0.000004 0.000003 0.000000 0.000000 0.000000 0.000000
    73 0.000009 -0.000006 0.000000 0.000000 0.000000 -0.000001
    74 0.000000 -0.000002 -0.000001 0.000000 -0.000001 -0.000001
    75 0.000000 0.000000 0.000000 0.000000 0.000000 0.000000
    76 0.000000 0.000000 0.000000 0.000000 0.000000 0.000001
    77 0.000000 0.000002 0.000000 0.000000 0.000000 0.000000
    78 -0.000007 -0.000013 0.000000 0.000000 0.000000 0.000001
    79 0.000000 0.000000 0.000000 0.000000 0.000000 0.000000
    80 0.000000 0.000000 0.000000 0.000000 0.000000 0.000000
    81 0.000000 0.000000 0.000000 0.000000 0.000000 0.000000
    82 0.000000 0.000000 0.000000 0.000000 0.000000 0.000000
    83 0.000000 0.000000 0.000004 -1.570797 0.000001 0.000000
  time 68
    0 -5.337919 -15.204148 -6.286089 -1.571975 0.000000 -1.571343
    1 9.243773 6.139962 1.326173 -0.000001 0.000001 -1.570796
    2 3.442229 -1.240687 -0.005672 -0.000002 -0.000003 0.000000
    3 17.667921 -1.384574 1.233112 0.000000 -0.000003 -3.141592
    4 13.081079 -1.084008 0.792839 1.570797 -0.879478 -3.141593
    5 0.758741 0.000010 -0.000001 -1.570796 0.000000 -1.124720
    6 12.977262 -1.858502 0.676013 0.518314 -0.428322 -2.516407
    7 0.562688 -0.000006 -0.000004 -0.013014 -0.008068 -0.959463
    8 -3.748304 -24.428194 -8.052199 -3.141592 -1.062474 -0.000219
    9 2.341381 0.000021 0.000003 1.570738 1.242323 -0.000046
    10 1.085870 -20.508408 -10.407627 3.063291 0.011697 -1.681336
    11 1.473635 0.639422 -1.295233 1.873507 0.766140 0.332871
    12 1.832607 -0.000004 0.000007 3.131157 0.007152 0.847622
    13 1.003331 0.000000 0.000000 -3.095899 0.121084 0.034207
    14 3.823887 -0.419591 -1.411516 0.069795 0.155286 0.207665
    15 2.187963 0.000000 0.000000 -0.165860 -0.079982 1.419145
    16 1.100958 -0.000014 0.000000 0.087789 -0.052676 -0.184191
    17 3.987879 -0.577435 -0.474708 0.200599 0.169222 0.195927
    18 1.890100 -0.000008 0.000000 -0.153902 -0.042688 1.467060
    19 1.310926 0.000015 0.000000 -0.029730 0.074269 -0.259831
    20 4.117973 -0.654501 0.453699 0.085604 0.094078 0.260901
    21 1.655293 0.000002 0.000000 -0.029296 -0.049149 1.283708
    22 0.869586 0.000011 0.000000 0.062963 -0.019305 0.011264
    23 4.150639 -0.581580 1.354867 -0.178487 0.129533 0.002321
    24 1.157248 -0.000013 -0.000002 0.194855 -0.267812 1.185099
    25 1.019835 0.000002 0.000002 -1.675130 0.086219 0.371305
    26 3.429456 -5.007721 -5.116617 -1.560611 1.181118 -1.473905
    27 12.695436 0.000001 0.000018 -0.267673 0.293073 -1.736568
    28 -5.902622 -10.392776 -9.817764 3.069673 0.007286 -1.559548
    29 1.474217 -0.497913 -1.376119 1.283294 0.486350 -0.349537
    30 1.832175 -0.000001 0.000001 -2.584557 -0.154226 0.716821
    31 1.042012 0.000000 -0.000006 -2.947027 -0.173385 -0.033771
    32 3.823319 0.664870 -1.331676 0.113609 0.291967 -0.310053
    33 2.152367 0.000010 0.000000 0.048427 -0.257689 -0.122177
    34 1.056626 -0.000010 0.000000 0.273385 -0.069605 -0.538064
    35 3.985126 0.881823 -0.368987 0.187091 0.205038 -0.528353
    36 1.830173 0.000000 0.000000 0.309987 -0.029019 -1.518072
    37 1.561352 0.000013 0.000000 0.027385 0.000718 -1.353498
    38 4.116548 0.711289 0.551868 0.372897 0.175497 -0.950866
    39 1.752729 -0.000006 0.000000 0.065544 0.077355 -1.199522
    40 0.869356 0.000002 0.000000 0.010534 -0.055972 -0.881563
    41 4.118825 0.331244 1.419828 0.091710 0.246073 -1.081329
    42 1.176325 -0.000002 0.000000 0.019561 0.360394 -0.780529
    43 0.970213 0.000000 0.000000 1.685136 0.078242 -1.123257
    44 -9.258431 -0.998731 -5.116617 -3.516754 1.486670 -2.836094
    45 12.706341 0.000001 0.000000 -0.407968 0.230783 -2.271110
    46 11.809021 -1.206475 0.191726 -0.000002 -0.000003 0.000000
    47 0.598399 -0.643255 -0.162013 0.000000 -1.570796 -0.835635
    48 0.000010 0.000000 0.000011 0.000000 0.000000 0.000000
    49 1.200000 0.000000 0.000000 0.000000 0.000000 0.000000
    50 0.000010 -0.300000 0.000000 -3.141593 0.000000 -0.174533
    51 0.000000 -0.000001 0.000003 0.000001 -0.000001 0.000000
    52 0.000002 0.000000 -0.000002 -3.141593 0.000001 0.000000
    53 0.000002 0.000000 0.000002 0.000000 0.000000 0.349066
    54 0.000000 0.000000 0.000000 -3.141593 0.000000 0.000000
    55 0.000002 -0.000002 0.000000 -3.141593 0.000000 -0.000001
    56 0.000007 0.000004 0.000000 -3.141593 0.000000 -0.000001
    57 0.000001 -0.000004 0.000000 -3.141593 0.000000 0.000000
    58 0.000002 0.000010 0.000000 -3.141593 0.000000 0.000000
    59 0.000000 0.000000 0.000000 -3.141593 0.000000 0.000000
    60 -0.000001 -0.000004 0.000000 -3.141593 0.000000 0.000000
    61 0.000000 -0.000004 0.000000 -3.141593 0.000000 0.000000
    62 0.000001 -0.000002 0.000000 -3.141593 0.000000 0.000001
    63 0.000001 -0.000002 0.000000 3.141592 0.000000 -0.000001
    64 0.000000 0.000000 0.000000 -3.141593 0.000000 0.000000
    65 0.000000 0.000000 0.000000 -1.570797 -0.000001 0.000000
    66 0.000000 0.000000 0.000000 0.000000 0.000000 0.000000
    67 1.200001 0.000000 0.000000 0.000000 0.000000 0.000000
    68 0.000000 0.300000 0.000000 0.000000 0.000000 0.174533
    69 0.000000 0.000000 -0.000001 0.000000 0.000000 0.000000
    70 0.000000 0.000000 -0.000001 -3.141593 0.000000 0.000000
    71 0.000000 0.000000 0.000000 0.000001 0.000000 0.349065
    72 -0.000004 0.000003 0.000000 0.000000 0.000000 0.000000
    73 0.000009 -0.000006 0.000000 0.000000 0.000000 -0.000001
    74 0.000000 -0.000002 -0.000001 0.000000 -0.000001 -0.000001
    75 0.000000 0.000000 0.000000 0.000000 0.000000 0.000000
    76 0.000000 0.000000 0.000000 0.000000 0.000000 0.000001
    77 0.000000 0.000002 0.000000 0.000000 0.000000 0.000000
    78 -0.000007 -0.000013 0.000000 0.000000 0.000000 0.000001
    79 0.000000 0.000000 0.000000 0.000000 0.000000 0.000000
    80 0.000000 0.000000 0.000000 0.000000 0.000000 0.000000
    81 0.000000 0.000000 0.000000 0.000000 0.000000 0.000000
    82 0.000000 0.000000 0.000000 0.000000 0.000000 0.000000
    83 0.000000 0.000000 0.000004 -1.570797 0.000001 0.000000
  time 69
    0 -5.337919 -15.204148 -6.286089 -1.571754 0.000000 -1.571343
    1 9.243773 6.139962 1.326173 -0.000001 0.000001 -1.570796
    2 3.442229 -1.240687 -0.005672 -0.000002 -0.000003 0.000000
    3 17.667921 -1.384574 1.233112 0.000000 -0.000003 -3.141592
    4 13.081079 -1.084008 0.792839 1.570797 -0.879478 -3.141593
    5 0.758741 0.000010 -0.000001 -1.570796 0.000000 -1.124720
    6 12.977262 -1.858502 0.676013 0.518314 -0.428322 -2.516407
    7 0.562688 -0.000006 -0.000004 -0.013014 -0.008068 -0.959463
    8 -3.744398 -24.428194 -8.052199 -3.141592 -1.062694 -0.000219
    9 2.341381 0.000021 0.000003 1.570738 1.242323 -0.000046
    10 1.089776 -20.508408 -10.403721 3.063477 0.011697 -1.681336
    11 1.473635 0.639422 -1.295233 1.873507 0.766140 0.332871
    12 1.832607 -0.000004 0.000007 3.131157 0.007152 0.847622
    13 1.003331 0.000000 0.000000 -3.095899 0.121084 0.034207
    14 3.823887 -0.419591 -1.411516 0.069795 0.155286 0.207665
    15 2.187963 0.000000 0.000000 -0.165860 -0.079982 1.419145
    16 1.100958 -0.000014 0.000000 0.087789 -0.052676 -0.184191
    17 3.987879 -0.577435 -0.474708 0.200599 0.169222 0.195927
    18 1.890100 -0.000008 0.000000 -0.153902 -0.042688 1.467060
    19 1.310926 0.000015 0.000000 -0.029730 0.074269 -0.259831
    20 4.117973 -0.654501 0.453699 0.085604 0.094078 0.260901
    21 1.655293 0.000002 0.000000 -0.029296 -0.049149 1.283708
    22 0.869586 0.000011 0.000000 0.062963 -0.019305 0.011264
    23 4.150639 -0.581580 1.354867 -0.178487 0.129533 0.002321
    24 1.157248 -0.000013 -0.000002 0.194855 -0.267812 1.185099
    25 1.019835 0.000002 0.000002 -1.675130 0.086219 0.371305
    26 3.429456 -5.007721 -5.116617 -1.561070 1.181075 -1.473996
    27 12.695436 0.000001 0.000018 -0.267716 0.293061 -1.736568
    28 -5.898715 -10.392776 -9.817764 3.069833 0.007286 -1.559548
    29 1.474217 -0.497913 -1.376119 1.283294 0.486350 -0.349537
    30 1.832175 -0.000001 0.000001 -2.584557 -0.154226 0.716821
    31 1.042012 0.000000 -0.000006 -2.947027 -0.173385 -0.033771
    32 3.823319 0.664870 -1.331676 0.113609 0.291967 -0.310053
    33 2.152367 0.000010 0.000000 0.048427 -0.257689 -0.122177
    34 1.056626 -0.000010 0.000000 0.273385 -0.069605 -0.538064
    35 3.985126 0.881823 -0.368987 0.187091 0.205038 -0.528353
    36 1.830173 0.000000 0.000000 0.309987 -0.029019 -1.518072
    37 1.561352 0.000013 0.000000 0.027385 0.000718 -1.353498
    38 4.116548 0.711289 0.551868 0.372897 0.175497 -0.950866
    39 1.752729 -0.000006 0.000000 0.065544 0.077355 -1.199522
    40 0.869356 0.000002 0.000000 0.010534 -0.055972 -0.881563
    41 4.118825 0.331244 1.419828 0.091710 0.246073 -1.081329
    42 1.176325 -0.000002 0.000000 0.019561 0.360394 -0.780529
    43 0.970213 0.000000 0.000000 1.685136 0.078242 -1.123257
    44 -9.258431 -0.998731 -5.116617 -3.515030 1.486399 -2.833972
    45 12.706341 0.000001 0.000000 -0.407952 0.230783 -2.270957
    46 11.809021 -1.206475 0.191726 -0.000002 -0.000003 0.000000
    47 0.598399 -0.643255 -0.162013 0.000000 -1.570796 -0.835635
    48 0.000010 0.000000 0.000011 0.000000 0.000000 0.000000
    49 1.200000 0.000000 0.000000 0.000000 0.000000 0.000000
    50 0.000010 -0.300000 0.000000 -3.141593 0.000000 -0.174533
    51 0.000000 -0.000001 0.000003 0.000001 -0.000001 0.000000
    52 0.000002 0.000000 -0.000002 -3.141593 0.000001 0.000000
    53 0.000002 0.000000 0.000002 0.000000 0.000000 0.349066
    54 0.000000 0.000000 0.000000 -3.141593 0.000000 0.000000
    55 0.000002 -0.000002 0.000000 -3.141593 0.000000 -0.000001
    56 0.000007 0.000004 0.000000 -3.141593 0.000000 -0.000001
    57 0.000001 -0.000004 0.000000 -3.141593 0.000000 0.000000
    58 0.000002 0.000010 0.000000 -3.141593 0.000000 0.000000
    59 0.000000 0.000000 0.000000 -3.141593 0.000000 0.000000
    60 -0.000001 -0.000004 0.000000 -3.141593 0.000000 0.000000
    61 0.000000 -0.000004 0.000000 -3.141593 0.000000 0.000000
    62 0.000001 -0.000002 0.000000 -3.141593 0.000000 0.000001
    63 0.000001 -0.000002 0.000000 3.141592 0.000000 -0.000001
    64 0.000000 0.000000 0.000000 -3.141593 0.000000 0.000000
    65 0.000000 0.000000 0.000000 -1.570797 -0.000001 0.000000
    66 0.000000 0.000000 0.000000 0.000000 0.000000 0.000000
    67 1.200001 0.000000 0.000000 0.000000 0.000000 0.000000
    68 0.000000 0.300000 0.000000 0.000000 0.000000 0.174533
    69 0.000000 0.000000 -0.000001 0.000000 0.000000 0.000000
    70 0.000000 0.000000 -0.000001 -3.141593 0.000000 0.000000
    71 0.000000 0.000000 0.000000 0.000001 0.000000 0.349065
    72 -0.000004 0.000003 0.000000 0.000000 0.000000 0.000000
    73 0.000009 -0.000006 0.000000 0.000000 0.000000 -0.000001
    74 0.000000 -0.000002 -0.000001 0.000000 -0.000001 -0.000001
    75 0.000000 0.000000 0.000000 0.000000 0.000000 0.000000
    76 0.000000 0.000000 0.000000 0.000000 0.000000 0.000001
    77 0.000000 0.000002 0.000000 0.000000 0.000000 0.000000
    78 -0.000007 -0.000013 0.000000 0.000000 0.000000 0.000001
    79 0.000000 0.000000 0.000000 0.000000 0.000000 0.000000
    80 0.000000 0.000000 0.000000 0.000000 0.000000 0.000000
    81 0.000000 0.000000 0.000000 0.000000 0.000000 0.000000
    82 0.000000 0.000000 0.000000 0.000000 0.000000 0.000000
    83 0.000000 0.000000 0.000004 -1.570797 0.000001 0.000000
  time 70
    0 -5.337919 -15.204148 -6.286089 -1.571582 0.000000 -1.571343
    1 9.243773 6.139962 1.326173 -0.000001 0.000001 -1.570796
    2 3.442229 -1.240687 -0.005672 -0.000002 -0.000003 0.000000
    3 17.667921 -1.384574 1.233112 0.000000 -0.000003 -3.141592
    4 13.081079 -1.084008 0.792839 1.570797 -0.879478 -3.141593
    5 0.758741 0.000010 -0.000001 -1.570796 0.000000 -1.124720
    6 12.977262 -1.858502 0.676013 0.518314 -0.428322 -2.516407
    7 0.562688 -0.000006 -0.000004 -0.013014 -0.008068 -0.959463
    8 -3.740492 -24.428194 -8.048293 -3.141592 -1.062835 -0.000219
    9 2.341381 0.000021 0.000003 1.570738 1.242323 -0.000046
    10 1.089776 -20.508408 -10.403721 3.063617 0.011749 -1.681336
    11 1.473635 0.639422 -1.295233 1.873507 0.766140 0.332871
    12 1.832607 -0.000004 0.000007 3.131157 0.007152 0.847622
    13 1.003331 0.000000 0.000000 -3.095899 0.121084 0.034207
    14 3.823887 -0.419591 -1.411516 0.069795 0.155286 0.207665
    15 2.187963 0.000000 0.000000 -0.165860 -0.079982 1.419145
    16 1.100958 -0.000014 0.000000 0.087789 -0.052676 -0.184191
    17 3.987879 -0.577435 -0.474708 0.200599 0.169222 0.195927
    18 1.890100 -0.000008 0.000000 -0.153902 -0.042688 1.467060
    19 1.310926 0.000015 0.000000 -0.029730 0.074269 -0.259831
    20 4.117973 -0.654501 0.453699 0.085604 0.094078 0.260901
    21 1.655293 0.000002 0.000000 -0.029296 -0.049149 1.283708
    22 0.869586 0.000011 0.000000 0.062963 -0.019305 0.011264
    23 4.150639 -0.581580 1.354867 -0.178487 0.129533 0.002321
    24 1.157248 -0.000013 -0.000002 0.194855 -0.267812 1.185099
    25 1.019835 0.000002 0.000002 -1.675130 0.086219 0.371305
    26 3.429456 -5.007721 -5.116617 -1.561621 1.181075 -1.474179
    27 12.695436 0.000001 0.000018 -0.267759 0.293061 -1.736835
    28 -5.894809 -10.392776 -9.817764 3.070005 0.007286 -1.559548
    29 1.474217 -0.497913 -1.376119 1.283294 0.486350 -0.349537
    30 1.832175 -0.000001 0.000001 -2.584557 -0.154226 0.716821
    31 1.042012 0.000000 -0.000006 -2.947027 -0.173385 -0.033771
    32 3.823319 0.664870 -1.331676 0.113609 0.291967 -0.310053
    33 2.152367 0.000010 0.000000 0.048427 -0.257689 -0.122177
    34 1.056626 -0.000010 0.000000 0.273385 -0.069605 -0.538064
    35 3.985126 0.881823 -0.368987 0.187091 0.205038 -0.528353
    36 1.830173 0.000000 0.000000 0.309987 -0.029019 -1.518072
    37 1.561352 0.000013 0.000000 0.027385 0.000718 -1.353498
    38 4.116548 0.711289 0.551868 0.372897 0.175497 -0.950866
    39 1.752729 -0.000006 0.000000 0.065544 0.077355 -1.199522
    40 0.869356 0.000002 0.000000 0.010534 -0.055972 -0.881563
    41 4.118825 0.331244 1.419828 0.091710 0.246073 -1.081329
    42 1.176325 -0.000002 0.000000 0.019561 0.360394 -0.780529
    43 0.970213 0.000000 0.000000 1.685136 0.078242 -1.123257
    44 -9.258431 -0.998731 -5.116617 -3.513211 1.486082 -2.831938
    45 12.706341 0.000001 0.000000 -0.407919 0.230795 -2.270957
    46 11.809021 -1.206475 0.191726 -0.000002 -0.000003 0.000000
    47 0.598399 -0.643255 -0.162013 0.000000 -1.570796 -0.835635
    48 0.000010 0.000000 0.000011 0.000000 0.000000 0.000000
    49 1.200000 0.000000 0.000000 0.000000 0.000000 0.000000
    50 0.000010 -0.300000 0.000000 -3.141593 0.000000 -0.174533
    51 0.000000 -0.000001 0.000003 0.000001 -0.000001 0.000000
    52 0.000002 0.000000 -0.000002 -3.141593 0.000001 0.000000
    53 0.000002 0.000000 0.000002 0.000000 0.000000 0.349066
    54 0.000000 0.000000 0.000000 -3.141593 0.000000 0.000000
    55 0.000002 -0.000002 0.000000 -3.141593 0.000000 -0.000001
    56 0.000007 0.000004 0.000000 -3.141593 0.000000 -0.000001
    57 0.000001 -0.000004 0.000000 -3.141593 0.000000 0.000000
    58 0.000002 0.000010 0.000000 -3.141593 0.000000 0.000000
    59 0.000000 0.000000 0.000000 -3.141593 0.000000 0.000000
    60 -0.000001 -0.000004 0.000000 -3.141593 0.000000 0.000000
    61 0.000000 -0.000004 0.000000 -3.141593 0.000000 0.000000
    62 0.000001 -0.000002 0.000000 -3.141593 0.000000 0.000001
    63 0.000001 -0.000002 0.000000 3.141592 0.000000 -0.000001
    64 0.000000 0.000000 0.000000 -3.141593 0.000000 0.000000
    65 0.000000 0.000000 0.000000 -1.570797 -0.000001 0.000000
    66 0.000000 0.000000 0.000000 0.000000 0.000000 0.000000
    67 1.200001 0.000000 0.000000 0.000000 0.000000 0.000000
    68 0.000000 0.300000 0.000000 0.000000 0.000000 0.174533
    69 0.000000 0.000000 -0.000001 0.000000 0.000000 0.000000
    70 0.000000 0.000000 -0.000001 -3.141593 0.000000 0.000000
    71 0.000000 0.000000 0.000000 0.000001 0.000000 0.349065
    72 -0.000004 0.000003 0.000000 0.000000 0.000000 0.000000
    73 0.000009 -0.000006 0.000000 0.000000 0.000000 -0.000001
    74 0.000000 -0.000002 -0.000001 0.000000 -0.000001 -0.000001
    75 0.000000 0.000000 0.000000 0.000000 0.000000 0.000000
    76 0.000000 0.000000 0.000000 0.000000 0.000000 0.000001
    77 0.000000 0.000002 0.000000 0.000000 0.000000 0.000000
    78 -0.000007 -0.000013 0.000000 0.000000 0.000000 0.000001
    79 0.000000 0.000000 0.000000 0.000000 0.000000 0.000000
    80 0.000000 0.000000 0.000000 0.000000 0.000000 0.000000
    81 0.000000 0.000000 0.000000 0.000000 0.000000 0.000000
    82 0.000000 0.000000 0.000000 0.000000 0.000000 0.000000
    83 0.000000 0.000000 0.000004 -1.570797 0.000001 0.000000
  time 71
    0 -5.337919 -15.204148 -6.286089 -1.571447 0.000000 -1.571343
    1 9.243773 6.139962 1.326173 -0.000001 0.000001 -1.570796
    2 3.442229 -1.240687 -0.005672 -0.000002 -0.000003 0.000000
    3 17.667921 -1.384574 1.233112 0.000000 -0.000003 -3.141592
    4 13.081079 -1.084008 0.792839 1.570797 -0.879478 -3.141593
    5 0.758741 0.000010 -0.000001 -1.570796 0.000000 -1.124720
    6 12.977262 -1.858502 0.676013 0.518314 -0.428322 -2.516407
    7 0.562688 -0.000006 -0.000004 -0.013014 -0.008068 -0.959463
    8 -3.740492 -24.428194 -8.048293 -3.141592 -1.062992 -0.000219
    9 2.341381 0.000021 0.000003 1.570738 1.242323 -0.000046
    10 1.093683 -20.508408 -10.395908 3.063803 0.011766 -1.681336
    11 1.473635 0.639422 -1.295233 1.873507 0.766140 0.332871
    12 1.832607 -0.000004 0.000007 3.131157 0.007152 0.847622
    13 1.003331 0.000000 0.000000 -3.095899 0.121084 0.034207
    14 3.823887 -0.419591 -1.411516 0.069795 0.155286 0.207665
    15 2.187963 0.000000 0.000000 -0.165860 -0.079982 1.419145
    16 1.100958 -0.000014 0.000000 0.087789 -0.052676 -0.184191
    17 3.987879 -0.577435 -0.474708 0.200599 0.169222 0.195927
    18 1.890100 -0.000008 0.000000 -0.153902 -0.042688 1.467060
    19 1.310926 0.000015 0.000000 -0.029730 0.074269 -0.259831
    20 4.117973 -0.654501 0.453699 0.085604 0.094078 0.260901
    21 1.655293 0.000002 0.000000 -0.029296 -0.049149 1.283708
    22 0.869586 0.000011 0.000000 0.062963 -0.019305 0.011264
    23 4.150639 -0.581580 1.354867 -0.178487 0.129533 0.002321
    24 1.157248 -0.000013 -0.000002 0.194855 -0.267812 1.185099
    25 1.019835 0.000002 0.000002 -1.675130 0.086219 0.371305
    26 3.429456 -5.007721 -5.116617 -1.562080 1.181075 -1.474270
    27 12.695436 0.000001 0.000018 -0.267802 0.293050 -1.736969
    28 -5.894809 -10.392776 -9.817764 3.070177 0.007286 -1.559548
    29 1.474217 -0.497913 -1.376119 1.283294 0.486350 -0.349537
    30 1.832175 -0.000001 0.000001 -2.584557 -0.154226 0.716821
    31 1.042012 0.000000 -0.000006 -2.947027 -0.173385 -0.033771
    32 3.823319 0.664870 -1.331676 0.113609 0.291967 -0.310053
    33 2.152367 0.000010 0.000000 0.048427 -0.257689 -0.122177
    34 1.056626 -0.000010 0.000000 0.273385 -0.069605 -0.538064
    35 3.985126 0.881823 -0.368987 0.187091 0.205038 -0.528353
    36 1.830173 0.000000 0.000000 0.309987 -0.029019 -1.518072
    37 1.561352 0.000013 0.000000 0.027385 0.000718 -1.353498
    38 4.116548 0.711289 0.551868 0.372897 0.175497 -0.950866
    39 1.752729 -0.000006 0.000000 0.065544 0.077355 -1.199522
    40 0.869356 0.000002 0.000000 0.010534 -0.055972 -0.881563
    41 4.118825 0.331244 1.419828 0.091710 0.246073 -1.081329
    42 1.176325 -0.000002 0.000000 0.019561 0.360394 -0.780529
    43 0.970213 0.000000 0.000000 1.685136 0.078255 -1.123257
    44 -9.258431 -0.998731 -5.116617 -3.511966 1.485856 -2.830081
    45 12.706341 0.000001 0.000000 -0.407919 0.230807 -2.270957
    46 11.809021 -1.206475 0.191726 -0.000002 -0.000003 0.000000
    47 0.598399 -0.643255 -0.162013 0.000000 -1.570796 -0.835635
    48 0.000010 0.000000 0.000011 0.000000 0.000000 0.000000
    49 1.200000 0.000000 0.000000 0.000000 0.000000 0.000000
    50 0.000010 -0.300000 0.000000 -3.141593 0.000000 -0.174533
    51 0.000000 -0.000001 0.000003 0.000001 -0.000001 0.000000
    52 0.000002 0.000000 -0.000002 -3.141593 0.000001 0.000000
    53 0.000002 0.000000 0.000002 0.000000 0.000000 0.349066
    54 0.000000 0.000000 0.000000 -3.141593 0.000000 0.000000
    55 0.000002 -0.000002 0.000000 -3.141593 0.000000 -0.000001
    56 0.000007 0.000004 0.000000 -3.141593 0.000000 -0.000001
    57 0.000001 -0.000004 0.000000 -3.141593 0.000000 0.000000
    58 0.000002 0.000010 0.000000 -3.141593 0.000000 0.000000
    59 0.000000 0.000000 0.000000 -3.141593 0.000000 0.000000
    60 -0.000001 -0.000004 0.000000 -3.141593 0.000000 0.000000
    61 0.000000 -0.000004 0.000000 -3.141593 0.000000 0.000000
    62 0.000001 -0.000002 0.000000 -3.141593 0.000000 0.000001
    63 0.000001 -0.000002 0.000000 3.141592 0.000000 -0.000001
    64 0.000000 0.000000 0.000000 -3.141593 0.000000 0.000000
    65 0.000000 0.000000 0.000000 -1.570797 -0.000001 0.000000
    66 0.000000 0.000000 0.000000 0.000000 0.000000 0.000000
    67 1.200001 0.000000 0.000000 0.000000 0.000000 0.000000
    68 0.000000 0.300000 0.000000 0.000000 0.000000 0.174533
    69 0.000000 0.000000 -0.000001 0.000000 0.000000 0.000000
    70 0.000000 0.000000 -0.000001 -3.141593 0.000000 0.000000
    71 0.000000 0.000000 0.000000 0.000001 0.000000 0.349065
    72 -0.000004 0.000003 0.000000 0.000000 0.000000 0.000000
    73 0.000009 -0.000006 0.000000 0.000000 0.000000 -0.000001
    74 0.000000 -0.000002 -0.000001 0.000000 -0.000001 -0.000001
    75 0.000000 0.000000 0.000000 0.000000 0.000000 0.000000
    76 0.000000 0.000000 0.000000 0.000000 0.000000 0.000001
    77 0.000000 0.000002 0.000000 0.000000 0.000000 0.000000
    78 -0.000007 -0.000013 0.000000 0.000000 0.000000 0.000001
    79 0.000000 0.000000 0.000000 0.000000 0.000000 0.000000
    80 0.000000 0.000000 0.000000 0.000000 0.000000 0.000000
    81 0.000000 0.000000 0.000000 0.000000 0.000000 0.000000
    82 0.000000 0.000000 0.000000 0.000000 0.000000 0.000000
    83 0.000000 0.000000 0.000004 -1.570797 0.000001 0.000000
  time 72
    0 -5.337919 -15.204148 -6.286089 -1.571275 0.000000 -1.571343
    1 9.243773 6.139962 1.326173 -0.000001 0.000001 -1.570796
    2 3.442229 -1.240687 -0.005672 -0.000002 -0.000003 0.000000
    3 17.667921 -1.384574 1.233112 0.000000 -0.000003 -3.141592
    4 13.081079 -1.084008 0.792839 1.570797 -0.879478 -3.141593
    5 0.758741 0.000010 -0.000001 -1.570796 0.000000 -1.124720
    6 12.977262 -1.858502 0.676013 0.518314 -0.428322 -2.516407
    7 0.562688 -0.000006 -0.000004 -0.013014 -0.008068 -0.959463
    8 -3.736585 -24.428194 -8.048293 -3.141592 -1.063149 -0.000219
    9 2.341381 0.000021 0.000003 1.570738 1.242323 -0.000046
    10 1.097589 -20.508408 -10.395908 3.063989 0.011766 -1.681336
    11 1.473635 0.639422 -1.295233 1.873507 0.766140 0.332871
    12 1.832607 -0.000004 0.000007 3.131157 0.007152 0.847622
    13 1.003331 0.000000 0.000000 -3.095899 0.121084 0.034207
    14 3.823887 -0.419591 -1.411516 0.069795 0.155286 0.207665
    15 2.187963 0.000000 0.000000 -0.165860 -0.079982 1.419145
    16 1.100958 -0.000014 0.000000 0.087789 -0.052676 -0.184191
    17 3.987879 -0.577435 -0.474708 0.200599 0.169222 0.195927
    18 1.890100 -0.000008 0.000000 -0.153902 -0.042688 1.467060
    19 1.310926 0.000015 0.000000 -0.029730 0.074269 -0.259831
    20 4.117973 -0.654501 0.453699 0.085604 0.094078 0.260901
    21 1.655293 0.000002 0.000000 -0.029296 -0.049149 1.283708
    22 0.869586 0.000011 0.000000 0.062963 -0.019305 0.011264
    23 4.150639 -0.581580 1.354867 -0.178487 0.129533 0.002321
    24 1.157248 -0.000013 -0.000002 0.194855 -0.267812 1.185099
    25 1.019835 0.000002 0.000002 -1.675130 0.086219 0.371305
    26 3.429456 -5.007721 -5.116617 -1.562264 1.181075 -1.474453
    27 12.695436 0.000001 0.000018 -0.267802 0.293050 -1.737036
    28 -5.890903 -10.392776 -9.817764 3.070325 0.007286 -1.559548
    29 1.474217 -0.497913 -1.376119 1.283294 0.486350 -0.349537
    30 1.832175 -0.000001 0.000001 -2.584557 -0.154226 0.716821
    31 1.042012 0.000000 -0.000006 -2.947027 -0.173385 -0.033771
    32 3.823319 0.664870 -1.331676 0.113609 0.291967 -0.310053
    33 2.152367 0.000010 0.000000 0.048427 -0.257689 -0.122177
    34 1.056626 -0.000010 0.000000 0.273385 -0.069605 -0.538064
    35 3.985126 0.881823 -0.368987 0.187091 0.205038 -0.528353
    36 1.830173 0.000000 0.000000 0.309987 -0.029019 -1.518072
    37 1.561352 0.000013 0.000000 0.027385 0.000718 -1.353498
    38 4.116548 0.711289 0.551868 0.372897 0.175497 -0.950866
    39 1.752729 -0.000006 0.000000 0.065544 0.077355 -1.199522
    40 0.869356 0.000002 0.000000 0.010534 -0.055972 -0.881563
    41 4.118825 0.331244 1.419828 0.091710 0.246073 -1.081329
    42 1.176325 -0.000002 0.000000 0.019561 0.360394 -0.780529
    43 0.970213 0.000000 0.000000 1.685136 0.078242 -1.123257
    44 -9.258431 -0.998731 -5.116617 -3.510434 1.485494 -2.828401
    45 12.706341 0.000001 0.000000 -0.407919 0.230819 -2.270881
    46 11.809021 -1.206475 0.191726 -0.000002 -0.000003 0.000000
    47 0.598399 -0.643255 -0.162013 0.000000 -1.570796 -0.835635
    48 0.000010 0.000000 0.000011 0.000000 0.000000 0.000000
    49 1.200000 0.000000 0.000000 0.000000 0.000000 0.000000
    50 0.000010 -0.300000 0.000000 -3.141593 0.000000 -0.174533
    51 0.000000 -0.000001 0.000003 0.000001 -0.000001 0.000000
    52 0.000002 0.000000 -0.000002 -3.141593 0.000001 0.000000
    53 0.000002 0.000000 0.000002 0.000000 0.000000 0.349066
    54 0.000000 0.000000 0.000000 -3.141593 0.000000 0.000000
    55 0.000002 -0.000002 0.000000 -3.141593 0.000000 -0.000001
    56 0.000007 0.000004 0.000000 -3.141593 0.000000 -0.000001
    57 0.000001 -0.000004 0.000000 -3.141593 0.000000 0.000000
    58 0.000002 0.000010 0.000000 -3.141593 0.000000 0.000000
    59 0.000000 0.000000 0.000000 -3.141593 0.000000 0.000000
    60 -0.000001 -0.000004 0.000000 -3.141593 0.000000 0.000000
    61 0.000000 -0.000004 0.000000 -3.141593 0.000000 0.000000
    62 0.000001 -0.000002 0.000000 -3.141593 0.000000 0.000001
    63 0.000001 -0.000002 0.000000 3.141592 0.000000 -0.000001
    64 0.000000 0.000000 0.000000 -3.141593 0.000000 0.000000
    65 0.000000 0.000000 0.000000 -1.570797 -0.000001 0.000000
    66 0.000000 0.000000 0.000000 0.000000 0.000000 0.000000
    67 1.200001 0.000000 0.000000 0.000000 0.000000 0.000000
    68 0.000000 0.300000 0.000000 0.000000 0.000000 0.174533
    69 0.000000 0.000000 -0.000001 0.000000 0.000000 0.000000
    70 0.000000 0.000000 -0.000001 -3.141593 0.000000 0.000000
    71 0.000000 0.000000 0.000000 0.000001 0.000000 0.349065
    72 -0.000004 0.000003 0.000000 0.000000 0.000000 0.000000
    73 0.000009 -0.000006 0.000000 0.000000 0.000000 -0.000001
    74 0.000000 -0.000002 -0.000001 0.000000 -0.000001 -0.000001
    75 0.000000 0.000000 0.000000 0.000000 0.000000 0.000000
    76 0.000000 0.000000 0.000000 0.000000 0.000000 0.000001
    77 0.000000 0.000002 0.000000 0.000000 0.000000 0.000000
    78 -0.000007 -0.000013 0.000000 0.000000 0.000000 0.000001
    79 0.000000 0.000000 0.000000 0.000000 0.000000 0.000000
    80 0.000000 0.000000 0.000000 0.000000 0.000000 0.000000
    81 0.000000 0.000000 0.000000 0.000000 0.000000 0.000000
    82 0.000000 0.000000 0.000000 0.000000 0.000000 0.000000
    83 0.000000 0.000000 0.000004 -1.570797 0.000001 0.000000
  time 73
    0 -5.337919 -15.204148 -6.286089 -1.571177 0.000000 -1.571343
    1 9.243773 6.139962 1.326173 -0.000001 0.000001 -1.570796
    2 3.442229 -1.240687 -0.005672 -0.000002 -0.000003 0.000000
    3 17.667921 -1.384574 1.233112 0.000000 -0.000003 -3.141592
    4 13.081079 -1.084008 0.792839 1.570797 -0.879478 -3.141593
    5 0.758741 0.000010 -0.000001 -1.570796 0.000000 -1.124720
    6 12.977262 -1.858502 0.676013 0.518314 -0.428322 -2.516407
    7 0.562688 -0.000006 -0.000004 -0.013014 -0.008068 -0.959463
    8 -3.732679 -24.428194 -8.048293 -3.141592 -1.063259 -0.000219
    9 2.341381 0.000021 0.000003 1.570738 1.242323 -0.000046
    10 1.097589 -20.508408 -10.395908 3.064082 0.011766 -1.681336
    11 1.473635 0.639422 -1.295233 1.873507 0.766140 0.332871
    12 1.832607 -0.000004 0.000007 3.131157 0.007152 0.847622
    13 1.003331 0.000000 0.000000 -3.095899 0.121084 0.034207
    14 3.823887 -0.419591 -1.411516 0.069795 0.155286 0.207665
    15 2.187963 0.000000 0.000000 -0.165860 -0.079982 1.419145
    16 1.100958 -0.000014 0.000000 0.087789 -0.052676 -0.184191
    17 3.987879 -0.577435 -0.474708 0.200599 0.169222 0.195927
    18 1.890100 -0.000008 0.000000 -0.153902 -0.042688 1.467060
    19 1.310926 0.000015 0.000000 -0.029730 0.074269 -0.259831
    20 4.117973 -0.654501 0.453699 0.085604 0.094078 0.260901
    21 1.655293 0.000002 0.000000 -0.029296 -0.049149 1.283708
    22 0.869586 0.000011 0.000000 0.062963 -0.019305 0.011264
    23 4.150639 -0.581580 1.354867 -0.178487 0.129533 0.002321
    24 1.157248 -0.000013 -0.000002 0.194855 -0.267812 1.185099
    25 1.019835 0.000002 0.000002 -1.675130 0.086219 0.371305
    26 3.429456 -5.007721 -5.116617 -1.562631 1.181075 -1.474544
    27 12.695436 0.000001 0.000018 -0.267845 0.293050 -1.737103
    28 -5.886996 -10.392776 -9.817764 3.070448 0.007286 -1.559548
    29 1.474217 -0.497913 -1.376119 1.283294 0.486350 -0.349537
    30 1.832175 -0.000001 0.000001 -2.584557 -0.154226 0.716821
    31 1.042012 0.000000 -0.000006 -2.947027 -0.173385 -0.033771
    32 3.823319 0.664870 -1.331676 0.113609 0.291967 -0.310053
    33 2.152367 0.000010 0.000000 0.048427 -0.257689 -0.122177
    34 1.056626 -0.000010 0.000000 0.273385 -0.069605 -0.538064
    35 3.985126 0.881823 -0.368987 0.187091 0.205038 -0.528353
    36 1.830173 0.000000 0.000000 0.309987 -0.029019 -1.518072
    37 1.561352 0.000013 0.000000 0.027385 0.000718 -1.353498
    38 4.116548 0.711289 0.551868 0.372897 0.175497 -0.950866
    39 1.752729 -0.000006 0.000000 0.065544 0.077355 -1.199522
    40 0.869356 0.000002 0.000000 0.010534 -0.055972 -0.881563
    41 4.118825 0.331244 1.419828 0.091710 0.246073 -1.081329
    42 1.176325 -0.000002 0.000000 0.019561 0.360394 -0.780529
    43 0.970213 0.000000 0.000000 1.685136 0.078242 -1.123257
    44 -9.258431 -0.998731 -5.116617 -3.509189 1.485313 -2.826986
    45 12.706341 0.000001 0.000000 -0.407870 0.230831 -2.270881
    46 11.809021 -1.206475 0.191726 -0.000002 -0.000003 0.000000
    47 0.598399 -0.643255 -0.162013 0.000000 -1.570796 -0.835635
    48 0.000010 0.000000 0.000011 0.000000 0.000000 0.000000
    49 1.200000 0.000000 0.000000 0.000000 0.000000 0.000000
    50 0.000010 -0.300000 0.000000 -3.141593 0.000000 -0.174533
    51 0.000000 -0.000001 0.000003 0.000001 -0.000001 0.000000
    52 0.000002 0.000000 -0.000002 -3.141593 0.000001 0.000000
    53 0.000002 0.000000 0.000002 0.000000 0.000000 0.349066
    54 0.000000 0.000000 0.000000 -3.141593 0.000000 0.000000
    55 0.000002 -0.000002 0.000000 -3.141593 0.000000 -0.000001
    56 0.000007 0.000004 0.000000 -3.141593 0.000000 -0.000001
    57 0.000001 -0.000004 0.000000 -3.141593 0.000000 0.000000
    58 0.000002 0.000010 0.000000 -3.141593 0.000000 0.000000
    59 0.000000 0.000000 0.000000 -3.141593 0.000000 0.000000
    60 -0.000001 -0.000004 0.000000 -3.141593 0.000000 0.000000
    61 0.000000 -0.000004 0.000000 -3.141593 0.000000 0.000000
    62 0.000001 -0.000002 0.000000 -3.141593 0.000000 0.000001
    63 0.000001 -0.000002 0.000000 3.141592 0.000000 -0.000001
    64 0.000000 0.000000 0.000000 -3.141593 0.000000 0.000000
    65 0.000000 0.000000 0.000000 -1.570797 -0.000001 0.000000
    66 0.000000 0.000000 0.000000 0.000000 0.000000 0.000000
    67 1.200001 0.000000 0.000000 0.000000 0.000000 0.000000
    68 0.000000 0.300000 0.000000 0.000000 0.000000 0.174533
    69 0.000000 0.000000 -0.000001 0.000000 0.000000 0.000000
    70 0.000000 0.000000 -0.000001 -3.141593 0.000000 0.000000
    71 0.000000 0.000000 0.000000 0.000001 0.000000 0.349065
    72 -0.000004 0.000003 0.000000 0.000000 0.000000 0.000000
    73 0.000009 -0.000006 0.000000 0.000000 0.000000 -0.000001
    74 0.000000 -0.000002 -0.000001 0.000000 -0.000001 -0.000001
    75 0.000000 0.000000 0.000000 0.000000 0.000000 0.000000
    76 0.000000 0.000000 0.000000 0.000000 0.000000 0.000001
    77 0.000000 0.000002 0.000000 0.000000 0.000000 0.000000
    78 -0.000007 -0.000013 0.000000 0.000000 0.000000 0.000001
    79 0.000000 0.000000 0.000000 0.000000 0.000000 0.000000
    80 0.000000 0.000000 0.000000 0.000000 0.000000 0.000000
    81 0.000000 0.000000 0.000000 0.000000 0.000000 0.000000
    82 0.000000 0.000000 0.000000 0.000000 0.000000 0.000000
    83 0.000000 0.000000 0.000004 -1.570797 0.000001 0.000000
  time 74
    0 -5.337919 -15.204148 -6.282182 -1.571054 0.000000 -1.571343
    1 9.243773 6.139962 1.326173 -0.000001 0.000001 -1.570796
    2 3.442229 -1.240687 -0.005672 -0.000002 -0.000003 0.000000
    3 17.667921 -1.384574 1.233112 0.000000 -0.000003 -3.141592
    4 13.081079 -1.084008 0.792839 1.570797 -0.879478 -3.141593
    5 0.758741 0.000010 -0.000001 -1.570796 0.000000 -1.124720
    6 12.977262 -1.858502 0.676013 0.518314 -0.428322 -2.516407
    7 0.562688 -0.000006 -0.000004 -0.013014 -0.008068 -0.959463
    8 -3.732679 -24.428194 -8.048293 -3.141592 -1.063369 -0.000219
    9 2.341381 0.000021 0.000003 1.570738 1.242323 -0.000046
    10 1.101495 -20.508408 -10.395908 3.064175 0.011766 -1.681336
    11 1.473635 0.639422 -1.295233 1.873507 0.766140 0.332871
    12 1.832607 -0.000004 0.000007 3.131157 0.007152 0.847622
    13 1.003331 0.000000 0.000000 -3.095899 0.121084 0.034207
    14 3.823887 -0.419591 -1.411516 0.069795 0.155286 0.207665
    15 2.187963 0.000000 0.000000 -0.165860 -0.079982 1.419145
    16 1.100958 -0.000014 0.000000 0.087789 -0.052676 -0.184191
    17 3.987879 -0.577435 -0.474708 0.200599 0.169222 0.195927
    18 1.890100 -0.000008 0.000000 -0.153902 -0.042688 1.467060
    19 1.310926 0.000015 0.000000 -0.029730 0.074269 -0.259851
    20 4.117973 -0.654501 0.453699 0.085604 0.094078 0.260901
    21 1.655293 0.000002 0.000000 -0.029296 -0.049149 1.283708
    22 0.869586 0.000011 0.000000 0.062963 -0.019305 0.011264
    23 4.150639 -0.581580 1.354867 -0.178487 0.129533 0.002321
    24 1.157248 -0.000013 -0.000002 0.194855 -0.267812 1.185099
    25 1.019835 0.000002 0.000002 -1.675130 0.086219 0.371305
    26 3.429456 -5.007721 -5.116617 -1.563182 1.181118 -1.474727
    27 12.695436 0.000001 0.000018 -0.267845 0.293050 -1.737103
    28 -5.886996 -10.392776 -9.817764 3.070546 0.007286 -1.559548
    29 1.474217 -0.497913 -1.376119 1.283294 0.486350 -0.349537
    30 1.832175 -0.000001 0.000001 -2.584557 -0.154226 0.716821
    31 1.042012 0.000000 -0.000006 -2.947027 -0.173385 -0.033771
    32 3.823319 0.664870 -1.331676 0.113609 0.291967 -0.310053
    33 2.152367 0.000010 0.000000 0.048427 -0.257689 -0.122177
    34 1.056626 -0.000010 0.000000 0.273385 -0.069605 -0.538064
    35 3.985126 0.881823 -0.368987 0.187091 0.205038 -0.528353
    36 1.830173 0.000000 0.000000 0.309987 -0.029019 -1.518072
    37 1.561352 0.000013 0.000000 0.027385 0.000718 -1.353498
    38 4.116548 0.711289 0.551868 0.372897 0.175497 -0.950866
    39 1.752729 -0.000006 0.000000 0.065544 0.077355 -1.199522
    40 0.869356 0.000002 0.000000 0.010534 -0.055972 -0.881563
    41 4.118825 0.331244 1.419828 0.091710 0.246073 -1.081329
    42 1.176325 -0.000002 0.000000 0.019561 0.360394 -0.780529
    43 0.970213 0.000000 0.000000 1.685136 0.078242 -1.123257
    44 -9.258431 -0.998731 -5.116617 -3.508423 1.485132 -2.825483
    45 12.706341 0.000001 0.000000 -0.407870 0.230831 -2.270805
    46 11.809021 -1.206475 0.191726 -0.000002 -0.000003 0.000000
    47 0.598399 -0.643255 -0.162013 0.000000 -1.570796 -0.835635
    48 0.000010 0.000000 0.000011 0.000000 0.000000 0.000000
    49 1.200000 0.000000 0.000000 0.000000 0.000000 0.000000
    50 0.000010 -0.300000 0.000000 -3.141593 0.000000 -0.174533
    51 0.000000 -0.000001 0.000003 0.000001 -0.000001 0.000000
    52 0.000002 0.000000 -0.000002 -3.141593 0.000001 0.000000
    53 0.000002 0.000000 0.000002 0.000000 0.000000 0.349066
    54 0.000000 0.000000 0.000000 -3.141593 0.000000 0.000000
    55 0.000002 -0.000002 0.000000 -3.141593 0.000000 -0.000001
    56 0.000007 0.000004 0.000000 -3.141593 0.000000 -0.000001
    57 0.000001 -0.000004 0.000000 -3.141593 0.000000 0.000000
    58 0.000002 0.000010 0.000000 -3.141593 0.000000 0.000000
    59 0.000000 0.000000 0.000000 -3.141593 0.000000 0.000000
    60 -0.000001 -0.000004 0.000000 -3.141593 0.000000 0.000000
    61 0.000000 -0.000004 0.000000 -3.141593 0.000000 0.000000
    62 0.000001 -0.000002 0.000000 -3.141593 0.000000 0.000001
    63 0.000001 -0.000002 0.000000 3.141592 0.000000 -0.000001
    64 0.000000 0.000000 0.000000 -3.141593 0.000000 0.000000
    65 0.000000 0.000000 0.000000 -1.570797 -0.000001 0.000000
    66 0.000000 0.000000 0.000000 0.000000 0.000000 0.000000
    67 1.200001 0.000000 0.000000 0.000000 0.000000 0.000000
    68 0.000000 0.300000 0.000000 0.000000 0.000000 0.174533
    69 0.000000 0.000000 -0.000001 0.000000 0.000000 0.000000
    70 0.000000 0.000000 -0.000001 -3.141593 0.000000 0.000000
    71 0.000000 0.000000 0.000000 0.000001 0.000000 0.349065
    72 -0.000004 0.000003 0.000000 0.000000 0.000000 0.000000
    73 0.000009 -0.000006 0.000000 0.000000 0.000000 -0.000001
    74 0.000000 -0.000002 -0.000001 0.000000 -0.000001 -0.000001
    75 0.000000 0.000000 0.000000 0.000000 0.000000 0.000000
    76 0.000000 0.000000 0.000000 0.000000 0.000000 0.000001
    77 0.000000 0.000002 0.000000 0.000000 0.000000 0.000000
    78 -0.000007 -0.000013 0.000000 0.000000 0.000000 0.000001
    79 0.000000 0.000000 0.000000 0.000000 0.000000 0.000000
    80 0.000000 0.000000 0.000000 0.000000 0.000000 0.000000
    81 0.000000 0.000000 0.000000 0.000000 0.000000 0.000000
    82 0.000000 0.000000 0.000000 0.000000 0.000000 0.000000
    83 0.000000 0.000000 0.000004 -1.570797 0.000001 0.000000
  time 75
    0 -5.337919 -15.204148 -6.282182 -1.570968 0.000000 -1.571343
    1 9.243773 6.139962 1.326173 -0.000001 0.000001 -1.570796
    2 3.442229 -1.240687 -0.005672 -0.000002 -0.000003 0.000000
    3 17.667921 -1.384574 1.233112 0.000000 -0.000003 -3.141592
    4 13.081079 -1.084008 0.792839 1.570797 -0.879478 -3.141593
    5 0.758741 0.000010 -0.000001 -1.570796 0.000000 -1.124720
    6 12.977262 -1.858502 0.676013 0.518314 -0.428322 -2.516407
    7 0.562688 -0.000006 -0.000004 -0.013014 -0.008068 -0.959463
    8 -3.728773 -24.428194 -8.036573 -3.141592 -1.063463 -0.000219
    9 2.341381 0.000021 0.000003 1.570738 1.242323 -0.000046
    10 1.105402 -20.508408 -10.395908 3.064315 0.011818 -1.681336
    11 1.473635 0.639422 -1.295233 1.873507 0.766140 0.332871
    12 1.832607 -0.000004 0.000007 3.131157 0.007152 0.847622
    13 1.003331 0.000000 0.000000 -3.095899 0.121084 0.034207
    14 3.823887 -0.419591 -1.411516 0.069795 0.155286 0.207665
    15 2.187963 0.000000 0.000000 -0.165860 -0.079982 1.419145
    16 1.100958 -0.000014 0.000000 0.087789 -0.052676 -0.184191
    17 3.987879 -0.577435 -0.474708 0.200599 0.169222 0.195927
    18 1.890100 -0.000008 0.000000 -0.153902 -0.042688 1.467060
    19 1.310926 0.000015 0.000000 -0.029730 0.074269 -0.259831
    20 4.117973 -0.654501 0.453699 0.085604 0.094078 0.260901
    21 1.655293 0.000002 0.000000 -0.029296 -0.049149 1.283708
    22 0.869586 0.000011 0.000000 0.062963 -0.019305 0.011264
    23 4.150639 -0.581580 1.354867 -0.178487 0.129533 0.002321
    24 1.157248 -0.000013 -0.000002 0.194855 -0.267812 1.185099
    25 1.019835 0.000002 0.000002 -1.675130 0.086219 0.371305
    26 3.429456 -5.007721 -5.116617 -1.563274 1.181118 -1.474727
    27 12.695436 0.000001 0.000018 -0.267888 0.293050 -1.737103
    28 -5.883090 -10.392776 -9.817764 3.070657 0.007286 -1.559548
    29 1.474217 -0.497913 -1.376119 1.283294 0.486350 -0.349537
    30 1.832175 -0.000001 0.000001 -2.584557 -0.154226 0.716843
    31 1.042012 0.000000 -0.000006 -2.947027 -0.173385 -0.033771
    32 3.823319 0.664870 -1.331676 0.113609 0.291967 -0.310053
    33 2.152367 0.000010 0.000000 0.048427 -0.257689 -0.122177
    34 1.056626 -0.000010 0.000000 0.273385 -0.069605 -0.538064
    35 3.985126 0.881823 -0.368987 0.187091 0.205038 -0.528353
    36 1.830173 0.000000 0.000000 0.309987 -0.029019 -1.518072
    37 1.561352 0.000013 0.000000 0.027385 0.000718 -1.353498
    38 4.116548 0.711289 0.551868 0.372897 0.175497 -0.950866
    39 1.752729 -0.000006 0.000000 0.065544 0.077355 -1.199522
    40 0.869356 0.000002 0.000000 0.010534 -0.055972 -0.881563
    41 4.118825 0.331244 1.419828 0.091710 0.246073 -1.081329
    42 1.176325 -0.000002 0.000000 0.019561 0.360394 -0.780529
    43 0.970213 0.000000 0.000000 1.685136 0.078242 -1.123257
    44 -9.258431 -0.998731 -5.116617 -3.507561 1.484951 -2.824422
    45 12.706341 0.000001 0.000000 -0.407870 0.230831 -2.270728
    46 11.809021 -1.206475 0.191726 -0.000002 -0.000003 0.000000
    47 0.598399 -0.643255 -0.162013 0.000000 -1.570796 -0.835635
    48 0.000010 0.000000 0.000011 0.000000 0.000000 0.000000
    49 1.200000 0.000000 0.000000 0.000000 0.000000 0.000000
    50 0.000010 -0.300000 0.000000 -3.141593 0.000000 -0.174533
    51 0.000000 -0.000001 0.000003 0.000001 -0.000001 0.000000
    52 0.000002 0.000000 -0.000002 -3.141593 0.000001 0.000000
    53 0.000002 0.000000 0.000002 0.000000 0.000000 0.349066
    54 0.000000 0.000000 0.000000 -3.141593 0.000000 0.000000
    55 0.000002 -0.000002 0.000000 -3.141593 0.000000 -0.000001
    56 0.000007 0.000004 0.000000 -3.141593 0.000000 -0.000001
    57 0.000001 -0.000004 0.000000 -3.141593 0.000000 0.000000
    58 0.000002 0.000010 0.000000 -3.141593 0.000000 0.000000
    59 0.000000 0.000000 0.000000 -3.141593 0.000000 0.000000
    60 -0.000001 -0.000004 0.000000 -3.141593 0.000000 0.000000
    61 0.000000 -0.000004 0.000000 -3.141593 0.000000 0.000000
    62 0.000001 -0.000002 0.000000 -3.141593 0.000000 0.000001
    63 0.000001 -0.000002 0.000000 3.141592 0.000000 -0.000001
    64 0.000000 0.000000 0.000000 -3.141593 0.000000 0.000000
    65 0.000000 0.000000 0.000000 -1.570797 -0.000001 0.000000
    66 0.000000 0.000000 0.000000 0.000000 0.000000 0.000000
    67 1.200001 0.000000 0.000000 0.000000 0.000000 0.000000
    68 0.000000 0.300000 0.000000 0.000000 0.000000 0.174533
    69 0.000000 0.000000 -0.000001 0.000000 0.000000 0.000000
    70 0.000000 0.000000 -0.000001 -3.141593 0.000000 0.000000
    71 0.000000 0.000000 0.000000 0.000001 0.000000 0.349065
    72 -0.000004 0.000003 0.000000 0.000000 0.000000 0.000000
    73 0.000009 -0.000006 0.000000 0.000000 0.000000 -0.000001
    74 0.000000 -0.000002 -0.000001 0.000000 -0.000001 -0.000001
    75 0.000000 0.000000 0.000000 0.000000 0.000000 0.000000
    76 0.000000 0.000000 0.000000 0.000000 0.000000 0.000001
    77 0.000000 0.000002 0.000000 0.000000 0.000000 0.000000
    78 -0.000007 -0.000013 0.000000 0.000000 0.000000 0.000001
    79 0.000000 0.000000 0.000000 0.000000 0.000000 0.000000
    80 0.000000 0.000000 0.000000 0.000000 0.000000 0.000000
    81 0.000000 0.000000 0.000000 0.000000 0.000000 0.000000
    82 0.000000 0.000000 0.000000 0.000000 0.000000 0.000000
    83 0.000000 0.000000 0.000004 -1.570797 0.000001 0.000000
  time 76
    0 -5.291042 -15.204148 -6.282182 -1.570907 0.000000 -1.571343
    1 9.243773 6.139962 1.326173 -0.000001 0.000001 -1.570796
    2 3.442229 -1.240687 -0.005672 -0.000002 -0.000003 0.000000
    3 17.667921 -1.384574 1.233112 0.000000 -0.000003 -3.141592
    4 13.081079 -1.084008 0.792839 1.570797 -0.879478 -3.141593
    5 0.758741 0.000010 -0.000001 -1.570796 0.000000 -1.124720
    6 12.977262 -1.858502 0.676013 0.518314 -0.428322 -2.516407
    7 0.562688 -0.000006 -0.000004 -0.013014 -0.008068 -0.959463
    8 -3.728773 -24.428194 -8.036573 -3.141592 -1.063526 -0.000219
    9 2.341381 0.000021 0.000003 1.570738 1.242323 -0.000046
    10 1.105402 -20.508408 -10.395908 3.064315 0.011818 -1.681336
    11 1.473635 0.639422 -1.295233 1.873507 0.766140 0.332871
    12 1.832607 -0.000004 0.000007 3.131157 0.007152 0.847622
    13 1.003331 0.000000 0.000000 -3.095899 0.121084 0.034207
    14 3.823887 -0.419591 -1.411516 0.069795 0.155286 0.207665
    15 2.187963 0.000000 0.000000 -0.165860 -0.079982 1.419145
    16 1.100958 -0.000014 0.000000 0.087789 -0.052676 -0.184191
    17 3.987879 -0.577435 -0.474708 0.200599 0.169222 0.195927
    18 1.890100 -0.000008 0.000000 -0.153902 -0.042688 1.467060
    19 1.310926 0.000015 0.000000 -0.029730 0.074269 -0.259831
    20 4.117973 -0.654501 0.453699 0.085604 0.094078 0.260901
    21 1.655293 0.000002 0.000000 -0.029296 -0.049149 1.283708
    22 0.869586 0.000011 0.000000 0.062963 -0.019305 0.011264
    23 4.150639 -0.581580 1.354867 -0.178487 0.129533 0.002321
    24 1.157248 -0.000013 -0.000002 0.194855 -0.267812 1.185099
    25 1.019835 0.000002 0.000002 -1.675130 0.086219 0.371305
    26 3.429456 -5.007721 -5.116617 -1.563733 1.181118 -1.474818
    27 12.695436 0.000001 0.000018 -0.267888 0.293050 -1.737103
    28 -5.883090 -10.392776 -9.817764 3.070706 0.007286 -1.559548
    29 1.474217 -0.497913 -1.376119 1.283294 0.486350 -0.349537
    30 1.832175 -0.000001 0.000001 -2.584557 -0.154226 0.716821
    31 1.042012 0.000000 -0.000006 -2.947027 -0.173385 -0.033771
    32 3.823319 0.664870 -1.331676 0.113609 0.291967 -0.310053
    33 2.152367 0.000010 0.000000 0.048427 -0.257689 -0.122177
    34 1.056626 -0.000010 0.000000 0.273385 -0.069605 -0.538064
    35 3.985126 0.881823 -0.368987 0.187091 0.205038 -0.528353
    36 1.830173 0.000000 0.000000 0.309987 -0.029019 -1.518072
    37 1.561352 0.000013 0.000000 0.027385 0.000718 -1.353498
    38 4.116548 0.711289 0.551868 0.372897 0.175497 -0.950866
    39 1.752729 -0.000006 0.000000 0.065544 0.077355 -1.199522
    40 0.869356 0.000002 0.000000 0.010534 -0.055972 -0.881563
    41 4.118825 0.331244 1.419828 0.091710 0.246073 -1.081329
    42 1.176325 -0.000002 0.000000 0.019561 0.360394 -0.780529
    43 0.970213 0.000000 0.000000 1.685174 0.078242 -1.123257
    44 -9.258431 -0.998731 -5.116617 -3.506795 1.484770 -2.823449
    45 12.706341 0.000001 0.000000 -0.407870 0.230831 -2.270728
    46 11.809021 -1.206475 0.191726 -0.000002 -0.000003 0.000000
    47 0.598399 -0.643255 -0.162013 0.000000 -1.570796 -0.835635
    48 0.000010 0.000000 0.000011 0.000000 0.000000 0.000000
    49 1.200000 0.000000 0.000000 0.000000 0.000000 0.000000
    50 0.000010 -0.300000 0.000000 -3.141593 0.000000 -0.174533
    51 0.000000 -0.000001 0.000003 0.000001 -0.000001 0.000000
    52 0.000002 0.000000 -0.000002 -3.141593 0.000001 0.000000
    53 0.000002 0.000000 0.000002 0.000000 0.000000 0.349066
    54 0.000000 0.000000 0.000000 -3.141593 0.000000 0.000000
    55 0.000002 -0.000002 0.000000 -3.141593 0.000000 -0.000001
    56 0.000007 0.000004 0.000000 -3.141593 0.000000 -0.000001
    57 0.000001 -0.000004 0.000000 -3.141593 0.000000 0.000000
    58 0.000002 0.000010 0.000000 -3.141593 0.000000 0.000000
    59 0.000000 0.000000 0.000000 -3.141593 0.000000 0.000000
    60 -0.000001 -0.000004 0.000000 -3.141593 0.000000 0.000000
    61 0.000000 -0.000004 0.000000 -3.141593 0.000000 0.000000
    62 0.000001 -0.000002 0.000000 -3.141593 0.000000 0.000001
    63 0.000001 -0.000002 0.000000 3.141592 0.000000 -0.000001
    64 0.000000 0.000000 0.000000 -3.141593 0.000000 0.000000
    65 0.000000 0.000000 0.000000 -1.570797 -0.000001 0.000000
    66 0.000000 0.000000 0.000000 0.000000 0.000000 0.000000
    67 1.200001 0.000000 0.000000 0.000000 0.000000 0.000000
    68 0.000000 0.300000 0.000000 0.000000 0.000000 0.174533
    69 0.000000 0.000000 -0.000001 0.000000 0.000000 0.000000
    70 0.000000 0.000000 -0.000001 -3.141593 0.000000 0.000000
    71 0.000000 0.000000 0.000000 0.000001 0.000000 0.349065
    72 -0.000004 0.000003 0.000000 0.000000 0.000000 0.000000
    73 0.000009 -0.000006 0.000000 0.000000 0.000000 -0.000001
    74 0.000000 -0.000002 -0.000001 0.000000 -0.000001 -0.000001
    75 0.000000 0.000000 0.000000 0.000000 0.000000 0.000000
    76 0.000000 0.000000 0.000000 0.000000 0.000000 0.000001
    77 0.000000 0.000002 0.000000 0.000000 0.000000 0.000000
    78 -0.000007 -0.000013 0.000000 0.000000 0.000000 0.000001
    79 0.000000 0.000000 0.000000 0.000000 0.000000 0.000000
    80 0.000000 0.000000 0.000000 0.000000 0.000000 0.000000
    81 0.000000 0.000000 0.000000 0.000000 0.000000 0.000000
    82 0.000000 0.000000 0.000000 0.000000 0.000000 0.000000
    83 0.000000 0.000000 0.000004 -1.570797 0.000001 0.000000
  time 77
    0 -5.291042 -15.204148 -6.282182 -1.570833 0.000000 -1.571343
    1 9.243773 6.139962 1.326173 -0.000001 0.000001 -1.570796
    2 3.442229 -1.240687 -0.005672 -0.000002 -0.000003 0.000000
    3 17.667921 -1.384574 1.233112 0.000000 -0.000003 -3.141592
    4 13.081079 -1.084008 0.792839 1.570797 -0.879478 -3.141593
    5 0.758741 0.000010 -0.000001 -1.570796 0.000000 -1.124720
    6 12.977262 -1.858502 0.676013 0.518314 -0.428322 -2.516407
    7 0.562688 -0.000006 -0.000004 -0.013014 -0.008068 -0.959463
    8 -3.728773 -24.428194 -8.036573 -3.141592 -1.063573 -0.000219
    9 2.341381 0.000021 0.000003 1.570738 1.242323 -0.000046
    10 1.105402 -20.508408 -10.395908 3.064408 0.011835 -1.681336
    11 1.473635 0.639422 -1.295233 1.873507 0.766140 0.332871
    12 1.832607 -0.000004 0.000007 3.131157 0.007152 0.847622
    13 1.003331 0.000000 0.000000 -3.095899 0.121084 0.034207
    14 3.823887 -0.419591 -1.411516 0.069795 0.155286 0.207665
    15 2.187963 0.000000 0.000000 -0.165860 -0.079982 1.419145
    16 1.100958 -0.000014 0.000000 0.087789 -0.052676 -0.184191
    17 3.987879 -0.577435 -0.474708 0.200599 0.169222 0.195927
    18 1.890100 -0.000008 0.000000 -0.153902 -0.042688 1.467060
    19 1.310926 0.000015 0.000000 -0.029730 0.074269 -0.259831
    20 4.117973 -0.654501 0.453699 0.085604 0.094078 0.260901
    21 1.655293 0.000002 0.000000 -0.029296 -0.049149 1.283708
    22 0.869586 0.000011 0.000000 0.062963 -0.019305 0.011264
    23 4.150639 -0.581580 1.354867 -0.178487 0.129533 0.002321
    24 1.157248 -0.000013 -0.000002 0.194855 -0.267812 1.185099
    25 1.019835 0.000002 0.000002 -1.675130 0.086219 0.371305
    26 3.429456 -5.007721 -5.116617 -1.563733 1.181161 -1.475001
    27 12.695436 0.000001 0.000018 -0.267888 0.293050 -1.737103
    28 -5.879184 -10.392776 -9.817764 3.070755 0.007286 -1.559548
    29 1.474217 -0.497913 -1.376119 1.283294 0.486350 -0.349537
    30 1.832175 -0.000001 0.000001 -2.584557 -0.154226 0.716821
    31 1.042012 0.000000 -0.000006 -2.947027 -0.173385 -0.033771
    32 3.823319 0.664870 -1.331676 0.113609 0.291967 -0.310053
    33 2.152367 0.000010 0.000000 0.048427 -0.257689 -0.122177
    34 1.056626 -0.000010 0.000000 0.273385 -0.069605 -0.538064
    35 3.985126 0.881823 -0.368987 0.187091 0.205038 -0.528353
    36 1.830173 0.000000 0.000000 0.309987 -0.029019 -1.518072
    37 1.561352 0.000013 0.000000 0.027385 0.000718 -1.353498
    38 4.116548 0.711289 0.551868 0.372897 0.175497 -0.950866
    39 1.752729 -0.000006 0.000000 0.065544 0.077355 -1.199522
    40 0.869356 0.000002 0.000000 0.010534 -0.055972 -0.881563
    41 4.118825 0.331244 1.419828 0.091710 0.246073 -1.081329
    42 1.176325 -0.000002 0.000000 0.019561 0.360394 -0.780529
    43 0.970213 0.000000 0.000000 1.685155 0.078242 -1.123257
    44 -9.258431 -0.998731 -5.116617 -3.506412 1.484589 -2.822742
    45 12.706341 0.000001 0.000000 -0.407821 0.230831 -2.270652
    46 11.809021 -1.206475 0.191726 -0.000002 -0.000003 0.000000
    47 0.598399 -0.643255 -0.162013 0.000000 -1.570796 -0.835635
    48 0.000010 0.000000 0.000011 0.000000 0.000000 0.000000
    49 1.200000 0.000000 0.000000 0.000000 0.000000 0.000000
    50 0.000010 -0.300000 0.000000 -3.141593 0.000000 -0.174533
    51 0.000000 -0.000001 0.000003 0.000001 -0.000001 0.000000
    52 0.000002 0.000000 -0.000002 -3.141593 0.000001 0.000000
    53 0.000002 0.000000 0.000002 0.000000 0.000000 0.349066
    54 0.000000 0.000000 0.000000 -3.141593 0.000000 0.000000
    55 0.000002 -0.000002 0.000000 -3.141593 0.000000 -0.000001
    56 0.000007 0.000004 0.000000 -3.141593 0.000000 -0.000001
    57 0.000001 -0.000004 0.000000 -3.141593 0.000000 0.000000
    58 0.000002 0.000010 0.000000 -3.141593 0.000000 0.000000
    59 0.000000 0.000000 0.000000 -3.141593 0.000000 0.000000
    60 -0.000001 -0.000004 0.000000 -3.141593 0.000000 0.000000
    61 0.000000 -0.000004 0.000000 -3.141593 0.000000 0.000000
    62 0.000001 -0.000002 0.000000 -3.141593 0.000000 0.000001
    63 0.000001 -0.000002 0.000000 3.141592 0.000000 -0.000001
    64 0.000000 0.000000 0.000000 -3.141593 0.000000 0.000000
    65 0.000000 0.000000 0.000000 -1.570797 -0.000001 0.000000
    66 0.000000 0.000000 0.000000 0.000000 0.000000 0.000000
    67 1.200001 0.000000 0.000000 0.000000 0.000000 0.000000
    68 0.000000 0.300000 0.000000 0.000000 0.000000 0.174533
    69 0.000000 0.000000 -0.000001 0.000000 0.000000 0.000000
    70 0.000000 0.000000 -0.000001 -3.141593 0.000000 0.000000
    71 0.000000 0.000000 0.000000 0.000001 0.000000 0.349065
    72 -0.000004 0.000003 0.000000 0.000000 0.000000 0.000000
    73 0.000009 -0.000006 0.000000 0.000000 0.000000 -0.000001
    74 0.000000 -0.000002 -0.000001 0.000000 -0.000001 -0.000001
    75 0.000000 0.000000 0.000000 0.000000 0.000000 0.000000
    76 0.000000 0.000000 0.000000 0.000000 0.000000 0.000001
    77 0.000000 0.000002 0.000000 0.000000 0.000000 0.000000
    78 -0.000007 -0.000013 0.000000 0.000000 0.000000 0.000001
    79 0.000000 0.000000 0.000000 0.000000 0.000000 0.000000
    80 0.000000 0.000000 0.000000 0.000000 0.000000 0.000000
    81 0.000000 0.000000 0.000000 0.000000 0.000000 0.000000
    82 0.000000 0.000000 0.000000 0.000000 0.000000 0.000000
    83 0.000000 0.000000 0.000004 -1.570797 0.000001 0.000000
  time 78
    0 -5.291042 -15.204148 -6.282182 -1.570821 0.000000 -1.571343
    1 9.243773 6.139962 1.326173 -0.000001 0.000001 -1.570796
    2 3.442229 -1.240687 -0.005672 -0.000002 -0.000003 0.000000
    3 17.667921 -1.384574 1.233112 0.000000 -0.000003 -3.141592
    4 13.081079 -1.084008 0.792839 1.570797 -0.879478 -3.141593
    5 0.758741 0.000010 -0.000001 -1.570796 0.000000 -1.124720
    6 12.977262 -1.858502 0.676013 0.518314 -0.428322 -2.516407
    7 0.562688 -0.000006 -0.000004 -0.013014 -0.008068 -0.959463
    8 -3.728773 -24.428194 -8.036573 -3.141592 -1.063620 -0.000219
    9 2.341381 0.000021 0.000003 1.570738 1.242323 -0.000046
    10 1.109308 -20.508408 -10.395908 3.064408 0.011835 -1.681336
    11 1.473635 0.639422 -1.295233 1.873507 0.766140 0.332871
    12 1.832607 -0.000004 0.000007 3.131157 0.007152 0.847622
    13 1.003331 0.000000 0.000000 -3.095899 0.121084 0.034207
    14 3.823887 -0.419591 -1.411516 0.069795 0.155286 0.207665
    15 2.187963 0.000000 0.000000 -0.165860 -0.079982 1.419145
    16 1.100958 -0.000014 0.000000 0.087789 -0.052676 -0.184191
    17 3.987879 -0.577435 -0.474708 0.200599 0.169222 0.195927
    18 1.890100 -0.000008 0.000000 -0.153902 -0.042688 1.467060
    19 1.310926 0.000015 0.000000 -0.029730 0.074269 -0.259831
    20 4.117973 -0.654501 0.453699 0.085604 0.094078 0.260901
    21 1.655293 0.000002 0.000000 -0.029296 -0.049149 1.283708
    22 0.869586 0.000011 0.000000 0.062963 -0.019305 0.011264
    23 4.150639 -0.581580 1.354867 -0.178487 0.129533 0.002321
    24 1.157248 -0.000013 -0.000002 0.194855 -0.267812 1.185099
    25 1.019835 0.000002 0.000002 -1.675130 0.086219 0.371305
    26 3.429456 -5.007721 -5.116617 -1.563825 1.181161 -1.475001
    27 12.695436 0.000001 0.000018 -0.267931 0.293050 -1.737103
    28 -5.879184 -10.392776 -9.813858 3.070792 0.007286 -1.559548
    29 1.474217 -0.497913 -1.376119 1.283294 0.486350 -0.349537
    30 1.832175 -0.000001 0.000001 -2.584557 -0.154226 0.716821
    31 1.042012 0.000000 -0.000006 -2.947027 -0.173385 -0.033771
    32 3.823319 0.664870 -1.331676 0.113609 0.291967 -0.310053
    33 2.152367 0.000010 0.000000 0.048427 -0.257689 -0.122177
    34 1.056626 -0.000010 0.000000 0.273385 -0.069605 -0.538064
    35 3.985126 0.881823 -0.368987 0.187091 0.205038 -0.528353
    36 1.830173 0.000000 0.000000 0.309987 -0.029019 -1.518072
    37 1.561352 0.000013 0.000000 0.027385 0.000718 -1.353498
    38 4.116548 0.711289 0.551868 0.372897 0.175497 -0.950866
    39 1.752729 -0.000006 0.000000 0.065544 0.077355 -1.199522
    40 0.869356 0.000002 0.000000 0.010534 -0.055972 -0.881563
    41 4.118825 0.331244 1.419828 0.091710 0.246073 -1.081329
    42 1.176325 -0.000002 0.000000 0.019561 0.360394 -0.780529
    43 0.970213 0.000000 0.000000 1.685136 0.078242 -1.123257
    44 -9.258431 -0.998731 -5.116617 -3.506124 1.484544 -2.822211
    45 12.706341 0.000001 0.000000 -0.407837 0.230831 -2.270652
    46 11.809021 -1.206475 0.191726 -0.000002 -0.000003 0.000000
    47 0.598399 -0.643255 -0.162013 0.000000 -1.570796 -0.835635
    48 0.000010 0.000000 0.000011 0.000000 0.000000 0.000000
    49 1.200000 0.000000 0.000000 0.000000 0.000000 0.000000
    50 0.000010 -0.300000 0.000000 -3.141593 0.000000 -0.174533
    51 0.000000 -0.000001 0.000003 0.000001 -0.000001 0.000000
    52 0.000002 0.000000 -0.000002 -3.141593 0.000001 0.000000
    53 0.000002 0.000000 0.000002 0.000000 0.000000 0.349066
    54 0.000000 0.000000 0.000000 -3.141593 0.000000 0.000000
    55 0.000002 -0.000002 0.000000 -3.141593 0.000000 -0.000001
    56 0.000007 0.000004 0.000000 -3.141593 0.000000 -0.000001
    57 0.000001 -0.000004 0.000000 -3.141593 0.000000 0.000000
    58 0.000002 0.000010 0.000000 -3.141593 0.000000 0.000000
    59 0.000000 0.000000 0.000000 -3.141593 0.000000 0.000000
    60 -0.000001 -0.000004 0.000000 -3.141593 0.000000 0.000000
    61 0.000000 -0.000004 0.000000 -3.141593 0.000000 0.000000
    62 0.000001 -0.000002 0.000000 -3.141593 0.000000 0.000001
    63 0.000001 -0.000002 0.000000 3.141592 0.000000 -0.000001
    64 0.000000 0.000000 0.000000 -3.141593 0.000000 0.000000
    65 0.000000 0.000000 0.000000 -1.570797 -0.000001 0.000000
    66 0.000000 0.000000 0.000000 0.000000 0.000000 0.000000
    67 1.200001 0.000000 0.000000 0.000000 0.000000 0.000000
    68 0.000000 0.300000 0.000000 0.000000 0.000000 0.174533
    69 0.000000 0.000000 -0.000001 0.000000 0.000000 0.000000
    70 0.000000 0.000000 -0.000001 -3.141593 0.000000 0.000000
    71 0.000000 0.000000 0.000000 0.000001 0.000000 0.349065
    72 -0.000004 0.000003 0.000000 0.000000 0.000000 0.000000
    73 0.000009 -0.000006 0.000000 0.000000 0.000000 -0.000001
    74 0.000000 -0.000002 -0.000001 0.000000 -0.000001 -0.000001
    75 0.000000 0.000000 0.000000 0.000000 0.000000 0.000000
    76 0.000000 0.000000 0.000000 0.000000 0.000000 0.000001
    77 0.000000 0.000002 0.000000 0.000000 0.000000 0.000000
    78 -0.000007 -0.000013 0.000000 0.000000 0.000000 0.000001
    79 0.000000 0.000000 0.000000 0.000000 0.000000 0.000000
    80 0.000000 0.000000 0.000000 0.000000 0.000000 0.000000
    81 0.000000 0.000000 0.000000 0.000000 0.000000 0.000000
    82 0.000000 0.000000 0.000000 0.000000 0.000000 0.000000
    83 0.000000 0.000000 0.000004 -1.570797 0.000001 0.000000
  time 79
    0 -5.291042 -15.204148 -6.282182 -1.570796 0.000000 -1.571343
    1 9.243773 6.139962 1.326173 -0.000001 0.000001 -1.570796
    2 3.442229 -1.240687 -0.005672 -0.000002 -0.000003 0.000000
    3 17.667921 -1.384574 1.233112 0.000000 -0.000003 -3.141592
    4 13.081079 -1.084008 0.792839 1.570797 -0.879478 -3.141593
    5 0.758741 0.000010 -0.000001 -1.570796 0.000000 -1.124720
    6 12.977262 -1.858502 0.676013 0.518314 -0.428322 -2.516407
    7 0.562688 -0.000006 -0.000004 -0.013014 -0.008068 -0.959463
    8 -3.724866 -24.428194 -8.036573 -3.141592 -1.063636 -0.000219
    9 2.341381 0.000021 0.000003 1.570738 1.242323 -0.000046
    10 1.109308 -20.508408 -10.395908 3.064408 0.011835 -1.681336
    11 1.473635 0.639422 -1.295233 1.873507 0.766140 0.332871
    12 1.832607 -0.000004 0.000007 3.131157 0.007152 0.847622
    13 1.003331 0.000000 0.000000 -3.095899 0.121084 0.034207
    14 3.823887 -0.419591 -1.411516 0.069795 0.155286 0.207665
    15 2.187963 0.000000 0.000000 -0.165860 -0.079982 1.419145
    16 1.100958 -0.000014 0.000000 0.087789 -0.052676 -0.184191
    17 3.987879 -0.577435 -0.474708 0.200599 0.169222 0.195927
    18 1.890100 -0.000008 0.000000 -0.153902 -0.042688 1.467060
    19 1.310926 0.000015 0.000000 -0.029730 0.074269 -0.259831
    20 4.117973 -0.654501 0.453699 0.085604 0.094078 0.260901
    21 1.655293 0.000002 0.000000 -0.029296 -0.049149 1.283708
    22 0.869586 0.000011 0.000000 0.062963 -0.019305 0.011264
    23 4.150639 -0.581580 1.354867 -0.178487 0.129533 0.002321
    24 1.157248 -0.000013 -0.000002 0.194855 -0.267812 1.185099
    25 1.019835 0.000002 0.000002 -1.675130 0.086219 0.371305
    26 3.429456 -5.007721 -5.116617 -1.564192 1.181161 -1.475001
    27 12.695436 0.000001 0.000018 -0.267931 0.293050 -1.737103
    28 -5.879184 -10.392776 -9.813858 3.070817 0.007286 -1.559548
    29 1.474217 -0.497913 -1.376119 1.283294 0.486350 -0.349537
    30 1.832175 -0.000001 0.000001 -2.584557 -0.154226 0.716821
    31 1.042012 0.000000 -0.000006 -2.947027 -0.173385 -0.033771
    32 3.823319 0.664870 -1.331676 0.113609 0.291967 -0.310053
    33 2.152367 0.000010 0.000000 0.048427 -0.257689 -0.122177
    34 1.056626 -0.000010 0.000000 0.273385 -0.069605 -0.538064
    35 3.985126 0.881823 -0.368987 0.187091 0.205038 -0.528353
    36 1.830173 0.000000 0.000000 0.309987 -0.029019 -1.518072
    37 1.561352 0.000013 0.000000 0.027385 0.000718 -1.353498
    38 4.116548 0.711289 0.551868 0.372897 0.175497 -0.950866
    39 1.752729 -0.000006 0.000000 0.065544 0.077355 -1.199522
    40 0.869356 0.000002 0.000000 0.010534 -0.055972 -0.881563
    41 4.118825 0.331244 1.419828 0.091710 0.246073 -1.081329
    42 1.176325 -0.000002 0.000000 0.019561 0.360394 -0.780529
    43 0.970213 0.000000 0.000000 1.685136 0.078242 -1.123257
    44 -9.258431 -0.998731 -5.116617 -3.505837 1.484408 -2.821946
    45 12.706341 0.000001 0.000000 -0.407821 0.230831 -2.270576
    46 11.809021 -1.206475 0.191726 -0.000002 -0.000003 0.000000
    47 0.598399 -0.643255 -0.162013 0.000000 -1.570796 -0.835635
    48 0.000010 0.000000 0.000011 0.000000 0.000000 0.000000
    49 1.200000 0.000000 0.000000 0.000000 0.000000 0.000000
    50 0.000010 -0.300000 0.000000 -3.141593 0.000000 -0.174533
    51 0.000000 -0.000001 0.000003 0.000001 -0.000001 0.000000
    52 0.000002 0.000000 -0.000002 -3.141593 0.000001 0.000000
    53 0.000002 0.000000 0.000002 0.000000 0.000000 0.349066
    54 0.000000 0.000000 0.000000 -3.141593 0.000000 0.000000
    55 0.000002 -0.000002 0.000000 -3.141593 0.000000 -0.000001
    56 0.000007 0.000004 0.000000 -3.141593 0.000000 -0.000001
    57 0.000001 -0.000004 0.000000 -3.141593 0.000000 0.000000
    58 0.000002 0.000010 0.000000 -3.141593 0.000000 0.000000
    59 0.000000 0.000000 0.000000 -3.141593 0.000000 0.000000
    60 -0.000001 -0.000004 0.000000 -3.141593 0.000000 0.000000
    61 0.000000 -0.000004 0.000000 -3.141593 0.000000 0.000000
    62 0.000001 -0.000002 0.000000 -3.141593 0.000000 0.000001
    63 0.000001 -0.000002 0.000000 3.141592 0.000000 -0.000001
    64 0.000000 0.000000 0.000000 -3.141593 0.000000 0.000000
    65 0.000000 0.000000 0.000000 -1.570797 -0.000001 0.000000
    66 0.000000 0.000000 0.000000 0.000000 0.000000 0.000000
    67 1.200001 0.000000 0.000000 0.000000 0.000000 0.000000
    68 0.000000 0.300000 0.000000 0.000000 0.000000 0.174533
    69 0.000000 0.000000 -0.000001 0.000000 0.000000 0.000000
    70 0.000000 0.000000 -0.000001 -3.141593 0.000000 0.000000
    71 0.000000 0.000000 0.000000 0.000001 0.000000 0.349065
    72 -0.000004 0.000003 0.000000 0.000000 0.000000 0.000000
    73 0.000009 -0.000006 0.000000 0.000000 0.000000 -0.000001
    74 0.000000 -0.000002 -0.000001 0.000000 -0.000001 -0.000001
    75 0.000000 0.000000 0.000000 0.000000 0.000000 0.000000
    76 0.000000 0.000000 0.000000 0.000000 0.000000 0.000001
    77 0.000000 0.000002 0.000000 0.000000 0.000000 0.000000
    78 -0.000007 -0.000013 0.000000 0.000000 0.000000 0.000001
    79 0.000000 0.000000 0.000000 0.000000 0.000000 0.000000
    80 0.000000 0.000000 0.000000 0.000000 0.000000 0.000000
    81 0.000000 0.000000 0.000000 0.000000 0.000000 0.000000
    82 0.000000 0.000000 0.000000 0.000000 0.000000 0.000000
    83 0.000000 0.000000 0.000004 -1.570797 0.000001 0.000000
  time 80
    0 -5.291042 -15.204148 -6.282182 -1.570796 0.000000 -1.571343
    1 9.243773 6.139962 1.326173 -0.000001 0.000001 -1.570796
    2 3.442229 -1.240687 -0.005672 -0.000002 -0.000003 0.000000
    3 17.667921 -1.384574 1.233112 0.000000 -0.000003 -3.141592
    4 13.081079 -1.084008 0.792839 1.570797 -0.879478 -3.141593
    5 0.758741 0.000010 -0.000001 -1.570796 0.000000 -1.124720
    6 12.977262 -1.858502 0.676013 0.518314 -0.428322 -2.516407
    7 0.562688 -0.000006 -0.000004 -0.013014 -0.008068 -0.959463
    8 -3.724866 -24.428194 -8.036573 -3.141592 -1.063636 -0.000219
    9 2.341381 0.000021 0.000003 1.570738 1.242323 -0.000046
    10 1.109308 -20.508408 -10.395908 3.064408 0.011835 -1.681336
    11 1.473635 0.639422 -1.295233 1.873507 0.766140 0.332871
    12 1.832607 -0.000004 0.000007 3.131157 0.007152 0.847622
    13 1.003331 0.000000 0.000000 -3.095899 0.121084 0.034207
    14 3.823887 -0.419591 -1.411516 0.069795 0.155286 0.207665
    15 2.187963 0.000000 0.000000 -0.165860 -0.079982 1.419145
    16 1.100958 -0.000014 0.000000 0.087789 -0.052676 -0.184191
    17 3.987879 -0.577435 -0.474708 0.200599 0.169222 0.195927
    18 1.890100 -0.000008 0.000000 -0.153902 -0.042688 1.467060
    19 1.310926 0.000015 0.000000 -0.029730 0.074269 -0.259831
    20 4.117973 -0.654501 0.453699 0.085604 0.094078 0.260901
    21 1.655293 0.000002 0.000000 -0.029296 -0.049149 1.283708
    22 0.869586 0.000011 0.000000 0.062963 -0.019305 0.011264
    23 4.150639 -0.581580 1.354867 -0.178487 0.129533 0.002321
    24 1.157248 -0.000013 -0.000002 0.194855 -0.267812 1.185099
    25 1.019835 0.000002 0.000002 -1.675130 0.086219 0.371305
    26 3.429456 -5.007721 -5.116617 -1.564192 1.181161 -1.475001
    27 12.695436 0.000001 0.000018 -0.267931 0.293050 -1.737103
    28 -5.879184 -10.392776 -9.813858 3.070817 0.007286 -1.559548
    29 1.474217 -0.497913 -1.376119 1.283294 0.486350 -0.349537
    30 1.832175 -0.000001 0.000001 -2.584557 -0.154226 0.716821
    31 1.042012 0.000000 -0.000006 -2.947027 -0.173385 -0.033771
    32 3.823319 0.664870 -1.331676 0.113609 0.291967 -0.310053
    33 2.152367 0.000010 0.000000 0.048427 -0.257689 -0.122177
    34 1.056626 -0.000010 0.000000 0.273385 -0.069605 -0.538064
    35 3.985126 0.881823 -0.368987 0.187091 0.205038 -0.528353
    36 1.830173 0.000000 0.000000 0.309987 -0.029019 -1.518072
    37 1.561352 0.000013 0.000000 0.027385 0.000718 -1.353498
    38 4.116548 0.711289 0.551868 0.372897 0.175497 -0.950866
    39 1.752729 -0.000006 0.000000 0.065544 0.077355 -1.199522
    40 0.869356 0.000002 0.000000 0.010534 -0.055972 -0.881563
    41 4.118825 0.331244 1.419828 0.091710 0.246073 -1.081329
    42 1.176325 -0.000002 0.000000 0.019561 0.360394 -0.780529
    43 0.970213 0.000000 0.000000 1.685136 0.078242 -1.123257
    44 -9.258431 -0.998731 -5.116617 -3.505837 1.484408 -2.821946
    45 12.706341 0.000001 0.000000 -0.407821 0.230831 -2.270576
    46 11.809021 -1.206475 0.191726 -0.000002 -0.000003 0.000000
    47 0.598399 -0.643255 -0.162013 0.000000 -1.570796 -0.835635
    48 0.000010 0.000000 0.000011 0.000000 0.000000 0.000000
    49 1.200000 0.000000 0.000000 0.000000 0.000000 0.000000
    50 0.000010 -0.300000 0.000000 -3.141593 0.000000 -0.174533
    51 0.000000 -0.000001 0.000003 0.000001 -0.000001 0.000000
    52 0.000002 0.000000 -0.000002 -3.141593 0.000001 0.000000
    53 0.000002 0.000000 0.000002 0.000000 0.000000 0.349066
    54 0.000000 0.000000 0.000000 -3.141593 0.000000 0.000000
    55 0.000002 -0.000002 0.000000 -3.141593 0.000000 -0.000001
    56 0.000007 0.000004 0.000000 -3.141593 0.000000 -0.000001
    57 0.000001 -0.000004 0.000000 -3.141593 0.000000 0.000000
    58 0.000002 0.000010 0.000000 -3.141593 0.000000 0.000000
    59 0.000000 0.000000 0.000000 -3.141593 0.000000 0.000000
    60 -0.000001 -0.000004 0.000000 -3.141593 0.000000 0.000000
    61 0.000000 -0.000004 0.000000 -3.141593 0.000000 0.000000
    62 0.000001 -0.000002 0.000000 -3.141593 0.000000 0.000001
    63 0.000001 -0.000002 0.000000 3.141592 0.000000 -0.000001
    64 0.000000 0.000000 0.000000 -3.141593 0.000000 0.000000
    65 0.000000 0.000000 0.000000 -1.570797 -0.000001 0.000000
    66 0.000000 0.000000 0.000000 0.000000 0.000000 0.000000
    67 1.200001 0.000000 0.000000 0.000000 0.000000 0.000000
    68 0.000000 0.300000 0.000000 0.000000 0.000000 0.174533
    69 0.000000 0.000000 -0.000001 0.000000 0.000000 0.000000
    70 0.000000 0.000000 -0.000001 -3.141593 0.000000 0.000000
    71 0.000000 0.000000 0.000000 0.000001 0.000000 0.349065
    72 -0.000004 0.000003 0.000000 0.000000 0.000000 0.000000
    73 0.000009 -0.000006 0.000000 0.000000 0.000000 -0.000001
    74 0.000000 -0.000002 -0.000001 0.000000 -0.000001 -0.000001
    75 0.000000 0.000000 0.000000 0.000000 0.000000 0.000000
    76 0.000000 0.000000 0.000000 0.000000 0.000000 0.000001
    77 0.000000 0.000002 0.000000 0.000000 0.000000 0.000000
    78 -0.000007 -0.000013 0.000000 0.000000 0.000000 0.000001
    79 0.000000 0.000000 0.000000 0.000000 0.000000 0.000000
    80 0.000000 0.000000 0.000000 0.000000 0.000000 0.000000
    81 0.000000 0.000000 0.000000 0.000000 0.000000 0.000000
    82 0.000000 0.000000 0.000000 0.000000 0.000000 0.000000
    83 0.000000 0.000000 0.000004 -1.570797 0.000001 0.000000
end
