version 1
nodes
  0 "ar2_weapon" -1
  1 "ar2_mag" 0
  2 "ar2_big_hammer" 0
  3 "ar2_vent" 0
  4 "ar2_arm1" 0
  5 "ar2_arm1_tip" 4
  6 "ar2_arm2" 0
  7 "ar2_arm2_tip" 6
  8 "ar2_mag_loader2" -1
  9 "ar2_mag_loader1" 8
  10 "l_wrist" -1
  11 "l_thumb_low" 10
  12 "l_thumb_mid" 11
  13 "l_thumb_tip" 12
  14 "l_index_low" 10
  15 "l_index_mid" 14
  16 "l_index_tip" 15
  17 "l_middle_low" 10
  18 "l_middle_mid" 17
  19 "l_middle_tip" 18
  20 "l_ring_low" 10
  21 "l_ring_mid" 20
  22 "l_ring_tip" 21
  23 "l_pinky_low" 10
  24 "l_pinky_mid" 23
  25 "l_pinky_tip" 24
  26 "l_upperarm" -1
  27 "l_forearm" 26
  28 "r_wrist" -1
  29 "r_thumb_low" 28
  30 "r_thumb_mid" 29
  31 "r_thumb_tip" 30
  32 "r_index_low" 28
  33 "r_index_mid" 32
  34 "r_index_tip" 33
  35 "r_middle_low" 28
  36 "r_middle_mid" 35
  37 "r_middle_tip" 36
  38 "r_ring_low" 28
  39 "r_ring_mid" 38
  40 "r_ring_tip" 39
  41 "r_pinky_low" 28
  42 "r_pinky_mid" 41
  43 "r_pinky_tip" 42
  44 "r_upperarm" -1
  45 "r_forearm" 44
  46 "ar2_core" 0
  47 "ar2_mag_core" 9
  48 "ValveBiped.Bip01_L_UpperArm" 26
  49 "ValveBiped.Bip01_L_Forearm" 27
  50 "ValveBiped.Bip01_L_Hand" 10
  51 "ValveBiped.Bip01_L_Finger0" 11
  52 "ValveBiped.Bip01_L_Finger01" 12
  53 "ValveBiped.Bip01_L_Finger02" 13
  54 "ValveBiped.Bip01_L_Finger1" 14
  55 "ValveBiped.Bip01_L_Finger11" 15
  56 "ValveBiped.Bip01_L_Finger12" 16
  57 "ValveBiped.Bip01_L_Finger2" 17
  58 "ValveBiped.Bip01_L_Finger21" 18
  59 "ValveBiped.Bip01_L_Finger22" 19
  60 "ValveBiped.Bip01_L_Finger3" 20
  61 "ValveBiped.Bip01_L_Finger31" 21
  62 "ValveBiped.Bip01_L_Finger32" 22
  63 "ValveBiped.Bip01_L_Finger4" 23
  64 "ValveBiped.Bip01_L_Finger41" 24
  65 "ValveBiped.Bip01_L_Finger42" 25
  66 "ValveBiped.Bip01_R_UpperArm" 44
  67 "ValveBiped.Bip01_R_Forearm" 45
  68 "ValveBiped.Bip01_R_Hand" 28
  69 "ValveBiped.Bip01_R_Finger0" 29
  70 "ValveBiped.Bip01_R_Finger01" 30
  71 "ValveBiped.Bip01_R_Finger02" 31
  72 "ValveBiped.Bip01_R_Finger1" 32
  73 "ValveBiped.Bip01_R_Finger11" 33
  74 "ValveBiped.Bip01_R_Finger12" 34
  75 "ValveBiped.Bip01_R_Finger2" 35
  76 "ValveBiped.Bip01_R_Finger21" 36
  77 "ValveBiped.Bip01_R_Finger22" 37
  78 "ValveBiped.Bip01_R_Finger3" 38
  79 "ValveBiped.Bip01_R_Finger31" 39
  80 "ValveBiped.Bip01_R_Finger32" 40
  81 "ValveBiped.Bip01_R_Finger4" 41
  82 "ValveBiped.Bip01_R_Finger41" 42
  83 "ValveBiped.Bip01_R_Finger42" 43
end
skeleton
  time 0
    0 -5.291042 -15.204148 -6.282182 -1.570796 0.000000 -1.571343
    1 9.243773 6.139962 1.326173 -0.000001 0.000001 -1.570796
    2 3.442229 -1.240687 -0.005672 -0.000002 -0.000003 0.000000
    3 17.667921 -1.384574 1.233112 0.000000 -0.000003 -3.141592
    4 13.081079 -1.084008 0.792839 1.570797 -0.879478 -3.141593
    5 0.758741 0.000010 -0.000001 -1.570796 0.000000 -1.124720
    6 12.977262 -1.858502 0.676013 0.518314 -0.428322 -2.516407
    7 0.562688 -0.000006 -0.000004 -0.013014 -0.008068 -0.959463
    8 -3.724866 -24.428194 -8.036573 -3.141592 -1.063636 -0.000219
    9 2.341381 0.000021 0.000003 1.570738 1.242323 -0.000046
    10 1.109308 -20.508408 -10.395908 3.064408 0.011835 -1.681336
    11 1.473635 0.639422 -1.295233 1.873507 0.766140 0.332871
    12 1.832607 -0.000004 0.000007 3.131157 0.007152 0.847622
    13 1.003331 0.000000 0.000000 -3.095899 0.121084 0.034207
    14 3.823887 -0.419591 -1.411516 0.069795 0.155286 0.207665
    15 2.187963 0.000000 0.000000 -0.165860 -0.079982 1.419145
    16 1.100958 -0.000014 0.000000 0.087789 -0.052676 -0.184191
    17 3.987879 -0.577435 -0.474708 0.200599 0.169222 0.195927
    18 1.890100 -0.000008 0.000000 -0.153902 -0.042688 1.467060
    19 1.310926 0.000015 0.000000 -0.029730 0.074269 -0.259831
    20 4.117973 -0.654501 0.453699 0.085604 0.094078 0.260901
    21 1.655293 0.000002 0.000000 -0.029296 -0.049149 1.283708
    22 0.869586 0.000011 0.000000 0.062963 -0.019305 0.011264
    23 4.150639 -0.581580 1.354867 -0.178487 0.129533 0.002321
    24 1.157248 -0.000013 -0.000002 0.194855 -0.267812 1.185099
    25 1.019835 0.000002 0.000002 -1.675130 0.086219 0.371305
    26 3.429456 -5.007721 -5.116617 -1.564192 1.181161 -1.475001
    27 12.695436 0.000001 0.000018 -0.267931 0.293050 -1.737103
    28 -5.879184 -10.392776 -9.813858 3.070817 0.007286 -1.559548
    29 1.474217 -0.497913 -1.376119 1.283294 0.486350 -0.349537
    30 1.832175 -0.000001 0.000001 -2.584557 -0.154226 0.716821
    31 1.042012 0.000000 -0.000006 -2.947027 -0.173385 -0.033771
    32 3.823319 0.664870 -1.331676 0.113609 0.291967 -0.310053
    33 2.152367 0.000010 0.000000 0.048427 -0.257689 -0.122177
    34 1.056626 -0.000010 0.000000 0.273385 -0.069605 -0.538064
    35 3.985126 0.881823 -0.368987 0.187084 0.205031 -0.528366
    36 1.830173 0.000000 0.000000 0.309987 -0.029019 -1.518072
    37 1.561352 0.000013 0.000000 0.027387 0.000717 -1.353498
    38 4.116548 0.711289 0.551868 0.372897 0.175497 -0.950866
    39 1.752729 -0.000006 0.000000 0.065661 0.077343 -1.199501
    40 0.869356 0.000002 0.000000 0.010552 -0.055951 -0.881565
    41 4.118825 0.331244 1.419828 0.091710 0.246073 -1.081329
    42 1.176325 -0.000002 0.000000 0.019561 0.360394 -0.780529
    43 0.970213 0.000000 0.000000 1.685136 0.078242 -1.123257
    44 -9.258431 -0.998731 -5.116617 -3.505837 1.484408 -2.821946
    45 12.706341 0.000001 0.000000 -0.407821 0.230831 -2.270576
    46 11.809021 -1.206475 0.191726 -0.000002 -0.000003 0.000000
    47 0.598399 -0.643255 -0.162013 0.000000 -1.570796 -0.835635
    48 0.000010 0.000000 0.000011 0.000000 0.000000 0.000000
    49 1.200000 0.000000 0.000000 0.000000 0.000000 0.000000
    50 0.000010 -0.300000 0.000000 -3.141593 0.000000 -0.174533
    51 0.000000 -0.000001 0.000003 0.000001 -0.000001 0.000000
    52 0.000002 0.000000 -0.000002 -3.141593 0.000001 0.000000
    53 0.000002 0.000000 0.000002 0.000000 0.000000 0.349066
    54 0.000000 0.000000 0.000000 -3.141593 0.000000 0.000000
    55 0.000002 -0.000002 0.000000 -3.141593 0.000000 -0.000001
    56 0.000007 0.000004 0.000000 -3.141593 0.000000 -0.000001
    57 0.000001 -0.000004 0.000000 -3.141593 0.000000 0.000000
    58 0.000002 0.000010 0.000000 -3.141593 0.000000 0.000000
    59 0.000000 0.000000 0.000000 -3.141593 0.000000 0.000000
    60 -0.000001 -0.000004 0.000000 -3.141593 0.000000 0.000000
    61 0.000000 -0.000004 0.000000 -3.141593 0.000000 0.000000
    62 0.000001 -0.000002 0.000000 -3.141593 0.000000 0.000001
    63 0.000001 -0.000002 0.000000 3.141592 0.000000 -0.000001
    64 0.000000 0.000000 0.000000 -3.141593 0.000000 0.000000
    65 0.000000 0.000000 0.000000 -1.570797 -0.000001 0.000000
    66 0.000000 0.000000 0.000000 0.000000 0.000000 0.000000
    67 1.200001 0.000000 0.000000 0.000000 0.000000 0.000000
    68 0.000000 0.300000 0.000000 0.000000 0.000000 0.174533
    69 0.000000 0.000000 -0.000001 0.000000 0.000000 0.000000
    70 0.000000 0.000000 -0.000001 -3.141593 0.000000 0.000000
    71 0.000000 0.000000 0.000000 0.000001 0.000000 0.349065
    72 -0.000004 0.000003 0.000000 0.000000 0.000000 0.000000
    73 0.000009 -0.000006 0.000000 0.000000 0.000000 -0.000001
    74 0.000000 -0.000002 -0.000001 0.000000 -0.000001 -0.000001
    75 0.000000 0.000000 0.000000 0.000000 0.000000 0.000000
    76 0.000000 0.000000 0.000000 0.000000 0.000000 0.000001
    77 0.000000 0.000002 0.000000 0.000000 0.000000 0.000000
    78 -0.000007 -0.000013 0.000000 0.000000 0.000000 0.000001
    79 0.000000 0.000000 0.000000 0.000000 0.000000 0.000000
    80 0.000000 0.000000 0.000000 0.000000 0.000000 0.000000
    81 0.000000 0.000000 0.000000 0.000000 0.000000 0.000000
    82 0.000000 0.000000 0.000000 0.000000 0.000000 0.000000
    83 0.000000 0.000000 0.000004 -1.570797 0.000001 0.000000
  time 1
    0 -5.283230 -15.204148 -6.297808 -1.568266 -0.001161 -1.571343
    1 9.243773 6.139962 1.326173 -0.000001 0.000001 -1.570796
    2 3.442229 -1.240687 -0.005672 -0.000002 -0.000003 0.000000
    3 17.667921 -1.384574 1.233112 0.000000 -0.000003 -3.141592
    4 13.081079 -1.084008 0.792839 1.570797 -0.879478 -3.141593
    5 0.758741 0.000010 -0.000001 -1.570796 0.000000 -1.124720
    6 12.977262 -1.858502 0.676013 0.518314 -0.428322 -2.516407
    7 0.562688 -0.000006 -0.000004 -0.013014 -0.008068 -0.959463
    8 -3.713147 -24.428194 -8.048293 -3.143983 -1.066163 0.002040
    9 2.341381 0.000021 0.000003 1.570738 1.242323 -0.000046
    10 1.128840 -20.508408 -10.380282 3.067061 0.010939 -1.681336
    11 1.473635 0.639422 -1.295233 1.873507 0.766140 0.332871
    12 1.832607 -0.000004 0.000007 3.131157 0.007152 0.847622
    13 1.003331 0.000000 0.000000 -3.095899 0.121084 0.034207
    14 3.823887 -0.419591 -1.411516 0.069795 0.155286 0.207665
    15 2.187963 0.000000 0.000000 -0.165860 -0.079982 1.419145
    16 1.100958 -0.000014 0.000000 0.087789 -0.052676 -0.184191
    17 3.987879 -0.577435 -0.474708 0.200599 0.169210 0.195927
    18 1.890100 -0.000008 0.000000 -0.153902 -0.042688 1.467060
    19 1.310926 0.000015 0.000000 -0.029730 0.074269 -0.259831
    20 4.117973 -0.654501 0.453699 0.085604 0.094078 0.260901
    21 1.655293 0.000002 0.000000 -0.029296 -0.049149 1.283708
    22 0.869586 0.000011 0.000000 0.062963 -0.019305 0.011264
    23 4.150639 -0.581580 1.354867 -0.178487 0.129533 0.002321
    24 1.157248 -0.000013 -0.000002 0.194855 -0.267812 1.185099
    25 1.019835 0.000002 0.000002 -1.675130 0.086219 0.371305
    26 3.429456 -5.007721 -5.116617 -1.566855 1.180859 -1.476006
    27 12.695436 0.000001 0.000018 -0.267931 0.293050 -1.737103
    28 -5.863558 -10.396682 -9.833390 3.073326 0.006087 -1.559548
    29 1.474217 -0.497913 -1.376119 1.283294 0.486350 -0.349537
    30 1.832175 -0.000001 0.000001 -2.584557 -0.154226 0.716821
    31 1.042012 0.000000 -0.000006 -2.947027 -0.173385 -0.033771
    32 3.823319 0.664870 -1.331676 0.113609 0.291967 -0.310053
    33 2.152367 0.000010 0.000000 0.048427 -0.257689 -0.122177
    34 1.056626 -0.000010 0.000000 0.273385 -0.069605 -0.538064
    35 3.985126 0.881823 -0.368987 0.187084 0.205031 -0.528366
    36 1.830173 0.000000 0.000000 0.309987 -0.029019 -1.518072
    37 1.561352 0.000013 0.000000 0.027387 0.000717 -1.353498
    38 4.116548 0.711289 0.551868 0.372897 0.175497 -0.950866
    39 1.752729 -0.000006 0.000000 0.065661 0.077343 -1.199501
    40 0.869356 0.000002 0.000000 0.010552 -0.055951 -0.881565
    41 4.118825 0.331244 1.419828 0.091710 0.246073 -1.081329
    42 1.176325 -0.000002 0.000000 0.019561 0.360394 -0.780529
    43 0.970213 0.000000 0.000000 1.685136 0.078242 -1.123240
    44 -9.258431 -0.998731 -5.116617 -3.512732 1.481558 -2.825925
    45 12.706341 0.000001 0.000000 -0.407477 0.231034 -2.268898
    46 11.809021 -1.206475 0.191726 -0.000002 -0.000003 0.000000
    47 0.598399 -0.643255 -0.162013 0.000000 -1.570796 -0.835635
    48 0.000010 0.000000 0.000011 0.000000 0.000000 0.000000
    49 1.200000 0.000000 0.000000 0.000000 0.000000 0.000000
    50 0.000010 -0.300000 0.000000 -3.141593 0.000000 -0.174533
    51 0.000000 -0.000001 0.000003 0.000001 -0.000001 0.000000
    52 0.000002 0.000000 -0.000002 -3.141593 0.000001 0.000000
    53 0.000002 0.000000 0.000002 0.000000 0.000000 0.349066
    54 0.000000 0.000000 0.000000 -3.141593 0.000000 0.000000
    55 0.000002 -0.000002 0.000000 -3.141593 0.000000 -0.000001
    56 0.000007 0.000004 0.000000 -3.141593 0.000000 -0.000001
    57 0.000001 -0.000004 0.000000 -3.141593 0.000000 0.000000
    58 0.000002 0.000010 0.000000 -3.141593 0.000000 0.000000
    59 0.000000 0.000000 0.000000 -3.141593 0.000000 0.000000
    60 -0.000001 -0.000004 0.000000 -3.141593 0.000000 0.000000
    61 0.000000 -0.000004 0.000000 -3.141593 0.000000 0.000000
    62 0.000001 -0.000002 0.000000 -3.141593 0.000000 0.000001
    63 0.000001 -0.000002 0.000000 3.141592 0.000000 -0.000001
    64 0.000000 0.000000 0.000000 -3.141593 0.000000 0.000000
    65 0.000000 0.000000 0.000000 -1.570797 -0.000001 0.000000
    66 0.000000 0.000000 0.000000 0.000000 0.000000 0.000000
    67 1.200001 0.000000 0.000000 0.000000 0.000000 0.000000
    68 0.000000 0.300000 0.000000 0.000000 0.000000 0.174533
    69 0.000000 0.000000 -0.000001 0.000000 0.000000 0.000000
    70 0.000000 0.000000 -0.000001 -3.141593 0.000000 0.000000
    71 0.000000 0.000000 0.000000 0.000001 0.000000 0.349065
    72 -0.000004 0.000003 0.000000 0.000000 0.000000 0.000000
    73 0.000009 -0.000006 0.000000 0.000000 0.000000 -0.000001
    74 0.000000 -0.000002 -0.000001 0.000000 -0.000001 -0.000001
    75 0.000000 0.000000 0.000000 0.000000 0.000000 0.000000
    76 0.000000 0.000000 0.000000 0.000000 0.000000 0.000001
    77 0.000000 0.000002 0.000000 0.000000 0.000000 0.000000
    78 -0.000007 -0.000013 0.000000 0.000000 0.000000 0.000001
    79 0.000000 0.000000 0.000000 0.000000 0.000000 0.000000
    80 0.000000 0.000000 0.000000 0.000000 0.000000 0.000000
    81 0.000000 0.000000 0.000000 0.000000 0.000000 0.000000
    82 0.000000 0.000000 0.000000 0.000000 0.000000 0.000000
    83 0.000000 0.000000 0.000004 -1.570797 0.000001 0.000000
  time 2
    0 -5.275417 -15.204148 -6.340778 -1.562851 -0.003659 -1.571407
    1 9.243773 6.139962 1.326173 -0.000001 0.000001 -1.570796
    2 3.442229 -1.240687 -0.005672 -0.000002 -0.000003 0.000000
    3 17.667921 -1.384574 1.233112 0.000000 -0.000003 -3.141592
    4 13.081079 -1.084008 0.792839 1.570797 -0.879478 -3.141593
    5 0.758741 0.000010 -0.000001 -1.570796 0.000000 -1.124720
    6 12.977262 -1.858502 0.676013 0.518314 -0.428322 -2.516407
    7 0.562688 -0.000006 -0.000004 -0.013014 -0.008068 -0.959463
    8 -3.681896 -24.432100 -8.052199 -3.149051 -1.071578 0.006652
    9 2.341381 0.000021 0.000003 1.570738 1.242323 -0.000046
    10 1.171810 -20.527940 -10.380282 3.072647 0.009061 -1.681217
    11 1.473635 0.639422 -1.295233 1.873507 0.766140 0.332871
    12 1.832607 -0.000004 0.000007 3.131157 0.007152 0.847622
    13 1.003331 0.000000 0.000000 -3.095899 0.121084 0.034207
    14 3.823887 -0.419591 -1.411516 0.069795 0.155286 0.207665
    15 2.187963 0.000000 0.000000 -0.165860 -0.079982 1.419145
    16 1.100958 -0.000014 0.000000 0.087789 -0.052676 -0.184191
    17 3.987879 -0.577435 -0.474708 0.200599 0.169222 0.195927
    18 1.890100 -0.000008 0.000000 -0.153902 -0.042688 1.467060
    19 1.310926 0.000015 0.000000 -0.029730 0.074269 -0.259831
    20 4.117973 -0.654501 0.453699 0.085604 0.094078 0.260901
    21 1.655293 0.000002 0.000000 -0.029296 -0.049149 1.283708
    22 0.869586 0.000011 0.000000 0.062963 -0.019305 0.011264
    23 4.150639 -0.581580 1.354867 -0.178487 0.129533 0.002321
    24 1.157248 -0.000013 -0.000002 0.194855 -0.267812 1.185099
    25 1.019835 0.000002 0.000002 -1.675130 0.086219 0.371305
    26 3.429456 -5.007721 -5.116617 -1.573650 1.181075 -1.478655
    27 12.695436 0.000001 0.000018 -0.267845 0.293050 -1.737103
    28 -5.820588 -10.404495 -9.895892 3.078738 0.003549 -1.559548
    29 1.474217 -0.497913 -1.376119 1.283294 0.486350 -0.349537
    30 1.832175 -0.000001 0.000001 -2.584557 -0.154226 0.716821
    31 1.042012 0.000000 -0.000006 -2.947027 -0.173385 -0.033771
    32 3.823319 0.664870 -1.331676 0.113609 0.291967 -0.310053
    33 2.152367 0.000010 0.000000 0.048427 -0.257689 -0.122177
    34 1.056626 -0.000010 0.000000 0.273385 -0.069605 -0.538064
    35 3.985126 0.881823 -0.368987 0.187084 0.205031 -0.528366
    36 1.830173 0.000000 0.000000 0.309987 -0.029019 -1.518072
    37 1.561352 0.000013 0.000000 0.027387 0.000717 -1.353498
    38 4.116548 0.711289 0.551868 0.372897 0.175497 -0.950866
    39 1.752729 -0.000006 0.000000 0.065661 0.077343 -1.199501
    40 0.869356 0.000002 0.000000 0.010552 -0.055951 -0.881565
    41 4.118825 0.331244 1.419828 0.091710 0.246073 -1.081329
    42 1.176325 -0.000002 0.000000 0.019561 0.360394 -0.780529
    43 0.970213 0.000000 0.000000 1.685136 0.078242 -1.123240
    44 -9.258431 -0.998731 -5.116617 -3.529778 1.474410 -2.835740
    45 12.706341 0.000001 0.000000 -0.406560 0.231765 -2.265009
    46 11.809021 -1.206475 0.191726 -0.000002 -0.000003 0.000000
    47 0.598399 -0.643255 -0.162013 0.000000 -1.570796 -0.835635
    48 0.000010 0.000000 0.000011 0.000000 0.000000 0.000000
    49 1.200000 0.000000 0.000000 0.000000 0.000000 0.000000
    50 0.000010 -0.300000 0.000000 -3.141593 0.000000 -0.174533
    51 0.000000 -0.000001 0.000003 0.000001 -0.000001 0.000000
    52 0.000002 0.000000 -0.000002 -3.141593 0.000001 0.000000
    53 0.000002 0.000000 0.000002 0.000000 0.000000 0.349066
    54 0.000000 0.000000 0.000000 -3.141593 0.000000 0.000000
    55 0.000002 -0.000002 0.000000 -3.141593 0.000000 -0.000001
    56 0.000007 0.000004 0.000000 -3.141593 0.000000 -0.000001
    57 0.000001 -0.000004 0.000000 -3.141593 0.000000 0.000000
    58 0.000002 0.000010 0.000000 -3.141593 0.000000 0.000000
    59 0.000000 0.000000 0.000000 -3.141593 0.000000 0.000000
    60 -0.000001 -0.000004 0.000000 -3.141593 0.000000 0.000000
    61 0.000000 -0.000004 0.000000 -3.141593 0.000000 0.000000
    62 0.000001 -0.000002 0.000000 -3.141593 0.000000 0.000001
    63 0.000001 -0.000002 0.000000 3.141592 0.000000 -0.000001
    64 0.000000 0.000000 0.000000 -3.141593 0.000000 0.000000
    65 0.000000 0.000000 0.000000 -1.570797 -0.000001 0.000000
    66 0.000000 0.000000 0.000000 0.000000 0.000000 0.000000
    67 1.200001 0.000000 0.000000 0.000000 0.000000 0.000000
    68 0.000000 0.300000 0.000000 0.000000 0.000000 0.174533
    69 0.000000 0.000000 -0.000001 0.000000 0.000000 0.000000
    70 0.000000 0.000000 -0.000001 -3.141593 0.000000 0.000000
    71 0.000000 0.000000 0.000000 0.000001 0.000000 0.349065
    72 -0.000004 0.000003 0.000000 0.000000 0.000000 0.000000
    73 0.000009 -0.000006 0.000000 0.000000 0.000000 -0.000001
    74 0.000000 -0.000002 -0.000001 0.000000 -0.000001 -0.000001
    75 0.000000 0.000000 0.000000 0.000000 0.000000 0.000000
    76 0.000000 0.000000 0.000000 0.000000 0.000000 0.000001
    77 0.000000 0.000002 0.000000 0.000000 0.000000 0.000000
    78 -0.000007 -0.000013 0.000000 0.000000 0.000000 0.000001
    79 0.000000 0.000000 0.000000 0.000000 0.000000 0.000000
    80 0.000000 0.000000 0.000000 0.000000 0.000000 0.000000
    81 0.000000 0.000000 0.000000 0.000000 0.000000 0.000000
    82 0.000000 0.000000 0.000000 0.000000 0.000000 0.000000
    83 0.000000 0.000000 0.000004 -1.570797 0.000001 0.000000
  time 3
    0 -5.275417 -15.204148 -6.383748 -1.560309 -0.004855 -1.571407
    1 9.243773 6.139962 1.326173 -0.000001 0.000001 -1.570796
    2 3.442229 -1.240687 -0.005672 -0.000002 -0.000003 0.000000
    3 17.667921 -1.384574 1.233112 0.000000 -0.000003 -3.141592
    4 13.081079 -1.084008 0.792839 1.570797 -0.879478 -3.141593
    5 0.758741 0.000010 -0.000001 -1.570796 0.000000 -1.124720
    6 12.977262 -1.858502 0.676013 0.518314 -0.428322 -2.516407
    7 0.562688 -0.000006 -0.000004 -0.013014 -0.008068 -0.959463
    8 -3.658458 -24.436007 -8.083450 -3.151633 -1.074105 0.008911
    9 2.341381 0.000021 0.000003 1.570738 1.242323 -0.000046
    10 1.203061 -20.527940 -10.395908 3.075300 0.008165 -1.681217
    11 1.473635 0.639422 -1.295233 1.873507 0.766140 0.332871
    12 1.832607 -0.000004 0.000007 3.131157 0.007152 0.847622
    13 1.003331 0.000000 0.000000 -3.095899 0.121084 0.034207
    14 3.823887 -0.419591 -1.411516 0.069795 0.155286 0.207665
    15 2.187963 0.000000 0.000000 -0.165860 -0.079982 1.419145
    16 1.100958 -0.000014 0.000000 0.087789 -0.052676 -0.184191
    17 3.987879 -0.577435 -0.474708 0.200599 0.169210 0.195927
    18 1.890100 -0.000008 0.000000 -0.153902 -0.042688 1.467060
    19 1.310926 0.000015 0.000000 -0.029730 0.074269 -0.259831
    20 4.117973 -0.654501 0.453699 0.085604 0.094078 0.260901
    21 1.655293 0.000002 0.000000 -0.029296 -0.049149 1.283708
    22 0.869586 0.000011 0.000000 0.062963 -0.019305 0.011264
    23 4.150639 -0.581580 1.354867 -0.178487 0.129533 0.002321
    24 1.157248 -0.000013 -0.000002 0.194855 -0.267812 1.185099
    25 1.019835 0.000002 0.000002 -1.675130 0.086219 0.371305
    26 3.429456 -5.007721 -5.116617 -1.578425 1.182197 -1.480482
    27 12.695436 0.000001 0.000018 -0.267673 0.293073 -1.736501
    28 -5.793243 -10.408401 -9.942768 3.081259 0.002315 -1.559548
    29 1.474217 -0.497913 -1.376119 1.283294 0.486350 -0.349537
    30 1.832175 -0.000001 0.000001 -2.584557 -0.154226 0.716821
    31 1.042012 0.000000 -0.000006 -2.947027 -0.173385 -0.033771
    32 3.823319 0.664870 -1.331676 0.113609 0.291967 -0.310053
    33 2.152367 0.000010 0.000000 0.048427 -0.257689 -0.122177
    34 1.056626 -0.000010 0.000000 0.273385 -0.069605 -0.538064
    35 3.985126 0.881823 -0.368987 0.187084 0.205031 -0.528366
    36 1.830173 0.000000 0.000000 0.309987 -0.029019 -1.518072
    37 1.561352 0.000013 0.000000 0.027387 0.000717 -1.353498
    38 4.116548 0.711289 0.551868 0.372897 0.175497 -0.950866
    39 1.752729 -0.000006 0.000000 0.065661 0.077343 -1.199501
    40 0.869356 0.000002 0.000000 0.010552 -0.055951 -0.881565
    41 4.118825 0.331244 1.419828 0.091710 0.246073 -1.081329
    42 1.176325 -0.000002 0.000000 0.019561 0.360394 -0.780529
    43 0.970213 0.000000 0.000000 1.685136 0.078242 -1.123257
    44 -9.258431 -0.998731 -5.116617 -3.545770 1.468574 -2.846263
    45 12.706341 0.000001 0.000000 -0.405905 0.232389 -2.262035
    46 11.809021 -1.206475 0.191726 -0.000002 -0.000003 0.000000
    47 0.598399 -0.643255 -0.162013 0.000000 -1.570796 -0.835635
    48 0.000010 0.000000 0.000011 0.000000 0.000000 0.000000
    49 1.200000 0.000000 0.000000 0.000000 0.000000 0.000000
    50 0.000010 -0.300000 0.000000 -3.141593 0.000000 -0.174533
    51 0.000000 -0.000001 0.000003 0.000001 -0.000001 0.000000
    52 0.000002 0.000000 -0.000002 -3.141593 0.000001 0.000000
    53 0.000002 0.000000 0.000002 0.000000 0.000000 0.349066
    54 0.000000 0.000000 0.000000 -3.141593 0.000000 0.000000
    55 0.000002 -0.000002 0.000000 -3.141593 0.000000 -0.000001
    56 0.000007 0.000004 0.000000 -3.141593 0.000000 -0.000001
    57 0.000001 -0.000004 0.000000 -3.141593 0.000000 0.000000
    58 0.000002 0.000010 0.000000 -3.141593 0.000000 0.000000
    59 0.000000 0.000000 0.000000 -3.141593 0.000000 0.000000
    60 -0.000001 -0.000004 0.000000 -3.141593 0.000000 0.000000
    61 0.000000 -0.000004 0.000000 -3.141593 0.000000 0.000000
    62 0.000001 -0.000002 0.000000 -3.141593 0.000000 0.000001
    63 0.000001 -0.000002 0.000000 3.141592 0.000000 -0.000001
    64 0.000000 0.000000 0.000000 -3.141593 0.000000 0.000000
    65 0.000000 0.000000 0.000000 -1.570797 -0.000001 0.000000
    66 0.000000 0.000000 0.000000 0.000000 0.000000 0.000000
    67 1.200001 0.000000 0.000000 0.000000 0.000000 0.000000
    68 0.000000 0.300000 0.000000 0.000000 0.000000 0.174533
    69 0.000000 0.000000 -0.000001 0.000000 0.000000 0.000000
    70 0.000000 0.000000 -0.000001 -3.141593 0.000000 0.000000
    71 0.000000 0.000000 0.000000 0.000001 0.000000 0.349065
    72 -0.000004 0.000003 0.000000 0.000000 0.000000 0.000000
    73 0.000009 -0.000006 0.000000 0.000000 0.000000 -0.000001
    74 0.000000 -0.000002 -0.000001 0.000000 -0.000001 -0.000001
    75 0.000000 0.000000 0.000000 0.000000 0.000000 0.000000
    76 0.000000 0.000000 0.000000 0.000000 0.000000 0.000001
    77 0.000000 0.000002 0.000000 0.000000 0.000000 0.000000
    78 -0.000007 -0.000013 0.000000 0.000000 0.000000 0.000001
    79 0.000000 0.000000 0.000000 0.000000 0.000000 0.000000
    80 0.000000 0.000000 0.000000 0.000000 0.000000 0.000000
    81 0.000000 0.000000 0.000000 0.000000 0.000000 0.000000
    82 0.000000 0.000000 0.000000 0.000000 0.000000 0.000000
    83 0.000000 0.000000 0.000004 -1.570797 0.000001 0.000000
  time 4
    0 -5.267604 -15.204148 -6.414999 -1.561979 -0.004046 -1.571407
    1 9.243773 6.139962 1.326173 -0.000001 0.000001 -1.570796
    2 3.442229 -1.240687 -0.005672 -0.000002 -0.000003 0.000000
    3 17.667921 -1.384574 1.233112 0.000000 -0.000003 -3.141592
    4 13.081079 -1.084008 0.792839 1.570797 -0.879478 -3.141593
    5 0.758741 0.000010 -0.000001 -1.570796 0.000000 -1.124720
    6 12.977262 -1.858502 0.676013 0.518314 -0.428322 -2.516407
    7 0.562688 -0.000006 -0.000004 -0.013014 -0.008068 -0.959463
    8 -3.638926 -24.436007 -8.134233 -3.150007 -1.072410 0.007405
    9 2.341381 0.000021 0.000003 1.570738 1.242323 -0.000046
    10 1.214780 -20.527940 -10.458410 3.073578 0.008768 -1.681217
    11 1.473635 0.639422 -1.295233 1.873507 0.766140 0.332871
    12 1.832607 -0.000004 0.000007 3.131157 0.007152 0.847622
    13 1.003331 0.000000 0.000000 -3.095899 0.121084 0.034207
    14 3.823887 -0.419591 -1.411516 0.069795 0.155286 0.207665
    15 2.187963 0.000000 0.000000 -0.165860 -0.079982 1.419145
    16 1.100958 -0.000014 0.000000 0.087789 -0.052676 -0.184191
    17 3.987879 -0.577435 -0.474708 0.200599 0.169210 0.195927
    18 1.890100 -0.000008 0.000000 -0.153902 -0.042688 1.467060
    19 1.310926 0.000015 0.000000 -0.029730 0.074269 -0.259831
    20 4.117973 -0.654501 0.453699 0.085604 0.094078 0.260901
    21 1.655293 0.000002 0.000000 -0.029296 -0.049149 1.283708
    22 0.869586 0.000011 0.000000 0.062963 -0.019305 0.011264
    23 4.150639 -0.581580 1.354867 -0.178487 0.129533 0.002321
    24 1.157248 -0.000013 -0.000002 0.194855 -0.267812 1.185099
    25 1.019835 0.000002 0.000002 -1.675130 0.086219 0.371305
    26 3.429456 -5.007721 -5.116617 -1.580354 1.185262 -1.481487
    27 12.695436 0.000001 0.000018 -0.267272 0.293133 -1.734963
    28 -5.777618 -10.404495 -9.974019 3.079574 0.003161 -1.559548
    29 1.474217 -0.497913 -1.376119 1.283294 0.486350 -0.349537
    30 1.832175 -0.000001 0.000001 -2.584557 -0.154226 0.716821
    31 1.042012 0.000000 -0.000006 -2.947027 -0.173385 -0.033771
    32 3.823319 0.664870 -1.331676 0.113609 0.291967 -0.310053
    33 2.152367 0.000010 0.000000 0.048427 -0.257689 -0.122177
    34 1.056626 -0.000010 0.000000 0.273385 -0.069605 -0.538064
    35 3.985126 0.881823 -0.368987 0.187084 0.205031 -0.528366
    36 1.830173 0.000000 0.000000 0.309987 -0.029019 -1.518072
    37 1.561352 0.000013 0.000000 0.027387 0.000717 -1.353498
    38 4.116548 0.711289 0.551868 0.372897 0.175497 -0.950866
    39 1.752729 -0.000006 0.000000 0.065661 0.077343 -1.199501
    40 0.869356 0.000002 0.000000 0.010552 -0.055951 -0.881565
    41 4.118825 0.331244 1.419828 0.091710 0.246073 -1.081329
    42 1.176325 -0.000002 0.000000 0.019561 0.360394 -0.780529
    43 0.970213 0.000000 0.000000 1.685136 0.078242 -1.123257
    44 -9.258431 -0.998731 -5.116617 -3.563007 1.464593 -2.859969
    45 12.706341 0.000001 0.000000 -0.405512 0.232616 -2.260510
    46 11.809021 -1.206475 0.191726 -0.000002 -0.000003 0.000000
    47 0.598399 -0.643255 -0.162013 0.000000 -1.570796 -0.835635
    48 0.000010 0.000000 0.000011 0.000000 0.000000 0.000000
    49 1.200000 0.000000 0.000000 0.000000 0.000000 0.000000
    50 0.000010 -0.300000 0.000000 -3.141593 0.000000 -0.174533
    51 0.000000 -0.000001 0.000003 0.000001 -0.000001 0.000000
    52 0.000002 0.000000 -0.000002 -3.141593 0.000001 0.000000
    53 0.000002 0.000000 0.000002 0.000000 0.000000 0.349066
    54 0.000000 0.000000 0.000000 -3.141593 0.000000 0.000000
    55 0.000002 -0.000002 0.000000 -3.141593 0.000000 -0.000001
    56 0.000007 0.000004 0.000000 -3.141593 0.000000 -0.000001
    57 0.000001 -0.000004 0.000000 -3.141593 0.000000 0.000000
    58 0.000002 0.000010 0.000000 -3.141593 0.000000 0.000000
    59 0.000000 0.000000 0.000000 -3.141593 0.000000 0.000000
    60 -0.000001 -0.000004 0.000000 -3.141593 0.000000 0.000000
    61 0.000000 -0.000004 0.000000 -3.141593 0.000000 0.000000
    62 0.000001 -0.000002 0.000000 -3.141593 0.000000 0.000001
    63 0.000001 -0.000002 0.000000 3.141592 0.000000 -0.000001
    64 0.000000 0.000000 0.000000 -3.141593 0.000000 0.000000
    65 0.000000 0.000000 0.000000 -1.570797 -0.000001 0.000000
    66 0.000000 0.000000 0.000000 0.000000 0.000000 0.000000
    67 1.200001 0.000000 0.000000 0.000000 0.000000 0.000000
    68 0.000000 0.300000 0.000000 0.000000 0.000000 0.174533
    69 0.000000 0.000000 -0.000001 0.000000 0.000000 0.000000
    70 0.000000 0.000000 -0.000001 -3.141593 0.000000 0.000000
    71 0.000000 0.000000 0.000000 0.000001 0.000000 0.349065
    72 -0.000004 0.000003 0.000000 0.000000 0.000000 0.000000
    73 0.000009 -0.000006 0.000000 0.000000 0.000000 -0.000001
    74 0.000000 -0.000002 -0.000001 0.000000 -0.000001 -0.000001
    75 0.000000 0.000000 0.000000 0.000000 0.000000 0.000000
    76 0.000000 0.000000 0.000000 0.000000 0.000000 0.000001
    77 0.000000 0.000002 0.000000 0.000000 0.000000 0.000000
    78 -0.000007 -0.000013 0.000000 0.000000 0.000000 0.000001
    79 0.000000 0.000000 0.000000 0.000000 0.000000 0.000000
    80 0.000000 0.000000 0.000000 0.000000 0.000000 0.000000
    81 0.000000 0.000000 0.000000 0.000000 0.000000 0.000000
    82 0.000000 0.000000 0.000000 0.000000 0.000000 0.000000
    83 0.000000 0.000000 0.000004 -1.570797 0.000001 0.000000
  time 5
    0 -5.244166 -15.204148 -6.465782 -1.566461 -0.001953 -1.571343
    1 9.243773 6.139962 1.326173 -0.000001 0.000001 -1.570796
    2 3.442229 -1.240687 -0.005672 -0.000002 -0.000003 0.000000
    3 17.667921 -1.384574 1.233112 0.000000 -0.000003 -3.141592
    4 13.081079 -1.084008 0.792839 1.570797 -0.879478 -3.141593
    5 0.758741 0.000010 -0.000001 -1.570796 0.000000 -1.124720
    6 12.977262 -1.858502 0.676013 0.518314 -0.428322 -2.516407
    7 0.562688 -0.000006 -0.000004 -0.013014 -0.008068 -0.959463
    8 -3.627207 -24.432100 -8.196735 -3.145513 -1.067984 0.003546
    9 2.341381 0.000021 0.000003 1.570738 1.242323 -0.000046
    10 1.218686 -20.508408 -10.540444 3.068877 0.010353 -1.681336
    11 1.473635 0.639422 -1.295233 1.873507 0.766140 0.332871
    12 1.832607 -0.000004 0.000007 3.131157 0.007152 0.847622
    13 1.003331 0.000000 0.000000 -3.095899 0.121084 0.034207
    14 3.823887 -0.419591 -1.411516 0.069795 0.155286 0.207665
    15 2.187963 0.000000 0.000000 -0.165860 -0.079982 1.419145
    16 1.100958 -0.000014 0.000000 0.087789 -0.052676 -0.184191
    17 3.987879 -0.577435 -0.474708 0.200599 0.169222 0.195927
    18 1.890100 -0.000008 0.000000 -0.153902 -0.042688 1.467060
    19 1.310926 0.000015 0.000000 -0.029730 0.074269 -0.259831
    20 4.117973 -0.654501 0.453699 0.085604 0.094078 0.260901
    21 1.655293 0.000002 0.000000 -0.029296 -0.049149 1.283708
    22 0.869586 0.000011 0.000000 0.062963 -0.019305 0.011264
    23 4.150639 -0.581580 1.354867 -0.178487 0.129533 0.002321
    24 1.157248 -0.000013 -0.000002 0.194855 -0.267812 1.185099
    25 1.019835 0.000002 0.000002 -1.675130 0.086219 0.371305
    26 3.429456 -5.007721 -5.116617 -1.581456 1.189319 -1.481852
    27 12.695436 0.000001 0.000018 -0.266670 0.293229 -1.732823
    28 -5.769805 -10.396682 -10.013083 3.075134 0.005294 -1.559548
    29 1.474217 -0.497913 -1.376119 1.283294 0.486350 -0.349537
    30 1.832175 -0.000001 0.000001 -2.584557 -0.154226 0.716821
    31 1.042012 0.000000 -0.000006 -2.947027 -0.173385 -0.033771
    32 3.823319 0.664870 -1.331676 0.113609 0.291967 -0.310053
    33 2.152367 0.000010 0.000000 0.048427 -0.257689 -0.122177
    34 1.056626 -0.000010 0.000000 0.273385 -0.069605 -0.538064
    35 3.985126 0.881823 -0.368987 0.187084 0.205031 -0.528366
    36 1.830173 0.000000 0.000000 0.309987 -0.029019 -1.518072
    37 1.561352 0.000013 0.000000 0.027387 0.000717 -1.353498
    38 4.116548 0.711289 0.551868 0.372897 0.175497 -0.950866
    39 1.752729 -0.000006 0.000000 0.065661 0.077343 -1.199501
    40 0.869356 0.000002 0.000000 0.010552 -0.055951 -0.881565
    41 4.118825 0.331244 1.419828 0.091710 0.246073 -1.081329
    42 1.176325 -0.000002 0.000000 0.019561 0.360394 -0.780529
    43 0.970213 0.000000 0.000000 1.685136 0.078242 -1.123257
    44 -9.258431 -0.998731 -5.116617 -3.581872 1.461381 -2.876239
    45 12.706341 0.000001 0.000000 -0.405332 0.232892 -2.259824
    46 11.809021 -1.206475 0.191726 -0.000002 -0.000003 0.000000
    47 0.598399 -0.643255 -0.162013 0.000000 -1.570796 -0.835635
    48 0.000010 0.000000 0.000011 0.000000 0.000000 0.000000
    49 1.200000 0.000000 0.000000 0.000000 0.000000 0.000000
    50 0.000010 -0.300000 0.000000 -3.141593 0.000000 -0.174533
    51 0.000000 -0.000001 0.000003 0.000001 -0.000001 0.000000
    52 0.000002 0.000000 -0.000002 -3.141593 0.000001 0.000000
    53 0.000002 0.000000 0.000002 0.000000 0.000000 0.349066
    54 0.000000 0.000000 0.000000 -3.141593 0.000000 0.000000
    55 0.000002 -0.000002 0.000000 -3.141593 0.000000 -0.000001
    56 0.000007 0.000004 0.000000 -3.141593 0.000000 -0.000001
    57 0.000001 -0.000004 0.000000 -3.141593 0.000000 0.000000
    58 0.000002 0.000010 0.000000 -3.141593 0.000000 0.000000
    59 0.000000 0.000000 0.000000 -3.141593 0.000000 0.000000
    60 -0.000001 -0.000004 0.000000 -3.141593 0.000000 0.000000
    61 0.000000 -0.000004 0.000000 -3.141593 0.000000 0.000000
    62 0.000001 -0.000002 0.000000 -3.141593 0.000000 0.000001
    63 0.000001 -0.000002 0.000000 3.141592 0.000000 -0.000001
    64 0.000000 0.000000 0.000000 -3.141593 0.000000 0.000000
    65 0.000000 0.000000 0.000000 -1.570797 -0.000001 0.000000
    66 0.000000 0.000000 0.000000 0.000000 0.000000 0.000000
    67 1.200001 0.000000 0.000000 0.000000 0.000000 0.000000
    68 0.000000 0.300000 0.000000 0.000000 0.000000 0.174533
    69 0.000000 0.000000 -0.000001 0.000000 0.000000 0.000000
    70 0.000000 0.000000 -0.000001 -3.141593 0.000000 0.000000
    71 0.000000 0.000000 0.000000 0.000001 0.000000 0.349065
    72 -0.000004 0.000003 0.000000 0.000000 0.000000 0.000000
    73 0.000009 -0.000006 0.000000 0.000000 0.000000 -0.000001
    74 0.000000 -0.000002 -0.000001 0.000000 -0.000001 -0.000001
    75 0.000000 0.000000 0.000000 0.000000 0.000000 0.000000
    76 0.000000 0.000000 0.000000 0.000000 0.000000 0.000001
    77 0.000000 0.000002 0.000000 0.000000 0.000000 0.000000
    78 -0.000007 -0.000013 0.000000 0.000000 0.000000 0.000001
    79 0.000000 0.000000 0.000000 0.000000 0.000000 0.000000
    80 0.000000 0.000000 0.000000 0.000000 0.000000 0.000000
    81 0.000000 0.000000 0.000000 0.000000 0.000000 0.000000
    82 0.000000 0.000000 0.000000 0.000000 0.000000 0.000000
    83 0.000000 0.000000 0.000004 -1.570797 0.000001 0.000000
  time 6
    0 -5.236353 -15.204148 -6.481407 -1.570796 0.000000 -1.571343
    1 9.243773 6.139962 1.326173 -0.000001 0.000001 -1.570796
    2 3.442229 -1.240687 -0.005672 -0.000002 -0.000003 0.000000
    3 17.667921 -1.384574 1.233112 0.000000 -0.000003 -3.141592
    4 13.081079 -1.084008 0.792839 1.570797 -0.879478 -3.141593
    5 0.758741 0.000010 -0.000001 -1.570796 0.000000 -1.124720
    6 12.977262 -1.858502 0.676013 0.518314 -0.428322 -2.516407
    7 0.562688 -0.000006 -0.000004 -0.013014 -0.008068 -0.959463
    8 -3.627207 -24.428194 -8.243611 -3.141592 -1.063636 -0.000219
    9 2.341381 0.000021 0.000003 1.570738 1.242323 -0.000046
    10 1.206967 -20.508408 -10.595133 3.064408 0.011835 -1.681336
    11 1.473635 0.639422 -1.295233 1.873507 0.766140 0.332871
    12 1.832607 -0.000004 0.000007 3.131157 0.007152 0.847622
    13 1.003331 0.000000 0.000000 -3.095899 0.121084 0.034207
    14 3.823887 -0.419591 -1.411516 0.069795 0.155286 0.207665
    15 2.187963 0.000000 0.000000 -0.165860 -0.079982 1.419145
    16 1.100958 -0.000014 0.000000 0.087789 -0.052676 -0.184191
    17 3.987879 -0.577435 -0.474708 0.200599 0.169222 0.195927
    18 1.890100 -0.000008 0.000000 -0.153902 -0.042688 1.467060
    19 1.310926 0.000015 0.000000 -0.029730 0.074269 -0.259831
    20 4.117973 -0.654501 0.453699 0.085604 0.094078 0.260901
    21 1.655293 0.000002 0.000000 -0.029296 -0.049149 1.283708
    22 0.869586 0.000011 0.000000 0.062963 -0.019305 0.011264
    23 4.150639 -0.581580 1.354867 -0.178487 0.129533 0.002321
    24 1.157248 -0.000013 -0.000002 0.194855 -0.267812 1.185099
    25 1.019835 0.000002 0.000002 -1.675130 0.086219 0.371305
    26 3.429456 -5.007721 -5.116617 -1.580354 1.191909 -1.481487
    27 12.695436 0.000001 0.000018 -0.266326 0.293421 -1.731753
    28 -5.777618 -10.392776 -10.013083 3.070817 0.007286 -1.559548
    29 1.474217 -0.497913 -1.376119 1.283294 0.486350 -0.349537
    30 1.832175 -0.000001 0.000001 -2.584557 -0.154226 0.716821
    31 1.042012 0.000000 -0.000006 -2.947027 -0.173385 -0.033771
    32 3.823319 0.664870 -1.331676 0.113609 0.291967 -0.310053
    33 2.152367 0.000010 0.000000 0.048427 -0.257689 -0.122177
    34 1.056626 -0.000010 0.000000 0.273385 -0.069605 -0.538064
    35 3.985126 0.881823 -0.368987 0.187084 0.205031 -0.528366
    36 1.830173 0.000000 0.000000 0.309987 -0.029019 -1.518072
    37 1.561352 0.000013 0.000000 0.027387 0.000717 -1.353498
    38 4.116548 0.711289 0.551868 0.372897 0.175497 -0.950866
    39 1.752729 -0.000006 0.000000 0.065661 0.077343 -1.199501
    40 0.869356 0.000002 0.000000 0.010552 -0.055951 -0.881565
    41 4.118825 0.331244 1.419828 0.091710 0.246073 -1.081329
    42 1.176325 -0.000002 0.000000 0.019561 0.360394 -0.780529
    43 0.970213 0.000000 0.000000 1.685136 0.078242 -1.123257
    44 -9.258431 -0.998731 -5.116617 -3.590778 1.461336 -2.885612
    45 12.706341 0.000001 0.000000 -0.405463 0.232664 -2.260205
    46 11.809021 -1.206475 0.191726 -0.000002 -0.000003 0.000000
    47 0.598399 -0.643255 -0.162013 0.000000 -1.570796 -0.835635
    48 0.000010 0.000000 0.000011 0.000000 0.000000 0.000000
    49 1.200000 0.000000 0.000000 0.000000 0.000000 0.000000
    50 0.000010 -0.300000 0.000000 -3.141593 0.000000 -0.174533
    51 0.000000 -0.000001 0.000003 0.000001 -0.000001 0.000000
    52 0.000002 0.000000 -0.000002 -3.141593 0.000001 0.000000
    53 0.000002 0.000000 0.000002 0.000000 0.000000 0.349066
    54 0.000000 0.000000 0.000000 -3.141593 0.000000 0.000000
    55 0.000002 -0.000002 0.000000 -3.141593 0.000000 -0.000001
    56 0.000007 0.000004 0.000000 -3.141593 0.000000 -0.000001
    57 0.000001 -0.000004 0.000000 -3.141593 0.000000 0.000000
    58 0.000002 0.000010 0.000000 -3.141593 0.000000 0.000000
    59 0.000000 0.000000 0.000000 -3.141593 0.000000 0.000000
    60 -0.000001 -0.000004 0.000000 -3.141593 0.000000 0.000000
    61 0.000000 -0.000004 0.000000 -3.141593 0.000000 0.000000
    62 0.000001 -0.000002 0.000000 -3.141593 0.000000 0.000001
    63 0.000001 -0.000002 0.000000 3.141592 0.000000 -0.000001
    64 0.000000 0.000000 0.000000 -3.141593 0.000000 0.000000
    65 0.000000 0.000000 0.000000 -1.570797 -0.000001 0.000000
    66 0.000000 0.000000 0.000000 0.000000 0.000000 0.000000
    67 1.200001 0.000000 0.000000 0.000000 0.000000 0.000000
    68 0.000000 0.300000 0.000000 0.000000 0.000000 0.174533
    69 0.000000 0.000000 -0.000001 0.000000 0.000000 0.000000
    70 0.000000 0.000000 -0.000001 -3.141593 0.000000 0.000000
    71 0.000000 0.000000 0.000000 0.000001 0.000000 0.349065
    72 -0.000004 0.000003 0.000000 0.000000 0.000000 0.000000
    73 0.000009 -0.000006 0.000000 0.000000 0.000000 -0.000001
    74 0.000000 -0.000002 -0.000001 0.000000 -0.000001 -0.000001
    75 0.000000 0.000000 0.000000 0.000000 0.000000 0.000000
    76 0.000000 0.000000 0.000000 0.000000 0.000000 0.000001
    77 0.000000 0.000002 0.000000 0.000000 0.000000 0.000000
    78 -0.000007 -0.000013 0.000000 0.000000 0.000000 0.000001
    79 0.000000 0.000000 0.000000 0.000000 0.000000 0.000000
    80 0.000000 0.000000 0.000000 0.000000 0.000000 0.000000
    81 0.000000 0.000000 0.000000 0.000000 0.000000 0.000000
    82 0.000000 0.000000 0.000000 0.000000 0.000000 0.000000
    83 0.000000 0.000000 0.000004 -1.570797 0.000001 0.000000
  time 7
    0 -5.244166 -15.204148 -6.465782 -1.575131 0.001777 -1.571343
    1 9.243773 6.139962 1.326173 -0.000001 0.000001 -1.570796
    2 3.442229 -1.240687 -0.005672 -0.000002 -0.000003 0.000000
    3 17.667921 -1.384574 1.233112 0.000000 -0.000003 -3.141592
    4 13.081079 -1.084008 0.792839 1.570797 -0.879478 -3.141593
    5 0.758741 0.000010 -0.000001 -1.570796 0.000000 -1.124720
    6 12.977262 -1.858502 0.676013 0.518314 -0.428322 -2.516407
    7 0.562688 -0.000006 -0.000004 -0.013014 -0.008068 -0.959463
    8 -3.638926 -24.424288 -8.251424 -3.137958 -1.059304 -0.003231
    9 2.341381 0.000021 0.000003 1.570738 1.242323 -0.000046
    10 1.187436 -20.504502 -10.618571 3.059893 0.013110 -1.681336
    11 1.473635 0.639422 -1.295233 1.873507 0.766140 0.332871
    12 1.832607 -0.000004 0.000007 3.131157 0.007152 0.847622
    13 1.003331 0.000000 0.000000 -3.095899 0.121084 0.034207
    14 3.823887 -0.419591 -1.411516 0.069795 0.155286 0.207665
    15 2.187963 0.000000 0.000000 -0.165860 -0.079982 1.419145
    16 1.100958 -0.000014 0.000000 0.087789 -0.052676 -0.184191
    17 3.987879 -0.577435 -0.474708 0.200599 0.169210 0.195927
    18 1.890100 -0.000008 0.000000 -0.153902 -0.042688 1.467060
    19 1.310926 0.000015 0.000000 -0.029730 0.074269 -0.259831
    20 4.117973 -0.654501 0.453699 0.085604 0.094078 0.260901
    21 1.655293 0.000002 0.000000 -0.029296 -0.049149 1.283708
    22 0.869586 0.000011 0.000000 0.062963 -0.019305 0.011264
    23 4.150639 -0.581580 1.354867 -0.178487 0.129533 0.002321
    24 1.157248 -0.000013 -0.000002 0.194855 -0.267812 1.185099
    25 1.019835 0.000002 0.000002 -1.675130 0.086219 0.371305
    26 3.429456 -5.007721 -5.116617 -1.577323 1.192859 -1.480208
    27 12.695436 0.000001 0.000018 -0.266226 0.293421 -1.731552
    28 -5.797150 -10.384963 -9.989645 3.066500 0.009102 -1.559675
    29 1.474217 -0.497913 -1.376119 1.283294 0.486350 -0.349537
    30 1.832175 -0.000001 0.000001 -2.584557 -0.154226 0.716821
    31 1.042012 0.000000 -0.000006 -2.947027 -0.173385 -0.033771
    32 3.823319 0.664870 -1.331676 0.113609 0.291967 -0.310053
    33 2.152367 0.000010 0.000000 0.048427 -0.257689 -0.122177
    34 1.056626 -0.000010 0.000000 0.273385 -0.069605 -0.538064
    35 3.985126 0.881823 -0.368987 0.187084 0.205031 -0.528366
    36 1.830173 0.000000 0.000000 0.309987 -0.029019 -1.518072
    37 1.561352 0.000013 0.000000 0.027387 0.000717 -1.353498
    38 4.116548 0.711289 0.551868 0.372897 0.175497 -0.950866
    39 1.752729 -0.000006 0.000000 0.065661 0.077343 -1.199501
    40 0.869356 0.000002 0.000000 0.010552 -0.055951 -0.881565
    41 4.118825 0.331244 1.419828 0.091710 0.246073 -1.081329
    42 1.176325 -0.000002 0.000000 0.019561 0.360394 -0.780529
    43 0.970213 0.000000 0.000000 1.685136 0.078255 -1.123257
    44 -9.258431 -0.998731 -5.116617 -3.587714 1.464593 -2.886054
    45 12.706341 0.000001 0.000000 -0.405938 0.232389 -2.262340
    46 11.809021 -1.206475 0.191726 -0.000002 -0.000003 0.000000
    47 0.598399 -0.643255 -0.162013 0.000000 -1.570796 -0.835635
    48 0.000010 0.000000 0.000011 0.000000 0.000000 0.000000
    49 1.200000 0.000000 0.000000 0.000000 0.000000 0.000000
    50 0.000010 -0.300000 0.000000 -3.141593 0.000000 -0.174533
    51 0.000000 -0.000001 0.000003 0.000001 -0.000001 0.000000
    52 0.000002 0.000000 -0.000002 -3.141593 0.000001 0.000000
    53 0.000002 0.000000 0.000002 0.000000 0.000000 0.349066
    54 0.000000 0.000000 0.000000 -3.141593 0.000000 0.000000
    55 0.000002 -0.000002 0.000000 -3.141593 0.000000 -0.000001
    56 0.000007 0.000004 0.000000 -3.141593 0.000000 -0.000001
    57 0.000001 -0.000004 0.000000 -3.141593 0.000000 0.000000
    58 0.000002 0.000010 0.000000 -3.141593 0.000000 0.000000
    59 0.000000 0.000000 0.000000 -3.141593 0.000000 0.000000
    60 -0.000001 -0.000004 0.000000 -3.141593 0.000000 0.000000
    61 0.000000 -0.000004 0.000000 -3.141593 0.000000 0.000000
    62 0.000001 -0.000002 0.000000 -3.141593 0.000000 0.000001
    63 0.000001 -0.000002 0.000000 3.141592 0.000000 -0.000001
    64 0.000000 0.000000 0.000000 -3.141593 0.000000 0.000000
    65 0.000000 0.000000 0.000000 -1.570797 -0.000001 0.000000
    66 0.000000 0.000000 0.000000 0.000000 0.000000 0.000000
    67 1.200001 0.000000 0.000000 0.000000 0.000000 0.000000
    68 0.000000 0.300000 0.000000 0.000000 0.000000 0.174533
    69 0.000000 0.000000 -0.000001 0.000000 0.000000 0.000000
    70 0.000000 0.000000 -0.000001 -3.141593 0.000000 0.000000
    71 0.000000 0.000000 0.000000 0.000001 0.000000 0.349065
    72 -0.000004 0.000003 0.000000 0.000000 0.000000 0.000000
    73 0.000009 -0.000006 0.000000 0.000000 0.000000 -0.000001
    74 0.000000 -0.000002 -0.000001 0.000000 -0.000001 -0.000001
    75 0.000000 0.000000 0.000000 0.000000 0.000000 0.000000
    76 0.000000 0.000000 0.000000 0.000000 0.000000 0.000001
    77 0.000000 0.000002 0.000000 0.000000 0.000000 0.000000
    78 -0.000007 -0.000013 0.000000 0.000000 0.000000 0.000001
    79 0.000000 0.000000 0.000000 0.000000 0.000000 0.000000
    80 0.000000 0.000000 0.000000 0.000000 0.000000 0.000000
    81 0.000000 0.000000 0.000000 0.000000 0.000000 0.000000
    82 0.000000 0.000000 0.000000 0.000000 0.000000 0.000000
    83 0.000000 0.000000 0.000004 -1.570797 0.000001 0.000000
  time 8
    0 -5.255885 -15.204148 -6.414999 -1.579576 0.003536 -1.571407
    1 9.243773 6.139962 1.326173 -0.000001 0.000001 -1.570796
    2 3.442229 -1.240687 -0.005672 -0.000002 -0.000003 0.000000
    3 17.667921 -1.384574 1.233112 0.000000 -0.000003 -3.141592
    4 13.081079 -1.084008 0.792839 1.570797 -0.879478 -3.141593
    5 0.758741 0.000010 -0.000001 -1.570796 0.000000 -1.124720
    6 12.977262 -1.858502 0.676013 0.518314 -0.428322 -2.516407
    7 0.562688 -0.000006 -0.000004 -0.013014 -0.008068 -0.959463
    8 -3.658458 -24.420381 -8.227986 -3.134611 -1.054862 -0.006337
    9 2.341381 0.000021 0.000003 1.570738 1.242323 -0.000046
    10 1.152278 -20.496689 -10.602946 3.055285 0.014385 -1.681515
    11 1.473635 0.639422 -1.295233 1.873507 0.766140 0.332871
    12 1.832607 -0.000004 0.000007 3.131157 0.007152 0.847622
    13 1.003331 0.000000 0.000000 -3.095899 0.121084 0.034207
    14 3.823887 -0.419591 -1.411516 0.069795 0.155286 0.207665
    15 2.187963 0.000000 0.000000 -0.165860 -0.079982 1.419145
    16 1.100958 -0.000014 0.000000 0.087789 -0.052676 -0.184191
    17 3.987879 -0.577435 -0.474708 0.200599 0.169210 0.195927
    18 1.890100 -0.000008 0.000000 -0.153902 -0.042688 1.467060
    19 1.310926 0.000015 0.000000 -0.029730 0.074269 -0.259831
    20 4.117973 -0.654501 0.453699 0.085604 0.094078 0.260901
    21 1.655293 0.000002 0.000000 -0.029296 -0.049149 1.283708
    22 0.869586 0.000011 0.000000 0.062963 -0.019305 0.011264
    23 4.150639 -0.581580 1.354867 -0.178487 0.129533 0.002321
    24 1.157248 -0.000013 -0.000002 0.194855 -0.267812 1.185099
    25 1.019835 0.000002 0.000002 -1.675130 0.086219 0.371305
    26 3.429456 -5.007721 -5.116617 -1.572089 1.192384 -1.478107
    27 12.695436 0.000001 0.000018 -0.266369 0.293289 -1.731753
    28 -5.828401 -10.377150 -9.931049 3.062072 0.010882 -1.559675
    29 1.474217 -0.497913 -1.376119 1.283294 0.486350 -0.349537
    30 1.832175 -0.000001 0.000001 -2.584557 -0.154226 0.716821
    31 1.042012 0.000000 -0.000006 -2.947027 -0.173385 -0.033771
    32 3.823319 0.664870 -1.331676 0.113609 0.291967 -0.310053
    33 2.152367 0.000010 0.000000 0.048427 -0.257689 -0.122177
    34 1.056626 -0.000010 0.000000 0.273385 -0.069605 -0.538064
    35 3.985126 0.881823 -0.368987 0.187084 0.205031 -0.528366
    36 1.830173 0.000000 0.000000 0.309987 -0.029019 -1.518072
    37 1.561352 0.000013 0.000000 0.027387 0.000717 -1.353498
    38 4.116548 0.711289 0.551868 0.372897 0.175497 -0.950866
    39 1.752729 -0.000006 0.000000 0.065661 0.077343 -1.199501
    40 0.869356 0.000002 0.000000 0.010552 -0.055951 -0.881565
    41 4.118825 0.331244 1.419828 0.091710 0.246073 -1.081329
    42 1.176325 -0.000002 0.000000 0.019561 0.360394 -0.780529
    43 0.970213 0.000000 0.000000 1.685136 0.078242 -1.123257
    44 -9.258431 -0.998731 -5.116617 -3.573254 1.470610 -2.877300
    45 12.706341 0.000001 0.000000 -0.406691 0.231657 -2.265619
    46 11.809021 -1.206475 0.191726 -0.000002 -0.000003 0.000000
    47 0.598399 -0.643255 -0.162013 0.000000 -1.570796 -0.835635
    48 0.000010 0.000000 0.000011 0.000000 0.000000 0.000000
    49 1.200000 0.000000 0.000000 0.000000 0.000000 0.000000
    50 0.000010 -0.300000 0.000000 -3.141593 0.000000 -0.174533
    51 0.000000 -0.000001 0.000003 0.000001 -0.000001 0.000000
    52 0.000002 0.000000 -0.000002 -3.141593 0.000001 0.000000
    53 0.000002 0.000000 0.000002 0.000000 0.000000 0.349066
    54 0.000000 0.000000 0.000000 -3.141593 0.000000 0.000000
    55 0.000002 -0.000002 0.000000 -3.141593 0.000000 -0.000001
    56 0.000007 0.000004 0.000000 -3.141593 0.000000 -0.000001
    57 0.000001 -0.000004 0.000000 -3.141593 0.000000 0.000000
    58 0.000002 0.000010 0.000000 -3.141593 0.000000 0.000000
    59 0.000000 0.000000 0.000000 -3.141593 0.000000 0.000000
    60 -0.000001 -0.000004 0.000000 -3.141593 0.000000 0.000000
    61 0.000000 -0.000004 0.000000 -3.141593 0.000000 0.000000
    62 0.000001 -0.000002 0.000000 -3.141593 0.000000 0.000001
    63 0.000001 -0.000002 0.000000 3.141592 0.000000 -0.000001
    64 0.000000 0.000000 0.000000 -3.141593 0.000000 0.000000
    65 0.000000 0.000000 0.000000 -1.570797 -0.000001 0.000000
    66 0.000000 0.000000 0.000000 0.000000 0.000000 0.000000
    67 1.200001 0.000000 0.000000 0.000000 0.000000 0.000000
    68 0.000000 0.300000 0.000000 0.000000 0.000000 0.174533
    69 0.000000 0.000000 -0.000001 0.000000 0.000000 0.000000
    70 0.000000 0.000000 -0.000001 -3.141593 0.000000 0.000000
    71 0.000000 0.000000 0.000000 0.000001 0.000000 0.349065
    72 -0.000004 0.000003 0.000000 0.000000 0.000000 0.000000
    73 0.000009 -0.000006 0.000000 0.000000 0.000000 -0.000001
    74 0.000000 -0.000002 -0.000001 0.000000 -0.000001 -0.000001
    75 0.000000 0.000000 0.000000 0.000000 0.000000 0.000000
    76 0.000000 0.000000 0.000000 0.000000 0.000000 0.000001
    77 0.000000 0.000002 0.000000 0.000000 0.000000 0.000000
    78 -0.000007 -0.000013 0.000000 0.000000 0.000000 0.000001
    79 0.000000 0.000000 0.000000 0.000000 0.000000 0.000000
    80 0.000000 0.000000 0.000000 0.000000 0.000000 0.000000
    81 0.000000 0.000000 0.000000 0.000000 0.000000 0.000000
    82 0.000000 0.000000 0.000000 0.000000 0.000000 0.000000
    83 0.000000 0.000000 0.000004 -1.570797 0.000001 0.000000
  time 9
    0 -5.271510 -15.204148 -6.383748 -1.581246 0.004169 -1.571407
    1 9.243773 6.139962 1.326173 -0.000001 0.000001 -1.570796
    2 3.442229 -1.240687 -0.005672 -0.000002 -0.000003 0.000000
    3 17.667921 -1.384574 1.233112 0.000000 -0.000003 -3.141592
    4 13.081079 -1.084008 0.792839 1.570797 -0.879478 -3.141593
    5 0.758741 0.000010 -0.000001 -1.570796 0.000000 -1.124720
    6 12.977262 -1.858502 0.676013 0.518314 -0.428322 -2.516407
    7 0.562688 -0.000006 -0.000004 -0.013014 -0.008068 -0.959463
    8 -3.681896 -24.420381 -8.196735 -3.133177 -1.053167 -0.007749
    9 2.341381 0.000021 0.000003 1.570738 1.242323 -0.000046
    10 1.128840 -20.492783 -10.583414 3.053563 0.014833 -1.681515
    11 1.473635 0.639422 -1.295233 1.873507 0.766140 0.332871
    12 1.832607 -0.000004 0.000007 3.131157 0.007152 0.847622
    13 1.003331 0.000000 0.000000 -3.095899 0.121084 0.034207
    14 3.823887 -0.419591 -1.411516 0.069795 0.155286 0.207665
    15 2.187963 0.000000 0.000000 -0.165860 -0.079982 1.419145
    16 1.100958 -0.000014 0.000000 0.087789 -0.052676 -0.184191
    17 3.987879 -0.577435 -0.474708 0.200599 0.169222 0.195927
    18 1.890100 -0.000008 0.000000 -0.153902 -0.042688 1.467060
    19 1.310926 0.000015 0.000000 -0.029730 0.074269 -0.259831
    20 4.117973 -0.654501 0.453699 0.085604 0.094078 0.260901
    21 1.655293 0.000002 0.000000 -0.029296 -0.049149 1.283708
    22 0.869586 0.000011 0.000000 0.062963 -0.019305 0.011264
    23 4.150639 -0.581580 1.354867 -0.178487 0.129533 0.002321
    24 1.157248 -0.000013 -0.000002 0.194855 -0.267812 1.185099
    25 1.019835 0.000002 0.000002 -1.675130 0.086219 0.371305
    26 3.429456 -5.007721 -5.116617 -1.567865 1.190830 -1.476554
    27 12.695436 0.000001 0.000018 -0.266613 0.293241 -1.732756
    28 -5.851839 -10.377150 -9.884173 3.060412 0.011552 -1.559675
    29 1.474217 -0.497913 -1.376119 1.283294 0.486350 -0.349537
    30 1.832175 -0.000001 0.000001 -2.584557 -0.154226 0.716843
    31 1.042012 0.000000 -0.000006 -2.947027 -0.173385 -0.033771
    32 3.823319 0.664870 -1.331676 0.113609 0.291967 -0.310053
    33 2.152367 0.000010 0.000000 0.048427 -0.257689 -0.122177
    34 1.056626 -0.000010 0.000000 0.273385 -0.069605 -0.538064
    35 3.985126 0.881823 -0.368987 0.187084 0.205031 -0.528366
    36 1.830173 0.000000 0.000000 0.309987 -0.029019 -1.518072
    37 1.561352 0.000013 0.000000 0.027387 0.000717 -1.353498
    38 4.116548 0.711289 0.551868 0.372897 0.175497 -0.950866
    39 1.752729 -0.000006 0.000000 0.065661 0.077343 -1.199501
    40 0.869356 0.000002 0.000000 0.010552 -0.055951 -0.881565
    41 4.118825 0.331244 1.419828 0.091710 0.246073 -1.081329
    42 1.176325 -0.000002 0.000000 0.019561 0.360394 -0.780529
    43 0.970213 0.000000 0.000000 1.685117 0.078242 -1.123257
    44 -9.258431 -0.998731 -5.116617 -3.556304 1.475858 -2.865009
    45 12.706341 0.000001 0.000000 -0.407297 0.231322 -2.268212
    46 11.809021 -1.206475 0.191726 -0.000002 -0.000003 0.000000
    47 0.598399 -0.643255 -0.162013 0.000000 -1.570796 -0.835635
    48 0.000010 0.000000 0.000011 0.000000 0.000000 0.000000
    49 1.200000 0.000000 0.000000 0.000000 0.000000 0.000000
    50 0.000010 -0.300000 0.000000 -3.141593 0.000000 -0.174533
    51 0.000000 -0.000001 0.000003 0.000001 -0.000001 0.000000
    52 0.000002 0.000000 -0.000002 -3.141593 0.000001 0.000000
    53 0.000002 0.000000 0.000002 0.000000 0.000000 0.349066
    54 0.000000 0.000000 0.000000 -3.141593 0.000000 0.000000
    55 0.000002 -0.000002 0.000000 -3.141593 0.000000 -0.000001
    56 0.000007 0.000004 0.000000 -3.141593 0.000000 -0.000001
    57 0.000001 -0.000004 0.000000 -3.141593 0.000000 0.000000
    58 0.000002 0.000010 0.000000 -3.141593 0.000000 0.000000
    59 0.000000 0.000000 0.000000 -3.141593 0.000000 0.000000
    60 -0.000001 -0.000004 0.000000 -3.141593 0.000000 0.000000
    61 0.000000 -0.000004 0.000000 -3.141593 0.000000 0.000000
    62 0.000001 -0.000002 0.000000 -3.141593 0.000000 0.000001
    63 0.000001 -0.000002 0.000000 3.141592 0.000000 -0.000001
    64 0.000000 0.000000 0.000000 -3.141593 0.000000 0.000000
    65 0.000000 0.000000 0.000000 -1.570797 -0.000001 0.000000
    66 0.000000 0.000000 0.000000 0.000000 0.000000 0.000000
    67 1.200001 0.000000 0.000000 0.000000 0.000000 0.000000
    68 0.000000 0.300000 0.000000 0.000000 0.000000 0.174533
    69 0.000000 0.000000 -0.000001 0.000000 0.000000 0.000000
    70 0.000000 0.000000 -0.000001 -3.141593 0.000000 0.000000
    71 0.000000 0.000000 0.000000 0.000001 0.000000 0.349065
    72 -0.000004 0.000003 0.000000 0.000000 0.000000 0.000000
    73 0.000009 -0.000006 0.000000 0.000000 0.000000 -0.000001
    74 0.000000 -0.000002 -0.000001 0.000000 -0.000001 -0.000001
    75 0.000000 0.000000 0.000000 0.000000 0.000000 0.000000
    76 0.000000 0.000000 0.000000 0.000000 0.000000 0.000001
    77 0.000000 0.000002 0.000000 0.000000 0.000000 0.000000
    78 -0.000007 -0.000013 0.000000 0.000000 0.000000 0.000001
    79 0.000000 0.000000 0.000000 0.000000 0.000000 0.000000
    80 0.000000 0.000000 0.000000 0.000000 0.000000 0.000000
    81 0.000000 0.000000 0.000000 0.000000 0.000000 0.000000
    82 0.000000 0.000000 0.000000 0.000000 0.000000 0.000000
    83 0.000000 0.000000 0.000004 -1.570797 0.000001 0.000000
  time 10
    0 -5.275417 -15.204148 -6.340778 -1.579576 0.003501 -1.571407
    1 9.243773 6.139962 1.326173 -0.000001 0.000001 -1.570796
    2 3.442229 -1.240687 -0.005672 -0.000002 -0.000003 0.000000
    3 17.667921 -1.384574 1.233112 0.000000 -0.000003 -3.141592
    4 13.081079 -1.084008 0.792839 1.570797 -0.879478 -3.141593
    5 0.758741 0.000010 -0.000001 -1.570796 0.000000 -1.124720
    6 12.977262 -1.858502 0.676013 0.518314 -0.428322 -2.516407
    7 0.562688 -0.000006 -0.000004 -0.013014 -0.008068 -0.959463
    8 -3.697522 -24.420381 -8.149858 -3.134611 -1.054862 -0.006243
    9 2.341381 0.000021 0.000003 1.570738 1.242323 -0.000046
    10 1.117121 -20.496689 -10.524818 3.055285 0.014368 -1.681515
    11 1.473635 0.639422 -1.295233 1.873507 0.766140 0.332871
    12 1.832607 -0.000004 0.000007 3.131157 0.007152 0.847622
    13 1.003331 0.000000 0.000000 -3.095899 0.121084 0.034207
    14 3.823887 -0.419591 -1.411516 0.069795 0.155286 0.207665
    15 2.187963 0.000000 0.000000 -0.165860 -0.079982 1.419145
    16 1.100958 -0.000014 0.000000 0.087789 -0.052676 -0.184191
    17 3.987879 -0.577435 -0.474708 0.200599 0.169222 0.195927
    18 1.890100 -0.000008 0.000000 -0.153902 -0.042688 1.467060
    19 1.310926 0.000015 0.000000 -0.029730 0.074269 -0.259831
    20 4.117973 -0.654501 0.453699 0.085604 0.094078 0.260901
    21 1.655293 0.000002 0.000000 -0.029296 -0.049149 1.283708
    22 0.869586 0.000011 0.000000 0.062963 -0.019305 0.011264
    23 4.150639 -0.581580 1.354867 -0.178487 0.129533 0.002321
    24 1.157248 -0.000013 -0.000002 0.194855 -0.267812 1.185099
    25 1.019835 0.000002 0.000002 -1.675130 0.086219 0.371305
    26 3.429456 -5.007721 -5.116617 -1.565753 1.187981 -1.475549
    27 12.695436 0.000001 0.000018 -0.267057 0.293169 -1.734361
    28 -5.863558 -10.377150 -9.852922 3.062109 0.010882 -1.559675
    29 1.474217 -0.497913 -1.376119 1.283294 0.486350 -0.349537
    30 1.832175 -0.000001 0.000001 -2.584557 -0.154226 0.716821
    31 1.042012 0.000000 -0.000006 -2.947027 -0.173385 -0.033771
    32 3.823319 0.664870 -1.331676 0.113609 0.291967 -0.310053
    33 2.152367 0.000010 0.000000 0.048427 -0.257689 -0.122177
    34 1.056626 -0.000010 0.000000 0.273385 -0.069605 -0.538064
    35 3.985126 0.881823 -0.368987 0.187084 0.205031 -0.528366
    36 1.830173 0.000000 0.000000 0.309987 -0.029019 -1.518072
    37 1.561352 0.000013 0.000000 0.027387 0.000717 -1.353498
    38 4.116548 0.711289 0.551868 0.372897 0.175497 -0.950866
    39 1.752729 -0.000006 0.000000 0.065661 0.077343 -1.199501
    40 0.869356 0.000002 0.000000 0.010552 -0.055951 -0.881565
    41 4.118825 0.331244 1.419828 0.091710 0.246073 -1.081329
    42 1.176325 -0.000002 0.000000 0.019561 0.360394 -0.780529
    43 0.970213 0.000000 0.000000 1.685117 0.078242 -1.123257
    44 -9.258431 -0.998731 -5.116617 -3.535715 1.479658 -2.847589
    45 12.706341 0.000001 0.000000 -0.407657 0.230890 -2.269813
    46 11.809021 -1.206475 0.191726 -0.000002 -0.000003 0.000000
    47 0.598399 -0.643255 -0.162013 0.000000 -1.570796 -0.835635
    48 0.000010 0.000000 0.000011 0.000000 0.000000 0.000000
    49 1.200000 0.000000 0.000000 0.000000 0.000000 0.000000
    50 0.000010 -0.300000 0.000000 -3.141593 0.000000 -0.174533
    51 0.000000 -0.000001 0.000003 0.000001 -0.000001 0.000000
    52 0.000002 0.000000 -0.000002 -3.141593 0.000001 0.000000
    53 0.000002 0.000000 0.000002 0.000000 0.000000 0.349066
    54 0.000000 0.000000 0.000000 -3.141593 0.000000 0.000000
    55 0.000002 -0.000002 0.000000 -3.141593 0.000000 -0.000001
    56 0.000007 0.000004 0.000000 -3.141593 0.000000 -0.000001
    57 0.000001 -0.000004 0.000000 -3.141593 0.000000 0.000000
    58 0.000002 0.000010 0.000000 -3.141593 0.000000 0.000000
    59 0.000000 0.000000 0.000000 -3.141593 0.000000 0.000000
    60 -0.000001 -0.000004 0.000000 -3.141593 0.000000 0.000000
    61 0.000000 -0.000004 0.000000 -3.141593 0.000000 0.000000
    62 0.000001 -0.000002 0.000000 -3.141593 0.000000 0.000001
    63 0.000001 -0.000002 0.000000 3.141592 0.000000 -0.000001
    64 0.000000 0.000000 0.000000 -3.141593 0.000000 0.000000
    65 0.000000 0.000000 0.000000 -1.570797 -0.000001 0.000000
    66 0.000000 0.000000 0.000000 0.000000 0.000000 0.000000
    67 1.200001 0.000000 0.000000 0.000000 0.000000 0.000000
    68 0.000000 0.300000 0.000000 0.000000 0.000000 0.174533
    69 0.000000 0.000000 -0.000001 0.000000 0.000000 0.000000
    70 0.000000 0.000000 -0.000001 -3.141593 0.000000 0.000000
    71 0.000000 0.000000 0.000000 0.000001 0.000000 0.349065
    72 -0.000004 0.000003 0.000000 0.000000 0.000000 0.000000
    73 0.000009 -0.000006 0.000000 0.000000 0.000000 -0.000001
    74 0.000000 -0.000002 -0.000001 0.000000 -0.000001 -0.000001
    75 0.000000 0.000000 0.000000 0.000000 0.000000 0.000000
    76 0.000000 0.000000 0.000000 0.000000 0.000000 0.000001
    77 0.000000 0.000002 0.000000 0.000000 0.000000 0.000000
    78 -0.000007 -0.000013 0.000000 0.000000 0.000000 0.000001
    79 0.000000 0.000000 0.000000 0.000000 0.000000 0.000000
    80 0.000000 0.000000 0.000000 0.000000 0.000000 0.000000
    81 0.000000 0.000000 0.000000 0.000000 0.000000 0.000000
    82 0.000000 0.000000 0.000000 0.000000 0.000000 0.000000
    83 0.000000 0.000000 0.000004 -1.570797 0.000001 0.000000
  time 11
    0 -5.275417 -15.204148 -6.297808 -1.575131 0.001724 -1.571343
    1 9.243773 6.139962 1.326173 -0.000001 0.000001 -1.570796
    2 3.442229 -1.240687 -0.005672 -0.000002 -0.000003 0.000000
    3 17.667921 -1.384574 1.233112 0.000000 -0.000003 -3.141592
    4 13.081079 -1.084008 0.792839 1.570797 -0.879478 -3.141593
    5 0.758741 0.000010 -0.000001 -1.570796 0.000000 -1.124720
    6 12.977262 -1.858502 0.676013 0.518314 -0.428322 -2.516407
    7 0.562688 -0.000006 -0.000004 -0.013014 -0.008068 -0.959463
    8 -3.709241 -24.424288 -8.083450 -3.138054 -1.059304 -0.003137
    9 2.341381 0.000021 0.000003 1.570738 1.242323 -0.000046
    10 1.113214 -20.504502 -10.442784 3.059986 0.013093 -1.681336
    11 1.473635 0.639422 -1.295233 1.873507 0.766140 0.332871
    12 1.832607 -0.000004 0.000007 3.131157 0.007152 0.847622
    13 1.003331 0.000000 0.000000 -3.095899 0.121084 0.034207
    14 3.823887 -0.419591 -1.411516 0.069795 0.155286 0.207665
    15 2.187963 0.000000 0.000000 -0.165860 -0.079982 1.419145
    16 1.100958 -0.000014 0.000000 0.087789 -0.052676 -0.184191
    17 3.987879 -0.577435 -0.474708 0.200599 0.169222 0.195927
    18 1.890100 -0.000008 0.000000 -0.153902 -0.042688 1.467060
    19 1.310926 0.000015 0.000000 -0.029730 0.074269 -0.259831
    20 4.117973 -0.654501 0.453699 0.085604 0.094078 0.260901
    21 1.655293 0.000002 0.000000 -0.029296 -0.049149 1.283708
    22 0.869586 0.000011 0.000000 0.062963 -0.019305 0.011264
    23 4.150639 -0.581580 1.354867 -0.178487 0.129533 0.002321
    24 1.157248 -0.000013 -0.000002 0.194855 -0.267812 1.185099
    25 1.019835 0.000002 0.000002 -1.675130 0.086219 0.371305
    26 3.429456 -5.007721 -5.116617 -1.564743 1.184010 -1.475184
    27 12.695436 0.000001 0.000018 -0.267630 0.293085 -1.736367
    28 -5.871371 -10.384963 -9.817764 3.066500 0.009049 -1.559675
    29 1.474217 -0.497913 -1.376119 1.283294 0.486350 -0.349537
    30 1.832175 -0.000001 0.000001 -2.584557 -0.154226 0.716821
    31 1.042012 0.000000 -0.000006 -2.947027 -0.173385 -0.033771
    32 3.823319 0.664870 -1.331676 0.113609 0.291967 -0.310053
    33 2.152367 0.000010 0.000000 0.048427 -0.257689 -0.122177
    34 1.056626 -0.000010 0.000000 0.273385 -0.069605 -0.538064
    35 3.985126 0.881823 -0.368987 0.187084 0.205031 -0.528366
    36 1.830173 0.000000 0.000000 0.309987 -0.029019 -1.518072
    37 1.561352 0.000013 0.000000 0.027387 0.000717 -1.353498
    38 4.116548 0.711289 0.551868 0.372897 0.175497 -0.950866
    39 1.752729 -0.000006 0.000000 0.065661 0.077343 -1.199501
    40 0.869356 0.000002 0.000000 0.010552 -0.055951 -0.881565
    41 4.118825 0.331244 1.419828 0.091710 0.246073 -1.081329
    42 1.176325 -0.000002 0.000000 0.019561 0.360394 -0.780529
    43 0.970213 0.000000 0.000000 1.685136 0.078242 -1.123240
    44 -9.258431 -0.998731 -5.116617 -3.511966 1.482870 -2.826367
    45 12.706341 0.000001 0.000000 -0.407870 0.230831 -2.270728
    46 11.809021 -1.206475 0.191726 -0.000002 -0.000003 0.000000
    47 0.598399 -0.643255 -0.162013 0.000000 -1.570796 -0.835635
    48 0.000010 0.000000 0.000011 0.000000 0.000000 0.000000
    49 1.200000 0.000000 0.000000 0.000000 0.000000 0.000000
    50 0.000010 -0.300000 0.000000 -3.141593 0.000000 -0.174533
    51 0.000000 -0.000001 0.000003 0.000001 -0.000001 0.000000
    52 0.000002 0.000000 -0.000002 -3.141593 0.000001 0.000000
    53 0.000002 0.000000 0.000002 0.000000 0.000000 0.349066
    54 0.000000 0.000000 0.000000 -3.141593 0.000000 0.000000
    55 0.000002 -0.000002 0.000000 -3.141593 0.000000 -0.000001
    56 0.000007 0.000004 0.000000 -3.141593 0.000000 -0.000001
    57 0.000001 -0.000004 0.000000 -3.141593 0.000000 0.000000
    58 0.000002 0.000010 0.000000 -3.141593 0.000000 0.000000
    59 0.000000 0.000000 0.000000 -3.141593 0.000000 0.000000
    60 -0.000001 -0.000004 0.000000 -3.141593 0.000000 0.000000
    61 0.000000 -0.000004 0.000000 -3.141593 0.000000 0.000000
    62 0.000001 -0.000002 0.000000 -3.141593 0.000000 0.000001
    63 0.000001 -0.000002 0.000000 3.141592 0.000000 -0.000001
    64 0.000000 0.000000 0.000000 -3.141593 0.000000 0.000000
    65 0.000000 0.000000 0.000000 -1.570797 -0.000001 0.000000
    66 0.000000 0.000000 0.000000 0.000000 0.000000 0.000000
    67 1.200001 0.000000 0.000000 0.000000 0.000000 0.000000
    68 0.000000 0.300000 0.000000 0.000000 0.000000 0.174533
    69 0.000000 0.000000 -0.000001 0.000000 0.000000 0.000000
    70 0.000000 0.000000 -0.000001 -3.141593 0.000000 0.000000
    71 0.000000 0.000000 0.000000 0.000001 0.000000 0.349065
    72 -0.000004 0.000003 0.000000 0.000000 0.000000 0.000000
    73 0.000009 -0.000006 0.000000 0.000000 0.000000 -0.000001
    74 0.000000 -0.000002 -0.000001 0.000000 -0.000001 -0.000001
    75 0.000000 0.000000 0.000000 0.000000 0.000000 0.000000
    76 0.000000 0.000000 0.000000 0.000000 0.000000 0.000001
    77 0.000000 0.000002 0.000000 0.000000 0.000000 0.000000
    78 -0.000007 -0.000013 0.000000 0.000000 0.000000 0.000001
    79 0.000000 0.000000 0.000000 0.000000 0.000000 0.000000
    80 0.000000 0.000000 0.000000 0.000000 0.000000 0.000000
    81 0.000000 0.000000 0.000000 0.000000 0.000000 0.000000
    82 0.000000 0.000000 0.000000 0.000000 0.000000 0.000000
    83 0.000000 0.000000 0.000004 -1.570797 0.000001 0.000000
  time 12
    0 -5.291042 -15.204148 -6.282182 -1.570796 0.000000 -1.571343
    1 9.243773 6.139962 1.326173 -0.000001 0.000001 -1.570796
    2 3.442229 -1.240687 -0.005672 -0.000002 -0.000003 0.000000
    3 17.667921 -1.384574 1.233112 0.000000 -0.000003 -3.141592
    4 13.081079 -1.084008 0.792839 1.570797 -0.879478 -3.141593
    5 0.758741 0.000010 -0.000001 -1.570796 0.000000 -1.124720
    6 12.977262 -1.858502 0.676013 0.518314 -0.428322 -2.516407
    7 0.562688 -0.000006 -0.000004 -0.013014 -0.008068 -0.959463
    8 -3.724866 -24.428194 -8.036573 -3.141592 -1.063636 -0.000219
    9 2.341381 0.000021 0.000003 1.570738 1.242323 -0.000046
    10 1.109308 -20.508408 -10.395908 3.064408 0.011835 -1.681336
    11 1.473635 0.639422 -1.295233 1.873507 0.766140 0.332871
    12 1.832607 -0.000004 0.000007 3.131157 0.007152 0.847622
    13 1.003331 0.000000 0.000000 -3.095899 0.121084 0.034207
    14 3.823887 -0.419591 -1.411516 0.069795 0.155286 0.207665
    15 2.187963 0.000000 0.000000 -0.165860 -0.079982 1.419145
    16 1.100958 -0.000014 0.000000 0.087789 -0.052676 -0.184191
    17 3.987879 -0.577435 -0.474708 0.200599 0.169222 0.195927
    18 1.890100 -0.000008 0.000000 -0.153902 -0.042688 1.467060
    19 1.310926 0.000015 0.000000 -0.029730 0.074269 -0.259831
    20 4.117973 -0.654501 0.453699 0.085604 0.094078 0.260901
    21 1.655293 0.000002 0.000000 -0.029296 -0.049149 1.283708
    22 0.869586 0.000011 0.000000 0.062963 -0.019305 0.011264
    23 4.150639 -0.581580 1.354867 -0.178487 0.129533 0.002321
    24 1.157248 -0.000013 -0.000002 0.194855 -0.267812 1.185099
    25 1.019835 0.000002 0.000002 -1.675130 0.086219 0.371305
    26 3.429456 -5.007721 -5.116617 -1.564192 1.181161 -1.475001
    27 12.695436 0.000001 0.000018 -0.267931 0.293050 -1.737103
    28 -5.879184 -10.392776 -9.813858 3.070817 0.007286 -1.559548
    29 1.474217 -0.497913 -1.376119 1.283294 0.486350 -0.349537
    30 1.832175 -0.000001 0.000001 -2.584557 -0.154226 0.716821
    31 1.042012 0.000000 -0.000006 -2.947027 -0.173385 -0.033771
    32 3.823319 0.664870 -1.331676 0.113609 0.291967 -0.310053
    33 2.152367 0.000010 0.000000 0.048427 -0.257689 -0.122177
    34 1.056626 -0.000010 0.000000 0.273385 -0.069605 -0.538064
    35 3.985126 0.881823 -0.368987 0.187084 0.205031 -0.528366
    36 1.830173 0.000000 0.000000 0.309987 -0.029019 -1.518072
    37 1.561352 0.000013 0.000000 0.027387 0.000717 -1.353498
    38 4.116548 0.711289 0.551868 0.372897 0.175497 -0.950866
    39 1.752729 -0.000006 0.000000 0.065661 0.077343 -1.199501
    40 0.869356 0.000002 0.000000 0.010552 -0.055951 -0.881565
    41 4.118825 0.331244 1.419828 0.091710 0.246073 -1.081329
    42 1.176325 -0.000002 0.000000 0.019561 0.360394 -0.780529
    43 0.970213 0.000000 0.000000 1.685136 0.078242 -1.123257
    44 -9.258431 -0.998731 -5.116617 -3.505837 1.484408 -2.821946
    45 12.706341 0.000001 0.000000 -0.407821 0.230831 -2.270576
    46 11.809021 -1.206475 0.191726 -0.000002 -0.000003 0.000000
    47 0.598399 -0.643255 -0.162013 0.000000 -1.570796 -0.835635
    48 0.000010 0.000000 0.000011 0.000000 0.000000 0.000000
    49 1.200000 0.000000 0.000000 0.000000 0.000000 0.000000
    50 0.000010 -0.300000 0.000000 -3.141593 0.000000 -0.174533
    51 0.000000 -0.000001 0.000003 0.000001 -0.000001 0.000000
    52 0.000002 0.000000 -0.000002 -3.141593 0.000001 0.000000
    53 0.000002 0.000000 0.000002 0.000000 0.000000 0.349066
    54 0.000000 0.000000 0.000000 -3.141593 0.000000 0.000000
    55 0.000002 -0.000002 0.000000 -3.141593 0.000000 -0.000001
    56 0.000007 0.000004 0.000000 -3.141593 0.000000 -0.000001
    57 0.000001 -0.000004 0.000000 -3.141593 0.000000 0.000000
    58 0.000002 0.000010 0.000000 -3.141593 0.000000 0.000000
    59 0.000000 0.000000 0.000000 -3.141593 0.000000 0.000000
    60 -0.000001 -0.000004 0.000000 -3.141593 0.000000 0.000000
    61 0.000000 -0.000004 0.000000 -3.141593 0.000000 0.000000
    62 0.000001 -0.000002 0.000000 -3.141593 0.000000 0.000001
    63 0.000001 -0.000002 0.000000 3.141592 0.000000 -0.000001
    64 0.000000 0.000000 0.000000 -3.141593 0.000000 0.000000
    65 0.000000 0.000000 0.000000 -1.570797 -0.000001 0.000000
    66 0.000000 0.000000 0.000000 0.000000 0.000000 0.000000
    67 1.200001 0.000000 0.000000 0.000000 0.000000 0.000000
    68 0.000000 0.300000 0.000000 0.000000 0.000000 0.174533
    69 0.000000 0.000000 -0.000001 0.000000 0.000000 0.000000
    70 0.000000 0.000000 -0.000001 -3.141593 0.000000 0.000000
    71 0.000000 0.000000 0.000000 0.000001 0.000000 0.349065
    72 -0.000004 0.000003 0.000000 0.000000 0.000000 0.000000
    73 0.000009 -0.000006 0.000000 0.000000 0.000000 -0.000001
    74 0.000000 -0.000002 -0.000001 0.000000 -0.000001 -0.000001
    75 0.000000 0.000000 0.000000 0.000000 0.000000 0.000000
    76 0.000000 0.000000 0.000000 0.000000 0.000000 0.000001
    77 0.000000 0.000002 0.000000 0.000000 0.000000 0.000000
    78 -0.000007 -0.000013 0.000000 0.000000 0.000000 0.000001
    79 0.000000 0.000000 0.000000 0.000000 0.000000 0.000000
    80 0.000000 0.000000 0.000000 0.000000 0.000000 0.000000
    81 0.000000 0.000000 0.000000 0.000000 0.000000 0.000000
    82 0.000000 0.000000 0.000000 0.000000 0.000000 0.000000
    83 0.000000 0.000000 0.000004 -1.570797 0.000001 0.000000
  time 13
    0 -5.337919 -15.204148 -6.297808 -1.566461 -0.001724 -1.571343
    1 9.243773 6.139962 1.326173 -0.000001 0.000001 -1.570796
    2 3.442229 -1.240687 -0.005672 -0.000002 -0.000003 0.000000
    3 17.667921 -1.384574 1.233112 0.000000 -0.000003 -3.141592
    4 13.081079 -1.084008 0.792839 1.570797 -0.879478 -3.141593
    5 0.758741 0.000010 -0.000001 -1.570796 0.000000 -1.124720
    6 12.977262 -1.858502 0.676013 0.518314 -0.428322 -2.516407
    7 0.562688 -0.000006 -0.000004 -0.013014 -0.008068 -0.959463
    8 -3.740492 -24.432100 -8.036573 -3.145226 -1.067968 0.002887
    9 2.341381 0.000021 0.000003 1.570738 1.242323 -0.000046
    10 1.101495 -20.508408 -10.372470 3.068877 0.010560 -1.681336
    11 1.473635 0.639422 -1.295233 1.873507 0.766140 0.332871
    12 1.832607 -0.000004 0.000007 3.131157 0.007152 0.847622
    13 1.003331 0.000000 0.000000 -3.095899 0.121084 0.034207
    14 3.823887 -0.419591 -1.411516 0.069795 0.155286 0.207665
    15 2.187963 0.000000 0.000000 -0.165860 -0.079982 1.419145
    16 1.100958 -0.000014 0.000000 0.087789 -0.052676 -0.184191
    17 3.987879 -0.577435 -0.474708 0.200599 0.169210 0.195927
    18 1.890100 -0.000008 0.000000 -0.153902 -0.042688 1.467060
    19 1.310926 0.000015 0.000000 -0.029730 0.074269 -0.259831
    20 4.117973 -0.654501 0.453699 0.085604 0.094078 0.260901
    21 1.655293 0.000002 0.000000 -0.029296 -0.049149 1.283708
    22 0.869586 0.000011 0.000000 0.062963 -0.019305 0.011264
    23 4.150639 -0.581580 1.354867 -0.178487 0.129533 0.002321
    24 1.157248 -0.000013 -0.000002 0.194855 -0.267812 1.185099
    25 1.019835 0.000002 0.000002 -1.675130 0.086219 0.371305
    26 3.429456 -5.007721 -5.116617 -1.563733 1.179564 -1.475001
    27 12.695436 0.000001 0.000018 -0.267888 0.293050 -1.737103
    28 -5.886996 -10.396682 -9.841203 3.075134 0.005488 -1.559548
    29 1.474217 -0.497913 -1.376119 1.283294 0.486350 -0.349537
    30 1.832175 -0.000001 0.000001 -2.584557 -0.154226 0.716821
    31 1.042012 0.000000 -0.000006 -2.947027 -0.173385 -0.033771
    32 3.823319 0.664870 -1.331676 0.113609 0.291967 -0.310053
    33 2.152367 0.000010 0.000000 0.048427 -0.257689 -0.122177
    34 1.056626 -0.000010 0.000000 0.273385 -0.069605 -0.538064
    35 3.985126 0.881823 -0.368987 0.187084 0.205031 -0.528366
    36 1.830173 0.000000 0.000000 0.309987 -0.029019 -1.518072
    37 1.561352 0.000013 0.000000 0.027387 0.000717 -1.353498
    38 4.116548 0.711289 0.551868 0.372897 0.175497 -0.950866
    39 1.752729 -0.000006 0.000000 0.065661 0.077343 -1.199501
    40 0.869356 0.000002 0.000000 0.010552 -0.055951 -0.881565
    41 4.118825 0.331244 1.419828 0.091710 0.246073 -1.081329
    42 1.176325 -0.000002 0.000000 0.019561 0.360394 -0.780529
    43 0.970213 0.000000 0.000000 1.685136 0.078242 -1.123257
    44 -9.258431 -0.998731 -5.116617 -3.522404 1.484001 -2.839189
    45 12.706341 0.000001 0.000000 -0.407559 0.230974 -2.269356
    46 11.809021 -1.206475 0.191726 -0.000002 -0.000003 0.000000
    47 0.598399 -0.643255 -0.162013 0.000000 -1.570796 -0.835635
    48 0.000010 0.000000 0.000011 0.000000 0.000000 0.000000
    49 1.200000 0.000000 0.000000 0.000000 0.000000 0.000000
    50 0.000010 -0.300000 0.000000 -3.141593 0.000000 -0.174533
    51 0.000000 -0.000001 0.000003 0.000001 -0.000001 0.000000
    52 0.000002 0.000000 -0.000002 -3.141593 0.000001 0.000000
    53 0.000002 0.000000 0.000002 0.000000 0.000000 0.349066
    54 0.000000 0.000000 0.000000 -3.141593 0.000000 0.000000
    55 0.000002 -0.000002 0.000000 -3.141593 0.000000 -0.000001
    56 0.000007 0.000004 0.000000 -3.141593 0.000000 -0.000001
    57 0.000001 -0.000004 0.000000 -3.141593 0.000000 0.000000
    58 0.000002 0.000010 0.000000 -3.141593 0.000000 0.000000
    59 0.000000 0.000000 0.000000 -3.141593 0.000000 0.000000
    60 -0.000001 -0.000004 0.000000 -3.141593 0.000000 0.000000
    61 0.000000 -0.000004 0.000000 -3.141593 0.000000 0.000000
    62 0.000001 -0.000002 0.000000 -3.141593 0.000000 0.000001
    63 0.000001 -0.000002 0.000000 3.141592 0.000000 -0.000001
    64 0.000000 0.000000 0.000000 -3.141593 0.000000 0.000000
    65 0.000000 0.000000 0.000000 -1.570797 -0.000001 0.000000
    66 0.000000 0.000000 0.000000 0.000000 0.000000 0.000000
    67 1.200001 0.000000 0.000000 0.000000 0.000000 0.000000
    68 0.000000 0.300000 0.000000 0.000000 0.000000 0.174533
    69 0.000000 0.000000 -0.000001 0.000000 0.000000 0.000000
    70 0.000000 0.000000 -0.000001 -3.141593 0.000000 0.000000
    71 0.000000 0.000000 0.000000 0.000001 0.000000 0.349065
    72 -0.000004 0.000003 0.000000 0.000000 0.000000 0.000000
    73 0.000009 -0.000006 0.000000 0.000000 0.000000 -0.000001
    74 0.000000 -0.000002 -0.000001 0.000000 -0.000001 -0.000001
    75 0.000000 0.000000 0.000000 0.000000 0.000000 0.000000
    76 0.000000 0.000000 0.000000 0.000000 0.000000 0.000001
    77 0.000000 0.000002 0.000000 0.000000 0.000000 0.000000
    78 -0.000007 -0.000013 0.000000 0.000000 0.000000 0.000001
    79 0.000000 0.000000 0.000000 0.000000 0.000000 0.000000
    80 0.000000 0.000000 0.000000 0.000000 0.000000 0.000000
    81 0.000000 0.000000 0.000000 0.000000 0.000000 0.000000
    82 0.000000 0.000000 0.000000 0.000000 0.000000 0.000000
    83 0.000000 0.000000 0.000004 -1.570797 0.000001 0.000000
  time 14
    0 -5.369170 -15.204148 -6.340778 -1.562016 -0.003571 -1.571407
    1 9.243773 6.139962 1.326173 -0.000001 0.000001 -1.570796
    2 3.442229 -1.240687 -0.005672 -0.000002 -0.000003 0.000000
    3 17.667921 -1.384574 1.233112 0.000000 -0.000003 -3.141592
    4 13.081079 -1.084008 0.792839 1.570797 -0.879478 -3.141593
    5 0.758741 0.000010 -0.000001 -1.570796 0.000000 -1.124720
    6 12.977262 -1.858502 0.676013 0.518314 -0.428322 -2.516407
    7 0.562688 -0.000006 -0.000004 -0.013014 -0.008068 -0.959463
    8 -3.760023 -24.432100 -8.052199 -3.149051 -1.072394 0.006464
    9 2.341381 0.000021 0.000003 1.570738 1.242323 -0.000046
    10 1.097589 -20.524034 -10.376376 3.073485 0.009216 -1.681217
    11 1.473635 0.639422 -1.295233 1.873507 0.766140 0.332871
    12 1.832607 -0.000004 0.000007 3.131157 0.007152 0.847622
    13 1.003331 0.000000 0.000000 -3.095899 0.121084 0.034207
    14 3.823887 -0.419591 -1.411516 0.069795 0.155286 0.207665
    15 2.187963 0.000000 0.000000 -0.165860 -0.079982 1.419145
    16 1.100958 -0.000014 0.000000 0.087789 -0.052676 -0.184191
    17 3.987879 -0.577435 -0.474708 0.200599 0.169210 0.195927
    18 1.890100 -0.000008 0.000000 -0.153902 -0.042688 1.467060
    19 1.310926 0.000015 0.000000 -0.029730 0.074269 -0.259831
    20 4.117973 -0.654501 0.453699 0.085604 0.094078 0.260901
    21 1.655293 0.000002 0.000000 -0.029296 -0.049149 1.283708
    22 0.869586 0.000011 0.000000 0.062963 -0.019305 0.011264
    23 4.150639 -0.581580 1.354867 -0.178487 0.129533 0.002321
    24 1.157248 -0.000013 -0.000002 0.194855 -0.267812 1.185099
    25 1.019835 0.000002 0.000002 -1.675130 0.086219 0.371305
    26 3.429456 -5.007721 -5.116617 -1.563182 1.179219 -1.475001
    27 12.695436 0.000001 0.000018 -0.267630 0.293085 -1.736300
    28 -5.894809 -10.404495 -9.895892 3.079525 0.003637 -1.559548
    29 1.474217 -0.497913 -1.376119 1.283294 0.486350 -0.349537
    30 1.832175 -0.000001 0.000001 -2.584557 -0.154226 0.716821
    31 1.042012 0.000000 -0.000006 -2.947027 -0.173385 -0.033771
    32 3.823319 0.664870 -1.331676 0.113609 0.291967 -0.310053
    33 2.152367 0.000010 0.000000 0.048427 -0.257689 -0.122177
    34 1.056626 -0.000010 0.000000 0.273385 -0.069605 -0.538064
    35 3.985126 0.881823 -0.368987 0.187084 0.205031 -0.528366
    36 1.830173 0.000000 0.000000 0.309987 -0.029019 -1.518072
    37 1.561352 0.000013 0.000000 0.027387 0.000717 -1.353498
    38 4.116548 0.711289 0.551868 0.372897 0.175497 -0.950866
    39 1.752729 -0.000006 0.000000 0.065661 0.077343 -1.199501
    40 0.869356 0.000002 0.000000 0.010552 -0.055951 -0.881565
    41 4.118825 0.331244 1.419828 0.091710 0.246073 -1.081329
    42 1.176325 -0.000002 0.000000 0.019561 0.360394 -0.780529
    43 0.970213 0.000000 0.000000 1.685136 0.078242 -1.123240
    44 -9.258431 -0.998731 -5.116617 -3.556304 1.481920 -2.873056
    45 12.706341 0.000001 0.000000 -0.407035 0.231526 -2.267068
    46 11.809021 -1.206475 0.191726 -0.000002 -0.000003 0.000000
    47 0.598399 -0.643255 -0.162013 0.000000 -1.570796 -0.835635
    48 0.000010 0.000000 0.000011 0.000000 0.000000 0.000000
    49 1.200000 0.000000 0.000000 0.000000 0.000000 0.000000
    50 0.000010 -0.300000 0.000000 -3.141593 0.000000 -0.174533
    51 0.000000 -0.000001 0.000003 0.000001 -0.000001 0.000000
    52 0.000002 0.000000 -0.000002 -3.141593 0.000001 0.000000
    53 0.000002 0.000000 0.000002 0.000000 0.000000 0.349066
    54 0.000000 0.000000 0.000000 -3.141593 0.000000 0.000000
    55 0.000002 -0.000002 0.000000 -3.141593 0.000000 -0.000001
    56 0.000007 0.000004 0.000000 -3.141593 0.000000 -0.000001
    57 0.000001 -0.000004 0.000000 -3.141593 0.000000 0.000000
    58 0.000002 0.000010 0.000000 -3.141593 0.000000 0.000000
    59 0.000000 0.000000 0.000000 -3.141593 0.000000 0.000000
    60 -0.000001 -0.000004 0.000000 -3.141593 0.000000 0.000000
    61 0.000000 -0.000004 0.000000 -3.141593 0.000000 0.000000
    62 0.000001 -0.000002 0.000000 -3.141593 0.000000 0.000001
    63 0.000001 -0.000002 0.000000 3.141592 0.000000 -0.000001
    64 0.000000 0.000000 0.000000 -3.141593 0.000000 0.000000
    65 0.000000 0.000000 0.000000 -1.570797 -0.000001 0.000000
    66 0.000000 0.000000 0.000000 0.000000 0.000000 0.000000
    67 1.200001 0.000000 0.000000 0.000000 0.000000 0.000000
    68 0.000000 0.300000 0.000000 0.000000 0.000000 0.174533
    69 0.000000 0.000000 -0.000001 0.000000 0.000000 0.000000
    70 0.000000 0.000000 -0.000001 -3.141593 0.000000 0.000000
    71 0.000000 0.000000 0.000000 0.000001 0.000000 0.349065
    72 -0.000004 0.000003 0.000000 0.000000 0.000000 0.000000
    73 0.000009 -0.000006 0.000000 0.000000 0.000000 -0.000001
    74 0.000000 -0.000002 -0.000001 0.000000 -0.000001 -0.000001
    75 0.000000 0.000000 0.000000 0.000000 0.000000 0.000000
    76 0.000000 0.000000 0.000000 0.000000 0.000000 0.000001
    77 0.000000 0.000002 0.000000 0.000000 0.000000 0.000000
    78 -0.000007 -0.000013 0.000000 0.000000 0.000000 0.000001
    79 0.000000 0.000000 0.000000 0.000000 0.000000 0.000000
    80 0.000000 0.000000 0.000000 0.000000 0.000000 0.000000
    81 0.000000 0.000000 0.000000 0.000000 0.000000 0.000000
    82 0.000000 0.000000 0.000000 0.000000 0.000000 0.000000
    83 0.000000 0.000000 0.000004 -1.570797 0.000001 0.000000
  time 15
    0 -5.400421 -15.204148 -6.383748 -1.560358 -0.004257 -1.571407
    1 9.243773 6.139962 1.326173 -0.000001 0.000001 -1.570796
    2 3.442229 -1.240687 -0.005672 -0.000002 -0.000003 0.000000
    3 17.667921 -1.384574 1.233112 0.000000 -0.000003 -3.141592
    4 13.081079 -1.084008 0.792839 1.570797 -0.879478 -3.141593
    5 0.758741 0.000010 -0.000001 -1.570796 0.000000 -1.124720
    6 12.977262 -1.858502 0.676013 0.518314 -0.428322 -2.516407
    7 0.562688 -0.000006 -0.000004 -0.013014 -0.008068 -0.959463
    8 -3.775649 -24.436007 -8.083450 -3.150294 -1.074058 0.007782
    9 2.341381 0.000021 0.000003 1.570738 1.242323 -0.000046
    10 1.085870 -20.527940 -10.403721 3.075207 0.008751 -1.681217
    11 1.473635 0.639422 -1.295233 1.873507 0.766140 0.332871
    12 1.832607 -0.000004 0.000007 3.131157 0.007152 0.847622
    13 1.003331 0.000000 0.000000 -3.095899 0.121084 0.034207
    14 3.823887 -0.419591 -1.411516 0.069795 0.155286 0.207665
    15 2.187963 0.000000 0.000000 -0.165860 -0.079982 1.419145
    16 1.100958 -0.000014 0.000000 0.087789 -0.052676 -0.184191
    17 3.987879 -0.577435 -0.474708 0.200599 0.169222 0.195927
    18 1.890100 -0.000008 0.000000 -0.153902 -0.042688 1.467060
    19 1.310926 0.000015 0.000000 -0.029730 0.074269 -0.259831
    20 4.117973 -0.654501 0.453699 0.085604 0.094078 0.260901
    21 1.655293 0.000002 0.000000 -0.029296 -0.049149 1.283708
    22 0.869586 0.000011 0.000000 0.062963 -0.019305 0.011264
    23 4.150639 -0.581580 1.354867 -0.178487 0.129533 0.002321
    24 1.157248 -0.000013 -0.000002 0.194855 -0.267812 1.185099
    25 1.019835 0.000002 0.000002 -1.675130 0.086219 0.371305
    26 3.429456 -5.007721 -5.116617 -1.561621 1.179823 -1.474727
    27 12.695436 0.000001 0.000018 -0.267186 0.293145 -1.734896
    28 -5.910434 -10.404495 -9.942768 3.081222 0.002932 -1.559548
    29 1.474217 -0.497913 -1.376119 1.283294 0.486350 -0.349537
    30 1.832175 -0.000001 0.000001 -2.584557 -0.154226 0.716821
    31 1.042012 0.000000 -0.000006 -2.947027 -0.173385 -0.033771
    32 3.823319 0.664870 -1.331676 0.113609 0.291967 -0.310053
    33 2.152367 0.000010 0.000000 0.048427 -0.257689 -0.122177
    34 1.056626 -0.000010 0.000000 0.273385 -0.069605 -0.538064
    35 3.985126 0.881823 -0.368987 0.187084 0.205031 -0.528366
    36 1.830173 0.000000 0.000000 0.309987 -0.029019 -1.518072
    37 1.561352 0.000013 0.000000 0.027387 0.000717 -1.353498
    38 4.116548 0.711289 0.551868 0.372897 0.175497 -0.950866
    39 1.752729 -0.000006 0.000000 0.065661 0.077343 -1.199501
    40 0.869356 0.000002 0.000000 0.010552 -0.055951 -0.881565
    41 4.118825 0.331244 1.419828 0.091710 0.246073 -1.081329
    42 1.176325 -0.000002 0.000000 0.019561 0.360394 -0.780529
    43 0.970213 0.000000 0.000000 1.685136 0.078242 -1.123257
    44 -9.258431 -0.998731 -5.116617 -3.588480 1.480608 -2.905950
    45 12.706341 0.000001 0.000000 -0.406691 0.231681 -2.265543
    46 11.809021 -1.206475 0.191726 -0.000002 -0.000003 0.000000
    47 0.598399 -0.643255 -0.162013 0.000000 -1.570796 -0.835635
    48 0.000010 0.000000 0.000011 0.000000 0.000000 0.000000
    49 1.200000 0.000000 0.000000 0.000000 0.000000 0.000000
    50 0.000010 -0.300000 0.000000 -3.141593 0.000000 -0.174533
    51 0.000000 -0.000001 0.000003 0.000001 -0.000001 0.000000
    52 0.000002 0.000000 -0.000002 -3.141593 0.000001 0.000000
    53 0.000002 0.000000 0.000002 0.000000 0.000000 0.349066
    54 0.000000 0.000000 0.000000 -3.141593 0.000000 0.000000
    55 0.000002 -0.000002 0.000000 -3.141593 0.000000 -0.000001
    56 0.000007 0.000004 0.000000 -3.141593 0.000000 -0.000001
    57 0.000001 -0.000004 0.000000 -3.141593 0.000000 0.000000
    58 0.000002 0.000010 0.000000 -3.141593 0.000000 0.000000
    59 0.000000 0.000000 0.000000 -3.141593 0.000000 0.000000
    60 -0.000001 -0.000004 0.000000 -3.141593 0.000000 0.000000
    61 0.000000 -0.000004 0.000000 -3.141593 0.000000 0.000000
    62 0.000001 -0.000002 0.000000 -3.141593 0.000000 0.000001
    63 0.000001 -0.000002 0.000000 3.141592 0.000000 -0.000001
    64 0.000000 0.000000 0.000000 -3.141593 0.000000 0.000000
    65 0.000000 0.000000 0.000000 -1.570797 -0.000001 0.000000
    66 0.000000 0.000000 0.000000 0.000000 0.000000 0.000000
    67 1.200001 0.000000 0.000000 0.000000 0.000000 0.000000
    68 0.000000 0.300000 0.000000 0.000000 0.000000 0.174533
    69 0.000000 0.000000 -0.000001 0.000000 0.000000 0.000000
    70 0.000000 0.000000 -0.000001 -3.141593 0.000000 0.000000
    71 0.000000 0.000000 0.000000 0.000001 0.000000 0.349065
    72 -0.000004 0.000003 0.000000 0.000000 0.000000 0.000000
    73 0.000009 -0.000006 0.000000 0.000000 0.000000 -0.000001
    74 0.000000 -0.000002 -0.000001 0.000000 -0.000001 -0.000001
    75 0.000000 0.000000 0.000000 0.000000 0.000000 0.000000
    76 0.000000 0.000000 0.000000 0.000000 0.000000 0.000001
    77 0.000000 0.000002 0.000000 0.000000 0.000000 0.000000
    78 -0.000007 -0.000013 0.000000 0.000000 0.000000 0.000001
    79 0.000000 0.000000 0.000000 0.000000 0.000000 0.000000
    80 0.000000 0.000000 0.000000 0.000000 0.000000 0.000000
    81 0.000000 0.000000 0.000000 0.000000 0.000000 0.000000
    82 0.000000 0.000000 0.000000 0.000000 0.000000 0.000000
    83 0.000000 0.000000 0.000004 -1.570797 0.000001 0.000000
  time 16
    0 -5.400421 -15.204148 -6.414999 -1.562016 -0.003624 -1.571407
    1 9.243773 6.139962 1.326173 -0.000001 0.000001 -1.570796
    2 3.442229 -1.240687 -0.005672 -0.000002 -0.000003 0.000000
    3 17.667921 -1.384574 1.233112 0.000000 -0.000003 -3.141592
    4 13.081079 -1.084008 0.792839 1.570797 -0.879478 -3.141593
    5 0.758741 0.000010 -0.000001 -1.570796 0.000000 -1.124720
    6 12.977262 -1.858502 0.676013 0.518314 -0.428322 -2.516407
    7 0.562688 -0.000006 -0.000004 -0.013014 -0.008068 -0.959463
    8 -3.795181 -24.432100 -8.134233 -3.149051 -1.072394 0.006652
    9 2.341381 0.000021 0.000003 1.570738 1.242323 -0.000046
    10 1.062432 -20.527940 -10.458410 3.073485 0.009147 -1.681217
    11 1.473635 0.639422 -1.295233 1.873507 0.766140 0.332871
    12 1.832607 -0.000004 0.000007 3.131157 0.007152 0.847622
    13 1.003331 0.000000 0.000000 -3.095899 0.121084 0.034207
    14 3.823887 -0.419591 -1.411516 0.069795 0.155286 0.207665
    15 2.187963 0.000000 0.000000 -0.165860 -0.079982 1.419145
    16 1.100958 -0.000014 0.000000 0.087789 -0.052676 -0.184191
    17 3.987879 -0.577435 -0.474708 0.200599 0.169222 0.195927
    18 1.890100 -0.000008 0.000000 -0.153902 -0.042688 1.467060
    19 1.310926 0.000015 0.000000 -0.029730 0.074269 -0.259831
    20 4.117973 -0.654501 0.453699 0.085604 0.094078 0.260901
    21 1.655293 0.000002 0.000000 -0.029296 -0.049149 1.283708
    22 0.869586 0.000011 0.000000 0.062963 -0.019305 0.011264
    23 4.150639 -0.581580 1.354867 -0.178487 0.129533 0.002321
    24 1.157248 -0.000013 -0.000002 0.194855 -0.267812 1.185099
    25 1.019835 0.000002 0.000002 -1.675130 0.086219 0.371305
    26 3.429456 -5.007721 -5.116617 -1.558591 1.181852 -1.473905
    27 12.695436 0.000001 0.000018 -0.266627 0.293241 -1.732823
    28 -5.929966 -10.404495 -9.974019 3.079525 0.003549 -1.559548
    29 1.474217 -0.497913 -1.376119 1.283294 0.486350 -0.349537
    30 1.832175 -0.000001 0.000001 -2.584557 -0.154226 0.716821
    31 1.042012 0.000000 -0.000006 -2.947027 -0.173385 -0.033771
    32 3.823319 0.664870 -1.331676 0.113609 0.291967 -0.310053
    33 2.152367 0.000010 0.000000 0.048427 -0.257689 -0.122177
    34 1.056626 -0.000010 0.000000 0.273385 -0.069605 -0.538064
    35 3.985126 0.881823 -0.368987 0.187084 0.205031 -0.528366
    36 1.830173 0.000000 0.000000 0.309987 -0.029019 -1.518072
    37 1.561352 0.000013 0.000000 0.027387 0.000717 -1.353498
    38 4.116548 0.711289 0.551868 0.372897 0.175497 -0.950866
    39 1.752729 -0.000006 0.000000 0.065661 0.077343 -1.199501
    40 0.869356 0.000002 0.000000 0.010552 -0.055951 -0.881565
    41 4.118825 0.331244 1.419828 0.091710 0.246073 -1.081329
    42 1.176325 -0.000002 0.000000 0.019561 0.360394 -0.780529
    43 0.970213 0.000000 0.000000 1.685136 0.078242 -1.123257
    44 -9.258431 -0.998731 -5.116617 -3.622763 1.480065 -2.941762
    45 12.706341 0.000001 0.000000 -0.406511 0.231813 -2.264857
    46 11.809021 -1.206475 0.191726 -0.000002 -0.000003 0.000000
    47 0.598399 -0.643255 -0.162013 0.000000 -1.570796 -0.835635
    48 0.000010 0.000000 0.000011 0.000000 0.000000 0.000000
    49 1.200000 0.000000 0.000000 0.000000 0.000000 0.000000
    50 0.000010 -0.300000 0.000000 -3.141593 0.000000 -0.174533
    51 0.000000 -0.000001 0.000003 0.000001 -0.000001 0.000000
    52 0.000002 0.000000 -0.000002 -3.141593 0.000001 0.000000
    53 0.000002 0.000000 0.000002 0.000000 0.000000 0.349066
    54 0.000000 0.000000 0.000000 -3.141593 0.000000 0.000000
    55 0.000002 -0.000002 0.000000 -3.141593 0.000000 -0.000001
    56 0.000007 0.000004 0.000000 -3.141593 0.000000 -0.000001
    57 0.000001 -0.000004 0.000000 -3.141593 0.000000 0.000000
    58 0.000002 0.000010 0.000000 -3.141593 0.000000 0.000000
    59 0.000000 0.000000 0.000000 -3.141593 0.000000 0.000000
    60 -0.000001 -0.000004 0.000000 -3.141593 0.000000 0.000000
    61 0.000000 -0.000004 0.000000 -3.141593 0.000000 0.000000
    62 0.000001 -0.000002 0.000000 -3.141593 0.000000 0.000001
    63 0.000001 -0.000002 0.000000 3.141592 0.000000 -0.000001
    64 0.000000 0.000000 0.000000 -3.141593 0.000000 0.000000
    65 0.000000 0.000000 0.000000 -1.570797 -0.000001 0.000000
    66 0.000000 0.000000 0.000000 0.000000 0.000000 0.000000
    67 1.200001 0.000000 0.000000 0.000000 0.000000 0.000000
    68 0.000000 0.300000 0.000000 0.000000 0.000000 0.174533
    69 0.000000 0.000000 -0.000001 0.000000 0.000000 0.000000
    70 0.000000 0.000000 -0.000001 -3.141593 0.000000 0.000000
    71 0.000000 0.000000 0.000000 0.000001 0.000000 0.349065
    72 -0.000004 0.000003 0.000000 0.000000 0.000000 0.000000
    73 0.000009 -0.000006 0.000000 0.000000 0.000000 -0.000001
    74 0.000000 -0.000002 -0.000001 0.000000 -0.000001 -0.000001
    75 0.000000 0.000000 0.000000 0.000000 0.000000 0.000000
    76 0.000000 0.000000 0.000000 0.000000 0.000000 0.000001
    77 0.000000 0.000002 0.000000 0.000000 0.000000 0.000000
    78 -0.000007 -0.000013 0.000000 0.000000 0.000000 0.000001
    79 0.000000 0.000000 0.000000 0.000000 0.000000 0.000000
    80 0.000000 0.000000 0.000000 0.000000 0.000000 0.000000
    81 0.000000 0.000000 0.000000 0.000000 0.000000 0.000000
    82 0.000000 0.000000 0.000000 0.000000 0.000000 0.000000
    83 0.000000 0.000000 0.000004 -1.570797 0.000001 0.000000
  time 17
    0 -5.400421 -15.204148 -6.465782 -1.566461 -0.001900 -1.571343
    1 9.243773 6.139962 1.326173 -0.000001 0.000001 -1.570796
    2 3.442229 -1.240687 -0.005672 -0.000002 -0.000003 0.000000
    3 17.667921 -1.384574 1.233112 0.000000 -0.000003 -3.141592
    4 13.081079 -1.084008 0.792839 1.570797 -0.879478 -3.141593
    5 0.758741 0.000010 -0.000001 -1.570796 0.000000 -1.124720
    6 12.977262 -1.858502 0.676013 0.518314 -0.428322 -2.516407
    7 0.562688 -0.000006 -0.000004 -0.013014 -0.008068 -0.959463
    8 -3.814713 -24.432100 -8.196735 -3.145513 -1.067968 0.003358
    9 2.341381 0.000021 0.000003 1.570738 1.242323 -0.000046
    10 1.031181 -20.508408 -10.540444 3.068877 0.010422 -1.681336
    11 1.473635 0.639422 -1.295233 1.873507 0.766140 0.332871
    12 1.832607 -0.000004 0.000007 3.131157 0.007152 0.847622
    13 1.003331 0.000000 0.000000 -3.095899 0.121084 0.034207
    14 3.823887 -0.419591 -1.411516 0.069795 0.155286 0.207665
    15 2.187963 0.000000 0.000000 -0.165860 -0.079982 1.419145
    16 1.100958 -0.000014 0.000000 0.087789 -0.052676 -0.184191
    17 3.987879 -0.577435 -0.474708 0.200599 0.169222 0.195927
    18 1.890100 -0.000008 0.000000 -0.153902 -0.042688 1.467060
    19 1.310926 0.000015 0.000000 -0.029730 0.074269 -0.259851
    20 4.117973 -0.654501 0.453699 0.085604 0.094078 0.260901
    21 1.655293 0.000002 0.000000 -0.029296 -0.049149 1.283708
    22 0.869586 0.000011 0.000000 0.062963 -0.019305 0.011264
    23 4.150639 -0.581580 1.354867 -0.178487 0.129533 0.002321
    24 1.157248 -0.000013 -0.000002 0.194855 -0.267812 1.185099
    25 1.019835 0.000002 0.000002 -1.675130 0.086219 0.371305
    26 3.429456 -5.007721 -5.116617 -1.554734 1.184830 -1.472443
    27 12.695436 0.000001 0.000018 -0.265882 0.293481 -1.730148
    28 -5.961217 -10.396682 -10.013083 3.075122 0.005347 -1.559548
    29 1.474217 -0.497913 -1.376119 1.283294 0.486350 -0.349537
    30 1.832175 -0.000001 0.000001 -2.584557 -0.154226 0.716821
    31 1.042012 0.000000 -0.000006 -2.947027 -0.173385 -0.033771
    32 3.823319 0.664870 -1.331676 0.113609 0.291967 -0.310053
    33 2.152367 0.000010 0.000000 0.048427 -0.257689 -0.122177
    34 1.056626 -0.000010 0.000000 0.273385 -0.069605 -0.538064
    35 3.985126 0.881823 -0.368987 0.187084 0.205031 -0.528366
    36 1.830173 0.000000 0.000000 0.309987 -0.029019 -1.518072
    37 1.561352 0.000013 0.000000 0.027387 0.000717 -1.353498
    38 4.116548 0.711289 0.551868 0.372897 0.175497 -0.950866
    39 1.752729 -0.000006 0.000000 0.065661 0.077343 -1.199501
    40 0.869356 0.000002 0.000000 0.010552 -0.055951 -0.881565
    41 4.118825 0.331244 1.419828 0.091710 0.246073 -1.081329
    42 1.176325 -0.000002 0.000000 0.019561 0.360394 -0.780529
    43 0.970213 0.000000 0.000000 1.685136 0.078242 -1.123257
    44 -9.258431 -0.998731 -5.116617 -3.658578 1.480246 -2.980227
    45 12.706341 0.000001 0.000000 -0.406511 0.231813 -2.264857
    46 11.809021 -1.206475 0.191726 -0.000002 -0.000003 0.000000
    47 0.598399 -0.643255 -0.162013 0.000000 -1.570796 -0.835635
    48 0.000010 0.000000 0.000011 0.000000 0.000000 0.000000
    49 1.200000 0.000000 0.000000 0.000000 0.000000 0.000000
    50 0.000010 -0.300000 0.000000 -3.141593 0.000000 -0.174533
    51 0.000000 -0.000001 0.000003 0.000001 -0.000001 0.000000
    52 0.000002 0.000000 -0.000002 -3.141593 0.000001 0.000000
    53 0.000002 0.000000 0.000002 0.000000 0.000000 0.349066
    54 0.000000 0.000000 0.000000 -3.141593 0.000000 0.000000
    55 0.000002 -0.000002 0.000000 -3.141593 0.000000 -0.000001
    56 0.000007 0.000004 0.000000 -3.141593 0.000000 -0.000001
    57 0.000001 -0.000004 0.000000 -3.141593 0.000000 0.000000
    58 0.000002 0.000010 0.000000 -3.141593 0.000000 0.000000
    59 0.000000 0.000000 0.000000 -3.141593 0.000000 0.000000
    60 -0.000001 -0.000004 0.000000 -3.141593 0.000000 0.000000
    61 0.000000 -0.000004 0.000000 -3.141593 0.000000 0.000000
    62 0.000001 -0.000002 0.000000 -3.141593 0.000000 0.000001
    63 0.000001 -0.000002 0.000000 3.141592 0.000000 -0.000001
    64 0.000000 0.000000 0.000000 -3.141593 0.000000 0.000000
    65 0.000000 0.000000 0.000000 -1.570797 -0.000001 0.000000
    66 0.000000 0.000000 0.000000 0.000000 0.000000 0.000000
    67 1.200001 0.000000 0.000000 0.000000 0.000000 0.000000
    68 0.000000 0.300000 0.000000 0.000000 0.000000 0.174533
    69 0.000000 0.000000 -0.000001 0.000000 0.000000 0.000000
    70 0.000000 0.000000 -0.000001 -3.141593 0.000000 0.000000
    71 0.000000 0.000000 0.000000 0.000001 0.000000 0.349065
    72 -0.000004 0.000003 0.000000 0.000000 0.000000 0.000000
    73 0.000009 -0.000006 0.000000 0.000000 0.000000 -0.000001
    74 0.000000 -0.000002 -0.000001 0.000000 -0.000001 -0.000001
    75 0.000000 0.000000 0.000000 0.000000 0.000000 0.000000
    76 0.000000 0.000000 0.000000 0.000000 0.000000 0.000001
    77 0.000000 0.000002 0.000000 0.000000 0.000000 0.000000
    78 -0.000007 -0.000013 0.000000 0.000000 0.000000 0.000001
    79 0.000000 0.000000 0.000000 0.000000 0.000000 0.000000
    80 0.000000 0.000000 0.000000 0.000000 0.000000 0.000000
    81 0.000000 0.000000 0.000000 0.000000 0.000000 0.000000
    82 0.000000 0.000000 0.000000 0.000000 0.000000 0.000000
    83 0.000000 0.000000 0.000004 -1.570797 0.000001 0.000000
  time 18
    0 -5.431672 -15.204148 -6.481407 -1.570796 0.000000 -1.571343
    1 9.243773 6.139962 1.326173 -0.000001 0.000001 -1.570796
    2 3.442229 -1.240687 -0.005672 -0.000002 -0.000003 0.000000
    3 17.667921 -1.384574 1.233112 0.000000 -0.000003 -3.141592
    4 13.081079 -1.084008 0.792839 1.570797 -0.879478 -3.141593
    5 0.758741 0.000010 -0.000001 -1.570796 0.000000 -1.124720
    6 12.977262 -1.858502 0.676013 0.518314 -0.428322 -2.516407
    7 0.562688 -0.000006 -0.000004 -0.013014 -0.008068 -0.959463
    8 -3.826432 -24.428194 -8.243611 -3.141592 -1.063636 -0.000219
    9 2.341381 0.000021 0.000003 1.570738 1.242323 -0.000046
    10 1.007743 -20.508408 -10.595133 3.064408 0.011835 -1.681336
    11 1.473635 0.639422 -1.295233 1.873507 0.766140 0.332871
    12 1.832607 -0.000004 0.000007 3.131157 0.007152 0.847622
    13 1.003331 0.000000 0.000000 -3.095899 0.121084 0.034207
    14 3.823887 -0.419591 -1.411516 0.069795 0.155286 0.207665
    15 2.187963 0.000000 0.000000 -0.165860 -0.079982 1.419145
    16 1.100958 -0.000014 0.000000 0.087789 -0.052676 -0.184191
    17 3.987879 -0.577435 -0.474708 0.200599 0.169222 0.195927
    18 1.890100 -0.000008 0.000000 -0.153902 -0.042688 1.467060
    19 1.310926 0.000015 0.000000 -0.029730 0.074269 -0.259831
    20 4.117973 -0.654501 0.453699 0.085604 0.094078 0.260901
    21 1.655293 0.000002 0.000000 -0.029296 -0.049149 1.283708
    22 0.869586 0.000011 0.000000 0.062963 -0.019305 0.011264
    23 4.150639 -0.581580 1.354867 -0.178487 0.129533 0.002321
    24 1.157248 -0.000013 -0.000002 0.194855 -0.267812 1.185099
    25 1.019835 0.000002 0.000002 -1.675130 0.086219 0.371305
    26 3.429456 -5.007721 -5.116617 -1.551612 1.187204 -1.471347
    27 12.695436 0.000001 0.000018 -0.265438 0.293553 -1.728877
    28 -5.980749 -10.392776 -10.013083 3.070817 0.007286 -1.559548
    29 1.474217 -0.497913 -1.376119 1.283294 0.486350 -0.349537
    30 1.832175 -0.000001 0.000001 -2.584557 -0.154226 0.716821
    31 1.042012 0.000000 -0.000006 -2.947027 -0.173385 -0.033771
    32 3.823319 0.664870 -1.331676 0.113609 0.291967 -0.310053
    33 2.152367 0.000010 0.000000 0.048427 -0.257689 -0.122177
    34 1.056626 -0.000010 0.000000 0.273385 -0.069605 -0.538064
    35 3.985126 0.881823 -0.368987 0.187084 0.205031 -0.528366
    36 1.830173 0.000000 0.000000 0.309987 -0.029019 -1.518072
    37 1.561352 0.000013 0.000000 0.027387 0.000717 -1.353498
    38 4.116548 0.711289 0.551868 0.372897 0.175497 -0.950866
    39 1.752729 -0.000006 0.000000 0.065661 0.077343 -1.199501
    40 0.869356 0.000002 0.000000 0.010552 -0.055951 -0.881565
    41 4.118825 0.331244 1.419828 0.091710 0.246073 -1.081329
    42 1.176325 -0.000002 0.000000 0.019561 0.360394 -0.780529
    43 0.970213 0.000000 0.000000 1.685136 0.078242 -1.123257
    44 -9.258431 -0.998731 -5.116617 -3.675432 1.481377 -2.999592
    45 12.706341 0.000001 0.000000 -0.406691 0.231657 -2.265543
    46 11.809021 -1.206475 0.191726 -0.000002 -0.000003 0.000000
    47 0.598399 -0.643255 -0.162013 0.000000 -1.570796 -0.835635
    48 0.000010 0.000000 0.000011 0.000000 0.000000 0.000000
    49 1.200000 0.000000 0.000000 0.000000 0.000000 0.000000
    50 0.000010 -0.300000 0.000000 -3.141593 0.000000 -0.174533
    51 0.000000 -0.000001 0.000003 0.000001 -0.000001 0.000000
    52 0.000002 0.000000 -0.000002 -3.141593 0.000001 0.000000
    53 0.000002 0.000000 0.000002 0.000000 0.000000 0.349066
    54 0.000000 0.000000 0.000000 -3.141593 0.000000 0.000000
    55 0.000002 -0.000002 0.000000 -3.141593 0.000000 -0.000001
    56 0.000007 0.000004 0.000000 -3.141593 0.000000 -0.000001
    57 0.000001 -0.000004 0.000000 -3.141593 0.000000 0.000000
    58 0.000002 0.000010 0.000000 -3.141593 0.000000 0.000000
    59 0.000000 0.000000 0.000000 -3.141593 0.000000 0.000000
    60 -0.000001 -0.000004 0.000000 -3.141593 0.000000 0.000000
    61 0.000000 -0.000004 0.000000 -3.141593 0.000000 0.000000
    62 0.000001 -0.000002 0.000000 -3.141593 0.000000 0.000001
    63 0.000001 -0.000002 0.000000 3.141592 0.000000 -0.000001
    64 0.000000 0.000000 0.000000 -3.141593 0.000000 0.000000
    65 0.000000 0.000000 0.000000 -1.570797 -0.000001 0.000000
    66 0.000000 0.000000 0.000000 0.000000 0.000000 0.000000
    67 1.200001 0.000000 0.000000 0.000000 0.000000 0.000000
    68 0.000000 0.300000 0.000000 0.000000 0.000000 0.174533
    69 0.000000 0.000000 -0.000001 0.000000 0.000000 0.000000
    70 0.000000 0.000000 -0.000001 -3.141593 0.000000 0.000000
    71 0.000000 0.000000 0.000000 0.000001 0.000000 0.349065
    72 -0.000004 0.000003 0.000000 0.000000 0.000000 0.000000
    73 0.000009 -0.000006 0.000000 0.000000 0.000000 -0.000001
    74 0.000000 -0.000002 -0.000001 0.000000 -0.000001 -0.000001
    75 0.000000 0.000000 0.000000 0.000000 0.000000 0.000000
    76 0.000000 0.000000 0.000000 0.000000 0.000000 0.000001
    77 0.000000 0.000002 0.000000 0.000000 0.000000 0.000000
    78 -0.000007 -0.000013 0.000000 0.000000 0.000000 0.000001
    79 0.000000 0.000000 0.000000 0.000000 0.000000 0.000000
    80 0.000000 0.000000 0.000000 0.000000 0.000000 0.000000
    81 0.000000 0.000000 0.000000 0.000000 0.000000 0.000000
    82 0.000000 0.000000 0.000000 0.000000 0.000000 0.000000
    83 0.000000 0.000000 0.000004 -1.570797 0.000001 0.000000
  time 19
    0 -5.400421 -15.204148 -6.465782 -1.575131 0.002252 -1.571343
    1 9.243773 6.139962 1.326173 -0.000001 0.000001 -1.570796
    2 3.442229 -1.240687 -0.005672 -0.000002 -0.000003 0.000000
    3 17.667921 -1.384574 1.233112 0.000000 -0.000003 -3.141592
    4 13.081079 -1.084008 0.792839 1.570797 -0.879478 -3.141593
    5 0.758741 0.000010 -0.000001 -1.570796 0.000000 -1.124720
    6 12.977262 -1.858502 0.676013 0.518314 -0.428322 -2.516407
    7 0.562688 -0.000006 -0.000004 -0.013014 -0.008068 -0.959463
    8 -3.826432 -24.424288 -8.255330 -3.137002 -1.059304 -0.004078
    9 2.341381 0.000021 0.000003 1.570738 1.242323 -0.000046
    10 0.999930 -20.500595 -10.618571 3.059893 0.013558 -1.681515
    11 1.473635 0.639422 -1.295233 1.873507 0.766140 0.332871
    12 1.832607 -0.000004 0.000007 3.131157 0.007152 0.847622
    13 1.003331 0.000000 0.000000 -3.095899 0.121084 0.034207
    14 3.823887 -0.419591 -1.411516 0.069795 0.155286 0.207665
    15 2.187963 0.000000 0.000000 -0.165860 -0.079982 1.419145
    16 1.100958 -0.000014 0.000000 0.087789 -0.052676 -0.184191
    17 3.987879 -0.577435 -0.474708 0.200599 0.169222 0.195927
    18 1.890100 -0.000008 0.000000 -0.153902 -0.042688 1.467060
    19 1.310926 0.000015 0.000000 -0.029730 0.074269 -0.259831
    20 4.117973 -0.654501 0.453699 0.085604 0.094078 0.260901
    21 1.655293 0.000002 0.000000 -0.029296 -0.049149 1.283708
    22 0.869586 0.000011 0.000000 0.062963 -0.019305 0.011264
    23 4.150639 -0.581580 1.354867 -0.178487 0.129533 0.002321
    24 1.157248 -0.000013 -0.000002 0.194855 -0.267812 1.185099
    25 1.019835 0.000002 0.000002 -1.675130 0.086219 0.371305
    26 3.429456 -5.007721 -5.116617 -1.549592 1.188499 -1.470525
    27 12.695436 0.000001 0.000018 -0.265438 0.293553 -1.728810
    28 -5.984655 -10.381057 -9.974019 3.066512 0.009560 -1.559675
    29 1.474217 -0.497913 -1.376119 1.283294 0.486350 -0.349537
    30 1.832175 -0.000001 0.000001 -2.584557 -0.154226 0.716843
    31 1.042012 0.000000 -0.000006 -2.947027 -0.173385 -0.033771
    32 3.823319 0.664870 -1.331676 0.113609 0.291967 -0.310053
    33 2.152367 0.000010 0.000000 0.048427 -0.257689 -0.122177
    34 1.056626 -0.000010 0.000000 0.273385 -0.069605 -0.538064
    35 3.985126 0.881823 -0.368987 0.187084 0.205031 -0.528366
    36 1.830173 0.000000 0.000000 0.309987 -0.029019 -1.518072
    37 1.561352 0.000013 0.000000 0.027387 0.000717 -1.353498
    38 4.116548 0.711289 0.551868 0.372897 0.175497 -0.950866
    39 1.752729 -0.000006 0.000000 0.065661 0.077343 -1.199501
    40 0.869356 0.000002 0.000000 0.010552 -0.055951 -0.881565
    41 4.118825 0.331244 1.419828 0.091710 0.246073 -1.081329
    42 1.176325 -0.000002 0.000000 0.019561 0.360394 -0.780529
    43 0.970213 0.000000 0.000000 1.685136 0.078242 -1.123257
    44 -9.258431 -0.998731 -5.116617 -3.668537 1.483458 -2.994375
    45 12.706341 0.000001 0.000000 -0.407133 0.231442 -2.267602
    46 11.809021 -1.206475 0.191726 -0.000002 -0.000003 0.000000
    47 0.598399 -0.643255 -0.162013 0.000000 -1.570796 -0.835635
    48 0.000010 0.000000 0.000011 0.000000 0.000000 0.000000
    49 1.200000 0.000000 0.000000 0.000000 0.000000 0.000000
    50 0.000010 -0.300000 0.000000 -3.141593 0.000000 -0.174533
    51 0.000000 -0.000001 0.000003 0.000001 -0.000001 0.000000
    52 0.000002 0.000000 -0.000002 -3.141593 0.000001 0.000000
    53 0.000002 0.000000 0.000002 0.000000 0.000000 0.349066
    54 0.000000 0.000000 0.000000 -3.141593 0.000000 0.000000
    55 0.000002 -0.000002 0.000000 -3.141593 0.000000 -0.000001
    56 0.000007 0.000004 0.000000 -3.141593 0.000000 -0.000001
    57 0.000001 -0.000004 0.000000 -3.141593 0.000000 0.000000
    58 0.000002 0.000010 0.000000 -3.141593 0.000000 0.000000
    59 0.000000 0.000000 0.000000 -3.141593 0.000000 0.000000
    60 -0.000001 -0.000004 0.000000 -3.141593 0.000000 0.000000
    61 0.000000 -0.000004 0.000000 -3.141593 0.000000 0.000000
    62 0.000001 -0.000002 0.000000 -3.141593 0.000000 0.000001
    63 0.000001 -0.000002 0.000000 3.141592 0.000000 -0.000001
    64 0.000000 0.000000 0.000000 -3.141593 0.000000 0.000000
    65 0.000000 0.000000 0.000000 -1.570797 -0.000001 0.000000
    66 0.000000 0.000000 0.000000 0.000000 0.000000 0.000000
    67 1.200001 0.000000 0.000000 0.000000 0.000000 0.000000
    68 0.000000 0.300000 0.000000 0.000000 0.000000 0.174533
    69 0.000000 0.000000 -0.000001 0.000000 0.000000 0.000000
    70 0.000000 0.000000 -0.000001 -3.141593 0.000000 0.000000
    71 0.000000 0.000000 0.000000 0.000001 0.000000 0.349065
    72 -0.000004 0.000003 0.000000 0.000000 0.000000 0.000000
    73 0.000009 -0.000006 0.000000 0.000000 0.000000 -0.000001
    74 0.000000 -0.000002 -0.000001 0.000000 -0.000001 -0.000001
    75 0.000000 0.000000 0.000000 0.000000 0.000000 0.000000
    76 0.000000 0.000000 0.000000 0.000000 0.000000 0.000001
    77 0.000000 0.000002 0.000000 0.000000 0.000000 0.000000
    78 -0.000007 -0.000013 0.000000 0.000000 0.000000 0.000001
    79 0.000000 0.000000 0.000000 0.000000 0.000000 0.000000
    80 0.000000 0.000000 0.000000 0.000000 0.000000 0.000000
    81 0.000000 0.000000 0.000000 0.000000 0.000000 0.000000
    82 0.000000 0.000000 0.000000 0.000000 0.000000 0.000000
    83 0.000000 0.000000 0.000004 -1.570797 0.000001 0.000000
  time 20
    0 -5.400421 -15.204148 -6.414999 -1.579576 0.004785 -1.571407
    1 9.243773 6.139962 1.326173 -0.000001 0.000001 -1.570796
    2 3.442229 -1.240687 -0.005672 -0.000002 -0.000003 0.000000
    3 17.667921 -1.384574 1.233112 0.000000 -0.000003 -3.141592
    4 13.081079 -1.084008 0.792839 1.570797 -0.879478 -3.141593
    5 0.758741 0.000010 -0.000001 -1.570796 0.000000 -1.124720
    6 12.977262 -1.858502 0.676013 0.518314 -0.428322 -2.516407
    7 0.562688 -0.000006 -0.000004 -0.013014 -0.008068 -0.959463
    8 -3.814713 -24.420381 -8.243611 -3.131934 -1.054862 -0.008596
    9 2.341381 0.000021 0.000003 1.570738 1.242323 -0.000046
    10 0.999930 -20.492783 -10.618571 3.055192 0.015643 -1.681515
    11 1.473635 0.639422 -1.295233 1.873507 0.766140 0.332871
    12 1.832607 -0.000004 0.000007 3.131157 0.007152 0.847622
    13 1.003331 0.000000 0.000000 -3.095899 0.121084 0.034207
    14 3.823887 -0.419591 -1.411516 0.069795 0.155286 0.207665
    15 2.187963 0.000000 0.000000 -0.165860 -0.079982 1.419145
    16 1.100958 -0.000014 0.000000 0.087789 -0.052676 -0.184191
    17 3.987879 -0.577435 -0.474708 0.200599 0.169222 0.195927
    18 1.890100 -0.000008 0.000000 -0.153902 -0.042688 1.467060
    19 1.310926 0.000015 0.000000 -0.029730 0.074269 -0.259831
    20 4.117973 -0.654501 0.453699 0.085604 0.094078 0.260901
    21 1.655293 0.000002 0.000000 -0.029296 -0.049149 1.283708
    22 0.869586 0.000011 0.000000 0.062963 -0.019305 0.011264
    23 4.150639 -0.581580 1.354867 -0.178487 0.129533 0.002321
    24 1.157248 -0.000013 -0.000002 0.194855 -0.267812 1.185099
    25 1.019835 0.000002 0.000002 -1.675130 0.086219 0.371305
    26 3.429456 -5.007721 -5.116617 -1.549500 1.189276 -1.469977
    27 12.695436 0.000001 0.000018 -0.265753 0.293505 -1.729880
    28 -5.980749 -10.373244 -9.931049 3.062109 0.012169 -1.559675
    29 1.474217 -0.497913 -1.376119 1.283294 0.486350 -0.349537
    30 1.832175 -0.000001 0.000001 -2.584557 -0.154226 0.716821
    31 1.042012 0.000000 -0.000006 -2.947027 -0.173385 -0.033771
    32 3.823319 0.664870 -1.331676 0.113609 0.291967 -0.310053
    33 2.152367 0.000010 0.000000 0.048427 -0.257689 -0.122177
    34 1.056626 -0.000010 0.000000 0.273385 -0.069605 -0.538064
    35 3.985126 0.881823 -0.368987 0.187084 0.205031 -0.528366
    36 1.830173 0.000000 0.000000 0.309987 -0.029019 -1.518072
    37 1.561352 0.000013 0.000000 0.027387 0.000717 -1.353498
    38 4.116548 0.711289 0.551868 0.372897 0.175497 -0.950866
    39 1.752729 -0.000006 0.000000 0.065661 0.077343 -1.199501
    40 0.869356 0.000002 0.000000 0.010552 -0.055951 -0.881565
    41 4.118825 0.331244 1.419828 0.091710 0.246073 -1.081329
    42 1.176325 -0.000002 0.000000 0.019561 0.360394 -0.780529
    43 0.970213 0.000000 0.000000 1.685117 0.078242 -1.123257
    44 -9.258431 -0.998731 -5.116617 -3.637989 1.486263 -2.964134
    45 12.706341 0.000001 0.000000 -0.407739 0.230831 -2.270271
    46 11.809021 -1.206475 0.191726 -0.000002 -0.000003 0.000000
    47 0.598399 -0.643255 -0.162013 0.000000 -1.570796 -0.835635
    48 0.000010 0.000000 0.000011 0.000000 0.000000 0.000000
    49 1.200000 0.000000 0.000000 0.000000 0.000000 0.000000
    50 0.000010 -0.300000 0.000000 -3.141593 0.000000 -0.174533
    51 0.000000 -0.000001 0.000003 0.000001 -0.000001 0.000000
    52 0.000002 0.000000 -0.000002 -3.141593 0.000001 0.000000
    53 0.000002 0.000000 0.000002 0.000000 0.000000 0.349066
    54 0.000000 0.000000 0.000000 -3.141593 0.000000 0.000000
    55 0.000002 -0.000002 0.000000 -3.141593 0.000000 -0.000001
    56 0.000007 0.000004 0.000000 -3.141593 0.000000 -0.000001
    57 0.000001 -0.000004 0.000000 -3.141593 0.000000 0.000000
    58 0.000002 0.000010 0.000000 -3.141593 0.000000 0.000000
    59 0.000000 0.000000 0.000000 -3.141593 0.000000 0.000000
    60 -0.000001 -0.000004 0.000000 -3.141593 0.000000 0.000000
    61 0.000000 -0.000004 0.000000 -3.141593 0.000000 0.000000
    62 0.000001 -0.000002 0.000000 -3.141593 0.000000 0.000001
    63 0.000001 -0.000002 0.000000 3.141592 0.000000 -0.000001
    64 0.000000 0.000000 0.000000 -3.141593 0.000000 0.000000
    65 0.000000 0.000000 0.000000 -1.570797 -0.000001 0.000000
    66 0.000000 0.000000 0.000000 0.000000 0.000000 0.000000
    67 1.200001 0.000000 0.000000 0.000000 0.000000 0.000000
    68 0.000000 0.300000 0.000000 0.000000 0.000000 0.174533
    69 0.000000 0.000000 -0.000001 0.000000 0.000000 0.000000
    70 0.000000 0.000000 -0.000001 -3.141593 0.000000 0.000000
    71 0.000000 0.000000 0.000000 0.000001 0.000000 0.349065
    72 -0.000004 0.000003 0.000000 0.000000 0.000000 0.000000
    73 0.000009 -0.000006 0.000000 0.000000 0.000000 -0.000001
    74 0.000000 -0.000002 -0.000001 0.000000 -0.000001 -0.000001
    75 0.000000 0.000000 0.000000 0.000000 0.000000 0.000000
    76 0.000000 0.000000 0.000000 0.000000 0.000000 0.000001
    77 0.000000 0.000002 0.000000 0.000000 0.000000 0.000000
    78 -0.000007 -0.000013 0.000000 0.000000 0.000000 0.000001
    79 0.000000 0.000000 0.000000 0.000000 0.000000 0.000000
    80 0.000000 0.000000 0.000000 0.000000 0.000000 0.000000
    81 0.000000 0.000000 0.000000 0.000000 0.000000 0.000000
    82 0.000000 0.000000 0.000000 0.000000 0.000000 0.000000
    83 0.000000 0.000000 0.000004 -1.570797 0.000001 0.000000
  time 21
    0 -5.369170 -15.204148 -6.383748 -1.581246 0.005770 -1.571407
    1 9.243773 6.139962 1.326173 -0.000001 0.000001 -1.570796
    2 3.442229 -1.240687 -0.005672 -0.000002 -0.000003 0.000000
    3 17.667921 -1.384574 1.233112 0.000000 -0.000003 -3.141592
    4 13.081079 -1.084008 0.792839 1.570797 -0.879478 -3.141593
    5 0.758741 0.000010 -0.000001 -1.570796 0.000000 -1.124720
    6 12.977262 -1.858502 0.676013 0.518314 -0.428322 -2.516407
    7 0.562688 -0.000006 -0.000004 -0.013014 -0.008068 -0.959463
    8 -3.795181 -24.416475 -8.212360 -3.130021 -1.053167 -0.010290
    9 2.341381 0.000021 0.000003 1.570738 1.242323 -0.000046
    10 1.015555 -20.488876 -10.587320 3.053377 0.016401 -1.681515
    11 1.473635 0.639422 -1.295233 1.873507 0.766140 0.332871
    12 1.832607 -0.000004 0.000007 3.131157 0.007152 0.847622
    13 1.003331 0.000000 0.000000 -3.095899 0.121084 0.034207
    14 3.823887 -0.419591 -1.411516 0.069795 0.155286 0.207665
    15 2.187963 0.000000 0.000000 -0.165860 -0.079982 1.419145
    16 1.100958 -0.000014 0.000000 0.087789 -0.052676 -0.184191
    17 3.987879 -0.577435 -0.474708 0.200599 0.169222 0.195927
    18 1.890100 -0.000008 0.000000 -0.153902 -0.042688 1.467060
    19 1.310926 0.000015 0.000000 -0.029730 0.074269 -0.259831
    20 4.117973 -0.654501 0.453699 0.085604 0.094078 0.260901
    21 1.655293 0.000002 0.000000 -0.029296 -0.049149 1.283708
    22 0.869586 0.000011 0.000000 0.062963 -0.019305 0.011264
    23 4.150639 -0.581580 1.354867 -0.178487 0.129533 0.002321
    24 1.157248 -0.000013 -0.000002 0.194855 -0.267812 1.185099
    25 1.019835 0.000002 0.000002 -1.675130 0.086219 0.371305
    26 3.429456 -5.007721 -5.116617 -1.551061 1.188801 -1.470342
    27 12.695436 0.000001 0.000018 -0.266183 0.293301 -1.731418
    28 -5.965124 -10.369338 -9.880266 3.060449 0.013156 -1.559675
    29 1.474217 -0.497913 -1.376119 1.283294 0.486350 -0.349537
    30 1.832175 -0.000001 0.000001 -2.584533 -0.154226 0.716843
    31 1.042012 0.000000 -0.000006 -2.947027 -0.173385 -0.033771
    32 3.823319 0.664870 -1.331676 0.113609 0.291967 -0.310053
    33 2.152367 0.000010 0.000000 0.048427 -0.257689 -0.122177
    34 1.056626 -0.000010 0.000000 0.273385 -0.069605 -0.538064
    35 3.985126 0.881823 -0.368987 0.187084 0.205031 -0.528366
    36 1.830173 0.000000 0.000000 0.309987 -0.029019 -1.518072
    37 1.561352 0.000013 0.000000 0.027387 0.000717 -1.353498
    38 4.116548 0.711289 0.551868 0.372897 0.175497 -0.950866
    39 1.752729 -0.000006 0.000000 0.065661 0.077343 -1.199501
    40 0.869356 0.000002 0.000000 0.010552 -0.055951 -0.881565
    41 4.118825 0.331244 1.419828 0.091710 0.246073 -1.081329
    42 1.176325 -0.000002 0.000000 0.019561 0.360394 -0.780529
    43 0.970213 0.000000 0.000000 1.685117 0.078255 -1.123257
    44 -9.258431 -0.998731 -5.116617 -3.603323 1.487711 -2.928587
    45 12.706341 0.000001 0.000000 -0.408132 0.230615 -2.271872
    46 11.809021 -1.206475 0.191726 -0.000002 -0.000003 0.000000
    47 0.598399 -0.643255 -0.162013 0.000000 -1.570796 -0.835635
    48 0.000010 0.000000 0.000011 0.000000 0.000000 0.000000
    49 1.200000 0.000000 0.000000 0.000000 0.000000 0.000000
    50 0.000010 -0.300000 0.000000 -3.141593 0.000000 -0.174533
    51 0.000000 -0.000001 0.000003 0.000001 -0.000001 0.000000
    52 0.000002 0.000000 -0.000002 -3.141593 0.000001 0.000000
    53 0.000002 0.000000 0.000002 0.000000 0.000000 0.349066
    54 0.000000 0.000000 0.000000 -3.141593 0.000000 0.000000
    55 0.000002 -0.000002 0.000000 -3.141593 0.000000 -0.000001
    56 0.000007 0.000004 0.000000 -3.141593 0.000000 -0.000001
    57 0.000001 -0.000004 0.000000 -3.141593 0.000000 0.000000
    58 0.000002 0.000010 0.000000 -3.141593 0.000000 0.000000
    59 0.000000 0.000000 0.000000 -3.141593 0.000000 0.000000
    60 -0.000001 -0.000004 0.000000 -3.141593 0.000000 0.000000
    61 0.000000 -0.000004 0.000000 -3.141593 0.000000 0.000000
    62 0.000001 -0.000002 0.000000 -3.141593 0.000000 0.000001
    63 0.000001 -0.000002 0.000000 3.141592 0.000000 -0.000001
    64 0.000000 0.000000 0.000000 -3.141593 0.000000 0.000000
    65 0.000000 0.000000 0.000000 -1.570797 -0.000001 0.000000
    66 0.000000 0.000000 0.000000 0.000000 0.000000 0.000000
    67 1.200001 0.000000 0.000000 0.000000 0.000000 0.000000
    68 0.000000 0.300000 0.000000 0.000000 0.000000 0.174533
    69 0.000000 0.000000 -0.000001 0.000000 0.000000 0.000000
    70 0.000000 0.000000 -0.000001 -3.141593 0.000000 0.000000
    71 0.000000 0.000000 0.000000 0.000001 0.000000 0.349065
    72 -0.000004 0.000003 0.000000 0.000000 0.000000 0.000000
    73 0.000009 -0.000006 0.000000 0.000000 0.000000 -0.000001
    74 0.000000 -0.000002 -0.000001 0.000000 -0.000001 -0.000001
    75 0.000000 0.000000 0.000000 0.000000 0.000000 0.000000
    76 0.000000 0.000000 0.000000 0.000000 0.000000 0.000001
    77 0.000000 0.000002 0.000000 0.000000 0.000000 0.000000
    78 -0.000007 -0.000013 0.000000 0.000000 0.000000 0.000001
    79 0.000000 0.000000 0.000000 0.000000 0.000000 0.000000
    80 0.000000 0.000000 0.000000 0.000000 0.000000 0.000000
    81 0.000000 0.000000 0.000000 0.000000 0.000000 0.000000
    82 0.000000 0.000000 0.000000 0.000000 0.000000 0.000000
    83 0.000000 0.000000 0.000004 -1.570797 0.000001 0.000000
  time 22
    0 -5.337919 -15.204148 -6.340778 -1.578692 0.004345 -1.571407
    1 9.243773 6.139962 1.326173 -0.000001 0.000001 -1.570796
    2 3.442229 -1.240687 -0.005672 -0.000002 -0.000003 0.000000
    3 17.667921 -1.384574 1.233112 0.000000 -0.000003 -3.141592
    4 13.081079 -1.084008 0.792839 1.570797 -0.879478 -3.141593
    5 0.758741 0.000010 -0.000001 -1.570796 0.000000 -1.124720
    6 12.977262 -1.858502 0.676013 0.518314 -0.428322 -2.516407
    7 0.562688 -0.000006 -0.000004 -0.013014 -0.008068 -0.959463
    8 -3.771743 -24.420381 -8.157671 -3.132890 -1.055694 -0.007843
    9 2.341381 0.000021 0.000003 1.570738 1.242323 -0.000046
    10 1.046806 -20.492783 -10.524818 3.056123 0.015333 -1.681515
    11 1.473635 0.639422 -1.295233 1.873507 0.766140 0.332871
    12 1.832607 -0.000004 0.000007 3.131157 0.007152 0.847622
    13 1.003331 0.000000 0.000000 -3.095899 0.121084 0.034207
    14 3.823887 -0.419591 -1.411516 0.069795 0.155286 0.207665
    15 2.187963 0.000000 0.000000 -0.165860 -0.079982 1.419145
    16 1.100958 -0.000014 0.000000 0.087789 -0.052676 -0.184191
    17 3.987879 -0.577435 -0.474708 0.200599 0.169222 0.195927
    18 1.890100 -0.000008 0.000000 -0.153902 -0.042688 1.467060
    19 1.310926 0.000015 0.000000 -0.029730 0.074269 -0.259831
    20 4.117973 -0.654501 0.453699 0.085604 0.094078 0.260901
    21 1.655293 0.000002 0.000000 -0.029296 -0.049149 1.283708
    22 0.869586 0.000011 0.000000 0.062963 -0.019305 0.011264
    23 4.150639 -0.581580 1.354867 -0.178487 0.129533 0.002321
    24 1.157248 -0.000013 -0.000002 0.194855 -0.267812 1.185099
    25 1.019835 0.000002 0.000002 -1.675130 0.086219 0.371305
    26 3.429456 -5.007721 -5.116617 -1.555285 1.186427 -1.471895
    27 12.695436 0.000001 0.000018 -0.266842 0.293205 -1.733358
    28 -5.937779 -10.377150 -9.849015 3.062970 0.011728 -1.559675
    29 1.474217 -0.497913 -1.376119 1.283294 0.486350 -0.349537
    30 1.832175 -0.000001 0.000001 -2.584557 -0.154226 0.716843
    31 1.042012 0.000000 -0.000006 -2.947027 -0.173385 -0.033771
    32 3.823319 0.664870 -1.331676 0.113609 0.291967 -0.310053
    33 2.152367 0.000010 0.000000 0.048427 -0.257689 -0.122177
    34 1.056626 -0.000010 0.000000 0.273385 -0.069605 -0.538064
    35 3.985126 0.881823 -0.368987 0.187084 0.205031 -0.528366
    36 1.830173 0.000000 0.000000 0.309987 -0.029019 -1.518072
    37 1.561352 0.000013 0.000000 0.027387 0.000717 -1.353498
    38 4.116548 0.711289 0.551868 0.372897 0.175497 -0.950866
    39 1.752729 -0.000006 0.000000 0.065661 0.077343 -1.199501
    40 0.869356 0.000002 0.000000 0.010552 -0.055951 -0.881565
    41 4.118825 0.331244 1.419828 0.091710 0.246073 -1.081329
    42 1.176325 -0.000002 0.000000 0.019561 0.360394 -0.780529
    43 0.970213 0.000000 0.000000 1.685117 0.078242 -1.123240
    44 -9.258431 -0.998731 -5.116617 -3.563582 1.487213 -2.885789
    45 12.706341 0.000001 0.000000 -0.408181 0.230603 -2.272101
    46 11.809021 -1.206475 0.191726 -0.000002 -0.000003 0.000000
    47 0.598399 -0.643255 -0.162013 0.000000 -1.570796 -0.835635
    48 0.000010 0.000000 0.000011 0.000000 0.000000 0.000000
    49 1.200000 0.000000 0.000000 0.000000 0.000000 0.000000
    50 0.000010 -0.300000 0.000000 -3.141593 0.000000 -0.174533
    51 0.000000 -0.000001 0.000003 0.000001 -0.000001 0.000000
    52 0.000002 0.000000 -0.000002 -3.141593 0.000001 0.000000
    53 0.000002 0.000000 0.000002 0.000000 0.000000 0.349066
    54 0.000000 0.000000 0.000000 -3.141593 0.000000 0.000000
    55 0.000002 -0.000002 0.000000 -3.141593 0.000000 -0.000001
    56 0.000007 0.000004 0.000000 -3.141593 0.000000 -0.000001
    57 0.000001 -0.000004 0.000000 -3.141593 0.000000 0.000000
    58 0.000002 0.000010 0.000000 -3.141593 0.000000 0.000000
    59 0.000000 0.000000 0.000000 -3.141593 0.000000 0.000000
    60 -0.000001 -0.000004 0.000000 -3.141593 0.000000 0.000000
    61 0.000000 -0.000004 0.000000 -3.141593 0.000000 0.000000
    62 0.000001 -0.000002 0.000000 -3.141593 0.000000 0.000001
    63 0.000001 -0.000002 0.000000 3.141592 0.000000 -0.000001
    64 0.000000 0.000000 0.000000 -3.141593 0.000000 0.000000
    65 0.000000 0.000000 0.000000 -1.570797 -0.000001 0.000000
    66 0.000000 0.000000 0.000000 0.000000 0.000000 0.000000
    67 1.200001 0.000000 0.000000 0.000000 0.000000 0.000000
    68 0.000000 0.300000 0.000000 0.000000 0.000000 0.174533
    69 0.000000 0.000000 -0.000001 0.000000 0.000000 0.000000
    70 0.000000 0.000000 -0.000001 -3.141593 0.000000 0.000000
    71 0.000000 0.000000 0.000000 0.000001 0.000000 0.349065
    72 -0.000004 0.000003 0.000000 0.000000 0.000000 0.000000
    73 0.000009 -0.000006 0.000000 0.000000 0.000000 -0.000001
    74 0.000000 -0.000002 -0.000001 0.000000 -0.000001 -0.000001
    75 0.000000 0.000000 0.000000 0.000000 0.000000 0.000000
    76 0.000000 0.000000 0.000000 0.000000 0.000000 0.000001
    77 0.000000 0.000002 0.000000 0.000000 0.000000 0.000000
    78 -0.000007 -0.000013 0.000000 0.000000 0.000000 0.000001
    79 0.000000 0.000000 0.000000 0.000000 0.000000 0.000000
    80 0.000000 0.000000 0.000000 0.000000 0.000000 0.000000
    81 0.000000 0.000000 0.000000 0.000000 0.000000 0.000000
    82 0.000000 0.000000 0.000000 0.000000 0.000000 0.000000
    83 0.000000 0.000000 0.000004 -1.570797 0.000001 0.000000
  time 23
    0 -5.337919 -15.204148 -6.297808 -1.573301 0.001390 -1.571343
    1 9.243773 6.139962 1.326173 -0.000001 0.000001 -1.570796
    2 3.442229 -1.240687 -0.005672 -0.000002 -0.000003 0.000000
    3 17.667921 -1.384574 1.233112 0.000000 -0.000003 -3.141592
    4 13.081079 -1.084008 0.792839 1.570797 -0.879478 -3.141593
    5 0.758741 0.000010 -0.000001 -1.570796 0.000000 -1.124720
    6 12.977262 -1.858502 0.676013 0.518314 -0.428322 -2.516407
    7 0.562688 -0.000006 -0.000004 -0.013014 -0.008068 -0.959463
    8 -3.740492 -24.424288 -8.067824 -3.139010 -1.061109 -0.002572
    9 2.341381 0.000021 0.000003 1.570738 1.242323 -0.000046
    10 1.089776 -20.504502 -10.434972 3.061755 0.012955 -1.681336
    11 1.473635 0.639422 -1.295233 1.873507 0.766140 0.332871
    12 1.832607 -0.000004 0.000007 3.131157 0.007152 0.847622
    13 1.003331 0.000000 0.000000 -3.095899 0.121084 0.034207
    14 3.823887 -0.419591 -1.411516 0.069795 0.155286 0.207665
    15 2.187963 0.000000 0.000000 -0.165860 -0.079982 1.419145
    16 1.100958 -0.000014 0.000000 0.087789 -0.052676 -0.184191
    17 3.987879 -0.577435 -0.474708 0.200599 0.169222 0.195927
    18 1.890100 -0.000008 0.000000 -0.153902 -0.042688 1.467060
    19 1.310926 0.000015 0.000000 -0.029730 0.074269 -0.259831
    20 4.117973 -0.654501 0.453699 0.085604 0.094078 0.260901
    21 1.655293 0.000002 0.000000 -0.029296 -0.049149 1.283708
    22 0.869586 0.000011 0.000000 0.062963 -0.019305 0.011264
    23 4.150639 -0.581580 1.354867 -0.178487 0.129533 0.002321
    24 1.157248 -0.000013 -0.000002 0.194855 -0.267812 1.185099
    25 1.019835 0.000002 0.000002 -1.675130 0.086219 0.371305
    26 3.429456 -5.007721 -5.116617 -1.561621 1.182758 -1.473996
    27 12.695436 0.000001 0.000018 -0.267630 0.293085 -1.736300
    28 -5.894809 -10.384963 -9.817764 3.068320 0.008661 -1.559675
    29 1.474217 -0.497913 -1.376119 1.283294 0.486350 -0.349537
    30 1.832175 -0.000001 0.000001 -2.584557 -0.154226 0.716821
    31 1.042012 0.000000 -0.000006 -2.947027 -0.173385 -0.033771
    32 3.823319 0.664870 -1.331676 0.113609 0.291967 -0.310053
    33 2.152367 0.000010 0.000000 0.048427 -0.257689 -0.122177
    34 1.056626 -0.000010 0.000000 0.273385 -0.069605 -0.538064
    35 3.985126 0.881823 -0.368987 0.187084 0.205031 -0.528366
    36 1.830173 0.000000 0.000000 0.309987 -0.029019 -1.518072
    37 1.561352 0.000013 0.000000 0.027387 0.000717 -1.353498
    38 4.116548 0.711289 0.551868 0.372897 0.175497 -0.950866
    39 1.752729 -0.000006 0.000000 0.065661 0.077343 -1.199501
    40 0.869356 0.000002 0.000000 0.010552 -0.055951 -0.881565
    41 4.118825 0.331244 1.419828 0.091710 0.246073 -1.081329
    42 1.176325 -0.000002 0.000000 0.019561 0.360394 -0.780529
    43 0.970213 0.000000 0.000000 1.685136 0.078242 -1.123257
    44 -9.258431 -0.998731 -5.116617 -3.521542 1.485313 -2.839454
    45 12.706341 0.000001 0.000000 -0.407968 0.230771 -2.271186
    46 11.809021 -1.206475 0.191726 -0.000002 -0.000003 0.000000
    47 0.598399 -0.643255 -0.162013 0.000000 -1.570796 -0.835635
    48 0.000010 0.000000 0.000011 0.000000 0.000000 0.000000
    49 1.200000 0.000000 0.000000 0.000000 0.000000 0.000000
    50 0.000010 -0.300000 0.000000 -3.141593 0.000000 -0.174533
    51 0.000000 -0.000001 0.000003 0.000001 -0.000001 0.000000
    52 0.000002 0.000000 -0.000002 -3.141593 0.000001 0.000000
    53 0.000002 0.000000 0.000002 0.000000 0.000000 0.349066
    54 0.000000 0.000000 0.000000 -3.141593 0.000000 0.000000
    55 0.000002 -0.000002 0.000000 -3.141593 0.000000 -0.000001
    56 0.000007 0.000004 0.000000 -3.141593 0.000000 -0.000001
    57 0.000001 -0.000004 0.000000 -3.141593 0.000000 0.000000
    58 0.000002 0.000010 0.000000 -3.141593 0.000000 0.000000
    59 0.000000 0.000000 0.000000 -3.141593 0.000000 0.000000
    60 -0.000001 -0.000004 0.000000 -3.141593 0.000000 0.000000
    61 0.000000 -0.000004 0.000000 -3.141593 0.000000 0.000000
    62 0.000001 -0.000002 0.000000 -3.141593 0.000000 0.000001
    63 0.000001 -0.000002 0.000000 3.141592 0.000000 -0.000001
    64 0.000000 0.000000 0.000000 -3.141593 0.000000 0.000000
    65 0.000000 0.000000 0.000000 -1.570797 -0.000001 0.000000
    66 0.000000 0.000000 0.000000 0.000000 0.000000 0.000000
    67 1.200001 0.000000 0.000000 0.000000 0.000000 0.000000
    68 0.000000 0.300000 0.000000 0.000000 0.000000 0.174533
    69 0.000000 0.000000 -0.000001 0.000000 0.000000 0.000000
    70 0.000000 0.000000 -0.000001 -3.141593 0.000000 0.000000
    71 0.000000 0.000000 0.000000 0.000001 0.000000 0.349065
    72 -0.000004 0.000003 0.000000 0.000000 0.000000 0.000000
    73 0.000009 -0.000006 0.000000 0.000000 0.000000 -0.000001
    74 0.000000 -0.000002 -0.000001 0.000000 -0.000001 -0.000001
    75 0.000000 0.000000 0.000000 0.000000 0.000000 0.000000
    76 0.000000 0.000000 0.000000 0.000000 0.000000 0.000001
    77 0.000000 0.000002 0.000000 0.000000 0.000000 0.000000
    78 -0.000007 -0.000013 0.000000 0.000000 0.000000 0.000001
    79 0.000000 0.000000 0.000000 0.000000 0.000000 0.000000
    80 0.000000 0.000000 0.000000 0.000000 0.000000 0.000000
    81 0.000000 0.000000 0.000000 0.000000 0.000000 0.000000
    82 0.000000 0.000000 0.000000 0.000000 0.000000 0.000000
    83 0.000000 0.000000 0.000004 -1.570797 0.000001 0.000000
  time 24
    0 -5.291042 -15.204148 -6.282182 -1.570796 0.000000 -1.571343
    1 9.243773 6.139962 1.326173 -0.000001 0.000001 -1.570796
    2 3.442229 -1.240687 -0.005672 -0.000002 -0.000003 0.000000
    3 17.667921 -1.384574 1.233112 0.000000 -0.000003 -3.141592
    4 13.081079 -1.084008 0.792839 1.570797 -0.879478 -3.141593
    5 0.758741 0.000010 -0.000001 -1.570796 0.000000 -1.124720
    6 12.977262 -1.858502 0.676013 0.518314 -0.428322 -2.516407
    7 0.562688 -0.000006 -0.000004 -0.013014 -0.008068 -0.959463
    8 -3.724866 -24.428194 -8.036573 -3.141592 -1.063636 -0.000219
    9 2.341381 0.000021 0.000003 1.570738 1.242323 -0.000046
    10 1.109308 -20.508408 -10.395908 3.064408 0.011835 -1.681336
    11 1.473635 0.639422 -1.295233 1.873507 0.766140 0.332871
    12 1.832607 -0.000004 0.000007 3.131157 0.007152 0.847622
    13 1.003331 0.000000 0.000000 -3.095899 0.121084 0.034207
    14 3.823887 -0.419591 -1.411516 0.069795 0.155286 0.207665
    15 2.187963 0.000000 0.000000 -0.165860 -0.079982 1.419145
    16 1.100958 -0.000014 0.000000 0.087789 -0.052676 -0.184191
    17 3.987879 -0.577435 -0.474708 0.200599 0.169222 0.195927
    18 1.890100 -0.000008 0.000000 -0.153902 -0.042688 1.467060
    19 1.310926 0.000015 0.000000 -0.029730 0.074269 -0.259831
    20 4.117973 -0.654501 0.453699 0.085604 0.094078 0.260901
    21 1.655293 0.000002 0.000000 -0.029296 -0.049149 1.283708
    22 0.869586 0.000011 0.000000 0.062963 -0.019305 0.011264
    23 4.150639 -0.581580 1.354867 -0.178487 0.129533 0.002321
    24 1.157248 -0.000013 -0.000002 0.194855 -0.267812 1.185099
    25 1.019835 0.000002 0.000002 -1.675130 0.086219 0.371305
    26 3.429456 -5.007721 -5.116617 -1.564192 1.181161 -1.475001
    27 12.695436 0.000001 0.000018 -0.267931 0.293050 -1.737103
    28 -5.879184 -10.392776 -9.813858 3.070817 0.007286 -1.559548
    29 1.474217 -0.497913 -1.376119 1.283294 0.486350 -0.349537
    30 1.832175 -0.000001 0.000001 -2.584557 -0.154226 0.716821
    31 1.042012 0.000000 -0.000006 -2.947027 -0.173385 -0.033771
    32 3.823319 0.664870 -1.331676 0.113609 0.291967 -0.310053
    33 2.152367 0.000010 0.000000 0.048427 -0.257689 -0.122177
    34 1.056626 -0.000010 0.000000 0.273385 -0.069605 -0.538064
    35 3.985126 0.881823 -0.368987 0.187084 0.205031 -0.528366
    36 1.830173 0.000000 0.000000 0.309987 -0.029019 -1.518072
    37 1.561352 0.000013 0.000000 0.027387 0.000717 -1.353498
    38 4.116548 0.711289 0.551868 0.372897 0.175497 -0.950866
    39 1.752729 -0.000006 0.000000 0.065661 0.077343 -1.199501
    40 0.869356 0.000002 0.000000 0.010552 -0.055951 -0.881565
    41 4.118825 0.331244 1.419828 0.091710 0.246073 -1.081329
    42 1.176325 -0.000002 0.000000 0.019561 0.360394 -0.780529
    43 0.970213 0.000000 0.000000 1.685136 0.078242 -1.123257
    44 -9.258431 -0.998731 -5.116617 -3.505837 1.484408 -2.821946
    45 12.706341 0.000001 0.000000 -0.407821 0.230831 -2.270576
    46 11.809021 -1.206475 0.191726 -0.000002 -0.000003 0.000000
    47 0.598399 -0.643255 -0.162013 0.000000 -1.570796 -0.835635
    48 0.000010 0.000000 0.000011 0.000000 0.000000 0.000000
    49 1.200000 0.000000 0.000000 0.000000 0.000000 0.000000
    50 0.000010 -0.300000 0.000000 -3.141593 0.000000 -0.174533
    51 0.000000 -0.000001 0.000003 0.000001 -0.000001 0.000000
    52 0.000002 0.000000 -0.000002 -3.141593 0.000001 0.000000
    53 0.000002 0.000000 0.000002 0.000000 0.000000 0.349066
    54 0.000000 0.000000 0.000000 -3.141593 0.000000 0.000000
    55 0.000002 -0.000002 0.000000 -3.141593 0.000000 -0.000001
    56 0.000007 0.000004 0.000000 -3.141593 0.000000 -0.000001
    57 0.000001 -0.000004 0.000000 -3.141593 0.000000 0.000000
    58 0.000002 0.000010 0.000000 -3.141593 0.000000 0.000000
    59 0.000000 0.000000 0.000000 -3.141593 0.000000 0.000000
    60 -0.000001 -0.000004 0.000000 -3.141593 0.000000 0.000000
    61 0.000000 -0.000004 0.000000 -3.141593 0.000000 0.000000
    62 0.000001 -0.000002 0.000000 -3.141593 0.000000 0.000001
    63 0.000001 -0.000002 0.000000 3.141592 0.000000 -0.000001
    64 0.000000 0.000000 0.000000 -3.141593 0.000000 0.000000
    65 0.000000 0.000000 0.000000 -1.570797 -0.000001 0.000000
    66 0.000000 0.000000 0.000000 0.000000 0.000000 0.000000
    67 1.200001 0.000000 0.000000 0.000000 0.000000 0.000000
    68 0.000000 0.300000 0.000000 0.000000 0.000000 0.174533
    69 0.000000 0.000000 -0.000001 0.000000 0.000000 0.000000
    70 0.000000 0.000000 -0.000001 -3.141593 0.000000 0.000000
    71 0.000000 0.000000 0.000000 0.000001 0.000000 0.349065
    72 -0.000004 0.000003 0.000000 0.000000 0.000000 0.000000
    73 0.000009 -0.000006 0.000000 0.000000 0.000000 -0.000001
    74 0.000000 -0.000002 -0.000001 0.000000 -0.000001 -0.000001
    75 0.000000 0.000000 0.000000 0.000000 0.000000 0.000000
    76 0.000000 0.000000 0.000000 0.000000 0.000000 0.000001
    77 0.000000 0.000002 0.000000 0.000000 0.000000 0.000000
    78 -0.000007 -0.000013 0.000000 0.000000 0.000000 0.000001
    79 0.000000 0.000000 0.000000 0.000000 0.000000 0.000000
    80 0.000000 0.000000 0.000000 0.000000 0.000000 0.000000
    81 0.000000 0.000000 0.000000 0.000000 0.000000 0.000000
    82 0.000000 0.000000 0.000000 0.000000 0.000000 0.000000
    83 0.000000 0.000000 0.000004 -1.570797 0.000001 0.000000
end
