version 1
nodes
  0 "spas_main" -1
  1 "pump" 0
  2 "slide" 0
  3 "12g" 0
  4 "trapdoor" 0
  5 "sl_ring1" 0
  6 "sl1a" 5
  7 "sl1b" 6
  8 "sl_ring2" 0
  9 "sl2a" 8
  10 "sl2b" 9
  11 "sltarget" 0
  12 "l_wrist" -1
  13 "l_thumb_low" 12
  14 "l_thumb_mid" 13
  15 "l_thumb_tip" 14
  16 "l_index_low" 12
  17 "l_index_mid" 16
  18 "l_index_tip" 17
  19 "l_middle_low" 12
  20 "l_middle_mid" 19
  21 "l_middle_tip" 20
  22 "l_ring_low" 12
  23 "l_ring_mid" 22
  24 "l_ring_tip" 23
  25 "l_pinky_low" 12
  26 "l_pinky_mid" 25
  27 "l_pinky_tip" 26
  28 "l_upperarm" -1
  29 "l_forearm" 28
  30 "r_wrist" -1
  31 "r_thumb_low" 30
  32 "r_thumb_mid" 31
  33 "r_thumb_tip" 32
  34 "r_index_low" 30
  35 "r_index_mid" 34
  36 "r_index_tip" 35
  37 "r_middle_low" 30
  38 "r_middle_mid" 37
  39 "r_middle_tip" 38
  40 "r_ring_low" 30
  41 "r_ring_mid" 40
  42 "r_ring_tip" 41
  43 "r_pinky_low" 30
  44 "r_pinky_mid" 43
  45 "r_pinky_tip" 44
  46 "r_upperarm" -1
  47 "r_forearm" 46
  48 "ValveBiped.Bip01_L_UpperArm" 28
  49 "ValveBiped.Bip01_L_Forearm" 29
  50 "ValveBiped.Bip01_L_Hand" 12
  51 "ValveBiped.Bip01_L_Finger0" 13
  52 "ValveBiped.Bip01_L_Finger01" 14
  53 "ValveBiped.Bip01_L_Finger02" 15
  54 "ValveBiped.Bip01_L_Finger1" 16
  55 "ValveBiped.Bip01_L_Finger11" 17
  56 "ValveBiped.Bip01_L_Finger12" 18
  57 "ValveBiped.Bip01_L_Finger2" 19
  58 "ValveBiped.Bip01_L_Finger21" 20
  59 "ValveBiped.Bip01_L_Finger22" 21
  60 "ValveBiped.Bip01_L_Finger3" 22
  61 "ValveBiped.Bip01_L_Finger31" 23
  62 "ValveBiped.Bip01_L_Finger32" 24
  63 "ValveBiped.Bip01_L_Finger4" 25
  64 "ValveBiped.Bip01_L_Finger41" 26
  65 "ValveBiped.Bip01_L_Finger42" 27
  66 "ValveBiped.Bip01_R_UpperArm" 46
  67 "ValveBiped.Bip01_R_Forearm" 47
  68 "ValveBiped.Bip01_R_Hand" 30
  69 "ValveBiped.Bip01_R_Finger0" 31
  70 "ValveBiped.Bip01_R_Finger01" 32
  71 "ValveBiped.Bip01_R_Finger02" 33
  72 "ValveBiped.Bip01_R_Finger1" 34
  73 "ValveBiped.Bip01_R_Finger11" 35
  74 "ValveBiped.Bip01_R_Finger12" 36
  75 "ValveBiped.Bip01_R_Finger2" 37
  76 "ValveBiped.Bip01_R_Finger21" 38
  77 "ValveBiped.Bip01_R_Finger22" 39
  78 "ValveBiped.Bip01_R_Finger3" 40
  79 "ValveBiped.Bip01_R_Finger31" 41
  80 "ValveBiped.Bip01_R_Finger32" 42
  81 "ValveBiped.Bip01_R_Finger4" 43
  82 "ValveBiped.Bip01_R_Finger41" 44
  83 "ValveBiped.Bip01_R_Finger42" 45
end
skeleton
  time 0
    0 -3.214035 -12.844834 -4.957245 -3.053758 0.127947 0.010665
    1 0.073573 17.526917 0.777220 0.000000 0.000001 0.000000
    2 -0.226386 4.254942 -0.608961 0.000000 -0.000001 0.000000
    3 -0.287354 6.789063 -0.811035 0.000000 0.000001 0.000000
    4 -0.045094 3.566423 0.891595 0.000000 -0.000001 0.000000
    5 -0.116185 1.807585 2.464996 0.893713 0.000002 0.000000
    6 0.000000 1.030615 0.000004 -2.665550 0.013999 -3.160937
    7 -0.000002 5.179932 -0.000037 0.222368 -0.009919 0.040690
    8 -0.218267 25.777573 2.487072 2.579916 0.000002 0.000000
    9 0.000000 0.870350 0.000008 -0.024557 0.010499 -0.062937
    10 0.000000 4.478401 0.000072 0.303425 0.008540 -0.023321
    11 0.568087 15.700035 7.049725 -1.570796 0.000002 0.000000
    12 -1.809254 -25.258553 -9.942574 0.427511 -0.381261 2.088031
    13 -1.294654 1.473667 0.640471 2.361821 -0.515043 -2.105043
    14 0.000011 1.832554 0.000004 0.105696 -0.242323 -0.022342
    15 0.000000 1.003359 0.000001 0.152126 -0.036878 -0.018578
    16 -1.632739 4.327644 -0.483953 0.365940 0.282534 -0.019008
    17 -0.000010 1.637142 0.000010 1.001957 0.015784 -0.110368
    18 0.000007 1.100985 0.000004 0.016762 0.076956 -0.068134
    19 -0.500328 4.452953 -0.532495 0.396541 0.287798 0.017522
    20 -0.000010 1.442617 -0.000010 1.327387 0.029467 -0.036819
    21 -0.000003 1.302446 0.000004 0.004462 -0.041924 0.002935
    22 0.523221 4.540312 -0.480714 0.856150 0.290072 -0.285051
    23 -0.000001 1.198256 0.000008 0.732584 -0.133859 0.043090
    24 -0.000012 0.869780 0.000015 0.218278 0.063758 -0.018624
    25 1.354362 4.150681 -0.582655 0.848432 0.193448 -0.436427
    26 0.000000 1.157421 -0.000006 0.969716 -0.115794 0.002585
    27 0.000001 1.020055 0.000002 -0.120881 -0.015655 -0.025766
    28 5.003218 -8.070315 -8.112608 -2.331703 -0.007909 -0.074775
    29 0.000038 12.695422 -0.000004 -1.338948 0.388652 0.415209
    30 -4.535898 -6.701257 -8.223771 -0.628580 1.407845 2.532216
    31 -1.391397 1.476538 -0.700638 -1.757588 -1.119915 2.167452
    32 0.000002 1.751797 -0.000002 -0.382702 -0.196552 -0.169375
    33 0.000010 1.122969 0.000000 -0.357783 -0.049012 -0.094326
    34 -1.596883 4.441620 0.708540 -1.277766 -1.125313 1.291484
    35 -0.000008 1.481951 -0.000008 0.070154 0.079310 0.358289
    36 0.000002 1.056648 -0.000004 -0.115051 -0.128796 0.689447
    37 -0.470901 4.219486 0.926555 -2.516793 -0.098334 -3.183936
    38 -0.000010 1.609821 0.000004 1.338602 -0.114174 0.088559
    39 -0.000002 1.562311 0.000013 1.278058 0.025862 -0.031766
    40 0.576838 4.298388 0.639431 -2.185725 -0.104952 -3.078380
    41 0.000002 1.553762 -0.000008 1.256437 0.140301 0.008698
    42 0.000003 0.874434 -0.000006 0.891120 0.106775 0.200336
    43 1.459885 4.275572 0.219019 -2.155218 -0.186603 3.315304
    44 -0.000010 0.973051 -0.000004 0.971833 0.217243 0.114332
    45 0.000007 0.970890 0.000004 1.186741 0.085916 0.151173
    46 -7.008868 4.575658 -7.491495 -1.817987 0.585719 0.521376
    47 0.000011 12.706367 0.000010 -2.160152 0.336918 0.139687
    48 0.000000 0.000000 0.000000 1.570796 0.000000 1.570796
    49 -0.000006 1.500006 0.000000 1.570796 0.000000 1.570796
    50 0.000000 -0.299999 0.000000 -1.570796 0.000000 1.570796
    51 0.000000 0.000000 0.000000 0.000000 0.000000 1.570796
    52 0.000000 0.000000 0.000000 0.000000 0.000000 1.570796
    53 0.000000 0.000002 0.000001 0.000000 0.000000 1.919862
    54 0.000000 0.000000 0.000000 -1.570796 0.000000 1.570796
    55 0.000000 0.000000 0.000002 -1.570797 0.000000 1.570796
    56 -0.000002 -0.000002 0.000004 -1.570797 0.000001 1.570796
    57 0.000003 0.000000 0.000000 -1.570796 0.000000 1.570796
    58 0.000002 0.000003 0.000000 -1.570796 0.000000 1.570796
    59 0.000000 0.000000 0.000000 -1.570796 0.000000 1.570796
    60 -0.000001 0.000011 0.000000 -1.570796 0.000000 1.570796
    61 0.000000 0.000000 0.000000 -1.570796 -0.000001 1.570796
    62 0.000000 -0.000001 0.000000 -1.570796 0.000000 1.570796
    63 -0.000002 0.000002 -0.000002 -1.570796 0.000000 1.570796
    64 0.000000 0.000000 0.000000 -1.570797 0.000000 1.570796
    65 0.000000 0.000000 0.000000 -1.570797 0.000000 1.570796
    66 0.000000 0.000000 0.000000 1.570796 0.000000 1.570796
    67 0.000000 1.500000 0.000000 1.570796 0.000000 1.570796
    68 0.000000 0.300001 0.000000 1.570796 0.000000 1.570796
    69 -0.000011 0.000002 -0.000004 -3.141593 0.000001 1.570796
    70 0.000000 0.000000 0.000000 3.141593 0.000000 1.570796
    71 0.000001 0.000000 0.000000 -3.141593 0.000000 1.221730
    72 0.000000 0.000000 0.000000 3.141593 0.000000 1.570796
    73 0.000000 -0.000002 0.000000 3.141593 0.000000 1.570796
    74 0.000004 0.000000 0.000000 3.141593 0.000000 1.570797
    75 -0.000004 0.000000 0.000002 -1.570796 0.000000 1.570796
    76 0.000000 -0.000001 0.000008 -1.570796 0.000000 1.570796
    77 0.000001 0.000000 0.000000 -1.570796 0.000000 1.570796
    78 0.000001 0.000002 0.000000 -1.570796 0.000000 1.570796
    79 0.000000 0.000000 0.000000 -1.570796 0.000000 1.570796
    80 0.000001 0.000000 0.000000 -1.570796 0.000000 1.570796
    81 0.000001 0.000000 0.000000 -1.570796 0.000001 1.570796
    82 -0.000001 0.000000 0.000002 -1.570796 0.000001 1.570796
    83 0.000001 0.000000 0.000000 -1.570796 0.000000 1.570796
  time 1
    0 -3.214035 -9.243162 -5.000215 -3.317229 -0.136410 0.009444
    1 0.073573 17.526917 0.777220 0.000000 0.000001 0.000000
    2 -0.226386 4.254942 -0.608961 0.000000 -0.000001 0.000000
    3 -0.287354 6.789063 -0.811035 0.000000 0.000001 0.000000
    4 -0.045094 3.566423 0.891595 0.000000 -0.000001 0.000000
    5 -0.116185 1.807585 2.464996 0.447007 0.000002 0.000000
    6 0.000000 1.030615 0.000004 -3.092433 0.005669 -3.152752
    7 -0.000002 5.179932 -0.000037 -0.005493 -0.004550 0.000182
    8 -0.218267 25.777573 2.487072 2.364481 0.000002 0.000000
    9 0.000000 0.870350 0.000008 -0.187572 0.002673 -0.025175
    10 0.000000 4.478401 0.000072 0.566889 0.002404 -0.004625
    11 0.060259 17.192268 9.006816 -1.541330 -0.558045 -0.012181
    12 -0.781879 -23.848354 -7.442497 0.505421 0.195236 2.131423
    13 -1.294654 1.473667 0.640471 2.361821 -0.515043 -2.105043
    14 0.000011 1.832554 0.000004 0.105696 -0.242323 -0.022342
    15 0.000000 1.003359 0.000001 0.149478 -0.046945 0.047399
    16 -1.632739 4.327644 -0.483953 0.365940 0.282534 -0.019008
    17 -0.000010 1.637142 0.000010 0.512856 0.015868 -0.110020
    18 0.000007 1.100985 0.000004 0.016762 0.076956 -0.068134
    19 -0.500328 4.452953 -0.532495 0.396541 0.287798 0.017522
    20 -0.000010 1.442617 -0.000010 0.838494 0.029575 -0.036315
    21 -0.000003 1.302446 0.000004 0.004462 -0.041924 0.002935
    22 0.523221 4.540312 -0.480714 0.856150 0.290072 -0.285051
    23 -0.000001 1.198256 0.000008 0.243649 -0.133740 0.043354
    24 -0.000012 0.869780 0.000015 0.218278 0.063758 -0.018636
    25 1.354362 4.150681 -0.582655 0.848409 0.193448 -0.436427
    26 0.000000 1.157421 -0.000006 0.480746 -0.115639 0.003052
    27 0.000001 1.020055 0.000002 -0.120881 -0.015655 -0.025766
    28 5.003218 -8.070315 -8.112608 -2.387529 -0.023754 -0.018383
    29 0.000038 12.695422 -0.000004 -1.512901 0.459811 0.426682
    30 -3.383519 -4.212900 -10.192581 2.229025 1.357144 -0.906101
    31 -1.391397 1.476538 -0.700638 -1.757657 -1.119915 2.167452
    32 0.000002 1.751797 -0.000002 -0.382702 -0.196552 -0.169375
    33 0.000010 1.122969 0.000000 -0.357783 -0.049012 -0.094326
    34 -1.596883 4.441620 0.708540 -1.277766 -1.125313 1.291484
    35 -0.000008 1.481951 -0.000008 0.070154 0.079322 0.358289
    36 0.000002 1.056648 -0.000004 -0.115027 -0.128820 0.689447
    37 -0.470901 4.219486 0.926555 -2.516793 -0.098334 -3.183936
    38 -0.000010 1.609821 0.000004 1.338602 -0.114174 0.088559
    39 -0.000002 1.562311 0.000013 1.278058 0.025862 -0.031766
    40 0.576838 4.298388 0.639431 -2.185725 -0.104952 -3.078380
    41 0.000002 1.553762 -0.000008 1.256437 0.140301 0.008698
    42 0.000003 0.874434 -0.000006 0.891120 0.106775 0.200336
    43 1.459885 4.275572 0.219019 -2.155242 -0.186615 3.315304
    44 -0.000010 0.973051 -0.000004 0.971833 0.217243 0.114332
    45 0.000007 0.970890 0.000004 1.186701 0.085916 0.151173
    46 -7.008868 4.575658 -7.491495 -1.384091 0.687621 0.953180
    47 0.000011 12.706367 0.000010 -2.309338 0.355518 0.124203
    48 0.000000 0.000000 0.000000 1.570796 0.000000 1.570796
    49 -0.000006 1.500006 0.000000 1.570796 0.000000 1.570796
    50 0.000000 -0.299999 0.000000 -1.570796 0.000000 1.570796
    51 0.000000 0.000000 0.000000 0.000000 0.000000 1.570796
    52 0.000000 0.000000 0.000000 0.000000 0.000000 1.570796
    53 0.000000 0.000002 0.000001 0.000000 0.000000 1.919862
    54 0.000000 0.000000 0.000000 -1.570796 0.000000 1.570796
    55 0.000000 0.000000 0.000002 -1.570797 0.000000 1.570796
    56 -0.000002 -0.000002 0.000004 -1.570797 0.000001 1.570796
    57 0.000003 0.000000 0.000000 -1.570796 0.000000 1.570796
    58 0.000002 0.000003 0.000000 -1.570796 0.000000 1.570796
    59 0.000000 0.000000 0.000000 -1.570796 0.000000 1.570796
    60 -0.000001 0.000011 0.000000 -1.570796 0.000000 1.570796
    61 0.000000 0.000000 0.000000 -1.570796 -0.000001 1.570796
    62 0.000000 -0.000001 0.000000 -1.570796 0.000000 1.570796
    63 -0.000002 0.000002 -0.000002 -1.570796 0.000000 1.570796
    64 0.000000 0.000000 0.000000 -1.570797 0.000000 1.570796
    65 0.000000 0.000000 0.000000 -1.570797 0.000000 1.570796
    66 0.000000 0.000000 0.000000 1.570796 0.000000 1.570796
    67 0.000000 1.500000 0.000000 1.570796 0.000000 1.570796
    68 0.000000 0.300001 0.000000 1.570796 0.000000 1.570796
    69 -0.000011 0.000002 -0.000004 -3.141593 0.000001 1.570796
    70 0.000000 0.000000 0.000000 3.141593 0.000000 1.570796
    71 0.000001 0.000000 0.000000 -3.141593 0.000000 1.221730
    72 0.000000 0.000000 0.000000 3.141593 0.000000 1.570796
    73 0.000000 -0.000002 0.000000 3.141593 0.000000 1.570796
    74 0.000004 0.000000 0.000000 3.141593 0.000000 1.570797
    75 -0.000004 0.000000 0.000002 -1.570796 0.000000 1.570796
    76 0.000000 -0.000001 0.000008 -1.570796 0.000000 1.570796
    77 0.000001 0.000000 0.000000 -1.570796 0.000000 1.570796
    78 0.000001 0.000002 0.000000 -1.570796 0.000000 1.570796
    79 0.000000 0.000000 0.000000 -1.570796 0.000000 1.570796
    80 0.000001 0.000000 0.000000 -1.570796 0.000000 1.570796
    81 0.000001 0.000000 0.000000 -1.570796 0.000001 1.570796
    82 -0.000001 0.000000 0.000002 -1.570796 0.000001 1.570796
    83 0.000001 0.000000 0.000000 -1.570796 0.000000 1.570796
  time 2
    0 -3.214035 -7.106378 -5.043185 -3.335129 -0.106509 -0.008464
    1 0.073573 17.526917 0.777220 0.000000 0.000001 0.000000
    2 -0.226386 4.254942 -0.608961 0.000000 -0.000001 0.000000
    3 -0.287354 6.789063 -0.811035 0.000000 0.000001 0.000000
    4 -0.045094 3.566423 0.891595 0.000000 -0.000001 0.000000
    5 -0.116185 1.807585 2.464996 0.413145 0.000002 0.000000
    6 0.000000 1.030615 0.000004 -3.091347 -0.020074 -3.108851
    7 -0.000002 5.179932 -0.000037 -0.005574 -0.001482 0.000051
    8 -0.218267 25.777573 2.487072 2.362719 0.000002 0.000000
    9 0.000000 0.870350 0.000008 -0.173945 -0.003751 0.016938
    10 0.000000 4.478401 0.000072 0.681115 -0.017299 0.038544
    11 -0.619450 16.891478 8.284137 -1.549422 -0.413438 -0.008511
    12 -0.996729 -23.192084 -8.587063 0.737361 0.400440 2.193907
    13 -1.294654 1.473667 0.640471 2.361821 -0.515043 -2.105043
    14 0.000011 1.832554 0.000004 0.105696 -0.242323 -0.022342
    15 0.000000 1.003359 0.000001 0.145894 -0.056856 0.113499
    16 -1.632739 4.327644 -0.483953 0.365940 0.282534 -0.019008
    17 -0.000010 1.637142 0.000010 0.023894 0.016108 -0.109732
    18 0.000007 1.100985 0.000004 0.016762 0.076956 -0.068134
    19 -0.500328 4.452953 -0.532495 0.396541 0.287798 0.017522
    20 -0.000010 1.442617 -0.000010 0.349289 0.029754 -0.036171
    21 -0.000003 1.302446 0.000004 0.004462 -0.041924 0.002935
    22 0.523221 4.540312 -0.480714 0.856150 0.290072 -0.285051
    23 -0.000001 1.198256 0.000008 -0.245522 -0.133452 0.043449
    24 -0.000012 0.869780 0.000015 0.218278 0.063758 -0.018636
    25 1.354362 4.150681 -0.582655 0.848432 0.193448 -0.436427
    26 0.000000 1.157421 -0.000006 -0.008387 -0.115459 0.003160
    27 0.000001 1.020055 0.000002 -0.120881 -0.015655 -0.025766
    28 5.003218 -8.070315 -8.112608 -2.314050 -0.103345 -0.038230
    29 0.000038 12.695422 -0.000004 -1.564685 0.480805 0.427412
    30 -3.418676 -2.165962 -10.337117 2.064979 1.358216 -1.087085
    31 -1.391397 1.476538 -0.700638 -1.757657 -1.119915 2.167452
    32 0.000002 1.751797 -0.000002 -0.382702 -0.196552 -0.169375
    33 0.000010 1.122969 0.000000 -0.357783 -0.049012 -0.094326
    34 -1.596883 4.441620 0.708540 -1.277766 -1.125313 1.291484
    35 -0.000008 1.481951 -0.000008 0.070154 0.079310 0.358289
    36 0.000002 1.056648 -0.000004 -0.115051 -0.128784 0.689447
    37 -0.470901 4.219486 0.926555 -2.516793 -0.098334 -3.183936
    38 -0.000010 1.609821 0.000004 1.338602 -0.114174 0.088559
    39 -0.000002 1.562311 0.000013 1.278058 0.025862 -0.031766
    40 0.576838 4.298388 0.639431 -2.185725 -0.104952 -3.078380
    41 0.000002 1.553762 -0.000008 1.256437 0.140301 0.008698
    42 0.000003 0.874434 -0.000006 0.891120 0.106775 0.200336
    43 1.459885 4.275572 0.219019 -2.155230 -0.186603 3.315304
    44 -0.000010 0.973051 -0.000004 0.971833 0.217243 0.114332
    45 0.000007 0.970890 0.000004 1.186741 0.085916 0.151173
    46 -7.008868 4.575658 -7.491495 -1.176389 0.683427 1.155615
    47 0.000011 12.706367 0.000010 -2.458985 0.371709 0.105734
    48 0.000000 0.000000 0.000000 1.570796 0.000000 1.570796
    49 -0.000006 1.500006 0.000000 1.570796 0.000000 1.570796
    50 0.000000 -0.299999 0.000000 -1.570796 0.000000 1.570796
    51 0.000000 0.000000 0.000000 0.000000 0.000000 1.570796
    52 0.000000 0.000000 0.000000 0.000000 0.000000 1.570796
    53 0.000000 0.000002 0.000001 0.000000 0.000000 1.919862
    54 0.000000 0.000000 0.000000 -1.570796 0.000000 1.570796
    55 0.000000 0.000000 0.000002 -1.570797 0.000000 1.570796
    56 -0.000002 -0.000002 0.000004 -1.570797 0.000001 1.570796
    57 0.000003 0.000000 0.000000 -1.570796 0.000000 1.570796
    58 0.000002 0.000003 0.000000 -1.570796 0.000000 1.570796
    59 0.000000 0.000000 0.000000 -1.570796 0.000000 1.570796
    60 -0.000001 0.000011 0.000000 -1.570796 0.000000 1.570796
    61 0.000000 0.000000 0.000000 -1.570796 -0.000001 1.570796
    62 0.000000 -0.000001 0.000000 -1.570796 0.000000 1.570796
    63 -0.000002 0.000002 -0.000002 -1.570796 0.000000 1.570796
    64 0.000000 0.000000 0.000000 -1.570797 0.000000 1.570796
    65 0.000000 0.000000 0.000000 -1.570797 0.000000 1.570796
    66 0.000000 0.000000 0.000000 1.570796 0.000000 1.570796
    67 0.000000 1.500000 0.000000 1.570796 0.000000 1.570796
    68 0.000000 0.300001 0.000000 1.570796 0.000000 1.570796
    69 -0.000011 0.000002 -0.000004 -3.141593 0.000001 1.570796
    70 0.000000 0.000000 0.000000 3.141593 0.000000 1.570796
    71 0.000001 0.000000 0.000000 -3.141593 0.000000 1.221730
    72 0.000000 0.000000 0.000000 3.141593 0.000000 1.570796
    73 0.000000 -0.000002 0.000000 3.141593 0.000000 1.570796
    74 0.000004 0.000000 0.000000 3.141593 0.000000 1.570797
    75 -0.000004 0.000000 0.000002 -1.570796 0.000000 1.570796
    76 0.000000 -0.000001 0.000008 -1.570796 0.000000 1.570796
    77 0.000001 0.000000 0.000000 -1.570796 0.000000 1.570796
    78 0.000001 0.000002 0.000000 -1.570796 0.000000 1.570796
    79 0.000000 0.000000 0.000000 -1.570796 0.000000 1.570796
    80 0.000001 0.000000 0.000000 -1.570796 0.000000 1.570796
    81 0.000001 0.000000 0.000000 -1.570796 0.000001 1.570796
    82 -0.000001 0.000000 0.000002 -1.570796 0.000001 1.570796
    83 0.000001 0.000000 0.000000 -1.570796 0.000000 1.570796
  time 3
    0 -3.214035 -6.801681 -5.082249 -3.337343 -0.044787 -0.023591
    1 0.073573 17.526917 0.777220 0.000000 0.000001 0.000000
    2 -0.226386 4.254942 -0.608961 0.000000 -0.000001 0.000000
    3 -0.287354 6.789063 -0.811035 0.000000 0.000001 0.000000
    4 -0.045094 3.566423 0.891595 0.000000 -0.000001 0.000000
    5 -0.116185 1.807585 2.464996 0.342417 0.000002 0.000000
    6 0.000000 1.030615 0.000004 -3.091564 -0.042820 -3.072836
    7 -0.000002 5.179932 -0.000037 -0.005574 0.001143 -0.000201
    8 -0.218267 25.777573 2.487072 2.404425 0.000002 0.000000
    9 0.000000 0.870350 0.000008 -0.115365 -0.009120 0.047604
    10 0.000000 4.478401 0.000072 0.759027 -0.035192 0.071262
    11 -1.103839 16.368024 6.967691 -1.562416 -0.144627 -0.002979
    12 -1.465494 -22.844417 -8.641753 0.780013 0.354513 2.192998
    13 -1.294654 1.473667 0.640471 2.361821 -0.515043 -2.105043
    14 0.000011 1.832554 0.000004 0.105696 -0.242323 -0.022342
    15 0.000000 1.003359 0.000001 0.151204 -0.040545 0.005141
    16 -1.632739 4.327644 -0.483953 0.365940 0.282534 -0.019008
    17 -0.000010 1.637142 0.000010 0.064566 0.016096 -0.109756
    18 0.000007 1.100985 0.000004 0.016762 0.076956 -0.068134
    19 -0.500328 4.452953 -0.532495 0.396541 0.287798 0.017522
    20 -0.000010 1.442617 -0.000010 0.389830 0.029718 -0.036171
    21 -0.000003 1.302446 0.000004 0.004462 -0.041924 0.002935
    22 0.523221 4.540312 -0.480714 0.856150 0.290072 -0.285051
    23 -0.000001 1.198256 0.000008 -0.204893 -0.133476 0.043449
    24 -0.000012 0.869780 0.000015 0.218278 0.063758 -0.018648
    25 1.354362 4.150681 -0.582655 0.848432 0.193448 -0.436427
    26 0.000000 1.157421 -0.000006 0.032207 -0.115483 0.003160
    27 0.000001 1.020055 0.000002 -0.120881 -0.015655 -0.025766
    28 5.003218 -8.070315 -8.112608 -2.308241 -0.119753 -0.071490
    29 0.000038 12.695422 -0.000004 -1.577767 0.486102 0.427425
    30 -3.653059 -1.857359 -10.348836 1.773105 1.377516 -1.388662
    31 -1.391397 1.476538 -0.700638 -1.757657 -1.119915 2.167452
    32 0.000002 1.751797 -0.000002 -0.382702 -0.196552 -0.169375
    33 0.000010 1.122969 0.000000 -0.357783 -0.049012 -0.094326
    34 -1.596883 4.441620 0.708540 -1.277766 -1.125298 1.291484
    35 -0.000008 1.481951 -0.000008 0.070154 0.079310 0.358289
    36 0.000002 1.056648 -0.000004 -0.115039 -0.128784 0.689447
    37 -0.470901 4.219486 0.926555 -2.516793 -0.098334 -3.183936
    38 -0.000010 1.609821 0.000004 1.338602 -0.114174 0.088559
    39 -0.000002 1.562311 0.000013 1.278058 0.025862 -0.031766
    40 0.576838 4.298388 0.639431 -2.185725 -0.104952 -3.078380
    41 0.000002 1.553762 -0.000008 1.256437 0.140301 0.008698
    42 0.000003 0.874434 -0.000006 0.891120 0.106775 0.200336
    43 1.459885 4.275572 0.219019 -2.155230 -0.186603 3.315304
    44 -0.000010 0.973051 -0.000004 0.971833 0.217243 0.114332
    45 0.000007 0.970890 0.000004 1.186741 0.085916 0.151173
    46 -7.008868 4.575658 -7.491495 -1.132046 0.678760 1.169764
    47 0.000011 12.706367 0.000010 -2.488021 0.374441 0.101827
    48 0.000000 0.000000 0.000000 1.570796 0.000000 1.570796
    49 -0.000006 1.500006 0.000000 1.570796 0.000000 1.570796
    50 0.000000 -0.299999 0.000000 -1.570796 0.000000 1.570796
    51 0.000000 0.000000 0.000000 0.000000 0.000000 1.570796
    52 0.000000 0.000000 0.000000 0.000000 0.000000 1.570796
    53 0.000000 0.000002 0.000001 0.000000 0.000000 1.919862
    54 0.000000 0.000000 0.000000 -1.570796 0.000000 1.570796
    55 0.000000 0.000000 0.000002 -1.570797 0.000000 1.570796
    56 -0.000002 -0.000002 0.000004 -1.570797 0.000001 1.570796
    57 0.000003 0.000000 0.000000 -1.570796 0.000000 1.570796
    58 0.000002 0.000003 0.000000 -1.570796 0.000000 1.570796
    59 0.000000 0.000000 0.000000 -1.570796 0.000000 1.570796
    60 -0.000001 0.000011 0.000000 -1.570796 0.000000 1.570796
    61 0.000000 0.000000 0.000000 -1.570796 -0.000001 1.570796
    62 0.000000 -0.000001 0.000000 -1.570796 0.000000 1.570796
    63 -0.000002 0.000002 -0.000002 -1.570796 0.000000 1.570796
    64 0.000000 0.000000 0.000000 -1.570797 0.000000 1.570796
    65 0.000000 0.000000 0.000000 -1.570797 0.000000 1.570796
    66 0.000000 0.000000 0.000000 1.570796 0.000000 1.570796
    67 0.000000 1.500000 0.000000 1.570796 0.000000 1.570796
    68 0.000000 0.300001 0.000000 1.570796 0.000000 1.570796
    69 -0.000011 0.000002 -0.000004 -3.141593 0.000001 1.570796
    70 0.000000 0.000000 0.000000 3.141593 0.000000 1.570796
    71 0.000001 0.000000 0.000000 -3.141593 0.000000 1.221730
    72 0.000000 0.000000 0.000000 3.141593 0.000000 1.570796
    73 0.000000 -0.000002 0.000000 3.141593 0.000000 1.570796
    74 0.000004 0.000000 0.000000 3.141593 0.000000 1.570797
    75 -0.000004 0.000000 0.000002 -1.570796 0.000000 1.570796
    76 0.000000 -0.000001 0.000008 -1.570796 0.000000 1.570796
    77 0.000001 0.000000 0.000000 -1.570796 0.000000 1.570796
    78 0.000001 0.000002 0.000000 -1.570796 0.000000 1.570796
    79 0.000000 0.000000 0.000000 -1.570796 0.000000 1.570796
    80 0.000001 0.000000 0.000000 -1.570796 0.000000 1.570796
    81 0.000001 0.000000 0.000000 -1.570796 0.000001 1.570796
    82 -0.000001 0.000000 0.000002 -1.570796 0.000001 1.570796
    83 0.000001 0.000000 0.000000 -1.570796 0.000000 1.570796
  time 4
    0 -3.210129 -6.879808 -5.105687 -3.319250 0.019485 -0.028068
    1 0.073573 17.526917 0.777220 0.000000 0.000001 0.000000
    2 -0.226386 4.254942 -0.608961 0.000000 -0.000001 0.000000
    3 -0.287354 6.789063 -0.811035 0.000000 0.000001 0.000000
    4 -0.045094 3.566423 0.891595 0.000000 -0.000001 0.000000
    5 -0.116185 1.807585 2.464996 0.724050 0.000002 0.000000
    6 0.000000 1.030615 0.000004 -2.680400 -0.047327 -3.076850
    7 -0.000002 5.179932 -0.000037 0.059418 0.002497 -0.011143
    8 -0.218267 25.777573 2.487072 2.453154 0.000002 0.000000
    9 0.000000 0.870350 0.000008 -0.070386 -0.012045 0.062486
    10 0.000000 4.478401 0.000072 0.733932 -0.038379 0.078261
    11 -1.291345 16.043796 6.229387 -1.570796 0.000002 0.000000
    12 -1.758471 -22.641286 -8.880041 0.791299 0.272281 2.185890
    13 -1.294654 1.473667 0.640471 2.361821 -0.515043 -2.105043
    14 0.000011 1.832554 0.000004 0.105696 -0.242323 -0.022342
    15 0.000000 1.003359 0.000001 0.156201 -0.008834 -0.198057
    16 -1.632739 4.327644 -0.483953 0.365940 0.282534 -0.019008
    17 -0.000010 1.637142 0.000010 0.173286 0.016024 -0.109816
    18 0.000007 1.100985 0.000004 0.016762 0.076956 -0.068134
    19 -0.500328 4.452953 -0.532495 0.396541 0.287798 0.017522
    20 -0.000010 1.442617 -0.000010 0.498689 0.029646 -0.036171
    21 -0.000003 1.302446 0.000004 0.004462 -0.041924 0.002899
    22 0.523221 4.540312 -0.480714 0.856150 0.290072 -0.285051
    23 -0.000001 1.198256 0.000008 -0.096186 -0.133608 0.043449
    24 -0.000012 0.869780 0.000015 0.218278 0.063758 -0.018648
    25 1.354362 4.150681 -0.582655 0.848409 0.193448 -0.436427
    26 0.000000 1.157421 -0.000006 0.140885 -0.115531 0.003148
    27 0.000001 1.020055 0.000002 -0.120881 -0.015655 -0.025766
    28 5.003218 -8.070315 -8.112608 -2.288928 -0.118562 -0.094758
    29 0.000038 12.695422 -0.000004 -1.582196 0.487919 0.427399
    30 -3.961662 -1.830015 -10.223832 1.420837 1.397965 4.543458
    31 -1.391397 1.476538 -0.700638 -1.757657 -1.119915 2.167452
    32 0.000002 1.751797 -0.000002 -0.382702 -0.196552 -0.169375
    33 0.000010 1.122969 0.000000 -0.357783 -0.049012 -0.094326
    34 -1.596883 4.441620 0.708540 -1.277766 -1.125298 1.291484
    35 -0.000008 1.481951 -0.000008 0.070154 0.079310 0.358289
    36 0.000002 1.056648 -0.000004 -0.115051 -0.128772 0.689447
    37 -0.470901 4.219486 0.926555 -2.516793 -0.098334 -3.183936
    38 -0.000010 1.609821 0.000004 1.338602 -0.114174 0.088559
    39 -0.000002 1.562311 0.000013 1.278058 0.025862 -0.031766
    40 0.576838 4.298388 0.639431 -2.185725 -0.104952 -3.078380
    41 0.000002 1.553762 -0.000008 1.256437 0.140301 0.008698
    42 0.000003 0.874434 -0.000006 0.891120 0.106775 0.200336
    43 1.459885 4.275572 0.219019 -2.155242 -0.186603 3.315280
    44 -0.000010 0.973051 -0.000004 0.971833 0.217243 0.114332
    45 0.000007 0.970890 0.000004 1.186701 0.085916 0.151173
    46 -7.008868 4.575658 -7.491495 -1.138406 0.675836 1.120583
    47 0.000011 12.706367 0.000010 -2.504580 0.376011 0.099574
    48 0.000000 0.000000 0.000000 1.570796 0.000000 1.570796
    49 -0.000006 1.500006 0.000000 1.570796 0.000000 1.570796
    50 0.000000 -0.299999 0.000000 -1.570796 0.000000 1.570796
    51 0.000000 0.000000 0.000000 0.000000 0.000000 1.570796
    52 0.000000 0.000000 0.000000 0.000000 0.000000 1.570796
    53 0.000000 0.000002 0.000001 0.000000 0.000000 1.919862
    54 0.000000 0.000000 0.000000 -1.570796 0.000000 1.570796
    55 0.000000 0.000000 0.000002 -1.570797 0.000000 1.570796
    56 -0.000002 -0.000002 0.000004 -1.570797 0.000001 1.570796
    57 0.000003 0.000000 0.000000 -1.570796 0.000000 1.570796
    58 0.000002 0.000003 0.000000 -1.570796 0.000000 1.570796
    59 0.000000 0.000000 0.000000 -1.570796 0.000000 1.570796
    60 -0.000001 0.000011 0.000000 -1.570796 0.000000 1.570796
    61 0.000000 0.000000 0.000000 -1.570796 -0.000001 1.570796
    62 0.000000 -0.000001 0.000000 -1.570796 0.000000 1.570796
    63 -0.000002 0.000002 -0.000002 -1.570796 0.000000 1.570796
    64 0.000000 0.000000 0.000000 -1.570797 0.000000 1.570796
    65 0.000000 0.000000 0.000000 -1.570797 0.000000 1.570796
    66 0.000000 0.000000 0.000000 1.570796 0.000000 1.570796
    67 0.000000 1.500000 0.000000 1.570796 0.000000 1.570796
    68 0.000000 0.300001 0.000000 1.570796 0.000000 1.570796
    69 -0.000011 0.000002 -0.000004 -3.141593 0.000001 1.570796
    70 0.000000 0.000000 0.000000 3.141593 0.000000 1.570796
    71 0.000001 0.000000 0.000000 -3.141593 0.000000 1.221730
    72 0.000000 0.000000 0.000000 3.141593 0.000000 1.570796
    73 0.000000 -0.000002 0.000000 3.141593 0.000000 1.570796
    74 0.000004 0.000000 0.000000 3.141593 0.000000 1.570797
    75 -0.000004 0.000000 0.000002 -1.570796 0.000000 1.570796
    76 0.000000 -0.000001 0.000008 -1.570796 0.000000 1.570796
    77 0.000001 0.000000 0.000000 -1.570796 0.000000 1.570796
    78 0.000001 0.000002 0.000000 -1.570796 0.000000 1.570796
    79 0.000000 0.000000 0.000000 -1.570796 0.000000 1.570796
    80 0.000001 0.000000 0.000000 -1.570796 0.000000 1.570796
    81 0.000001 0.000000 0.000000 -1.570796 0.000001 1.570796
    82 -0.000001 0.000000 0.000002 -1.570796 0.000001 1.570796
    83 0.000001 0.000000 0.000000 -1.570796 0.000000 1.570796
  time 5
    0 -3.210129 -7.090752 -5.136938 -3.281235 0.071324 -0.026915
    1 0.073573 17.526917 0.777220 0.000000 0.000001 0.000000
    2 -0.226386 4.254942 -0.608961 0.000000 -0.000001 0.000000
    3 -0.287354 6.789063 -0.811035 0.000000 0.000001 0.000000
    4 -0.045094 3.566423 0.891595 0.000000 -0.000001 0.000000
    5 -0.116185 1.807585 2.464996 0.798602 0.000002 0.000000
    6 0.000000 1.030615 0.000004 -2.655215 -0.045002 -3.080927
    7 -0.000002 5.179932 -0.000037 0.140285 0.002844 -0.013816
    8 -0.218267 25.777573 2.487072 2.467033 0.000002 0.000000
    9 0.000000 0.870350 0.000008 -0.064023 -0.011925 0.061637
    10 0.000000 4.478401 0.000072 0.696397 -0.034868 0.072987
    11 -1.264001 15.950043 6.256732 -1.574862 0.000002 0.000559
    12 -1.961603 -22.379559 -9.286304 0.767015 0.167742 2.166467
    13 -1.294654 1.473667 0.640471 2.361821 -0.515043 -2.105043
    14 0.000011 1.832554 0.000004 0.105696 -0.242323 -0.022342
    15 0.000000 1.003359 0.000001 0.156141 0.008460 -0.307328
    16 -1.632739 4.327644 -0.483953 0.365940 0.282534 -0.019008
    17 -0.000010 1.637142 0.000010 0.330258 0.015940 -0.109900
    18 0.000007 1.100985 0.000004 0.016762 0.076956 -0.068134
    19 -0.500328 4.452953 -0.532495 0.396541 0.287798 0.017522
    20 -0.000010 1.442617 -0.000010 0.655596 0.029586 -0.036207
    21 -0.000003 1.302446 0.000004 0.004462 -0.041924 0.002935
    22 0.523221 4.540312 -0.480714 0.856150 0.290072 -0.285051
    23 -0.000001 1.198256 0.000008 0.060846 -0.133632 0.043413
    24 -0.000012 0.869780 0.000015 0.218278 0.063758 -0.018648
    25 1.354362 4.150681 -0.582655 0.848432 0.193448 -0.436427
    26 0.000000 1.157421 -0.000006 0.297955 -0.115579 0.003112
    27 0.000001 1.020055 0.000002 -0.120881 -0.015655 -0.025766
    28 5.003218 -8.070315 -8.112608 -2.254376 -0.113236 -0.113099
    29 0.000038 12.695422 -0.000004 -1.593098 0.492249 0.427321
    30 -4.207763 -1.849546 -9.973825 1.041058 1.417418 4.168610
    31 -1.391397 1.476538 -0.700638 -1.757588 -1.119915 2.167452
    32 0.000002 1.751797 -0.000002 -0.382702 -0.196552 -0.169375
    33 0.000010 1.122969 0.000000 -0.357783 -0.049012 -0.094326
    34 -1.596883 4.441620 0.708540 -1.269451 -1.138145 1.282269
    35 -0.000008 1.481951 -0.000008 0.068931 0.080281 0.344771
    36 0.000002 1.056648 -0.000004 -0.113253 -0.130342 0.675950
    37 -0.470901 4.219486 0.926555 -2.516793 -0.098334 -3.183936
    38 -0.000010 1.609821 0.000004 1.338602 -0.114174 0.088559
    39 -0.000002 1.562311 0.000013 1.278058 0.025862 -0.031766
    40 0.576838 4.298388 0.639431 -2.185725 -0.104952 -3.078380
    41 0.000002 1.553762 -0.000008 1.256437 0.140301 0.008698
    42 0.000003 0.874434 -0.000006 0.891120 0.106775 0.200336
    43 1.459885 4.275572 0.219019 -2.155230 -0.186603 3.315304
    44 -0.000010 0.973051 -0.000004 0.971833 0.217243 0.114332
    45 0.000007 0.970890 0.000004 1.186781 0.085916 0.151173
    46 -7.008868 4.575658 -7.491495 -1.180276 0.671110 1.047195
    47 0.000011 12.706367 0.000010 -2.519984 0.377377 0.097693
    48 0.000000 0.000000 0.000000 1.570796 0.000000 1.570796
    49 -0.000006 1.500006 0.000000 1.570796 0.000000 1.570796
    50 0.000000 -0.299999 0.000000 -1.570796 0.000000 1.570796
    51 0.000000 0.000000 0.000000 0.000000 0.000000 1.570796
    52 0.000000 0.000000 0.000000 0.000000 0.000000 1.570796
    53 0.000000 0.000002 0.000001 0.000000 0.000000 1.919862
    54 0.000000 0.000000 0.000000 -1.570796 0.000000 1.570796
    55 0.000000 0.000000 0.000002 -1.570797 0.000000 1.570796
    56 -0.000002 -0.000002 0.000004 -1.570797 0.000001 1.570796
    57 0.000003 0.000000 0.000000 -1.570796 0.000000 1.570796
    58 0.000002 0.000003 0.000000 -1.570796 0.000000 1.570796
    59 0.000000 0.000000 0.000000 -1.570796 0.000000 1.570796
    60 -0.000001 0.000011 0.000000 -1.570796 0.000000 1.570796
    61 0.000000 0.000000 0.000000 -1.570796 -0.000001 1.570796
    62 0.000000 -0.000001 0.000000 -1.570796 0.000000 1.570796
    63 -0.000002 0.000002 -0.000002 -1.570796 0.000000 1.570796
    64 0.000000 0.000000 0.000000 -1.570797 0.000000 1.570796
    65 0.000000 0.000000 0.000000 -1.570797 0.000000 1.570796
    66 0.000000 0.000000 0.000000 1.570796 0.000000 1.570796
    67 0.000000 1.500000 0.000000 1.570796 0.000000 1.570796
    68 0.000000 0.300001 0.000000 1.570796 0.000000 1.570796
    69 -0.000011 0.000002 -0.000004 -3.141593 0.000001 1.570796
    70 0.000000 0.000000 0.000000 3.141593 0.000000 1.570796
    71 0.000001 0.000000 0.000000 -3.141593 0.000000 1.221730
    72 0.000000 0.000000 0.000000 3.141593 0.000000 1.570796
    73 0.000000 -0.000002 0.000000 3.141593 0.000000 1.570796
    74 0.000004 0.000000 0.000000 3.141593 0.000000 1.570797
    75 -0.000004 0.000000 0.000002 -1.570796 0.000000 1.570796
    76 0.000000 -0.000001 0.000008 -1.570796 0.000000 1.570796
    77 0.000001 0.000000 0.000000 -1.570796 0.000000 1.570796
    78 0.000001 0.000002 0.000000 -1.570796 0.000000 1.570796
    79 0.000000 0.000000 0.000000 -1.570796 0.000000 1.570796
    80 0.000001 0.000000 0.000000 -1.570796 0.000000 1.570796
    81 0.000001 0.000000 0.000000 -1.570796 0.000001 1.570796
    82 -0.000001 0.000000 0.000002 -1.570796 0.000001 1.570796
    83 0.000001 0.000000 0.000000 -1.570796 0.000000 1.570796
  time 6
    0 -3.206222 -7.403262 -5.156470 -3.236131 0.099053 -0.020674
    1 0.073573 17.526917 0.777220 0.000000 0.000001 0.000000
    2 -0.226386 4.254942 -0.608961 0.000000 -0.000001 0.000000
    3 -0.287354 6.789063 -0.811035 0.000000 0.000001 0.000000
    4 -0.045094 3.566423 0.891595 0.000000 -0.000001 0.000000
    5 -0.116185 1.807585 2.464996 0.835117 0.000002 0.000000
    6 0.000000 1.030615 0.000004 -2.650001 -0.041838 -3.085492
    7 -0.000002 5.179932 -0.000037 0.183321 0.002701 -0.011502
    8 -0.218267 25.777573 2.487072 2.478142 0.000002 0.000000
    9 0.000000 0.870350 0.000008 -0.060080 -0.010714 0.056743
    10 0.000000 4.478401 0.000072 0.658762 -0.029762 0.064742
    11 -1.158529 15.895354 6.346578 -1.578156 -0.000020 0.001011
    12 -2.008479 -22.156896 -9.637877 0.713700 0.061203 2.142581
    13 -1.294654 1.473667 0.640471 2.361821 -0.515043 -2.105043
    14 0.000011 1.832554 0.000004 0.105696 -0.242323 -0.022342
    15 0.000000 1.003359 0.000001 0.156465 0.005260 -0.286945
    16 -1.632739 4.327644 -0.483953 0.365940 0.282534 -0.019008
    17 -0.000010 1.637142 0.000010 0.512856 0.015868 -0.110020
    18 0.000007 1.100985 0.000004 0.016762 0.076956 -0.068134
    19 -0.500328 4.452953 -0.532495 0.396541 0.287798 0.017522
    20 -0.000010 1.442617 -0.000010 0.838494 0.029575 -0.036315
    21 -0.000003 1.302446 0.000004 0.004462 -0.041924 0.002935
    22 0.523221 4.540312 -0.480714 0.856150 0.290072 -0.285051
    23 -0.000001 1.198256 0.000008 0.243649 -0.133740 0.043354
    24 -0.000012 0.869780 0.000015 0.218278 0.063758 -0.018624
    25 1.354362 4.150681 -0.582655 0.848409 0.193448 -0.436427
    26 0.000000 1.157421 -0.000006 0.480746 -0.115639 0.003052
    27 0.000001 1.020055 0.000002 -0.120881 -0.015655 -0.025766
    28 5.003218 -8.070315 -8.112608 -2.217410 -0.104073 -0.121380
    29 0.000038 12.695422 -0.000004 -1.608224 0.498377 0.427073
    30 -4.348392 -1.951112 -9.680847 0.690828 1.434574 3.825723
    31 -1.391397 1.476538 -0.700638 -1.757588 -1.119927 2.167452
    32 0.000002 1.751797 -0.000002 -0.382702 -0.196552 -0.169375
    33 0.000010 1.122969 0.000000 -0.357783 -0.049012 -0.094326
    34 -1.596883 4.441620 0.708540 -1.245931 -1.170369 1.256551
    35 -0.000008 1.481951 -0.000008 0.066307 0.082570 0.310900
    36 0.000002 1.056648 -0.000004 -0.108843 -0.134009 0.642048
    37 -0.470901 4.219486 0.926555 -2.516793 -0.098334 -3.183936
    38 -0.000010 1.609821 0.000004 1.338602 -0.114174 0.088559
    39 -0.000002 1.562311 0.000013 1.278058 0.025862 -0.031766
    40 0.576838 4.298388 0.639431 -2.185725 -0.104952 -3.078380
    41 0.000002 1.553762 -0.000008 1.256437 0.140301 0.008698
    42 0.000003 0.874434 -0.000006 0.891120 0.106775 0.200336
    43 1.459885 4.275572 0.219019 -2.155218 -0.186603 3.315304
    44 -0.000010 0.973051 -0.000004 0.971833 0.217243 0.114332
    45 0.000007 0.970890 0.000004 1.186761 0.085916 0.151173
    46 -7.008868 4.575658 -7.491495 -1.245466 0.664228 0.969801
    47 0.000011 12.706367 0.000010 -2.524836 0.377941 0.097070
    48 0.000000 0.000000 0.000000 1.570796 0.000000 1.570796
    49 -0.000006 1.500006 0.000000 1.570796 0.000000 1.570796
    50 0.000000 -0.299999 0.000000 -1.570796 0.000000 1.570796
    51 0.000000 0.000000 0.000000 0.000000 0.000000 1.570796
    52 0.000000 0.000000 0.000000 0.000000 0.000000 1.570796
    53 0.000000 0.000002 0.000001 0.000000 0.000000 1.919862
    54 0.000000 0.000000 0.000000 -1.570796 0.000000 1.570796
    55 0.000000 0.000000 0.000002 -1.570797 0.000000 1.570796
    56 -0.000002 -0.000002 0.000004 -1.570797 0.000001 1.570796
    57 0.000003 0.000000 0.000000 -1.570796 0.000000 1.570796
    58 0.000002 0.000003 0.000000 -1.570796 0.000000 1.570796
    59 0.000000 0.000000 0.000000 -1.570796 0.000000 1.570796
    60 -0.000001 0.000011 0.000000 -1.570796 0.000000 1.570796
    61 0.000000 0.000000 0.000000 -1.570796 -0.000001 1.570796
    62 0.000000 -0.000001 0.000000 -1.570796 0.000000 1.570796
    63 -0.000002 0.000002 -0.000002 -1.570796 0.000000 1.570796
    64 0.000000 0.000000 0.000000 -1.570797 0.000000 1.570796
    65 0.000000 0.000000 0.000000 -1.570797 0.000000 1.570796
    66 0.000000 0.000000 0.000000 1.570796 0.000000 1.570796
    67 0.000000 1.500000 0.000000 1.570796 0.000000 1.570796
    68 0.000000 0.300001 0.000000 1.570796 0.000000 1.570796
    69 -0.000011 0.000002 -0.000004 -3.141593 0.000001 1.570796
    70 0.000000 0.000000 0.000000 3.141593 0.000000 1.570796
    71 0.000001 0.000000 0.000000 -3.141593 0.000000 1.221730
    72 0.000000 0.000000 0.000000 3.141593 0.000000 1.570796
    73 0.000000 -0.000002 0.000000 3.141593 0.000000 1.570796
    74 0.000004 0.000000 0.000000 3.141593 0.000000 1.570797
    75 -0.000004 0.000000 0.000002 -1.570796 0.000000 1.570796
    76 0.000000 -0.000001 0.000008 -1.570796 0.000000 1.570796
    77 0.000001 0.000000 0.000000 -1.570796 0.000000 1.570796
    78 0.000001 0.000002 0.000000 -1.570796 0.000000 1.570796
    79 0.000000 0.000000 0.000000 -1.570796 0.000000 1.570796
    80 0.000001 0.000000 0.000000 -1.570796 0.000000 1.570796
    81 0.000001 0.000000 0.000000 -1.570796 0.000001 1.570796
    82 -0.000001 0.000000 0.000002 -1.570796 0.000001 1.570796
    83 0.000001 0.000000 0.000000 -1.570796 0.000000 1.570796
  time 7
    0 -3.206222 -7.786086 -5.176002 -3.190578 0.112902 -0.012263
    1 0.073573 17.526917 0.777220 0.000000 0.000001 0.000000
    2 -0.226386 4.254942 -0.608961 0.000000 -0.000001 0.000000
    3 -0.287354 6.789063 -0.811035 0.000000 0.000001 0.000000
    4 -0.045094 3.566423 0.891595 0.000000 -0.000001 0.000000
    5 -0.116185 1.807585 2.464996 0.854194 0.000002 0.000000
    6 0.000000 1.030615 0.000004 -2.650963 -0.036876 -3.091898
    7 -0.000002 5.179932 -0.000037 0.202585 0.001886 -0.008183
    8 -0.218267 25.777573 2.487072 2.488006 0.000002 0.000000
    9 0.000000 0.870350 0.000008 -0.057755 -0.009048 0.048546
    10 0.000000 4.478401 0.000072 0.619505 -0.024238 0.054148
    11 -1.013993 15.848477 6.463769 -1.580862 -0.000042 0.001370
    12 -1.969415 -21.973297 -9.907416 0.648632 -0.044461 2.121670
    13 -1.294654 1.473667 0.640471 2.361821 -0.515043 -2.105043
    14 0.000011 1.832554 0.000004 0.105696 -0.242323 -0.022342
    15 0.000000 1.003359 0.000001 0.156633 -0.001104 -0.246776
    16 -1.632739 4.327644 -0.483953 0.365940 0.282534 -0.019008
    17 -0.000010 1.637142 0.000010 0.695620 0.015784 -0.110140
    18 0.000007 1.100985 0.000004 0.016762 0.076956 -0.068134
    19 -0.500328 4.452953 -0.532495 0.396541 0.287798 0.017522
    20 -0.000010 1.442617 -0.000010 1.021080 0.029527 -0.036447
    21 -0.000003 1.302446 0.000004 0.004462 -0.041924 0.002935
    22 0.523221 4.540312 -0.480714 0.856150 0.290072 -0.285051
    23 -0.000001 1.198256 0.000008 0.426196 -0.133836 0.043246
    24 -0.000012 0.869780 0.000015 0.218278 0.063758 -0.018624
    25 1.354362 4.150681 -0.582655 0.848432 0.193448 -0.436427
    26 0.000000 1.157421 -0.000006 0.663374 -0.115698 0.002945
    27 0.000001 1.020055 0.000002 -0.120881 -0.015655 -0.025766
    28 5.003218 -8.070315 -8.112608 -2.187460 -0.095108 -0.122954
    29 0.000038 12.695422 -0.000004 -1.623078 0.504196 0.426721
    30 -4.422613 -2.146430 -9.380056 0.335503 1.445526 3.478161
    31 -1.391397 1.476538 -0.700638 -1.757657 -1.119903 2.167452
    32 0.000002 1.751797 -0.000002 -0.382702 -0.196552 -0.169375
    33 0.000010 1.122969 0.000000 -0.357783 -0.049012 -0.094326
    34 -1.596883 4.441620 0.708540 -1.208913 -1.211821 1.216619
    35 -0.000008 1.481951 -0.000008 0.062495 0.085410 0.266916
    36 0.000002 1.056648 -0.000004 -0.102946 -0.138623 0.597932
    37 -0.470901 4.219486 0.926555 -2.516793 -0.098334 -3.183936
    38 -0.000010 1.609821 0.000004 1.338602 -0.114174 0.088559
    39 -0.000002 1.562311 0.000013 1.278058 0.025862 -0.031766
    40 0.576838 4.298388 0.639431 -2.185725 -0.104952 -3.078380
    41 0.000002 1.553762 -0.000008 1.256437 0.140301 0.008698
    42 0.000003 0.874434 -0.000006 0.891120 0.106775 0.200336
    43 1.459885 4.275572 0.219019 -2.155242 -0.186603 3.315304
    44 -0.000010 0.973051 -0.000004 0.971833 0.217243 0.114332
    45 0.000007 0.970890 0.000004 1.186781 0.085916 0.151173
    46 -7.008868 4.575658 -7.491495 -1.320903 0.654865 0.894197
    47 0.000011 12.706367 0.000010 -2.519291 0.377366 0.097825
    48 0.000000 0.000000 0.000000 1.570796 0.000000 1.570796
    49 -0.000006 1.500006 0.000000 1.570796 0.000000 1.570796
    50 0.000000 -0.299999 0.000000 -1.570796 0.000000 1.570796
    51 0.000000 0.000000 0.000000 0.000000 0.000000 1.570796
    52 0.000000 0.000000 0.000000 0.000000 0.000000 1.570796
    53 0.000000 0.000002 0.000001 0.000000 0.000000 1.919862
    54 0.000000 0.000000 0.000000 -1.570796 0.000000 1.570796
    55 0.000000 0.000000 0.000002 -1.570797 0.000000 1.570796
    56 -0.000002 -0.000002 0.000004 -1.570797 0.000001 1.570796
    57 0.000003 0.000000 0.000000 -1.570796 0.000000 1.570796
    58 0.000002 0.000003 0.000000 -1.570796 0.000000 1.570796
    59 0.000000 0.000000 0.000000 -1.570796 0.000000 1.570796
    60 -0.000001 0.000011 0.000000 -1.570796 0.000000 1.570796
    61 0.000000 0.000000 0.000000 -1.570796 -0.000001 1.570796
    62 0.000000 -0.000001 0.000000 -1.570796 0.000000 1.570796
    63 -0.000002 0.000002 -0.000002 -1.570796 0.000000 1.570796
    64 0.000000 0.000000 0.000000 -1.570797 0.000000 1.570796
    65 0.000000 0.000000 0.000000 -1.570797 0.000000 1.570796
    66 0.000000 0.000000 0.000000 1.570796 0.000000 1.570796
    67 0.000000 1.500000 0.000000 1.570796 0.000000 1.570796
    68 0.000000 0.300001 0.000000 1.570796 0.000000 1.570796
    69 -0.000011 0.000002 -0.000004 -3.141593 0.000001 1.570796
    70 0.000000 0.000000 0.000000 3.141593 0.000000 1.570796
    71 0.000001 0.000000 0.000000 -3.141593 0.000000 1.221730
    72 0.000000 0.000000 0.000000 3.141593 0.000000 1.570796
    73 0.000000 -0.000002 0.000000 3.141593 0.000000 1.570796
    74 0.000004 0.000000 0.000000 3.141593 0.000000 1.570797
    75 -0.000004 0.000000 0.000002 -1.570796 0.000000 1.570796
    76 0.000000 -0.000001 0.000008 -1.570796 0.000000 1.570796
    77 0.000001 0.000000 0.000000 -1.570796 0.000000 1.570796
    78 0.000001 0.000002 0.000000 -1.570796 0.000000 1.570796
    79 0.000000 0.000000 0.000000 -1.570796 0.000000 1.570796
    80 0.000001 0.000000 0.000000 -1.570796 0.000000 1.570796
    81 0.000001 0.000000 0.000000 -1.570796 0.000001 1.570796
    82 -0.000001 0.000000 0.000002 -1.570796 0.000001 1.570796
    83 0.000001 0.000000 0.000000 -1.570796 0.000000 1.570796
  time 8
    0 -3.202316 -8.219693 -5.191627 -3.150575 0.119984 -0.004123
    1 0.073573 17.526917 0.777220 0.000000 0.000001 0.000000
    2 -0.226386 4.254942 -0.608961 0.000000 -0.000001 0.000000
    3 -0.287354 6.789063 -0.811035 0.000000 0.000001 0.000000
    4 -0.045094 3.566423 0.891595 0.000000 -0.000001 0.000000
    5 -0.116185 1.807585 2.464996 0.861099 0.000002 0.000000
    6 0.000000 1.030615 0.000004 -2.655075 -0.030680 -3.099847
    7 -0.000002 5.179932 -0.000037 0.203720 0.000495 -0.003892
    8 -0.218267 25.777573 2.487072 2.497485 0.000002 0.000000
    9 0.000000 0.870350 0.000008 -0.056161 -0.007071 0.037908
    10 0.000000 4.478401 0.000072 0.576720 -0.018149 0.042487
    11 -0.861645 15.832852 6.620024 -1.582941 -0.000064 0.001649
    12 -1.903007 -21.856105 -10.032420 0.583798 -0.143939 2.106958
    13 -1.294654 1.473667 0.640471 2.361821 -0.515043 -2.105043
    14 0.000011 1.832554 0.000004 0.105696 -0.242323 -0.022342
    15 0.000000 1.003359 0.000001 0.156609 -0.005694 -0.217650
    16 -1.632739 4.327644 -0.483953 0.365940 0.282534 -0.019008
    17 -0.000010 1.637142 0.000010 0.852703 0.015772 -0.110260
    18 0.000007 1.100985 0.000004 0.016762 0.076956 -0.068134
    19 -0.500328 4.452953 -0.532495 0.396541 0.287798 0.017522
    20 -0.000010 1.442617 -0.000010 1.177949 0.029491 -0.036651
    21 -0.000003 1.302446 0.000004 0.004462 -0.041924 0.002935
    22 0.523221 4.540312 -0.480714 0.856150 0.290072 -0.285051
    23 -0.000001 1.198256 0.000008 0.583287 -0.133847 0.043210
    24 -0.000012 0.869780 0.000015 0.218278 0.063758 -0.018624
    25 1.354362 4.150681 -0.582655 0.848432 0.193448 -0.436427
    26 0.000000 1.157421 -0.000006 0.820444 -0.115746 0.002717
    27 0.000001 1.020055 0.000002 -0.120881 -0.015655 -0.025766
    28 5.003218 -8.070315 -8.112608 -2.170863 -0.092197 -0.121243
    29 0.000038 12.695422 -0.000004 -1.633162 0.508333 0.426382
    30 -4.473396 -2.415970 -9.122236 0.007504 1.445832 3.157980
    31 -1.391397 1.476538 -0.700638 -1.757657 -1.119915 2.167452
    32 0.000002 1.751797 -0.000002 -0.382702 -0.196552 -0.169375
    33 0.000010 1.122969 0.000000 -0.357783 -0.049012 -0.094326
    34 -1.596883 4.441620 0.708540 -1.162100 -1.252489 1.166689
    35 -0.000008 1.481951 -0.000008 0.058624 0.088119 0.222881
    36 0.000002 1.056648 -0.000004 -0.096738 -0.143034 0.553644
    37 -0.470901 4.219486 0.926555 -2.516819 -0.098334 -3.183936
    38 -0.000010 1.609821 0.000004 1.338602 -0.114174 0.088559
    39 -0.000002 1.562311 0.000013 1.278058 0.025862 -0.031766
    40 0.576838 4.298388 0.639431 -2.185725 -0.104952 -3.078380
    41 0.000002 1.553762 -0.000008 1.256437 0.140301 0.008698
    42 0.000003 0.874434 -0.000006 0.891120 0.106775 0.200336
    43 1.459885 4.275572 0.219019 -2.155242 -0.186603 3.315304
    44 -0.000010 0.973051 -0.000004 0.971833 0.217243 0.114332
    45 0.000007 0.970890 0.000004 1.186741 0.085916 0.151173
    46 -7.008868 4.575658 -7.491495 -1.395163 0.644143 0.825838
    47 0.000011 12.706367 0.000010 -2.504349 0.375975 0.099646
    48 0.000000 0.000000 0.000000 1.570796 0.000000 1.570796
    49 -0.000006 1.500006 0.000000 1.570796 0.000000 1.570796
    50 0.000000 -0.299999 0.000000 -1.570796 0.000000 1.570796
    51 0.000000 0.000000 0.000000 0.000000 0.000000 1.570796
    52 0.000000 0.000000 0.000000 0.000000 0.000000 1.570796
    53 0.000000 0.000002 0.000001 0.000000 0.000000 1.919862
    54 0.000000 0.000000 0.000000 -1.570796 0.000000 1.570796
    55 0.000000 0.000000 0.000002 -1.570797 0.000000 1.570796
    56 -0.000002 -0.000002 0.000004 -1.570797 0.000001 1.570796
    57 0.000003 0.000000 0.000000 -1.570796 0.000000 1.570796
    58 0.000002 0.000003 0.000000 -1.570796 0.000000 1.570796
    59 0.000000 0.000000 0.000000 -1.570796 0.000000 1.570796
    60 -0.000001 0.000011 0.000000 -1.570796 0.000000 1.570796
    61 0.000000 0.000000 0.000000 -1.570796 -0.000001 1.570796
    62 0.000000 -0.000001 0.000000 -1.570796 0.000000 1.570796
    63 -0.000002 0.000002 -0.000002 -1.570796 0.000000 1.570796
    64 0.000000 0.000000 0.000000 -1.570797 0.000000 1.570796
    65 0.000000 0.000000 0.000000 -1.570797 0.000000 1.570796
    66 0.000000 0.000000 0.000000 1.570796 0.000000 1.570796
    67 0.000000 1.500000 0.000000 1.570796 0.000000 1.570796
    68 0.000000 0.300001 0.000000 1.570796 0.000000 1.570796
    69 -0.000011 0.000002 -0.000004 -3.141593 0.000001 1.570796
    70 0.000000 0.000000 0.000000 3.141593 0.000000 1.570796
    71 0.000001 0.000000 0.000000 -3.141593 0.000000 1.221730
    72 0.000000 0.000000 0.000000 3.141593 0.000000 1.570796
    73 0.000000 -0.000002 0.000000 3.141593 0.000000 1.570796
    74 0.000004 0.000000 0.000000 3.141593 0.000000 1.570797
    75 -0.000004 0.000000 0.000002 -1.570796 0.000000 1.570796
    76 0.000000 -0.000001 0.000008 -1.570796 0.000000 1.570796
    77 0.000001 0.000000 0.000000 -1.570796 0.000000 1.570796
    78 0.000001 0.000002 0.000000 -1.570796 0.000000 1.570796
    79 0.000000 0.000000 0.000000 -1.570796 0.000000 1.570796
    80 0.000001 0.000000 0.000000 -1.570796 0.000000 1.570796
    81 0.000001 0.000000 0.000000 -1.570796 0.000001 1.570796
    82 -0.000001 0.000000 0.000002 -1.570796 0.000001 1.570796
    83 0.000001 0.000000 0.000000 -1.570796 0.000000 1.570796
  time 9
    0 -3.202316 -8.661113 -5.199440 -3.120965 0.123509 0.002050
    1 0.073573 17.526917 0.777220 0.000000 0.000001 0.000000
    2 -0.226386 4.254942 -0.608961 0.000000 -0.000001 0.000000
    3 -0.287354 6.789063 -0.811035 0.000000 0.000001 0.000000
    4 -0.045094 3.566423 0.891595 0.000000 -0.000001 0.000000
    5 -0.116185 1.807585 2.464996 0.857822 0.000002 0.000000
    6 0.000000 1.030615 0.000004 -2.661220 -0.023645 -3.108898
    7 -0.000002 5.179932 -0.000037 0.189045 -0.000763 0.000206
    8 -0.218267 25.777573 2.487072 2.507876 0.000002 0.000000
    9 0.000000 0.870350 0.000008 -0.054315 -0.004710 0.025639
    10 0.000000 4.478401 0.000072 0.528418 -0.012577 0.030670
    11 -0.650701 15.817226 6.791904 -1.584457 -0.000064 0.001875
    12 -1.836599 -21.856105 -10.032420 0.527214 -0.228670 2.096296
    13 -1.294654 1.473667 0.640471 2.361821 -0.515043 -2.105043
    14 0.000011 1.832554 0.000004 0.105732 -0.242323 -0.022342
    15 0.000000 1.003359 0.000001 0.156513 -0.007756 -0.205378
    16 -1.632739 4.327644 -0.483953 0.365940 0.282534 -0.019008
    17 -0.000010 1.637142 0.000010 0.961339 0.015772 -0.110344
    18 0.000007 1.100985 0.000004 0.016762 0.076956 -0.068134
    19 -0.500328 4.452953 -0.532495 0.396541 0.287798 0.017522
    20 -0.000010 1.442617 -0.000010 1.286846 0.029467 -0.036783
    21 -0.000003 1.302446 0.000004 0.004478 -0.041924 0.002911
    22 0.523221 4.540312 -0.480714 0.856150 0.290072 -0.285051
    23 -0.000001 1.198256 0.000008 0.691935 -0.133847 0.043126
    24 -0.000012 0.869780 0.000015 0.218278 0.063758 -0.018636
    25 1.354362 4.150681 -0.582655 0.848409 0.193448 -0.436427
    26 0.000000 1.157421 -0.000006 0.929145 -0.115794 0.002621
    27 0.000001 1.020055 0.000002 -0.120881 -0.015655 -0.025766
    28 5.003218 -8.070315 -8.112608 -2.168902 -0.090973 -0.117068
    29 0.000038 12.695422 -0.000004 -1.636501 0.509570 0.426369
    30 -4.508554 -2.751918 -8.930824 -0.219715 1.439552 2.935304
    31 -1.391397 1.476538 -0.700638 -1.757657 -1.119939 2.167452
    32 0.000002 1.751797 -0.000002 -0.382702 -0.196552 -0.169375
    33 0.000010 1.122969 0.000000 -0.357783 -0.049012 -0.094326
    34 -1.596883 4.441620 0.708540 -1.116768 -1.283250 1.119590
    35 -0.000008 1.481951 -0.000008 0.055592 0.090036 0.189010
    36 0.000002 1.056648 -0.000004 -0.091801 -0.146186 0.519669
    37 -0.470901 4.219486 0.926555 -2.516793 -0.098334 -3.183936
    38 -0.000010 1.609821 0.000004 1.338602 -0.114174 0.088559
    39 -0.000002 1.562311 0.000013 1.278058 0.025862 -0.031766
    40 0.576838 4.298388 0.639431 -2.185725 -0.104952 -3.078380
    41 0.000002 1.553762 -0.000008 1.256437 0.140301 0.008698
    42 0.000003 0.874434 -0.000006 0.891120 0.106775 0.200336
    43 1.459885 4.275572 0.219019 -2.155242 -0.186603 3.315304
    44 -0.000010 0.973051 -0.000004 0.971833 0.217243 0.114332
    45 0.000007 0.970890 0.000004 1.186721 0.085916 0.151173
    46 -7.008868 4.575658 -7.491495 -1.458174 0.634071 0.770690
    47 0.000011 12.706367 0.000010 -2.482784 0.374022 0.102606
    48 0.000000 0.000000 0.000000 1.570796 0.000000 1.570796
    49 -0.000006 1.500006 0.000000 1.570796 0.000000 1.570796
    50 0.000000 -0.299999 0.000000 -1.570796 0.000000 1.570796
    51 0.000000 0.000000 0.000000 0.000000 0.000000 1.570796
    52 0.000000 0.000000 0.000000 0.000000 0.000000 1.570796
    53 0.000000 0.000002 0.000001 0.000000 0.000000 1.919862
    54 0.000000 0.000000 0.000000 -1.570796 0.000000 1.570796
    55 0.000000 0.000000 0.000002 -1.570797 0.000000 1.570796
    56 -0.000002 -0.000002 0.000004 -1.570797 0.000001 1.570796
    57 0.000003 0.000000 0.000000 -1.570796 0.000000 1.570796
    58 0.000002 0.000003 0.000000 -1.570796 0.000000 1.570796
    59 0.000000 0.000000 0.000000 -1.570796 0.000000 1.570796
    60 -0.000001 0.000011 0.000000 -1.570796 0.000000 1.570796
    61 0.000000 0.000000 0.000000 -1.570796 -0.000001 1.570796
    62 0.000000 -0.000001 0.000000 -1.570796 0.000000 1.570796
    63 -0.000002 0.000002 -0.000002 -1.570796 0.000000 1.570796
    64 0.000000 0.000000 0.000000 -1.570797 0.000000 1.570796
    65 0.000000 0.000000 0.000000 -1.570797 0.000000 1.570796
    66 0.000000 0.000000 0.000000 1.570796 0.000000 1.570796
    67 0.000000 1.500000 0.000000 1.570796 0.000000 1.570796
    68 0.000000 0.300001 0.000000 1.570796 0.000000 1.570796
    69 -0.000011 0.000002 -0.000004 -3.141593 0.000001 1.570796
    70 0.000000 0.000000 0.000000 3.141593 0.000000 1.570796
    71 0.000001 0.000000 0.000000 -3.141593 0.000000 1.221730
    72 0.000000 0.000000 0.000000 3.141593 0.000000 1.570796
    73 0.000000 -0.000002 0.000000 3.141593 0.000000 1.570796
    74 0.000004 0.000000 0.000000 3.141593 0.000000 1.570797
    75 -0.000004 0.000000 0.000002 -1.570796 0.000000 1.570796
    76 0.000000 -0.000001 0.000008 -1.570796 0.000000 1.570796
    77 0.000001 0.000000 0.000000 -1.570796 0.000000 1.570796
    78 0.000001 0.000002 0.000000 -1.570796 0.000000 1.570796
    79 0.000000 0.000000 0.000000 -1.570796 0.000000 1.570796
    80 0.000001 0.000000 0.000000 -1.570796 0.000000 1.570796
    81 0.000001 0.000000 0.000000 -1.570796 0.000001 1.570796
    82 -0.000001 0.000000 0.000002 -1.570796 0.000001 1.570796
    83 0.000001 0.000000 0.000000 -1.570796 0.000000 1.570796
  time 10
    0 -3.198409 -9.086907 -5.211159 -3.108935 0.125146 0.004492
    1 0.073573 17.526917 0.777220 0.000000 0.000001 0.000000
    2 -0.226386 4.254942 -0.608961 0.000000 -0.000001 0.000000
    3 -0.287354 6.789063 -0.811035 0.000000 0.000001 0.000000
    4 -0.045094 3.566423 0.891595 0.000000 -0.000001 0.000000
    5 -0.116185 1.807585 2.464996 0.844558 0.000002 0.000000
    6 0.000000 1.030615 0.000004 -2.669150 -0.016406 -3.118358
    7 -0.000002 5.179932 -0.000037 0.160100 -0.002069 0.004809
    8 -0.218267 25.777573 2.487072 2.520460 0.000002 0.000000
    9 0.000000 0.870350 0.000008 -0.051523 -0.002145 0.012548
    10 0.000000 4.478401 0.000072 0.473127 -0.007339 0.019284
    11 -0.435850 15.801601 6.959878 -1.585621 -0.000064 0.002035
    12 -1.801442 -21.973297 -9.848821 0.486430 -0.287532 2.088031
    13 -1.294654 1.473667 0.640471 2.361821 -0.515043 -2.105043
    14 0.000011 1.832554 0.000004 0.105696 -0.242323 -0.022342
    15 0.000000 1.003359 0.000001 0.156429 -0.009302 -0.195599
    16 -1.632739 4.327644 -0.483953 0.365940 0.282534 -0.019008
    17 -0.000010 1.637142 0.000010 1.001957 0.015772 -0.110368
    18 0.000007 1.100985 0.000004 0.016762 0.076956 -0.068134
    19 -0.500328 4.452953 -0.532495 0.396541 0.287798 0.017522
    20 -0.000010 1.442617 -0.000010 1.327387 0.029467 -0.036819
    21 -0.000003 1.302446 0.000004 0.004462 -0.041924 0.002935
    22 0.523221 4.540312 -0.480714 0.856150 0.290072 -0.285051
    23 -0.000001 1.198256 0.000008 0.732544 -0.133859 0.043090
    24 -0.000012 0.869780 0.000015 0.218278 0.063758 -0.018624
    25 1.354362 4.150681 -0.582655 0.848432 0.193448 -0.436427
    26 0.000000 1.157421 -0.000006 0.969716 -0.115782 0.002585
    27 0.000001 1.020055 0.000002 -0.120881 -0.015655 -0.025766
    28 5.003218 -8.070315 -8.112608 -2.183311 -0.083960 -0.110704
    29 0.000038 12.695422 -0.000004 -1.629960 0.506941 0.426643
    30 -4.512460 -3.130836 -8.852697 -0.303730 1.435110 2.853255
    31 -1.391397 1.476538 -0.700638 -1.757657 -1.119915 2.167452
    32 0.000002 1.751797 -0.000002 -0.382702 -0.196552 -0.169375
    33 0.000010 1.122969 0.000000 -0.357783 -0.049012 -0.094326
    34 -1.596883 4.441620 0.708540 -1.095924 -1.295283 1.097847
    35 -0.000008 1.481951 -0.000008 0.054514 0.090791 0.175416
    36 0.000002 1.056648 -0.000004 -0.089823 -0.147432 0.506025
    37 -0.470901 4.219486 0.926555 -2.516793 -0.098334 -3.183936
    38 -0.000010 1.609821 0.000004 1.338602 -0.114174 0.088559
    39 -0.000002 1.562311 0.000013 1.278058 0.025862 -0.031766
    40 0.576838 4.298388 0.639431 -2.185725 -0.104952 -3.078380
    41 0.000002 1.553762 -0.000008 1.256437 0.140301 0.008698
    42 0.000003 0.874434 -0.000006 0.891120 0.106775 0.200336
    43 1.459885 4.275572 0.219019 -2.155218 -0.186603 3.315304
    44 -0.000010 0.973051 -0.000004 0.971833 0.217243 0.114332
    45 0.000007 0.970890 0.000004 1.186741 0.085916 0.151173
    46 -7.008868 4.575658 -7.491495 -1.501104 0.627632 0.734380
    47 0.000011 12.706367 0.000010 -2.453748 0.371146 0.106441
    48 0.000000 0.000000 0.000000 1.570796 0.000000 1.570796
    49 -0.000006 1.500006 0.000000 1.570796 0.000000 1.570796
    50 0.000000 -0.299999 0.000000 -1.570796 0.000000 1.570796
    51 0.000000 0.000000 0.000000 0.000000 0.000000 1.570796
    52 0.000000 0.000000 0.000000 0.000000 0.000000 1.570796
    53 0.000000 0.000002 0.000001 0.000000 0.000000 1.919862
    54 0.000000 0.000000 0.000000 -1.570796 0.000000 1.570796
    55 0.000000 0.000000 0.000002 -1.570797 0.000000 1.570796
    56 -0.000002 -0.000002 0.000004 -1.570797 0.000001 1.570796
    57 0.000003 0.000000 0.000000 -1.570796 0.000000 1.570796
    58 0.000002 0.000003 0.000000 -1.570796 0.000000 1.570796
    59 0.000000 0.000000 0.000000 -1.570796 0.000000 1.570796
    60 -0.000001 0.000011 0.000000 -1.570796 0.000000 1.570796
    61 0.000000 0.000000 0.000000 -1.570796 -0.000001 1.570796
    62 0.000000 -0.000001 0.000000 -1.570796 0.000000 1.570796
    63 -0.000002 0.000002 -0.000002 -1.570796 0.000000 1.570796
    64 0.000000 0.000000 0.000000 -1.570797 0.000000 1.570796
    65 0.000000 0.000000 0.000000 -1.570797 0.000000 1.570796
    66 0.000000 0.000000 0.000000 1.570796 0.000000 1.570796
    67 0.000000 1.500000 0.000000 1.570796 0.000000 1.570796
    68 0.000000 0.300001 0.000000 1.570796 0.000000 1.570796
    69 -0.000011 0.000002 -0.000004 -3.141593 0.000001 1.570796
    70 0.000000 0.000000 0.000000 3.141593 0.000000 1.570796
    71 0.000001 0.000000 0.000000 -3.141593 0.000000 1.221730
    72 0.000000 0.000000 0.000000 3.141593 0.000000 1.570796
    73 0.000000 -0.000002 0.000000 3.141593 0.000000 1.570796
    74 0.000004 0.000000 0.000000 3.141593 0.000000 1.570797
    75 -0.000004 0.000000 0.000002 -1.570796 0.000000 1.570796
    76 0.000000 -0.000001 0.000008 -1.570796 0.000000 1.570796
    77 0.000001 0.000000 0.000000 -1.570796 0.000000 1.570796
    78 0.000001 0.000002 0.000000 -1.570796 0.000000 1.570796
    79 0.000000 0.000000 0.000000 -1.570796 0.000000 1.570796
    80 0.000001 0.000000 0.000000 -1.570796 0.000000 1.570796
    81 0.000001 0.000000 0.000000 -1.570796 0.000001 1.570796
    82 -0.000001 0.000000 0.000002 -1.570796 0.000001 1.570796
    83 0.000001 0.000000 0.000000 -1.570796 0.000000 1.570796
  time 11
    0 -3.198409 -9.465825 -5.222878 -3.111341 0.125681 0.004356
    1 0.073573 17.526917 0.777220 0.000000 0.000001 0.000000
    2 -0.226386 4.254942 -0.608961 0.000000 -0.000001 0.000000
    3 -0.287354 6.789063 -0.811035 0.000000 0.000001 0.000000
    4 -0.045094 3.566423 0.891595 0.000000 -0.000001 0.000000
    5 -0.116185 1.807585 2.464996 0.819961 0.000002 0.000000
    6 0.000000 1.030615 0.000004 -2.681300 -0.009611 -3.127771
    7 -0.000002 5.179932 -0.000037 0.119237 -0.003088 0.008739
    8 -0.218267 25.777573 2.487072 2.536028 0.000002 0.000000
    9 0.000000 0.870350 0.000008 -0.046921 0.000036 -0.000650
    10 0.000000 4.478401 0.000072 0.409911 -0.003301 0.009745
    11 -0.279595 15.785975 7.073163 -1.586366 -0.000173 0.002128
    12 -1.774097 -22.188147 -9.587094 0.463703 -0.318025 2.081419
    13 -1.294654 1.473667 0.640471 2.361821 -0.515043 -2.105043
    14 0.000011 1.832554 0.000004 0.105696 -0.242323 -0.022342
    15 0.000000 1.003359 0.000001 0.156357 -0.010380 -0.188050
    16 -1.632739 4.327644 -0.483953 0.365940 0.282534 -0.019008
    17 -0.000010 1.637142 0.000010 1.001957 0.015784 -0.110368
    18 0.000007 1.100985 0.000004 0.016762 0.076956 -0.068134
    19 -0.500328 4.452953 -0.532495 0.396541 0.287798 0.017522
    20 -0.000010 1.442617 -0.000010 1.327387 0.029467 -0.036819
    21 -0.000003 1.302446 0.000004 0.004462 -0.041924 0.002875
    22 0.523221 4.540312 -0.480714 0.856150 0.290072 -0.285051
    23 -0.000001 1.198256 0.000008 0.732525 -0.133859 0.043090
    24 -0.000012 0.869780 0.000015 0.218278 0.063758 -0.018624
    25 1.354362 4.150681 -0.582655 0.848409 0.193448 -0.436427
    26 0.000000 1.157421 -0.000006 0.969716 -0.115782 0.002585
    27 0.000001 1.020055 0.000002 -0.120881 -0.015655 -0.025766
    28 5.003218 -8.070315 -8.112608 -2.206924 -0.073507 -0.103518
    29 0.000038 12.695422 -0.000004 -1.614220 0.500755 0.427008
    30 -4.516366 -3.521472 -8.880041 -0.286038 1.435110 2.870810
    31 -1.391397 1.476538 -0.700638 -1.757657 -1.119903 2.167452
    32 0.000002 1.751797 -0.000002 -0.382702 -0.196552 -0.169375
    33 0.000010 1.122969 0.000000 -0.357783 -0.049012 -0.094326
    34 -1.596883 4.441620 0.708540 -1.095981 -1.295283 1.097847
    35 -0.000008 1.481951 -0.000008 0.054514 0.090791 0.175416
    36 0.000002 1.056648 -0.000004 -0.089823 -0.147432 0.506074
    37 -0.470901 4.219486 0.926555 -2.516793 -0.098334 -3.183936
    38 -0.000010 1.609821 0.000004 1.338602 -0.114174 0.088559
    39 -0.000002 1.562311 0.000013 1.278058 0.025862 -0.031766
    40 0.576838 4.298388 0.639431 -2.185725 -0.104952 -3.078380
    41 0.000002 1.553762 -0.000008 1.256437 0.140301 0.008698
    42 0.000003 0.874434 -0.000006 0.891120 0.106775 0.200336
    43 1.459885 4.275572 0.219019 -2.155242 -0.186603 3.315304
    44 -0.000010 0.973051 -0.000004 0.971833 0.217243 0.114332
    45 0.000007 0.970890 0.000004 1.186781 0.085916 0.151173
    46 -7.008868 4.575658 -7.491495 -1.526426 0.624678 0.712986
    47 0.000011 12.706367 0.000010 -2.421939 0.367946 0.110588
    48 0.000000 0.000000 0.000000 1.570796 0.000000 1.570796
    49 -0.000006 1.500006 0.000000 1.570796 0.000000 1.570796
    50 0.000000 -0.299999 0.000000 -1.570796 0.000000 1.570796
    51 0.000000 0.000000 0.000000 0.000000 0.000000 1.570796
    52 0.000000 0.000000 0.000000 0.000000 0.000000 1.570796
    53 0.000000 0.000002 0.000001 0.000000 0.000000 1.919862
    54 0.000000 0.000000 0.000000 -1.570796 0.000000 1.570796
    55 0.000000 0.000000 0.000002 -1.570797 0.000000 1.570796
    56 -0.000002 -0.000002 0.000004 -1.570797 0.000001 1.570796
    57 0.000003 0.000000 0.000000 -1.570796 0.000000 1.570796
    58 0.000002 0.000003 0.000000 -1.570796 0.000000 1.570796
    59 0.000000 0.000000 0.000000 -1.570796 0.000000 1.570796
    60 -0.000001 0.000011 0.000000 -1.570796 0.000000 1.570796
    61 0.000000 0.000000 0.000000 -1.570796 -0.000001 1.570796
    62 0.000000 -0.000001 0.000000 -1.570796 0.000000 1.570796
    63 -0.000002 0.000002 -0.000002 -1.570796 0.000000 1.570796
    64 0.000000 0.000000 0.000000 -1.570797 0.000000 1.570796
    65 0.000000 0.000000 0.000000 -1.570797 0.000000 1.570796
    66 0.000000 0.000000 0.000000 1.570796 0.000000 1.570796
    67 0.000000 1.500000 0.000000 1.570796 0.000000 1.570796
    68 0.000000 0.300001 0.000000 1.570796 0.000000 1.570796
    69 -0.000011 0.000002 -0.000004 -3.141593 0.000001 1.570796
    70 0.000000 0.000000 0.000000 3.141593 0.000000 1.570796
    71 0.000001 0.000000 0.000000 -3.141593 0.000000 1.221730
    72 0.000000 0.000000 0.000000 3.141593 0.000000 1.570796
    73 0.000000 -0.000002 0.000000 3.141593 0.000000 1.570796
    74 0.000004 0.000000 0.000000 3.141593 0.000000 1.570797
    75 -0.000004 0.000000 0.000002 -1.570796 0.000000 1.570796
    76 0.000000 -0.000001 0.000008 -1.570796 0.000000 1.570796
    77 0.000001 0.000000 0.000000 -1.570796 0.000000 1.570796
    78 0.000001 0.000002 0.000000 -1.570796 0.000000 1.570796
    79 0.000000 0.000000 0.000000 -1.570796 0.000000 1.570796
    80 0.000001 0.000000 0.000000 -1.570796 0.000000 1.570796
    81 0.000001 0.000000 0.000000 -1.570796 0.000001 1.570796
    82 -0.000001 0.000000 0.000002 -1.570796 0.000001 1.570796
    83 0.000001 0.000000 0.000000 -1.570796 0.000000 1.570796
  time 12
    0 -3.198409 -9.790053 -5.222878 -3.117083 0.123635 0.003949
    1 0.073573 17.526917 0.777220 0.000000 0.000001 0.000000
    2 -0.226386 4.254942 -0.608961 0.000000 -0.000001 0.000000
    3 -0.287354 6.789063 -0.811035 0.000000 0.000001 0.000000
    4 -0.045094 3.566423 0.891595 0.000000 -0.000001 0.000000
    5 -0.116185 1.807585 2.464996 0.782919 0.000002 0.000000
    6 0.000000 1.030615 0.000004 -2.700464 -0.002684 -3.137609
    7 -0.000002 5.179932 -0.000037 0.070347 -0.003795 0.009758
    8 -0.218267 25.777573 2.487072 2.555371 0.000002 0.000000
    9 0.000000 0.870350 0.000008 -0.040137 0.001942 -0.012707
    10 0.000000 4.478401 0.000072 0.338569 -0.000316 0.001511
    11 -0.119434 15.782069 7.213792 -1.586784 -0.000195 0.002181
    12 -1.750659 -22.500656 -9.426933 0.455764 -0.324024 2.079435
    13 -1.294654 1.473667 0.640471 2.361821 -0.515043 -2.105043
    14 0.000011 1.832554 0.000004 0.105696 -0.242323 -0.022342
    15 0.000000 1.003359 0.000001 0.156249 -0.011363 -0.182309
    16 -1.632739 4.327644 -0.483953 0.365940 0.282534 -0.019008
    17 -0.000010 1.637142 0.000010 1.001957 0.015784 -0.110368
    18 0.000007 1.100985 0.000004 0.016762 0.076956 -0.068134
    19 -0.500328 4.452953 -0.532495 0.396541 0.287798 0.017522
    20 -0.000010 1.442617 -0.000010 1.327387 0.029467 -0.036819
    21 -0.000003 1.302446 0.000004 0.004462 -0.041924 0.002935
    22 0.523221 4.540312 -0.480714 0.856150 0.290072 -0.285051
    23 -0.000001 1.198256 0.000008 0.732525 -0.133859 0.043090
    24 -0.000012 0.869780 0.000015 0.218278 0.063758 -0.018624
    25 1.354362 4.150681 -0.582655 0.848432 0.193448 -0.436427
    26 0.000000 1.157421 -0.000006 0.969716 -0.115782 0.002585
    27 0.000001 1.020055 0.000002 -0.120881 -0.015655 -0.025766
    28 5.003218 -8.070315 -8.112608 -2.228123 -0.062855 -0.096469
    29 0.000038 12.695422 -0.000004 -1.591190 0.491495 0.427347
    30 -4.508554 -3.880858 -8.926918 -0.248338 1.438633 2.908590
    31 -1.391397 1.476538 -0.700638 -1.757657 -1.119903 2.167452
    32 0.000002 1.751797 -0.000002 -0.382702 -0.196552 -0.169375
    33 0.000010 1.122969 0.000000 -0.357783 -0.049012 -0.094326
    34 -1.596883 4.441620 0.708540 -1.095924 -1.295283 1.097847
    35 -0.000008 1.481951 -0.000008 0.054514 0.090791 0.175416
    36 0.000002 1.056648 -0.000004 -0.089823 -0.147432 0.506074
    37 -0.470901 4.219486 0.926555 -2.516793 -0.098334 -3.183936
    38 -0.000010 1.609821 0.000004 1.338602 -0.114174 0.088559
    39 -0.000002 1.562311 0.000013 1.278058 0.025862 -0.031766
    40 0.576838 4.298388 0.639431 -2.185725 -0.104952 -3.078380
    41 0.000002 1.553762 -0.000008 1.256437 0.140301 0.008698
    42 0.000003 0.874434 -0.000006 0.891120 0.106775 0.200336
    43 1.459885 4.275572 0.219019 -2.155218 -0.186603 3.315304
    44 -0.000010 0.973051 -0.000004 0.971833 0.217243 0.114332
    45 0.000007 0.970890 0.000004 1.186741 0.085916 0.151173
    46 -7.008868 4.575658 -7.491495 -1.544977 0.623408 0.698666
    47 0.000011 12.706367 0.000010 -2.392056 0.364794 0.114255
    48 0.000000 0.000000 0.000000 1.570796 0.000000 1.570796
    49 -0.000006 1.500006 0.000000 1.570796 0.000000 1.570796
    50 0.000000 -0.299999 0.000000 -1.570796 0.000000 1.570796
    51 0.000000 0.000000 0.000000 0.000000 0.000000 1.570796
    52 0.000000 0.000000 0.000000 0.000000 0.000000 1.570796
    53 0.000000 0.000002 0.000001 0.000000 0.000000 1.919862
    54 0.000000 0.000000 0.000000 -1.570796 0.000000 1.570796
    55 0.000000 0.000000 0.000002 -1.570797 0.000000 1.570796
    56 -0.000002 -0.000002 0.000004 -1.570797 0.000001 1.570796
    57 0.000003 0.000000 0.000000 -1.570796 0.000000 1.570796
    58 0.000002 0.000003 0.000000 -1.570796 0.000000 1.570796
    59 0.000000 0.000000 0.000000 -1.570796 0.000000 1.570796
    60 -0.000001 0.000011 0.000000 -1.570796 0.000000 1.570796
    61 0.000000 0.000000 0.000000 -1.570796 -0.000001 1.570796
    62 0.000000 -0.000001 0.000000 -1.570796 0.000000 1.570796
    63 -0.000002 0.000002 -0.000002 -1.570796 0.000000 1.570796
    64 0.000000 0.000000 0.000000 -1.570797 0.000000 1.570796
    65 0.000000 0.000000 0.000000 -1.570797 0.000000 1.570796
    66 0.000000 0.000000 0.000000 1.570796 0.000000 1.570796
    67 0.000000 1.500000 0.000000 1.570796 0.000000 1.570796
    68 0.000000 0.300001 0.000000 1.570796 0.000000 1.570796
    69 -0.000011 0.000002 -0.000004 -3.141593 0.000001 1.570796
    70 0.000000 0.000000 0.000000 3.141593 0.000000 1.570796
    71 0.000001 0.000000 0.000000 -3.141593 0.000000 1.221730
    72 0.000000 0.000000 0.000000 3.141593 0.000000 1.570796
    73 0.000000 -0.000002 0.000000 3.141593 0.000000 1.570796
    74 0.000004 0.000000 0.000000 3.141593 0.000000 1.570797
    75 -0.000004 0.000000 0.000002 -1.570796 0.000000 1.570796
    76 0.000000 -0.000001 0.000008 -1.570796 0.000000 1.570796
    77 0.000001 0.000000 0.000000 -1.570796 0.000000 1.570796
    78 0.000001 0.000002 0.000000 -1.570796 0.000000 1.570796
    79 0.000000 0.000000 0.000000 -1.570796 0.000000 1.570796
    80 0.000001 0.000000 0.000000 -1.570796 0.000000 1.570796
    81 0.000001 0.000000 0.000000 -1.570796 0.000001 1.570796
    82 -0.000001 0.000000 0.000002 -1.570796 0.000001 1.570796
    83 0.000001 0.000000 0.000000 -1.570796 0.000000 1.570796
  time 13
    0 -3.194503 -10.094750 -5.230691 -3.124301 0.115861 0.003339
    1 0.073573 17.526917 0.777220 0.000000 0.000001 0.000000
    2 -0.226386 4.254942 -0.608961 0.000000 -0.000001 0.000000
    3 -0.287354 6.789063 -0.811035 0.000000 0.000001 0.000000
    4 -0.045094 3.566423 0.891595 0.000000 -0.000001 0.000000
    5 -0.116185 1.807585 2.464996 0.736183 0.000002 0.000000
    6 0.000000 1.030615 0.000004 -2.730211 0.003536 -3.147022
    7 -0.000002 5.179932 -0.000037 0.024522 -0.004322 0.008200
    8 -0.218267 25.777573 2.487072 2.578741 0.000002 0.000000
    9 0.000000 0.870350 0.000008 -0.031233 0.003500 -0.022668
    10 0.000000 4.478401 0.000072 0.259704 0.001373 -0.004757
    11 0.029008 15.774256 7.350515 -1.587059 -0.000217 0.002221
    12 -1.711595 -22.820979 -9.329274 0.452572 -0.313901 2.080675
    13 -1.294654 1.473667 0.640471 2.361821 -0.515043 -2.105043
    14 0.000011 1.832554 0.000004 0.105708 -0.242323 -0.022342
    15 0.000000 1.003359 0.000001 0.156153 -0.011926 -0.178183
    16 -1.632739 4.327644 -0.483953 0.365940 0.282534 -0.019008
    17 -0.000010 1.637142 0.000010 1.001957 0.015772 -0.110368
    18 0.000007 1.100985 0.000004 0.016762 0.076956 -0.068134
    19 -0.500328 4.452953 -0.532495 0.396541 0.287798 0.017522
    20 -0.000010 1.442617 -0.000010 1.327387 0.029467 -0.036819
    21 -0.000003 1.302446 0.000004 0.004462 -0.041924 0.002935
    22 0.523221 4.540312 -0.480714 0.856150 0.290072 -0.285051
    23 -0.000001 1.198256 0.000008 0.732525 -0.133859 0.043102
    24 -0.000012 0.869780 0.000015 0.218278 0.063758 -0.018624
    25 1.354362 4.150681 -0.582655 0.848432 0.193448 -0.436427
    26 0.000000 1.157421 -0.000006 0.969716 -0.115782 0.002585
    27 0.000001 1.020055 0.000002 -0.120881 -0.015655 -0.025766
    28 5.003218 -8.070315 -8.112608 -2.246304 -0.052600 -0.089078
    29 0.000038 12.695422 -0.000004 -1.565707 0.481269 0.427425
    30 -4.481209 -4.197274 -8.981607 -0.206377 1.447747 2.950378
    31 -1.391397 1.476538 -0.700638 -1.757657 -1.119903 2.167452
    32 0.000002 1.751797 -0.000002 -0.382702 -0.196552 -0.169375
    33 0.000010 1.122969 0.000000 -0.357783 -0.049012 -0.094326
    34 -1.596883 4.441620 0.708540 -1.095924 -1.295283 1.097847
    35 -0.000008 1.481951 -0.000008 0.054514 0.090791 0.175416
    36 0.000002 1.056648 -0.000004 -0.089823 -0.147432 0.506074
    37 -0.470901 4.219486 0.926555 -2.516793 -0.098334 -3.183936
    38 -0.000010 1.609821 0.000004 1.338602 -0.114174 0.088559
    39 -0.000002 1.562311 0.000013 1.278058 0.025862 -0.031766
    40 0.576838 4.298388 0.639431 -2.185725 -0.104952 -3.078380
    41 0.000002 1.553762 -0.000008 1.256437 0.140301 0.008698
    42 0.000003 0.874434 -0.000006 0.891120 0.106775 0.200336
    43 1.459885 4.275572 0.219019 -2.155242 -0.186603 3.315304
    44 -0.000010 0.973051 -0.000004 0.971833 0.217243 0.114332
    45 0.000007 0.970890 0.000004 1.186781 0.085916 0.151173
    46 -7.008868 4.575658 -7.491495 -1.558285 0.624117 0.691506
    47 0.000011 12.706367 0.000010 -2.364252 0.361762 0.117791
    48 0.000000 0.000000 0.000000 1.570796 0.000000 1.570796
    49 -0.000006 1.500006 0.000000 1.570796 0.000000 1.570796
    50 0.000000 -0.299999 0.000000 -1.570796 0.000000 1.570796
    51 0.000000 0.000000 0.000000 0.000000 0.000000 1.570796
    52 0.000000 0.000000 0.000000 0.000000 0.000000 1.570796
    53 0.000000 0.000002 0.000001 0.000000 0.000000 1.919862
    54 0.000000 0.000000 0.000000 -1.570796 0.000000 1.570796
    55 0.000000 0.000000 0.000002 -1.570797 0.000000 1.570796
    56 -0.000002 -0.000002 0.000004 -1.570797 0.000001 1.570796
    57 0.000003 0.000000 0.000000 -1.570796 0.000000 1.570796
    58 0.000002 0.000003 0.000000 -1.570796 0.000000 1.570796
    59 0.000000 0.000000 0.000000 -1.570796 0.000000 1.570796
    60 -0.000001 0.000011 0.000000 -1.570796 0.000000 1.570796
    61 0.000000 0.000000 0.000000 -1.570796 -0.000001 1.570796
    62 0.000000 -0.000001 0.000000 -1.570796 0.000000 1.570796
    63 -0.000002 0.000002 -0.000002 -1.570796 0.000000 1.570796
    64 0.000000 0.000000 0.000000 -1.570797 0.000000 1.570796
    65 0.000000 0.000000 0.000000 -1.570797 0.000000 1.570796
    66 0.000000 0.000000 0.000000 1.570796 0.000000 1.570796
    67 0.000000 1.500000 0.000000 1.570796 0.000000 1.570796
    68 0.000000 0.300001 0.000000 1.570796 0.000000 1.570796
    69 -0.000011 0.000002 -0.000004 -3.141593 0.000001 1.570796
    70 0.000000 0.000000 0.000000 3.141593 0.000000 1.570796
    71 0.000001 0.000000 0.000000 -3.141593 0.000000 1.221730
    72 0.000000 0.000000 0.000000 3.141593 0.000000 1.570796
    73 0.000000 -0.000002 0.000000 3.141593 0.000000 1.570796
    74 0.000004 0.000000 0.000000 3.141593 0.000000 1.570797
    75 -0.000004 0.000000 0.000002 -1.570796 0.000000 1.570796
    76 0.000000 -0.000001 0.000008 -1.570796 0.000000 1.570796
    77 0.000001 0.000000 0.000000 -1.570796 0.000000 1.570796
    78 0.000001 0.000002 0.000000 -1.570796 0.000000 1.570796
    79 0.000000 0.000000 0.000000 -1.570796 0.000000 1.570796
    80 0.000001 0.000000 0.000000 -1.570796 0.000000 1.570796
    81 0.000001 0.000000 0.000000 -1.570796 0.000001 1.570796
    82 -0.000001 0.000000 0.000002 -1.570796 0.000001 1.570796
    83 0.000001 0.000000 0.000000 -1.570796 0.000000 1.570796
  time 14
    0 -3.194503 -10.352570 -5.230691 -3.131038 0.100375 0.002661
    1 0.073573 17.526917 0.777220 0.000000 0.000001 0.000000
    2 -0.226386 4.254942 -0.608961 0.000000 -0.000001 0.000000
    3 -0.287354 6.789063 -0.811035 0.000000 0.000001 0.000000
    4 -0.045094 3.566423 0.891595 0.000000 -0.000001 0.000000
    5 -0.116185 1.807585 2.464996 0.701072 0.000002 0.000000
    6 0.000000 1.030615 0.000004 -2.758344 0.007946 -3.153964
    7 -0.000002 5.179932 -0.000037 0.000442 -0.004886 0.006438
    8 -0.218267 25.777573 2.487072 2.605587 0.000002 0.000000
    9 0.000000 0.870350 0.000008 -0.019032 0.004782 -0.030918
    10 0.000000 4.478401 0.000072 0.175639 0.002129 -0.006207
    11 0.134480 15.762537 7.455987 -1.587137 -0.000239 0.002221
    12 -1.641280 -23.110050 -9.223802 0.441832 -0.300529 2.084146
    13 -1.294654 1.473667 0.640471 2.361821 -0.515043 -2.105043
    14 0.000011 1.832554 0.000004 0.105720 -0.242323 -0.022342
    15 0.000000 1.003359 0.000001 0.156069 -0.012465 -0.175462
    16 -1.632739 4.327644 -0.483953 0.365940 0.282534 -0.019008
    17 -0.000010 1.637142 0.000010 1.001957 0.015772 -0.110368
    18 0.000007 1.100985 0.000004 0.016762 0.076956 -0.068134
    19 -0.500328 4.452953 -0.532495 0.396541 0.287798 0.017522
    20 -0.000010 1.442617 -0.000010 1.327387 0.029467 -0.036819
    21 -0.000003 1.302446 0.000004 0.004462 -0.041924 0.002935
    22 0.523221 4.540312 -0.480714 0.856150 0.290072 -0.285051
    23 -0.000001 1.198256 0.000008 0.732525 -0.133859 0.043090
    24 -0.000012 0.869780 0.000015 0.218278 0.063758 -0.018648
    25 1.354362 4.150681 -0.582655 0.848432 0.193448 -0.436427
    26 0.000000 1.157421 -0.000006 0.969716 -0.115782 0.002585
    27 0.000001 1.020055 0.000002 -0.120881 -0.015655 -0.025766
    28 5.003218 -8.070315 -8.112608 -2.262599 -0.043536 -0.081071
    29 0.000038 12.695422 -0.000004 -1.544857 0.472763 0.427282
    30 -4.422613 -4.482439 -9.044109 -0.172938 1.464213 2.983484
    31 -1.391397 1.476538 -0.700638 -1.757657 -1.119903 2.167452
    32 0.000002 1.751797 -0.000002 -0.382702 -0.196552 -0.169375
    33 0.000010 1.122969 0.000000 -0.357783 -0.049012 -0.094326
    34 -1.596883 4.441620 0.708540 -1.095924 -1.295283 1.097847
    35 -0.000008 1.481951 -0.000008 0.054514 0.090791 0.175416
    36 0.000002 1.056648 -0.000004 -0.089823 -0.147432 0.506074
    37 -0.470901 4.219486 0.926555 -2.516793 -0.098334 -3.183936
    38 -0.000010 1.609821 0.000004 1.338602 -0.114174 0.088559
    39 -0.000002 1.562311 0.000013 1.278058 0.025862 -0.031766
    40 0.576838 4.298388 0.639431 -2.185725 -0.104952 -3.078380
    41 0.000002 1.553762 -0.000008 1.256437 0.140301 0.008698
    42 0.000003 0.874434 -0.000006 0.891120 0.106775 0.200336
    43 1.459885 4.275572 0.219019 -2.155242 -0.186603 3.315304
    44 -0.000010 0.973051 -0.000004 0.971833 0.217243 0.114332
    45 0.000007 0.970890 0.000004 1.186741 0.085916 0.151173
    46 -7.008868 4.575658 -7.491495 -1.568356 0.626805 0.690739
    47 0.000011 12.706367 0.000010 -2.338913 0.358777 0.120655
    48 0.000000 0.000000 0.000000 1.570796 0.000000 1.570796
    49 -0.000006 1.500006 0.000000 1.570796 0.000000 1.570796
    50 0.000000 -0.299999 0.000000 -1.570796 0.000000 1.570796
    51 0.000000 0.000000 0.000000 0.000000 0.000000 1.570796
    52 0.000000 0.000000 0.000000 0.000000 0.000000 1.570796
    53 0.000000 0.000002 0.000001 0.000000 0.000000 1.919862
    54 0.000000 0.000000 0.000000 -1.570796 0.000000 1.570796
    55 0.000000 0.000000 0.000002 -1.570797 0.000000 1.570796
    56 -0.000002 -0.000002 0.000004 -1.570797 0.000001 1.570796
    57 0.000003 0.000000 0.000000 -1.570796 0.000000 1.570796
    58 0.000002 0.000003 0.000000 -1.570796 0.000000 1.570796
    59 0.000000 0.000000 0.000000 -1.570796 0.000000 1.570796
    60 -0.000001 0.000011 0.000000 -1.570796 0.000000 1.570796
    61 0.000000 0.000000 0.000000 -1.570796 -0.000001 1.570796
    62 0.000000 -0.000001 0.000000 -1.570796 0.000000 1.570796
    63 -0.000002 0.000002 -0.000002 -1.570796 0.000000 1.570796
    64 0.000000 0.000000 0.000000 -1.570797 0.000000 1.570796
    65 0.000000 0.000000 0.000000 -1.570797 0.000000 1.570796
    66 0.000000 0.000000 0.000000 1.570796 0.000000 1.570796
    67 0.000000 1.500000 0.000000 1.570796 0.000000 1.570796
    68 0.000000 0.300001 0.000000 1.570796 0.000000 1.570796
    69 -0.000011 0.000002 -0.000004 -3.141593 0.000001 1.570796
    70 0.000000 0.000000 0.000000 3.141593 0.000000 1.570796
    71 0.000001 0.000000 0.000000 -3.141593 0.000000 1.221730
    72 0.000000 0.000000 0.000000 3.141593 0.000000 1.570796
    73 0.000000 -0.000002 0.000000 3.141593 0.000000 1.570796
    74 0.000004 0.000000 0.000000 3.141593 0.000000 1.570797
    75 -0.000004 0.000000 0.000002 -1.570796 0.000000 1.570796
    76 0.000000 -0.000001 0.000008 -1.570796 0.000000 1.570796
    77 0.000001 0.000000 0.000000 -1.570796 0.000000 1.570796
    78 0.000001 0.000002 0.000000 -1.570796 0.000000 1.570796
    79 0.000000 0.000000 0.000000 -1.570796 0.000000 1.570796
    80 0.000001 0.000000 0.000000 -1.570796 0.000000 1.570796
    81 0.000001 0.000000 0.000000 -1.570796 0.000001 1.570796
    82 -0.000001 0.000000 0.000002 -1.570796 0.000001 1.570796
    83 0.000001 0.000000 0.000000 -1.570796 0.000000 1.570796
  time 15
    0 -3.194503 -10.571327 -5.222878 -3.137550 0.079287 0.002118
    1 0.073573 17.526917 0.777220 0.000000 0.000001 0.000000
    2 -0.226386 4.254942 -0.608961 0.000000 -0.000001 0.000000
    3 -0.287354 6.789063 -0.811035 0.000000 0.000001 0.000000
    4 -0.045094 3.566423 0.891595 0.000000 -0.000001 0.000000
    5 -0.116185 1.807585 2.464996 0.715721 0.000002 0.000000
    6 0.000000 1.030615 0.000004 -2.749654 0.009073 -3.155365
    7 -0.000002 5.179932 -0.000037 0.007658 -0.005066 0.007865
    8 -0.218267 25.777573 2.487072 2.633666 0.000002 0.000000
    9 0.000000 0.870350 0.000008 -0.005909 0.005105 -0.035388
    10 0.000000 4.478401 0.000072 0.095453 0.002129 -0.004241
    11 0.150105 15.727380 7.444268 -1.587137 -0.000239 0.002221
    12 -1.567059 -23.356151 -9.098798 0.426110 -0.284595 2.088527
    13 -1.294654 1.473667 0.640471 2.361821 -0.515043 -2.105043
    14 0.000011 1.832554 0.000004 0.105696 -0.242323 -0.022342
    15 0.000000 1.003359 0.000001 0.156057 -0.012621 -0.173794
    16 -1.632739 4.327644 -0.483953 0.365940 0.282534 -0.019008
    17 -0.000010 1.637142 0.000010 1.001957 0.015772 -0.110368
    18 0.000007 1.100985 0.000004 0.016762 0.076956 -0.068134
    19 -0.500328 4.452953 -0.532495 0.396541 0.287798 0.017522
    20 -0.000010 1.442617 -0.000010 1.327387 0.029467 -0.036819
    21 -0.000003 1.302446 0.000004 0.004462 -0.041924 0.002923
    22 0.523221 4.540312 -0.480714 0.856150 0.290072 -0.285051
    23 -0.000001 1.198256 0.000008 0.732525 -0.133859 0.043102
    24 -0.000012 0.869780 0.000015 0.218278 0.063758 -0.018624
    25 1.354362 4.150681 -0.582655 0.848409 0.193448 -0.436427
    26 0.000000 1.157421 -0.000006 0.969716 -0.115782 0.002585
    27 0.000001 1.020055 0.000002 -0.120881 -0.015655 -0.025766
    28 5.003218 -8.070315 -8.112608 -2.277838 -0.035266 -0.072927
    29 0.000038 12.695422 -0.000004 -1.527346 0.465746 0.427008
    30 -4.340580 -4.724634 -9.122236 -0.137276 1.485964 3.019261
    31 -1.391397 1.476538 -0.700638 -1.757657 -1.119915 2.167452
    32 0.000002 1.751797 -0.000002 -0.382702 -0.196552 -0.169375
    33 0.000010 1.122969 0.000000 -0.357783 -0.049012 -0.094326
    34 -1.596883 4.441620 0.708540 -1.095924 -1.295283 1.097847
    35 -0.000008 1.481951 -0.000008 0.054514 0.090791 0.175416
    36 0.000002 1.056648 -0.000004 -0.089823 -0.147432 0.506025
    37 -0.470901 4.219486 0.926555 -2.516793 -0.098334 -3.183936
    38 -0.000010 1.609821 0.000004 1.338602 -0.114174 0.088559
    39 -0.000002 1.562311 0.000013 1.278058 0.025862 -0.031766
    40 0.576838 4.298388 0.639431 -2.185725 -0.104952 -3.078380
    41 0.000002 1.553762 -0.000008 1.256437 0.140301 0.008698
    42 0.000003 0.874434 -0.000006 0.891120 0.106775 0.200336
    43 1.459885 4.275572 0.219019 -2.155242 -0.186603 3.315304
    44 -0.000010 0.973051 -0.000004 0.971833 0.217243 0.114332
    45 0.000007 0.970890 0.000004 1.186781 0.085916 0.151173
    46 -7.008868 4.575658 -7.491495 -1.575834 0.630674 0.694319
    47 0.000011 12.706367 0.000010 -2.315807 0.356285 0.123460
    48 0.000000 0.000000 0.000000 1.570796 0.000000 1.570796
    49 -0.000006 1.500006 0.000000 1.570796 0.000000 1.570796
    50 0.000000 -0.299999 0.000000 -1.570796 0.000000 1.570796
    51 0.000000 0.000000 0.000000 0.000000 0.000000 1.570796
    52 0.000000 0.000000 0.000000 0.000000 0.000000 1.570796
    53 0.000000 0.000002 0.000001 0.000000 0.000000 1.919862
    54 0.000000 0.000000 0.000000 -1.570796 0.000000 1.570796
    55 0.000000 0.000000 0.000002 -1.570797 0.000000 1.570796
    56 -0.000002 -0.000002 0.000004 -1.570797 0.000001 1.570796
    57 0.000003 0.000000 0.000000 -1.570796 0.000000 1.570796
    58 0.000002 0.000003 0.000000 -1.570796 0.000000 1.570796
    59 0.000000 0.000000 0.000000 -1.570796 0.000000 1.570796
    60 -0.000001 0.000011 0.000000 -1.570796 0.000000 1.570796
    61 0.000000 0.000000 0.000000 -1.570796 -0.000001 1.570796
    62 0.000000 -0.000001 0.000000 -1.570796 0.000000 1.570796
    63 -0.000002 0.000002 -0.000002 -1.570796 0.000000 1.570796
    64 0.000000 0.000000 0.000000 -1.570797 0.000000 1.570796
    65 0.000000 0.000000 0.000000 -1.570797 0.000000 1.570796
    66 0.000000 0.000000 0.000000 1.570796 0.000000 1.570796
    67 0.000000 1.500000 0.000000 1.570796 0.000000 1.570796
    68 0.000000 0.300001 0.000000 1.570796 0.000000 1.570796
    69 -0.000011 0.000002 -0.000004 -3.141593 0.000001 1.570796
    70 0.000000 0.000000 0.000000 3.141593 0.000000 1.570796
    71 0.000001 0.000000 0.000000 -3.141593 0.000000 1.221730
    72 0.000000 0.000000 0.000000 3.141593 0.000000 1.570796
    73 0.000000 -0.000002 0.000000 3.141593 0.000000 1.570796
    74 0.000004 0.000000 0.000000 3.141593 0.000000 1.570797
    75 -0.000004 0.000000 0.000002 -1.570796 0.000000 1.570796
    76 0.000000 -0.000001 0.000008 -1.570796 0.000000 1.570796
    77 0.000001 0.000000 0.000000 -1.570796 0.000000 1.570796
    78 0.000001 0.000002 0.000000 -1.570796 0.000000 1.570796
    79 0.000000 0.000000 0.000000 -1.570796 0.000000 1.570796
    80 0.000001 0.000000 0.000000 -1.570796 0.000000 1.570796
    81 0.000001 0.000000 0.000000 -1.570796 0.000001 1.570796
    82 -0.000001 0.000000 0.000002 -1.570796 0.000001 1.570796
    83 0.000001 0.000000 0.000000 -1.570796 0.000000 1.570796
  time 16
    0 -3.198409 -10.754926 -5.211159 -3.141592 0.061630 0.001643
    1 0.073573 17.526917 0.777220 0.000000 0.000001 0.000000
    2 -0.226386 4.254942 -0.608961 0.000000 -0.000001 0.000000
    3 -0.287354 6.789063 -0.811035 0.000000 0.000001 0.000000
    4 -0.045094 3.566423 0.891595 0.000000 -0.000001 0.000000
    5 -0.116185 1.807585 2.464996 0.771235 0.000002 0.000000
    6 0.000000 1.030615 0.000004 -2.715935 0.006844 -3.151477
    7 -0.000002 5.179932 -0.000037 0.049494 -0.005077 0.012587
    8 -0.218267 25.777573 2.487072 2.669776 0.000002 0.000000
    9 0.000000 0.870350 0.000008 0.007178 0.005046 -0.036078
    10 0.000000 4.478401 0.000072 0.008061 0.001829 -0.000454
    11 0.146199 15.727380 7.440361 -1.586627 -0.000239 0.002181
    12 -1.504557 -23.559282 -9.012858 0.412178 -0.272348 2.092329
    13 -1.294654 1.473667 0.640471 2.361821 -0.515043 -2.105043
    14 0.000011 1.832554 0.000004 0.105696 -0.242323 -0.022342
    15 0.000000 1.003359 0.000001 0.156033 -0.012765 -0.172881
    16 -1.632739 4.327644 -0.483953 0.365940 0.282534 -0.019008
    17 -0.000010 1.637142 0.000010 1.001957 0.015772 -0.110368
    18 0.000007 1.100985 0.000004 0.016762 0.076956 -0.068134
    19 -0.500328 4.452953 -0.532495 0.396541 0.287798 0.017522
    20 -0.000010 1.442617 -0.000010 1.327387 0.029467 -0.036819
    21 -0.000003 1.302446 0.000004 0.004462 -0.041924 0.002923
    22 0.523221 4.540312 -0.480714 0.856150 0.290072 -0.285051
    23 -0.000001 1.198256 0.000008 0.732544 -0.133859 0.043102
    24 -0.000012 0.869780 0.000015 0.218278 0.063758 -0.018636
    25 1.354362 4.150681 -0.582655 0.848409 0.193448 -0.436427
    26 0.000000 1.157421 -0.000006 0.969716 -0.115794 0.002585
    27 0.000001 1.020055 0.000002 -0.120881 -0.015655 -0.025766
    28 5.003218 -8.070315 -8.112608 -2.290437 -0.029113 -0.066631
    29 0.000038 12.695422 -0.000004 -1.512424 0.459695 0.426669
    30 -4.270265 -4.927765 -9.157393 -0.109302 1.503733 3.046833
    31 -1.391397 1.476538 -0.700638 -1.757657 -1.119939 2.167452
    32 0.000002 1.751797 -0.000002 -0.382702 -0.196552 -0.169375
    33 0.000010 1.122969 0.000000 -0.357783 -0.049012 -0.094326
    34 -1.596883 4.441620 0.708540 -1.095924 -1.295283 1.097847
    35 -0.000008 1.481951 -0.000008 0.054514 0.090791 0.175416
    36 0.000002 1.056648 -0.000004 -0.089823 -0.147432 0.506074
    37 -0.470901 4.219486 0.926555 -2.516793 -0.098334 -3.183936
    38 -0.000010 1.609821 0.000004 1.338602 -0.114174 0.088559
    39 -0.000002 1.562311 0.000013 1.278058 0.025862 -0.031766
    40 0.576838 4.298388 0.639431 -2.185725 -0.104952 -3.078380
    41 0.000002 1.553762 -0.000008 1.256437 0.140301 0.008698
    42 0.000003 0.874434 -0.000006 0.891120 0.106775 0.200336
    43 1.459885 4.275572 0.219019 -2.155230 -0.186603 3.315304
    44 -0.000010 0.973051 -0.000004 0.971833 0.217243 0.114332
    45 0.000007 0.970890 0.000004 1.186741 0.085916 0.151173
    46 -7.008868 4.575658 -7.491495 -1.584786 0.633421 0.695683
    47 0.000011 12.706367 0.000010 -2.297015 0.354032 0.125605
    48 0.000000 0.000000 0.000000 1.570796 0.000000 1.570796
    49 -0.000006 1.500006 0.000000 1.570796 0.000000 1.570796
    50 0.000000 -0.299999 0.000000 -1.570796 0.000000 1.570796
    51 0.000000 0.000000 0.000000 0.000000 0.000000 1.570796
    52 0.000000 0.000000 0.000000 0.000000 0.000000 1.570796
    53 0.000000 0.000002 0.000001 0.000000 0.000000 1.919862
    54 0.000000 0.000000 0.000000 -1.570796 0.000000 1.570796
    55 0.000000 0.000000 0.000002 -1.570797 0.000000 1.570796
    56 -0.000002 -0.000002 0.000004 -1.570797 0.000001 1.570796
    57 0.000003 0.000000 0.000000 -1.570796 0.000000 1.570796
    58 0.000002 0.000003 0.000000 -1.570796 0.000000 1.570796
    59 0.000000 0.000000 0.000000 -1.570796 0.000000 1.570796
    60 -0.000001 0.000011 0.000000 -1.570796 0.000000 1.570796
    61 0.000000 0.000000 0.000000 -1.570796 -0.000001 1.570796
    62 0.000000 -0.000001 0.000000 -1.570796 0.000000 1.570796
    63 -0.000002 0.000002 -0.000002 -1.570796 0.000000 1.570796
    64 0.000000 0.000000 0.000000 -1.570797 0.000000 1.570796
    65 0.000000 0.000000 0.000000 -1.570797 0.000000 1.570796
    66 0.000000 0.000000 0.000000 1.570796 0.000000 1.570796
    67 0.000000 1.500000 0.000000 1.570796 0.000000 1.570796
    68 0.000000 0.300001 0.000000 1.570796 0.000000 1.570796
    69 -0.000011 0.000002 -0.000004 -3.141593 0.000001 1.570796
    70 0.000000 0.000000 0.000000 3.141593 0.000000 1.570796
    71 0.000001 0.000000 0.000000 -3.141593 0.000000 1.221730
    72 0.000000 0.000000 0.000000 3.141593 0.000000 1.570796
    73 0.000000 -0.000002 0.000000 3.141593 0.000000 1.570796
    74 0.000004 0.000000 0.000000 3.141593 0.000000 1.570797
    75 -0.000004 0.000000 0.000002 -1.570796 0.000000 1.570796
    76 0.000000 -0.000001 0.000008 -1.570796 0.000000 1.570796
    77 0.000001 0.000000 0.000000 -1.570796 0.000000 1.570796
    78 0.000001 0.000002 0.000000 -1.570796 0.000000 1.570796
    79 0.000000 0.000000 0.000000 -1.570796 0.000000 1.570796
    80 0.000001 0.000000 0.000000 -1.570796 0.000000 1.570796
    81 0.000001 0.000000 0.000000 -1.570796 0.000001 1.570796
    82 -0.000001 0.000000 0.000002 -1.570796 0.000001 1.570796
    83 0.000001 0.000000 0.000000 -1.570796 0.000000 1.570796
  time 17
    0 -3.198409 -10.911181 -5.199440 -3.143742 0.052093 0.001304
    1 0.073573 17.526917 0.777220 0.000000 0.000001 0.000000
    2 -0.226386 4.254942 -0.608961 0.000000 -0.000001 0.000000
    3 -0.287354 6.789063 -0.811035 0.000000 0.000001 0.000000
    4 -0.045094 3.566423 0.891595 0.000000 -0.000001 0.000000
    5 -0.116185 1.807585 2.464996 0.826476 0.000002 0.000000
    6 0.000000 1.030615 0.000004 -2.692069 0.003201 -3.145763
    7 -0.000002 5.179932 -0.000037 0.109524 -0.005185 0.017344
    8 -0.218267 25.777573 2.487072 2.675289 0.000002 0.000000
    9 0.000000 0.870350 0.000008 0.008281 0.004410 -0.031661
    10 0.000000 4.478401 0.000072 0.004784 0.001350 -0.000275
    11 0.103229 15.700035 7.381766 -1.585451 -0.000217 0.002008
    12 -1.469400 -23.723350 -8.942543 0.404706 -0.265724 2.094147
    13 -1.294654 1.473667 0.640471 2.361821 -0.515043 -2.105043
    14 0.000011 1.832554 0.000004 0.105696 -0.242323 -0.022342
    15 0.000000 1.003359 0.000001 0.156021 -0.012873 -0.172600
    16 -1.632739 4.327644 -0.483953 0.365940 0.282534 -0.019008
    17 -0.000010 1.637142 0.000010 1.001957 0.015784 -0.110368
    18 0.000007 1.100985 0.000004 0.016762 0.076956 -0.068134
    19 -0.500328 4.452953 -0.532495 0.396541 0.287798 0.017522
    20 -0.000010 1.442617 -0.000010 1.327387 0.029467 -0.036819
    21 -0.000003 1.302446 0.000004 0.004462 -0.041924 0.002923
    22 0.523221 4.540312 -0.480714 0.856150 0.290072 -0.285051
    23 -0.000001 1.198256 0.000008 0.732525 -0.133859 0.043090
    24 -0.000012 0.869780 0.000015 0.218278 0.063758 -0.018636
    25 1.354362 4.150681 -0.582655 0.848432 0.193448 -0.436427
    26 0.000000 1.157421 -0.000006 0.969716 -0.115782 0.002585
    27 0.000001 1.020055 0.000002 -0.120881 -0.015655 -0.025766
    28 5.003218 -8.070315 -8.112608 -2.300546 -0.025673 -0.063209
    29 0.000038 12.695422 -0.000004 -1.499478 0.454340 0.426278
    30 -4.239014 -5.099646 -9.161300 -0.089850 1.513536 3.067345
    31 -1.391397 1.476538 -0.700638 -1.757657 -1.119915 2.167452
    32 0.000002 1.751797 -0.000002 -0.382702 -0.196552 -0.169375
    33 0.000010 1.122969 0.000000 -0.357783 -0.049012 -0.094326
    34 -1.596883 4.441620 0.708540 -1.095924 -1.295283 1.097847
    35 -0.000008 1.481951 -0.000008 0.054514 0.090791 0.175416
    36 0.000002 1.056648 -0.000004 -0.089823 -0.147444 0.506025
    37 -0.470901 4.219486 0.926555 -2.516793 -0.098334 -3.183936
    38 -0.000010 1.609821 0.000004 1.338602 -0.114174 0.088559
    39 -0.000002 1.562311 0.000013 1.278058 0.025862 -0.031766
    40 0.576838 4.298388 0.639431 -2.185725 -0.104952 -3.078380
    41 0.000002 1.553762 -0.000008 1.256437 0.140301 0.008698
    42 0.000003 0.874434 -0.000006 0.891120 0.106775 0.200336
    43 1.459885 4.275572 0.219019 -2.155242 -0.186603 3.315304
    44 -0.000010 0.973051 -0.000004 0.971833 0.217243 0.114332
    45 0.000007 0.970890 0.000004 1.186761 0.085916 0.151173
    46 -7.008868 4.575658 -7.491495 -1.594973 0.634307 0.692529
    47 0.000011 12.706367 0.000010 -2.282381 0.352318 0.127235
    48 0.000000 0.000000 0.000000 1.570796 0.000000 1.570796
    49 -0.000006 1.500006 0.000000 1.570796 0.000000 1.570796
    50 0.000000 -0.299999 0.000000 -1.570796 0.000000 1.570796
    51 0.000000 0.000000 0.000000 0.000000 0.000000 1.570796
    52 0.000000 0.000000 0.000000 0.000000 0.000000 1.570796
    53 0.000000 0.000002 0.000001 0.000000 0.000000 1.919862
    54 0.000000 0.000000 0.000000 -1.570796 0.000000 1.570796
    55 0.000000 0.000000 0.000002 -1.570797 0.000000 1.570796
    56 -0.000002 -0.000002 0.000004 -1.570797 0.000001 1.570796
    57 0.000003 0.000000 0.000000 -1.570796 0.000000 1.570796
    58 0.000002 0.000003 0.000000 -1.570796 0.000000 1.570796
    59 0.000000 0.000000 0.000000 -1.570796 0.000000 1.570796
    60 -0.000001 0.000011 0.000000 -1.570796 0.000000 1.570796
    61 0.000000 0.000000 0.000000 -1.570796 -0.000001 1.570796
    62 0.000000 -0.000001 0.000000 -1.570796 0.000000 1.570796
    63 -0.000002 0.000002 -0.000002 -1.570796 0.000000 1.570796
    64 0.000000 0.000000 0.000000 -1.570797 0.000000 1.570796
    65 0.000000 0.000000 0.000000 -1.570797 0.000000 1.570796
    66 0.000000 0.000000 0.000000 1.570796 0.000000 1.570796
    67 0.000000 1.500000 0.000000 1.570796 0.000000 1.570796
    68 0.000000 0.300001 0.000000 1.570796 0.000000 1.570796
    69 -0.000011 0.000002 -0.000004 -3.141593 0.000001 1.570796
    70 0.000000 0.000000 0.000000 3.141593 0.000000 1.570796
    71 0.000001 0.000000 0.000000 -3.141593 0.000000 1.221730
    72 0.000000 0.000000 0.000000 3.141593 0.000000 1.570796
    73 0.000000 -0.000002 0.000000 3.141593 0.000000 1.570796
    74 0.000004 0.000000 0.000000 3.141593 0.000000 1.570797
    75 -0.000004 0.000000 0.000002 -1.570796 0.000000 1.570796
    76 0.000000 -0.000001 0.000008 -1.570796 0.000000 1.570796
    77 0.000001 0.000000 0.000000 -1.570796 0.000000 1.570796
    78 0.000001 0.000002 0.000000 -1.570796 0.000000 1.570796
    79 0.000000 0.000000 0.000000 -1.570796 0.000000 1.570796
    80 0.000001 0.000000 0.000000 -1.570796 0.000000 1.570796
    81 0.000001 0.000000 0.000000 -1.570796 0.000001 1.570796
    82 -0.000001 0.000000 0.000002 -1.570796 0.000001 1.570796
    83 0.000001 0.000000 0.000000 -1.570796 0.000000 1.570796
  time 18
    0 -3.202316 -11.043998 -5.176002 -3.144961 0.048977 0.000897
    1 0.073573 17.526917 0.777220 0.000000 0.000001 0.000000
    2 -0.226386 4.254942 -0.608961 0.000000 -0.000001 0.000000
    3 -0.287354 6.789063 -0.811035 0.000000 0.000001 0.000000
    4 -0.045094 3.566423 0.891595 0.000000 -0.000001 0.000000
    5 -0.116185 1.807585 2.464996 0.871437 0.000002 0.000000
    6 0.000000 1.030615 0.000004 -2.678926 -0.000682 -3.140017
    7 -0.000002 5.179932 -0.000037 0.171208 -0.005617 0.020448
    8 -0.218267 25.777573 2.487072 2.677135 0.000002 0.000000
    9 0.000000 0.870350 0.000008 0.010366 0.003583 -0.024883
    10 0.000000 4.478401 0.000072 0.010569 0.000774 -0.000275
    11 0.040727 15.700035 7.315358 -1.583542 -0.000195 0.001729
    12 -1.465494 -23.860073 -8.907386 0.402449 -0.263162 2.094395
    13 -1.294654 1.473667 0.640471 2.361821 -0.515043 -2.105043
    14 0.000011 1.832554 0.000004 0.105708 -0.242323 -0.022342
    15 0.000000 1.003359 0.000001 0.156021 -0.012825 -0.172565
    16 -1.632739 4.327644 -0.483953 0.365940 0.282534 -0.019008
    17 -0.000010 1.637142 0.000010 1.001957 0.015784 -0.110368
    18 0.000007 1.100985 0.000004 0.016762 0.076956 -0.068134
    19 -0.500328 4.452953 -0.532495 0.396541 0.287798 0.017522
    20 -0.000010 1.442617 -0.000010 1.327387 0.029467 -0.036819
    21 -0.000003 1.302446 0.000004 0.004462 -0.041924 0.002923
    22 0.523221 4.540312 -0.480714 0.856150 0.290072 -0.285051
    23 -0.000001 1.198256 0.000008 0.732584 -0.133859 0.043090
    24 -0.000012 0.869780 0.000015 0.218278 0.063758 -0.018624
    25 1.354362 4.150681 -0.582655 0.848432 0.193448 -0.436427
    26 0.000000 1.157421 -0.000006 0.969716 -0.115782 0.002585
    27 0.000001 1.020055 0.000002 -0.120881 -0.015655 -0.025766
    28 5.003218 -8.070315 -8.112608 -2.309297 -0.023622 -0.061635
    29 0.000038 12.695422 -0.000004 -1.487895 0.449604 0.425730
    30 -4.227295 -5.224649 -9.157393 -0.071138 1.516753 3.085472
    31 -1.391397 1.476538 -0.700638 -1.757657 -1.119915 2.167452
    32 0.000002 1.751797 -0.000002 -0.382702 -0.196552 -0.169375
    33 0.000010 1.122969 0.000000 -0.357783 -0.049012 -0.094326
    34 -1.596883 4.441620 0.708540 -1.095924 -1.295283 1.097847
    35 -0.000008 1.481951 -0.000008 0.054514 0.090791 0.175416
    36 0.000002 1.056648 -0.000004 -0.089823 -0.147432 0.506074
    37 -0.470901 4.219486 0.926555 -2.516793 -0.098334 -3.183936
    38 -0.000010 1.609821 0.000004 1.338602 -0.114174 0.088559
    39 -0.000002 1.562311 0.000013 1.278058 0.025862 -0.031766
    40 0.576838 4.298388 0.639431 -2.185725 -0.104952 -3.078380
    41 0.000002 1.553762 -0.000008 1.256437 0.140301 0.008698
    42 0.000003 0.874434 -0.000006 0.891120 0.106775 0.200336
    43 1.459885 4.275572 0.219019 -2.155242 -0.186603 3.315304
    44 -0.000010 0.973051 -0.000004 0.971833 0.217243 0.114332
    45 0.000007 0.970890 0.000004 1.186781 0.085916 0.151173
    46 -7.008868 4.575658 -7.491495 -1.605632 0.633746 0.686392
    47 0.000011 12.706367 0.000010 -2.270905 0.350916 0.128337
    48 0.000000 0.000000 0.000000 1.570796 0.000000 1.570796
    49 -0.000006 1.500006 0.000000 1.570796 0.000000 1.570796
    50 0.000000 -0.299999 0.000000 -1.570796 0.000000 1.570796
    51 0.000000 0.000000 0.000000 0.000000 0.000000 1.570796
    52 0.000000 0.000000 0.000000 0.000000 0.000000 1.570796
    53 0.000000 0.000002 0.000001 0.000000 0.000000 1.919862
    54 0.000000 0.000000 0.000000 -1.570796 0.000000 1.570796
    55 0.000000 0.000000 0.000002 -1.570797 0.000000 1.570796
    56 -0.000002 -0.000002 0.000004 -1.570797 0.000001 1.570796
    57 0.000003 0.000000 0.000000 -1.570796 0.000000 1.570796
    58 0.000002 0.000003 0.000000 -1.570796 0.000000 1.570796
    59 0.000000 0.000000 0.000000 -1.570796 0.000000 1.570796
    60 -0.000001 0.000011 0.000000 -1.570796 0.000000 1.570796
    61 0.000000 0.000000 0.000000 -1.570796 -0.000001 1.570796
    62 0.000000 -0.000001 0.000000 -1.570796 0.000000 1.570796
    63 -0.000002 0.000002 -0.000002 -1.570796 0.000000 1.570796
    64 0.000000 0.000000 0.000000 -1.570797 0.000000 1.570796
    65 0.000000 0.000000 0.000000 -1.570797 0.000000 1.570796
    66 0.000000 0.000000 0.000000 1.570796 0.000000 1.570796
    67 0.000000 1.500000 0.000000 1.570796 0.000000 1.570796
    68 0.000000 0.300001 0.000000 1.570796 0.000000 1.570796
    69 -0.000011 0.000002 -0.000004 -3.141593 0.000001 1.570796
    70 0.000000 0.000000 0.000000 3.141593 0.000000 1.570796
    71 0.000001 0.000000 0.000000 -3.141593 0.000000 1.221730
    72 0.000000 0.000000 0.000000 3.141593 0.000000 1.570796
    73 0.000000 -0.000002 0.000000 3.141593 0.000000 1.570796
    74 0.000004 0.000000 0.000000 3.141593 0.000000 1.570797
    75 -0.000004 0.000000 0.000002 -1.570796 0.000000 1.570796
    76 0.000000 -0.000001 0.000008 -1.570796 0.000000 1.570796
    77 0.000001 0.000000 0.000000 -1.570796 0.000000 1.570796
    78 0.000001 0.000002 0.000000 -1.570796 0.000000 1.570796
    79 0.000000 0.000000 0.000000 -1.570796 0.000000 1.570796
    80 0.000001 0.000000 0.000000 -1.570796 0.000000 1.570796
    81 0.000001 0.000000 0.000000 -1.570796 0.000001 1.570796
    82 -0.000001 0.000000 0.000002 -1.570796 0.000001 1.570796
    83 0.000001 0.000000 0.000000 -1.570796 0.000000 1.570796
  time 19
    0 -3.206222 -11.149470 -5.144751 -3.145731 0.049921 0.000558
    1 0.073573 17.526917 0.777220 0.000000 0.000001 0.000000
    2 -0.226386 4.254942 -0.608961 0.000000 -0.000001 0.000000
    3 -0.287354 6.789063 -0.811035 0.000000 0.000001 0.000000
    4 -0.045094 3.566423 0.891595 0.000000 -0.000001 0.000000
    5 -0.116185 1.807585 2.464996 0.907426 0.000002 0.000000
    6 0.000000 1.030615 0.000004 -2.671307 -0.005081 -3.134209
    7 -0.000002 5.179932 -0.000037 0.228092 -0.005797 0.022114
    8 -0.218267 25.777573 2.487072 2.656221 0.000002 0.000000
    9 0.000000 0.870350 0.000008 0.006015 0.002685 -0.016580
    10 0.000000 4.478401 0.000072 0.073133 0.000283 -0.000454
    11 -0.045213 15.660971 7.225511 -1.581385 -0.000064 0.001423
    12 -1.469400 -23.973358 -8.876135 0.403849 -0.262975 2.093073
    13 -1.294654 1.473667 0.640471 2.361821 -0.515043 -2.105043
    14 0.000011 1.832554 0.000004 0.105708 -0.242323 -0.022342
    15 0.000000 1.003359 0.000001 0.156045 -0.012885 -0.172565
    16 -1.632739 4.327644 -0.483953 0.365940 0.282534 -0.019008
    17 -0.000010 1.637142 0.000010 1.001957 0.015784 -0.110368
    18 0.000007 1.100985 0.000004 0.016762 0.076956 -0.068134
    19 -0.500328 4.452953 -0.532495 0.396541 0.287798 0.017522
    20 -0.000010 1.442617 -0.000010 1.327387 0.029467 -0.036819
    21 -0.000003 1.302446 0.000004 0.004478 -0.041924 0.002935
    22 0.523221 4.540312 -0.480714 0.856150 0.290072 -0.285051
    23 -0.000001 1.198256 0.000008 0.732525 -0.133859 0.043090
    24 -0.000012 0.869780 0.000015 0.218278 0.063758 -0.018624
    25 1.354362 4.150681 -0.582655 0.848432 0.193448 -0.436427
    26 0.000000 1.157421 -0.000006 0.969716 -0.115794 0.002585
    27 0.000001 1.020055 0.000002 -0.120881 -0.015655 -0.025766
    28 5.003218 -8.070315 -8.112608 -2.316690 -0.022464 -0.061361
    29 0.000038 12.695422 -0.000004 -1.477878 0.445467 0.425313
    30 -4.231201 -5.337934 -9.122236 -0.056410 1.515757 3.099592
    31 -1.391397 1.476538 -0.700638 -1.757657 -1.119915 2.167452
    32 0.000002 1.751797 -0.000002 -0.382702 -0.196552 -0.169375
    33 0.000010 1.122969 0.000000 -0.357783 -0.049012 -0.094326
    34 -1.596883 4.441620 0.708540 -1.095924 -1.295283 1.097847
    35 -0.000008 1.481951 -0.000008 0.054514 0.090791 0.175416
    36 0.000002 1.056648 -0.000004 -0.089823 -0.147444 0.506074
    37 -0.470901 4.219486 0.926555 -2.516793 -0.098334 -3.183936
    38 -0.000010 1.609821 0.000004 1.338602 -0.114174 0.088559
    39 -0.000002 1.562311 0.000013 1.278058 0.025862 -0.031766
    40 0.576838 4.298388 0.639431 -2.185725 -0.104952 -3.078380
    41 0.000002 1.553762 -0.000008 1.256437 0.140301 0.008698
    42 0.000003 0.874434 -0.000006 0.891120 0.106775 0.200336
    43 1.459885 4.275572 0.219019 -2.155218 -0.186603 3.315304
    44 -0.000010 0.973051 -0.000004 0.971833 0.217243 0.114332
    45 0.000007 0.970890 0.000004 1.186741 0.085916 0.151173
    46 -7.008868 4.575658 -7.491495 -1.616173 0.632417 0.678806
    47 0.000011 12.706367 0.000010 -2.262279 0.349873 0.129428
    48 0.000000 0.000000 0.000000 1.570796 0.000000 1.570796
    49 -0.000006 1.500006 0.000000 1.570796 0.000000 1.570796
    50 0.000000 -0.299999 0.000000 -1.570796 0.000000 1.570796
    51 0.000000 0.000000 0.000000 0.000000 0.000000 1.570796
    52 0.000000 0.000000 0.000000 0.000000 0.000000 1.570796
    53 0.000000 0.000002 0.000001 0.000000 0.000000 1.919862
    54 0.000000 0.000000 0.000000 -1.570796 0.000000 1.570796
    55 0.000000 0.000000 0.000002 -1.570797 0.000000 1.570796
    56 -0.000002 -0.000002 0.000004 -1.570797 0.000001 1.570796
    57 0.000003 0.000000 0.000000 -1.570796 0.000000 1.570796
    58 0.000002 0.000003 0.000000 -1.570796 0.000000 1.570796
    59 0.000000 0.000000 0.000000 -1.570796 0.000000 1.570796
    60 -0.000001 0.000011 0.000000 -1.570796 0.000000 1.570796
    61 0.000000 0.000000 0.000000 -1.570796 -0.000001 1.570796
    62 0.000000 -0.000001 0.000000 -1.570796 0.000000 1.570796
    63 -0.000002 0.000002 -0.000002 -1.570796 0.000000 1.570796
    64 0.000000 0.000000 0.000000 -1.570797 0.000000 1.570796
    65 0.000000 0.000000 0.000000 -1.570797 0.000000 1.570796
    66 0.000000 0.000000 0.000000 1.570796 0.000000 1.570796
    67 0.000000 1.500000 0.000000 1.570796 0.000000 1.570796
    68 0.000000 0.300001 0.000000 1.570796 0.000000 1.570796
    69 -0.000011 0.000002 -0.000004 -3.141593 0.000001 1.570796
    70 0.000000 0.000000 0.000000 3.141593 0.000000 1.570796
    71 0.000001 0.000000 0.000000 -3.141593 0.000000 1.221730
    72 0.000000 0.000000 0.000000 3.141593 0.000000 1.570796
    73 0.000000 -0.000002 0.000000 3.141593 0.000000 1.570796
    74 0.000004 0.000000 0.000000 3.141593 0.000000 1.570797
    75 -0.000004 0.000000 0.000002 -1.570796 0.000000 1.570796
    76 0.000000 -0.000001 0.000008 -1.570796 0.000000 1.570796
    77 0.000001 0.000000 0.000000 -1.570796 0.000000 1.570796
    78 0.000001 0.000002 0.000000 -1.570796 0.000000 1.570796
    79 0.000000 0.000000 0.000000 -1.570796 0.000000 1.570796
    80 0.000001 0.000000 0.000000 -1.570796 0.000000 1.570796
    81 0.000001 0.000000 0.000000 -1.570796 0.000001 1.570796
    82 -0.000001 0.000000 0.000002 -1.570796 0.000001 1.570796
    83 0.000001 0.000000 0.000000 -1.570796 0.000000 1.570796
  time 20
    0 -3.206222 -11.254942 -5.113500 -3.145121 0.052628 0.000219
    1 0.073573 17.526917 0.777220 0.000000 0.000001 0.000000
    2 -0.226386 4.254942 -0.608961 0.000000 -0.000001 0.000000
    3 -0.287354 6.789063 -0.811035 0.000000 0.000001 0.000000
    4 -0.045094 3.566423 0.891595 0.000000 -0.000001 0.000000
    5 -0.116185 1.807585 2.464996 0.907114 0.000002 0.000000
    6 0.000000 1.030615 0.000004 -2.667769 -0.008449 -3.129660
    7 -0.000002 5.179932 -0.000037 0.233362 -0.005437 0.021347
    8 -0.218267 25.777573 2.487072 2.627363 0.000002 0.000000
    9 0.000000 0.870350 0.000008 -0.002326 0.001702 -0.009444
    10 0.000000 4.478401 0.000072 0.154841 -0.000208 0.000492
    11 -0.131153 15.684410 7.159103 -1.578692 -0.000064 0.001064
    12 -1.496745 -24.071017 -8.844884 0.406107 -0.264037 2.092577
    13 -1.294654 1.473667 0.640471 2.361821 -0.515043 -2.105043
    14 0.000011 1.832554 0.000004 0.105708 -0.242323 -0.022342
    15 0.000000 1.003359 0.000001 0.156045 -0.012861 -0.172565
    16 -1.632739 4.327644 -0.483953 0.365940 0.282534 -0.019008
    17 -0.000010 1.637142 0.000010 1.001957 0.015784 -0.110368
    18 0.000007 1.100985 0.000004 0.016762 0.076956 -0.068134
    19 -0.500328 4.452953 -0.532495 0.396541 0.287798 0.017522
    20 -0.000010 1.442617 -0.000010 1.327387 0.029467 -0.036819
    21 -0.000003 1.302446 0.000004 0.004462 -0.041924 0.002935
    22 0.523221 4.540312 -0.480714 0.856150 0.290072 -0.285051
    23 -0.000001 1.198256 0.000008 0.732544 -0.133859 0.043090
    24 -0.000012 0.869780 0.000015 0.218278 0.063758 -0.018624
    25 1.354362 4.150681 -0.582655 0.848409 0.193448 -0.436427
    26 0.000000 1.157421 -0.000006 0.969716 -0.115782 0.002585
    27 0.000001 1.020055 0.000002 -0.120881 -0.015655 -0.025766
    28 5.003218 -8.070315 -8.112608 -2.324008 -0.020843 -0.061635
    29 0.000038 12.695422 -0.000004 -1.467931 0.441446 0.424974
    30 -4.242920 -5.427781 -9.090985 -0.061412 1.513000 3.094154
    31 -1.391397 1.476538 -0.700638 -1.757657 -1.119903 2.167452
    32 0.000002 1.751797 -0.000002 -0.382702 -0.196552 -0.169375
    33 0.000010 1.122969 0.000000 -0.357783 -0.049012 -0.094326
    34 -1.596883 4.441620 0.708540 -1.095924 -1.295283 1.097847
    35 -0.000008 1.481951 -0.000008 0.054514 0.090791 0.175416
    36 0.000002 1.056648 -0.000004 -0.089823 -0.147420 0.506025
    37 -0.470901 4.219486 0.926555 -2.516793 -0.098334 -3.183936
    38 -0.000010 1.609821 0.000004 1.338602 -0.114174 0.088559
    39 -0.000002 1.562311 0.000013 1.278058 0.025862 -0.031766
    40 0.576838 4.298388 0.639431 -2.185725 -0.104952 -3.078380
    41 0.000002 1.553762 -0.000008 1.256437 0.140301 0.008698
    42 0.000003 0.874434 -0.000006 0.891120 0.106775 0.200336
    43 1.459885 4.275572 0.219019 -2.155230 -0.186603 3.315304
    44 -0.000010 0.973051 -0.000004 0.971833 0.217243 0.114332
    45 0.000007 0.970890 0.000004 1.186781 0.085916 0.151173
    46 -7.008868 4.575658 -7.491495 -1.628952 0.630054 0.668663
    47 0.000011 12.706367 0.000010 -2.254115 0.348782 0.130267
    48 0.000000 0.000000 0.000000 1.570796 0.000000 1.570796
    49 -0.000006 1.500006 0.000000 1.570796 0.000000 1.570796
    50 0.000000 -0.299999 0.000000 -1.570796 0.000000 1.570796
    51 0.000000 0.000000 0.000000 0.000000 0.000000 1.570796
    52 0.000000 0.000000 0.000000 0.000000 0.000000 1.570796
    53 0.000000 0.000002 0.000001 0.000000 0.000000 1.919862
    54 0.000000 0.000000 0.000000 -1.570796 0.000000 1.570796
    55 0.000000 0.000000 0.000002 -1.570797 0.000000 1.570796
    56 -0.000002 -0.000002 0.000004 -1.570797 0.000001 1.570796
    57 0.000003 0.000000 0.000000 -1.570796 0.000000 1.570796
    58 0.000002 0.000003 0.000000 -1.570796 0.000000 1.570796
    59 0.000000 0.000000 0.000000 -1.570796 0.000000 1.570796
    60 -0.000001 0.000011 0.000000 -1.570796 0.000000 1.570796
    61 0.000000 0.000000 0.000000 -1.570796 -0.000001 1.570796
    62 0.000000 -0.000001 0.000000 -1.570796 0.000000 1.570796
    63 -0.000002 0.000002 -0.000002 -1.570796 0.000000 1.570796
    64 0.000000 0.000000 0.000000 -1.570797 0.000000 1.570796
    65 0.000000 0.000000 0.000000 -1.570797 0.000000 1.570796
    66 0.000000 0.000000 0.000000 1.570796 0.000000 1.570796
    67 0.000000 1.500000 0.000000 1.570796 0.000000 1.570796
    68 0.000000 0.300001 0.000000 1.570796 0.000000 1.570796
    69 -0.000011 0.000002 -0.000004 -3.141593 0.000001 1.570796
    70 0.000000 0.000000 0.000000 3.141593 0.000000 1.570796
    71 0.000001 0.000000 0.000000 -3.141593 0.000000 1.221730
    72 0.000000 0.000000 0.000000 3.141593 0.000000 1.570796
    73 0.000000 -0.000002 0.000000 3.141593 0.000000 1.570796
    74 0.000004 0.000000 0.000000 3.141593 0.000000 1.570797
    75 -0.000004 0.000000 0.000002 -1.570796 0.000000 1.570796
    76 0.000000 -0.000001 0.000008 -1.570796 0.000000 1.570796
    77 0.000001 0.000000 0.000000 -1.570796 0.000000 1.570796
    78 0.000001 0.000002 0.000000 -1.570796 0.000000 1.570796
    79 0.000000 0.000000 0.000000 -1.570796 0.000000 1.570796
    80 0.000001 0.000000 0.000000 -1.570796 0.000000 1.570796
    81 0.000001 0.000000 0.000000 -1.570796 0.000001 1.570796
    82 -0.000001 0.000000 0.000002 -1.570796 0.000001 1.570796
    83 0.000001 0.000000 0.000000 -1.570796 0.000000 1.570796
  time 21
    0 -3.210129 -11.356507 -5.062717 -3.144255 0.056279 -0.000121
    1 0.073573 17.526917 0.777220 0.000000 0.000001 0.000000
    2 -0.226386 4.254942 -0.608961 0.000000 -0.000001 0.000000
    3 -0.287354 6.789063 -0.811035 0.000000 0.000001 0.000000
    4 -0.045094 3.566423 0.891595 0.000000 -0.000001 0.000000
    5 -0.116185 1.807585 2.464996 0.906451 0.000002 0.000000
    6 0.000000 1.030615 0.000004 -2.665612 -0.010786 -3.126543
    7 -0.000002 5.179932 -0.000037 0.236476 -0.005077 0.019633
    8 -0.218267 25.777573 2.487072 2.602806 0.000002 0.000000
    9 0.000000 0.870350 0.000008 -0.011937 0.000875 -0.004218
    10 0.000000 4.478401 0.000072 0.227770 -0.000987 0.002949
    11 -0.193655 15.688316 7.108320 -1.575829 -0.000064 0.000665
    12 -1.512370 -24.168676 -8.813633 0.409376 -0.266724 2.091337
    13 -1.294654 1.473667 0.640471 2.361821 -0.515043 -2.105043
    14 0.000011 1.832554 0.000004 0.105696 -0.242323 -0.022342
    15 0.000000 1.003359 0.000001 0.156021 -0.012861 -0.172565
    16 -1.632739 4.327644 -0.483953 0.365940 0.282534 -0.019008
    17 -0.000010 1.637142 0.000010 1.001957 0.015772 -0.110368
    18 0.000007 1.100985 0.000004 0.016762 0.076956 -0.068134
    19 -0.500328 4.452953 -0.532495 0.396541 0.287798 0.017522
    20 -0.000010 1.442617 -0.000010 1.327387 0.029467 -0.036819
    21 -0.000003 1.302446 0.000004 0.004462 -0.041924 0.002935
    22 0.523221 4.540312 -0.480714 0.856150 0.290072 -0.285051
    23 -0.000001 1.198256 0.000008 0.732584 -0.133859 0.043078
    24 -0.000012 0.869780 0.000015 0.218278 0.063758 -0.018636
    25 1.354362 4.150681 -0.582655 0.848432 0.193448 -0.436427
    26 0.000000 1.157421 -0.000006 0.969716 -0.115782 0.002585
    27 0.000001 1.020055 0.000002 -0.120881 -0.015655 -0.025766
    28 5.003218 -8.070315 -8.112608 -2.330722 -0.019189 -0.062251
    29 0.000038 12.695422 -0.000004 -1.458596 0.437580 0.424557
    30 -4.258546 -5.533253 -9.032390 -0.074936 1.509094 3.080034
    31 -1.391397 1.476538 -0.700638 -1.757657 -1.119903 2.167452
    32 0.000002 1.751797 -0.000002 -0.382702 -0.196552 -0.169375
    33 0.000010 1.122969 0.000000 -0.357783 -0.049012 -0.094326
    34 -1.596883 4.441620 0.708540 -1.095924 -1.295283 1.097847
    35 -0.000008 1.481951 -0.000008 0.054514 0.090791 0.175416
    36 0.000002 1.056648 -0.000004 -0.089823 -0.147444 0.506025
    37 -0.470901 4.219486 0.926555 -2.516793 -0.098334 -3.183936
    38 -0.000010 1.609821 0.000004 1.338602 -0.114174 0.088559
    39 -0.000002 1.562311 0.000013 1.278058 0.025862 -0.031766
    40 0.576838 4.298388 0.639431 -2.185725 -0.104952 -3.078380
    41 0.000002 1.553762 -0.000008 1.256437 0.140301 0.008698
    42 0.000003 0.874434 -0.000006 0.891120 0.106775 0.200336
    43 1.459885 4.275572 0.219019 -2.155242 -0.186603 3.315304
    44 -0.000010 0.973051 -0.000004 0.971833 0.217243 0.114332
    45 0.000007 0.970890 0.000004 1.186781 0.085916 0.151173
    46 -7.008868 4.575658 -7.491495 -1.643792 0.627159 0.657071
    47 0.000011 12.706367 0.000010 -2.247337 0.347919 0.130986
    48 0.000000 0.000000 0.000000 1.570796 0.000000 1.570796
    49 -0.000006 1.500006 0.000000 1.570796 0.000000 1.570796
    50 0.000000 -0.299999 0.000000 -1.570796 0.000000 1.570796
    51 0.000000 0.000000 0.000000 0.000000 0.000000 1.570796
    52 0.000000 0.000000 0.000000 0.000000 0.000000 1.570796
    53 0.000000 0.000002 0.000001 0.000000 0.000000 1.919862
    54 0.000000 0.000000 0.000000 -1.570796 0.000000 1.570796
    55 0.000000 0.000000 0.000002 -1.570797 0.000000 1.570796
    56 -0.000002 -0.000002 0.000004 -1.570797 0.000001 1.570796
    57 0.000003 0.000000 0.000000 -1.570796 0.000000 1.570796
    58 0.000002 0.000003 0.000000 -1.570796 0.000000 1.570796
    59 0.000000 0.000000 0.000000 -1.570796 0.000000 1.570796
    60 -0.000001 0.000011 0.000000 -1.570796 0.000000 1.570796
    61 0.000000 0.000000 0.000000 -1.570796 -0.000001 1.570796
    62 0.000000 -0.000001 0.000000 -1.570796 0.000000 1.570796
    63 -0.000002 0.000002 -0.000002 -1.570796 0.000000 1.570796
    64 0.000000 0.000000 0.000000 -1.570797 0.000000 1.570796
    65 0.000000 0.000000 0.000000 -1.570797 0.000000 1.570796
    66 0.000000 0.000000 0.000000 1.570796 0.000000 1.570796
    67 0.000000 1.500000 0.000000 1.570796 0.000000 1.570796
    68 0.000000 0.300001 0.000000 1.570796 0.000000 1.570796
    69 -0.000011 0.000002 -0.000004 -3.141593 0.000001 1.570796
    70 0.000000 0.000000 0.000000 3.141593 0.000000 1.570796
    71 0.000001 0.000000 0.000000 -3.141593 0.000000 1.221730
    72 0.000000 0.000000 0.000000 3.141593 0.000000 1.570796
    73 0.000000 -0.000002 0.000000 3.141593 0.000000 1.570796
    74 0.000004 0.000000 0.000000 3.141593 0.000000 1.570797
    75 -0.000004 0.000000 0.000002 -1.570796 0.000000 1.570796
    76 0.000000 -0.000001 0.000008 -1.570796 0.000000 1.570796
    77 0.000001 0.000000 0.000000 -1.570796 0.000000 1.570796
    78 0.000001 0.000002 0.000000 -1.570796 0.000000 1.570796
    79 0.000000 0.000000 0.000000 -1.570796 0.000000 1.570796
    80 0.000001 0.000000 0.000000 -1.570796 0.000000 1.570796
    81 0.000001 0.000000 0.000000 -1.570796 0.000001 1.570796
    82 -0.000001 0.000000 0.000002 -1.570796 0.000001 1.570796
    83 0.000001 0.000000 0.000000 -1.570796 0.000000 1.570796
  time 22
    0 -3.214035 -11.438541 -5.008028 -3.143036 0.060056 -0.000392
    1 0.073573 17.526917 0.777220 0.000000 0.000001 0.000000
    2 -0.226386 4.254942 -0.608961 0.000000 -0.000001 0.000000
    3 -0.287354 6.789063 -0.811035 0.000000 0.000001 0.000000
    4 -0.045094 3.566423 0.891595 0.000000 -0.000001 0.000000
    5 -0.116185 1.807585 2.464996 0.905651 0.000002 0.000000
    6 0.000000 1.030615 0.000004 -2.664619 -0.012260 -3.124607
    7 -0.000002 5.179932 -0.000037 0.238130 -0.004430 0.017296
    8 -0.218267 25.777573 2.487072 2.583571 0.000002 0.000000
    9 0.000000 0.870350 0.000008 -0.021178 0.000240 -0.000703
    10 0.000000 4.478401 0.000072 0.286522 -0.001958 0.005945
    11 -0.267876 15.700035 7.061444 -1.573293 -0.000020 0.000346
    12 -1.531902 -24.254616 -8.786288 0.411711 -0.269911 2.090428
    13 -1.294654 1.473667 0.640471 2.361821 -0.515043 -2.105043
    14 0.000011 1.832554 0.000004 0.105696 -0.242323 -0.022342
    15 0.000000 1.003359 0.000001 0.156021 -0.012873 -0.172565
    16 -1.632739 4.327644 -0.483953 0.365940 0.282534 -0.019008
    17 -0.000010 1.637142 0.000010 1.001957 0.015772 -0.110368
    18 0.000007 1.100985 0.000004 0.016762 0.076956 -0.068134
    19 -0.500328 4.452953 -0.532495 0.396541 0.287798 0.017522
    20 -0.000010 1.442617 -0.000010 1.327387 0.029467 -0.036819
    21 -0.000003 1.302446 0.000004 0.004462 -0.041924 0.002935
    22 0.523221 4.540312 -0.480714 0.856150 0.290072 -0.285051
    23 -0.000001 1.198256 0.000008 0.732584 -0.133859 0.043090
    24 -0.000012 0.869780 0.000015 0.218278 0.063758 -0.018624
    25 1.354362 4.150681 -0.582655 0.848432 0.193448 -0.436427
    26 0.000000 1.157421 -0.000006 0.969716 -0.115782 0.002585
    27 0.000001 1.020055 0.000002 -0.120881 -0.015655 -0.025766
    28 5.003218 -8.070315 -8.112608 -2.336531 -0.017800 -0.062867
    29 0.000038 12.695422 -0.000004 -1.450624 0.434390 0.424153
    30 -4.266359 -5.611380 -8.969888 -0.090868 1.505418 3.064578
    31 -1.391397 1.476538 -0.700638 -1.757657 -1.119903 2.167452
    32 0.000002 1.751797 -0.000002 -0.382702 -0.196552 -0.169375
    33 0.000010 1.122969 0.000000 -0.357783 -0.049012 -0.094326
    34 -1.596883 4.441620 0.708540 -1.095924 -1.295283 1.097847
    35 -0.000008 1.481951 -0.000008 0.054514 0.090791 0.175416
    36 0.000002 1.056648 -0.000004 -0.089823 -0.147432 0.506025
    37 -0.470901 4.219486 0.926555 -2.516793 -0.098334 -3.183936
    38 -0.000010 1.609821 0.000004 1.338602 -0.114174 0.088559
    39 -0.000002 1.562311 0.000013 1.278058 0.025862 -0.031766
    40 0.576838 4.298388 0.639431 -2.185725 -0.104952 -3.078380
    41 0.000002 1.553762 -0.000008 1.256437 0.140301 0.008698
    42 0.000003 0.874434 -0.000006 0.891120 0.106775 0.200336
    43 1.459885 4.275572 0.219019 -2.155242 -0.186615 3.315304
    44 -0.000010 0.973051 -0.000004 0.971833 0.217243 0.114332
    45 0.000007 0.970890 0.000004 1.186761 0.085916 0.151173
    46 -7.008868 4.575658 -7.491495 -1.657101 0.624294 0.646587
    47 0.000011 12.706367 0.000010 -2.242100 0.347248 0.131441
    48 0.000000 0.000000 0.000000 1.570796 0.000000 1.570796
    49 -0.000006 1.500006 0.000000 1.570796 0.000000 1.570796
    50 0.000000 -0.299999 0.000000 -1.570796 0.000000 1.570796
    51 0.000000 0.000000 0.000000 0.000000 0.000000 1.570796
    52 0.000000 0.000000 0.000000 0.000000 0.000000 1.570796
    53 0.000000 0.000002 0.000001 0.000000 0.000000 1.919862
    54 0.000000 0.000000 0.000000 -1.570796 0.000000 1.570796
    55 0.000000 0.000000 0.000002 -1.570797 0.000000 1.570796
    56 -0.000002 -0.000002 0.000004 -1.570797 0.000001 1.570796
    57 0.000003 0.000000 0.000000 -1.570796 0.000000 1.570796
    58 0.000002 0.000003 0.000000 -1.570796 0.000000 1.570796
    59 0.000000 0.000000 0.000000 -1.570796 0.000000 1.570796
    60 -0.000001 0.000011 0.000000 -1.570796 0.000000 1.570796
    61 0.000000 0.000000 0.000000 -1.570796 -0.000001 1.570796
    62 0.000000 -0.000001 0.000000 -1.570796 0.000000 1.570796
    63 -0.000002 0.000002 -0.000002 -1.570796 0.000000 1.570796
    64 0.000000 0.000000 0.000000 -1.570797 0.000000 1.570796
    65 0.000000 0.000000 0.000000 -1.570797 0.000000 1.570796
    66 0.000000 0.000000 0.000000 1.570796 0.000000 1.570796
    67 0.000000 1.500000 0.000000 1.570796 0.000000 1.570796
    68 0.000000 0.300001 0.000000 1.570796 0.000000 1.570796
    69 -0.000011 0.000002 -0.000004 -3.141593 0.000001 1.570796
    70 0.000000 0.000000 0.000000 3.141593 0.000000 1.570796
    71 0.000001 0.000000 0.000000 -3.141593 0.000000 1.221730
    72 0.000000 0.000000 0.000000 3.141593 0.000000 1.570796
    73 0.000000 -0.000002 0.000000 3.141593 0.000000 1.570796
    74 0.000004 0.000000 0.000000 3.141593 0.000000 1.570797
    75 -0.000004 0.000000 0.000002 -1.570796 0.000000 1.570796
    76 0.000000 -0.000001 0.000008 -1.570796 0.000000 1.570796
    77 0.000001 0.000000 0.000000 -1.570796 0.000000 1.570796
    78 0.000001 0.000002 0.000000 -1.570796 0.000000 1.570796
    79 0.000000 0.000000 0.000000 -1.570796 0.000000 1.570796
    80 0.000001 0.000000 0.000000 -1.570796 0.000000 1.570796
    81 0.000001 0.000000 0.000000 -1.570796 0.000001 1.570796
    82 -0.000001 0.000000 0.000002 -1.570796 0.000001 1.570796
    83 0.000001 0.000000 0.000000 -1.570796 0.000000 1.570796
  time 23
    0 -3.214035 -11.497137 -4.976777 -3.142009 0.062983 -0.000528
    1 0.073573 17.526917 0.777220 0.000000 0.000001 0.000000
    2 -0.226386 4.254942 -0.608961 0.000000 -0.000001 0.000000
    3 -0.287354 6.789063 -0.811035 0.000000 0.000001 0.000000
    4 -0.045094 3.566423 0.891595 0.000000 -0.000001 0.000000
    5 -0.116185 1.807585 2.464996 0.904988 0.000002 0.000000
    6 0.000000 1.030615 0.000004 -2.664308 -0.012979 -3.123631
    7 -0.000002 5.179932 -0.000037 0.238730 -0.004131 0.015595
    8 -0.218267 25.777573 2.487072 2.571083 0.000002 0.000000
    9 0.000000 0.870350 0.000008 -0.027913 -0.000156 0.001247
    10 0.000000 4.478401 0.000072 0.325746 -0.002797 0.008282
    11 -0.295221 15.700035 7.049725 -1.571502 0.000002 0.000080
    12 -1.555340 -24.305399 -8.770663 0.413579 -0.272535 2.089684
    13 -1.294654 1.473667 0.640471 2.361821 -0.515043 -2.105043
    14 0.000011 1.832554 0.000004 0.105696 -0.242323 -0.022342
    15 0.000000 1.003359 0.000001 0.156033 -0.012837 -0.172565
    16 -1.632739 4.327644 -0.483953 0.365940 0.282534 -0.019008
    17 -0.000010 1.637142 0.000010 1.001957 0.015784 -0.110368
    18 0.000007 1.100985 0.000004 0.016762 0.076956 -0.068134
    19 -0.500328 4.452953 -0.532495 0.396541 0.287798 0.017522
    20 -0.000010 1.442617 -0.000010 1.327387 0.029467 -0.036819
    21 -0.000003 1.302446 0.000004 0.004462 -0.041924 0.002935
    22 0.523221 4.540312 -0.480714 0.856150 0.290072 -0.285051
    23 -0.000001 1.198256 0.000008 0.732525 -0.133859 0.043090
    24 -0.000012 0.869780 0.000015 0.218278 0.063758 -0.018624
    25 1.354362 4.150681 -0.582655 0.848409 0.193448 -0.436427
    26 0.000000 1.157421 -0.000006 0.969716 -0.115806 0.002585
    27 0.000001 1.020055 0.000002 -0.120881 -0.015655 -0.025766
    28 5.003218 -8.070315 -8.112608 -2.340303 -0.016576 -0.063483
    29 0.000038 12.695422 -0.000004 -1.445173 0.432167 0.423853
    30 -4.278078 -5.669976 -8.911292 -0.102447 1.502431 3.052366
    31 -1.391397 1.476538 -0.700638 -1.757657 -1.119903 2.167452
    32 0.000002 1.751797 -0.000002 -0.382702 -0.196552 -0.169375
    33 0.000010 1.122969 0.000000 -0.357783 -0.049012 -0.094326
    34 -1.596883 4.441620 0.708540 -1.095924 -1.295283 1.097847
    35 -0.000008 1.481951 -0.000008 0.054514 0.090791 0.175416
    36 0.000002 1.056648 -0.000004 -0.089823 -0.147432 0.506074
    37 -0.470901 4.219486 0.926555 -2.516793 -0.098334 -3.183936
    38 -0.000010 1.609821 0.000004 1.338602 -0.114174 0.088559
    39 -0.000002 1.562311 0.000013 1.278058 0.025862 -0.031766
    40 0.576838 4.298388 0.639431 -2.185725 -0.104952 -3.078380
    41 0.000002 1.553762 -0.000008 1.256437 0.140301 0.008698
    42 0.000003 0.874434 -0.000006 0.891120 0.106775 0.200336
    43 1.459885 4.275572 0.219019 -2.155242 -0.186603 3.315304
    44 -0.000010 0.973051 -0.000004 0.971833 0.217243 0.114332
    45 0.000007 0.970890 0.000004 1.186741 0.085916 0.151173
    46 -7.008868 4.575658 -7.491495 -1.667171 0.622138 0.638660
    47 0.000011 12.706367 0.000010 -2.238249 0.346925 0.131969
    48 0.000000 0.000000 0.000000 1.570796 0.000000 1.570796
    49 -0.000006 1.500006 0.000000 1.570796 0.000000 1.570796
    50 0.000000 -0.299999 0.000000 -1.570796 0.000000 1.570796
    51 0.000000 0.000000 0.000000 0.000000 0.000000 1.570796
    52 0.000000 0.000000 0.000000 0.000000 0.000000 1.570796
    53 0.000000 0.000002 0.000001 0.000000 0.000000 1.919862
    54 0.000000 0.000000 0.000000 -1.570796 0.000000 1.570796
    55 0.000000 0.000000 0.000002 -1.570797 0.000000 1.570796
    56 -0.000002 -0.000002 0.000004 -1.570797 0.000001 1.570796
    57 0.000003 0.000000 0.000000 -1.570796 0.000000 1.570796
    58 0.000002 0.000003 0.000000 -1.570796 0.000000 1.570796
    59 0.000000 0.000000 0.000000 -1.570796 0.000000 1.570796
    60 -0.000001 0.000011 0.000000 -1.570796 0.000000 1.570796
    61 0.000000 0.000000 0.000000 -1.570796 -0.000001 1.570796
    62 0.000000 -0.000001 0.000000 -1.570796 0.000000 1.570796
    63 -0.000002 0.000002 -0.000002 -1.570796 0.000000 1.570796
    64 0.000000 0.000000 0.000000 -1.570797 0.000000 1.570796
    65 0.000000 0.000000 0.000000 -1.570797 0.000000 1.570796
    66 0.000000 0.000000 0.000000 1.570796 0.000000 1.570796
    67 0.000000 1.500000 0.000000 1.570796 0.000000 1.570796
    68 0.000000 0.300001 0.000000 1.570796 0.000000 1.570796
    69 -0.000011 0.000002 -0.000004 -3.141593 0.000001 1.570796
    70 0.000000 0.000000 0.000000 3.141593 0.000000 1.570796
    71 0.000001 0.000000 0.000000 -3.141593 0.000000 1.221730
    72 0.000000 0.000000 0.000000 3.141593 0.000000 1.570796
    73 0.000000 -0.000002 0.000000 3.141593 0.000000 1.570796
    74 0.000004 0.000000 0.000000 3.141593 0.000000 1.570797
    75 -0.000004 0.000000 0.000002 -1.570796 0.000000 1.570796
    76 0.000000 -0.000001 0.000008 -1.570796 0.000000 1.570796
    77 0.000001 0.000000 0.000000 -1.570796 0.000000 1.570796
    78 0.000001 0.000002 0.000000 -1.570796 0.000000 1.570796
    79 0.000000 0.000000 0.000000 -1.570796 0.000000 1.570796
    80 0.000001 0.000000 0.000000 -1.570796 0.000000 1.570796
    81 0.000001 0.000000 0.000000 -1.570796 0.000001 1.570796
    82 -0.000001 0.000000 0.000002 -1.570796 0.000001 1.570796
    83 0.000001 0.000000 0.000000 -1.570796 0.000000 1.570796
  time 24
    0 -3.214035 -11.520575 -4.957245 -3.141592 0.064148 -0.000595
    1 0.073573 17.526917 0.777220 0.000000 0.000001 0.000000
    2 -0.226386 4.254942 -0.608961 0.000000 -0.000001 0.000000
    3 -0.287354 6.789063 -0.811035 0.000000 0.000001 0.000000
    4 -0.045094 3.566423 0.891595 0.000000 -0.000001 0.000000
    5 -0.116185 1.807585 2.464996 0.904734 0.000002 0.000000
    6 0.000000 1.030615 0.000004 -2.664215 -0.013111 -3.123332
    7 -0.000002 5.179932 -0.000037 0.238811 -0.003807 0.014816
    8 -0.218267 25.777573 2.487072 2.566625 0.000002 0.000000
    9 0.000000 0.870350 0.000008 -0.030598 -0.000300 0.001857
    10 0.000000 4.478401 0.000072 0.340007 -0.003145 0.009133
    11 -0.295221 15.700035 7.049725 -1.570796 0.000002 0.000000
    12 -1.559247 -24.305399 -8.755037 0.414513 -0.273660 2.089436
    13 -1.294654 1.473667 0.640471 2.361821 -0.515043 -2.105043
    14 0.000011 1.832554 0.000004 0.105696 -0.242323 -0.022342
    15 0.000000 1.003359 0.000001 0.156021 -0.012861 -0.172565
    16 -1.632739 4.327644 -0.483953 0.365940 0.282534 -0.019008
    17 -0.000010 1.637142 0.000010 1.001957 0.015772 -0.110368
    18 0.000007 1.100985 0.000004 0.016762 0.076956 -0.068134
    19 -0.500328 4.452953 -0.532495 0.396541 0.287798 0.017522
    20 -0.000010 1.442617 -0.000010 1.327387 0.029467 -0.036819
    21 -0.000003 1.302446 0.000004 0.004462 -0.041924 0.002923
    22 0.523221 4.540312 -0.480714 0.856150 0.290072 -0.285051
    23 -0.000001 1.198256 0.000008 0.732525 -0.133859 0.043066
    24 -0.000012 0.869780 0.000015 0.218278 0.063758 -0.018648
    25 1.354362 4.150681 -0.582655 0.848432 0.193448 -0.436427
    26 0.000000 1.157421 -0.000006 0.969716 -0.115782 0.002585
    27 0.000001 1.020055 0.000002 -0.120881 -0.015655 -0.025766
    28 5.003218 -8.070315 -8.112608 -2.341661 -0.015914 -0.063825
    29 0.000038 12.695422 -0.000004 -1.443197 0.431355 0.423592
    30 -4.285890 -5.681695 -8.899573 -0.106708 1.501282 3.047596
    31 -1.391397 1.476538 -0.700638 -1.757588 -1.119903 2.167452
    32 0.000002 1.751797 -0.000002 -0.382702 -0.196552 -0.169375
    33 0.000010 1.122969 0.000000 -0.357783 -0.049012 -0.094326
    34 -1.596883 4.441620 0.708540 -1.095924 -1.295283 1.097847
    35 -0.000008 1.481951 -0.000008 0.054514 0.090791 0.175416
    36 0.000002 1.056648 -0.000004 -0.089823 -0.147432 0.506025
    37 -0.470901 4.219486 0.926555 -2.516793 -0.098334 -3.183936
    38 -0.000010 1.609821 0.000004 1.338602 -0.114174 0.088559
    39 -0.000002 1.562311 0.000013 1.278058 0.025862 -0.031766
    40 0.576838 4.298388 0.639431 -2.185725 -0.104952 -3.078380
    41 0.000002 1.553762 -0.000008 1.256437 0.140301 0.008698
    42 0.000003 0.874434 -0.000006 0.891120 0.106775 0.200336
    43 1.459885 4.275572 0.219019 -2.155242 -0.186603 3.315304
    44 -0.000010 0.973051 -0.000004 0.971833 0.217243 0.114332
    45 0.000007 0.970890 0.000004 1.186761 0.085916 0.151173
    46 -7.008868 4.575658 -7.491495 -1.671058 0.621252 0.635592
    47 0.000011 12.706367 0.000010 -2.237017 0.346757 0.132077
    48 0.000000 0.000000 0.000000 1.570796 0.000000 1.570796
    49 -0.000006 1.500006 0.000000 1.570796 0.000000 1.570796
    50 0.000000 -0.299999 0.000000 -1.570796 0.000000 1.570796
    51 0.000000 0.000000 0.000000 0.000000 0.000000 1.570796
    52 0.000000 0.000000 0.000000 0.000000 0.000000 1.570796
    53 0.000000 0.000002 0.000001 0.000000 0.000000 1.919862
    54 0.000000 0.000000 0.000000 -1.570796 0.000000 1.570796
    55 0.000000 0.000000 0.000002 -1.570797 0.000000 1.570796
    56 -0.000002 -0.000002 0.000004 -1.570797 0.000001 1.570796
    57 0.000003 0.000000 0.000000 -1.570796 0.000000 1.570796
    58 0.000002 0.000003 0.000000 -1.570796 0.000000 1.570796
    59 0.000000 0.000000 0.000000 -1.570796 0.000000 1.570796
    60 -0.000001 0.000011 0.000000 -1.570796 0.000000 1.570796
    61 0.000000 0.000000 0.000000 -1.570796 -0.000001 1.570796
    62 0.000000 -0.000001 0.000000 -1.570796 0.000000 1.570796
    63 -0.000002 0.000002 -0.000002 -1.570796 0.000000 1.570796
    64 0.000000 0.000000 0.000000 -1.570797 0.000000 1.570796
    65 0.000000 0.000000 0.000000 -1.570797 0.000000 1.570796
    66 0.000000 0.000000 0.000000 1.570796 0.000000 1.570796
    67 0.000000 1.500000 0.000000 1.570796 0.000000 1.570796
    68 0.000000 0.300001 0.000000 1.570796 0.000000 1.570796
    69 -0.000011 0.000002 -0.000004 -3.141593 0.000001 1.570796
    70 0.000000 0.000000 0.000000 3.141593 0.000000 1.570796
    71 0.000001 0.000000 0.000000 -3.141593 0.000000 1.221730
    72 0.000000 0.000000 0.000000 3.141593 0.000000 1.570796
    73 0.000000 -0.000002 0.000000 3.141593 0.000000 1.570796
    74 0.000004 0.000000 0.000000 3.141593 0.000000 1.570797
    75 -0.000004 0.000000 0.000002 -1.570796 0.000000 1.570796
    76 0.000000 -0.000001 0.000008 -1.570796 0.000000 1.570796
    77 0.000001 0.000000 0.000000 -1.570796 0.000000 1.570796
    78 0.000001 0.000002 0.000000 -1.570796 0.000000 1.570796
    79 0.000000 0.000000 0.000000 -1.570796 0.000000 1.570796
    80 0.000001 0.000000 0.000000 -1.570796 0.000000 1.570796
    81 0.000001 0.000000 0.000000 -1.570796 0.000001 1.570796
    82 -0.000001 0.000000 0.000002 -1.570796 0.000001 1.570796
    83 0.000001 0.000000 0.000000 -1.570796 0.000000 1.570796
end
