version 1
nodes
  0 "spas_main" -1
  1 "pump" 0
  2 "slide" 0
  3 "12g" 0
  4 "trapdoor" 0
  5 "sl_ring1" 0
  6 "sl1a" 5
  7 "sl1b" 6
  8 "sl_ring2" 0
  9 "sl2a" 8
  10 "sl2b" 9
  11 "sltarget" 0
  12 "l_wrist" -1
  13 "l_thumb_low" 12
  14 "l_thumb_mid" 13
  15 "l_thumb_tip" 14
  16 "l_index_low" 12
  17 "l_index_mid" 16
  18 "l_index_tip" 17
  19 "l_middle_low" 12
  20 "l_middle_mid" 19
  21 "l_middle_tip" 20
  22 "l_ring_low" 12
  23 "l_ring_mid" 22
  24 "l_ring_tip" 23
  25 "l_pinky_low" 12
  26 "l_pinky_mid" 25
  27 "l_pinky_tip" 26
  28 "l_upperarm" -1
  29 "l_forearm" 28
  30 "r_wrist" -1
  31 "r_thumb_low" 30
  32 "r_thumb_mid" 31
  33 "r_thumb_tip" 32
  34 "r_index_low" 30
  35 "r_index_mid" 34
  36 "r_index_tip" 35
  37 "r_middle_low" 30
  38 "r_middle_mid" 37
  39 "r_middle_tip" 38
  40 "r_ring_low" 30
  41 "r_ring_mid" 40
  42 "r_ring_tip" 41
  43 "r_pinky_low" 30
  44 "r_pinky_mid" 43
  45 "r_pinky_tip" 44
  46 "r_upperarm" -1
  47 "r_forearm" 46
  48 "ValveBiped.Bip01_L_UpperArm" 28
  49 "ValveBiped.Bip01_L_Forearm" 29
  50 "ValveBiped.Bip01_L_Hand" 12
  51 "ValveBiped.Bip01_L_Finger0" 13
  52 "ValveBiped.Bip01_L_Finger01" 14
  53 "ValveBiped.Bip01_L_Finger02" 15
  54 "ValveBiped.Bip01_L_Finger1" 16
  55 "ValveBiped.Bip01_L_Finger11" 17
  56 "ValveBiped.Bip01_L_Finger12" 18
  57 "ValveBiped.Bip01_L_Finger2" 19
  58 "ValveBiped.Bip01_L_Finger21" 20
  59 "ValveBiped.Bip01_L_Finger22" 21
  60 "ValveBiped.Bip01_L_Finger3" 22
  61 "ValveBiped.Bip01_L_Finger31" 23
  62 "ValveBiped.Bip01_L_Finger32" 24
  63 "ValveBiped.Bip01_L_Finger4" 25
  64 "ValveBiped.Bip01_L_Finger41" 26
  65 "ValveBiped.Bip01_L_Finger42" 27
  66 "ValveBiped.Bip01_R_UpperArm" 46
  67 "ValveBiped.Bip01_R_Forearm" 47
  68 "ValveBiped.Bip01_R_Hand" 30
  69 "ValveBiped.Bip01_R_Finger0" 31
  70 "ValveBiped.Bip01_R_Finger01" 32
  71 "ValveBiped.Bip01_R_Finger02" 33
  72 "ValveBiped.Bip01_R_Finger1" 34
  73 "ValveBiped.Bip01_R_Finger11" 35
  74 "ValveBiped.Bip01_R_Finger12" 36
  75 "ValveBiped.Bip01_R_Finger2" 37
  76 "ValveBiped.Bip01_R_Finger21" 38
  77 "ValveBiped.Bip01_R_Finger22" 39
  78 "ValveBiped.Bip01_R_Finger3" 40
  79 "ValveBiped.Bip01_R_Finger31" 41
  80 "ValveBiped.Bip01_R_Finger32" 42
  81 "ValveBiped.Bip01_R_Finger4" 43
  82 "ValveBiped.Bip01_R_Finger41" 44
  83 "ValveBiped.Bip01_R_Finger42" 45
end
skeleton
  time 0
    0 -3.214035 -12.653422 -4.957245 -3.141592 0.074912 -0.000595
    1 0.073573 17.526917 0.777220 0.000000 0.000001 0.000000
    2 -0.226386 4.254942 -0.608961 0.000000 -0.000001 0.000000
    3 -0.279053 6.781250 -0.811523 0.000000 0.000001 0.000000
    4 -0.045094 3.566423 0.891595 0.000000 -0.000001 0.000000
    5 -0.116185 1.807585 2.464996 0.904734 0.000002 0.000000
    6 0.000000 1.030615 0.000004 -2.664246 -0.013111 -3.123332
    7 -0.000002 5.179932 -0.000037 0.238811 -0.003807 0.014816
    8 -0.218267 25.777573 2.487072 2.566625 0.000002 0.000000
    9 0.000000 0.870350 0.000008 -0.030598 -0.000300 0.001857
    10 0.000000 4.478401 0.000072 0.340007 -0.003145 0.009133
    11 -0.295221 15.700035 7.049725 -1.570796 0.000002 0.000000
    12 -1.594404 -25.457778 -8.778476 0.424242 -0.278909 2.086626
    13 -1.294654 1.473667 0.640471 2.361823 -0.515042 -2.105042
    14 0.000011 1.832554 0.000004 0.105782 -0.242316 -0.022404
    15 0.000000 1.003359 0.000001 0.152126 -0.036878 -0.018578
    16 -1.632739 4.327644 -0.483953 0.365944 0.282537 -0.019011
    17 -0.000010 1.637142 0.000010 1.001957 0.015772 -0.110368
    18 0.000007 1.100985 0.000004 0.016762 0.076954 -0.068132
    19 -0.500328 4.452953 -0.532495 0.396541 0.287798 0.017522
    20 -0.000010 1.442617 -0.000010 1.327527 0.029307 -0.036669
    21 -0.000003 1.302446 0.000004 0.004478 -0.041924 0.002935
    22 0.523221 4.540312 -0.480714 0.856150 0.290072 -0.285055
    23 -0.000001 1.198256 0.000008 0.732643 -0.133931 0.043054
    24 -0.000012 0.869780 0.000015 0.218388 0.063758 -0.018618
    25 1.354362 4.150681 -0.582655 0.848409 0.193448 -0.436427
    26 0.000000 1.157421 -0.000006 0.969721 -0.115779 0.002582
    27 0.000001 1.020055 0.000002 -0.120881 -0.015655 -0.025766
    28 5.003218 -8.070315 -8.112608 -2.393338 0.014090 -0.061019
    29 0.000038 12.695422 -0.000004 -1.336427 0.387589 0.414857
    30 -4.324954 -6.814542 -8.876135 -0.093647 1.490789 3.059999
    31 -1.391397 1.476538 -0.700638 -1.757694 -1.119972 2.167464
    32 0.000002 1.751797 -0.000002 -0.382700 -0.196548 -0.169376
    33 0.000010 1.122969 0.000000 -0.357770 -0.049028 -0.094333
    34 -1.596883 4.441620 0.708540 -1.277766 -1.125328 1.291484
    35 -0.000008 1.481951 -0.000008 0.070154 0.079310 0.358289
    36 0.000002 1.056648 -0.000004 -0.115039 -0.128796 0.689447
    37 -0.470901 4.219486 0.926555 -2.516793 -0.098334 -3.183936
    38 -0.000010 1.609821 0.000004 1.338602 -0.114174 0.088559
    39 -0.000002 1.562311 0.000013 1.278061 0.025862 -0.031766
    40 0.576838 4.298388 0.639431 -2.185725 -0.104952 -3.078380
    41 0.000002 1.553762 -0.000008 1.256440 0.140300 0.008694
    42 0.000003 0.874434 -0.000006 0.891124 0.106770 0.200337
    43 1.459885 4.275572 0.219019 -2.155242 -0.186603 3.315280
    44 -0.000010 0.973051 -0.000004 0.971832 0.217248 0.114334
    45 0.000007 0.970890 0.000004 1.186741 0.085916 0.151173
    46 -7.008868 4.575658 -7.491495 -1.745258 0.614429 0.587178
    47 0.000011 12.706367 0.000010 -2.140281 0.334293 0.141401
    48 0.000000 0.000000 0.000000 1.570796 0.000000 1.570796
    49 -0.000006 1.500006 0.000000 1.570796 0.000000 1.570796
    50 0.000000 -0.299999 0.000000 -1.570796 0.000000 1.570796
    51 0.000000 0.000000 0.000000 0.000000 0.000000 1.570796
    52 0.000000 0.000000 0.000000 0.000000 0.000000 1.570796
    53 0.000000 0.000002 0.000001 0.000000 0.000000 1.919862
    54 0.000000 0.000000 0.000000 -1.570796 0.000000 1.570796
    55 0.000000 0.000000 0.000002 -1.570797 0.000000 1.570796
    56 -0.000002 -0.000002 0.000004 -1.570797 0.000001 1.570796
    57 0.000003 0.000000 0.000000 -1.570796 0.000000 1.570796
    58 0.000002 0.000003 0.000000 -1.570796 0.000000 1.570796
    59 0.000000 0.000000 0.000000 -1.570796 0.000000 1.570796
    60 -0.000001 0.000011 0.000000 -1.570796 0.000000 1.570796
    61 0.000000 0.000000 0.000000 -1.570796 -0.000001 1.570796
    62 0.000000 -0.000001 0.000000 -1.570796 0.000000 1.570796
    63 -0.000002 0.000002 -0.000002 -1.570796 0.000000 1.570796
    64 0.000000 0.000000 0.000000 -1.570797 0.000000 1.570796
    65 0.000000 0.000000 0.000000 -1.570797 0.000000 1.570796
    66 0.000000 0.000000 0.000000 1.570796 0.000000 1.570796
    67 0.000000 1.500000 0.000000 1.570796 0.000000 1.570796
    68 0.000000 0.300001 0.000000 1.570796 0.000000 1.570796
    69 -0.000011 0.000002 -0.000004 -3.141593 0.000001 1.570796
    70 0.000000 0.000000 0.000000 3.141593 0.000000 1.570796
    71 0.000001 0.000000 0.000000 -3.141593 0.000000 1.221730
    72 0.000000 0.000000 0.000000 3.141593 0.000000 1.570796
    73 0.000000 -0.000002 0.000000 3.141593 0.000000 1.570796
    74 0.000004 0.000000 0.000000 3.141593 0.000000 1.570797
    75 -0.000004 0.000000 0.000002 -1.570796 0.000000 1.570796
    76 0.000000 -0.000001 0.000008 -1.570796 0.000000 1.570796
    77 0.000001 0.000000 0.000000 -1.570796 0.000000 1.570796
    78 0.000001 0.000002 0.000000 -1.570796 0.000000 1.570796
    79 0.000000 0.000000 0.000000 -1.570796 0.000000 1.570796
    80 0.000001 0.000000 0.000000 -1.570796 0.000000 1.570796
    81 0.000001 0.000000 0.000000 -1.570796 0.000001 1.570796
    82 -0.000001 0.000000 0.000002 -1.570796 0.000001 1.570796
    83 0.000001 0.000000 0.000000 -1.570796 0.000000 1.570796
  time 1
    0 -3.214035 -8.403292 -5.000215 -3.202672 -0.057125 -0.002834
    1 0.073573 17.526917 0.777220 0.000000 0.000001 0.000000
    2 -0.226386 4.254942 -0.608961 0.000000 -0.000001 0.000000
    3 -0.279053 6.781250 -0.811523 0.000000 0.000001 0.000000
    4 -0.045094 3.566423 0.891595 0.000000 -0.000001 0.000000
    5 -0.116185 1.807585 2.464996 0.568217 0.000002 0.000000
    6 0.000000 1.030615 0.000004 -2.907078 -0.029362 -3.096384
    7 -0.000002 5.179932 -0.000037 -0.024011 -0.000403 -0.000561
    8 -0.218267 25.777573 2.487072 2.655167 0.000002 0.000000
    9 0.000000 0.870350 0.000008 0.001977 -0.006639 0.056610
    10 0.000000 4.478401 0.000072 0.005804 -0.005673 0.001283
    11 -0.803049 15.700035 7.705995 -1.860815 0.000002 0.000000
    12 -1.184235 -21.410779 -7.790164 0.339327 -0.159685 2.103239
    13 -1.294654 1.473667 0.640471 2.361823 -0.515042 -2.105042
    14 0.000011 1.832554 0.000004 0.105782 -0.242316 -0.022404
    15 0.000000 1.003359 0.000001 0.152126 -0.036890 -0.018578
    16 -1.632739 4.327644 -0.483953 0.365944 0.282537 -0.019011
    17 -0.000010 1.637142 0.000010 1.001957 0.015784 -0.110368
    18 0.000007 1.100985 0.000004 0.016762 0.076954 -0.068132
    19 -0.500328 4.452953 -0.532495 0.396541 0.287798 0.017522
    20 -0.000010 1.442617 -0.000010 1.327527 0.029307 -0.036669
    21 -0.000003 1.302446 0.000004 0.004462 -0.041924 0.002911
    22 0.523221 4.540312 -0.480714 0.856150 0.290072 -0.285055
    23 -0.000001 1.198256 0.000008 0.732643 -0.133931 0.043054
    24 -0.000012 0.869780 0.000015 0.218388 0.063758 -0.018618
    25 1.354362 4.150681 -0.582655 0.848432 0.193448 -0.436427
    26 0.000000 1.157421 -0.000006 0.969721 -0.115779 0.002582
    27 0.000001 1.020055 0.000002 -0.120881 -0.015655 -0.025766
    28 5.003218 -8.070315 -8.112608 -2.292851 -0.107877 -0.067110
    29 0.000038 12.695422 -0.000004 -1.709816 0.538316 0.422888
    30 -3.758531 -2.826139 -9.442558 2.326934 1.495461 -0.810505
    31 -1.391397 1.476538 -0.700638 -1.757694 -1.119972 2.167464
    32 0.000002 1.751797 -0.000002 -0.382700 -0.196548 -0.169376
    33 0.000010 1.122969 0.000000 -0.357770 -0.049040 -0.094333
    34 -1.596883 4.441620 0.708540 -1.277766 -1.125313 1.291484
    35 -0.000008 1.481951 -0.000008 0.070154 0.079310 0.358289
    36 0.000002 1.056648 -0.000004 -0.115051 -0.128784 0.689447
    37 -0.470901 4.219486 0.926555 -2.516793 -0.098334 -3.183936
    38 -0.000010 1.609821 0.000004 1.338602 -0.114174 0.088559
    39 -0.000002 1.562311 0.000013 1.278061 0.025862 -0.031766
    40 0.576838 4.298388 0.639431 -2.185725 -0.104952 -3.078380
    41 0.000002 1.553762 -0.000008 1.256440 0.140300 0.008694
    42 0.000003 0.874434 -0.000006 0.891124 0.106770 0.200337
    43 1.459885 4.275572 0.219019 -2.155242 -0.186603 3.315280
    44 -0.000010 0.973051 -0.000004 0.971832 0.217248 0.114334
    45 0.000007 0.970890 0.000004 1.186741 0.085916 0.151173
    46 -7.008868 4.575658 -7.491495 -1.378968 0.671494 0.928462
    47 0.000011 12.706367 0.000010 -2.445045 0.370307 0.107712
    48 0.000000 0.000000 0.000000 1.570796 0.000000 1.570796
    49 -0.000006 1.500006 0.000000 1.570796 0.000000 1.570796
    50 0.000000 -0.299999 0.000000 -1.570796 0.000000 1.570796
    51 0.000000 0.000000 0.000000 0.000000 0.000000 1.570796
    52 0.000000 0.000000 0.000000 0.000000 0.000000 1.570796
    53 0.000000 0.000002 0.000001 0.000000 0.000000 1.919862
    54 0.000000 0.000000 0.000000 -1.570796 0.000000 1.570796
    55 0.000000 0.000000 0.000002 -1.570797 0.000000 1.570796
    56 -0.000002 -0.000002 0.000004 -1.570797 0.000001 1.570796
    57 0.000003 0.000000 0.000000 -1.570796 0.000000 1.570796
    58 0.000002 0.000003 0.000000 -1.570796 0.000000 1.570796
    59 0.000000 0.000000 0.000000 -1.570796 0.000000 1.570796
    60 -0.000001 0.000011 0.000000 -1.570796 0.000000 1.570796
    61 0.000000 0.000000 0.000000 -1.570796 -0.000001 1.570796
    62 0.000000 -0.000001 0.000000 -1.570796 0.000000 1.570796
    63 -0.000002 0.000002 -0.000002 -1.570796 0.000000 1.570796
    64 0.000000 0.000000 0.000000 -1.570797 0.000000 1.570796
    65 0.000000 0.000000 0.000000 -1.570797 0.000000 1.570796
    66 0.000000 0.000000 0.000000 1.570796 0.000000 1.570796
    67 0.000000 1.500000 0.000000 1.570796 0.000000 1.570796
    68 0.000000 0.300001 0.000000 1.570796 0.000000 1.570796
    69 -0.000011 0.000002 -0.000004 -3.141593 0.000001 1.570796
    70 0.000000 0.000000 0.000000 3.141593 0.000000 1.570796
    71 0.000001 0.000000 0.000000 -3.141593 0.000000 1.221730
    72 0.000000 0.000000 0.000000 3.141593 0.000000 1.570796
    73 0.000000 -0.000002 0.000000 3.141593 0.000000 1.570796
    74 0.000004 0.000000 0.000000 3.141593 0.000000 1.570797
    75 -0.000004 0.000000 0.000002 -1.570796 0.000000 1.570796
    76 0.000000 -0.000001 0.000008 -1.570796 0.000000 1.570796
    77 0.000001 0.000000 0.000000 -1.570796 0.000000 1.570796
    78 0.000001 0.000002 0.000000 -1.570796 0.000000 1.570796
    79 0.000000 0.000000 0.000000 -1.570796 0.000000 1.570796
    80 0.000001 0.000000 0.000000 -1.570796 0.000000 1.570796
    81 0.000001 0.000000 0.000000 -1.570796 0.000001 1.570796
    82 -0.000001 0.000000 0.000002 -1.570796 0.000001 1.570796
    83 0.000001 0.000000 0.000000 -1.570796 0.000000 1.570796
  time 2
    0 -3.210129 -8.520483 -5.043185 -3.196609 -0.039153 -0.003241
    1 0.073573 17.526917 0.777220 0.000000 0.000001 0.000000
    2 -0.226386 4.254942 -0.608961 0.000000 -0.000001 0.000000
    3 -0.279053 6.781250 -0.811523 0.000000 0.000001 0.000000
    4 -0.045094 3.566423 0.891595 0.000000 -0.000001 0.000000
    5 -0.116185 1.807585 2.464996 0.914292 0.000002 0.000000
    6 0.000000 1.030615 0.000004 -2.680819 -0.022231 -3.109858
    7 -0.000002 5.179932 -0.000037 0.218087 -0.001506 0.005072
    8 -0.218267 25.777573 2.487072 2.671046 0.000002 0.000000
    9 0.000000 0.870350 0.000008 0.007106 -0.004267 0.036131
    10 0.000000 4.478401 0.000072 0.005136 -0.004080 0.000984
    11 -0.599918 15.563312 7.538021 -1.860815 -0.008089 0.002048
    12 -1.235018 -21.520158 -7.958138 0.351858 -0.174057 2.101586
    13 -1.294654 1.473667 0.640471 2.361823 -0.515042 -2.105042
    14 0.000011 1.832554 0.000004 0.105782 -0.242316 -0.022404
    15 0.000000 1.003359 0.000001 0.152126 -0.036878 -0.018578
    16 -1.632739 4.327644 -0.483953 0.365944 0.282537 -0.019011
    17 -0.000010 1.637142 0.000010 1.001957 0.015772 -0.110368
    18 0.000007 1.100985 0.000004 0.016762 0.076954 -0.068132
    19 -0.500328 4.452953 -0.532495 0.396541 0.287798 0.017522
    20 -0.000010 1.442617 -0.000010 1.327527 0.029307 -0.036669
    21 -0.000003 1.302446 0.000004 0.004462 -0.041924 0.002935
    22 0.523221 4.540312 -0.480714 0.856150 0.290072 -0.285055
    23 -0.000001 1.198256 0.000008 0.732643 -0.133931 0.043054
    24 -0.000012 0.869780 0.000015 0.218388 0.063758 -0.018618
    25 1.354362 4.150681 -0.582655 0.848409 0.193448 -0.436427
    26 0.000000 1.157421 -0.000006 0.969721 -0.115779 0.002582
    27 0.000001 1.020055 0.000002 -0.120881 -0.015655 -0.025766
    28 5.003218 -8.070315 -8.112608 -2.301074 -0.146647 -0.067726
    29 0.000038 12.695422 -0.000004 -1.699800 0.534469 0.423566
    30 -3.836658 -2.915985 -9.442558 2.179561 1.511315 -0.959528
    31 -1.391397 1.476538 -0.700638 -1.757694 -1.119972 2.167464
    32 0.000002 1.751797 -0.000002 -0.382700 -0.196548 -0.169376
    33 0.000010 1.122969 0.000000 -0.357770 -0.049040 -0.094333
    34 -1.596883 4.441620 0.708540 -1.277766 -1.125313 1.291484
    35 -0.000008 1.481951 -0.000008 0.070154 0.079310 0.358289
    36 0.000002 1.056648 -0.000004 -0.115039 -0.128796 0.689447
    37 -0.470901 4.219486 0.926555 -2.516793 -0.098334 -3.183936
    38 -0.000010 1.609821 0.000004 1.338602 -0.114174 0.088559
    39 -0.000002 1.562311 0.000013 1.278061 0.025862 -0.031766
    40 0.576838 4.298388 0.639431 -2.185725 -0.104952 -3.078380
    41 0.000002 1.553762 -0.000008 1.256440 0.140300 0.008694
    42 0.000003 0.874434 -0.000006 0.891124 0.106770 0.200337
    43 1.459885 4.275572 0.219019 -2.155242 -0.186603 3.315280
    44 -0.000010 0.973051 -0.000004 0.971832 0.217248 0.114334
    45 0.000007 0.970890 0.000004 1.186741 0.085916 0.151173
    46 -7.008868 4.575658 -7.491495 -1.385976 0.668895 0.911500
    47 0.000011 12.706367 0.000010 -2.440732 0.369731 0.108107
    48 0.000000 0.000000 0.000000 1.570796 0.000000 1.570796
    49 -0.000006 1.500006 0.000000 1.570796 0.000000 1.570796
    50 0.000000 -0.299999 0.000000 -1.570796 0.000000 1.570796
    51 0.000000 0.000000 0.000000 0.000000 0.000000 1.570796
    52 0.000000 0.000000 0.000000 0.000000 0.000000 1.570796
    53 0.000000 0.000002 0.000001 0.000000 0.000000 1.919862
    54 0.000000 0.000000 0.000000 -1.570796 0.000000 1.570796
    55 0.000000 0.000000 0.000002 -1.570797 0.000000 1.570796
    56 -0.000002 -0.000002 0.000004 -1.570797 0.000001 1.570796
    57 0.000003 0.000000 0.000000 -1.570796 0.000000 1.570796
    58 0.000002 0.000003 0.000000 -1.570796 0.000000 1.570796
    59 0.000000 0.000000 0.000000 -1.570796 0.000000 1.570796
    60 -0.000001 0.000011 0.000000 -1.570796 0.000000 1.570796
    61 0.000000 0.000000 0.000000 -1.570796 -0.000001 1.570796
    62 0.000000 -0.000001 0.000000 -1.570796 0.000000 1.570796
    63 -0.000002 0.000002 -0.000002 -1.570796 0.000000 1.570796
    64 0.000000 0.000000 0.000000 -1.570797 0.000000 1.570796
    65 0.000000 0.000000 0.000000 -1.570797 0.000000 1.570796
    66 0.000000 0.000000 0.000000 1.570796 0.000000 1.570796
    67 0.000000 1.500000 0.000000 1.570796 0.000000 1.570796
    68 0.000000 0.300001 0.000000 1.570796 0.000000 1.570796
    69 -0.000011 0.000002 -0.000004 -3.141593 0.000001 1.570796
    70 0.000000 0.000000 0.000000 3.141593 0.000000 1.570796
    71 0.000001 0.000000 0.000000 -3.141593 0.000000 1.221730
    72 0.000000 0.000000 0.000000 3.141593 0.000000 1.570796
    73 0.000000 -0.000002 0.000000 3.141593 0.000000 1.570796
    74 0.000004 0.000000 0.000000 3.141593 0.000000 1.570797
    75 -0.000004 0.000000 0.000002 -1.570796 0.000000 1.570796
    76 0.000000 -0.000001 0.000008 -1.570796 0.000000 1.570796
    77 0.000001 0.000000 0.000000 -1.570796 0.000000 1.570796
    78 0.000001 0.000002 0.000000 -1.570796 0.000000 1.570796
    79 0.000000 0.000000 0.000000 -1.570796 0.000000 1.570796
    80 0.000001 0.000000 0.000000 -1.570796 0.000000 1.570796
    81 0.000001 0.000000 0.000000 -1.570796 0.000001 1.570796
    82 -0.000001 0.000000 0.000002 -1.570796 0.000001 1.570796
    83 0.000001 0.000000 0.000000 -1.570796 0.000000 1.570796
  time 3
    0 -3.210129 -8.821274 -5.082249 -3.181724 0.003779 -0.003648
    1 0.073573 17.526917 0.777220 0.000000 0.000001 0.000000
    2 -0.226386 4.254942 -0.608961 0.000000 -0.000001 0.000000
    3 -0.279053 6.781250 -0.811523 0.000000 0.000001 0.000000
    4 -0.045094 3.566423 0.891595 0.000000 -0.000001 0.000000
    5 -0.116185 1.807585 2.464996 1.079605 0.000002 0.000000
    6 0.000000 1.030615 0.000004 -2.671276 -0.014740 -3.121994
    7 -0.000002 5.179932 -0.000037 0.512497 -0.010626 0.035178
    8 -0.218267 25.777573 2.487072 2.705454 0.000002 0.000000
    9 0.000000 0.870350 0.000008 0.018300 0.001594 -0.008184
    10 0.000000 4.478401 0.000072 0.004249 -0.000424 0.000085
    11 -0.131153 15.215645 7.139571 -1.860959 -0.025889 0.006556
    12 -1.363928 -21.758446 -8.278460 0.381512 -0.208612 2.095800
    13 -1.294654 1.473667 0.640471 2.361823 -0.515042 -2.105042
    14 0.000011 1.832554 0.000004 0.105782 -0.242316 -0.022404
    15 0.000000 1.003359 0.000001 0.152738 -0.034601 -0.033343
    16 -1.632739 4.327644 -0.483953 0.365944 0.282537 -0.019011
    17 -0.000010 1.637142 0.000010 1.001957 0.015772 -0.110368
    18 0.000007 1.100985 0.000004 0.016762 0.076954 -0.068132
    19 -0.500328 4.452953 -0.532495 0.396541 0.287798 0.017522
    20 -0.000010 1.442617 -0.000010 1.327527 0.029307 -0.036669
    21 -0.000003 1.302446 0.000004 0.004478 -0.041924 0.002923
    22 0.523221 4.540312 -0.480714 0.856150 0.290072 -0.285055
    23 -0.000001 1.198256 0.000008 0.732643 -0.133931 0.043054
    24 -0.000012 0.869780 0.000015 0.218388 0.063758 -0.018618
    25 1.354362 4.150681 -0.582655 0.848409 0.193448 -0.436427
    26 0.000000 1.157421 -0.000006 0.969721 -0.115779 0.002582
    27 0.000001 1.020055 0.000002 -0.120881 -0.015655 -0.025766
    28 5.003218 -8.070315 -8.112608 -2.290437 -0.141983 -0.075733
    29 0.000038 12.695422 -0.000004 -1.673771 0.524262 0.425000
    30 -4.020257 -3.146461 -9.348805 1.315703 1.535976 4.454254
    31 -1.391397 1.476538 -0.700638 -1.757694 -1.119972 2.167464
    32 0.000002 1.751797 -0.000002 -0.382700 -0.196548 -0.169376
    33 0.000010 1.122969 0.000000 -0.357770 -0.049040 -0.094333
    34 -1.596883 4.441620 0.708540 -1.277766 -1.125313 1.291484
    35 -0.000008 1.481951 -0.000008 0.070154 0.079310 0.358289
    36 0.000002 1.056648 -0.000004 -0.115075 -0.128796 0.689447
    37 -0.470901 4.219486 0.926555 -2.516793 -0.098334 -3.183936
    38 -0.000010 1.609821 0.000004 1.338602 -0.114174 0.088559
    39 -0.000002 1.562311 0.000013 1.278061 0.025862 -0.031766
    40 0.576838 4.298388 0.639431 -2.185725 -0.104952 -3.078380
    41 0.000002 1.553762 -0.000008 1.256440 0.140276 0.008694
    42 0.000003 0.874434 -0.000006 0.891124 0.106770 0.200337
    43 1.459885 4.275572 0.219019 -2.155230 -0.186603 3.315280
    44 -0.000010 0.973051 -0.000004 0.971832 0.217248 0.114334
    45 0.000007 0.970890 0.000004 1.186741 0.085916 0.151173
    46 -7.008868 4.575658 -7.491495 -1.419660 0.660093 0.858142
    47 0.000011 12.706367 0.000010 -2.430180 0.368797 0.109522
    48 0.000000 0.000000 0.000000 1.570796 0.000000 1.570796
    49 -0.000006 1.500006 0.000000 1.570796 0.000000 1.570796
    50 0.000000 -0.299999 0.000000 -1.570796 0.000000 1.570796
    51 0.000000 0.000000 0.000000 0.000000 0.000000 1.570796
    52 0.000000 0.000000 0.000000 0.000000 0.000000 1.570796
    53 0.000000 0.000002 0.000001 0.000000 0.000000 1.919862
    54 0.000000 0.000000 0.000000 -1.570796 0.000000 1.570796
    55 0.000000 0.000000 0.000002 -1.570797 0.000000 1.570796
    56 -0.000002 -0.000002 0.000004 -1.570797 0.000001 1.570796
    57 0.000003 0.000000 0.000000 -1.570796 0.000000 1.570796
    58 0.000002 0.000003 0.000000 -1.570796 0.000000 1.570796
    59 0.000000 0.000000 0.000000 -1.570796 0.000000 1.570796
    60 -0.000001 0.000011 0.000000 -1.570796 0.000000 1.570796
    61 0.000000 0.000000 0.000000 -1.570796 -0.000001 1.570796
    62 0.000000 -0.000001 0.000000 -1.570796 0.000000 1.570796
    63 -0.000002 0.000002 -0.000002 -1.570796 0.000000 1.570796
    64 0.000000 0.000000 0.000000 -1.570797 0.000000 1.570796
    65 0.000000 0.000000 0.000000 -1.570797 0.000000 1.570796
    66 0.000000 0.000000 0.000000 1.570796 0.000000 1.570796
    67 0.000000 1.500000 0.000000 1.570796 0.000000 1.570796
    68 0.000000 0.300001 0.000000 1.570796 0.000000 1.570796
    69 -0.000011 0.000002 -0.000004 -3.141593 0.000001 1.570796
    70 0.000000 0.000000 0.000000 3.141593 0.000000 1.570796
    71 0.000001 0.000000 0.000000 -3.141593 0.000000 1.221730
    72 0.000000 0.000000 0.000000 3.141593 0.000000 1.570796
    73 0.000000 -0.000002 0.000000 3.141593 0.000000 1.570796
    74 0.000004 0.000000 0.000000 3.141593 0.000000 1.570797
    75 -0.000004 0.000000 0.000002 -1.570796 0.000000 1.570796
    76 0.000000 -0.000001 0.000008 -1.570796 0.000000 1.570796
    77 0.000001 0.000000 0.000000 -1.570796 0.000000 1.570796
    78 0.000001 0.000002 0.000000 -1.570796 0.000000 1.570796
    79 0.000000 0.000000 0.000000 -1.570796 0.000000 1.570796
    80 0.000001 0.000000 0.000000 -1.570796 0.000000 1.570796
    81 0.000001 0.000000 0.000000 -1.570796 0.000001 1.570796
    82 -0.000001 0.000000 0.000002 -1.570796 0.000001 1.570796
    83 0.000001 0.000000 0.000000 -1.570796 0.000000 1.570796
  time 4
    0 -3.206222 -9.227536 -5.105687 -3.163150 0.055146 -0.003037
    1 0.073573 17.526917 0.777220 0.000000 0.000001 0.000000
    2 -0.226386 4.254942 -0.608961 0.000000 -0.000001 0.000000
    3 -0.279053 6.781250 -0.811523 0.000000 0.000001 0.000000
    4 -0.045094 3.566423 0.891595 0.000000 -0.000001 0.000000
    5 -0.116185 1.807585 2.464996 1.165919 0.000002 0.000000
    6 0.000000 1.030615 0.000004 -2.677514 -0.009923 -3.132194
    7 -0.000002 5.179932 -0.000037 0.697776 -0.027621 0.072605
    8 -0.218267 25.777573 2.487072 2.739658 0.000002 0.000000
    9 0.000000 0.870350 0.000008 0.028510 0.008341 -0.051119
    10 0.000000 4.478401 0.000072 0.002711 0.003099 -0.000586
    11 0.337611 14.879698 6.795811 -1.861168 -0.043645 0.011064
    12 -1.527996 -22.113926 -8.610502 0.417237 -0.250415 2.087370
    13 -1.294654 1.473667 0.640471 2.361823 -0.515042 -2.105042
    14 0.000011 1.832554 0.000004 0.105782 -0.242316 -0.022404
    15 0.000000 1.003359 0.000001 0.153948 -0.028884 -0.070141
    16 -1.632739 4.327644 -0.483953 0.365944 0.282537 -0.019011
    17 -0.000010 1.637142 0.000010 1.001957 0.015772 -0.110368
    18 0.000007 1.100985 0.000004 0.016762 0.076954 -0.068132
    19 -0.500328 4.452953 -0.532495 0.396541 0.287798 0.017522
    20 -0.000010 1.442617 -0.000010 1.327527 0.029307 -0.036669
    21 -0.000003 1.302446 0.000004 0.004462 -0.041924 0.002923
    22 0.523221 4.540312 -0.480714 0.856150 0.290072 -0.285055
    23 -0.000001 1.198256 0.000008 0.732643 -0.133931 0.043042
    24 -0.000012 0.869780 0.000015 0.218388 0.063758 -0.018618
    25 1.354362 4.150681 -0.582655 0.848432 0.193448 -0.436427
    26 0.000000 1.157421 -0.000006 0.969721 -0.115779 0.002582
    27 0.000001 1.020055 0.000002 -0.120881 -0.015655 -0.025766
    28 5.003218 -8.070315 -8.112608 -2.278140 -0.123855 -0.085177
    29 0.000038 12.695422 -0.000004 -1.637386 0.509918 0.426369
    30 -4.235108 -3.478502 -9.204270 0.234167 1.508711 3.384568
    31 -1.391397 1.476538 -0.700638 -1.757694 -1.119972 2.167464
    32 0.000002 1.751797 -0.000002 -0.382700 -0.196548 -0.169376
    33 0.000010 1.122969 0.000000 -0.357770 -0.049040 -0.094333
    34 -1.596883 4.441620 0.708540 -1.277766 -1.125298 1.291484
    35 -0.000008 1.481951 -0.000008 0.070154 0.079310 0.358289
    36 0.000002 1.056648 -0.000004 -0.115051 -0.128784 0.689447
    37 -0.470901 4.219486 0.926555 -2.516793 -0.098334 -3.183936
    38 -0.000010 1.609821 0.000004 1.338602 -0.114174 0.088559
    39 -0.000002 1.562311 0.000013 1.278061 0.025862 -0.031766
    40 0.576838 4.298388 0.639431 -2.185725 -0.104952 -3.078380
    41 0.000002 1.553762 -0.000008 1.256440 0.140300 0.008694
    42 0.000003 0.874434 -0.000006 0.891124 0.106770 0.200337
    43 1.459885 4.275572 0.219019 -2.155242 -0.186603 3.315280
    44 -0.000010 0.973051 -0.000004 0.971832 0.217248 0.114334
    45 0.000007 0.970890 0.000004 1.186721 0.085916 0.151173
    46 -7.008868 4.575658 -7.491495 -1.469598 0.646624 0.789783
    47 0.000011 12.706367 0.000010 -2.412851 0.366999 0.111823
    48 0.000000 0.000000 0.000000 1.570796 0.000000 1.570796
    49 -0.000006 1.500006 0.000000 1.570796 0.000000 1.570796
    50 0.000000 -0.299999 0.000000 -1.570796 0.000000 1.570796
    51 0.000000 0.000000 0.000000 0.000000 0.000000 1.570796
    52 0.000000 0.000000 0.000000 0.000000 0.000000 1.570796
    53 0.000000 0.000002 0.000001 0.000000 0.000000 1.919862
    54 0.000000 0.000000 0.000000 -1.570796 0.000000 1.570796
    55 0.000000 0.000000 0.000002 -1.570797 0.000000 1.570796
    56 -0.000002 -0.000002 0.000004 -1.570797 0.000001 1.570796
    57 0.000003 0.000000 0.000000 -1.570796 0.000000 1.570796
    58 0.000002 0.000003 0.000000 -1.570796 0.000000 1.570796
    59 0.000000 0.000000 0.000000 -1.570796 0.000000 1.570796
    60 -0.000001 0.000011 0.000000 -1.570796 0.000000 1.570796
    61 0.000000 0.000000 0.000000 -1.570796 -0.000001 1.570796
    62 0.000000 -0.000001 0.000000 -1.570796 0.000000 1.570796
    63 -0.000002 0.000002 -0.000002 -1.570796 0.000000 1.570796
    64 0.000000 0.000000 0.000000 -1.570797 0.000000 1.570796
    65 0.000000 0.000000 0.000000 -1.570797 0.000000 1.570796
    66 0.000000 0.000000 0.000000 1.570796 0.000000 1.570796
    67 0.000000 1.500000 0.000000 1.570796 0.000000 1.570796
    68 0.000000 0.300001 0.000000 1.570796 0.000000 1.570796
    69 -0.000011 0.000002 -0.000004 -3.141593 0.000001 1.570796
    70 0.000000 0.000000 0.000000 3.141593 0.000000 1.570796
    71 0.000001 0.000000 0.000000 -3.141593 0.000000 1.221730
    72 0.000000 0.000000 0.000000 3.141593 0.000000 1.570796
    73 0.000000 -0.000002 0.000000 3.141593 0.000000 1.570796
    74 0.000004 0.000000 0.000000 3.141593 0.000000 1.570797
    75 -0.000004 0.000000 0.000002 -1.570796 0.000000 1.570796
    76 0.000000 -0.000001 0.000008 -1.570796 0.000000 1.570796
    77 0.000001 0.000000 0.000000 -1.570796 0.000000 1.570796
    78 0.000001 0.000002 0.000000 -1.570796 0.000000 1.570796
    79 0.000000 0.000000 0.000000 -1.570796 0.000000 1.570796
    80 0.000001 0.000000 0.000000 -1.570796 0.000000 1.570796
    81 0.000001 0.000000 0.000000 -1.570796 0.000001 1.570796
    82 -0.000001 0.000000 0.000002 -1.570796 0.000001 1.570796
    83 0.000001 0.000000 0.000000 -1.570796 0.000000 1.570796
  time 5
    0 -3.202316 -9.676769 -5.129125 -3.145955 0.098172 -0.001409
    1 0.073573 17.526917 0.777220 0.000000 0.000001 0.000000
    2 -0.226386 4.254942 -0.608961 0.000000 -0.000001 0.000000
    3 -0.279053 6.781250 -0.811523 0.000000 0.000001 0.000000
    4 -0.045094 3.566423 0.891595 0.000000 -0.000001 0.000000
    5 -0.116185 1.807585 2.464996 1.195139 0.000002 0.000000
    6 0.000000 1.030615 0.000004 -2.680726 -0.008209 -3.136507
    7 -0.000002 5.179932 -0.000037 0.765573 -0.037724 0.091757
    8 -0.218267 25.777573 2.487072 2.754915 0.000002 0.000000
    9 0.000000 0.870350 0.000008 0.033065 0.011865 -0.070073
    10 0.000000 4.478401 0.000072 0.002059 0.004885 -0.000970
    11 0.556368 14.703911 6.612211 -1.861168 -0.051845 0.013152
    12 -1.688157 -22.500656 -8.930824 0.447436 -0.286532 2.079931
    13 -1.294654 1.473667 0.640471 2.361823 -0.515042 -2.105042
    14 0.000011 1.832554 0.000004 0.105782 -0.242316 -0.022404
    15 0.000000 1.003359 0.000001 0.155099 -0.021418 -0.118158
    16 -1.632739 4.327644 -0.483953 0.365944 0.282537 -0.019011
    17 -0.000010 1.637142 0.000010 1.001957 0.015784 -0.110368
    18 0.000007 1.100985 0.000004 0.016762 0.076954 -0.068132
    19 -0.500328 4.452953 -0.532495 0.396541 0.287798 0.017522
    20 -0.000010 1.442617 -0.000010 1.327527 0.029307 -0.036669
    21 -0.000003 1.302446 0.000004 0.004478 -0.041924 0.002923
    22 0.523221 4.540312 -0.480714 0.856150 0.290072 -0.285055
    23 -0.000001 1.198256 0.000008 0.732643 -0.133931 0.043054
    24 -0.000012 0.869780 0.000015 0.218388 0.063758 -0.018618
    25 1.354362 4.150681 -0.582655 0.848409 0.193448 -0.436427
    26 0.000000 1.157421 -0.000006 0.969721 -0.115779 0.002582
    27 0.000001 1.020055 0.000002 -0.120881 -0.015655 -0.025766
    28 5.003218 -8.070315 -8.112608 -2.269615 -0.096729 -0.091473
    29 0.000038 12.695422 -0.000004 -1.597663 0.494105 0.427125
    30 -4.403082 -3.861327 -9.044109 -0.032697 1.467813 3.120009
    31 -1.391397 1.476538 -0.700638 -1.757694 -1.119972 2.167464
    32 0.000002 1.751797 -0.000002 -0.382700 -0.196548 -0.169376
    33 0.000010 1.122969 0.000000 -0.357770 -0.049040 -0.094333
    34 -1.596883 4.441620 0.708540 -1.269451 -1.138145 1.282269
    35 -0.000008 1.481951 -0.000008 0.068931 0.080293 0.344771
    36 0.000002 1.056648 -0.000004 -0.113253 -0.130342 0.675950
    37 -0.470901 4.219486 0.926555 -2.516793 -0.098334 -3.183936
    38 -0.000010 1.609821 0.000004 1.338602 -0.114174 0.088559
    39 -0.000002 1.562311 0.000013 1.278061 0.025862 -0.031766
    40 0.576838 4.298388 0.639431 -2.185725 -0.104952 -3.078380
    41 0.000002 1.553762 -0.000008 1.256440 0.140300 0.008694
    42 0.000003 0.874434 -0.000006 0.891124 0.106770 0.200337
    43 1.459885 4.275572 0.219019 -2.155230 -0.186603 3.315280
    44 -0.000010 0.973051 -0.000004 0.971832 0.217248 0.114334
    45 0.000007 0.970890 0.000004 1.186741 0.085916 0.151173
    46 -7.008868 4.575658 -7.491495 -1.521244 0.632535 0.728158
    47 0.000011 12.706367 0.000010 -2.389129 0.364434 0.114759
    48 0.000000 0.000000 0.000000 1.570796 0.000000 1.570796
    49 -0.000006 1.500006 0.000000 1.570796 0.000000 1.570796
    50 0.000000 -0.299999 0.000000 -1.570796 0.000000 1.570796
    51 0.000000 0.000000 0.000000 0.000000 0.000000 1.570796
    52 0.000000 0.000000 0.000000 0.000000 0.000000 1.570796
    53 0.000000 0.000002 0.000001 0.000000 0.000000 1.919862
    54 0.000000 0.000000 0.000000 -1.570796 0.000000 1.570796
    55 0.000000 0.000000 0.000002 -1.570797 0.000000 1.570796
    56 -0.000002 -0.000002 0.000004 -1.570797 0.000001 1.570796
    57 0.000003 0.000000 0.000000 -1.570796 0.000000 1.570796
    58 0.000002 0.000003 0.000000 -1.570796 0.000000 1.570796
    59 0.000000 0.000000 0.000000 -1.570796 0.000000 1.570796
    60 -0.000001 0.000011 0.000000 -1.570796 0.000000 1.570796
    61 0.000000 0.000000 0.000000 -1.570796 -0.000001 1.570796
    62 0.000000 -0.000001 0.000000 -1.570796 0.000000 1.570796
    63 -0.000002 0.000002 -0.000002 -1.570796 0.000000 1.570796
    64 0.000000 0.000000 0.000000 -1.570797 0.000000 1.570796
    65 0.000000 0.000000 0.000000 -1.570797 0.000000 1.570796
    66 0.000000 0.000000 0.000000 1.570796 0.000000 1.570796
    67 0.000000 1.500000 0.000000 1.570796 0.000000 1.570796
    68 0.000000 0.300001 0.000000 1.570796 0.000000 1.570796
    69 -0.000011 0.000002 -0.000004 -3.141593 0.000001 1.570796
    70 0.000000 0.000000 0.000000 3.141593 0.000000 1.570796
    71 0.000001 0.000000 0.000000 -3.141593 0.000000 1.221730
    72 0.000000 0.000000 0.000000 3.141593 0.000000 1.570796
    73 0.000000 -0.000002 0.000000 3.141593 0.000000 1.570796
    74 0.000004 0.000000 0.000000 3.141593 0.000000 1.570797
    75 -0.000004 0.000000 0.000002 -1.570796 0.000000 1.570796
    76 0.000000 -0.000001 0.000008 -1.570796 0.000000 1.570796
    77 0.000001 0.000000 0.000000 -1.570796 0.000000 1.570796
    78 0.000001 0.000002 0.000000 -1.570796 0.000000 1.570796
    79 0.000000 0.000000 0.000000 -1.570796 0.000000 1.570796
    80 0.000001 0.000000 0.000000 -1.570796 0.000000 1.570796
    81 0.000001 0.000000 0.000000 -1.570796 0.000001 1.570796
    82 -0.000001 0.000000 0.000002 -1.570796 0.000001 1.570796
    83 0.000001 0.000000 0.000000 -1.570796 0.000000 1.570796
  time 6
    0 -3.202316 -10.086937 -5.160376 -3.135433 0.116207 0.000422
    1 0.073573 17.526917 0.777220 0.000000 0.000001 0.000000
    2 -0.226386 4.254942 -0.608961 0.000000 -0.000001 0.000000
    3 -0.279053 6.781250 -0.811523 0.000000 0.000001 0.000000
    4 -0.045094 3.566423 0.891595 0.000000 -0.000001 0.000000
    5 -0.116185 1.807585 2.464996 1.184079 0.000002 0.000000
    6 0.000000 1.030615 0.000004 -2.678445 -0.008449 -3.135468
    7 -0.000002 5.179932 -0.000037 0.743439 -0.034452 0.085633
    8 -0.218267 25.777573 2.487072 2.752062 0.000002 0.000000
    9 0.000000 0.870350 0.000008 0.031986 0.010906 -0.064635
    10 0.000000 4.478401 0.000072 0.002042 0.004418 -0.000862
    11 0.482147 14.778132 6.635649 -1.844932 -0.048915 0.012407
    12 -1.742846 -22.863949 -9.122236 0.458566 -0.304528 2.077369
    13 -1.294654 1.473667 0.640471 2.361823 -0.515042 -2.105042
    14 0.000011 1.832554 0.000004 0.105782 -0.242316 -0.022404
    15 0.000000 1.003359 0.000001 0.155937 -0.013976 -0.166034
    16 -1.632739 4.327644 -0.483953 0.365944 0.282537 -0.019011
    17 -0.000010 1.637142 0.000010 1.001957 0.015784 -0.110368
    18 0.000007 1.100985 0.000004 0.016762 0.076954 -0.068132
    19 -0.500328 4.452953 -0.532495 0.396541 0.287798 0.017522
    20 -0.000010 1.442617 -0.000010 1.327527 0.029307 -0.036669
    21 -0.000003 1.302446 0.000004 0.004462 -0.041924 0.002935
    22 0.523221 4.540312 -0.480714 0.856150 0.290072 -0.285055
    23 -0.000001 1.198256 0.000008 0.732643 -0.133931 0.043054
    24 -0.000012 0.869780 0.000015 0.218388 0.063758 -0.018618
    25 1.354362 4.150681 -0.582655 0.848409 0.193448 -0.436427
    26 0.000000 1.157421 -0.000006 0.969721 -0.115779 0.002582
    27 0.000001 1.020055 0.000002 -0.120881 -0.015655 -0.025766
    28 5.003218 -8.070315 -8.112608 -2.266145 -0.065799 -0.090310
    29 0.000038 12.695422 -0.000004 -1.563118 0.480167 0.427425
    30 -4.473396 -4.232432 -8.993326 -0.115786 1.449049 3.037769
    31 -1.391397 1.476538 -0.700638 -1.757694 -1.119972 2.167464
    32 0.000002 1.751797 -0.000002 -0.382700 -0.196548 -0.169376
    33 0.000010 1.122969 0.000000 -0.357770 -0.049040 -0.094333
    34 -1.596883 4.441620 0.708540 -1.245931 -1.170369 1.256551
    35 -0.000008 1.481951 -0.000008 0.066307 0.082570 0.310900
    36 0.000002 1.056648 -0.000004 -0.108843 -0.134009 0.642048
    37 -0.470901 4.219486 0.926555 -2.516793 -0.098334 -3.183936
    38 -0.000010 1.609821 0.000004 1.338602 -0.114174 0.088559
    39 -0.000002 1.562311 0.000013 1.278061 0.025862 -0.031766
    40 0.576838 4.298388 0.639431 -2.185725 -0.104952 -3.078380
    41 0.000002 1.553762 -0.000008 1.256440 0.140300 0.008694
    42 0.000003 0.874434 -0.000006 0.891124 0.106770 0.200337
    43 1.459885 4.275572 0.219019 -2.155218 -0.186603 3.315280
    44 -0.000010 0.973051 -0.000004 0.971832 0.217248 0.114334
    45 0.000007 0.970890 0.000004 1.186761 0.085916 0.151173
    46 -7.008868 4.575658 -7.491495 -1.559345 0.624383 0.691251
    47 0.000011 12.706367 0.000010 -2.360940 0.361474 0.118067
    48 0.000000 0.000000 0.000000 1.570796 0.000000 1.570796
    49 -0.000006 1.500006 0.000000 1.570796 0.000000 1.570796
    50 0.000000 -0.299999 0.000000 -1.570796 0.000000 1.570796
    51 0.000000 0.000000 0.000000 0.000000 0.000000 1.570796
    52 0.000000 0.000000 0.000000 0.000000 0.000000 1.570796
    53 0.000000 0.000002 0.000001 0.000000 0.000000 1.919862
    54 0.000000 0.000000 0.000000 -1.570796 0.000000 1.570796
    55 0.000000 0.000000 0.000002 -1.570797 0.000000 1.570796
    56 -0.000002 -0.000002 0.000004 -1.570797 0.000001 1.570796
    57 0.000003 0.000000 0.000000 -1.570796 0.000000 1.570796
    58 0.000002 0.000003 0.000000 -1.570796 0.000000 1.570796
    59 0.000000 0.000000 0.000000 -1.570796 0.000000 1.570796
    60 -0.000001 0.000011 0.000000 -1.570796 0.000000 1.570796
    61 0.000000 0.000000 0.000000 -1.570796 -0.000001 1.570796
    62 0.000000 -0.000001 0.000000 -1.570796 0.000000 1.570796
    63 -0.000002 0.000002 -0.000002 -1.570796 0.000000 1.570796
    64 0.000000 0.000000 0.000000 -1.570797 0.000000 1.570796
    65 0.000000 0.000000 0.000000 -1.570797 0.000000 1.570796
    66 0.000000 0.000000 0.000000 1.570796 0.000000 1.570796
    67 0.000000 1.500000 0.000000 1.570796 0.000000 1.570796
    68 0.000000 0.300001 0.000000 1.570796 0.000000 1.570796
    69 -0.000011 0.000002 -0.000004 -3.141593 0.000001 1.570796
    70 0.000000 0.000000 0.000000 3.141593 0.000000 1.570796
    71 0.000001 0.000000 0.000000 -3.141593 0.000000 1.221730
    72 0.000000 0.000000 0.000000 3.141593 0.000000 1.570796
    73 0.000000 -0.000002 0.000000 3.141593 0.000000 1.570796
    74 0.000004 0.000000 0.000000 3.141593 0.000000 1.570797
    75 -0.000004 0.000000 0.000002 -1.570796 0.000000 1.570796
    76 0.000000 -0.000001 0.000008 -1.570796 0.000000 1.570796
    77 0.000001 0.000000 0.000000 -1.570796 0.000000 1.570796
    78 0.000001 0.000002 0.000000 -1.570796 0.000000 1.570796
    79 0.000000 0.000000 0.000000 -1.570796 0.000000 1.570796
    80 0.000001 0.000000 0.000000 -1.570796 0.000000 1.570796
    81 0.000001 0.000000 0.000000 -1.570796 0.000001 1.570796
    82 -0.000001 0.000000 0.000002 -1.570796 0.000001 1.570796
    83 0.000001 0.000000 0.000000 -1.570796 0.000000 1.570796
  time 7
    0 -3.198409 -10.403353 -5.191627 -3.131551 0.113154 0.001711
    1 0.073573 17.526917 0.777220 0.000000 0.000001 0.000000
    2 -0.226386 4.254942 -0.608961 0.000000 -0.000001 0.000000
    3 -0.279053 6.781250 -0.811523 0.000000 0.000001 0.000000
    4 -0.045094 3.566423 0.891595 0.000000 -0.000001 0.000000
    5 -0.116185 1.807585 2.464996 1.153591 0.000002 0.000000
    6 0.000000 1.030615 0.000004 -2.672533 -0.009443 -3.132619
    7 -0.000002 5.179932 -0.000037 0.682647 -0.026254 0.070268
    8 -0.218267 25.777573 2.487072 2.743673 0.000002 0.000000
    9 0.000000 0.870350 0.000008 0.029877 0.008293 -0.050323
    10 0.000000 4.478401 0.000072 0.002594 0.003039 -0.000514
    11 0.325892 14.942199 6.690339 -1.803308 -0.041502 0.010532
    12 -1.707689 -23.164739 -9.192551 0.453429 -0.306340 2.079683
    13 -1.294654 1.473667 0.640471 2.361823 -0.515042 -2.105042
    14 0.000011 1.832554 0.000004 0.105782 -0.242316 -0.022404
    15 0.000000 1.003359 0.000001 0.156501 -0.008019 -0.202920
    16 -1.632739 4.327644 -0.483953 0.365944 0.282537 -0.019011
    17 -0.000010 1.637142 0.000010 1.001957 0.015772 -0.110368
    18 0.000007 1.100985 0.000004 0.016762 0.076954 -0.068132
    19 -0.500328 4.452953 -0.532495 0.396541 0.287798 0.017522
    20 -0.000010 1.442617 -0.000010 1.327527 0.029307 -0.036669
    21 -0.000003 1.302446 0.000004 0.004478 -0.041924 0.002935
    22 0.523221 4.540312 -0.480714 0.856150 0.290072 -0.285055
    23 -0.000001 1.198256 0.000008 0.732643 -0.133931 0.043054
    24 -0.000012 0.869780 0.000015 0.218388 0.063758 -0.018618
    25 1.354362 4.150681 -0.582655 0.848409 0.193448 -0.436427
    26 0.000000 1.157421 -0.000006 0.969721 -0.115779 0.002582
    27 0.000001 1.020055 0.000002 -0.120881 -0.015655 -0.025766
    28 5.003218 -8.070315 -8.112608 -2.267050 -0.039004 -0.084219
    29 0.000038 12.695422 -0.000004 -1.537703 0.469844 0.427060
    30 -4.465583 -4.533222 -9.005045 -0.150892 1.451653 3.003519
    31 -1.391397 1.476538 -0.700638 -1.757694 -1.119972 2.167464
    32 0.000002 1.751797 -0.000002 -0.382700 -0.196548 -0.169376
    33 0.000010 1.122969 0.000000 -0.357770 -0.049040 -0.094333
    34 -1.596883 4.441620 0.708540 -1.208913 -1.211806 1.216619
    35 -0.000008 1.481951 -0.000008 0.062495 0.085410 0.266916
    36 0.000002 1.056648 -0.000004 -0.102946 -0.138635 0.597932
    37 -0.470901 4.219486 0.926555 -2.516793 -0.098334 -3.183936
    38 -0.000010 1.609821 0.000004 1.338602 -0.114174 0.088559
    39 -0.000002 1.562311 0.000013 1.278061 0.025862 -0.031766
    40 0.576838 4.298388 0.639431 -2.185725 -0.104952 -3.078380
    41 0.000002 1.553762 -0.000008 1.256440 0.140300 0.008694
    42 0.000003 0.874434 -0.000006 0.891124 0.106770 0.200337
    43 1.459885 4.275572 0.219019 -2.155242 -0.186615 3.315280
    44 -0.000010 0.973051 -0.000004 0.971832 0.217248 0.114334
    45 0.000007 0.970890 0.000004 1.186741 0.085916 0.151173
    46 -7.008868 4.575658 -7.491495 -1.579603 0.622788 0.677357
    47 0.000011 12.706367 0.000010 -2.336063 0.358622 0.121111
    48 0.000000 0.000000 0.000000 1.570796 0.000000 1.570796
    49 -0.000006 1.500006 0.000000 1.570796 0.000000 1.570796
    50 0.000000 -0.299999 0.000000 -1.570796 0.000000 1.570796
    51 0.000000 0.000000 0.000000 0.000000 0.000000 1.570796
    52 0.000000 0.000000 0.000000 0.000000 0.000000 1.570796
    53 0.000000 0.000002 0.000001 0.000000 0.000000 1.919862
    54 0.000000 0.000000 0.000000 -1.570796 0.000000 1.570796
    55 0.000000 0.000000 0.000002 -1.570797 0.000000 1.570796
    56 -0.000002 -0.000002 0.000004 -1.570797 0.000001 1.570796
    57 0.000003 0.000000 0.000000 -1.570796 0.000000 1.570796
    58 0.000002 0.000003 0.000000 -1.570796 0.000000 1.570796
    59 0.000000 0.000000 0.000000 -1.570796 0.000000 1.570796
    60 -0.000001 0.000011 0.000000 -1.570796 0.000000 1.570796
    61 0.000000 0.000000 0.000000 -1.570796 -0.000001 1.570796
    62 0.000000 -0.000001 0.000000 -1.570796 0.000000 1.570796
    63 -0.000002 0.000002 -0.000002 -1.570796 0.000000 1.570796
    64 0.000000 0.000000 0.000000 -1.570797 0.000000 1.570796
    65 0.000000 0.000000 0.000000 -1.570797 0.000000 1.570796
    66 0.000000 0.000000 0.000000 1.570796 0.000000 1.570796
    67 0.000000 1.500000 0.000000 1.570796 0.000000 1.570796
    68 0.000000 0.300001 0.000000 1.570796 0.000000 1.570796
    69 -0.000011 0.000002 -0.000004 -3.141593 0.000001 1.570796
    70 0.000000 0.000000 0.000000 3.141593 0.000000 1.570796
    71 0.000001 0.000000 0.000000 -3.141593 0.000000 1.221730
    72 0.000000 0.000000 0.000000 3.141593 0.000000 1.570796
    73 0.000000 -0.000002 0.000000 3.141593 0.000000 1.570796
    74 0.000004 0.000000 0.000000 3.141593 0.000000 1.570797
    75 -0.000004 0.000000 0.000002 -1.570796 0.000000 1.570796
    76 0.000000 -0.000001 0.000008 -1.570796 0.000000 1.570796
    77 0.000001 0.000000 0.000000 -1.570796 0.000000 1.570796
    78 0.000001 0.000002 0.000000 -1.570796 0.000000 1.570796
    79 0.000000 0.000000 0.000000 -1.570796 0.000000 1.570796
    80 0.000001 0.000000 0.000000 -1.570796 0.000000 1.570796
    81 0.000001 0.000000 0.000000 -1.570796 0.000001 1.570796
    82 -0.000001 0.000000 0.000002 -1.570796 0.000001 1.570796
    83 0.000001 0.000000 0.000000 -1.570796 0.000000 1.570796
  time 8
    0 -3.198409 -10.641642 -5.218972 -3.130204 0.105128 0.002525
    1 0.073573 17.526917 0.777220 0.000000 0.000001 0.000000
    2 -0.226386 4.254942 -0.608961 0.000000 -0.000001 0.000000
    3 -0.279053 6.781250 -0.811523 0.000000 0.000001 0.000000
    4 -0.045094 3.566423 0.891595 0.000000 -0.000001 0.000000
    5 -0.116185 1.807585 2.464996 1.105314 0.000002 0.000000
    6 0.000000 1.030615 0.000004 -2.665007 -0.011409 -3.128385
    7 -0.000002 5.179932 -0.000037 0.588694 -0.016978 0.050865
    8 -0.218267 25.777573 2.487072 2.732288 0.000002 0.000000
    9 0.000000 0.870350 0.000008 0.026413 0.005046 -0.030162
    10 0.000000 4.478401 0.000072 0.003079 0.001350 -0.000275
    11 0.091510 15.157050 6.780185 -1.746533 -0.031443 0.007939
    12 -1.672531 -23.379589 -9.219895 0.445568 -0.303778 2.082741
    13 -1.294654 1.473667 0.640471 2.361823 -0.515042 -2.105042
    14 0.000011 1.832554 0.000004 0.105782 -0.242316 -0.022404
    15 0.000000 1.003359 0.000001 0.156609 -0.005694 -0.217650
    16 -1.632739 4.327644 -0.483953 0.365944 0.282537 -0.019011
    17 -0.000010 1.637142 0.000010 1.001957 0.015772 -0.110368
    18 0.000007 1.100985 0.000004 0.016762 0.076954 -0.068132
    19 -0.500328 4.452953 -0.532495 0.396541 0.287798 0.017522
    20 -0.000010 1.442617 -0.000010 1.327527 0.029307 -0.036669
    21 -0.000003 1.302446 0.000004 0.004462 -0.041924 0.002935
    22 0.523221 4.540312 -0.480714 0.856150 0.290072 -0.285055
    23 -0.000001 1.198256 0.000008 0.732643 -0.133931 0.043054
    24 -0.000012 0.869780 0.000015 0.218388 0.063758 -0.018618
    25 1.354362 4.150681 -0.582655 0.848409 0.193448 -0.436427
    26 0.000000 1.157421 -0.000006 0.969721 -0.115779 0.002582
    27 0.000001 1.020055 0.000002 -0.120881 -0.015655 -0.025766
    28 5.003218 -8.070315 -8.112608 -2.271124 -0.024449 -0.078470
    29 0.000038 12.695422 -0.000004 -1.518965 0.462266 0.426721
    30 -4.442145 -4.767604 -9.032390 -0.173401 1.459235 2.981957
    31 -1.391397 1.476538 -0.700638 -1.757694 -1.119972 2.167464
    32 0.000002 1.751797 -0.000002 -0.382700 -0.196548 -0.169376
    33 0.000010 1.122969 0.000000 -0.357770 -0.049040 -0.094333
    34 -1.596883 4.441620 0.708540 -1.162043 -1.252504 1.166689
    35 -0.000008 1.481951 -0.000008 0.058624 0.088119 0.222881
    36 0.000002 1.056648 -0.000004 -0.096738 -0.143034 0.553742
    37 -0.470901 4.219486 0.926555 -2.516793 -0.098334 -3.183936
    38 -0.000010 1.609821 0.000004 1.338602 -0.114174 0.088559
    39 -0.000002 1.562311 0.000013 1.278061 0.025862 -0.031766
    40 0.576838 4.298388 0.639431 -2.185725 -0.104952 -3.078380
    41 0.000002 1.553762 -0.000008 1.256440 0.140300 0.008694
    42 0.000003 0.874434 -0.000006 0.891124 0.106770 0.200337
    43 1.459885 4.275572 0.219019 -2.155242 -0.186615 3.315280
    44 -0.000010 0.973051 -0.000004 0.971832 0.217248 0.114334
    45 0.000007 0.970890 0.000004 1.186741 0.085916 0.151173
    46 -7.008868 4.575658 -7.491495 -1.592029 0.623349 0.671902
    47 0.000011 12.706367 0.000010 -2.315807 0.356273 0.123472
    48 0.000000 0.000000 0.000000 1.570796 0.000000 1.570796
    49 -0.000006 1.500006 0.000000 1.570796 0.000000 1.570796
    50 0.000000 -0.299999 0.000000 -1.570796 0.000000 1.570796
    51 0.000000 0.000000 0.000000 0.000000 0.000000 1.570796
    52 0.000000 0.000000 0.000000 0.000000 0.000000 1.570796
    53 0.000000 0.000002 0.000001 0.000000 0.000000 1.919862
    54 0.000000 0.000000 0.000000 -1.570796 0.000000 1.570796
    55 0.000000 0.000000 0.000002 -1.570797 0.000000 1.570796
    56 -0.000002 -0.000002 0.000004 -1.570797 0.000001 1.570796
    57 0.000003 0.000000 0.000000 -1.570796 0.000000 1.570796
    58 0.000002 0.000003 0.000000 -1.570796 0.000000 1.570796
    59 0.000000 0.000000 0.000000 -1.570796 0.000000 1.570796
    60 -0.000001 0.000011 0.000000 -1.570796 0.000000 1.570796
    61 0.000000 0.000000 0.000000 -1.570796 -0.000001 1.570796
    62 0.000000 -0.000001 0.000000 -1.570796 0.000000 1.570796
    63 -0.000002 0.000002 -0.000002 -1.570796 0.000000 1.570796
    64 0.000000 0.000000 0.000000 -1.570797 0.000000 1.570796
    65 0.000000 0.000000 0.000000 -1.570797 0.000000 1.570796
    66 0.000000 0.000000 0.000000 1.570796 0.000000 1.570796
    67 0.000000 1.500000 0.000000 1.570796 0.000000 1.570796
    68 0.000000 0.300001 0.000000 1.570796 0.000000 1.570796
    69 -0.000011 0.000002 -0.000004 -3.141593 0.000001 1.570796
    70 0.000000 0.000000 0.000000 3.141593 0.000000 1.570796
    71 0.000001 0.000000 0.000000 -3.141593 0.000000 1.221730
    72 0.000000 0.000000 0.000000 3.141593 0.000000 1.570796
    73 0.000000 -0.000002 0.000000 3.141593 0.000000 1.570796
    74 0.000004 0.000000 0.000000 3.141593 0.000000 1.570797
    75 -0.000004 0.000000 0.000002 -1.570796 0.000000 1.570796
    76 0.000000 -0.000001 0.000008 -1.570796 0.000000 1.570796
    77 0.000001 0.000000 0.000000 -1.570796 0.000000 1.570796
    78 0.000001 0.000002 0.000000 -1.570796 0.000000 1.570796
    79 0.000000 0.000000 0.000000 -1.570796 0.000000 1.570796
    80 0.000001 0.000000 0.000000 -1.570796 0.000000 1.570796
    81 0.000001 0.000000 0.000000 -1.570796 0.000001 1.570796
    82 -0.000001 0.000000 0.000002 -1.570796 0.000001 1.570796
    83 0.000001 0.000000 0.000000 -1.570796 0.000000 1.570796
  time 9
    0 -3.194503 -10.833054 -5.230691 -3.129915 0.093986 0.002728
    1 0.073573 17.526917 0.777220 0.000000 0.000001 0.000000
    2 -0.226386 4.254942 -0.608961 0.000000 -0.000001 0.000000
    3 -0.279053 6.781250 -0.811523 0.000000 0.000001 0.000000
    4 -0.045094 3.566423 0.891595 0.000000 -0.000001 0.000000
    5 -0.116185 1.807585 2.464996 1.039696 0.000002 0.000000
    6 0.000000 1.030615 0.000004 -2.658520 -0.013985 -3.123332
    7 -0.000002 5.179932 -0.000037 0.466380 -0.009104 0.032026
    8 -0.218267 25.777573 2.487072 2.719188 0.000002 0.000000
    9 0.000000 0.870350 0.000008 0.022782 0.001390 -0.007375
    10 0.000000 4.478401 0.000072 0.003865 -0.000472 0.000241
    11 -0.150685 15.403151 6.885657 -1.684712 -0.020400 0.005173
    12 -1.629561 -23.571002 -9.223802 0.435372 -0.298467 2.085882
    13 -1.294654 1.473667 0.640471 2.361823 -0.515042 -2.105042
    14 0.000011 1.832554 0.000004 0.105782 -0.242316 -0.022404
    15 0.000000 1.003359 0.000001 0.156585 -0.006281 -0.214279
    16 -1.632739 4.327644 -0.483953 0.365944 0.282537 -0.019011
    17 -0.000010 1.637142 0.000010 1.001957 0.015784 -0.110368
    18 0.000007 1.100985 0.000004 0.016762 0.076954 -0.068132
    19 -0.500328 4.452953 -0.532495 0.396541 0.287798 0.017522
    20 -0.000010 1.442617 -0.000010 1.327527 0.029307 -0.036669
    21 -0.000003 1.302446 0.000004 0.004462 -0.041924 0.002911
    22 0.523221 4.540312 -0.480714 0.856150 0.290072 -0.285055
    23 -0.000001 1.198256 0.000008 0.732643 -0.133931 0.043054
    24 -0.000012 0.869780 0.000015 0.218388 0.063758 -0.018618
    25 1.354362 4.150681 -0.582655 0.848432 0.193448 -0.436427
    26 0.000000 1.157421 -0.000006 0.969721 -0.115779 0.002582
    27 0.000001 1.020055 0.000002 -0.120881 -0.015655 -0.025766
    28 5.003218 -8.070315 -8.112608 -2.277989 -0.018627 -0.073543
    29 0.000038 12.695422 -0.000004 -1.504316 0.456254 0.426369
    30 -4.395269 -4.959016 -9.036296 -0.193687 1.470340 2.962590
    31 -1.391397 1.476538 -0.700638 -1.757694 -1.119972 2.167464
    32 0.000002 1.751797 -0.000002 -0.382700 -0.196548 -0.169376
    33 0.000010 1.122969 0.000000 -0.357770 -0.049040 -0.094345
    34 -1.596883 4.441620 0.708540 -1.116768 -1.283250 1.119590
    35 -0.000008 1.481951 -0.000008 0.055592 0.090036 0.189010
    36 0.000002 1.056648 -0.000004 -0.091789 -0.146186 0.519669
    37 -0.470901 4.219486 0.926555 -2.516793 -0.098334 -3.183936
    38 -0.000010 1.609821 0.000004 1.338602 -0.114174 0.088559
    39 -0.000002 1.562311 0.000013 1.278061 0.025862 -0.031766
    40 0.576838 4.298388 0.639431 -2.185725 -0.104952 -3.078380
    41 0.000002 1.553762 -0.000008 1.256440 0.140300 0.008694
    42 0.000003 0.874434 -0.000006 0.891124 0.106770 0.200337
    43 1.459885 4.275572 0.219019 -2.155218 -0.186603 3.315280
    44 -0.000010 0.973051 -0.000004 0.971832 0.217248 0.114334
    45 0.000007 0.970890 0.000004 1.186761 0.085916 0.151173
    46 -7.008868 4.575658 -7.491495 -1.601863 0.624767 0.669942
    47 0.000011 12.706367 0.000010 -2.298632 0.354139 0.125257
    48 0.000000 0.000000 0.000000 1.570796 0.000000 1.570796
    49 -0.000006 1.500006 0.000000 1.570796 0.000000 1.570796
    50 0.000000 -0.299999 0.000000 -1.570796 0.000000 1.570796
    51 0.000000 0.000000 0.000000 0.000000 0.000000 1.570796
    52 0.000000 0.000000 0.000000 0.000000 0.000000 1.570796
    53 0.000000 0.000002 0.000001 0.000000 0.000000 1.919862
    54 0.000000 0.000000 0.000000 -1.570796 0.000000 1.570796
    55 0.000000 0.000000 0.000002 -1.570797 0.000000 1.570796
    56 -0.000002 -0.000002 0.000004 -1.570797 0.000001 1.570796
    57 0.000003 0.000000 0.000000 -1.570796 0.000000 1.570796
    58 0.000002 0.000003 0.000000 -1.570796 0.000000 1.570796
    59 0.000000 0.000000 0.000000 -1.570796 0.000000 1.570796
    60 -0.000001 0.000011 0.000000 -1.570796 0.000000 1.570796
    61 0.000000 0.000000 0.000000 -1.570796 -0.000001 1.570796
    62 0.000000 -0.000001 0.000000 -1.570796 0.000000 1.570796
    63 -0.000002 0.000002 -0.000002 -1.570796 0.000000 1.570796
    64 0.000000 0.000000 0.000000 -1.570797 0.000000 1.570796
    65 0.000000 0.000000 0.000000 -1.570797 0.000000 1.570796
    66 0.000000 0.000000 0.000000 1.570796 0.000000 1.570796
    67 0.000000 1.500000 0.000000 1.570796 0.000000 1.570796
    68 0.000000 0.300001 0.000000 1.570796 0.000000 1.570796
    69 -0.000011 0.000002 -0.000004 -3.141593 0.000001 1.570796
    70 0.000000 0.000000 0.000000 3.141593 0.000000 1.570796
    71 0.000001 0.000000 0.000000 -3.141593 0.000000 1.221730
    72 0.000000 0.000000 0.000000 3.141593 0.000000 1.570796
    73 0.000000 -0.000002 0.000000 3.141593 0.000000 1.570796
    74 0.000004 0.000000 0.000000 3.141593 0.000000 1.570797
    75 -0.000004 0.000000 0.000002 -1.570796 0.000000 1.570796
    76 0.000000 -0.000001 0.000008 -1.570796 0.000000 1.570796
    77 0.000001 0.000000 0.000000 -1.570796 0.000000 1.570796
    78 0.000001 0.000002 0.000000 -1.570796 0.000000 1.570796
    79 0.000000 0.000000 0.000000 -1.570796 0.000000 1.570796
    80 0.000001 0.000000 0.000000 -1.570796 0.000000 1.570796
    81 0.000001 0.000000 0.000000 -1.570796 0.000001 1.570796
    82 -0.000001 0.000000 0.000002 -1.570796 0.000001 1.570796
    83 0.000001 0.000000 0.000000 -1.570796 0.000000 1.570796
  time 10
    0 -3.198409 -10.997121 -5.222878 -3.131134 0.081270 0.002525
    1 0.073573 17.526917 0.777220 0.000000 0.000001 0.000000
    2 -0.226386 4.254942 -0.608961 0.000000 -0.000001 0.000000
    3 -0.279053 6.781250 -0.811523 0.000000 0.000001 0.000000
    4 -0.045094 3.566423 0.891595 0.000000 -0.000001 0.000000
    5 -0.116185 1.807585 2.464996 0.956113 0.000002 0.000000
    6 0.000000 1.030615 0.000004 -2.657977 -0.017413 -3.117996
    7 -0.000002 5.179932 -0.000037 0.322386 -0.004275 0.016865
    8 -0.218267 25.777573 2.487072 2.592368 0.000002 0.000000
    9 0.000000 0.870350 0.000008 -0.016348 -0.001163 0.007892
    10 0.000000 4.478401 0.000072 0.285853 -0.003528 0.010739
    11 -0.353817 15.633627 6.959878 -1.628094 -0.010254 0.002580
    12 -1.574872 -23.758507 -9.184738 0.424242 -0.291156 2.089023
    13 -1.294654 1.473667 0.640471 2.361823 -0.515042 -2.105042
    14 0.000011 1.832554 0.000004 0.105782 -0.242316 -0.022404
    15 0.000000 1.003359 0.000001 0.156525 -0.007684 -0.205940
    16 -1.632739 4.327644 -0.483953 0.365944 0.282537 -0.019011
    17 -0.000010 1.637142 0.000010 1.001957 0.015772 -0.110368
    18 0.000007 1.100985 0.000004 0.016762 0.076954 -0.068132
    19 -0.500328 4.452953 -0.532495 0.396541 0.287798 0.017522
    20 -0.000010 1.442617 -0.000010 1.327527 0.029307 -0.036669
    21 -0.000003 1.302446 0.000004 0.004462 -0.041924 0.002935
    22 0.523221 4.540312 -0.480714 0.856150 0.290072 -0.285055
    23 -0.000001 1.198256 0.000008 0.732643 -0.133931 0.043054
    24 -0.000012 0.869780 0.000015 0.218388 0.063758 -0.018618
    25 1.354362 4.150681 -0.582655 0.848409 0.193448 -0.436427
    26 0.000000 1.157421 -0.000006 0.969721 -0.115779 0.002582
    27 0.000001 1.020055 0.000002 -0.120881 -0.015655 -0.025766
    28 5.003218 -8.070315 -8.112608 -2.287344 -0.014922 -0.068889
    29 0.000038 12.695422 -0.000004 -1.491370 0.450996 0.426004
    30 -4.348392 -5.115271 -9.059734 -0.206377 1.482977 2.949901
    31 -1.391397 1.476538 -0.700638 -1.757694 -1.119972 2.167464
    32 0.000002 1.751797 -0.000002 -0.382700 -0.196548 -0.169376
    33 0.000010 1.122969 0.000000 -0.357770 -0.049040 -0.094333
    34 -1.596883 4.441620 0.708540 -1.095924 -1.295283 1.097847
    35 -0.000008 1.481951 -0.000008 0.054514 0.090791 0.175416
    36 0.000002 1.056648 -0.000004 -0.089823 -0.147432 0.506074
    37 -0.470901 4.219486 0.926555 -2.516793 -0.098334 -3.183936
    38 -0.000010 1.609821 0.000004 1.338602 -0.114174 0.088559
    39 -0.000002 1.562311 0.000013 1.278061 0.025862 -0.031766
    40 0.576838 4.298388 0.639431 -2.185725 -0.104952 -3.078380
    41 0.000002 1.553762 -0.000008 1.256440 0.140300 0.008694
    42 0.000003 0.874434 -0.000006 0.891124 0.106770 0.200337
    43 1.459885 4.275572 0.219019 -2.155218 -0.186603 3.315280
    44 -0.000010 0.973051 -0.000004 0.971832 0.217248 0.114334
    45 0.000007 0.970890 0.000004 1.186741 0.085916 0.151173
    46 -7.008868 4.575658 -7.491495 -1.610932 0.626421 0.669004
    47 0.000011 12.706367 0.000010 -2.282766 0.352438 0.127127
    48 0.000000 0.000000 0.000000 1.570796 0.000000 1.570796
    49 -0.000006 1.500006 0.000000 1.570796 0.000000 1.570796
    50 0.000000 -0.299999 0.000000 -1.570796 0.000000 1.570796
    51 0.000000 0.000000 0.000000 0.000000 0.000000 1.570796
    52 0.000000 0.000000 0.000000 0.000000 0.000000 1.570796
    53 0.000000 0.000002 0.000001 0.000000 0.000000 1.919862
    54 0.000000 0.000000 0.000000 -1.570796 0.000000 1.570796
    55 0.000000 0.000000 0.000002 -1.570797 0.000000 1.570796
    56 -0.000002 -0.000002 0.000004 -1.570797 0.000001 1.570796
    57 0.000003 0.000000 0.000000 -1.570796 0.000000 1.570796
    58 0.000002 0.000003 0.000000 -1.570796 0.000000 1.570796
    59 0.000000 0.000000 0.000000 -1.570796 0.000000 1.570796
    60 -0.000001 0.000011 0.000000 -1.570796 0.000000 1.570796
    61 0.000000 0.000000 0.000000 -1.570796 -0.000001 1.570796
    62 0.000000 -0.000001 0.000000 -1.570796 0.000000 1.570796
    63 -0.000002 0.000002 -0.000002 -1.570796 0.000000 1.570796
    64 0.000000 0.000000 0.000000 -1.570797 0.000000 1.570796
    65 0.000000 0.000000 0.000000 -1.570797 0.000000 1.570796
    66 0.000000 0.000000 0.000000 1.570796 0.000000 1.570796
    67 0.000000 1.500000 0.000000 1.570796 0.000000 1.570796
    68 0.000000 0.300001 0.000000 1.570796 0.000000 1.570796
    69 -0.000011 0.000002 -0.000004 -3.141593 0.000001 1.570796
    70 0.000000 0.000000 0.000000 3.141593 0.000000 1.570796
    71 0.000001 0.000000 0.000000 -3.141593 0.000000 1.221730
    72 0.000000 0.000000 0.000000 3.141593 0.000000 1.570796
    73 0.000000 -0.000002 0.000000 3.141593 0.000000 1.570796
    74 0.000004 0.000000 0.000000 3.141593 0.000000 1.570797
    75 -0.000004 0.000000 0.000002 -1.570796 0.000000 1.570796
    76 0.000000 -0.000001 0.000008 -1.570796 0.000000 1.570796
    77 0.000001 0.000000 0.000000 -1.570796 0.000000 1.570796
    78 0.000001 0.000002 0.000000 -1.570796 0.000000 1.570796
    79 0.000000 0.000000 0.000000 -1.570796 0.000000 1.570796
    80 0.000001 0.000000 0.000000 -1.570796 0.000000 1.570796
    81 0.000001 0.000000 0.000000 -1.570796 0.000001 1.570796
    82 -0.000001 0.000000 0.000002 -1.570796 0.000001 1.570796
    83 0.000001 0.000000 0.000000 -1.570796 0.000000 1.570796
  time 11
    0 -3.198409 -11.141657 -5.199440 -3.134021 0.068523 0.002118
    1 0.073573 17.526917 0.777220 0.000000 0.000001 0.000000
    2 -0.226386 4.254942 -0.608961 0.000000 -0.000001 0.000000
    3 -0.279053 6.781250 -0.811523 0.000000 0.000001 0.000000
    4 -0.045094 3.566423 0.891595 0.000000 -0.000001 0.000000
    5 -0.116185 1.807585 2.464996 0.858368 0.000002 0.000000
    6 0.000000 1.030615 0.000004 -2.669600 -0.018587 -3.115194
    7 -0.000002 5.179932 -0.000037 0.174078 -0.001854 0.003298
    8 -0.218267 25.777573 2.487072 2.539491 0.000002 0.000000
    9 0.000000 0.870350 0.000008 -0.043601 -0.003176 0.018291
    10 0.000000 4.478401 0.000072 0.413455 -0.007627 0.020099
    11 -0.502259 15.739099 7.034099 -1.586784 -0.002863 0.000705
    12 -1.531902 -23.918668 -9.098798 0.414513 -0.282283 2.091585
    13 -1.294654 1.473667 0.640471 2.361823 -0.515042 -2.105042
    14 0.000011 1.832554 0.000004 0.105782 -0.242316 -0.022404
    15 0.000000 1.003359 0.000001 0.156417 -0.009349 -0.195125
    16 -1.632739 4.327644 -0.483953 0.365944 0.282537 -0.019011
    17 -0.000010 1.637142 0.000010 1.001957 0.015784 -0.110368
    18 0.000007 1.100985 0.000004 0.016762 0.076954 -0.068132
    19 -0.500328 4.452953 -0.532495 0.396541 0.287798 0.017522
    20 -0.000010 1.442617 -0.000010 1.327527 0.029307 -0.036669
    21 -0.000003 1.302446 0.000004 0.004462 -0.041924 0.002935
    22 0.523221 4.540312 -0.480714 0.856150 0.290072 -0.285055
    23 -0.000001 1.198256 0.000008 0.732643 -0.133931 0.043054
    24 -0.000012 0.869780 0.000015 0.218388 0.063758 -0.018618
    25 1.354362 4.150681 -0.582655 0.848409 0.193448 -0.436427
    26 0.000000 1.157421 -0.000006 0.969721 -0.115779 0.002582
    27 0.000001 1.020055 0.000002 -0.120881 -0.015655 -0.025766
    28 5.003218 -8.070315 -8.112608 -2.298132 -0.012606 -0.064783
    29 0.000038 12.695422 -0.000004 -1.479514 0.446221 0.425548
    30 -4.297610 -5.287151 -9.075360 -0.201375 1.495997 2.954576
    31 -1.391397 1.476538 -0.700638 -1.757694 -1.119972 2.167464
    32 0.000002 1.751797 -0.000002 -0.382700 -0.196548 -0.169376
    33 0.000010 1.122969 0.000000 -0.357770 -0.049040 -0.094333
    34 -1.596883 4.441620 0.708540 -1.095924 -1.295283 1.097847
    35 -0.000008 1.481951 -0.000008 0.054514 0.090791 0.175416
    36 0.000002 1.056648 -0.000004 -0.089823 -0.147420 0.506074
    37 -0.470901 4.219486 0.926555 -2.516793 -0.098334 -3.183936
    38 -0.000010 1.609821 0.000004 1.338602 -0.114174 0.088559
    39 -0.000002 1.562311 0.000013 1.278061 0.025862 -0.031766
    40 0.576838 4.298388 0.639431 -2.185725 -0.104952 -3.078380
    41 0.000002 1.553762 -0.000008 1.256440 0.140300 0.008694
    42 0.000003 0.874434 -0.000006 0.891124 0.106770 0.200337
    43 1.459885 4.275572 0.219019 -2.155230 -0.186603 3.315280
    44 -0.000010 0.973051 -0.000004 0.971832 0.217248 0.114334
    45 0.000007 0.970890 0.000004 1.186741 0.085916 0.151173
    46 -7.008868 4.575658 -7.491495 -1.619295 0.628134 0.668663
    47 0.000011 12.706367 0.000010 -2.269211 0.350712 0.128685
    48 0.000000 0.000000 0.000000 1.570796 0.000000 1.570796
    49 -0.000006 1.500006 0.000000 1.570796 0.000000 1.570796
    50 0.000000 -0.299999 0.000000 -1.570796 0.000000 1.570796
    51 0.000000 0.000000 0.000000 0.000000 0.000000 1.570796
    52 0.000000 0.000000 0.000000 0.000000 0.000000 1.570796
    53 0.000000 0.000002 0.000001 0.000000 0.000000 1.919862
    54 0.000000 0.000000 0.000000 -1.570796 0.000000 1.570796
    55 0.000000 0.000000 0.000002 -1.570797 0.000000 1.570796
    56 -0.000002 -0.000002 0.000004 -1.570797 0.000001 1.570796
    57 0.000003 0.000000 0.000000 -1.570796 0.000000 1.570796
    58 0.000002 0.000003 0.000000 -1.570796 0.000000 1.570796
    59 0.000000 0.000000 0.000000 -1.570796 0.000000 1.570796
    60 -0.000001 0.000011 0.000000 -1.570796 0.000000 1.570796
    61 0.000000 0.000000 0.000000 -1.570796 -0.000001 1.570796
    62 0.000000 -0.000001 0.000000 -1.570796 0.000000 1.570796
    63 -0.000002 0.000002 -0.000002 -1.570796 0.000000 1.570796
    64 0.000000 0.000000 0.000000 -1.570797 0.000000 1.570796
    65 0.000000 0.000000 0.000000 -1.570797 0.000000 1.570796
    66 0.000000 0.000000 0.000000 1.570796 0.000000 1.570796
    67 0.000000 1.500000 0.000000 1.570796 0.000000 1.570796
    68 0.000000 0.300001 0.000000 1.570796 0.000000 1.570796
    69 -0.000011 0.000002 -0.000004 -3.141593 0.000001 1.570796
    70 0.000000 0.000000 0.000000 3.141593 0.000000 1.570796
    71 0.000001 0.000000 0.000000 -3.141593 0.000000 1.221730
    72 0.000000 0.000000 0.000000 3.141593 0.000000 1.570796
    73 0.000000 -0.000002 0.000000 3.141593 0.000000 1.570796
    74 0.000004 0.000000 0.000000 3.141593 0.000000 1.570797
    75 -0.000004 0.000000 0.000002 -1.570796 0.000000 1.570796
    76 0.000000 -0.000001 0.000008 -1.570796 0.000000 1.570796
    77 0.000001 0.000000 0.000000 -1.570796 0.000000 1.570796
    78 0.000001 0.000002 0.000000 -1.570796 0.000000 1.570796
    79 0.000000 0.000000 0.000000 -1.570796 0.000000 1.570796
    80 0.000001 0.000000 0.000000 -1.570796 0.000000 1.570796
    81 0.000001 0.000000 0.000000 -1.570796 0.000001 1.570796
    82 -0.000001 0.000000 0.000002 -1.570796 0.000001 1.570796
    83 0.000001 0.000000 0.000000 -1.570796 0.000000 1.570796
  time 12
    0 -3.202316 -11.262754 -5.176002 -3.137486 0.057412 0.001575
    1 0.073573 17.526917 0.777220 0.000000 0.000001 0.000000
    2 -0.226386 4.254942 -0.608961 0.000000 -0.000001 0.000000
    3 -0.279053 6.781250 -0.811523 0.000000 0.000001 0.000000
    4 -0.045094 3.566423 0.891595 0.000000 -0.000001 0.000000
    5 -0.116185 1.807585 2.464996 0.793706 0.000002 0.000000
    6 0.000000 1.030615 0.000004 -2.687352 -0.020265 -3.112723
    7 -0.000002 5.179932 -0.000037 0.091995 -0.001266 0.000770
    8 -0.218267 25.777573 2.487072 2.522629 0.000002 0.000000
    9 0.000000 0.870350 0.000008 -0.052493 -0.003895 0.022071
    10 0.000000 4.478401 0.000072 0.452629 -0.009461 0.024402
    11 -0.588199 15.832852 7.049725 -1.570796 0.000002 0.000000
    12 -1.496745 -24.055391 -9.012858 0.406107 -0.273785 2.093073
    13 -1.294654 1.473667 0.640471 2.361823 -0.515042 -2.105042
    14 0.000011 1.832554 0.000004 0.105782 -0.242316 -0.022404
    15 0.000000 1.003359 0.000001 0.156273 -0.010991 -0.184240
    16 -1.632739 4.327644 -0.483953 0.365944 0.282537 -0.019011
    17 -0.000010 1.637142 0.000010 1.001957 0.015772 -0.110368
    18 0.000007 1.100985 0.000004 0.016762 0.076954 -0.068132
    19 -0.500328 4.452953 -0.532495 0.396541 0.287798 0.017522
    20 -0.000010 1.442617 -0.000010 1.327527 0.029307 -0.036669
    21 -0.000003 1.302446 0.000004 0.004462 -0.041924 0.002923
    22 0.523221 4.540312 -0.480714 0.856150 0.290072 -0.285055
    23 -0.000001 1.198256 0.000008 0.732643 -0.133931 0.043054
    24 -0.000012 0.869780 0.000015 0.218388 0.063758 -0.018618
    25 1.354362 4.150681 -0.582655 0.848409 0.193448 -0.436427
    26 0.000000 1.157421 -0.000006 0.969721 -0.115779 0.002582
    27 0.000001 1.020055 0.000002 -0.120881 -0.015655 -0.025766
    28 5.003218 -8.070315 -8.112608 -2.309448 -0.011779 -0.061635
    29 0.000038 12.695422 -0.000004 -1.469089 0.442026 0.424987
    30 -4.258546 -5.416062 -9.090985 -0.180904 1.507409 2.974611
    31 -1.391397 1.476538 -0.700638 -1.757694 -1.119972 2.167464
    32 0.000002 1.751797 -0.000002 -0.382700 -0.196548 -0.169376
    33 0.000010 1.122969 0.000000 -0.357770 -0.049040 -0.094333
    34 -1.596883 4.441620 0.708540 -1.095867 -1.295283 1.097847
    35 -0.000008 1.481951 -0.000008 0.054514 0.090791 0.175416
    36 0.000002 1.056648 -0.000004 -0.089823 -0.147432 0.506074
    37 -0.470901 4.219486 0.926555 -2.516819 -0.098334 -3.183936
    38 -0.000010 1.609821 0.000004 1.338602 -0.114174 0.088559
    39 -0.000002 1.562311 0.000013 1.278061 0.025862 -0.031766
    40 0.576838 4.298388 0.639431 -2.185725 -0.104952 -3.078380
    41 0.000002 1.553762 -0.000008 1.256440 0.140288 0.008694
    42 0.000003 0.874434 -0.000006 0.891124 0.106770 0.200337
    43 1.459885 4.275572 0.219019 -2.155218 -0.186603 3.315280
    44 -0.000010 0.973051 -0.000004 0.971832 0.217248 0.114334
    45 0.000007 0.970890 0.000004 1.186741 0.085916 0.151173
    46 -7.008868 4.575658 -7.491495 -1.627362 0.629404 0.667811
    47 0.000011 12.706367 0.000010 -2.256811 0.349202 0.129871
    48 0.000000 0.000000 0.000000 1.570796 0.000000 1.570796
    49 -0.000006 1.500006 0.000000 1.570796 0.000000 1.570796
    50 0.000000 -0.299999 0.000000 -1.570796 0.000000 1.570796
    51 0.000000 0.000000 0.000000 0.000000 0.000000 1.570796
    52 0.000000 0.000000 0.000000 0.000000 0.000000 1.570796
    53 0.000000 0.000002 0.000001 0.000000 0.000000 1.919862
    54 0.000000 0.000000 0.000000 -1.570796 0.000000 1.570796
    55 0.000000 0.000000 0.000002 -1.570797 0.000000 1.570796
    56 -0.000002 -0.000002 0.000004 -1.570797 0.000001 1.570796
    57 0.000003 0.000000 0.000000 -1.570796 0.000000 1.570796
    58 0.000002 0.000003 0.000000 -1.570796 0.000000 1.570796
    59 0.000000 0.000000 0.000000 -1.570796 0.000000 1.570796
    60 -0.000001 0.000011 0.000000 -1.570796 0.000000 1.570796
    61 0.000000 0.000000 0.000000 -1.570796 -0.000001 1.570796
    62 0.000000 -0.000001 0.000000 -1.570796 0.000000 1.570796
    63 -0.000002 0.000002 -0.000002 -1.570796 0.000000 1.570796
    64 0.000000 0.000000 0.000000 -1.570797 0.000000 1.570796
    65 0.000000 0.000000 0.000000 -1.570797 0.000000 1.570796
    66 0.000000 0.000000 0.000000 1.570796 0.000000 1.570796
    67 0.000000 1.500000 0.000000 1.570796 0.000000 1.570796
    68 0.000000 0.300001 0.000000 1.570796 0.000000 1.570796
    69 -0.000011 0.000002 -0.000004 -3.141593 0.000001 1.570796
    70 0.000000 0.000000 0.000000 3.141593 0.000000 1.570796
    71 0.000001 0.000000 0.000000 -3.141593 0.000000 1.221730
    72 0.000000 0.000000 0.000000 3.141593 0.000000 1.570796
    73 0.000000 -0.000002 0.000000 3.141593 0.000000 1.570796
    74 0.000004 0.000000 0.000000 3.141593 0.000000 1.570797
    75 -0.000004 0.000000 0.000002 -1.570796 0.000000 1.570796
    76 0.000000 -0.000001 0.000008 -1.570796 0.000000 1.570796
    77 0.000001 0.000000 0.000000 -1.570796 0.000000 1.570796
    78 0.000001 0.000002 0.000000 -1.570796 0.000000 1.570796
    79 0.000000 0.000000 0.000000 -1.570796 0.000000 1.570796
    80 0.000001 0.000000 0.000000 -1.570796 0.000000 1.570796
    81 0.000001 0.000000 0.000000 -1.570796 0.000001 1.570796
    82 -0.000001 0.000000 0.000002 -1.570796 0.000001 1.570796
    83 0.000001 0.000000 0.000000 -1.570796 0.000000 1.570796
  time 13
    0 -3.206222 -11.360414 -5.136938 -3.140373 0.049575 0.001033
    1 0.073573 17.526917 0.777220 0.000000 0.000001 0.000000
    2 -0.226386 4.254942 -0.608961 0.000000 -0.000001 0.000000
    3 -0.279053 6.781250 -0.811523 0.000000 0.000001 0.000000
    4 -0.045094 3.566423 0.891595 0.000000 -0.000001 0.000000
    5 -0.116185 1.807585 2.464996 0.805897 0.000002 0.000000
    6 0.000000 1.030615 0.000004 -2.683271 -0.019534 -3.113762
    7 -0.000002 5.179932 -0.000037 0.105843 -0.001386 0.001201
    8 -0.218267 25.777573 2.487072 2.525493 0.000002 0.000000
    9 0.000000 0.870350 0.000008 -0.051055 -0.003500 0.020612
    10 0.000000 4.478401 0.000072 0.445540 -0.008777 0.023036
    11 -0.556948 15.801601 7.049725 -1.570796 0.000002 0.000000
    12 -1.465494 -24.156957 -8.930824 0.400581 -0.267349 2.094808
    13 -1.294654 1.473667 0.640471 2.361823 -0.515042 -2.105042
    14 0.000011 1.832554 0.000004 0.105782 -0.242316 -0.022404
    15 0.000000 1.003359 0.000001 0.156093 -0.012429 -0.175936
    16 -1.632739 4.327644 -0.483953 0.365944 0.282537 -0.019011
    17 -0.000010 1.637142 0.000010 1.001957 0.015784 -0.110368
    18 0.000007 1.100985 0.000004 0.016762 0.076954 -0.068132
    19 -0.500328 4.452953 -0.532495 0.396541 0.287798 0.017522
    20 -0.000010 1.442617 -0.000010 1.327527 0.029307 -0.036669
    21 -0.000003 1.302446 0.000004 0.004478 -0.041924 0.002875
    22 0.523221 4.540312 -0.480714 0.856150 0.290072 -0.285055
    23 -0.000001 1.198256 0.000008 0.732643 -0.133931 0.043054
    24 -0.000012 0.869780 0.000015 0.218388 0.063758 -0.018618
    25 1.354362 4.150681 -0.582655 0.848409 0.193448 -0.436427
    26 0.000000 1.157421 -0.000006 0.969721 -0.115779 0.002582
    27 0.000001 1.020055 0.000002 -0.120881 -0.015655 -0.025766
    28 5.003218 -8.070315 -8.112608 -2.319934 -0.012110 -0.059582
    29 0.000038 12.695422 -0.000004 -1.460572 0.438508 0.424622
    30 -4.227295 -5.521533 -9.075360 -0.153671 1.515604 3.001706
    31 -1.391397 1.476538 -0.700638 -1.757694 -1.119972 2.167464
    32 0.000002 1.751797 -0.000002 -0.382700 -0.196548 -0.169376
    33 0.000010 1.122969 0.000000 -0.357770 -0.049040 -0.094333
    34 -1.596883 4.441620 0.708540 -1.095924 -1.295283 1.097847
    35 -0.000008 1.481951 -0.000008 0.054514 0.090791 0.175416
    36 0.000002 1.056648 -0.000004 -0.089823 -0.147432 0.506074
    37 -0.470901 4.219486 0.926555 -2.516793 -0.098334 -3.183936
    38 -0.000010 1.609821 0.000004 1.338602 -0.114174 0.088559
    39 -0.000002 1.562311 0.000013 1.278061 0.025862 -0.031766
    40 0.576838 4.298388 0.639431 -2.185725 -0.104952 -3.078380
    41 0.000002 1.553762 -0.000008 1.256440 0.140300 0.008694
    42 0.000003 0.874434 -0.000006 0.891124 0.106770 0.200337
    43 1.459885 4.275572 0.219019 -2.155230 -0.186603 3.315280
    44 -0.000010 0.973051 -0.000004 0.971832 0.217248 0.114334
    45 0.000007 0.970890 0.000004 1.186741 0.085916 0.151173
    46 -7.008868 4.575658 -7.491495 -1.635842 0.629906 0.665254
    47 0.000011 12.706367 0.000010 -2.246721 0.347859 0.131046
    48 0.000000 0.000000 0.000000 1.570796 0.000000 1.570796
    49 -0.000006 1.500006 0.000000 1.570796 0.000000 1.570796
    50 0.000000 -0.299999 0.000000 -1.570796 0.000000 1.570796
    51 0.000000 0.000000 0.000000 0.000000 0.000000 1.570796
    52 0.000000 0.000000 0.000000 0.000000 0.000000 1.570796
    53 0.000000 0.000002 0.000001 0.000000 0.000000 1.919862
    54 0.000000 0.000000 0.000000 -1.570796 0.000000 1.570796
    55 0.000000 0.000000 0.000002 -1.570797 0.000000 1.570796
    56 -0.000002 -0.000002 0.000004 -1.570797 0.000001 1.570796
    57 0.000003 0.000000 0.000000 -1.570796 0.000000 1.570796
    58 0.000002 0.000003 0.000000 -1.570796 0.000000 1.570796
    59 0.000000 0.000000 0.000000 -1.570796 0.000000 1.570796
    60 -0.000001 0.000011 0.000000 -1.570796 0.000000 1.570796
    61 0.000000 0.000000 0.000000 -1.570796 -0.000001 1.570796
    62 0.000000 -0.000001 0.000000 -1.570796 0.000000 1.570796
    63 -0.000002 0.000002 -0.000002 -1.570796 0.000000 1.570796
    64 0.000000 0.000000 0.000000 -1.570797 0.000000 1.570796
    65 0.000000 0.000000 0.000000 -1.570797 0.000000 1.570796
    66 0.000000 0.000000 0.000000 1.570796 0.000000 1.570796
    67 0.000000 1.500000 0.000000 1.570796 0.000000 1.570796
    68 0.000000 0.300001 0.000000 1.570796 0.000000 1.570796
    69 -0.000011 0.000002 -0.000004 -3.141593 0.000001 1.570796
    70 0.000000 0.000000 0.000000 3.141593 0.000000 1.570796
    71 0.000001 0.000000 0.000000 -3.141593 0.000000 1.221730
    72 0.000000 0.000000 0.000000 3.141593 0.000000 1.570796
    73 0.000000 -0.000002 0.000000 3.141593 0.000000 1.570796
    74 0.000004 0.000000 0.000000 3.141593 0.000000 1.570797
    75 -0.000004 0.000000 0.000002 -1.570796 0.000000 1.570796
    76 0.000000 -0.000001 0.000008 -1.570796 0.000000 1.570796
    77 0.000001 0.000000 0.000000 -1.570796 0.000000 1.570796
    78 0.000001 0.000002 0.000000 -1.570796 0.000000 1.570796
    79 0.000000 0.000000 0.000000 -1.570796 0.000000 1.570796
    80 0.000001 0.000000 0.000000 -1.570796 0.000000 1.570796
    81 0.000001 0.000000 0.000000 -1.570796 0.000001 1.570796
    82 -0.000001 0.000000 0.000002 -1.570796 0.000001 1.570796
    83 0.000001 0.000000 0.000000 -1.570796 0.000000 1.570796
  time 14
    0 -3.206222 -11.434635 -5.097874 -3.141592 0.046585 0.000558
    1 0.073573 17.526917 0.777220 0.000000 0.000001 0.000000
    2 -0.226386 4.254942 -0.608961 0.000000 -0.000001 0.000000
    3 -0.279053 6.781250 -0.811523 0.000000 0.000001 0.000000
    4 -0.045094 3.566423 0.891595 0.000000 -0.000001 0.000000
    5 -0.116185 1.807585 2.464996 0.832074 0.000002 0.000000
    6 0.000000 1.030615 0.000004 -2.675838 -0.017808 -3.116186
    7 -0.000002 5.179932 -0.000037 0.137739 -0.001878 0.003047
    8 -0.218267 25.777573 2.487072 2.532660 0.000002 0.000000
    9 0.000000 0.870350 0.000008 -0.047484 -0.002828 0.016978
    10 0.000000 4.478401 0.000072 0.427082 -0.007627 0.020027
    11 -0.513978 15.789882 7.049725 -1.570796 0.000002 0.000000
    12 -1.465494 -24.238991 -8.864416 0.398713 -0.264912 2.094891
    13 -1.294654 1.473667 0.640471 2.361823 -0.515042 -2.105042
    14 0.000011 1.832554 0.000004 0.105782 -0.242316 -0.022404
    15 0.000000 1.003359 0.000001 0.156033 -0.012837 -0.172565
    16 -1.632739 4.327644 -0.483953 0.365944 0.282537 -0.019011
    17 -0.000010 1.637142 0.000010 1.001957 0.015772 -0.110368
    18 0.000007 1.100985 0.000004 0.016762 0.076954 -0.068132
    19 -0.500328 4.452953 -0.532495 0.396541 0.287798 0.017522
    20 -0.000010 1.442617 -0.000010 1.327527 0.029307 -0.036669
    21 -0.000003 1.302446 0.000004 0.004462 -0.041924 0.002935
    22 0.523221 4.540312 -0.480714 0.856150 0.290072 -0.285055
    23 -0.000001 1.198256 0.000008 0.732643 -0.133931 0.043054
    24 -0.000012 0.869780 0.000015 0.218388 0.063758 -0.018618
    25 1.354362 4.150681 -0.582655 0.848409 0.193448 -0.436427
    26 0.000000 1.157421 -0.000006 0.969721 -0.115779 0.002582
    27 0.000001 1.020055 0.000002 -0.120881 -0.015655 -0.025766
    28 5.003218 -8.070315 -8.112608 -2.328157 -0.013433 -0.058966
    29 0.000038 12.695422 -0.000004 -1.454099 0.435782 0.424270
    30 -4.215576 -5.599661 -9.036296 -0.138480 1.518744 3.016303
    31 -1.391397 1.476538 -0.700638 -1.757694 -1.119972 2.167464
    32 0.000002 1.751797 -0.000002 -0.382700 -0.196548 -0.169376
    33 0.000010 1.122969 0.000000 -0.357770 -0.049040 -0.094333
    34 -1.596883 4.441620 0.708540 -1.095924 -1.295283 1.097847
    35 -0.000008 1.481951 -0.000008 0.054514 0.090791 0.175416
    36 0.000002 1.056648 -0.000004 -0.089823 -0.147432 0.506074
    37 -0.470901 4.219486 0.926555 -2.516793 -0.098334 -3.183936
    38 -0.000010 1.609821 0.000004 1.338602 -0.114174 0.088559
    39 -0.000002 1.562311 0.000013 1.278061 0.025862 -0.031766
    40 0.576838 4.298388 0.639431 -2.185725 -0.104952 -3.078380
    41 0.000002 1.553762 -0.000008 1.256440 0.140300 0.008694
    42 0.000003 0.874434 -0.000006 0.891124 0.106770 0.200337
    43 1.459885 4.275572 0.219019 -2.155242 -0.186603 3.315280
    44 -0.000010 0.973051 -0.000004 0.971832 0.217248 0.114334
    45 0.000007 0.970890 0.000004 1.186741 0.085916 0.151173
    46 -7.008868 4.575658 -7.491495 -1.645147 0.629079 0.660054
    47 0.000011 12.706367 0.000010 -2.240791 0.347080 0.131717
    48 0.000000 0.000000 0.000000 1.570796 0.000000 1.570796
    49 -0.000006 1.500006 0.000000 1.570796 0.000000 1.570796
    50 0.000000 -0.299999 0.000000 -1.570796 0.000000 1.570796
    51 0.000000 0.000000 0.000000 0.000000 0.000000 1.570796
    52 0.000000 0.000000 0.000000 0.000000 0.000000 1.570796
    53 0.000000 0.000002 0.000001 0.000000 0.000000 1.919862
    54 0.000000 0.000000 0.000000 -1.570796 0.000000 1.570796
    55 0.000000 0.000000 0.000002 -1.570797 0.000000 1.570796
    56 -0.000002 -0.000002 0.000004 -1.570797 0.000001 1.570796
    57 0.000003 0.000000 0.000000 -1.570796 0.000000 1.570796
    58 0.000002 0.000003 0.000000 -1.570796 0.000000 1.570796
    59 0.000000 0.000000 0.000000 -1.570796 0.000000 1.570796
    60 -0.000001 0.000011 0.000000 -1.570796 0.000000 1.570796
    61 0.000000 0.000000 0.000000 -1.570796 -0.000001 1.570796
    62 0.000000 -0.000001 0.000000 -1.570796 0.000000 1.570796
    63 -0.000002 0.000002 -0.000002 -1.570796 0.000000 1.570796
    64 0.000000 0.000000 0.000000 -1.570797 0.000000 1.570796
    65 0.000000 0.000000 0.000000 -1.570797 0.000000 1.570796
    66 0.000000 0.000000 0.000000 1.570796 0.000000 1.570796
    67 0.000000 1.500000 0.000000 1.570796 0.000000 1.570796
    68 0.000000 0.300001 0.000000 1.570796 0.000000 1.570796
    69 -0.000011 0.000002 -0.000004 -3.141593 0.000001 1.570796
    70 0.000000 0.000000 0.000000 3.141593 0.000000 1.570796
    71 0.000001 0.000000 0.000000 -3.141593 0.000000 1.221730
    72 0.000000 0.000000 0.000000 3.141593 0.000000 1.570796
    73 0.000000 -0.000002 0.000000 3.141593 0.000000 1.570796
    74 0.000004 0.000000 0.000000 3.141593 0.000000 1.570797
    75 -0.000004 0.000000 0.000002 -1.570796 0.000000 1.570796
    76 0.000000 -0.000001 0.000008 -1.570796 0.000000 1.570796
    77 0.000001 0.000000 0.000000 -1.570796 0.000000 1.570796
    78 0.000001 0.000002 0.000000 -1.570796 0.000000 1.570796
    79 0.000000 0.000000 0.000000 -1.570796 0.000000 1.570796
    80 0.000001 0.000000 0.000000 -1.570796 0.000000 1.570796
    81 0.000001 0.000000 0.000000 -1.570796 0.000001 1.570796
    82 -0.000001 0.000000 0.000002 -1.570796 0.000001 1.570796
    83 0.000001 0.000000 0.000000 -1.570796 0.000000 1.570796
  time 15
    0 -3.210129 -11.481511 -5.050998 -3.141592 0.049323 0.000151
    1 0.073573 17.526917 0.777220 0.000000 0.000001 0.000000
    2 -0.226386 4.254942 -0.608961 0.000000 -0.000001 0.000000
    3 -0.279053 6.781250 -0.811523 0.000000 0.000001 0.000000
    4 -0.045094 3.566423 0.891595 0.000000 -0.000001 0.000000
    5 -0.116185 1.807585 2.464996 0.859909 0.000002 0.000000
    6 0.000000 1.030615 0.000004 -2.670019 -0.015987 -3.118972
    7 -0.000002 5.179932 -0.000037 0.174597 -0.002285 0.005767
    8 -0.218267 25.777573 2.487072 2.542739 0.000002 0.000000
    9 0.000000 0.870350 0.000008 -0.042259 -0.001965 0.012110
    10 0.000000 4.478401 0.000072 0.401384 -0.006057 0.016516
    11 -0.439757 15.735192 7.049725 -1.570796 0.000002 0.000000
    12 -1.488932 -24.289773 -8.821446 0.401048 -0.266224 2.093816
    13 -1.294654 1.473667 0.640471 2.361823 -0.515042 -2.105042
    14 0.000011 1.832554 0.000004 0.105782 -0.242316 -0.022404
    15 0.000000 1.003359 0.000001 0.156033 -0.012885 -0.172530
    16 -1.632739 4.327644 -0.483953 0.365944 0.282537 -0.019011
    17 -0.000010 1.637142 0.000010 1.001957 0.015772 -0.110368
    18 0.000007 1.100985 0.000004 0.016762 0.076954 -0.068132
    19 -0.500328 4.452953 -0.532495 0.396541 0.287798 0.017522
    20 -0.000010 1.442617 -0.000010 1.327527 0.029307 -0.036669
    21 -0.000003 1.302446 0.000004 0.004462 -0.041924 0.002923
    22 0.523221 4.540312 -0.480714 0.856150 0.290072 -0.285055
    23 -0.000001 1.198256 0.000008 0.732643 -0.133931 0.043054
    24 -0.000012 0.869780 0.000015 0.218388 0.063758 -0.018618
    25 1.354362 4.150681 -0.582655 0.848432 0.193448 -0.436427
    26 0.000000 1.157421 -0.000006 0.969721 -0.115779 0.002582
    27 0.000001 1.020055 0.000002 -0.120881 -0.015655 -0.025766
    28 5.003218 -8.070315 -8.112608 -2.334117 -0.015087 -0.059787
    29 0.000038 12.695422 -0.000004 -1.449125 0.433791 0.423931
    30 -4.227295 -5.646537 -9.005045 -0.132181 1.515987 3.022504
    31 -1.391397 1.476538 -0.700638 -1.757694 -1.119972 2.167464
    32 0.000002 1.751797 -0.000002 -0.382700 -0.196548 -0.169376
    33 0.000010 1.122969 0.000000 -0.357770 -0.049040 -0.094333
    34 -1.596883 4.441620 0.708540 -1.095924 -1.295283 1.097847
    35 -0.000008 1.481951 -0.000008 0.054514 0.090791 0.175416
    36 0.000002 1.056648 -0.000004 -0.089823 -0.147420 0.506074
    37 -0.470901 4.219486 0.926555 -2.516793 -0.098334 -3.183936
    38 -0.000010 1.609821 0.000004 1.338602 -0.114174 0.088559
    39 -0.000002 1.562311 0.000013 1.278061 0.025862 -0.031766
    40 0.576838 4.298388 0.639431 -2.185725 -0.104952 -3.078380
    41 0.000002 1.553762 -0.000008 1.256440 0.140300 0.008694
    42 0.000003 0.874434 -0.000006 0.891124 0.106770 0.200337
    43 1.459885 4.275572 0.219019 -2.155242 -0.186603 3.315280
    44 -0.000010 0.973051 -0.000004 0.971832 0.217248 0.114334
    45 0.000007 0.970890 0.000004 1.186781 0.085916 0.151173
    46 -7.008868 4.575658 -7.491495 -1.654981 0.626982 0.652554
    47 0.000011 12.706367 0.000010 -2.237787 0.346853 0.132029
    48 0.000000 0.000000 0.000000 1.570796 0.000000 1.570796
    49 -0.000006 1.500006 0.000000 1.570796 0.000000 1.570796
    50 0.000000 -0.299999 0.000000 -1.570796 0.000000 1.570796
    51 0.000000 0.000000 0.000000 0.000000 0.000000 1.570796
    52 0.000000 0.000000 0.000000 0.000000 0.000000 1.570796
    53 0.000000 0.000002 0.000001 0.000000 0.000000 1.919862
    54 0.000000 0.000000 0.000000 -1.570796 0.000000 1.570796
    55 0.000000 0.000000 0.000002 -1.570797 0.000000 1.570796
    56 -0.000002 -0.000002 0.000004 -1.570797 0.000001 1.570796
    57 0.000003 0.000000 0.000000 -1.570796 0.000000 1.570796
    58 0.000002 0.000003 0.000000 -1.570796 0.000000 1.570796
    59 0.000000 0.000000 0.000000 -1.570796 0.000000 1.570796
    60 -0.000001 0.000011 0.000000 -1.570796 0.000000 1.570796
    61 0.000000 0.000000 0.000000 -1.570796 -0.000001 1.570796
    62 0.000000 -0.000001 0.000000 -1.570796 0.000000 1.570796
    63 -0.000002 0.000002 -0.000002 -1.570796 0.000000 1.570796
    64 0.000000 0.000000 0.000000 -1.570797 0.000000 1.570796
    65 0.000000 0.000000 0.000000 -1.570797 0.000000 1.570796
    66 0.000000 0.000000 0.000000 1.570796 0.000000 1.570796
    67 0.000000 1.500000 0.000000 1.570796 0.000000 1.570796
    68 0.000000 0.300001 0.000000 1.570796 0.000000 1.570796
    69 -0.000011 0.000002 -0.000004 -3.141593 0.000001 1.570796
    70 0.000000 0.000000 0.000000 3.141593 0.000000 1.570796
    71 0.000001 0.000000 0.000000 -3.141593 0.000000 1.221730
    72 0.000000 0.000000 0.000000 3.141593 0.000000 1.570796
    73 0.000000 -0.000002 0.000000 3.141593 0.000000 1.570796
    74 0.000004 0.000000 0.000000 3.141593 0.000000 1.570797
    75 -0.000004 0.000000 0.000002 -1.570796 0.000000 1.570796
    76 0.000000 -0.000001 0.000008 -1.570796 0.000000 1.570796
    77 0.000001 0.000000 0.000000 -1.570796 0.000000 1.570796
    78 0.000001 0.000002 0.000000 -1.570796 0.000000 1.570796
    79 0.000000 0.000000 0.000000 -1.570796 0.000000 1.570796
    80 0.000001 0.000000 0.000000 -1.570796 0.000000 1.570796
    81 0.000001 0.000000 0.000000 -1.570796 0.000001 1.570796
    82 -0.000001 0.000000 0.000002 -1.570796 0.000001 1.570796
    83 0.000001 0.000000 0.000000 -1.570796 0.000000 1.570796
  time 16
    0 -3.214035 -11.504949 -5.000215 -3.141592 0.055335 -0.000256
    1 0.073573 17.526917 0.777220 0.000000 0.000001 0.000000
    2 -0.226386 4.254942 -0.608961 0.000000 -0.000001 0.000000
    3 -0.279053 6.781250 -0.811523 0.000000 0.000001 0.000000
    4 -0.045094 3.566423 0.891595 0.000000 -0.000001 0.000000
    5 -0.116185 1.807585 2.464996 0.883043 0.000002 0.000000
    6 0.000000 1.030615 0.000004 -2.666745 -0.014633 -3.121081
    7 -0.000002 5.179932 -0.000037 0.207401 -0.002944 0.010178
    8 -0.218267 25.777573 2.487072 2.553681 0.000002 0.000000
    9 0.000000 0.870350 0.000008 -0.036818 -0.001163 0.007136
    10 0.000000 4.478401 0.000072 0.373362 -0.004595 0.012933
    11 -0.365536 15.723473 7.049725 -1.570796 0.000002 0.000000
    12 -1.512370 -24.305399 -8.790195 0.406574 -0.269286 2.091833
    13 -1.294654 1.473667 0.640471 2.361823 -0.515042 -2.105042
    14 0.000011 1.832554 0.000004 0.105782 -0.242316 -0.022404
    15 0.000000 1.003359 0.000001 0.156021 -0.012861 -0.172565
    16 -1.632739 4.327644 -0.483953 0.365944 0.282537 -0.019011
    17 -0.000010 1.637142 0.000010 1.001957 0.015772 -0.110368
    18 0.000007 1.100985 0.000004 0.016762 0.076954 -0.068132
    19 -0.500328 4.452953 -0.532495 0.396541 0.287798 0.017522
    20 -0.000010 1.442617 -0.000010 1.327527 0.029307 -0.036669
    21 -0.000003 1.302446 0.000004 0.004462 -0.041924 0.002935
    22 0.523221 4.540312 -0.480714 0.856150 0.290072 -0.285055
    23 -0.000001 1.198256 0.000008 0.732643 -0.133931 0.043054
    24 -0.000012 0.869780 0.000015 0.218388 0.063758 -0.018618
    25 1.354362 4.150681 -0.582655 0.848432 0.193448 -0.436427
    26 0.000000 1.157421 -0.000006 0.969721 -0.115779 0.002582
    27 0.000001 1.020055 0.000002 -0.120881 -0.015655 -0.025766
    28 5.003218 -8.070315 -8.112608 -2.338342 -0.015914 -0.061498
    29 0.000038 12.695422 -0.000004 -1.445991 0.432399 0.423892
    30 -4.250733 -5.673882 -8.938637 -0.119491 1.510013 3.034144
    31 -1.391397 1.476538 -0.700638 -1.757694 -1.119972 2.167464
    32 0.000002 1.751797 -0.000002 -0.382700 -0.196548 -0.169376
    33 0.000010 1.122969 0.000000 -0.357770 -0.049040 -0.094333
    34 -1.596883 4.441620 0.708540 -1.095924 -1.295283 1.097847
    35 -0.000008 1.481951 -0.000008 0.054514 0.090791 0.175416
    36 0.000002 1.056648 -0.000004 -0.089823 -0.147432 0.506074
    37 -0.470901 4.219486 0.926555 -2.516793 -0.098334 -3.183936
    38 -0.000010 1.609821 0.000004 1.338602 -0.114174 0.088559
    39 -0.000002 1.562311 0.000013 1.278061 0.025862 -0.031766
    40 0.576838 4.298388 0.639431 -2.185725 -0.104952 -3.078380
    41 0.000002 1.553762 -0.000008 1.256440 0.140300 0.008694
    42 0.000003 0.874434 -0.000006 0.891124 0.106770 0.200337
    43 1.459885 4.275572 0.219019 -2.155230 -0.186603 3.315304
    44 -0.000010 0.973051 -0.000004 0.971832 0.217248 0.114334
    45 0.000007 0.970890 0.000004 1.186741 0.085916 0.151173
    46 -7.008868 4.575658 -7.491495 -1.663108 0.624442 0.644456
    47 0.000011 12.706367 0.000010 -2.236786 0.346721 0.132077
    48 0.000000 0.000000 0.000000 1.570796 0.000000 1.570796
    49 -0.000006 1.500006 0.000000 1.570796 0.000000 1.570796
    50 0.000000 -0.299999 0.000000 -1.570796 0.000000 1.570796
    51 0.000000 0.000000 0.000000 0.000000 0.000000 1.570796
    52 0.000000 0.000000 0.000000 0.000000 0.000000 1.570796
    53 0.000000 0.000002 0.000001 0.000000 0.000000 1.919862
    54 0.000000 0.000000 0.000000 -1.570796 0.000000 1.570796
    55 0.000000 0.000000 0.000002 -1.570797 0.000000 1.570796
    56 -0.000002 -0.000002 0.000004 -1.570797 0.000001 1.570796
    57 0.000003 0.000000 0.000000 -1.570796 0.000000 1.570796
    58 0.000002 0.000003 0.000000 -1.570796 0.000000 1.570796
    59 0.000000 0.000000 0.000000 -1.570796 0.000000 1.570796
    60 -0.000001 0.000011 0.000000 -1.570796 0.000000 1.570796
    61 0.000000 0.000000 0.000000 -1.570796 -0.000001 1.570796
    62 0.000000 -0.000001 0.000000 -1.570796 0.000000 1.570796
    63 -0.000002 0.000002 -0.000002 -1.570796 0.000000 1.570796
    64 0.000000 0.000000 0.000000 -1.570797 0.000000 1.570796
    65 0.000000 0.000000 0.000000 -1.570797 0.000000 1.570796
    66 0.000000 0.000000 0.000000 1.570796 0.000000 1.570796
    67 0.000000 1.500000 0.000000 1.570796 0.000000 1.570796
    68 0.000000 0.300001 0.000000 1.570796 0.000000 1.570796
    69 -0.000011 0.000002 -0.000004 -3.141593 0.000001 1.570796
    70 0.000000 0.000000 0.000000 3.141593 0.000000 1.570796
    71 0.000001 0.000000 0.000000 -3.141593 0.000000 1.221730
    72 0.000000 0.000000 0.000000 3.141593 0.000000 1.570796
    73 0.000000 -0.000002 0.000000 3.141593 0.000000 1.570796
    74 0.000004 0.000000 0.000000 3.141593 0.000000 1.570797
    75 -0.000004 0.000000 0.000002 -1.570796 0.000000 1.570796
    76 0.000000 -0.000001 0.000008 -1.570796 0.000000 1.570796
    77 0.000001 0.000000 0.000000 -1.570796 0.000000 1.570796
    78 0.000001 0.000002 0.000000 -1.570796 0.000000 1.570796
    79 0.000000 0.000000 0.000000 -1.570796 0.000000 1.570796
    80 0.000001 0.000000 0.000000 -1.570796 0.000000 1.570796
    81 0.000001 0.000000 0.000000 -1.570796 0.000001 1.570796
    82 -0.000001 0.000000 0.000002 -1.570796 0.000001 1.570796
    83 0.000001 0.000000 0.000000 -1.570796 0.000000 1.570796
  time 17
    0 -3.214035 -11.516668 -4.968964 -3.141592 0.061441 -0.000528
    1 0.073573 17.526917 0.777220 0.000000 0.000001 0.000000
    2 -0.226386 4.254942 -0.608961 0.000000 -0.000001 0.000000
    3 -0.279053 6.781250 -0.811523 0.000000 0.000001 0.000000
    4 -0.045094 3.566423 0.891595 0.000000 -0.000001 0.000000
    5 -0.116185 1.807585 2.464996 0.898804 0.000002 0.000000
    6 0.000000 1.030615 0.000004 -2.664743 -0.013566 -3.122734
    7 -0.000002 5.179932 -0.000037 0.230200 -0.003543 0.013401
    8 -0.218267 25.777573 2.487072 2.562790 0.000002 0.000000
    9 0.000000 0.870350 0.000008 -0.032443 -0.000419 0.003356
    10 0.000000 4.478401 0.000072 0.350072 -0.003396 0.010368
    11 -0.314753 15.700035 7.049725 -1.570796 0.000002 0.000000
    12 -1.543621 -24.305399 -8.770663 0.412178 -0.272285 2.090180
    13 -1.294654 1.473667 0.640471 2.361823 -0.515042 -2.105042
    14 0.000011 1.832554 0.000004 0.105782 -0.242316 -0.022404
    15 0.000000 1.003359 0.000001 0.156045 -0.012849 -0.172565
    16 -1.632739 4.327644 -0.483953 0.365944 0.282537 -0.019011
    17 -0.000010 1.637142 0.000010 1.001957 0.015772 -0.110368
    18 0.000007 1.100985 0.000004 0.016762 0.076954 -0.068132
    19 -0.500328 4.452953 -0.532495 0.396541 0.287798 0.017522
    20 -0.000010 1.442617 -0.000010 1.327527 0.029307 -0.036669
    21 -0.000003 1.302446 0.000004 0.004462 -0.041924 0.002935
    22 0.523221 4.540312 -0.480714 0.856150 0.290072 -0.285055
    23 -0.000001 1.198256 0.000008 0.732643 -0.133931 0.043054
    24 -0.000012 0.869780 0.000015 0.218388 0.063758 -0.018618
    25 1.354362 4.150681 -0.582655 0.848409 0.193448 -0.436427
    26 0.000000 1.157421 -0.000006 0.969721 -0.115779 0.002582
    27 0.000001 1.020055 0.000002 -0.120881 -0.015655 -0.025766
    28 5.003218 -8.070315 -8.112608 -2.340756 -0.015914 -0.063072
    29 0.000038 12.695422 -0.000004 -1.444015 0.431626 0.423657
    30 -4.274171 -5.677788 -8.911292 -0.109950 1.503886 3.043780
    31 -1.391397 1.476538 -0.700638 -1.757694 -1.119972 2.167464
    32 0.000002 1.751797 -0.000002 -0.382700 -0.196548 -0.169376
    33 0.000010 1.122969 0.000000 -0.357770 -0.049040 -0.094333
    34 -1.596883 4.441620 0.708540 -1.095924 -1.295283 1.097847
    35 -0.000008 1.481951 -0.000008 0.054514 0.090791 0.175416
    36 0.000002 1.056648 -0.000004 -0.089823 -0.147432 0.506025
    37 -0.470901 4.219486 0.926555 -2.516793 -0.098334 -3.183936
    38 -0.000010 1.609821 0.000004 1.338602 -0.114174 0.088559
    39 -0.000002 1.562311 0.000013 1.278061 0.025862 -0.031766
    40 0.576838 4.298388 0.639431 -2.185725 -0.104952 -3.078380
    41 0.000002 1.553762 -0.000008 1.256440 0.140300 0.008694
    42 0.000003 0.874434 -0.000006 0.891124 0.106770 0.200337
    43 1.459885 4.275572 0.219019 -2.155242 -0.186603 3.315280
    44 -0.000010 0.973051 -0.000004 0.971832 0.217248 0.114334
    45 0.000007 0.970890 0.000004 1.186741 0.085916 0.151173
    46 -7.008868 4.575658 -7.491495 -1.668761 0.622197 0.638149
    47 0.000011 12.706367 0.000010 -2.236863 0.346733 0.132077
    48 0.000000 0.000000 0.000000 1.570796 0.000000 1.570796
    49 -0.000006 1.500006 0.000000 1.570796 0.000000 1.570796
    50 0.000000 -0.299999 0.000000 -1.570796 0.000000 1.570796
    51 0.000000 0.000000 0.000000 0.000000 0.000000 1.570796
    52 0.000000 0.000000 0.000000 0.000000 0.000000 1.570796
    53 0.000000 0.000002 0.000001 0.000000 0.000000 1.919862
    54 0.000000 0.000000 0.000000 -1.570796 0.000000 1.570796
    55 0.000000 0.000000 0.000002 -1.570797 0.000000 1.570796
    56 -0.000002 -0.000002 0.000004 -1.570797 0.000001 1.570796
    57 0.000003 0.000000 0.000000 -1.570796 0.000000 1.570796
    58 0.000002 0.000003 0.000000 -1.570796 0.000000 1.570796
    59 0.000000 0.000000 0.000000 -1.570796 0.000000 1.570796
    60 -0.000001 0.000011 0.000000 -1.570796 0.000000 1.570796
    61 0.000000 0.000000 0.000000 -1.570796 -0.000001 1.570796
    62 0.000000 -0.000001 0.000000 -1.570796 0.000000 1.570796
    63 -0.000002 0.000002 -0.000002 -1.570796 0.000000 1.570796
    64 0.000000 0.000000 0.000000 -1.570797 0.000000 1.570796
    65 0.000000 0.000000 0.000000 -1.570797 0.000000 1.570796
    66 0.000000 0.000000 0.000000 1.570796 0.000000 1.570796
    67 0.000000 1.500000 0.000000 1.570796 0.000000 1.570796
    68 0.000000 0.300001 0.000000 1.570796 0.000000 1.570796
    69 -0.000011 0.000002 -0.000004 -3.141593 0.000001 1.570796
    70 0.000000 0.000000 0.000000 3.141593 0.000000 1.570796
    71 0.000001 0.000000 0.000000 -3.141593 0.000000 1.221730
    72 0.000000 0.000000 0.000000 3.141593 0.000000 1.570796
    73 0.000000 -0.000002 0.000000 3.141593 0.000000 1.570796
    74 0.000004 0.000000 0.000000 3.141593 0.000000 1.570797
    75 -0.000004 0.000000 0.000002 -1.570796 0.000000 1.570796
    76 0.000000 -0.000001 0.000008 -1.570796 0.000000 1.570796
    77 0.000001 0.000000 0.000000 -1.570796 0.000000 1.570796
    78 0.000001 0.000002 0.000000 -1.570796 0.000000 1.570796
    79 0.000000 0.000000 0.000000 -1.570796 0.000000 1.570796
    80 0.000001 0.000000 0.000000 -1.570796 0.000000 1.570796
    81 0.000001 0.000000 0.000000 -1.570796 0.000001 1.570796
    82 -0.000001 0.000000 0.000002 -1.570796 0.000001 1.570796
    83 0.000001 0.000000 0.000000 -1.570796 0.000000 1.570796
  time 18
    0 -3.214035 -11.520575 -4.957245 -3.141592 0.064148 -0.000595
    1 0.073573 17.526917 0.777220 0.000000 0.000001 0.000000
    2 -0.226386 4.254942 -0.608961 0.000000 -0.000001 0.000000
    3 -0.279053 6.781250 -0.811523 0.000000 0.000001 0.000000
    4 -0.045094 3.566423 0.891595 0.000000 -0.000001 0.000000
    5 -0.116185 1.807585 2.464996 0.904734 0.000002 0.000000
    6 0.000000 1.030615 0.000004 -2.664215 -0.013111 -3.123332
    7 -0.000002 5.179932 -0.000037 0.238811 -0.003807 0.014816
    8 -0.218267 25.777573 2.487072 2.566625 0.000002 0.000000
    9 0.000000 0.870350 0.000008 -0.030598 -0.000300 0.001857
    10 0.000000 4.478401 0.000072 0.340007 -0.003145 0.009133
    11 -0.295221 15.700035 7.049725 -1.570796 0.000002 0.000000
    12 -1.559247 -24.305399 -8.755037 0.414513 -0.273660 2.089436
    13 -1.294654 1.473667 0.640471 2.361823 -0.515042 -2.105042
    14 0.000011 1.832554 0.000004 0.105782 -0.242316 -0.022404
    15 0.000000 1.003359 0.000001 0.156021 -0.012873 -0.172565
    16 -1.632739 4.327644 -0.483953 0.365944 0.282537 -0.019011
    17 -0.000010 1.637142 0.000010 1.001957 0.015784 -0.110368
    18 0.000007 1.100985 0.000004 0.016762 0.076954 -0.068132
    19 -0.500328 4.452953 -0.532495 0.396541 0.287798 0.017522
    20 -0.000010 1.442617 -0.000010 1.327527 0.029307 -0.036669
    21 -0.000003 1.302446 0.000004 0.004462 -0.041924 0.002923
    22 0.523221 4.540312 -0.480714 0.856150 0.290072 -0.285055
    23 -0.000001 1.198256 0.000008 0.732643 -0.133931 0.043054
    24 -0.000012 0.869780 0.000015 0.218388 0.063758 -0.018618
    25 1.354362 4.150681 -0.582655 0.848432 0.193448 -0.436427
    26 0.000000 1.157421 -0.000006 0.969721 -0.115779 0.002582
    27 0.000001 1.020055 0.000002 -0.120881 -0.015655 -0.025766
    28 5.003218 -8.070315 -8.112608 -2.341661 -0.015914 -0.063825
    29 0.000038 12.695422 -0.000004 -1.443197 0.431355 0.423592
    30 -4.285890 -5.681695 -8.899573 -0.105967 1.501129 3.047596
    31 -1.391397 1.476538 -0.700638 -1.757694 -1.119972 2.167464
    32 0.000002 1.751797 -0.000002 -0.382700 -0.196548 -0.169376
    33 0.000010 1.122969 0.000000 -0.357770 -0.049040 -0.094333
    34 -1.596883 4.441620 0.708540 -1.095924 -1.295283 1.097847
    35 -0.000008 1.481951 -0.000008 0.054514 0.090791 0.175416
    36 0.000002 1.056648 -0.000004 -0.089823 -0.147432 0.506074
    37 -0.470901 4.219486 0.926555 -2.516819 -0.098334 -3.183936
    38 -0.000010 1.609821 0.000004 1.338602 -0.114174 0.088559
    39 -0.000002 1.562311 0.000013 1.278061 0.025862 -0.031766
    40 0.576838 4.298388 0.639431 -2.185725 -0.104952 -3.078380
    41 0.000002 1.553762 -0.000008 1.256440 0.140300 0.008694
    42 0.000003 0.874434 -0.000006 0.891124 0.106770 0.200337
    43 1.459885 4.275572 0.219019 -2.155254 -0.186615 3.315304
    44 -0.000010 0.973051 -0.000004 0.971832 0.217248 0.114334
    45 0.000007 0.970890 0.000004 1.186761 0.085916 0.151173
    46 -7.008868 4.575658 -7.491495 -1.671058 0.621252 0.635592
    47 0.000011 12.706367 0.000010 -2.237017 0.346757 0.132077
    48 0.000000 0.000000 0.000000 1.570796 0.000000 1.570796
    49 -0.000006 1.500006 0.000000 1.570796 0.000000 1.570796
    50 0.000000 -0.299999 0.000000 -1.570796 0.000000 1.570796
    51 0.000000 0.000000 0.000000 0.000000 0.000000 1.570796
    52 0.000000 0.000000 0.000000 0.000000 0.000000 1.570796
    53 0.000000 0.000002 0.000001 0.000000 0.000000 1.919862
    54 0.000000 0.000000 0.000000 -1.570796 0.000000 1.570796
    55 0.000000 0.000000 0.000002 -1.570797 0.000000 1.570796
    56 -0.000002 -0.000002 0.000004 -1.570797 0.000001 1.570796
    57 0.000003 0.000000 0.000000 -1.570796 0.000000 1.570796
    58 0.000002 0.000003 0.000000 -1.570796 0.000000 1.570796
    59 0.000000 0.000000 0.000000 -1.570796 0.000000 1.570796
    60 -0.000001 0.000011 0.000000 -1.570796 0.000000 1.570796
    61 0.000000 0.000000 0.000000 -1.570796 -0.000001 1.570796
    62 0.000000 -0.000001 0.000000 -1.570796 0.000000 1.570796
    63 -0.000002 0.000002 -0.000002 -1.570796 0.000000 1.570796
    64 0.000000 0.000000 0.000000 -1.570797 0.000000 1.570796
    65 0.000000 0.000000 0.000000 -1.570797 0.000000 1.570796
    66 0.000000 0.000000 0.000000 1.570796 0.000000 1.570796
    67 0.000000 1.500000 0.000000 1.570796 0.000000 1.570796
    68 0.000000 0.300001 0.000000 1.570796 0.000000 1.570796
    69 -0.000011 0.000002 -0.000004 -3.141593 0.000001 1.570796
    70 0.000000 0.000000 0.000000 3.141593 0.000000 1.570796
    71 0.000001 0.000000 0.000000 -3.141593 0.000000 1.221730
    72 0.000000 0.000000 0.000000 3.141593 0.000000 1.570796
    73 0.000000 -0.000002 0.000000 3.141593 0.000000 1.570796
    74 0.000004 0.000000 0.000000 3.141593 0.000000 1.570797
    75 -0.000004 0.000000 0.000002 -1.570796 0.000000 1.570796
    76 0.000000 -0.000001 0.000008 -1.570796 0.000000 1.570796
    77 0.000001 0.000000 0.000000 -1.570796 0.000000 1.570796
    78 0.000001 0.000002 0.000000 -1.570796 0.000000 1.570796
    79 0.000000 0.000000 0.000000 -1.570796 0.000000 1.570796
    80 0.000001 0.000000 0.000000 -1.570796 0.000000 1.570796
    81 0.000001 0.000000 0.000000 -1.570796 0.000001 1.570796
    82 -0.000001 0.000000 0.000002 -1.570796 0.000001 1.570796
    83 0.000001 0.000000 0.000000 -1.570796 0.000000 1.570796
end
