version 1
nodes
  0 "spas_main" -1
  1 "pump" 0
  2 "slide" 0
  3 "12g" 0
  4 "trapdoor" 0
  5 "sl_ring1" 0
  6 "sl1a" 5
  7 "sl1b" 6
  8 "sl_ring2" 0
  9 "sl2a" 8
  10 "sl2b" 9
  11 "sltarget" 0
  12 "l_wrist" -1
  13 "l_thumb_low" 12
  14 "l_thumb_mid" 13
  15 "l_thumb_tip" 14
  16 "l_index_low" 12
  17 "l_index_mid" 16
  18 "l_index_tip" 17
  19 "l_middle_low" 12
  20 "l_middle_mid" 19
  21 "l_middle_tip" 20
  22 "l_ring_low" 12
  23 "l_ring_mid" 22
  24 "l_ring_tip" 23
  25 "l_pinky_low" 12
  26 "l_pinky_mid" 25
  27 "l_pinky_tip" 26
  28 "l_upperarm" -1
  29 "l_forearm" 28
  30 "r_wrist" -1
  31 "r_thumb_low" 30
  32 "r_thumb_mid" 31
  33 "r_thumb_tip" 32
  34 "r_index_low" 30
  35 "r_index_mid" 34
  36 "r_index_tip" 35
  37 "r_middle_low" 30
  38 "r_middle_mid" 37
  39 "r_middle_tip" 38
  40 "r_ring_low" 30
  41 "r_ring_mid" 40
  42 "r_ring_tip" 41
  43 "r_pinky_low" 30
  44 "r_pinky_mid" 43
  45 "r_pinky_tip" 44
  46 "r_upperarm" -1
  47 "r_forearm" 46
  48 "ValveBiped.Bip01_L_UpperArm" 28
  49 "ValveBiped.Bip01_L_Forearm" 29
  50 "ValveBiped.Bip01_L_Hand" 12
  51 "ValveBiped.Bip01_L_Finger0" 13
  52 "ValveBiped.Bip01_L_Finger01" 14
  53 "ValveBiped.Bip01_L_Finger02" 15
  54 "ValveBiped.Bip01_L_Finger1" 16
  55 "ValveBiped.Bip01_L_Finger11" 17
  56 "ValveBiped.Bip01_L_Finger12" 18
  57 "ValveBiped.Bip01_L_Finger2" 19
  58 "ValveBiped.Bip01_L_Finger21" 20
  59 "ValveBiped.Bip01_L_Finger22" 21
  60 "ValveBiped.Bip01_L_Finger3" 22
  61 "ValveBiped.Bip01_L_Finger31" 23
  62 "ValveBiped.Bip01_L_Finger32" 24
  63 "ValveBiped.Bip01_L_Finger4" 25
  64 "ValveBiped.Bip01_L_Finger41" 26
  65 "ValveBiped.Bip01_L_Finger42" 27
  66 "ValveBiped.Bip01_R_UpperArm" 46
  67 "ValveBiped.Bip01_R_Forearm" 47
  68 "ValveBiped.Bip01_R_Hand" 30
  69 "ValveBiped.Bip01_R_Finger0" 31
  70 "ValveBiped.Bip01_R_Finger01" 32
  71 "ValveBiped.Bip01_R_Finger02" 33
  72 "ValveBiped.Bip01_R_Finger1" 34
  73 "ValveBiped.Bip01_R_Finger11" 35
  74 "ValveBiped.Bip01_R_Finger12" 36
  75 "ValveBiped.Bip01_R_Finger2" 37
  76 "ValveBiped.Bip01_R_Finger21" 38
  77 "ValveBiped.Bip01_R_Finger22" 39
  78 "ValveBiped.Bip01_R_Finger3" 40
  79 "ValveBiped.Bip01_R_Finger31" 41
  80 "ValveBiped.Bip01_R_Finger32" 42
  81 "ValveBiped.Bip01_R_Finger4" 43
  82 "ValveBiped.Bip01_R_Finger41" 44
  83 "ValveBiped.Bip01_R_Finger42" 45
end
skeleton
  time 0
    0 -3.214035 -11.520575 -4.957245 -3.141592 0.064148 -0.000595
    1 0.073573 17.526917 0.777220 0.000000 0.000001 0.000000
    2 -0.226386 4.254942 -0.608961 0.000000 -0.000001 0.000000
    3 -0.276464 6.772074 -0.800603 0.000000 0.000001 0.000000
    4 -0.045094 3.566423 0.891595 0.000000 -0.000001 0.000000
    5 -0.116185 1.807585 2.464996 0.904734 0.000002 0.000000
    6 0.000000 1.030615 0.000004 -2.664215 -0.013111 -3.123332
    7 -0.000002 5.179932 -0.000037 0.238811 -0.003807 0.014804
    8 -0.218267 25.777573 2.487072 2.566625 0.000002 0.000000
    9 0.000000 0.870350 0.000008 -0.030598 -0.000300 0.001857
    10 0.000000 4.478401 0.000072 0.340007 -0.003145 0.009133
    11 -0.295221 15.700035 7.049725 -1.570796 0.000002 0.000000
    12 -1.559247 -24.305399 -8.755037 0.414513 -0.273660 2.089436
    13 -1.294654 1.473667 0.640471 2.361876 -0.514949 -2.105093
    14 0.000011 1.832554 0.000004 0.105684 -0.242335 -0.022342
    15 0.000000 1.003359 0.000001 0.156021 -0.012873 -0.172530
    16 -1.632739 4.327644 -0.483953 0.365948 0.282526 -0.018914
    17 -0.000010 1.637142 0.000010 1.001957 0.015784 -0.110368
    18 0.000007 1.100985 0.000004 0.016835 0.076959 -0.068142
    19 -0.500328 4.452953 -0.532495 0.396541 0.287798 0.017522
    20 -0.000010 1.442617 -0.000010 1.327527 0.029307 -0.036669
    21 -0.000003 1.302446 0.000004 0.004462 -0.041924 0.002935
    22 0.523221 4.540312 -0.480714 0.856087 0.290085 -0.284932
    23 -0.000001 1.198256 0.000008 0.732584 -0.133871 0.043090
    24 -0.000012 0.869780 0.000015 0.218278 0.063758 -0.018636
    25 1.354362 4.150681 -0.582655 0.848432 0.193448 -0.436427
    26 0.000000 1.157421 -0.000006 0.969728 -0.115777 0.002583
    27 0.000001 1.020055 0.000002 -0.120872 -0.015645 -0.025802
    28 5.003218 -8.070315 -8.112608 -2.341661 -0.015914 -0.063825
    29 0.000038 12.695422 -0.000004 -1.443197 0.431355 0.423592
    30 -4.285890 -5.677788 -8.899573 -0.106060 1.501129 3.047596
    31 -1.391397 1.476538 -0.700638 -1.757657 -1.119867 2.167452
    32 0.000002 1.751797 -0.000002 -0.382818 -0.196569 -0.169475
    33 0.000010 1.122969 0.000000 -0.357758 -0.049100 -0.094345
    34 -1.596883 4.441620 0.708540 -1.095924 -1.295283 1.097847
    35 -0.000008 1.481951 -0.000008 0.054514 0.090791 0.175416
    36 0.000002 1.056648 -0.000004 -0.089823 -0.147432 0.506074
    37 -0.470901 4.219486 0.926555 -2.516793 -0.098274 -3.183912
    38 -0.000010 1.609821 0.000004 1.338456 -0.114302 0.088710
    39 -0.000002 1.562311 0.000013 1.278029 0.025855 -0.031619
    40 0.576838 4.298388 0.639431 -2.185729 -0.104021 -3.078000
    41 0.000002 1.553762 -0.000008 1.256440 0.140300 0.008694
    42 0.000003 0.874434 -0.000006 0.891108 0.106771 0.200206
    43 1.459885 4.275572 0.219019 -2.155218 -0.186603 3.315304
    44 -0.000010 0.973051 -0.000004 0.971755 0.217255 0.114332
    45 0.000007 0.970890 0.000004 1.186741 0.085916 0.151173
    46 -7.008868 4.575658 -7.491495 -1.671058 0.621252 0.635592
    47 0.000011 12.706367 0.000010 -2.237017 0.346757 0.132077
    48 0.000000 0.000000 0.000000 1.570796 0.000000 1.570796
    49 -0.000006 1.500006 0.000000 1.570796 0.000000 1.570796
    50 0.000000 -0.299999 0.000000 -1.570796 0.000000 1.570796
    51 0.000000 0.000000 0.000000 0.000000 0.000000 1.570796
    52 0.000000 0.000000 0.000000 0.000000 0.000000 1.570796
    53 0.000000 0.000002 0.000001 0.000000 0.000000 1.919862
    54 0.000000 0.000000 0.000000 -1.570796 0.000000 1.570796
    55 0.000000 0.000000 0.000002 -1.570797 0.000000 1.570796
    56 -0.000002 -0.000002 0.000004 -1.570797 0.000001 1.570796
    57 0.000003 0.000000 0.000000 -1.570796 0.000000 1.570796
    58 0.000002 0.000003 0.000000 -1.570796 0.000000 1.570796
    59 0.000000 0.000000 0.000000 -1.570796 0.000000 1.570796
    60 -0.000001 0.000011 0.000000 -1.570796 0.000000 1.570796
    61 0.000000 0.000000 0.000000 -1.570796 -0.000001 1.570796
    62 0.000000 -0.000001 0.000000 -1.570796 0.000000 1.570796
    63 -0.000002 0.000002 -0.000002 -1.570796 0.000000 1.570796
    64 0.000000 0.000000 0.000000 -1.570797 0.000000 1.570796
    65 0.000000 0.000000 0.000000 -1.570797 0.000000 1.570796
    66 0.000000 0.000000 0.000000 1.570796 0.000000 1.570796
    67 0.000000 1.500000 0.000000 1.570796 0.000000 1.570796
    68 0.000000 0.300001 0.000000 1.570796 0.000000 1.570796
    69 -0.000011 0.000002 -0.000004 -3.141593 0.000001 1.570796
    70 0.000000 0.000000 0.000000 3.141593 0.000000 1.570796
    71 0.000001 0.000000 0.000000 -3.141593 0.000000 1.221730
    72 0.000000 0.000000 0.000000 3.141593 0.000000 1.570796
    73 0.000000 -0.000002 0.000000 3.141593 0.000000 1.570796
    74 0.000004 0.000000 0.000000 3.141593 0.000000 1.570797
    75 -0.000004 0.000000 0.000002 -1.570796 0.000000 1.570796
    76 0.000000 -0.000001 0.000008 -1.570796 0.000000 1.570796
    77 0.000001 0.000000 0.000000 -1.570796 0.000000 1.570796
    78 0.000001 0.000002 0.000000 -1.570796 0.000000 1.570796
    79 0.000000 0.000000 0.000000 -1.570796 0.000000 1.570796
    80 0.000001 0.000000 0.000000 -1.570796 0.000000 1.570796
    81 0.000001 0.000000 0.000000 -1.570796 0.000001 1.570796
    82 -0.000001 0.000000 0.000002 -1.570796 0.000001 1.570796
    83 0.000001 0.000000 0.000000 -1.570796 0.000000 1.570796
  time 1
    0 -3.190597 -11.536200 -4.976777 -3.146757 0.051180 -0.000663
    1 0.073573 17.526917 0.777220 0.000000 0.000001 0.000000
    2 -0.226386 4.254942 -0.608961 0.000000 -0.000001 0.000000
    3 -0.276464 6.772074 -0.796697 0.000000 0.000001 0.000000
    4 -0.045094 3.566423 0.891595 0.000000 -0.000001 0.000000
    5 -0.116185 1.807585 2.464996 0.904871 0.000002 0.000000
    6 0.000000 1.030615 0.000004 -2.664308 -0.012320 -3.124544
    7 -0.000002 5.179932 -0.000037 0.239103 -0.004167 0.015703
    8 -0.218267 25.777573 2.487072 2.566553 0.000002 0.000000
    9 0.000000 0.870350 0.000008 -0.030598 0.000048 -0.000186
    10 0.000000 4.478401 0.000072 0.340241 -0.002737 0.008270
    11 -0.279595 15.700035 7.049725 -1.570796 0.000002 0.000000
    12 -1.481119 -24.356182 -8.684723 0.405640 -0.262600 2.092081
    13 -1.294654 1.473667 0.640471 2.361876 -0.514949 -2.105093
    14 0.000011 1.832554 0.000004 0.105684 -0.242335 -0.022342
    15 0.000000 1.003359 0.000001 0.156033 -0.012873 -0.172530
    16 -1.632739 4.327644 -0.483953 0.365948 0.282526 -0.018914
    17 -0.000010 1.637142 0.000010 1.001957 0.015784 -0.110368
    18 0.000007 1.100985 0.000004 0.016835 0.076959 -0.068142
    19 -0.500328 4.452953 -0.532495 0.396541 0.287798 0.017522
    20 -0.000010 1.442617 -0.000010 1.327527 0.029307 -0.036669
    21 -0.000003 1.302446 0.000004 0.004462 -0.041924 0.002923
    22 0.523221 4.540312 -0.480714 0.856136 0.290085 -0.284932
    23 -0.000001 1.198256 0.000008 0.732623 -0.133871 0.043066
    24 -0.000012 0.869780 0.000015 0.218278 0.063758 -0.018636
    25 1.354362 4.150681 -0.582655 0.848432 0.193448 -0.436427
    26 0.000000 1.157421 -0.000006 0.969728 -0.115777 0.002583
    27 0.000001 1.020055 0.000002 -0.120872 -0.015645 -0.025802
    28 5.003218 -8.070315 -8.112608 -2.344905 -0.012176 -0.058829
    29 0.000038 12.695422 -0.000004 -1.443061 0.431239 0.423592
    30 -4.356205 -5.650444 -9.024577 -0.029455 1.505418 3.120295
    31 -1.391397 1.476538 -0.700638 -1.757657 -1.119879 2.167452
    32 0.000002 1.751797 -0.000002 -0.382818 -0.196569 -0.169475
    33 0.000010 1.122969 0.000000 -0.357758 -0.049100 -0.094333
    34 -1.596883 4.441620 0.708540 -1.079807 -1.301812 1.085500
    35 -0.000008 1.481951 -0.000008 0.053938 0.090072 0.175924
    36 0.000002 1.056648 -0.000004 -0.088901 -0.147971 0.499411
    37 -0.470901 4.219486 0.926555 -2.522165 -0.098670 -3.183002
    38 -0.000010 1.609821 0.000004 1.321884 -0.112900 0.089656
    39 -0.000002 1.562311 0.000013 1.261608 0.025855 -0.031619
    40 0.576838 4.298388 0.639431 -2.191577 -0.104057 -3.077268
    41 0.000002 1.553762 -0.000008 1.244518 0.140300 0.008706
    42 0.000003 0.874434 -0.000006 0.879175 0.106747 0.200218
    43 1.459885 4.275572 0.219019 -2.155649 -0.186603 3.315304
    44 -0.000010 0.973051 -0.000004 0.973318 0.217255 0.114332
    45 0.000007 0.970890 0.000004 1.186321 0.085904 0.151173
    46 -7.008868 4.575658 -7.491495 -1.653921 0.621429 0.639768
    47 0.000011 12.706367 0.000010 -2.239482 0.347033 0.131849
    48 0.000000 0.000000 0.000000 1.570796 0.000000 1.570796
    49 -0.000006 1.500006 0.000000 1.570796 0.000000 1.570796
    50 0.000000 -0.299999 0.000000 -1.570796 0.000000 1.570796
    51 0.000000 0.000000 0.000000 0.000000 0.000000 1.570796
    52 0.000000 0.000000 0.000000 0.000000 0.000000 1.570796
    53 0.000000 0.000002 0.000001 0.000000 0.000000 1.919862
    54 0.000000 0.000000 0.000000 -1.570796 0.000000 1.570796
    55 0.000000 0.000000 0.000002 -1.570797 0.000000 1.570796
    56 -0.000002 -0.000002 0.000004 -1.570797 0.000001 1.570796
    57 0.000003 0.000000 0.000000 -1.570796 0.000000 1.570796
    58 0.000002 0.000003 0.000000 -1.570796 0.000000 1.570796
    59 0.000000 0.000000 0.000000 -1.570796 0.000000 1.570796
    60 -0.000001 0.000011 0.000000 -1.570796 0.000000 1.570796
    61 0.000000 0.000000 0.000000 -1.570796 -0.000001 1.570796
    62 0.000000 -0.000001 0.000000 -1.570796 0.000000 1.570796
    63 -0.000002 0.000002 -0.000002 -1.570796 0.000000 1.570796
    64 0.000000 0.000000 0.000000 -1.570797 0.000000 1.570796
    65 0.000000 0.000000 0.000000 -1.570797 0.000000 1.570796
    66 0.000000 0.000000 0.000000 1.570796 0.000000 1.570796
    67 0.000000 1.500000 0.000000 1.570796 0.000000 1.570796
    68 0.000000 0.300001 0.000000 1.570796 0.000000 1.570796
    69 -0.000011 0.000002 -0.000004 -3.141593 0.000001 1.570796
    70 0.000000 0.000000 0.000000 3.141593 0.000000 1.570796
    71 0.000001 0.000000 0.000000 -3.141593 0.000000 1.221730
    72 0.000000 0.000000 0.000000 3.141593 0.000000 1.570796
    73 0.000000 -0.000002 0.000000 3.141593 0.000000 1.570796
    74 0.000004 0.000000 0.000000 3.141593 0.000000 1.570797
    75 -0.000004 0.000000 0.000002 -1.570796 0.000000 1.570796
    76 0.000000 -0.000001 0.000008 -1.570796 0.000000 1.570796
    77 0.000001 0.000000 0.000000 -1.570796 0.000000 1.570796
    78 0.000001 0.000002 0.000000 -1.570796 0.000000 1.570796
    79 0.000000 0.000000 0.000000 -1.570796 0.000000 1.570796
    80 0.000001 0.000000 0.000000 -1.570796 0.000000 1.570796
    81 0.000001 0.000000 0.000000 -1.570796 0.000001 1.570796
    82 -0.000001 0.000000 0.000002 -1.570796 0.000001 1.570796
    83 0.000001 0.000000 0.000000 -1.570796 0.000000 1.570796
  time 2
    0 -3.120282 -11.586983 -5.027560 -3.161161 0.020083 0.000083
    1 0.073573 17.526917 0.777220 0.000000 0.000001 0.000000
    2 -0.226386 4.254942 -0.608961 0.000000 -0.000001 0.000000
    3 -0.276464 6.772074 -0.800603 0.000000 0.000001 0.000000
    4 -0.045094 3.566423 0.891595 0.000000 -0.000001 0.000000
    5 -0.116185 1.807585 2.464996 0.905144 0.000002 0.000000
    6 0.000000 1.030615 0.000004 -2.664215 -0.010007 -3.127661
    7 -0.000002 5.179932 -0.000037 0.239476 -0.004598 0.018040
    8 -0.218267 25.777573 2.487072 2.566493 0.000002 0.000000
    9 0.000000 0.870350 0.000008 -0.030621 0.000959 -0.005558
    10 0.000000 4.478401 0.000072 0.340425 -0.001754 0.005238
    11 -0.205374 15.700035 7.049725 -1.570796 0.000002 0.000000
    12 -1.281894 -24.465560 -8.505030 0.385248 -0.234481 2.098032
    13 -1.294654 1.473667 0.640471 2.361876 -0.514949 -2.105093
    14 0.000011 1.832554 0.000004 0.105696 -0.242335 -0.022342
    15 0.000000 1.003359 0.000001 0.156033 -0.012849 -0.172530
    16 -1.632739 4.327644 -0.483953 0.365948 0.282526 -0.018914
    17 -0.000010 1.637142 0.000010 1.001957 0.015784 -0.110368
    18 0.000007 1.100985 0.000004 0.016835 0.076959 -0.068142
    19 -0.500328 4.452953 -0.532495 0.396541 0.287798 0.017522
    20 -0.000010 1.442617 -0.000010 1.327527 0.029307 -0.036669
    21 -0.000003 1.302446 0.000004 0.004462 -0.041924 0.002935
    22 0.523221 4.540312 -0.480714 0.856087 0.290085 -0.284932
    23 -0.000001 1.198256 0.000008 0.732584 -0.133871 0.043114
    24 -0.000012 0.869780 0.000015 0.218278 0.063758 -0.018624
    25 1.354362 4.150681 -0.582655 0.848409 0.193448 -0.436427
    26 0.000000 1.157421 -0.000006 0.969728 -0.115777 0.002583
    27 0.000001 1.020055 0.000002 -0.120872 -0.015645 -0.025802
    28 5.003218 -8.070315 -8.112608 -2.354335 -0.002285 -0.046305
    29 0.000038 12.695422 -0.000004 -1.441153 0.430543 0.423605
    30 -4.531992 -5.599661 -9.364431 0.214437 1.508558 3.349650
    31 -1.391397 1.476538 -0.700638 -1.757657 -1.119867 2.167452
    32 0.000002 1.751797 -0.000002 -0.382818 -0.196569 -0.169475
    33 0.000010 1.122969 0.000000 -0.357758 -0.049100 -0.094333
    34 -1.596883 4.441620 0.708540 -1.031115 -1.319937 1.047134
    35 -0.000008 1.481951 -0.000008 0.052548 0.088047 0.177779
    36 0.000002 1.056648 -0.000004 -0.085988 -0.149613 0.480770
    37 -0.470901 4.219486 0.926555 -2.537459 -0.099569 -3.179946
    38 -0.000010 1.609821 0.000004 1.275288 -0.109137 0.092269
    39 -0.000002 1.562311 0.000013 1.215991 0.025843 -0.031619
    40 0.576838 4.298388 0.639431 -2.207721 -0.104080 -3.075363
    41 0.000002 1.553762 -0.000008 1.211322 0.140312 0.008706
    42 0.000003 0.874434 -0.000006 0.846026 0.106675 0.200254
    43 1.459885 4.275572 0.219019 -2.157075 -0.186603 3.315340
    44 -0.000010 0.973051 -0.000004 0.977574 0.217255 0.114332
    45 0.000007 0.970890 0.000004 1.184820 0.085880 0.151185
    46 -7.008868 4.575658 -7.491495 -1.606575 0.623260 0.654003
    47 0.000011 12.706367 0.000010 -2.242870 0.347548 0.131298
    48 0.000000 0.000000 0.000000 1.570796 0.000000 1.570796
    49 -0.000006 1.500006 0.000000 1.570796 0.000000 1.570796
    50 0.000000 -0.299999 0.000000 -1.570796 0.000000 1.570796
    51 0.000000 0.000000 0.000000 0.000000 0.000000 1.570796
    52 0.000000 0.000000 0.000000 0.000000 0.000000 1.570796
    53 0.000000 0.000002 0.000001 0.000000 0.000000 1.919862
    54 0.000000 0.000000 0.000000 -1.570796 0.000000 1.570796
    55 0.000000 0.000000 0.000002 -1.570797 0.000000 1.570796
    56 -0.000002 -0.000002 0.000004 -1.570797 0.000001 1.570796
    57 0.000003 0.000000 0.000000 -1.570796 0.000000 1.570796
    58 0.000002 0.000003 0.000000 -1.570796 0.000000 1.570796
    59 0.000000 0.000000 0.000000 -1.570796 0.000000 1.570796
    60 -0.000001 0.000011 0.000000 -1.570796 0.000000 1.570796
    61 0.000000 0.000000 0.000000 -1.570796 -0.000001 1.570796
    62 0.000000 -0.000001 0.000000 -1.570796 0.000000 1.570796
    63 -0.000002 0.000002 -0.000002 -1.570796 0.000000 1.570796
    64 0.000000 0.000000 0.000000 -1.570797 0.000000 1.570796
    65 0.000000 0.000000 0.000000 -1.570797 0.000000 1.570796
    66 0.000000 0.000000 0.000000 1.570796 0.000000 1.570796
    67 0.000000 1.500000 0.000000 1.570796 0.000000 1.570796
    68 0.000000 0.300001 0.000000 1.570796 0.000000 1.570796
    69 -0.000011 0.000002 -0.000004 -3.141593 0.000001 1.570796
    70 0.000000 0.000000 0.000000 3.141593 0.000000 1.570796
    71 0.000001 0.000000 0.000000 -3.141593 0.000000 1.221730
    72 0.000000 0.000000 0.000000 3.141593 0.000000 1.570796
    73 0.000000 -0.000002 0.000000 3.141593 0.000000 1.570796
    74 0.000004 0.000000 0.000000 3.141593 0.000000 1.570797
    75 -0.000004 0.000000 0.000002 -1.570796 0.000000 1.570796
    76 0.000000 -0.000001 0.000008 -1.570796 0.000000 1.570796
    77 0.000001 0.000000 0.000000 -1.570796 0.000000 1.570796
    78 0.000001 0.000002 0.000000 -1.570796 0.000000 1.570796
    79 0.000000 0.000000 0.000000 -1.570796 0.000000 1.570796
    80 0.000001 0.000000 0.000000 -1.570796 0.000000 1.570796
    81 0.000001 0.000000 0.000000 -1.570796 0.000001 1.570796
    82 -0.000001 0.000000 0.000002 -1.570796 0.000001 1.570796
    83 0.000001 0.000000 0.000000 -1.570796 0.000000 1.570796
  time 3
    0 -3.010904 -11.669017 -5.101781 -3.184130 -0.017215 0.002796
    1 0.073573 17.526917 0.777220 0.000000 0.000001 0.000000
    2 -0.226386 4.254942 -0.608961 0.000000 -0.000001 0.000000
    3 -0.276464 6.772074 -0.804509 0.000000 0.000001 0.000000
    4 -0.045094 3.566423 0.891595 0.000000 -0.000001 0.000000
    5 -0.116185 1.807585 2.464996 0.905105 0.000002 0.000000
    6 0.000000 1.030615 0.000004 -2.664184 -0.006891 -3.131958
    7 -0.000002 5.179932 -0.000037 0.239476 -0.005377 0.021179
    8 -0.218267 25.777573 2.487072 2.566697 0.000002 0.000000
    9 0.000000 0.870350 0.000008 -0.030598 0.002061 -0.012906
    10 0.000000 4.478401 0.000072 0.339606 -0.000232 0.001271
    11 -0.095996 15.700035 7.049725 -1.570796 0.000002 0.000000
    12 -1.016261 -24.614002 -8.215958 0.364778 -0.195927 2.105553
    13 -1.294654 1.473667 0.640471 2.361876 -0.514949 -2.105093
    14 0.000011 1.832554 0.000004 0.105672 -0.242335 -0.022342
    15 0.000000 1.003359 0.000001 0.156033 -0.012849 -0.172530
    16 -1.632739 4.327644 -0.483953 0.365948 0.282526 -0.018914
    17 -0.000010 1.637142 0.000010 1.001957 0.015784 -0.110368
    18 0.000007 1.100985 0.000004 0.016835 0.076959 -0.068142
    19 -0.500328 4.452953 -0.532495 0.396541 0.287798 0.017522
    20 -0.000010 1.442617 -0.000010 1.327527 0.029307 -0.036669
    21 -0.000003 1.302446 0.000004 0.004462 -0.041924 0.002935
    22 0.523221 4.540312 -0.480714 0.856087 0.290085 -0.284932
    23 -0.000001 1.198256 0.000008 0.732584 -0.133871 0.043102
    24 -0.000012 0.869780 0.000015 0.218278 0.063758 -0.018636
    25 1.354362 4.150681 -0.582655 0.848432 0.193448 -0.436427
    26 0.000000 1.157421 -0.000006 0.969728 -0.115777 0.002583
    27 0.000001 1.020055 0.000002 -0.120872 -0.015645 -0.025802
    28 5.003218 -8.070315 -8.112608 -2.369348 0.011708 -0.029812
    29 0.000038 12.695422 -0.000004 -1.437201 0.428842 0.423227
    30 -4.770280 -5.552784 -9.891791 0.500568 1.495614 3.615354
    31 -1.391397 1.476538 -0.700638 -1.757657 -1.119891 2.167452
    32 0.000002 1.751797 -0.000002 -0.382818 -0.196569 -0.169475
    33 0.000010 1.122969 0.000000 -0.357758 -0.049100 -0.094345
    34 -1.596883 4.441620 0.708540 -0.942671 -1.346898 0.974437
    35 -0.000008 1.481951 -0.000008 0.050679 0.084871 0.181743
    36 0.000002 1.056648 -0.000004 -0.081842 -0.151974 0.452502
    37 -0.470901 4.219486 0.926555 -2.561305 -0.100695 -3.175140
    38 -0.000010 1.609821 0.000004 1.204052 -0.103205 0.095829
    39 -0.000002 1.562311 0.000013 1.146325 0.025831 -0.031619
    40 0.576838 4.298388 0.639431 -2.232804 -0.104236 -3.072439
    41 0.000002 1.553762 -0.000008 1.161091 0.140336 0.008706
    42 0.000003 0.874434 -0.000006 0.795748 0.106423 0.200326
    43 1.459885 4.275572 0.219019 -2.159388 -0.186615 3.315304
    44 -0.000010 0.973051 -0.000004 0.984448 0.217255 0.114332
    45 0.000007 0.970890 0.000004 1.182499 0.085856 0.151209
    46 -7.008868 4.575658 -7.491495 -1.535437 0.628961 0.680681
    47 0.000011 12.706367 0.000010 -2.242177 0.347272 0.131417
    48 0.000000 0.000000 0.000000 1.570796 0.000000 1.570796
    49 -0.000006 1.500006 0.000000 1.570796 0.000000 1.570796
    50 0.000000 -0.299999 0.000000 -1.570796 0.000000 1.570796
    51 0.000000 0.000000 0.000000 0.000000 0.000000 1.570796
    52 0.000000 0.000000 0.000000 0.000000 0.000000 1.570796
    53 0.000000 0.000002 0.000001 0.000000 0.000000 1.919862
    54 0.000000 0.000000 0.000000 -1.570796 0.000000 1.570796
    55 0.000000 0.000000 0.000002 -1.570797 0.000000 1.570796
    56 -0.000002 -0.000002 0.000004 -1.570797 0.000001 1.570796
    57 0.000003 0.000000 0.000000 -1.570796 0.000000 1.570796
    58 0.000002 0.000003 0.000000 -1.570796 0.000000 1.570796
    59 0.000000 0.000000 0.000000 -1.570796 0.000000 1.570796
    60 -0.000001 0.000011 0.000000 -1.570796 0.000000 1.570796
    61 0.000000 0.000000 0.000000 -1.570796 -0.000001 1.570796
    62 0.000000 -0.000001 0.000000 -1.570796 0.000000 1.570796
    63 -0.000002 0.000002 -0.000002 -1.570796 0.000000 1.570796
    64 0.000000 0.000000 0.000000 -1.570797 0.000000 1.570796
    65 0.000000 0.000000 0.000000 -1.570797 0.000000 1.570796
    66 0.000000 0.000000 0.000000 1.570796 0.000000 1.570796
    67 0.000000 1.500000 0.000000 1.570796 0.000000 1.570796
    68 0.000000 0.300001 0.000000 1.570796 0.000000 1.570796
    69 -0.000011 0.000002 -0.000004 -3.141593 0.000001 1.570796
    70 0.000000 0.000000 0.000000 3.141593 0.000000 1.570796
    71 0.000001 0.000000 0.000000 -3.141593 0.000000 1.221730
    72 0.000000 0.000000 0.000000 3.141593 0.000000 1.570796
    73 0.000000 -0.000002 0.000000 3.141593 0.000000 1.570796
    74 0.000004 0.000000 0.000000 3.141593 0.000000 1.570797
    75 -0.000004 0.000000 0.000002 -1.570796 0.000000 1.570796
    76 0.000000 -0.000001 0.000008 -1.570796 0.000000 1.570796
    77 0.000001 0.000000 0.000000 -1.570796 0.000000 1.570796
    78 0.000001 0.000002 0.000000 -1.570796 0.000000 1.570796
    79 0.000000 0.000000 0.000000 -1.570796 0.000000 1.570796
    80 0.000001 0.000000 0.000000 -1.570796 0.000000 1.570796
    81 0.000001 0.000000 0.000000 -1.570796 0.000001 1.570796
    82 -0.000001 0.000000 0.000002 -1.570796 0.000001 1.570796
    83 0.000001 0.000000 0.000000 -1.570796 0.000000 1.570796
  time 4
    0 -2.866368 -11.774489 -5.199440 -3.213932 -0.048721 0.008359
    1 0.073573 17.526917 0.777220 0.000000 0.000001 0.000000
    2 -0.226386 4.254942 -0.608961 0.000000 -0.000001 0.000000
    3 -0.276464 6.772074 -0.796697 0.000000 0.000001 0.000000
    4 -0.045094 3.566423 0.891595 0.000000 -0.000001 0.000000
    5 -0.116185 1.807585 2.464996 0.904617 0.000002 0.000000
    6 0.000000 1.030615 0.000004 -2.664215 -0.003547 -3.136633
    7 -0.000002 5.179932 -0.000037 0.238665 -0.006204 0.024511
    8 -0.218267 25.777573 2.487072 2.567476 0.000002 0.000000
    9 0.000000 0.870350 0.000008 -0.030142 0.003500 -0.020944
    10 0.000000 4.478401 0.000072 0.337433 0.001350 -0.003091
    11 0.009476 15.700035 7.049725 -1.570796 0.000002 0.000000
    12 -0.719377 -24.797601 -7.868291 0.352325 -0.154249 2.112413
    13 -1.294654 1.473667 0.640471 2.361876 -0.514949 -2.105093
    14 0.000011 1.832554 0.000004 0.105684 -0.242335 -0.022342
    15 0.000000 1.003359 0.000001 0.156045 -0.012873 -0.172530
    16 -1.632739 4.327644 -0.483953 0.365948 0.282526 -0.018914
    17 -0.000010 1.637142 0.000010 1.001957 0.015784 -0.110368
    18 0.000007 1.100985 0.000004 0.016835 0.076959 -0.068142
    19 -0.500328 4.452953 -0.532495 0.396541 0.287798 0.017522
    20 -0.000010 1.442617 -0.000010 1.327527 0.029307 -0.036669
    21 -0.000003 1.302446 0.000004 0.004478 -0.041924 0.002935
    22 0.523221 4.540312 -0.480714 0.856087 0.290085 -0.284932
    23 -0.000001 1.198256 0.000008 0.732584 -0.133871 0.043114
    24 -0.000012 0.869780 0.000015 0.218278 0.063758 -0.018624
    25 1.354362 4.150681 -0.582655 0.848409 0.193448 -0.436427
    26 0.000000 1.157421 -0.000006 0.969728 -0.115777 0.002583
    27 0.000001 1.020055 0.000002 -0.120872 -0.015645 -0.025802
    28 5.003218 -8.070315 -8.112608 -2.388887 0.028215 -0.012087
    29 0.000038 12.695422 -0.000004 -1.429638 0.425865 0.422875
    30 -5.035913 -5.576223 -10.532435 0.622190 1.457933 3.710664
    31 -1.391397 1.476538 -0.700638 -1.757657 -1.119879 2.167452
    32 0.000002 1.751797 -0.000002 -0.382818 -0.196569 -0.169475
    33 0.000010 1.122969 0.000000 -0.357758 -0.049100 -0.094333
    34 -1.596883 4.441620 0.708540 -0.797676 -1.378971 0.848799
    35 -0.000008 1.481951 -0.000008 0.047982 0.080724 0.188324
    36 0.000002 1.056648 -0.000004 -0.076353 -0.154779 0.417106
    37 -0.470901 4.219486 0.926555 -2.592625 -0.102145 -3.168452
    38 -0.000010 1.609821 0.000004 1.113923 -0.094863 0.099712
    39 -0.000002 1.562311 0.000013 1.057940 0.025807 -0.031631
    40 0.576838 4.298388 0.639431 -2.265235 -0.104308 -3.068364
    41 0.000002 1.553762 -0.000008 1.097553 0.140360 0.008706
    42 0.000003 0.874434 -0.000006 0.732305 0.106291 0.200530
    43 1.459885 4.275572 0.219019 -2.162480 -0.186615 3.315364
    44 -0.000010 0.973051 -0.000004 0.993685 0.217267 0.114332
    45 0.000007 0.970890 0.000004 1.179337 0.085832 0.151233
    46 -7.008868 4.575658 -7.491495 -1.451519 0.639299 0.719805
    47 0.000011 12.706367 0.000010 -2.229854 0.345798 0.132820
    48 0.000000 0.000000 0.000000 1.570796 0.000000 1.570796
    49 -0.000006 1.500006 0.000000 1.570796 0.000000 1.570796
    50 0.000000 -0.299999 0.000000 -1.570796 0.000000 1.570796
    51 0.000000 0.000000 0.000000 0.000000 0.000000 1.570796
    52 0.000000 0.000000 0.000000 0.000000 0.000000 1.570796
    53 0.000000 0.000002 0.000001 0.000000 0.000000 1.919862
    54 0.000000 0.000000 0.000000 -1.570796 0.000000 1.570796
    55 0.000000 0.000000 0.000002 -1.570797 0.000000 1.570796
    56 -0.000002 -0.000002 0.000004 -1.570797 0.000001 1.570796
    57 0.000003 0.000000 0.000000 -1.570796 0.000000 1.570796
    58 0.000002 0.000003 0.000000 -1.570796 0.000000 1.570796
    59 0.000000 0.000000 0.000000 -1.570796 0.000000 1.570796
    60 -0.000001 0.000011 0.000000 -1.570796 0.000000 1.570796
    61 0.000000 0.000000 0.000000 -1.570796 -0.000001 1.570796
    62 0.000000 -0.000001 0.000000 -1.570796 0.000000 1.570796
    63 -0.000002 0.000002 -0.000002 -1.570796 0.000000 1.570796
    64 0.000000 0.000000 0.000000 -1.570797 0.000000 1.570796
    65 0.000000 0.000000 0.000000 -1.570797 0.000000 1.570796
    66 0.000000 0.000000 0.000000 1.570796 0.000000 1.570796
    67 0.000000 1.500000 0.000000 1.570796 0.000000 1.570796
    68 0.000000 0.300001 0.000000 1.570796 0.000000 1.570796
    69 -0.000011 0.000002 -0.000004 -3.141593 0.000001 1.570796
    70 0.000000 0.000000 0.000000 3.141593 0.000000 1.570796
    71 0.000001 0.000000 0.000000 -3.141593 0.000000 1.221730
    72 0.000000 0.000000 0.000000 3.141593 0.000000 1.570796
    73 0.000000 -0.000002 0.000000 3.141593 0.000000 1.570796
    74 0.000004 0.000000 0.000000 3.141593 0.000000 1.570797
    75 -0.000004 0.000000 0.000002 -1.570796 0.000000 1.570796
    76 0.000000 -0.000001 0.000008 -1.570796 0.000000 1.570796
    77 0.000001 0.000000 0.000000 -1.570796 0.000000 1.570796
    78 0.000001 0.000002 0.000000 -1.570796 0.000000 1.570796
    79 0.000000 0.000000 0.000000 -1.570796 0.000000 1.570796
    80 0.000001 0.000000 0.000000 -1.570796 0.000000 1.570796
    81 0.000001 0.000000 0.000000 -1.570796 0.000001 1.570796
    82 -0.000001 0.000000 0.000002 -1.570796 0.000001 1.570796
    83 0.000001 0.000000 0.000000 -1.570796 0.000000 1.570796
  time 5
    0 -2.690581 -11.899493 -5.324444 -3.249284 -0.061846 0.016906
    1 0.073573 17.526917 0.777220 0.000000 0.000001 0.000000
    2 -0.226386 4.254942 -0.608961 0.000000 -0.000001 0.000000
    3 -0.276464 6.772074 -0.800603 0.000000 0.000001 0.000000
    4 -0.045094 3.566423 0.891595 0.000000 -0.000001 0.000000
    5 -0.116185 1.807585 2.464996 0.903681 0.000002 0.000000
    6 0.000000 1.030615 0.000004 -2.664308 -0.000431 -3.140930
    7 -0.000002 5.179932 -0.000037 0.237238 -0.006959 0.027627
    8 -0.218267 25.777573 2.487072 2.568770 0.000002 0.000000
    9 0.000000 0.870350 0.000008 -0.029759 0.004818 -0.028305
    10 0.000000 4.478401 0.000072 0.334189 0.002764 -0.007010
    11 0.103229 15.700035 7.049725 -1.570796 0.000002 0.000000
    12 -0.430306 -24.992920 -7.493280 0.359252 -0.117132 2.118116
    13 -1.294654 1.473667 0.640471 2.361876 -0.514949 -2.105093
    14 0.000011 1.832554 0.000004 0.105672 -0.242335 -0.022342
    15 0.000000 1.003359 0.000001 0.156033 -0.012885 -0.172530
    16 -1.632739 4.327644 -0.483953 0.365948 0.282526 -0.018914
    17 -0.000010 1.637142 0.000010 1.001957 0.015772 -0.110368
    18 0.000007 1.100985 0.000004 0.016835 0.076959 -0.068142
    19 -0.500328 4.452953 -0.532495 0.396541 0.287798 0.017522
    20 -0.000010 1.442617 -0.000010 1.327527 0.029307 -0.036669
    21 -0.000003 1.302446 0.000004 0.004462 -0.041924 0.002935
    22 0.523221 4.540312 -0.480714 0.856087 0.290085 -0.284932
    23 -0.000001 1.198256 0.000008 0.732584 -0.133871 0.043102
    24 -0.000012 0.869780 0.000015 0.218278 0.063758 -0.018624
    25 1.354362 4.150681 -0.582655 0.848409 0.193448 -0.436427
    26 0.000000 1.157421 -0.000006 0.969728 -0.115777 0.002583
    27 0.000001 1.020055 0.000002 -0.120872 -0.015645 -0.025802
    28 5.003218 -8.070315 -8.112608 -2.410765 0.044954 0.004406
    29 0.000038 12.695422 -0.000004 -1.419690 0.421670 0.422158
    30 -5.321078 -5.709039 -11.219956 0.606165 1.389234 3.662198
    31 -1.391397 1.476538 -0.700638 -1.757657 -1.119879 2.167452
    32 0.000002 1.751797 -0.000002 -0.382818 -0.196569 -0.169475
    33 0.000010 1.122969 0.000000 -0.357758 -0.049100 -0.094333
    34 -1.596883 4.441620 0.708540 -0.564579 -1.410441 0.638538
    35 -0.000008 1.481951 -0.000008 0.045202 0.075823 0.198259
    36 0.000002 1.056648 -0.000004 -0.069929 -0.157763 0.376713
    37 -0.470901 4.219486 0.926555 -2.630086 -0.103631 -3.160375
    38 -0.000010 1.609821 0.000004 1.010818 -0.084784 0.102947
    39 -0.000002 1.562311 0.000013 0.956872 0.025783 -0.031631
    40 0.576838 4.298388 0.639431 -2.303466 -0.104224 -3.063474
    41 0.000002 1.553762 -0.000008 1.025257 0.140384 0.008718
    42 0.000003 0.874434 -0.000006 0.659949 0.106208 0.200638
    43 1.459885 4.275572 0.219019 -2.166303 -0.186627 3.315364
    44 -0.000010 0.973051 -0.000004 1.004996 0.217267 0.114332
    45 0.000007 0.970890 0.000004 1.175656 0.085737 0.151257
    46 -7.008868 4.575658 -7.491495 -1.372431 0.651084 0.761229
    47 0.000011 12.706367 0.000010 -2.204746 0.342526 0.135264
    48 0.000000 0.000000 0.000000 1.570796 0.000000 1.570796
    49 -0.000006 1.500006 0.000000 1.570796 0.000000 1.570796
    50 0.000000 -0.299999 0.000000 -1.570796 0.000000 1.570796
    51 0.000000 0.000000 0.000000 0.000000 0.000000 1.570796
    52 0.000000 0.000000 0.000000 0.000000 0.000000 1.570796
    53 0.000000 0.000002 0.000001 0.000000 0.000000 1.919862
    54 0.000000 0.000000 0.000000 -1.570796 0.000000 1.570796
    55 0.000000 0.000000 0.000002 -1.570797 0.000000 1.570796
    56 -0.000002 -0.000002 0.000004 -1.570797 0.000001 1.570796
    57 0.000003 0.000000 0.000000 -1.570796 0.000000 1.570796
    58 0.000002 0.000003 0.000000 -1.570796 0.000000 1.570796
    59 0.000000 0.000000 0.000000 -1.570796 0.000000 1.570796
    60 -0.000001 0.000011 0.000000 -1.570796 0.000000 1.570796
    61 0.000000 0.000000 0.000000 -1.570796 -0.000001 1.570796
    62 0.000000 -0.000001 0.000000 -1.570796 0.000000 1.570796
    63 -0.000002 0.000002 -0.000002 -1.570796 0.000000 1.570796
    64 0.000000 0.000000 0.000000 -1.570797 0.000000 1.570796
    65 0.000000 0.000000 0.000000 -1.570797 0.000000 1.570796
    66 0.000000 0.000000 0.000000 1.570796 0.000000 1.570796
    67 0.000000 1.500000 0.000000 1.570796 0.000000 1.570796
    68 0.000000 0.300001 0.000000 1.570796 0.000000 1.570796
    69 -0.000011 0.000002 -0.000004 -3.141593 0.000001 1.570796
    70 0.000000 0.000000 0.000000 3.141593 0.000000 1.570796
    71 0.000001 0.000000 0.000000 -3.141593 0.000000 1.221730
    72 0.000000 0.000000 0.000000 3.141593 0.000000 1.570796
    73 0.000000 -0.000002 0.000000 3.141593 0.000000 1.570796
    74 0.000004 0.000000 0.000000 3.141593 0.000000 1.570797
    75 -0.000004 0.000000 0.000002 -1.570796 0.000000 1.570796
    76 0.000000 -0.000001 0.000008 -1.570796 0.000000 1.570796
    77 0.000001 0.000000 0.000000 -1.570796 0.000000 1.570796
    78 0.000001 0.000002 0.000000 -1.570796 0.000000 1.570796
    79 0.000000 0.000000 0.000000 -1.570796 0.000000 1.570796
    80 0.000001 0.000000 0.000000 -1.570796 0.000000 1.570796
    81 0.000001 0.000000 0.000000 -1.570796 0.000001 1.570796
    82 -0.000001 0.000000 0.000002 -1.570796 0.000001 1.570796
    83 0.000001 0.000000 0.000000 -1.570796 0.000000 1.570796
  time 6
    0 -2.491357 -12.047935 -5.465073 -3.288774 -0.051176 0.027962
    1 0.073573 17.526917 0.777220 0.000000 0.000001 0.000000
    2 -0.226386 4.254942 -0.608961 0.000000 -0.000001 0.000000
    3 -0.276464 6.760355 -0.796697 0.000000 0.000001 0.000000
    4 -0.045094 3.566423 0.891595 0.000000 -0.000001 0.000000
    5 -0.116185 1.807585 2.464996 0.902725 0.000002 0.000000
    6 0.000000 1.030615 0.000004 -2.664324 0.001655 -3.144016
    7 -0.000002 5.179932 -0.000037 0.235811 -0.007391 0.029725
    8 -0.218267 25.777573 2.487072 2.569848 0.000002 0.000000
    9 0.000000 0.870350 0.000008 -0.029099 0.005741 -0.033770
    10 0.000000 4.478401 0.000072 0.331062 0.003687 -0.009682
    11 0.181356 15.700035 7.049725 -1.570796 0.000002 0.000000
    12 -0.137328 -25.180426 -7.145613 0.388517 -0.088451 2.123819
    13 -1.294654 1.473667 0.640471 2.361876 -0.514949 -2.105093
    14 0.000011 1.832554 0.000004 0.105672 -0.242335 -0.022342
    15 0.000000 1.003359 0.000001 0.156021 -0.012849 -0.172530
    16 -1.632739 4.327644 -0.483953 0.365948 0.282526 -0.018914
    17 -0.000010 1.637142 0.000010 1.001957 0.015772 -0.110368
    18 0.000007 1.100985 0.000004 0.016835 0.076959 -0.068142
    19 -0.500328 4.452953 -0.532495 0.396541 0.287798 0.017522
    20 -0.000010 1.442617 -0.000010 1.327527 0.029307 -0.036669
    21 -0.000003 1.302446 0.000004 0.004462 -0.041924 0.002899
    22 0.523221 4.540312 -0.480714 0.856087 0.290085 -0.284932
    23 -0.000001 1.198256 0.000008 0.732584 -0.133871 0.043090
    24 -0.000012 0.869780 0.000015 0.218278 0.063758 -0.018624
    25 1.354362 4.150681 -0.582655 0.848432 0.193448 -0.436427
    26 0.000000 1.157421 -0.000006 0.969728 -0.115777 0.002583
    27 0.000001 1.020055 0.000002 -0.120872 -0.015645 -0.025802
    28 5.003218 -8.070315 -8.112608 -2.433171 0.061527 0.020283
    29 0.000038 12.695422 -0.000004 -1.407766 0.416779 0.421402
    30 -5.602337 -5.990298 -11.825444 0.561425 1.285994 3.577192
    31 -1.391397 1.476538 -0.700638 -1.757588 -1.119879 2.167452
    32 0.000002 1.751797 -0.000002 -0.382818 -0.196569 -0.169475
    33 0.000010 1.122969 0.000000 -0.357746 -0.049100 -0.094333
    34 -1.596883 4.441620 0.708540 -0.212513 -1.432260 0.309325
    35 -0.000008 1.481951 -0.000008 0.042014 0.070190 0.212209
    36 0.000002 1.056648 -0.000004 -0.063170 -0.160615 0.333748
    37 -0.470901 4.219486 0.926555 -2.672303 -0.104938 -3.150595
    38 -0.000010 1.609821 0.000004 0.901111 -0.073591 0.105141
    39 -0.000002 1.562311 0.000013 0.849248 0.025759 -0.031631
    40 0.576838 4.298388 0.639431 -2.345855 -0.104021 -3.057829
    41 0.000002 1.553762 -0.000008 0.948356 0.140408 0.008718
    42 0.000003 0.874434 -0.000006 0.583053 0.106160 0.200770
    43 1.459885 4.275572 0.219019 -2.170810 -0.186639 3.315364
    44 -0.000010 0.973051 -0.000004 1.018089 0.217279 0.114332
    45 0.000007 0.970890 0.000004 1.171234 0.085665 0.151305
    46 -7.008868 4.575658 -7.491495 -1.319313 0.660388 0.789783
    47 0.000011 12.706367 0.000010 -2.166776 0.337697 0.139076
    48 0.000000 0.000000 0.000000 1.570796 0.000000 1.570796
    49 -0.000006 1.500006 0.000000 1.570796 0.000000 1.570796
    50 0.000000 -0.299999 0.000000 -1.570796 0.000000 1.570796
    51 0.000000 0.000000 0.000000 0.000000 0.000000 1.570796
    52 0.000000 0.000000 0.000000 0.000000 0.000000 1.570796
    53 0.000000 0.000002 0.000001 0.000000 0.000000 1.919862
    54 0.000000 0.000000 0.000000 -1.570796 0.000000 1.570796
    55 0.000000 0.000000 0.000002 -1.570797 0.000000 1.570796
    56 -0.000002 -0.000002 0.000004 -1.570797 0.000001 1.570796
    57 0.000003 0.000000 0.000000 -1.570796 0.000000 1.570796
    58 0.000002 0.000003 0.000000 -1.570796 0.000000 1.570796
    59 0.000000 0.000000 0.000000 -1.570796 0.000000 1.570796
    60 -0.000001 0.000011 0.000000 -1.570796 0.000000 1.570796
    61 0.000000 0.000000 0.000000 -1.570796 -0.000001 1.570796
    62 0.000000 -0.000001 0.000000 -1.570796 0.000000 1.570796
    63 -0.000002 0.000002 -0.000002 -1.570796 0.000000 1.570796
    64 0.000000 0.000000 0.000000 -1.570797 0.000000 1.570796
    65 0.000000 0.000000 0.000000 -1.570797 0.000000 1.570796
    66 0.000000 0.000000 0.000000 1.570796 0.000000 1.570796
    67 0.000000 1.500000 0.000000 1.570796 0.000000 1.570796
    68 0.000000 0.300001 0.000000 1.570796 0.000000 1.570796
    69 -0.000011 0.000002 -0.000004 -3.141593 0.000001 1.570796
    70 0.000000 0.000000 0.000000 3.141593 0.000000 1.570796
    71 0.000001 0.000000 0.000000 -3.141593 0.000000 1.221730
    72 0.000000 0.000000 0.000000 3.141593 0.000000 1.570796
    73 0.000000 -0.000002 0.000000 3.141593 0.000000 1.570796
    74 0.000004 0.000000 0.000000 3.141593 0.000000 1.570797
    75 -0.000004 0.000000 0.000002 -1.570796 0.000000 1.570796
    76 0.000000 -0.000001 0.000008 -1.570796 0.000000 1.570796
    77 0.000001 0.000000 0.000000 -1.570796 0.000000 1.570796
    78 0.000001 0.000002 0.000000 -1.570796 0.000000 1.570796
    79 0.000000 0.000000 0.000000 -1.570796 0.000000 1.570796
    80 0.000001 0.000000 0.000000 -1.570796 0.000000 1.570796
    81 0.000001 0.000000 0.000000 -1.570796 0.000001 1.570796
    82 -0.000001 0.000000 0.000002 -1.570796 0.000001 1.570796
    83 0.000001 0.000000 0.000000 -1.570796 0.000000 1.570796
  time 7
    0 -2.272600 -12.208096 -5.621328 -3.331504 -0.020992 0.040579
    1 0.073573 17.526917 0.777220 0.000000 0.000001 0.000000
    2 -0.226386 4.254942 -0.608961 0.000000 -0.000001 0.000000
    3 -0.276464 6.764261 -0.804509 0.000000 0.000001 0.000000
    4 -0.045094 3.566423 0.891595 0.000000 -0.000001 0.000000
    5 -0.116185 1.807585 2.464996 0.902296 0.000002 0.000000
    6 0.000000 1.030615 0.000004 -2.664324 0.002529 -3.145291
    7 -0.000002 5.179932 -0.000037 0.235130 -0.007546 0.030575
    8 -0.218267 25.777573 2.487072 2.570412 0.000002 0.000000
    9 0.000000 0.870350 0.000008 -0.029016 0.005944 -0.035892
    10 0.000000 4.478401 0.000072 0.329691 0.004178 -0.010905
    11 0.220420 15.700035 7.049725 -1.570796 0.000002 0.000000
    12 0.194713 -25.391370 -6.797946 0.435839 -0.066581 2.131175
    13 -1.294654 1.473667 0.640471 2.361876 -0.514949 -2.105093
    14 0.000011 1.832554 0.000004 0.105672 -0.242335 -0.022342
    15 0.000000 1.003359 0.000001 0.156021 -0.012849 -0.172530
    16 -1.632739 4.327644 -0.483953 0.365948 0.282526 -0.018914
    17 -0.000010 1.637142 0.000010 1.001957 0.015772 -0.110368
    18 0.000007 1.100985 0.000004 0.016835 0.076959 -0.068142
    19 -0.500328 4.452953 -0.532495 0.396541 0.287798 0.017522
    20 -0.000010 1.442617 -0.000010 1.327527 0.029307 -0.036669
    21 -0.000003 1.302446 0.000004 0.004478 -0.041924 0.002923
    22 0.523221 4.540312 -0.480714 0.856087 0.290085 -0.284932
    23 -0.000001 1.198256 0.000008 0.732584 -0.133871 0.043102
    24 -0.000012 0.869780 0.000015 0.218278 0.063758 -0.018624
    25 1.354362 4.150681 -0.582655 0.848432 0.193448 -0.436427
    26 0.000000 1.157421 -0.000006 0.969728 -0.115777 0.002583
    27 0.000001 1.020055 0.000002 -0.120872 -0.015645 -0.025802
    28 5.003218 -8.070315 -8.112608 -2.454445 0.078100 0.036913
    29 0.000038 12.695422 -0.000004 -1.395774 0.411869 0.420437
    30 -5.778123 -6.416092 -12.255144 0.535767 1.151583 3.503539
    31 -1.391397 1.476538 -0.700638 -1.757657 -1.119879 2.167452
    32 0.000002 1.751797 -0.000002 -0.382818 -0.196569 -0.169475
    33 0.000010 1.122969 0.000000 -0.357746 -0.049100 -0.094333
    34 -1.596883 4.441620 0.708540 0.222302 -1.433798 -0.101740
    35 -0.000008 1.481951 -0.000008 0.038550 0.064185 0.230936
    36 0.000002 1.056648 -0.000004 -0.056183 -0.163180 0.290709
    37 -0.470901 4.219486 0.926555 -2.718136 -0.105849 -3.139605
    38 -0.000010 1.609821 0.000004 0.791327 -0.061558 0.105596
    39 -0.000002 1.562311 0.000013 0.741532 0.025735 -0.031619
    40 0.576838 4.298388 0.639431 -2.390929 -0.103278 -3.051609
    41 0.000002 1.553762 -0.000008 0.871540 0.140432 0.008706
    42 0.000003 0.874434 -0.000006 0.506219 0.106028 0.200854
    43 1.459885 4.275572 0.219019 -2.175699 -0.186651 3.315364
    44 -0.000010 0.973051 -0.000004 1.033074 0.217279 0.114332
    45 0.000007 0.970890 0.000004 1.166151 0.085545 0.151389
    46 -7.008868 4.575658 -7.491495 -1.307594 0.666089 0.798733
    47 0.000011 12.706367 0.000010 -2.117715 0.331057 0.143618
    48 0.000000 0.000000 0.000000 1.570796 0.000000 1.570796
    49 -0.000006 1.500006 0.000000 1.570796 0.000000 1.570796
    50 0.000000 -0.299999 0.000000 -1.570796 0.000000 1.570796
    51 0.000000 0.000000 0.000000 0.000000 0.000000 1.570796
    52 0.000000 0.000000 0.000000 0.000000 0.000000 1.570796
    53 0.000000 0.000002 0.000001 0.000000 0.000000 1.919862
    54 0.000000 0.000000 0.000000 -1.570796 0.000000 1.570796
    55 0.000000 0.000000 0.000002 -1.570797 0.000000 1.570796
    56 -0.000002 -0.000002 0.000004 -1.570797 0.000001 1.570796
    57 0.000003 0.000000 0.000000 -1.570796 0.000000 1.570796
    58 0.000002 0.000003 0.000000 -1.570796 0.000000 1.570796
    59 0.000000 0.000000 0.000000 -1.570796 0.000000 1.570796
    60 -0.000001 0.000011 0.000000 -1.570796 0.000000 1.570796
    61 0.000000 0.000000 0.000000 -1.570796 -0.000001 1.570796
    62 0.000000 -0.000001 0.000000 -1.570796 0.000000 1.570796
    63 -0.000002 0.000002 -0.000002 -1.570796 0.000000 1.570796
    64 0.000000 0.000000 0.000000 -1.570797 0.000000 1.570796
    65 0.000000 0.000000 0.000000 -1.570797 0.000000 1.570796
    66 0.000000 0.000000 0.000000 1.570796 0.000000 1.570796
    67 0.000000 1.500000 0.000000 1.570796 0.000000 1.570796
    68 0.000000 0.300001 0.000000 1.570796 0.000000 1.570796
    69 -0.000011 0.000002 -0.000004 -3.141593 0.000001 1.570796
    70 0.000000 0.000000 0.000000 3.141593 0.000000 1.570796
    71 0.000001 0.000000 0.000000 -3.141593 0.000000 1.221730
    72 0.000000 0.000000 0.000000 3.141593 0.000000 1.570796
    73 0.000000 -0.000002 0.000000 3.141593 0.000000 1.570796
    74 0.000004 0.000000 0.000000 3.141593 0.000000 1.570797
    75 -0.000004 0.000000 0.000002 -1.570796 0.000000 1.570796
    76 0.000000 -0.000001 0.000008 -1.570796 0.000000 1.570796
    77 0.000001 0.000000 0.000000 -1.570796 0.000000 1.570796
    78 0.000001 0.000002 0.000000 -1.570796 0.000000 1.570796
    79 0.000000 0.000000 0.000000 -1.570796 0.000000 1.570796
    80 0.000001 0.000000 0.000000 -1.570796 0.000000 1.570796
    81 0.000001 0.000000 0.000000 -1.570796 0.000001 1.570796
    82 -0.000001 0.000000 0.000002 -1.570796 0.000001 1.570796
    83 0.000001 0.000000 0.000000 -1.570796 0.000000 1.570796
  time 8
    0 -2.038218 -12.379976 -5.793208 -3.376063 0.026567 0.053061
    1 0.073573 17.526917 0.777220 0.000000 0.000001 0.000000
    2 -0.226386 4.254942 -0.608961 0.000000 -0.000001 0.000000
    3 -0.276464 6.768168 -0.804509 0.000000 0.000001 0.000000
    4 -0.045094 3.566423 0.891595 0.000000 -0.000001 0.000000
    5 -0.116185 1.807585 2.464996 0.902803 0.000002 0.000000
    6 0.000000 1.030615 0.000004 -2.664324 0.001607 -3.143748
    7 -0.000002 5.179932 -0.000037 0.235957 -0.007391 0.029677
    8 -0.218267 25.777573 2.487072 2.569813 0.000002 0.000000
    9 0.000000 0.870350 0.000008 -0.029147 0.005669 -0.033372
    10 0.000000 4.478401 0.000072 0.331313 0.003687 -0.009611
    11 0.165731 15.700035 7.049725 -1.576888 0.000002 0.000399
    12 0.550193 -25.555437 -6.454186 0.499428 -0.051147 2.140101
    13 -1.294654 1.473667 0.640471 2.361876 -0.514949 -2.105093
    14 0.000011 1.832554 0.000004 0.105684 -0.242335 -0.022342
    15 0.000000 1.003359 0.000001 0.156033 -0.012837 -0.172530
    16 -1.632739 4.327644 -0.483953 0.365948 0.282526 -0.018914
    17 -0.000010 1.637142 0.000010 1.001957 0.015772 -0.110368
    18 0.000007 1.100985 0.000004 0.016835 0.076959 -0.068154
    19 -0.500328 4.452953 -0.532495 0.396541 0.287798 0.017522
    20 -0.000010 1.442617 -0.000010 1.327527 0.029307 -0.036669
    21 -0.000003 1.302446 0.000004 0.004462 -0.041924 0.002935
    22 0.523221 4.540312 -0.480714 0.856087 0.290085 -0.284932
    23 -0.000001 1.198256 0.000008 0.732584 -0.133871 0.043090
    24 -0.000012 0.869780 0.000015 0.218278 0.063758 -0.018648
    25 1.354362 4.150681 -0.582655 0.848409 0.193448 -0.436427
    26 0.000000 1.157421 -0.000006 0.969728 -0.115777 0.002583
    27 0.000001 1.020055 0.000002 -0.120872 -0.015645 -0.025802
    28 5.003218 -8.070315 -8.112608 -2.474437 0.095004 0.054638
    29 0.000038 12.695422 -0.000004 -1.384395 0.407307 0.419420
    30 -5.887502 -7.080175 -12.434837 0.532988 0.990366 3.442479
    31 -1.391397 1.476538 -0.700638 -1.757588 -1.119879 2.167452
    32 0.000002 1.751797 -0.000002 -0.382818 -0.196569 -0.169475
    33 0.000010 1.122969 0.000000 -0.357734 -0.049100 -0.094333
    34 -1.596883 4.441620 0.708540 0.604722 -1.412929 -0.461549
    35 -0.000008 1.481951 -0.000008 0.035266 0.057810 0.254999
    36 0.000002 1.056648 -0.000004 -0.049399 -0.165325 0.250096
    37 -0.470901 4.219486 0.926555 -2.766033 -0.106016 -3.127657
    38 -0.000010 1.609821 0.000004 0.688888 -0.049897 0.104218
    39 -0.000002 1.562311 0.000013 0.640678 0.025711 -0.031619
    40 0.576838 4.298388 0.639431 -2.436950 -0.102247 -3.044802
    41 0.000002 1.553762 -0.000008 0.799131 0.140456 0.008706
    42 0.000003 0.874434 -0.000006 0.433822 0.105920 0.200926
    43 1.459885 4.275572 0.219019 -2.181140 -0.186663 3.315364
    44 -0.000010 0.973051 -0.000004 1.049295 0.217291 0.114332
    45 0.000007 0.970890 0.000004 1.160688 0.085425 0.151484
    46 -7.008868 4.575658 -7.491495 -1.360889 0.661304 0.760547
    47 0.000011 12.706367 0.000010 -2.057717 0.322764 0.148483
    48 0.000000 0.000000 0.000000 1.570796 0.000000 1.570796
    49 -0.000006 1.500006 0.000000 1.570796 0.000000 1.570796
    50 0.000000 -0.299999 0.000000 -1.570796 0.000000 1.570796
    51 0.000000 0.000000 0.000000 0.000000 0.000000 1.570796
    52 0.000000 0.000000 0.000000 0.000000 0.000000 1.570796
    53 0.000000 0.000002 0.000001 0.000000 0.000000 1.919862
    54 0.000000 0.000000 0.000000 -1.570796 0.000000 1.570796
    55 0.000000 0.000000 0.000002 -1.570797 0.000000 1.570796
    56 -0.000002 -0.000002 0.000004 -1.570797 0.000001 1.570796
    57 0.000003 0.000000 0.000000 -1.570796 0.000000 1.570796
    58 0.000002 0.000003 0.000000 -1.570796 0.000000 1.570796
    59 0.000000 0.000000 0.000000 -1.570796 0.000000 1.570796
    60 -0.000001 0.000011 0.000000 -1.570796 0.000000 1.570796
    61 0.000000 0.000000 0.000000 -1.570796 -0.000001 1.570796
    62 0.000000 -0.000001 0.000000 -1.570796 0.000000 1.570796
    63 -0.000002 0.000002 -0.000002 -1.570796 0.000000 1.570796
    64 0.000000 0.000000 0.000000 -1.570797 0.000000 1.570796
    65 0.000000 0.000000 0.000000 -1.570797 0.000000 1.570796
    66 0.000000 0.000000 0.000000 1.570796 0.000000 1.570796
    67 0.000000 1.500000 0.000000 1.570796 0.000000 1.570796
    68 0.000000 0.300001 0.000000 1.570796 0.000000 1.570796
    69 -0.000011 0.000002 -0.000004 -3.141593 0.000001 1.570796
    70 0.000000 0.000000 0.000000 3.141593 0.000000 1.570796
    71 0.000001 0.000000 0.000000 -3.141593 0.000000 1.221730
    72 0.000000 0.000000 0.000000 3.141593 0.000000 1.570796
    73 0.000000 -0.000002 0.000000 3.141593 0.000000 1.570796
    74 0.000004 0.000000 0.000000 3.141593 0.000000 1.570797
    75 -0.000004 0.000000 0.000002 -1.570796 0.000000 1.570796
    76 0.000000 -0.000001 0.000008 -1.570796 0.000000 1.570796
    77 0.000001 0.000000 0.000000 -1.570796 0.000000 1.570796
    78 0.000001 0.000002 0.000000 -1.570796 0.000000 1.570796
    79 0.000000 0.000000 0.000000 -1.570796 0.000000 1.570796
    80 0.000001 0.000000 0.000000 -1.570796 0.000000 1.570796
    81 0.000001 0.000000 0.000000 -1.570796 0.000001 1.570796
    82 -0.000001 0.000000 0.000002 -1.570796 0.000001 1.570796
    83 0.000001 0.000000 0.000000 -1.570796 0.000000 1.570796
  time 9
    0 -1.792117 -12.559669 -5.972901 -3.422450 0.089611 0.063914
    1 0.073573 17.526917 0.777220 0.000000 0.000001 0.000000
    2 -0.226386 4.254942 -0.608961 0.000000 -0.000001 0.000000
    3 -0.276464 6.772074 -0.800603 0.000000 0.000001 0.000000
    4 -0.045094 3.566423 0.891595 0.000000 -0.000001 0.000000
    5 -0.116185 1.807585 2.464996 0.903954 0.000002 0.000000
    6 0.000000 1.030615 0.000004 -2.664215 -0.001222 -3.139844
    7 -0.000002 5.179932 -0.000037 0.237676 -0.006767 0.026848
    8 -0.218267 25.777573 2.487072 2.568314 0.000002 0.000000
    9 0.000000 0.870350 0.000008 -0.029830 0.004362 -0.026475
    10 0.000000 4.478401 0.000072 0.335109 0.002272 -0.005895
    11 0.083697 15.700035 7.049725 -1.594131 0.000024 0.001649
    12 0.952549 -25.731224 -6.141676 0.576871 -0.042149 2.149854
    13 -1.294654 1.473667 0.640471 2.361876 -0.514949 -2.105093
    14 0.000011 1.832554 0.000004 0.105684 -0.242335 -0.022342
    15 0.000000 1.003359 0.000001 0.156033 -0.012897 -0.172530
    16 -1.632739 4.327644 -0.483953 0.365948 0.282526 -0.018914
    17 -0.000010 1.637142 0.000010 1.001957 0.015784 -0.110368
    18 0.000007 1.100985 0.000004 0.016835 0.076959 -0.068142
    19 -0.500328 4.452953 -0.532495 0.396541 0.287798 0.017522
    20 -0.000010 1.442617 -0.000010 1.327527 0.029307 -0.036669
    21 -0.000003 1.302446 0.000004 0.004462 -0.041924 0.002935
    22 0.523221 4.540312 -0.480714 0.856136 0.290085 -0.284932
    23 -0.000001 1.198256 0.000008 0.732584 -0.133871 0.043114
    24 -0.000012 0.869780 0.000015 0.218278 0.063758 -0.018636
    25 1.354362 4.150681 -0.582655 0.848432 0.193448 -0.436427
    26 0.000000 1.157421 -0.000006 0.969728 -0.115777 0.002583
    27 0.000001 1.020055 0.000002 -0.120872 -0.015645 -0.025802
    28 5.003218 -8.070315 -8.112608 -2.492392 0.111941 0.073937
    29 0.000038 12.695422 -0.000004 -1.374924 0.403344 0.418690
    30 -5.973442 -7.982546 -12.259050 0.549476 0.808241 3.389243
    31 -1.391397 1.476538 -0.700638 -1.757588 -1.119879 2.167452
    32 0.000002 1.751797 -0.000002 -0.382818 -0.196569 -0.169475
    33 0.000010 1.122969 0.000000 -0.357758 -0.049100 -0.094333
    34 -1.596883 4.441620 0.708540 0.866920 -1.378172 -0.704454
    35 -0.000008 1.481951 -0.000008 0.032091 0.051314 0.285211
    36 0.000002 1.056648 -0.000004 -0.043371 -0.167003 0.214259
    37 -0.470901 4.219486 0.926555 -2.814635 -0.105741 -3.114606
    38 -0.000010 1.609821 0.000004 0.599177 -0.039351 0.101198
    39 -0.000002 1.562311 0.000013 0.552753 0.025687 -0.031607
    40 0.576838 4.298388 0.639431 -2.482312 -0.100857 -3.037755
    41 0.000002 1.553762 -0.000008 0.735706 0.140480 0.008706
    42 0.000003 0.874434 -0.000006 0.370420 0.105716 0.201009
    43 1.459885 4.275572 0.219019 -2.187097 -0.186675 3.315376
    44 -0.000010 0.973051 -0.000004 1.066825 0.217291 0.114332
    45 0.000007 0.970890 0.000004 1.154946 0.085353 0.151592
    46 -7.008868 4.575658 -7.491495 -1.477548 0.641219 0.672925
    47 0.000011 12.706367 0.000010 -1.987938 0.312697 0.153781
    48 0.000000 0.000000 0.000000 1.570796 0.000000 1.570796
    49 -0.000006 1.500006 0.000000 1.570796 0.000000 1.570796
    50 0.000000 -0.299999 0.000000 -1.570796 0.000000 1.570796
    51 0.000000 0.000000 0.000000 0.000000 0.000000 1.570796
    52 0.000000 0.000000 0.000000 0.000000 0.000000 1.570796
    53 0.000000 0.000002 0.000001 0.000000 0.000000 1.919862
    54 0.000000 0.000000 0.000000 -1.570796 0.000000 1.570796
    55 0.000000 0.000000 0.000002 -1.570797 0.000000 1.570796
    56 -0.000002 -0.000002 0.000004 -1.570797 0.000001 1.570796
    57 0.000003 0.000000 0.000000 -1.570796 0.000000 1.570796
    58 0.000002 0.000003 0.000000 -1.570796 0.000000 1.570796
    59 0.000000 0.000000 0.000000 -1.570796 0.000000 1.570796
    60 -0.000001 0.000011 0.000000 -1.570796 0.000000 1.570796
    61 0.000000 0.000000 0.000000 -1.570796 -0.000001 1.570796
    62 0.000000 -0.000001 0.000000 -1.570796 0.000000 1.570796
    63 -0.000002 0.000002 -0.000002 -1.570796 0.000000 1.570796
    64 0.000000 0.000000 0.000000 -1.570797 0.000000 1.570796
    65 0.000000 0.000000 0.000000 -1.570797 0.000000 1.570796
    66 0.000000 0.000000 0.000000 1.570796 0.000000 1.570796
    67 0.000000 1.500000 0.000000 1.570796 0.000000 1.570796
    68 0.000000 0.300001 0.000000 1.570796 0.000000 1.570796
    69 -0.000011 0.000002 -0.000004 -3.141593 0.000001 1.570796
    70 0.000000 0.000000 0.000000 3.141593 0.000000 1.570796
    71 0.000001 0.000000 0.000000 -3.141593 0.000000 1.221730
    72 0.000000 0.000000 0.000000 3.141593 0.000000 1.570796
    73 0.000000 -0.000002 0.000000 3.141593 0.000000 1.570796
    74 0.000004 0.000000 0.000000 3.141593 0.000000 1.570797
    75 -0.000004 0.000000 0.000002 -1.570796 0.000000 1.570796
    76 0.000000 -0.000001 0.000008 -1.570796 0.000000 1.570796
    77 0.000001 0.000000 0.000000 -1.570796 0.000000 1.570796
    78 0.000001 0.000002 0.000000 -1.570796 0.000000 1.570796
    79 0.000000 0.000000 0.000000 -1.570796 0.000000 1.570796
    80 0.000001 0.000000 0.000000 -1.570796 0.000000 1.570796
    81 0.000001 0.000000 0.000000 -1.570796 0.000001 1.570796
    82 -0.000001 0.000000 0.000002 -1.570796 0.000001 1.570796
    83 0.000001 0.000000 0.000000 -1.570796 0.000000 1.570796
  time 10
    0 -1.542109 -12.739362 -6.160407 -3.469415 0.165402 0.071918
    1 0.073573 17.526917 0.777220 0.000000 0.000001 0.000000
    2 -0.226386 4.254942 -0.608961 0.000000 -0.000001 0.000000
    3 -0.276464 6.772074 -0.800603 0.000000 0.000001 0.000000
    4 -0.045094 3.566423 0.891595 0.000000 -0.000001 0.000000
    5 -0.116185 1.807585 2.464996 0.904988 0.000002 0.000000
    6 0.000000 1.030615 0.000004 -2.664153 -0.005440 -3.133894
    7 -0.000002 5.179932 -0.000037 0.239249 -0.005856 0.022642
    8 -0.218267 25.777573 2.487072 2.567032 0.000002 0.000000
    9 0.000000 0.870350 0.000008 -0.030514 0.002721 -0.016222
    10 0.000000 4.478401 0.000072 0.338870 0.000427 -0.000418
    11 -0.064745 15.700035 7.049725 -1.619845 0.000068 0.003790
    12 1.397875 -25.871853 -5.860418 0.665833 -0.038962 2.160268
    13 -1.294654 1.473667 0.640471 2.361876 -0.514949 -2.105093
    14 0.000011 1.832554 0.000004 0.105672 -0.242335 -0.022342
    15 0.000000 1.003359 0.000001 0.156021 -0.012825 -0.172530
    16 -1.632739 4.327644 -0.483953 0.365948 0.282526 -0.018914
    17 -0.000010 1.637142 0.000010 1.001957 0.015772 -0.110368
    18 0.000007 1.100985 0.000004 0.016835 0.076959 -0.068142
    19 -0.500328 4.452953 -0.532495 0.396541 0.287798 0.017522
    20 -0.000010 1.442617 -0.000010 1.327527 0.029307 -0.036669
    21 -0.000003 1.302446 0.000004 0.004462 -0.041924 0.002923
    22 0.523221 4.540312 -0.480714 0.856087 0.290085 -0.284932
    23 -0.000001 1.198256 0.000008 0.732584 -0.133871 0.043090
    24 -0.000012 0.869780 0.000015 0.218278 0.063758 -0.018648
    25 1.354362 4.150681 -0.582655 0.848432 0.193448 -0.436427
    26 0.000000 1.157421 -0.000006 0.969728 -0.115777 0.002583
    27 0.000001 1.020055 0.000002 -0.120872 -0.015645 -0.025802
    28 5.003218 -8.070315 -8.112608 -2.507480 0.128746 0.094947
    29 0.000038 12.695422 -0.000004 -1.367361 0.400251 0.418012
    30 -5.985161 -8.990389 -11.790286 0.583193 0.613249 3.340014
    31 -1.391397 1.476538 -0.700638 -1.757657 -1.119879 2.167365
    32 0.000002 1.751797 -0.000002 -0.382818 -0.196569 -0.169475
    33 0.000010 1.122969 0.000000 -0.357758 -0.049100 -0.094333
    34 -1.596883 4.441620 0.708540 1.034810 -1.339042 -0.856955
    35 -0.000008 1.481951 -0.000008 0.029011 0.044950 0.322436
    36 0.000002 1.056648 -0.000004 -0.038577 -0.168094 0.185722
    37 -0.470901 4.219486 0.926555 -2.862506 -0.104518 -3.100991
    38 -0.000010 1.609821 0.000004 0.528779 -0.030231 0.096811
    39 -0.000002 1.562311 0.000013 0.483332 0.025675 -0.031607
    40 0.576838 4.298388 0.639431 -2.524977 -0.099083 -3.030600
    41 0.000002 1.553762 -0.000008 0.685390 0.140492 0.008694
    42 0.000003 0.874434 -0.000006 0.320080 0.105620 0.201189
    43 1.459885 4.275572 0.219019 -2.193173 -0.186687 3.315388
    44 -0.000010 0.973051 -0.000004 1.085301 0.217303 0.114332
    45 0.000007 0.970890 0.000004 1.148763 0.085293 0.151712
    46 -7.008868 4.575658 -7.491495 -1.623652 0.611800 0.574819
    47 0.000011 12.706367 0.000010 -1.912614 0.301191 0.158515
    48 0.000000 0.000000 0.000000 1.570796 0.000000 1.570796
    49 -0.000006 1.500006 0.000000 1.570796 0.000000 1.570796
    50 0.000000 -0.299999 0.000000 -1.570796 0.000000 1.570796
    51 0.000000 0.000000 0.000000 0.000000 0.000000 1.570796
    52 0.000000 0.000000 0.000000 0.000000 0.000000 1.570796
    53 0.000000 0.000002 0.000001 0.000000 0.000000 1.919862
    54 0.000000 0.000000 0.000000 -1.570796 0.000000 1.570796
    55 0.000000 0.000000 0.000002 -1.570797 0.000000 1.570796
    56 -0.000002 -0.000002 0.000004 -1.570797 0.000001 1.570796
    57 0.000003 0.000000 0.000000 -1.570796 0.000000 1.570796
    58 0.000002 0.000003 0.000000 -1.570796 0.000000 1.570796
    59 0.000000 0.000000 0.000000 -1.570796 0.000000 1.570796
    60 -0.000001 0.000011 0.000000 -1.570796 0.000000 1.570796
    61 0.000000 0.000000 0.000000 -1.570796 -0.000001 1.570796
    62 0.000000 -0.000001 0.000000 -1.570796 0.000000 1.570796
    63 -0.000002 0.000002 -0.000002 -1.570796 0.000000 1.570796
    64 0.000000 0.000000 0.000000 -1.570797 0.000000 1.570796
    65 0.000000 0.000000 0.000000 -1.570797 0.000000 1.570796
    66 0.000000 0.000000 0.000000 1.570796 0.000000 1.570796
    67 0.000000 1.500000 0.000000 1.570796 0.000000 1.570796
    68 0.000000 0.300001 0.000000 1.570796 0.000000 1.570796
    69 -0.000011 0.000002 -0.000004 -3.141593 0.000001 1.570796
    70 0.000000 0.000000 0.000000 3.141593 0.000000 1.570796
    71 0.000001 0.000000 0.000000 -3.141593 0.000000 1.221730
    72 0.000000 0.000000 0.000000 3.141593 0.000000 1.570796
    73 0.000000 -0.000002 0.000000 3.141593 0.000000 1.570796
    74 0.000004 0.000000 0.000000 3.141593 0.000000 1.570797
    75 -0.000004 0.000000 0.000002 -1.570796 0.000000 1.570796
    76 0.000000 -0.000001 0.000008 -1.570796 0.000000 1.570796
    77 0.000001 0.000000 0.000000 -1.570796 0.000000 1.570796
    78 0.000001 0.000002 0.000000 -1.570796 0.000000 1.570796
    79 0.000000 0.000000 0.000000 -1.570796 0.000000 1.570796
    80 0.000001 0.000000 0.000000 -1.570796 0.000000 1.570796
    81 0.000001 0.000000 0.000000 -1.570796 0.000001 1.570796
    82 -0.000001 0.000000 0.000002 -1.570796 0.000001 1.570796
    83 0.000001 0.000000 0.000000 -1.570796 0.000000 1.570796
  time 11
    0 -1.292101 -12.922961 -6.351819 -3.516893 0.251202 0.075852
    1 0.073573 17.526917 0.777220 0.000000 0.000001 0.000000
    2 -0.226386 4.254942 -0.608961 0.000000 -0.000001 0.000000
    3 -0.319434 7.432251 -1.062330 0.000000 0.000001 0.000000
    4 -0.045094 3.566423 0.891595 0.000000 -0.000001 0.000000
    5 -0.116185 1.807585 2.464996 0.905066 0.000002 0.000000
    6 0.000000 1.030615 0.000004 -2.664215 -0.010786 -3.126543
    7 -0.000002 5.179932 -0.000037 0.239395 -0.004394 0.017201
    8 -0.218267 25.777573 2.487072 2.566481 0.000002 0.000000
    9 0.000000 0.870350 0.000008 -0.030621 0.000491 -0.003648
    10 0.000000 4.478401 0.000072 0.340425 -0.002054 0.006281
    11 -0.232719 15.700035 7.049725 -1.652161 0.000243 0.006862
    12 1.866639 -25.989044 -5.614316 0.763746 -0.041274 2.170021
    13 -1.294654 1.473667 0.640471 2.361876 -0.514949 -2.105093
    14 0.000011 1.832554 0.000004 0.105672 -0.242335 -0.022342
    15 0.000000 1.003359 0.000001 0.156021 -0.012885 -0.172530
    16 -1.632739 4.327644 -0.483953 0.365948 0.282526 -0.018914
    17 -0.000010 1.637142 0.000010 1.001957 0.015772 -0.110368
    18 0.000007 1.100985 0.000004 0.016835 0.076959 -0.068142
    19 -0.500328 4.452953 -0.532495 0.396541 0.287798 0.017522
    20 -0.000010 1.442617 -0.000010 1.327527 0.029307 -0.036669
    21 -0.000003 1.302446 0.000004 0.004462 -0.041924 0.002935
    22 0.523221 4.540312 -0.480714 0.856111 0.290085 -0.284932
    23 -0.000001 1.198256 0.000008 0.732584 -0.133871 0.043078
    24 -0.000012 0.869780 0.000015 0.218278 0.063758 -0.018648
    25 1.354362 4.150681 -0.582655 0.848432 0.193448 -0.436427
    26 0.000000 1.157421 -0.000006 0.969728 -0.115777 0.002583
    27 0.000001 1.020055 0.000002 -0.120872 -0.015645 -0.025802
    28 5.003218 -8.070315 -8.112608 -2.519626 0.145220 0.117873
    29 0.000038 12.695422 -0.000004 -1.361910 0.397989 0.417556
    30 -5.860157 -10.041203 -11.098859 0.630897 0.413662 3.290880
    31 -1.391397 1.476538 -0.700638 -1.757484 -1.119879 2.167452
    32 0.000002 1.751797 -0.000002 -0.382818 -0.196569 -0.169475
    33 0.000010 1.122969 0.000000 -0.357758 -0.049100 -0.094333
    34 -1.596883 4.441620 0.708540 1.142218 -1.302370 -0.954466
    35 -0.000008 1.481951 -0.000008 0.026122 0.038778 0.367233
    36 0.000002 1.056648 -0.000004 -0.035413 -0.168825 0.166787
    37 -0.470901 4.219486 0.926555 -2.908249 -0.102781 -3.086873
    38 -0.000010 1.609821 0.000004 0.482601 -0.023064 0.091981
    39 -0.000002 1.562311 0.000013 0.437868 0.025663 -0.031595
    40 0.576838 4.298388 0.639431 -2.563723 -0.097046 -3.023362
    41 0.000002 1.553762 -0.000008 0.652279 0.140504 0.008694
    42 0.000003 0.874434 -0.000006 0.286932 0.105572 0.201261
    43 1.459885 4.275572 0.219019 -2.199669 -0.186699 3.315388
    44 -0.000010 0.973051 -0.000004 1.104395 0.217315 0.114332
    45 0.000007 0.970890 0.000004 1.142380 0.085233 0.151796
    46 -7.008868 4.575658 -7.491495 -1.773937 0.584065 0.493674
    47 0.000011 12.706367 0.000010 -1.832437 0.288883 0.162410
    48 0.000000 0.000000 0.000000 1.570796 0.000000 1.570796
    49 -0.000006 1.500006 0.000000 1.570796 0.000000 1.570796
    50 0.000000 -0.299999 0.000000 -1.570796 0.000000 1.570796
    51 0.000000 0.000000 0.000000 0.000000 0.000000 1.570796
    52 0.000000 0.000000 0.000000 0.000000 0.000000 1.570796
    53 0.000000 0.000002 0.000001 0.000000 0.000000 1.919862
    54 0.000000 0.000000 0.000000 -1.570796 0.000000 1.570796
    55 0.000000 0.000000 0.000002 -1.570797 0.000000 1.570796
    56 -0.000002 -0.000002 0.000004 -1.570797 0.000001 1.570796
    57 0.000003 0.000000 0.000000 -1.570796 0.000000 1.570796
    58 0.000002 0.000003 0.000000 -1.570796 0.000000 1.570796
    59 0.000000 0.000000 0.000000 -1.570796 0.000000 1.570796
    60 -0.000001 0.000011 0.000000 -1.570796 0.000000 1.570796
    61 0.000000 0.000000 0.000000 -1.570796 -0.000001 1.570796
    62 0.000000 -0.000001 0.000000 -1.570796 0.000000 1.570796
    63 -0.000002 0.000002 -0.000002 -1.570796 0.000000 1.570796
    64 0.000000 0.000000 0.000000 -1.570797 0.000000 1.570796
    65 0.000000 0.000000 0.000000 -1.570797 0.000000 1.570796
    66 0.000000 0.000000 0.000000 1.570796 0.000000 1.570796
    67 0.000000 1.500000 0.000000 1.570796 0.000000 1.570796
    68 0.000000 0.300001 0.000000 1.570796 0.000000 1.570796
    69 -0.000011 0.000002 -0.000004 -3.141593 0.000001 1.570796
    70 0.000000 0.000000 0.000000 3.141593 0.000000 1.570796
    71 0.000001 0.000000 0.000000 -3.141593 0.000000 1.221730
    72 0.000000 0.000000 0.000000 3.141593 0.000000 1.570796
    73 0.000000 -0.000002 0.000000 3.141593 0.000000 1.570796
    74 0.000004 0.000000 0.000000 3.141593 0.000000 1.570797
    75 -0.000004 0.000000 0.000002 -1.570796 0.000000 1.570796
    76 0.000000 -0.000001 0.000008 -1.570796 0.000000 1.570796
    77 0.000001 0.000000 0.000000 -1.570796 0.000000 1.570796
    78 0.000001 0.000002 0.000000 -1.570796 0.000000 1.570796
    79 0.000000 0.000000 0.000000 -1.570796 0.000000 1.570796
    80 0.000001 0.000000 0.000000 -1.570796 0.000000 1.570796
    81 0.000001 0.000000 0.000000 -1.570796 0.000001 1.570796
    82 -0.000001 0.000000 0.000002 -1.570796 0.000001 1.570796
    83 0.000001 0.000000 0.000000 -1.570796 0.000000 1.570796
  time 12
    0 -1.046000 -13.102654 -6.554950 -3.564916 0.343801 0.074971
    1 0.073573 17.526917 0.777220 0.000000 0.000001 0.000000
    2 -0.226386 4.254942 -0.608961 0.000000 -0.000001 0.000000
    3 -0.319434 7.432251 -1.054517 0.000000 0.000001 0.000000
    4 -0.045094 3.566423 0.891595 0.000000 -0.000001 0.000000
    5 -0.116185 1.807585 2.464996 0.903681 0.000002 0.000000
    6 0.000000 1.030615 0.000004 -2.664324 -0.016706 -3.118421
    7 -0.000002 5.179932 -0.000037 0.237238 -0.002896 0.011076
    8 -0.218267 25.777573 2.487072 2.567320 0.000002 0.000000
    9 0.000000 0.870350 0.000008 -0.030346 -0.001750 0.010399
    10 0.000000 4.478401 0.000072 0.338135 -0.004799 0.013712
    11 -0.408506 15.700035 7.049725 -1.688634 0.000527 0.010891
    12 2.370561 -26.055452 -5.418998 0.867185 -0.048210 2.178782
    13 -1.294654 1.473667 0.640471 2.361876 -0.514949 -2.105093
    14 0.000011 1.832554 0.000004 0.105672 -0.242335 -0.022342
    15 0.000000 1.003359 0.000001 0.156021 -0.012837 -0.172495
    16 -1.632739 4.327644 -0.483953 0.365948 0.282526 -0.018914
    17 -0.000010 1.637142 0.000010 1.001957 0.015772 -0.110368
    18 0.000007 1.100985 0.000004 0.016835 0.076959 -0.068142
    19 -0.500328 4.452953 -0.532495 0.396541 0.287798 0.017522
    20 -0.000010 1.442617 -0.000010 1.327527 0.029307 -0.036669
    21 -0.000003 1.302446 0.000004 0.004462 -0.041924 0.002935
    22 0.523221 4.540312 -0.480714 0.856087 0.290085 -0.284932
    23 -0.000001 1.198256 0.000008 0.732584 -0.133871 0.043066
    24 -0.000012 0.869780 0.000015 0.218278 0.063758 -0.018648
    25 1.354362 4.150681 -0.582655 0.848432 0.193448 -0.436427
    26 0.000000 1.157421 -0.000006 0.969728 -0.115777 0.002583
    27 0.000001 1.020055 0.000002 -0.120872 -0.015645 -0.025802
    28 5.003218 -8.070315 -8.112608 -2.527849 0.161032 0.142305
    29 0.000038 12.695422 -0.000004 -1.358435 0.396636 0.417243
    30 -5.571086 -11.045140 -10.243364 0.691754 0.218287 3.240029
    31 -1.391397 1.476538 -0.700638 -1.757657 -1.119879 2.167452
    32 0.000002 1.751797 -0.000002 -0.382818 -0.196569 -0.169475
    33 0.000010 1.122969 0.000000 -0.357758 -0.049100 -0.094333
    34 -1.596883 4.441620 0.708540 1.210729 -1.271971 -1.020116
    35 -0.000008 1.481951 -0.000008 0.023809 0.033061 0.420467
    36 0.000002 1.056648 -0.000004 -0.034311 -0.169064 0.159928
    37 -0.470901 4.219486 0.926555 -2.950415 -0.100096 -3.072707
    38 -0.000010 1.609821 0.000004 0.466372 -0.017922 0.086540
    39 -0.000002 1.562311 0.000013 0.421631 0.025663 -0.031595
    40 0.576838 4.298388 0.639431 -2.596765 -0.094721 -3.016075
    41 0.000002 1.553762 -0.000008 0.640357 0.140504 0.008694
    42 0.000003 0.874434 -0.000006 0.275019 0.105560 0.201345
    43 1.459885 4.275572 0.219019 -2.206104 -0.186711 3.315472
    44 -0.000010 0.973051 -0.000004 1.124071 0.217315 0.114332
    45 0.000007 0.970890 0.000004 1.135736 0.085149 0.151868
    46 -7.008868 4.575658 -7.491495 -1.914329 0.566579 0.438527
    47 0.000011 12.706367 0.000010 -1.751336 0.276132 0.165514
    48 0.000000 0.000000 0.000000 1.570796 0.000000 1.570796
    49 -0.000006 1.500006 0.000000 1.570796 0.000000 1.570796
    50 0.000000 -0.299999 0.000000 -1.570796 0.000000 1.570796
    51 0.000000 0.000000 0.000000 0.000000 0.000000 1.570796
    52 0.000000 0.000000 0.000000 0.000000 0.000000 1.570796
    53 0.000000 0.000002 0.000001 0.000000 0.000000 1.919862
    54 0.000000 0.000000 0.000000 -1.570796 0.000000 1.570796
    55 0.000000 0.000000 0.000002 -1.570797 0.000000 1.570796
    56 -0.000002 -0.000002 0.000004 -1.570797 0.000001 1.570796
    57 0.000003 0.000000 0.000000 -1.570796 0.000000 1.570796
    58 0.000002 0.000003 0.000000 -1.570796 0.000000 1.570796
    59 0.000000 0.000000 0.000000 -1.570796 0.000000 1.570796
    60 -0.000001 0.000011 0.000000 -1.570796 0.000000 1.570796
    61 0.000000 0.000000 0.000000 -1.570796 -0.000001 1.570796
    62 0.000000 -0.000001 0.000000 -1.570796 0.000000 1.570796
    63 -0.000002 0.000002 -0.000002 -1.570796 0.000000 1.570796
    64 0.000000 0.000000 0.000000 -1.570797 0.000000 1.570796
    65 0.000000 0.000000 0.000000 -1.570797 0.000000 1.570796
    66 0.000000 0.000000 0.000000 1.570796 0.000000 1.570796
    67 0.000000 1.500000 0.000000 1.570796 0.000000 1.570796
    68 0.000000 0.300001 0.000000 1.570796 0.000000 1.570796
    69 -0.000011 0.000002 -0.000004 -3.141593 0.000001 1.570796
    70 0.000000 0.000000 0.000000 3.141593 0.000000 1.570796
    71 0.000001 0.000000 0.000000 -3.141593 0.000000 1.221730
    72 0.000000 0.000000 0.000000 3.141593 0.000000 1.570796
    73 0.000000 -0.000002 0.000000 3.141593 0.000000 1.570796
    74 0.000004 0.000000 0.000000 3.141593 0.000000 1.570797
    75 -0.000004 0.000000 0.000002 -1.570796 0.000000 1.570796
    76 0.000000 -0.000001 0.000008 -1.570796 0.000000 1.570796
    77 0.000001 0.000000 0.000000 -1.570796 0.000000 1.570796
    78 0.000001 0.000002 0.000000 -1.570796 0.000000 1.570796
    79 0.000000 0.000000 0.000000 -1.570796 0.000000 1.570796
    80 0.000001 0.000000 0.000000 -1.570796 0.000000 1.570796
    81 0.000001 0.000000 0.000000 -1.570796 0.000001 1.570796
    82 -0.000001 0.000000 0.000002 -1.570796 0.000001 1.570796
    83 0.000001 0.000000 0.000000 -1.570796 0.000000 1.570796
  time 13
    0 -0.807711 -13.274535 -6.754175 -3.613517 0.439893 0.068459
    1 0.073573 17.526917 0.777220 0.000000 0.000001 0.000000
    2 -0.226386 4.254942 -0.608961 0.000000 -0.000001 0.000000
    3 -0.319434 7.424438 -1.050611 0.000000 0.000001 0.000000
    4 -0.045094 3.566423 0.891595 0.000000 -0.000001 0.000000
    5 -0.116185 1.807585 2.464996 0.900579 0.000002 0.000000
    6 0.000000 1.030615 0.000004 -2.664712 -0.022806 -3.109921
    7 -0.000002 5.179932 -0.000037 0.232454 -0.001350 0.004856
    8 -0.218267 25.777573 2.487072 2.569813 0.000002 0.000000
    9 0.000000 0.870350 0.000008 -0.029099 -0.004231 0.025082
    10 0.000000 4.478401 0.000072 0.331263 -0.007387 0.021466
    11 -0.599918 15.700035 7.049725 -1.727055 0.000899 0.015931
    12 2.886202 -26.129673 -5.282275 0.973193 -0.058895 2.185146
    13 -1.294654 1.473667 0.640471 2.361876 -0.514949 -2.105093
    14 0.000011 1.832554 0.000004 0.105672 -0.242335 -0.022342
    15 0.000000 1.003359 0.000001 0.156021 -0.012873 -0.172530
    16 -1.632739 4.327644 -0.483953 0.365948 0.282526 -0.018914
    17 -0.000010 1.637142 0.000010 1.001957 0.015772 -0.110368
    18 0.000007 1.100985 0.000004 0.016835 0.076959 -0.068142
    19 -0.500328 4.452953 -0.532495 0.396541 0.287798 0.017522
    20 -0.000010 1.442617 -0.000010 1.327527 0.029307 -0.036669
    21 -0.000003 1.302446 0.000004 0.004462 -0.041924 0.002935
    22 0.523221 4.540312 -0.480714 0.856087 0.290085 -0.284932
    23 -0.000001 1.198256 0.000008 0.732584 -0.133871 0.043102
    24 -0.000012 0.869780 0.000015 0.218278 0.063758 -0.018648
    25 1.354362 4.150681 -0.582655 0.848409 0.193448 -0.436427
    26 0.000000 1.157421 -0.000006 0.969728 -0.115777 0.002583
    27 0.000001 1.020055 0.000002 -0.120872 -0.015645 -0.025802
    28 5.003218 -8.070315 -8.112608 -2.532451 0.176117 0.167900
    29 0.000038 12.695422 -0.000004 -1.357004 0.396056 0.416956
    30 -5.121853 -11.931885 -9.364431 0.765672 0.034094 3.186220
    31 -1.391397 1.476538 -0.700638 -1.757657 -1.119867 2.167452
    32 0.000002 1.751797 -0.000002 -0.382818 -0.196569 -0.169475
    33 0.000010 1.122969 0.000000 -0.357758 -0.049100 -0.094345
    34 -1.596883 4.441620 0.708540 1.256460 -1.247739 -1.068420
    35 -0.000008 1.481951 -0.000008 0.022047 0.027752 0.482619
    36 0.000002 1.056648 -0.000004 -0.036204 -0.168681 0.171490
    37 -0.470901 4.219486 0.926555 -2.987837 -0.096860 -3.058446
    38 -0.000010 1.609821 0.000004 0.479519 -0.014111 0.081735
    39 -0.000002 1.562311 0.000013 0.423745 0.025663 -0.031595
    40 0.576838 4.298388 0.639431 -2.624173 -0.092336 -3.008908
    41 0.000002 1.553762 -0.000008 0.647081 0.140540 0.008718
    42 0.000003 0.874434 -0.000006 0.281735 0.105548 0.201441
    43 1.459885 4.275572 0.219019 -2.212864 -0.186735 3.315472
    44 -0.000010 0.973051 -0.000004 1.143928 0.217327 0.114332
    45 0.000007 0.970890 0.000004 1.128953 0.085089 0.151928
    46 -7.008868 4.575658 -7.491495 -2.039056 0.561558 0.406478
    47 0.000011 12.706367 0.000010 -1.672084 0.263033 0.167455
    48 0.000000 0.000000 0.000000 1.570796 0.000000 1.570796
    49 -0.000006 1.500006 0.000000 1.570796 0.000000 1.570796
    50 0.000000 -0.299999 0.000000 -1.570796 0.000000 1.570796
    51 0.000000 0.000000 0.000000 0.000000 0.000000 1.570796
    52 0.000000 0.000000 0.000000 0.000000 0.000000 1.570796
    53 0.000000 0.000002 0.000001 0.000000 0.000000 1.919862
    54 0.000000 0.000000 0.000000 -1.570796 0.000000 1.570796
    55 0.000000 0.000000 0.000002 -1.570797 0.000000 1.570796
    56 -0.000002 -0.000002 0.000004 -1.570797 0.000001 1.570796
    57 0.000003 0.000000 0.000000 -1.570796 0.000000 1.570796
    58 0.000002 0.000003 0.000000 -1.570796 0.000000 1.570796
    59 0.000000 0.000000 0.000000 -1.570796 0.000000 1.570796
    60 -0.000001 0.000011 0.000000 -1.570796 0.000000 1.570796
    61 0.000000 0.000000 0.000000 -1.570796 -0.000001 1.570796
    62 0.000000 -0.000001 0.000000 -1.570796 0.000000 1.570796
    63 -0.000002 0.000002 -0.000002 -1.570796 0.000000 1.570796
    64 0.000000 0.000000 0.000000 -1.570797 0.000000 1.570796
    65 0.000000 0.000000 0.000000 -1.570797 0.000000 1.570796
    66 0.000000 0.000000 0.000000 1.570796 0.000000 1.570796
    67 0.000000 1.500000 0.000000 1.570796 0.000000 1.570796
    68 0.000000 0.300001 0.000000 1.570796 0.000000 1.570796
    69 -0.000011 0.000002 -0.000004 -3.141593 0.000001 1.570796
    70 0.000000 0.000000 0.000000 3.141593 0.000000 1.570796
    71 0.000001 0.000000 0.000000 -3.141593 0.000000 1.221730
    72 0.000000 0.000000 0.000000 3.141593 0.000000 1.570796
    73 0.000000 -0.000002 0.000000 3.141593 0.000000 1.570796
    74 0.000004 0.000000 0.000000 3.141593 0.000000 1.570797
    75 -0.000004 0.000000 0.000002 -1.570796 0.000000 1.570796
    76 0.000000 -0.000001 0.000008 -1.570796 0.000000 1.570796
    77 0.000001 0.000000 0.000000 -1.570796 0.000000 1.570796
    78 0.000001 0.000002 0.000000 -1.570796 0.000000 1.570796
    79 0.000000 0.000000 0.000000 -1.570796 0.000000 1.570796
    80 0.000001 0.000000 0.000000 -1.570796 0.000000 1.570796
    81 0.000001 0.000000 0.000000 -1.570796 0.000001 1.570796
    82 -0.000001 0.000000 0.000002 -1.570796 0.000001 1.570796
    83 0.000001 0.000000 0.000000 -1.570796 0.000000 1.570796
  time 14
    0 -0.588955 -13.434696 -6.945587 -3.663465 0.536080 0.055910
    1 0.073573 17.526917 0.777220 0.000000 0.000001 0.000000
    2 -0.226386 4.254942 -0.608961 0.000000 -0.000001 0.000000
    3 -0.319434 7.432251 -1.050611 0.000000 0.000001 0.000000
    4 -0.045094 3.566423 0.891595 0.000000 -0.000001 0.000000
    5 -0.116185 1.807585 2.464996 0.895800 0.000002 0.000000
    6 0.000000 1.030615 0.000004 -2.665488 -0.028750 -3.101673
    7 -0.000002 5.179932 -0.000037 0.225173 0.000088 -0.001016
    8 -0.218267 25.777573 2.487072 2.573767 0.000002 0.000000
    9 0.000000 0.870350 0.000008 -0.027386 -0.006604 0.039606
    10 0.000000 4.478401 0.000072 0.320061 -0.010000 0.028369
    11 -0.791330 15.700035 7.049725 -1.765188 0.001380 0.021995
    12 3.397936 -26.172643 -5.180709 1.078967 -0.071955 2.189196
    13 -1.294654 1.473667 0.640471 2.361876 -0.514949 -2.105093
    14 0.000011 1.832554 0.000004 0.105672 -0.242335 -0.022342
    15 0.000000 1.003359 0.000001 0.156033 -0.012873 -0.172565
    16 -1.632739 4.327644 -0.483953 0.365948 0.282526 -0.018914
    17 -0.000010 1.637142 0.000010 1.001957 0.015772 -0.110368
    18 0.000007 1.100985 0.000004 0.016835 0.076959 -0.068142
    19 -0.500328 4.452953 -0.532495 0.396541 0.287798 0.017522
    20 -0.000010 1.442617 -0.000010 1.327527 0.029307 -0.036669
    21 -0.000003 1.302446 0.000004 0.004462 -0.041924 0.002935
    22 0.523221 4.540312 -0.480714 0.856136 0.290085 -0.284932
    23 -0.000001 1.198256 0.000008 0.732584 -0.133871 0.043090
    24 -0.000012 0.869780 0.000015 0.218278 0.063758 -0.018648
    25 1.354362 4.150681 -0.582655 0.848432 0.193448 -0.436427
    26 0.000000 1.157421 -0.000006 0.969728 -0.115777 0.002583
    27 0.000001 1.020055 0.000002 -0.120872 -0.015645 -0.025802
    28 5.003218 -8.070315 -8.112608 -2.533507 0.189878 0.193769
    29 0.000038 12.695422 -0.000004 -1.357277 0.396114 0.416956
    30 -4.555430 -12.670189 -8.536281 0.827363 -0.132484 3.130217
    31 -1.391397 1.476538 -0.700638 -1.757588 -1.119879 2.167452
    32 0.000002 1.751797 -0.000002 -0.382818 -0.196569 -0.169475
    33 0.000010 1.122969 0.000000 -0.357758 -0.049100 -0.094357
    34 -1.596883 4.441620 0.708540 1.289662 -1.226704 -1.106605
    35 -0.000008 1.481951 -0.000008 0.020681 0.022982 0.552165
    36 0.000002 1.056648 -0.000004 -0.041645 -0.167386 0.203971
    37 -0.470901 4.219486 0.926555 -3.020542 -0.093493 -3.044232
    38 -0.000010 1.609821 0.000004 0.516183 -0.010312 0.077948
    39 -0.000002 1.562311 0.000013 0.429872 0.025675 -0.031595
    40 0.576838 4.298388 0.639431 -2.647735 -0.089423 -3.001790
    41 0.000002 1.553762 -0.000008 0.665840 0.140612 0.008766
    42 0.000003 0.874434 -0.000006 0.300466 0.105488 0.201633
    43 1.459885 4.275572 0.219019 -2.219383 -0.186735 3.315472
    44 -0.000010 0.973051 -0.000004 1.163823 0.217339 0.114332
    45 0.000007 0.970890 0.000004 1.122410 0.084982 0.151988
    46 -7.008868 4.575658 -7.491495 -2.145410 0.566461 0.391988
    47 0.000011 12.706367 0.000010 -1.594988 0.250593 0.168306
    48 0.000000 0.000000 0.000000 1.570796 0.000000 1.570796
    49 -0.000006 1.500006 0.000000 1.570796 0.000000 1.570796
    50 0.000000 -0.299999 0.000000 -1.570796 0.000000 1.570796
    51 0.000000 0.000000 0.000000 0.000000 0.000000 1.570796
    52 0.000000 0.000000 0.000000 0.000000 0.000000 1.570796
    53 0.000000 0.000002 0.000001 0.000000 0.000000 1.919862
    54 0.000000 0.000000 0.000000 -1.570796 0.000000 1.570796
    55 0.000000 0.000000 0.000002 -1.570797 0.000000 1.570796
    56 -0.000002 -0.000002 0.000004 -1.570797 0.000001 1.570796
    57 0.000003 0.000000 0.000000 -1.570796 0.000000 1.570796
    58 0.000002 0.000003 0.000000 -1.570796 0.000000 1.570796
    59 0.000000 0.000000 0.000000 -1.570796 0.000000 1.570796
    60 -0.000001 0.000011 0.000000 -1.570796 0.000000 1.570796
    61 0.000000 0.000000 0.000000 -1.570796 -0.000001 1.570796
    62 0.000000 -0.000001 0.000000 -1.570796 0.000000 1.570796
    63 -0.000002 0.000002 -0.000002 -1.570796 0.000000 1.570796
    64 0.000000 0.000000 0.000000 -1.570797 0.000000 1.570796
    65 0.000000 0.000000 0.000000 -1.570797 0.000000 1.570796
    66 0.000000 0.000000 0.000000 1.570796 0.000000 1.570796
    67 0.000000 1.500000 0.000000 1.570796 0.000000 1.570796
    68 0.000000 0.300001 0.000000 1.570796 0.000000 1.570796
    69 -0.000011 0.000002 -0.000004 -3.141593 0.000001 1.570796
    70 0.000000 0.000000 0.000000 3.141593 0.000000 1.570796
    71 0.000001 0.000000 0.000000 -3.141593 0.000000 1.221730
    72 0.000000 0.000000 0.000000 3.141593 0.000000 1.570796
    73 0.000000 -0.000002 0.000000 3.141593 0.000000 1.570796
    74 0.000004 0.000000 0.000000 3.141593 0.000000 1.570797
    75 -0.000004 0.000000 0.000002 -1.570796 0.000000 1.570796
    76 0.000000 -0.000001 0.000008 -1.570796 0.000000 1.570796
    77 0.000001 0.000000 0.000000 -1.570796 0.000000 1.570796
    78 0.000001 0.000002 0.000000 -1.570796 0.000000 1.570796
    79 0.000000 0.000000 0.000000 -1.570796 0.000000 1.570796
    80 0.000001 0.000000 0.000000 -1.570796 0.000000 1.570796
    81 0.000001 0.000000 0.000000 -1.570796 0.000001 1.570796
    82 -0.000001 0.000000 0.000002 -1.570796 0.000001 1.570796
    83 0.000001 0.000000 0.000000 -1.570796 0.000000 1.570796
  time 15
    0 -0.389730 -13.579231 -7.136999 -3.714600 0.629151 0.036916
    1 0.073573 17.526917 0.777220 0.000000 0.000001 0.000000
    2 -0.226386 4.254942 -0.608961 0.000000 -0.000001 0.000000
    3 -0.319434 7.428344 -1.050611 0.000000 0.000001 0.000000
    4 -0.045094 3.566423 0.891595 0.000000 -0.000001 0.000000
    5 -0.116185 1.807585 2.464996 0.889987 0.000002 0.000000
    6 0.000000 1.030615 0.000004 -2.666326 -0.034227 -3.094086
    7 -0.000002 5.179932 -0.000037 0.216352 0.001190 -0.005978
    8 -0.218267 25.777573 2.487072 2.579113 0.000002 0.000000
    9 0.000000 0.870350 0.000008 -0.025037 -0.008845 0.052936
    10 0.000000 4.478401 0.000072 0.305866 -0.011858 0.033930
    11 -0.963210 15.700035 7.049725 -1.800785 0.002211 0.029149
    12 3.890138 -26.180456 -5.157271 1.181550 -0.086389 2.190518
    13 -1.294654 1.473667 0.640471 2.361876 -0.514949 -2.105093
    14 0.000011 1.832554 0.000004 0.105672 -0.242335 -0.022342
    15 0.000000 1.003359 0.000001 0.156021 -0.012837 -0.172530
    16 -1.632739 4.327644 -0.483953 0.365948 0.282526 -0.018914
    17 -0.000010 1.637142 0.000010 1.001957 0.015784 -0.110368
    18 0.000007 1.100985 0.000004 0.016835 0.076959 -0.068142
    19 -0.500328 4.452953 -0.532495 0.396541 0.287798 0.017522
    20 -0.000010 1.442617 -0.000010 1.327527 0.029307 -0.036669
    21 -0.000003 1.302446 0.000004 0.004462 -0.041924 0.002923
    22 0.523221 4.540312 -0.480714 0.856087 0.290085 -0.284932
    23 -0.000001 1.198256 0.000008 0.732584 -0.133871 0.043102
    24 -0.000012 0.869780 0.000015 0.218278 0.063758 -0.018624
    25 1.354362 4.150681 -0.582655 0.848432 0.193448 -0.436427
    26 0.000000 1.157421 -0.000006 0.969728 -0.115777 0.002583
    27 0.000001 1.020055 0.000002 -0.120872 -0.015645 -0.025802
    28 5.003218 -8.070315 -8.112608 -2.531244 0.202184 0.219227
    29 0.000038 12.695422 -0.000004 -1.358435 0.396597 0.417230
    30 -3.946036 -13.232706 -7.844853 0.912304 -0.277694 3.074023
    31 -1.391397 1.476538 -0.700638 -1.757553 -1.119879 2.167452
    32 0.000002 1.751797 -0.000002 -0.382818 -0.196569 -0.169475
    33 0.000010 1.122969 0.000000 -0.357758 -0.049100 -0.094333
    34 -1.596883 4.441620 0.708540 1.314663 -1.208745 -1.137563
    35 -0.000008 1.481951 -0.000008 0.019722 0.018584 0.627352
    36 0.000002 1.056648 -0.000004 -0.050047 -0.165145 0.254040
    37 -0.470901 4.219486 0.926555 -3.048862 -0.089550 -3.030474
    38 -0.000010 1.609821 0.000004 0.572921 -0.006453 0.075131
    39 -0.000002 1.562311 0.000013 0.439124 0.025687 -0.031595
    40 0.576838 4.298388 0.639431 -2.667558 -0.086463 -2.994551
    41 0.000002 1.553762 -0.000008 0.694826 0.140624 0.008838
    42 0.000003 0.874434 -0.000006 0.329528 0.105429 0.202076
    43 1.459885 4.275572 0.219019 -2.226035 -0.186783 3.315472
    44 -0.000010 0.973051 -0.000004 1.183390 0.217339 0.114332
    45 0.000007 0.970890 0.000004 1.115927 0.084850 0.152048
    46 -7.008868 4.575658 -7.491495 -2.231270 0.576592 0.388067
    47 0.000011 12.706367 0.000010 -1.528290 0.239519 0.168066
    48 0.000000 0.000000 0.000000 1.570796 0.000000 1.570796
    49 -0.000006 1.500006 0.000000 1.570796 0.000000 1.570796
    50 0.000000 -0.299999 0.000000 -1.570796 0.000000 1.570796
    51 0.000000 0.000000 0.000000 0.000000 0.000000 1.570796
    52 0.000000 0.000000 0.000000 0.000000 0.000000 1.570796
    53 0.000000 0.000002 0.000001 0.000000 0.000000 1.919862
    54 0.000000 0.000000 0.000000 -1.570796 0.000000 1.570796
    55 0.000000 0.000000 0.000002 -1.570797 0.000000 1.570796
    56 -0.000002 -0.000002 0.000004 -1.570797 0.000001 1.570796
    57 0.000003 0.000000 0.000000 -1.570796 0.000000 1.570796
    58 0.000002 0.000003 0.000000 -1.570796 0.000000 1.570796
    59 0.000000 0.000000 0.000000 -1.570796 0.000000 1.570796
    60 -0.000001 0.000011 0.000000 -1.570796 0.000000 1.570796
    61 0.000000 0.000000 0.000000 -1.570796 -0.000001 1.570796
    62 0.000000 -0.000001 0.000000 -1.570796 0.000000 1.570796
    63 -0.000002 0.000002 -0.000002 -1.570796 0.000000 1.570796
    64 0.000000 0.000000 0.000000 -1.570797 0.000000 1.570796
    65 0.000000 0.000000 0.000000 -1.570797 0.000000 1.570796
    66 0.000000 0.000000 0.000000 1.570796 0.000000 1.570796
    67 0.000000 1.500000 0.000000 1.570796 0.000000 1.570796
    68 0.000000 0.300001 0.000000 1.570796 0.000000 1.570796
    69 -0.000011 0.000002 -0.000004 -3.141593 0.000001 1.570796
    70 0.000000 0.000000 0.000000 3.141593 0.000000 1.570796
    71 0.000001 0.000000 0.000000 -3.141593 0.000000 1.221730
    72 0.000000 0.000000 0.000000 3.141593 0.000000 1.570796
    73 0.000000 -0.000002 0.000000 3.141593 0.000000 1.570796
    74 0.000004 0.000000 0.000000 3.141593 0.000000 1.570797
    75 -0.000004 0.000000 0.000002 -1.570796 0.000000 1.570796
    76 0.000000 -0.000001 0.000008 -1.570796 0.000000 1.570796
    77 0.000001 0.000000 0.000000 -1.570796 0.000000 1.570796
    78 0.000001 0.000002 0.000000 -1.570796 0.000000 1.570796
    79 0.000000 0.000000 0.000000 -1.570796 0.000000 1.570796
    80 0.000001 0.000000 0.000000 -1.570796 0.000000 1.570796
    81 0.000001 0.000000 0.000000 -1.570796 0.000001 1.570796
    82 -0.000001 0.000000 0.000002 -1.570796 0.000001 1.570796
    83 0.000001 0.000000 0.000000 -1.570796 0.000000 1.570796
  time 16
    0 -0.213943 -13.708142 -7.316692 -3.767628 0.716399 0.011479
    1 0.073573 17.526917 0.777220 0.000000 0.000001 0.000000
    2 -0.226386 4.254942 -0.608961 0.000000 -0.000001 0.000000
    3 -0.319434 7.432251 -1.050611 0.000000 0.000001 0.000000
    4 -0.045094 3.566423 0.891595 0.000000 -0.000001 0.000000
    5 -0.116185 1.807585 2.464996 0.884116 0.000002 0.000000
    6 0.000000 1.030615 0.000004 -2.667226 -0.038782 -3.087853
    7 -0.000002 5.179932 -0.000037 0.207417 0.002281 -0.009777
    8 -0.218267 25.777573 2.487072 2.584506 0.000002 0.000000
    9 0.000000 0.870350 0.000008 -0.022604 -0.010510 0.064091
    10 0.000000 4.478401 0.000072 0.291204 -0.013416 0.037813
    11 -1.111652 15.700035 7.049725 -1.831519 0.003173 0.037394
    12 4.339371 -26.180456 -5.168990 1.278062 -0.101011 2.188948
    13 -1.294654 1.473667 0.640471 2.361876 -0.514949 -2.105093
    14 0.000011 1.832554 0.000004 0.105672 -0.242335 -0.022342
    15 0.000000 1.003359 0.000001 0.156033 -0.012837 -0.172495
    16 -1.632739 4.327644 -0.483953 0.365948 0.282526 -0.018914
    17 -0.000010 1.637142 0.000010 1.001957 0.015772 -0.110368
    18 0.000007 1.100985 0.000004 0.016835 0.076959 -0.068142
    19 -0.500328 4.452953 -0.532495 0.396541 0.287798 0.017522
    20 -0.000010 1.442617 -0.000010 1.327527 0.029307 -0.036669
    21 -0.000003 1.302446 0.000004 0.004462 -0.041924 0.002911
    22 0.523221 4.540312 -0.480714 0.856087 0.290085 -0.284932
    23 -0.000001 1.198256 0.000008 0.732584 -0.133871 0.043102
    24 -0.000012 0.869780 0.000015 0.218278 0.063758 -0.018648
    25 1.354362 4.150681 -0.582655 0.848409 0.193448 -0.436427
    26 0.000000 1.157421 -0.000006 0.969728 -0.115777 0.002583
    27 0.000001 1.020055 0.000002 -0.120872 -0.015645 -0.025802
    28 5.003218 -8.070315 -8.112608 -2.526491 0.212571 0.243317
    29 0.000038 12.695422 -0.000004 -1.360411 0.397409 0.417308
    30 -3.414770 -13.638969 -7.317493 0.986685 -0.400617 3.022886
    31 -1.391397 1.476538 -0.700638 -1.757657 -1.119891 2.167452
    32 0.000002 1.751797 -0.000002 -0.382818 -0.196569 -0.169475
    33 0.000010 1.122969 0.000000 -0.357758 -0.049100 -0.094333
    34 -1.596883 4.441620 0.708540 1.331919 -1.193666 -1.163582
    35 -0.000008 1.481951 -0.000008 0.019039 0.014677 0.705995
    36 0.000002 1.056648 -0.000004 -0.060437 -0.161646 0.318708
    37 -0.470901 4.219486 0.926555 -3.073054 -0.085307 -3.016991
    38 -0.000010 1.609821 0.000004 0.646059 -0.002570 0.073561
    39 -0.000002 1.562311 0.000013 0.451072 0.025699 -0.031607
    40 0.576838 4.298388 0.639431 -2.683893 -0.083383 -2.987408
    41 0.000002 1.553762 -0.000008 0.732005 0.140731 0.008958
    42 0.000003 0.874434 -0.000006 0.366682 0.105417 0.202472
    43 1.459885 4.275572 0.219019 -2.232410 -0.186807 3.315472
    44 -0.000010 0.973051 -0.000004 1.202484 0.217351 0.114332
    45 0.000007 0.970890 0.000004 1.109544 0.084742 0.152132
    46 -7.008868 4.575658 -7.491495 -2.294282 0.587048 0.389090
    47 0.000011 12.706367 0.000010 -1.474454 0.230482 0.167575
    48 0.000000 0.000000 0.000000 1.570796 0.000000 1.570796
    49 -0.000006 1.500006 0.000000 1.570796 0.000000 1.570796
    50 0.000000 -0.299999 0.000000 -1.570796 0.000000 1.570796
    51 0.000000 0.000000 0.000000 0.000000 0.000000 1.570796
    52 0.000000 0.000000 0.000000 0.000000 0.000000 1.570796
    53 0.000000 0.000002 0.000001 0.000000 0.000000 1.919862
    54 0.000000 0.000000 0.000000 -1.570796 0.000000 1.570796
    55 0.000000 0.000000 0.000002 -1.570797 0.000000 1.570796
    56 -0.000002 -0.000002 0.000004 -1.570797 0.000001 1.570796
    57 0.000003 0.000000 0.000000 -1.570796 0.000000 1.570796
    58 0.000002 0.000003 0.000000 -1.570796 0.000000 1.570796
    59 0.000000 0.000000 0.000000 -1.570796 0.000000 1.570796
    60 -0.000001 0.000011 0.000000 -1.570796 0.000000 1.570796
    61 0.000000 0.000000 0.000000 -1.570796 -0.000001 1.570796
    62 0.000000 -0.000001 0.000000 -1.570796 0.000000 1.570796
    63 -0.000002 0.000002 -0.000002 -1.570796 0.000000 1.570796
    64 0.000000 0.000000 0.000000 -1.570797 0.000000 1.570796
    65 0.000000 0.000000 0.000000 -1.570797 0.000000 1.570796
    66 0.000000 0.000000 0.000000 1.570796 0.000000 1.570796
    67 0.000000 1.500000 0.000000 1.570796 0.000000 1.570796
    68 0.000000 0.300001 0.000000 1.570796 0.000000 1.570796
    69 -0.000011 0.000002 -0.000004 -3.141593 0.000001 1.570796
    70 0.000000 0.000000 0.000000 3.141593 0.000000 1.570796
    71 0.000001 0.000000 0.000000 -3.141593 0.000000 1.221730
    72 0.000000 0.000000 0.000000 3.141593 0.000000 1.570796
    73 0.000000 -0.000002 0.000000 3.141593 0.000000 1.570796
    74 0.000004 0.000000 0.000000 3.141593 0.000000 1.570797
    75 -0.000004 0.000000 0.000002 -1.570796 0.000000 1.570796
    76 0.000000 -0.000001 0.000008 -1.570796 0.000000 1.570796
    77 0.000001 0.000000 0.000000 -1.570796 0.000000 1.570796
    78 0.000001 0.000002 0.000000 -1.570796 0.000000 1.570796
    79 0.000000 0.000000 0.000000 -1.570796 0.000000 1.570796
    80 0.000001 0.000000 0.000000 -1.570796 0.000000 1.570796
    81 0.000001 0.000000 0.000000 -1.570796 0.000001 1.570796
    82 -0.000001 0.000000 0.000002 -1.570796 0.000001 1.570796
    83 0.000001 0.000000 0.000000 -1.570796 0.000000 1.570796
  time 17
    0 -0.069408 -13.813614 -7.476853 -3.822003 0.795243 -0.020064
    1 0.073573 17.526917 0.777220 0.000000 0.000001 0.000000
    2 -0.226386 4.254942 -0.608961 0.000000 -0.000001 0.000000
    3 -0.319434 7.428344 -1.054517 0.000000 0.000001 0.000000
    4 -0.045094 3.566423 0.891595 0.000000 -0.000001 0.000000
    5 -0.116185 1.807585 2.464996 0.879493 0.000002 0.000000
    6 0.000000 1.030615 0.000004 -2.667831 -0.041898 -3.083603
    7 -0.000002 5.179932 -0.000037 0.200558 0.002748 -0.012174
    8 -0.218267 25.777573 2.487072 2.588628 0.000002 0.000000
    9 0.000000 0.870350 0.000008 -0.020542 -0.011877 0.071784
    10 0.000000 4.478401 0.000072 0.279550 -0.014195 0.040150
    11 -1.193686 15.700035 7.049725 -1.855416 0.004354 0.046782
    12 4.733914 -26.180456 -5.211960 1.366090 -0.114570 2.185146
    13 -1.294654 1.473667 0.640471 2.361876 -0.514949 -2.105093
    14 0.000011 1.832554 0.000004 0.105672 -0.242335 -0.022342
    15 0.000000 1.003359 0.000001 0.156021 -0.012825 -0.172530
    16 -1.632739 4.327644 -0.483953 0.365948 0.282526 -0.018914
    17 -0.000010 1.637142 0.000010 1.001957 0.015772 -0.110368
    18 0.000007 1.100985 0.000004 0.016835 0.076959 -0.068142
    19 -0.500328 4.452953 -0.532495 0.396541 0.287798 0.017522
    20 -0.000010 1.442617 -0.000010 1.327527 0.029307 -0.036669
    21 -0.000003 1.302446 0.000004 0.004462 -0.041924 0.002935
    22 0.523221 4.540312 -0.480714 0.856087 0.290085 -0.284932
    23 -0.000001 1.198256 0.000008 0.732584 -0.133871 0.043090
    24 -0.000012 0.869780 0.000015 0.218278 0.063758 -0.018648
    25 1.354362 4.150681 -0.582655 0.848409 0.193448 -0.436427
    26 0.000000 1.157421 -0.000006 0.969728 -0.115777 0.002583
    27 0.000001 1.020055 0.000002 -0.120872 -0.015645 -0.025802
    28 5.003218 -8.070315 -8.112608 -2.519777 0.221172 0.265011
    29 0.000038 12.695422 -0.000004 -1.362864 0.398453 0.417660
    30 -2.973350 -13.908508 -6.946388 1.051247 -0.506997 2.976042
    31 -1.391397 1.476538 -0.700638 -1.757484 -1.119879 2.167452
    32 0.000002 1.751797 -0.000002 -0.382818 -0.196569 -0.169475
    33 0.000010 1.122969 0.000000 -0.357758 -0.049100 -0.094345
    34 -1.596883 4.441620 0.708540 1.345245 -1.181467 -1.185626
    35 -0.000008 1.481951 -0.000008 0.018740 0.011238 0.785959
    36 0.000002 1.056648 -0.000004 -0.072590 -0.156624 0.394301
    37 -0.470901 4.219486 0.926555 -3.093528 -0.081136 -3.004215
    38 -0.000010 1.609821 0.000004 0.731964 0.001097 0.073202
    39 -0.000002 1.562311 0.000013 0.464889 0.025723 -0.031607
    40 0.576838 4.298388 0.639431 -2.697147 -0.080207 -2.980637
    41 0.000002 1.553762 -0.000008 0.775343 0.141055 0.009222
    42 0.000003 0.874434 -0.000006 0.410059 0.105237 0.203155
    43 1.459885 4.275572 0.219019 -2.238631 -0.186771 3.315556
    44 -0.000010 0.973051 -0.000004 1.220996 0.217351 0.114332
    45 0.000007 0.970890 0.000004 1.103361 0.084610 0.152239
    46 -7.008868 4.575658 -7.491495 -2.339803 0.596382 0.392585
    47 0.000011 12.706367 0.000010 -1.433249 0.223867 0.166760
    48 0.000000 0.000000 0.000000 1.570796 0.000000 1.570796
    49 -0.000006 1.500006 0.000000 1.570796 0.000000 1.570796
    50 0.000000 -0.299999 0.000000 -1.570796 0.000000 1.570796
    51 0.000000 0.000000 0.000000 0.000000 0.000000 1.570796
    52 0.000000 0.000000 0.000000 0.000000 0.000000 1.570796
    53 0.000000 0.000002 0.000001 0.000000 0.000000 1.919862
    54 0.000000 0.000000 0.000000 -1.570796 0.000000 1.570796
    55 0.000000 0.000000 0.000002 -1.570797 0.000000 1.570796
    56 -0.000002 -0.000002 0.000004 -1.570797 0.000001 1.570796
    57 0.000003 0.000000 0.000000 -1.570796 0.000000 1.570796
    58 0.000002 0.000003 0.000000 -1.570796 0.000000 1.570796
    59 0.000000 0.000000 0.000000 -1.570796 0.000000 1.570796
    60 -0.000001 0.000011 0.000000 -1.570796 0.000000 1.570796
    61 0.000000 0.000000 0.000000 -1.570796 -0.000001 1.570796
    62 0.000000 -0.000001 0.000000 -1.570796 0.000000 1.570796
    63 -0.000002 0.000002 -0.000002 -1.570796 0.000000 1.570796
    64 0.000000 0.000000 0.000000 -1.570797 0.000000 1.570796
    65 0.000000 0.000000 0.000000 -1.570797 0.000000 1.570796
    66 0.000000 0.000000 0.000000 1.570796 0.000000 1.570796
    67 0.000000 1.500000 0.000000 1.570796 0.000000 1.570796
    68 0.000000 0.300001 0.000000 1.570796 0.000000 1.570796
    69 -0.000011 0.000002 -0.000004 -3.141593 0.000001 1.570796
    70 0.000000 0.000000 0.000000 3.141593 0.000000 1.570796
    71 0.000001 0.000000 0.000000 -3.141593 0.000000 1.221730
    72 0.000000 0.000000 0.000000 3.141593 0.000000 1.570796
    73 0.000000 -0.000002 0.000000 3.141593 0.000000 1.570796
    74 0.000004 0.000000 0.000000 3.141593 0.000000 1.570797
    75 -0.000004 0.000000 0.000002 -1.570796 0.000000 1.570796
    76 0.000000 -0.000001 0.000008 -1.570796 0.000000 1.570796
    77 0.000001 0.000000 0.000000 -1.570796 0.000000 1.570796
    78 0.000001 0.000002 0.000000 -1.570796 0.000000 1.570796
    79 0.000000 0.000000 0.000000 -1.570796 0.000000 1.570796
    80 0.000001 0.000000 0.000000 -1.570796 0.000000 1.570796
    81 0.000001 0.000000 0.000000 -1.570796 0.000001 1.570796
    82 -0.000001 0.000000 0.000002 -1.570796 0.000001 1.570796
    83 0.000001 0.000000 0.000000 -1.570796 0.000000 1.570796
  time 18
    0 0.039971 -13.895647 -7.633108 -3.876859 0.863606 -0.056626
    1 0.073573 17.526917 0.777220 0.000000 0.000001 0.000000
    2 -0.226386 4.254942 -0.608961 0.000000 -0.000001 0.000000
    3 -0.319434 7.432251 -1.050611 0.000000 0.000001 0.000000
    4 -0.045094 3.566423 0.891595 0.000000 -0.000001 0.000000
    5 -0.116185 1.807585 2.464996 0.877679 0.000002 0.000000
    6 0.000000 1.030615 0.000004 -2.668188 -0.043024 -3.082060
    7 -0.000002 5.179932 -0.000037 0.197850 0.003036 -0.012989
    8 -0.218267 25.777573 2.487072 2.590486 0.000002 0.000000
    9 0.000000 0.870350 0.000008 -0.019775 -0.012188 0.074649
    10 0.000000 4.478401 0.000072 0.274936 -0.014386 0.040905
    11 -1.244469 15.700035 7.049725 -1.869953 0.005666 0.057367
    12 5.054236 -26.164831 -5.282275 1.443689 -0.126380 2.179939
    13 -1.294654 1.473667 0.640471 2.361876 -0.514949 -2.105093
    14 0.000011 1.832554 0.000004 0.105672 -0.242335 -0.022342
    15 0.000000 1.003359 0.000001 0.156021 -0.012825 -0.172530
    16 -1.632739 4.327644 -0.483953 0.365948 0.282526 -0.018914
    17 -0.000010 1.637142 0.000010 1.001957 0.015772 -0.110368
    18 0.000007 1.100985 0.000004 0.016835 0.076959 -0.068142
    19 -0.500328 4.452953 -0.532495 0.396541 0.287798 0.017522
    20 -0.000010 1.442617 -0.000010 1.327527 0.029307 -0.036669
    21 -0.000003 1.302446 0.000004 0.004462 -0.041924 0.002923
    22 0.523221 4.540312 -0.480714 0.856087 0.290085 -0.284932
    23 -0.000001 1.198256 0.000008 0.732584 -0.133871 0.043090
    24 -0.000012 0.869780 0.000015 0.218278 0.063758 -0.018648
    25 1.354362 4.150681 -0.582655 0.848432 0.193448 -0.436427
    26 0.000000 1.157421 -0.000006 0.969728 -0.115777 0.002583
    27 0.000001 1.020055 0.000002 -0.120872 -0.015645 -0.025802
    28 5.003218 -8.070315 -8.112608 -2.512082 0.227424 0.283352
    29 0.000038 12.695422 -0.000004 -1.366271 0.399806 0.417960
    30 -2.559275 -14.103827 -6.649504 1.107195 -0.602655 2.929007
    31 -1.391397 1.476538 -0.700638 -1.757657 -1.119879 2.167452
    32 0.000002 1.751797 -0.000002 -0.382818 -0.196569 -0.169475
    33 0.000010 1.122969 0.000000 -0.357758 -0.049100 -0.094333
    34 -1.596883 4.441620 0.708540 1.354243 -1.171756 -1.204538
    35 -0.000008 1.481951 -0.000008 0.018320 0.008098 0.865364
    36 0.000002 1.056648 -0.000004 -0.085185 -0.150129 0.477267
    37 -0.470901 4.219486 0.926555 -3.110438 -0.077158 -2.992159
    38 -0.000010 1.609821 0.000004 0.826507 0.004693 0.073537
    39 -0.000002 1.562311 0.000013 0.480207 0.025735 -0.031607
    40 0.576838 4.298388 0.639431 -2.707886 -0.077139 -2.974021
    41 0.000002 1.553762 -0.000008 0.822947 0.141223 0.009353
    42 0.000003 0.874434 -0.000006 0.457585 0.104901 0.203778
    43 1.459885 4.275572 0.219019 -2.244359 -0.186819 3.315580
    44 -0.000010 0.973051 -0.000004 1.238490 0.217351 0.114332
    45 0.000007 0.970890 0.000004 1.097398 0.084550 0.152359
    46 -7.008868 4.575658 -7.491495 -2.375667 0.605686 0.398040
    47 0.000011 12.706367 0.000010 -1.399977 0.218426 0.165777
    48 0.000000 0.000000 0.000000 1.570796 0.000000 1.570796
    49 -0.000006 1.500006 0.000000 1.570796 0.000000 1.570796
    50 0.000000 -0.299999 0.000000 -1.570796 0.000000 1.570796
    51 0.000000 0.000000 0.000000 0.000000 0.000000 1.570796
    52 0.000000 0.000000 0.000000 0.000000 0.000000 1.570796
    53 0.000000 0.000002 0.000001 0.000000 0.000000 1.919862
    54 0.000000 0.000000 0.000000 -1.570796 0.000000 1.570796
    55 0.000000 0.000000 0.000002 -1.570797 0.000000 1.570796
    56 -0.000002 -0.000002 0.000004 -1.570797 0.000001 1.570796
    57 0.000003 0.000000 0.000000 -1.570796 0.000000 1.570796
    58 0.000002 0.000003 0.000000 -1.570796 0.000000 1.570796
    59 0.000000 0.000000 0.000000 -1.570796 0.000000 1.570796
    60 -0.000001 0.000011 0.000000 -1.570796 0.000000 1.570796
    61 0.000000 0.000000 0.000000 -1.570796 -0.000001 1.570796
    62 0.000000 -0.000001 0.000000 -1.570796 0.000000 1.570796
    63 -0.000002 0.000002 -0.000002 -1.570796 0.000000 1.570796
    64 0.000000 0.000000 0.000000 -1.570797 0.000000 1.570796
    65 0.000000 0.000000 0.000000 -1.570797 0.000000 1.570796
    66 0.000000 0.000000 0.000000 1.570796 0.000000 1.570796
    67 0.000000 1.500000 0.000000 1.570796 0.000000 1.570796
    68 0.000000 0.300001 0.000000 1.570796 0.000000 1.570796
    69 -0.000011 0.000002 -0.000004 -3.141593 0.000001 1.570796
    70 0.000000 0.000000 0.000000 3.141593 0.000000 1.570796
    71 0.000001 0.000000 0.000000 -3.141593 0.000000 1.221730
    72 0.000000 0.000000 0.000000 3.141593 0.000000 1.570796
    73 0.000000 -0.000002 0.000000 3.141593 0.000000 1.570796
    74 0.000004 0.000000 0.000000 3.141593 0.000000 1.570797
    75 -0.000004 0.000000 0.000002 -1.570796 0.000000 1.570796
    76 0.000000 -0.000001 0.000008 -1.570796 0.000000 1.570796
    77 0.000001 0.000000 0.000000 -1.570796 0.000000 1.570796
    78 0.000001 0.000002 0.000000 -1.570796 0.000000 1.570796
    79 0.000000 0.000000 0.000000 -1.570796 0.000000 1.570796
    80 0.000001 0.000000 0.000000 -1.570796 0.000000 1.570796
    81 0.000001 0.000000 0.000000 -1.570796 0.000001 1.570796
    82 -0.000001 0.000000 0.000002 -1.570796 0.000001 1.570796
    83 0.000001 0.000000 0.000000 -1.570796 0.000000 1.570796
  time 19
    0 0.110285 -13.946430 -7.769831 -3.930689 0.920198 -0.096240
    1 0.073573 17.526917 0.777220 0.000000 0.000001 0.000000
    2 -0.226386 4.254942 -0.608961 0.000000 -0.000001 0.000000
    3 -0.319434 7.443970 -1.054517 0.000000 0.000001 0.000000
    4 -0.045094 3.566423 0.891595 0.000000 -0.000001 0.000000
    5 -0.116185 1.807585 2.464996 0.880527 0.000002 0.000000
    6 0.000000 1.030615 0.000004 -2.667676 -0.041430 -3.084248
    7 -0.000002 5.179932 -0.000037 0.202212 0.002701 -0.011682
    8 -0.218267 25.777573 2.487072 2.587694 0.000002 0.000000
    9 0.000000 0.870350 0.000008 -0.021094 -0.011709 0.070630
    10 0.000000 4.478401 0.000072 0.282459 -0.014171 0.039922
    11 -1.185873 15.700035 7.049725 -1.878424 0.007962 0.069149
    12 5.288619 -26.133580 -5.356496 1.509535 -0.135753 2.173740
    13 -1.294654 1.473667 0.640471 2.361876 -0.514949 -2.105093
    14 0.000011 1.832554 0.000004 0.105672 -0.242335 -0.022342
    15 0.000000 1.003359 0.000001 0.156021 -0.012837 -0.172530
    16 -1.632739 4.327644 -0.483953 0.365948 0.282526 -0.018914
    17 -0.000010 1.637142 0.000010 1.001957 0.015784 -0.110368
    18 0.000007 1.100985 0.000004 0.016835 0.076959 -0.068142
    19 -0.500328 4.452953 -0.532495 0.396541 0.287798 0.017522
    20 -0.000010 1.442617 -0.000010 1.327527 0.029307 -0.036669
    21 -0.000003 1.302446 0.000004 0.004462 -0.041924 0.002923
    22 0.523221 4.540312 -0.480714 0.856087 0.290085 -0.284932
    23 -0.000001 1.198256 0.000008 0.732584 -0.133871 0.043090
    24 -0.000012 0.869780 0.000015 0.218278 0.063758 -0.018636
    25 1.354362 4.150681 -0.582655 0.848432 0.193448 -0.436427
    26 0.000000 1.157421 -0.000006 0.969728 -0.115777 0.002583
    27 0.000001 1.020055 0.000002 -0.120872 -0.015645 -0.025802
    28 5.003218 -8.070315 -8.112608 -2.504387 0.231890 0.297655
    29 0.000038 12.695422 -0.000004 -1.370359 0.401488 0.418338
    30 -2.203796 -14.197580 -6.422935 1.153417 -0.687897 2.882640
    31 -1.391397 1.476538 -0.700638 -1.757484 -1.119867 2.167365
    32 0.000002 1.751797 -0.000002 -0.382818 -0.196569 -0.169475
    33 0.000010 1.122969 0.000000 -0.357758 -0.049100 -0.094333
    34 -1.596883 4.441620 0.708540 1.360109 -1.164292 -1.220800
    35 -0.000008 1.481951 -0.000008 0.018200 0.005293 0.941847
    36 0.000002 1.056648 -0.000004 -0.097793 -0.142279 0.563858
    37 -0.470901 4.219486 0.926555 -3.124258 -0.073251 -2.980965
    38 -0.000010 1.609821 0.000004 0.925864 0.007809 0.074867
    39 -0.000002 1.562311 0.000013 0.496107 0.025759 -0.031607
    40 0.576838 4.298388 0.639431 -2.715903 -0.074263 -2.967885
    41 0.000002 1.553762 -0.000008 0.872557 0.141391 0.009401
    42 0.000003 0.874434 -0.000006 0.507185 0.104650 0.204401
    43 1.459885 4.275572 0.219019 -2.249812 -0.186843 3.315580
    44 -0.000010 0.973051 -0.000004 1.254747 0.217351 0.114332
    45 0.000007 0.970890 0.000004 1.092015 0.084502 0.152479
    46 -7.008868 4.575658 -7.491495 -2.402520 0.614045 0.403921
    47 0.000011 12.706367 0.000010 -1.374021 0.214195 0.164986
    48 0.000000 0.000000 0.000000 1.570796 0.000000 1.570796
    49 -0.000006 1.500006 0.000000 1.570796 0.000000 1.570796
    50 0.000000 -0.299999 0.000000 -1.570796 0.000000 1.570796
    51 0.000000 0.000000 0.000000 0.000000 0.000000 1.570796
    52 0.000000 0.000000 0.000000 0.000000 0.000000 1.570796
    53 0.000000 0.000002 0.000001 0.000000 0.000000 1.919862
    54 0.000000 0.000000 0.000000 -1.570796 0.000000 1.570796
    55 0.000000 0.000000 0.000002 -1.570797 0.000000 1.570796
    56 -0.000002 -0.000002 0.000004 -1.570797 0.000001 1.570796
    57 0.000003 0.000000 0.000000 -1.570796 0.000000 1.570796
    58 0.000002 0.000003 0.000000 -1.570796 0.000000 1.570796
    59 0.000000 0.000000 0.000000 -1.570796 0.000000 1.570796
    60 -0.000001 0.000011 0.000000 -1.570796 0.000000 1.570796
    61 0.000000 0.000000 0.000000 -1.570796 -0.000001 1.570796
    62 0.000000 -0.000001 0.000000 -1.570796 0.000000 1.570796
    63 -0.000002 0.000002 -0.000002 -1.570796 0.000000 1.570796
    64 0.000000 0.000000 0.000000 -1.570797 0.000000 1.570796
    65 0.000000 0.000000 0.000000 -1.570797 0.000000 1.570796
    66 0.000000 0.000000 0.000000 1.570796 0.000000 1.570796
    67 0.000000 1.500000 0.000000 1.570796 0.000000 1.570796
    68 0.000000 0.300001 0.000000 1.570796 0.000000 1.570796
    69 -0.000011 0.000002 -0.000004 -3.141593 0.000001 1.570796
    70 0.000000 0.000000 0.000000 3.141593 0.000000 1.570796
    71 0.000001 0.000000 0.000000 -3.141593 0.000000 1.221730
    72 0.000000 0.000000 0.000000 3.141593 0.000000 1.570796
    73 0.000000 -0.000002 0.000000 3.141593 0.000000 1.570796
    74 0.000004 0.000000 0.000000 3.141593 0.000000 1.570797
    75 -0.000004 0.000000 0.000002 -1.570796 0.000000 1.570796
    76 0.000000 -0.000001 0.000008 -1.570796 0.000000 1.570796
    77 0.000001 0.000000 0.000000 -1.570796 0.000000 1.570796
    78 0.000001 0.000002 0.000000 -1.570796 0.000000 1.570796
    79 0.000000 0.000000 0.000000 -1.570796 0.000000 1.570796
    80 0.000001 0.000000 0.000000 -1.570796 0.000000 1.570796
    81 0.000001 0.000000 0.000000 -1.570796 0.000001 1.570796
    82 -0.000001 0.000000 0.000002 -1.570796 0.000001 1.570796
    83 0.000001 0.000000 0.000000 -1.570796 0.000000 1.570796
  time 20
    0 0.133723 -13.962056 -7.887022 -3.980541 0.963916 -0.135787
    1 0.073573 17.526917 0.777220 0.000000 0.000001 0.000000
    2 -0.226386 4.254942 -0.608961 0.000000 -0.000001 0.000000
    3 -0.307715 7.436157 -1.042798 0.000000 0.000001 0.000000
    4 -0.045094 3.566423 0.891595 0.000000 -0.000001 0.000000
    5 -0.116185 1.807585 2.464996 0.887705 0.000002 0.000000
    6 0.000000 1.030615 0.000004 -2.666388 -0.037164 -3.090277
    7 -0.000002 5.179932 -0.000037 0.213271 0.001922 -0.008207
    8 -0.218267 25.777573 2.487072 2.581150 0.000002 0.000000
    9 0.000000 0.870350 0.000008 -0.023862 -0.009803 0.059568
    10 0.000000 4.478401 0.000072 0.301302 -0.012840 0.036458
    11 -1.053057 15.700035 7.049725 -1.885719 0.011417 0.081875
    12 5.433154 -26.090610 -5.430717 1.561916 -0.142314 2.167128
    13 -1.294654 1.473667 0.640471 2.361876 -0.514949 -2.105093
    14 0.000011 1.832554 0.000004 0.105672 -0.242335 -0.022342
    15 0.000000 1.003359 0.000001 0.156021 -0.012837 -0.172530
    16 -1.632739 4.327644 -0.483953 0.365948 0.282526 -0.018914
    17 -0.000010 1.637142 0.000010 1.001957 0.015772 -0.110368
    18 0.000007 1.100985 0.000004 0.016835 0.076959 -0.068142
    19 -0.500328 4.452953 -0.532495 0.396541 0.287798 0.017522
    20 -0.000010 1.442617 -0.000010 1.327527 0.029307 -0.036669
    21 -0.000003 1.302446 0.000004 0.004462 -0.041924 0.002935
    22 0.523221 4.540312 -0.480714 0.856087 0.290085 -0.284932
    23 -0.000001 1.198256 0.000008 0.732564 -0.133871 0.043090
    24 -0.000012 0.869780 0.000015 0.218278 0.063758 -0.018648
    25 1.354362 4.150681 -0.582655 0.848432 0.193448 -0.436427
    26 0.000000 1.157421 -0.000006 0.969728 -0.115777 0.002583
    27 0.000001 1.020055 0.000002 -0.120872 -0.015645 -0.025802
    28 5.003218 -8.070315 -8.112608 -2.496994 0.233908 0.307373
    29 0.000038 12.695422 -0.000004 -1.375333 0.403576 0.418703
    30 -1.926443 -14.275707 -6.235429 1.188153 -0.761038 2.839708
    31 -1.391397 1.476538 -0.700638 -1.757657 -1.119891 2.167452
    32 0.000002 1.751797 -0.000002 -0.382818 -0.196569 -0.169475
    33 0.000010 1.122969 0.000000 -0.357758 -0.049100 -0.094333
    34 -1.596883 4.441620 0.708540 1.363868 -1.158909 -1.234773
    35 -0.000008 1.481951 -0.000008 0.018188 0.002884 1.013426
    36 0.000002 1.056648 -0.000004 -0.109778 -0.133338 0.650083
    37 -0.470901 4.219486 0.926555 -3.135194 -0.069499 -2.970778
    38 -0.000010 1.609821 0.000004 1.025183 0.010409 0.076869
    39 -0.000002 1.562311 0.000013 0.511854 0.025783 -0.031607
    40 0.576838 4.298388 0.639431 -2.722004 -0.071410 -2.962240
    41 0.000002 1.553762 -0.000008 0.922195 0.141426 0.009581
    42 0.000003 0.874434 -0.000006 0.556805 0.104470 0.204892
    43 1.459885 4.275572 0.219019 -2.254906 -0.186855 3.315580
    44 -0.000010 0.973051 -0.000004 1.269586 0.217351 0.114332
    45 0.000007 0.970890 0.000004 1.086953 0.084454 0.152551
    46 -7.008868 4.575658 -7.491495 -2.421659 0.620661 0.409035
    47 0.000011 12.706367 0.000010 -1.357847 0.211691 0.164555
    48 0.000000 0.000000 0.000000 1.570796 0.000000 1.570796
    49 -0.000006 1.500006 0.000000 1.570796 0.000000 1.570796
    50 0.000000 -0.299999 0.000000 -1.570796 0.000000 1.570796
    51 0.000000 0.000000 0.000000 0.000000 0.000000 1.570796
    52 0.000000 0.000000 0.000000 0.000000 0.000000 1.570796
    53 0.000000 0.000002 0.000001 0.000000 0.000000 1.919862
    54 0.000000 0.000000 0.000000 -1.570796 0.000000 1.570796
    55 0.000000 0.000000 0.000002 -1.570797 0.000000 1.570796
    56 -0.000002 -0.000002 0.000004 -1.570797 0.000001 1.570796
    57 0.000003 0.000000 0.000000 -1.570796 0.000000 1.570796
    58 0.000002 0.000003 0.000000 -1.570796 0.000000 1.570796
    59 0.000000 0.000000 0.000000 -1.570796 0.000000 1.570796
    60 -0.000001 0.000011 0.000000 -1.570796 0.000000 1.570796
    61 0.000000 0.000000 0.000000 -1.570796 -0.000001 1.570796
    62 0.000000 -0.000001 0.000000 -1.570796 0.000000 1.570796
    63 -0.000002 0.000002 -0.000002 -1.570796 0.000000 1.570796
    64 0.000000 0.000000 0.000000 -1.570797 0.000000 1.570796
    65 0.000000 0.000000 0.000000 -1.570797 0.000000 1.570796
    66 0.000000 0.000000 0.000000 1.570796 0.000000 1.570796
    67 0.000000 1.500000 0.000000 1.570796 0.000000 1.570796
    68 0.000000 0.300001 0.000000 1.570796 0.000000 1.570796
    69 -0.000011 0.000002 -0.000004 -3.141593 0.000001 1.570796
    70 0.000000 0.000000 0.000000 3.141593 0.000000 1.570796
    71 0.000001 0.000000 0.000000 -3.141593 0.000000 1.221730
    72 0.000000 0.000000 0.000000 3.141593 0.000000 1.570796
    73 0.000000 -0.000002 0.000000 3.141593 0.000000 1.570796
    74 0.000004 0.000000 0.000000 3.141593 0.000000 1.570797
    75 -0.000004 0.000000 0.000002 -1.570796 0.000000 1.570796
    76 0.000000 -0.000001 0.000008 -1.570796 0.000000 1.570796
    77 0.000001 0.000000 0.000000 -1.570796 0.000000 1.570796
    78 0.000001 0.000002 0.000000 -1.570796 0.000000 1.570796
    79 0.000000 0.000000 0.000000 -1.570796 0.000000 1.570796
    80 0.000001 0.000000 0.000000 -1.570796 0.000000 1.570796
    81 0.000001 0.000000 0.000000 -1.570796 0.000001 1.570796
    82 -0.000001 0.000000 0.000002 -1.570796 0.000001 1.570796
    83 0.000001 0.000000 0.000000 -1.570796 0.000000 1.570796
  time 21
    0 0.118098 -13.942524 -7.980775 -4.022148 0.994258 -0.170924
    1 0.073573 17.526917 0.777220 0.000000 0.000001 0.000000
    2 -0.226386 4.254942 -0.608961 0.000000 -0.000001 0.000000
    3 -0.311621 7.428344 -1.038892 0.000000 0.000001 0.000000
    4 -0.045094 3.566423 0.891595 0.000000 -0.000001 0.000000
    5 -0.116185 1.807585 2.464996 0.896717 0.000002 0.000000
    6 0.000000 1.030615 0.000004 -2.664774 -0.030416 -3.099438
    7 -0.000002 5.179932 -0.000037 0.227411 0.000376 -0.002143
    8 -0.218267 25.777573 2.487072 2.572917 0.000002 0.000000
    9 0.000000 0.870350 0.000008 -0.027493 -0.007263 0.043134
    10 0.000000 4.478401 0.000072 0.324575 -0.010755 0.030094
    11 -0.826487 15.700035 7.045818 -1.891693 0.015856 0.095399
    12 5.491750 -26.028108 -5.485406 1.600132 -0.146001 2.160764
    13 -1.294654 1.473667 0.640471 2.361876 -0.514949 -2.105093
    14 0.000011 1.832554 0.000004 0.105672 -0.242335 -0.022342
    15 0.000000 1.003359 0.000001 0.156021 -0.012885 -0.172530
    16 -1.632739 4.327644 -0.483953 0.365948 0.282526 -0.018914
    17 -0.000010 1.637142 0.000010 1.001957 0.015772 -0.110368
    18 0.000007 1.100985 0.000004 0.016835 0.076959 -0.068142
    19 -0.500328 4.452953 -0.532495 0.396541 0.287798 0.017522
    20 -0.000010 1.442617 -0.000010 1.327527 0.029307 -0.036669
    21 -0.000003 1.302446 0.000004 0.004462 -0.041924 0.002899
    22 0.523221 4.540312 -0.480714 0.856087 0.290085 -0.284932
    23 -0.000001 1.198256 0.000008 0.732584 -0.133871 0.043090
    24 -0.000012 0.869780 0.000015 0.218278 0.063758 -0.018648
    25 1.354362 4.150681 -0.582655 0.848432 0.193448 -0.436427
    26 0.000000 1.157421 -0.000006 0.969728 -0.115777 0.002583
    27 0.000001 1.020055 0.000002 -0.120872 -0.015645 -0.025802
    28 5.003218 -8.070315 -8.112608 -2.490506 0.233875 0.312369
    29 0.000038 12.695422 -0.000004 -1.382283 0.406379 0.419355
    30 -1.742844 -14.275707 -6.098706 1.208902 -0.822385 2.803549
    31 -1.391397 1.476538 -0.700638 -1.757657 -1.119879 2.167452
    32 0.000002 1.751797 -0.000002 -0.382818 -0.196569 -0.169475
    33 0.000010 1.122969 0.000000 -0.357758 -0.049100 -0.094333
    34 -1.596883 4.441620 0.708540 1.365804 -1.155094 -1.246578
    35 -0.000008 1.481951 -0.000008 0.018248 0.000799 1.078500
    36 0.000002 1.056648 -0.000004 -0.120228 -0.123906 0.732265
    37 -0.470901 4.219486 0.926555 -3.143655 -0.066311 -2.961742
    38 -0.000010 1.609821 0.000004 1.120126 0.012471 0.079062
    39 -0.000002 1.562311 0.000013 0.527080 0.025795 -0.031607
    40 0.576838 4.298388 0.639431 -2.726294 -0.069062 -2.957279
    41 0.000002 1.553762 -0.000008 0.969771 0.141582 0.009905
    42 0.000003 0.874434 -0.000006 0.604331 0.104014 0.205552
    43 1.459885 4.275572 0.219019 -2.259220 -0.186891 3.315616
    44 -0.000010 0.973051 -0.000004 1.282788 0.217351 0.114332
    45 0.000007 0.970890 0.000004 1.082591 0.084406 0.152599
    46 -7.008868 4.575658 -7.491495 -2.432200 0.634514 0.413041
    47 0.000011 12.706367 0.000010 -1.351224 0.210348 0.164135
    48 0.000000 0.000000 0.000000 1.570796 0.000000 1.570796
    49 -0.000006 1.500006 0.000000 1.570796 0.000000 1.570796
    50 0.000000 -0.299999 0.000000 -1.570796 0.000000 1.570796
    51 0.000000 0.000000 0.000000 0.000000 0.000000 1.570796
    52 0.000000 0.000000 0.000000 0.000000 0.000000 1.570796
    53 0.000000 0.000002 0.000001 0.000000 0.000000 1.919862
    54 0.000000 0.000000 0.000000 -1.570796 0.000000 1.570796
    55 0.000000 0.000000 0.000002 -1.570797 0.000000 1.570796
    56 -0.000002 -0.000002 0.000004 -1.570797 0.000001 1.570796
    57 0.000003 0.000000 0.000000 -1.570796 0.000000 1.570796
    58 0.000002 0.000003 0.000000 -1.570796 0.000000 1.570796
    59 0.000000 0.000000 0.000000 -1.570796 0.000000 1.570796
    60 -0.000001 0.000011 0.000000 -1.570796 0.000000 1.570796
    61 0.000000 0.000000 0.000000 -1.570796 -0.000001 1.570796
    62 0.000000 -0.000001 0.000000 -1.570796 0.000000 1.570796
    63 -0.000002 0.000002 -0.000002 -1.570796 0.000000 1.570796
    64 0.000000 0.000000 0.000000 -1.570797 0.000000 1.570796
    65 0.000000 0.000000 0.000000 -1.570797 0.000000 1.570796
    66 0.000000 0.000000 0.000000 1.570796 0.000000 1.570796
    67 0.000000 1.500000 0.000000 1.570796 0.000000 1.570796
    68 0.000000 0.300001 0.000000 1.570796 0.000000 1.570796
    69 -0.000011 0.000002 -0.000004 -3.141593 0.000001 1.570796
    70 0.000000 0.000000 0.000000 3.141593 0.000000 1.570796
    71 0.000001 0.000000 0.000000 -3.141593 0.000000 1.221730
    72 0.000000 0.000000 0.000000 3.141593 0.000000 1.570796
    73 0.000000 -0.000002 0.000000 3.141593 0.000000 1.570796
    74 0.000004 0.000000 0.000000 3.141593 0.000000 1.570797
    75 -0.000004 0.000000 0.000002 -1.570796 0.000000 1.570796
    76 0.000000 -0.000001 0.000008 -1.570796 0.000000 1.570796
    77 0.000001 0.000000 0.000000 -1.570796 0.000000 1.570796
    78 0.000001 0.000002 0.000000 -1.570796 0.000000 1.570796
    79 0.000000 0.000000 0.000000 -1.570796 0.000000 1.570796
    80 0.000001 0.000000 0.000000 -1.570796 0.000000 1.570796
    81 0.000001 0.000000 0.000000 -1.570796 0.000001 1.570796
    82 -0.000001 0.000000 0.000002 -1.570796 0.000001 1.570796
    83 0.000001 0.000000 0.000000 -1.570796 0.000000 1.570796
  time 22
    0 0.071222 -13.883928 -8.051089 -4.052239 1.013961 -0.197040
    1 0.073573 17.526917 0.777220 0.000000 0.000001 0.000000
    2 -0.226386 4.254942 -0.608961 0.000000 -0.000001 0.000000
    3 -0.319434 7.428344 -1.062330 0.000000 0.000001 0.000000
    4 -0.045094 3.566423 0.891595 0.000000 -0.000001 0.000000
    5 -0.116185 1.807585 2.464996 0.904910 0.000002 0.000000
    6 0.000000 1.030615 0.000004 -2.663408 -0.022123 -3.111039
    7 -0.000002 5.179932 -0.000037 0.240692 -0.001770 0.006355
    8 -0.218267 25.777573 2.487072 2.565918 0.000002 0.000000
    9 0.000000 0.870350 0.000008 -0.030562 -0.003691 0.022615
    10 0.000000 4.478401 0.000072 0.345658 -0.007196 0.020615
    11 -0.560854 15.700035 7.045818 -1.896569 0.021126 0.109415
    12 5.491750 -25.930449 -5.516657 1.625660 -0.147938 2.156466
    13 -1.294654 1.473667 0.640471 2.361876 -0.514949 -2.105093
    14 0.000011 1.832554 0.000004 0.105672 -0.242335 -0.022342
    15 0.000000 1.003359 0.000001 0.156021 -0.012849 -0.172495
    16 -1.632739 4.327644 -0.483953 0.365948 0.282526 -0.018914
    17 -0.000010 1.637142 0.000010 1.001957 0.015772 -0.110368
    18 0.000007 1.100985 0.000004 0.016835 0.076959 -0.068142
    19 -0.500328 4.452953 -0.532495 0.396541 0.287798 0.017522
    20 -0.000010 1.442617 -0.000010 1.327527 0.029307 -0.036669
    21 -0.000003 1.302446 0.000004 0.004462 -0.041924 0.002923
    22 0.523221 4.540312 -0.480714 0.856136 0.290085 -0.284932
    23 -0.000001 1.198256 0.000008 0.732584 -0.133871 0.043090
    24 -0.000012 0.869780 0.000015 0.218278 0.063758 -0.018648
    25 1.354362 4.150681 -0.582655 0.848409 0.193448 -0.436427
    26 0.000000 1.157421 -0.000006 0.969728 -0.115777 0.002583
    27 0.000001 1.020055 0.000002 -0.120872 -0.015645 -0.025802
    28 5.003218 -8.070315 -8.112608 -2.483641 0.232320 0.314901
    29 0.000038 12.695422 -0.000004 -1.391345 0.410129 0.420098
    30 -1.629559 -14.236643 -5.989328 1.213070 -0.874771 2.779507
    31 -1.391397 1.476538 -0.700638 -1.757622 -1.119879 2.167452
    32 0.000002 1.751797 -0.000002 -0.382818 -0.196569 -0.169475
    33 0.000010 1.122969 0.000000 -0.357758 -0.049100 -0.094345
    34 -1.596883 4.441620 0.708540 1.366146 -1.152606 -1.256034
    35 -0.000008 1.481951 -0.000008 0.018368 -0.000903 1.135087
    36 0.000002 1.056648 -0.000004 -0.129241 -0.114618 0.806609
    37 -0.470901 4.219486 0.926555 -3.149950 -0.063483 -2.954000
    38 -0.000010 1.609821 0.000004 1.206012 0.014017 0.081543
    39 -0.000002 1.562311 0.000013 0.541050 0.025819 -0.031607
    40 0.576838 4.298388 0.639431 -2.729014 -0.066784 -2.952844
    41 0.000002 1.553762 -0.000008 1.013137 0.141846 0.010073
    42 0.000003 0.874434 -0.000006 0.647667 0.103847 0.206139
    43 1.459885 4.275572 0.219019 -2.263031 -0.186903 3.315616
    44 -0.000010 0.973051 -0.000004 1.294099 0.217351 0.114332
    45 0.000007 0.970890 0.000004 1.078709 0.084370 0.152647
    46 -7.008868 4.575658 -7.491495 -2.434673 0.662249 0.415598
    47 0.000011 12.706367 0.000010 -1.351070 0.210312 0.164135
    48 0.000000 0.000000 0.000000 1.570796 0.000000 1.570796
    49 -0.000006 1.500006 0.000000 1.570796 0.000000 1.570796
    50 0.000000 -0.299999 0.000000 -1.570796 0.000000 1.570796
    51 0.000000 0.000000 0.000000 0.000000 0.000000 1.570796
    52 0.000000 0.000000 0.000000 0.000000 0.000000 1.570796
    53 0.000000 0.000002 0.000001 0.000000 0.000000 1.919862
    54 0.000000 0.000000 0.000000 -1.570796 0.000000 1.570796
    55 0.000000 0.000000 0.000002 -1.570797 0.000000 1.570796
    56 -0.000002 -0.000002 0.000004 -1.570797 0.000001 1.570796
    57 0.000003 0.000000 0.000000 -1.570796 0.000000 1.570796
    58 0.000002 0.000003 0.000000 -1.570796 0.000000 1.570796
    59 0.000000 0.000000 0.000000 -1.570796 0.000000 1.570796
    60 -0.000001 0.000011 0.000000 -1.570796 0.000000 1.570796
    61 0.000000 0.000000 0.000000 -1.570796 -0.000001 1.570796
    62 0.000000 -0.000001 0.000000 -1.570796 0.000000 1.570796
    63 -0.000002 0.000002 -0.000002 -1.570796 0.000000 1.570796
    64 0.000000 0.000000 0.000000 -1.570797 0.000000 1.570796
    65 0.000000 0.000000 0.000000 -1.570797 0.000000 1.570796
    66 0.000000 0.000000 0.000000 1.570796 0.000000 1.570796
    67 0.000000 1.500000 0.000000 1.570796 0.000000 1.570796
    68 0.000000 0.300001 0.000000 1.570796 0.000000 1.570796
    69 -0.000011 0.000002 -0.000004 -3.141593 0.000001 1.570796
    70 0.000000 0.000000 0.000000 3.141593 0.000000 1.570796
    71 0.000001 0.000000 0.000000 -3.141593 0.000000 1.221730
    72 0.000000 0.000000 0.000000 3.141593 0.000000 1.570796
    73 0.000000 -0.000002 0.000000 3.141593 0.000000 1.570796
    74 0.000004 0.000000 0.000000 3.141593 0.000000 1.570797
    75 -0.000004 0.000000 0.000002 -1.570796 0.000000 1.570796
    76 0.000000 -0.000001 0.000008 -1.570796 0.000000 1.570796
    77 0.000001 0.000000 0.000000 -1.570796 0.000000 1.570796
    78 0.000001 0.000002 0.000000 -1.570796 0.000000 1.570796
    79 0.000000 0.000000 0.000000 -1.570796 0.000000 1.570796
    80 0.000001 0.000000 0.000000 -1.570796 0.000000 1.570796
    81 0.000001 0.000000 0.000000 -1.570796 0.000001 1.570796
    82 -0.000001 0.000000 0.000002 -1.570796 0.000001 1.570796
    83 0.000001 0.000000 0.000000 -1.570796 0.000000 1.570796
  time 23
    0 0.000907 -13.801894 -8.109685 -4.069081 1.025355 -0.210064
    1 0.073573 17.526917 0.777220 0.000000 0.000001 0.000000
    2 -0.226386 4.254942 -0.608961 0.000000 -0.000001 0.000000
    3 -0.319434 7.432251 -1.050611 0.000000 0.000001 0.000000
    4 -0.045094 3.566423 0.891595 0.000000 -0.000001 0.000000
    5 -0.116185 1.807585 2.464996 0.910274 0.000002 0.000000
    6 0.000000 1.030615 0.000004 -2.662213 -0.012344 -3.124544
    7 -0.000002 5.179932 -0.000037 0.249789 -0.004298 0.016565
    8 -0.218267 25.777573 2.487072 2.561687 0.000002 0.000000
    9 0.000000 0.870350 0.000008 -0.032156 0.000168 -0.000982
    10 0.000000 4.478401 0.000072 0.358800 -0.002749 0.008270
    11 -0.279595 15.700035 7.022380 -1.900321 0.027052 0.123697
    12 5.480031 -25.805445 -5.571346 1.639982 -0.149875 2.155557
    13 -1.294654 1.473667 0.640471 2.361876 -0.514949 -2.105093
    14 0.000011 1.832554 0.000004 0.105672 -0.242335 -0.022342
    15 0.000000 1.003359 0.000001 0.156021 -0.012849 -0.172530
    16 -1.632739 4.327644 -0.483953 0.365948 0.282526 -0.018914
    17 -0.000010 1.637142 0.000010 1.001957 0.015784 -0.110368
    18 0.000007 1.100985 0.000004 0.016835 0.076959 -0.068142
    19 -0.500328 4.452953 -0.532495 0.396541 0.287798 0.017522
    20 -0.000010 1.442617 -0.000010 1.327527 0.029307 -0.036669
    21 -0.000003 1.302446 0.000004 0.004462 -0.041924 0.002899
    22 0.523221 4.540312 -0.480714 0.856087 0.290085 -0.284932
    23 -0.000001 1.198256 0.000008 0.732584 -0.133871 0.043090
    24 -0.000012 0.869780 0.000015 0.218278 0.063758 -0.018648
    25 1.354362 4.150681 -0.582655 0.848409 0.193448 -0.436427
    26 0.000000 1.157421 -0.000006 0.969728 -0.115777 0.002583
    27 0.000001 1.020055 0.000002 -0.120872 -0.015645 -0.025802
    28 5.003218 -8.070315 -8.112608 -2.475644 0.229839 0.316475
    29 0.000038 12.695422 -0.000004 -1.402724 0.414711 0.421024
    30 -1.590496 -14.181954 -5.891669 1.200194 -0.920187 2.771016
    31 -1.391397 1.476538 -0.700638 -1.757657 -1.119879 2.167452
    32 0.000002 1.751797 -0.000002 -0.382818 -0.196569 -0.169475
    33 0.000010 1.122969 0.000000 -0.357758 -0.049100 -0.094333
    34 -1.596883 4.441620 0.708540 1.366146 -1.151264 -1.263683
    35 -0.000008 1.481951 -0.000008 0.018668 -0.002257 1.181663
    36 0.000002 1.056648 -0.000004 -0.136192 -0.106301 0.869856
    37 -0.470901 4.219486 0.926555 -3.154219 -0.061242 -2.947708
    38 -0.000010 1.609821 0.000004 1.278998 0.014808 0.083604
    39 -0.000002 1.562311 0.000013 0.553090 0.025831 -0.031607
    40 0.576838 4.298388 0.639431 -2.730644 -0.065167 -2.949285
    41 0.000002 1.553762 -0.000008 1.050288 0.141966 0.010120
    42 0.000003 0.874434 -0.000006 0.684821 0.103571 0.206426
    43 1.459885 4.275572 0.219019 -2.266111 -0.186915 3.315616
    44 -0.000010 0.973051 -0.000004 1.303337 0.217351 0.114332
    45 0.000007 0.970890 0.000004 1.075768 0.084334 0.152671
    46 -7.008868 4.575658 -7.491495 -2.431493 0.699997 0.416195
    47 0.000011 12.706367 0.000010 -1.356153 0.211127 0.164459
    48 0.000000 0.000000 0.000000 1.570796 0.000000 1.570796
    49 -0.000006 1.500006 0.000000 1.570796 0.000000 1.570796
    50 0.000000 -0.299999 0.000000 -1.570796 0.000000 1.570796
    51 0.000000 0.000000 0.000000 0.000000 0.000000 1.570796
    52 0.000000 0.000000 0.000000 0.000000 0.000000 1.570796
    53 0.000000 0.000002 0.000001 0.000000 0.000000 1.919862
    54 0.000000 0.000000 0.000000 -1.570796 0.000000 1.570796
    55 0.000000 0.000000 0.000002 -1.570797 0.000000 1.570796
    56 -0.000002 -0.000002 0.000004 -1.570797 0.000001 1.570796
    57 0.000003 0.000000 0.000000 -1.570796 0.000000 1.570796
    58 0.000002 0.000003 0.000000 -1.570796 0.000000 1.570796
    59 0.000000 0.000000 0.000000 -1.570796 0.000000 1.570796
    60 -0.000001 0.000011 0.000000 -1.570796 0.000000 1.570796
    61 0.000000 0.000000 0.000000 -1.570796 -0.000001 1.570796
    62 0.000000 -0.000001 0.000000 -1.570796 0.000000 1.570796
    63 -0.000002 0.000002 -0.000002 -1.570796 0.000000 1.570796
    64 0.000000 0.000000 0.000000 -1.570797 0.000000 1.570796
    65 0.000000 0.000000 0.000000 -1.570797 0.000000 1.570796
    66 0.000000 0.000000 0.000000 1.570796 0.000000 1.570796
    67 0.000000 1.500000 0.000000 1.570796 0.000000 1.570796
    68 0.000000 0.300001 0.000000 1.570796 0.000000 1.570796
    69 -0.000011 0.000002 -0.000004 -3.141593 0.000001 1.570796
    70 0.000000 0.000000 0.000000 3.141593 0.000000 1.570796
    71 0.000001 0.000000 0.000000 -3.141593 0.000000 1.221730
    72 0.000000 0.000000 0.000000 3.141593 0.000000 1.570796
    73 0.000000 -0.000002 0.000000 3.141593 0.000000 1.570796
    74 0.000004 0.000000 0.000000 3.141593 0.000000 1.570797
    75 -0.000004 0.000000 0.000002 -1.570796 0.000000 1.570796
    76 0.000000 -0.000001 0.000008 -1.570796 0.000000 1.570796
    77 0.000001 0.000000 0.000000 -1.570796 0.000000 1.570796
    78 0.000001 0.000002 0.000000 -1.570796 0.000000 1.570796
    79 0.000000 0.000000 0.000000 -1.570796 0.000000 1.570796
    80 0.000001 0.000000 0.000000 -1.570796 0.000000 1.570796
    81 0.000001 0.000000 0.000000 -1.570796 0.000001 1.570796
    82 -0.000001 0.000000 0.000002 -1.570796 0.000001 1.570796
    83 0.000001 0.000000 0.000000 -1.570796 0.000000 1.570796
  time 24
    0 -0.081127 -13.700329 -8.148749 -4.070364 1.031335 -0.206672
    1 0.073573 17.526917 0.777220 0.000000 0.000001 0.000000
    2 -0.226386 4.254942 -0.608961 0.000000 -0.000001 0.000000
    3 -0.315527 7.443970 -1.046704 0.000000 0.000001 0.000000
    4 -0.045094 3.566423 0.891595 0.000000 -0.000001 0.000000
    5 -0.116185 1.807585 2.464996 0.911054 0.000002 0.000000
    6 0.000000 1.030615 0.000004 -2.661577 -0.001450 -3.139592
    7 -0.000002 5.179932 -0.000037 0.252043 -0.007067 0.028083
    8 -0.218267 25.777573 2.487072 2.561903 0.000002 0.000000
    9 0.000000 0.870350 0.000008 -0.031964 0.004566 -0.027191
    10 0.000000 4.478401 0.000072 0.360305 0.002584 -0.005799
    11 0.075884 15.700035 7.006755 -1.903040 0.033437 0.137992
    12 5.464405 -25.711692 -5.653380 1.644652 -0.153624 2.159359
    13 -1.294654 1.473667 0.640471 2.361876 -0.514949 -2.105093
    14 0.000011 1.832554 0.000004 0.105672 -0.242335 -0.022342
    15 0.000000 1.003359 0.000001 0.156021 -0.012837 -0.172530
    16 -1.632739 4.327644 -0.483953 0.365948 0.282526 -0.018914
    17 -0.000010 1.637142 0.000010 1.001957 0.015784 -0.110368
    18 0.000007 1.100985 0.000004 0.016835 0.076959 -0.068142
    19 -0.500328 4.452953 -0.532495 0.396541 0.287798 0.017522
    20 -0.000010 1.442617 -0.000010 1.327527 0.029307 -0.036669
    21 -0.000003 1.302446 0.000004 0.004462 -0.041924 0.002923
    22 0.523221 4.540312 -0.480714 0.856087 0.290085 -0.284932
    23 -0.000001 1.198256 0.000008 0.732584 -0.133871 0.043114
    24 -0.000012 0.869780 0.000015 0.218278 0.063758 -0.018636
    25 1.354362 4.150681 -0.582655 0.848409 0.193448 -0.436427
    26 0.000000 1.157421 -0.000006 0.969728 -0.115777 0.002583
    27 0.000001 1.020055 0.000002 -0.120872 -0.015645 -0.025802
    28 5.003218 -8.070315 -8.112608 -2.464856 0.226895 0.319144
    29 0.000038 12.695422 -0.000004 -1.415738 0.420143 0.421845
    30 -1.613934 -14.103827 -5.813541 1.168979 -0.958634 2.782083
    31 -1.391397 1.476538 -0.700638 -1.757657 -1.119879 2.167452
    32 0.000002 1.751797 -0.000002 -0.382818 -0.196569 -0.169475
    33 0.000010 1.122969 0.000000 -0.357758 -0.049100 -0.094333
    34 -1.596883 4.441620 0.708540 1.366032 -1.150691 -1.269164
    35 -0.000008 1.481951 -0.000008 0.018836 -0.003240 1.216830
    36 0.000002 1.056648 -0.000004 -0.141165 -0.099470 0.918651
    37 -0.470901 4.219486 0.926555 -3.156937 -0.059564 -2.943010
    38 -0.000010 1.609821 0.000004 1.335507 0.015407 0.085534
    39 -0.000002 1.562311 0.000013 0.562342 0.025843 -0.031607
    40 0.576838 4.298388 0.639431 -2.731423 -0.063704 -2.946612
    41 0.000002 1.553762 -0.000008 1.079246 0.142050 0.010192
    42 0.000003 0.874434 -0.000006 0.713780 0.103199 0.206894
    43 1.459885 4.275572 0.219019 -2.268436 -0.186903 3.315580
    44 -0.000010 0.973051 -0.000004 1.310138 0.217351 0.114332
    45 0.000007 0.970890 0.000004 1.073466 0.084322 0.152695
    46 -7.008868 4.575658 -7.491495 -2.424603 0.744007 0.414831
    47 0.000011 12.706367 0.000010 -1.364009 0.212482 0.164735
    48 0.000000 0.000000 0.000000 1.570796 0.000000 1.570796
    49 -0.000006 1.500006 0.000000 1.570796 0.000000 1.570796
    50 0.000000 -0.299999 0.000000 -1.570796 0.000000 1.570796
    51 0.000000 0.000000 0.000000 0.000000 0.000000 1.570796
    52 0.000000 0.000000 0.000000 0.000000 0.000000 1.570796
    53 0.000000 0.000002 0.000001 0.000000 0.000000 1.919862
    54 0.000000 0.000000 0.000000 -1.570796 0.000000 1.570796
    55 0.000000 0.000000 0.000002 -1.570797 0.000000 1.570796
    56 -0.000002 -0.000002 0.000004 -1.570797 0.000001 1.570796
    57 0.000003 0.000000 0.000000 -1.570796 0.000000 1.570796
    58 0.000002 0.000003 0.000000 -1.570796 0.000000 1.570796
    59 0.000000 0.000000 0.000000 -1.570796 0.000000 1.570796
    60 -0.000001 0.000011 0.000000 -1.570796 0.000000 1.570796
    61 0.000000 0.000000 0.000000 -1.570796 -0.000001 1.570796
    62 0.000000 -0.000001 0.000000 -1.570796 0.000000 1.570796
    63 -0.000002 0.000002 -0.000002 -1.570796 0.000000 1.570796
    64 0.000000 0.000000 0.000000 -1.570797 0.000000 1.570796
    65 0.000000 0.000000 0.000000 -1.570797 0.000000 1.570796
    66 0.000000 0.000000 0.000000 1.570796 0.000000 1.570796
    67 0.000000 1.500000 0.000000 1.570796 0.000000 1.570796
    68 0.000000 0.300001 0.000000 1.570796 0.000000 1.570796
    69 -0.000011 0.000002 -0.000004 -3.141593 0.000001 1.570796
    70 0.000000 0.000000 0.000000 3.141593 0.000000 1.570796
    71 0.000001 0.000000 0.000000 -3.141593 0.000000 1.221730
    72 0.000000 0.000000 0.000000 3.141593 0.000000 1.570796
    73 0.000000 -0.000002 0.000000 3.141593 0.000000 1.570796
    74 0.000004 0.000000 0.000000 3.141593 0.000000 1.570797
    75 -0.000004 0.000000 0.000002 -1.570796 0.000000 1.570796
    76 0.000000 -0.000001 0.000008 -1.570796 0.000000 1.570796
    77 0.000001 0.000000 0.000000 -1.570796 0.000000 1.570796
    78 0.000001 0.000002 0.000000 -1.570796 0.000000 1.570796
    79 0.000000 0.000000 0.000000 -1.570796 0.000000 1.570796
    80 0.000001 0.000000 0.000000 -1.570796 0.000000 1.570796
    81 0.000001 0.000000 0.000000 -1.570796 0.000001 1.570796
    82 -0.000001 0.000000 0.000002 -1.570796 0.000001 1.570796
    83 0.000001 0.000000 0.000000 -1.570796 0.000000 1.570796
  time 25
    0 -0.170973 -13.590950 -8.179999 -4.050731 1.026425 -0.178386
    1 0.073573 17.526917 0.777220 0.000000 0.000001 0.000000
    2 -0.226386 4.254942 -0.608961 0.000000 -0.000001 0.000000
    3 -0.319434 7.443970 -1.034985 0.000000 0.000001 0.000000
    4 -0.045094 3.566423 0.891595 0.000000 -0.000001 0.000000
    5 -0.116185 1.807585 2.464996 0.906119 0.000002 0.000000
    6 0.000000 1.030615 0.000004 -2.661639 0.010283 -3.155963
    7 -0.000002 5.179932 -0.000037 0.245427 -0.009799 0.039756
    8 -0.218267 25.777573 2.487072 2.567727 0.000002 0.000000
    9 0.000000 0.870350 0.000008 -0.029051 0.009528 -0.055788
    10 0.000000 4.478401 0.000072 0.346678 0.008037 -0.020097
    11 0.450896 15.700035 7.002848 -1.904831 0.040019 0.152101
    12 5.491750 -25.555437 -5.758852 1.633989 -0.157311 2.172583
    13 -1.294654 1.473667 0.640471 2.361876 -0.514949 -2.105126
    14 0.000011 1.832554 0.000004 0.105696 -0.242335 -0.022342
    15 0.000000 1.003359 0.000001 0.156021 -0.012897 -0.172495
    16 -1.632739 4.327644 -0.483953 0.365948 0.282526 -0.018914
    17 -0.000010 1.637142 0.000010 1.001957 0.015784 -0.110368
    18 0.000007 1.100985 0.000004 0.016835 0.076959 -0.068142
    19 -0.500328 4.452953 -0.532495 0.396541 0.287798 0.017522
    20 -0.000010 1.442617 -0.000010 1.327527 0.029307 -0.036669
    21 -0.000003 1.302446 0.000004 0.004462 -0.041924 0.002911
    22 0.523221 4.540312 -0.480714 0.856087 0.290085 -0.284932
    23 -0.000001 1.198256 0.000008 0.732584 -0.133871 0.043126
    24 -0.000012 0.869780 0.000015 0.218278 0.063758 -0.018636
    25 1.354362 4.150681 -0.582655 0.848432 0.193448 -0.436427
    26 0.000000 1.157421 -0.000006 0.969728 -0.115777 0.002583
    27 0.000001 1.020055 0.000002 -0.120872 -0.015645 -0.025802
    28 5.003218 -8.070315 -8.112608 -2.451352 0.224414 0.325098
    29 0.000038 12.695422 -0.000004 -1.432023 0.426735 0.422901
    30 -1.692061 -14.060857 -5.758852 1.112475 -0.985746 2.823489
    31 -1.391397 1.476538 -0.700638 -1.757657 -1.119879 2.167452
    32 0.000002 1.751797 -0.000002 -0.382818 -0.196569 -0.169475
    33 0.000010 1.122969 0.000000 -0.357758 -0.049100 -0.094357
    34 -1.596883 4.441620 0.708540 1.365007 -1.150510 -1.272356
    35 -0.000008 1.481951 -0.000008 0.018931 -0.003863 1.239038
    36 0.000002 1.056648 -0.000004 -0.144269 -0.094928 0.950226
    37 -0.470901 4.219486 0.926555 -3.158373 -0.058533 -2.940086
    38 -0.000010 1.609821 0.000004 1.371905 0.015575 0.086600
    39 -0.000002 1.562311 0.000013 0.568500 0.025855 -0.031607
    40 0.576838 4.298388 0.639431 -2.731735 -0.062877 -2.945019
    41 0.000002 1.553762 -0.000008 1.098118 0.142098 0.010276
    42 0.000003 0.874434 -0.000006 0.732572 0.103092 0.207074
    43 1.459885 4.275572 0.219019 -2.269886 -0.186915 3.315640
    44 -0.000010 0.973051 -0.000004 1.314466 0.217351 0.114332
    45 0.000007 0.970890 0.000004 1.072006 0.084298 0.152707
    46 -7.008868 4.575658 -7.491495 -2.415593 0.790232 0.411422
    47 0.000011 12.706367 0.000010 -1.372481 0.213920 0.164890
    48 0.000000 0.000000 0.000000 1.570796 0.000000 1.570796
    49 -0.000006 1.500006 0.000000 1.570796 0.000000 1.570796
    50 0.000000 -0.299999 0.000000 -1.570796 0.000000 1.570796
    51 0.000000 0.000000 0.000000 0.000000 0.000000 1.570796
    52 0.000000 0.000000 0.000000 0.000000 0.000000 1.570796
    53 0.000000 0.000002 0.000001 0.000000 0.000000 1.919862
    54 0.000000 0.000000 0.000000 -1.570796 0.000000 1.570796
    55 0.000000 0.000000 0.000002 -1.570797 0.000000 1.570796
    56 -0.000002 -0.000002 0.000004 -1.570797 0.000001 1.570796
    57 0.000003 0.000000 0.000000 -1.570796 0.000000 1.570796
    58 0.000002 0.000003 0.000000 -1.570796 0.000000 1.570796
    59 0.000000 0.000000 0.000000 -1.570796 0.000000 1.570796
    60 -0.000001 0.000011 0.000000 -1.570796 0.000000 1.570796
    61 0.000000 0.000000 0.000000 -1.570796 -0.000001 1.570796
    62 0.000000 -0.000001 0.000000 -1.570796 0.000000 1.570796
    63 -0.000002 0.000002 -0.000002 -1.570796 0.000000 1.570796
    64 0.000000 0.000000 0.000000 -1.570797 0.000000 1.570796
    65 0.000000 0.000000 0.000000 -1.570797 0.000000 1.570796
    66 0.000000 0.000000 0.000000 1.570796 0.000000 1.570796
    67 0.000000 1.500000 0.000000 1.570796 0.000000 1.570796
    68 0.000000 0.300001 0.000000 1.570796 0.000000 1.570796
    69 -0.000011 0.000002 -0.000004 -3.141593 0.000001 1.570796
    70 0.000000 0.000000 0.000000 3.141593 0.000000 1.570796
    71 0.000001 0.000000 0.000000 -3.141593 0.000000 1.221730
    72 0.000000 0.000000 0.000000 3.141593 0.000000 1.570796
    73 0.000000 -0.000002 0.000000 3.141593 0.000000 1.570796
    74 0.000004 0.000000 0.000000 3.141593 0.000000 1.570797
    75 -0.000004 0.000000 0.000002 -1.570796 0.000000 1.570796
    76 0.000000 -0.000001 0.000008 -1.570796 0.000000 1.570796
    77 0.000001 0.000000 0.000000 -1.570796 0.000000 1.570796
    78 0.000001 0.000002 0.000000 -1.570796 0.000000 1.570796
    79 0.000000 0.000000 0.000000 -1.570796 0.000000 1.570796
    80 0.000001 0.000000 0.000000 -1.570796 0.000000 1.570796
    81 0.000001 0.000000 0.000000 -1.570796 0.000001 1.570796
    82 -0.000001 0.000000 0.000002 -1.570796 0.000001 1.570796
    83 0.000001 0.000000 0.000000 -1.570796 0.000000 1.570796
  time 26
    0 -0.264726 -13.481572 -8.195625 -4.012781 1.006848 -0.127511
    1 0.073573 17.526917 0.777220 0.000000 0.000001 0.000000
    2 -0.226386 4.254942 -0.608961 0.000000 -0.000001 0.000000
    3 -0.311621 7.436157 -1.050611 0.000000 0.000001 0.000000
    4 -0.045094 3.566423 0.891595 0.000000 -0.000001 0.000000
    5 -0.116185 1.807585 2.464996 0.894337 0.000002 0.000000
    6 0.000000 1.030615 0.000004 -2.662772 0.023371 -3.173876
    7 -0.000002 5.179932 -0.000037 0.228627 -0.012340 0.050086
    8 -0.218267 25.777573 2.487072 2.580647 0.000002 0.000000
    9 0.000000 0.870350 0.000008 -0.022951 0.014549 -0.086679
    10 0.000000 4.478401 0.000072 0.313574 0.012831 -0.032201
    11 0.864971 15.700035 6.975504 -1.905877 0.046623 0.165758
    12 5.562064 -25.383557 -5.844792 1.605969 -0.158248 2.195560
    13 -1.294654 1.473667 0.640471 2.361876 -0.514949 -2.105093
    14 0.000011 1.832554 0.000004 0.105672 -0.242335 -0.022342
    15 0.000000 1.003359 0.000001 0.156021 -0.012861 -0.172530
    16 -1.632739 4.327644 -0.483953 0.365948 0.282526 -0.018914
    17 -0.000010 1.637142 0.000010 1.001957 0.015772 -0.110368
    18 0.000007 1.100985 0.000004 0.016835 0.076959 -0.068142
    19 -0.500328 4.452953 -0.532495 0.396541 0.287798 0.017522
    20 -0.000010 1.442617 -0.000010 1.327527 0.029307 -0.036669
    21 -0.000003 1.302446 0.000004 0.004462 -0.041924 0.002923
    22 0.523221 4.540312 -0.480714 0.856087 0.290085 -0.284932
    23 -0.000001 1.198256 0.000008 0.732564 -0.133871 0.043114
    24 -0.000012 0.869780 0.000015 0.218278 0.063758 -0.018648
    25 1.354362 4.150681 -0.582655 0.848409 0.193448 -0.436427
    26 0.000000 1.157421 -0.000006 0.969728 -0.115777 0.002583
    27 0.000001 1.020055 0.000002 -0.120872 -0.015645 -0.025802
    28 5.003218 -8.070315 -8.112608 -2.436792 0.222793 0.333995
    29 0.000038 12.695422 -0.000004 -1.450079 0.434081 0.423983
    30 -1.836597 -14.013980 -5.727601 1.032814 -0.995932 2.895520
    31 -1.391397 1.476538 -0.700638 -1.757588 -1.119879 2.167452
    32 0.000002 1.751797 -0.000002 -0.382818 -0.196569 -0.169475
    33 0.000010 1.122969 0.000000 -0.357746 -0.049100 -0.094333
    34 -1.596883 4.441620 0.708540 1.365007 -1.150510 -1.273621
    35 -0.000008 1.481951 -0.000008 0.018943 -0.004043 1.246788
    36 0.000002 1.056648 -0.000004 -0.145240 -0.093310 0.961445
    37 -0.470901 4.219486 0.926555 -3.158796 -0.058270 -2.939043
    38 -0.000010 1.609821 0.000004 1.384805 0.015575 0.087176
    39 -0.000002 1.562311 0.000013 0.570675 0.025855 -0.031607
    40 0.576838 4.298388 0.639431 -2.731759 -0.062746 -2.944335
    41 0.000002 1.553762 -0.000008 1.104870 0.142122 0.010300
    42 0.000003 0.874434 -0.000006 0.739288 0.103092 0.207110
    43 1.459885 4.275572 0.219019 -2.270486 -0.186927 3.315640
    44 -0.000010 0.973051 -0.000004 1.316030 0.217351 0.114332
    45 0.000007 0.970890 0.000004 1.071546 0.084286 0.152707
    46 -7.008868 4.575658 -7.491495 -2.404522 0.835010 0.406137
    47 0.000011 12.706367 0.000010 -1.380029 0.215022 0.165274
    48 0.000000 0.000000 0.000000 1.570796 0.000000 1.570796
    49 -0.000006 1.500006 0.000000 1.570796 0.000000 1.570796
    50 0.000000 -0.299999 0.000000 -1.570796 0.000000 1.570796
    51 0.000000 0.000000 0.000000 0.000000 0.000000 1.570796
    52 0.000000 0.000000 0.000000 0.000000 0.000000 1.570796
    53 0.000000 0.000002 0.000001 0.000000 0.000000 1.919862
    54 0.000000 0.000000 0.000000 -1.570796 0.000000 1.570796
    55 0.000000 0.000000 0.000002 -1.570797 0.000000 1.570796
    56 -0.000002 -0.000002 0.000004 -1.570797 0.000001 1.570796
    57 0.000003 0.000000 0.000000 -1.570796 0.000000 1.570796
    58 0.000002 0.000003 0.000000 -1.570796 0.000000 1.570796
    59 0.000000 0.000000 0.000000 -1.570796 0.000000 1.570796
    60 -0.000001 0.000011 0.000000 -1.570796 0.000000 1.570796
    61 0.000000 0.000000 0.000000 -1.570796 -0.000001 1.570796
    62 0.000000 -0.000001 0.000000 -1.570796 0.000000 1.570796
    63 -0.000002 0.000002 -0.000002 -1.570796 0.000000 1.570796
    64 0.000000 0.000000 0.000000 -1.570797 0.000000 1.570796
    65 0.000000 0.000000 0.000000 -1.570797 0.000000 1.570796
    66 0.000000 0.000000 0.000000 1.570796 0.000000 1.570796
    67 0.000000 1.500000 0.000000 1.570796 0.000000 1.570796
    68 0.000000 0.300001 0.000000 1.570796 0.000000 1.570796
    69 -0.000011 0.000002 -0.000004 -3.141593 0.000001 1.570796
    70 0.000000 0.000000 0.000000 3.141593 0.000000 1.570796
    71 0.000001 0.000000 0.000000 -3.141593 0.000000 1.221730
    72 0.000000 0.000000 0.000000 3.141593 0.000000 1.570796
    73 0.000000 -0.000002 0.000000 3.141593 0.000000 1.570796
    74 0.000004 0.000000 0.000000 3.141593 0.000000 1.570797
    75 -0.000004 0.000000 0.000002 -1.570796 0.000000 1.570796
    76 0.000000 -0.000001 0.000008 -1.570796 0.000000 1.570796
    77 0.000001 0.000000 0.000000 -1.570796 0.000000 1.570796
    78 0.000001 0.000002 0.000000 -1.570796 0.000000 1.570796
    79 0.000000 0.000000 0.000000 -1.570796 0.000000 1.570796
    80 0.000001 0.000000 0.000000 -1.570796 0.000000 1.570796
    81 0.000001 0.000000 0.000000 -1.570796 0.000001 1.570796
    82 -0.000001 0.000000 0.000002 -1.570796 0.000001 1.570796
    83 0.000001 0.000000 0.000000 -1.570796 0.000000 1.570796
  time 27
    0 -0.346760 -13.380007 -8.211250 -3.968222 0.977230 -0.068225
    1 0.073573 17.526917 0.777220 0.000000 0.000001 0.000000
    2 -0.226386 4.254942 -0.608961 0.000000 -0.000001 0.000000
    3 -0.311621 7.443970 -1.050611 0.000000 0.000001 0.000000
    4 -0.045094 3.566423 0.891595 0.000000 -0.000001 0.000000
    5 -0.116185 1.807585 2.464996 0.874597 0.000002 0.000000
    6 0.000000 1.030615 0.000004 -2.665193 0.037393 -3.193284
    7 -0.000002 5.179932 -0.000037 0.200396 -0.014306 0.057756
    8 -0.218267 25.777573 2.487072 2.602734 0.000002 0.000000
    9 0.000000 0.870350 0.000008 -0.012944 0.020026 -0.121098
    10 0.000000 4.478401 0.000072 0.255959 0.016115 -0.038589
    11 1.259514 15.700035 6.955972 -1.906086 0.053139 0.178750
    12 5.675349 -25.180426 -5.926826 1.567131 -0.156311 2.223744
    13 -1.294654 1.473667 0.640471 2.361876 -0.514949 -2.105093
    14 0.000011 1.832554 0.000004 0.105672 -0.242335 -0.022342
    15 0.000000 1.003359 0.000001 0.156021 -0.012849 -0.172530
    16 -1.632739 4.327644 -0.483953 0.365948 0.282526 -0.018914
    17 -0.000010 1.637142 0.000010 1.001957 0.015784 -0.110368
    18 0.000007 1.100985 0.000004 0.016835 0.076959 -0.068142
    19 -0.500328 4.452953 -0.532495 0.396541 0.287798 0.017522
    20 -0.000010 1.442617 -0.000010 1.327527 0.029307 -0.036669
    21 -0.000003 1.302446 0.000004 0.004462 -0.041924 0.002923
    22 0.523221 4.540312 -0.480714 0.856087 0.290085 -0.284932
    23 -0.000001 1.198256 0.000008 0.732584 -0.133871 0.043102
    24 -0.000012 0.869780 0.000015 0.218278 0.063758 -0.018636
    25 1.354362 4.150681 -0.582655 0.848432 0.193448 -0.436427
    26 0.000000 1.157421 -0.000006 0.969728 -0.115777 0.002583
    27 0.000001 1.020055 0.000002 -0.120872 -0.015645 -0.025802
    28 5.003218 -8.070315 -8.112608 -2.423288 0.221999 0.344192
    29 0.000038 12.695422 -0.000004 -1.468067 0.441504 0.425000
    30 -2.008477 -14.010074 -5.727601 0.945650 -0.990188 2.980717
    31 -1.391397 1.476538 -0.700638 -1.757484 -1.119891 2.167452
    32 0.000002 1.751797 -0.000002 -0.382818 -0.196569 -0.169475
    33 0.000010 1.122969 0.000000 -0.357770 -0.049100 -0.094357
    34 -1.596883 4.441620 0.708540 1.365007 -1.150510 -1.273380
    35 -0.000008 1.481951 -0.000008 0.018943 -0.004043 1.246788
    36 0.000002 1.056648 -0.000004 -0.145240 -0.093310 0.961445
    37 -0.470901 4.219486 0.926555 -3.158796 -0.058270 -2.939043
    38 -0.000010 1.609821 0.000004 1.384824 0.015575 0.087176
    39 -0.000002 1.562311 0.000013 0.570675 0.025855 -0.031607
    40 0.576838 4.298388 0.639431 -2.731759 -0.062746 -2.944335
    41 0.000002 1.553762 -0.000008 1.104842 0.142122 0.010300
    42 0.000003 0.874434 -0.000006 0.739288 0.103092 0.207110
    43 1.459885 4.275572 0.219019 -2.270474 -0.186927 3.315640
    44 -0.000010 0.973051 -0.000004 1.316030 0.217351 0.114332
    45 0.000007 0.970890 0.000004 1.071546 0.084286 0.152707
    46 -7.008868 4.575658 -7.491495 -2.392744 0.875239 0.400767
    47 0.000011 12.706367 0.000010 -1.385882 0.216161 0.165478
    48 0.000000 0.000000 0.000000 1.570796 0.000000 1.570796
    49 -0.000006 1.500006 0.000000 1.570796 0.000000 1.570796
    50 0.000000 -0.299999 0.000000 -1.570796 0.000000 1.570796
    51 0.000000 0.000000 0.000000 0.000000 0.000000 1.570796
    52 0.000000 0.000000 0.000000 0.000000 0.000000 1.570796
    53 0.000000 0.000002 0.000001 0.000000 0.000000 1.919862
    54 0.000000 0.000000 0.000000 -1.570796 0.000000 1.570796
    55 0.000000 0.000000 0.000002 -1.570797 0.000000 1.570796
    56 -0.000002 -0.000002 0.000004 -1.570797 0.000001 1.570796
    57 0.000003 0.000000 0.000000 -1.570796 0.000000 1.570796
    58 0.000002 0.000003 0.000000 -1.570796 0.000000 1.570796
    59 0.000000 0.000000 0.000000 -1.570796 0.000000 1.570796
    60 -0.000001 0.000011 0.000000 -1.570796 0.000000 1.570796
    61 0.000000 0.000000 0.000000 -1.570796 -0.000001 1.570796
    62 0.000000 -0.000001 0.000000 -1.570796 0.000000 1.570796
    63 -0.000002 0.000002 -0.000002 -1.570796 0.000000 1.570796
    64 0.000000 0.000000 0.000000 -1.570797 0.000000 1.570796
    65 0.000000 0.000000 0.000000 -1.570797 0.000000 1.570796
    66 0.000000 0.000000 0.000000 1.570796 0.000000 1.570796
    67 0.000000 1.500000 0.000000 1.570796 0.000000 1.570796
    68 0.000000 0.300001 0.000000 1.570796 0.000000 1.570796
    69 -0.000011 0.000002 -0.000004 -3.141593 0.000001 1.570796
    70 0.000000 0.000000 0.000000 3.141593 0.000000 1.570796
    71 0.000001 0.000000 0.000000 -3.141593 0.000000 1.221730
    72 0.000000 0.000000 0.000000 3.141593 0.000000 1.570796
    73 0.000000 -0.000002 0.000000 3.141593 0.000000 1.570796
    74 0.000004 0.000000 0.000000 3.141593 0.000000 1.570797
    75 -0.000004 0.000000 0.000002 -1.570796 0.000000 1.570796
    76 0.000000 -0.000001 0.000008 -1.570796 0.000000 1.570796
    77 0.000001 0.000000 0.000000 -1.570796 0.000000 1.570796
    78 0.000001 0.000002 0.000000 -1.570796 0.000000 1.570796
    79 0.000000 0.000000 0.000000 -1.570796 0.000000 1.570796
    80 0.000001 0.000000 0.000000 -1.570796 0.000000 1.570796
    81 0.000001 0.000000 0.000000 -1.570796 0.000001 1.570796
    82 -0.000001 0.000000 0.000002 -1.570796 0.000001 1.570796
    83 0.000001 0.000000 0.000000 -1.570796 0.000000 1.570796
  time 28
    0 -0.417075 -13.297973 -8.211250 -3.926615 0.941947 -0.012263
    1 0.073573 17.526917 0.777220 0.000000 0.000001 0.000000
    2 -0.226386 4.254942 -0.608961 0.000000 -0.000001 0.000000
    3 -0.319434 7.440063 -1.050611 0.000000 0.000001 0.000000
    4 -0.045094 3.566423 0.891595 0.000000 -0.000001 0.000000
    5 -0.116185 1.807585 2.464996 0.845182 0.000002 0.000000
    6 0.000000 1.030615 0.000004 -2.670562 0.052829 -3.214660
    7 -0.000002 5.179932 -0.000037 0.160165 -0.015169 0.060201
    8 -0.218267 25.777573 2.487072 2.641325 0.000002 0.000000
    9 0.000000 0.870350 0.000008 0.003583 0.026031 -0.161527
    10 0.000000 4.478401 0.000072 0.155810 0.017313 -0.033232
    11 1.642338 15.700035 6.928627 -1.905720 0.059284 0.190811
    12 5.776915 -25.035890 -5.973702 1.524790 -0.151687 2.252176
    13 -1.294654 1.473667 0.640471 2.361876 -0.514949 -2.105093
    14 0.000011 1.832554 0.000004 0.105672 -0.242335 -0.022342
    15 0.000000 1.003359 0.000001 0.156021 -0.012873 -0.172530
    16 -1.632739 4.327644 -0.483953 0.365948 0.282526 -0.018914
    17 -0.000010 1.637142 0.000010 1.001957 0.015784 -0.110368
    18 0.000007 1.100985 0.000004 0.016835 0.076959 -0.068142
    19 -0.500328 4.452953 -0.532495 0.396541 0.287798 0.017522
    20 -0.000010 1.442617 -0.000010 1.327527 0.029307 -0.036669
    21 -0.000003 1.302446 0.000004 0.004462 -0.041924 0.002923
    22 0.523221 4.540312 -0.480714 0.856087 0.290085 -0.284932
    23 -0.000001 1.198256 0.000008 0.732584 -0.133871 0.043090
    24 -0.000012 0.869780 0.000015 0.218278 0.063758 -0.018648
    25 1.354362 4.150681 -0.582655 0.848409 0.193448 -0.436427
    26 0.000000 1.157421 -0.000006 0.969728 -0.115777 0.002583
    27 0.000001 1.020055 0.000002 -0.120872 -0.015645 -0.025802
    28 5.003218 -8.070315 -8.112608 -2.411821 0.221668 0.353978
    29 0.000038 12.695422 -0.000004 -1.484011 0.448096 0.425652
    30 -2.184264 -14.025699 -5.751039 0.866360 -0.972190 3.062193
    31 -1.391397 1.476538 -0.700638 -1.757622 -1.119891 2.167452
    32 0.000002 1.751797 -0.000002 -0.382818 -0.196569 -0.169475
    33 0.000010 1.122969 0.000000 -0.357758 -0.049100 -0.094345
    34 -1.596883 4.441620 0.708540 1.365007 -1.150510 -1.273621
    35 -0.000008 1.481951 -0.000008 0.018943 -0.004043 1.246788
    36 0.000002 1.056648 -0.000004 -0.145240 -0.093310 0.961445
    37 -0.470901 4.219486 0.926555 -3.158796 -0.058270 -2.939043
    38 -0.000010 1.609821 0.000004 1.384824 0.015575 0.087176
    39 -0.000002 1.562311 0.000013 0.570675 0.025855 -0.031607
    40 0.576838 4.298388 0.639431 -2.731759 -0.062746 -2.944323
    41 0.000002 1.553762 -0.000008 1.104870 0.142122 0.010300
    42 0.000003 0.874434 -0.000006 0.739288 0.103092 0.207110
    43 1.459885 4.275572 0.219019 -2.270462 -0.186927 3.315640
    44 -0.000010 0.973051 -0.000004 1.316030 0.217351 0.114332
    45 0.000007 0.970890 0.000004 1.071546 0.084274 0.152707
    46 -7.008868 4.575658 -7.491495 -2.381497 0.907789 0.396335
    47 0.000011 12.706367 0.000010 -1.389656 0.216784 0.165514
    48 0.000000 0.000000 0.000000 1.570796 0.000000 1.570796
    49 -0.000006 1.500006 0.000000 1.570796 0.000000 1.570796
    50 0.000000 -0.299999 0.000000 -1.570796 0.000000 1.570796
    51 0.000000 0.000000 0.000000 0.000000 0.000000 1.570796
    52 0.000000 0.000000 0.000000 0.000000 0.000000 1.570796
    53 0.000000 0.000002 0.000001 0.000000 0.000000 1.919862
    54 0.000000 0.000000 0.000000 -1.570796 0.000000 1.570796
    55 0.000000 0.000000 0.000002 -1.570797 0.000000 1.570796
    56 -0.000002 -0.000002 0.000004 -1.570797 0.000001 1.570796
    57 0.000003 0.000000 0.000000 -1.570796 0.000000 1.570796
    58 0.000002 0.000003 0.000000 -1.570796 0.000000 1.570796
    59 0.000000 0.000000 0.000000 -1.570796 0.000000 1.570796
    60 -0.000001 0.000011 0.000000 -1.570796 0.000000 1.570796
    61 0.000000 0.000000 0.000000 -1.570796 -0.000001 1.570796
    62 0.000000 -0.000001 0.000000 -1.570796 0.000000 1.570796
    63 -0.000002 0.000002 -0.000002 -1.570796 0.000000 1.570796
    64 0.000000 0.000000 0.000000 -1.570797 0.000000 1.570796
    65 0.000000 0.000000 0.000000 -1.570797 0.000000 1.570796
    66 0.000000 0.000000 0.000000 1.570796 0.000000 1.570796
    67 0.000000 1.500000 0.000000 1.570796 0.000000 1.570796
    68 0.000000 0.300001 0.000000 1.570796 0.000000 1.570796
    69 -0.000011 0.000002 -0.000004 -3.141593 0.000001 1.570796
    70 0.000000 0.000000 0.000000 3.141593 0.000000 1.570796
    71 0.000001 0.000000 0.000000 -3.141593 0.000000 1.221730
    72 0.000000 0.000000 0.000000 3.141593 0.000000 1.570796
    73 0.000000 -0.000002 0.000000 3.141593 0.000000 1.570796
    74 0.000004 0.000000 0.000000 3.141593 0.000000 1.570797
    75 -0.000004 0.000000 0.000002 -1.570796 0.000000 1.570796
    76 0.000000 -0.000001 0.000008 -1.570796 0.000000 1.570796
    77 0.000001 0.000000 0.000000 -1.570796 0.000000 1.570796
    78 0.000001 0.000002 0.000000 -1.570796 0.000000 1.570796
    79 0.000000 0.000000 0.000000 -1.570796 0.000000 1.570796
    80 0.000001 0.000000 0.000000 -1.570796 0.000000 1.570796
    81 0.000001 0.000000 0.000000 -1.570796 0.000001 1.570796
    82 -0.000001 0.000000 0.000002 -1.570796 0.000001 1.570796
    83 0.000001 0.000000 0.000000 -1.570796 0.000000 1.570796
  time 29
    0 -0.463951 -13.243284 -8.222970 -3.893733 0.907608 0.032168
    1 0.073573 17.526917 0.777220 0.000000 0.000001 0.000000
    2 -0.226386 4.254942 -0.608961 0.000000 -0.000001 0.000000
    3 -0.319434 7.436157 -1.038892 0.000000 0.000001 0.000000
    4 -0.045094 3.566423 0.891595 0.000000 -0.000001 0.000000
    5 -0.116185 1.807585 2.464996 0.802581 0.000002 0.000000
    6 0.000000 1.030615 0.000004 -2.682433 0.070087 -3.239294
    7 -0.000002 5.179932 -0.000037 0.107351 -0.015432 0.055144
    8 -0.218267 25.777573 2.487072 2.707767 0.000002 0.000000
    9 0.000000 0.870350 0.000008 0.018899 0.032227 -0.215126
    10 0.000000 4.478401 0.000072 0.005202 0.018176 -0.003391
    11 1.997818 15.700035 6.932534 -1.905014 0.065035 0.201702
    12 5.866761 -24.914793 -6.004953 1.485407 -0.145251 2.276145
    13 -1.294654 1.473667 0.640471 2.361876 -0.514949 -2.105093
    14 0.000011 1.832554 0.000004 0.105672 -0.242335 -0.022342
    15 0.000000 1.003359 0.000001 0.156021 -0.012861 -0.172530
    16 -1.632739 4.327644 -0.483953 0.365948 0.282526 -0.018914
    17 -0.000010 1.637142 0.000010 1.001957 0.015772 -0.110368
    18 0.000007 1.100985 0.000004 0.016835 0.076959 -0.068142
    19 -0.500328 4.452953 -0.532495 0.396541 0.287798 0.017522
    20 -0.000010 1.442617 -0.000010 1.327527 0.029307 -0.036669
    21 -0.000003 1.302446 0.000004 0.004462 -0.041924 0.002911
    22 0.523221 4.540312 -0.480714 0.856087 0.290085 -0.284932
    23 -0.000001 1.198256 0.000008 0.732584 -0.133871 0.043102
    24 -0.000012 0.869780 0.000015 0.218278 0.063758 -0.018648
    25 1.354362 4.150681 -0.582655 0.848432 0.193448 -0.436427
    26 0.000000 1.157421 -0.000006 0.969728 -0.115777 0.002583
    27 0.000001 1.020055 0.000002 -0.120872 -0.015645 -0.025802
    28 5.003218 -8.070315 -8.112608 -2.404277 0.222065 0.361643
    29 0.000038 12.695422 -0.000004 -1.495935 0.452871 0.426043
    30 -2.328799 -14.064763 -5.790103 0.807077 -0.948601 3.125447
    31 -1.391397 1.476538 -0.700638 -1.757657 -1.119879 2.167452
    32 0.000002 1.751797 -0.000002 -0.382818 -0.196569 -0.169475
    33 0.000010 1.122969 0.000000 -0.357758 -0.049100 -0.094345
    34 -1.596883 4.441620 0.708540 1.365007 -1.150510 -1.273621
    35 -0.000008 1.481951 -0.000008 0.018943 -0.004043 1.246788
    36 0.000002 1.056648 -0.000004 -0.145240 -0.093310 0.961445
    37 -0.470901 4.219486 0.926555 -3.158796 -0.058270 -2.939043
    38 -0.000010 1.609821 0.000004 1.384805 0.015575 0.087176
    39 -0.000002 1.562311 0.000013 0.570675 0.025855 -0.031607
    40 0.576838 4.298388 0.639431 -2.731759 -0.062746 -2.944335
    41 0.000002 1.553762 -0.000008 1.104842 0.142122 0.010300
    42 0.000003 0.874434 -0.000006 0.739288 0.103092 0.207110
    43 1.459885 4.275572 0.219019 -2.270486 -0.186891 3.315640
    44 -0.000010 0.973051 -0.000004 1.316030 0.217351 0.114332
    45 0.000007 0.970890 0.000004 1.071546 0.084298 0.152707
    46 -7.008868 4.575658 -7.491495 -2.372015 0.929705 0.393693
    47 0.000011 12.706367 0.000010 -1.390426 0.217000 0.165514
    48 0.000000 0.000000 0.000000 1.570796 0.000000 1.570796
    49 -0.000006 1.500006 0.000000 1.570796 0.000000 1.570796
    50 0.000000 -0.299999 0.000000 -1.570796 0.000000 1.570796
    51 0.000000 0.000000 0.000000 0.000000 0.000000 1.570796
    52 0.000000 0.000000 0.000000 0.000000 0.000000 1.570796
    53 0.000000 0.000002 0.000001 0.000000 0.000000 1.919862
    54 0.000000 0.000000 0.000000 -1.570796 0.000000 1.570796
    55 0.000000 0.000000 0.000002 -1.570797 0.000000 1.570796
    56 -0.000002 -0.000002 0.000004 -1.570797 0.000001 1.570796
    57 0.000003 0.000000 0.000000 -1.570796 0.000000 1.570796
    58 0.000002 0.000003 0.000000 -1.570796 0.000000 1.570796
    59 0.000000 0.000000 0.000000 -1.570796 0.000000 1.570796
    60 -0.000001 0.000011 0.000000 -1.570796 0.000000 1.570796
    61 0.000000 0.000000 0.000000 -1.570796 -0.000001 1.570796
    62 0.000000 -0.000001 0.000000 -1.570796 0.000000 1.570796
    63 -0.000002 0.000002 -0.000002 -1.570796 0.000000 1.570796
    64 0.000000 0.000000 0.000000 -1.570797 0.000000 1.570796
    65 0.000000 0.000000 0.000000 -1.570797 0.000000 1.570796
    66 0.000000 0.000000 0.000000 1.570796 0.000000 1.570796
    67 0.000000 1.500000 0.000000 1.570796 0.000000 1.570796
    68 0.000000 0.300001 0.000000 1.570796 0.000000 1.570796
    69 -0.000011 0.000002 -0.000004 -3.141593 0.000001 1.570796
    70 0.000000 0.000000 0.000000 3.141593 0.000000 1.570796
    71 0.000001 0.000000 0.000000 -3.141593 0.000000 1.221730
    72 0.000000 0.000000 0.000000 3.141593 0.000000 1.570796
    73 0.000000 -0.000002 0.000000 3.141593 0.000000 1.570796
    74 0.000004 0.000000 0.000000 3.141593 0.000000 1.570797
    75 -0.000004 0.000000 0.000002 -1.570796 0.000000 1.570796
    76 0.000000 -0.000001 0.000008 -1.570796 0.000000 1.570796
    77 0.000001 0.000000 0.000000 -1.570796 0.000000 1.570796
    78 0.000001 0.000002 0.000000 -1.570796 0.000000 1.570796
    79 0.000000 0.000000 0.000000 -1.570796 0.000000 1.570796
    80 0.000001 0.000000 0.000000 -1.570796 0.000000 1.570796
    81 0.000001 0.000000 0.000000 -1.570796 0.000001 1.570796
    82 -0.000001 0.000000 0.000002 -1.570796 0.000001 1.570796
    83 0.000001 0.000000 0.000000 -1.570796 0.000000 1.570796
  time 30
    0 -0.479576 -13.219845 -8.222970 -3.872432 0.880162 0.059301
    1 0.073573 17.526917 0.777220 0.000000 0.000001 0.000000
    2 -0.226386 4.254942 -0.608961 0.000000 -0.000001 0.000000
    3 -0.307715 7.424438 -1.054517 0.000000 0.000001 0.000000
    4 -0.045094 3.566423 0.891595 0.000000 -0.000001 0.000000
    5 -0.116185 1.807585 2.464996 0.737724 0.000002 0.000000
    6 0.000000 1.030615 0.000004 -2.710628 0.089502 -3.268304
    7 -0.000002 5.179932 -0.000037 0.042197 -0.015672 0.039732
    8 -0.218267 25.777573 2.487072 2.709253 0.000002 0.000000
    9 0.000000 0.870350 0.000008 0.018815 0.036865 -0.245142
    10 0.000000 4.478401 0.000072 0.004500 0.020801 -0.003522
    11 2.318140 15.700035 6.897376 -1.904086 0.070086 0.211157
    12 5.917544 -24.856197 -6.004953 1.455286 -0.138815 2.291022
    13 -1.294654 1.473667 0.640471 2.361876 -0.514949 -2.105093
    14 0.000011 1.832554 0.000004 0.105672 -0.242335 -0.022342
    15 0.000000 1.003359 0.000001 0.156021 -0.012825 -0.172530
    16 -1.632739 4.327644 -0.483953 0.365920 0.282538 -0.018914
    17 -0.000010 1.637142 0.000010 1.001957 0.015772 -0.110368
    18 0.000007 1.100985 0.000004 0.016835 0.076947 -0.068142
    19 -0.500328 4.452953 -0.532495 0.396541 0.287798 0.017522
    20 -0.000010 1.442617 -0.000010 1.327527 0.029307 -0.036669
    21 -0.000003 1.302446 0.000004 0.004462 -0.041912 0.002935
    22 0.523221 4.540312 -0.480714 0.856087 0.290085 -0.284920
    23 -0.000001 1.198256 0.000008 0.732584 -0.133859 0.043102
    24 -0.000012 0.869780 0.000015 0.218278 0.063758 -0.018648
    25 1.354362 4.150681 -0.582655 0.848432 0.193448 -0.436427
    26 0.000000 1.157421 -0.000006 0.969721 -0.115779 0.002582
    27 0.000001 1.020055 0.000002 -0.120872 -0.015645 -0.025814
    28 5.003218 -8.070315 -8.112608 -2.401561 0.222495 0.365407
    29 0.000038 12.695422 -0.000004 -1.500977 0.454959 0.426330
    30 -2.418646 -14.103827 -5.833073 0.774750 -0.924323 3.160938
    31 -1.391397 1.476538 -0.700638 -1.757484 -1.119879 2.167452
    32 0.000002 1.751797 -0.000002 -0.382830 -0.196569 -0.169487
    33 0.000010 1.122969 0.000000 -0.357770 -0.049112 -0.094345
    34 -1.596883 4.441620 0.708540 1.365007 -1.150525 -1.273320
    35 -0.000008 1.481951 -0.000008 0.018943 -0.004043 1.246788
    36 0.000002 1.056648 -0.000004 -0.145240 -0.093310 0.961445
    37 -0.470901 4.219486 0.926555 -3.158796 -0.058390 -2.939043
    38 -0.000010 1.609821 0.000004 1.384805 0.015575 0.087176
    39 -0.000002 1.562311 0.000013 0.570675 0.025855 -0.031607
    40 0.576838 4.298388 0.639431 -2.731795 -0.062842 -2.944371
    41 0.000002 1.553762 -0.000008 1.104870 0.142122 0.010300
    42 0.000003 0.874434 -0.000006 0.739288 0.103092 0.207110
    43 1.459885 4.275572 0.219019 -2.270462 -0.186927 3.315640
    44 -0.000010 0.973051 -0.000004 1.316030 0.217351 0.114332
    45 0.000007 0.970890 0.000004 1.071526 0.084298 0.152707
    46 -7.008868 4.575658 -7.491495 -2.366715 0.937562 0.392585
    47 0.000011 12.706367 0.000010 -1.389656 0.216820 0.165514
    48 0.000000 0.000000 0.000000 1.570796 0.000000 1.570796
    49 -0.000006 1.500006 0.000000 1.570796 0.000000 1.570796
    50 0.000000 -0.299999 0.000000 -1.570796 0.000000 1.570796
    51 0.000000 0.000000 0.000000 0.000000 0.000000 1.570796
    52 0.000000 0.000000 0.000000 0.000000 0.000000 1.570796
    53 0.000000 0.000002 0.000001 0.000000 0.000000 1.919862
    54 0.000000 0.000000 0.000000 -1.570796 0.000000 1.570796
    55 0.000000 0.000000 0.000002 -1.570797 0.000000 1.570796
    56 -0.000002 -0.000002 0.000004 -1.570797 0.000001 1.570796
    57 0.000003 0.000000 0.000000 -1.570796 0.000000 1.570796
    58 0.000002 0.000003 0.000000 -1.570796 0.000000 1.570796
    59 0.000000 0.000000 0.000000 -1.570796 0.000000 1.570796
    60 -0.000001 0.000011 0.000000 -1.570796 0.000000 1.570796
    61 0.000000 0.000000 0.000000 -1.570796 -0.000001 1.570796
    62 0.000000 -0.000001 0.000000 -1.570796 0.000000 1.570796
    63 -0.000002 0.000002 -0.000002 -1.570796 0.000000 1.570796
    64 0.000000 0.000000 0.000000 -1.570797 0.000000 1.570796
    65 0.000000 0.000000 0.000000 -1.570797 0.000000 1.570796
    66 0.000000 0.000000 0.000000 1.570796 0.000000 1.570796
    67 0.000000 1.500000 0.000000 1.570796 0.000000 1.570796
    68 0.000000 0.300001 0.000000 1.570796 0.000000 1.570796
    69 -0.000011 0.000002 -0.000004 -3.141593 0.000001 1.570796
    70 0.000000 0.000000 0.000000 3.141593 0.000000 1.570796
    71 0.000001 0.000000 0.000000 -3.141593 0.000000 1.221730
    72 0.000000 0.000000 0.000000 3.141593 0.000000 1.570796
    73 0.000000 -0.000002 0.000000 3.141593 0.000000 1.570796
    74 0.000004 0.000000 0.000000 3.141593 0.000000 1.570797
    75 -0.000004 0.000000 0.000002 -1.570796 0.000000 1.570796
    76 0.000000 -0.000001 0.000008 -1.570796 0.000000 1.570796
    77 0.000001 0.000000 0.000000 -1.570796 0.000000 1.570796
    78 0.000001 0.000002 0.000000 -1.570796 0.000000 1.570796
    79 0.000000 0.000000 0.000000 -1.570796 0.000000 1.570796
    80 0.000001 0.000000 0.000000 -1.570796 0.000000 1.570796
    81 0.000001 0.000000 0.000000 -1.570796 0.000001 1.570796
    82 -0.000001 0.000000 0.000002 -1.570796 0.000001 1.570796
    83 0.000001 0.000000 0.000000 -1.570796 0.000000 1.570796
  time 31
    0 -0.452232 -13.258909 -8.195625 -3.861750 0.864771 0.071375
    1 0.073573 17.526917 0.777220 0.000000 0.000001 0.000000
    2 -0.226386 4.254942 -0.608961 0.000000 -0.000001 0.000000
    3 -0.319434 7.428344 -1.050611 0.000000 0.000001 0.000000
    4 -0.045094 3.566423 0.891595 0.000000 -0.000001 0.000000
    5 -0.116185 1.807585 2.464996 0.628900 0.000002 0.000000
    6 0.000000 1.030615 0.000004 -2.789689 0.109648 -3.303185
    7 -0.000002 5.179932 -0.000037 -0.016844 -0.016667 0.015511
    8 -0.218267 25.777573 2.487072 2.709828 0.000002 0.000000
    9 0.000000 0.870350 0.000008 0.018971 0.040712 -0.269985
    10 0.000000 4.478401 0.000072 0.004550 0.023126 -0.004122
    11 2.599399 15.700035 6.897376 -1.903027 0.074241 0.218936
    12 5.956608 -24.883542 -5.973702 1.438630 -0.134941 2.296973
    13 -1.294654 1.473667 0.640471 2.361876 -0.514949 -2.105093
    14 0.000011 1.832554 0.000004 0.105672 -0.242335 -0.022342
    15 0.000000 1.003359 0.000001 0.156021 -0.012873 -0.172530
    16 -1.632739 4.327644 -0.483953 0.365920 0.282538 -0.018914
    17 -0.000010 1.637142 0.000010 1.001957 0.015772 -0.110368
    18 0.000007 1.100985 0.000004 0.016835 0.076947 -0.068142
    19 -0.500328 4.452953 -0.532495 0.396541 0.287798 0.017522
    20 -0.000010 1.442617 -0.000010 1.327527 0.029307 -0.036669
    21 -0.000003 1.302446 0.000004 0.004462 -0.041912 0.002923
    22 0.523221 4.540312 -0.480714 0.856087 0.290085 -0.284920
    23 -0.000001 1.198256 0.000008 0.732584 -0.133859 0.043102
    24 -0.000012 0.869780 0.000015 0.218278 0.063758 -0.018648
    25 1.354362 4.150681 -0.582655 0.848409 0.193448 -0.436427
    26 0.000000 1.157421 -0.000006 0.969721 -0.115779 0.002582
    27 0.000001 1.020055 0.000002 -0.120872 -0.015645 -0.025814
    28 5.003218 -8.070315 -8.112608 -2.404277 0.224149 0.366776
    29 0.000038 12.695422 -0.000004 -1.497434 0.453567 0.426056
    30 -2.426459 -14.166329 -5.844792 0.762708 -0.909312 3.174676
    31 -1.391397 1.476538 -0.700638 -1.757484 -1.119891 2.167365
    32 0.000002 1.751797 -0.000002 -0.382830 -0.196569 -0.169487
    33 0.000010 1.122969 0.000000 -0.357770 -0.049112 -0.094345
    34 -1.596883 4.441620 0.708540 1.365007 -1.150525 -1.273320
    35 -0.000008 1.481951 -0.000008 0.018943 -0.004043 1.246788
    36 0.000002 1.056648 -0.000004 -0.145240 -0.093310 0.961445
    37 -0.470901 4.219486 0.926555 -3.158796 -0.058390 -2.939043
    38 -0.000010 1.609821 0.000004 1.384824 0.015575 0.087176
    39 -0.000002 1.562311 0.000013 0.570675 0.025855 -0.031607
    40 0.576838 4.298388 0.639431 -2.731795 -0.062842 -2.944371
    41 0.000002 1.553762 -0.000008 1.104842 0.142122 0.010300
    42 0.000003 0.874434 -0.000006 0.739288 0.103092 0.207110
    43 1.459885 4.275572 0.219019 -2.270474 -0.186915 3.315640
    44 -0.000010 0.973051 -0.000004 1.316030 0.217351 0.114332
    45 0.000007 0.970890 0.000004 1.071546 0.084298 0.152707
    46 -7.008868 4.575658 -7.491495 -2.370131 0.937946 0.391136
    47 0.000011 12.706367 0.000010 -1.382262 0.215586 0.165382
    48 0.000000 0.000000 0.000000 1.570796 0.000000 1.570796
    49 -0.000006 1.500006 0.000000 1.570796 0.000000 1.570796
    50 0.000000 -0.299999 0.000000 -1.570796 0.000000 1.570796
    51 0.000000 0.000000 0.000000 0.000000 0.000000 1.570796
    52 0.000000 0.000000 0.000000 0.000000 0.000000 1.570796
    53 0.000000 0.000002 0.000001 0.000000 0.000000 1.919862
    54 0.000000 0.000000 0.000000 -1.570796 0.000000 1.570796
    55 0.000000 0.000000 0.000002 -1.570797 0.000000 1.570796
    56 -0.000002 -0.000002 0.000004 -1.570797 0.000001 1.570796
    57 0.000003 0.000000 0.000000 -1.570796 0.000000 1.570796
    58 0.000002 0.000003 0.000000 -1.570796 0.000000 1.570796
    59 0.000000 0.000000 0.000000 -1.570796 0.000000 1.570796
    60 -0.000001 0.000011 0.000000 -1.570796 0.000000 1.570796
    61 0.000000 0.000000 0.000000 -1.570796 -0.000001 1.570796
    62 0.000000 -0.000001 0.000000 -1.570796 0.000000 1.570796
    63 -0.000002 0.000002 -0.000002 -1.570796 0.000000 1.570796
    64 0.000000 0.000000 0.000000 -1.570797 0.000000 1.570796
    65 0.000000 0.000000 0.000000 -1.570797 0.000000 1.570796
    66 0.000000 0.000000 0.000000 1.570796 0.000000 1.570796
    67 0.000000 1.500000 0.000000 1.570796 0.000000 1.570796
    68 0.000000 0.300001 0.000000 1.570796 0.000000 1.570796
    69 -0.000011 0.000002 -0.000004 -3.141593 0.000001 1.570796
    70 0.000000 0.000000 0.000000 3.141593 0.000000 1.570796
    71 0.000001 0.000000 0.000000 -3.141593 0.000000 1.221730
    72 0.000000 0.000000 0.000000 3.141593 0.000000 1.570796
    73 0.000000 -0.000002 0.000000 3.141593 0.000000 1.570796
    74 0.000004 0.000000 0.000000 3.141593 0.000000 1.570797
    75 -0.000004 0.000000 0.000002 -1.570796 0.000000 1.570796
    76 0.000000 -0.000001 0.000008 -1.570796 0.000000 1.570796
    77 0.000001 0.000000 0.000000 -1.570796 0.000000 1.570796
    78 0.000001 0.000002 0.000000 -1.570796 0.000000 1.570796
    79 0.000000 0.000000 0.000000 -1.570796 0.000000 1.570796
    80 0.000001 0.000000 0.000000 -1.570796 0.000000 1.570796
    81 0.000001 0.000000 0.000000 -1.570796 0.000001 1.570796
    82 -0.000001 0.000000 0.000002 -1.570796 0.000001 1.570796
    83 0.000001 0.000000 0.000000 -1.570796 0.000000 1.570796
  time 32
    0 -0.397543 -13.325317 -8.160468 -3.856874 0.859074 0.076124
    1 0.073573 17.526917 0.777220 0.000000 0.000001 0.000000
    2 -0.226386 4.254942 -0.608961 0.000000 -0.000001 0.000000
    3 -0.311621 7.424438 -1.046704 0.000000 0.000001 0.000000
    4 -0.045094 3.566423 0.891595 0.000000 -0.000001 0.000000
    5 -0.116185 1.807585 2.464996 0.474842 0.000002 0.000000
    6 0.000000 1.030615 0.000004 -2.950899 0.123754 -3.335186
    7 -0.000002 5.179932 -0.000037 -0.020541 -0.017769 0.002723
    8 -0.218267 25.777573 2.487072 2.710536 0.000002 0.000000
    9 0.000000 0.870350 0.000008 0.019067 0.043648 -0.288952
    10 0.000000 4.478401 0.000072 0.004567 0.024815 -0.004301
    11 2.814249 15.700035 6.877844 -1.902086 0.077521 0.224787
    12 5.999578 -24.930418 -5.942451 1.432092 -0.133941 2.299122
    13 -1.294654 1.473667 0.640471 2.361876 -0.514949 -2.105093
    14 0.000011 1.832554 0.000004 0.105672 -0.242335 -0.022342
    15 0.000000 1.003359 0.000001 0.156033 -0.012861 -0.172530
    16 -1.632739 4.327644 -0.483953 0.365920 0.282538 -0.018914
    17 -0.000010 1.637142 0.000010 1.001957 0.015772 -0.110368
    18 0.000007 1.100985 0.000004 0.016835 0.076947 -0.068142
    19 -0.500328 4.452953 -0.532495 0.396541 0.287798 0.017522
    20 -0.000010 1.442617 -0.000010 1.327527 0.029307 -0.036669
    21 -0.000003 1.302446 0.000004 0.004462 -0.041912 0.002947
    22 0.523221 4.540312 -0.480714 0.856087 0.290085 -0.284920
    23 -0.000001 1.198256 0.000008 0.732584 -0.133859 0.043114
    24 -0.000012 0.869780 0.000015 0.218278 0.063758 -0.018636
    25 1.354362 4.150681 -0.582655 0.848409 0.193448 -0.436427
    26 0.000000 1.157421 -0.000006 0.969721 -0.115779 0.002582
    27 0.000001 1.020055 0.000002 -0.120872 -0.015645 -0.025814
    28 5.003218 -8.070315 -8.112608 -2.409256 0.226928 0.367939
    29 0.000038 12.695422 -0.000004 -1.490416 0.450590 0.425965
    30 -2.383489 -14.236643 -5.813541 0.757243 -0.904027 3.179637
    31 -1.391397 1.476538 -0.700638 -1.757484 -1.119867 2.167452
    32 0.000002 1.751797 -0.000002 -0.382830 -0.196569 -0.169475
    33 0.000010 1.122969 0.000000 -0.357770 -0.049112 -0.094333
    34 -1.596883 4.441620 0.708540 1.365007 -1.150525 -1.273320
    35 -0.000008 1.481951 -0.000008 0.018943 -0.004043 1.246788
    36 0.000002 1.056648 -0.000004 -0.145240 -0.093310 0.961445
    37 -0.470901 4.219486 0.926555 -3.158809 -0.058390 -2.939043
    38 -0.000010 1.609821 0.000004 1.384824 0.015575 0.087176
    39 -0.000002 1.562311 0.000013 0.570675 0.025855 -0.031607
    40 0.576838 4.298388 0.639431 -2.731795 -0.062842 -2.944359
    41 0.000002 1.553762 -0.000008 1.104842 0.142122 0.010300
    42 0.000003 0.874434 -0.000006 0.739288 0.103092 0.207110
    43 1.459885 4.275572 0.219019 -2.270498 -0.186927 3.315640
    44 -0.000010 0.973051 -0.000004 1.316030 0.217351 0.114332
    45 0.000007 0.970890 0.000004 1.071546 0.084286 0.152707
    46 -7.008868 4.575658 -7.491495 -2.378847 0.938832 0.389005
    47 0.000011 12.706367 0.000010 -1.372789 0.213980 0.164902
    48 0.000000 0.000000 0.000000 1.570796 0.000000 1.570796
    49 -0.000006 1.500006 0.000000 1.570796 0.000000 1.570796
    50 0.000000 -0.299999 0.000000 -1.570796 0.000000 1.570796
    51 0.000000 0.000000 0.000000 0.000000 0.000000 1.570796
    52 0.000000 0.000000 0.000000 0.000000 0.000000 1.570796
    53 0.000000 0.000002 0.000001 0.000000 0.000000 1.919862
    54 0.000000 0.000000 0.000000 -1.570796 0.000000 1.570796
    55 0.000000 0.000000 0.000002 -1.570797 0.000000 1.570796
    56 -0.000002 -0.000002 0.000004 -1.570797 0.000001 1.570796
    57 0.000003 0.000000 0.000000 -1.570796 0.000000 1.570796
    58 0.000002 0.000003 0.000000 -1.570796 0.000000 1.570796
    59 0.000000 0.000000 0.000000 -1.570796 0.000000 1.570796
    60 -0.000001 0.000011 0.000000 -1.570796 0.000000 1.570796
    61 0.000000 0.000000 0.000000 -1.570796 -0.000001 1.570796
    62 0.000000 -0.000001 0.000000 -1.570796 0.000000 1.570796
    63 -0.000002 0.000002 -0.000002 -1.570796 0.000000 1.570796
    64 0.000000 0.000000 0.000000 -1.570797 0.000000 1.570796
    65 0.000000 0.000000 0.000000 -1.570797 0.000000 1.570796
    66 0.000000 0.000000 0.000000 1.570796 0.000000 1.570796
    67 0.000000 1.500000 0.000000 1.570796 0.000000 1.570796
    68 0.000000 0.300001 0.000000 1.570796 0.000000 1.570796
    69 -0.000011 0.000002 -0.000004 -3.141593 0.000001 1.570796
    70 0.000000 0.000000 0.000000 3.141593 0.000000 1.570796
    71 0.000001 0.000000 0.000000 -3.141593 0.000000 1.221730
    72 0.000000 0.000000 0.000000 3.141593 0.000000 1.570796
    73 0.000000 -0.000002 0.000000 3.141593 0.000000 1.570796
    74 0.000004 0.000000 0.000000 3.141593 0.000000 1.570797
    75 -0.000004 0.000000 0.000002 -1.570796 0.000000 1.570796
    76 0.000000 -0.000001 0.000008 -1.570796 0.000000 1.570796
    77 0.000001 0.000000 0.000000 -1.570796 0.000000 1.570796
    78 0.000001 0.000002 0.000000 -1.570796 0.000000 1.570796
    79 0.000000 0.000000 0.000000 -1.570796 0.000000 1.570796
    80 0.000001 0.000000 0.000000 -1.570796 0.000000 1.570796
    81 0.000001 0.000000 0.000000 -1.570796 0.000001 1.570796
    82 -0.000001 0.000000 0.000002 -1.570796 0.000001 1.570796
    83 0.000001 0.000000 0.000000 -1.570796 0.000000 1.570796
  time 33
    0 -0.370198 -13.364381 -8.133123 -3.855719 0.858413 0.077073
    1 0.073573 17.526917 0.777220 0.000000 0.000001 0.000000
    2 -0.226386 4.254942 -0.608961 0.000000 -0.000001 0.000000
    3 -0.319434 7.358030 -1.050611 0.000000 0.000001 0.000000
    4 -0.045094 3.566423 0.891595 0.000000 -0.000001 0.000000
    5 -0.116185 1.807585 2.464996 0.352052 0.000002 0.000000
    6 0.000000 1.030615 0.000004 -3.089997 0.130824 -3.358797
    7 -0.000002 5.179932 -0.000037 -0.005704 -0.018380 0.000926
    8 -0.218267 25.777573 2.487072 2.710835 0.000002 0.000000
    9 0.000000 0.870350 0.000008 0.019127 0.045494 -0.301102
    10 0.000000 4.478401 0.000072 0.004550 0.026074 -0.004625
    11 2.950972 15.700035 6.889563 -1.901380 0.079511 0.228524
    12 6.030829 -24.985107 -5.926826 1.431158 -0.134066 2.299287
    13 -1.294654 1.473667 0.640471 2.361876 -0.514949 -2.105093
    14 0.000011 1.832554 0.000004 0.105672 -0.242335 -0.022342
    15 0.000000 1.003359 0.000001 0.156021 -0.012885 -0.172495
    16 -1.632739 4.327644 -0.483953 0.365920 0.282538 -0.018914
    17 -0.000010 1.637142 0.000010 1.001957 0.015772 -0.110368
    18 0.000007 1.100985 0.000004 0.016835 0.076947 -0.068154
    19 -0.500328 4.452953 -0.532495 0.396541 0.287798 0.017522
    20 -0.000010 1.442617 -0.000010 1.327527 0.029307 -0.036669
    21 -0.000003 1.302446 0.000004 0.004462 -0.041912 0.002935
    22 0.523221 4.540312 -0.480714 0.856087 0.290085 -0.284920
    23 -0.000001 1.198256 0.000008 0.732584 -0.133859 0.043114
    24 -0.000012 0.869780 0.000015 0.218278 0.063758 -0.018636
    25 1.354362 4.150681 -0.582655 0.848409 0.193448 -0.436427
    26 0.000000 1.157421 -0.000006 0.969721 -0.115779 0.002582
    27 0.000001 1.020055 0.000002 -0.120872 -0.015645 -0.025814
    28 5.003218 -8.070315 -8.112608 -2.411972 0.228251 0.368555
    29 0.000038 12.695422 -0.000004 -1.485987 0.448966 0.425678
    30 -2.356144 -14.275707 -5.790103 0.755946 -0.903261 3.181164
    31 -1.391397 1.476538 -0.700638 -1.757657 -1.119879 2.167452
    32 0.000002 1.751797 -0.000002 -0.382830 -0.196569 -0.169487
    33 0.000010 1.122969 0.000000 -0.357758 -0.049112 -0.094345
    34 -1.596883 4.441620 0.708540 1.365007 -1.150525 -1.273320
    35 -0.000008 1.481951 -0.000008 0.018943 -0.004043 1.246788
    36 0.000002 1.056648 -0.000004 -0.145240 -0.093310 0.961518
    37 -0.470901 4.219486 0.926555 -3.158809 -0.058390 -2.939043
    38 -0.000010 1.609821 0.000004 1.384824 0.015575 0.087176
    39 -0.000002 1.562311 0.000013 0.570675 0.025855 -0.031607
    40 0.576838 4.298388 0.639431 -2.731795 -0.062842 -2.944359
    41 0.000002 1.553762 -0.000008 1.104870 0.142122 0.010300
    42 0.000003 0.874434 -0.000006 0.739288 0.103092 0.207110
    43 1.459885 4.275572 0.219019 -2.270462 -0.186903 3.315640
    44 -0.000010 0.973051 -0.000004 1.316030 0.217351 0.114332
    45 0.000007 0.970890 0.000004 1.071546 0.084286 0.152707
    46 -7.008868 4.575658 -7.491495 -2.383617 0.939334 0.387897
    47 0.000011 12.706367 0.000010 -1.367321 0.213105 0.164735
    48 0.000000 0.000000 0.000000 1.570796 0.000000 1.570796
    49 -0.000006 1.500006 0.000000 1.570796 0.000000 1.570796
    50 0.000000 -0.299999 0.000000 -1.570796 0.000000 1.570796
    51 0.000000 0.000000 0.000000 0.000000 0.000000 1.570796
    52 0.000000 0.000000 0.000000 0.000000 0.000000 1.570796
    53 0.000000 0.000002 0.000001 0.000000 0.000000 1.919862
    54 0.000000 0.000000 0.000000 -1.570796 0.000000 1.570796
    55 0.000000 0.000000 0.000002 -1.570797 0.000000 1.570796
    56 -0.000002 -0.000002 0.000004 -1.570797 0.000001 1.570796
    57 0.000003 0.000000 0.000000 -1.570796 0.000000 1.570796
    58 0.000002 0.000003 0.000000 -1.570796 0.000000 1.570796
    59 0.000000 0.000000 0.000000 -1.570796 0.000000 1.570796
    60 -0.000001 0.000011 0.000000 -1.570796 0.000000 1.570796
    61 0.000000 0.000000 0.000000 -1.570796 -0.000001 1.570796
    62 0.000000 -0.000001 0.000000 -1.570796 0.000000 1.570796
    63 -0.000002 0.000002 -0.000002 -1.570796 0.000000 1.570796
    64 0.000000 0.000000 0.000000 -1.570797 0.000000 1.570796
    65 0.000000 0.000000 0.000000 -1.570797 0.000000 1.570796
    66 0.000000 0.000000 0.000000 1.570796 0.000000 1.570796
    67 0.000000 1.500000 0.000000 1.570796 0.000000 1.570796
    68 0.000000 0.300001 0.000000 1.570796 0.000000 1.570796
    69 -0.000011 0.000002 -0.000004 -3.141593 0.000001 1.570796
    70 0.000000 0.000000 0.000000 3.141593 0.000000 1.570796
    71 0.000001 0.000000 0.000000 -3.141593 0.000000 1.221730
    72 0.000000 0.000000 0.000000 3.141593 0.000000 1.570796
    73 0.000000 -0.000002 0.000000 3.141593 0.000000 1.570796
    74 0.000004 0.000000 0.000000 3.141593 0.000000 1.570797
    75 -0.000004 0.000000 0.000002 -1.570796 0.000000 1.570796
    76 0.000000 -0.000001 0.000008 -1.570796 0.000000 1.570796
    77 0.000001 0.000000 0.000000 -1.570796 0.000000 1.570796
    78 0.000001 0.000002 0.000000 -1.570796 0.000000 1.570796
    79 0.000000 0.000000 0.000000 -1.570796 0.000000 1.570796
    80 0.000001 0.000000 0.000000 -1.570796 0.000000 1.570796
    81 0.000001 0.000000 0.000000 -1.570796 0.000001 1.570796
    82 -0.000001 0.000000 0.000002 -1.570796 0.000001 1.570796
    83 0.000001 0.000000 0.000000 -1.570796 0.000000 1.570796
  time 34
    0 -0.444419 -13.255003 -8.211250 -3.873106 0.874339 0.054010
    1 0.073573 17.526917 0.777220 0.000000 0.000001 0.000000
    2 -0.226386 4.110406 -0.608961 0.000000 -0.000001 0.000000
    3 -0.307715 7.162711 -0.999828 0.000000 0.000001 0.000000
    4 -0.045094 3.566423 0.891595 0.000000 -0.000001 0.000000
    5 -0.116185 1.807585 2.464996 0.351896 0.000002 0.000000
    6 0.000000 1.030615 0.000004 -3.090028 0.132898 -3.362008
    7 -0.000002 5.179932 -0.000037 -0.005704 -0.018728 0.000926
    8 -0.218267 25.777573 2.487072 2.711063 0.000002 0.000000
    9 0.000000 0.870350 0.000008 0.019139 0.046165 -0.305372
    10 0.000000 4.478401 0.000072 0.004550 0.026325 -0.004697
    11 3.001755 15.700035 6.881751 -1.901027 0.080298 0.229787
    12 5.886293 -24.922605 -5.942451 1.450694 -0.134941 2.286807
    13 -1.294654 1.473667 0.640471 2.361876 -0.514949 -2.105093
    14 0.000011 1.832554 0.000004 0.105672 -0.242335 -0.022342
    15 0.000000 1.003359 0.000001 0.156021 -0.012885 -0.172530
    16 -1.632739 4.327644 -0.483953 0.365920 0.282538 -0.018914
    17 -0.000010 1.637142 0.000010 1.001957 0.015772 -0.110368
    18 0.000007 1.100985 0.000004 0.016835 0.076947 -0.068142
    19 -0.500328 4.452953 -0.532495 0.396541 0.287798 0.017522
    20 -0.000010 1.442617 -0.000010 1.327527 0.029307 -0.036669
    21 -0.000003 1.302446 0.000004 0.004462 -0.041912 0.002947
    22 0.523221 4.540312 -0.480714 0.856087 0.290085 -0.284920
    23 -0.000001 1.198256 0.000008 0.732584 -0.133859 0.043090
    24 -0.000012 0.869780 0.000015 0.218278 0.063758 -0.018648
    25 1.354362 4.150681 -0.582655 0.848409 0.193448 -0.436427
    26 0.000000 1.157421 -0.000006 0.969721 -0.115779 0.002582
    27 0.000001 1.020055 0.000002 -0.120872 -0.015645 -0.025814
    28 5.003218 -8.070315 -8.112608 -2.407898 0.223289 0.361643
    29 0.000038 12.695422 -0.000004 -1.494436 0.452233 0.426017
    30 -2.496773 -13.990542 -5.907294 0.774935 -0.918885 3.155977
    31 -1.391397 1.476538 -0.700638 -1.757484 -1.119879 2.167452
    32 0.000002 1.751797 -0.000002 -0.382830 -0.196569 -0.169487
    33 0.000010 1.122969 0.000000 -0.357782 -0.049112 -0.094345
    34 -1.596883 4.441620 0.708540 1.365007 -1.150525 -1.273320
    35 -0.000008 1.481951 -0.000008 0.018943 -0.004043 1.246788
    36 0.000002 1.056648 -0.000004 -0.145240 -0.093310 0.961445
    37 -0.470901 4.219486 0.926555 -3.158796 -0.058390 -2.939043
    38 -0.000010 1.609821 0.000004 1.384824 0.015575 0.087176
    39 -0.000002 1.562311 0.000013 0.570675 0.025855 -0.031607
    40 0.576838 4.298388 0.639431 -2.731795 -0.062853 -2.944359
    41 0.000002 1.553762 -0.000008 1.104870 0.142122 0.010300
    42 0.000003 0.874434 -0.000006 0.739329 0.103092 0.207110
    43 1.459885 4.275572 0.219019 -2.270498 -0.186927 3.315640
    44 -0.000010 0.973051 -0.000004 1.316030 0.217351 0.114332
    45 0.000007 0.970890 0.000004 1.071546 0.084286 0.152707
    46 -7.008868 4.575658 -7.491495 -2.352346 0.936469 0.396335
    47 0.000011 12.706367 0.000010 -1.404367 0.219097 0.166017
    48 0.000000 0.000000 0.000000 1.570796 0.000000 1.570796
    49 -0.000006 1.500006 0.000000 1.570796 0.000000 1.570796
    50 0.000000 -0.299999 0.000000 -1.570796 0.000000 1.570796
    51 0.000000 0.000000 0.000000 0.000000 0.000000 1.570796
    52 0.000000 0.000000 0.000000 0.000000 0.000000 1.570796
    53 0.000000 0.000002 0.000001 0.000000 0.000000 1.919862
    54 0.000000 0.000000 0.000000 -1.570796 0.000000 1.570796
    55 0.000000 0.000000 0.000002 -1.570797 0.000000 1.570796
    56 -0.000002 -0.000002 0.000004 -1.570797 0.000001 1.570796
    57 0.000003 0.000000 0.000000 -1.570796 0.000000 1.570796
    58 0.000002 0.000003 0.000000 -1.570796 0.000000 1.570796
    59 0.000000 0.000000 0.000000 -1.570796 0.000000 1.570796
    60 -0.000001 0.000011 0.000000 -1.570796 0.000000 1.570796
    61 0.000000 0.000000 0.000000 -1.570796 -0.000001 1.570796
    62 0.000000 -0.000001 0.000000 -1.570796 0.000000 1.570796
    63 -0.000002 0.000002 -0.000002 -1.570796 0.000000 1.570796
    64 0.000000 0.000000 0.000000 -1.570797 0.000000 1.570796
    65 0.000000 0.000000 0.000000 -1.570797 0.000000 1.570796
    66 0.000000 0.000000 0.000000 1.570796 0.000000 1.570796
    67 0.000000 1.500000 0.000000 1.570796 0.000000 1.570796
    68 0.000000 0.300001 0.000000 1.570796 0.000000 1.570796
    69 -0.000011 0.000002 -0.000004 -3.141593 0.000001 1.570796
    70 0.000000 0.000000 0.000000 3.141593 0.000000 1.570796
    71 0.000001 0.000000 0.000000 -3.141593 0.000000 1.221730
    72 0.000000 0.000000 0.000000 3.141593 0.000000 1.570796
    73 0.000000 -0.000002 0.000000 3.141593 0.000000 1.570796
    74 0.000004 0.000000 0.000000 3.141593 0.000000 1.570797
    75 -0.000004 0.000000 0.000002 -1.570796 0.000000 1.570796
    76 0.000000 -0.000001 0.000008 -1.570796 0.000000 1.570796
    77 0.000001 0.000000 0.000000 -1.570796 0.000000 1.570796
    78 0.000001 0.000002 0.000000 -1.570796 0.000000 1.570796
    79 0.000000 0.000000 0.000000 -1.570796 0.000000 1.570796
    80 0.000001 0.000000 0.000000 -1.570796 0.000000 1.570796
    81 0.000001 0.000000 0.000000 -1.570796 0.000001 1.570796
    82 -0.000001 0.000000 0.000002 -1.570796 0.000001 1.570796
    83 0.000001 0.000000 0.000000 -1.570796 0.000000 1.570796
  time 35
    0 -0.631925 -12.977651 -8.394850 -3.914617 0.908395 0.000219
    1 0.073573 17.526917 0.777220 0.000000 0.000001 0.000000
    2 -0.226386 3.649455 -0.608961 0.000000 -0.000001 0.000000
    3 -0.307715 6.881453 -0.956858 0.000000 0.000001 0.000000
    4 -0.045094 3.566423 0.891595 0.000000 -0.000001 0.000000
    5 -0.116185 1.807585 2.464996 0.448587 0.000002 0.000000
    6 0.000000 1.030615 0.000004 -2.981841 0.127792 -3.343387
    7 -0.000002 5.179932 -0.000037 -0.017460 -0.018285 0.002328
    8 -0.218267 25.777573 2.487072 2.710512 0.000002 0.000000
    9 0.000000 0.870350 0.000008 0.018923 0.044043 -0.295571
    10 0.000000 4.478401 0.000072 0.004417 0.025127 -0.004397
    11 2.880657 15.700035 6.897376 -1.895288 0.075968 0.218670
    12 5.519094 -24.715568 -6.020579 1.494202 -0.135878 2.258871
    13 -1.294654 1.473667 0.640471 2.361876 -0.514949 -2.105093
    14 0.000011 1.832554 0.000004 0.105672 -0.242335 -0.022342
    15 0.000000 1.003359 0.000001 0.156021 -0.012873 -0.172530
    16 -1.632739 4.327644 -0.483953 0.365920 0.282538 -0.018914
    17 -0.000010 1.637142 0.000010 1.001957 0.015784 -0.110368
    18 0.000007 1.100985 0.000004 0.016835 0.076947 -0.068142
    19 -0.500328 4.452953 -0.532495 0.396541 0.287798 0.017522
    20 -0.000010 1.442617 -0.000010 1.327527 0.029307 -0.036669
    21 -0.000003 1.302446 0.000004 0.004462 -0.041912 0.002935
    22 0.523221 4.540312 -0.480714 0.856087 0.290085 -0.284920
    23 -0.000001 1.198256 0.000008 0.732584 -0.133859 0.043102
    24 -0.000012 0.869780 0.000015 0.218278 0.063758 -0.018648
    25 1.354362 4.150681 -0.582655 0.848432 0.193448 -0.436427
    26 0.000000 1.157421 -0.000006 0.969721 -0.115779 0.002582
    27 0.000001 1.020055 0.000002 -0.120872 -0.015645 -0.025802
    28 5.003218 -8.070315 -8.112608 -2.396054 0.210520 0.345492
    29 0.000038 12.695422 -0.000004 -1.516376 0.461222 0.426747
    30 -2.860066 -13.295208 -6.223710 0.821157 -0.952124 3.097016
    31 -1.391397 1.476538 -0.700638 -1.757657 -1.119879 2.167452
    32 0.000002 1.751797 -0.000002 -0.382830 -0.196569 -0.169487
    33 0.000010 1.122969 0.000000 -0.357758 -0.049112 -0.094345
    34 -1.596883 4.441620 0.708540 1.365007 -1.150525 -1.273320
    35 -0.000008 1.481951 -0.000008 0.018943 -0.004043 1.246788
    36 0.000002 1.056648 -0.000004 -0.145240 -0.093310 0.961445
    37 -0.470901 4.219486 0.926555 -3.158809 -0.058390 -2.939043
    38 -0.000010 1.609821 0.000004 1.384805 0.015575 0.087176
    39 -0.000002 1.562311 0.000013 0.570675 0.025855 -0.031607
    40 0.576838 4.298388 0.639431 -2.731795 -0.062842 -2.944359
    41 0.000002 1.553762 -0.000008 1.104870 0.142122 0.010300
    42 0.000003 0.874434 -0.000006 0.739329 0.103092 0.207110
    43 1.459885 4.275572 0.219019 -2.270486 -0.186891 3.315640
    44 -0.000010 0.973051 -0.000004 1.316030 0.217351 0.114332
    45 0.000007 0.970890 0.000004 1.071526 0.084298 0.152707
    46 -7.008868 4.575658 -7.491495 -2.273671 0.929144 0.417729
    47 0.000011 12.706367 0.000010 -1.494402 0.233934 0.167851
    48 0.000000 0.000000 0.000000 1.570796 0.000000 1.570796
    49 -0.000006 1.500006 0.000000 1.570796 0.000000 1.570796
    50 0.000000 -0.299999 0.000000 -1.570796 0.000000 1.570796
    51 0.000000 0.000000 0.000000 0.000000 0.000000 1.570796
    52 0.000000 0.000000 0.000000 0.000000 0.000000 1.570796
    53 0.000000 0.000002 0.000001 0.000000 0.000000 1.919862
    54 0.000000 0.000000 0.000000 -1.570796 0.000000 1.570796
    55 0.000000 0.000000 0.000002 -1.570797 0.000000 1.570796
    56 -0.000002 -0.000002 0.000004 -1.570797 0.000001 1.570796
    57 0.000003 0.000000 0.000000 -1.570796 0.000000 1.570796
    58 0.000002 0.000003 0.000000 -1.570796 0.000000 1.570796
    59 0.000000 0.000000 0.000000 -1.570796 0.000000 1.570796
    60 -0.000001 0.000011 0.000000 -1.570796 0.000000 1.570796
    61 0.000000 0.000000 0.000000 -1.570796 -0.000001 1.570796
    62 0.000000 -0.000001 0.000000 -1.570796 0.000000 1.570796
    63 -0.000002 0.000002 -0.000002 -1.570796 0.000000 1.570796
    64 0.000000 0.000000 0.000000 -1.570797 0.000000 1.570796
    65 0.000000 0.000000 0.000000 -1.570797 0.000000 1.570796
    66 0.000000 0.000000 0.000000 1.570796 0.000000 1.570796
    67 0.000000 1.500000 0.000000 1.570796 0.000000 1.570796
    68 0.000000 0.300001 0.000000 1.570796 0.000000 1.570796
    69 -0.000011 0.000002 -0.000004 -3.141593 0.000001 1.570796
    70 0.000000 0.000000 0.000000 3.141593 0.000000 1.570796
    71 0.000001 0.000000 0.000000 -3.141593 0.000000 1.221730
    72 0.000000 0.000000 0.000000 3.141593 0.000000 1.570796
    73 0.000000 -0.000002 0.000000 3.141593 0.000000 1.570796
    74 0.000004 0.000000 0.000000 3.141593 0.000000 1.570797
    75 -0.000004 0.000000 0.000002 -1.570796 0.000000 1.570796
    76 0.000000 -0.000001 0.000008 -1.570796 0.000000 1.570796
    77 0.000001 0.000000 0.000000 -1.570796 0.000000 1.570796
    78 0.000001 0.000002 0.000000 -1.570796 0.000000 1.570796
    79 0.000000 0.000000 0.000000 -1.570796 0.000000 1.570796
    80 0.000001 0.000000 0.000000 -1.570796 0.000000 1.570796
    81 0.000001 0.000000 0.000000 -1.570796 0.000001 1.570796
    82 -0.000001 0.000000 0.000002 -1.570796 0.000001 1.570796
    83 0.000001 0.000000 0.000000 -1.570796 0.000000 1.570796
  time 36
    0 -0.893652 -12.594826 -8.644857 -3.961133 0.941160 -0.058457
    1 0.073573 17.526917 0.777220 0.000000 0.000001 0.000000
    2 -0.226386 3.028342 -0.608961 0.000000 -0.000001 0.000000
    3 -0.288183 6.553318 -0.898262 0.000000 0.000001 0.000000
    4 -0.045094 3.566423 0.891595 0.000000 -0.000001 0.000000
    5 -0.116185 1.807585 2.464996 0.716599 0.000002 0.000000
    6 0.000000 1.030615 0.000004 -2.725959 0.104938 -3.290341
    7 -0.000002 5.179932 -0.000037 0.023614 -0.017302 0.034291
    8 -0.218267 25.777573 2.487072 2.708318 0.000002 0.000000
    9 0.000000 0.870350 0.000008 0.018491 0.039274 -0.270701
    10 0.000000 4.478401 0.000072 0.004801 0.021795 -0.004589
    11 2.638462 15.680503 6.940346 -1.880215 0.065035 0.190851
    12 5.089394 -24.387433 -6.161208 1.537321 -0.135628 2.231844
    13 -1.294654 1.473667 0.640471 2.361876 -0.514949 -2.105093
    14 0.000011 1.832554 0.000004 0.105672 -0.242335 -0.022342
    15 0.000000 1.003359 0.000001 0.156021 -0.012813 -0.172530
    16 -1.632739 4.327644 -0.483953 0.365920 0.282538 -0.018914
    17 -0.000010 1.637142 0.000010 1.001957 0.015784 -0.110368
    18 0.000007 1.100985 0.000004 0.016835 0.076947 -0.068142
    19 -0.500328 4.452953 -0.532495 0.396541 0.287798 0.017522
    20 -0.000010 1.442617 -0.000010 1.327527 0.029307 -0.036669
    21 -0.000003 1.302446 0.000004 0.004462 -0.041912 0.002935
    22 0.523221 4.540312 -0.480714 0.856087 0.290085 -0.284920
    23 -0.000001 1.198256 0.000008 0.732584 -0.133859 0.043090
    24 -0.000012 0.869780 0.000015 0.218278 0.063758 -0.018624
    25 1.354362 4.150681 -0.582655 0.848432 0.193448 -0.436427
    26 0.000000 1.157421 -0.000006 0.969721 -0.115779 0.002582
    27 0.000001 1.020055 0.000002 -0.120872 -0.015645 -0.025814
    28 5.003218 -8.070315 -8.112608 -2.376892 0.193186 0.327083
    29 0.000038 12.695422 -0.000004 -1.548332 0.474271 0.427321
    30 -3.379613 -12.357680 -6.692474 0.872844 -0.982759 3.032713
    31 -1.391397 1.476538 -0.700638 -1.757657 -1.119867 2.167452
    32 0.000002 1.751797 -0.000002 -0.382830 -0.196569 -0.169487
    33 0.000010 1.122969 0.000000 -0.357770 -0.049112 -0.094333
    34 -1.596883 4.441620 0.708540 1.365007 -1.150525 -1.273320
    35 -0.000008 1.481951 -0.000008 0.018943 -0.004043 1.246788
    36 0.000002 1.056648 -0.000004 -0.145240 -0.093310 0.961445
    37 -0.470901 4.219486 0.926555 -3.158796 -0.058402 -2.939043
    38 -0.000010 1.609821 0.000004 1.384805 0.015575 0.087176
    39 -0.000002 1.562311 0.000013 0.570675 0.025855 -0.031607
    40 0.576838 4.298388 0.639431 -2.731795 -0.062853 -2.944371
    41 0.000002 1.553762 -0.000008 1.104955 0.142122 0.010300
    42 0.000003 0.874434 -0.000006 0.739370 0.103092 0.207110
    43 1.459885 4.275572 0.219019 -2.270498 -0.186927 3.315640
    44 -0.000010 0.973051 -0.000004 1.316030 0.217351 0.114332
    45 0.000007 0.970890 0.000004 1.071526 0.084286 0.152707
    46 -7.008868 4.575658 -7.491495 -2.167552 0.919072 0.445175
    47 0.000011 12.706367 0.000010 -1.606695 0.252510 0.168126
    48 0.000000 0.000000 0.000000 1.570796 0.000000 1.570796
    49 -0.000006 1.500006 0.000000 1.570796 0.000000 1.570796
    50 0.000000 -0.299999 0.000000 -1.570796 0.000000 1.570796
    51 0.000000 0.000000 0.000000 0.000000 0.000000 1.570796
    52 0.000000 0.000000 0.000000 0.000000 0.000000 1.570796
    53 0.000000 0.000002 0.000001 0.000000 0.000000 1.919862
    54 0.000000 0.000000 0.000000 -1.570796 0.000000 1.570796
    55 0.000000 0.000000 0.000002 -1.570797 0.000000 1.570796
    56 -0.000002 -0.000002 0.000004 -1.570797 0.000001 1.570796
    57 0.000003 0.000000 0.000000 -1.570796 0.000000 1.570796
    58 0.000002 0.000003 0.000000 -1.570796 0.000000 1.570796
    59 0.000000 0.000000 0.000000 -1.570796 0.000000 1.570796
    60 -0.000001 0.000011 0.000000 -1.570796 0.000000 1.570796
    61 0.000000 0.000000 0.000000 -1.570796 -0.000001 1.570796
    62 0.000000 -0.000001 0.000000 -1.570796 0.000000 1.570796
    63 -0.000002 0.000002 -0.000002 -1.570796 0.000000 1.570796
    64 0.000000 0.000000 0.000000 -1.570797 0.000000 1.570796
    65 0.000000 0.000000 0.000000 -1.570797 0.000000 1.570796
    66 0.000000 0.000000 0.000000 1.570796 0.000000 1.570796
    67 0.000000 1.500000 0.000000 1.570796 0.000000 1.570796
    68 0.000000 0.300001 0.000000 1.570796 0.000000 1.570796
    69 -0.000011 0.000002 -0.000004 -3.141593 0.000001 1.570796
    70 0.000000 0.000000 0.000000 3.141593 0.000000 1.570796
    71 0.000001 0.000000 0.000000 -3.141593 0.000000 1.221730
    72 0.000000 0.000000 0.000000 3.141593 0.000000 1.570796
    73 0.000000 -0.000002 0.000000 3.141593 0.000000 1.570796
    74 0.000004 0.000000 0.000000 3.141593 0.000000 1.570797
    75 -0.000004 0.000000 0.000002 -1.570796 0.000000 1.570796
    76 0.000000 -0.000001 0.000008 -1.570796 0.000000 1.570796
    77 0.000001 0.000000 0.000000 -1.570796 0.000000 1.570796
    78 0.000001 0.000002 0.000000 -1.570796 0.000000 1.570796
    79 0.000000 0.000000 0.000000 -1.570796 0.000000 1.570796
    80 0.000001 0.000000 0.000000 -1.570796 0.000000 1.570796
    81 0.000001 0.000000 0.000000 -1.570796 0.000001 1.570796
    82 -0.000001 0.000000 0.000002 -1.570796 0.000001 1.570796
    83 0.000001 0.000000 0.000000 -1.570796 0.000000 1.570796
  time 37
    0 -1.174910 -12.180751 -8.914397 -3.983845 0.955418 -0.086879
    1 0.073573 17.526917 0.777220 0.000000 0.000001 0.000000
    2 -0.226386 2.333008 -0.608961 0.000000 -0.000001 0.000000
    3 -0.288183 6.236902 -0.835760 0.000000 0.000001 0.000000
    4 -0.045094 3.566423 0.891595 0.000000 -0.000001 0.000000
    5 -0.116185 1.807585 2.464996 0.838121 0.000002 0.000000
    6 0.000000 1.030615 0.000004 -2.676350 0.077876 -3.248770
    7 -0.000002 5.179932 -0.000037 0.144290 -0.018872 0.068399
    8 -0.218267 25.777573 2.487072 2.706185 0.000002 0.000000
    9 0.000000 0.870350 0.000008 0.018108 0.033593 -0.238404
    10 0.000000 4.478401 0.000072 0.004851 0.017888 -0.004325
    11 2.282983 15.618001 6.998942 -1.859730 0.050559 0.154827
    12 4.730008 -24.004609 -6.383871 1.556935 -0.135128 2.219529
    13 -1.294654 1.473667 0.640471 2.361876 -0.514949 -2.105093
    14 0.000011 1.832554 0.000004 0.105672 -0.242335 -0.022342
    15 0.000000 1.003359 0.000001 0.156021 -0.012873 -0.172530
    16 -1.632739 4.327644 -0.483953 0.365920 0.282538 -0.018914
    17 -0.000010 1.637142 0.000010 1.001957 0.015772 -0.110368
    18 0.000007 1.100985 0.000004 0.016835 0.076947 -0.068142
    19 -0.500328 4.452953 -0.532495 0.396541 0.287798 0.017522
    20 -0.000010 1.442617 -0.000010 1.327527 0.029307 -0.036669
    21 -0.000003 1.302446 0.000004 0.004462 -0.041912 0.002947
    22 0.523221 4.540312 -0.480714 0.856087 0.290085 -0.284920
    23 -0.000001 1.198256 0.000008 0.732584 -0.133859 0.043102
    24 -0.000012 0.869780 0.000015 0.218278 0.063758 -0.018624
    25 1.354362 4.150681 -0.582655 0.848432 0.193448 -0.436427
    26 0.000000 1.157421 -0.000006 0.969721 -0.115779 0.002582
    27 0.000001 1.020055 0.000002 -0.120872 -0.015645 -0.025814
    28 5.003218 -8.070315 -8.112608 -2.349356 0.175058 0.313464
    29 0.000038 12.695422 -0.000004 -1.586693 0.489736 0.427373
    30 -4.004632 -11.416245 -7.227647 0.898039 -0.996698 3.001134
    31 -1.391397 1.476538 -0.700638 -1.757657 -1.119879 2.167452
    32 0.000002 1.751797 -0.000002 -0.382830 -0.196569 -0.169475
    33 0.000010 1.122969 0.000000 -0.357758 -0.049112 -0.094333
    34 -1.596883 4.441620 0.708540 1.365007 -1.150525 -1.273320
    35 -0.000008 1.481951 -0.000008 0.018943 -0.004043 1.246788
    36 0.000002 1.056648 -0.000004 -0.145240 -0.093310 0.961445
    37 -0.470901 4.219486 0.926555 -3.158809 -0.058390 -2.939043
    38 -0.000010 1.609821 0.000004 1.384805 0.015575 0.087176
    39 -0.000002 1.562311 0.000013 0.570675 0.025855 -0.031607
    40 0.576838 4.298388 0.639431 -2.731795 -0.062842 -2.944359
    41 0.000002 1.553762 -0.000008 1.104983 0.142122 0.010300
    42 0.000003 0.874434 -0.000006 0.739391 0.103092 0.207110
    43 1.459885 4.275572 0.219019 -2.270498 -0.186927 3.315640
    44 -0.000010 0.973051 -0.000004 1.316030 0.217351 0.114332
    45 0.000007 0.970890 0.000004 1.071526 0.084286 0.152707
    46 -7.008868 4.575658 -7.491495 -2.052895 0.907789 0.471428
    47 0.000011 12.706367 0.000010 -1.716986 0.270463 0.166400
    48 0.000000 0.000000 0.000000 1.570796 0.000000 1.570796
    49 -0.000006 1.500006 0.000000 1.570796 0.000000 1.570796
    50 0.000000 -0.299999 0.000000 -1.570796 0.000000 1.570796
    51 0.000000 0.000000 0.000000 0.000000 0.000000 1.570796
    52 0.000000 0.000000 0.000000 0.000000 0.000000 1.570796
    53 0.000000 0.000002 0.000001 0.000000 0.000000 1.919862
    54 0.000000 0.000000 0.000000 -1.570796 0.000000 1.570796
    55 0.000000 0.000000 0.000002 -1.570797 0.000000 1.570796
    56 -0.000002 -0.000002 0.000004 -1.570797 0.000001 1.570796
    57 0.000003 0.000000 0.000000 -1.570796 0.000000 1.570796
    58 0.000002 0.000003 0.000000 -1.570796 0.000000 1.570796
    59 0.000000 0.000000 0.000000 -1.570796 0.000000 1.570796
    60 -0.000001 0.000011 0.000000 -1.570796 0.000000 1.570796
    61 0.000000 0.000000 0.000000 -1.570796 -0.000001 1.570796
    62 0.000000 -0.000001 0.000000 -1.570796 0.000000 1.570796
    63 -0.000002 0.000002 -0.000002 -1.570796 0.000000 1.570796
    64 0.000000 0.000000 0.000000 -1.570797 0.000000 1.570796
    65 0.000000 0.000000 0.000000 -1.570797 0.000000 1.570796
    66 0.000000 0.000000 0.000000 1.570796 0.000000 1.570796
    67 0.000000 1.500000 0.000000 1.570796 0.000000 1.570796
    68 0.000000 0.300001 0.000000 1.570796 0.000000 1.570796
    69 -0.000011 0.000002 -0.000004 -3.141593 0.000001 1.570796
    70 0.000000 0.000000 0.000000 3.141593 0.000000 1.570796
    71 0.000001 0.000000 0.000000 -3.141593 0.000000 1.221730
    72 0.000000 0.000000 0.000000 3.141593 0.000000 1.570796
    73 0.000000 -0.000002 0.000000 3.141593 0.000000 1.570796
    74 0.000004 0.000000 0.000000 3.141593 0.000000 1.570797
    75 -0.000004 0.000000 0.000002 -1.570796 0.000000 1.570796
    76 0.000000 -0.000001 0.000008 -1.570796 0.000000 1.570796
    77 0.000001 0.000000 0.000000 -1.570796 0.000000 1.570796
    78 0.000001 0.000002 0.000000 -1.570796 0.000000 1.570796
    79 0.000000 0.000000 0.000000 -1.570796 0.000000 1.570796
    80 0.000001 0.000000 0.000000 -1.570796 0.000000 1.570796
    81 0.000001 0.000000 0.000000 -1.570796 0.000001 1.570796
    82 -0.000001 0.000000 0.000002 -1.570796 0.000001 1.570796
    83 0.000001 0.000000 0.000000 -1.570796 0.000000 1.570796
  time 38
    0 -1.436637 -11.801833 -9.172217 -3.969602 0.939492 -0.071006
    1 0.073573 17.526917 0.777220 0.000000 0.000001 0.000000
    2 -0.226386 1.715802 -0.608961 0.000000 -0.000001 0.000000
    3 -0.288183 5.955643 -0.784978 0.000000 0.000001 0.000000
    4 -0.045094 3.566423 0.891595 0.000000 -0.000001 0.000000
    5 -0.116185 1.807585 2.464996 0.900774 0.000002 0.000000
    6 0.000000 1.030615 0.000004 -2.667024 0.058485 -3.221948
    7 -0.000002 5.179932 -0.000037 0.228611 -0.020622 0.081055
    8 -0.218267 25.777573 2.487072 2.704172 0.000002 0.000000
    9 0.000000 0.870350 0.000008 0.017509 0.029159 -0.206292
    10 0.000000 4.478401 0.000072 0.004751 0.015455 -0.003666
    11 1.954848 15.559406 7.049725 -1.838291 0.035930 0.118830
    12 4.476094 -23.617878 -6.614347 1.539578 -0.130879 2.225893
    13 -1.294654 1.473667 0.640471 2.361876 -0.514949 -2.105093
    14 0.000011 1.832554 0.000004 0.105672 -0.242335 -0.022342
    15 0.000000 1.003359 0.000001 0.156021 -0.012849 -0.172530
    16 -1.632739 4.327644 -0.483953 0.365920 0.282538 -0.018914
    17 -0.000010 1.637142 0.000010 1.001957 0.015784 -0.110368
    18 0.000007 1.100985 0.000004 0.016835 0.076947 -0.068142
    19 -0.500328 4.452953 -0.532495 0.396541 0.287798 0.017522
    20 -0.000010 1.442617 -0.000010 1.327527 0.029307 -0.036669
    21 -0.000003 1.302446 0.000004 0.004462 -0.041912 0.002935
    22 0.523221 4.540312 -0.480714 0.856087 0.290085 -0.284920
    23 -0.000001 1.198256 0.000008 0.732564 -0.133859 0.043090
    24 -0.000012 0.869780 0.000015 0.218278 0.063758 -0.018624
    25 1.354362 4.150681 -0.582655 0.848432 0.193448 -0.436427
    26 0.000000 1.157421 -0.000006 0.969721 -0.115779 0.002582
    27 0.000001 1.020055 0.000002 -0.120872 -0.015645 -0.025814
    28 5.003218 -8.070315 -8.112608 -2.319859 0.158551 0.305320
    29 0.000038 12.695422 -0.000004 -1.624577 0.504892 0.426721
    30 -4.649183 -10.619345 -7.782351 0.881551 -0.981457 3.019070
    31 -1.391397 1.476538 -0.700638 -1.757553 -1.119867 2.167452
    32 0.000002 1.751797 -0.000002 -0.382830 -0.196569 -0.169487
    33 0.000010 1.122969 0.000000 -0.357770 -0.049112 -0.094345
    34 -1.596883 4.441620 0.708540 1.365007 -1.150525 -1.273320
    35 -0.000008 1.481951 -0.000008 0.018943 -0.004043 1.246788
    36 0.000002 1.056648 -0.000004 -0.145240 -0.093310 0.961445
    37 -0.470901 4.219486 0.926555 -3.158809 -0.058402 -2.939043
    38 -0.000010 1.609821 0.000004 1.384824 0.015575 0.087176
    39 -0.000002 1.562311 0.000013 0.570675 0.025855 -0.031607
    40 0.576838 4.298388 0.639431 -2.731795 -0.062853 -2.944359
    41 0.000002 1.553762 -0.000008 1.104983 0.142122 0.010300
    42 0.000003 0.874434 -0.000006 0.739412 0.103092 0.207110
    43 1.459885 4.275572 0.219019 -2.270510 -0.186927 3.315640
    44 -0.000010 0.973051 -0.000004 1.316030 0.217351 0.114332
    45 0.000007 0.970890 0.000004 1.071526 0.084286 0.152707
    46 -7.008868 4.575658 -7.491495 -1.944127 0.897569 0.493589
    47 0.000011 12.706367 0.000010 -1.805712 0.284701 0.163692
    48 0.000000 0.000000 0.000000 1.570796 0.000000 1.570796
    49 -0.000006 1.500006 0.000000 1.570796 0.000000 1.570796
    50 0.000000 -0.299999 0.000000 -1.570796 0.000000 1.570796
    51 0.000000 0.000000 0.000000 0.000000 0.000000 1.570796
    52 0.000000 0.000000 0.000000 0.000000 0.000000 1.570796
    53 0.000000 0.000002 0.000001 0.000000 0.000000 1.919862
    54 0.000000 0.000000 0.000000 -1.570796 0.000000 1.570796
    55 0.000000 0.000000 0.000002 -1.570797 0.000000 1.570796
    56 -0.000002 -0.000002 0.000004 -1.570797 0.000001 1.570796
    57 0.000003 0.000000 0.000000 -1.570796 0.000000 1.570796
    58 0.000002 0.000003 0.000000 -1.570796 0.000000 1.570796
    59 0.000000 0.000000 0.000000 -1.570796 0.000000 1.570796
    60 -0.000001 0.000011 0.000000 -1.570796 0.000000 1.570796
    61 0.000000 0.000000 0.000000 -1.570796 -0.000001 1.570796
    62 0.000000 -0.000001 0.000000 -1.570796 0.000000 1.570796
    63 -0.000002 0.000002 -0.000002 -1.570796 0.000000 1.570796
    64 0.000000 0.000000 0.000000 -1.570797 0.000000 1.570796
    65 0.000000 0.000000 0.000000 -1.570797 0.000000 1.570796
    66 0.000000 0.000000 0.000000 1.570796 0.000000 1.570796
    67 0.000000 1.500000 0.000000 1.570796 0.000000 1.570796
    68 0.000000 0.300001 0.000000 1.570796 0.000000 1.570796
    69 -0.000011 0.000002 -0.000004 -3.141593 0.000001 1.570796
    70 0.000000 0.000000 0.000000 3.141593 0.000000 1.570796
    71 0.000001 0.000000 0.000000 -3.141593 0.000000 1.221730
    72 0.000000 0.000000 0.000000 3.141593 0.000000 1.570796
    73 0.000000 -0.000002 0.000000 3.141593 0.000000 1.570796
    74 0.000004 0.000000 0.000000 3.141593 0.000000 1.570797
    75 -0.000004 0.000000 0.000002 -1.570796 0.000000 1.570796
    76 0.000000 -0.000001 0.000008 -1.570796 0.000000 1.570796
    77 0.000001 0.000000 0.000000 -1.570796 0.000000 1.570796
    78 0.000001 0.000002 0.000000 -1.570796 0.000000 1.570796
    79 0.000000 0.000000 0.000000 -1.570796 0.000000 1.570796
    80 0.000001 0.000000 0.000000 -1.570796 0.000000 1.570796
    81 0.000001 0.000000 0.000000 -1.570796 0.000001 1.570796
    82 -0.000001 0.000000 0.000002 -1.570796 0.000001 1.570796
    83 0.000001 0.000000 0.000000 -1.570796 0.000000 1.570796
  time 39
    0 -1.624143 -11.520575 -9.355817 -3.944708 0.909937 -0.043398
    1 0.073573 17.526917 0.777220 0.000000 0.000001 0.000000
    2 -0.226386 1.262663 -0.608961 0.000000 -0.000001 0.000000
    3 -0.288183 5.740793 -0.738101 0.000000 0.000001 0.000000
    4 -0.045094 3.566423 0.891595 0.000000 -0.000001 0.000000
    5 -0.116185 1.807585 2.464996 0.935807 0.000002 0.000000
    6 0.000000 1.030615 0.000004 -2.665193 0.046705 -3.205861
    7 -0.000002 5.179932 -0.000037 0.279139 -0.021401 0.083248
    8 -0.218267 25.777573 2.487072 2.702614 0.000002 0.000000
    9 0.000000 0.870350 0.000008 0.016873 0.026055 -0.181648
    10 0.000000 4.478401 0.000072 0.004667 0.013802 -0.003223
    11 1.689215 15.528155 7.061444 -1.820917 0.024406 0.091250
    12 4.296401 -23.328807 -6.774508 1.507200 -0.122631 2.237712
    13 -1.294654 1.473667 0.640471 2.361876 -0.514949 -2.105093
    14 0.000011 1.832554 0.000004 0.105672 -0.242335 -0.022342
    15 0.000000 1.003359 0.000001 0.156021 -0.012861 -0.172530
    16 -1.632739 4.327644 -0.483953 0.365920 0.282538 -0.018914
    17 -0.000010 1.637142 0.000010 1.001957 0.015772 -0.110368
    18 0.000007 1.100985 0.000004 0.016835 0.076947 -0.068142
    19 -0.500328 4.452953 -0.532495 0.396541 0.287798 0.017522
    20 -0.000010 1.442617 -0.000010 1.327527 0.029307 -0.036669
    21 -0.000003 1.302446 0.000004 0.004462 -0.041912 0.002935
    22 0.523221 4.540312 -0.480714 0.856087 0.290085 -0.284920
    23 -0.000001 1.198256 0.000008 0.732584 -0.133859 0.043102
    24 -0.000012 0.869780 0.000015 0.218278 0.063758 -0.018648
    25 1.354362 4.150681 -0.582655 0.848409 0.193448 -0.436427
    26 0.000000 1.157421 -0.000006 0.969721 -0.115779 0.002582
    27 0.000001 1.020055 0.000002 -0.120872 -0.015645 -0.025814
    28 5.003218 -8.070315 -8.112608 -2.299188 0.146576 0.298887
    29 0.000038 12.695422 -0.000004 -1.652036 0.515795 0.425926
    30 -5.149198 -10.068547 -8.235490 0.852651 -0.952660 3.051031
    31 -1.391397 1.476538 -0.700638 -1.757657 -1.119879 2.167452
    32 0.000002 1.751797 -0.000002 -0.382830 -0.196569 -0.169487
    33 0.000010 1.122969 0.000000 -0.357770 -0.049112 -0.094345
    34 -1.596883 4.441620 0.708540 1.365007 -1.150525 -1.273320
    35 -0.000008 1.481951 -0.000008 0.018943 -0.004043 1.246788
    36 0.000002 1.056648 -0.000004 -0.145240 -0.093310 0.961445
    37 -0.470901 4.219486 0.926555 -3.158809 -0.058390 -2.939043
    38 -0.000010 1.609821 0.000004 1.384805 0.015575 0.087176
    39 -0.000002 1.562311 0.000013 0.570675 0.025855 -0.031607
    40 0.576838 4.298388 0.639431 -2.731795 -0.062842 -2.944371
    41 0.000002 1.553762 -0.000008 1.105068 0.142122 0.010300
    42 0.000003 0.874434 -0.000006 0.739473 0.103092 0.207110
    43 1.459885 4.275572 0.219019 -2.270521 -0.186927 3.315640
    44 -0.000010 0.973051 -0.000004 1.316030 0.217351 0.114332
    45 0.000007 0.970890 0.000004 1.071506 0.084298 0.152707
    46 -7.008868 4.575658 -7.491495 -1.857854 0.891130 0.512085
    47 0.000011 12.706367 0.000010 -1.864785 0.293977 0.160923
    48 0.000000 0.000000 0.000000 1.570796 0.000000 1.570796
    49 -0.000006 1.500006 0.000000 1.570796 0.000000 1.570796
    50 0.000000 -0.299999 0.000000 -1.570796 0.000000 1.570796
    51 0.000000 0.000000 0.000000 0.000000 0.000000 1.570796
    52 0.000000 0.000000 0.000000 0.000000 0.000000 1.570796
    53 0.000000 0.000002 0.000001 0.000000 0.000000 1.919862
    54 0.000000 0.000000 0.000000 -1.570796 0.000000 1.570796
    55 0.000000 0.000000 0.000002 -1.570797 0.000000 1.570796
    56 -0.000002 -0.000002 0.000004 -1.570797 0.000001 1.570796
    57 0.000003 0.000000 0.000000 -1.570796 0.000000 1.570796
    58 0.000002 0.000003 0.000000 -1.570796 0.000000 1.570796
    59 0.000000 0.000000 0.000000 -1.570796 0.000000 1.570796
    60 -0.000001 0.000011 0.000000 -1.570796 0.000000 1.570796
    61 0.000000 0.000000 0.000000 -1.570796 -0.000001 1.570796
    62 0.000000 -0.000001 0.000000 -1.570796 0.000000 1.570796
    63 -0.000002 0.000002 -0.000002 -1.570796 0.000000 1.570796
    64 0.000000 0.000000 0.000000 -1.570797 0.000000 1.570796
    65 0.000000 0.000000 0.000000 -1.570797 0.000000 1.570796
    66 0.000000 0.000000 0.000000 1.570796 0.000000 1.570796
    67 0.000000 1.500000 0.000000 1.570796 0.000000 1.570796
    68 0.000000 0.300001 0.000000 1.570796 0.000000 1.570796
    69 -0.000011 0.000002 -0.000004 -3.141593 0.000001 1.570796
    70 0.000000 0.000000 0.000000 3.141593 0.000000 1.570796
    71 0.000001 0.000000 0.000000 -3.141593 0.000000 1.221730
    72 0.000000 0.000000 0.000000 3.141593 0.000000 1.570796
    73 0.000000 -0.000002 0.000000 3.141593 0.000000 1.570796
    74 0.000004 0.000000 0.000000 3.141593 0.000000 1.570797
    75 -0.000004 0.000000 0.000002 -1.570796 0.000000 1.570796
    76 0.000000 -0.000001 0.000008 -1.570796 0.000000 1.570796
    77 0.000001 0.000000 0.000000 -1.570796 0.000000 1.570796
    78 0.000001 0.000002 0.000000 -1.570796 0.000000 1.570796
    79 0.000000 0.000000 0.000000 -1.570796 0.000000 1.570796
    80 0.000001 0.000000 0.000000 -1.570796 0.000000 1.570796
    81 0.000001 0.000000 0.000000 -1.570796 0.000001 1.570796
    82 -0.000001 0.000000 0.000002 -1.570796 0.000001 1.570796
    83 0.000001 0.000000 0.000000 -1.570796 0.000000 1.570796
  time 40
    0 -1.698364 -11.415103 -9.426131 -3.932229 0.893759 -0.029492
    1 0.073573 17.526917 0.777220 0.000000 0.000001 0.000000
    2 -0.226386 1.082970 -0.608961 0.000000 -0.000001 0.000000
    3 -0.288183 5.662665 -0.742007 0.000000 0.000001 0.000000
    4 -0.045094 3.566423 0.891595 0.000000 -0.000001 0.000000
    5 -0.116185 1.807585 2.464996 0.948057 0.000002 0.000000
    6 0.000000 1.030615 0.000004 -2.664681 0.042198 -3.199848
    7 -0.000002 5.179932 -0.000037 0.296879 -0.021508 0.082924
    8 -0.218267 25.777573 2.487072 2.701248 0.000002 0.000000
    9 0.000000 0.870350 0.000008 0.016909 0.024640 -0.171581
    10 0.000000 4.478401 0.000072 0.005453 0.013023 -0.003319
    11 1.568117 15.500810 7.073163 -1.813910 0.019945 0.080213
    12 4.229993 -23.195990 -6.837010 1.489610 -0.118132 2.243911
    13 -1.294654 1.473667 0.640471 2.361876 -0.514949 -2.105093
    14 0.000011 1.832554 0.000004 0.105672 -0.242335 -0.022342
    15 0.000000 1.003359 0.000001 0.156021 -0.012873 -0.172530
    16 -1.632739 4.327644 -0.483953 0.365920 0.282538 -0.018914
    17 -0.000010 1.637142 0.000010 1.001957 0.015772 -0.110368
    18 0.000007 1.100985 0.000004 0.016835 0.076947 -0.068142
    19 -0.500328 4.452953 -0.532495 0.396541 0.287798 0.017522
    20 -0.000010 1.442617 -0.000010 1.327527 0.029307 -0.036669
    21 -0.000003 1.302446 0.000004 0.004462 -0.041912 0.002947
    22 0.523221 4.540312 -0.480714 0.856087 0.290085 -0.284920
    23 -0.000001 1.198256 0.000008 0.732623 -0.133859 0.043114
    24 -0.000012 0.869780 0.000015 0.218278 0.063758 -0.018624
    25 1.354362 4.150681 -0.582655 0.848432 0.193448 -0.436427
    26 0.000000 1.157421 -0.000006 0.969721 -0.115779 0.002582
    27 0.000001 1.020055 0.000002 -0.120872 -0.015645 -0.025814
    28 5.003218 -8.070315 -8.112608 -2.291493 0.142011 0.296218
    29 0.000038 12.695422 -0.000004 -1.662870 0.519990 0.425352
    30 -5.348423 -9.841978 -8.438621 0.838293 -0.936424 3.067059
    31 -1.391397 1.476538 -0.700638 -1.757657 -1.119867 2.167452
    32 0.000002 1.751797 -0.000002 -0.382830 -0.196569 -0.169487
    33 0.000010 1.122969 0.000000 -0.357746 -0.049112 -0.094345
    34 -1.596883 4.441620 0.708540 1.365007 -1.150525 -1.273320
    35 -0.000008 1.481951 -0.000008 0.018943 -0.004043 1.246788
    36 0.000002 1.056648 -0.000004 -0.145240 -0.093310 0.961445
    37 -0.470901 4.219486 0.926555 -3.158796 -0.058390 -2.939043
    38 -0.000010 1.609821 0.000004 1.384805 0.015575 0.087176
    39 -0.000002 1.562311 0.000013 0.570675 0.025855 -0.031607
    40 0.576838 4.298388 0.639431 -2.731795 -0.062853 -2.944359
    41 0.000002 1.553762 -0.000008 1.105096 0.142122 0.010300
    42 0.000003 0.874434 -0.000006 0.739514 0.103092 0.207110
    43 1.459885 4.275572 0.219019 -2.270498 -0.186927 3.315640
    44 -0.000010 0.973051 -0.000004 1.316030 0.217351 0.114332
    45 0.000007 0.970890 0.000004 1.071506 0.084298 0.152707
    46 -7.008868 4.575658 -7.491495 -1.822757 0.889092 0.520694
    47 0.000011 12.706367 0.000010 -1.885503 0.297249 0.159989
    48 0.000000 0.000000 0.000000 1.570796 0.000000 1.570796
    49 -0.000006 1.500006 0.000000 1.570796 0.000000 1.570796
    50 0.000000 -0.299999 0.000000 -1.570796 0.000000 1.570796
    51 0.000000 0.000000 0.000000 0.000000 0.000000 1.570796
    52 0.000000 0.000000 0.000000 0.000000 0.000000 1.570796
    53 0.000000 0.000002 0.000001 0.000000 0.000000 1.919862
    54 0.000000 0.000000 0.000000 -1.570796 0.000000 1.570796
    55 0.000000 0.000000 0.000002 -1.570797 0.000000 1.570796
    56 -0.000002 -0.000002 0.000004 -1.570797 0.000001 1.570796
    57 0.000003 0.000000 0.000000 -1.570796 0.000000 1.570796
    58 0.000002 0.000003 0.000000 -1.570796 0.000000 1.570796
    59 0.000000 0.000000 0.000000 -1.570796 0.000000 1.570796
    60 -0.000001 0.000011 0.000000 -1.570796 0.000000 1.570796
    61 0.000000 0.000000 0.000000 -1.570796 -0.000001 1.570796
    62 0.000000 -0.000001 0.000000 -1.570796 0.000000 1.570796
    63 -0.000002 0.000002 -0.000002 -1.570796 0.000000 1.570796
    64 0.000000 0.000000 0.000000 -1.570797 0.000000 1.570796
    65 0.000000 0.000000 0.000000 -1.570797 0.000000 1.570796
    66 0.000000 0.000000 0.000000 1.570796 0.000000 1.570796
    67 0.000000 1.500000 0.000000 1.570796 0.000000 1.570796
    68 0.000000 0.300001 0.000000 1.570796 0.000000 1.570796
    69 -0.000011 0.000002 -0.000004 -3.141593 0.000001 1.570796
    70 0.000000 0.000000 0.000000 3.141593 0.000000 1.570796
    71 0.000001 0.000000 0.000000 -3.141593 0.000000 1.221730
    72 0.000000 0.000000 0.000000 3.141593 0.000000 1.570796
    73 0.000000 -0.000002 0.000000 3.141593 0.000000 1.570796
    74 0.000004 0.000000 0.000000 3.141593 0.000000 1.570797
    75 -0.000004 0.000000 0.000002 -1.570796 0.000000 1.570796
    76 0.000000 -0.000001 0.000008 -1.570796 0.000000 1.570796
    77 0.000001 0.000000 0.000000 -1.570796 0.000000 1.570796
    78 0.000001 0.000002 0.000000 -1.570796 0.000000 1.570796
    79 0.000000 0.000000 0.000000 -1.570796 0.000000 1.570796
    80 0.000001 0.000000 0.000000 -1.570796 0.000000 1.570796
    81 0.000001 0.000000 0.000000 -1.570796 0.000001 1.570796
    82 -0.000001 0.000000 0.000002 -1.570796 0.000001 1.570796
    83 0.000001 0.000000 0.000000 -1.570796 0.000000 1.570796
  time 41
    0 -1.682738 -11.430728 -9.418319 -3.935116 0.896277 -0.033155
    1 0.073573 17.526917 0.777220 0.000000 0.000001 0.000000
    2 -0.226386 1.118127 -0.608961 0.000000 -0.000001 0.000000
    3 -0.280370 5.678291 -0.726382 0.000000 0.000001 0.000000
    4 -0.045094 3.566423 0.891595 0.000000 -0.000001 0.000000
    5 -0.116185 1.807585 2.464996 0.925196 0.000002 0.000000
    6 0.000000 1.030615 0.000004 -2.665674 0.049940 -3.210473
    7 -0.000002 5.179932 -0.000037 0.263410 -0.021221 0.082601
    8 -0.218267 25.777573 2.487072 2.702794 0.000002 0.000000
    9 0.000000 0.870350 0.000008 0.016933 0.026822 -0.188678
    10 0.000000 4.478401 0.000072 0.004718 0.014341 -0.003391
    11 1.755623 15.528155 7.049725 -1.823793 0.026374 0.095718
    12 4.237805 -23.238960 -6.837010 1.492801 -0.118257 2.242258
    13 -1.294654 1.473667 0.640471 2.361876 -0.514949 -2.105093
    14 0.000011 1.832554 0.000004 0.105672 -0.242335 -0.022342
    15 0.000000 1.003359 0.000001 0.156021 -0.012849 -0.172530
    16 -1.632739 4.327644 -0.483953 0.365920 0.282538 -0.018914
    17 -0.000010 1.637142 0.000010 1.001957 0.015772 -0.110368
    18 0.000007 1.100985 0.000004 0.016835 0.076947 -0.068142
    19 -0.500328 4.452953 -0.532495 0.396541 0.287798 0.017522
    20 -0.000010 1.442617 -0.000010 1.327527 0.029307 -0.036669
    21 -0.000003 1.302446 0.000004 0.004462 -0.041912 0.002863
    22 0.523221 4.540312 -0.480714 0.856087 0.290085 -0.284920
    23 -0.000001 1.198256 0.000008 0.732584 -0.133859 0.043090
    24 -0.000012 0.869780 0.000015 0.218278 0.063758 -0.018648
    25 1.354362 4.150681 -0.582655 0.848432 0.193448 -0.436427
    26 0.000000 1.157421 -0.000006 0.969721 -0.115779 0.002582
    27 0.000001 1.020055 0.000002 -0.120872 -0.015645 -0.025814
    28 5.003218 -8.070315 -8.112608 -2.293228 0.142706 0.296218
    29 0.000038 12.695422 -0.000004 -1.660826 0.519197 0.425587
    30 -5.309359 -9.881042 -8.411277 0.841813 -0.939104 3.063052
    31 -1.391397 1.476538 -0.700638 -1.757484 -1.119879 2.167452
    32 0.000002 1.751797 -0.000002 -0.382830 -0.196569 -0.169487
    33 0.000010 1.122969 0.000000 -0.357758 -0.049112 -0.094333
    34 -1.596883 4.441620 0.708540 1.365007 -1.150525 -1.273320
    35 -0.000008 1.481951 -0.000008 0.018943 -0.004043 1.246788
    36 0.000002 1.056648 -0.000004 -0.145240 -0.093310 0.961445
    37 -0.470901 4.219486 0.926555 -3.158796 -0.058402 -2.939043
    38 -0.000010 1.609821 0.000004 1.384805 0.015575 0.087176
    39 -0.000002 1.562311 0.000013 0.570675 0.025855 -0.031607
    40 0.576838 4.298388 0.639431 -2.731795 -0.062842 -2.944371
    41 0.000002 1.553762 -0.000008 1.105096 0.142122 0.010300
    42 0.000003 0.874434 -0.000006 0.739555 0.103092 0.207110
    43 1.459885 4.275572 0.219019 -2.270521 -0.186927 3.315640
    44 -0.000010 0.973051 -0.000004 1.316030 0.217351 0.114332
    45 0.000007 0.970890 0.000004 1.071486 0.084274 0.152707
    46 -7.008868 4.575658 -7.491495 -1.828115 0.889535 0.520012
    47 0.000011 12.706367 0.000010 -1.881652 0.296529 0.160073
    48 0.000000 0.000000 0.000000 1.570796 0.000000 1.570796
    49 -0.000006 1.500006 0.000000 1.570796 0.000000 1.570796
    50 0.000000 -0.299999 0.000000 -1.570796 0.000000 1.570796
    51 0.000000 0.000000 0.000000 0.000000 0.000000 1.570796
    52 0.000000 0.000000 0.000000 0.000000 0.000000 1.570796
    53 0.000000 0.000002 0.000001 0.000000 0.000000 1.919862
    54 0.000000 0.000000 0.000000 -1.570796 0.000000 1.570796
    55 0.000000 0.000000 0.000002 -1.570797 0.000000 1.570796
    56 -0.000002 -0.000002 0.000004 -1.570797 0.000001 1.570796
    57 0.000003 0.000000 0.000000 -1.570796 0.000000 1.570796
    58 0.000002 0.000003 0.000000 -1.570796 0.000000 1.570796
    59 0.000000 0.000000 0.000000 -1.570796 0.000000 1.570796
    60 -0.000001 0.000011 0.000000 -1.570796 0.000000 1.570796
    61 0.000000 0.000000 0.000000 -1.570796 -0.000001 1.570796
    62 0.000000 -0.000001 0.000000 -1.570796 0.000000 1.570796
    63 -0.000002 0.000002 -0.000002 -1.570796 0.000000 1.570796
    64 0.000000 0.000000 0.000000 -1.570797 0.000000 1.570796
    65 0.000000 0.000000 0.000000 -1.570797 0.000000 1.570796
    66 0.000000 0.000000 0.000000 1.570796 0.000000 1.570796
    67 0.000000 1.500000 0.000000 1.570796 0.000000 1.570796
    68 0.000000 0.300001 0.000000 1.570796 0.000000 1.570796
    69 -0.000011 0.000002 -0.000004 -3.141593 0.000001 1.570796
    70 0.000000 0.000000 0.000000 3.141593 0.000000 1.570796
    71 0.000001 0.000000 0.000000 -3.141593 0.000000 1.221730
    72 0.000000 0.000000 0.000000 3.141593 0.000000 1.570796
    73 0.000000 -0.000002 0.000000 3.141593 0.000000 1.570796
    74 0.000004 0.000000 0.000000 3.141593 0.000000 1.570797
    75 -0.000004 0.000000 0.000002 -1.570796 0.000000 1.570796
    76 0.000000 -0.000001 0.000008 -1.570796 0.000000 1.570796
    77 0.000001 0.000000 0.000000 -1.570796 0.000000 1.570796
    78 0.000001 0.000002 0.000000 -1.570796 0.000000 1.570796
    79 0.000000 0.000000 0.000000 -1.570796 0.000000 1.570796
    80 0.000001 0.000000 0.000000 -1.570796 0.000000 1.570796
    81 0.000001 0.000000 0.000000 -1.570796 0.000001 1.570796
    82 -0.000001 0.000000 0.000002 -1.570796 0.000001 1.570796
    83 0.000001 0.000000 0.000000 -1.570796 0.000000 1.570796
  time 42
    0 -1.643674 -11.481511 -9.402693 -3.943617 0.902761 -0.043466
    1 0.073573 17.526917 0.777220 0.000000 0.000001 0.000000
    2 -0.226386 1.223599 -0.608961 0.000000 -0.000001 0.000000
    3 -0.288183 5.666572 -0.734195 0.000000 0.000001 0.000000
    4 -0.045094 3.566423 0.891595 0.000000 -0.000001 0.000000
    5 -0.116185 1.807585 2.464996 0.852653 0.000002 0.000000
    6 0.000000 1.030615 0.000004 -2.673650 0.072531 -3.241356
    7 -0.000002 5.179932 -0.000037 0.161884 -0.019016 0.070952
    8 -0.218267 25.777573 2.487072 2.704831 0.000002 0.000000
    9 0.000000 0.870350 0.000008 0.017617 0.032167 -0.228920
    10 0.000000 4.478401 0.000072 0.004784 0.017073 -0.004170
    11 2.193136 15.606282 7.018474 -1.846618 0.041527 0.132713
    12 4.241712 -23.297556 -6.797946 1.501596 -0.118632 2.237712
    13 -1.294654 1.473667 0.640471 2.361876 -0.514949 -2.105093
    14 0.000011 1.832554 0.000004 0.105672 -0.242335 -0.022397
    15 0.000000 1.003359 0.000001 0.156021 -0.012861 -0.172530
    16 -1.632739 4.327644 -0.483953 0.365920 0.282538 -0.018914
    17 -0.000010 1.637142 0.000010 1.001957 0.015772 -0.110368
    18 0.000007 1.100985 0.000004 0.016835 0.076947 -0.068142
    19 -0.500328 4.452953 -0.532495 0.396541 0.287798 0.017522
    20 -0.000010 1.442617 -0.000010 1.327527 0.029307 -0.036669
    21 -0.000003 1.302446 0.000004 0.004462 -0.041912 0.002947
    22 0.523221 4.540312 -0.480714 0.856087 0.290085 -0.284920
    23 -0.000001 1.198256 0.000008 0.732584 -0.133859 0.043114
    24 -0.000012 0.869780 0.000015 0.218278 0.063758 -0.018636
    25 1.354362 4.150681 -0.582655 0.848409 0.193448 -0.436427
    26 0.000000 1.157421 -0.000006 0.969721 -0.115779 0.002582
    27 0.000001 1.020055 0.000002 -0.120872 -0.015645 -0.025814
    28 5.003218 -8.070315 -8.112608 -2.297981 0.144525 0.296218
    29 0.000038 12.695422 -0.000004 -1.655034 0.516974 0.425678
    30 -5.203887 -9.978701 -8.329243 0.851076 -0.945155 3.051508
    31 -1.391397 1.476538 -0.700638 -1.757657 -1.119879 2.167452
    32 0.000002 1.751797 -0.000002 -0.382830 -0.196569 -0.169487
    33 0.000010 1.122969 0.000000 -0.357758 -0.049112 -0.094345
    34 -1.596883 4.441620 0.708540 1.365007 -1.150525 -1.273320
    35 -0.000008 1.481951 -0.000008 0.018943 -0.004043 1.246788
    36 0.000002 1.056648 -0.000004 -0.145240 -0.093310 0.961445
    37 -0.470901 4.219486 0.926555 -3.158796 -0.058390 -2.939043
    38 -0.000010 1.609821 0.000004 1.384805 0.015575 0.087176
    39 -0.000002 1.562311 0.000013 0.570675 0.025855 -0.031607
    40 0.576838 4.298388 0.639431 -2.731795 -0.062842 -2.944359
    41 0.000002 1.553762 -0.000008 1.105181 0.142122 0.010300
    42 0.000003 0.874434 -0.000006 0.739596 0.103092 0.207110
    43 1.459885 4.275572 0.219019 -2.270521 -0.186927 3.315640
    44 -0.000010 0.973051 -0.000004 1.316030 0.217351 0.114332
    45 0.000007 0.970890 0.000004 1.071465 0.084298 0.152707
    46 -7.008868 4.575658 -7.491495 -1.842131 0.891071 0.519160
    47 0.000011 12.706367 0.000010 -1.872410 0.295007 0.160684
    48 0.000000 0.000000 0.000000 1.570796 0.000000 1.570796
    49 -0.000006 1.500006 0.000000 1.570796 0.000000 1.570796
    50 0.000000 -0.299999 0.000000 -1.570796 0.000000 1.570796
    51 0.000000 0.000000 0.000000 0.000000 0.000000 1.570796
    52 0.000000 0.000000 0.000000 0.000000 0.000000 1.570796
    53 0.000000 0.000002 0.000001 0.000000 0.000000 1.919862
    54 0.000000 0.000000 0.000000 -1.570796 0.000000 1.570796
    55 0.000000 0.000000 0.000002 -1.570797 0.000000 1.570796
    56 -0.000002 -0.000002 0.000004 -1.570797 0.000001 1.570796
    57 0.000003 0.000000 0.000000 -1.570796 0.000000 1.570796
    58 0.000002 0.000003 0.000000 -1.570796 0.000000 1.570796
    59 0.000000 0.000000 0.000000 -1.570796 0.000000 1.570796
    60 -0.000001 0.000011 0.000000 -1.570796 0.000000 1.570796
    61 0.000000 0.000000 0.000000 -1.570796 -0.000001 1.570796
    62 0.000000 -0.000001 0.000000 -1.570796 0.000000 1.570796
    63 -0.000002 0.000002 -0.000002 -1.570796 0.000000 1.570796
    64 0.000000 0.000000 0.000000 -1.570797 0.000000 1.570796
    65 0.000000 0.000000 0.000000 -1.570797 0.000000 1.570796
    66 0.000000 0.000000 0.000000 1.570796 0.000000 1.570796
    67 0.000000 1.500000 0.000000 1.570796 0.000000 1.570796
    68 0.000000 0.300001 0.000000 1.570796 0.000000 1.570796
    69 -0.000011 0.000002 -0.000004 -3.141593 0.000001 1.570796
    70 0.000000 0.000000 0.000000 3.141593 0.000000 1.570796
    71 0.000001 0.000000 0.000000 -3.141593 0.000000 1.221730
    72 0.000000 0.000000 0.000000 3.141593 0.000000 1.570796
    73 0.000000 -0.000002 0.000000 3.141593 0.000000 1.570796
    74 0.000004 0.000000 0.000000 3.141593 0.000000 1.570797
    75 -0.000004 0.000000 0.000002 -1.570796 0.000000 1.570796
    76 0.000000 -0.000001 0.000008 -1.570796 0.000000 1.570796
    77 0.000001 0.000000 0.000000 -1.570796 0.000000 1.570796
    78 0.000001 0.000002 0.000000 -1.570796 0.000000 1.570796
    79 0.000000 0.000000 0.000000 -1.570796 0.000000 1.570796
    80 0.000001 0.000000 0.000000 -1.570796 0.000000 1.570796
    81 0.000001 0.000000 0.000000 -1.570796 0.000001 1.570796
    82 -0.000001 0.000000 0.000002 -1.570796 0.000001 1.570796
    83 0.000001 0.000000 0.000000 -1.570796 0.000000 1.570796
  time 43
    0 -1.585079 -11.555732 -9.359723 -3.956449 0.912581 -0.059271
    1 0.073573 17.526917 0.777220 0.000000 0.000001 0.000000
    2 -0.226386 1.305633 -0.608961 0.000000 -0.000001 0.000000
    3 -0.280370 5.666572 -0.738101 0.000000 0.000001 0.000000
    4 -0.045094 3.566423 0.891595 0.000000 -0.000001 0.000000
    5 -0.116185 1.807585 2.464996 0.617489 0.000002 0.000000
    6 0.000000 1.030615 0.000004 -2.804399 0.114561 -3.311449
    7 -0.000002 5.179932 -0.000037 -0.020022 -0.017314 0.013366
    8 -0.218267 25.777573 2.487072 2.707168 0.000002 0.000000
    9 0.000000 0.870350 0.000008 0.018336 0.040628 -0.277266
    10 0.000000 4.478401 0.000072 0.005085 0.022898 -0.004733
    11 2.689245 15.684410 6.952065 -1.872463 0.059437 0.176955
    12 4.272963 -23.383496 -6.731538 1.514127 -0.118882 2.230604
    13 -1.294654 1.473667 0.640471 2.361876 -0.514949 -2.105093
    14 0.000011 1.832554 0.000004 0.105672 -0.242335 -0.022342
    15 0.000000 1.003359 0.000001 0.156021 -0.012825 -0.172530
    16 -1.632739 4.327644 -0.483953 0.365920 0.282538 -0.018914
    17 -0.000010 1.637142 0.000010 1.001957 0.015772 -0.110368
    18 0.000007 1.100985 0.000004 0.016835 0.076947 -0.068142
    19 -0.500328 4.452953 -0.532495 0.396541 0.287798 0.017522
    20 -0.000010 1.442617 -0.000010 1.327527 0.029307 -0.036669
    21 -0.000003 1.302446 0.000004 0.004462 -0.041912 0.002947
    22 0.523221 4.540312 -0.480714 0.856087 0.290085 -0.284920
    23 -0.000001 1.198256 0.000008 0.732584 -0.133859 0.043102
    24 -0.000012 0.869780 0.000015 0.218278 0.063758 -0.018636
    25 1.354362 4.150681 -0.582655 0.848409 0.193448 -0.436427
    26 0.000000 1.157421 -0.000006 0.969721 -0.115779 0.002582
    27 0.000001 1.020055 0.000002 -0.120872 -0.015645 -0.025814
    28 5.003218 -8.070315 -8.112608 -2.304997 0.147403 0.296081
    29 0.000038 12.695422 -0.000004 -1.646517 0.513591 0.426030
    30 -5.059352 -10.103705 -8.255022 0.865619 -0.954728 3.034335
    31 -1.391397 1.476538 -0.700638 -1.757657 -1.119867 2.167452
    32 0.000002 1.751797 -0.000002 -0.382830 -0.196569 -0.169487
    33 0.000010 1.122969 0.000000 -0.357770 -0.049112 -0.094333
    34 -1.596883 4.441620 0.708540 1.365007 -1.150525 -1.273320
    35 -0.000008 1.481951 -0.000008 0.018943 -0.004043 1.246788
    36 0.000002 1.056648 -0.000004 -0.145240 -0.093310 0.961445
    37 -0.470901 4.219486 0.926555 -3.158796 -0.058390 -2.939043
    38 -0.000010 1.609821 0.000004 1.384824 0.015575 0.087176
    39 -0.000002 1.562311 0.000013 0.570675 0.025855 -0.031607
    40 0.576838 4.298388 0.639431 -2.731795 -0.062842 -2.944371
    41 0.000002 1.553762 -0.000008 1.105181 0.142122 0.010300
    42 0.000003 0.874434 -0.000006 0.739679 0.103092 0.207110
    43 1.459885 4.275572 0.219019 -2.270521 -0.186927 3.315640
    44 -0.000010 0.973051 -0.000004 1.316030 0.217351 0.114332
    45 0.000007 0.970890 0.000004 1.071445 0.084298 0.152707
    46 -7.008868 4.575658 -7.491495 -1.859974 0.893345 0.518478
    47 0.000011 12.706367 0.000010 -1.859471 0.293138 0.161331
    48 0.000000 0.000000 0.000000 1.570796 0.000000 1.570796
    49 -0.000006 1.500006 0.000000 1.570796 0.000000 1.570796
    50 0.000000 -0.299999 0.000000 -1.570796 0.000000 1.570796
    51 0.000000 0.000000 0.000000 0.000000 0.000000 1.570796
    52 0.000000 0.000000 0.000000 0.000000 0.000000 1.570796
    53 0.000000 0.000002 0.000001 0.000000 0.000000 1.919862
    54 0.000000 0.000000 0.000000 -1.570796 0.000000 1.570796
    55 0.000000 0.000000 0.000002 -1.570797 0.000000 1.570796
    56 -0.000002 -0.000002 0.000004 -1.570797 0.000001 1.570796
    57 0.000003 0.000000 0.000000 -1.570796 0.000000 1.570796
    58 0.000002 0.000003 0.000000 -1.570796 0.000000 1.570796
    59 0.000000 0.000000 0.000000 -1.570796 0.000000 1.570796
    60 -0.000001 0.000011 0.000000 -1.570796 0.000000 1.570796
    61 0.000000 0.000000 0.000000 -1.570796 -0.000001 1.570796
    62 0.000000 -0.000001 0.000000 -1.570796 0.000000 1.570796
    63 -0.000002 0.000002 -0.000002 -1.570796 0.000000 1.570796
    64 0.000000 0.000000 0.000000 -1.570797 0.000000 1.570796
    65 0.000000 0.000000 0.000000 -1.570797 0.000000 1.570796
    66 0.000000 0.000000 0.000000 1.570796 0.000000 1.570796
    67 0.000000 1.500000 0.000000 1.570796 0.000000 1.570796
    68 0.000000 0.300001 0.000000 1.570796 0.000000 1.570796
    69 -0.000011 0.000002 -0.000004 -3.141593 0.000001 1.570796
    70 0.000000 0.000000 0.000000 3.141593 0.000000 1.570796
    71 0.000001 0.000000 0.000000 -3.141593 0.000000 1.221730
    72 0.000000 0.000000 0.000000 3.141593 0.000000 1.570796
    73 0.000000 -0.000002 0.000000 3.141593 0.000000 1.570796
    74 0.000004 0.000000 0.000000 3.141593 0.000000 1.570797
    75 -0.000004 0.000000 0.000002 -1.570796 0.000000 1.570796
    76 0.000000 -0.000001 0.000008 -1.570796 0.000000 1.570796
    77 0.000001 0.000000 0.000000 -1.570796 0.000000 1.570796
    78 0.000001 0.000002 0.000000 -1.570796 0.000000 1.570796
    79 0.000000 0.000000 0.000000 -1.570796 0.000000 1.570796
    80 0.000001 0.000000 0.000000 -1.570796 0.000000 1.570796
    81 0.000001 0.000000 0.000000 -1.570796 0.000001 1.570796
    82 -0.000001 0.000000 0.000002 -1.570796 0.000001 1.570796
    83 0.000001 0.000000 0.000000 -1.570796 0.000000 1.570796
  time 44
    0 -1.503045 -11.649485 -9.340191 -3.972970 0.924195 -0.079485
    1 0.073573 17.526917 0.777220 0.000000 0.000001 0.000000
    2 -0.226386 1.403292 -0.608961 0.000000 -0.000001 0.000000
    3 -0.288183 5.650946 -0.734195 0.000000 0.000001 0.000000
    4 -0.045094 3.566423 0.891595 0.000000 -0.000001 0.000000
    5 -0.116185 1.807585 2.464996 0.351506 0.000002 0.000000
    6 0.000000 1.030615 0.000004 -3.089764 0.136182 -3.370020
    7 -0.000002 5.179932 -0.000037 -0.005720 -0.018716 0.000950
    8 -0.218267 25.777573 2.487072 2.709541 0.000002 0.000000
    9 0.000000 0.870350 0.000008 0.018647 0.048370 -0.317602
    10 0.000000 4.478401 0.000072 0.004801 0.027955 -0.004913
    11 3.118946 15.723473 6.881751 -1.892883 0.074241 0.214162
    12 4.296401 -23.492874 -6.676849 1.529382 -0.119132 2.221678
    13 -1.294654 1.473667 0.640471 2.361876 -0.514949 -2.105093
    14 0.000011 1.832554 0.000004 0.105672 -0.242335 -0.022342
    15 0.000000 1.003359 0.000001 0.156021 -0.012825 -0.172530
    16 -1.632739 4.327644 -0.483953 0.365920 0.282538 -0.018914
    17 -0.000010 1.637142 0.000010 1.001957 0.015772 -0.110368
    18 0.000007 1.100985 0.000004 0.016835 0.076947 -0.068142
    19 -0.500328 4.452953 -0.532495 0.396541 0.287798 0.017522
    20 -0.000010 1.442617 -0.000010 1.327527 0.029307 -0.036669
    21 -0.000003 1.302446 0.000004 0.004462 -0.041912 0.002947
    22 0.523221 4.540312 -0.480714 0.856087 0.290085 -0.284920
    23 -0.000001 1.198256 0.000008 0.732584 -0.133859 0.043102
    24 -0.000012 0.869780 0.000015 0.218278 0.063758 -0.018648
    25 1.354362 4.150681 -0.582655 0.848432 0.193448 -0.436427
    26 0.000000 1.157421 -0.000006 0.969721 -0.115779 0.002582
    27 0.000001 1.020055 0.000002 -0.120872 -0.015645 -0.025814
    28 5.003218 -8.070315 -8.112608 -2.313899 0.151108 0.295944
    29 0.000038 12.695422 -0.000004 -1.636024 0.509377 0.426356
    30 -4.899190 -10.220896 -8.153456 0.883774 -0.965680 3.011819
    31 -1.391397 1.476538 -0.700638 -1.757622 -1.119867 2.167452
    32 0.000002 1.751797 -0.000002 -0.382830 -0.196569 -0.169487
    33 0.000010 1.122969 0.000000 -0.357758 -0.049112 -0.094333
    34 -1.596883 4.441620 0.708540 1.365007 -1.150525 -1.273320
    35 -0.000008 1.481951 -0.000008 0.018943 -0.004043 1.246788
    36 0.000002 1.056648 -0.000004 -0.145240 -0.093310 0.961445
    37 -0.470901 4.219486 0.926555 -3.158822 -0.058390 -2.939043
    38 -0.000010 1.609821 0.000004 1.384824 0.015575 0.087176
    39 -0.000002 1.562311 0.000013 0.570522 0.025855 -0.031607
    40 0.576838 4.298388 0.639431 -2.731795 -0.062853 -2.944371
    41 0.000002 1.553762 -0.000008 1.105322 0.142122 0.010300
    42 0.000003 0.874434 -0.000006 0.739740 0.103092 0.207110
    43 1.459885 4.275572 0.219019 -2.270521 -0.186927 3.315640
    44 -0.000010 0.973051 -0.000004 1.316030 0.217351 0.114332
    45 0.000007 0.970890 0.000004 1.071425 0.084298 0.152695
    46 -7.008868 4.575658 -7.491495 -1.877936 0.895915 0.518819
    47 0.000011 12.706367 0.000010 -1.845453 0.291029 0.161810
    48 0.000000 0.000000 0.000000 1.570796 0.000000 1.570796
    49 -0.000006 1.500006 0.000000 1.570796 0.000000 1.570796
    50 0.000000 -0.299999 0.000000 -1.570796 0.000000 1.570796
    51 0.000000 0.000000 0.000000 0.000000 0.000000 1.570796
    52 0.000000 0.000000 0.000000 0.000000 0.000000 1.570796
    53 0.000000 0.000002 0.000001 0.000000 0.000000 1.919862
    54 0.000000 0.000000 0.000000 -1.570796 0.000000 1.570796
    55 0.000000 0.000000 0.000002 -1.570797 0.000000 1.570796
    56 -0.000002 -0.000002 0.000004 -1.570797 0.000001 1.570796
    57 0.000003 0.000000 0.000000 -1.570796 0.000000 1.570796
    58 0.000002 0.000003 0.000000 -1.570796 0.000000 1.570796
    59 0.000000 0.000000 0.000000 -1.570796 0.000000 1.570796
    60 -0.000001 0.000011 0.000000 -1.570796 0.000000 1.570796
    61 0.000000 0.000000 0.000000 -1.570796 -0.000001 1.570796
    62 0.000000 -0.000001 0.000000 -1.570796 0.000000 1.570796
    63 -0.000002 0.000002 -0.000002 -1.570796 0.000000 1.570796
    64 0.000000 0.000000 0.000000 -1.570797 0.000000 1.570796
    65 0.000000 0.000000 0.000000 -1.570797 0.000000 1.570796
    66 0.000000 0.000000 0.000000 1.570796 0.000000 1.570796
    67 0.000000 1.500000 0.000000 1.570796 0.000000 1.570796
    68 0.000000 0.300001 0.000000 1.570796 0.000000 1.570796
    69 -0.000011 0.000002 -0.000004 -3.141593 0.000001 1.570796
    70 0.000000 0.000000 0.000000 3.141593 0.000000 1.570796
    71 0.000001 0.000000 0.000000 -3.141593 0.000000 1.221730
    72 0.000000 0.000000 0.000000 3.141593 0.000000 1.570796
    73 0.000000 -0.000002 0.000000 3.141593 0.000000 1.570796
    74 0.000004 0.000000 0.000000 3.141593 0.000000 1.570797
    75 -0.000004 0.000000 0.000002 -1.570796 0.000000 1.570796
    76 0.000000 -0.000001 0.000008 -1.570796 0.000000 1.570796
    77 0.000001 0.000000 0.000000 -1.570796 0.000000 1.570796
    78 0.000001 0.000002 0.000000 -1.570796 0.000000 1.570796
    79 0.000000 0.000000 0.000000 -1.570796 0.000000 1.570796
    80 0.000001 0.000000 0.000000 -1.570796 0.000000 1.570796
    81 0.000001 0.000000 0.000000 -1.570796 0.000001 1.570796
    82 -0.000001 0.000000 0.000002 -1.570796 0.000001 1.570796
    83 0.000001 0.000000 0.000000 -1.570796 0.000000 1.570796
  time 45
    0 -1.409292 -11.754957 -9.301127 -3.991929 0.936313 -0.103023
    1 0.073573 17.526917 0.777220 0.000000 0.000001 0.000000
    2 -0.226386 1.446262 -0.608961 0.000000 -0.000001 0.000000
    3 -0.276464 5.666572 -0.738101 0.000000 0.000001 0.000000
    4 -0.045094 3.566423 0.891595 0.000000 -0.000001 0.000000
    5 -0.116185 1.807585 2.464996 0.349010 0.000002 0.000000
    6 0.000000 1.030615 0.000004 -3.090059 0.142426 -3.381684
    7 -0.000002 5.179932 -0.000037 -0.005655 -0.019075 0.000961
    8 -0.218267 25.777573 2.487072 2.710524 0.000002 0.000000
    9 0.000000 0.870350 0.000008 0.018923 0.050767 -0.334341
    10 0.000000 4.478401 0.000072 0.004734 0.029346 -0.005032
    11 3.298639 15.750818 6.850500 -1.901040 0.080298 0.229787
    12 4.327652 -23.617878 -6.579190 1.546116 -0.118882 2.211181
    13 -1.294654 1.473667 0.640471 2.361876 -0.514949 -2.105093
    14 0.000011 1.832554 0.000004 0.105672 -0.242335 -0.022342
    15 0.000000 1.003359 0.000001 0.156021 -0.012873 -0.172530
    16 -1.632739 4.327644 -0.483953 0.365920 0.282538 -0.018914
    17 -0.000010 1.637142 0.000010 1.001957 0.015772 -0.110368
    18 0.000007 1.100985 0.000004 0.016835 0.076947 -0.068142
    19 -0.500328 4.452953 -0.532495 0.396541 0.287798 0.017522
    20 -0.000010 1.442617 -0.000010 1.327527 0.029307 -0.036669
    21 -0.000003 1.302446 0.000004 0.004462 -0.041912 0.002899
    22 0.523221 4.540312 -0.480714 0.856087 0.290085 -0.284920
    23 -0.000001 1.198256 0.000008 0.732623 -0.133859 0.043114
    24 -0.000012 0.869780 0.000015 0.218278 0.063758 -0.018648
    25 1.354362 4.150681 -0.582655 0.848432 0.193448 -0.436427
    26 0.000000 1.157421 -0.000006 0.969721 -0.115779 0.002582
    27 0.000001 1.020055 0.000002 -0.120872 -0.015645 -0.025814
    28 5.003218 -8.070315 -8.112608 -2.324385 0.155243 0.295739
    29 0.000038 12.695422 -0.000004 -1.623964 0.504602 0.426721
    30 -4.746842 -10.318555 -8.071423 0.904986 -0.977168 2.985487
    31 -1.391397 1.476538 -0.700638 -1.757622 -1.119879 2.167452
    32 0.000002 1.751797 -0.000002 -0.382830 -0.196569 -0.169487
    33 0.000010 1.122969 0.000000 -0.357758 -0.049112 -0.094357
    34 -1.596883 4.441620 0.708540 1.365007 -1.150525 -1.273320
    35 -0.000008 1.481951 -0.000008 0.018943 -0.004043 1.246788
    36 0.000002 1.056648 -0.000004 -0.145240 -0.093310 0.961445
    37 -0.470901 4.219486 0.926555 -3.158796 -0.058402 -2.939043
    38 -0.000010 1.609821 0.000004 1.384824 0.015575 0.087176
    39 -0.000002 1.562311 0.000013 0.570522 0.025855 -0.031607
    40 0.576838 4.298388 0.639431 -2.731795 -0.062842 -2.944359
    41 0.000002 1.553762 -0.000008 1.105322 0.142122 0.010300
    42 0.000003 0.874434 -0.000006 0.739781 0.103092 0.207110
    43 1.459885 4.275572 0.219019 -2.270521 -0.186915 3.315640
    44 -0.000010 0.973051 -0.000004 1.316030 0.217351 0.114332
    45 0.000007 0.970890 0.000004 1.071385 0.084298 0.152707
    46 -7.008868 4.575658 -7.491495 -1.891598 0.898544 0.520950
    47 0.000011 12.706367 0.000010 -1.835749 0.289423 0.162410
    48 0.000000 0.000000 0.000000 1.570796 0.000000 1.570796
    49 -0.000006 1.500006 0.000000 1.570796 0.000000 1.570796
    50 0.000000 -0.299999 0.000000 -1.570796 0.000000 1.570796
    51 0.000000 0.000000 0.000000 0.000000 0.000000 1.570796
    52 0.000000 0.000000 0.000000 0.000000 0.000000 1.570796
    53 0.000000 0.000002 0.000001 0.000000 0.000000 1.919862
    54 0.000000 0.000000 0.000000 -1.570796 0.000000 1.570796
    55 0.000000 0.000000 0.000002 -1.570797 0.000000 1.570796
    56 -0.000002 -0.000002 0.000004 -1.570797 0.000001 1.570796
    57 0.000003 0.000000 0.000000 -1.570796 0.000000 1.570796
    58 0.000002 0.000003 0.000000 -1.570796 0.000000 1.570796
    59 0.000000 0.000000 0.000000 -1.570796 0.000000 1.570796
    60 -0.000001 0.000011 0.000000 -1.570796 0.000000 1.570796
    61 0.000000 0.000000 0.000000 -1.570796 -0.000001 1.570796
    62 0.000000 -0.000001 0.000000 -1.570796 0.000000 1.570796
    63 -0.000002 0.000002 -0.000002 -1.570796 0.000000 1.570796
    64 0.000000 0.000000 0.000000 -1.570797 0.000000 1.570796
    65 0.000000 0.000000 0.000000 -1.570797 0.000000 1.570796
    66 0.000000 0.000000 0.000000 1.570796 0.000000 1.570796
    67 0.000000 1.500000 0.000000 1.570796 0.000000 1.570796
    68 0.000000 0.300001 0.000000 1.570796 0.000000 1.570796
    69 -0.000011 0.000002 -0.000004 -3.141593 0.000001 1.570796
    70 0.000000 0.000000 0.000000 3.141593 0.000000 1.570796
    71 0.000001 0.000000 0.000000 -3.141593 0.000000 1.221730
    72 0.000000 0.000000 0.000000 3.141593 0.000000 1.570796
    73 0.000000 -0.000002 0.000000 3.141593 0.000000 1.570796
    74 0.000004 0.000000 0.000000 3.141593 0.000000 1.570797
    75 -0.000004 0.000000 0.000002 -1.570796 0.000000 1.570796
    76 0.000000 -0.000001 0.000008 -1.570796 0.000000 1.570796
    77 0.000001 0.000000 0.000000 -1.570796 0.000000 1.570796
    78 0.000001 0.000002 0.000000 -1.570796 0.000000 1.570796
    79 0.000000 0.000000 0.000000 -1.570796 0.000000 1.570796
    80 0.000001 0.000000 0.000000 -1.570796 0.000000 1.570796
    81 0.000001 0.000000 0.000000 -1.570796 0.000001 1.570796
    82 -0.000001 0.000000 0.000002 -1.570796 0.000001 1.570796
    83 0.000001 0.000000 0.000000 -1.570796 0.000000 1.570796
  time 46
    0 -1.303820 -11.864335 -9.262064 -4.012492 0.948116 -0.128529
    1 0.073573 17.526917 0.777220 0.000000 0.000001 0.000000
    2 -0.226386 1.454075 -0.608961 0.000000 -0.000001 0.000000
    3 -0.288183 5.678291 -0.730288 0.000000 0.000001 0.000000
    4 -0.045094 3.566423 0.891595 0.000000 -0.000001 0.000000
    5 -0.116185 1.807585 2.464996 0.349263 0.000002 0.000000
    6 0.000000 1.030615 0.000004 -3.090059 0.141623 -3.380267
    7 -0.000002 5.179932 -0.000037 -0.005655 -0.019064 0.000961
    8 -0.218267 25.777573 2.487072 2.710548 0.000002 0.000000
    9 0.000000 0.870350 0.000008 0.018947 0.050335 -0.332179
    10 0.000000 4.478401 0.000072 0.004734 0.029310 -0.004996
    11 3.275200 15.743005 6.866125 -1.901027 0.080298 0.229787
    12 4.366715 -23.742882 -6.485437 1.562850 -0.118007 2.200436
    13 -1.294654 1.473667 0.640471 2.361876 -0.514949 -2.105093
    14 0.000011 1.832554 0.000004 0.105672 -0.242335 -0.022342
    15 0.000000 1.003359 0.000001 0.156021 -0.012861 -0.172530
    16 -1.632739 4.327644 -0.483953 0.365920 0.282538 -0.018914
    17 -0.000010 1.637142 0.000010 1.001957 0.015772 -0.110368
    18 0.000007 1.100985 0.000004 0.016835 0.076947 -0.068142
    19 -0.500328 4.452953 -0.532495 0.396541 0.287798 0.017522
    20 -0.000010 1.442617 -0.000010 1.327527 0.029307 -0.036669
    21 -0.000003 1.302446 0.000004 0.004462 -0.041912 0.002947
    22 0.523221 4.540312 -0.480714 0.856087 0.290085 -0.284920
    23 -0.000001 1.198256 0.000008 0.732584 -0.133859 0.043114
    24 -0.000012 0.869780 0.000015 0.218278 0.063758 -0.018624
    25 1.354362 4.150681 -0.582655 0.848432 0.193448 -0.436427
    26 0.000000 1.157421 -0.000006 0.969721 -0.115779 0.002582
    27 0.000001 1.020055 0.000002 -0.120872 -0.015645 -0.025814
    28 5.003218 -8.070315 -8.112608 -2.335324 0.159775 0.295602
    29 0.000038 12.695422 -0.000004 -1.611086 0.499479 0.427060
    30 -4.602306 -10.377150 -8.012827 0.927495 -0.988503 2.957915
    31 -1.391397 1.476538 -0.700638 -1.757657 -1.119867 2.167452
    32 0.000002 1.751797 -0.000002 -0.382830 -0.196569 -0.169475
    33 0.000010 1.122969 0.000000 -0.357770 -0.049112 -0.094333
    34 -1.596883 4.441620 0.708540 1.365007 -1.150525 -1.273320
    35 -0.000008 1.481951 -0.000008 0.018943 -0.004043 1.246788
    36 0.000002 1.056648 -0.000004 -0.145240 -0.093310 0.961445
    37 -0.470901 4.219486 0.926555 -3.158809 -0.058390 -2.939043
    38 -0.000010 1.609821 0.000004 1.384805 0.015575 0.087176
    39 -0.000002 1.562311 0.000013 0.570583 0.025855 -0.031607
    40 0.576838 4.298388 0.639431 -2.731795 -0.062842 -2.944359
    41 0.000002 1.553762 -0.000008 1.105435 0.142122 0.010300
    42 0.000003 0.874434 -0.000006 0.739863 0.103092 0.207098
    43 1.459885 4.275572 0.219019 -2.270533 -0.186903 3.315640
    44 -0.000010 0.973051 -0.000004 1.316066 0.217351 0.114332
    45 0.000007 0.970890 0.000004 1.071285 0.084298 0.152707
    46 -7.008868 4.575658 -7.491495 -1.902198 0.901202 0.524444
    47 0.000011 12.706367 0.000010 -1.827200 0.287948 0.162661
    48 0.000000 0.000000 0.000000 1.570796 0.000000 1.570796
    49 -0.000006 1.500006 0.000000 1.570796 0.000000 1.570796
    50 0.000000 -0.299999 0.000000 -1.570796 0.000000 1.570796
    51 0.000000 0.000000 0.000000 0.000000 0.000000 1.570796
    52 0.000000 0.000000 0.000000 0.000000 0.000000 1.570796
    53 0.000000 0.000002 0.000001 0.000000 0.000000 1.919862
    54 0.000000 0.000000 0.000000 -1.570796 0.000000 1.570796
    55 0.000000 0.000000 0.000002 -1.570797 0.000000 1.570796
    56 -0.000002 -0.000002 0.000004 -1.570797 0.000001 1.570796
    57 0.000003 0.000000 0.000000 -1.570796 0.000000 1.570796
    58 0.000002 0.000003 0.000000 -1.570796 0.000000 1.570796
    59 0.000000 0.000000 0.000000 -1.570796 0.000000 1.570796
    60 -0.000001 0.000011 0.000000 -1.570796 0.000000 1.570796
    61 0.000000 0.000000 0.000000 -1.570796 -0.000001 1.570796
    62 0.000000 -0.000001 0.000000 -1.570796 0.000000 1.570796
    63 -0.000002 0.000002 -0.000002 -1.570796 0.000000 1.570796
    64 0.000000 0.000000 0.000000 -1.570797 0.000000 1.570796
    65 0.000000 0.000000 0.000000 -1.570797 0.000000 1.570796
    66 0.000000 0.000000 0.000000 1.570796 0.000000 1.570796
    67 0.000000 1.500000 0.000000 1.570796 0.000000 1.570796
    68 0.000000 0.300001 0.000000 1.570796 0.000000 1.570796
    69 -0.000011 0.000002 -0.000004 -3.141593 0.000001 1.570796
    70 0.000000 0.000000 0.000000 3.141593 0.000000 1.570796
    71 0.000001 0.000000 0.000000 -3.141593 0.000000 1.221730
    72 0.000000 0.000000 0.000000 3.141593 0.000000 1.570796
    73 0.000000 -0.000002 0.000000 3.141593 0.000000 1.570796
    74 0.000004 0.000000 0.000000 3.141593 0.000000 1.570797
    75 -0.000004 0.000000 0.000002 -1.570796 0.000000 1.570796
    76 0.000000 -0.000001 0.000008 -1.570796 0.000000 1.570796
    77 0.000001 0.000000 0.000000 -1.570796 0.000000 1.570796
    78 0.000001 0.000002 0.000000 -1.570796 0.000000 1.570796
    79 0.000000 0.000000 0.000000 -1.570796 0.000000 1.570796
    80 0.000001 0.000000 0.000000 -1.570796 0.000000 1.570796
    81 0.000001 0.000000 0.000000 -1.570796 0.000001 1.570796
    82 -0.000001 0.000000 0.000002 -1.570796 0.000001 1.570796
    83 0.000001 0.000000 0.000000 -1.570796 0.000000 1.570796
  time 47
    0 -1.186629 -11.969807 -9.219094 -4.032959 0.958251 -0.154373
    1 0.073573 17.526917 0.777220 0.000000 0.000001 0.000000
    2 -0.226386 1.446262 -0.608961 0.000000 -0.000001 0.000000
    3 -0.276464 5.670478 -0.734195 0.000000 0.000001 0.000000
    4 -0.045094 3.566423 0.891595 0.000000 -0.000001 0.000000
    5 -0.116185 1.807585 2.464996 0.349809 0.000002 0.000000
    6 0.000000 1.030615 0.000004 -3.089904 0.139861 -3.376757
    7 -0.000002 5.179932 -0.000037 -0.005704 -0.019040 0.000961
    8 -0.218267 25.777573 2.487072 2.710584 0.000002 0.000000
    9 0.000000 0.870350 0.000008 0.019007 0.049772 -0.327059
    10 0.000000 4.478401 0.000072 0.004768 0.028746 -0.004949
    11 3.216605 15.746912 6.866125 -1.901027 0.080298 0.229787
    12 4.401873 -23.879605 -6.403403 1.578572 -0.116695 2.189196
    13 -1.294654 1.473667 0.640471 2.361876 -0.514949 -2.105093
    14 0.000011 1.832554 0.000004 0.105672 -0.242335 -0.022342
    15 0.000000 1.003359 0.000001 0.156021 -0.012861 -0.172530
    16 -1.632739 4.327644 -0.483953 0.365920 0.282538 -0.018914
    17 -0.000010 1.637142 0.000010 1.001957 0.015772 -0.110368
    18 0.000007 1.100985 0.000004 0.016835 0.076947 -0.068142
    19 -0.500328 4.452953 -0.532495 0.396541 0.287798 0.017522
    20 -0.000010 1.442617 -0.000010 1.327527 0.029307 -0.036669
    21 -0.000003 1.302446 0.000004 0.004462 -0.041912 0.002947
    22 0.523221 4.540312 -0.480714 0.856087 0.290085 -0.284920
    23 -0.000001 1.198256 0.000008 0.732584 -0.133859 0.043102
    24 -0.000012 0.869780 0.000015 0.218278 0.063758 -0.018648
    25 1.354362 4.150681 -0.582655 0.848409 0.193448 -0.436427
    26 0.000000 1.157421 -0.000006 0.969721 -0.115779 0.002582
    27 0.000001 1.020055 0.000002 -0.120872 -0.015645 -0.025814
    28 5.003218 -8.070315 -8.112608 -2.346791 0.164307 0.295397
    29 0.000038 12.695422 -0.000004 -1.598072 0.494279 0.427125
    30 -4.449958 -10.443559 -7.958138 0.949726 -0.997694 2.930152
    31 -1.391397 1.476538 -0.700638 -1.757622 -1.119879 2.167452
    32 0.000002 1.751797 -0.000002 -0.382830 -0.196569 -0.169487
    33 0.000010 1.122969 0.000000 -0.357758 -0.049112 -0.094357
    34 -1.596883 4.441620 0.708540 1.365007 -1.150525 -1.273320
    35 -0.000008 1.481951 -0.000008 0.018943 -0.004043 1.246788
    36 0.000002 1.056648 -0.000004 -0.145240 -0.093310 0.961445
    37 -0.470901 4.219486 0.926555 -3.158822 -0.058390 -2.939043
    38 -0.000010 1.609821 0.000004 1.384805 0.015575 0.087176
    39 -0.000002 1.562311 0.000013 0.570583 0.025855 -0.031607
    40 0.576838 4.298388 0.639431 -2.731807 -0.062842 -2.944371
    41 0.000002 1.553762 -0.000008 1.105435 0.142110 0.010300
    42 0.000003 0.874434 -0.000006 0.739904 0.103092 0.207098
    43 1.459885 4.275572 0.219019 -2.270581 -0.186903 3.315640
    44 -0.000010 0.973051 -0.000004 1.316030 0.217351 0.114332
    45 0.000007 0.970890 0.000004 1.071285 0.084298 0.152707
    46 -7.008868 4.575658 -7.491495 -1.912032 0.904008 0.529132
    47 0.000011 12.706367 0.000010 -1.818959 0.286786 0.163153
    48 0.000000 0.000000 0.000000 1.570796 0.000000 1.570796
    49 -0.000006 1.500006 0.000000 1.570796 0.000000 1.570796
    50 0.000000 -0.299999 0.000000 -1.570796 0.000000 1.570796
    51 0.000000 0.000000 0.000000 0.000000 0.000000 1.570796
    52 0.000000 0.000000 0.000000 0.000000 0.000000 1.570796
    53 0.000000 0.000002 0.000001 0.000000 0.000000 1.919862
    54 0.000000 0.000000 0.000000 -1.570796 0.000000 1.570796
    55 0.000000 0.000000 0.000002 -1.570797 0.000000 1.570796
    56 -0.000002 -0.000002 0.000004 -1.570797 0.000001 1.570796
    57 0.000003 0.000000 0.000000 -1.570796 0.000000 1.570796
    58 0.000002 0.000003 0.000000 -1.570796 0.000000 1.570796
    59 0.000000 0.000000 0.000000 -1.570796 0.000000 1.570796
    60 -0.000001 0.000011 0.000000 -1.570796 0.000000 1.570796
    61 0.000000 0.000000 0.000000 -1.570796 -0.000001 1.570796
    62 0.000000 -0.000001 0.000000 -1.570796 0.000000 1.570796
    63 -0.000002 0.000002 -0.000002 -1.570796 0.000000 1.570796
    64 0.000000 0.000000 0.000000 -1.570797 0.000000 1.570796
    65 0.000000 0.000000 0.000000 -1.570797 0.000000 1.570796
    66 0.000000 0.000000 0.000000 1.570796 0.000000 1.570796
    67 0.000000 1.500000 0.000000 1.570796 0.000000 1.570796
    68 0.000000 0.300001 0.000000 1.570796 0.000000 1.570796
    69 -0.000011 0.000002 -0.000004 -3.141593 0.000001 1.570796
    70 0.000000 0.000000 0.000000 3.141593 0.000000 1.570796
    71 0.000001 0.000000 0.000000 -3.141593 0.000000 1.221730
    72 0.000000 0.000000 0.000000 3.141593 0.000000 1.570796
    73 0.000000 -0.000002 0.000000 3.141593 0.000000 1.570796
    74 0.000004 0.000000 0.000000 3.141593 0.000000 1.570797
    75 -0.000004 0.000000 0.000002 -1.570796 0.000000 1.570796
    76 0.000000 -0.000001 0.000008 -1.570796 0.000000 1.570796
    77 0.000001 0.000000 0.000000 -1.570796 0.000000 1.570796
    78 0.000001 0.000002 0.000000 -1.570796 0.000000 1.570796
    79 0.000000 0.000000 0.000000 -1.570796 0.000000 1.570796
    80 0.000001 0.000000 0.000000 -1.570796 0.000000 1.570796
    81 0.000001 0.000000 0.000000 -1.570796 0.000001 1.570796
    82 -0.000001 0.000000 0.000002 -1.570796 0.000001 1.570796
    83 0.000001 0.000000 0.000000 -1.570796 0.000000 1.570796
  time 48
    0 -1.069438 -12.067466 -9.183936 -4.051533 0.966214 -0.178657
    1 0.073573 17.526917 0.777220 0.000000 0.000001 0.000000
    2 -0.226386 1.434543 -0.608961 0.000000 -0.000001 0.000000
    3 -0.288183 5.662665 -0.734195 0.000000 0.000001 0.000000
    4 -0.045094 3.566423 0.891595 0.000000 -0.000001 0.000000
    5 -0.116185 1.807585 2.464996 0.350707 0.000002 0.000000
    6 0.000000 1.030615 0.000004 -3.089640 0.137823 -3.372633
    7 -0.000002 5.179932 -0.000037 -0.005720 -0.018968 0.000961
    8 -0.218267 25.777573 2.487072 2.710584 0.000002 0.000000
    9 0.000000 0.870350 0.000008 0.019067 0.048813 -0.320918
    10 0.000000 4.478401 0.000072 0.004751 0.028387 -0.004949
    11 3.161916 15.703941 6.862219 -1.901040 0.080298 0.229787
    12 4.437030 -23.996796 -6.309650 1.591570 -0.114633 2.178782
    13 -1.294654 1.473667 0.640471 2.361876 -0.514949 -2.105093
    14 0.000011 1.832554 0.000004 0.105672 -0.242335 -0.022342
    15 0.000000 1.003359 0.000001 0.156021 -0.012825 -0.172530
    16 -1.632739 4.327644 -0.483953 0.365920 0.282538 -0.018914
    17 -0.000010 1.637142 0.000010 1.001957 0.015772 -0.110368
    18 0.000007 1.100985 0.000004 0.016835 0.076947 -0.068142
    19 -0.500328 4.452953 -0.532495 0.396541 0.287798 0.017522
    20 -0.000010 1.442617 -0.000010 1.327527 0.029307 -0.036669
    21 -0.000003 1.302446 0.000004 0.004462 -0.041912 0.002911
    22 0.523221 4.540312 -0.480714 0.856087 0.290085 -0.284920
    23 -0.000001 1.198256 0.000008 0.732564 -0.133859 0.043090
    24 -0.000012 0.869780 0.000015 0.218278 0.063758 -0.018624
    25 1.354362 4.150681 -0.582655 0.848409 0.193448 -0.436427
    26 0.000000 1.157421 -0.000006 0.969721 -0.115779 0.002582
    27 0.000001 1.020055 0.000002 -0.120872 -0.015645 -0.025814
    28 5.003218 -8.070315 -8.112608 -2.357730 0.168773 0.295260
    29 0.000038 12.695422 -0.000004 -1.586080 0.489427 0.427386
    30 -4.293703 -10.498248 -7.915168 0.970197 -1.004893 2.903725
    31 -1.391397 1.476538 -0.700638 -1.757657 -1.119879 2.167452
    32 0.000002 1.751797 -0.000002 -0.382830 -0.196569 -0.169487
    33 0.000010 1.122969 0.000000 -0.357770 -0.049112 -0.094333
    34 -1.596883 4.441620 0.708540 1.365007 -1.150525 -1.273320
    35 -0.000008 1.481951 -0.000008 0.018943 -0.004043 1.246788
    36 0.000002 1.056648 -0.000004 -0.145240 -0.093310 0.961445
    37 -0.470901 4.219486 0.926555 -3.158809 -0.058390 -2.939043
    38 -0.000010 1.609821 0.000004 1.384805 0.015575 0.087176
    39 -0.000002 1.562311 0.000013 0.570430 0.025855 -0.031607
    40 0.576838 4.298388 0.639431 -2.731795 -0.062865 -2.944359
    41 0.000002 1.553762 -0.000008 1.105548 0.142110 0.010300
    42 0.000003 0.874434 -0.000006 0.739987 0.103092 0.207098
    43 1.459885 4.275572 0.219019 -2.270605 -0.186903 3.315640
    44 -0.000010 0.973051 -0.000004 1.316030 0.217351 0.114332
    45 0.000007 0.970890 0.000004 1.071225 0.084286 0.152707
    46 -7.008868 4.575658 -7.491495 -1.920513 0.906962 0.534502
    47 0.000011 12.706367 0.000010 -1.811103 0.285552 0.163332
    48 0.000000 0.000000 0.000000 1.570796 0.000000 1.570796
    49 -0.000006 1.500006 0.000000 1.570796 0.000000 1.570796
    50 0.000000 -0.299999 0.000000 -1.570796 0.000000 1.570796
    51 0.000000 0.000000 0.000000 0.000000 0.000000 1.570796
    52 0.000000 0.000000 0.000000 0.000000 0.000000 1.570796
    53 0.000000 0.000002 0.000001 0.000000 0.000000 1.919862
    54 0.000000 0.000000 0.000000 -1.570796 0.000000 1.570796
    55 0.000000 0.000000 0.000002 -1.570797 0.000000 1.570796
    56 -0.000002 -0.000002 0.000004 -1.570797 0.000001 1.570796
    57 0.000003 0.000000 0.000000 -1.570796 0.000000 1.570796
    58 0.000002 0.000003 0.000000 -1.570796 0.000000 1.570796
    59 0.000000 0.000000 0.000000 -1.570796 0.000000 1.570796
    60 -0.000001 0.000011 0.000000 -1.570796 0.000000 1.570796
    61 0.000000 0.000000 0.000000 -1.570796 -0.000001 1.570796
    62 0.000000 -0.000001 0.000000 -1.570796 0.000000 1.570796
    63 -0.000002 0.000002 -0.000002 -1.570796 0.000000 1.570796
    64 0.000000 0.000000 0.000000 -1.570797 0.000000 1.570796
    65 0.000000 0.000000 0.000000 -1.570797 0.000000 1.570796
    66 0.000000 0.000000 0.000000 1.570796 0.000000 1.570796
    67 0.000000 1.500000 0.000000 1.570796 0.000000 1.570796
    68 0.000000 0.300001 0.000000 1.570796 0.000000 1.570796
    69 -0.000011 0.000002 -0.000004 -3.141593 0.000001 1.570796
    70 0.000000 0.000000 0.000000 3.141593 0.000000 1.570796
    71 0.000001 0.000000 0.000000 -3.141593 0.000000 1.221730
    72 0.000000 0.000000 0.000000 3.141593 0.000000 1.570796
    73 0.000000 -0.000002 0.000000 3.141593 0.000000 1.570796
    74 0.000004 0.000000 0.000000 3.141593 0.000000 1.570797
    75 -0.000004 0.000000 0.000002 -1.570796 0.000000 1.570796
    76 0.000000 -0.000001 0.000008 -1.570796 0.000000 1.570796
    77 0.000001 0.000000 0.000000 -1.570796 0.000000 1.570796
    78 0.000001 0.000002 0.000000 -1.570796 0.000000 1.570796
    79 0.000000 0.000000 0.000000 -1.570796 0.000000 1.570796
    80 0.000001 0.000000 0.000000 -1.570796 0.000000 1.570796
    81 0.000001 0.000000 0.000000 -1.570796 0.000001 1.570796
    82 -0.000001 0.000000 0.000002 -1.570796 0.000001 1.570796
    83 0.000001 0.000000 0.000000 -1.570796 0.000000 1.570796
  time 49
    0 -0.948341 -12.145594 -9.148779 -4.066418 0.970589 -0.199414
    1 0.073573 17.526917 0.777220 0.000000 0.000001 0.000000
    2 -0.226386 1.446262 -0.608961 0.000000 -0.000001 0.000000
    3 -0.276464 5.666572 -0.734195 0.000000 0.000001 0.000000
    4 -0.045094 3.566423 0.891595 0.000000 -0.000001 0.000000
    5 -0.116185 1.807585 2.464996 0.351350 0.000002 0.000000
    6 0.000000 1.030615 0.000004 -3.089454 0.136206 -3.369044
    7 -0.000002 5.179932 -0.000037 -0.005720 -0.018896 0.000961
    8 -0.218267 25.777573 2.487072 2.710595 0.000002 0.000000
    9 0.000000 0.870350 0.000008 0.019115 0.048070 -0.315838
    10 0.000000 4.478401 0.000072 0.004751 0.027800 -0.004877
    11 3.115039 15.711754 6.873938 -1.901027 0.080298 0.229787
    12 4.483907 -24.094455 -6.204178 1.600832 -0.111696 2.169277
    13 -1.294654 1.473667 0.640471 2.361876 -0.514949 -2.105093
    14 0.000011 1.832554 0.000004 0.105672 -0.242335 -0.022342
    15 0.000000 1.003359 0.000001 0.156033 -0.012861 -0.172530
    16 -1.632739 4.327644 -0.483953 0.365920 0.282538 -0.018914
    17 -0.000010 1.637142 0.000010 1.001957 0.015772 -0.110368
    18 0.000007 1.100985 0.000004 0.016835 0.076947 -0.068142
    19 -0.500328 4.452953 -0.532495 0.396541 0.287798 0.017522
    20 -0.000010 1.442617 -0.000010 1.327527 0.029307 -0.036669
    21 -0.000003 1.302446 0.000004 0.004462 -0.041912 0.002947
    22 0.523221 4.540312 -0.480714 0.856087 0.290085 -0.284920
    23 -0.000001 1.198256 0.000008 0.732584 -0.133859 0.043102
    24 -0.000012 0.869780 0.000015 0.218278 0.063758 -0.018624
    25 1.354362 4.150681 -0.582655 0.848432 0.193448 -0.436427
    26 0.000000 1.157421 -0.000006 0.969721 -0.115779 0.002582
    27 0.000001 1.020055 0.000002 -0.120872 -0.015645 -0.025814
    28 5.003218 -8.070315 -8.112608 -2.367839 0.172577 0.295123
    29 0.000038 12.695422 -0.000004 -1.575246 0.485116 0.427412
    30 -4.145261 -10.549031 -7.883917 0.986592 -1.008952 2.881400
    31 -1.391397 1.476538 -0.700638 -1.757588 -1.119879 2.167452
    32 0.000002 1.751797 -0.000002 -0.382830 -0.196569 -0.169487
    33 0.000010 1.122969 0.000000 -0.357770 -0.049112 -0.094345
    34 -1.596883 4.441620 0.708540 1.365007 -1.150525 -1.273320
    35 -0.000008 1.481951 -0.000008 0.018943 -0.004043 1.246788
    36 0.000002 1.056648 -0.000004 -0.145240 -0.093310 0.961445
    37 -0.470901 4.219486 0.926555 -3.158796 -0.058390 -2.939043
    38 -0.000010 1.609821 0.000004 1.384805 0.015575 0.087176
    39 -0.000002 1.562311 0.000013 0.570430 0.025855 -0.031607
    40 0.576838 4.298388 0.639431 -2.731795 -0.062842 -2.944371
    41 0.000002 1.553762 -0.000008 1.105633 0.142110 0.010300
    42 0.000003 0.874434 -0.000006 0.740048 0.103092 0.207098
    43 1.459885 4.275572 0.219019 -2.270665 -0.186915 3.315640
    44 -0.000010 0.973051 -0.000004 1.316030 0.217351 0.114332
    45 0.000007 0.970890 0.000004 1.071165 0.084298 0.152707
    46 -7.008868 4.575658 -7.491495 -1.926873 0.909945 0.541065
    47 0.000011 12.706367 0.000010 -1.803632 0.284461 0.163752
    48 0.000000 0.000000 0.000000 1.570796 0.000000 1.570796
    49 -0.000006 1.500006 0.000000 1.570796 0.000000 1.570796
    50 0.000000 -0.299999 0.000000 -1.570796 0.000000 1.570796
    51 0.000000 0.000000 0.000000 0.000000 0.000000 1.570796
    52 0.000000 0.000000 0.000000 0.000000 0.000000 1.570796
    53 0.000000 0.000002 0.000001 0.000000 0.000000 1.919862
    54 0.000000 0.000000 0.000000 -1.570796 0.000000 1.570796
    55 0.000000 0.000000 0.000002 -1.570797 0.000000 1.570796
    56 -0.000002 -0.000002 0.000004 -1.570797 0.000001 1.570796
    57 0.000003 0.000000 0.000000 -1.570796 0.000000 1.570796
    58 0.000002 0.000003 0.000000 -1.570796 0.000000 1.570796
    59 0.000000 0.000000 0.000000 -1.570796 0.000000 1.570796
    60 -0.000001 0.000011 0.000000 -1.570796 0.000000 1.570796
    61 0.000000 0.000000 0.000000 -1.570796 -0.000001 1.570796
    62 0.000000 -0.000001 0.000000 -1.570796 0.000000 1.570796
    63 -0.000002 0.000002 -0.000002 -1.570796 0.000000 1.570796
    64 0.000000 0.000000 0.000000 -1.570797 0.000000 1.570796
    65 0.000000 0.000000 0.000000 -1.570797 0.000000 1.570796
    66 0.000000 0.000000 0.000000 1.570796 0.000000 1.570796
    67 0.000000 1.500000 0.000000 1.570796 0.000000 1.570796
    68 0.000000 0.300001 0.000000 1.570796 0.000000 1.570796
    69 -0.000011 0.000002 -0.000004 -3.141593 0.000001 1.570796
    70 0.000000 0.000000 0.000000 3.141593 0.000000 1.570796
    71 0.000001 0.000000 0.000000 -3.141593 0.000000 1.221730
    72 0.000000 0.000000 0.000000 3.141593 0.000000 1.570796
    73 0.000000 -0.000002 0.000000 3.141593 0.000000 1.570796
    74 0.000004 0.000000 0.000000 3.141593 0.000000 1.570797
    75 -0.000004 0.000000 0.000002 -1.570796 0.000000 1.570796
    76 0.000000 -0.000001 0.000008 -1.570796 0.000000 1.570796
    77 0.000001 0.000000 0.000000 -1.570796 0.000000 1.570796
    78 0.000001 0.000002 0.000000 -1.570796 0.000000 1.570796
    79 0.000000 0.000000 0.000000 -1.570796 0.000000 1.570796
    80 0.000001 0.000000 0.000000 -1.570796 0.000000 1.570796
    81 0.000001 0.000000 0.000000 -1.570796 0.000001 1.570796
    82 -0.000001 0.000000 0.000002 -1.570796 0.000001 1.570796
    83 0.000001 0.000000 0.000000 -1.570796 0.000000 1.570796
  time 50
    0 -0.827243 -12.204189 -9.125341 -4.075882 0.970935 -0.214609
    1 0.073573 17.526917 0.777220 0.000000 0.000001 0.000000
    2 -0.226386 1.454075 -0.608961 0.000000 -0.000001 0.000000
    3 -0.280370 5.654853 -0.734195 0.000000 0.000001 0.000000
    4 -0.045094 3.566423 0.891595 0.000000 -0.000001 0.000000
    5 -0.116185 1.807585 2.464996 0.350765 0.000002 0.000000
    6 0.000000 1.030615 0.000004 -3.090369 0.135498 -3.367722
    7 -0.000002 5.179932 -0.000037 -0.005639 -0.018860 0.000938
    8 -0.218267 25.777573 2.487072 2.710787 0.000002 0.000000
    9 0.000000 0.870350 0.000008 0.019115 0.047819 -0.313676
    10 0.000000 4.478401 0.000072 0.004734 0.027644 -0.004841
    11 3.064257 15.700035 6.866125 -1.901027 0.080298 0.229787
    12 4.511251 -24.188208 -6.126051 1.604724 -0.108259 2.161425
    13 -1.294654 1.473667 0.640471 2.361876 -0.514949 -2.105093
    14 0.000011 1.832554 0.000004 0.105672 -0.242335 -0.022342
    15 0.000000 1.003359 0.000001 0.156021 -0.012861 -0.172530
    16 -1.632739 4.327644 -0.483953 0.365920 0.282538 -0.018914
    17 -0.000010 1.637142 0.000010 1.001957 0.015772 -0.110368
    18 0.000007 1.100985 0.000004 0.016835 0.076947 -0.068142
    19 -0.500328 4.452953 -0.532495 0.396541 0.287798 0.017522
    20 -0.000010 1.442617 -0.000010 1.327527 0.029307 -0.036669
    21 -0.000003 1.302446 0.000004 0.004462 -0.041912 0.002899
    22 0.523221 4.540312 -0.480714 0.856087 0.290085 -0.284920
    23 -0.000001 1.198256 0.000008 0.732584 -0.133859 0.043078
    24 -0.000012 0.869780 0.000015 0.218278 0.063758 -0.018648
    25 1.354362 4.150681 -0.582655 0.848432 0.193448 -0.436427
    26 0.000000 1.157421 -0.000006 0.969721 -0.115779 0.002582
    27 0.000001 1.020055 0.000002 -0.120872 -0.015645 -0.025814
    28 5.003218 -8.070315 -8.112608 -2.376062 0.175852 0.295123
    29 0.000038 12.695422 -0.000004 -1.566797 0.481694 0.427399
    30 -4.004632 -10.568563 -7.868291 0.996133 -1.009488 2.865372
    31 -1.391397 1.476538 -0.700638 -1.757657 -1.119867 2.167539
    32 0.000002 1.751797 -0.000002 -0.382830 -0.196569 -0.169487
    33 0.000010 1.122969 0.000000 -0.357770 -0.049112 -0.094345
    34 -1.596883 4.441620 0.708540 1.365007 -1.150525 -1.273320
    35 -0.000008 1.481951 -0.000008 0.018943 -0.004043 1.246788
    36 0.000002 1.056648 -0.000004 -0.145240 -0.093310 0.961445
    37 -0.470901 4.219486 0.926555 -3.158796 -0.058390 -2.939043
    38 -0.000010 1.609821 0.000004 1.384805 0.015575 0.087176
    39 -0.000002 1.562311 0.000013 0.570491 0.025855 -0.031607
    40 0.576838 4.298388 0.639431 -2.731795 -0.062842 -2.944371
    41 0.000002 1.553762 -0.000008 1.105661 0.142110 0.010288
    42 0.000003 0.874434 -0.000006 0.740130 0.103092 0.207086
    43 1.459885 4.275572 0.219019 -2.270701 -0.186903 3.315640
    44 -0.000010 0.973051 -0.000004 1.316030 0.217351 0.114332
    45 0.000007 0.970890 0.000004 1.071085 0.084298 0.152707
    46 -7.008868 4.575658 -7.491495 -1.930583 0.912751 0.548822
    47 0.000011 12.706367 0.000010 -1.799088 0.283490 0.163956
    48 0.000000 0.000000 0.000000 1.570796 0.000000 1.570796
    49 -0.000006 1.500006 0.000000 1.570796 0.000000 1.570796
    50 0.000000 -0.299999 0.000000 -1.570796 0.000000 1.570796
    51 0.000000 0.000000 0.000000 0.000000 0.000000 1.570796
    52 0.000000 0.000000 0.000000 0.000000 0.000000 1.570796
    53 0.000000 0.000002 0.000001 0.000000 0.000000 1.919862
    54 0.000000 0.000000 0.000000 -1.570796 0.000000 1.570796
    55 0.000000 0.000000 0.000002 -1.570797 0.000000 1.570796
    56 -0.000002 -0.000002 0.000004 -1.570797 0.000001 1.570796
    57 0.000003 0.000000 0.000000 -1.570796 0.000000 1.570796
    58 0.000002 0.000003 0.000000 -1.570796 0.000000 1.570796
    59 0.000000 0.000000 0.000000 -1.570796 0.000000 1.570796
    60 -0.000001 0.000011 0.000000 -1.570796 0.000000 1.570796
    61 0.000000 0.000000 0.000000 -1.570796 -0.000001 1.570796
    62 0.000000 -0.000001 0.000000 -1.570796 0.000000 1.570796
    63 -0.000002 0.000002 -0.000002 -1.570796 0.000000 1.570796
    64 0.000000 0.000000 0.000000 -1.570797 0.000000 1.570796
    65 0.000000 0.000000 0.000000 -1.570797 0.000000 1.570796
    66 0.000000 0.000000 0.000000 1.570796 0.000000 1.570796
    67 0.000000 1.500000 0.000000 1.570796 0.000000 1.570796
    68 0.000000 0.300001 0.000000 1.570796 0.000000 1.570796
    69 -0.000011 0.000002 -0.000004 -3.141593 0.000001 1.570796
    70 0.000000 0.000000 0.000000 3.141593 0.000000 1.570796
    71 0.000001 0.000000 0.000000 -3.141593 0.000000 1.221730
    72 0.000000 0.000000 0.000000 3.141593 0.000000 1.570796
    73 0.000000 -0.000002 0.000000 3.141593 0.000000 1.570796
    74 0.000004 0.000000 0.000000 3.141593 0.000000 1.570797
    75 -0.000004 0.000000 0.000002 -1.570796 0.000000 1.570796
    76 0.000000 -0.000001 0.000008 -1.570796 0.000000 1.570796
    77 0.000001 0.000000 0.000000 -1.570796 0.000000 1.570796
    78 0.000001 0.000002 0.000000 -1.570796 0.000000 1.570796
    79 0.000000 0.000000 0.000000 -1.570796 0.000000 1.570796
    80 0.000001 0.000000 0.000000 -1.570796 0.000000 1.570796
    81 0.000001 0.000000 0.000000 -1.570796 0.000001 1.570796
    82 -0.000001 0.000000 0.000002 -1.570796 0.000001 1.570796
    83 0.000001 0.000000 0.000000 -1.570796 0.000000 1.570796
  time 51
    0 -0.713959 -12.247159 -9.101903 -4.081271 0.969078 -0.225598
    1 0.073573 17.526917 0.777220 0.000000 0.000001 0.000000
    2 -0.226386 1.446262 -0.608961 0.000000 -0.000001 0.000000
    3 -0.288183 5.654853 -0.734195 0.000000 0.000001 0.000000
    4 -0.045094 3.566423 0.891595 0.000000 -0.000001 0.000000
    5 -0.116185 1.807585 2.464996 0.351545 0.000002 0.000000
    6 0.000000 1.030615 0.000004 -3.089438 0.135834 -3.368210
    7 -0.000002 5.179932 -0.000037 -0.005720 -0.018872 0.000950
    8 -0.218267 25.777573 2.487072 2.710787 0.000002 0.000000
    9 0.000000 0.870350 0.000008 0.019115 0.047831 -0.314525
    10 0.000000 4.478401 0.000072 0.004734 0.027752 -0.004853
    11 3.099414 15.700035 6.866125 -1.901027 0.080298 0.229787
    12 4.542502 -24.258523 -6.051830 1.605580 -0.104885 2.154648
    13 -1.294654 1.473667 0.640471 2.361876 -0.514949 -2.105093
    14 0.000011 1.832554 0.000004 0.105672 -0.242335 -0.022342
    15 0.000000 1.003359 0.000001 0.156021 -0.012861 -0.172530
    16 -1.632739 4.327644 -0.483953 0.365920 0.282538 -0.018914
    17 -0.000010 1.637142 0.000010 1.001957 0.015772 -0.110368
    18 0.000007 1.100985 0.000004 0.016835 0.076947 -0.068142
    19 -0.500328 4.452953 -0.532495 0.396541 0.287798 0.017522
    20 -0.000010 1.442617 -0.000010 1.327527 0.029307 -0.036669
    21 -0.000003 1.302446 0.000004 0.004462 -0.041912 0.002935
    22 0.523221 4.540312 -0.480714 0.856087 0.290085 -0.284920
    23 -0.000001 1.198256 0.000008 0.732584 -0.133859 0.043114
    24 -0.000012 0.869780 0.000015 0.218278 0.063758 -0.018624
    25 1.354362 4.150681 -0.582655 0.848432 0.193448 -0.436427
    26 0.000000 1.157421 -0.000006 0.969721 -0.115779 0.002582
    27 0.000001 1.020055 0.000002 -0.120872 -0.015645 -0.025814
    28 5.003218 -8.070315 -8.112608 -2.383003 0.178763 0.295328
    29 0.000038 12.695422 -0.000004 -1.559779 0.478872 0.427412
    30 -3.875722 -10.580282 -7.852666 1.001691 -1.007267 2.853923
    31 -1.391397 1.476538 -0.700638 -1.757657 -1.119867 2.167452
    32 0.000002 1.751797 -0.000002 -0.382830 -0.196569 -0.169487
    33 0.000010 1.122969 0.000000 -0.357758 -0.049112 -0.094333
    34 -1.596883 4.441620 0.708540 1.365007 -1.150525 -1.273320
    35 -0.000008 1.481951 -0.000008 0.018943 -0.004043 1.246788
    36 0.000002 1.056648 -0.000004 -0.145240 -0.093310 0.961445
    37 -0.470901 4.219486 0.926555 -3.158809 -0.058390 -2.939043
    38 -0.000010 1.609821 0.000004 1.384805 0.015575 0.087176
    39 -0.000002 1.562311 0.000013 0.570338 0.025855 -0.031607
    40 0.576838 4.298388 0.639431 -2.731795 -0.062842 -2.944371
    41 0.000002 1.553762 -0.000008 1.105774 0.142110 0.010288
    42 0.000003 0.874434 -0.000006 0.740213 0.103092 0.207086
    43 1.459885 4.275572 0.219019 -2.270761 -0.186915 3.315640
    44 -0.000010 0.973051 -0.000004 1.316030 0.217351 0.114332
    45 0.000007 0.970890 0.000004 1.071045 0.084298 0.152707
    46 -7.008868 4.575658 -7.491495 -1.932703 0.915380 0.556578
    47 0.000011 12.706367 0.000010 -1.794852 0.282975 0.163967
    48 0.000000 0.000000 0.000000 1.570796 0.000000 1.570796
    49 -0.000006 1.500006 0.000000 1.570796 0.000000 1.570796
    50 0.000000 -0.299999 0.000000 -1.570796 0.000000 1.570796
    51 0.000000 0.000000 0.000000 0.000000 0.000000 1.570796
    52 0.000000 0.000000 0.000000 0.000000 0.000000 1.570796
    53 0.000000 0.000002 0.000001 0.000000 0.000000 1.919862
    54 0.000000 0.000000 0.000000 -1.570796 0.000000 1.570796
    55 0.000000 0.000000 0.000002 -1.570797 0.000000 1.570796
    56 -0.000002 -0.000002 0.000004 -1.570797 0.000001 1.570796
    57 0.000003 0.000000 0.000000 -1.570796 0.000000 1.570796
    58 0.000002 0.000003 0.000000 -1.570796 0.000000 1.570796
    59 0.000000 0.000000 0.000000 -1.570796 0.000000 1.570796
    60 -0.000001 0.000011 0.000000 -1.570796 0.000000 1.570796
    61 0.000000 0.000000 0.000000 -1.570796 -0.000001 1.570796
    62 0.000000 -0.000001 0.000000 -1.570796 0.000000 1.570796
    63 -0.000002 0.000002 -0.000002 -1.570796 0.000000 1.570796
    64 0.000000 0.000000 0.000000 -1.570797 0.000000 1.570796
    65 0.000000 0.000000 0.000000 -1.570797 0.000000 1.570796
    66 0.000000 0.000000 0.000000 1.570796 0.000000 1.570796
    67 0.000000 1.500000 0.000000 1.570796 0.000000 1.570796
    68 0.000000 0.300001 0.000000 1.570796 0.000000 1.570796
    69 -0.000011 0.000002 -0.000004 -3.141593 0.000001 1.570796
    70 0.000000 0.000000 0.000000 3.141593 0.000000 1.570796
    71 0.000001 0.000000 0.000000 -3.141593 0.000000 1.221730
    72 0.000000 0.000000 0.000000 3.141593 0.000000 1.570796
    73 0.000000 -0.000002 0.000000 3.141593 0.000000 1.570796
    74 0.000004 0.000000 0.000000 3.141593 0.000000 1.570797
    75 -0.000004 0.000000 0.000002 -1.570796 0.000000 1.570796
    76 0.000000 -0.000001 0.000008 -1.570796 0.000000 1.570796
    77 0.000001 0.000000 0.000000 -1.570796 0.000000 1.570796
    78 0.000001 0.000002 0.000000 -1.570796 0.000000 1.570796
    79 0.000000 0.000000 0.000000 -1.570796 0.000000 1.570796
    80 0.000001 0.000000 0.000000 -1.570796 0.000000 1.570796
    81 0.000001 0.000000 0.000000 -1.570796 0.000001 1.570796
    82 -0.000001 0.000000 0.000002 -1.570796 0.000001 1.570796
    83 0.000001 0.000000 0.000000 -1.570796 0.000000 1.570796
  time 52
    0 -0.608487 -12.286223 -9.082371 -4.085474 0.967410 -0.235502
    1 0.073573 17.526917 0.777220 0.000000 0.000001 0.000000
    2 -0.226386 1.457982 -0.608961 0.000000 -0.000001 0.000000
    3 -0.264745 5.670478 -0.738101 0.000000 0.000001 0.000000
    4 -0.045094 3.566423 0.891595 0.000000 -0.000001 0.000000
    5 -0.116185 1.807585 2.464996 0.351233 0.000002 0.000000
    6 0.000000 1.030615 0.000004 -3.089485 0.136457 -3.369658
    7 -0.000002 5.179932 -0.000037 -0.005720 -0.018896 0.000961
    8 -0.218267 25.777573 2.487072 2.710584 0.000002 0.000000
    9 0.000000 0.870350 0.000008 0.019115 0.048382 -0.316740
    10 0.000000 4.478401 0.000072 0.004784 0.027895 -0.004901
    11 3.122852 15.719567 6.866125 -1.901027 0.080298 0.229787
    12 4.569847 -24.305399 -6.004953 1.606125 -0.101948 2.148201
    13 -1.294654 1.473667 0.640471 2.361876 -0.514949 -2.105093
    14 0.000011 1.832554 0.000004 0.105672 -0.242335 -0.022342
    15 0.000000 1.003359 0.000001 0.156021 -0.012873 -0.172530
    16 -1.632739 4.327644 -0.483953 0.365920 0.282538 -0.018914
    17 -0.000010 1.637142 0.000010 1.001957 0.015784 -0.110368
    18 0.000007 1.100985 0.000004 0.016835 0.076947 -0.068142
    19 -0.500328 4.452953 -0.532495 0.396541 0.287798 0.017522
    20 -0.000010 1.442617 -0.000010 1.327527 0.029307 -0.036669
    21 -0.000003 1.302446 0.000004 0.004462 -0.041912 0.002947
    22 0.523221 4.540312 -0.480714 0.856087 0.290085 -0.284920
    23 -0.000001 1.198256 0.000008 0.732623 -0.133859 0.043102
    24 -0.000012 0.869780 0.000015 0.218278 0.063758 -0.018648
    25 1.354362 4.150681 -0.582655 0.848409 0.193448 -0.436427
    26 0.000000 1.157421 -0.000006 0.969721 -0.115779 0.002582
    27 0.000001 1.020055 0.000002 -0.120872 -0.015645 -0.025814
    28 5.003218 -8.070315 -8.112608 -2.389415 0.181244 0.295397
    29 0.000038 12.695422 -0.000004 -1.553238 0.476146 0.427360
    30 -3.754624 -10.615439 -7.844853 1.005674 -1.004893 2.844287
    31 -1.391397 1.476538 -0.700638 -1.757657 -1.119879 2.167452
    32 0.000002 1.751797 -0.000002 -0.382830 -0.196569 -0.169487
    33 0.000010 1.122969 0.000000 -0.357770 -0.049112 -0.094345
    34 -1.596883 4.441620 0.708540 1.365007 -1.150525 -1.273320
    35 -0.000008 1.481951 -0.000008 0.018943 -0.004043 1.246788
    36 0.000002 1.056648 -0.000004 -0.145240 -0.093310 0.961445
    37 -0.470901 4.219486 0.926555 -3.158809 -0.058402 -2.939043
    38 -0.000010 1.609821 0.000004 1.384805 0.015575 0.087176
    39 -0.000002 1.562311 0.000013 0.570338 0.025855 -0.031607
    40 0.576838 4.298388 0.639431 -2.731795 -0.062842 -2.944359
    41 0.000002 1.553762 -0.000008 1.105887 0.142098 0.010288
    42 0.000003 0.874434 -0.000006 0.740295 0.103092 0.207074
    43 1.459885 4.275572 0.219019 -2.270809 -0.186903 3.315640
    44 -0.000010 0.973051 -0.000004 1.316030 0.217351 0.114332
    45 0.000007 0.970890 0.000004 1.070945 0.084298 0.152707
    46 -7.008868 4.575658 -7.491495 -1.934823 0.917654 0.563994
    47 0.000011 12.706367 0.000010 -1.790847 0.282352 0.164111
    48 0.000000 0.000000 0.000000 1.570796 0.000000 1.570796
    49 -0.000006 1.500006 0.000000 1.570796 0.000000 1.570796
    50 0.000000 -0.299999 0.000000 -1.570796 0.000000 1.570796
    51 0.000000 0.000000 0.000000 0.000000 0.000000 1.570796
    52 0.000000 0.000000 0.000000 0.000000 0.000000 1.570796
    53 0.000000 0.000002 0.000001 0.000000 0.000000 1.919862
    54 0.000000 0.000000 0.000000 -1.570796 0.000000 1.570796
    55 0.000000 0.000000 0.000002 -1.570797 0.000000 1.570796
    56 -0.000002 -0.000002 0.000004 -1.570797 0.000001 1.570796
    57 0.000003 0.000000 0.000000 -1.570796 0.000000 1.570796
    58 0.000002 0.000003 0.000000 -1.570796 0.000000 1.570796
    59 0.000000 0.000000 0.000000 -1.570796 0.000000 1.570796
    60 -0.000001 0.000011 0.000000 -1.570796 0.000000 1.570796
    61 0.000000 0.000000 0.000000 -1.570796 -0.000001 1.570796
    62 0.000000 -0.000001 0.000000 -1.570796 0.000000 1.570796
    63 -0.000002 0.000002 -0.000002 -1.570796 0.000000 1.570796
    64 0.000000 0.000000 0.000000 -1.570797 0.000000 1.570796
    65 0.000000 0.000000 0.000000 -1.570797 0.000000 1.570796
    66 0.000000 0.000000 0.000000 1.570796 0.000000 1.570796
    67 0.000000 1.500000 0.000000 1.570796 0.000000 1.570796
    68 0.000000 0.300001 0.000000 1.570796 0.000000 1.570796
    69 -0.000011 0.000002 -0.000004 -3.141593 0.000001 1.570796
    70 0.000000 0.000000 0.000000 3.141593 0.000000 1.570796
    71 0.000001 0.000000 0.000000 -3.141593 0.000000 1.221730
    72 0.000000 0.000000 0.000000 3.141593 0.000000 1.570796
    73 0.000000 -0.000002 0.000000 3.141593 0.000000 1.570796
    74 0.000004 0.000000 0.000000 3.141593 0.000000 1.570797
    75 -0.000004 0.000000 0.000002 -1.570796 0.000000 1.570796
    76 0.000000 -0.000001 0.000008 -1.570796 0.000000 1.570796
    77 0.000001 0.000000 0.000000 -1.570796 0.000000 1.570796
    78 0.000001 0.000002 0.000000 -1.570796 0.000000 1.570796
    79 0.000000 0.000000 0.000000 -1.570796 0.000000 1.570796
    80 0.000001 0.000000 0.000000 -1.570796 0.000000 1.570796
    81 0.000001 0.000000 0.000000 -1.570796 0.000001 1.570796
    82 -0.000001 0.000000 0.000002 -1.570796 0.000001 1.570796
    83 0.000001 0.000000 0.000000 -1.570796 0.000000 1.570796
  time 53
    0 -0.506921 -12.321380 -9.058933 -4.088521 0.965679 -0.244252
    1 0.073573 17.526917 0.777220 0.000000 0.000001 0.000000
    2 -0.226386 1.454075 -0.608961 0.000000 -0.000001 0.000000
    3 -0.280370 5.678291 -0.738101 0.000000 0.000001 0.000000
    4 -0.045094 3.566423 0.891595 0.000000 -0.000001 0.000000
    5 -0.116185 1.807585 2.464996 0.350785 0.000002 0.000000
    6 0.000000 1.030615 0.000004 -3.089609 0.137536 -3.371720
    7 -0.000002 5.179932 -0.000037 -0.005720 -0.018932 0.000961
    8 -0.218267 25.777573 2.487072 2.710584 0.000002 0.000000
    9 0.000000 0.870350 0.000008 0.019079 0.048657 -0.319857
    10 0.000000 4.478401 0.000072 0.004784 0.028291 -0.004949
    11 3.150197 15.719567 6.862219 -1.901040 0.080298 0.229787
    12 4.593285 -24.371807 -5.950264 1.606436 -0.099636 2.141837
    13 -1.294654 1.473667 0.640471 2.361876 -0.514949 -2.105093
    14 0.000011 1.832554 0.000004 0.105672 -0.242335 -0.022342
    15 0.000000 1.003359 0.000001 0.156021 -0.012813 -0.172495
    16 -1.632739 4.327644 -0.483953 0.365920 0.282538 -0.018914
    17 -0.000010 1.637142 0.000010 1.001957 0.015772 -0.110368
    18 0.000007 1.100985 0.000004 0.016835 0.076947 -0.068142
    19 -0.500328 4.452953 -0.532495 0.396541 0.287798 0.017522
    20 -0.000010 1.442617 -0.000010 1.327527 0.029307 -0.036669
    21 -0.000003 1.302446 0.000004 0.004462 -0.041912 0.002947
    22 0.523221 4.540312 -0.480714 0.856111 0.290085 -0.284920
    23 -0.000001 1.198256 0.000008 0.732584 -0.133859 0.043102
    24 -0.000012 0.869780 0.000015 0.218278 0.063758 -0.018624
    25 1.354362 4.150681 -0.582655 0.848409 0.193448 -0.436427
    26 0.000000 1.157421 -0.000006 0.969721 -0.115779 0.002582
    27 0.000001 1.020055 0.000002 -0.120872 -0.015645 -0.025814
    28 5.003218 -8.070315 -8.112608 -2.394847 0.183593 0.295397
    29 0.000038 12.695422 -0.000004 -1.546833 0.473633 0.427308
    30 -3.633527 -10.623252 -7.844853 1.008916 -1.003744 2.835510
    31 -1.391397 1.476538 -0.700638 -1.757518 -1.119867 2.167452
    32 0.000002 1.751797 -0.000002 -0.382830 -0.196569 -0.169487
    33 0.000010 1.122969 0.000000 -0.357758 -0.049112 -0.094345
    34 -1.596883 4.441620 0.708540 1.365007 -1.150525 -1.273320
    35 -0.000008 1.481951 -0.000008 0.018943 -0.004043 1.246788
    36 0.000002 1.056648 -0.000004 -0.145240 -0.093310 0.961445
    37 -0.470901 4.219486 0.926555 -3.158809 -0.058402 -2.939043
    38 -0.000010 1.609821 0.000004 1.384805 0.015575 0.087176
    39 -0.000002 1.562311 0.000013 0.570338 0.025855 -0.031607
    40 0.576838 4.298388 0.639431 -2.731795 -0.062865 -2.944371
    41 0.000002 1.553762 -0.000008 1.105972 0.142098 0.010288
    42 0.000003 0.874434 -0.000006 0.740356 0.103092 0.207074
    43 1.459885 4.275572 0.219019 -2.270869 -0.186891 3.315640
    44 -0.000010 0.973051 -0.000004 1.316030 0.217351 0.114332
    45 0.000007 0.970890 0.000004 1.070865 0.084310 0.152707
    46 -7.008868 4.575658 -7.491495 -1.936943 0.919810 0.570898
    47 0.000011 12.706367 0.000010 -1.787073 0.281705 0.164339
    48 0.000000 0.000000 0.000000 1.570796 0.000000 1.570796
    49 -0.000006 1.500006 0.000000 1.570796 0.000000 1.570796
    50 0.000000 -0.299999 0.000000 -1.570796 0.000000 1.570796
    51 0.000000 0.000000 0.000000 0.000000 0.000000 1.570796
    52 0.000000 0.000000 0.000000 0.000000 0.000000 1.570796
    53 0.000000 0.000002 0.000001 0.000000 0.000000 1.919862
    54 0.000000 0.000000 0.000000 -1.570796 0.000000 1.570796
    55 0.000000 0.000000 0.000002 -1.570797 0.000000 1.570796
    56 -0.000002 -0.000002 0.000004 -1.570797 0.000001 1.570796
    57 0.000003 0.000000 0.000000 -1.570796 0.000000 1.570796
    58 0.000002 0.000003 0.000000 -1.570796 0.000000 1.570796
    59 0.000000 0.000000 0.000000 -1.570796 0.000000 1.570796
    60 -0.000001 0.000011 0.000000 -1.570796 0.000000 1.570796
    61 0.000000 0.000000 0.000000 -1.570796 -0.000001 1.570796
    62 0.000000 -0.000001 0.000000 -1.570796 0.000000 1.570796
    63 -0.000002 0.000002 -0.000002 -1.570796 0.000000 1.570796
    64 0.000000 0.000000 0.000000 -1.570797 0.000000 1.570796
    65 0.000000 0.000000 0.000000 -1.570797 0.000000 1.570796
    66 0.000000 0.000000 0.000000 1.570796 0.000000 1.570796
    67 0.000000 1.500000 0.000000 1.570796 0.000000 1.570796
    68 0.000000 0.300001 0.000000 1.570796 0.000000 1.570796
    69 -0.000011 0.000002 -0.000004 -3.141593 0.000001 1.570796
    70 0.000000 0.000000 0.000000 3.141593 0.000000 1.570796
    71 0.000001 0.000000 0.000000 -3.141593 0.000000 1.221730
    72 0.000000 0.000000 0.000000 3.141593 0.000000 1.570796
    73 0.000000 -0.000002 0.000000 3.141593 0.000000 1.570796
    74 0.000004 0.000000 0.000000 3.141593 0.000000 1.570797
    75 -0.000004 0.000000 0.000002 -1.570796 0.000000 1.570796
    76 0.000000 -0.000001 0.000008 -1.570796 0.000000 1.570796
    77 0.000001 0.000000 0.000000 -1.570796 0.000000 1.570796
    78 0.000001 0.000002 0.000000 -1.570796 0.000000 1.570796
    79 0.000000 0.000000 0.000000 -1.570796 0.000000 1.570796
    80 0.000001 0.000000 0.000000 -1.570796 0.000000 1.570796
    81 0.000001 0.000000 0.000000 -1.570796 0.000001 1.570796
    82 -0.000001 0.000000 0.000002 -1.570796 0.000001 1.570796
    83 0.000001 0.000000 0.000000 -1.570796 0.000000 1.570796
  time 54
    0 -0.409262 -12.352631 -9.043307 -4.090767 0.964357 -0.251985
    1 0.073573 17.526917 0.777220 0.000000 0.000001 0.000000
    2 -0.226386 1.446262 -0.608961 0.000000 -0.000001 0.000000
    3 -0.288183 5.666572 -0.722476 0.000000 0.000001 0.000000
    4 -0.045094 3.566423 0.891595 0.000000 -0.000001 0.000000
    5 -0.116185 1.807585 2.464996 0.350238 0.000002 0.000000
    6 0.000000 1.030615 0.000004 -3.089764 0.138578 -3.374254
    7 -0.000002 5.179932 -0.000037 -0.005720 -0.018980 0.000961
    8 -0.218267 25.777573 2.487072 2.710584 0.000002 0.000000
    9 0.000000 0.870350 0.000008 0.019043 0.049293 -0.323478
    10 0.000000 4.478401 0.000072 0.004751 0.028579 -0.004949
    11 3.181448 15.703941 6.866125 -1.901027 0.080298 0.229787
    12 4.616723 -24.430403 -5.907294 1.606358 -0.097824 2.135886
    13 -1.294654 1.473667 0.640471 2.361876 -0.514949 -2.105093
    14 0.000011 1.832554 0.000004 0.105672 -0.242335 -0.022342
    15 0.000000 1.003359 0.000001 0.156021 -0.012873 -0.172495
    16 -1.632739 4.327644 -0.483953 0.365920 0.282538 -0.018914
    17 -0.000010 1.637142 0.000010 1.001957 0.015772 -0.110368
    18 0.000007 1.100985 0.000004 0.016835 0.076947 -0.068142
    19 -0.500328 4.452953 -0.532495 0.396541 0.287798 0.017522
    20 -0.000010 1.442617 -0.000010 1.327527 0.029307 -0.036669
    21 -0.000003 1.302446 0.000004 0.004462 -0.041912 0.002947
    22 0.523221 4.540312 -0.480714 0.856087 0.290085 -0.284920
    23 -0.000001 1.198256 0.000008 0.732584 -0.133859 0.043114
    24 -0.000012 0.869780 0.000015 0.218278 0.063758 -0.018624
    25 1.354362 4.150681 -0.582655 0.848432 0.193448 -0.436427
    26 0.000000 1.157421 -0.000006 0.969721 -0.115779 0.002582
    27 0.000001 1.020055 0.000002 -0.120872 -0.015645 -0.025814
    28 5.003218 -8.070315 -8.112608 -2.399675 0.185578 0.295465
    29 0.000038 12.695422 -0.000004 -1.540837 0.471255 0.427073
    30 -3.524148 -10.627158 -7.825321 1.011046 -1.001906 2.827591
    31 -1.391397 1.476538 -0.700638 -1.757484 -1.119879 2.167452
    32 0.000002 1.751797 -0.000002 -0.382830 -0.196569 -0.169487
    33 0.000010 1.122969 0.000000 -0.357770 -0.049112 -0.094333
    34 -1.596883 4.441620 0.708540 1.365007 -1.150525 -1.273320
    35 -0.000008 1.481951 -0.000008 0.018943 -0.004043 1.246788
    36 0.000002 1.056648 -0.000004 -0.145240 -0.093310 0.961445
    37 -0.470901 4.219486 0.926555 -3.158809 -0.058390 -2.939043
    38 -0.000010 1.609821 0.000004 1.384824 0.015575 0.087176
    39 -0.000002 1.562311 0.000013 0.570246 0.025855 -0.031607
    40 0.576838 4.298388 0.639431 -2.731795 -0.062842 -2.944371
    41 0.000002 1.553762 -0.000008 1.105972 0.142098 0.010276
    42 0.000003 0.874434 -0.000006 0.740438 0.103092 0.207062
    43 1.459885 4.275572 0.219019 -2.271037 -0.186915 3.315604
    44 -0.000010 0.973051 -0.000004 1.316030 0.217351 0.114332
    45 0.000007 0.970890 0.000004 1.070805 0.084310 0.152707
    46 -7.008868 4.575658 -7.491495 -1.939121 0.921671 0.577205
    47 0.000011 12.706367 0.000010 -1.783222 0.281033 0.164519
    48 0.000000 0.000000 0.000000 1.570796 0.000000 1.570796
    49 -0.000006 1.500006 0.000000 1.570796 0.000000 1.570796
    50 0.000000 -0.299999 0.000000 -1.570796 0.000000 1.570796
    51 0.000000 0.000000 0.000000 0.000000 0.000000 1.570796
    52 0.000000 0.000000 0.000000 0.000000 0.000000 1.570796
    53 0.000000 0.000002 0.000001 0.000000 0.000000 1.919862
    54 0.000000 0.000000 0.000000 -1.570796 0.000000 1.570796
    55 0.000000 0.000000 0.000002 -1.570797 0.000000 1.570796
    56 -0.000002 -0.000002 0.000004 -1.570797 0.000001 1.570796
    57 0.000003 0.000000 0.000000 -1.570796 0.000000 1.570796
    58 0.000002 0.000003 0.000000 -1.570796 0.000000 1.570796
    59 0.000000 0.000000 0.000000 -1.570796 0.000000 1.570796
    60 -0.000001 0.000011 0.000000 -1.570796 0.000000 1.570796
    61 0.000000 0.000000 0.000000 -1.570796 -0.000001 1.570796
    62 0.000000 -0.000001 0.000000 -1.570796 0.000000 1.570796
    63 -0.000002 0.000002 -0.000002 -1.570796 0.000000 1.570796
    64 0.000000 0.000000 0.000000 -1.570797 0.000000 1.570796
    65 0.000000 0.000000 0.000000 -1.570797 0.000000 1.570796
    66 0.000000 0.000000 0.000000 1.570796 0.000000 1.570796
    67 0.000000 1.500000 0.000000 1.570796 0.000000 1.570796
    68 0.000000 0.300001 0.000000 1.570796 0.000000 1.570796
    69 -0.000011 0.000002 -0.000004 -3.141593 0.000001 1.570796
    70 0.000000 0.000000 0.000000 3.141593 0.000000 1.570796
    71 0.000001 0.000000 0.000000 -3.141593 0.000000 1.221730
    72 0.000000 0.000000 0.000000 3.141593 0.000000 1.570796
    73 0.000000 -0.000002 0.000000 3.141593 0.000000 1.570796
    74 0.000004 0.000000 0.000000 3.141593 0.000000 1.570797
    75 -0.000004 0.000000 0.000002 -1.570796 0.000000 1.570796
    76 0.000000 -0.000001 0.000008 -1.570796 0.000000 1.570796
    77 0.000001 0.000000 0.000000 -1.570796 0.000000 1.570796
    78 0.000001 0.000002 0.000000 -1.570796 0.000000 1.570796
    79 0.000000 0.000000 0.000000 -1.570796 0.000000 1.570796
    80 0.000001 0.000000 0.000000 -1.570796 0.000000 1.570796
    81 0.000001 0.000000 0.000000 -1.570796 0.000001 1.570796
    82 -0.000001 0.000000 0.000002 -1.570796 0.000001 1.570796
    83 0.000001 0.000000 0.000000 -1.570796 0.000000 1.570796
  time 55
    0 -0.315509 -12.383882 -9.027682 -4.092082 0.963318 -0.258768
    1 0.073573 17.526917 0.777220 0.000000 0.000001 0.000000
    2 -0.226386 1.442356 -0.608961 0.000000 -0.000001 0.000000
    3 -0.284276 5.654853 -0.722476 0.000000 0.000001 0.000000
    4 -0.045094 3.566423 0.891595 0.000000 -0.000001 0.000000
    5 -0.116185 1.807585 2.464996 0.349731 0.000002 0.000000
    6 0.000000 1.030615 0.000004 -3.089950 0.139825 -3.376804
    7 -0.000002 5.179932 -0.000037 -0.005704 -0.019016 0.000961
    8 -0.218267 25.777573 2.487072 2.710584 0.000002 0.000000
    9 0.000000 0.870350 0.000008 0.018995 0.049784 -0.327152
    10 0.000000 4.478401 0.000072 0.004751 0.028746 -0.004949
    11 3.216605 15.719567 6.854406 -1.901040 0.080298 0.229787
    12 4.640161 -24.492905 -5.876043 1.606047 -0.096387 2.130431
    13 -1.294654 1.473667 0.640471 2.361876 -0.514949 -2.105093
    14 0.000011 1.832554 0.000004 0.105672 -0.242335 -0.022342
    15 0.000000 1.003359 0.000001 0.156021 -0.012861 -0.172530
    16 -1.632739 4.327644 -0.483953 0.365920 0.282538 -0.018914
    17 -0.000010 1.637142 0.000010 1.001957 0.015772 -0.110368
    18 0.000007 1.100985 0.000004 0.016835 0.076947 -0.068142
    19 -0.500328 4.452953 -0.532495 0.396541 0.287798 0.017522
    20 -0.000010 1.442617 -0.000010 1.327527 0.029307 -0.036669
    21 -0.000003 1.302446 0.000004 0.004462 -0.041912 0.002947
    22 0.523221 4.540312 -0.480714 0.856087 0.290085 -0.284920
    23 -0.000001 1.198256 0.000008 0.732584 -0.133859 0.043114
    24 -0.000012 0.869780 0.000015 0.218278 0.063758 -0.018648
    25 1.354362 4.150681 -0.582655 0.848432 0.193448 -0.436427
    26 0.000000 1.157421 -0.000006 0.969721 -0.115779 0.002582
    27 0.000001 1.020055 0.000002 -0.120872 -0.015645 -0.025814
    28 5.003218 -8.070315 -8.112608 -2.403900 0.187331 0.295397
    29 0.000038 12.695422 -0.000004 -1.535318 0.469013 0.427060
    30 -3.418676 -10.638877 -7.821415 1.012436 -1.001140 2.820913
    31 -1.391397 1.476538 -0.700638 -1.757484 -1.119879 2.167452
    32 0.000002 1.751797 -0.000002 -0.382830 -0.196569 -0.169487
    33 0.000010 1.122969 0.000000 -0.357782 -0.049112 -0.094333
    34 -1.596883 4.441620 0.708540 1.365007 -1.150525 -1.273320
    35 -0.000008 1.481951 -0.000008 0.018943 -0.004043 1.246788
    36 0.000002 1.056648 -0.000004 -0.145240 -0.093310 0.961445
    37 -0.470901 4.219486 0.926555 -3.158809 -0.058414 -2.939043
    38 -0.000010 1.609821 0.000004 1.384805 0.015575 0.087176
    39 -0.000002 1.562311 0.000013 0.570246 0.025855 -0.031607
    40 0.576838 4.298388 0.639431 -2.731795 -0.062853 -2.944359
    41 0.000002 1.553762 -0.000008 1.106085 0.142086 0.010276
    42 0.000003 0.874434 -0.000006 0.740562 0.103092 0.207050
    43 1.459885 4.275572 0.219019 -2.271085 -0.186915 3.315616
    44 -0.000010 0.973051 -0.000004 1.316030 0.217351 0.114332
    45 0.000007 0.970890 0.000004 1.070705 0.084310 0.152695
    46 -7.008868 4.575658 -7.491495 -1.941418 0.923266 0.583172
    47 0.000011 12.706367 0.000010 -1.779525 0.280638 0.164651
    48 0.000000 0.000000 0.000000 1.570796 0.000000 1.570796
    49 -0.000006 1.500006 0.000000 1.570796 0.000000 1.570796
    50 0.000000 -0.299999 0.000000 -1.570796 0.000000 1.570796
    51 0.000000 0.000000 0.000000 0.000000 0.000000 1.570796
    52 0.000000 0.000000 0.000000 0.000000 0.000000 1.570796
    53 0.000000 0.000002 0.000001 0.000000 0.000000 1.919862
    54 0.000000 0.000000 0.000000 -1.570796 0.000000 1.570796
    55 0.000000 0.000000 0.000002 -1.570797 0.000000 1.570796
    56 -0.000002 -0.000002 0.000004 -1.570797 0.000001 1.570796
    57 0.000003 0.000000 0.000000 -1.570796 0.000000 1.570796
    58 0.000002 0.000003 0.000000 -1.570796 0.000000 1.570796
    59 0.000000 0.000000 0.000000 -1.570796 0.000000 1.570796
    60 -0.000001 0.000011 0.000000 -1.570796 0.000000 1.570796
    61 0.000000 0.000000 0.000000 -1.570796 -0.000001 1.570796
    62 0.000000 -0.000001 0.000000 -1.570796 0.000000 1.570796
    63 -0.000002 0.000002 -0.000002 -1.570796 0.000000 1.570796
    64 0.000000 0.000000 0.000000 -1.570797 0.000000 1.570796
    65 0.000000 0.000000 0.000000 -1.570797 0.000000 1.570796
    66 0.000000 0.000000 0.000000 1.570796 0.000000 1.570796
    67 0.000000 1.500000 0.000000 1.570796 0.000000 1.570796
    68 0.000000 0.300001 0.000000 1.570796 0.000000 1.570796
    69 -0.000011 0.000002 -0.000004 -3.141593 0.000001 1.570796
    70 0.000000 0.000000 0.000000 3.141593 0.000000 1.570796
    71 0.000001 0.000000 0.000000 -3.141593 0.000000 1.221730
    72 0.000000 0.000000 0.000000 3.141593 0.000000 1.570796
    73 0.000000 -0.000002 0.000000 3.141593 0.000000 1.570796
    74 0.000004 0.000000 0.000000 3.141593 0.000000 1.570797
    75 -0.000004 0.000000 0.000002 -1.570796 0.000000 1.570796
    76 0.000000 -0.000001 0.000008 -1.570796 0.000000 1.570796
    77 0.000001 0.000000 0.000000 -1.570796 0.000000 1.570796
    78 0.000001 0.000002 0.000000 -1.570796 0.000000 1.570796
    79 0.000000 0.000000 0.000000 -1.570796 0.000000 1.570796
    80 0.000001 0.000000 0.000000 -1.570796 0.000000 1.570796
    81 0.000001 0.000000 0.000000 -1.570796 0.000001 1.570796
    82 -0.000001 0.000000 0.000002 -1.570796 0.000001 1.570796
    83 0.000001 0.000000 0.000000 -1.570796 0.000000 1.570796
  time 56
    0 -0.229569 -12.411227 -9.019869 -4.092563 0.962311 -0.264602
    1 0.073573 17.526917 0.777220 0.000000 0.000001 0.000000
    2 -0.226386 1.454075 -0.608961 0.000000 -0.000001 0.000000
    3 -0.288183 5.678291 -0.734195 0.000000 0.000001 0.000000
    4 -0.045094 3.566423 0.891595 0.000000 -0.000001 0.000000
    5 -0.116185 1.807585 2.464996 0.349302 0.000002 0.000000
    6 0.000000 1.030615 0.000004 -3.090028 0.140868 -3.379071
    7 -0.000002 5.179932 -0.000037 -0.005655 -0.019052 0.000961
    8 -0.218267 25.777573 2.487072 2.710560 0.000002 0.000000
    9 0.000000 0.870350 0.000008 0.018971 0.050156 -0.330481
    10 0.000000 4.478401 0.000072 0.004734 0.029166 -0.004972
    11 3.247856 15.746912 6.854406 -1.901040 0.080298 0.229787
    12 4.655787 -24.547594 -5.852605 1.605580 -0.095512 2.124976
    13 -1.294654 1.473667 0.640471 2.361876 -0.514949 -2.105093
    14 0.000011 1.832554 0.000004 0.105684 -0.242335 -0.022342
    15 0.000000 1.003359 0.000001 0.156021 -0.012897 -0.172530
    16 -1.632739 4.327644 -0.483953 0.365920 0.282538 -0.018914
    17 -0.000010 1.637142 0.000010 1.001957 0.015772 -0.110368
    18 0.000007 1.100985 0.000004 0.016835 0.076947 -0.068142
    19 -0.500328 4.452953 -0.532495 0.396541 0.287798 0.017522
    20 -0.000010 1.442617 -0.000010 1.327527 0.029307 -0.036669
    21 -0.000003 1.302446 0.000004 0.004462 -0.041912 0.002947
    22 0.523221 4.540312 -0.480714 0.856087 0.290085 -0.284920
    23 -0.000001 1.198256 0.000008 0.732584 -0.133859 0.043090
    24 -0.000012 0.869780 0.000015 0.218278 0.063758 -0.018636
    25 1.354362 4.150681 -0.582655 0.848432 0.193448 -0.436427
    26 0.000000 1.157421 -0.000006 0.969721 -0.115779 0.002582
    27 0.000001 1.020055 0.000002 -0.120872 -0.015645 -0.025814
    28 5.003218 -8.070315 -8.112608 -2.407521 0.188654 0.295397
    29 0.000038 12.695422 -0.000004 -1.530344 0.466867 0.427060
    30 -3.317111 -10.654503 -7.813602 1.012621 -0.999838 2.814807
    31 -1.391397 1.476538 -0.700638 -1.757657 -1.119879 2.167452
    32 0.000002 1.751797 -0.000002 -0.382830 -0.196569 -0.169487
    33 0.000010 1.122969 0.000000 -0.357758 -0.049112 -0.094345
    34 -1.596883 4.441620 0.708540 1.365007 -1.150525 -1.273320
    35 -0.000008 1.481951 -0.000008 0.018943 -0.004043 1.246813
    36 0.000002 1.056648 -0.000004 -0.145240 -0.093310 0.961396
    37 -0.470901 4.219486 0.926555 -3.158809 -0.058390 -2.939043
    38 -0.000010 1.609821 0.000004 1.384805 0.015575 0.087176
    39 -0.000002 1.562311 0.000013 0.570154 0.025855 -0.031607
    40 0.576838 4.298388 0.639431 -2.731795 -0.062842 -2.944359
    41 0.000002 1.553762 -0.000008 1.106198 0.142086 0.010276
    42 0.000003 0.874434 -0.000006 0.740623 0.103092 0.207038
    43 1.459885 4.275572 0.219019 -2.271205 -0.186903 3.315616
    44 -0.000010 0.973051 -0.000004 1.316030 0.217351 0.114332
    45 0.000007 0.970890 0.000004 1.070625 0.084310 0.152695
    46 -7.008868 4.575658 -7.491495 -1.943597 0.924684 0.588627
    47 0.000011 12.706367 0.000010 -1.776984 0.280123 0.164735
    48 0.000000 0.000000 0.000000 1.570796 0.000000 1.570796
    49 -0.000006 1.500006 0.000000 1.570796 0.000000 1.570796
    50 0.000000 -0.299999 0.000000 -1.570796 0.000000 1.570796
    51 0.000000 0.000000 0.000000 0.000000 0.000000 1.570796
    52 0.000000 0.000000 0.000000 0.000000 0.000000 1.570796
    53 0.000000 0.000002 0.000001 0.000000 0.000000 1.919862
    54 0.000000 0.000000 0.000000 -1.570796 0.000000 1.570796
    55 0.000000 0.000000 0.000002 -1.570797 0.000000 1.570796
    56 -0.000002 -0.000002 0.000004 -1.570797 0.000001 1.570796
    57 0.000003 0.000000 0.000000 -1.570796 0.000000 1.570796
    58 0.000002 0.000003 0.000000 -1.570796 0.000000 1.570796
    59 0.000000 0.000000 0.000000 -1.570796 0.000000 1.570796
    60 -0.000001 0.000011 0.000000 -1.570796 0.000000 1.570796
    61 0.000000 0.000000 0.000000 -1.570796 -0.000001 1.570796
    62 0.000000 -0.000001 0.000000 -1.570796 0.000000 1.570796
    63 -0.000002 0.000002 -0.000002 -1.570796 0.000000 1.570796
    64 0.000000 0.000000 0.000000 -1.570797 0.000000 1.570796
    65 0.000000 0.000000 0.000000 -1.570797 0.000000 1.570796
    66 0.000000 0.000000 0.000000 1.570796 0.000000 1.570796
    67 0.000000 1.500000 0.000000 1.570796 0.000000 1.570796
    68 0.000000 0.300001 0.000000 1.570796 0.000000 1.570796
    69 -0.000011 0.000002 -0.000004 -3.141593 0.000001 1.570796
    70 0.000000 0.000000 0.000000 3.141593 0.000000 1.570796
    71 0.000001 0.000000 0.000000 -3.141593 0.000000 1.221730
    72 0.000000 0.000000 0.000000 3.141593 0.000000 1.570796
    73 0.000000 -0.000002 0.000000 3.141593 0.000000 1.570796
    74 0.000004 0.000000 0.000000 3.141593 0.000000 1.570797
    75 -0.000004 0.000000 0.000002 -1.570796 0.000000 1.570796
    76 0.000000 -0.000001 0.000008 -1.570796 0.000000 1.570796
    77 0.000001 0.000000 0.000000 -1.570796 0.000000 1.570796
    78 0.000001 0.000002 0.000000 -1.570796 0.000000 1.570796
    79 0.000000 0.000000 0.000000 -1.570796 0.000000 1.570796
    80 0.000001 0.000000 0.000000 -1.570796 0.000000 1.570796
    81 0.000001 0.000000 0.000000 -1.570796 0.000001 1.570796
    82 -0.000001 0.000000 0.000002 -1.570796 0.000001 1.570796
    83 0.000001 0.000000 0.000000 -1.570796 0.000000 1.570796
  time 57
    0 -0.147535 -12.434665 -9.008150 -4.092371 0.961304 -0.269622
    1 0.073573 17.526917 0.777220 0.000000 0.000001 0.000000
    2 -0.226386 1.454075 -0.608961 0.000000 -0.000001 0.000000
    3 -0.280370 5.670478 -0.738101 0.000000 0.000001 0.000000
    4 -0.045094 3.566423 0.891595 0.000000 -0.000001 0.000000
    5 -0.116185 1.807585 2.464996 0.349127 0.000002 0.000000
    6 0.000000 1.030615 0.000004 -3.090028 0.141802 -3.380755
    7 -0.000002 5.179932 -0.000037 -0.005655 -0.019064 0.000961
    8 -0.218267 25.777573 2.487072 2.710536 0.000002 0.000000
    9 0.000000 0.870350 0.000008 0.018935 0.050515 -0.333028
    10 0.000000 4.478401 0.000072 0.004734 0.029346 -0.005008
    11 3.271294 15.750818 6.866125 -1.901040 0.080298 0.229787
    12 4.671412 -24.571032 -5.829167 1.605035 -0.094887 2.119769
    13 -1.294654 1.473667 0.640471 2.361876 -0.514949 -2.105093
    14 0.000011 1.832554 0.000004 0.105672 -0.242335 -0.022342
    15 0.000000 1.003359 0.000001 0.156021 -0.012873 -0.172530
    16 -1.632739 4.327644 -0.483953 0.365920 0.282538 -0.018914
    17 -0.000010 1.637142 0.000010 1.001957 0.015772 -0.110368
    18 0.000007 1.100985 0.000004 0.016835 0.076947 -0.068142
    19 -0.500328 4.452953 -0.532495 0.396541 0.287798 0.017522
    20 -0.000010 1.442617 -0.000010 1.327527 0.029307 -0.036669
    21 -0.000003 1.302446 0.000004 0.004462 -0.041912 0.002947
    22 0.523221 4.540312 -0.480714 0.856087 0.290085 -0.284920
    23 -0.000001 1.198256 0.000008 0.732584 -0.133859 0.043090
    24 -0.000012 0.869780 0.000015 0.218278 0.063758 -0.018624
    25 1.354362 4.150681 -0.582655 0.848432 0.193448 -0.436427
    26 0.000000 1.157421 -0.000006 0.969721 -0.115779 0.002582
    27 0.000001 1.020055 0.000002 -0.120872 -0.015645 -0.025814
    28 5.003218 -8.070315 -8.112608 -2.410614 0.190176 0.295397
    29 0.000038 12.695422 -0.000004 -1.525438 0.464953 0.426969
    30 -3.223358 -10.658409 -7.801883 1.012436 -0.998919 2.810323
    31 -1.391397 1.476538 -0.700638 -1.757657 -1.119891 2.167452
    32 0.000002 1.751797 -0.000002 -0.382830 -0.196569 -0.169487
    33 0.000010 1.122969 0.000000 -0.357770 -0.049112 -0.094345
    34 -1.596883 4.441620 0.708540 1.365007 -1.150525 -1.273320
    35 -0.000008 1.481951 -0.000008 0.018943 -0.004043 1.246788
    36 0.000002 1.056648 -0.000004 -0.145240 -0.093310 0.961445
    37 -0.470901 4.219486 0.926555 -3.158796 -0.058390 -2.939043
    38 -0.000010 1.609821 0.000004 1.384824 0.015575 0.087176
    39 -0.000002 1.562311 0.000013 0.570001 0.025855 -0.031607
    40 0.576838 4.298388 0.639431 -2.731795 -0.062853 -2.944359
    41 0.000002 1.553762 -0.000008 1.106311 0.142086 0.010264
    42 0.000003 0.874434 -0.000006 0.740705 0.103092 0.207026
    43 1.459885 4.275572 0.219019 -2.271300 -0.186915 3.315616
    44 -0.000010 0.973051 -0.000004 1.316030 0.217351 0.114332
    45 0.000007 0.970890 0.000004 1.070525 0.084310 0.152695
    46 -7.008868 4.575658 -7.491495 -1.946011 0.925836 0.593656
    47 0.000011 12.706367 0.000010 -1.774057 0.279511 0.164735
    48 0.000000 0.000000 0.000000 1.570796 0.000000 1.570796
    49 -0.000006 1.500006 0.000000 1.570796 0.000000 1.570796
    50 0.000000 -0.299999 0.000000 -1.570796 0.000000 1.570796
    51 0.000000 0.000000 0.000000 0.000000 0.000000 1.570796
    52 0.000000 0.000000 0.000000 0.000000 0.000000 1.570796
    53 0.000000 0.000002 0.000001 0.000000 0.000000 1.919862
    54 0.000000 0.000000 0.000000 -1.570796 0.000000 1.570796
    55 0.000000 0.000000 0.000002 -1.570797 0.000000 1.570796
    56 -0.000002 -0.000002 0.000004 -1.570797 0.000001 1.570796
    57 0.000003 0.000000 0.000000 -1.570796 0.000000 1.570796
    58 0.000002 0.000003 0.000000 -1.570796 0.000000 1.570796
    59 0.000000 0.000000 0.000000 -1.570796 0.000000 1.570796
    60 -0.000001 0.000011 0.000000 -1.570796 0.000000 1.570796
    61 0.000000 0.000000 0.000000 -1.570796 -0.000001 1.570796
    62 0.000000 -0.000001 0.000000 -1.570796 0.000000 1.570796
    63 -0.000002 0.000002 -0.000002 -1.570796 0.000000 1.570796
    64 0.000000 0.000000 0.000000 -1.570797 0.000000 1.570796
    65 0.000000 0.000000 0.000000 -1.570797 0.000000 1.570796
    66 0.000000 0.000000 0.000000 1.570796 0.000000 1.570796
    67 0.000000 1.500000 0.000000 1.570796 0.000000 1.570796
    68 0.000000 0.300001 0.000000 1.570796 0.000000 1.570796
    69 -0.000011 0.000002 -0.000004 -3.141593 0.000001 1.570796
    70 0.000000 0.000000 0.000000 3.141593 0.000000 1.570796
    71 0.000001 0.000000 0.000000 -3.141593 0.000000 1.221730
    72 0.000000 0.000000 0.000000 3.141593 0.000000 1.570796
    73 0.000000 -0.000002 0.000000 3.141593 0.000000 1.570796
    74 0.000004 0.000000 0.000000 3.141593 0.000000 1.570797
    75 -0.000004 0.000000 0.000002 -1.570796 0.000000 1.570796
    76 0.000000 -0.000001 0.000008 -1.570796 0.000000 1.570796
    77 0.000001 0.000000 0.000000 -1.570796 0.000000 1.570796
    78 0.000001 0.000002 0.000000 -1.570796 0.000000 1.570796
    79 0.000000 0.000000 0.000000 -1.570796 0.000000 1.570796
    80 0.000001 0.000000 0.000000 -1.570796 0.000000 1.570796
    81 0.000001 0.000000 0.000000 -1.570796 0.000001 1.570796
    82 -0.000001 0.000000 0.000002 -1.570796 0.000001 1.570796
    83 0.000001 0.000000 0.000000 -1.570796 0.000000 1.570796
  time 58
    0 -0.073314 -12.458103 -8.996431 -4.091312 0.960643 -0.273827
    1 0.073573 17.526917 0.777220 0.000000 0.000001 0.000000
    2 -0.226386 1.446262 -0.608961 0.000000 -0.000001 0.000000
    3 -0.280370 5.666572 -0.734195 0.000000 0.000001 0.000000
    4 -0.045094 3.566423 0.891595 0.000000 -0.000001 0.000000
    5 -0.116185 1.807585 2.464996 0.349010 0.000002 0.000000
    6 0.000000 1.030615 0.000004 -3.090059 0.142426 -3.381684
    7 -0.000002 5.179932 -0.000037 -0.005655 -0.019075 0.000961
    8 -0.218267 25.777573 2.487072 2.710524 0.000002 0.000000
    9 0.000000 0.870350 0.000008 0.018923 0.050767 -0.334301
    10 0.000000 4.478401 0.000072 0.004734 0.029346 -0.005032
    11 3.298639 15.750818 6.862219 -1.901040 0.080298 0.229787
    12 4.679225 -24.641347 -5.821354 1.604101 -0.094887 2.114810
    13 -1.294654 1.473667 0.640471 2.361876 -0.514949 -2.105093
    14 0.000011 1.832554 0.000004 0.105672 -0.242335 -0.022342
    15 0.000000 1.003359 0.000001 0.156021 -0.012873 -0.172495
    16 -1.632739 4.327644 -0.483953 0.365920 0.282538 -0.018914
    17 -0.000010 1.637142 0.000010 1.001957 0.015784 -0.110368
    18 0.000007 1.100985 0.000004 0.016835 0.076947 -0.068142
    19 -0.500328 4.452953 -0.532495 0.396541 0.287798 0.017522
    20 -0.000010 1.442617 -0.000010 1.327527 0.029307 -0.036669
    21 -0.000003 1.302446 0.000004 0.004462 -0.041912 0.002911
    22 0.523221 4.540312 -0.480714 0.856087 0.290085 -0.284920
    23 -0.000001 1.198256 0.000008 0.732584 -0.133859 0.043078
    24 -0.000012 0.869780 0.000015 0.218278 0.063758 -0.018648
    25 1.354362 4.150681 -0.582655 0.848409 0.193448 -0.436427
    26 0.000000 1.157421 -0.000006 0.969721 -0.115779 0.002582
    27 0.000001 1.020055 0.000002 -0.120872 -0.015645 -0.025814
    28 5.003218 -8.070315 -8.112608 -2.413028 0.191135 0.295328
    29 0.000038 12.695422 -0.000004 -1.520873 0.463078 0.426747
    30 -3.133512 -10.658409 -7.790164 1.011139 -0.998536 2.805934
    31 -1.391397 1.476538 -0.700638 -1.757657 -1.119879 2.167452
    32 0.000002 1.751797 -0.000002 -0.382830 -0.196569 -0.169487
    33 0.000010 1.122969 0.000000 -0.357770 -0.049112 -0.094345
    34 -1.596883 4.441620 0.708540 1.365007 -1.150525 -1.273320
    35 -0.000008 1.481951 -0.000008 0.018943 -0.004043 1.246788
    36 0.000002 1.056648 -0.000004 -0.145240 -0.093310 0.961396
    37 -0.470901 4.219486 0.926555 -3.158809 -0.058390 -2.939043
    38 -0.000010 1.609821 0.000004 1.384805 0.015575 0.087176
    39 -0.000002 1.562311 0.000013 0.570001 0.025855 -0.031607
    40 0.576838 4.298388 0.639431 -2.731795 -0.062842 -2.944359
    41 0.000002 1.553762 -0.000008 1.106339 0.142074 0.010264
    42 0.000003 0.874434 -0.000006 0.740829 0.103104 0.207014
    43 1.459885 4.275572 0.219019 -2.271300 -0.186903 3.315616
    44 -0.000010 0.973051 -0.000004 1.316030 0.217351 0.114332
    45 0.000007 0.970890 0.000004 1.070425 0.084322 0.152683
    46 -7.008868 4.575658 -7.491495 -1.948190 0.926840 0.598173
    47 0.000011 12.706367 0.000010 -1.770899 0.279212 0.164806
    48 0.000000 0.000000 0.000000 1.570796 0.000000 1.570796
    49 -0.000006 1.500006 0.000000 1.570796 0.000000 1.570796
    50 0.000000 -0.299999 0.000000 -1.570796 0.000000 1.570796
    51 0.000000 0.000000 0.000000 0.000000 0.000000 1.570796
    52 0.000000 0.000000 0.000000 0.000000 0.000000 1.570796
    53 0.000000 0.000002 0.000001 0.000000 0.000000 1.919862
    54 0.000000 0.000000 0.000000 -1.570796 0.000000 1.570796
    55 0.000000 0.000000 0.000002 -1.570797 0.000000 1.570796
    56 -0.000002 -0.000002 0.000004 -1.570797 0.000001 1.570796
    57 0.000003 0.000000 0.000000 -1.570796 0.000000 1.570796
    58 0.000002 0.000003 0.000000 -1.570796 0.000000 1.570796
    59 0.000000 0.000000 0.000000 -1.570796 0.000000 1.570796
    60 -0.000001 0.000011 0.000000 -1.570796 0.000000 1.570796
    61 0.000000 0.000000 0.000000 -1.570796 -0.000001 1.570796
    62 0.000000 -0.000001 0.000000 -1.570796 0.000000 1.570796
    63 -0.000002 0.000002 -0.000002 -1.570796 0.000000 1.570796
    64 0.000000 0.000000 0.000000 -1.570797 0.000000 1.570796
    65 0.000000 0.000000 0.000000 -1.570797 0.000000 1.570796
    66 0.000000 0.000000 0.000000 1.570796 0.000000 1.570796
    67 0.000000 1.500000 0.000000 1.570796 0.000000 1.570796
    68 0.000000 0.300001 0.000000 1.570796 0.000000 1.570796
    69 -0.000011 0.000002 -0.000004 -3.141593 0.000001 1.570796
    70 0.000000 0.000000 0.000000 3.141593 0.000000 1.570796
    71 0.000001 0.000000 0.000000 -3.141593 0.000000 1.221730
    72 0.000000 0.000000 0.000000 3.141593 0.000000 1.570796
    73 0.000000 -0.000002 0.000000 3.141593 0.000000 1.570796
    74 0.000004 0.000000 0.000000 3.141593 0.000000 1.570797
    75 -0.000004 0.000000 0.000002 -1.570796 0.000000 1.570796
    76 0.000000 -0.000001 0.000008 -1.570796 0.000000 1.570796
    77 0.000001 0.000000 0.000000 -1.570796 0.000000 1.570796
    78 0.000001 0.000002 0.000000 -1.570796 0.000000 1.570796
    79 0.000000 0.000000 0.000000 -1.570796 0.000000 1.570796
    80 0.000001 0.000000 0.000000 -1.570796 0.000000 1.570796
    81 0.000001 0.000000 0.000000 -1.570796 0.000001 1.570796
    82 -0.000001 0.000000 0.000002 -1.570796 0.000001 1.570796
    83 0.000001 0.000000 0.000000 -1.570796 0.000000 1.570796
  time 59
    0 -0.002999 -12.477635 -8.984712 -4.089965 0.960045 -0.277287
    1 0.073573 17.526917 0.777220 0.000000 0.000001 0.000000
    2 -0.226386 1.446262 -0.608961 0.000000 -0.000001 0.000000
    3 -0.280370 5.658759 -0.734195 0.000000 0.000001 0.000000
    4 -0.045094 3.566423 0.891595 0.000000 -0.000001 0.000000
    5 -0.116185 1.807585 2.464996 0.349010 0.000002 0.000000
    6 0.000000 1.030615 0.000004 -3.090028 0.142557 -3.382046
    7 -0.000002 5.179932 -0.000037 -0.005655 -0.019099 0.000961
    8 -0.218267 25.777573 2.487072 2.710524 0.000002 0.000000
    9 0.000000 0.870350 0.000008 0.018923 0.050839 -0.334805
    10 0.000000 4.478401 0.000072 0.004734 0.029381 -0.005032
    11 3.318171 15.758631 6.862219 -1.901027 0.080298 0.229787
    12 4.690944 -24.680410 -5.813541 1.602856 -0.095012 2.110347
    13 -1.294654 1.473667 0.640471 2.361876 -0.514949 -2.105093
    14 0.000011 1.832554 0.000004 0.105672 -0.242335 -0.022342
    15 0.000000 1.003359 0.000001 0.156021 -0.012849 -0.172530
    16 -1.632739 4.327644 -0.483953 0.365920 0.282538 -0.018914
    17 -0.000010 1.637142 0.000010 1.001957 0.015772 -0.110368
    18 0.000007 1.100985 0.000004 0.016835 0.076947 -0.068142
    19 -0.500328 4.452953 -0.532495 0.396541 0.287798 0.017522
    20 -0.000010 1.442617 -0.000010 1.327527 0.029307 -0.036669
    21 -0.000003 1.302446 0.000004 0.004462 -0.041912 0.002947
    22 0.523221 4.540312 -0.480714 0.856087 0.290085 -0.284920
    23 -0.000001 1.198256 0.000008 0.732584 -0.133859 0.043114
    24 -0.000012 0.869780 0.000015 0.218278 0.063758 -0.018624
    25 1.354362 4.150681 -0.582655 0.848409 0.193448 -0.436427
    26 0.000000 1.157421 -0.000006 0.969721 -0.115779 0.002582
    27 0.000001 1.020055 0.000002 -0.120872 -0.015645 -0.025814
    28 5.003218 -8.070315 -8.112608 -2.415216 0.192260 0.295260
    29 0.000038 12.695422 -0.000004 -1.516853 0.461396 0.426708
    30 -3.051478 -10.674034 -7.778445 1.009564 -0.997694 2.802786
    31 -1.391397 1.476538 -0.700638 -1.757761 -1.119879 2.167452
    32 0.000002 1.751797 -0.000002 -0.382830 -0.196569 -0.169487
    33 0.000010 1.122969 0.000000 -0.357758 -0.049112 -0.094345
    34 -1.596883 4.441620 0.708540 1.365007 -1.150525 -1.273320
    35 -0.000008 1.481951 -0.000008 0.018943 -0.004043 1.246788
    36 0.000002 1.056648 -0.000004 -0.145240 -0.093310 0.961445
    37 -0.470901 4.219486 0.926555 -3.158809 -0.058390 -2.939043
    38 -0.000010 1.609821 0.000004 1.384805 0.015575 0.087176
    39 -0.000002 1.562311 0.000013 0.569909 0.025855 -0.031607
    40 0.576838 4.298388 0.639431 -2.731795 -0.062842 -2.944359
    41 0.000002 1.553762 -0.000008 1.106452 0.142062 0.010252
    42 0.000003 0.874434 -0.000006 0.740931 0.103104 0.206990
    43 1.459885 4.275572 0.219019 -2.271384 -0.186891 3.315616
    44 -0.000010 0.973051 -0.000004 1.316030 0.217351 0.114332
    45 0.000007 0.970890 0.000004 1.070325 0.084322 0.152683
    46 -7.008868 4.575658 -7.491495 -1.950487 0.927549 0.602435
    47 0.000011 12.706367 0.000010 -1.768666 0.278648 0.164890
    48 0.000000 0.000000 0.000000 1.570796 0.000000 1.570796
    49 -0.000006 1.500006 0.000000 1.570796 0.000000 1.570796
    50 0.000000 -0.299999 0.000000 -1.570796 0.000000 1.570796
    51 0.000000 0.000000 0.000000 0.000000 0.000000 1.570796
    52 0.000000 0.000000 0.000000 0.000000 0.000000 1.570796
    53 0.000000 0.000002 0.000001 0.000000 0.000000 1.919862
    54 0.000000 0.000000 0.000000 -1.570796 0.000000 1.570796
    55 0.000000 0.000000 0.000002 -1.570797 0.000000 1.570796
    56 -0.000002 -0.000002 0.000004 -1.570797 0.000001 1.570796
    57 0.000003 0.000000 0.000000 -1.570796 0.000000 1.570796
    58 0.000002 0.000003 0.000000 -1.570796 0.000000 1.570796
    59 0.000000 0.000000 0.000000 -1.570796 0.000000 1.570796
    60 -0.000001 0.000011 0.000000 -1.570796 0.000000 1.570796
    61 0.000000 0.000000 0.000000 -1.570796 -0.000001 1.570796
    62 0.000000 -0.000001 0.000000 -1.570796 0.000000 1.570796
    63 -0.000002 0.000002 -0.000002 -1.570796 0.000000 1.570796
    64 0.000000 0.000000 0.000000 -1.570797 0.000000 1.570796
    65 0.000000 0.000000 0.000000 -1.570797 0.000000 1.570796
    66 0.000000 0.000000 0.000000 1.570796 0.000000 1.570796
    67 0.000000 1.500000 0.000000 1.570796 0.000000 1.570796
    68 0.000000 0.300001 0.000000 1.570796 0.000000 1.570796
    69 -0.000011 0.000002 -0.000004 -3.141593 0.000001 1.570796
    70 0.000000 0.000000 0.000000 3.141593 0.000000 1.570796
    71 0.000001 0.000000 0.000000 -3.141593 0.000000 1.221730
    72 0.000000 0.000000 0.000000 3.141593 0.000000 1.570796
    73 0.000000 -0.000002 0.000000 3.141593 0.000000 1.570796
    74 0.000004 0.000000 0.000000 3.141593 0.000000 1.570797
    75 -0.000004 0.000000 0.000002 -1.570796 0.000000 1.570796
    76 0.000000 -0.000001 0.000008 -1.570796 0.000000 1.570796
    77 0.000001 0.000000 0.000000 -1.570796 0.000000 1.570796
    78 0.000001 0.000002 0.000000 -1.570796 0.000000 1.570796
    79 0.000000 0.000000 0.000000 -1.570796 0.000000 1.570796
    80 0.000001 0.000000 0.000000 -1.570796 0.000000 1.570796
    81 0.000001 0.000000 0.000000 -1.570796 0.000001 1.570796
    82 -0.000001 0.000000 0.000002 -1.570796 0.000001 1.570796
    83 0.000001 0.000000 0.000000 -1.570796 0.000000 1.570796
  time 60
    0 0.063409 -12.493261 -8.976899 -4.087912 0.959730 -0.280136
    1 0.073573 17.526917 0.777220 0.000000 0.000001 0.000000
    2 -0.226386 1.446262 -0.608961 0.000000 -0.000001 0.000000
    3 -0.268651 5.674384 -0.734195 0.000000 0.000001 0.000000
    4 -0.045094 3.566423 0.891595 0.000000 -0.000001 0.000000
    5 -0.116185 1.807585 2.464996 0.349010 0.000002 0.000000
    6 0.000000 1.030615 0.000004 -3.090028 0.142869 -3.382534
    7 -0.000002 5.179932 -0.000037 -0.005655 -0.019123 0.000961
    8 -0.218267 25.777573 2.487072 2.710536 0.000002 0.000000
    9 0.000000 0.870350 0.000008 0.018923 0.050911 -0.335349
    10 0.000000 4.478401 0.000072 0.004734 0.029417 -0.005044
    11 3.314264 15.758631 6.862219 -1.901040 0.080298 0.229787
    12 4.706570 -24.727287 -5.813541 1.601844 -0.095387 2.105966
    13 -1.294654 1.473667 0.640471 2.361876 -0.514949 -2.105076
    14 0.000011 1.832554 0.000004 0.105696 -0.242323 -0.022397
    15 0.000000 1.003359 0.000001 0.156021 -0.012837 -0.172530
    16 -1.632739 4.327644 -0.483953 0.365948 0.282526 -0.018914
    17 -0.000010 1.637142 0.000010 1.001957 0.015772 -0.110368
    18 0.000007 1.100985 0.000004 0.016835 0.076935 -0.068142
    19 -0.500328 4.452953 -0.532495 0.396541 0.287798 0.017522
    20 -0.000010 1.442617 -0.000010 1.327527 0.029307 -0.036669
    21 -0.000003 1.302446 0.000004 0.004462 -0.041912 0.002947
    22 0.523221 4.540312 -0.480714 0.856087 0.290097 -0.284920
    23 -0.000001 1.198256 0.000008 0.732623 -0.133919 0.043054
    24 -0.000012 0.869780 0.000015 0.218278 0.063758 -0.018648
    25 1.354362 4.150681 -0.582655 0.848409 0.193448 -0.436427
    26 0.000000 1.157421 -0.000006 0.969721 -0.115771 0.002576
    27 0.000001 1.020055 0.000002 -0.120881 -0.015651 -0.025764
    28 5.003218 -8.070315 -8.112608 -2.416725 0.193054 0.295123
    29 0.000038 12.695422 -0.000004 -1.512901 0.459811 0.426682
    30 -2.973350 -10.685754 -7.770632 1.007156 -0.997311 2.800019
    31 -1.391397 1.476538 -0.700638 -1.757484 -1.119867 2.167452
    32 0.000002 1.751797 -0.000002 -0.382830 -0.196569 -0.169487
    33 0.000010 1.122969 0.000000 -0.357734 -0.049112 -0.094345
    34 -1.596883 4.441620 0.708540 1.365007 -1.150510 -1.273380
    35 -0.000008 1.481951 -0.000008 0.018943 -0.004055 1.246788
    36 0.000002 1.056648 -0.000004 -0.145240 -0.093322 0.961396
    37 -0.470901 4.219486 0.926555 -3.158809 -0.058330 -2.939043
    38 -0.000010 1.609821 0.000004 1.384805 0.015575 0.087176
    39 -0.000002 1.562311 0.000013 0.569848 0.025855 -0.031607
    40 0.576838 4.298388 0.639431 -2.731759 -0.062746 -2.944335
    41 0.000002 1.553762 -0.000008 1.106537 0.142062 0.010252
    42 0.000003 0.874434 -0.000006 0.741014 0.103104 0.206966
    43 1.459885 4.275572 0.219019 -2.271504 -0.186915 3.315592
    44 -0.000010 0.973051 -0.000004 1.315920 0.217351 0.114332
    45 0.000007 0.970890 0.000004 1.070325 0.084334 0.152671
    46 -7.008868 4.575658 -7.491495 -1.952607 0.928110 0.606271
    47 0.000011 12.706367 0.000010 -1.766278 0.278421 0.164974
    48 0.000000 0.000000 0.000000 1.570796 0.000000 1.570796
    49 -0.000006 1.500006 0.000000 1.570796 0.000000 1.570796
    50 0.000000 -0.299999 0.000000 -1.570796 0.000000 1.570796
    51 0.000000 0.000000 0.000000 0.000000 0.000000 1.570796
    52 0.000000 0.000000 0.000000 0.000000 0.000000 1.570796
    53 0.000000 0.000002 0.000001 0.000000 0.000000 1.919862
    54 0.000000 0.000000 0.000000 -1.570796 0.000000 1.570796
    55 0.000000 0.000000 0.000002 -1.570797 0.000000 1.570796
    56 -0.000002 -0.000002 0.000004 -1.570797 0.000001 1.570796
    57 0.000003 0.000000 0.000000 -1.570796 0.000000 1.570796
    58 0.000002 0.000003 0.000000 -1.570796 0.000000 1.570796
    59 0.000000 0.000000 0.000000 -1.570796 0.000000 1.570796
    60 -0.000001 0.000011 0.000000 -1.570796 0.000000 1.570796
    61 0.000000 0.000000 0.000000 -1.570796 -0.000001 1.570796
    62 0.000000 -0.000001 0.000000 -1.570796 0.000000 1.570796
    63 -0.000002 0.000002 -0.000002 -1.570796 0.000000 1.570796
    64 0.000000 0.000000 0.000000 -1.570797 0.000000 1.570796
    65 0.000000 0.000000 0.000000 -1.570797 0.000000 1.570796
    66 0.000000 0.000000 0.000000 1.570796 0.000000 1.570796
    67 0.000000 1.500000 0.000000 1.570796 0.000000 1.570796
    68 0.000000 0.300001 0.000000 1.570796 0.000000 1.570796
    69 -0.000011 0.000002 -0.000004 -3.141593 0.000001 1.570796
    70 0.000000 0.000000 0.000000 3.141593 0.000000 1.570796
    71 0.000001 0.000000 0.000000 -3.141593 0.000000 1.221730
    72 0.000000 0.000000 0.000000 3.141593 0.000000 1.570796
    73 0.000000 -0.000002 0.000000 3.141593 0.000000 1.570796
    74 0.000004 0.000000 0.000000 3.141593 0.000000 1.570797
    75 -0.000004 0.000000 0.000002 -1.570796 0.000000 1.570796
    76 0.000000 -0.000001 0.000008 -1.570796 0.000000 1.570796
    77 0.000001 0.000000 0.000000 -1.570796 0.000000 1.570796
    78 0.000001 0.000002 0.000000 -1.570796 0.000000 1.570796
    79 0.000000 0.000000 0.000000 -1.570796 0.000000 1.570796
    80 0.000001 0.000000 0.000000 -1.570796 0.000000 1.570796
    81 0.000001 0.000000 0.000000 -1.570796 0.000001 1.570796
    82 -0.000001 0.000000 0.000002 -1.570796 0.000001 1.570796
    83 0.000001 0.000000 0.000000 -1.570796 0.000000 1.570796
  time 61
    0 0.125911 -12.508886 -8.965180 -4.085377 0.959321 -0.282306
    1 0.073573 17.526917 0.777220 0.000000 0.000001 0.000000
    2 -0.226386 1.434543 -0.608961 0.000000 -0.000001 0.000000
    3 -0.288183 5.650946 -0.734195 0.000000 0.000001 0.000000
    4 -0.045094 3.566423 0.891595 0.000000 -0.000001 0.000000
    5 -0.116185 1.807585 2.464996 0.349010 0.000002 0.000000
    6 0.000000 1.030615 0.000004 -3.090059 0.143145 -3.382833
    7 -0.000002 5.179932 -0.000037 -0.005639 -0.019147 0.000961
    8 -0.218267 25.777573 2.487072 2.710548 0.000002 0.000000
    9 0.000000 0.870350 0.000008 0.018923 0.050935 -0.335800
    10 0.000000 4.478401 0.000072 0.004734 0.029453 -0.005044
    11 3.318171 15.735192 6.850500 -1.901027 0.080298 0.229787
    12 4.710476 -24.766351 -5.821354 1.600599 -0.096137 2.101999
    13 -1.294654 1.473667 0.640471 2.361876 -0.514949 -2.105076
    14 0.000011 1.832554 0.000004 0.105696 -0.242323 -0.022370
    15 0.000000 1.003359 0.000001 0.156021 -0.012837 -0.172530
    16 -1.632739 4.327644 -0.483953 0.365948 0.282526 -0.018914
    17 -0.000010 1.637142 0.000010 1.001957 0.015772 -0.110368
    18 0.000007 1.100985 0.000004 0.016835 0.076935 -0.068142
    19 -0.500328 4.452953 -0.532495 0.396541 0.287798 0.017522
    20 -0.000010 1.442617 -0.000010 1.327527 0.029307 -0.036669
    21 -0.000003 1.302446 0.000004 0.004462 -0.041912 0.002947
    22 0.523221 4.540312 -0.480714 0.856087 0.290097 -0.284920
    23 -0.000001 1.198256 0.000008 0.732623 -0.133919 0.043066
    24 -0.000012 0.869780 0.000015 0.218278 0.063758 -0.018648
    25 1.354362 4.150681 -0.582655 0.848409 0.193448 -0.436427
    26 0.000000 1.157421 -0.000006 0.969721 -0.115771 0.002576
    27 0.000001 1.020055 0.000002 -0.120881 -0.015651 -0.025764
    28 5.003218 -8.070315 -8.112608 -2.418083 0.193616 0.295123
    29 0.000038 12.695422 -0.000004 -1.509426 0.458400 0.426447
    30 -2.899129 -10.689660 -7.770632 1.004840 -0.996775 2.798302
    31 -1.391397 1.476538 -0.700638 -1.757622 -1.119891 2.167452
    32 0.000002 1.751797 -0.000002 -0.382830 -0.196569 -0.169487
    33 0.000010 1.122969 0.000000 -0.357746 -0.049112 -0.094345
    34 -1.596883 4.441620 0.708540 1.365007 -1.150510 -1.273380
    35 -0.000008 1.481951 -0.000008 0.018943 -0.004055 1.246788
    36 0.000002 1.056648 -0.000004 -0.145240 -0.093322 0.961420
    37 -0.470901 4.219486 0.926555 -3.158796 -0.058330 -2.939043
    38 -0.000010 1.609821 0.000004 1.384824 0.015575 0.087176
    39 -0.000002 1.562311 0.000013 0.569664 0.025855 -0.031607
    40 0.576838 4.298388 0.639431 -2.731747 -0.062746 -2.944335
    41 0.000002 1.553762 -0.000008 1.106650 0.142050 0.010240
    42 0.000003 0.874434 -0.000006 0.741116 0.103115 0.206942
    43 1.459885 4.275572 0.219019 -2.271612 -0.186915 3.315616
    44 -0.000010 0.973051 -0.000004 1.315957 0.217351 0.114332
    45 0.000007 0.970890 0.000004 1.070165 0.084346 0.152671
    46 -7.008868 4.575658 -7.491495 -1.954727 0.928435 0.609680
    47 0.000011 12.706367 0.000010 -1.763274 0.277917 0.165190
    48 0.000000 0.000000 0.000000 1.570796 0.000000 1.570796
    49 -0.000006 1.500006 0.000000 1.570796 0.000000 1.570796
    50 0.000000 -0.299999 0.000000 -1.570796 0.000000 1.570796
    51 0.000000 0.000000 0.000000 0.000000 0.000000 1.570796
    52 0.000000 0.000000 0.000000 0.000000 0.000000 1.570796
    53 0.000000 0.000002 0.000001 0.000000 0.000000 1.919862
    54 0.000000 0.000000 0.000000 -1.570796 0.000000 1.570796
    55 0.000000 0.000000 0.000002 -1.570797 0.000000 1.570796
    56 -0.000002 -0.000002 0.000004 -1.570797 0.000001 1.570796
    57 0.000003 0.000000 0.000000 -1.570796 0.000000 1.570796
    58 0.000002 0.000003 0.000000 -1.570796 0.000000 1.570796
    59 0.000000 0.000000 0.000000 -1.570796 0.000000 1.570796
    60 -0.000001 0.000011 0.000000 -1.570796 0.000000 1.570796
    61 0.000000 0.000000 0.000000 -1.570796 -0.000001 1.570796
    62 0.000000 -0.000001 0.000000 -1.570796 0.000000 1.570796
    63 -0.000002 0.000002 -0.000002 -1.570796 0.000000 1.570796
    64 0.000000 0.000000 0.000000 -1.570797 0.000000 1.570796
    65 0.000000 0.000000 0.000000 -1.570797 0.000000 1.570796
    66 0.000000 0.000000 0.000000 1.570796 0.000000 1.570796
    67 0.000000 1.500000 0.000000 1.570796 0.000000 1.570796
    68 0.000000 0.300001 0.000000 1.570796 0.000000 1.570796
    69 -0.000011 0.000002 -0.000004 -3.141593 0.000001 1.570796
    70 0.000000 0.000000 0.000000 3.141593 0.000000 1.570796
    71 0.000001 0.000000 0.000000 -3.141593 0.000000 1.221730
    72 0.000000 0.000000 0.000000 3.141593 0.000000 1.570796
    73 0.000000 -0.000002 0.000000 3.141593 0.000000 1.570796
    74 0.000004 0.000000 0.000000 3.141593 0.000000 1.570797
    75 -0.000004 0.000000 0.000002 -1.570796 0.000000 1.570796
    76 0.000000 -0.000001 0.000008 -1.570796 0.000000 1.570796
    77 0.000001 0.000000 0.000000 -1.570796 0.000000 1.570796
    78 0.000001 0.000002 0.000000 -1.570796 0.000000 1.570796
    79 0.000000 0.000000 0.000000 -1.570796 0.000000 1.570796
    80 0.000001 0.000000 0.000000 -1.570796 0.000000 1.570796
    81 0.000001 0.000000 0.000000 -1.570796 0.000001 1.570796
    82 -0.000001 0.000000 0.000002 -1.570796 0.000001 1.570796
    83 0.000001 0.000000 0.000000 -1.570796 0.000000 1.570796
  time 62
    0 0.180600 -12.520605 -8.965180 -4.082458 0.959069 -0.283867
    1 0.073573 17.526917 0.777220 0.000000 0.000001 0.000000
    2 -0.226386 1.438450 -0.608961 0.000000 -0.000001 0.000000
    3 -0.288183 5.650946 -0.742007 0.000000 0.000001 0.000000
    4 -0.045094 3.566423 0.891595 0.000000 -0.000001 0.000000
    5 -0.116185 1.807585 2.464996 0.349049 0.000002 0.000000
    6 0.000000 1.030615 0.000004 -3.090059 0.143205 -3.383258
    7 -0.000002 5.179932 -0.000037 -0.005655 -0.019159 0.000961
    8 -0.218267 25.777573 2.487072 2.710560 0.000002 0.000000
    9 0.000000 0.870350 0.000008 0.018923 0.050935 -0.336211
    10 0.000000 4.478401 0.000072 0.004734 0.029489 -0.005056
    11 3.318171 15.746912 6.862219 -1.901027 0.080298 0.229787
    12 4.718289 -24.801508 -5.829167 1.599120 -0.097074 2.098032
    13 -1.294654 1.473667 0.640471 2.361876 -0.514949 -2.105076
    14 0.000011 1.832554 0.000004 0.105696 -0.242323 -0.022342
    15 0.000000 1.003359 0.000001 0.156021 -0.012813 -0.172530
    16 -1.632739 4.327644 -0.483953 0.365948 0.282526 -0.018914
    17 -0.000010 1.637142 0.000010 1.001957 0.015772 -0.110368
    18 0.000007 1.100985 0.000004 0.016835 0.076935 -0.068142
    19 -0.500328 4.452953 -0.532495 0.396541 0.287798 0.017522
    20 -0.000010 1.442617 -0.000010 1.327527 0.029307 -0.036669
    21 -0.000003 1.302446 0.000004 0.004462 -0.041912 0.002947
    22 0.523221 4.540312 -0.480714 0.856087 0.290097 -0.284920
    23 -0.000001 1.198256 0.000008 0.732623 -0.133919 0.043042
    24 -0.000012 0.869780 0.000015 0.218278 0.063758 -0.018648
    25 1.354362 4.150681 -0.582655 0.848432 0.193448 -0.436427
    26 0.000000 1.157421 -0.000006 0.969721 -0.115771 0.002576
    27 0.000001 1.020055 0.000002 -0.120881 -0.015651 -0.025764
    28 5.003218 -8.070315 -8.112608 -2.418988 0.194013 0.294986
    29 0.000038 12.695422 -0.000004 -1.505951 0.457066 0.426369
    30 -2.832721 -10.693566 -7.755007 1.001691 -0.996775 2.796489
    31 -1.391397 1.476538 -0.700638 -1.757588 -1.119879 2.167452
    32 0.000002 1.751797 -0.000002 -0.382830 -0.196569 -0.169487
    33 0.000010 1.122969 0.000000 -0.357758 -0.049112 -0.094345
    34 -1.596883 4.441620 0.708540 1.365007 -1.150510 -1.273380
    35 -0.000008 1.481951 -0.000008 0.018943 -0.004055 1.246788
    36 0.000002 1.056648 -0.000004 -0.145240 -0.093322 0.961396
    37 -0.470901 4.219486 0.926555 -3.158809 -0.058330 -2.939043
    38 -0.000010 1.609821 0.000004 1.384805 0.015575 0.087176
    39 -0.000002 1.562311 0.000013 0.569664 0.025855 -0.031607
    40 0.576838 4.298388 0.639431 -2.731759 -0.062746 -2.944335
    41 0.000002 1.553762 -0.000008 1.106763 0.142050 0.010240
    42 0.000003 0.874434 -0.000006 0.741198 0.103127 0.206906
    43 1.459885 4.275572 0.219019 -2.271804 -0.186915 3.315592
    44 -0.000010 0.973051 -0.000004 1.315848 0.217351 0.114332
    45 0.000007 0.970890 0.000004 1.070085 0.084346 0.152671
    46 -7.008868 4.575658 -7.491495 -1.956906 0.928553 0.612663
    47 0.000011 12.706367 0.000010 -1.762119 0.277750 0.165250
    48 0.000000 0.000000 0.000000 1.570796 0.000000 1.570796
    49 -0.000006 1.500006 0.000000 1.570796 0.000000 1.570796
    50 0.000000 -0.299999 0.000000 -1.570796 0.000000 1.570796
    51 0.000000 0.000000 0.000000 0.000000 0.000000 1.570796
    52 0.000000 0.000000 0.000000 0.000000 0.000000 1.570796
    53 0.000000 0.000002 0.000001 0.000000 0.000000 1.919862
    54 0.000000 0.000000 0.000000 -1.570796 0.000000 1.570796
    55 0.000000 0.000000 0.000002 -1.570797 0.000000 1.570796
    56 -0.000002 -0.000002 0.000004 -1.570797 0.000001 1.570796
    57 0.000003 0.000000 0.000000 -1.570796 0.000000 1.570796
    58 0.000002 0.000003 0.000000 -1.570796 0.000000 1.570796
    59 0.000000 0.000000 0.000000 -1.570796 0.000000 1.570796
    60 -0.000001 0.000011 0.000000 -1.570796 0.000000 1.570796
    61 0.000000 0.000000 0.000000 -1.570796 -0.000001 1.570796
    62 0.000000 -0.000001 0.000000 -1.570796 0.000000 1.570796
    63 -0.000002 0.000002 -0.000002 -1.570796 0.000000 1.570796
    64 0.000000 0.000000 0.000000 -1.570797 0.000000 1.570796
    65 0.000000 0.000000 0.000000 -1.570797 0.000000 1.570796
    66 0.000000 0.000000 0.000000 1.570796 0.000000 1.570796
    67 0.000000 1.500000 0.000000 1.570796 0.000000 1.570796
    68 0.000000 0.300001 0.000000 1.570796 0.000000 1.570796
    69 -0.000011 0.000002 -0.000004 -3.141593 0.000001 1.570796
    70 0.000000 0.000000 0.000000 3.141593 0.000000 1.570796
    71 0.000001 0.000000 0.000000 -3.141593 0.000000 1.221730
    72 0.000000 0.000000 0.000000 3.141593 0.000000 1.570796
    73 0.000000 -0.000002 0.000000 3.141593 0.000000 1.570796
    74 0.000004 0.000000 0.000000 3.141593 0.000000 1.570797
    75 -0.000004 0.000000 0.000002 -1.570796 0.000000 1.570796
    76 0.000000 -0.000001 0.000008 -1.570796 0.000000 1.570796
    77 0.000001 0.000000 0.000000 -1.570796 0.000000 1.570796
    78 0.000001 0.000002 0.000000 -1.570796 0.000000 1.570796
    79 0.000000 0.000000 0.000000 -1.570796 0.000000 1.570796
    80 0.000001 0.000000 0.000000 -1.570796 0.000000 1.570796
    81 0.000001 0.000000 0.000000 -1.570796 0.000001 1.570796
    82 -0.000001 0.000000 0.000002 -1.570796 0.000001 1.570796
    83 0.000001 0.000000 0.000000 -1.570796 0.000000 1.570796
  time 63
    0 0.231383 -12.532324 -8.957367 -4.079314 0.958786 -0.284952
    1 0.073573 17.526917 0.777220 0.000000 0.000001 0.000000
    2 -0.226386 1.446262 -0.608961 0.000000 -0.000001 0.000000
    3 -0.280370 5.666572 -0.742007 0.000000 0.000001 0.000000
    4 -0.045094 3.566423 0.891595 0.000000 -0.000001 0.000000
    5 -0.116185 1.807585 2.464996 0.349049 0.000002 0.000000
    6 0.000000 1.030615 0.000004 -3.090059 0.143396 -3.383557
    7 -0.000002 5.179932 -0.000037 -0.005655 -0.019183 0.000961
    8 -0.218267 25.777573 2.487072 2.710584 0.000002 0.000000
    9 0.000000 0.870350 0.000008 0.018935 0.050946 -0.336702
    10 0.000000 4.478401 0.000072 0.004734 0.029525 -0.005056
    11 3.325983 15.746912 6.854406 -1.901040 0.080298 0.229787
    12 4.722195 -24.832759 -5.844792 1.597641 -0.098199 2.094643
    13 -1.294654 1.473667 0.640471 2.361876 -0.514949 -2.105076
    14 0.000011 1.832554 0.000004 0.105708 -0.242323 -0.022342
    15 0.000000 1.003359 0.000001 0.156021 -0.012861 -0.172565
    16 -1.632739 4.327644 -0.483953 0.365948 0.282526 -0.018914
    17 -0.000010 1.637142 0.000010 1.001957 0.015772 -0.110368
    18 0.000007 1.100985 0.000004 0.016835 0.076935 -0.068142
    19 -0.500328 4.452953 -0.532495 0.396541 0.287798 0.017522
    20 -0.000010 1.442617 -0.000010 1.327527 0.029307 -0.036669
    21 -0.000003 1.302446 0.000004 0.004462 -0.041912 0.002923
    22 0.523221 4.540312 -0.480714 0.856087 0.290097 -0.284920
    23 -0.000001 1.198256 0.000008 0.732623 -0.133919 0.043066
    24 -0.000012 0.869780 0.000015 0.218278 0.063758 -0.018636
    25 1.354362 4.150681 -0.582655 0.848409 0.193448 -0.436427
    26 0.000000 1.157421 -0.000006 0.969721 -0.115771 0.002576
    27 0.000001 1.020055 0.000002 -0.120881 -0.015651 -0.025764
    28 5.003218 -8.070315 -8.112608 -2.419516 0.194443 0.294986
    29 0.000038 12.695422 -0.000004 -1.502953 0.455848 0.426356
    30 -2.774126 -10.693566 -7.747194 0.998356 -0.996545 2.796012
    31 -1.391397 1.476538 -0.700638 -1.757657 -1.119879 2.167452
    32 0.000002 1.751797 -0.000002 -0.382830 -0.196569 -0.169487
    33 0.000010 1.122969 0.000000 -0.357758 -0.049112 -0.094333
    34 -1.596883 4.441620 0.708540 1.365007 -1.150510 -1.273380
    35 -0.000008 1.481951 -0.000008 0.018943 -0.004055 1.246788
    36 0.000002 1.056648 -0.000004 -0.145240 -0.093322 0.961396
    37 -0.470901 4.219486 0.926555 -3.158809 -0.058330 -2.939043
    38 -0.000010 1.609821 0.000004 1.384824 0.015575 0.087176
    39 -0.000002 1.562311 0.000013 0.569511 0.025855 -0.031607
    40 0.576838 4.298388 0.639431 -2.731747 -0.062746 -2.944335
    41 0.000002 1.553762 -0.000008 1.106876 0.142038 0.010228
    42 0.000003 0.874434 -0.000006 0.741322 0.103151 0.206870
    43 1.459885 4.275572 0.219019 -2.271972 -0.186915 3.315616
    44 -0.000010 0.973051 -0.000004 1.315848 0.217351 0.114332
    45 0.000007 0.970890 0.000004 1.069985 0.084358 0.152659
    46 -7.008868 4.575658 -7.491495 -1.959026 0.928494 0.615306
    47 0.000011 12.706367 0.000010 -1.760348 0.277462 0.165310
    48 0.000000 0.000000 0.000000 1.570796 0.000000 1.570796
    49 -0.000006 1.500006 0.000000 1.570796 0.000000 1.570796
    50 0.000000 -0.299999 0.000000 -1.570796 0.000000 1.570796
    51 0.000000 0.000000 0.000000 0.000000 0.000000 1.570796
    52 0.000000 0.000000 0.000000 0.000000 0.000000 1.570796
    53 0.000000 0.000002 0.000001 0.000000 0.000000 1.919862
    54 0.000000 0.000000 0.000000 -1.570796 0.000000 1.570796
    55 0.000000 0.000000 0.000002 -1.570797 0.000000 1.570796
    56 -0.000002 -0.000002 0.000004 -1.570797 0.000001 1.570796
    57 0.000003 0.000000 0.000000 -1.570796 0.000000 1.570796
    58 0.000002 0.000003 0.000000 -1.570796 0.000000 1.570796
    59 0.000000 0.000000 0.000000 -1.570796 0.000000 1.570796
    60 -0.000001 0.000011 0.000000 -1.570796 0.000000 1.570796
    61 0.000000 0.000000 0.000000 -1.570796 -0.000001 1.570796
    62 0.000000 -0.000001 0.000000 -1.570796 0.000000 1.570796
    63 -0.000002 0.000002 -0.000002 -1.570796 0.000000 1.570796
    64 0.000000 0.000000 0.000000 -1.570797 0.000000 1.570796
    65 0.000000 0.000000 0.000000 -1.570797 0.000000 1.570796
    66 0.000000 0.000000 0.000000 1.570796 0.000000 1.570796
    67 0.000000 1.500000 0.000000 1.570796 0.000000 1.570796
    68 0.000000 0.300001 0.000000 1.570796 0.000000 1.570796
    69 -0.000011 0.000002 -0.000004 -3.141593 0.000001 1.570796
    70 0.000000 0.000000 0.000000 3.141593 0.000000 1.570796
    71 0.000001 0.000000 0.000000 -3.141593 0.000000 1.221730
    72 0.000000 0.000000 0.000000 3.141593 0.000000 1.570796
    73 0.000000 -0.000002 0.000000 3.141593 0.000000 1.570796
    74 0.000004 0.000000 0.000000 3.141593 0.000000 1.570797
    75 -0.000004 0.000000 0.000002 -1.570796 0.000000 1.570796
    76 0.000000 -0.000001 0.000008 -1.570796 0.000000 1.570796
    77 0.000001 0.000000 0.000000 -1.570796 0.000000 1.570796
    78 0.000001 0.000002 0.000000 -1.570796 0.000000 1.570796
    79 0.000000 0.000000 0.000000 -1.570796 0.000000 1.570796
    80 0.000001 0.000000 0.000000 -1.570796 0.000000 1.570796
    81 0.000001 0.000000 0.000000 -1.570796 0.000001 1.570796
    82 -0.000001 0.000000 0.000002 -1.570796 0.000001 1.570796
    83 0.000001 0.000000 0.000000 -1.570796 0.000000 1.570796
  time 64
    0 0.282166 -12.540137 -8.953461 -4.075914 0.958723 -0.285562
    1 0.073573 17.526917 0.777220 0.000000 0.000001 0.000000
    2 -0.226386 1.446262 -0.608961 0.000000 -0.000001 0.000000
    3 -0.284276 5.658759 -0.738101 0.000000 0.000001 0.000000
    4 -0.045094 3.566423 0.891595 0.000000 -0.000001 0.000000
    5 -0.116185 1.807585 2.464996 0.349127 0.000002 0.000000
    6 0.000000 1.030615 0.000004 -3.090090 0.143684 -3.383856
    7 -0.000002 5.179932 -0.000037 -0.005655 -0.019207 0.000961
    8 -0.218267 25.777573 2.487072 2.710584 0.000002 0.000000
    9 0.000000 0.870350 0.000008 0.018935 0.051006 -0.337060
    10 0.000000 4.478401 0.000072 0.004734 0.029561 -0.005068
    11 3.329890 15.746912 6.862219 -1.901027 0.080298 0.229787
    12 4.726101 -24.856197 -5.860418 1.596162 -0.099511 2.091337
    13 -1.294654 1.473667 0.640471 2.361876 -0.514949 -2.105076
    14 0.000011 1.832554 0.000004 0.105708 -0.242323 -0.022342
    15 0.000000 1.003359 0.000001 0.156033 -0.012861 -0.172530
    16 -1.632739 4.327644 -0.483953 0.365948 0.282526 -0.018914
    17 -0.000010 1.637142 0.000010 1.001957 0.015772 -0.110368
    18 0.000007 1.100985 0.000004 0.016835 0.076935 -0.068142
    19 -0.500328 4.452953 -0.532495 0.396541 0.287798 0.017522
    20 -0.000010 1.442617 -0.000010 1.327527 0.029307 -0.036669
    21 -0.000003 1.302446 0.000004 0.004462 -0.041912 0.002923
    22 0.523221 4.540312 -0.480714 0.856087 0.290097 -0.284920
    23 -0.000001 1.198256 0.000008 0.732623 -0.133919 0.043066
    24 -0.000012 0.869780 0.000015 0.218278 0.063758 -0.018648
    25 1.354362 4.150681 -0.582655 0.848409 0.193448 -0.436427
    26 0.000000 1.157421 -0.000006 0.969721 -0.115771 0.002576
    27 0.000001 1.020055 0.000002 -0.120881 -0.015651 -0.025764
    28 5.003218 -8.070315 -8.112608 -2.419818 0.194840 0.294849
    29 0.000038 12.695422 -0.000004 -1.500432 0.454746 0.426317
    30 -2.715530 -10.689660 -7.739381 0.994651 -0.996545 2.795726
    31 -1.391397 1.476538 -0.700638 -1.757657 -1.119879 2.167452
    32 0.000002 1.751797 -0.000002 -0.382830 -0.196569 -0.169487
    33 0.000010 1.122969 0.000000 -0.357746 -0.049112 -0.094345
    34 -1.596883 4.441620 0.708540 1.365007 -1.150510 -1.273380
    35 -0.000008 1.481951 -0.000008 0.018943 -0.004055 1.246788
    36 0.000002 1.056648 -0.000004 -0.145240 -0.093322 0.961396
    37 -0.470901 4.219486 0.926555 -3.158809 -0.058330 -2.939043
    38 -0.000010 1.609821 0.000004 1.384805 0.015575 0.087176
    39 -0.000002 1.562311 0.000013 0.569419 0.025855 -0.031607
    40 0.576838 4.298388 0.639431 -2.731747 -0.062710 -2.944335
    41 0.000002 1.553762 -0.000008 1.106989 0.142026 0.010216
    42 0.000003 0.874434 -0.000006 0.741424 0.103163 0.206834
    43 1.459885 4.275572 0.219019 -2.272079 -0.186903 3.315616
    44 -0.000010 0.973051 -0.000004 1.315739 0.217351 0.114332
    45 0.000007 0.970890 0.000004 1.069865 0.084358 0.152659
    46 -7.008868 4.575658 -7.491495 -1.961087 0.928199 0.617607
    47 0.000011 12.706367 0.000010 -1.758653 0.277054 0.165370
    48 0.000000 0.000000 0.000000 1.570796 0.000000 1.570796
    49 -0.000006 1.500006 0.000000 1.570796 0.000000 1.570796
    50 0.000000 -0.299999 0.000000 -1.570796 0.000000 1.570796
    51 0.000000 0.000000 0.000000 0.000000 0.000000 1.570796
    52 0.000000 0.000000 0.000000 0.000000 0.000000 1.570796
    53 0.000000 0.000002 0.000001 0.000000 0.000000 1.919862
    54 0.000000 0.000000 0.000000 -1.570796 0.000000 1.570796
    55 0.000000 0.000000 0.000002 -1.570797 0.000000 1.570796
    56 -0.000002 -0.000002 0.000004 -1.570797 0.000001 1.570796
    57 0.000003 0.000000 0.000000 -1.570796 0.000000 1.570796
    58 0.000002 0.000003 0.000000 -1.570796 0.000000 1.570796
    59 0.000000 0.000000 0.000000 -1.570796 0.000000 1.570796
    60 -0.000001 0.000011 0.000000 -1.570796 0.000000 1.570796
    61 0.000000 0.000000 0.000000 -1.570796 -0.000001 1.570796
    62 0.000000 -0.000001 0.000000 -1.570796 0.000000 1.570796
    63 -0.000002 0.000002 -0.000002 -1.570796 0.000000 1.570796
    64 0.000000 0.000000 0.000000 -1.570797 0.000000 1.570796
    65 0.000000 0.000000 0.000000 -1.570797 0.000000 1.570796
    66 0.000000 0.000000 0.000000 1.570796 0.000000 1.570796
    67 0.000000 1.500000 0.000000 1.570796 0.000000 1.570796
    68 0.000000 0.300001 0.000000 1.570796 0.000000 1.570796
    69 -0.000011 0.000002 -0.000004 -3.141593 0.000001 1.570796
    70 0.000000 0.000000 0.000000 3.141593 0.000000 1.570796
    71 0.000001 0.000000 0.000000 -3.141593 0.000000 1.221730
    72 0.000000 0.000000 0.000000 3.141593 0.000000 1.570796
    73 0.000000 -0.000002 0.000000 3.141593 0.000000 1.570796
    74 0.000004 0.000000 0.000000 3.141593 0.000000 1.570797
    75 -0.000004 0.000000 0.000002 -1.570796 0.000000 1.570796
    76 0.000000 -0.000001 0.000008 -1.570796 0.000000 1.570796
    77 0.000001 0.000000 0.000000 -1.570796 0.000000 1.570796
    78 0.000001 0.000002 0.000000 -1.570796 0.000000 1.570796
    79 0.000000 0.000000 0.000000 -1.570796 0.000000 1.570796
    80 0.000001 0.000000 0.000000 -1.570796 0.000000 1.570796
    81 0.000001 0.000000 0.000000 -1.570796 0.000001 1.570796
    82 -0.000001 0.000000 0.000002 -1.570796 0.000001 1.570796
    83 0.000001 0.000000 0.000000 -1.570796 0.000000 1.570796
  time 65
    0 0.321229 -12.547950 -8.949554 -4.072257 0.958597 -0.285698
    1 0.073573 17.526917 0.777220 0.000000 0.000001 0.000000
    2 -0.226386 1.442356 -0.608961 0.000000 -0.000001 0.000000
    3 -0.280370 5.650946 -0.738101 0.000000 0.000001 0.000000
    4 -0.045094 3.566423 0.891595 0.000000 -0.000001 0.000000
    5 -0.116185 1.807585 2.464996 0.349127 0.000002 0.000000
    6 0.000000 1.030615 0.000004 -3.090090 0.143924 -3.384281
    7 -0.000002 5.179932 -0.000037 -0.005655 -0.019219 0.000961
    8 -0.218267 25.777573 2.487072 2.710584 0.000002 0.000000
    9 0.000000 0.870350 0.000008 0.018935 0.051054 -0.337418
    10 0.000000 4.478401 0.000072 0.004734 0.029621 -0.005068
    11 3.333796 15.735192 6.854406 -1.901027 0.080298 0.229787
    12 4.726101 -24.895261 -5.876043 1.594450 -0.100761 2.088279
    13 -1.294654 1.473667 0.640471 2.361876 -0.514949 -2.105076
    14 0.000011 1.832554 0.000004 0.105708 -0.242323 -0.022342
    15 0.000000 1.003359 0.000001 0.156021 -0.012873 -0.172530
    16 -1.632739 4.327644 -0.483953 0.365948 0.282526 -0.018914
    17 -0.000010 1.637142 0.000010 1.001957 0.015772 -0.110368
    18 0.000007 1.100985 0.000004 0.016835 0.076935 -0.068142
    19 -0.500328 4.452953 -0.532495 0.396541 0.287798 0.017522
    20 -0.000010 1.442617 -0.000010 1.327527 0.029307 -0.036669
    21 -0.000003 1.302446 0.000004 0.004462 -0.041912 0.002947
    22 0.523221 4.540312 -0.480714 0.856087 0.290097 -0.284920
    23 -0.000001 1.198256 0.000008 0.732623 -0.133919 0.043066
    24 -0.000012 0.869780 0.000015 0.218278 0.063758 -0.018636
    25 1.354362 4.150681 -0.582655 0.848432 0.193448 -0.436427
    26 0.000000 1.157421 -0.000006 0.969721 -0.115771 0.002576
    27 0.000001 1.020055 0.000002 -0.120881 -0.015651 -0.025764
    28 5.003218 -8.070315 -8.112608 -2.420044 0.194840 0.294781
    29 0.000038 12.695422 -0.000004 -1.497979 0.453741 0.426239
    30 -2.664747 -10.693566 -7.739381 0.990853 -0.996545 2.795726
    31 -1.391397 1.476538 -0.700638 -1.757657 -1.119867 2.167452
    32 0.000002 1.751797 -0.000002 -0.382830 -0.196569 -0.169487
    33 0.000010 1.122969 0.000000 -0.357746 -0.049112 -0.094345
    34 -1.596883 4.441620 0.708540 1.365007 -1.150510 -1.273380
    35 -0.000008 1.481951 -0.000008 0.018943 -0.004055 1.246788
    36 0.000002 1.056648 -0.000004 -0.145240 -0.093322 0.961396
    37 -0.470901 4.219486 0.926555 -3.158809 -0.058330 -2.939043
    38 -0.000010 1.609821 0.000004 1.384824 0.015575 0.087176
    39 -0.000002 1.562311 0.000013 0.569266 0.025855 -0.031607
    40 0.576838 4.298388 0.639431 -2.731759 -0.062746 -2.944335
    41 0.000002 1.553762 -0.000008 1.107017 0.142014 0.010216
    42 0.000003 0.874434 -0.000006 0.741506 0.103187 0.206786
    43 1.459885 4.275572 0.219019 -2.272151 -0.186903 3.315616
    44 -0.000010 0.973051 -0.000004 1.315848 0.217351 0.114332
    45 0.000007 0.970890 0.000004 1.069745 0.084358 0.152647
    46 -7.008868 4.575658 -7.491495 -1.963207 0.927726 0.619482
    47 0.000011 12.706367 0.000010 -1.757344 0.276971 0.165406
    48 0.000000 0.000000 0.000000 1.570796 0.000000 1.570796
    49 -0.000006 1.500006 0.000000 1.570796 0.000000 1.570796
    50 0.000000 -0.299999 0.000000 -1.570796 0.000000 1.570796
    51 0.000000 0.000000 0.000000 0.000000 0.000000 1.570796
    52 0.000000 0.000000 0.000000 0.000000 0.000000 1.570796
    53 0.000000 0.000002 0.000001 0.000000 0.000000 1.919862
    54 0.000000 0.000000 0.000000 -1.570796 0.000000 1.570796
    55 0.000000 0.000000 0.000002 -1.570797 0.000000 1.570796
    56 -0.000002 -0.000002 0.000004 -1.570797 0.000001 1.570796
    57 0.000003 0.000000 0.000000 -1.570796 0.000000 1.570796
    58 0.000002 0.000003 0.000000 -1.570796 0.000000 1.570796
    59 0.000000 0.000000 0.000000 -1.570796 0.000000 1.570796
    60 -0.000001 0.000011 0.000000 -1.570796 0.000000 1.570796
    61 0.000000 0.000000 0.000000 -1.570796 -0.000001 1.570796
    62 0.000000 -0.000001 0.000000 -1.570796 0.000000 1.570796
    63 -0.000002 0.000002 -0.000002 -1.570796 0.000000 1.570796
    64 0.000000 0.000000 0.000000 -1.570797 0.000000 1.570796
    65 0.000000 0.000000 0.000000 -1.570797 0.000000 1.570796
    66 0.000000 0.000000 0.000000 1.570796 0.000000 1.570796
    67 0.000000 1.500000 0.000000 1.570796 0.000000 1.570796
    68 0.000000 0.300001 0.000000 1.570796 0.000000 1.570796
    69 -0.000011 0.000002 -0.000004 -3.141593 0.000001 1.570796
    70 0.000000 0.000000 0.000000 3.141593 0.000000 1.570796
    71 0.000001 0.000000 0.000000 -3.141593 0.000000 1.221730
    72 0.000000 0.000000 0.000000 3.141593 0.000000 1.570796
    73 0.000000 -0.000002 0.000000 3.141593 0.000000 1.570796
    74 0.000004 0.000000 0.000000 3.141593 0.000000 1.570797
    75 -0.000004 0.000000 0.000002 -1.570796 0.000000 1.570796
    76 0.000000 -0.000001 0.000008 -1.570796 0.000000 1.570796
    77 0.000001 0.000000 0.000000 -1.570796 0.000000 1.570796
    78 0.000001 0.000002 0.000000 -1.570796 0.000000 1.570796
    79 0.000000 0.000000 0.000000 -1.570796 0.000000 1.570796
    80 0.000001 0.000000 0.000000 -1.570796 0.000000 1.570796
    81 0.000001 0.000000 0.000000 -1.570796 0.000001 1.570796
    82 -0.000001 0.000000 0.000002 -1.570796 0.000001 1.570796
    83 0.000001 0.000000 0.000000 -1.570796 0.000000 1.570796
  time 66
    0 0.360293 -12.555763 -8.945648 -4.068407 0.958534 -0.285495
    1 0.073573 17.526917 0.777220 0.000000 0.000001 0.000000
    2 -0.226386 1.446262 -0.608961 0.000000 -0.000001 0.000000
    3 -0.280370 5.654853 -0.738101 0.000000 0.000001 0.000000
    4 -0.045094 3.566423 0.891595 0.000000 -0.000001 0.000000
    5 -0.116185 1.807585 2.464996 0.349107 0.000002 0.000000
    6 0.000000 1.030615 0.000004 -3.090090 0.143984 -3.384596
    7 -0.000002 5.179932 -0.000037 -0.005639 -0.019243 0.000961
    8 -0.218267 25.777573 2.487072 2.710584 0.000002 0.000000
    9 0.000000 0.870350 0.000008 0.018947 0.051102 -0.337763
    10 0.000000 4.478401 0.000072 0.004718 0.029705 -0.005080
    11 3.349422 15.743005 6.862219 -1.901040 0.080298 0.229787
    12 4.730008 -24.918699 -5.891669 1.592971 -0.102323 2.085469
    13 -1.294654 1.473667 0.640471 2.361876 -0.514949 -2.105076
    14 0.000011 1.832554 0.000004 0.105696 -0.242323 -0.022342
    15 0.000000 1.003359 0.000001 0.156021 -0.012849 -0.172530
    16 -1.632739 4.327644 -0.483953 0.365948 0.282526 -0.018914
    17 -0.000010 1.637142 0.000010 1.001957 0.015772 -0.110368
    18 0.000007 1.100985 0.000004 0.016835 0.076935 -0.068142
    19 -0.500328 4.452953 -0.532495 0.396541 0.287798 0.017522
    20 -0.000010 1.442617 -0.000010 1.327527 0.029307 -0.036669
    21 -0.000003 1.302446 0.000004 0.004462 -0.041912 0.002947
    22 0.523221 4.540312 -0.480714 0.856087 0.290097 -0.284920
    23 -0.000001 1.198256 0.000008 0.732623 -0.133919 0.043042
    24 -0.000012 0.869780 0.000015 0.218278 0.063758 -0.018624
    25 1.354362 4.150681 -0.582655 0.848409 0.193448 -0.436427
    26 0.000000 1.157421 -0.000006 0.969721 -0.115771 0.002576
    27 0.000001 1.020055 0.000002 -0.120881 -0.015651 -0.025764
    28 5.003218 -8.070315 -8.112608 -2.419667 0.195105 0.294644
    29 0.000038 12.695422 -0.000004 -1.495935 0.452871 0.426043
    30 -2.625684 -10.689660 -7.723756 0.986870 -0.996775 2.796203
    31 -1.391397 1.476538 -0.700638 -1.757657 -1.119879 2.167452
    32 0.000002 1.751797 -0.000002 -0.382830 -0.196569 -0.169487
    33 0.000010 1.122969 0.000000 -0.357746 -0.049112 -0.094357
    34 -1.596883 4.441620 0.708540 1.365007 -1.150510 -1.273380
    35 -0.000008 1.481951 -0.000008 0.018943 -0.004055 1.246788
    36 0.000002 1.056648 -0.000004 -0.145240 -0.093322 0.961396
    37 -0.470901 4.219486 0.926555 -3.158809 -0.058330 -2.939043
    38 -0.000010 1.609821 0.000004 1.384824 0.015575 0.087176
    39 -0.000002 1.562311 0.000013 0.569235 0.025855 -0.031619
    40 0.576838 4.298388 0.639431 -2.731759 -0.062746 -2.944335
    41 0.000002 1.553762 -0.000008 1.107130 0.142002 0.010204
    42 0.000003 0.874434 -0.000006 0.741630 0.103211 0.206702
    43 1.459885 4.275572 0.219019 -2.272307 -0.186903 3.315616
    44 -0.000010 0.973051 -0.000004 1.315848 0.217351 0.114332
    45 0.000007 0.970890 0.000004 1.069585 0.084370 0.152647
    46 -7.008868 4.575658 -7.491495 -1.965150 0.927047 0.621187
    47 0.000011 12.706367 0.000010 -1.755264 0.276767 0.165454
    48 0.000000 0.000000 0.000000 1.570796 0.000000 1.570796
    49 -0.000006 1.500006 0.000000 1.570796 0.000000 1.570796
    50 0.000000 -0.299999 0.000000 -1.570796 0.000000 1.570796
    51 0.000000 0.000000 0.000000 0.000000 0.000000 1.570796
    52 0.000000 0.000000 0.000000 0.000000 0.000000 1.570796
    53 0.000000 0.000002 0.000001 0.000000 0.000000 1.919862
    54 0.000000 0.000000 0.000000 -1.570796 0.000000 1.570796
    55 0.000000 0.000000 0.000002 -1.570797 0.000000 1.570796
    56 -0.000002 -0.000002 0.000004 -1.570797 0.000001 1.570796
    57 0.000003 0.000000 0.000000 -1.570796 0.000000 1.570796
    58 0.000002 0.000003 0.000000 -1.570796 0.000000 1.570796
    59 0.000000 0.000000 0.000000 -1.570796 0.000000 1.570796
    60 -0.000001 0.000011 0.000000 -1.570796 0.000000 1.570796
    61 0.000000 0.000000 0.000000 -1.570796 -0.000001 1.570796
    62 0.000000 -0.000001 0.000000 -1.570796 0.000000 1.570796
    63 -0.000002 0.000002 -0.000002 -1.570796 0.000000 1.570796
    64 0.000000 0.000000 0.000000 -1.570797 0.000000 1.570796
    65 0.000000 0.000000 0.000000 -1.570797 0.000000 1.570796
    66 0.000000 0.000000 0.000000 1.570796 0.000000 1.570796
    67 0.000000 1.500000 0.000000 1.570796 0.000000 1.570796
    68 0.000000 0.300001 0.000000 1.570796 0.000000 1.570796
    69 -0.000011 0.000002 -0.000004 -3.141593 0.000001 1.570796
    70 0.000000 0.000000 0.000000 3.141593 0.000000 1.570796
    71 0.000001 0.000000 0.000000 -3.141593 0.000000 1.221730
    72 0.000000 0.000000 0.000000 3.141593 0.000000 1.570796
    73 0.000000 -0.000002 0.000000 3.141593 0.000000 1.570796
    74 0.000004 0.000000 0.000000 3.141593 0.000000 1.570797
    75 -0.000004 0.000000 0.000002 -1.570796 0.000000 1.570796
    76 0.000000 -0.000001 0.000008 -1.570796 0.000000 1.570796
    77 0.000001 0.000000 0.000000 -1.570796 0.000000 1.570796
    78 0.000001 0.000002 0.000000 -1.570796 0.000000 1.570796
    79 0.000000 0.000000 0.000000 -1.570796 0.000000 1.570796
    80 0.000001 0.000000 0.000000 -1.570796 0.000000 1.570796
    81 0.000001 0.000000 0.000000 -1.570796 0.000001 1.570796
    82 -0.000001 0.000000 0.000002 -1.570796 0.000001 1.570796
    83 0.000001 0.000000 0.000000 -1.570796 0.000000 1.570796
  time 67
    0 0.395450 -12.559669 -8.945648 -4.064622 0.958408 -0.285020
    1 0.073573 17.526917 0.777220 0.000000 0.000001 0.000000
    2 -0.226386 1.442356 -0.608961 0.000000 -0.000001 0.000000
    3 -0.276464 5.666572 -0.742007 0.000000 0.000001 0.000000
    4 -0.045094 3.566423 0.891595 0.000000 -0.000001 0.000000
    5 -0.116185 1.807585 2.464996 0.349166 0.000002 0.000000
    6 0.000000 1.030615 0.000004 -3.090090 0.144115 -3.384832
    7 -0.000002 5.179932 -0.000037 -0.005639 -0.019255 0.000961
    8 -0.218267 25.777573 2.487072 2.710584 0.000002 0.000000
    9 0.000000 0.870350 0.000008 0.018959 0.051174 -0.338108
    10 0.000000 4.478401 0.000072 0.004718 0.029789 -0.005080
    11 3.341609 15.743005 6.842687 -1.901027 0.080298 0.229787
    12 4.726101 -24.930418 -5.915107 1.591103 -0.103760 2.083072
    13 -1.294654 1.473667 0.640471 2.361876 -0.514949 -2.105076
    14 0.000011 1.832554 0.000004 0.105696 -0.242323 -0.022397
    15 0.000000 1.003359 0.000001 0.156021 -0.012849 -0.172530
    16 -1.632739 4.327644 -0.483953 0.365948 0.282526 -0.018914
    17 -0.000010 1.637142 0.000010 1.001957 0.015772 -0.110368
    18 0.000007 1.100985 0.000004 0.016835 0.076935 -0.068142
    19 -0.500328 4.452953 -0.532495 0.396541 0.287798 0.017522
    20 -0.000010 1.442617 -0.000010 1.327527 0.029307 -0.036669
    21 -0.000003 1.302446 0.000004 0.004462 -0.041912 0.002947
    22 0.523221 4.540312 -0.480714 0.856087 0.290097 -0.284920
    23 -0.000001 1.198256 0.000008 0.732623 -0.133919 0.043054
    24 -0.000012 0.869780 0.000015 0.218278 0.063758 -0.018624
    25 1.354362 4.150681 -0.582655 0.848432 0.193448 -0.436427
    26 0.000000 1.157421 -0.000006 0.969721 -0.115771 0.002576
    27 0.000001 1.020055 0.000002 -0.120881 -0.015651 -0.025764
    28 5.003218 -8.070315 -8.112608 -2.419365 0.195138 0.294507
    29 0.000038 12.695422 -0.000004 -1.494027 0.452117 0.426004
    30 -2.578807 -10.693566 -7.715943 0.982887 -0.996928 2.797157
    31 -1.391397 1.476538 -0.700638 -1.757622 -1.119879 2.167452
    32 0.000002 1.751797 -0.000002 -0.382830 -0.196569 -0.169487
    33 0.000010 1.122969 0.000000 -0.357746 -0.049112 -0.094345
    34 -1.596883 4.441620 0.708540 1.365007 -1.150510 -1.273380
    35 -0.000008 1.481951 -0.000008 0.018943 -0.004055 1.246788
    36 0.000002 1.056648 -0.000004 -0.145240 -0.093322 0.961396
    37 -0.470901 4.219486 0.926555 -3.158796 -0.058330 -2.939043
    38 -0.000010 1.609821 0.000004 1.384862 0.015575 0.087176
    39 -0.000002 1.562311 0.000013 0.569082 0.025855 -0.031619
    40 0.576838 4.298388 0.639431 -2.731759 -0.062746 -2.944335
    41 0.000002 1.553762 -0.000008 1.107215 0.141990 0.010192
    42 0.000003 0.874434 -0.000006 0.741732 0.103235 0.206606
    43 1.459885 4.275572 0.219019 -2.272523 -0.186903 3.315616
    44 -0.000010 0.973051 -0.000004 1.315920 0.217351 0.114332
    45 0.000007 0.970890 0.000004 1.069445 0.084382 0.152635
    46 -7.008868 4.575658 -7.491495 -1.967212 0.926190 0.622380
    47 0.000011 12.706367 0.000010 -1.754725 0.276443 0.165490
    48 0.000000 0.000000 0.000000 1.570796 0.000000 1.570796
    49 -0.000006 1.500006 0.000000 1.570796 0.000000 1.570796
    50 0.000000 -0.299999 0.000000 -1.570796 0.000000 1.570796
    51 0.000000 0.000000 0.000000 0.000000 0.000000 1.570796
    52 0.000000 0.000000 0.000000 0.000000 0.000000 1.570796
    53 0.000000 0.000002 0.000001 0.000000 0.000000 1.919862
    54 0.000000 0.000000 0.000000 -1.570796 0.000000 1.570796
    55 0.000000 0.000000 0.000002 -1.570797 0.000000 1.570796
    56 -0.000002 -0.000002 0.000004 -1.570797 0.000001 1.570796
    57 0.000003 0.000000 0.000000 -1.570796 0.000000 1.570796
    58 0.000002 0.000003 0.000000 -1.570796 0.000000 1.570796
    59 0.000000 0.000000 0.000000 -1.570796 0.000000 1.570796
    60 -0.000001 0.000011 0.000000 -1.570796 0.000000 1.570796
    61 0.000000 0.000000 0.000000 -1.570796 -0.000001 1.570796
    62 0.000000 -0.000001 0.000000 -1.570796 0.000000 1.570796
    63 -0.000002 0.000002 -0.000002 -1.570796 0.000000 1.570796
    64 0.000000 0.000000 0.000000 -1.570797 0.000000 1.570796
    65 0.000000 0.000000 0.000000 -1.570797 0.000000 1.570796
    66 0.000000 0.000000 0.000000 1.570796 0.000000 1.570796
    67 0.000000 1.500000 0.000000 1.570796 0.000000 1.570796
    68 0.000000 0.300001 0.000000 1.570796 0.000000 1.570796
    69 -0.000011 0.000002 -0.000004 -3.141593 0.000001 1.570796
    70 0.000000 0.000000 0.000000 3.141593 0.000000 1.570796
    71 0.000001 0.000000 0.000000 -3.141593 0.000000 1.221730
    72 0.000000 0.000000 0.000000 3.141593 0.000000 1.570796
    73 0.000000 -0.000002 0.000000 3.141593 0.000000 1.570796
    74 0.000004 0.000000 0.000000 3.141593 0.000000 1.570797
    75 -0.000004 0.000000 0.000002 -1.570796 0.000000 1.570796
    76 0.000000 -0.000001 0.000008 -1.570796 0.000000 1.570796
    77 0.000001 0.000000 0.000000 -1.570796 0.000000 1.570796
    78 0.000001 0.000002 0.000000 -1.570796 0.000000 1.570796
    79 0.000000 0.000000 0.000000 -1.570796 0.000000 1.570796
    80 0.000001 0.000000 0.000000 -1.570796 0.000000 1.570796
    81 0.000001 0.000000 0.000000 -1.570796 0.000001 1.570796
    82 -0.000001 0.000000 0.000002 -1.570796 0.000001 1.570796
    83 0.000001 0.000000 0.000000 -1.570796 0.000000 1.570796
  time 68
    0 0.422795 -12.563575 -8.933929 -4.060740 0.958188 -0.284206
    1 0.073573 17.526917 0.777220 0.000000 0.000001 0.000000
    2 -0.226386 1.442356 -0.608961 0.000000 -0.000001 0.000000
    3 -0.288183 5.674384 -0.742007 0.000000 0.000001 0.000000
    4 -0.045094 3.566423 0.891595 0.000000 -0.000001 0.000000
    5 -0.116185 1.807585 2.464996 0.349185 0.000002 0.000000
    6 0.000000 1.030615 0.000004 -3.090090 0.144355 -3.385099
    7 -0.000002 5.179932 -0.000037 -0.005639 -0.019303 0.000961
    8 -0.218267 25.777573 2.487072 2.710595 0.000002 0.000000
    9 0.000000 0.870350 0.000008 0.018971 0.051282 -0.338413
    10 0.000000 4.478401 0.000072 0.004718 0.029801 -0.005080
    11 3.349422 15.750818 6.854406 -1.901040 0.080298 0.229787
    12 4.726101 -24.942137 -5.930732 1.589702 -0.105135 2.080923
    13 -1.294654 1.473667 0.640471 2.361876 -0.514949 -2.105076
    14 0.000011 1.832554 0.000004 0.105696 -0.242323 -0.022342
    15 0.000000 1.003359 0.000001 0.156021 -0.012813 -0.172530
    16 -1.632739 4.327644 -0.483953 0.365948 0.282526 -0.018914
    17 -0.000010 1.637142 0.000010 1.001957 0.015784 -0.110368
    18 0.000007 1.100985 0.000004 0.016835 0.076935 -0.068142
    19 -0.500328 4.452953 -0.532495 0.396541 0.287798 0.017522
    20 -0.000010 1.442617 -0.000010 1.327527 0.029307 -0.036669
    21 -0.000003 1.302446 0.000004 0.004462 -0.041912 0.002947
    22 0.523221 4.540312 -0.480714 0.856087 0.290097 -0.284920
    23 -0.000001 1.198256 0.000008 0.732623 -0.133919 0.043054
    24 -0.000012 0.869780 0.000015 0.218278 0.063758 -0.018648
    25 1.354362 4.150681 -0.582655 0.848409 0.193448 -0.436427
    26 0.000000 1.157421 -0.000006 0.969721 -0.115771 0.002576
    27 0.000001 1.020055 0.000002 -0.120881 -0.015651 -0.025764
    28 5.003218 -8.070315 -8.112608 -2.418837 0.195072 0.294370
    29 0.000038 12.695422 -0.000004 -1.492392 0.451421 0.426030
    30 -2.543650 -10.689660 -7.715943 0.978719 -0.996775 2.798111
    31 -1.391397 1.476538 -0.700638 -1.757622 -1.119879 2.167452
    32 0.000002 1.751797 -0.000002 -0.382830 -0.196569 -0.169487
    33 0.000010 1.122969 0.000000 -0.357758 -0.049112 -0.094333
    34 -1.596883 4.441620 0.708540 1.365007 -1.150510 -1.273380
    35 -0.000008 1.481951 -0.000008 0.018943 -0.004055 1.246788
    36 0.000002 1.056648 -0.000004 -0.145240 -0.093322 0.961396
    37 -0.470901 4.219486 0.926555 -3.158809 -0.058330 -2.939043
    38 -0.000010 1.609821 0.000004 1.384805 0.015575 0.087176
    39 -0.000002 1.562311 0.000013 0.568990 0.025855 -0.031619
    40 0.576838 4.298388 0.639431 -2.731759 -0.062746 -2.944335
    41 0.000002 1.553762 -0.000008 1.107328 0.141978 0.010180
    42 0.000003 0.874434 -0.000006 0.741815 0.103259 0.206558
    43 1.459885 4.275572 0.219019 -2.272739 -0.186915 3.315616
    44 -0.000010 0.973051 -0.000004 1.315848 0.217351 0.114332
    45 0.000007 0.970890 0.000004 1.069204 0.084382 0.152635
    46 -7.008868 4.575658 -7.491495 -1.969037 0.925127 0.623488
    47 0.000011 12.706367 0.000010 -1.753878 0.276299 0.165514
    48 0.000000 0.000000 0.000000 1.570796 0.000000 1.570796
    49 -0.000006 1.500006 0.000000 1.570796 0.000000 1.570796
    50 0.000000 -0.299999 0.000000 -1.570796 0.000000 1.570796
    51 0.000000 0.000000 0.000000 0.000000 0.000000 1.570796
    52 0.000000 0.000000 0.000000 0.000000 0.000000 1.570796
    53 0.000000 0.000002 0.000001 0.000000 0.000000 1.919862
    54 0.000000 0.000000 0.000000 -1.570796 0.000000 1.570796
    55 0.000000 0.000000 0.000002 -1.570797 0.000000 1.570796
    56 -0.000002 -0.000002 0.000004 -1.570797 0.000001 1.570796
    57 0.000003 0.000000 0.000000 -1.570796 0.000000 1.570796
    58 0.000002 0.000003 0.000000 -1.570796 0.000000 1.570796
    59 0.000000 0.000000 0.000000 -1.570796 0.000000 1.570796
    60 -0.000001 0.000011 0.000000 -1.570796 0.000000 1.570796
    61 0.000000 0.000000 0.000000 -1.570796 -0.000001 1.570796
    62 0.000000 -0.000001 0.000000 -1.570796 0.000000 1.570796
    63 -0.000002 0.000002 -0.000002 -1.570796 0.000000 1.570796
    64 0.000000 0.000000 0.000000 -1.570797 0.000000 1.570796
    65 0.000000 0.000000 0.000000 -1.570797 0.000000 1.570796
    66 0.000000 0.000000 0.000000 1.570796 0.000000 1.570796
    67 0.000000 1.500000 0.000000 1.570796 0.000000 1.570796
    68 0.000000 0.300001 0.000000 1.570796 0.000000 1.570796
    69 -0.000011 0.000002 -0.000004 -3.141593 0.000001 1.570796
    70 0.000000 0.000000 0.000000 3.141593 0.000000 1.570796
    71 0.000001 0.000000 0.000000 -3.141593 0.000000 1.221730
    72 0.000000 0.000000 0.000000 3.141593 0.000000 1.570796
    73 0.000000 -0.000002 0.000000 3.141593 0.000000 1.570796
    74 0.000004 0.000000 0.000000 3.141593 0.000000 1.570797
    75 -0.000004 0.000000 0.000002 -1.570796 0.000000 1.570796
    76 0.000000 -0.000001 0.000008 -1.570796 0.000000 1.570796
    77 0.000001 0.000000 0.000000 -1.570796 0.000000 1.570796
    78 0.000001 0.000002 0.000000 -1.570796 0.000000 1.570796
    79 0.000000 0.000000 0.000000 -1.570796 0.000000 1.570796
    80 0.000001 0.000000 0.000000 -1.570796 0.000000 1.570796
    81 0.000001 0.000000 0.000000 -1.570796 0.000001 1.570796
    82 -0.000001 0.000000 0.000002 -1.570796 0.000001 1.570796
    83 0.000001 0.000000 0.000000 -1.570796 0.000000 1.570796
  time 69
    0 0.450139 -12.567482 -8.933929 -4.057115 0.958062 -0.283256
    1 0.073573 17.526917 0.777220 0.000000 0.000001 0.000000
    2 -0.226386 1.446262 -0.608961 0.000000 -0.000001 0.000000
    3 -0.276464 5.666572 -0.726382 0.000000 0.000001 0.000000
    4 -0.045094 3.566423 0.891595 0.000000 -0.000001 0.000000
    5 -0.116185 1.807585 2.464996 0.349185 0.000002 0.000000
    6 0.000000 1.030615 0.000004 -3.090090 0.144619 -3.385383
    7 -0.000002 5.179932 -0.000037 -0.005655 -0.019363 0.000961
    8 -0.218267 25.777573 2.487072 2.710787 0.000002 0.000000
    9 0.000000 0.870350 0.000008 0.018971 0.051378 -0.338665
    10 0.000000 4.478401 0.000072 0.004718 0.029837 -0.005092
    11 3.349422 15.746912 6.858312 -1.901027 0.080298 0.229787
    12 4.722195 -24.973388 -5.958077 1.587912 -0.106572 2.079022
    13 -1.294654 1.473667 0.640471 2.361876 -0.514949 -2.105076
    14 0.000011 1.832554 0.000004 0.105696 -0.242323 -0.022342
    15 0.000000 1.003359 0.000001 0.156021 -0.012837 -0.172530
    16 -1.632739 4.327644 -0.483953 0.365948 0.282526 -0.018914
    17 -0.000010 1.637142 0.000010 1.001957 0.015772 -0.110368
    18 0.000007 1.100985 0.000004 0.016835 0.076935 -0.068142
    19 -0.500328 4.452953 -0.532495 0.396541 0.287798 0.017522
    20 -0.000010 1.442617 -0.000010 1.327527 0.029307 -0.036669
    21 -0.000003 1.302446 0.000004 0.004462 -0.041912 0.002911
    22 0.523221 4.540312 -0.480714 0.856087 0.290097 -0.284920
    23 -0.000001 1.198256 0.000008 0.732623 -0.133919 0.043054
    24 -0.000012 0.869780 0.000015 0.218278 0.063758 -0.018648
    25 1.354362 4.150681 -0.582655 0.848409 0.193448 -0.436427
    26 0.000000 1.157421 -0.000006 0.969721 -0.115771 0.002576
    27 0.000001 1.020055 0.000002 -0.120881 -0.015651 -0.025764
    28 5.003218 -8.070315 -8.112608 -2.418309 0.194840 0.294233
    29 0.000038 12.695422 -0.000004 -1.490893 0.450822 0.425978
    30 -2.512399 -10.689660 -7.708130 0.974921 -0.996698 2.799256
    31 -1.391397 1.476538 -0.700638 -1.757657 -1.119879 2.167452
    32 0.000002 1.751797 -0.000002 -0.382830 -0.196569 -0.169487
    33 0.000010 1.122969 0.000000 -0.357758 -0.049112 -0.094357
    34 -1.596883 4.441620 0.708540 1.365007 -1.150510 -1.273380
    35 -0.000008 1.481951 -0.000008 0.018943 -0.004055 1.246788
    36 0.000002 1.056648 -0.000004 -0.145240 -0.093322 0.961396
    37 -0.470901 4.219486 0.926555 -3.158809 -0.058330 -2.939043
    38 -0.000010 1.609821 0.000004 1.384805 0.015575 0.087176
    39 -0.000002 1.562311 0.000013 0.568745 0.025855 -0.031619
    40 0.576838 4.298388 0.639431 -2.731759 -0.062746 -2.944335
    41 0.000002 1.553762 -0.000008 1.107441 0.141966 0.010168
    42 0.000003 0.874434 -0.000006 0.741917 0.103283 0.206462
    43 1.459885 4.275572 0.219019 -2.272858 -0.186903 3.315616
    44 -0.000010 0.973051 -0.000004 1.315957 0.217351 0.114332
    45 0.000007 0.970890 0.000004 1.068964 0.084394 0.152623
    46 -7.008868 4.575658 -7.491495 -1.970686 0.923857 0.624085
    47 0.000011 12.706367 0.000010 -1.753262 0.276252 0.165514
    48 0.000000 0.000000 0.000000 1.570796 0.000000 1.570796
    49 -0.000006 1.500006 0.000000 1.570796 0.000000 1.570796
    50 0.000000 -0.299999 0.000000 -1.570796 0.000000 1.570796
    51 0.000000 0.000000 0.000000 0.000000 0.000000 1.570796
    52 0.000000 0.000000 0.000000 0.000000 0.000000 1.570796
    53 0.000000 0.000002 0.000001 0.000000 0.000000 1.919862
    54 0.000000 0.000000 0.000000 -1.570796 0.000000 1.570796
    55 0.000000 0.000000 0.000002 -1.570797 0.000000 1.570796
    56 -0.000002 -0.000002 0.000004 -1.570797 0.000001 1.570796
    57 0.000003 0.000000 0.000000 -1.570796 0.000000 1.570796
    58 0.000002 0.000003 0.000000 -1.570796 0.000000 1.570796
    59 0.000000 0.000000 0.000000 -1.570796 0.000000 1.570796
    60 -0.000001 0.000011 0.000000 -1.570796 0.000000 1.570796
    61 0.000000 0.000000 0.000000 -1.570796 -0.000001 1.570796
    62 0.000000 -0.000001 0.000000 -1.570796 0.000000 1.570796
    63 -0.000002 0.000002 -0.000002 -1.570796 0.000000 1.570796
    64 0.000000 0.000000 0.000000 -1.570797 0.000000 1.570796
    65 0.000000 0.000000 0.000000 -1.570797 0.000000 1.570796
    66 0.000000 0.000000 0.000000 1.570796 0.000000 1.570796
    67 0.000000 1.500000 0.000000 1.570796 0.000000 1.570796
    68 0.000000 0.300001 0.000000 1.570796 0.000000 1.570796
    69 -0.000011 0.000002 -0.000004 -3.141593 0.000001 1.570796
    70 0.000000 0.000000 0.000000 3.141593 0.000000 1.570796
    71 0.000001 0.000000 0.000000 -3.141593 0.000000 1.221730
    72 0.000000 0.000000 0.000000 3.141593 0.000000 1.570796
    73 0.000000 -0.000002 0.000000 3.141593 0.000000 1.570796
    74 0.000004 0.000000 0.000000 3.141593 0.000000 1.570797
    75 -0.000004 0.000000 0.000002 -1.570796 0.000000 1.570796
    76 0.000000 -0.000001 0.000008 -1.570796 0.000000 1.570796
    77 0.000001 0.000000 0.000000 -1.570796 0.000000 1.570796
    78 0.000001 0.000002 0.000000 -1.570796 0.000000 1.570796
    79 0.000000 0.000000 0.000000 -1.570796 0.000000 1.570796
    80 0.000001 0.000000 0.000000 -1.570796 0.000000 1.570796
    81 0.000001 0.000000 0.000000 -1.570796 0.000001 1.570796
    82 -0.000001 0.000000 0.000002 -1.570796 0.000001 1.570796
    83 0.000001 0.000000 0.000000 -1.570796 0.000000 1.570796
  time 70
    0 0.469671 -12.571388 -8.933929 -4.053522 0.957936 -0.282035
    1 0.073573 17.526917 0.777220 0.000000 0.000001 0.000000
    2 -0.226386 1.454075 -0.608961 0.000000 -0.000001 0.000000
    3 -0.276464 5.654853 -0.734195 0.000000 0.000001 0.000000
    4 -0.045094 3.566423 0.891595 0.000000 -0.000001 0.000000
    5 -0.116185 1.807585 2.464996 0.349302 0.000002 0.000000
    6 0.000000 1.030615 0.000004 -3.090059 0.144751 -3.385745
    7 -0.000002 5.179932 -0.000037 -0.005655 -0.019387 0.000961
    8 -0.218267 25.777573 2.487072 2.710787 0.000002 0.000000
    9 0.000000 0.870350 0.000008 0.018983 0.051414 -0.338917
    10 0.000000 4.478401 0.000072 0.004718 0.029849 -0.005092
    11 3.349422 15.739099 6.850500 -1.901040 0.080298 0.229787
    12 4.722195 -24.989014 -5.973702 1.586433 -0.107947 2.077369
    13 -1.294654 1.473667 0.640471 2.361876 -0.514949 -2.105076
    14 0.000011 1.832554 0.000004 0.105696 -0.242323 -0.022342
    15 0.000000 1.003359 0.000001 0.156021 -0.012813 -0.172530
    16 -1.632739 4.327644 -0.483953 0.365948 0.282526 -0.018914
    17 -0.000010 1.637142 0.000010 1.001957 0.015772 -0.110368
    18 0.000007 1.100985 0.000004 0.016835 0.076935 -0.068142
    19 -0.500328 4.452953 -0.532495 0.396541 0.287798 0.017522
    20 -0.000010 1.442617 -0.000010 1.327527 0.029307 -0.036669
    21 -0.000003 1.302446 0.000004 0.004462 -0.041912 0.002947
    22 0.523221 4.540312 -0.480714 0.856087 0.290097 -0.284920
    23 -0.000001 1.198256 0.000008 0.732623 -0.133919 0.043066
    24 -0.000012 0.869780 0.000015 0.218278 0.063758 -0.018648
    25 1.354362 4.150681 -0.582655 0.848409 0.193448 -0.436427
    26 0.000000 1.157421 -0.000006 0.969721 -0.115771 0.002576
    27 0.000001 1.020055 0.000002 -0.120881 -0.015651 -0.025764
    28 5.003218 -8.070315 -8.112608 -2.417781 0.194840 0.294028
    29 0.000038 12.695422 -0.000004 -1.489598 0.450300 0.425939
    30 -2.492867 -10.689660 -7.708130 0.970938 -0.996698 2.800973
    31 -1.391397 1.476538 -0.700638 -1.757553 -1.119891 2.167452
    32 0.000002 1.751797 -0.000002 -0.382830 -0.196569 -0.169487
    33 0.000010 1.122969 0.000000 -0.357746 -0.049112 -0.094333
    34 -1.596883 4.441620 0.708540 1.365007 -1.150510 -1.273380
    35 -0.000008 1.481951 -0.000008 0.018943 -0.004055 1.246788
    36 0.000002 1.056648 -0.000004 -0.145240 -0.093322 0.961396
    37 -0.470901 4.219486 0.926555 -3.158796 -0.058330 -2.939043
    38 -0.000010 1.609821 0.000004 1.384805 0.015575 0.087176
    39 -0.000002 1.562311 0.000013 0.568653 0.025855 -0.031619
    40 0.576838 4.298388 0.639431 -2.731747 -0.062746 -2.944335
    41 0.000002 1.553762 -0.000008 1.107554 0.141954 0.010156
    42 0.000003 0.874434 -0.000006 0.742040 0.103307 0.206414
    43 1.459885 4.275572 0.219019 -2.273026 -0.186903 3.315616
    44 -0.000010 0.973051 -0.000004 1.315920 0.217351 0.114332
    45 0.000007 0.970890 0.000004 1.068724 0.084406 0.152623
    46 -7.008868 4.575658 -7.491495 -1.972570 0.922380 0.624511
    47 0.000011 12.706367 0.000010 -1.752569 0.276216 0.165514
    48 0.000000 0.000000 0.000000 1.570796 0.000000 1.570796
    49 -0.000006 1.500006 0.000000 1.570796 0.000000 1.570796
    50 0.000000 -0.299999 0.000000 -1.570796 0.000000 1.570796
    51 0.000000 0.000000 0.000000 0.000000 0.000000 1.570796
    52 0.000000 0.000000 0.000000 0.000000 0.000000 1.570796
    53 0.000000 0.000002 0.000001 0.000000 0.000000 1.919862
    54 0.000000 0.000000 0.000000 -1.570796 0.000000 1.570796
    55 0.000000 0.000000 0.000002 -1.570797 0.000000 1.570796
    56 -0.000002 -0.000002 0.000004 -1.570797 0.000001 1.570796
    57 0.000003 0.000000 0.000000 -1.570796 0.000000 1.570796
    58 0.000002 0.000003 0.000000 -1.570796 0.000000 1.570796
    59 0.000000 0.000000 0.000000 -1.570796 0.000000 1.570796
    60 -0.000001 0.000011 0.000000 -1.570796 0.000000 1.570796
    61 0.000000 0.000000 0.000000 -1.570796 -0.000001 1.570796
    62 0.000000 -0.000001 0.000000 -1.570796 0.000000 1.570796
    63 -0.000002 0.000002 -0.000002 -1.570796 0.000000 1.570796
    64 0.000000 0.000000 0.000000 -1.570797 0.000000 1.570796
    65 0.000000 0.000000 0.000000 -1.570797 0.000000 1.570796
    66 0.000000 0.000000 0.000000 1.570796 0.000000 1.570796
    67 0.000000 1.500000 0.000000 1.570796 0.000000 1.570796
    68 0.000000 0.300001 0.000000 1.570796 0.000000 1.570796
    69 -0.000011 0.000002 -0.000004 -3.141593 0.000001 1.570796
    70 0.000000 0.000000 0.000000 3.141593 0.000000 1.570796
    71 0.000001 0.000000 0.000000 -3.141593 0.000000 1.221730
    72 0.000000 0.000000 0.000000 3.141593 0.000000 1.570796
    73 0.000000 -0.000002 0.000000 3.141593 0.000000 1.570796
    74 0.000004 0.000000 0.000000 3.141593 0.000000 1.570797
    75 -0.000004 0.000000 0.000002 -1.570796 0.000000 1.570796
    76 0.000000 -0.000001 0.000008 -1.570796 0.000000 1.570796
    77 0.000001 0.000000 0.000000 -1.570796 0.000000 1.570796
    78 0.000001 0.000002 0.000000 -1.570796 0.000000 1.570796
    79 0.000000 0.000000 0.000000 -1.570796 0.000000 1.570796
    80 0.000001 0.000000 0.000000 -1.570796 0.000000 1.570796
    81 0.000001 0.000000 0.000000 -1.570796 0.000001 1.570796
    82 -0.000001 0.000000 0.000002 -1.570796 0.000001 1.570796
    83 0.000001 0.000000 0.000000 -1.570796 0.000000 1.570796
  time 71
    0 0.489203 -12.571388 -8.933929 -4.050186 0.957590 -0.280814
    1 0.073573 17.526917 0.777220 0.000000 0.000001 0.000000
    2 -0.226386 1.446262 -0.608961 0.000000 -0.000001 0.000000
    3 -0.284276 5.654853 -0.742007 0.000000 0.000001 0.000000
    4 -0.045094 3.566423 0.891595 0.000000 -0.000001 0.000000
    5 -0.116185 1.807585 2.464996 0.349341 0.000002 0.000000
    6 0.000000 1.030615 0.000004 -3.090059 0.144918 -3.385918
    7 -0.000002 5.179932 -0.000037 -0.005655 -0.019519 0.000961
    8 -0.218267 25.777573 2.487072 2.710835 0.000002 0.000000
    9 0.000000 0.870350 0.000008 0.018995 0.051450 -0.339169
    10 0.000000 4.478401 0.000072 0.004718 0.029873 -0.005092
    11 3.361141 15.743005 6.866125 -1.901040 0.080298 0.229787
    12 4.718289 -25.004639 -5.989328 1.584721 -0.109134 2.076212
    13 -1.294654 1.473667 0.640471 2.361876 -0.514949 -2.105076
    14 0.000011 1.832554 0.000004 0.105696 -0.242323 -0.022342
    15 0.000000 1.003359 0.000001 0.156021 -0.012837 -0.172530
    16 -1.632739 4.327644 -0.483953 0.365948 0.282526 -0.018914
    17 -0.000010 1.637142 0.000010 1.001957 0.015784 -0.110368
    18 0.000007 1.100985 0.000004 0.016835 0.076935 -0.068142
    19 -0.500328 4.452953 -0.532495 0.396541 0.287798 0.017522
    20 -0.000010 1.442617 -0.000010 1.327527 0.029307 -0.036669
    21 -0.000003 1.302446 0.000004 0.004462 -0.041912 0.002947
    22 0.523221 4.540312 -0.480714 0.856087 0.290097 -0.284920
    23 -0.000001 1.198256 0.000008 0.732623 -0.133919 0.043054
    24 -0.000012 0.869780 0.000015 0.218278 0.063758 -0.018636
    25 1.354362 4.150681 -0.582655 0.848409 0.193448 -0.436427
    26 0.000000 1.157421 -0.000006 0.969721 -0.115771 0.002576
    27 0.000001 1.020055 0.000002 -0.120881 -0.015651 -0.025764
    28 5.003218 -8.070315 -8.112608 -2.417253 0.194675 0.293891
    29 0.000038 12.695422 -0.000004 -1.488508 0.449894 0.425900
    30 -2.469429 -10.685754 -7.696411 0.967418 -0.996698 2.802309
    31 -1.391397 1.476538 -0.700638 -1.757484 -1.119867 2.167452
    32 0.000002 1.751797 -0.000002 -0.382830 -0.196569 -0.169487
    33 0.000010 1.122969 0.000000 -0.357758 -0.049112 -0.094345
    34 -1.596883 4.441620 0.708540 1.365007 -1.150510 -1.273380
    35 -0.000008 1.481951 -0.000008 0.018943 -0.004055 1.246788
    36 0.000002 1.056648 -0.000004 -0.145240 -0.093322 0.961396
    37 -0.470901 4.219486 0.926555 -3.158809 -0.058330 -2.939043
    38 -0.000010 1.609821 0.000004 1.384805 0.015575 0.087176
    39 -0.000002 1.562311 0.000013 0.568500 0.025855 -0.031619
    40 0.576838 4.298388 0.639431 -2.731759 -0.062746 -2.944335
    41 0.000002 1.553762 -0.000008 1.107667 0.141942 0.010144
    42 0.000003 0.874434 -0.000006 0.742143 0.103379 0.206367
    43 1.459885 4.275572 0.219019 -2.273242 -0.186891 3.315616
    44 -0.000010 0.973051 -0.000004 1.315920 0.217351 0.114332
    45 0.000007 0.970890 0.000004 1.068464 0.084406 0.152611
    46 -7.008868 4.575658 -7.491495 -1.974219 0.920726 0.624596
    47 0.000011 12.706367 0.000010 -1.751336 0.276132 0.165514
    48 0.000000 0.000000 0.000000 1.570796 0.000000 1.570796
    49 -0.000006 1.500006 0.000000 1.570796 0.000000 1.570796
    50 0.000000 -0.299999 0.000000 -1.570796 0.000000 1.570796
    51 0.000000 0.000000 0.000000 0.000000 0.000000 1.570796
    52 0.000000 0.000000 0.000000 0.000000 0.000000 1.570796
    53 0.000000 0.000002 0.000001 0.000000 0.000000 1.919862
    54 0.000000 0.000000 0.000000 -1.570796 0.000000 1.570796
    55 0.000000 0.000000 0.000002 -1.570797 0.000000 1.570796
    56 -0.000002 -0.000002 0.000004 -1.570797 0.000001 1.570796
    57 0.000003 0.000000 0.000000 -1.570796 0.000000 1.570796
    58 0.000002 0.000003 0.000000 -1.570796 0.000000 1.570796
    59 0.000000 0.000000 0.000000 -1.570796 0.000000 1.570796
    60 -0.000001 0.000011 0.000000 -1.570796 0.000000 1.570796
    61 0.000000 0.000000 0.000000 -1.570796 -0.000001 1.570796
    62 0.000000 -0.000001 0.000000 -1.570796 0.000000 1.570796
    63 -0.000002 0.000002 -0.000002 -1.570796 0.000000 1.570796
    64 0.000000 0.000000 0.000000 -1.570797 0.000000 1.570796
    65 0.000000 0.000000 0.000000 -1.570797 0.000000 1.570796
    66 0.000000 0.000000 0.000000 1.570796 0.000000 1.570796
    67 0.000000 1.500000 0.000000 1.570796 0.000000 1.570796
    68 0.000000 0.300001 0.000000 1.570796 0.000000 1.570796
    69 -0.000011 0.000002 -0.000004 -3.141593 0.000001 1.570796
    70 0.000000 0.000000 0.000000 3.141593 0.000000 1.570796
    71 0.000001 0.000000 0.000000 -3.141593 0.000000 1.221730
    72 0.000000 0.000000 0.000000 3.141593 0.000000 1.570796
    73 0.000000 -0.000002 0.000000 3.141593 0.000000 1.570796
    74 0.000004 0.000000 0.000000 3.141593 0.000000 1.570797
    75 -0.000004 0.000000 0.000002 -1.570796 0.000000 1.570796
    76 0.000000 -0.000001 0.000008 -1.570796 0.000000 1.570796
    77 0.000001 0.000000 0.000000 -1.570796 0.000000 1.570796
    78 0.000001 0.000002 0.000000 -1.570796 0.000000 1.570796
    79 0.000000 0.000000 0.000000 -1.570796 0.000000 1.570796
    80 0.000001 0.000000 0.000000 -1.570796 0.000000 1.570796
    81 0.000001 0.000000 0.000000 -1.570796 0.000001 1.570796
    82 -0.000001 0.000000 0.000002 -1.570796 0.000001 1.570796
    83 0.000001 0.000000 0.000000 -1.570796 0.000000 1.570796
  time 72
    0 0.500922 -12.571388 -8.933929 -4.046978 0.957338 -0.279525
    1 0.073573 17.526917 0.777220 0.000000 0.000001 0.000000
    2 -0.226386 1.438450 -0.608961 0.000000 -0.000001 0.000000
    3 -0.288183 5.658759 -0.745914 0.000000 0.000001 0.000000
    4 -0.045094 3.566423 0.891595 0.000000 -0.000001 0.000000
    5 -0.116185 1.807585 2.464996 0.349380 0.000002 0.000000
    6 0.000000 1.030615 0.000004 -3.090028 0.145182 -3.386170
    7 -0.000002 5.179932 -0.000037 -0.005639 -0.019567 0.000961
    8 -0.218267 25.777573 2.487072 2.710835 0.000002 0.000000
    9 0.000000 0.870350 0.000008 0.019019 0.051486 -0.339368
    10 0.000000 4.478401 0.000072 0.004718 0.029885 -0.005104
    11 3.357234 15.735192 6.850500 -1.901027 0.080298 0.229787
    12 4.710476 -25.020265 -6.004953 1.583320 -0.110134 2.075220
    13 -1.294654 1.473667 0.640471 2.361876 -0.514949 -2.105076
    14 0.000011 1.832554 0.000004 0.105696 -0.242323 -0.022342
    15 0.000000 1.003359 0.000001 0.156021 -0.012861 -0.172530
    16 -1.632739 4.327644 -0.483953 0.365948 0.282526 -0.018914
    17 -0.000010 1.637142 0.000010 1.001957 0.015772 -0.110368
    18 0.000007 1.100985 0.000004 0.016835 0.076935 -0.068142
    19 -0.500328 4.452953 -0.532495 0.396541 0.287798 0.017522
    20 -0.000010 1.442617 -0.000010 1.327527 0.029307 -0.036669
    21 -0.000003 1.302446 0.000004 0.004462 -0.041912 0.002911
    22 0.523221 4.540312 -0.480714 0.856087 0.290097 -0.284920
    23 -0.000001 1.198256 0.000008 0.732623 -0.133919 0.043066
    24 -0.000012 0.869780 0.000015 0.218278 0.063758 -0.018636
    25 1.354362 4.150681 -0.582655 0.848409 0.193448 -0.436427
    26 0.000000 1.157421 -0.000006 0.969721 -0.115771 0.002576
    27 0.000001 1.020055 0.000002 -0.120881 -0.015651 -0.025764
    28 5.003218 -8.070315 -8.112608 -2.416725 0.194443 0.293686
    29 0.000038 12.695422 -0.000004 -1.487554 0.449546 0.425730
    30 -2.453803 -10.693566 -7.696411 0.964176 -0.996315 2.803549
    31 -1.391397 1.476538 -0.700638 -1.757622 -1.119879 2.167452
    32 0.000002 1.751797 -0.000002 -0.382830 -0.196569 -0.169487
    33 0.000010 1.122969 0.000000 -0.357746 -0.049112 -0.094345
    34 -1.596883 4.441620 0.708540 1.365007 -1.150510 -1.273380
    35 -0.000008 1.481951 -0.000008 0.018943 -0.004055 1.246788
    36 0.000002 1.056648 -0.000004 -0.145240 -0.093322 0.961371
    37 -0.470901 4.219486 0.926555 -3.158822 -0.058330 -2.939043
    38 -0.000010 1.609821 0.000004 1.384805 0.015575 0.087176
    39 -0.000002 1.562311 0.000013 0.568316 0.025855 -0.031619
    40 0.576838 4.298388 0.639431 -2.731747 -0.062746 -2.944335
    41 0.000002 1.553762 -0.000008 1.107780 0.141918 0.010132
    42 0.000003 0.874434 -0.000006 0.742225 0.103427 0.206343
    43 1.459885 4.275572 0.219019 -2.273530 -0.186903 3.315580
    44 -0.000010 0.973051 -0.000004 1.315920 0.217351 0.114332
    45 0.000007 0.970890 0.000004 1.068264 0.084430 0.152599
    46 -7.008868 4.575658 -7.491495 -1.975809 0.918865 0.624255
    47 0.000011 12.706367 0.000010 -1.750797 0.276072 0.165514
    48 0.000000 0.000000 0.000000 1.570796 0.000000 1.570796
    49 -0.000006 1.500006 0.000000 1.570796 0.000000 1.570796
    50 0.000000 -0.299999 0.000000 -1.570796 0.000000 1.570796
    51 0.000000 0.000000 0.000000 0.000000 0.000000 1.570796
    52 0.000000 0.000000 0.000000 0.000000 0.000000 1.570796
    53 0.000000 0.000002 0.000001 0.000000 0.000000 1.919862
    54 0.000000 0.000000 0.000000 -1.570796 0.000000 1.570796
    55 0.000000 0.000000 0.000002 -1.570797 0.000000 1.570796
    56 -0.000002 -0.000002 0.000004 -1.570797 0.000001 1.570796
    57 0.000003 0.000000 0.000000 -1.570796 0.000000 1.570796
    58 0.000002 0.000003 0.000000 -1.570796 0.000000 1.570796
    59 0.000000 0.000000 0.000000 -1.570796 0.000000 1.570796
    60 -0.000001 0.000011 0.000000 -1.570796 0.000000 1.570796
    61 0.000000 0.000000 0.000000 -1.570796 -0.000001 1.570796
    62 0.000000 -0.000001 0.000000 -1.570796 0.000000 1.570796
    63 -0.000002 0.000002 -0.000002 -1.570796 0.000000 1.570796
    64 0.000000 0.000000 0.000000 -1.570797 0.000000 1.570796
    65 0.000000 0.000000 0.000000 -1.570797 0.000000 1.570796
    66 0.000000 0.000000 0.000000 1.570796 0.000000 1.570796
    67 0.000000 1.500000 0.000000 1.570796 0.000000 1.570796
    68 0.000000 0.300001 0.000000 1.570796 0.000000 1.570796
    69 -0.000011 0.000002 -0.000004 -3.141593 0.000001 1.570796
    70 0.000000 0.000000 0.000000 3.141593 0.000000 1.570796
    71 0.000001 0.000000 0.000000 -3.141593 0.000000 1.221730
    72 0.000000 0.000000 0.000000 3.141593 0.000000 1.570796
    73 0.000000 -0.000002 0.000000 3.141593 0.000000 1.570796
    74 0.000004 0.000000 0.000000 3.141593 0.000000 1.570797
    75 -0.000004 0.000000 0.000002 -1.570796 0.000000 1.570796
    76 0.000000 -0.000001 0.000008 -1.570796 0.000000 1.570796
    77 0.000001 0.000000 0.000000 -1.570796 0.000000 1.570796
    78 0.000001 0.000002 0.000000 -1.570796 0.000000 1.570796
    79 0.000000 0.000000 0.000000 -1.570796 0.000000 1.570796
    80 0.000001 0.000000 0.000000 -1.570796 0.000000 1.570796
    81 0.000001 0.000000 0.000000 -1.570796 0.000001 1.570796
    82 -0.000001 0.000000 0.000002 -1.570796 0.000001 1.570796
    83 0.000001 0.000000 0.000000 -1.570796 0.000000 1.570796
  time 73
    0 0.512641 -12.571388 -8.933929 -4.044444 0.956866 -0.278169
    1 0.073573 17.526917 0.777220 0.000000 0.000001 0.000000
    2 -0.226386 1.446262 -0.608961 0.000000 -0.000001 0.000000
    3 -0.276464 5.654853 -0.738101 0.000000 0.000001 0.000000
    4 -0.045094 3.566423 0.891595 0.000000 -0.000001 0.000000
    5 -0.116185 1.807585 2.464996 0.349497 0.000002 0.000000
    6 0.000000 1.030615 0.000004 -3.089966 0.145446 -3.386343
    7 -0.000002 5.179932 -0.000037 -0.005655 -0.019615 0.000961
    8 -0.218267 25.777573 2.487072 2.710967 0.000002 0.000000
    9 0.000000 0.870350 0.000008 0.019031 0.051522 -0.339567
    10 0.000000 4.478401 0.000072 0.004684 0.029909 -0.005104
    11 3.361141 15.739099 6.873938 -1.901027 0.080298 0.229787
    12 4.706570 -25.028077 -6.020579 1.581841 -0.110821 2.074311
    13 -1.294654 1.473667 0.640471 2.361876 -0.514949 -2.105076
    14 0.000011 1.832554 0.000004 0.105696 -0.242323 -0.022342
    15 0.000000 1.003359 0.000001 0.156033 -0.012873 -0.172530
    16 -1.632739 4.327644 -0.483953 0.365948 0.282526 -0.018914
    17 -0.000010 1.637142 0.000010 1.001957 0.015772 -0.110368
    18 0.000007 1.100985 0.000004 0.016835 0.076935 -0.068142
    19 -0.500328 4.452953 -0.532495 0.396541 0.287798 0.017522
    20 -0.000010 1.442617 -0.000010 1.327527 0.029307 -0.036669
    21 -0.000003 1.302446 0.000004 0.004462 -0.041912 0.002947
    22 0.523221 4.540312 -0.480714 0.856087 0.290097 -0.284920
    23 -0.000001 1.198256 0.000008 0.732623 -0.133919 0.043042
    24 -0.000012 0.869780 0.000015 0.218278 0.063758 -0.018624
    25 1.354362 4.150681 -0.582655 0.848409 0.193448 -0.436427
    26 0.000000 1.157421 -0.000006 0.969721 -0.115771 0.002576
    27 0.000001 1.020055 0.000002 -0.120881 -0.015651 -0.025764
    28 5.003218 -8.070315 -8.112608 -2.416272 0.194311 0.293412
    29 0.000038 12.695422 -0.000004 -1.487009 0.449256 0.425691
    30 -2.445991 -10.689660 -7.692505 0.961212 -0.996315 2.805362
    31 -1.391397 1.476538 -0.700638 -1.757657 -1.119867 2.167365
    32 0.000002 1.751797 -0.000002 -0.382830 -0.196569 -0.169487
    33 0.000010 1.122969 0.000000 -0.357734 -0.049112 -0.094345
    34 -1.596883 4.441620 0.708540 1.365007 -1.150510 -1.273380
    35 -0.000008 1.481951 -0.000008 0.018943 -0.004055 1.246788
    36 0.000002 1.056648 -0.000004 -0.145240 -0.093322 0.961347
    37 -0.470901 4.219486 0.926555 -3.158809 -0.058330 -2.939043
    38 -0.000010 1.609821 0.000004 1.384805 0.015575 0.087176
    39 -0.000002 1.562311 0.000013 0.568224 0.025855 -0.031619
    40 0.576838 4.298388 0.639431 -2.731747 -0.062746 -2.944335
    41 0.000002 1.553762 -0.000008 1.107893 0.141906 0.010120
    42 0.000003 0.874434 -0.000006 0.742349 0.103439 0.206319
    43 1.459885 4.275572 0.219019 -2.273673 -0.186867 3.315580
    44 -0.000010 0.973051 -0.000004 1.315848 0.217351 0.114332
    45 0.000007 0.970890 0.000004 1.068164 0.084442 0.152587
    46 -7.008868 4.575658 -7.491495 -1.977341 0.916768 0.623829
    47 0.000011 12.706367 0.000010 -1.750720 0.276024 0.165514
    48 0.000000 0.000000 0.000000 1.570796 0.000000 1.570796
    49 -0.000006 1.500006 0.000000 1.570796 0.000000 1.570796
    50 0.000000 -0.299999 0.000000 -1.570796 0.000000 1.570796
    51 0.000000 0.000000 0.000000 0.000000 0.000000 1.570796
    52 0.000000 0.000000 0.000000 0.000000 0.000000 1.570796
    53 0.000000 0.000002 0.000001 0.000000 0.000000 1.919862
    54 0.000000 0.000000 0.000000 -1.570796 0.000000 1.570796
    55 0.000000 0.000000 0.000002 -1.570797 0.000000 1.570796
    56 -0.000002 -0.000002 0.000004 -1.570797 0.000001 1.570796
    57 0.000003 0.000000 0.000000 -1.570796 0.000000 1.570796
    58 0.000002 0.000003 0.000000 -1.570796 0.000000 1.570796
    59 0.000000 0.000000 0.000000 -1.570796 0.000000 1.570796
    60 -0.000001 0.000011 0.000000 -1.570796 0.000000 1.570796
    61 0.000000 0.000000 0.000000 -1.570796 -0.000001 1.570796
    62 0.000000 -0.000001 0.000000 -1.570796 0.000000 1.570796
    63 -0.000002 0.000002 -0.000002 -1.570796 0.000000 1.570796
    64 0.000000 0.000000 0.000000 -1.570797 0.000000 1.570796
    65 0.000000 0.000000 0.000000 -1.570797 0.000000 1.570796
    66 0.000000 0.000000 0.000000 1.570796 0.000000 1.570796
    67 0.000000 1.500000 0.000000 1.570796 0.000000 1.570796
    68 0.000000 0.300001 0.000000 1.570796 0.000000 1.570796
    69 -0.000011 0.000002 -0.000004 -3.141593 0.000001 1.570796
    70 0.000000 0.000000 0.000000 3.141593 0.000000 1.570796
    71 0.000001 0.000000 0.000000 -3.141593 0.000000 1.221730
    72 0.000000 0.000000 0.000000 3.141593 0.000000 1.570796
    73 0.000000 -0.000002 0.000000 3.141593 0.000000 1.570796
    74 0.000004 0.000000 0.000000 3.141593 0.000000 1.570797
    75 -0.000004 0.000000 0.000002 -1.570796 0.000000 1.570796
    76 0.000000 -0.000001 0.000008 -1.570796 0.000000 1.570796
    77 0.000001 0.000000 0.000000 -1.570796 0.000000 1.570796
    78 0.000001 0.000002 0.000000 -1.570796 0.000000 1.570796
    79 0.000000 0.000000 0.000000 -1.570796 0.000000 1.570796
    80 0.000001 0.000000 0.000000 -1.570796 0.000000 1.570796
    81 0.000001 0.000000 0.000000 -1.570796 0.000001 1.570796
    82 -0.000001 0.000000 0.000002 -1.570796 0.000001 1.570796
    83 0.000001 0.000000 0.000000 -1.570796 0.000000 1.570796
  time 74
    0 0.516548 -12.571388 -8.933929 -4.042102 0.956268 -0.276948
    1 0.073573 17.526917 0.777220 0.000000 0.000001 0.000000
    2 -0.226386 1.446262 -0.608961 0.000000 -0.000001 0.000000
    3 -0.272557 5.666572 -0.734195 0.000000 0.000001 0.000000
    4 -0.045094 3.566423 0.891595 0.000000 -0.000001 0.000000
    5 -0.116185 1.807585 2.464996 0.349536 0.000002 0.000000
    6 0.000000 1.030615 0.000004 -3.089950 0.145530 -3.386595
    7 -0.000002 5.179932 -0.000037 -0.005639 -0.019651 0.000961
    8 -0.218267 25.777573 2.487072 2.711015 0.000002 0.000000
    9 0.000000 0.870350 0.000008 0.019043 0.051546 -0.339766
    10 0.000000 4.478401 0.000072 0.004684 0.029921 -0.005104
    11 3.365047 15.735192 6.862219 -1.901040 0.080298 0.229787
    12 4.694850 -25.035890 -6.036204 1.580518 -0.111446 2.073815
    13 -1.294654 1.473667 0.640471 2.361876 -0.514949 -2.105076
    14 0.000011 1.832554 0.000004 0.105696 -0.242323 -0.022342
    15 0.000000 1.003359 0.000001 0.156021 -0.012837 -0.172530
    16 -1.632739 4.327644 -0.483953 0.365948 0.282526 -0.018914
    17 -0.000010 1.637142 0.000010 1.001957 0.015772 -0.110368
    18 0.000007 1.100985 0.000004 0.016835 0.076935 -0.068142
    19 -0.500328 4.452953 -0.532495 0.396541 0.287798 0.017522
    20 -0.000010 1.442617 -0.000010 1.327527 0.029307 -0.036669
    21 -0.000003 1.302446 0.000004 0.004462 -0.041912 0.002947
    22 0.523221 4.540312 -0.480714 0.856087 0.290097 -0.284920
    23 -0.000001 1.198256 0.000008 0.732623 -0.133919 0.043042
    24 -0.000012 0.869780 0.000015 0.218278 0.063758 -0.018624
    25 1.354362 4.150681 -0.582655 0.848409 0.193448 -0.436427
    26 0.000000 1.157421 -0.000006 0.969721 -0.115771 0.002576
    27 0.000001 1.020055 0.000002 -0.120881 -0.015651 -0.025764
    28 5.003218 -8.070315 -8.112608 -2.415895 0.194013 0.293275
    29 0.000038 12.695422 -0.000004 -1.486532 0.449082 0.425678
    30 -2.434271 -10.693566 -7.692505 0.958711 -0.995932 2.807079
    31 -1.391397 1.476538 -0.700638 -1.757657 -1.119891 2.167452
    32 0.000002 1.751797 -0.000002 -0.382830 -0.196569 -0.169487
    33 0.000010 1.122969 0.000000 -0.357758 -0.049112 -0.094345
    34 -1.596883 4.441620 0.708540 1.365007 -1.150510 -1.273380
    35 -0.000008 1.481951 -0.000008 0.018943 -0.004055 1.246788
    36 0.000002 1.056648 -0.000004 -0.145240 -0.093322 0.961371
    37 -0.470901 4.219486 0.926555 -3.158796 -0.058330 -2.939043
    38 -0.000010 1.609821 0.000004 1.384805 0.015575 0.087176
    39 -0.000002 1.562311 0.000013 0.567979 0.025855 -0.031619
    40 0.576838 4.298388 0.639431 -2.731759 -0.062746 -2.944323
    41 0.000002 1.553762 -0.000008 1.108006 0.141882 0.010120
    42 0.000003 0.874434 -0.000006 0.742451 0.103583 0.206271
    43 1.459885 4.275572 0.219019 -2.273901 -0.186879 3.315580
    44 -0.000010 0.973051 -0.000004 1.315775 0.217351 0.114332
    45 0.000007 0.970890 0.000004 1.067944 0.084454 0.152563
    46 -7.008868 4.575658 -7.491495 -1.978872 0.914523 0.623062
    47 0.000011 12.706367 0.000010 -1.750566 0.276000 0.165514
    48 0.000000 0.000000 0.000000 1.570796 0.000000 1.570796
    49 -0.000006 1.500006 0.000000 1.570796 0.000000 1.570796
    50 0.000000 -0.299999 0.000000 -1.570796 0.000000 1.570796
    51 0.000000 0.000000 0.000000 0.000000 0.000000 1.570796
    52 0.000000 0.000000 0.000000 0.000000 0.000000 1.570796
    53 0.000000 0.000002 0.000001 0.000000 0.000000 1.919862
    54 0.000000 0.000000 0.000000 -1.570796 0.000000 1.570796
    55 0.000000 0.000000 0.000002 -1.570797 0.000000 1.570796
    56 -0.000002 -0.000002 0.000004 -1.570797 0.000001 1.570796
    57 0.000003 0.000000 0.000000 -1.570796 0.000000 1.570796
    58 0.000002 0.000003 0.000000 -1.570796 0.000000 1.570796
    59 0.000000 0.000000 0.000000 -1.570796 0.000000 1.570796
    60 -0.000001 0.000011 0.000000 -1.570796 0.000000 1.570796
    61 0.000000 0.000000 0.000000 -1.570796 -0.000001 1.570796
    62 0.000000 -0.000001 0.000000 -1.570796 0.000000 1.570796
    63 -0.000002 0.000002 -0.000002 -1.570796 0.000000 1.570796
    64 0.000000 0.000000 0.000000 -1.570797 0.000000 1.570796
    65 0.000000 0.000000 0.000000 -1.570797 0.000000 1.570796
    66 0.000000 0.000000 0.000000 1.570796 0.000000 1.570796
    67 0.000000 1.500000 0.000000 1.570796 0.000000 1.570796
    68 0.000000 0.300001 0.000000 1.570796 0.000000 1.570796
    69 -0.000011 0.000002 -0.000004 -3.141593 0.000001 1.570796
    70 0.000000 0.000000 0.000000 3.141593 0.000000 1.570796
    71 0.000001 0.000000 0.000000 -3.141593 0.000000 1.221730
    72 0.000000 0.000000 0.000000 3.141593 0.000000 1.570796
    73 0.000000 -0.000002 0.000000 3.141593 0.000000 1.570796
    74 0.000004 0.000000 0.000000 3.141593 0.000000 1.570797
    75 -0.000004 0.000000 0.000002 -1.570796 0.000000 1.570796
    76 0.000000 -0.000001 0.000008 -1.570796 0.000000 1.570796
    77 0.000001 0.000000 0.000000 -1.570796 0.000000 1.570796
    78 0.000001 0.000002 0.000000 -1.570796 0.000000 1.570796
    79 0.000000 0.000000 0.000000 -1.570796 0.000000 1.570796
    80 0.000001 0.000000 0.000000 -1.570796 0.000000 1.570796
    81 0.000001 0.000000 0.000000 -1.570796 0.000001 1.570796
    82 -0.000001 0.000000 0.000002 -1.570796 0.000001 1.570796
    83 0.000001 0.000000 0.000000 -1.570796 0.000000 1.570796
  time 75
    0 0.516548 -12.571388 -8.933929 -4.040273 0.955607 -0.275794
    1 0.073573 17.526917 0.777220 0.000000 0.000001 0.000000
    2 -0.226386 1.442356 -0.608961 0.000000 -0.000001 0.000000
    3 -0.288183 5.658759 -0.742007 0.000000 0.000001 0.000000
    4 -0.045094 3.566423 0.891595 0.000000 -0.000001 0.000000
    5 -0.116185 1.807585 2.464996 0.349614 0.000002 0.000000
    6 0.000000 1.030615 0.000004 -3.089935 0.145685 -3.386721
    7 -0.000002 5.179932 -0.000037 -0.005704 -0.019687 0.000961
    8 -0.218267 25.777573 2.487072 2.711075 0.000002 0.000000
    9 0.000000 0.870350 0.000008 0.019055 0.051570 -0.339885
    10 0.000000 4.478401 0.000072 0.004684 0.029933 -0.005104
    11 3.368953 15.719567 6.854406 -1.901040 0.080298 0.229787
    12 4.690944 -25.039796 -6.036204 1.579506 -0.111696 2.073815
    13 -1.294654 1.473667 0.640471 2.361876 -0.514949 -2.105076
    14 0.000011 1.832554 0.000004 0.105708 -0.242323 -0.022342
    15 0.000000 1.003359 0.000001 0.156021 -0.012885 -0.172530
    16 -1.632739 4.327644 -0.483953 0.365948 0.282526 -0.018914
    17 -0.000010 1.637142 0.000010 1.001957 0.015772 -0.110368
    18 0.000007 1.100985 0.000004 0.016835 0.076935 -0.068142
    19 -0.500328 4.452953 -0.532495 0.396541 0.287798 0.017522
    20 -0.000010 1.442617 -0.000010 1.327527 0.029307 -0.036669
    21 -0.000003 1.302446 0.000004 0.004462 -0.041912 0.002947
    22 0.523221 4.540312 -0.480714 0.856087 0.290097 -0.284920
    23 -0.000001 1.198256 0.000008 0.732623 -0.133919 0.043042
    24 -0.000012 0.869780 0.000015 0.218278 0.063758 -0.018636
    25 1.354362 4.150681 -0.582655 0.848432 0.193448 -0.436427
    26 0.000000 1.157421 -0.000006 0.969721 -0.115771 0.002576
    27 0.000001 1.020055 0.000002 -0.120881 -0.015651 -0.025764
    28 5.003218 -8.070315 -8.112608 -2.415593 0.193980 0.292933
    29 0.000038 12.695422 -0.000004 -1.486396 0.448966 0.425691
    30 -2.434271 -10.693566 -7.692505 0.956766 -0.995396 2.808224
    31 -1.391397 1.476538 -0.700638 -1.757484 -1.119867 2.167452
    32 0.000002 1.751797 -0.000002 -0.382830 -0.196569 -0.169487
    33 0.000010 1.122969 0.000000 -0.357758 -0.049112 -0.094333
    34 -1.596883 4.441620 0.708540 1.365007 -1.150510 -1.273380
    35 -0.000008 1.481951 -0.000008 0.018943 -0.004055 1.246788
    36 0.000002 1.056648 -0.000004 -0.145240 -0.093322 0.961396
    37 -0.470901 4.219486 0.926555 -3.158809 -0.058330 -2.939043
    38 -0.000010 1.609821 0.000004 1.384824 0.015575 0.087176
    39 -0.000002 1.562311 0.000013 0.567734 0.025855 -0.031619
    40 0.576838 4.298388 0.639431 -2.731747 -0.062746 -2.944335
    41 0.000002 1.553762 -0.000008 1.108119 0.141870 0.010120
    42 0.000003 0.874434 -0.000006 0.742533 0.103619 0.206235
    43 1.459885 4.275572 0.219019 -2.274261 -0.186891 3.315580
    44 -0.000010 0.973051 -0.000004 1.315920 0.217351 0.114332
    45 0.000007 0.970890 0.000004 1.067764 0.084466 0.152551
    46 -7.008868 4.575658 -7.491495 -1.980167 0.912042 0.622039
    47 0.000011 12.706367 0.000010 -1.750566 0.276000 0.165514
    48 0.000000 0.000000 0.000000 1.570796 0.000000 1.570796
    49 -0.000006 1.500006 0.000000 1.570796 0.000000 1.570796
    50 0.000000 -0.299999 0.000000 -1.570796 0.000000 1.570796
    51 0.000000 0.000000 0.000000 0.000000 0.000000 1.570796
    52 0.000000 0.000000 0.000000 0.000000 0.000000 1.570796
    53 0.000000 0.000002 0.000001 0.000000 0.000000 1.919862
    54 0.000000 0.000000 0.000000 -1.570796 0.000000 1.570796
    55 0.000000 0.000000 0.000002 -1.570797 0.000000 1.570796
    56 -0.000002 -0.000002 0.000004 -1.570797 0.000001 1.570796
    57 0.000003 0.000000 0.000000 -1.570796 0.000000 1.570796
    58 0.000002 0.000003 0.000000 -1.570796 0.000000 1.570796
    59 0.000000 0.000000 0.000000 -1.570796 0.000000 1.570796
    60 -0.000001 0.000011 0.000000 -1.570796 0.000000 1.570796
    61 0.000000 0.000000 0.000000 -1.570796 -0.000001 1.570796
    62 0.000000 -0.000001 0.000000 -1.570796 0.000000 1.570796
    63 -0.000002 0.000002 -0.000002 -1.570796 0.000000 1.570796
    64 0.000000 0.000000 0.000000 -1.570797 0.000000 1.570796
    65 0.000000 0.000000 0.000000 -1.570797 0.000000 1.570796
    66 0.000000 0.000000 0.000000 1.570796 0.000000 1.570796
    67 0.000000 1.500000 0.000000 1.570796 0.000000 1.570796
    68 0.000000 0.300001 0.000000 1.570796 0.000000 1.570796
    69 -0.000011 0.000002 -0.000004 -3.141593 0.000001 1.570796
    70 0.000000 0.000000 0.000000 3.141593 0.000000 1.570796
    71 0.000001 0.000000 0.000000 -3.141593 0.000000 1.221730
    72 0.000000 0.000000 0.000000 3.141593 0.000000 1.570796
    73 0.000000 -0.000002 0.000000 3.141593 0.000000 1.570796
    74 0.000004 0.000000 0.000000 3.141593 0.000000 1.570797
    75 -0.000004 0.000000 0.000002 -1.570796 0.000000 1.570796
    76 0.000000 -0.000001 0.000008 -1.570796 0.000000 1.570796
    77 0.000001 0.000000 0.000000 -1.570796 0.000000 1.570796
    78 0.000001 0.000002 0.000000 -1.570796 0.000000 1.570796
    79 0.000000 0.000000 0.000000 -1.570796 0.000000 1.570796
    80 0.000001 0.000000 0.000000 -1.570796 0.000000 1.570796
    81 0.000001 0.000000 0.000000 -1.570796 0.000001 1.570796
    82 -0.000001 0.000000 0.000002 -1.570796 0.000001 1.570796
    83 0.000001 0.000000 0.000000 -1.570796 0.000000 1.570796
  time 76
    0 0.516548 -12.571388 -8.933929 -4.038413 0.954757 -0.274099
    1 0.073573 17.526917 0.777220 0.000000 0.000001 0.000000
    2 -0.226386 1.446262 -0.608961 0.000000 -0.000001 0.000000
    3 -0.288183 5.666572 -0.742007 0.000000 0.000001 0.000000
    4 -0.045094 3.566423 0.891595 0.000000 -0.000001 0.000000
    5 -0.116185 1.807585 2.464996 0.349692 0.000002 0.000000
    6 0.000000 1.030615 0.000004 -3.089904 0.145937 -3.387020
    7 -0.000002 5.179932 -0.000037 -0.005704 -0.019735 0.000961
    8 -0.218267 25.777573 2.487072 2.711123 0.000002 0.000000
    9 0.000000 0.870350 0.000008 0.019067 0.051606 -0.340071
    10 0.000000 4.478401 0.000072 0.004684 0.029945 -0.005116
    11 3.357234 15.735192 6.850500 -1.901027 0.080298 0.229787
    12 4.687038 -25.039796 -6.044017 1.577794 -0.111821 2.073815
    13 -1.294654 1.473667 0.640471 2.361876 -0.514949 -2.105076
    14 0.000011 1.832554 0.000004 0.105696 -0.242323 -0.022397
    15 0.000000 1.003359 0.000001 0.156021 -0.012849 -0.172530
    16 -1.632739 4.327644 -0.483953 0.365948 0.282526 -0.018914
    17 -0.000010 1.637142 0.000010 1.001957 0.015772 -0.110368
    18 0.000007 1.100985 0.000004 0.016835 0.076935 -0.068142
    19 -0.500328 4.452953 -0.532495 0.396541 0.287798 0.017522
    20 -0.000010 1.442617 -0.000010 1.327527 0.029307 -0.036669
    21 -0.000003 1.302446 0.000004 0.004462 -0.041912 0.002947
    22 0.523221 4.540312 -0.480714 0.856136 0.290097 -0.284920
    23 -0.000001 1.198256 0.000008 0.732623 -0.133919 0.043066
    24 -0.000012 0.869780 0.000015 0.218278 0.063758 -0.018648
    25 1.354362 4.150681 -0.582655 0.848432 0.193448 -0.436427
    26 0.000000 1.157421 -0.000006 0.969721 -0.115771 0.002576
    27 0.000001 1.020055 0.000002 -0.120881 -0.015651 -0.025764
    28 5.003218 -8.070315 -8.112608 -2.415593 0.193881 0.292933
    29 0.000038 12.695422 -0.000004 -1.485987 0.448908 0.425678
    30 -2.434271 -10.685754 -7.696411 0.954450 -0.994094 2.809846
    31 -1.391397 1.476538 -0.700638 -1.757657 -1.119903 2.167452
    32 0.000002 1.751797 -0.000002 -0.382830 -0.196569 -0.169487
    33 0.000010 1.122969 0.000000 -0.357746 -0.049112 -0.094345
    34 -1.596883 4.441620 0.708540 1.365007 -1.150510 -1.273380
    35 -0.000008 1.481951 -0.000008 0.018943 -0.004055 1.246788
    36 0.000002 1.056648 -0.000004 -0.145240 -0.093322 0.961396
    37 -0.470901 4.219486 0.926555 -3.158796 -0.058330 -2.939043
    38 -0.000010 1.609821 0.000004 1.384805 0.015575 0.087176
    39 -0.000002 1.562311 0.000013 0.567581 0.025843 -0.031619
    40 0.576838 4.298388 0.639431 -2.731759 -0.062746 -2.944323
    41 0.000002 1.553762 -0.000008 1.108119 0.141834 0.010120
    42 0.000003 0.874434 -0.000006 0.742657 0.103655 0.206163
    43 1.459885 4.275572 0.219019 -2.274416 -0.186843 3.315580
    44 -0.000010 0.973051 -0.000004 1.315920 0.217351 0.114332
    45 0.000007 0.970890 0.000004 1.067504 0.084466 0.152539
    46 -7.008868 4.575658 -7.491495 -1.981581 0.909384 0.620846
    47 0.000011 12.706367 0.000010 -1.750643 0.275988 0.165514
    48 0.000000 0.000000 0.000000 1.570796 0.000000 1.570796
    49 -0.000006 1.500006 0.000000 1.570796 0.000000 1.570796
    50 0.000000 -0.299999 0.000000 -1.570796 0.000000 1.570796
    51 0.000000 0.000000 0.000000 0.000000 0.000000 1.570796
    52 0.000000 0.000000 0.000000 0.000000 0.000000 1.570796
    53 0.000000 0.000002 0.000001 0.000000 0.000000 1.919862
    54 0.000000 0.000000 0.000000 -1.570796 0.000000 1.570796
    55 0.000000 0.000000 0.000002 -1.570797 0.000000 1.570796
    56 -0.000002 -0.000002 0.000004 -1.570797 0.000001 1.570796
    57 0.000003 0.000000 0.000000 -1.570796 0.000000 1.570796
    58 0.000002 0.000003 0.000000 -1.570796 0.000000 1.570796
    59 0.000000 0.000000 0.000000 -1.570796 0.000000 1.570796
    60 -0.000001 0.000011 0.000000 -1.570796 0.000000 1.570796
    61 0.000000 0.000000 0.000000 -1.570796 -0.000001 1.570796
    62 0.000000 -0.000001 0.000000 -1.570796 0.000000 1.570796
    63 -0.000002 0.000002 -0.000002 -1.570796 0.000000 1.570796
    64 0.000000 0.000000 0.000000 -1.570797 0.000000 1.570796
    65 0.000000 0.000000 0.000000 -1.570797 0.000000 1.570796
    66 0.000000 0.000000 0.000000 1.570796 0.000000 1.570796
    67 0.000000 1.500000 0.000000 1.570796 0.000000 1.570796
    68 0.000000 0.300001 0.000000 1.570796 0.000000 1.570796
    69 -0.000011 0.000002 -0.000004 -3.141593 0.000001 1.570796
    70 0.000000 0.000000 0.000000 3.141593 0.000000 1.570796
    71 0.000001 0.000000 0.000000 -3.141593 0.000000 1.221730
    72 0.000000 0.000000 0.000000 3.141593 0.000000 1.570796
    73 0.000000 -0.000002 0.000000 3.141593 0.000000 1.570796
    74 0.000004 0.000000 0.000000 3.141593 0.000000 1.570797
    75 -0.000004 0.000000 0.000002 -1.570796 0.000000 1.570796
    76 0.000000 -0.000001 0.000008 -1.570796 0.000000 1.570796
    77 0.000001 0.000000 0.000000 -1.570796 0.000000 1.570796
    78 0.000001 0.000002 0.000000 -1.570796 0.000000 1.570796
    79 0.000000 0.000000 0.000000 -1.570796 0.000000 1.570796
    80 0.000001 0.000000 0.000000 -1.570796 0.000000 1.570796
    81 0.000001 0.000000 0.000000 -1.570796 0.000001 1.570796
    82 -0.000001 0.000000 0.000002 -1.570796 0.000001 1.570796
    83 0.000001 0.000000 0.000000 -1.570796 0.000000 1.570796
  time 77
    0 0.516548 -12.571388 -8.933929 -4.035686 0.953152 -0.271250
    1 0.073573 17.526917 0.777220 0.000000 0.000001 0.000000
    2 -0.226386 1.446262 -0.608961 0.000000 -0.000001 0.000000
    3 -0.288183 5.658759 -0.730288 0.000000 0.000001 0.000000
    4 -0.045094 3.566423 0.891595 0.000000 -0.000001 0.000000
    5 -0.116185 1.807585 2.464996 0.349770 0.000002 0.000000
    6 0.000000 1.030615 0.000004 -3.089904 0.146177 -3.387130
    7 -0.000002 5.179932 -0.000037 -0.005704 -0.019771 0.000961
    8 -0.218267 25.777573 2.487072 2.711183 0.000002 0.000000
    9 0.000000 0.870350 0.000008 0.019091 0.051630 -0.340190
    10 0.000000 4.478401 0.000072 0.004684 0.029957 -0.005128
    11 3.357234 15.723473 6.862219 -1.901027 0.080298 0.229787
    12 4.690944 -25.039796 -6.051830 1.575848 -0.111821 2.074972
    13 -1.294654 1.473667 0.640471 2.361876 -0.514949 -2.105076
    14 0.000011 1.832554 0.000004 0.105696 -0.242323 -0.022342
    15 0.000000 1.003359 0.000001 0.156021 -0.012897 -0.172530
    16 -1.632739 4.327644 -0.483953 0.365948 0.282526 -0.018914
    17 -0.000010 1.637142 0.000010 1.001957 0.015784 -0.110368
    18 0.000007 1.100985 0.000004 0.016835 0.076935 -0.068142
    19 -0.500328 4.452953 -0.532495 0.396541 0.287798 0.017522
    20 -0.000010 1.442617 -0.000010 1.327527 0.029307 -0.036669
    21 -0.000003 1.302446 0.000004 0.004462 -0.041912 0.002947
    22 0.523221 4.540312 -0.480714 0.856087 0.290097 -0.284920
    23 -0.000001 1.198256 0.000008 0.732643 -0.133919 0.043066
    24 -0.000012 0.869780 0.000015 0.218278 0.063758 -0.018624
    25 1.354362 4.150681 -0.582655 0.848409 0.193448 -0.436427
    26 0.000000 1.157421 -0.000006 0.969721 -0.115771 0.002576
    27 0.000001 1.020055 0.000002 -0.120881 -0.015651 -0.025764
    28 5.003218 -8.070315 -8.112608 -2.415065 0.193881 0.293207
    29 0.000038 12.695422 -0.000004 -1.485987 0.448966 0.425678
    30 -2.442084 -10.693566 -7.708130 0.951764 -0.992792 2.813185
    31 -1.391397 1.476538 -0.700638 -1.757588 -1.119879 2.167452
    32 0.000002 1.751797 -0.000002 -0.382830 -0.196569 -0.169487
    33 0.000010 1.122969 0.000000 -0.357746 -0.049112 -0.094333
    34 -1.596883 4.441620 0.708540 1.365007 -1.150510 -1.273380
    35 -0.000008 1.481951 -0.000008 0.018943 -0.004055 1.246788
    36 0.000002 1.056648 -0.000004 -0.145240 -0.093322 0.961396
    37 -0.470901 4.219486 0.926555 -3.158809 -0.058330 -2.939043
    38 -0.000010 1.609821 0.000004 1.384824 0.015575 0.087176
    39 -0.000002 1.562311 0.000013 0.567397 0.025843 -0.031619
    40 0.576838 4.298388 0.639431 -2.731759 -0.062746 -2.944335
    41 0.000002 1.553762 -0.000008 1.108260 0.141786 0.010120
    42 0.000003 0.874434 -0.000006 0.742759 0.103703 0.206091
    43 1.459885 4.275572 0.219019 -2.274680 -0.186855 3.315580
    44 -0.000010 0.973051 -0.000004 1.315920 0.217351 0.114332
    45 0.000007 0.970890 0.000004 1.067203 0.084490 0.152527
    46 -7.008868 4.575658 -7.491495 -1.982876 0.906578 0.619397
    47 0.000011 12.706367 0.000010 -1.750566 0.275952 0.165514
    48 0.000000 0.000000 0.000000 1.570796 0.000000 1.570796
    49 -0.000006 1.500006 0.000000 1.570796 0.000000 1.570796
    50 0.000000 -0.299999 0.000000 -1.570796 0.000000 1.570796
    51 0.000000 0.000000 0.000000 0.000000 0.000000 1.570796
    52 0.000000 0.000000 0.000000 0.000000 0.000000 1.570796
    53 0.000000 0.000002 0.000001 0.000000 0.000000 1.919862
    54 0.000000 0.000000 0.000000 -1.570796 0.000000 1.570796
    55 0.000000 0.000000 0.000002 -1.570797 0.000000 1.570796
    56 -0.000002 -0.000002 0.000004 -1.570797 0.000001 1.570796
    57 0.000003 0.000000 0.000000 -1.570796 0.000000 1.570796
    58 0.000002 0.000003 0.000000 -1.570796 0.000000 1.570796
    59 0.000000 0.000000 0.000000 -1.570796 0.000000 1.570796
    60 -0.000001 0.000011 0.000000 -1.570796 0.000000 1.570796
    61 0.000000 0.000000 0.000000 -1.570796 -0.000001 1.570796
    62 0.000000 -0.000001 0.000000 -1.570796 0.000000 1.570796
    63 -0.000002 0.000002 -0.000002 -1.570796 0.000000 1.570796
    64 0.000000 0.000000 0.000000 -1.570797 0.000000 1.570796
    65 0.000000 0.000000 0.000000 -1.570797 0.000000 1.570796
    66 0.000000 0.000000 0.000000 1.570796 0.000000 1.570796
    67 0.000000 1.500000 0.000000 1.570796 0.000000 1.570796
    68 0.000000 0.300001 0.000000 1.570796 0.000000 1.570796
    69 -0.000011 0.000002 -0.000004 -3.141593 0.000001 1.570796
    70 0.000000 0.000000 0.000000 3.141593 0.000000 1.570796
    71 0.000001 0.000000 0.000000 -3.141593 0.000000 1.221730
    72 0.000000 0.000000 0.000000 3.141593 0.000000 1.570796
    73 0.000000 -0.000002 0.000000 3.141593 0.000000 1.570796
    74 0.000004 0.000000 0.000000 3.141593 0.000000 1.570797
    75 -0.000004 0.000000 0.000002 -1.570796 0.000000 1.570796
    76 0.000000 -0.000001 0.000008 -1.570796 0.000000 1.570796
    77 0.000001 0.000000 0.000000 -1.570796 0.000000 1.570796
    78 0.000001 0.000002 0.000000 -1.570796 0.000000 1.570796
    79 0.000000 0.000000 0.000000 -1.570796 0.000000 1.570796
    80 0.000001 0.000000 0.000000 -1.570796 0.000000 1.570796
    81 0.000001 0.000000 0.000000 -1.570796 0.000001 1.570796
    82 -0.000001 0.000000 0.000002 -1.570796 0.000001 1.570796
    83 0.000001 0.000000 0.000000 -1.570796 0.000000 1.570796
  time 78
    0 0.516548 -12.571388 -8.933929 -4.032574 0.951232 -0.267451
    1 0.073573 17.526917 0.777220 0.000000 0.000001 0.000000
    2 -0.226386 1.438450 -0.608961 0.000000 -0.000001 0.000000
    3 -0.288183 5.666572 -0.730288 0.000000 0.000001 0.000000
    4 -0.045094 3.566423 0.891595 0.000000 -0.000001 0.000000
    5 -0.116185 1.807585 2.464996 0.349848 0.000002 0.000000
    6 0.000000 1.030615 0.000004 -3.089904 0.146309 -3.387319
    7 -0.000002 5.179932 -0.000037 -0.005704 -0.019807 0.000961
    8 -0.218267 25.777573 2.487072 2.711243 0.000002 0.000000
    9 0.000000 0.870350 0.000008 0.019103 0.051642 -0.340323
    10 0.000000 4.478401 0.000072 0.004684 0.029969 -0.005116
    11 3.372860 15.727380 6.862219 -1.901040 0.080298 0.229787
    12 4.706570 -25.039796 -6.051830 1.573046 -0.111821 2.076460
    13 -1.294654 1.473667 0.640471 2.361876 -0.514949 -2.105076
    14 0.000011 1.832554 0.000004 0.105696 -0.242323 -0.022342
    15 0.000000 1.003359 0.000001 0.156021 -0.012873 -0.172530
    16 -1.632739 4.327644 -0.483953 0.365948 0.282526 -0.018914
    17 -0.000010 1.637142 0.000010 1.001957 0.015772 -0.110368
    18 0.000007 1.100985 0.000004 0.016835 0.076935 -0.068142
    19 -0.500328 4.452953 -0.532495 0.396541 0.287798 0.017522
    20 -0.000010 1.442617 -0.000010 1.327527 0.029307 -0.036669
    21 -0.000003 1.302446 0.000004 0.004462 -0.041912 0.002947
    22 0.523221 4.540312 -0.480714 0.856087 0.290097 -0.284920
    23 -0.000001 1.198256 0.000008 0.732623 -0.133919 0.043066
    24 -0.000012 0.869780 0.000015 0.218278 0.063758 -0.018648
    25 1.354362 4.150681 -0.582655 0.848409 0.193448 -0.436427
    26 0.000000 1.157421 -0.000006 0.969721 -0.115771 0.002576
    27 0.000001 1.020055 0.000002 -0.120881 -0.015651 -0.025764
    28 5.003218 -8.070315 -8.112608 -2.414537 0.193980 0.293754
    29 0.000038 12.695422 -0.000004 -1.486532 0.449024 0.425665
    30 -2.445991 -10.693566 -7.708130 0.948151 -0.990724 2.817669
    31 -1.391397 1.476538 -0.700638 -1.757588 -1.119879 2.167452
    32 0.000002 1.751797 -0.000002 -0.382830 -0.196569 -0.169487
    33 0.000010 1.122969 0.000000 -0.357758 -0.049112 -0.094333
    34 -1.596883 4.441620 0.708540 1.365007 -1.150510 -1.273380
    35 -0.000008 1.481951 -0.000008 0.018943 -0.004055 1.246788
    36 0.000002 1.056648 -0.000004 -0.145240 -0.093322 0.961396
    37 -0.470901 4.219486 0.926555 -3.158809 -0.058330 -2.939043
    38 -0.000010 1.609821 0.000004 1.384805 0.015575 0.087176
    39 -0.000002 1.562311 0.000013 0.567213 0.025843 -0.031619
    40 0.576838 4.298388 0.639431 -2.731759 -0.062746 -2.944335
    41 0.000002 1.553762 -0.000008 1.108345 0.141678 0.010120
    42 0.000003 0.874434 -0.000006 0.742841 0.103739 0.205995
    43 1.459885 4.275572 0.219019 -2.275052 -0.186807 3.315580
    44 -0.000010 0.973051 -0.000004 1.315848 0.217351 0.114332
    45 0.000007 0.970890 0.000004 1.066783 0.084502 0.152491
    46 -7.008868 4.575658 -7.491495 -1.984407 0.903565 0.617863
    47 0.000011 12.706367 0.000010 -1.750566 0.275892 0.165514
    48 0.000000 0.000000 0.000000 1.570796 0.000000 1.570796
    49 -0.000006 1.500006 0.000000 1.570796 0.000000 1.570796
    50 0.000000 -0.299999 0.000000 -1.570796 0.000000 1.570796
    51 0.000000 0.000000 0.000000 0.000000 0.000000 1.570796
    52 0.000000 0.000000 0.000000 0.000000 0.000000 1.570796
    53 0.000000 0.000002 0.000001 0.000000 0.000000 1.919862
    54 0.000000 0.000000 0.000000 -1.570796 0.000000 1.570796
    55 0.000000 0.000000 0.000002 -1.570797 0.000000 1.570796
    56 -0.000002 -0.000002 0.000004 -1.570797 0.000001 1.570796
    57 0.000003 0.000000 0.000000 -1.570796 0.000000 1.570796
    58 0.000002 0.000003 0.000000 -1.570796 0.000000 1.570796
    59 0.000000 0.000000 0.000000 -1.570796 0.000000 1.570796
    60 -0.000001 0.000011 0.000000 -1.570796 0.000000 1.570796
    61 0.000000 0.000000 0.000000 -1.570796 -0.000001 1.570796
    62 0.000000 -0.000001 0.000000 -1.570796 0.000000 1.570796
    63 -0.000002 0.000002 -0.000002 -1.570796 0.000000 1.570796
    64 0.000000 0.000000 0.000000 -1.570797 0.000000 1.570796
    65 0.000000 0.000000 0.000000 -1.570797 0.000000 1.570796
    66 0.000000 0.000000 0.000000 1.570796 0.000000 1.570796
    67 0.000000 1.500000 0.000000 1.570796 0.000000 1.570796
    68 0.000000 0.300001 0.000000 1.570796 0.000000 1.570796
    69 -0.000011 0.000002 -0.000004 -3.141593 0.000001 1.570796
    70 0.000000 0.000000 0.000000 3.141593 0.000000 1.570796
    71 0.000001 0.000000 0.000000 -3.141593 0.000000 1.221730
    72 0.000000 0.000000 0.000000 3.141593 0.000000 1.570796
    73 0.000000 -0.000002 0.000000 3.141593 0.000000 1.570796
    74 0.000004 0.000000 0.000000 3.141593 0.000000 1.570797
    75 -0.000004 0.000000 0.000002 -1.570796 0.000000 1.570796
    76 0.000000 -0.000001 0.000008 -1.570796 0.000000 1.570796
    77 0.000001 0.000000 0.000000 -1.570796 0.000000 1.570796
    78 0.000001 0.000002 0.000000 -1.570796 0.000000 1.570796
    79 0.000000 0.000000 0.000000 -1.570796 0.000000 1.570796
    80 0.000001 0.000000 0.000000 -1.570796 0.000000 1.570796
    81 0.000001 0.000000 0.000000 -1.570796 0.000001 1.570796
    82 -0.000001 0.000000 0.000002 -1.570796 0.000001 1.570796
    83 0.000001 0.000000 0.000000 -1.570796 0.000000 1.570796
  time 79
    0 0.516548 -12.571388 -8.933929 -4.028821 0.948840 -0.262635
    1 0.073573 17.526917 0.777220 0.000000 0.000001 0.000000
    2 -0.226386 1.434543 -0.608961 0.000000 -0.000001 0.000000
    3 -0.288183 5.658759 -0.734195 0.000000 0.000001 0.000000
    4 -0.045094 3.566423 0.891595 0.000000 -0.000001 0.000000
    5 -0.116185 1.807585 2.464996 0.349926 0.000002 0.000000
    6 0.000000 1.030615 0.000004 -3.089842 0.146416 -3.387492
    7 -0.000002 5.179932 -0.000037 -0.005704 -0.019843 0.000961
    8 -0.218267 25.777573 2.487072 2.711291 0.000002 0.000000
    9 0.000000 0.870350 0.000008 0.019115 0.051666 -0.340389
    10 0.000000 4.478401 0.000072 0.004684 0.029969 -0.005116
    11 3.361141 15.719567 6.866125 -1.901027 0.080298 0.229787
    12 4.722195 -25.035890 -6.067455 1.569777 -0.111821 2.078443
    13 -1.294654 1.473667 0.640471 2.361876 -0.514949 -2.105076
    14 0.000011 1.832554 0.000004 0.105708 -0.242323 -0.022342
    15 0.000000 1.003359 0.000001 0.156021 -0.012873 -0.172530
    16 -1.632739 4.327644 -0.483953 0.365948 0.282526 -0.018914
    17 -0.000010 1.637142 0.000010 1.001957 0.015772 -0.110368
    18 0.000007 1.100985 0.000004 0.016835 0.076935 -0.068142
    19 -0.500328 4.452953 -0.532495 0.396541 0.287798 0.017522
    20 -0.000010 1.442617 -0.000010 1.327527 0.029307 -0.036669
    21 -0.000003 1.302446 0.000004 0.004462 -0.041912 0.002947
    22 0.523221 4.540312 -0.480714 0.856087 0.290097 -0.284920
    23 -0.000001 1.198256 0.000008 0.732623 -0.133919 0.043066
    24 -0.000012 0.869780 0.000015 0.218278 0.063758 -0.018636
    25 1.354362 4.150681 -0.582655 0.848409 0.193448 -0.436427
    26 0.000000 1.157421 -0.000006 0.969721 -0.115771 0.002576
    27 0.000001 1.020055 0.000002 -0.120881 -0.015651 -0.025764
    28 5.003218 -8.070315 -8.112608 -2.413858 0.194013 0.294644
    29 0.000038 12.695422 -0.000004 -1.487009 0.449198 0.425678
    30 -2.453803 -10.693566 -7.708130 0.943705 -0.988886 2.822821
    31 -1.391397 1.476538 -0.700638 -1.757484 -1.119879 2.167452
    32 0.000002 1.751797 -0.000002 -0.382830 -0.196569 -0.169487
    33 0.000010 1.122969 0.000000 -0.357758 -0.049112 -0.094345
    34 -1.596883 4.441620 0.708540 1.365007 -1.150510 -1.273380
    35 -0.000008 1.481951 -0.000008 0.018943 -0.004055 1.246788
    36 0.000002 1.056648 -0.000004 -0.145240 -0.093322 0.961396
    37 -0.470901 4.219486 0.926555 -3.158809 -0.058330 -2.939043
    38 -0.000010 1.609821 0.000004 1.384824 0.015575 0.087176
    39 -0.000002 1.562311 0.000013 0.566968 0.025843 -0.031619
    40 0.576838 4.298388 0.639431 -2.731747 -0.062746 -2.944335
    41 0.000002 1.553762 -0.000008 1.108458 0.141702 0.010120
    42 0.000003 0.874434 -0.000006 0.742944 0.103787 0.205839
    43 1.459885 4.275572 0.219019 -2.275255 -0.186879 3.315580
    44 -0.000010 0.973051 -0.000004 1.315920 0.217351 0.114332
    45 0.000007 0.970890 0.000004 1.066463 0.084514 0.152479
    46 -7.008868 4.575658 -7.491495 -1.985997 0.900434 0.616158
    47 0.000011 12.706367 0.000010 -1.750104 0.275700 0.165514
    48 0.000000 0.000000 0.000000 1.570796 0.000000 1.570796
    49 -0.000006 1.500006 0.000000 1.570796 0.000000 1.570796
    50 0.000000 -0.299999 0.000000 -1.570796 0.000000 1.570796
    51 0.000000 0.000000 0.000000 0.000000 0.000000 1.570796
    52 0.000000 0.000000 0.000000 0.000000 0.000000 1.570796
    53 0.000000 0.000002 0.000001 0.000000 0.000000 1.919862
    54 0.000000 0.000000 0.000000 -1.570796 0.000000 1.570796
    55 0.000000 0.000000 0.000002 -1.570797 0.000000 1.570796
    56 -0.000002 -0.000002 0.000004 -1.570797 0.000001 1.570796
    57 0.000003 0.000000 0.000000 -1.570796 0.000000 1.570796
    58 0.000002 0.000003 0.000000 -1.570796 0.000000 1.570796
    59 0.000000 0.000000 0.000000 -1.570796 0.000000 1.570796
    60 -0.000001 0.000011 0.000000 -1.570796 0.000000 1.570796
    61 0.000000 0.000000 0.000000 -1.570796 -0.000001 1.570796
    62 0.000000 -0.000001 0.000000 -1.570796 0.000000 1.570796
    63 -0.000002 0.000002 -0.000002 -1.570796 0.000000 1.570796
    64 0.000000 0.000000 0.000000 -1.570797 0.000000 1.570796
    65 0.000000 0.000000 0.000000 -1.570797 0.000000 1.570796
    66 0.000000 0.000000 0.000000 1.570796 0.000000 1.570796
    67 0.000000 1.500000 0.000000 1.570796 0.000000 1.570796
    68 0.000000 0.300001 0.000000 1.570796 0.000000 1.570796
    69 -0.000011 0.000002 -0.000004 -3.141593 0.000001 1.570796
    70 0.000000 0.000000 0.000000 3.141593 0.000000 1.570796
    71 0.000001 0.000000 0.000000 -3.141593 0.000000 1.221730
    72 0.000000 0.000000 0.000000 3.141593 0.000000 1.570796
    73 0.000000 -0.000002 0.000000 3.141593 0.000000 1.570796
    74 0.000004 0.000000 0.000000 3.141593 0.000000 1.570797
    75 -0.000004 0.000000 0.000002 -1.570796 0.000000 1.570796
    76 0.000000 -0.000001 0.000008 -1.570796 0.000000 1.570796
    77 0.000001 0.000000 0.000000 -1.570796 0.000000 1.570796
    78 0.000001 0.000002 0.000000 -1.570796 0.000000 1.570796
    79 0.000000 0.000000 0.000000 -1.570796 0.000000 1.570796
    80 0.000001 0.000000 0.000000 -1.570796 0.000000 1.570796
    81 0.000001 0.000000 0.000000 -1.570796 0.000001 1.570796
    82 -0.000001 0.000000 0.000002 -1.570796 0.000001 1.570796
    83 0.000001 0.000000 0.000000 -1.570796 0.000000 1.570796
  time 80
    0 0.516548 -12.571388 -8.933929 -4.024458 0.946259 -0.257072
    1 0.073573 17.526917 0.777220 0.000000 0.000001 0.000000
    2 -0.226386 1.446262 -0.608961 0.000000 -0.000001 0.000000
    3 -0.280370 5.650946 -0.738101 0.000000 0.000001 0.000000
    4 -0.045094 3.566423 0.891595 0.000000 -0.000001 0.000000
    5 -0.116185 1.807585 2.464996 0.350043 0.000002 0.000000
    6 0.000000 1.030615 0.000004 -3.089795 0.146596 -3.387618
    7 -0.000002 5.179932 -0.000037 -0.005720 -0.019843 0.000961
    8 -0.218267 25.777573 2.487072 2.711351 0.000002 0.000000
    9 0.000000 0.870350 0.000008 0.019139 0.051678 -0.340482
    10 0.000000 4.478401 0.000072 0.004684 0.029981 -0.005116
    11 3.376766 15.715661 6.862219 -1.901027 0.080298 0.229787
    12 4.737821 -25.031984 -6.067455 1.566041 -0.111696 2.080923
    13 -1.294654 1.473667 0.640471 2.361888 -0.514949 -2.105076
    14 0.000011 1.832554 0.000004 0.105696 -0.242323 -0.022342
    15 0.000000 1.003359 0.000001 0.156021 -0.012837 -0.172530
    16 -1.632739 4.327644 -0.483953 0.365948 0.282526 -0.018914
    17 -0.000010 1.637142 0.000010 1.001957 0.015772 -0.110368
    18 0.000007 1.100985 0.000004 0.016835 0.076935 -0.068142
    19 -0.500328 4.452953 -0.532495 0.396541 0.287798 0.017522
    20 -0.000010 1.442617 -0.000010 1.327527 0.029307 -0.036669
    21 -0.000003 1.302446 0.000004 0.004462 -0.041912 0.002947
    22 0.523221 4.540312 -0.480714 0.856087 0.290097 -0.284920
    23 -0.000001 1.198256 0.000008 0.732623 -0.133919 0.043066
    24 -0.000012 0.869780 0.000015 0.218278 0.063758 -0.018624
    25 1.354362 4.150681 -0.582655 0.848409 0.193448 -0.436427
    26 0.000000 1.157421 -0.000006 0.969721 -0.115771 0.002576
    27 0.000001 1.020055 0.000002 -0.120881 -0.015651 -0.025764
    28 5.003218 -8.070315 -8.112608 -2.413028 0.194410 0.295739
    29 0.000038 12.695422 -0.000004 -1.487486 0.449430 0.425704
    30 -2.465522 -10.693566 -7.715943 0.939166 -0.985823 2.828736
    31 -1.391397 1.476538 -0.700638 -1.757484 -1.119879 2.167452
    32 0.000002 1.751797 -0.000002 -0.382830 -0.196569 -0.169487
    33 0.000010 1.122969 0.000000 -0.357758 -0.049112 -0.094345
    34 -1.596883 4.441620 0.708540 1.365007 -1.150510 -1.273380
    35 -0.000008 1.481951 -0.000008 0.018943 -0.004055 1.246788
    36 0.000002 1.056648 -0.000004 -0.145240 -0.093322 0.961396
    37 -0.470901 4.219486 0.926555 -3.158796 -0.058330 -2.939043
    38 -0.000010 1.609821 0.000004 1.384805 0.015575 0.087176
    39 -0.000002 1.562311 0.000013 0.566723 0.025843 -0.031619
    40 0.576838 4.298388 0.639431 -2.731759 -0.062746 -2.944323
    41 0.000002 1.553762 -0.000008 1.108571 0.141642 0.010120
    42 0.000003 0.874434 -0.000006 0.743067 0.103835 0.205695
    43 1.459885 4.275572 0.219019 -2.275579 -0.186819 3.315580
    44 -0.000010 0.973051 -0.000004 1.315920 0.217351 0.114332
    45 0.000007 0.970890 0.000004 1.066203 0.084526 0.152467
    46 -7.008868 4.575658 -7.491495 -1.987469 0.897126 0.614283
    47 0.000011 12.706367 0.000010 -1.749796 0.275628 0.165514
    48 0.000000 0.000000 0.000000 1.570796 0.000000 1.570796
    49 -0.000006 1.500006 0.000000 1.570796 0.000000 1.570796
    50 0.000000 -0.299999 0.000000 -1.570796 0.000000 1.570796
    51 0.000000 0.000000 0.000000 0.000000 0.000000 1.570796
    52 0.000000 0.000000 0.000000 0.000000 0.000000 1.570796
    53 0.000000 0.000002 0.000001 0.000000 0.000000 1.919862
    54 0.000000 0.000000 0.000000 -1.570796 0.000000 1.570796
    55 0.000000 0.000000 0.000002 -1.570797 0.000000 1.570796
    56 -0.000002 -0.000002 0.000004 -1.570797 0.000001 1.570796
    57 0.000003 0.000000 0.000000 -1.570796 0.000000 1.570796
    58 0.000002 0.000003 0.000000 -1.570796 0.000000 1.570796
    59 0.000000 0.000000 0.000000 -1.570796 0.000000 1.570796
    60 -0.000001 0.000011 0.000000 -1.570796 0.000000 1.570796
    61 0.000000 0.000000 0.000000 -1.570796 -0.000001 1.570796
    62 0.000000 -0.000001 0.000000 -1.570796 0.000000 1.570796
    63 -0.000002 0.000002 -0.000002 -1.570796 0.000000 1.570796
    64 0.000000 0.000000 0.000000 -1.570797 0.000000 1.570796
    65 0.000000 0.000000 0.000000 -1.570797 0.000000 1.570796
    66 0.000000 0.000000 0.000000 1.570796 0.000000 1.570796
    67 0.000000 1.500000 0.000000 1.570796 0.000000 1.570796
    68 0.000000 0.300001 0.000000 1.570796 0.000000 1.570796
    69 -0.000011 0.000002 -0.000004 -3.141593 0.000001 1.570796
    70 0.000000 0.000000 0.000000 3.141593 0.000000 1.570796
    71 0.000001 0.000000 0.000000 -3.141593 0.000000 1.221730
    72 0.000000 0.000000 0.000000 3.141593 0.000000 1.570796
    73 0.000000 -0.000002 0.000000 3.141593 0.000000 1.570796
    74 0.000004 0.000000 0.000000 3.141593 0.000000 1.570797
    75 -0.000004 0.000000 0.000002 -1.570796 0.000000 1.570796
    76 0.000000 -0.000001 0.000008 -1.570796 0.000000 1.570796
    77 0.000001 0.000000 0.000000 -1.570796 0.000000 1.570796
    78 0.000001 0.000002 0.000000 -1.570796 0.000000 1.570796
    79 0.000000 0.000000 0.000000 -1.570796 0.000000 1.570796
    80 0.000001 0.000000 0.000000 -1.570796 0.000000 1.570796
    81 0.000001 0.000000 0.000000 -1.570796 0.000001 1.570796
    82 -0.000001 0.000000 0.000002 -1.570796 0.000001 1.570796
    83 0.000001 0.000000 0.000000 -1.570796 0.000000 1.570796
  time 81
    0 0.516548 -12.571388 -8.933929 -4.019935 0.943143 -0.250696
    1 0.073573 17.526917 0.777220 0.000000 0.000001 0.000000
    2 -0.226386 1.434543 -0.608961 0.000000 -0.000001 0.000000
    3 -0.280370 5.643134 -0.738101 0.000000 0.000001 0.000000
    4 -0.045094 3.566423 0.891595 0.000000 -0.000001 0.000000
    5 -0.116185 1.807585 2.464996 0.350121 0.000002 0.000000
    6 0.000000 1.030615 0.000004 -3.089717 0.146836 -3.387807
    7 -0.000002 5.179932 -0.000037 -0.005720 -0.019843 0.000961
    8 -0.218267 25.777573 2.487072 2.711363 0.000002 0.000000
    9 0.000000 0.870350 0.000008 0.019151 0.051702 -0.340535
    10 0.000000 4.478401 0.000072 0.004667 0.029993 -0.005116
    11 3.372860 15.700035 6.850500 -1.901027 0.080298 0.229787
    12 4.749540 -25.024171 -6.075268 1.561916 -0.111446 2.084229
    13 -1.294654 1.473667 0.640471 2.361876 -0.514949 -2.105076
    14 0.000011 1.832554 0.000004 0.105696 -0.242323 -0.022342
    15 0.000000 1.003359 0.000001 0.156033 -0.012909 -0.172530
    16 -1.632739 4.327644 -0.483953 0.365948 0.282526 -0.018914
    17 -0.000010 1.637142 0.000010 1.001957 0.015772 -0.110368
    18 0.000007 1.100985 0.000004 0.016835 0.076935 -0.068142
    19 -0.500328 4.452953 -0.532495 0.396541 0.287798 0.017522
    20 -0.000010 1.442617 -0.000010 1.327527 0.029307 -0.036669
    21 -0.000003 1.302446 0.000004 0.004462 -0.041912 0.002947
    22 0.523221 4.540312 -0.480714 0.856087 0.290097 -0.284920
    23 -0.000001 1.198256 0.000008 0.732623 -0.133919 0.043066
    24 -0.000012 0.869780 0.000015 0.218278 0.063758 -0.018624
    25 1.354362 4.150681 -0.582655 0.848432 0.193448 -0.436427
    26 0.000000 1.157421 -0.000006 0.969721 -0.115771 0.002576
    27 0.000001 1.020055 0.000002 -0.120881 -0.015651 -0.025764
    28 5.003218 -8.070315 -8.112608 -2.411972 0.194708 0.297039
    29 0.000038 12.695422 -0.000004 -1.488372 0.449778 0.425887
    30 -2.481148 -10.693566 -7.715943 0.933979 -0.982989 2.835987
    31 -1.391397 1.476538 -0.700638 -1.757622 -1.119879 2.167452
    32 0.000002 1.751797 -0.000002 -0.382830 -0.196569 -0.169487
    33 0.000010 1.122969 0.000000 -0.357746 -0.049112 -0.094345
    34 -1.596883 4.441620 0.708540 1.365007 -1.150510 -1.273440
    35 -0.000008 1.481951 -0.000008 0.018943 -0.004055 1.246788
    36 0.000002 1.056648 -0.000004 -0.145240 -0.093322 0.961396
    37 -0.470901 4.219486 0.926555 -3.158796 -0.058330 -2.939043
    38 -0.000010 1.609821 0.000004 1.384805 0.015575 0.087176
    39 -0.000002 1.562311 0.000013 0.566478 0.025843 -0.031619
    40 0.576838 4.298388 0.639431 -2.731759 -0.062746 -2.944335
    41 0.000002 1.553762 -0.000008 1.108571 0.141594 0.010109
    42 0.000003 0.874434 -0.000006 0.743150 0.103871 0.205599
    43 1.459885 4.275572 0.219019 -2.275974 -0.186807 3.315580
    44 -0.000010 0.973051 -0.000004 1.315957 0.217351 0.114332
    45 0.000007 0.970890 0.000004 1.065983 0.084550 0.152419
    46 -7.008868 4.575658 -7.491495 -1.989001 0.893611 0.612237
    47 0.000011 12.706367 0.000010 -1.749411 0.275544 0.165514
    48 0.000000 0.000000 0.000000 1.570796 0.000000 1.570796
    49 -0.000006 1.500006 0.000000 1.570796 0.000000 1.570796
    50 0.000000 -0.299999 0.000000 -1.570796 0.000000 1.570796
    51 0.000000 0.000000 0.000000 0.000000 0.000000 1.570796
    52 0.000000 0.000000 0.000000 0.000000 0.000000 1.570796
    53 0.000000 0.000002 0.000001 0.000000 0.000000 1.919862
    54 0.000000 0.000000 0.000000 -1.570796 0.000000 1.570796
    55 0.000000 0.000000 0.000002 -1.570797 0.000000 1.570796
    56 -0.000002 -0.000002 0.000004 -1.570797 0.000001 1.570796
    57 0.000003 0.000000 0.000000 -1.570796 0.000000 1.570796
    58 0.000002 0.000003 0.000000 -1.570796 0.000000 1.570796
    59 0.000000 0.000000 0.000000 -1.570796 0.000000 1.570796
    60 -0.000001 0.000011 0.000000 -1.570796 0.000000 1.570796
    61 0.000000 0.000000 0.000000 -1.570796 -0.000001 1.570796
    62 0.000000 -0.000001 0.000000 -1.570796 0.000000 1.570796
    63 -0.000002 0.000002 -0.000002 -1.570796 0.000000 1.570796
    64 0.000000 0.000000 0.000000 -1.570797 0.000000 1.570796
    65 0.000000 0.000000 0.000000 -1.570797 0.000000 1.570796
    66 0.000000 0.000000 0.000000 1.570796 0.000000 1.570796
    67 0.000000 1.500000 0.000000 1.570796 0.000000 1.570796
    68 0.000000 0.300001 0.000000 1.570796 0.000000 1.570796
    69 -0.000011 0.000002 -0.000004 -3.141593 0.000001 1.570796
    70 0.000000 0.000000 0.000000 3.141593 0.000000 1.570796
    71 0.000001 0.000000 0.000000 -3.141593 0.000000 1.221730
    72 0.000000 0.000000 0.000000 3.141593 0.000000 1.570796
    73 0.000000 -0.000002 0.000000 3.141593 0.000000 1.570796
    74 0.000004 0.000000 0.000000 3.141593 0.000000 1.570797
    75 -0.000004 0.000000 0.000002 -1.570796 0.000000 1.570796
    76 0.000000 -0.000001 0.000008 -1.570796 0.000000 1.570796
    77 0.000001 0.000000 0.000000 -1.570796 0.000000 1.570796
    78 0.000001 0.000002 0.000000 -1.570796 0.000000 1.570796
    79 0.000000 0.000000 0.000000 -1.570796 0.000000 1.570796
    80 0.000001 0.000000 0.000000 -1.570796 0.000000 1.570796
    81 0.000001 0.000000 0.000000 -1.570796 0.000001 1.570796
    82 -0.000001 0.000000 0.000002 -1.570796 0.000001 1.570796
    83 0.000001 0.000000 0.000000 -1.570796 0.000000 1.570796
  time 82
    0 0.512641 -12.567482 -8.933929 -4.014834 0.939555 -0.243709
    1 0.073573 17.526917 0.777220 0.000000 0.000001 0.000000
    2 -0.226386 1.454075 -0.608961 0.000000 -0.000001 0.000000
    3 -0.272557 5.670478 -0.738101 0.000000 0.000001 0.000000
    4 -0.045094 3.566423 0.891595 0.000000 -0.000001 0.000000
    5 -0.116185 1.807585 2.464996 0.350199 0.000002 0.000000
    6 0.000000 1.030615 0.000004 -3.089702 0.147028 -3.387933
    7 -0.000002 5.179932 -0.000037 -0.005720 -0.019843 0.000961
    8 -0.218267 25.777573 2.487072 2.711363 0.000002 0.000000
    9 0.000000 0.870350 0.000008 0.019175 0.051714 -0.340628
    10 0.000000 4.478401 0.000072 0.004667 0.029993 -0.005128
    11 3.376766 15.711754 6.858312 -1.901027 0.080298 0.229774
    12 4.776884 -25.012452 -6.086987 1.557402 -0.111196 2.087370
    13 -1.294654 1.473667 0.640471 2.361876 -0.514949 -2.105076
    14 0.000011 1.832554 0.000004 0.105696 -0.242323 -0.022342
    15 0.000000 1.003359 0.000001 0.156021 -0.012873 -0.172530
    16 -1.632739 4.327644 -0.483953 0.365948 0.282526 -0.018914
    17 -0.000010 1.637142 0.000010 1.001957 0.015784 -0.110368
    18 0.000007 1.100985 0.000004 0.016835 0.076935 -0.068142
    19 -0.500328 4.452953 -0.532495 0.396541 0.287798 0.017522
    20 -0.000010 1.442617 -0.000010 1.327527 0.029307 -0.036669
    21 -0.000003 1.302446 0.000004 0.004462 -0.041912 0.002923
    22 0.523221 4.540312 -0.480714 0.856087 0.290097 -0.284920
    23 -0.000001 1.198256 0.000008 0.732623 -0.133919 0.043066
    24 -0.000012 0.869780 0.000015 0.218278 0.063758 -0.018648
    25 1.354362 4.150681 -0.582655 0.848409 0.193448 -0.436427
    26 0.000000 1.157421 -0.000006 0.969721 -0.115771 0.002576
    27 0.000001 1.020055 0.000002 -0.120881 -0.015651 -0.025764
    28 5.003218 -8.070315 -8.112608 -2.410916 0.195072 0.298750
    29 0.000038 12.695422 -0.000004 -1.488985 0.450126 0.425926
    30 -2.492867 -10.724817 -7.723756 0.928514 -0.979619 2.843524
    31 -1.391397 1.476538 -0.700638 -1.757588 -1.119879 2.167452
    32 0.000002 1.751797 -0.000002 -0.382830 -0.196569 -0.169487
    33 0.000010 1.122969 0.000000 -0.357758 -0.049112 -0.094345
    34 -1.596883 4.441620 0.708540 1.365007 -1.150510 -1.273380
    35 -0.000008 1.481951 -0.000008 0.018943 -0.004055 1.246788
    36 0.000002 1.056648 -0.000004 -0.145240 -0.093322 0.961396
    37 -0.470901 4.219486 0.926555 -3.158796 -0.058330 -2.939043
    38 -0.000010 1.609821 0.000004 1.384805 0.015575 0.087176
    39 -0.000002 1.562311 0.000013 0.566141 0.025843 -0.031619
    40 0.576838 4.298388 0.639431 -2.731759 -0.062746 -2.944335
    41 0.000002 1.553762 -0.000008 1.108797 0.141558 0.010085
    42 0.000003 0.874434 -0.000006 0.743252 0.103871 0.205564
    43 1.459885 4.275572 0.219019 -2.276250 -0.186807 3.315580
    44 -0.000010 0.973051 -0.000004 1.315920 0.217351 0.114332
    45 0.000007 0.970890 0.000004 1.065663 0.084574 0.152407
    46 -7.008868 4.575658 -7.491495 -1.990355 0.889978 0.610021
    47 0.000011 12.706367 0.000010 -1.748872 0.275473 0.165525
    48 0.000000 0.000000 0.000000 1.570796 0.000000 1.570796
    49 -0.000006 1.500006 0.000000 1.570796 0.000000 1.570796
    50 0.000000 -0.299999 0.000000 -1.570796 0.000000 1.570796
    51 0.000000 0.000000 0.000000 0.000000 0.000000 1.570796
    52 0.000000 0.000000 0.000000 0.000000 0.000000 1.570796
    53 0.000000 0.000002 0.000001 0.000000 0.000000 1.919862
    54 0.000000 0.000000 0.000000 -1.570796 0.000000 1.570796
    55 0.000000 0.000000 0.000002 -1.570797 0.000000 1.570796
    56 -0.000002 -0.000002 0.000004 -1.570797 0.000001 1.570796
    57 0.000003 0.000000 0.000000 -1.570796 0.000000 1.570796
    58 0.000002 0.000003 0.000000 -1.570796 0.000000 1.570796
    59 0.000000 0.000000 0.000000 -1.570796 0.000000 1.570796
    60 -0.000001 0.000011 0.000000 -1.570796 0.000000 1.570796
    61 0.000000 0.000000 0.000000 -1.570796 -0.000001 1.570796
    62 0.000000 -0.000001 0.000000 -1.570796 0.000000 1.570796
    63 -0.000002 0.000002 -0.000002 -1.570796 0.000000 1.570796
    64 0.000000 0.000000 0.000000 -1.570797 0.000000 1.570796
    65 0.000000 0.000000 0.000000 -1.570797 0.000000 1.570796
    66 0.000000 0.000000 0.000000 1.570796 0.000000 1.570796
    67 0.000000 1.500000 0.000000 1.570796 0.000000 1.570796
    68 0.000000 0.300001 0.000000 1.570796 0.000000 1.570796
    69 -0.000011 0.000002 -0.000004 -3.141593 0.000001 1.570796
    70 0.000000 0.000000 0.000000 3.141593 0.000000 1.570796
    71 0.000001 0.000000 0.000000 -3.141593 0.000000 1.221730
    72 0.000000 0.000000 0.000000 3.141593 0.000000 1.570796
    73 0.000000 -0.000002 0.000000 3.141593 0.000000 1.570796
    74 0.000004 0.000000 0.000000 3.141593 0.000000 1.570797
    75 -0.000004 0.000000 0.000002 -1.570796 0.000000 1.570796
    76 0.000000 -0.000001 0.000008 -1.570796 0.000000 1.570796
    77 0.000001 0.000000 0.000000 -1.570796 0.000000 1.570796
    78 0.000001 0.000002 0.000000 -1.570796 0.000000 1.570796
    79 0.000000 0.000000 0.000000 -1.570796 0.000000 1.570796
    80 0.000001 0.000000 0.000000 -1.570796 0.000000 1.570796
    81 0.000001 0.000000 0.000000 -1.570796 0.000001 1.570796
    82 -0.000001 0.000000 0.000002 -1.570796 0.000001 1.570796
    83 0.000001 0.000000 0.000000 -1.570796 0.000000 1.570796
  time 83
    0 0.512641 -12.567482 -8.933929 -4.009573 0.935778 -0.236180
    1 0.073573 17.526917 0.777220 0.000000 0.000001 0.000000
    2 -0.226386 1.454075 -0.608961 0.000000 -0.000001 0.000000
    3 -0.288183 5.658759 -0.734195 0.000000 0.000001 0.000000
    4 -0.045094 3.566423 0.891595 0.000000 -0.000001 0.000000
    5 -0.116185 1.807585 2.464996 0.350277 0.000002 0.000000
    6 0.000000 1.030615 0.000004 -3.089640 0.147088 -3.388027
    7 -0.000002 5.179932 -0.000037 -0.005720 -0.019866 0.000961
    8 -0.218267 25.777573 2.487072 2.711386 0.000002 0.000000
    9 0.000000 0.870350 0.000008 0.019175 0.051714 -0.340681
    10 0.000000 4.478401 0.000072 0.004667 0.029993 -0.005116
    11 3.372860 15.703941 6.862219 -1.901040 0.080298 0.229787
    12 4.804229 -25.004639 -6.098706 1.552654 -0.110821 2.091585
    13 -1.294654 1.473667 0.640471 2.361876 -0.514949 -2.105076
    14 0.000011 1.832554 0.000004 0.105696 -0.242323 -0.022342
    15 0.000000 1.003359 0.000001 0.156021 -0.012813 -0.172530
    16 -1.632739 4.327644 -0.483953 0.365948 0.282526 -0.018914
    17 -0.000010 1.637142 0.000010 1.001957 0.015772 -0.110368
    18 0.000007 1.100985 0.000004 0.016835 0.076935 -0.068142
    19 -0.500328 4.452953 -0.532495 0.396541 0.287798 0.017522
    20 -0.000010 1.442617 -0.000010 1.327527 0.029307 -0.036669
    21 -0.000003 1.302446 0.000004 0.004462 -0.041912 0.002947
    22 0.523221 4.540312 -0.480714 0.856087 0.290097 -0.284920
    23 -0.000001 1.198256 0.000008 0.732623 -0.133919 0.043054
    24 -0.000012 0.869780 0.000015 0.218278 0.063758 -0.018648
    25 1.354362 4.150681 -0.582655 0.848409 0.193448 -0.436427
    26 0.000000 1.157421 -0.000006 0.969721 -0.115771 0.002576
    27 0.000001 1.020055 0.000002 -0.120881 -0.015651 -0.025764
    28 5.003218 -8.070315 -8.112608 -2.409558 0.195270 0.300461
    29 0.000038 12.695422 -0.000004 -1.490348 0.450590 0.425965
    30 -2.512399 -10.732630 -7.739381 0.922493 -0.975943 2.851538
    31 -1.391397 1.476538 -0.700638 -1.757657 -1.119879 2.167452
    32 0.000002 1.751797 -0.000002 -0.382830 -0.196569 -0.169487
    33 0.000010 1.122969 0.000000 -0.357746 -0.049112 -0.094345
    34 -1.596883 4.441620 0.708540 1.365007 -1.150510 -1.273380
    35 -0.000008 1.481951 -0.000008 0.018943 -0.004055 1.246788
    36 0.000002 1.056648 -0.000004 -0.145240 -0.093322 0.961396
    37 -0.470901 4.219486 0.926555 -3.158809 -0.058330 -2.939043
    38 -0.000010 1.609821 0.000004 1.384805 0.015575 0.087176
    39 -0.000002 1.562311 0.000013 0.565957 0.025843 -0.031619
    40 0.576838 4.298388 0.639431 -2.731747 -0.062746 -2.944323
    41 0.000002 1.553762 -0.000008 1.108882 0.141534 0.010061
    42 0.000003 0.874434 -0.000006 0.743375 0.103871 0.205504
    43 1.459885 4.275572 0.219019 -2.276646 -0.186795 3.315580
    44 -0.000010 0.973051 -0.000004 1.315920 0.217351 0.114332
    45 0.000007 0.970890 0.000004 1.065363 0.084586 0.152371
    46 -7.008868 4.575658 -7.491495 -1.991886 0.886109 0.607890
    47 0.000011 12.706367 0.000010 -1.748256 0.275473 0.165537
    48 0.000000 0.000000 0.000000 1.570796 0.000000 1.570796
    49 -0.000006 1.500006 0.000000 1.570796 0.000000 1.570796
    50 0.000000 -0.299999 0.000000 -1.570796 0.000000 1.570796
    51 0.000000 0.000000 0.000000 0.000000 0.000000 1.570796
    52 0.000000 0.000000 0.000000 0.000000 0.000000 1.570796
    53 0.000000 0.000002 0.000001 0.000000 0.000000 1.919862
    54 0.000000 0.000000 0.000000 -1.570796 0.000000 1.570796
    55 0.000000 0.000000 0.000002 -1.570797 0.000000 1.570796
    56 -0.000002 -0.000002 0.000004 -1.570797 0.000001 1.570796
    57 0.000003 0.000000 0.000000 -1.570796 0.000000 1.570796
    58 0.000002 0.000003 0.000000 -1.570796 0.000000 1.570796
    59 0.000000 0.000000 0.000000 -1.570796 0.000000 1.570796
    60 -0.000001 0.000011 0.000000 -1.570796 0.000000 1.570796
    61 0.000000 0.000000 0.000000 -1.570796 -0.000001 1.570796
    62 0.000000 -0.000001 0.000000 -1.570796 0.000000 1.570796
    63 -0.000002 0.000002 -0.000002 -1.570796 0.000000 1.570796
    64 0.000000 0.000000 0.000000 -1.570797 0.000000 1.570796
    65 0.000000 0.000000 0.000000 -1.570797 0.000000 1.570796
    66 0.000000 0.000000 0.000000 1.570796 0.000000 1.570796
    67 0.000000 1.500000 0.000000 1.570796 0.000000 1.570796
    68 0.000000 0.300001 0.000000 1.570796 0.000000 1.570796
    69 -0.000011 0.000002 -0.000004 -3.141593 0.000001 1.570796
    70 0.000000 0.000000 0.000000 3.141593 0.000000 1.570796
    71 0.000001 0.000000 0.000000 -3.141593 0.000000 1.221730
    72 0.000000 0.000000 0.000000 3.141593 0.000000 1.570796
    73 0.000000 -0.000002 0.000000 3.141593 0.000000 1.570796
    74 0.000004 0.000000 0.000000 3.141593 0.000000 1.570797
    75 -0.000004 0.000000 0.000002 -1.570796 0.000000 1.570796
    76 0.000000 -0.000001 0.000008 -1.570796 0.000000 1.570796
    77 0.000001 0.000000 0.000000 -1.570796 0.000000 1.570796
    78 0.000001 0.000002 0.000000 -1.570796 0.000000 1.570796
    79 0.000000 0.000000 0.000000 -1.570796 0.000000 1.570796
    80 0.000001 0.000000 0.000000 -1.570796 0.000000 1.570796
    81 0.000001 0.000000 0.000000 -1.570796 0.000001 1.570796
    82 -0.000001 0.000000 0.000002 -1.570796 0.000001 1.570796
    83 0.000001 0.000000 0.000000 -1.570796 0.000000 1.570796
  time 84
    0 0.508735 -12.563575 -8.933929 -4.004312 0.931875 -0.228243
    1 0.073573 17.526917 0.777220 0.000000 0.000001 0.000000
    2 -0.226386 1.442356 -0.608961 0.000000 -0.000001 0.000000
    3 -0.284276 5.666572 -0.738101 0.000000 0.000001 0.000000
    4 -0.045094 3.566423 0.891595 0.000000 -0.000001 0.000000
    5 -0.116185 1.807585 2.464996 0.350355 0.000002 0.000000
    6 0.000000 1.030615 0.000004 -3.089609 0.147195 -3.388090
    7 -0.000002 5.179932 -0.000037 -0.005720 -0.019902 0.000961
    8 -0.218267 25.777573 2.487072 2.711458 0.000002 0.000000
    9 0.000000 0.870350 0.000008 0.019175 0.051714 -0.340721
    10 0.000000 4.478401 0.000072 0.004667 0.029969 -0.005116
    11 3.388485 15.719567 6.866125 -1.901027 0.080298 0.229787
    12 4.835480 -24.992920 -6.110425 1.547439 -0.110446 2.095635
    13 -1.294654 1.473667 0.640471 2.361876 -0.514949 -2.105076
    14 0.000011 1.832554 0.000004 0.105696 -0.242323 -0.022342
    15 0.000000 1.003359 0.000001 0.156021 -0.012873 -0.172530
    16 -1.632739 4.327644 -0.483953 0.365948 0.282526 -0.018914
    17 -0.000010 1.637142 0.000010 1.001957 0.015772 -0.110368
    18 0.000007 1.100985 0.000004 0.016835 0.076935 -0.068142
    19 -0.500328 4.452953 -0.532495 0.396541 0.287798 0.017522
    20 -0.000010 1.442617 -0.000010 1.327527 0.029307 -0.036669
    21 -0.000003 1.302446 0.000004 0.004462 -0.041912 0.002947
    22 0.523221 4.540312 -0.480714 0.856087 0.290097 -0.284920
    23 -0.000001 1.198256 0.000008 0.732623 -0.133919 0.043066
    24 -0.000012 0.869780 0.000015 0.218278 0.063758 -0.018648
    25 1.354362 4.150681 -0.582655 0.848409 0.193448 -0.436427
    26 0.000000 1.157421 -0.000006 0.969721 -0.115771 0.002576
    27 0.000001 1.020055 0.000002 -0.120881 -0.015651 -0.025764
    28 5.003218 -8.070315 -8.112608 -2.408351 0.195932 0.302377
    29 0.000038 12.695422 -0.000004 -1.491438 0.451131 0.425991
    30 -2.531931 -10.756068 -7.747194 0.916565 -0.972267 2.860220
    31 -1.391397 1.476538 -0.700638 -1.757657 -1.119879 2.167452
    32 0.000002 1.751797 -0.000002 -0.382830 -0.196569 -0.169487
    33 0.000010 1.122969 0.000000 -0.357746 -0.049112 -0.094333
    34 -1.596883 4.441620 0.708540 1.365007 -1.150510 -1.273380
    35 -0.000008 1.481951 -0.000008 0.018943 -0.004055 1.246788
    36 0.000002 1.056648 -0.000004 -0.145240 -0.093322 0.961420
    37 -0.470901 4.219486 0.926555 -3.158796 -0.058330 -2.939043
    38 -0.000010 1.609821 0.000004 1.384824 0.015575 0.087176
    39 -0.000002 1.562311 0.000013 0.565651 0.025843 -0.031619
    40 0.576838 4.298388 0.639431 -2.731759 -0.062746 -2.944335
    41 0.000002 1.553762 -0.000008 1.108995 0.141510 0.010037
    42 0.000003 0.874434 -0.000006 0.743458 0.103906 0.205432
    43 1.459885 4.275572 0.219019 -2.276933 -0.186783 3.315556
    44 -0.000010 0.973051 -0.000004 1.315957 0.217351 0.114332
    45 0.000007 0.970890 0.000004 1.064902 0.084622 0.152347
    46 -7.008868 4.575658 -7.491495 -1.993417 0.882092 0.605589
    47 0.000011 12.706367 0.000010 -1.746869 0.275437 0.165561
    48 0.000000 0.000000 0.000000 1.570796 0.000000 1.570796
    49 -0.000006 1.500006 0.000000 1.570796 0.000000 1.570796
    50 0.000000 -0.299999 0.000000 -1.570796 0.000000 1.570796
    51 0.000000 0.000000 0.000000 0.000000 0.000000 1.570796
    52 0.000000 0.000000 0.000000 0.000000 0.000000 1.570796
    53 0.000000 0.000002 0.000001 0.000000 0.000000 1.919862
    54 0.000000 0.000000 0.000000 -1.570796 0.000000 1.570796
    55 0.000000 0.000000 0.000002 -1.570797 0.000000 1.570796
    56 -0.000002 -0.000002 0.000004 -1.570797 0.000001 1.570796
    57 0.000003 0.000000 0.000000 -1.570796 0.000000 1.570796
    58 0.000002 0.000003 0.000000 -1.570796 0.000000 1.570796
    59 0.000000 0.000000 0.000000 -1.570796 0.000000 1.570796
    60 -0.000001 0.000011 0.000000 -1.570796 0.000000 1.570796
    61 0.000000 0.000000 0.000000 -1.570796 -0.000001 1.570796
    62 0.000000 -0.000001 0.000000 -1.570796 0.000000 1.570796
    63 -0.000002 0.000002 -0.000002 -1.570796 0.000000 1.570796
    64 0.000000 0.000000 0.000000 -1.570797 0.000000 1.570796
    65 0.000000 0.000000 0.000000 -1.570797 0.000000 1.570796
    66 0.000000 0.000000 0.000000 1.570796 0.000000 1.570796
    67 0.000000 1.500000 0.000000 1.570796 0.000000 1.570796
    68 0.000000 0.300001 0.000000 1.570796 0.000000 1.570796
    69 -0.000011 0.000002 -0.000004 -3.141593 0.000001 1.570796
    70 0.000000 0.000000 0.000000 3.141593 0.000000 1.570796
    71 0.000001 0.000000 0.000000 -3.141593 0.000000 1.221730
    72 0.000000 0.000000 0.000000 3.141593 0.000000 1.570796
    73 0.000000 -0.000002 0.000000 3.141593 0.000000 1.570796
    74 0.000004 0.000000 0.000000 3.141593 0.000000 1.570797
    75 -0.000004 0.000000 0.000002 -1.570796 0.000000 1.570796
    76 0.000000 -0.000001 0.000008 -1.570796 0.000000 1.570796
    77 0.000001 0.000000 0.000000 -1.570796 0.000000 1.570796
    78 0.000001 0.000002 0.000000 -1.570796 0.000000 1.570796
    79 0.000000 0.000000 0.000000 -1.570796 0.000000 1.570796
    80 0.000001 0.000000 0.000000 -1.570796 0.000000 1.570796
    81 0.000001 0.000000 0.000000 -1.570796 0.000001 1.570796
    82 -0.000001 0.000000 0.000002 -1.570796 0.000001 1.570796
    83 0.000001 0.000000 0.000000 -1.570796 0.000000 1.570796
  time 85
    0 0.504829 -12.559669 -8.945648 -3.998794 0.927563 -0.219968
    1 0.073573 17.526917 0.777220 0.000000 0.000001 0.000000
    2 -0.226386 1.446262 -0.608961 0.000000 -0.000001 0.000000
    3 -0.288183 5.666572 -0.734195 0.000000 0.000001 0.000000
    4 -0.045094 3.566423 0.891595 0.000000 -0.000001 0.000000
    5 -0.116185 1.807585 2.464996 0.350472 0.000002 0.000000
    6 0.000000 1.030615 0.000004 -3.089578 0.147339 -3.388295
    7 -0.000002 5.179932 -0.000037 -0.005720 -0.019938 0.000961
    8 -0.218267 25.777573 2.487072 2.711602 0.000002 0.000000
    9 0.000000 0.870350 0.000008 0.019175 0.051666 -0.340774
    10 0.000000 4.478401 0.000072 0.004634 0.029933 -0.005116
    11 3.380672 15.700035 6.862219 -1.901040 0.080298 0.229787
    12 4.866731 -24.973388 -6.110425 1.541991 -0.110009 2.099850
    13 -1.294654 1.473667 0.640471 2.361876 -0.514949 -2.105076
    14 0.000011 1.832554 0.000004 0.105696 -0.242323 -0.022342
    15 0.000000 1.003359 0.000001 0.156021 -0.012885 -0.172530
    16 -1.632739 4.327644 -0.483953 0.365948 0.282526 -0.018914
    17 -0.000010 1.637142 0.000010 1.001957 0.015772 -0.110368
    18 0.000007 1.100985 0.000004 0.016835 0.076935 -0.068142
    19 -0.500328 4.452953 -0.532495 0.396541 0.287798 0.017522
    20 -0.000010 1.442617 -0.000010 1.327527 0.029307 -0.036669
    21 -0.000003 1.302446 0.000004 0.004462 -0.041912 0.002935
    22 0.523221 4.540312 -0.480714 0.856087 0.290097 -0.284920
    23 -0.000001 1.198256 0.000008 0.732623 -0.133919 0.043054
    24 -0.000012 0.869780 0.000015 0.218278 0.063758 -0.018624
    25 1.354362 4.150681 -0.582655 0.848432 0.193448 -0.436427
    26 0.000000 1.157421 -0.000006 0.969721 -0.115771 0.002576
    27 0.000001 1.020055 0.000002 -0.120881 -0.015651 -0.025764
    28 5.003218 -8.070315 -8.112608 -2.406842 0.196395 0.304567
    29 0.000038 12.695422 -0.000004 -1.493005 0.451692 0.426017
    30 -2.555369 -10.752162 -7.751100 0.910266 -0.968284 2.869379
    31 -1.391397 1.476538 -0.700638 -1.757484 -1.119879 2.167452
    32 0.000002 1.751797 -0.000002 -0.382830 -0.196569 -0.169475
    33 0.000010 1.122969 0.000000 -0.357746 -0.049112 -0.094333
    34 -1.596883 4.441620 0.708540 1.365007 -1.150510 -1.273380
    35 -0.000008 1.481951 -0.000008 0.018943 -0.004055 1.246788
    36 0.000002 1.056648 -0.000004 -0.145240 -0.093322 0.961347
    37 -0.470901 4.219486 0.926555 -3.158796 -0.058330 -2.939043
    38 -0.000010 1.609821 0.000004 1.384824 0.015575 0.087176
    39 -0.000002 1.562311 0.000013 0.565375 0.025843 -0.031619
    40 0.576838 4.298388 0.639431 -2.731747 -0.062746 -2.944311
    41 0.000002 1.553762 -0.000008 1.108995 0.141474 0.010013
    42 0.000003 0.874434 -0.000006 0.743560 0.103954 0.205324
    43 1.459885 4.275572 0.219019 -2.277365 -0.186783 3.315556
    44 -0.000010 0.973051 -0.000004 1.315957 0.217351 0.114332
    45 0.000007 0.970890 0.000004 1.064462 0.084634 0.152311
    46 -7.008868 4.575658 -7.491495 -1.995007 0.877868 0.603117
    47 0.000011 12.706367 0.000010 -1.746407 0.275341 0.165573
    48 0.000000 0.000000 0.000000 1.570796 0.000000 1.570796
    49 -0.000006 1.500006 0.000000 1.570796 0.000000 1.570796
    50 0.000000 -0.299999 0.000000 -1.570796 0.000000 1.570796
    51 0.000000 0.000000 0.000000 0.000000 0.000000 1.570796
    52 0.000000 0.000000 0.000000 0.000000 0.000000 1.570796
    53 0.000000 0.000002 0.000001 0.000000 0.000000 1.919862
    54 0.000000 0.000000 0.000000 -1.570796 0.000000 1.570796
    55 0.000000 0.000000 0.000002 -1.570797 0.000000 1.570796
    56 -0.000002 -0.000002 0.000004 -1.570797 0.000001 1.570796
    57 0.000003 0.000000 0.000000 -1.570796 0.000000 1.570796
    58 0.000002 0.000003 0.000000 -1.570796 0.000000 1.570796
    59 0.000000 0.000000 0.000000 -1.570796 0.000000 1.570796
    60 -0.000001 0.000011 0.000000 -1.570796 0.000000 1.570796
    61 0.000000 0.000000 0.000000 -1.570796 -0.000001 1.570796
    62 0.000000 -0.000001 0.000000 -1.570796 0.000000 1.570796
    63 -0.000002 0.000002 -0.000002 -1.570796 0.000000 1.570796
    64 0.000000 0.000000 0.000000 -1.570797 0.000000 1.570796
    65 0.000000 0.000000 0.000000 -1.570797 0.000000 1.570796
    66 0.000000 0.000000 0.000000 1.570796 0.000000 1.570796
    67 0.000000 1.500000 0.000000 1.570796 0.000000 1.570796
    68 0.000000 0.300001 0.000000 1.570796 0.000000 1.570796
    69 -0.000011 0.000002 -0.000004 -3.141593 0.000001 1.570796
    70 0.000000 0.000000 0.000000 3.141593 0.000000 1.570796
    71 0.000001 0.000000 0.000000 -3.141593 0.000000 1.221730
    72 0.000000 0.000000 0.000000 3.141593 0.000000 1.570796
    73 0.000000 -0.000002 0.000000 3.141593 0.000000 1.570796
    74 0.000004 0.000000 0.000000 3.141593 0.000000 1.570797
    75 -0.000004 0.000000 0.000002 -1.570796 0.000000 1.570796
    76 0.000000 -0.000001 0.000008 -1.570796 0.000000 1.570796
    77 0.000001 0.000000 0.000000 -1.570796 0.000000 1.570796
    78 0.000001 0.000002 0.000000 -1.570796 0.000000 1.570796
    79 0.000000 0.000000 0.000000 -1.570796 0.000000 1.570796
    80 0.000001 0.000000 0.000000 -1.570796 0.000000 1.570796
    81 0.000001 0.000000 0.000000 -1.570796 0.000001 1.570796
    82 -0.000001 0.000000 0.000002 -1.570796 0.000001 1.570796
    83 0.000001 0.000000 0.000000 -1.570796 0.000000 1.570796
  time 86
    0 0.500922 -12.555763 -8.945648 -3.993212 0.923062 -0.211421
    1 0.073573 17.526917 0.777220 0.000000 0.000001 0.000000
    2 -0.226386 1.457982 -0.608961 0.000000 -0.000001 0.000000
    3 -0.276464 5.666572 -0.738101 0.000000 0.000001 0.000000
    4 -0.045094 3.566423 0.891595 0.000000 -0.000001 0.000000
    5 -0.116185 1.807585 2.464996 0.350590 0.000002 0.000000
    6 0.000000 1.030615 0.000004 -3.089578 0.147555 -3.388421
    7 -0.000002 5.179932 -0.000037 -0.005720 -0.019974 0.000961
    8 -0.218267 25.777573 2.487072 2.711734 0.000002 0.000000
    9 0.000000 0.870350 0.000008 0.019175 0.051630 -0.340787
    10 0.000000 4.478401 0.000072 0.004617 0.029885 -0.005116
    11 3.392392 15.700035 6.854406 -1.901040 0.080298 0.229787
    12 4.897982 -24.957763 -6.118238 1.536387 -0.109384 2.104809
    13 -1.294654 1.473667 0.640471 2.361876 -0.514949 -2.105076
    14 0.000011 1.832554 0.000004 0.105696 -0.242323 -0.022342
    15 0.000000 1.003359 0.000001 0.156033 -0.012885 -0.172530
    16 -1.632739 4.327644 -0.483953 0.365948 0.282526 -0.018914
    17 -0.000010 1.637142 0.000010 1.001957 0.015772 -0.110368
    18 0.000007 1.100985 0.000004 0.016835 0.076935 -0.068142
    19 -0.500328 4.452953 -0.532495 0.396541 0.287798 0.017522
    20 -0.000010 1.442617 -0.000010 1.327527 0.029307 -0.036669
    21 -0.000003 1.302446 0.000004 0.004462 -0.041912 0.002947
    22 0.523221 4.540312 -0.480714 0.856111 0.290097 -0.284920
    23 -0.000001 1.198256 0.000008 0.732623 -0.133919 0.043054
    24 -0.000012 0.869780 0.000015 0.218278 0.063758 -0.018624
    25 1.354362 4.150681 -0.582655 0.848432 0.193448 -0.436427
    26 0.000000 1.157421 -0.000006 0.969721 -0.115771 0.002576
    27 0.000001 1.020055 0.000002 -0.120881 -0.015651 -0.025764
    28 5.003218 -8.070315 -8.112608 -2.405484 0.196858 0.306757
    29 0.000038 12.695422 -0.000004 -1.494572 0.452349 0.426004
    30 -2.570994 -10.763881 -7.770632 0.904060 -0.963689 2.878538
    31 -1.391397 1.476538 -0.700638 -1.757657 -1.119891 2.167452
    32 0.000002 1.751797 -0.000002 -0.382830 -0.196569 -0.169487
    33 0.000010 1.122969 0.000000 -0.357746 -0.049112 -0.094333
    34 -1.596883 4.441620 0.708540 1.365007 -1.150510 -1.273380
    35 -0.000008 1.481951 -0.000008 0.018943 -0.004055 1.246788
    36 0.000002 1.056648 -0.000004 -0.145240 -0.093322 0.961396
    37 -0.470901 4.219486 0.926555 -3.158796 -0.058330 -2.939043
    38 -0.000010 1.609821 0.000004 1.384824 0.015575 0.087176
    39 -0.000002 1.562311 0.000013 0.565038 0.025843 -0.031619
    40 0.576838 4.298388 0.639431 -2.731759 -0.062746 -2.944335
    41 0.000002 1.553762 -0.000008 1.109136 0.141450 0.009989
    42 0.000003 0.874434 -0.000006 0.743642 0.104014 0.205192
    43 1.459885 4.275572 0.219019 -2.277664 -0.186771 3.315556
    44 -0.000010 0.973051 -0.000004 1.315957 0.217351 0.114332
    45 0.000007 0.970890 0.000004 1.064102 0.084670 0.152275
    46 -7.008868 4.575658 -7.491495 -1.996421 0.873408 0.600645
    47 0.000011 12.706367 0.000010 -1.746253 0.275257 0.165585
    48 0.000000 0.000000 0.000000 1.570796 0.000000 1.570796
    49 -0.000006 1.500006 0.000000 1.570796 0.000000 1.570796
    50 0.000000 -0.299999 0.000000 -1.570796 0.000000 1.570796
    51 0.000000 0.000000 0.000000 0.000000 0.000000 1.570796
    52 0.000000 0.000000 0.000000 0.000000 0.000000 1.570796
    53 0.000000 0.000002 0.000001 0.000000 0.000000 1.919862
    54 0.000000 0.000000 0.000000 -1.570796 0.000000 1.570796
    55 0.000000 0.000000 0.000002 -1.570797 0.000000 1.570796
    56 -0.000002 -0.000002 0.000004 -1.570797 0.000001 1.570796
    57 0.000003 0.000000 0.000000 -1.570796 0.000000 1.570796
    58 0.000002 0.000003 0.000000 -1.570796 0.000000 1.570796
    59 0.000000 0.000000 0.000000 -1.570796 0.000000 1.570796
    60 -0.000001 0.000011 0.000000 -1.570796 0.000000 1.570796
    61 0.000000 0.000000 0.000000 -1.570796 -0.000001 1.570796
    62 0.000000 -0.000001 0.000000 -1.570796 0.000000 1.570796
    63 -0.000002 0.000002 -0.000002 -1.570796 0.000000 1.570796
    64 0.000000 0.000000 0.000000 -1.570797 0.000000 1.570796
    65 0.000000 0.000000 0.000000 -1.570797 0.000000 1.570796
    66 0.000000 0.000000 0.000000 1.570796 0.000000 1.570796
    67 0.000000 1.500000 0.000000 1.570796 0.000000 1.570796
    68 0.000000 0.300001 0.000000 1.570796 0.000000 1.570796
    69 -0.000011 0.000002 -0.000004 -3.141593 0.000001 1.570796
    70 0.000000 0.000000 0.000000 3.141593 0.000000 1.570796
    71 0.000001 0.000000 0.000000 -3.141593 0.000000 1.221730
    72 0.000000 0.000000 0.000000 3.141593 0.000000 1.570796
    73 0.000000 -0.000002 0.000000 3.141593 0.000000 1.570796
    74 0.000004 0.000000 0.000000 3.141593 0.000000 1.570797
    75 -0.000004 0.000000 0.000002 -1.570796 0.000000 1.570796
    76 0.000000 -0.000001 0.000008 -1.570796 0.000000 1.570796
    77 0.000001 0.000000 0.000000 -1.570796 0.000000 1.570796
    78 0.000001 0.000002 0.000000 -1.570796 0.000000 1.570796
    79 0.000000 0.000000 0.000000 -1.570796 0.000000 1.570796
    80 0.000001 0.000000 0.000000 -1.570796 0.000000 1.570796
    81 0.000001 0.000000 0.000000 -1.570796 0.000001 1.570796
    82 -0.000001 0.000000 0.000002 -1.570796 0.000001 1.570796
    83 0.000001 0.000000 0.000000 -1.570796 0.000000 1.570796
  time 87
    0 0.497016 -12.551856 -8.949554 -3.987502 0.918278 -0.202670
    1 0.073573 17.526917 0.777220 0.000000 0.000001 0.000000
    2 -0.226386 1.434543 -0.608961 0.000000 -0.000001 0.000000
    3 -0.288183 5.658759 -0.738101 0.000000 0.000001 0.000000
    4 -0.045094 3.566423 0.891595 0.000000 -0.000001 0.000000
    5 -0.116185 1.807585 2.464996 0.350648 0.000002 0.000000
    6 0.000000 1.030615 0.000004 -3.089547 0.147759 -3.388421
    7 -0.000002 5.179932 -0.000037 -0.005720 -0.020010 0.000961
    8 -0.218267 25.777573 2.487072 2.711806 0.000002 0.000000
    9 0.000000 0.870350 0.000008 0.019175 0.051594 -0.340827
    10 0.000000 4.478401 0.000072 0.004617 0.029837 -0.005116
    11 3.376766 15.703941 6.850500 -1.901027 0.080298 0.229787
    12 4.929233 -24.930418 -6.126051 1.530472 -0.108634 2.108942
    13 -1.294654 1.473667 0.640471 2.361876 -0.514949 -2.105076
    14 0.000011 1.832554 0.000004 0.105696 -0.242323 -0.022342
    15 0.000000 1.003359 0.000001 0.156021 -0.012861 -0.172530
    16 -1.632739 4.327644 -0.483953 0.365948 0.282526 -0.018914
    17 -0.000010 1.637142 0.000010 1.001957 0.015772 -0.110368
    18 0.000007 1.100985 0.000004 0.016835 0.076935 -0.068142
    19 -0.500328 4.452953 -0.532495 0.396541 0.287798 0.017522
    20 -0.000010 1.442617 -0.000010 1.327527 0.029307 -0.036669
    21 -0.000003 1.302446 0.000004 0.004462 -0.041912 0.002935
    22 0.523221 4.540312 -0.480714 0.856087 0.290097 -0.284920
    23 -0.000001 1.198256 0.000008 0.732623 -0.133919 0.043054
    24 -0.000012 0.869780 0.000015 0.218278 0.063758 -0.018648
    25 1.354362 4.150681 -0.582655 0.848432 0.193448 -0.436427
    26 0.000000 1.157421 -0.000006 0.969721 -0.115771 0.002576
    27 0.000001 1.020055 0.000002 -0.120881 -0.015651 -0.025764
    28 5.003218 -8.070315 -8.112608 -2.403749 0.197321 0.309084
    29 0.000038 12.695422 -0.000004 -1.496344 0.453045 0.426017
    30 -2.594433 -10.775600 -7.778445 0.897761 -0.959553 2.887983
    31 -1.391397 1.476538 -0.700638 -1.757657 -1.119867 2.167452
    32 0.000002 1.751797 -0.000002 -0.382830 -0.196569 -0.169487
    33 0.000010 1.122969 0.000000 -0.357758 -0.049112 -0.094345
    34 -1.596883 4.441620 0.708540 1.365007 -1.150510 -1.273380
    35 -0.000008 1.481951 -0.000008 0.018943 -0.004055 1.246788
    36 0.000002 1.056648 -0.000004 -0.145240 -0.093322 0.961396
    37 -0.470901 4.219486 0.926555 -3.158796 -0.058330 -2.939043
    38 -0.000010 1.609821 0.000004 1.384805 0.015575 0.087176
    39 -0.000002 1.562311 0.000013 0.564793 0.025843 -0.031619
    40 0.576838 4.298388 0.639431 -2.731759 -0.062746 -2.944335
    41 0.000002 1.553762 -0.000008 1.109221 0.141415 0.009965
    42 0.000003 0.874434 -0.000006 0.743725 0.104086 0.204964
    43 1.459885 4.275572 0.219019 -2.278168 -0.186759 3.315556
    44 -0.000010 0.973051 -0.000004 1.315848 0.217351 0.114332
    45 0.000007 0.970890 0.000004 1.063822 0.084730 0.152227
    46 -7.008868 4.575658 -7.491495 -1.997716 0.868800 0.598088
    47 0.000011 12.706367 0.000010 -1.746176 0.275185 0.165609
    48 0.000000 0.000000 0.000000 1.570796 0.000000 1.570796
    49 -0.000006 1.500006 0.000000 1.570796 0.000000 1.570796
    50 0.000000 -0.299999 0.000000 -1.570796 0.000000 1.570796
    51 0.000000 0.000000 0.000000 0.000000 0.000000 1.570796
    52 0.000000 0.000000 0.000000 0.000000 0.000000 1.570796
    53 0.000000 0.000002 0.000001 0.000000 0.000000 1.919862
    54 0.000000 0.000000 0.000000 -1.570796 0.000000 1.570796
    55 0.000000 0.000000 0.000002 -1.570797 0.000000 1.570796
    56 -0.000002 -0.000002 0.000004 -1.570797 0.000001 1.570796
    57 0.000003 0.000000 0.000000 -1.570796 0.000000 1.570796
    58 0.000002 0.000003 0.000000 -1.570796 0.000000 1.570796
    59 0.000000 0.000000 0.000000 -1.570796 0.000000 1.570796
    60 -0.000001 0.000011 0.000000 -1.570796 0.000000 1.570796
    61 0.000000 0.000000 0.000000 -1.570796 -0.000001 1.570796
    62 0.000000 -0.000001 0.000000 -1.570796 0.000000 1.570796
    63 -0.000002 0.000002 -0.000002 -1.570796 0.000000 1.570796
    64 0.000000 0.000000 0.000000 -1.570797 0.000000 1.570796
    65 0.000000 0.000000 0.000000 -1.570797 0.000000 1.570796
    66 0.000000 0.000000 0.000000 1.570796 0.000000 1.570796
    67 0.000000 1.500000 0.000000 1.570796 0.000000 1.570796
    68 0.000000 0.300001 0.000000 1.570796 0.000000 1.570796
    69 -0.000011 0.000002 -0.000004 -3.141593 0.000001 1.570796
    70 0.000000 0.000000 0.000000 3.141593 0.000000 1.570796
    71 0.000001 0.000000 0.000000 -3.141593 0.000000 1.221730
    72 0.000000 0.000000 0.000000 3.141593 0.000000 1.570796
    73 0.000000 -0.000002 0.000000 3.141593 0.000000 1.570796
    74 0.000004 0.000000 0.000000 3.141593 0.000000 1.570797
    75 -0.000004 0.000000 0.000002 -1.570796 0.000000 1.570796
    76 0.000000 -0.000001 0.000008 -1.570796 0.000000 1.570796
    77 0.000001 0.000000 0.000000 -1.570796 0.000000 1.570796
    78 0.000001 0.000002 0.000000 -1.570796 0.000000 1.570796
    79 0.000000 0.000000 0.000000 -1.570796 0.000000 1.570796
    80 0.000001 0.000000 0.000000 -1.570796 0.000000 1.570796
    81 0.000001 0.000000 0.000000 -1.570796 0.000001 1.570796
    82 -0.000001 0.000000 0.000002 -1.570796 0.000001 1.570796
    83 0.000001 0.000000 0.000000 -1.570796 0.000000 1.570796
  time 88
    0 0.489203 -12.547950 -8.953461 -3.982049 0.913588 -0.193852
    1 0.073573 17.526917 0.777220 0.000000 0.000001 0.000000
    2 -0.226386 1.442356 -0.608961 0.000000 -0.000001 0.000000
    3 -0.288183 5.662665 -0.745914 0.000000 0.000001 0.000000
    4 -0.045094 3.566423 0.891595 0.000000 -0.000001 0.000000
    5 -0.116185 1.807585 2.464996 0.350765 0.000002 0.000000
    6 0.000000 1.030615 0.000004 -3.089516 0.147867 -3.388515
    7 -0.000002 5.179932 -0.000037 -0.005720 -0.020046 0.000961
    8 -0.218267 25.777573 2.487072 2.711878 0.000002 0.000000
    9 0.000000 0.870350 0.000008 0.019175 0.051546 -0.340840
    10 0.000000 4.478401 0.000072 0.004601 0.029789 -0.005104
    11 3.372860 15.700035 6.862219 -1.901027 0.080298 0.229787
    12 4.968296 -24.930418 -6.141676 1.524790 -0.107947 2.114810
    13 -1.294654 1.473667 0.640471 2.361876 -0.514949 -2.105076
    14 0.000011 1.832554 0.000004 0.105696 -0.242323 -0.022342
    15 0.000000 1.003359 0.000001 0.156021 -0.012825 -0.172530
    16 -1.632739 4.327644 -0.483953 0.365948 0.282526 -0.018914
    17 -0.000010 1.637142 0.000010 1.001957 0.015772 -0.110368
    18 0.000007 1.100985 0.000004 0.016835 0.076935 -0.068142
    19 -0.500328 4.452953 -0.532495 0.396541 0.287798 0.017522
    20 -0.000010 1.442617 -0.000010 1.327527 0.029307 -0.036669
    21 -0.000003 1.302446 0.000004 0.004462 -0.041912 0.002947
    22 0.523221 4.540312 -0.480714 0.856087 0.290097 -0.284920
    23 -0.000001 1.198256 0.000008 0.732623 -0.133919 0.043054
    24 -0.000012 0.869780 0.000015 0.218278 0.063758 -0.018648
    25 1.354362 4.150681 -0.582655 0.848409 0.193448 -0.436427
    26 0.000000 1.157421 -0.000006 0.969721 -0.115771 0.002576
    27 0.000001 1.020055 0.000002 -0.120881 -0.015651 -0.025764
    28 5.003218 -8.070315 -8.112608 -2.402240 0.197718 0.311411
    29 0.000038 12.695422 -0.000004 -1.497979 0.453799 0.426239
    30 -2.625684 -10.799038 -7.790164 0.891740 -0.954728 2.897905
    31 -1.391397 1.476538 -0.700638 -1.757484 -1.119879 2.167452
    32 0.000002 1.751797 -0.000002 -0.382830 -0.196569 -0.169487
    33 0.000010 1.122969 0.000000 -0.357758 -0.049112 -0.094345
    34 -1.596883 4.441620 0.708540 1.365007 -1.150510 -1.273380
    35 -0.000008 1.481951 -0.000008 0.018943 -0.004055 1.246788
    36 0.000002 1.056648 -0.000004 -0.145240 -0.093322 0.961396
    37 -0.470901 4.219486 0.926555 -3.158809 -0.058330 -2.939043
    38 -0.000010 1.609821 0.000004 1.384824 0.015575 0.087176
    39 -0.000002 1.562311 0.000013 0.564486 0.025843 -0.031619
    40 0.576838 4.298388 0.639431 -2.731747 -0.062746 -2.944335
    41 0.000002 1.553762 -0.000008 1.109334 0.141391 0.009929
    42 0.000003 0.874434 -0.000006 0.743827 0.104278 0.204820
    43 1.459885 4.275572 0.219019 -2.278503 -0.186783 3.315556
    44 -0.000010 0.973051 -0.000004 1.315848 0.217351 0.114332
    45 0.000007 0.970890 0.000004 1.063422 0.084742 0.152192
    46 -7.008868 4.575658 -7.491495 -1.999247 0.864015 0.595446
    47 0.000011 12.706367 0.000010 -1.745791 0.275101 0.165621
    48 0.000000 0.000000 0.000000 1.570796 0.000000 1.570796
    49 -0.000006 1.500006 0.000000 1.570796 0.000000 1.570796
    50 0.000000 -0.299999 0.000000 -1.570796 0.000000 1.570796
    51 0.000000 0.000000 0.000000 0.000000 0.000000 1.570796
    52 0.000000 0.000000 0.000000 0.000000 0.000000 1.570796
    53 0.000000 0.000002 0.000001 0.000000 0.000000 1.919862
    54 0.000000 0.000000 0.000000 -1.570796 0.000000 1.570796
    55 0.000000 0.000000 0.000002 -1.570797 0.000000 1.570796
    56 -0.000002 -0.000002 0.000004 -1.570797 0.000001 1.570796
    57 0.000003 0.000000 0.000000 -1.570796 0.000000 1.570796
    58 0.000002 0.000003 0.000000 -1.570796 0.000000 1.570796
    59 0.000000 0.000000 0.000000 -1.570796 0.000000 1.570796
    60 -0.000001 0.000011 0.000000 -1.570796 0.000000 1.570796
    61 0.000000 0.000000 0.000000 -1.570796 -0.000001 1.570796
    62 0.000000 -0.000001 0.000000 -1.570796 0.000000 1.570796
    63 -0.000002 0.000002 -0.000002 -1.570796 0.000000 1.570796
    64 0.000000 0.000000 0.000000 -1.570797 0.000000 1.570796
    65 0.000000 0.000000 0.000000 -1.570797 0.000000 1.570796
    66 0.000000 0.000000 0.000000 1.570796 0.000000 1.570796
    67 0.000000 1.500000 0.000000 1.570796 0.000000 1.570796
    68 0.000000 0.300001 0.000000 1.570796 0.000000 1.570796
    69 -0.000011 0.000002 -0.000004 -3.141593 0.000001 1.570796
    70 0.000000 0.000000 0.000000 3.141593 0.000000 1.570796
    71 0.000001 0.000000 0.000000 -3.141593 0.000000 1.221730
    72 0.000000 0.000000 0.000000 3.141593 0.000000 1.570796
    73 0.000000 -0.000002 0.000000 3.141593 0.000000 1.570796
    74 0.000004 0.000000 0.000000 3.141593 0.000000 1.570797
    75 -0.000004 0.000000 0.000002 -1.570796 0.000000 1.570796
    76 0.000000 -0.000001 0.000008 -1.570796 0.000000 1.570796
    77 0.000001 0.000000 0.000000 -1.570796 0.000000 1.570796
    78 0.000001 0.000002 0.000000 -1.570796 0.000000 1.570796
    79 0.000000 0.000000 0.000000 -1.570796 0.000000 1.570796
    80 0.000001 0.000000 0.000000 -1.570796 0.000000 1.570796
    81 0.000001 0.000000 0.000000 -1.570796 0.000001 1.570796
    82 -0.000001 0.000000 0.000002 -1.570796 0.000001 1.570796
    83 0.000001 0.000000 0.000000 -1.570796 0.000000 1.570796
  time 89
    0 0.485297 -12.540137 -8.957367 -3.976659 0.908615 -0.185034
    1 0.073573 17.526917 0.777220 0.000000 0.000001 0.000000
    2 -0.226386 1.446262 -0.608961 0.000000 -0.000001 0.000000
    3 -0.288183 5.654853 -0.738101 0.000000 0.000001 0.000000
    4 -0.045094 3.566423 0.891595 0.000000 -0.000001 0.000000
    5 -0.116185 1.807585 2.464996 0.350765 0.000002 0.000000
    6 0.000000 1.030615 0.000004 -3.089516 0.147867 -3.388594
    7 -0.000002 5.179932 -0.000037 -0.005720 -0.020082 0.000961
    8 -0.218267 25.777573 2.487072 2.711950 0.000002 0.000000
    9 0.000000 0.870350 0.000008 0.019175 0.051510 -0.340827
    10 0.000000 4.478401 0.000072 0.004550 0.029621 -0.005104
    11 3.400204 15.700035 6.854406 -1.901027 0.080298 0.229787
    12 4.991735 -24.906980 -6.141676 1.519108 -0.107072 2.120017
    13 -1.294654 1.473667 0.640471 2.361876 -0.514949 -2.105076
    14 0.000011 1.832554 0.000004 0.105696 -0.242323 -0.022342
    15 0.000000 1.003359 0.000001 0.156021 -0.012861 -0.172530
    16 -1.632739 4.327644 -0.483953 0.365948 0.282526 -0.018914
    17 -0.000010 1.637142 0.000010 1.001957 0.015772 -0.110368
    18 0.000007 1.100985 0.000004 0.016835 0.076935 -0.068142
    19 -0.500328 4.452953 -0.532495 0.396541 0.287798 0.017522
    20 -0.000010 1.442617 -0.000010 1.327527 0.029307 -0.036669
    21 -0.000003 1.302446 0.000004 0.004462 -0.041912 0.002947
    22 0.523221 4.540312 -0.480714 0.856087 0.290097 -0.284920
    23 -0.000001 1.198256 0.000008 0.732623 -0.133919 0.043066
    24 -0.000012 0.869780 0.000015 0.218278 0.063758 -0.018648
    25 1.354362 4.150681 -0.582655 0.848409 0.193448 -0.436427
    26 0.000000 1.157421 -0.000006 0.969721 -0.115771 0.002576
    27 0.000001 1.020055 0.000002 -0.120881 -0.015651 -0.025764
    28 5.003218 -8.070315 -8.112608 -2.400505 0.198148 0.313806
    29 0.000038 12.695422 -0.000004 -1.500023 0.454611 0.426304
    30 -2.645215 -10.810757 -7.813602 0.885534 -0.949980 2.907255
    31 -1.391397 1.476538 -0.700638 -1.757484 -1.119879 2.167452
    32 0.000002 1.751797 -0.000002 -0.382830 -0.196569 -0.169487
    33 0.000010 1.122969 0.000000 -0.357746 -0.049112 -0.094333
    34 -1.596883 4.441620 0.708540 1.365007 -1.150510 -1.273380
    35 -0.000008 1.481951 -0.000008 0.018943 -0.004055 1.246788
    36 0.000002 1.056648 -0.000004 -0.145240 -0.093322 0.961396
    37 -0.470901 4.219486 0.926555 -3.158809 -0.058330 -2.939043
    38 -0.000010 1.609821 0.000004 1.384805 0.015575 0.087176
    39 -0.000002 1.562311 0.000013 0.564119 0.025843 -0.031619
    40 0.576838 4.298388 0.639431 -2.731747 -0.062746 -2.944335
    41 0.000002 1.553762 -0.000008 1.109362 0.141391 0.009905
    42 0.000003 0.874434 -0.000006 0.743909 0.104362 0.204761
    43 1.459885 4.275572 0.219019 -2.278995 -0.186783 3.315472
    44 -0.000010 0.973051 -0.000004 1.315920 0.217351 0.114332
    45 0.000007 0.970890 0.000004 1.062961 0.084814 0.152168
    46 -7.008868 4.575658 -7.491495 -2.000425 0.858994 0.592718
    47 0.000011 12.706367 0.000010 -1.745483 0.274957 0.165621
    48 0.000000 0.000000 0.000000 1.570796 0.000000 1.570796
    49 -0.000006 1.500006 0.000000 1.570796 0.000000 1.570796
    50 0.000000 -0.299999 0.000000 -1.570796 0.000000 1.570796
    51 0.000000 0.000000 0.000000 0.000000 0.000000 1.570796
    52 0.000000 0.000000 0.000000 0.000000 0.000000 1.570796
    53 0.000000 0.000002 0.000001 0.000000 0.000000 1.919862
    54 0.000000 0.000000 0.000000 -1.570796 0.000000 1.570796
    55 0.000000 0.000000 0.000002 -1.570797 0.000000 1.570796
    56 -0.000002 -0.000002 0.000004 -1.570797 0.000001 1.570796
    57 0.000003 0.000000 0.000000 -1.570796 0.000000 1.570796
    58 0.000002 0.000003 0.000000 -1.570796 0.000000 1.570796
    59 0.000000 0.000000 0.000000 -1.570796 0.000000 1.570796
    60 -0.000001 0.000011 0.000000 -1.570796 0.000000 1.570796
    61 0.000000 0.000000 0.000000 -1.570796 -0.000001 1.570796
    62 0.000000 -0.000001 0.000000 -1.570796 0.000000 1.570796
    63 -0.000002 0.000002 -0.000002 -1.570796 0.000000 1.570796
    64 0.000000 0.000000 0.000000 -1.570797 0.000000 1.570796
    65 0.000000 0.000000 0.000000 -1.570797 0.000000 1.570796
    66 0.000000 0.000000 0.000000 1.570796 0.000000 1.570796
    67 0.000000 1.500000 0.000000 1.570796 0.000000 1.570796
    68 0.000000 0.300001 0.000000 1.570796 0.000000 1.570796
    69 -0.000011 0.000002 -0.000004 -3.141593 0.000001 1.570796
    70 0.000000 0.000000 0.000000 3.141593 0.000000 1.570796
    71 0.000001 0.000000 0.000000 -3.141593 0.000000 1.221730
    72 0.000000 0.000000 0.000000 3.141593 0.000000 1.570796
    73 0.000000 -0.000002 0.000000 3.141593 0.000000 1.570796
    74 0.000004 0.000000 0.000000 3.141593 0.000000 1.570797
    75 -0.000004 0.000000 0.000002 -1.570796 0.000000 1.570796
    76 0.000000 -0.000001 0.000008 -1.570796 0.000000 1.570796
    77 0.000001 0.000000 0.000000 -1.570796 0.000000 1.570796
    78 0.000001 0.000002 0.000000 -1.570796 0.000000 1.570796
    79 0.000000 0.000000 0.000000 -1.570796 0.000000 1.570796
    80 0.000001 0.000000 0.000000 -1.570796 0.000000 1.570796
    81 0.000001 0.000000 0.000000 -1.570796 0.000001 1.570796
    82 -0.000001 0.000000 0.000002 -1.570796 0.000001 1.570796
    83 0.000001 0.000000 0.000000 -1.570796 0.000000 1.570796
  time 90
    0 0.477484 -12.532324 -8.961273 -3.971334 0.903705 -0.176283
    1 0.073573 17.526917 0.777220 0.000000 0.000001 0.000000
    2 -0.226386 1.454075 -0.608961 0.000000 -0.000001 0.000000
    3 -0.288183 5.662665 -0.734195 0.000000 0.000001 0.000000
    4 -0.045094 3.566423 0.891595 0.000000 -0.000001 0.000000
    5 -0.116185 1.807585 2.464996 0.350921 0.000002 0.000000
    6 0.000000 1.030615 0.000004 -3.089485 0.147974 -3.388657
    7 -0.000002 5.179932 -0.000037 -0.005720 -0.020178 0.000961
    8 -0.218267 25.777573 2.487072 2.712010 0.000002 0.000000
    9 0.000000 0.870350 0.000008 0.019175 0.051462 -0.340827
    10 0.000000 4.478401 0.000072 0.004550 0.029561 -0.005104
    11 3.380672 15.700035 6.854406 -1.901027 0.080298 0.229787
    12 5.034705 -24.887448 -6.149489 1.513193 -0.106197 2.125224
    13 -1.294654 1.473667 0.640471 2.361876 -0.514949 -2.105093
    14 0.000011 1.832554 0.000004 0.105696 -0.242323 -0.022342
    15 0.000000 1.003359 0.000001 0.156021 -0.012861 -0.172530
    16 -1.632739 4.327644 -0.483953 0.365948 0.282538 -0.018902
    17 -0.000010 1.637142 0.000010 1.001957 0.015772 -0.110368
    18 0.000007 1.100985 0.000004 0.016835 0.076947 -0.068142
    19 -0.500328 4.452953 -0.532495 0.396541 0.287798 0.017522
    20 -0.000010 1.442617 -0.000010 1.327527 0.029302 -0.036670
    21 -0.000003 1.302446 0.000004 0.004462 -0.041912 0.002935
    22 0.523221 4.540312 -0.480714 0.856150 0.290072 -0.285049
    23 -0.000001 1.198256 0.000008 0.732623 -0.133919 0.043066
    24 -0.000012 0.869780 0.000015 0.218278 0.063758 -0.018624
    25 1.354362 4.150681 -0.582655 0.848432 0.193448 -0.436427
    26 0.000000 1.157421 -0.000006 0.969721 -0.115779 0.002582
    27 0.000001 1.020055 0.000002 -0.120881 -0.015655 -0.025766
    28 5.003218 -8.070315 -8.112608 -2.398770 0.198545 0.316133
    29 0.000038 12.695422 -0.000004 -1.502408 0.455500 0.426356
    30 -2.672560 -10.818570 -7.821415 0.879791 -0.945155 2.916223
    31 -1.391397 1.476538 -0.700638 -1.757657 -1.119915 2.167452
    32 0.000002 1.751797 -0.000002 -0.382818 -0.196569 -0.169475
    33 0.000010 1.122969 0.000000 -0.357783 -0.049012 -0.094326
    34 -1.596883 4.441620 0.708540 1.365007 -1.150510 -1.273621
    35 -0.000008 1.481951 -0.000008 0.018943 -0.004043 1.246788
    36 0.000002 1.056648 -0.000004 -0.145240 -0.093310 0.961445
    37 -0.470901 4.219486 0.926555 -3.158796 -0.058270 -2.939043
    38 -0.000010 1.609821 0.000004 1.384824 0.015575 0.087176
    39 -0.000002 1.562311 0.000013 0.563812 0.025843 -0.031619
    40 0.576838 4.298388 0.639431 -2.731747 -0.062746 -2.944335
    41 0.000002 1.553762 -0.000008 1.109475 0.141391 0.009869
    42 0.000003 0.874434 -0.000006 0.743992 0.104434 0.204701
    43 1.459885 4.275572 0.219019 -2.279366 -0.186771 3.315484
    44 -0.000010 0.973051 -0.000004 1.316030 0.217351 0.114332
    45 0.000007 0.970890 0.000004 1.062421 0.084838 0.152120
    46 -7.008868 4.575658 -7.491495 -2.001603 0.853707 0.589820
    47 0.000011 12.706367 0.000010 -1.745252 0.274885 0.165633
    48 0.000000 0.000000 0.000000 1.570796 0.000000 1.570796
    49 -0.000006 1.500006 0.000000 1.570796 0.000000 1.570796
    50 0.000000 -0.299999 0.000000 -1.570796 0.000000 1.570796
    51 0.000000 0.000000 0.000000 0.000000 0.000000 1.570796
    52 0.000000 0.000000 0.000000 0.000000 0.000000 1.570796
    53 0.000000 0.000002 0.000001 0.000000 0.000000 1.919862
    54 0.000000 0.000000 0.000000 -1.570796 0.000000 1.570796
    55 0.000000 0.000000 0.000002 -1.570797 0.000000 1.570796
    56 -0.000002 -0.000002 0.000004 -1.570797 0.000001 1.570796
    57 0.000003 0.000000 0.000000 -1.570796 0.000000 1.570796
    58 0.000002 0.000003 0.000000 -1.570796 0.000000 1.570796
    59 0.000000 0.000000 0.000000 -1.570796 0.000000 1.570796
    60 -0.000001 0.000011 0.000000 -1.570796 0.000000 1.570796
    61 0.000000 0.000000 0.000000 -1.570796 -0.000001 1.570796
    62 0.000000 -0.000001 0.000000 -1.570796 0.000000 1.570796
    63 -0.000002 0.000002 -0.000002 -1.570796 0.000000 1.570796
    64 0.000000 0.000000 0.000000 -1.570797 0.000000 1.570796
    65 0.000000 0.000000 0.000000 -1.570797 0.000000 1.570796
    66 0.000000 0.000000 0.000000 1.570796 0.000000 1.570796
    67 0.000000 1.500000 0.000000 1.570796 0.000000 1.570796
    68 0.000000 0.300001 0.000000 1.570796 0.000000 1.570796
    69 -0.000011 0.000002 -0.000004 -3.141593 0.000001 1.570796
    70 0.000000 0.000000 0.000000 3.141593 0.000000 1.570796
    71 0.000001 0.000000 0.000000 -3.141593 0.000000 1.221730
    72 0.000000 0.000000 0.000000 3.141593 0.000000 1.570796
    73 0.000000 -0.000002 0.000000 3.141593 0.000000 1.570796
    74 0.000004 0.000000 0.000000 3.141593 0.000000 1.570797
    75 -0.000004 0.000000 0.000002 -1.570796 0.000000 1.570796
    76 0.000000 -0.000001 0.000008 -1.570796 0.000000 1.570796
    77 0.000001 0.000000 0.000000 -1.570796 0.000000 1.570796
    78 0.000001 0.000002 0.000000 -1.570796 0.000000 1.570796
    79 0.000000 0.000000 0.000000 -1.570796 0.000000 1.570796
    80 0.000001 0.000000 0.000000 -1.570796 0.000000 1.570796
    81 0.000001 0.000000 0.000000 -1.570796 0.000001 1.570796
    82 -0.000001 0.000000 0.000002 -1.570796 0.000001 1.570796
    83 0.000001 0.000000 0.000000 -1.570796 0.000000 1.570796
  time 91
    0 0.465765 -12.524512 -8.965180 -3.966490 0.898732 -0.167736
    1 0.073573 17.526917 0.777220 0.000000 0.000001 0.000000
    2 -0.226386 1.446262 -0.608961 0.000000 -0.000001 0.000000
    3 -0.284276 5.674384 -0.730288 0.000000 0.000001 0.000000
    4 -0.045094 3.566423 0.891595 0.000000 -0.000001 0.000000
    5 -0.116185 1.807585 2.464996 0.350921 0.000002 0.000000
    6 0.000000 1.030615 0.000004 -3.089454 0.148094 -3.388720
    7 -0.000002 5.179932 -0.000037 -0.005720 -0.020262 0.000961
    8 -0.218267 25.777573 2.487072 2.712082 0.000002 0.000000
    9 0.000000 0.870350 0.000008 0.019175 0.051426 -0.340827
    10 0.000000 4.478401 0.000072 0.004534 0.029513 -0.005104
    11 3.380672 15.700035 6.862219 -1.901027 0.080298 0.229787
    12 5.065956 -24.856197 -6.157302 1.507200 -0.105135 2.130431
    13 -1.294654 1.473667 0.640471 2.361876 -0.514949 -2.105093
    14 0.000011 1.832554 0.000004 0.105696 -0.242323 -0.022342
    15 0.000000 1.003359 0.000001 0.156033 -0.012873 -0.172530
    16 -1.632739 4.327644 -0.483953 0.365948 0.282538 -0.018902
    17 -0.000010 1.637142 0.000010 1.001957 0.015772 -0.110368
    18 0.000007 1.100985 0.000004 0.016835 0.076947 -0.068142
    19 -0.500328 4.452953 -0.532495 0.396541 0.287798 0.017522
    20 -0.000010 1.442617 -0.000010 1.327527 0.029302 -0.036670
    21 -0.000003 1.302446 0.000004 0.004462 -0.041912 0.002911
    22 0.523221 4.540312 -0.480714 0.856150 0.290072 -0.285049
    23 -0.000001 1.198256 0.000008 0.732623 -0.133919 0.043066
    24 -0.000012 0.869780 0.000015 0.218278 0.063758 -0.018648
    25 1.354362 4.150681 -0.582655 0.848432 0.193448 -0.436427
    26 0.000000 1.157421 -0.000006 0.969721 -0.115779 0.002582
    27 0.000001 1.020055 0.000002 -0.120881 -0.015655 -0.025766
    28 5.003218 -8.070315 -8.112608 -2.397035 0.198975 0.318528
    29 0.000038 12.695422 -0.000004 -1.504452 0.456428 0.426343
    30 -2.699905 -10.814664 -7.833134 0.874326 -0.940406 2.925668
    31 -1.391397 1.476538 -0.700638 -1.757484 -1.119915 2.167452
    32 0.000002 1.751797 -0.000002 -0.382818 -0.196569 -0.169475
    33 0.000010 1.122969 0.000000 -0.357783 -0.049012 -0.094326
    34 -1.596883 4.441620 0.708540 1.365007 -1.150510 -1.273621
    35 -0.000008 1.481951 -0.000008 0.018943 -0.004043 1.246788
    36 0.000002 1.056648 -0.000004 -0.145240 -0.093310 0.961445
    37 -0.470901 4.219486 0.926555 -3.158796 -0.058270 -2.939043
    38 -0.000010 1.609821 0.000004 1.384824 0.015575 0.087176
    39 -0.000002 1.562311 0.000013 0.563445 0.025843 -0.031619
    40 0.576838 4.298388 0.639431 -2.731747 -0.062746 -2.944323
    41 0.000002 1.553762 -0.000008 1.109560 0.141391 0.009725
    42 0.000003 0.874434 -0.000006 0.744094 0.104506 0.204557
    43 1.459885 4.275572 0.219019 -2.279857 -0.186759 3.315472
    44 -0.000010 0.973051 -0.000004 1.316030 0.217351 0.114332
    45 0.000007 0.970890 0.000004 1.061961 0.084886 0.152072
    46 -7.008868 4.575658 -7.491495 -2.003016 0.848272 0.587178
    47 0.000011 12.706367 0.000010 -1.745098 0.274861 0.165633
    48 0.000000 0.000000 0.000000 1.570796 0.000000 1.570796
    49 -0.000006 1.500006 0.000000 1.570796 0.000000 1.570796
    50 0.000000 -0.299999 0.000000 -1.570796 0.000000 1.570796
    51 0.000000 0.000000 0.000000 0.000000 0.000000 1.570796
    52 0.000000 0.000000 0.000000 0.000000 0.000000 1.570796
    53 0.000000 0.000002 0.000001 0.000000 0.000000 1.919862
    54 0.000000 0.000000 0.000000 -1.570796 0.000000 1.570796
    55 0.000000 0.000000 0.000002 -1.570797 0.000000 1.570796
    56 -0.000002 -0.000002 0.000004 -1.570797 0.000001 1.570796
    57 0.000003 0.000000 0.000000 -1.570796 0.000000 1.570796
    58 0.000002 0.000003 0.000000 -1.570796 0.000000 1.570796
    59 0.000000 0.000000 0.000000 -1.570796 0.000000 1.570796
    60 -0.000001 0.000011 0.000000 -1.570796 0.000000 1.570796
    61 0.000000 0.000000 0.000000 -1.570796 -0.000001 1.570796
    62 0.000000 -0.000001 0.000000 -1.570796 0.000000 1.570796
    63 -0.000002 0.000002 -0.000002 -1.570796 0.000000 1.570796
    64 0.000000 0.000000 0.000000 -1.570797 0.000000 1.570796
    65 0.000000 0.000000 0.000000 -1.570797 0.000000 1.570796
    66 0.000000 0.000000 0.000000 1.570796 0.000000 1.570796
    67 0.000000 1.500000 0.000000 1.570796 0.000000 1.570796
    68 0.000000 0.300001 0.000000 1.570796 0.000000 1.570796
    69 -0.000011 0.000002 -0.000004 -3.141593 0.000001 1.570796
    70 0.000000 0.000000 0.000000 3.141593 0.000000 1.570796
    71 0.000001 0.000000 0.000000 -3.141593 0.000000 1.221730
    72 0.000000 0.000000 0.000000 3.141593 0.000000 1.570796
    73 0.000000 -0.000002 0.000000 3.141593 0.000000 1.570796
    74 0.000004 0.000000 0.000000 3.141593 0.000000 1.570797
    75 -0.000004 0.000000 0.000002 -1.570796 0.000000 1.570796
    76 0.000000 -0.000001 0.000008 -1.570796 0.000000 1.570796
    77 0.000001 0.000000 0.000000 -1.570796 0.000000 1.570796
    78 0.000001 0.000002 0.000000 -1.570796 0.000000 1.570796
    79 0.000000 0.000000 0.000000 -1.570796 0.000000 1.570796
    80 0.000001 0.000000 0.000000 -1.570796 0.000000 1.570796
    81 0.000001 0.000000 0.000000 -1.570796 0.000001 1.570796
    82 -0.000001 0.000000 0.000002 -1.570796 0.000001 1.570796
    83 0.000001 0.000000 0.000000 -1.570796 0.000000 1.570796
  time 92
    0 0.457952 -12.516699 -8.965180 -3.961774 0.893759 -0.159393
    1 0.073573 17.526917 0.777220 0.000000 0.000001 0.000000
    2 -0.226386 1.446262 -0.608961 0.000000 -0.000001 0.000000
    3 -0.284276 5.650946 -0.742007 0.000000 0.000001 0.000000
    4 -0.045094 3.566423 0.891595 0.000000 -0.000001 0.000000
    5 -0.116185 1.807585 2.464996 0.350999 0.000002 0.000000
    6 0.000000 1.030615 0.000004 -3.089361 0.148262 -3.388783
    7 -0.000002 5.179932 -0.000037 -0.005720 -0.020322 0.000961
    8 -0.218267 25.777573 2.487072 2.712142 0.000002 0.000000
    9 0.000000 0.870350 0.000008 0.019175 0.051390 -0.340787
    10 0.000000 4.478401 0.000072 0.004500 0.029477 -0.005092
    11 3.388485 15.700035 6.862219 -1.901027 0.080298 0.229787
    12 5.101113 -24.832759 -6.172927 1.501596 -0.104135 2.135638
    13 -1.294654 1.473667 0.640471 2.361876 -0.514949 -2.105093
    14 0.000011 1.832554 0.000004 0.105696 -0.242323 -0.022342
    15 0.000000 1.003359 0.000001 0.156021 -0.012849 -0.172530
    16 -1.632739 4.327644 -0.483953 0.365948 0.282538 -0.018902
    17 -0.000010 1.637142 0.000010 1.001957 0.015784 -0.110368
    18 0.000007 1.100985 0.000004 0.016835 0.076947 -0.068142
    19 -0.500328 4.452953 -0.532495 0.396541 0.287798 0.017522
    20 -0.000010 1.442617 -0.000010 1.327527 0.029302 -0.036670
    21 -0.000003 1.302446 0.000004 0.004462 -0.041912 0.002935
    22 0.523221 4.540312 -0.480714 0.856150 0.290072 -0.285049
    23 -0.000001 1.198256 0.000008 0.732623 -0.133919 0.043054
    24 -0.000012 0.869780 0.000015 0.218278 0.063758 -0.018648
    25 1.354362 4.150681 -0.582655 0.848409 0.193448 -0.436427
    26 0.000000 1.157421 -0.000006 0.969721 -0.115779 0.002582
    27 0.000001 1.020055 0.000002 -0.120881 -0.015655 -0.025766
    28 5.003218 -8.070315 -8.112608 -2.395224 0.199372 0.320992
    29 0.000038 12.695422 -0.000004 -1.507041 0.457414 0.426356
    30 -2.727249 -10.818570 -7.852666 0.868861 -0.935964 2.935113
    31 -1.391397 1.476538 -0.700638 -1.757484 -1.119903 2.167452
    32 0.000002 1.751797 -0.000002 -0.382818 -0.196569 -0.169475
    33 0.000010 1.122969 0.000000 -0.357783 -0.049012 -0.094326
    34 -1.596883 4.441620 0.708540 1.365007 -1.150510 -1.273621
    35 -0.000008 1.481951 -0.000008 0.018943 -0.004043 1.246788
    36 0.000002 1.056648 -0.000004 -0.145240 -0.093310 0.961469
    37 -0.470901 4.219486 0.926555 -3.158796 -0.058246 -2.939043
    38 -0.000010 1.609821 0.000004 1.384805 0.015575 0.087176
    39 -0.000002 1.562311 0.000013 0.563108 0.025843 -0.031631
    40 0.576838 4.298388 0.639431 -2.731759 -0.062746 -2.944335
    41 0.000002 1.553762 -0.000008 1.109588 0.141379 0.009653
    42 0.000003 0.874434 -0.000006 0.744176 0.104578 0.204389
    43 1.459885 4.275572 0.219019 -2.280373 -0.186759 3.315472
    44 -0.000010 0.973051 -0.000004 1.316030 0.217351 0.114332
    45 0.000007 0.970890 0.000004 1.061601 0.084934 0.152048
    46 -7.008868 4.575658 -7.491495 -2.004076 0.842601 0.584365
    47 0.000011 12.706367 0.000010 -1.745098 0.274861 0.165633
    48 0.000000 0.000000 0.000000 1.570796 0.000000 1.570796
    49 -0.000006 1.500006 0.000000 1.570796 0.000000 1.570796
    50 0.000000 -0.299999 0.000000 -1.570796 0.000000 1.570796
    51 0.000000 0.000000 0.000000 0.000000 0.000000 1.570796
    52 0.000000 0.000000 0.000000 0.000000 0.000000 1.570796
    53 0.000000 0.000002 0.000001 0.000000 0.000000 1.919862
    54 0.000000 0.000000 0.000000 -1.570796 0.000000 1.570796
    55 0.000000 0.000000 0.000002 -1.570797 0.000000 1.570796
    56 -0.000002 -0.000002 0.000004 -1.570797 0.000001 1.570796
    57 0.000003 0.000000 0.000000 -1.570796 0.000000 1.570796
    58 0.000002 0.000003 0.000000 -1.570796 0.000000 1.570796
    59 0.000000 0.000000 0.000000 -1.570796 0.000000 1.570796
    60 -0.000001 0.000011 0.000000 -1.570796 0.000000 1.570796
    61 0.000000 0.000000 0.000000 -1.570796 -0.000001 1.570796
    62 0.000000 -0.000001 0.000000 -1.570796 0.000000 1.570796
    63 -0.000002 0.000002 -0.000002 -1.570796 0.000000 1.570796
    64 0.000000 0.000000 0.000000 -1.570797 0.000000 1.570796
    65 0.000000 0.000000 0.000000 -1.570797 0.000000 1.570796
    66 0.000000 0.000000 0.000000 1.570796 0.000000 1.570796
    67 0.000000 1.500000 0.000000 1.570796 0.000000 1.570796
    68 0.000000 0.300001 0.000000 1.570796 0.000000 1.570796
    69 -0.000011 0.000002 -0.000004 -3.141593 0.000001 1.570796
    70 0.000000 0.000000 0.000000 3.141593 0.000000 1.570796
    71 0.000001 0.000000 0.000000 -3.141593 0.000000 1.221730
    72 0.000000 0.000000 0.000000 3.141593 0.000000 1.570796
    73 0.000000 -0.000002 0.000000 3.141593 0.000000 1.570796
    74 0.000004 0.000000 0.000000 3.141593 0.000000 1.570797
    75 -0.000004 0.000000 0.000002 -1.570796 0.000000 1.570796
    76 0.000000 -0.000001 0.000008 -1.570796 0.000000 1.570796
    77 0.000001 0.000000 0.000000 -1.570796 0.000000 1.570796
    78 0.000001 0.000002 0.000000 -1.570796 0.000000 1.570796
    79 0.000000 0.000000 0.000000 -1.570796 0.000000 1.570796
    80 0.000001 0.000000 0.000000 -1.570796 0.000000 1.570796
    81 0.000001 0.000000 0.000000 -1.570796 0.000001 1.570796
    82 -0.000001 0.000000 0.000002 -1.570796 0.000001 1.570796
    83 0.000001 0.000000 0.000000 -1.570796 0.000000 1.570796
  time 93
    0 0.446233 -12.504980 -8.976899 -3.957251 0.888849 -0.151321
    1 0.073573 17.526917 0.777220 0.000000 0.000001 0.000000
    2 -0.226386 1.454075 -0.608961 0.000000 -0.000001 0.000000
    3 -0.276464 5.670478 -0.730288 0.000000 0.000001 0.000000
    4 -0.045094 3.566423 0.891595 0.000000 -0.000001 0.000000
    5 -0.116185 1.807585 2.464996 0.351077 0.000002 0.000000
    6 0.000000 1.030615 0.000004 -3.089361 0.148370 -3.388783
    7 -0.000002 5.179932 -0.000037 -0.005720 -0.020346 0.000961
    8 -0.218267 25.777573 2.487072 2.712142 0.000002 0.000000
    9 0.000000 0.870350 0.000008 0.019175 0.051354 -0.340787
    10 0.000000 4.478401 0.000072 0.004500 0.029429 -0.005092
    11 3.388485 15.700035 6.862219 -1.901040 0.080298 0.229787
    12 5.124551 -24.805414 -6.172927 1.496070 -0.102948 2.141093
    13 -1.294654 1.473667 0.640471 2.361876 -0.514949 -2.105093
    14 0.000011 1.832554 0.000004 0.105696 -0.242323 -0.022397
    15 0.000000 1.003359 0.000001 0.156021 -0.012885 -0.172530
    16 -1.632739 4.327644 -0.483953 0.365948 0.282538 -0.018902
    17 -0.000010 1.637142 0.000010 1.001957 0.015772 -0.110368
    18 0.000007 1.100985 0.000004 0.016835 0.076947 -0.068142
    19 -0.500328 4.452953 -0.532495 0.396541 0.287798 0.017522
    20 -0.000010 1.442617 -0.000010 1.327527 0.029302 -0.036670
    21 -0.000003 1.302446 0.000004 0.004462 -0.041912 0.002947
    22 0.523221 4.540312 -0.480714 0.856150 0.290072 -0.285049
    23 -0.000001 1.198256 0.000008 0.732623 -0.133919 0.043066
    24 -0.000012 0.869780 0.000015 0.218278 0.063758 -0.018636
    25 1.354362 4.150681 -0.582655 0.848432 0.193448 -0.436427
    26 0.000000 1.157421 -0.000006 0.969721 -0.115779 0.002582
    27 0.000001 1.020055 0.000002 -0.120881 -0.015655 -0.025766
    28 5.003218 -8.070315 -8.112608 -2.393489 0.199802 0.323182
    29 0.000038 12.695422 -0.000004 -1.509698 0.458516 0.426591
    30 -2.758500 -10.822477 -7.868291 0.863859 -0.931139 2.943509
    31 -1.391397 1.476538 -0.700638 -1.757622 -1.119927 2.167452
    32 0.000002 1.751797 -0.000002 -0.382818 -0.196569 -0.169475
    33 0.000010 1.122969 0.000000 -0.357783 -0.049012 -0.094326
    34 -1.596883 4.441620 0.708540 1.365007 -1.150510 -1.273621
    35 -0.000008 1.481951 -0.000008 0.018943 -0.004043 1.246788
    36 0.000002 1.056648 -0.000004 -0.145240 -0.093310 0.961445
    37 -0.470901 4.219486 0.926555 -3.158796 -0.058270 -2.939043
    38 -0.000010 1.609821 0.000004 1.384805 0.015575 0.087176
    39 -0.000002 1.562311 0.000013 0.562771 0.025843 -0.031631
    40 0.576838 4.298388 0.639431 -2.731747 -0.062746 -2.944335
    41 0.000002 1.553762 -0.000008 1.109701 0.141343 0.009629
    42 0.000003 0.874434 -0.000006 0.744218 0.104650 0.204125
    43 1.459885 4.275572 0.219019 -2.280756 -0.186735 3.315472
    44 -0.000010 0.973051 -0.000004 1.316030 0.217351 0.114332
    45 0.000007 0.970890 0.000004 1.061161 0.084994 0.152024
    46 -7.008868 4.575658 -7.491495 -2.005136 0.836664 0.581467
    47 0.000011 12.706367 0.000010 -1.745252 0.274897 0.165633
    48 0.000000 0.000000 0.000000 1.570796 0.000000 1.570796
    49 -0.000006 1.500006 0.000000 1.570796 0.000000 1.570796
    50 0.000000 -0.299999 0.000000 -1.570796 0.000000 1.570796
    51 0.000000 0.000000 0.000000 0.000000 0.000000 1.570796
    52 0.000000 0.000000 0.000000 0.000000 0.000000 1.570796
    53 0.000000 0.000002 0.000001 0.000000 0.000000 1.919862
    54 0.000000 0.000000 0.000000 -1.570796 0.000000 1.570796
    55 0.000000 0.000000 0.000002 -1.570797 0.000000 1.570796
    56 -0.000002 -0.000002 0.000004 -1.570797 0.000001 1.570796
    57 0.000003 0.000000 0.000000 -1.570796 0.000000 1.570796
    58 0.000002 0.000003 0.000000 -1.570796 0.000000 1.570796
    59 0.000000 0.000000 0.000000 -1.570796 0.000000 1.570796
    60 -0.000001 0.000011 0.000000 -1.570796 0.000000 1.570796
    61 0.000000 0.000000 0.000000 -1.570796 -0.000001 1.570796
    62 0.000000 -0.000001 0.000000 -1.570796 0.000000 1.570796
    63 -0.000002 0.000002 -0.000002 -1.570796 0.000000 1.570796
    64 0.000000 0.000000 0.000000 -1.570797 0.000000 1.570796
    65 0.000000 0.000000 0.000000 -1.570797 0.000000 1.570796
    66 0.000000 0.000000 0.000000 1.570796 0.000000 1.570796
    67 0.000000 1.500000 0.000000 1.570796 0.000000 1.570796
    68 0.000000 0.300001 0.000000 1.570796 0.000000 1.570796
    69 -0.000011 0.000002 -0.000004 -3.141593 0.000001 1.570796
    70 0.000000 0.000000 0.000000 3.141593 0.000000 1.570796
    71 0.000001 0.000000 0.000000 -3.141593 0.000000 1.221730
    72 0.000000 0.000000 0.000000 3.141593 0.000000 1.570796
    73 0.000000 -0.000002 0.000000 3.141593 0.000000 1.570796
    74 0.000004 0.000000 0.000000 3.141593 0.000000 1.570797
    75 -0.000004 0.000000 0.000002 -1.570796 0.000000 1.570796
    76 0.000000 -0.000001 0.000008 -1.570796 0.000000 1.570796
    77 0.000001 0.000000 0.000000 -1.570796 0.000000 1.570796
    78 0.000001 0.000002 0.000000 -1.570796 0.000000 1.570796
    79 0.000000 0.000000 0.000000 -1.570796 0.000000 1.570796
    80 0.000001 0.000000 0.000000 -1.570796 0.000000 1.570796
    81 0.000001 0.000000 0.000000 -1.570796 0.000001 1.570796
    82 -0.000001 0.000000 0.000002 -1.570796 0.000001 1.570796
    83 0.000001 0.000000 0.000000 -1.570796 0.000000 1.570796
  time 94
    0 0.430608 -12.493261 -8.980805 -3.953241 0.883939 -0.143588
    1 0.073573 17.526917 0.777220 0.000000 0.000001 0.000000
    2 -0.226386 1.450169 -0.608961 0.000000 -0.000001 0.000000
    3 -0.284276 5.666572 -0.745914 0.000000 0.000001 0.000000
    4 -0.045094 3.566423 0.891595 0.000000 -0.000001 0.000000
    5 -0.116185 1.807585 2.464996 0.351116 0.000002 0.000000
    6 0.000000 1.030615 0.000004 -3.089314 0.148478 -3.388893
    7 -0.000002 5.179932 -0.000037 -0.005720 -0.020370 0.000961
    8 -0.218267 25.777573 2.487072 2.712142 0.000002 0.000000
    9 0.000000 0.870350 0.000008 0.019175 0.051186 -0.340787
    10 0.000000 4.478401 0.000072 0.004484 0.029393 -0.005092
    11 3.400204 15.700035 6.854406 -1.901027 0.080298 0.229787
    12 5.151896 -24.781976 -6.172927 1.490933 -0.101698 2.146052
    13 -1.294654 1.473667 0.640471 2.361876 -0.514949 -2.105093
    14 0.000011 1.832554 0.000004 0.105696 -0.242323 -0.022342
    15 0.000000 1.003359 0.000001 0.156033 -0.012873 -0.172530
    16 -1.632739 4.327644 -0.483953 0.365948 0.282538 -0.018902
    17 -0.000010 1.637142 0.000010 1.001957 0.015772 -0.110368
    18 0.000007 1.100985 0.000004 0.016835 0.076947 -0.068142
    19 -0.500328 4.452953 -0.532495 0.396541 0.287798 0.017522
    20 -0.000010 1.442617 -0.000010 1.327527 0.029302 -0.036670
    21 -0.000003 1.302446 0.000004 0.004462 -0.041912 0.002935
    22 0.523221 4.540312 -0.480714 0.856150 0.290072 -0.285049
    23 -0.000001 1.198256 0.000008 0.732623 -0.133919 0.043066
    24 -0.000012 0.869780 0.000015 0.218278 0.063758 -0.018624
    25 1.354362 4.150681 -0.582655 0.848409 0.193448 -0.436427
    26 0.000000 1.157421 -0.000006 0.969721 -0.115779 0.002582
    27 0.000001 1.020055 0.000002 -0.120881 -0.015655 -0.025766
    28 5.003218 -8.070315 -8.112608 -2.391603 0.200100 0.325440
    29 0.000038 12.695422 -0.000004 -1.512424 0.459579 0.426656
    30 -2.789751 -10.822477 -7.887823 0.859135 -0.926008 2.952000
    31 -1.391397 1.476538 -0.700638 -1.757657 -1.119903 2.167452
    32 0.000002 1.751797 -0.000002 -0.382818 -0.196569 -0.169475
    33 0.000010 1.122969 0.000000 -0.357783 -0.049012 -0.094326
    34 -1.596883 4.441620 0.708540 1.365007 -1.150510 -1.273621
    35 -0.000008 1.481951 -0.000008 0.018943 -0.004043 1.246788
    36 0.000002 1.056648 -0.000004 -0.145240 -0.093310 0.961445
    37 -0.470901 4.219486 0.926555 -3.158796 -0.058270 -2.939043
    38 -0.000010 1.609821 0.000004 1.384805 0.015575 0.087176
    39 -0.000002 1.562311 0.000013 0.562342 0.025843 -0.031631
    40 0.576838 4.298388 0.639431 -2.731759 -0.062746 -2.944335
    41 0.000002 1.553762 -0.000008 1.109786 0.141307 0.009581
    42 0.000003 0.874434 -0.000006 0.744320 0.104650 0.204018
    43 1.459885 4.275572 0.219019 -2.281380 -0.186735 3.315472
    44 -0.000010 0.973051 -0.000004 1.316030 0.217351 0.114332
    45 0.000007 0.970890 0.000004 1.060500 0.085017 0.152000
    46 -7.008868 4.575658 -7.491495 -2.006196 0.830550 0.578569
    47 0.000011 12.706367 0.000010 -1.745560 0.274933 0.165621
    48 0.000000 0.000000 0.000000 1.570796 0.000000 1.570796
    49 -0.000006 1.500006 0.000000 1.570796 0.000000 1.570796
    50 0.000000 -0.299999 0.000000 -1.570796 0.000000 1.570796
    51 0.000000 0.000000 0.000000 0.000000 0.000000 1.570796
    52 0.000000 0.000000 0.000000 0.000000 0.000000 1.570796
    53 0.000000 0.000002 0.000001 0.000000 0.000000 1.919862
    54 0.000000 0.000000 0.000000 -1.570796 0.000000 1.570796
    55 0.000000 0.000000 0.000002 -1.570797 0.000000 1.570796
    56 -0.000002 -0.000002 0.000004 -1.570797 0.000001 1.570796
    57 0.000003 0.000000 0.000000 -1.570796 0.000000 1.570796
    58 0.000002 0.000003 0.000000 -1.570796 0.000000 1.570796
    59 0.000000 0.000000 0.000000 -1.570796 0.000000 1.570796
    60 -0.000001 0.000011 0.000000 -1.570796 0.000000 1.570796
    61 0.000000 0.000000 0.000000 -1.570796 -0.000001 1.570796
    62 0.000000 -0.000001 0.000000 -1.570796 0.000000 1.570796
    63 -0.000002 0.000002 -0.000002 -1.570796 0.000000 1.570796
    64 0.000000 0.000000 0.000000 -1.570797 0.000000 1.570796
    65 0.000000 0.000000 0.000000 -1.570797 0.000000 1.570796
    66 0.000000 0.000000 0.000000 1.570796 0.000000 1.570796
    67 0.000000 1.500000 0.000000 1.570796 0.000000 1.570796
    68 0.000000 0.300001 0.000000 1.570796 0.000000 1.570796
    69 -0.000011 0.000002 -0.000004 -3.141593 0.000001 1.570796
    70 0.000000 0.000000 0.000000 3.141593 0.000000 1.570796
    71 0.000001 0.000000 0.000000 -3.141593 0.000000 1.221730
    72 0.000000 0.000000 0.000000 3.141593 0.000000 1.570796
    73 0.000000 -0.000002 0.000000 3.141593 0.000000 1.570796
    74 0.000004 0.000000 0.000000 3.141593 0.000000 1.570797
    75 -0.000004 0.000000 0.000002 -1.570796 0.000000 1.570796
    76 0.000000 -0.000001 0.000008 -1.570796 0.000000 1.570796
    77 0.000001 0.000000 0.000000 -1.570796 0.000000 1.570796
    78 0.000001 0.000002 0.000000 -1.570796 0.000000 1.570796
    79 0.000000 0.000000 0.000000 -1.570796 0.000000 1.570796
    80 0.000001 0.000000 0.000000 -1.570796 0.000000 1.570796
    81 0.000001 0.000000 0.000000 -1.570796 0.000001 1.570796
    82 -0.000001 0.000000 0.000002 -1.570796 0.000001 1.570796
    83 0.000001 0.000000 0.000000 -1.570796 0.000000 1.570796
  time 95
    0 0.418888 -12.477635 -8.988618 -3.949552 0.879438 -0.136329
    1 0.073573 17.526917 0.777220 0.000000 0.000001 0.000000
    2 -0.226386 1.438450 -0.608961 0.000000 -0.000001 0.000000
    3 -0.280370 5.674384 -0.742007 0.000000 0.000001 0.000000
    4 -0.045094 3.566423 0.891595 0.000000 -0.000001 0.000000
    5 -0.116185 1.807585 2.464996 0.351194 0.000002 0.000000
    6 0.000000 1.030615 0.000004 -3.089314 0.148586 -3.388956
    7 -0.000002 5.179932 -0.000037 -0.005720 -0.020394 0.000961
    8 -0.218267 25.777573 2.487072 2.712165 0.000002 0.000000
    9 0.000000 0.870350 0.000008 0.019175 0.051138 -0.340734
    10 0.000000 4.478401 0.000072 0.004450 0.029357 -0.005092
    11 3.376766 15.700035 6.866125 -1.901040 0.080298 0.229787
    12 5.187053 -24.750725 -6.180740 1.485874 -0.100386 2.151011
    13 -1.294654 1.473667 0.640471 2.361876 -0.514949 -2.105093
    14 0.000011 1.832554 0.000004 0.105696 -0.242323 -0.022342
    15 0.000000 1.003359 0.000001 0.156021 -0.012861 -0.172530
    16 -1.632739 4.327644 -0.483953 0.365948 0.282538 -0.018902
    17 -0.000010 1.637142 0.000010 1.001957 0.015772 -0.110368
    18 0.000007 1.100985 0.000004 0.016835 0.076947 -0.068142
    19 -0.500328 4.452953 -0.532495 0.396541 0.287798 0.017522
    20 -0.000010 1.442617 -0.000010 1.327527 0.029302 -0.036670
    21 -0.000003 1.302446 0.000004 0.004462 -0.041912 0.002947
    22 0.523221 4.540312 -0.480714 0.856150 0.290072 -0.285049
    23 -0.000001 1.198256 0.000008 0.732623 -0.133919 0.043066
    24 -0.000012 0.869780 0.000015 0.218278 0.063758 -0.018648
    25 1.354362 4.150681 -0.582655 0.848409 0.193448 -0.436427
    26 0.000000 1.157421 -0.000006 0.969721 -0.115779 0.002582
    27 0.000001 1.020055 0.000002 -0.120881 -0.015655 -0.025766
    28 5.003218 -8.070315 -8.112608 -2.389868 0.200199 0.327425
    29 0.000038 12.695422 -0.000004 -1.515286 0.460739 0.426721
    30 -2.821002 -10.834196 -7.907355 0.855059 -0.921566 2.959728
    31 -1.391397 1.476538 -0.700638 -1.757657 -1.119915 2.167452
    32 0.000002 1.751797 -0.000002 -0.382818 -0.196569 -0.169475
    33 0.000010 1.122969 0.000000 -0.357783 -0.049012 -0.094326
    34 -1.596883 4.441620 0.708540 1.365007 -1.150510 -1.273621
    35 -0.000008 1.481951 -0.000008 0.018943 -0.004043 1.246788
    36 0.000002 1.056648 -0.000004 -0.145240 -0.093310 0.961445
    37 -0.470901 4.219486 0.926555 -3.158796 -0.058270 -2.939043
    38 -0.000010 1.609821 0.000004 1.384805 0.015575 0.087176
    39 -0.000002 1.562311 0.000013 0.562005 0.025831 -0.031631
    40 0.576838 4.298388 0.639431 -2.731759 -0.062746 -2.944323
    41 0.000002 1.553762 -0.000008 1.109814 0.141259 0.009545
    42 0.000003 0.874434 -0.000006 0.744402 0.104685 0.203934
    43 1.459885 4.275572 0.219019 -2.281823 -0.186723 3.315472
    44 -0.000010 0.973051 -0.000004 1.316030 0.217351 0.114332
    45 0.000007 0.970890 0.000004 1.059980 0.085065 0.151976
    46 -7.008868 4.575658 -7.491495 -2.007080 0.824111 0.575671
    47 0.000011 12.706367 0.000010 -1.745945 0.275161 0.165609
    48 0.000000 0.000000 0.000000 1.570796 0.000000 1.570796
    49 -0.000006 1.500006 0.000000 1.570796 0.000000 1.570796
    50 0.000000 -0.299999 0.000000 -1.570796 0.000000 1.570796
    51 0.000000 0.000000 0.000000 0.000000 0.000000 1.570796
    52 0.000000 0.000000 0.000000 0.000000 0.000000 1.570796
    53 0.000000 0.000002 0.000001 0.000000 0.000000 1.919862
    54 0.000000 0.000000 0.000000 -1.570796 0.000000 1.570796
    55 0.000000 0.000000 0.000002 -1.570797 0.000000 1.570796
    56 -0.000002 -0.000002 0.000004 -1.570797 0.000001 1.570796
    57 0.000003 0.000000 0.000000 -1.570796 0.000000 1.570796
    58 0.000002 0.000003 0.000000 -1.570796 0.000000 1.570796
    59 0.000000 0.000000 0.000000 -1.570796 0.000000 1.570796
    60 -0.000001 0.000011 0.000000 -1.570796 0.000000 1.570796
    61 0.000000 0.000000 0.000000 -1.570796 -0.000001 1.570796
    62 0.000000 -0.000001 0.000000 -1.570796 0.000000 1.570796
    63 -0.000002 0.000002 -0.000002 -1.570796 0.000000 1.570796
    64 0.000000 0.000000 0.000000 -1.570797 0.000000 1.570796
    65 0.000000 0.000000 0.000000 -1.570797 0.000000 1.570796
    66 0.000000 0.000000 0.000000 1.570796 0.000000 1.570796
    67 0.000000 1.500000 0.000000 1.570796 0.000000 1.570796
    68 0.000000 0.300001 0.000000 1.570796 0.000000 1.570796
    69 -0.000011 0.000002 -0.000004 -3.141593 0.000001 1.570796
    70 0.000000 0.000000 0.000000 3.141593 0.000000 1.570796
    71 0.000001 0.000000 0.000000 -3.141593 0.000000 1.221730
    72 0.000000 0.000000 0.000000 3.141593 0.000000 1.570796
    73 0.000000 -0.000002 0.000000 3.141593 0.000000 1.570796
    74 0.000004 0.000000 0.000000 3.141593 0.000000 1.570797
    75 -0.000004 0.000000 0.000002 -1.570796 0.000000 1.570796
    76 0.000000 -0.000001 0.000008 -1.570796 0.000000 1.570796
    77 0.000001 0.000000 0.000000 -1.570796 0.000000 1.570796
    78 0.000001 0.000002 0.000000 -1.570796 0.000000 1.570796
    79 0.000000 0.000000 0.000000 -1.570796 0.000000 1.570796
    80 0.000001 0.000000 0.000000 -1.570796 0.000000 1.570796
    81 0.000001 0.000000 0.000000 -1.570796 0.000001 1.570796
    82 -0.000001 0.000000 0.000002 -1.570796 0.000001 1.570796
    83 0.000001 0.000000 0.000000 -1.570796 0.000000 1.570796
  time 96
    0 0.403263 -12.465916 -8.996431 -3.946248 0.875000 -0.129546
    1 0.073573 17.526917 0.777220 0.000000 0.000001 0.000000
    2 -0.226386 1.446262 -0.608961 0.000000 -0.000001 0.000000
    3 -0.288183 5.670478 -0.753727 0.000000 0.000001 0.000000
    4 -0.045094 3.566423 0.891595 0.000000 -0.000001 0.000000
    5 -0.116185 1.807585 2.464996 0.351233 0.000002 0.000000
    6 0.000000 1.030615 0.000004 -3.089283 0.148634 -3.388956
    7 -0.000002 5.179932 -0.000037 -0.005720 -0.020418 0.000961
    8 -0.218267 25.777573 2.487072 2.712213 0.000002 0.000000
    9 0.000000 0.870350 0.000008 0.019175 0.051102 -0.340774
    10 0.000000 4.478401 0.000072 0.004450 0.029346 -0.005080
    11 3.392392 15.700035 6.846593 -1.901040 0.080298 0.229787
    12 5.206585 -24.703849 -6.188553 1.481204 -0.099136 2.155557
    13 -1.294654 1.473667 0.640471 2.361876 -0.514949 -2.105093
    14 0.000011 1.832554 0.000004 0.105708 -0.242323 -0.022342
    15 0.000000 1.003359 0.000001 0.156021 -0.012885 -0.172565
    16 -1.632739 4.327644 -0.483953 0.365948 0.282538 -0.018902
    17 -0.000010 1.637142 0.000010 1.001957 0.015772 -0.110368
    18 0.000007 1.100985 0.000004 0.016835 0.076947 -0.068142
    19 -0.500328 4.452953 -0.532495 0.396541 0.287798 0.017522
    20 -0.000010 1.442617 -0.000010 1.327527 0.029302 -0.036670
    21 -0.000003 1.302446 0.000004 0.004462 -0.041912 0.002935
    22 0.523221 4.540312 -0.480714 0.856150 0.290072 -0.285049
    23 -0.000001 1.198256 0.000008 0.732623 -0.133919 0.043066
    24 -0.000012 0.869780 0.000015 0.218278 0.063758 -0.018648
    25 1.354362 4.150681 -0.582655 0.848409 0.193448 -0.436427
    26 0.000000 1.157421 -0.000006 0.969721 -0.115779 0.002582
    27 0.000001 1.020055 0.000002 -0.120881 -0.015655 -0.025766
    28 5.003218 -8.070315 -8.112608 -2.387982 0.200431 0.329341
    29 0.000038 12.695422 -0.000004 -1.517943 0.461957 0.426708
    30 -2.852253 -10.834196 -7.926887 0.851076 -0.917583 2.966788
    31 -1.391397 1.476538 -0.700638 -1.757657 -1.119903 2.167452
    32 0.000002 1.751797 -0.000002 -0.382818 -0.196569 -0.169475
    33 0.000010 1.122969 0.000000 -0.357783 -0.049012 -0.094326
    34 -1.596883 4.441620 0.708540 1.365007 -1.150510 -1.273621
    35 -0.000008 1.481951 -0.000008 0.018943 -0.004043 1.246788
    36 0.000002 1.056648 -0.000004 -0.145240 -0.093310 0.961445
    37 -0.470901 4.219486 0.926555 -3.158796 -0.058282 -2.939043
    38 -0.000010 1.609821 0.000004 1.384824 0.015575 0.087176
    39 -0.000002 1.562311 0.000013 0.561515 0.025831 -0.031631
    40 0.576838 4.298388 0.639431 -2.731759 -0.062746 -2.944335
    41 0.000002 1.553762 -0.000008 1.109899 0.141223 0.009509
    42 0.000003 0.874434 -0.000006 0.744443 0.104769 0.203790
    43 1.459885 4.275572 0.219019 -2.282314 -0.186747 3.315472
    44 -0.000010 0.973051 -0.000004 1.316030 0.217351 0.114332
    45 0.000007 0.970890 0.000004 1.059580 0.085101 0.151952
    46 -7.008868 4.575658 -7.491495 -2.007786 0.817465 0.572773
    47 0.000011 12.706367 0.000010 -1.746253 0.275281 0.165585
    48 0.000000 0.000000 0.000000 1.570796 0.000000 1.570796
    49 -0.000006 1.500006 0.000000 1.570796 0.000000 1.570796
    50 0.000000 -0.299999 0.000000 -1.570796 0.000000 1.570796
    51 0.000000 0.000000 0.000000 0.000000 0.000000 1.570796
    52 0.000000 0.000000 0.000000 0.000000 0.000000 1.570796
    53 0.000000 0.000002 0.000001 0.000000 0.000000 1.919862
    54 0.000000 0.000000 0.000000 -1.570796 0.000000 1.570796
    55 0.000000 0.000000 0.000002 -1.570797 0.000000 1.570796
    56 -0.000002 -0.000002 0.000004 -1.570797 0.000001 1.570796
    57 0.000003 0.000000 0.000000 -1.570796 0.000000 1.570796
    58 0.000002 0.000003 0.000000 -1.570796 0.000000 1.570796
    59 0.000000 0.000000 0.000000 -1.570796 0.000000 1.570796
    60 -0.000001 0.000011 0.000000 -1.570796 0.000000 1.570796
    61 0.000000 0.000000 0.000000 -1.570796 -0.000001 1.570796
    62 0.000000 -0.000001 0.000000 -1.570796 0.000000 1.570796
    63 -0.000002 0.000002 -0.000002 -1.570796 0.000000 1.570796
    64 0.000000 0.000000 0.000000 -1.570797 0.000000 1.570796
    65 0.000000 0.000000 0.000000 -1.570797 0.000000 1.570796
    66 0.000000 0.000000 0.000000 1.570796 0.000000 1.570796
    67 0.000000 1.500000 0.000000 1.570796 0.000000 1.570796
    68 0.000000 0.300001 0.000000 1.570796 0.000000 1.570796
    69 -0.000011 0.000002 -0.000004 -3.141593 0.000001 1.570796
    70 0.000000 0.000000 0.000000 3.141593 0.000000 1.570796
    71 0.000001 0.000000 0.000000 -3.141593 0.000000 1.221730
    72 0.000000 0.000000 0.000000 3.141593 0.000000 1.570796
    73 0.000000 -0.000002 0.000000 3.141593 0.000000 1.570796
    74 0.000004 0.000000 0.000000 3.141593 0.000000 1.570797
    75 -0.000004 0.000000 0.000002 -1.570796 0.000000 1.570796
    76 0.000000 -0.000001 0.000008 -1.570796 0.000000 1.570796
    77 0.000001 0.000000 0.000000 -1.570796 0.000000 1.570796
    78 0.000001 0.000002 0.000000 -1.570796 0.000000 1.570796
    79 0.000000 0.000000 0.000000 -1.570796 0.000000 1.570796
    80 0.000001 0.000000 0.000000 -1.570796 0.000000 1.570796
    81 0.000001 0.000000 0.000000 -1.570796 0.000001 1.570796
    82 -0.000001 0.000000 0.000002 -1.570796 0.000001 1.570796
    83 0.000001 0.000000 0.000000 -1.570796 0.000000 1.570796
  time 97
    0 0.383731 -12.450291 -8.996431 -3.943232 0.870751 -0.123373
    1 0.073573 17.526917 0.777220 0.000000 0.000001 0.000000
    2 -0.226386 1.454075 -0.608961 0.000000 -0.000001 0.000000
    3 -0.280370 5.666572 -0.742007 0.000000 0.000001 0.000000
    4 -0.045094 3.566423 0.891595 0.000000 -0.000001 0.000000
    5 -0.116185 1.807585 2.464996 0.351272 0.000002 0.000000
    6 0.000000 1.030615 0.000004 -3.089252 0.148646 -3.389019
    7 -0.000002 5.179932 -0.000037 -0.005720 -0.020442 0.000961
    8 -0.218267 25.777573 2.487072 2.712249 0.000002 0.000000
    9 0.000000 0.870350 0.000008 0.019175 0.051066 -0.340721
    10 0.000000 4.478401 0.000072 0.004433 0.029346 -0.005080
    11 3.372860 15.700035 6.854406 -1.901027 0.080298 0.229787
    12 5.230023 -24.680410 -6.192459 1.476612 -0.097699 2.160268
    13 -1.294654 1.473667 0.640471 2.361876 -0.514949 -2.105093
    14 0.000011 1.832554 0.000004 0.105696 -0.242323 -0.022397
    15 0.000000 1.003359 0.000001 0.156021 -0.012861 -0.172530
    16 -1.632739 4.327644 -0.483953 0.365948 0.282538 -0.018902
    17 -0.000010 1.637142 0.000010 1.001957 0.015772 -0.110368
    18 0.000007 1.100985 0.000004 0.016835 0.076947 -0.068142
    19 -0.500328 4.452953 -0.532495 0.396541 0.287798 0.017522
    20 -0.000010 1.442617 -0.000010 1.327527 0.029302 -0.036670
    21 -0.000003 1.302446 0.000004 0.004462 -0.041912 0.002911
    22 0.523221 4.540312 -0.480714 0.856150 0.290072 -0.285049
    23 -0.000001 1.198256 0.000008 0.732623 -0.133919 0.043042
    24 -0.000012 0.869780 0.000015 0.218278 0.063758 -0.018636
    25 1.354362 4.150681 -0.582655 0.848409 0.193448 -0.436427
    26 0.000000 1.157421 -0.000006 0.969721 -0.115779 0.002582
    27 0.000001 1.020055 0.000002 -0.120881 -0.015655 -0.025766
    28 5.003218 -8.070315 -8.112608 -2.386322 0.200431 0.331052
    29 0.000038 12.695422 -0.000004 -1.521282 0.463194 0.426721
    30 -2.883504 -10.838102 -7.946419 0.848112 -0.913294 2.973657
    31 -1.391397 1.476538 -0.700638 -1.757588 -1.119915 2.167452
    32 0.000002 1.751797 -0.000002 -0.382818 -0.196569 -0.169475
    33 0.000010 1.122969 0.000000 -0.357783 -0.049012 -0.094326
    34 -1.596883 4.441620 0.708540 1.365007 -1.150510 -1.273621
    35 -0.000008 1.481951 -0.000008 0.018943 -0.004043 1.246788
    36 0.000002 1.056648 -0.000004 -0.145240 -0.093310 0.961445
    37 -0.470901 4.219486 0.926555 -3.158796 -0.058282 -2.939043
    38 -0.000010 1.609821 0.000004 1.384805 0.015575 0.087176
    39 -0.000002 1.562311 0.000013 0.561086 0.025831 -0.031631
    40 0.576838 4.298388 0.639431 -2.731747 -0.062746 -2.944335
    41 0.000002 1.553762 -0.000008 1.109927 0.141175 0.009473
    42 0.000003 0.874434 -0.000006 0.744526 0.104853 0.203586
    43 1.459885 4.275572 0.219019 -2.282973 -0.186711 3.315472
    44 -0.000010 0.973051 -0.000004 1.316030 0.217351 0.114332
    45 0.000007 0.970890 0.000004 1.059060 0.085137 0.151928
    46 -7.008868 4.575658 -7.491495 -2.008611 0.810583 0.569790
    47 0.000011 12.706367 0.000010 -1.746869 0.275425 0.165561
    48 0.000000 0.000000 0.000000 1.570796 0.000000 1.570796
    49 -0.000006 1.500006 0.000000 1.570796 0.000000 1.570796
    50 0.000000 -0.299999 0.000000 -1.570796 0.000000 1.570796
    51 0.000000 0.000000 0.000000 0.000000 0.000000 1.570796
    52 0.000000 0.000000 0.000000 0.000000 0.000000 1.570796
    53 0.000000 0.000002 0.000001 0.000000 0.000000 1.919862
    54 0.000000 0.000000 0.000000 -1.570796 0.000000 1.570796
    55 0.000000 0.000000 0.000002 -1.570797 0.000000 1.570796
    56 -0.000002 -0.000002 0.000004 -1.570797 0.000001 1.570796
    57 0.000003 0.000000 0.000000 -1.570796 0.000000 1.570796
    58 0.000002 0.000003 0.000000 -1.570796 0.000000 1.570796
    59 0.000000 0.000000 0.000000 -1.570796 0.000000 1.570796
    60 -0.000001 0.000011 0.000000 -1.570796 0.000000 1.570796
    61 0.000000 0.000000 0.000000 -1.570796 -0.000001 1.570796
    62 0.000000 -0.000001 0.000000 -1.570796 0.000000 1.570796
    63 -0.000002 0.000002 -0.000002 -1.570796 0.000000 1.570796
    64 0.000000 0.000000 0.000000 -1.570797 0.000000 1.570796
    65 0.000000 0.000000 0.000000 -1.570797 0.000000 1.570796
    66 0.000000 0.000000 0.000000 1.570796 0.000000 1.570796
    67 0.000000 1.500000 0.000000 1.570796 0.000000 1.570796
    68 0.000000 0.300001 0.000000 1.570796 0.000000 1.570796
    69 -0.000011 0.000002 -0.000004 -3.141593 0.000001 1.570796
    70 0.000000 0.000000 0.000000 3.141593 0.000000 1.570796
    71 0.000001 0.000000 0.000000 -3.141593 0.000000 1.221730
    72 0.000000 0.000000 0.000000 3.141593 0.000000 1.570796
    73 0.000000 -0.000002 0.000000 3.141593 0.000000 1.570796
    74 0.000004 0.000000 0.000000 3.141593 0.000000 1.570797
    75 -0.000004 0.000000 0.000002 -1.570796 0.000000 1.570796
    76 0.000000 -0.000001 0.000008 -1.570796 0.000000 1.570796
    77 0.000001 0.000000 0.000000 -1.570796 0.000000 1.570796
    78 0.000001 0.000002 0.000000 -1.570796 0.000000 1.570796
    79 0.000000 0.000000 0.000000 -1.570796 0.000000 1.570796
    80 0.000001 0.000000 0.000000 -1.570796 0.000000 1.570796
    81 0.000001 0.000000 0.000000 -1.570796 0.000001 1.570796
    82 -0.000001 0.000000 0.000002 -1.570796 0.000001 1.570796
    83 0.000001 0.000000 0.000000 -1.570796 0.000000 1.570796
  time 98
    0 0.364199 -12.430759 -9.012056 -3.941051 0.866785 -0.117743
    1 0.073573 17.526917 0.777220 0.000000 0.000001 0.000000
    2 -0.226386 1.442356 -0.608961 0.000000 -0.000001 0.000000
    3 -0.264745 5.670478 -0.745914 0.000000 0.000001 0.000000
    4 -0.045094 3.566423 0.891595 0.000000 -0.000001 0.000000
    5 -0.116185 1.807585 2.464996 0.351311 0.000002 0.000000
    6 0.000000 1.030615 0.000004 -3.089252 0.148657 -3.389019
    7 -0.000002 5.179932 -0.000037 -0.005720 -0.020454 0.000961
    8 -0.218267 25.777573 2.487072 2.712297 0.000002 0.000000
    9 0.000000 0.870350 0.000008 0.019175 0.051042 -0.340721
    10 0.000000 4.478401 0.000072 0.004433 0.029346 -0.005080
    11 3.400204 15.700035 6.850500 -1.901040 0.080298 0.229787
    12 5.241742 -24.656972 -6.192459 1.472487 -0.096262 2.164318
    13 -1.294654 1.473667 0.640471 2.361876 -0.514949 -2.105093
    14 0.000011 1.832554 0.000004 0.105696 -0.242323 -0.022342
    15 0.000000 1.003359 0.000001 0.156021 -0.012873 -0.172530
    16 -1.632739 4.327644 -0.483953 0.365948 0.282538 -0.018902
    17 -0.000010 1.637142 0.000010 1.001957 0.015772 -0.110368
    18 0.000007 1.100985 0.000004 0.016835 0.076947 -0.068142
    19 -0.500328 4.452953 -0.532495 0.396541 0.287798 0.017522
    20 -0.000010 1.442617 -0.000010 1.327527 0.029302 -0.036670
    21 -0.000003 1.302446 0.000004 0.004462 -0.041912 0.002947
    22 0.523221 4.540312 -0.480714 0.856150 0.290072 -0.285049
    23 -0.000001 1.198256 0.000008 0.732623 -0.133919 0.043066
    24 -0.000012 0.869780 0.000015 0.218278 0.063758 -0.018624
    25 1.354362 4.150681 -0.582655 0.848409 0.193448 -0.436427
    26 0.000000 1.157421 -0.000006 0.969721 -0.115779 0.002582
    27 0.000001 1.020055 0.000002 -0.120881 -0.015655 -0.025766
    28 5.003218 -8.070315 -8.112608 -2.384587 0.200199 0.332626
    29 0.000038 12.695422 -0.000004 -1.524416 0.464489 0.426943
    30 -2.918661 -10.822477 -7.973763 0.845333 -0.909235 2.979572
    31 -1.391397 1.476538 -0.700638 -1.757588 -1.119915 2.167452
    32 0.000002 1.751797 -0.000002 -0.382818 -0.196569 -0.169475
    33 0.000010 1.122969 0.000000 -0.357783 -0.049012 -0.094326
    34 -1.596883 4.441620 0.708540 1.365007 -1.150510 -1.273621
    35 -0.000008 1.481951 -0.000008 0.018943 -0.004043 1.246788
    36 0.000002 1.056648 -0.000004 -0.145240 -0.093310 0.961445
    37 -0.470901 4.219486 0.926555 -3.158796 -0.058270 -2.939043
    38 -0.000010 1.609821 0.000004 1.384805 0.015575 0.087176
    39 -0.000002 1.562311 0.000013 0.560749 0.025831 -0.031631
    40 0.576838 4.298388 0.639431 -2.731759 -0.062746 -2.944335
    41 0.000002 1.553762 -0.000008 1.110012 0.141127 0.009425
    42 0.000003 0.874434 -0.000006 0.744587 0.105069 0.203298
    43 1.459885 4.275572 0.219019 -2.283441 -0.186711 3.315472
    44 -0.000010 0.973051 -0.000004 1.316030 0.217351 0.114332
    45 0.000007 0.970890 0.000004 1.058339 0.085149 0.151904
    46 -7.008868 4.575658 -7.491495 -2.009200 0.803376 0.566721
    47 0.000011 12.706367 0.000010 -1.748949 0.275473 0.165525
    48 0.000000 0.000000 0.000000 1.570796 0.000000 1.570796
    49 -0.000006 1.500006 0.000000 1.570796 0.000000 1.570796
    50 0.000000 -0.299999 0.000000 -1.570796 0.000000 1.570796
    51 0.000000 0.000000 0.000000 0.000000 0.000000 1.570796
    52 0.000000 0.000000 0.000000 0.000000 0.000000 1.570796
    53 0.000000 0.000002 0.000001 0.000000 0.000000 1.919862
    54 0.000000 0.000000 0.000000 -1.570796 0.000000 1.570796
    55 0.000000 0.000000 0.000002 -1.570797 0.000000 1.570796
    56 -0.000002 -0.000002 0.000004 -1.570797 0.000001 1.570796
    57 0.000003 0.000000 0.000000 -1.570796 0.000000 1.570796
    58 0.000002 0.000003 0.000000 -1.570796 0.000000 1.570796
    59 0.000000 0.000000 0.000000 -1.570796 0.000000 1.570796
    60 -0.000001 0.000011 0.000000 -1.570796 0.000000 1.570796
    61 0.000000 0.000000 0.000000 -1.570796 -0.000001 1.570796
    62 0.000000 -0.000001 0.000000 -1.570796 0.000000 1.570796
    63 -0.000002 0.000002 -0.000002 -1.570796 0.000000 1.570796
    64 0.000000 0.000000 0.000000 -1.570797 0.000000 1.570796
    65 0.000000 0.000000 0.000000 -1.570797 0.000000 1.570796
    66 0.000000 0.000000 0.000000 1.570796 0.000000 1.570796
    67 0.000000 1.500000 0.000000 1.570796 0.000000 1.570796
    68 0.000000 0.300001 0.000000 1.570796 0.000000 1.570796
    69 -0.000011 0.000002 -0.000004 -3.141593 0.000001 1.570796
    70 0.000000 0.000000 0.000000 3.141593 0.000000 1.570796
    71 0.000001 0.000000 0.000000 -3.141593 0.000000 1.221730
    72 0.000000 0.000000 0.000000 3.141593 0.000000 1.570796
    73 0.000000 -0.000002 0.000000 3.141593 0.000000 1.570796
    74 0.000004 0.000000 0.000000 3.141593 0.000000 1.570797
    75 -0.000004 0.000000 0.000002 -1.570796 0.000000 1.570796
    76 0.000000 -0.000001 0.000008 -1.570796 0.000000 1.570796
    77 0.000001 0.000000 0.000000 -1.570796 0.000000 1.570796
    78 0.000001 0.000002 0.000000 -1.570796 0.000000 1.570796
    79 0.000000 0.000000 0.000000 -1.570796 0.000000 1.570796
    80 0.000001 0.000000 0.000000 -1.570796 0.000000 1.570796
    81 0.000001 0.000000 0.000000 -1.570796 0.000001 1.570796
    82 -0.000001 0.000000 0.000002 -1.570796 0.000001 1.570796
    83 0.000001 0.000000 0.000000 -1.570796 0.000000 1.570796
  time 99
    0 0.344667 -12.411227 -9.027682 -3.939158 0.863260 -0.112791
    1 0.073573 17.526917 0.777220 0.000000 0.000001 0.000000
    2 -0.226386 1.446262 -0.608961 0.000000 -0.000001 0.000000
    3 -0.276464 5.670478 -0.734195 0.000000 0.000001 0.000000
    4 -0.045094 3.566423 0.891595 0.000000 -0.000001 0.000000
    5 -0.116185 1.807585 2.464996 0.351389 0.000002 0.000000
    6 0.000000 1.030615 0.000004 -3.089252 0.148717 -3.389082
    7 -0.000002 5.179932 -0.000037 -0.005736 -0.020478 0.000961
    8 -0.218267 25.777573 2.487072 2.712357 0.000002 0.000000
    9 0.000000 0.870350 0.000008 0.019175 0.051018 -0.340681
    10 0.000000 4.478401 0.000072 0.004433 0.029346 -0.005080
    11 3.396298 15.700035 6.881751 -1.901027 0.080298 0.229787
    12 5.249555 -24.617908 -6.196365 1.469140 -0.094887 2.168285
    13 -1.294654 1.473667 0.640471 2.361876 -0.514949 -2.105093
    14 0.000011 1.832554 0.000004 0.105696 -0.242323 -0.022342
    15 0.000000 1.003359 0.000001 0.156021 -0.012825 -0.172530
    16 -1.632739 4.327644 -0.483953 0.365948 0.282538 -0.018902
    17 -0.000010 1.637142 0.000010 1.001957 0.015784 -0.110368
    18 0.000007 1.100985 0.000004 0.016835 0.076947 -0.068142
    19 -0.500328 4.452953 -0.532495 0.396541 0.287798 0.017522
    20 -0.000010 1.442617 -0.000010 1.327527 0.029302 -0.036670
    21 -0.000003 1.302446 0.000004 0.004462 -0.041912 0.002923
    22 0.523221 4.540312 -0.480714 0.856150 0.290072 -0.285049
    23 -0.000001 1.198256 0.000008 0.732623 -0.133919 0.043054
    24 -0.000012 0.869780 0.000015 0.218278 0.063758 -0.018636
    25 1.354362 4.150681 -0.582655 0.848432 0.193448 -0.436427
    26 0.000000 1.157421 -0.000006 0.969721 -0.115779 0.002582
    27 0.000001 1.020055 0.000002 -0.120881 -0.015655 -0.025766
    28 5.003218 -8.070315 -8.112608 -2.382852 0.200166 0.333858
    29 0.000038 12.695422 -0.000004 -1.527414 0.465823 0.427008
    30 -2.949912 -10.822477 -7.989389 0.843295 -0.905865 2.984915
    31 -1.391397 1.476538 -0.700638 -1.757657 -1.119939 2.167452
    32 0.000002 1.751797 -0.000002 -0.382818 -0.196569 -0.169475
    33 0.000010 1.122969 0.000000 -0.357783 -0.049012 -0.094326
    34 -1.596883 4.441620 0.708540 1.365007 -1.150510 -1.273621
    35 -0.000008 1.481951 -0.000008 0.018943 -0.004043 1.246788
    36 0.000002 1.056648 -0.000004 -0.145240 -0.093310 0.961445
    37 -0.470901 4.219486 0.926555 -3.158796 -0.058270 -2.939043
    38 -0.000010 1.609821 0.000004 1.384805 0.015575 0.087176
    39 -0.000002 1.562311 0.000013 0.560259 0.025831 -0.031631
    40 0.576838 4.298388 0.639431 -2.731759 -0.062746 -2.944335
    41 0.000002 1.553762 -0.000008 1.110012 0.141031 0.009389
    42 0.000003 0.874434 -0.000006 0.744649 0.105189 0.203203
    43 1.459885 4.275572 0.219019 -2.284016 -0.186699 3.315472
    44 -0.000010 0.973051 -0.000004 1.316030 0.217351 0.114332
    45 0.000007 0.970890 0.000004 1.057759 0.085185 0.151868
    46 -7.008868 4.575658 -7.491495 -2.009671 0.795933 0.563823
    47 0.000011 12.706367 0.000010 -1.750104 0.275712 0.165514
    48 0.000000 0.000000 0.000000 1.570796 0.000000 1.570796
    49 -0.000006 1.500006 0.000000 1.570796 0.000000 1.570796
    50 0.000000 -0.299999 0.000000 -1.570796 0.000000 1.570796
    51 0.000000 0.000000 0.000000 0.000000 0.000000 1.570796
    52 0.000000 0.000000 0.000000 0.000000 0.000000 1.570796
    53 0.000000 0.000002 0.000001 0.000000 0.000000 1.919862
    54 0.000000 0.000000 0.000000 -1.570796 0.000000 1.570796
    55 0.000000 0.000000 0.000002 -1.570797 0.000000 1.570796
    56 -0.000002 -0.000002 0.000004 -1.570797 0.000001 1.570796
    57 0.000003 0.000000 0.000000 -1.570796 0.000000 1.570796
    58 0.000002 0.000003 0.000000 -1.570796 0.000000 1.570796
    59 0.000000 0.000000 0.000000 -1.570796 0.000000 1.570796
    60 -0.000001 0.000011 0.000000 -1.570796 0.000000 1.570796
    61 0.000000 0.000000 0.000000 -1.570796 -0.000001 1.570796
    62 0.000000 -0.000001 0.000000 -1.570796 0.000000 1.570796
    63 -0.000002 0.000002 -0.000002 -1.570796 0.000000 1.570796
    64 0.000000 0.000000 0.000000 -1.570797 0.000000 1.570796
    65 0.000000 0.000000 0.000000 -1.570797 0.000000 1.570796
    66 0.000000 0.000000 0.000000 1.570796 0.000000 1.570796
    67 0.000000 1.500000 0.000000 1.570796 0.000000 1.570796
    68 0.000000 0.300001 0.000000 1.570796 0.000000 1.570796
    69 -0.000011 0.000002 -0.000004 -3.141593 0.000001 1.570796
    70 0.000000 0.000000 0.000000 3.141593 0.000000 1.570796
    71 0.000001 0.000000 0.000000 -3.141593 0.000000 1.221730
    72 0.000000 0.000000 0.000000 3.141593 0.000000 1.570796
    73 0.000000 -0.000002 0.000000 3.141593 0.000000 1.570796
    74 0.000004 0.000000 0.000000 3.141593 0.000000 1.570797
    75 -0.000004 0.000000 0.000002 -1.570796 0.000000 1.570796
    76 0.000000 -0.000001 0.000008 -1.570796 0.000000 1.570796
    77 0.000001 0.000000 0.000000 -1.570796 0.000000 1.570796
    78 0.000001 0.000002 0.000000 -1.570796 0.000000 1.570796
    79 0.000000 0.000000 0.000000 -1.570796 0.000000 1.570796
    80 0.000001 0.000000 0.000000 -1.570796 0.000000 1.570796
    81 0.000001 0.000000 0.000000 -1.570796 0.000001 1.570796
    82 -0.000001 0.000000 0.000002 -1.570796 0.000001 1.570796
    83 0.000001 0.000000 0.000000 -1.570796 0.000000 1.570796
  time 100
    0 0.321229 -12.391695 -9.039401 -3.937875 0.860018 -0.108586
    1 0.073573 17.526917 0.777220 0.000000 0.000001 0.000000
    2 -0.226386 1.442356 -0.608961 0.000000 -0.000001 0.000000
    3 -0.288183 5.666572 -0.734195 0.000000 0.000001 0.000000
    4 -0.045094 3.566423 0.891595 0.000000 -0.000001 0.000000
    5 -0.116185 1.807585 2.464996 0.350511 0.000002 0.000000
    6 0.000000 1.030615 0.000004 -3.090245 0.148765 -3.389208
    7 -0.000002 5.179932 -0.000037 -0.005655 -0.020490 0.000961
    8 -0.218267 25.777573 2.487072 2.712501 0.000002 0.000000
    9 0.000000 0.870350 0.000008 0.019186 0.050994 -0.340667
    10 0.000000 4.478401 0.000072 0.004417 0.029346 -0.005080
    11 3.384579 15.700035 6.854406 -1.901027 0.080298 0.229787
    12 5.265180 -24.586658 -6.196365 1.466027 -0.093450 2.171839
    13 -1.294654 1.473667 0.640471 2.361876 -0.514949 -2.105093
    14 0.000011 1.832554 0.000004 0.105696 -0.242323 -0.022342
    15 0.000000 1.003359 0.000001 0.156021 -0.012837 -0.172530
    16 -1.632739 4.327644 -0.483953 0.365948 0.282538 -0.018902
    17 -0.000010 1.637142 0.000010 1.001957 0.015784 -0.110368
    18 0.000007 1.100985 0.000004 0.016835 0.076947 -0.068142
    19 -0.500328 4.452953 -0.532495 0.396541 0.287798 0.017522
    20 -0.000010 1.442617 -0.000010 1.327527 0.029302 -0.036670
    21 -0.000003 1.302446 0.000004 0.004462 -0.041912 0.002935
    22 0.523221 4.540312 -0.480714 0.856150 0.290072 -0.285049
    23 -0.000001 1.198256 0.000008 0.732643 -0.133919 0.043066
    24 -0.000012 0.869780 0.000015 0.218278 0.063758 -0.018648
    25 1.354362 4.150681 -0.582655 0.848409 0.193448 -0.436427
    26 0.000000 1.157421 -0.000006 0.969721 -0.115779 0.002582
    27 0.000001 1.020055 0.000002 -0.120881 -0.015655 -0.025766
    28 5.003218 -8.070315 -8.112608 -2.381192 0.199802 0.334953
    29 0.000038 12.695422 -0.000004 -1.530889 0.467157 0.427060
    30 -2.985070 -10.814664 -8.005014 0.841813 -0.902725 2.989399
    31 -1.391397 1.476538 -0.700638 -1.757484 -1.119903 2.167452
    32 0.000002 1.751797 -0.000002 -0.382818 -0.196569 -0.169475
    33 0.000010 1.122969 0.000000 -0.357783 -0.049012 -0.094326
    34 -1.596883 4.441620 0.708540 1.365007 -1.150510 -1.273621
    35 -0.000008 1.481951 -0.000008 0.018943 -0.004043 1.246788
    36 0.000002 1.056648 -0.000004 -0.145240 -0.093310 0.961445
    37 -0.470901 4.219486 0.926555 -3.158796 -0.058270 -2.939043
    38 -0.000010 1.609821 0.000004 1.384824 0.015575 0.087176
    39 -0.000002 1.562311 0.000013 0.559738 0.025831 -0.031631
    40 0.576838 4.298388 0.639431 -2.731759 -0.062746 -2.944323
    41 0.000002 1.553762 -0.000008 1.110125 0.140923 0.009353
    42 0.000003 0.874434 -0.000006 0.744710 0.105285 0.203071
    43 1.459885 4.275572 0.219019 -2.284627 -0.186723 3.315472
    44 -0.000010 0.973051 -0.000004 1.316030 0.217351 0.114332
    45 0.000007 0.970890 0.000004 1.057299 0.085221 0.151844
    46 -7.008868 4.575658 -7.491495 -2.009965 0.788194 0.560840
    47 0.000011 12.706367 0.000010 -1.752107 0.276144 0.165514
    48 0.000000 0.000000 0.000000 1.570796 0.000000 1.570796
    49 -0.000006 1.500006 0.000000 1.570796 0.000000 1.570796
    50 0.000000 -0.299999 0.000000 -1.570796 0.000000 1.570796
    51 0.000000 0.000000 0.000000 0.000000 0.000000 1.570796
    52 0.000000 0.000000 0.000000 0.000000 0.000000 1.570796
    53 0.000000 0.000002 0.000001 0.000000 0.000000 1.919862
    54 0.000000 0.000000 0.000000 -1.570796 0.000000 1.570796
    55 0.000000 0.000000 0.000002 -1.570797 0.000000 1.570796
    56 -0.000002 -0.000002 0.000004 -1.570797 0.000001 1.570796
    57 0.000003 0.000000 0.000000 -1.570796 0.000000 1.570796
    58 0.000002 0.000003 0.000000 -1.570796 0.000000 1.570796
    59 0.000000 0.000000 0.000000 -1.570796 0.000000 1.570796
    60 -0.000001 0.000011 0.000000 -1.570796 0.000000 1.570796
    61 0.000000 0.000000 0.000000 -1.570796 -0.000001 1.570796
    62 0.000000 -0.000001 0.000000 -1.570796 0.000000 1.570796
    63 -0.000002 0.000002 -0.000002 -1.570796 0.000000 1.570796
    64 0.000000 0.000000 0.000000 -1.570797 0.000000 1.570796
    65 0.000000 0.000000 0.000000 -1.570797 0.000000 1.570796
    66 0.000000 0.000000 0.000000 1.570796 0.000000 1.570796
    67 0.000000 1.500000 0.000000 1.570796 0.000000 1.570796
    68 0.000000 0.300001 0.000000 1.570796 0.000000 1.570796
    69 -0.000011 0.000002 -0.000004 -3.141593 0.000001 1.570796
    70 0.000000 0.000000 0.000000 3.141593 0.000000 1.570796
    71 0.000001 0.000000 0.000000 -3.141593 0.000000 1.221730
    72 0.000000 0.000000 0.000000 3.141593 0.000000 1.570796
    73 0.000000 -0.000002 0.000000 3.141593 0.000000 1.570796
    74 0.000004 0.000000 0.000000 3.141593 0.000000 1.570797
    75 -0.000004 0.000000 0.000002 -1.570796 0.000000 1.570796
    76 0.000000 -0.000001 0.000008 -1.570796 0.000000 1.570796
    77 0.000001 0.000000 0.000000 -1.570796 0.000000 1.570796
    78 0.000001 0.000002 0.000000 -1.570796 0.000000 1.570796
    79 0.000000 0.000000 0.000000 -1.570796 0.000000 1.570796
    80 0.000001 0.000000 0.000000 -1.570796 0.000000 1.570796
    81 0.000001 0.000000 0.000000 -1.570796 0.000001 1.570796
    82 -0.000001 0.000000 0.000002 -1.570796 0.000001 1.570796
    83 0.000001 0.000000 0.000000 -1.570796 0.000000 1.570796
  time 101
    0 0.297791 -12.368257 -9.027682 -3.937201 0.857154 -0.105194
    1 0.073573 17.526917 0.777220 0.000000 0.000001 0.000000
    2 -0.226386 1.442356 -0.608961 0.000000 -0.000001 0.000000
    3 -0.276464 5.670478 -0.730288 0.000000 0.000001 0.000000
    4 -0.045094 3.566423 0.891595 0.000000 -0.000001 0.000000
    5 -0.116185 1.807585 2.464996 0.350668 0.000002 0.000000
    6 0.000000 1.030615 0.000004 -3.090245 0.148813 -3.389208
    7 -0.000002 5.179932 -0.000037 -0.005655 -0.020502 0.000961
    8 -0.218267 25.777573 2.487072 2.712501 0.000002 0.000000
    9 0.000000 0.870350 0.000008 0.019186 0.050982 -0.340667
    10 0.000000 4.478401 0.000072 0.004417 0.029346 -0.005080
    11 3.392392 15.700035 6.866125 -1.901027 0.080298 0.229787
    12 5.257368 -24.551500 -6.196365 1.463614 -0.091950 2.174732
    13 -1.294654 1.473667 0.640471 2.361876 -0.514949 -2.105093
    14 0.000011 1.832554 0.000004 0.105696 -0.242323 -0.022342
    15 0.000000 1.003359 0.000001 0.156021 -0.012873 -0.172530
    16 -1.632739 4.327644 -0.483953 0.365948 0.282538 -0.018902
    17 -0.000010 1.637142 0.000010 1.001957 0.015772 -0.110368
    18 0.000007 1.100985 0.000004 0.016835 0.076947 -0.068142
    19 -0.500328 4.452953 -0.532495 0.396541 0.287798 0.017522
    20 -0.000010 1.442617 -0.000010 1.327527 0.029302 -0.036670
    21 -0.000003 1.302446 0.000004 0.004462 -0.041912 0.002947
    22 0.523221 4.540312 -0.480714 0.856150 0.290072 -0.285049
    23 -0.000001 1.198256 0.000008 0.732623 -0.133919 0.043066
    24 -0.000012 0.869780 0.000015 0.218278 0.063758 -0.018624
    25 1.354362 4.150681 -0.582655 0.848409 0.193448 -0.436427
    26 0.000000 1.157421 -0.000006 0.969721 -0.115779 0.002582
    27 0.000001 1.020055 0.000002 -0.120881 -0.015655 -0.025766
    28 5.003218 -8.070315 -8.112608 -2.379457 0.199372 0.335637
    29 0.000038 12.695422 -0.000004 -1.534296 0.468568 0.427073
    30 -3.020227 -10.818570 -8.040172 0.840794 -0.899738 2.992738
    31 -1.391397 1.476538 -0.700638 -1.757518 -1.119927 2.167452
    32 0.000002 1.751797 -0.000002 -0.382818 -0.196569 -0.169475
    33 0.000010 1.122969 0.000000 -0.357783 -0.049012 -0.094326
    34 -1.596883 4.441620 0.708540 1.365007 -1.150510 -1.273621
    35 -0.000008 1.481951 -0.000008 0.018943 -0.004043 1.246788
    36 0.000002 1.056648 -0.000004 -0.145240 -0.093310 0.961445
    37 -0.470901 4.219486 0.926555 -3.158796 -0.058270 -2.939043
    38 -0.000010 1.609821 0.000004 1.384805 0.015575 0.087176
    39 -0.000002 1.562311 0.000013 0.559309 0.025831 -0.031631
    40 0.576838 4.298388 0.639431 -2.731747 -0.062746 -2.944335
    41 0.000002 1.553762 -0.000008 1.110125 0.140827 0.009353
    42 0.000003 0.874434 -0.000006 0.744752 0.105393 0.202855
    43 1.459885 4.275572 0.219019 -2.285298 -0.186687 3.315472
    44 -0.000010 0.973051 -0.000004 1.316030 0.217351 0.114332
    45 0.000007 0.970890 0.000004 1.056618 0.085245 0.151796
    46 -7.008868 4.575658 -7.491495 -2.014028 0.771801 0.555044
    47 0.000011 12.706367 0.000010 -1.754109 0.276323 0.165502
    48 0.000000 0.000000 0.000000 1.570796 0.000000 1.570796
    49 -0.000006 1.500006 0.000000 1.570796 0.000000 1.570796
    50 0.000000 -0.299999 0.000000 -1.570796 0.000000 1.570796
    51 0.000000 0.000000 0.000000 0.000000 0.000000 1.570796
    52 0.000000 0.000000 0.000000 0.000000 0.000000 1.570796
    53 0.000000 0.000002 0.000001 0.000000 0.000000 1.919862
    54 0.000000 0.000000 0.000000 -1.570796 0.000000 1.570796
    55 0.000000 0.000000 0.000002 -1.570797 0.000000 1.570796
    56 -0.000002 -0.000002 0.000004 -1.570797 0.000001 1.570796
    57 0.000003 0.000000 0.000000 -1.570796 0.000000 1.570796
    58 0.000002 0.000003 0.000000 -1.570796 0.000000 1.570796
    59 0.000000 0.000000 0.000000 -1.570796 0.000000 1.570796
    60 -0.000001 0.000011 0.000000 -1.570796 0.000000 1.570796
    61 0.000000 0.000000 0.000000 -1.570796 -0.000001 1.570796
    62 0.000000 -0.000001 0.000000 -1.570796 0.000000 1.570796
    63 -0.000002 0.000002 -0.000002 -1.570796 0.000000 1.570796
    64 0.000000 0.000000 0.000000 -1.570797 0.000000 1.570796
    65 0.000000 0.000000 0.000000 -1.570797 0.000000 1.570796
    66 0.000000 0.000000 0.000000 1.570796 0.000000 1.570796
    67 0.000000 1.500000 0.000000 1.570796 0.000000 1.570796
    68 0.000000 0.300001 0.000000 1.570796 0.000000 1.570796
    69 -0.000011 0.000002 -0.000004 -3.141593 0.000001 1.570796
    70 0.000000 0.000000 0.000000 3.141593 0.000000 1.570796
    71 0.000001 0.000000 0.000000 -3.141593 0.000000 1.221730
    72 0.000000 0.000000 0.000000 3.141593 0.000000 1.570796
    73 0.000000 -0.000002 0.000000 3.141593 0.000000 1.570796
    74 0.000004 0.000000 0.000000 3.141593 0.000000 1.570797
    75 -0.000004 0.000000 0.000002 -1.570796 0.000000 1.570796
    76 0.000000 -0.000001 0.000008 -1.570796 0.000000 1.570796
    77 0.000001 0.000000 0.000000 -1.570796 0.000000 1.570796
    78 0.000001 0.000002 0.000000 -1.570796 0.000000 1.570796
    79 0.000000 0.000000 0.000000 -1.570796 0.000000 1.570796
    80 0.000001 0.000000 0.000000 -1.570796 0.000000 1.570796
    81 0.000001 0.000000 0.000000 -1.570796 0.000001 1.570796
    82 -0.000001 0.000000 0.000002 -1.570796 0.000001 1.570796
    83 0.000001 0.000000 0.000000 -1.570796 0.000000 1.570796
  time 102
    0 0.270446 -12.340912 -9.058933 -3.937073 0.854762 -0.102684
    1 0.073573 17.526917 0.777220 0.000000 0.000001 0.000000
    2 -0.226386 1.446262 -0.608961 0.000000 -0.000001 0.000000
    3 -0.280370 5.670478 -0.726382 0.000000 0.000001 0.000000
    4 -0.045094 3.566423 0.891595 0.000000 -0.000001 0.000000
    5 -0.116185 1.807585 2.464996 0.350629 0.000002 0.000000
    6 0.000000 1.030615 0.000004 -3.090245 0.148825 -3.389271
    7 -0.000002 5.179932 -0.000037 -0.005655 -0.020514 0.000961
    8 -0.218267 25.777573 2.487072 2.712501 0.000002 0.000000
    9 0.000000 0.870350 0.000008 0.019186 0.050970 -0.340667
    10 0.000000 4.478401 0.000072 0.004383 0.029334 -0.005068
    11 3.392392 15.700035 6.866125 -1.901040 0.080298 0.229787
    12 5.253461 -24.512437 -6.196365 1.461824 -0.090513 2.177542
    13 -1.294654 1.473667 0.640471 2.361876 -0.514949 -2.105093
    14 0.000011 1.832554 0.000004 0.105696 -0.242323 -0.022342
    15 0.000000 1.003359 0.000001 0.156021 -0.012861 -0.172530
    16 -1.632739 4.327644 -0.483953 0.365948 0.282538 -0.018902
    17 -0.000010 1.637142 0.000010 1.001957 0.015784 -0.110368
    18 0.000007 1.100985 0.000004 0.016835 0.076947 -0.068142
    19 -0.500328 4.452953 -0.532495 0.396541 0.287798 0.017522
    20 -0.000010 1.442617 -0.000010 1.327527 0.029302 -0.036670
    21 -0.000003 1.302446 0.000004 0.004462 -0.041912 0.002875
    22 0.523221 4.540312 -0.480714 0.856150 0.290072 -0.285049
    23 -0.000001 1.198256 0.000008 0.732623 -0.133919 0.043066
    24 -0.000012 0.869780 0.000015 0.218278 0.063758 -0.018648
    25 1.354362 4.150681 -0.582655 0.848409 0.193448 -0.436427
    26 0.000000 1.157421 -0.000006 0.969721 -0.115779 0.002582
    27 0.000001 1.020055 0.000002 -0.120881 -0.015655 -0.025766
    28 5.003218 -8.070315 -8.112608 -2.377873 0.198810 0.336048
    29 0.000038 12.695422 -0.000004 -1.537907 0.469960 0.427073
    30 -3.055384 -10.791226 -8.047984 0.840331 -0.897900 2.995505
    31 -1.391397 1.476538 -0.700638 -1.757657 -1.119915 2.167452
    32 0.000002 1.751797 -0.000002 -0.382818 -0.196569 -0.169475
    33 0.000010 1.122969 0.000000 -0.357783 -0.049012 -0.094326
    34 -1.596883 4.441620 0.708540 1.365007 -1.150510 -1.273621
    35 -0.000008 1.481951 -0.000008 0.018943 -0.004043 1.246788
    36 0.000002 1.056648 -0.000004 -0.145240 -0.093310 0.961445
    37 -0.470901 4.219486 0.926555 -3.158796 -0.058270 -2.939043
    38 -0.000010 1.609821 0.000004 1.384805 0.015575 0.087176
    39 -0.000002 1.562311 0.000013 0.558819 0.025831 -0.031631
    40 0.576838 4.298388 0.639431 -2.731759 -0.062746 -2.944335
    41 0.000002 1.553762 -0.000008 1.110238 0.140779 0.009353
    42 0.000003 0.874434 -0.000006 0.744793 0.105429 0.202531
    43 1.459885 4.275572 0.219019 -2.285958 -0.186687 3.315388
    44 -0.000010 0.973051 -0.000004 1.316030 0.217351 0.114332
    45 0.000007 0.970890 0.000004 1.055878 0.085293 0.151772
    46 -7.008868 4.575658 -7.491495 -2.023686 0.740699 0.544645
    47 0.000011 12.706367 0.000010 -1.756574 0.276863 0.165430
    48 0.000000 0.000000 0.000000 1.570796 0.000000 1.570796
    49 -0.000006 1.500006 0.000000 1.570796 0.000000 1.570796
    50 0.000000 -0.299999 0.000000 -1.570796 0.000000 1.570796
    51 0.000000 0.000000 0.000000 0.000000 0.000000 1.570796
    52 0.000000 0.000000 0.000000 0.000000 0.000000 1.570796
    53 0.000000 0.000002 0.000001 0.000000 0.000000 1.919862
    54 0.000000 0.000000 0.000000 -1.570796 0.000000 1.570796
    55 0.000000 0.000000 0.000002 -1.570797 0.000000 1.570796
    56 -0.000002 -0.000002 0.000004 -1.570797 0.000001 1.570796
    57 0.000003 0.000000 0.000000 -1.570796 0.000000 1.570796
    58 0.000002 0.000003 0.000000 -1.570796 0.000000 1.570796
    59 0.000000 0.000000 0.000000 -1.570796 0.000000 1.570796
    60 -0.000001 0.000011 0.000000 -1.570796 0.000000 1.570796
    61 0.000000 0.000000 0.000000 -1.570796 -0.000001 1.570796
    62 0.000000 -0.000001 0.000000 -1.570796 0.000000 1.570796
    63 -0.000002 0.000002 -0.000002 -1.570796 0.000000 1.570796
    64 0.000000 0.000000 0.000000 -1.570797 0.000000 1.570796
    65 0.000000 0.000000 0.000000 -1.570797 0.000000 1.570796
    66 0.000000 0.000000 0.000000 1.570796 0.000000 1.570796
    67 0.000000 1.500000 0.000000 1.570796 0.000000 1.570796
    68 0.000000 0.300001 0.000000 1.570796 0.000000 1.570796
    69 -0.000011 0.000002 -0.000004 -3.141593 0.000001 1.570796
    70 0.000000 0.000000 0.000000 3.141593 0.000000 1.570796
    71 0.000001 0.000000 0.000000 -3.141593 0.000000 1.221730
    72 0.000000 0.000000 0.000000 3.141593 0.000000 1.570796
    73 0.000000 -0.000002 0.000000 3.141593 0.000000 1.570796
    74 0.000004 0.000000 0.000000 3.141593 0.000000 1.570797
    75 -0.000004 0.000000 0.000002 -1.570796 0.000000 1.570796
    76 0.000000 -0.000001 0.000008 -1.570796 0.000000 1.570796
    77 0.000001 0.000000 0.000000 -1.570796 0.000000 1.570796
    78 0.000001 0.000002 0.000000 -1.570796 0.000000 1.570796
    79 0.000000 0.000000 0.000000 -1.570796 0.000000 1.570796
    80 0.000001 0.000000 0.000000 -1.570796 0.000000 1.570796
    81 0.000001 0.000000 0.000000 -1.570796 0.000001 1.570796
    82 -0.000001 0.000000 0.000002 -1.570796 0.000001 1.570796
    83 0.000001 0.000000 0.000000 -1.570796 0.000000 1.570796
  time 103
    0 0.243102 -12.317474 -9.074558 -3.937490 0.852936 -0.101056
    1 0.073573 17.526917 0.777220 0.000000 0.000001 0.000000
    2 -0.226386 1.450169 -0.608961 0.000000 -0.000001 0.000000
    3 -0.276464 5.670478 -0.738101 0.000000 0.000001 0.000000
    4 -0.045094 3.566423 0.891595 0.000000 -0.000001 0.000000
    5 -0.116185 1.807585 2.464996 0.350668 0.000002 0.000000
    6 0.000000 1.030615 0.000004 -3.090245 0.148861 -3.389271
    7 -0.000002 5.179932 -0.000037 -0.005655 -0.020514 0.000961
    8 -0.218267 25.777573 2.487072 2.712501 0.000002 0.000000
    9 0.000000 0.870350 0.000008 0.019186 0.050958 -0.340588
    10 0.000000 4.478401 0.000072 0.004383 0.029322 -0.005068
    11 3.376766 15.700035 6.870032 -1.901027 0.080298 0.229787
    12 5.245649 -24.477279 -6.196365 1.460812 -0.089076 2.179691
    13 -1.294654 1.473667 0.640471 2.361876 -0.514949 -2.105093
    14 0.000011 1.832554 0.000004 0.105696 -0.242323 -0.022342
    15 0.000000 1.003359 0.000001 0.156021 -0.012837 -0.172530
    16 -1.632739 4.327644 -0.483953 0.365948 0.282538 -0.018902
    17 -0.000010 1.637142 0.000010 1.001957 0.015784 -0.110368
    18 0.000007 1.100985 0.000004 0.016835 0.076947 -0.068142
    19 -0.500328 4.452953 -0.532495 0.396541 0.287798 0.017522
    20 -0.000010 1.442617 -0.000010 1.327527 0.029302 -0.036670
    21 -0.000003 1.302446 0.000004 0.004462 -0.041912 0.002935
    22 0.523221 4.540312 -0.480714 0.856150 0.290072 -0.285049
    23 -0.000001 1.198256 0.000008 0.732623 -0.133919 0.043066
    24 -0.000012 0.869780 0.000015 0.218278 0.063758 -0.018636
    25 1.354362 4.150681 -0.582655 0.848409 0.193448 -0.436427
    26 0.000000 1.157421 -0.000006 0.969721 -0.115779 0.002582
    27 0.000001 1.020055 0.000002 -0.120881 -0.015655 -0.025766
    28 5.003218 -8.070315 -8.112608 -2.376364 0.198082 0.336048
    29 0.000038 12.695422 -0.000004 -1.541314 0.471429 0.427086
    30 -3.090541 -10.767787 -8.071423 0.840794 -0.895679 2.997413
    31 -1.391397 1.476538 -0.700638 -1.757588 -1.119903 2.167452
    32 0.000002 1.751797 -0.000002 -0.382818 -0.196569 -0.169475
    33 0.000010 1.122969 0.000000 -0.357783 -0.049012 -0.094326
    34 -1.596883 4.441620 0.708540 1.365007 -1.150510 -1.273621
    35 -0.000008 1.481951 -0.000008 0.018943 -0.004043 1.246788
    36 0.000002 1.056648 -0.000004 -0.145240 -0.093310 0.961445
    37 -0.470901 4.219486 0.926555 -3.158796 -0.058270 -2.939043
    38 -0.000010 1.609821 0.000004 1.384805 0.015575 0.087176
    39 -0.000002 1.562311 0.000013 0.558390 0.025831 -0.031631
    40 0.576838 4.298388 0.639431 -2.731759 -0.062746 -2.944335
    41 0.000002 1.553762 -0.000008 1.110238 0.140719 0.009341
    42 0.000003 0.874434 -0.000006 0.744854 0.105464 0.202412
    43 1.459885 4.275572 0.219019 -2.286641 -0.186675 3.315388
    44 -0.000010 0.973051 -0.000004 1.316030 0.217351 0.114332
    45 0.000007 0.970890 0.000004 1.055358 0.085317 0.151688
    46 -7.008868 4.575658 -7.491495 -2.036583 0.698225 0.531945
    47 0.000011 12.706367 0.000010 -1.758807 0.277150 0.165346
    48 0.000000 0.000000 0.000000 1.570796 0.000000 1.570796
    49 -0.000006 1.500006 0.000000 1.570796 0.000000 1.570796
    50 0.000000 -0.299999 0.000000 -1.570796 0.000000 1.570796
    51 0.000000 0.000000 0.000000 0.000000 0.000000 1.570796
    52 0.000000 0.000000 0.000000 0.000000 0.000000 1.570796
    53 0.000000 0.000002 0.000001 0.000000 0.000000 1.919862
    54 0.000000 0.000000 0.000000 -1.570796 0.000000 1.570796
    55 0.000000 0.000000 0.000002 -1.570797 0.000000 1.570796
    56 -0.000002 -0.000002 0.000004 -1.570797 0.000001 1.570796
    57 0.000003 0.000000 0.000000 -1.570796 0.000000 1.570796
    58 0.000002 0.000003 0.000000 -1.570796 0.000000 1.570796
    59 0.000000 0.000000 0.000000 -1.570796 0.000000 1.570796
    60 -0.000001 0.000011 0.000000 -1.570796 0.000000 1.570796
    61 0.000000 0.000000 0.000000 -1.570796 -0.000001 1.570796
    62 0.000000 -0.000001 0.000000 -1.570796 0.000000 1.570796
    63 -0.000002 0.000002 -0.000002 -1.570796 0.000000 1.570796
    64 0.000000 0.000000 0.000000 -1.570797 0.000000 1.570796
    65 0.000000 0.000000 0.000000 -1.570797 0.000000 1.570796
    66 0.000000 0.000000 0.000000 1.570796 0.000000 1.570796
    67 0.000000 1.500000 0.000000 1.570796 0.000000 1.570796
    68 0.000000 0.300001 0.000000 1.570796 0.000000 1.570796
    69 -0.000011 0.000002 -0.000004 -3.141593 0.000001 1.570796
    70 0.000000 0.000000 0.000000 3.141593 0.000000 1.570796
    71 0.000001 0.000000 0.000000 -3.141593 0.000000 1.221730
    72 0.000000 0.000000 0.000000 3.141593 0.000000 1.570796
    73 0.000000 -0.000002 0.000000 3.141593 0.000000 1.570796
    74 0.000004 0.000000 0.000000 3.141593 0.000000 1.570797
    75 -0.000004 0.000000 0.000002 -1.570796 0.000000 1.570796
    76 0.000000 -0.000001 0.000008 -1.570796 0.000000 1.570796
    77 0.000001 0.000000 0.000000 -1.570796 0.000000 1.570796
    78 0.000001 0.000002 0.000000 -1.570796 0.000000 1.570796
    79 0.000000 0.000000 0.000000 -1.570796 0.000000 1.570796
    80 0.000001 0.000000 0.000000 -1.570796 0.000000 1.570796
    81 0.000001 0.000000 0.000000 -1.570796 0.000001 1.570796
    82 -0.000001 0.000000 0.000002 -1.570796 0.000001 1.570796
    83 0.000001 0.000000 0.000000 -1.570796 0.000000 1.570796
  time 104
    0 0.211851 -12.286223 -9.094090 -3.938805 0.851646 -0.100446
    1 0.073573 17.526917 0.777220 0.000000 0.000001 0.000000
    2 -0.226386 1.446262 -0.608961 0.000000 -0.000001 0.000000
    3 -0.280370 5.666572 -0.738101 0.000000 0.000001 0.000000
    4 -0.045094 3.566423 0.891595 0.000000 -0.000001 0.000000
    5 -0.116185 1.807585 2.464996 0.350668 0.000002 0.000000
    6 0.000000 1.030615 0.000004 -3.090245 0.148885 -3.389271
    7 -0.000002 5.179932 -0.000037 -0.005655 -0.020526 0.000961
    8 -0.218267 25.777573 2.487072 2.712573 0.000002 0.000000
    9 0.000000 0.870350 0.000008 0.019198 0.050946 -0.340575
    10 0.000000 4.478401 0.000072 0.004383 0.029322 -0.005068
    11 3.392392 15.700035 6.862219 -1.901027 0.080298 0.229787
    12 5.237836 -24.430403 -6.196365 1.460345 -0.087639 2.180931
    13 -1.294654 1.473667 0.640471 2.361876 -0.514949 -2.105093
    14 0.000011 1.832554 0.000004 0.105696 -0.242323 -0.022342
    15 0.000000 1.003359 0.000001 0.156033 -0.012873 -0.172530
    16 -1.632739 4.327644 -0.483953 0.365948 0.282538 -0.018902
    17 -0.000010 1.637142 0.000010 1.001957 0.015772 -0.110368
    18 0.000007 1.100985 0.000004 0.016835 0.076947 -0.068142
    19 -0.500328 4.452953 -0.532495 0.396541 0.287798 0.017522
    20 -0.000010 1.442617 -0.000010 1.327527 0.029302 -0.036670
    21 -0.000003 1.302446 0.000004 0.004462 -0.041912 0.002887
    22 0.523221 4.540312 -0.480714 0.856150 0.290072 -0.285049
    23 -0.000001 1.198256 0.000008 0.732623 -0.133919 0.043042
    24 -0.000012 0.869780 0.000015 0.218278 0.063758 -0.018636
    25 1.354362 4.150681 -0.582655 0.848409 0.193448 -0.436427
    26 0.000000 1.157421 -0.000006 0.969721 -0.115779 0.002582
    27 0.000001 1.020055 0.000002 -0.120881 -0.015655 -0.025766
    28 5.003218 -8.070315 -8.112608 -2.375006 0.197189 0.335774
    29 0.000038 12.695422 -0.000004 -1.545198 0.472937 0.427282
    30 -3.129605 -10.740443 -8.102674 0.842091 -0.894377 2.998081
    31 -1.391397 1.476538 -0.700638 -1.757622 -1.119903 2.167452
    32 0.000002 1.751797 -0.000002 -0.382818 -0.196569 -0.169475
    33 0.000010 1.122969 0.000000 -0.357783 -0.049012 -0.094326
    34 -1.596883 4.441620 0.708540 1.365007 -1.150510 -1.273621
    35 -0.000008 1.481951 -0.000008 0.018943 -0.004043 1.246788
    36 0.000002 1.056648 -0.000004 -0.145240 -0.093310 0.961445
    37 -0.470901 4.219486 0.926555 -3.158796 -0.058270 -2.939043
    38 -0.000010 1.609821 0.000004 1.384805 0.015575 0.087176
    39 -0.000002 1.562311 0.000013 0.557808 0.025831 -0.031631
    40 0.576838 4.298388 0.639431 -2.731759 -0.062746 -2.944335
    41 0.000002 1.553762 -0.000008 1.110238 0.140671 0.009294
    42 0.000003 0.874434 -0.000006 0.744895 0.105572 0.202268
    43 1.459885 4.275572 0.219019 -2.287216 -0.186663 3.315376
    44 -0.000010 0.973051 -0.000004 1.316030 0.217351 0.114332
    45 0.000007 0.970890 0.000004 1.054697 0.085353 0.151640
    46 -7.008868 4.575658 -7.491495 -2.051187 0.648160 0.518307
    47 0.000011 12.706367 0.000010 -1.762273 0.277798 0.165250
    48 0.000000 0.000000 0.000000 1.570796 0.000000 1.570796
    49 -0.000006 1.500006 0.000000 1.570796 0.000000 1.570796
    50 0.000000 -0.299999 0.000000 -1.570796 0.000000 1.570796
    51 0.000000 0.000000 0.000000 0.000000 0.000000 1.570796
    52 0.000000 0.000000 0.000000 0.000000 0.000000 1.570796
    53 0.000000 0.000002 0.000001 0.000000 0.000000 1.919862
    54 0.000000 0.000000 0.000000 -1.570796 0.000000 1.570796
    55 0.000000 0.000000 0.000002 -1.570797 0.000000 1.570796
    56 -0.000002 -0.000002 0.000004 -1.570797 0.000001 1.570796
    57 0.000003 0.000000 0.000000 -1.570796 0.000000 1.570796
    58 0.000002 0.000003 0.000000 -1.570796 0.000000 1.570796
    59 0.000000 0.000000 0.000000 -1.570796 0.000000 1.570796
    60 -0.000001 0.000011 0.000000 -1.570796 0.000000 1.570796
    61 0.000000 0.000000 0.000000 -1.570796 -0.000001 1.570796
    62 0.000000 -0.000001 0.000000 -1.570796 0.000000 1.570796
    63 -0.000002 0.000002 -0.000002 -1.570796 0.000000 1.570796
    64 0.000000 0.000000 0.000000 -1.570797 0.000000 1.570796
    65 0.000000 0.000000 0.000000 -1.570797 0.000000 1.570796
    66 0.000000 0.000000 0.000000 1.570796 0.000000 1.570796
    67 0.000000 1.500000 0.000000 1.570796 0.000000 1.570796
    68 0.000000 0.300001 0.000000 1.570796 0.000000 1.570796
    69 -0.000011 0.000002 -0.000004 -3.141593 0.000001 1.570796
    70 0.000000 0.000000 0.000000 3.141593 0.000000 1.570796
    71 0.000001 0.000000 0.000000 -3.141593 0.000000 1.221730
    72 0.000000 0.000000 0.000000 3.141593 0.000000 1.570796
    73 0.000000 -0.000002 0.000000 3.141593 0.000000 1.570796
    74 0.000004 0.000000 0.000000 3.141593 0.000000 1.570797
    75 -0.000004 0.000000 0.000002 -1.570796 0.000000 1.570796
    76 0.000000 -0.000001 0.000008 -1.570796 0.000000 1.570796
    77 0.000001 0.000000 0.000000 -1.570796 0.000000 1.570796
    78 0.000001 0.000002 0.000000 -1.570796 0.000000 1.570796
    79 0.000000 0.000000 0.000000 -1.570796 0.000000 1.570796
    80 0.000001 0.000000 0.000000 -1.570796 0.000000 1.570796
    81 0.000001 0.000000 0.000000 -1.570796 0.000001 1.570796
    82 -0.000001 0.000000 0.000002 -1.570796 0.000001 1.570796
    83 0.000001 0.000000 0.000000 -1.570796 0.000000 1.570796
  time 105
    0 0.180600 -12.258879 -9.109715 -3.940666 0.850985 -0.100853
    1 0.073573 17.526917 0.777220 0.000000 0.000001 0.000000
    2 -0.226386 1.454075 -0.608961 0.000000 -0.000001 0.000000
    3 -0.288183 5.666572 -0.734195 0.000000 0.000001 0.000000
    4 -0.045094 3.566423 0.891595 0.000000 -0.000001 0.000000
    5 -0.116185 1.807585 2.464996 0.350668 0.000002 0.000000
    6 0.000000 1.030615 0.000004 -3.090245 0.148885 -3.389271
    7 -0.000002 5.179932 -0.000037 -0.005655 -0.020526 0.000961
    8 -0.218267 25.777573 2.487072 2.712573 0.000002 0.000000
    9 0.000000 0.870350 0.000008 0.019198 0.050946 -0.340588
    10 0.000000 4.478401 0.000072 0.004383 0.029310 -0.005068
    11 3.400204 15.700035 6.862219 -1.901040 0.080298 0.229787
    12 5.214398 -24.399152 -6.188553 1.460656 -0.086264 2.181427
    13 -1.294654 1.473667 0.640471 2.361876 -0.514949 -2.105093
    14 0.000011 1.832554 0.000004 0.105696 -0.242323 -0.022342
    15 0.000000 1.003359 0.000001 0.156021 -0.012897 -0.172530
    16 -1.632739 4.327644 -0.483953 0.365948 0.282538 -0.018902
    17 -0.000010 1.637142 0.000010 1.001957 0.015772 -0.110368
    18 0.000007 1.100985 0.000004 0.016835 0.076947 -0.068142
    19 -0.500328 4.452953 -0.532495 0.396541 0.287798 0.017522
    20 -0.000010 1.442617 -0.000010 1.327527 0.029302 -0.036670
    21 -0.000003 1.302446 0.000004 0.004462 -0.041912 0.002947
    22 0.523221 4.540312 -0.480714 0.856150 0.290072 -0.285049
    23 -0.000001 1.198256 0.000008 0.732623 -0.133919 0.043054
    24 -0.000012 0.869780 0.000015 0.218278 0.063758 -0.018636
    25 1.354362 4.150681 -0.582655 0.848432 0.193448 -0.436427
    26 0.000000 1.157421 -0.000006 0.969721 -0.115779 0.002582
    27 0.000001 1.020055 0.000002 -0.120881 -0.015655 -0.025766
    28 5.003218 -8.070315 -8.112608 -2.373648 0.196064 0.334953
    29 0.000038 12.695422 -0.000004 -1.548809 0.474406 0.427321
    30 -3.160856 -10.709192 -8.118299 0.843851 -0.893688 2.997413
    31 -1.391397 1.476538 -0.700638 -1.757484 -1.119903 2.167452
    32 0.000002 1.751797 -0.000002 -0.382818 -0.196569 -0.169475
    33 0.000010 1.122969 0.000000 -0.357783 -0.049012 -0.094326
    34 -1.596883 4.441620 0.708540 1.365007 -1.150510 -1.273621
    35 -0.000008 1.481951 -0.000008 0.018943 -0.004043 1.246788
    36 0.000002 1.056648 -0.000004 -0.145240 -0.093310 0.961445
    37 -0.470901 4.219486 0.926555 -3.158796 -0.058282 -2.939043
    38 -0.000010 1.609821 0.000004 1.384805 0.015575 0.087176
    39 -0.000002 1.562311 0.000013 0.557256 0.025831 -0.031643
    40 0.576838 4.298388 0.639431 -2.731747 -0.062746 -2.944335
    41 0.000002 1.553762 -0.000008 1.110266 0.140624 0.009246
    42 0.000003 0.874434 -0.000006 0.744936 0.105704 0.201980
    43 1.459885 4.275572 0.219019 -2.287911 -0.186675 3.315376
    44 -0.000010 0.973051 -0.000004 1.316030 0.217351 0.114332
    45 0.000007 0.970890 0.000004 1.053837 0.085401 0.151580
    46 -7.008868 4.575658 -7.491495 -2.065085 0.594580 0.505522
    47 0.000011 12.706367 0.000010 -1.765970 0.278361 0.164986
    48 0.000000 0.000000 0.000000 1.570796 0.000000 1.570796
    49 -0.000006 1.500006 0.000000 1.570796 0.000000 1.570796
    50 0.000000 -0.299999 0.000000 -1.570796 0.000000 1.570796
    51 0.000000 0.000000 0.000000 0.000000 0.000000 1.570796
    52 0.000000 0.000000 0.000000 0.000000 0.000000 1.570796
    53 0.000000 0.000002 0.000001 0.000000 0.000000 1.919862
    54 0.000000 0.000000 0.000000 -1.570796 0.000000 1.570796
    55 0.000000 0.000000 0.000002 -1.570797 0.000000 1.570796
    56 -0.000002 -0.000002 0.000004 -1.570797 0.000001 1.570796
    57 0.000003 0.000000 0.000000 -1.570796 0.000000 1.570796
    58 0.000002 0.000003 0.000000 -1.570796 0.000000 1.570796
    59 0.000000 0.000000 0.000000 -1.570796 0.000000 1.570796
    60 -0.000001 0.000011 0.000000 -1.570796 0.000000 1.570796
    61 0.000000 0.000000 0.000000 -1.570796 -0.000001 1.570796
    62 0.000000 -0.000001 0.000000 -1.570796 0.000000 1.570796
    63 -0.000002 0.000002 -0.000002 -1.570796 0.000000 1.570796
    64 0.000000 0.000000 0.000000 -1.570797 0.000000 1.570796
    65 0.000000 0.000000 0.000000 -1.570797 0.000000 1.570796
    66 0.000000 0.000000 0.000000 1.570796 0.000000 1.570796
    67 0.000000 1.500000 0.000000 1.570796 0.000000 1.570796
    68 0.000000 0.300001 0.000000 1.570796 0.000000 1.570796
    69 -0.000011 0.000002 -0.000004 -3.141593 0.000001 1.570796
    70 0.000000 0.000000 0.000000 3.141593 0.000000 1.570796
    71 0.000001 0.000000 0.000000 -3.141593 0.000000 1.221730
    72 0.000000 0.000000 0.000000 3.141593 0.000000 1.570796
    73 0.000000 -0.000002 0.000000 3.141593 0.000000 1.570796
    74 0.000004 0.000000 0.000000 3.141593 0.000000 1.570797
    75 -0.000004 0.000000 0.000002 -1.570796 0.000000 1.570796
    76 0.000000 -0.000001 0.000008 -1.570796 0.000000 1.570796
    77 0.000001 0.000000 0.000000 -1.570796 0.000000 1.570796
    78 0.000001 0.000002 0.000000 -1.570796 0.000000 1.570796
    79 0.000000 0.000000 0.000000 -1.570796 0.000000 1.570796
    80 0.000001 0.000000 0.000000 -1.570796 0.000000 1.570796
    81 0.000001 0.000000 0.000000 -1.570796 0.000001 1.570796
    82 -0.000001 0.000000 0.000002 -1.570796 0.000001 1.570796
    83 0.000001 0.000000 0.000000 -1.570796 0.000000 1.570796
  time 106
    0 0.094660 -12.141688 -9.183936 -3.999115 0.883813 -0.157561
    1 0.073573 17.526917 0.777220 0.000000 0.000001 0.000000
    2 -0.226386 1.372041 -0.608961 0.000000 -0.000001 0.000000
    3 -0.284276 5.662665 -0.753727 0.000000 0.000001 0.000000
    4 -0.045094 3.566423 0.891595 0.000000 -0.000001 0.000000
    5 -0.116185 1.807585 2.464996 0.349166 0.000002 0.000000
    6 0.000000 1.030615 0.000004 -3.090121 0.145613 -3.387445
    7 -0.000002 5.179932 -0.000037 -0.005655 -0.019555 0.000961
    8 -0.218267 25.777573 2.487072 2.710464 0.000002 0.000000
    9 0.000000 0.870350 0.000008 0.018863 0.051714 -0.341689
    10 0.000000 4.478401 0.000072 0.004718 0.030077 -0.005128
    11 3.372860 15.746912 6.858312 -1.901027 0.080298 0.229774
    12 5.101113 -24.238991 -6.044017 1.510469 -0.079953 2.165971
    13 -1.294654 1.473667 0.640471 2.361876 -0.514949 -2.105093
    14 0.000011 1.832554 0.000004 0.105696 -0.242323 -0.022342
    15 0.000000 1.003359 0.000001 0.156021 -0.012909 -0.172495
    16 -1.632739 4.327644 -0.483953 0.365948 0.282538 -0.018902
    17 -0.000010 1.637142 0.000010 1.001957 0.015772 -0.110368
    18 0.000007 1.100985 0.000004 0.016835 0.076947 -0.068142
    19 -0.500328 4.452953 -0.532495 0.396541 0.287798 0.017522
    20 -0.000010 1.442617 -0.000010 1.327527 0.029302 -0.036670
    21 -0.000003 1.302446 0.000004 0.004462 -0.041912 0.002947
    22 0.523221 4.540312 -0.480714 0.856150 0.290072 -0.285049
    23 -0.000001 1.198256 0.000008 0.732623 -0.133919 0.043066
    24 -0.000012 0.869780 0.000015 0.218278 0.063758 -0.018648
    25 1.354362 4.150681 -0.582655 0.848409 0.193448 -0.436427
    26 0.000000 1.157421 -0.000006 0.969721 -0.115779 0.002582
    27 0.000001 1.020055 0.000002 -0.120881 -0.015655 -0.025766
    28 5.003218 -8.070315 -8.112608 -2.377722 0.193153 0.328657
    29 0.000038 12.695422 -0.000004 -1.561755 0.479761 0.427412
    30 -3.184294 -10.513873 -8.169082 0.908043 -0.924476 2.934827
    31 -1.391397 1.476538 -0.700638 -1.757588 -1.119939 2.167452
    32 0.000002 1.751797 -0.000002 -0.382818 -0.196569 -0.169475
    33 0.000010 1.122969 0.000000 -0.357783 -0.049012 -0.094326
    34 -1.596883 4.441620 0.708540 1.365007 -1.150510 -1.273380
    35 -0.000008 1.481951 -0.000008 0.018943 -0.004043 1.246788
    36 0.000002 1.056648 -0.000004 -0.145240 -0.093310 0.961445
    37 -0.470901 4.219486 0.926555 -3.158796 -0.058270 -2.939043
    38 -0.000010 1.609821 0.000004 1.384805 0.015575 0.087176
    39 -0.000002 1.562311 0.000013 0.556705 0.025831 -0.031643
    40 0.576838 4.298388 0.639431 -2.731759 -0.062746 -2.944323
    41 0.000002 1.553762 -0.000008 1.110351 0.140624 0.009198
    42 0.000003 0.874434 -0.000006 0.744977 0.105956 0.201705
    43 1.459885 4.275572 0.219019 -2.288606 -0.186651 3.315364
    44 -0.000010 0.973051 -0.000004 1.316030 0.217351 0.114332
    45 0.000007 0.970890 0.000004 1.053257 0.085461 0.151508
    46 -7.008868 4.575658 -7.491495 -2.066263 0.542684 0.500152
    47 0.000011 12.706367 0.000010 -1.785687 0.281501 0.164447
    48 0.000000 0.000000 0.000000 1.570796 0.000000 1.570796
    49 -0.000006 1.500006 0.000000 1.570796 0.000000 1.570796
    50 0.000000 -0.299999 0.000000 -1.570796 0.000000 1.570796
    51 0.000000 0.000000 0.000000 0.000000 0.000000 1.570796
    52 0.000000 0.000000 0.000000 0.000000 0.000000 1.570796
    53 0.000000 0.000002 0.000001 0.000000 0.000000 1.919862
    54 0.000000 0.000000 0.000000 -1.570796 0.000000 1.570796
    55 0.000000 0.000000 0.000002 -1.570797 0.000000 1.570796
    56 -0.000002 -0.000002 0.000004 -1.570797 0.000001 1.570796
    57 0.000003 0.000000 0.000000 -1.570796 0.000000 1.570796
    58 0.000002 0.000003 0.000000 -1.570796 0.000000 1.570796
    59 0.000000 0.000000 0.000000 -1.570796 0.000000 1.570796
    60 -0.000001 0.000011 0.000000 -1.570796 0.000000 1.570796
    61 0.000000 0.000000 0.000000 -1.570796 -0.000001 1.570796
    62 0.000000 -0.000001 0.000000 -1.570796 0.000000 1.570796
    63 -0.000002 0.000002 -0.000002 -1.570796 0.000000 1.570796
    64 0.000000 0.000000 0.000000 -1.570797 0.000000 1.570796
    65 0.000000 0.000000 0.000000 -1.570797 0.000000 1.570796
    66 0.000000 0.000000 0.000000 1.570796 0.000000 1.570796
    67 0.000000 1.500000 0.000000 1.570796 0.000000 1.570796
    68 0.000000 0.300001 0.000000 1.570796 0.000000 1.570796
    69 -0.000011 0.000002 -0.000004 -3.141593 0.000001 1.570796
    70 0.000000 0.000000 0.000000 3.141593 0.000000 1.570796
    71 0.000001 0.000000 0.000000 -3.141593 0.000000 1.221730
    72 0.000000 0.000000 0.000000 3.141593 0.000000 1.570796
    73 0.000000 -0.000002 0.000000 3.141593 0.000000 1.570796
    74 0.000004 0.000000 0.000000 3.141593 0.000000 1.570797
    75 -0.000004 0.000000 0.000002 -1.570796 0.000000 1.570796
    76 0.000000 -0.000001 0.000008 -1.570796 0.000000 1.570796
    77 0.000001 0.000000 0.000000 -1.570796 0.000000 1.570796
    78 0.000001 0.000002 0.000000 -1.570796 0.000000 1.570796
    79 0.000000 0.000000 0.000000 -1.570796 0.000000 1.570796
    80 0.000001 0.000000 0.000000 -1.570796 0.000000 1.570796
    81 0.000001 0.000000 0.000000 -1.570796 0.000001 1.570796
    82 -0.000001 0.000000 0.000002 -1.570796 0.000001 1.570796
    83 0.000001 0.000000 0.000000 -1.570796 0.000000 1.570796
  time 107
    0 -0.022531 -11.958088 -9.297221 -4.119863 0.938768 -0.276134
    1 0.073573 17.526917 0.777220 0.000000 0.000001 0.000000
    2 -0.226386 1.235319 -0.608961 0.000000 -0.000001 0.000000
    3 -0.288183 5.674384 -0.742007 0.000000 0.000001 0.000000
    4 -0.045094 3.566423 0.891595 0.000000 -0.000001 0.000000
    5 -0.116185 1.807585 2.464996 0.345850 0.000002 0.000000
    6 0.000000 1.030615 0.000004 -3.089904 0.141766 -3.380346
    7 -0.000002 5.179932 -0.000037 -0.005704 -0.019064 0.000961
    8 -0.218267 25.777573 2.487072 2.707468 0.000002 0.000000
    9 0.000000 0.870350 0.000008 0.017832 0.050958 -0.339116
    10 0.000000 4.478401 0.000072 0.004801 0.029861 -0.005092
    11 3.286920 15.883634 6.850500 -1.901027 0.080298 0.229787
    12 4.929233 -23.946013 -5.782290 1.601766 -0.067456 2.135886
    13 -1.294654 1.473667 0.640471 2.361876 -0.514949 -2.105093
    14 0.000011 1.832554 0.000004 0.105696 -0.242323 -0.022342
    15 0.000000 1.003359 0.000001 0.156021 -0.012873 -0.172530
    16 -1.632739 4.327644 -0.483953 0.365948 0.282538 -0.018902
    17 -0.000010 1.637142 0.000010 1.001957 0.015772 -0.110368
    18 0.000007 1.100985 0.000004 0.016835 0.076947 -0.068142
    19 -0.500328 4.452953 -0.532495 0.396541 0.287798 0.017522
    20 -0.000010 1.442617 -0.000010 1.327527 0.029302 -0.036670
    21 -0.000003 1.302446 0.000004 0.004462 -0.041912 0.002947
    22 0.523221 4.540312 -0.480714 0.856150 0.290072 -0.285049
    23 -0.000001 1.198256 0.000008 0.732623 -0.133919 0.043066
    24 -0.000012 0.869780 0.000015 0.218278 0.063758 -0.018636
    25 1.354362 4.150681 -0.582655 0.848409 0.193448 -0.436427
    26 0.000000 1.157421 -0.000006 0.969721 -0.115779 0.002582
    27 0.000001 1.020055 0.000002 -0.120881 -0.015655 -0.025766
    28 5.003218 -8.070315 -8.112608 -2.386473 0.189448 0.319007
    29 0.000038 12.695422 -0.000004 -1.583695 0.488499 0.427399
    30 -3.227264 -10.115424 -8.262835 1.044115 -0.975713 2.803549
    31 -1.391397 1.476538 -0.700638 -1.757657 -1.119915 2.167452
    32 0.000002 1.751797 -0.000002 -0.382818 -0.196569 -0.169475
    33 0.000010 1.122969 0.000000 -0.357783 -0.049012 -0.094326
    34 -1.596883 4.441620 0.708540 1.385566 -1.135431 -1.284703
    35 -0.000008 1.481951 -0.000008 0.018848 -0.004990 1.179986
    36 0.000002 1.056648 -0.000004 -0.138936 -0.105330 0.893176
    37 -0.470901 4.219486 0.926555 -3.158796 -0.058270 -2.939043
    38 -0.000010 1.609821 0.000004 1.384805 0.015575 0.087176
    39 -0.000002 1.562311 0.000013 0.556123 0.025819 -0.031643
    40 0.576838 4.298388 0.639431 -2.731747 -0.062746 -2.944335
    41 0.000002 1.553762 -0.000008 1.110351 0.140624 0.009138
    42 0.000003 0.874434 -0.000006 0.744977 0.106076 0.201585
    43 1.459885 4.275572 0.219019 -2.289337 -0.186651 3.315364
    44 -0.000010 0.973051 -0.000004 1.316030 0.217351 0.114332
    45 0.000007 0.970890 0.000004 1.052516 0.085533 0.151436
    46 -7.008868 4.575658 -7.491495 -2.048832 0.496754 0.503306
    47 0.000011 12.706367 0.000010 -1.823811 0.287589 0.162937
    48 0.000000 0.000000 0.000000 1.570796 0.000000 1.570796
    49 -0.000006 1.500006 0.000000 1.570796 0.000000 1.570796
    50 0.000000 -0.299999 0.000000 -1.570796 0.000000 1.570796
    51 0.000000 0.000000 0.000000 0.000000 0.000000 1.570796
    52 0.000000 0.000000 0.000000 0.000000 0.000000 1.570796
    53 0.000000 0.000002 0.000001 0.000000 0.000000 1.919862
    54 0.000000 0.000000 0.000000 -1.570796 0.000000 1.570796
    55 0.000000 0.000000 0.000002 -1.570797 0.000000 1.570796
    56 -0.000002 -0.000002 0.000004 -1.570797 0.000001 1.570796
    57 0.000003 0.000000 0.000000 -1.570796 0.000000 1.570796
    58 0.000002 0.000003 0.000000 -1.570796 0.000000 1.570796
    59 0.000000 0.000000 0.000000 -1.570796 0.000000 1.570796
    60 -0.000001 0.000011 0.000000 -1.570796 0.000000 1.570796
    61 0.000000 0.000000 0.000000 -1.570796 -0.000001 1.570796
    62 0.000000 -0.000001 0.000000 -1.570796 0.000000 1.570796
    63 -0.000002 0.000002 -0.000002 -1.570796 0.000000 1.570796
    64 0.000000 0.000000 0.000000 -1.570797 0.000000 1.570796
    65 0.000000 0.000000 0.000000 -1.570797 0.000000 1.570796
    66 0.000000 0.000000 0.000000 1.570796 0.000000 1.570796
    67 0.000000 1.500000 0.000000 1.570796 0.000000 1.570796
    68 0.000000 0.300001 0.000000 1.570796 0.000000 1.570796
    69 -0.000011 0.000002 -0.000004 -3.141593 0.000001 1.570796
    70 0.000000 0.000000 0.000000 3.141593 0.000000 1.570796
    71 0.000001 0.000000 0.000000 -3.141593 0.000000 1.221730
    72 0.000000 0.000000 0.000000 3.141593 0.000000 1.570796
    73 0.000000 -0.000002 0.000000 3.141593 0.000000 1.570796
    74 0.000004 0.000000 0.000000 3.141593 0.000000 1.570797
    75 -0.000004 0.000000 0.000002 -1.570796 0.000000 1.570796
    76 0.000000 -0.000001 0.000008 -1.570796 0.000000 1.570796
    77 0.000001 0.000000 0.000000 -1.570796 0.000000 1.570796
    78 0.000001 0.000002 0.000000 -1.570796 0.000000 1.570796
    79 0.000000 0.000000 0.000000 -1.570796 0.000000 1.570796
    80 0.000001 0.000000 0.000000 -1.570796 0.000000 1.570796
    81 0.000001 0.000000 0.000000 -1.570796 0.000001 1.570796
    82 -0.000001 0.000000 0.000002 -1.570796 0.000001 1.570796
    83 0.000001 0.000000 0.000000 -1.570796 0.000000 1.570796
  time 108
    0 -0.085033 -11.860429 -9.355817 -4.192780 0.964483 -0.347969
    1 0.073573 17.526917 0.777220 0.000000 0.000001 0.000000
    2 -0.226386 1.165004 -0.608961 0.000000 -0.000001 0.000000
    3 -0.284276 5.666572 -0.734195 0.000000 0.000001 0.000000
    4 -0.045094 3.566423 0.891595 0.000000 -0.000001 0.000000
    5 -0.116185 1.807585 2.464996 0.342495 0.000002 0.000000
    6 0.000000 1.030615 0.000004 -3.089547 0.133809 -3.365723
    7 -0.000002 5.179932 -0.000037 -0.005720 -0.018285 0.000938
    8 -0.218267 25.777573 2.487072 2.707719 0.000002 0.000000
    9 0.000000 0.870350 0.000008 0.018132 0.049041 -0.323371
    10 0.000000 4.478401 0.000072 0.004851 0.028579 -0.004949
    11 3.099414 15.942230 6.803623 -1.901027 0.080298 0.229787
    12 4.858918 -23.813196 -5.645567 1.650255 -0.059895 2.120265
    13 -1.294654 1.473667 0.640471 2.361876 -0.514949 -2.105093
    14 0.000011 1.832554 0.000004 0.105696 -0.242323 -0.022342
    15 0.000000 1.003359 0.000001 0.156021 -0.012849 -0.172530
    16 -1.632739 4.327644 -0.483953 0.365948 0.282538 -0.018902
    17 -0.000010 1.637142 0.000010 1.001957 0.015772 -0.110368
    18 0.000007 1.100985 0.000004 0.016835 0.076947 -0.068142
    19 -0.500328 4.452953 -0.532495 0.396541 0.287798 0.017522
    20 -0.000010 1.442617 -0.000010 1.327527 0.029302 -0.036670
    21 -0.000003 1.302446 0.000004 0.004462 -0.041912 0.002947
    22 0.523221 4.540312 -0.480714 0.856150 0.290072 -0.285049
    23 -0.000001 1.198256 0.000008 0.732623 -0.133919 0.043066
    24 -0.000012 0.869780 0.000015 0.218278 0.063758 -0.018648
    25 1.354362 4.150681 -0.582655 0.848409 0.193448 -0.436427
    26 0.000000 1.157421 -0.000006 0.969721 -0.115779 0.002582
    27 0.000001 1.020055 0.000002 -0.120881 -0.015655 -0.025766
    28 5.003218 -8.070315 -8.112608 -2.391075 0.187827 0.314764
    29 0.000038 12.695422 -0.000004 -1.595619 0.493235 0.427295
    30 -3.363987 -9.736506 -8.458153 1.134706 -0.998536 2.725126
    31 -1.391397 1.476538 -0.700638 -1.757622 -1.119915 2.167452
    32 0.000002 1.751797 -0.000002 -0.382818 -0.196569 -0.169475
    33 0.000010 1.122969 0.000000 -0.357783 -0.049012 -0.094326
    34 -1.596883 4.441620 0.708540 1.431297 -1.098940 -1.306506
    35 -0.000008 1.481951 -0.000008 0.018812 -0.006464 1.016221
    36 0.000002 1.056648 -0.000004 -0.120144 -0.131732 0.725578
    37 -0.470901 4.219486 0.926555 -3.158796 -0.058270 -2.939043
    38 -0.000010 1.609821 0.000004 1.384805 0.015575 0.087176
    39 -0.000002 1.562311 0.000013 0.555602 0.025819 -0.031643
    40 0.576838 4.298388 0.639431 -2.731747 -0.062746 -2.944335
    41 0.000002 1.553762 -0.000008 1.110379 0.140576 0.009018
    42 0.000003 0.874434 -0.000006 0.745019 0.106196 0.201321
    43 1.459885 4.275572 0.219019 -2.290092 -0.186639 3.315364
    44 -0.000010 0.973051 -0.000004 1.316030 0.217351 0.114332
    45 0.000007 0.970890 0.000004 1.051676 0.085641 0.151365
    46 -7.008868 4.575658 -7.491495 -2.023686 0.456466 0.503476
    47 0.000011 12.706367 0.000010 -1.861242 0.293401 0.161055
    48 0.000000 0.000000 0.000000 1.570796 0.000000 1.570796
    49 -0.000006 1.500006 0.000000 1.570796 0.000000 1.570796
    50 0.000000 -0.299999 0.000000 -1.570796 0.000000 1.570796
    51 0.000000 0.000000 0.000000 0.000000 0.000000 1.570796
    52 0.000000 0.000000 0.000000 0.000000 0.000000 1.570796
    53 0.000000 0.000002 0.000001 0.000000 0.000000 1.919862
    54 0.000000 0.000000 0.000000 -1.570796 0.000000 1.570796
    55 0.000000 0.000000 0.000002 -1.570797 0.000000 1.570796
    56 -0.000002 -0.000002 0.000004 -1.570797 0.000001 1.570796
    57 0.000003 0.000000 0.000000 -1.570796 0.000000 1.570796
    58 0.000002 0.000003 0.000000 -1.570796 0.000000 1.570796
    59 0.000000 0.000000 0.000000 -1.570796 0.000000 1.570796
    60 -0.000001 0.000011 0.000000 -1.570796 0.000000 1.570796
    61 0.000000 0.000000 0.000000 -1.570796 -0.000001 1.570796
    62 0.000000 -0.000001 0.000000 -1.570796 0.000000 1.570796
    63 -0.000002 0.000002 -0.000002 -1.570796 0.000000 1.570796
    64 0.000000 0.000000 0.000000 -1.570797 0.000000 1.570796
    65 0.000000 0.000000 0.000000 -1.570797 0.000000 1.570796
    66 0.000000 0.000000 0.000000 1.570796 0.000000 1.570796
    67 0.000000 1.500000 0.000000 1.570796 0.000000 1.570796
    68 0.000000 0.300001 0.000000 1.570796 0.000000 1.570796
    69 -0.000011 0.000002 -0.000004 -3.141593 0.000001 1.570796
    70 0.000000 0.000000 0.000000 3.141593 0.000000 1.570796
    71 0.000001 0.000000 0.000000 -3.141593 0.000000 1.221730
    72 0.000000 0.000000 0.000000 3.141593 0.000000 1.570796
    73 0.000000 -0.000002 0.000000 3.141593 0.000000 1.570796
    74 0.000004 0.000000 0.000000 3.141593 0.000000 1.570797
    75 -0.000004 0.000000 0.000002 -1.570796 0.000000 1.570796
    76 0.000000 -0.000001 0.000008 -1.570796 0.000000 1.570796
    77 0.000001 0.000000 0.000000 -1.570796 0.000000 1.570796
    78 0.000001 0.000002 0.000000 -1.570796 0.000000 1.570796
    79 0.000000 0.000000 0.000000 -1.570796 0.000000 1.570796
    80 0.000001 0.000000 0.000000 -1.570796 0.000000 1.570796
    81 0.000001 0.000000 0.000000 -1.570796 0.000001 1.570796
    82 -0.000001 0.000000 0.000002 -1.570796 0.000001 1.570796
    83 0.000001 0.000000 0.000000 -1.570796 0.000000 1.570796
  time 109
    0 0.133723 -12.149500 -9.199562 -3.951509 0.830243 -0.055405
    1 0.073573 17.526917 0.777220 0.000000 0.000001 0.000000
    2 -0.226386 1.793929 -0.608961 0.000000 -0.000001 0.000000
    3 -0.288183 6.236902 -0.894356 0.000000 0.000001 0.000000
    4 -0.045094 3.566423 0.891595 0.000000 -0.000001 0.000000
    5 -0.116185 1.807585 2.464996 0.864025 0.000002 0.000000
    6 0.000000 1.030615 0.000004 -2.633087 0.078500 -3.246204
    7 -0.000002 5.179932 -0.000037 0.251378 -0.026063 0.098936
    8 -0.218267 25.777573 2.487072 2.603705 0.000002 0.000000
    9 0.000000 0.870350 0.000008 0.003726 0.042917 -0.214118
    10 0.000000 4.478401 0.000072 0.397004 0.041929 -0.092724
    11 2.525178 15.707848 5.838750 -1.878045 0.074678 0.210053
    12 5.745664 -23.977264 -6.067455 1.449682 -0.067081 2.236307
    13 -1.294654 1.473667 0.640471 2.361876 -0.514949 -2.105093
    14 0.000011 1.832554 0.000004 0.105696 -0.242323 -0.022397
    15 0.000000 1.003359 0.000001 0.156021 -0.012861 -0.172530
    16 -1.632739 4.327644 -0.483953 0.365948 0.282538 -0.018902
    17 -0.000010 1.637142 0.000010 1.001957 0.015772 -0.110368
    18 0.000007 1.100985 0.000004 0.016835 0.076947 -0.068142
    19 -0.500328 4.452953 -0.532495 0.396541 0.287798 0.017522
    20 -0.000010 1.442617 -0.000010 1.327527 0.029302 -0.036670
    21 -0.000003 1.302446 0.000004 0.004462 -0.041912 0.002947
    22 0.523221 4.540312 -0.480714 0.856150 0.290072 -0.285049
    23 -0.000001 1.198256 0.000008 0.732623 -0.133919 0.043054
    24 -0.000012 0.869780 0.000015 0.218278 0.063758 -0.018636
    25 1.354362 4.150681 -0.582655 0.848432 0.193448 -0.436427
    26 0.000000 1.157421 -0.000006 0.969721 -0.115779 0.002582
    27 0.000001 1.020055 0.000002 -0.120881 -0.015655 -0.025766
    28 5.003218 -8.070315 -8.112608 -2.360597 0.206385 0.372182
    29 0.000038 12.695422 -0.000004 -1.585126 0.489040 0.427386
    30 -4.008538 -9.904480 -8.911292 0.830142 -0.791137 3.155977
    31 -1.391397 1.476538 -0.700638 -1.757657 -1.119915 2.167452
    32 0.000002 1.751797 -0.000002 -0.382818 -0.196569 -0.169475
    33 0.000010 1.122969 0.000000 -0.357783 -0.049012 -0.094326
    34 -1.596883 4.441620 0.708540 1.482495 -1.054653 -1.323792
    35 -0.000008 1.481951 -0.000008 0.018943 -0.006092 0.813706
    36 0.000002 1.056648 -0.000004 -0.091297 -0.157080 0.518689
    37 -0.470901 4.219486 0.926555 -3.169411 -0.057659 -2.938947
    38 -0.000010 1.609821 0.000004 1.273195 0.017756 0.085761
    39 -0.000002 1.562311 0.000013 0.555020 0.025819 -0.031643
    40 0.576838 4.298388 0.639431 -2.754638 -0.062830 -2.944048
    41 0.000002 1.553762 -0.000008 1.110351 0.140504 0.008886
    42 0.000003 0.874434 -0.000006 0.745019 0.106208 0.200961
    43 1.459885 4.275572 0.219019 -2.290859 -0.186627 3.315364
    44 -0.000010 0.973051 -0.000004 1.311920 0.216308 0.115230
    45 0.000007 0.970890 0.000004 1.051076 0.085713 0.151317
    46 -7.008868 4.575658 -7.491495 -2.004606 0.405958 0.464012
    47 0.000011 12.706367 0.000010 -1.856775 0.292598 0.161451
    48 0.000000 0.000000 0.000000 1.570796 0.000000 1.570796
    49 -0.000006 1.500006 0.000000 1.570796 0.000000 1.570796
    50 0.000000 -0.299999 0.000000 -1.570796 0.000000 1.570796
    51 0.000000 0.000000 0.000000 0.000000 0.000000 1.570796
    52 0.000000 0.000000 0.000000 0.000000 0.000000 1.570796
    53 0.000000 0.000002 0.000001 0.000000 0.000000 1.919862
    54 0.000000 0.000000 0.000000 -1.570796 0.000000 1.570796
    55 0.000000 0.000000 0.000002 -1.570797 0.000000 1.570796
    56 -0.000002 -0.000002 0.000004 -1.570797 0.000001 1.570796
    57 0.000003 0.000000 0.000000 -1.570796 0.000000 1.570796
    58 0.000002 0.000003 0.000000 -1.570796 0.000000 1.570796
    59 0.000000 0.000000 0.000000 -1.570796 0.000000 1.570796
    60 -0.000001 0.000011 0.000000 -1.570796 0.000000 1.570796
    61 0.000000 0.000000 0.000000 -1.570796 -0.000001 1.570796
    62 0.000000 -0.000001 0.000000 -1.570796 0.000000 1.570796
    63 -0.000002 0.000002 -0.000002 -1.570796 0.000000 1.570796
    64 0.000000 0.000000 0.000000 -1.570797 0.000000 1.570796
    65 0.000000 0.000000 0.000000 -1.570797 0.000000 1.570796
    66 0.000000 0.000000 0.000000 1.570796 0.000000 1.570796
    67 0.000000 1.500000 0.000000 1.570796 0.000000 1.570796
    68 0.000000 0.300001 0.000000 1.570796 0.000000 1.570796
    69 -0.000011 0.000002 -0.000004 -3.141593 0.000001 1.570796
    70 0.000000 0.000000 0.000000 3.141593 0.000000 1.570796
    71 0.000001 0.000000 0.000000 -3.141593 0.000000 1.221730
    72 0.000000 0.000000 0.000000 3.141593 0.000000 1.570796
    73 0.000000 -0.000002 0.000000 3.141593 0.000000 1.570796
    74 0.000004 0.000000 0.000000 3.141593 0.000000 1.570797
    75 -0.000004 0.000000 0.000002 -1.570796 0.000000 1.570796
    76 0.000000 -0.000001 0.000008 -1.570796 0.000000 1.570796
    77 0.000001 0.000000 0.000000 -1.570796 0.000000 1.570796
    78 0.000001 0.000002 0.000000 -1.570796 0.000000 1.570796
    79 0.000000 0.000000 0.000000 -1.570796 0.000000 1.570796
    80 0.000001 0.000000 0.000000 -1.570796 0.000000 1.570796
    81 0.000001 0.000000 0.000000 -1.570796 0.000001 1.570796
    82 -0.000001 0.000000 0.000002 -1.570796 0.000001 1.570796
    83 0.000001 0.000000 0.000000 -1.570796 0.000000 1.570796
  time 110
    0 0.610301 -12.782332 -8.847989 -3.747610 0.657793 0.170141
    1 0.073573 17.526917 0.777220 0.000000 0.000001 0.000000
    2 -0.226386 3.149439 -0.608961 0.000000 -0.000001 0.000000
    3 -0.307715 7.432251 -1.050611 0.000000 0.000001 0.000000
    4 -0.045094 3.566423 0.891595 0.000000 -0.000001 0.000000
    5 -0.116185 1.807585 2.464996 1.015840 0.000002 0.000000
    6 0.000000 1.030615 0.000004 -2.606118 0.028176 -3.184863
    7 -0.000002 5.179932 -0.000037 0.569057 -0.040792 0.119213
    8 -0.218267 25.777573 2.487072 2.588077 0.000002 0.000000
    9 0.000000 0.870350 0.000008 0.022207 0.030057 -0.133832
    10 0.000000 4.478401 0.000072 0.571955 0.036153 -0.072877
    11 1.575930 15.489091 4.905128 -1.819597 0.060268 0.160851
    12 6.804290 -24.528062 -6.637785 1.221478 -0.080578 2.340199
    13 -1.294654 1.473667 0.640471 2.361876 -0.514949 -2.105093
    14 0.000011 1.832554 0.000004 0.105696 -0.242323 -0.022342
    15 0.000000 1.003359 0.000001 0.156021 -0.012885 -0.172530
    16 -1.632739 4.327644 -0.483953 0.365948 0.282538 -0.018902
    17 -0.000010 1.637142 0.000010 1.001957 0.015772 -0.110368
    18 0.000007 1.100985 0.000004 0.016835 0.076947 -0.068142
    19 -0.500328 4.452953 -0.532495 0.396541 0.287798 0.017522
    20 -0.000010 1.442617 -0.000010 1.327527 0.029302 -0.036670
    21 -0.000003 1.302446 0.000004 0.004462 -0.041912 0.002911
    22 0.523221 4.540312 -0.480714 0.856150 0.290072 -0.285049
    23 -0.000001 1.198256 0.000008 0.732623 -0.133919 0.043054
    24 -0.000012 0.869780 0.000015 0.218278 0.063758 -0.018648
    25 1.354362 4.150681 -0.582655 0.848409 0.193448 -0.436427
    26 0.000000 1.157421 -0.000006 0.969721 -0.115779 0.002582
    27 0.000001 1.020055 0.000002 -0.120881 -0.015655 -0.025766
    28 5.003218 -8.070315 -8.112608 -2.340756 0.231559 0.432885
    29 0.000038 12.695422 -0.000004 -1.531843 0.467505 0.427060
    30 -4.528085 -10.060735 -9.524592 0.671561 -0.419764 3.475871
    31 -1.391397 1.476538 -0.700638 -1.757622 -1.119903 2.167452
    32 0.000002 1.751797 -0.000002 -0.382818 -0.196569 -0.169475
    33 0.000010 1.122969 0.000000 -0.357783 -0.049012 -0.094326
    34 -1.596883 4.441620 0.708540 1.524980 -1.016820 -1.329634
    35 -0.000008 1.481951 -0.000008 0.018848 -0.001538 0.634314
    36 0.000002 1.056648 -0.000004 -0.062678 -0.169652 0.338182
    37 -0.470901 4.219486 0.926555 -3.192821 -0.056520 -2.938851
    38 -0.000010 1.609821 0.000004 1.022748 0.020812 0.082945
    39 -0.000002 1.562311 0.000013 0.554346 0.025819 -0.031643
    40 0.576838 4.298388 0.639431 -2.804757 -0.063129 -2.943485
    41 0.000002 1.553762 -0.000008 1.110351 0.140444 0.008826
    42 0.000003 0.874434 -0.000006 0.745060 0.106315 0.200830
    43 1.459885 4.275572 0.219019 -2.291638 -0.186627 3.315304
    44 -0.000010 0.973051 -0.000004 1.293699 0.214402 0.116836
    45 0.000007 0.970890 0.000004 1.050175 0.085796 0.151257
    46 -7.008868 4.575658 -7.491495 -1.973866 0.378902 0.438697
    47 0.000011 12.706367 0.000010 -1.844529 0.290897 0.161858
    48 0.000000 0.000000 0.000000 1.570796 0.000000 1.570796
    49 -0.000006 1.500006 0.000000 1.570796 0.000000 1.570796
    50 0.000000 -0.299999 0.000000 -1.570796 0.000000 1.570796
    51 0.000000 0.000000 0.000000 0.000000 0.000000 1.570796
    52 0.000000 0.000000 0.000000 0.000000 0.000000 1.570796
    53 0.000000 0.000002 0.000001 0.000000 0.000000 1.919862
    54 0.000000 0.000000 0.000000 -1.570796 0.000000 1.570796
    55 0.000000 0.000000 0.000002 -1.570797 0.000000 1.570796
    56 -0.000002 -0.000002 0.000004 -1.570797 0.000001 1.570796
    57 0.000003 0.000000 0.000000 -1.570796 0.000000 1.570796
    58 0.000002 0.000003 0.000000 -1.570796 0.000000 1.570796
    59 0.000000 0.000000 0.000000 -1.570796 0.000000 1.570796
    60 -0.000001 0.000011 0.000000 -1.570796 0.000000 1.570796
    61 0.000000 0.000000 0.000000 -1.570796 -0.000001 1.570796
    62 0.000000 -0.000001 0.000000 -1.570796 0.000000 1.570796
    63 -0.000002 0.000002 -0.000002 -1.570796 0.000000 1.570796
    64 0.000000 0.000000 0.000000 -1.570797 0.000000 1.570796
    65 0.000000 0.000000 0.000000 -1.570797 0.000000 1.570796
    66 0.000000 0.000000 0.000000 1.570796 0.000000 1.570796
    67 0.000000 1.500000 0.000000 1.570796 0.000000 1.570796
    68 0.000000 0.300001 0.000000 1.570796 0.000000 1.570796
    69 -0.000011 0.000002 -0.000004 -3.141593 0.000001 1.570796
    70 0.000000 0.000000 0.000000 3.141593 0.000000 1.570796
    71 0.000001 0.000000 0.000000 -3.141593 0.000000 1.221730
    72 0.000000 0.000000 0.000000 3.141593 0.000000 1.570796
    73 0.000000 -0.000002 0.000000 3.141593 0.000000 1.570796
    74 0.000004 0.000000 0.000000 3.141593 0.000000 1.570797
    75 -0.000004 0.000000 0.000002 -1.570796 0.000000 1.570796
    76 0.000000 -0.000001 0.000008 -1.570796 0.000000 1.570796
    77 0.000001 0.000000 0.000000 -1.570796 0.000000 1.570796
    78 0.000001 0.000002 0.000000 -1.570796 0.000000 1.570796
    79 0.000000 0.000000 0.000000 -1.570796 0.000000 1.570796
    80 0.000001 0.000000 0.000000 -1.570796 0.000000 1.570796
    81 0.000001 0.000000 0.000000 -1.570796 0.000001 1.570796
    82 -0.000001 0.000000 0.000002 -1.570796 0.000001 1.570796
    83 0.000001 0.000000 0.000000 -1.570796 0.000000 1.570796
  time 111
    0 1.086878 -13.415164 -8.492509 -3.668373 0.671862 0.188523
    1 0.073573 17.526917 0.777220 0.000000 0.000001 0.000000
    2 -0.226386 4.504950 -0.608961 0.000000 -0.000001 0.000000
    3 -0.307715 9.022143 -1.054517 0.000000 0.000001 0.000000
    4 -0.045094 3.566423 0.891595 0.000000 -0.000001 0.000000
    5 -0.116185 1.807585 2.464996 1.020151 0.000002 0.000000
    6 0.000000 1.030615 0.000004 -2.616949 0.000168 -3.146078
    7 -0.000002 5.179932 -0.000037 0.543874 -0.020622 0.063953
    8 -0.218267 25.777573 2.487072 2.533319 0.000002 0.000000
    9 0.000000 0.870350 0.000008 -0.009589 0.011325 -0.053997
    10 0.000000 4.478401 0.000072 0.650001 0.013993 -0.027492
    11 0.462615 15.594563 5.393424 -1.741291 0.041025 0.097088
    12 6.972264 -25.430433 -7.157332 1.198673 -0.140502 2.312015
    13 -1.294654 1.473667 0.640471 2.361876 -0.514949 -2.105093
    14 0.000011 1.832554 0.000004 0.105696 -0.242323 -0.022342
    15 0.000000 1.003359 0.000001 0.156021 -0.012849 -0.172530
    16 -1.632739 4.327644 -0.483953 0.365948 0.282538 -0.018902
    17 -0.000010 1.637142 0.000010 1.001957 0.015784 -0.110368
    18 0.000007 1.100985 0.000004 0.016835 0.076947 -0.068142
    19 -0.500328 4.452953 -0.532495 0.396541 0.287798 0.017522
    20 -0.000010 1.442617 -0.000010 1.327527 0.029302 -0.036670
    21 -0.000003 1.302446 0.000004 0.004462 -0.041912 0.002947
    22 0.523221 4.540312 -0.480714 0.856150 0.290072 -0.285049
    23 -0.000001 1.198256 0.000008 0.732623 -0.133919 0.043066
    24 -0.000012 0.869780 0.000015 0.218278 0.063758 -0.018648
    25 1.354362 4.150681 -0.582655 0.848409 0.193448 -0.436427
    26 0.000000 1.157421 -0.000006 0.969721 -0.115779 0.002582
    27 0.000001 1.020055 0.000002 -0.120881 -0.015655 -0.025766
    28 5.003218 -8.070315 -8.112608 -2.353128 0.241053 0.428984
    29 0.000038 12.695422 -0.000004 -1.445718 0.432341 0.423892
    30 -4.766374 -9.752131 -9.755068 0.684529 -0.283285 3.504111
    31 -1.391397 1.476538 -0.700638 -1.757657 -1.119903 2.167452
    32 0.000002 1.751797 -0.000002 -0.382818 -0.196569 -0.169475
    33 0.000010 1.122969 0.000000 -0.357783 -0.049012 -0.094326
    34 -1.596883 4.441620 0.708540 1.550835 -0.999992 -1.321383
    35 -0.000008 1.481951 -0.000008 0.017158 0.009272 0.536538
    36 0.000002 1.056648 -0.000004 -0.049088 -0.165493 0.248357
    37 -0.470901 4.219486 0.926555 -3.216282 -0.056304 -2.938851
    38 -0.000010 1.609821 0.000004 0.771958 0.020812 0.081878
    39 -0.000002 1.562311 0.000013 0.553764 0.025819 -0.031643
    40 0.576838 4.298388 0.639431 -2.854997 -0.063213 -2.943317
    41 0.000002 1.553762 -0.000008 1.110351 0.140372 0.008766
    42 0.000003 0.874434 -0.000006 0.745060 0.106483 0.200602
    43 1.459885 4.275572 0.219019 -2.292441 -0.186615 3.315304
    44 -0.000010 0.973051 -0.000004 1.252274 0.214235 0.117364
    45 0.000007 0.970890 0.000004 1.049415 0.085856 0.151209
    46 -7.008868 4.575658 -7.491495 -1.939887 0.371252 0.434691
    47 0.000011 12.706367 0.000010 -1.873334 0.295343 0.160624
    48 0.000000 0.000000 0.000000 1.570796 0.000000 1.570796
    49 -0.000006 1.500006 0.000000 1.570796 0.000000 1.570796
    50 0.000000 -0.299999 0.000000 -1.570796 0.000000 1.570796
    51 0.000000 0.000000 0.000000 0.000000 0.000000 1.570796
    52 0.000000 0.000000 0.000000 0.000000 0.000000 1.570796
    53 0.000000 0.000002 0.000001 0.000000 0.000000 1.919862
    54 0.000000 0.000000 0.000000 -1.570796 0.000000 1.570796
    55 0.000000 0.000000 0.000002 -1.570797 0.000000 1.570796
    56 -0.000002 -0.000002 0.000004 -1.570797 0.000001 1.570796
    57 0.000003 0.000000 0.000000 -1.570796 0.000000 1.570796
    58 0.000002 0.000003 0.000000 -1.570796 0.000000 1.570796
    59 0.000000 0.000000 0.000000 -1.570796 0.000000 1.570796
    60 -0.000001 0.000011 0.000000 -1.570796 0.000000 1.570796
    61 0.000000 0.000000 0.000000 -1.570796 -0.000001 1.570796
    62 0.000000 -0.000001 0.000000 -1.570796 0.000000 1.570796
    63 -0.000002 0.000002 -0.000002 -1.570796 0.000000 1.570796
    64 0.000000 0.000000 0.000000 -1.570797 0.000000 1.570796
    65 0.000000 0.000000 0.000000 -1.570797 0.000000 1.570796
    66 0.000000 0.000000 0.000000 1.570796 0.000000 1.570796
    67 0.000000 1.500000 0.000000 1.570796 0.000000 1.570796
    68 0.000000 0.300001 0.000000 1.570796 0.000000 1.570796
    69 -0.000011 0.000002 -0.000004 -3.141593 0.000001 1.570796
    70 0.000000 0.000000 0.000000 3.141593 0.000000 1.570796
    71 0.000001 0.000000 0.000000 -3.141593 0.000000 1.221730
    72 0.000000 0.000000 0.000000 3.141593 0.000000 1.570796
    73 0.000000 -0.000002 0.000000 3.141593 0.000000 1.570796
    74 0.000004 0.000000 0.000000 3.141593 0.000000 1.570797
    75 -0.000004 0.000000 0.000002 -1.570796 0.000000 1.570796
    76 0.000000 -0.000001 0.000008 -1.570796 0.000000 1.570796
    77 0.000001 0.000000 0.000000 -1.570796 0.000000 1.570796
    78 0.000001 0.000002 0.000000 -1.570796 0.000000 1.570796
    79 0.000000 0.000000 0.000000 -1.570796 0.000000 1.570796
    80 0.000001 0.000000 0.000000 -1.570796 0.000000 1.570796
    81 0.000001 0.000000 0.000000 -1.570796 0.000001 1.570796
    82 -0.000001 0.000000 0.000002 -1.570796 0.000001 1.570796
    83 0.000001 0.000000 0.000000 -1.570796 0.000000 1.570796
  time 112
    0 1.305634 -13.700329 -8.336254 -3.612330 0.715738 0.183639
    1 0.073573 17.526917 0.777220 0.000000 0.000001 0.000000
    2 -0.226386 5.126062 -0.608961 0.000000 -0.000001 0.000000
    3 -0.311621 9.026049 -1.054517 0.000000 0.000001 0.000000
    4 -0.045094 3.566423 0.891595 0.000000 -0.000001 0.000000
    5 -0.116185 1.807585 2.464996 0.924435 0.000002 0.000000
    6 0.000000 1.030615 0.000004 -2.642832 -0.022530 -3.111826
    7 -0.000002 5.179932 -0.000037 0.309381 -0.002225 0.010238
    8 -0.218267 25.777573 2.487072 2.503705 0.000002 0.000000
    9 0.000000 0.870350 0.000008 -0.048479 -0.002828 0.015718
    10 0.000000 4.478401 0.000072 0.585932 -0.010995 0.026068
    11 -0.525697 15.762537 6.440331 -1.660580 0.021279 0.033431
    12 6.741788 -25.989044 -7.684692 1.214473 -0.199864 2.268706
    13 -1.294654 1.473667 0.640471 2.361876 -0.514949 -2.105093
    14 0.000011 1.832554 0.000004 0.105696 -0.242323 -0.022342
    15 0.000000 1.003359 0.000001 0.156021 -0.012837 -0.172530
    16 -1.632739 4.327644 -0.483953 0.365948 0.282538 -0.018902
    17 -0.000010 1.637142 0.000010 1.001957 0.015772 -0.110368
    18 0.000007 1.100985 0.000004 0.016835 0.076947 -0.068142
    19 -0.500328 4.452953 -0.532495 0.396541 0.287798 0.017522
    20 -0.000010 1.442617 -0.000010 1.327527 0.029302 -0.036670
    21 -0.000003 1.302446 0.000004 0.004462 -0.041912 0.002935
    22 0.523221 4.540312 -0.480714 0.856150 0.290072 -0.285049
    23 -0.000001 1.198256 0.000008 0.732623 -0.133919 0.043054
    24 -0.000012 0.869780 0.000015 0.218278 0.063758 -0.018648
    25 1.354362 4.150681 -0.582655 0.848409 0.193448 -0.436427
    26 0.000000 1.157421 -0.000006 0.969721 -0.115779 0.002582
    27 0.000001 1.020055 0.000002 -0.120881 -0.015655 -0.025766
    28 5.003218 -8.070315 -8.112608 -2.349507 0.237745 0.411670
    29 0.000038 12.695422 -0.000004 -1.396183 0.412043 0.420437
    30 -5.235138 -9.549000 -10.251177 0.748258 -0.262836 3.428168
    31 -1.391397 1.476538 -0.700638 -1.757588 -1.119939 2.167452
    32 0.000002 1.751797 -0.000002 -0.382818 -0.196569 -0.169475
    33 0.000010 1.122969 0.000000 -0.357783 -0.049012 -0.094326
    34 -1.596883 4.441620 0.708540 1.561542 -1.013759 -1.304338
    35 -0.000008 1.481951 -0.000008 0.009799 0.025787 0.503531
    36 0.000002 1.056648 -0.000004 -0.050885 -0.148499 0.225821
    37 -0.470901 4.219486 0.926555 -3.227154 -0.058270 -2.939031
    38 -0.000010 1.609821 0.000004 0.660215 0.015575 0.087092
    39 -0.000002 1.562311 0.000013 0.553090 0.025819 -0.031643
    40 0.576838 4.298388 0.639431 -2.877731 -0.062746 -2.944299
    41 0.000002 1.553762 -0.000008 1.110379 0.140300 0.008706
    42 0.000003 0.874434 -0.000006 0.745060 0.106735 0.200194
    43 1.459885 4.275572 0.219019 -2.293268 -0.186603 3.315280
    44 -0.000010 0.973051 -0.000004 1.177898 0.217351 0.114332
    45 0.000007 0.970890 0.000004 1.048655 0.085904 0.151173
    46 -7.008868 4.575658 -7.491495 -1.893482 0.357163 0.418496
    47 0.000011 12.706367 0.000010 -1.889893 0.297992 0.159737
    48 0.000000 0.000000 0.000000 1.570796 0.000000 1.570796
    49 -0.000006 1.500006 0.000000 1.570796 0.000000 1.570796
    50 0.000000 -0.299999 0.000000 -1.570796 0.000000 1.570796
    51 0.000000 0.000000 0.000000 0.000000 0.000000 1.570796
    52 0.000000 0.000000 0.000000 0.000000 0.000000 1.570796
    53 0.000000 0.000002 0.000001 0.000000 0.000000 1.919862
    54 0.000000 0.000000 0.000000 -1.570796 0.000000 1.570796
    55 0.000000 0.000000 0.000002 -1.570797 0.000000 1.570796
    56 -0.000002 -0.000002 0.000004 -1.570797 0.000001 1.570796
    57 0.000003 0.000000 0.000000 -1.570796 0.000000 1.570796
    58 0.000002 0.000003 0.000000 -1.570796 0.000000 1.570796
    59 0.000000 0.000000 0.000000 -1.570796 0.000000 1.570796
    60 -0.000001 0.000011 0.000000 -1.570796 0.000000 1.570796
    61 0.000000 0.000000 0.000000 -1.570796 -0.000001 1.570796
    62 0.000000 -0.000001 0.000000 -1.570796 0.000000 1.570796
    63 -0.000002 0.000002 -0.000002 -1.570796 0.000000 1.570796
    64 0.000000 0.000000 0.000000 -1.570797 0.000000 1.570796
    65 0.000000 0.000000 0.000000 -1.570797 0.000000 1.570796
    66 0.000000 0.000000 0.000000 1.570796 0.000000 1.570796
    67 0.000000 1.500000 0.000000 1.570796 0.000000 1.570796
    68 0.000000 0.300001 0.000000 1.570796 0.000000 1.570796
    69 -0.000011 0.000002 -0.000004 -3.141593 0.000001 1.570796
    70 0.000000 0.000000 0.000000 3.141593 0.000000 1.570796
    71 0.000001 0.000000 0.000000 -3.141593 0.000000 1.221730
    72 0.000000 0.000000 0.000000 3.141593 0.000000 1.570796
    73 0.000000 -0.000002 0.000000 3.141593 0.000000 1.570796
    74 0.000004 0.000000 0.000000 3.141593 0.000000 1.570797
    75 -0.000004 0.000000 0.000002 -1.570796 0.000000 1.570796
    76 0.000000 -0.000001 0.000008 -1.570796 0.000000 1.570796
    77 0.000001 0.000000 0.000000 -1.570796 0.000000 1.570796
    78 0.000001 0.000002 0.000000 -1.570796 0.000000 1.570796
    79 0.000000 0.000000 0.000000 -1.570796 0.000000 1.570796
    80 0.000001 0.000000 0.000000 -1.570796 0.000000 1.570796
    81 0.000001 0.000000 0.000000 -1.570796 0.000001 1.570796
    82 -0.000001 0.000000 0.000002 -1.570796 0.000001 1.570796
    83 0.000001 0.000000 0.000000 -1.570796 0.000000 1.570796
  time 113
    0 1.270477 -13.700329 -8.367505 -3.560329 0.765090 0.162340
    1 0.073573 17.526917 0.777220 0.000000 0.000001 0.000000
    2 -0.226386 3.848680 -0.608961 0.000000 -0.000001 0.000000
    3 -0.319434 9.033862 -1.050611 0.000000 0.000001 0.000000
    4 -0.045094 3.566423 0.891595 0.000000 -0.000001 0.000000
    5 -0.116185 1.807585 2.464996 0.383925 0.000002 0.000000
    6 0.000000 1.030615 0.000004 -3.091114 -0.049903 -3.059189
    7 -0.000002 5.179932 -0.000037 -0.005639 0.001922 -0.000261
    8 -0.218267 25.777573 2.487072 2.535261 0.000002 0.000000
    9 0.000000 0.870350 0.000008 -0.054938 -0.012164 0.077169
    10 0.000000 4.478401 0.000072 0.352982 -0.018054 0.047017
    11 -1.291345 15.973481 7.459893 -1.596680 0.006103 -0.015479
    12 6.019110 -26.297647 -8.383932 1.240002 -0.257101 2.206222
    13 -1.294654 1.473667 0.640471 2.361876 -0.514949 -2.105093
    14 0.000011 1.832554 0.000004 0.105696 -0.242323 -0.022342
    15 0.000000 1.003359 0.000001 0.156021 -0.012849 -0.172530
    16 -1.632739 4.327644 -0.483953 0.365948 0.282538 -0.018902
    17 -0.000010 1.637142 0.000010 1.001957 0.015772 -0.110368
    18 0.000007 1.100985 0.000004 0.016835 0.076947 -0.068142
    19 -0.500328 4.452953 -0.532495 0.396541 0.287798 0.017522
    20 -0.000010 1.442617 -0.000010 1.327527 0.029302 -0.036670
    21 -0.000003 1.302446 0.000004 0.004462 -0.041912 0.002947
    22 0.523221 4.540312 -0.480714 0.856150 0.290072 -0.285049
    23 -0.000001 1.198256 0.000008 0.732623 -0.133919 0.043066
    24 -0.000012 0.869780 0.000015 0.218278 0.063758 -0.018648
    25 1.354362 4.150681 -0.582655 0.848409 0.193448 -0.436427
    26 0.000000 1.157421 -0.000006 0.969721 -0.115779 0.002582
    27 0.000001 1.020055 0.000002 -0.120881 -0.015655 -0.025766
    28 5.003218 -8.070315 -8.112608 -2.329666 0.219584 0.374372
    29 0.000038 12.695422 -0.000004 -1.372267 0.402242 0.418351
    30 -5.832813 -9.283367 -10.969949 0.814487 -0.264521 3.321887
    31 -1.391397 1.476538 -0.700638 -1.757588 -1.119915 2.167452
    32 0.000002 1.751797 -0.000002 -0.382818 -0.196569 -0.169475
    33 0.000010 1.122969 0.000000 -0.357783 -0.049012 -0.094326
    34 -1.596883 4.441620 0.708540 1.565642 -1.054246 -1.285185
    35 -0.000008 1.481951 -0.000008 -0.005325 0.044818 0.480840
    36 0.000002 1.056648 -0.000004 -0.059394 -0.125273 0.207768
    37 -0.470901 4.219486 0.926555 -3.216116 -0.062584 -2.943142
    38 -0.000010 1.609821 0.000004 0.659986 0.003446 0.094606
    39 -0.000002 1.562311 0.000013 0.540713 0.025195 -0.031643
    40 0.576838 4.298388 0.639431 -2.867221 -0.056765 -2.954043
    41 0.000002 1.553762 -0.000008 1.077466 0.136525 0.007795
    42 0.000003 0.874434 -0.000006 0.722200 0.105177 0.188378
    43 1.459885 4.275572 0.219019 -2.301849 -0.178706 3.306843
    44 -0.000010 0.973051 -0.000004 1.060024 0.215793 0.099459
    45 0.000007 0.970890 0.000004 1.026284 0.089632 0.138805
    46 -7.008868 4.575658 -7.491495 -1.831825 0.341095 0.397528
    47 0.000011 12.706367 0.000010 -1.905913 0.300365 0.158742
    48 0.000000 0.000000 0.000000 1.570796 0.000000 1.570796
    49 -0.000006 1.500006 0.000000 1.570796 0.000000 1.570796
    50 0.000000 -0.299999 0.000000 -1.570796 0.000000 1.570796
    51 0.000000 0.000000 0.000000 0.000000 0.000000 1.570796
    52 0.000000 0.000000 0.000000 0.000000 0.000000 1.570796
    53 0.000000 0.000002 0.000001 0.000000 0.000000 1.919862
    54 0.000000 0.000000 0.000000 -1.570796 0.000000 1.570796
    55 0.000000 0.000000 0.000002 -1.570797 0.000000 1.570796
    56 -0.000002 -0.000002 0.000004 -1.570797 0.000001 1.570796
    57 0.000003 0.000000 0.000000 -1.570796 0.000000 1.570796
    58 0.000002 0.000003 0.000000 -1.570796 0.000000 1.570796
    59 0.000000 0.000000 0.000000 -1.570796 0.000000 1.570796
    60 -0.000001 0.000011 0.000000 -1.570796 0.000000 1.570796
    61 0.000000 0.000000 0.000000 -1.570796 -0.000001 1.570796
    62 0.000000 -0.000001 0.000000 -1.570796 0.000000 1.570796
    63 -0.000002 0.000002 -0.000002 -1.570796 0.000000 1.570796
    64 0.000000 0.000000 0.000000 -1.570797 0.000000 1.570796
    65 0.000000 0.000000 0.000000 -1.570797 0.000000 1.570796
    66 0.000000 0.000000 0.000000 1.570796 0.000000 1.570796
    67 0.000000 1.500000 0.000000 1.570796 0.000000 1.570796
    68 0.000000 0.300001 0.000000 1.570796 0.000000 1.570796
    69 -0.000011 0.000002 -0.000004 -3.141593 0.000001 1.570796
    70 0.000000 0.000000 0.000000 3.141593 0.000000 1.570796
    71 0.000001 0.000000 0.000000 -3.141593 0.000000 1.221730
    72 0.000000 0.000000 0.000000 3.141593 0.000000 1.570796
    73 0.000000 -0.000002 0.000000 3.141593 0.000000 1.570796
    74 0.000004 0.000000 0.000000 3.141593 0.000000 1.570797
    75 -0.000004 0.000000 0.000002 -1.570796 0.000000 1.570796
    76 0.000000 -0.000001 0.000008 -1.570796 0.000000 1.570796
    77 0.000001 0.000000 0.000000 -1.570796 0.000000 1.570796
    78 0.000001 0.000002 0.000000 -1.570796 0.000000 1.570796
    79 0.000000 0.000000 0.000000 -1.570796 0.000000 1.570796
    80 0.000001 0.000000 0.000000 -1.570796 0.000000 1.570796
    81 0.000001 0.000000 0.000000 -1.570796 0.000001 1.570796
    82 -0.000001 0.000000 0.000002 -1.570796 0.000001 1.570796
    83 0.000001 0.000000 0.000000 -1.570796 0.000000 1.570796
  time 114
    0 1.176724 -13.700329 -8.453445 -3.506114 0.802986 0.138395
    1 0.073573 17.526917 0.777220 0.000000 0.000001 0.000000
    2 -0.226386 3.950245 -0.608961 0.000000 -0.000001 0.000000
    3 -0.319434 9.037768 -1.050611 0.000000 0.000001 0.000000
    4 -0.045094 3.566423 0.891595 0.000000 -0.000001 0.000000
    5 -0.116185 1.807585 2.464996 0.411604 0.000002 0.000000
    6 0.000000 1.030615 0.000004 -3.090959 -0.060342 -3.040269
    7 -0.000002 5.179932 -0.000037 -0.005655 0.003108 -0.000321
    8 -0.218267 25.777573 2.487072 2.629376 0.000002 0.000000
    9 0.000000 0.870350 0.000008 -0.006125 -0.015161 0.133116
    10 0.000000 4.478401 0.000072 0.007108 -0.012289 0.002829
    11 -1.603855 16.075047 7.932564 -1.570796 0.000002 -0.035040
    12 5.116738 -26.555468 -9.036296 1.258059 -0.308090 2.139192
    13 -1.294654 1.473667 0.640471 2.361876 -0.514949 -2.105093
    14 0.000011 1.832554 0.000004 0.105696 -0.242323 -0.022342
    15 0.000000 1.003359 0.000001 0.156033 -0.012873 -0.172530
    16 -1.632739 4.327644 -0.483953 0.365948 0.282538 -0.018902
    17 -0.000010 1.637142 0.000010 1.001957 0.015772 -0.110368
    18 0.000007 1.100985 0.000004 0.016835 0.076947 -0.068142
    19 -0.500328 4.452953 -0.532495 0.396541 0.287798 0.017522
    20 -0.000010 1.442617 -0.000010 1.327527 0.029302 -0.036670
    21 -0.000003 1.302446 0.000004 0.004462 -0.041912 0.002947
    22 0.523221 4.540312 -0.480714 0.856150 0.290072 -0.285049
    23 -0.000001 1.198256 0.000008 0.732623 -0.133919 0.043054
    24 -0.000012 0.869780 0.000015 0.218278 0.063758 -0.018648
    25 1.354362 4.150681 -0.582655 0.848432 0.193448 -0.436427
    26 0.000000 1.157421 -0.000006 0.969721 -0.115779 0.002582
    27 0.000001 1.020055 0.000002 -0.120881 -0.015655 -0.025766
    28 5.003218 -8.070315 -8.112608 -2.313220 0.197751 0.326535
    29 0.000038 12.695422 -0.000004 -1.346375 0.391687 0.415939
    30 -6.250794 -9.002108 -11.551998 0.854318 -0.268427 3.219326
    31 -1.391397 1.476538 -0.700638 -1.757588 -1.119927 2.167452
    32 0.000002 1.751797 -0.000002 -0.382818 -0.196569 -0.169475
    33 0.000010 1.122969 0.000000 -0.357783 -0.049012 -0.094326
    34 -1.596883 4.441620 0.708540 1.560289 -1.115557 -1.261515
    35 -0.000008 1.481951 -0.000008 -0.026286 0.064988 0.465747
    36 0.000002 1.056648 -0.000004 -0.072721 -0.098092 0.193536
    37 -0.470901 4.219486 0.926555 -3.185411 -0.068660 -2.953832
    38 -0.000010 1.609821 0.000004 0.661147 -0.014471 0.098980
    39 -0.000002 1.562311 0.000013 0.508913 0.024081 -0.031619
    40 0.576838 4.298388 0.639431 -2.838062 -0.042612 -2.976394
    41 0.000002 1.553762 -0.000008 0.989886 0.126434 0.005746
    42 0.000003 0.874434 -0.000006 0.661674 0.099388 0.157302
    43 1.459885 4.275572 0.219019 -2.323409 -0.158260 3.284216
    44 -0.000010 0.973051 -0.000004 0.904253 0.199422 0.070420
    45 0.000007 0.970890 0.000004 0.968156 0.098081 0.105907
    46 -7.008868 4.575658 -7.491495 -1.776057 0.336044 0.388408
    47 0.000011 12.706367 0.000010 -1.918852 0.302426 0.157975
    48 0.000000 0.000000 0.000000 1.570796 0.000000 1.570796
    49 -0.000006 1.500006 0.000000 1.570796 0.000000 1.570796
    50 0.000000 -0.299999 0.000000 -1.570796 0.000000 1.570796
    51 0.000000 0.000000 0.000000 0.000000 0.000000 1.570796
    52 0.000000 0.000000 0.000000 0.000000 0.000000 1.570796
    53 0.000000 0.000002 0.000001 0.000000 0.000000 1.919862
    54 0.000000 0.000000 0.000000 -1.570796 0.000000 1.570796
    55 0.000000 0.000000 0.000002 -1.570797 0.000000 1.570796
    56 -0.000002 -0.000002 0.000004 -1.570797 0.000001 1.570796
    57 0.000003 0.000000 0.000000 -1.570796 0.000000 1.570796
    58 0.000002 0.000003 0.000000 -1.570796 0.000000 1.570796
    59 0.000000 0.000000 0.000000 -1.570796 0.000000 1.570796
    60 -0.000001 0.000011 0.000000 -1.570796 0.000000 1.570796
    61 0.000000 0.000000 0.000000 -1.570796 -0.000001 1.570796
    62 0.000000 -0.000001 0.000000 -1.570796 0.000000 1.570796
    63 -0.000002 0.000002 -0.000002 -1.570796 0.000000 1.570796
    64 0.000000 0.000000 0.000000 -1.570797 0.000000 1.570796
    65 0.000000 0.000000 0.000000 -1.570797 0.000000 1.570796
    66 0.000000 0.000000 0.000000 1.570796 0.000000 1.570796
    67 0.000000 1.500000 0.000000 1.570796 0.000000 1.570796
    68 0.000000 0.300001 0.000000 1.570796 0.000000 1.570796
    69 -0.000011 0.000002 -0.000004 -3.141593 0.000001 1.570796
    70 0.000000 0.000000 0.000000 3.141593 0.000000 1.570796
    71 0.000001 0.000000 0.000000 -3.141593 0.000000 1.221730
    72 0.000000 0.000000 0.000000 3.141593 0.000000 1.570796
    73 0.000000 -0.000002 0.000000 3.141593 0.000000 1.570796
    74 0.000004 0.000000 0.000000 3.141593 0.000000 1.570797
    75 -0.000004 0.000000 0.000002 -1.570796 0.000000 1.570796
    76 0.000000 -0.000001 0.000008 -1.570796 0.000000 1.570796
    77 0.000001 0.000000 0.000000 -1.570796 0.000000 1.570796
    78 0.000001 0.000002 0.000000 -1.570796 0.000000 1.570796
    79 0.000000 0.000000 0.000000 -1.570796 0.000000 1.570796
    80 0.000001 0.000000 0.000000 -1.570796 0.000000 1.570796
    81 0.000001 0.000000 0.000000 -1.570796 0.000001 1.570796
    82 -0.000001 0.000000 0.000002 -1.570796 0.000001 1.570796
    83 0.000001 0.000000 0.000000 -1.570796 0.000000 1.570796
  time 115
    0 1.040001 -13.700329 -8.555011 -3.445291 0.813656 0.127406
    1 0.073573 17.526917 0.777220 0.000000 0.000001 0.000000
    2 -0.226386 4.157283 -0.608961 0.000000 -0.000001 0.000000
    3 -0.307715 9.018237 -1.050611 0.000000 0.000001 0.000000
    4 -0.045094 3.566423 0.891595 0.000000 -0.000001 0.000000
    5 -0.116185 1.807585 2.464996 0.410492 0.000002 0.000000
    6 0.000000 1.030615 0.000004 -3.090990 -0.058412 -3.043401
    7 -0.000002 5.179932 -0.000037 -0.005655 0.002760 -0.000309
    8 -0.218267 25.777573 2.487072 2.630467 0.000002 0.000000
    9 0.000000 0.870350 0.000008 -0.006293 -0.014645 0.128208
    10 0.000000 4.478401 0.000072 0.009081 -0.011858 0.003393
    11 -1.541353 16.047702 7.905219 -1.571620 0.000724 -0.033165
    12 4.253431 -26.719535 -9.723817 1.250665 -0.350893 2.086378
    13 -1.294654 1.473667 0.640471 2.361876 -0.514949 -2.105093
    14 0.000011 1.832554 0.000004 0.105708 -0.242323 -0.022342
    15 0.000000 1.003359 0.000001 0.156033 -0.012945 -0.172530
    16 -1.632739 4.327644 -0.483953 0.365948 0.282538 -0.018902
    17 -0.000010 1.637142 0.000010 1.001957 0.015772 -0.110368
    18 0.000007 1.100985 0.000004 0.016835 0.076947 -0.068142
    19 -0.500328 4.452953 -0.532495 0.396541 0.287798 0.017522
    20 -0.000010 1.442617 -0.000010 1.327527 0.029302 -0.036670
    21 -0.000003 1.302446 0.000004 0.004462 -0.041912 0.002947
    22 0.523221 4.540312 -0.480714 0.856150 0.290072 -0.285049
    23 -0.000001 1.198256 0.000008 0.732623 -0.133919 0.043066
    24 -0.000012 0.869780 0.000015 0.218278 0.063758 -0.018648
    25 1.354362 4.150681 -0.582655 0.848409 0.193448 -0.436427
    26 0.000000 1.157421 -0.000006 0.969721 -0.115779 0.002582
    27 0.000001 1.020055 0.000002 -0.120881 -0.015655 -0.025766
    28 5.003218 -8.070315 -8.112608 -2.295416 0.176249 0.281025
    29 0.000038 12.695422 -0.000004 -1.323481 0.382408 0.413501
    30 -6.250794 -8.568501 -11.790286 0.838293 -0.258547 3.154641
    31 -1.391397 1.476538 -0.700638 -1.757622 -1.119915 2.167452
    32 0.000002 1.751797 -0.000002 -0.382818 -0.196569 -0.169475
    33 0.000010 1.122969 0.000000 -0.357783 -0.049012 -0.094326
    34 -1.596883 4.441620 0.708540 1.542008 -1.191947 -1.228750
    35 -0.000008 1.481951 -0.000008 -0.050627 0.085170 0.456015
    36 0.000002 1.056648 -0.000004 -0.089128 -0.069209 0.182317
    37 -0.470901 4.219486 0.926555 -3.138835 -0.075635 -2.969999
    38 -0.000010 1.609821 0.000004 0.664781 -0.035767 0.100958
    39 -0.000002 1.562311 0.000013 0.464215 0.022151 -0.031512
    40 0.576838 4.298388 0.639431 -2.794774 -0.021854 -3.006583
    41 0.000002 1.553762 -0.000008 0.864590 0.111801 0.004679
    42 0.000003 0.874434 -0.000006 0.575885 0.088231 0.113905
    43 1.459885 4.275572 0.219019 -2.354330 -0.129916 3.251414
    44 -0.000010 0.973051 -0.000004 0.727060 0.168346 0.035952
    45 0.000007 0.970890 0.000004 0.885376 0.106710 0.058148
    46 -7.008868 4.575658 -7.491495 -1.722409 0.355686 0.414746
    47 0.000011 12.706367 0.000010 -1.950661 0.307124 0.156178
    48 0.000000 0.000000 0.000000 1.570796 0.000000 1.570796
    49 -0.000006 1.500006 0.000000 1.570796 0.000000 1.570796
    50 0.000000 -0.299999 0.000000 -1.570796 0.000000 1.570796
    51 0.000000 0.000000 0.000000 0.000000 0.000000 1.570796
    52 0.000000 0.000000 0.000000 0.000000 0.000000 1.570796
    53 0.000000 0.000002 0.000001 0.000000 0.000000 1.919862
    54 0.000000 0.000000 0.000000 -1.570796 0.000000 1.570796
    55 0.000000 0.000000 0.000002 -1.570797 0.000000 1.570796
    56 -0.000002 -0.000002 0.000004 -1.570797 0.000001 1.570796
    57 0.000003 0.000000 0.000000 -1.570796 0.000000 1.570796
    58 0.000002 0.000003 0.000000 -1.570796 0.000000 1.570796
    59 0.000000 0.000000 0.000000 -1.570796 0.000000 1.570796
    60 -0.000001 0.000011 0.000000 -1.570796 0.000000 1.570796
    61 0.000000 0.000000 0.000000 -1.570796 -0.000001 1.570796
    62 0.000000 -0.000001 0.000000 -1.570796 0.000000 1.570796
    63 -0.000002 0.000002 -0.000002 -1.570796 0.000000 1.570796
    64 0.000000 0.000000 0.000000 -1.570797 0.000000 1.570796
    65 0.000000 0.000000 0.000000 -1.570797 0.000000 1.570796
    66 0.000000 0.000000 0.000000 1.570796 0.000000 1.570796
    67 0.000000 1.500000 0.000000 1.570796 0.000000 1.570796
    68 0.000000 0.300001 0.000000 1.570796 0.000000 1.570796
    69 -0.000011 0.000002 -0.000004 -3.141593 0.000001 1.570796
    70 0.000000 0.000000 0.000000 3.141593 0.000000 1.570796
    71 0.000001 0.000000 0.000000 -3.141593 0.000000 1.221730
    72 0.000000 0.000000 0.000000 3.141593 0.000000 1.570796
    73 0.000000 -0.000002 0.000000 3.141593 0.000000 1.570796
    74 0.000004 0.000000 0.000000 3.141593 0.000000 1.570797
    75 -0.000004 0.000000 0.000002 -1.570796 0.000000 1.570796
    76 0.000000 -0.000001 0.000008 -1.570796 0.000000 1.570796
    77 0.000001 0.000000 0.000000 -1.570796 0.000000 1.570796
    78 0.000001 0.000002 0.000000 -1.570796 0.000000 1.570796
    79 0.000000 0.000000 0.000000 -1.570796 0.000000 1.570796
    80 0.000001 0.000000 0.000000 -1.570796 0.000000 1.570796
    81 0.000001 0.000000 0.000000 -1.570796 0.000001 1.570796
    82 -0.000001 0.000000 0.000002 -1.570796 0.000001 1.570796
    83 0.000001 0.000000 0.000000 -1.570796 0.000000 1.570796
  time 116
    0 0.872027 -13.700329 -8.668296 -3.376737 0.743058 0.141379
    1 0.073573 17.526917 0.777220 0.000000 0.000001 0.000000
    2 -0.226386 4.254942 -0.608961 0.000000 -0.000001 0.000000
    3 -0.319434 9.018237 -1.050611 0.000000 0.000001 0.000000
    4 -0.045094 3.566423 0.891595 0.000000 -0.000001 0.000000
    5 -0.116185 1.807585 2.464996 0.407371 0.000002 0.000000
    6 0.000000 1.030615 0.000004 -3.091083 -0.053559 -3.052027
    7 -0.000002 5.179932 -0.000037 -0.005639 0.002305 -0.000285
    8 -0.218267 25.777573 2.487072 2.594033 0.000002 0.000000
    9 0.000000 0.870350 0.000008 -0.029783 -0.013423 0.100699
    10 0.000000 4.478401 0.000072 0.130447 -0.012493 0.027386
    11 -1.412443 16.012545 7.846624 -1.573842 0.002714 -0.028125
    12 3.737790 -26.735161 -10.380087 1.160691 -0.370076 2.083898
    13 -1.294654 1.473667 0.640471 2.361876 -0.514949 -2.105093
    14 0.000011 1.832554 0.000004 0.105696 -0.242323 -0.022342
    15 0.000000 1.003359 0.000001 0.156021 -0.012837 -0.172530
    16 -1.632739 4.327644 -0.483953 0.365948 0.282538 -0.018902
    17 -0.000010 1.637142 0.000010 1.001957 0.015772 -0.110368
    18 0.000007 1.100985 0.000004 0.016835 0.076947 -0.068142
    19 -0.500328 4.452953 -0.532495 0.396541 0.287798 0.017522
    20 -0.000010 1.442617 -0.000010 1.327527 0.029302 -0.036670
    21 -0.000003 1.302446 0.000004 0.004462 -0.041912 0.002923
    22 0.523221 4.540312 -0.480714 0.856150 0.290072 -0.285049
    23 -0.000001 1.198256 0.000008 0.732623 -0.133919 0.043066
    24 -0.000012 0.869780 0.000015 0.218278 0.063758 -0.018636
    25 1.354362 4.150681 -0.582655 0.848432 0.193448 -0.436427
    26 0.000000 1.157421 -0.000006 0.969721 -0.115779 0.002582
    27 0.000001 1.020055 0.000002 -0.120881 -0.015655 -0.025766
    28 5.003218 -8.070315 -8.112608 -2.270294 0.160900 0.255772
    29 0.000038 12.695422 -0.000004 -1.311625 0.377517 0.412289
    30 -5.821094 -8.142707 -12.102796 0.763727 -0.167025 3.142620
    31 -1.391397 1.476538 -0.700638 -1.757657 -1.119915 2.167452
    32 0.000002 1.751797 -0.000002 -0.382818 -0.196569 -0.169475
    33 0.000010 1.122969 0.000000 -0.357783 -0.049012 -0.094326
    34 -1.596883 4.441620 0.708540 1.501004 -1.276962 -1.177435
    35 -0.000008 1.481951 -0.000008 -0.075951 0.104094 0.449383
    36 0.000002 1.056648 -0.000004 -0.106889 -0.040721 0.173621
    37 -0.470901 4.219486 0.926555 -3.080297 -0.082335 -2.990433
    38 -0.000010 1.609821 0.000004 0.672049 -0.058514 0.100730
    39 -0.000002 1.562311 0.000013 0.413053 0.020258 -0.031416
    40 0.576838 4.298388 0.639431 -2.741059 0.002822 -3.039936
    41 0.000002 1.553762 -0.000008 0.719857 0.094735 0.005458
    42 0.000003 0.874434 -0.000006 0.477835 0.070541 0.065584
    43 1.459885 4.275572 0.219019 -2.390487 -0.098708 3.212968
    44 -0.000010 0.973051 -0.000004 0.546593 0.125800 0.004661
    45 0.000007 0.970890 0.000004 0.789690 0.111695 0.002528
    46 -7.008868 4.575658 -7.491495 -1.646148 0.414819 0.501601
    47 0.000011 12.706367 0.000010 -1.976000 0.311019 0.154548
    48 0.000000 0.000000 0.000000 1.570796 0.000000 1.570796
    49 -0.000006 1.500006 0.000000 1.570796 0.000000 1.570796
    50 0.000000 -0.299999 0.000000 -1.570796 0.000000 1.570796
    51 0.000000 0.000000 0.000000 0.000000 0.000000 1.570796
    52 0.000000 0.000000 0.000000 0.000000 0.000000 1.570796
    53 0.000000 0.000002 0.000001 0.000000 0.000000 1.919862
    54 0.000000 0.000000 0.000000 -1.570796 0.000000 1.570796
    55 0.000000 0.000000 0.000002 -1.570797 0.000000 1.570796
    56 -0.000002 -0.000002 0.000004 -1.570797 0.000001 1.570796
    57 0.000003 0.000000 0.000000 -1.570796 0.000000 1.570796
    58 0.000002 0.000003 0.000000 -1.570796 0.000000 1.570796
    59 0.000000 0.000000 0.000000 -1.570796 0.000000 1.570796
    60 -0.000001 0.000011 0.000000 -1.570796 0.000000 1.570796
    61 0.000000 0.000000 0.000000 -1.570796 -0.000001 1.570796
    62 0.000000 -0.000001 0.000000 -1.570796 0.000000 1.570796
    63 -0.000002 0.000002 -0.000002 -1.570796 0.000000 1.570796
    64 0.000000 0.000000 0.000000 -1.570797 0.000000 1.570796
    65 0.000000 0.000000 0.000000 -1.570797 0.000000 1.570796
    66 0.000000 0.000000 0.000000 1.570796 0.000000 1.570796
    67 0.000000 1.500000 0.000000 1.570796 0.000000 1.570796
    68 0.000000 0.300001 0.000000 1.570796 0.000000 1.570796
    69 -0.000011 0.000002 -0.000004 -3.141593 0.000001 1.570796
    70 0.000000 0.000000 0.000000 3.141593 0.000000 1.570796
    71 0.000001 0.000000 0.000000 -3.141593 0.000000 1.221730
    72 0.000000 0.000000 0.000000 3.141593 0.000000 1.570796
    73 0.000000 -0.000002 0.000000 3.141593 0.000000 1.570796
    74 0.000004 0.000000 0.000000 3.141593 0.000000 1.570797
    75 -0.000004 0.000000 0.000002 -1.570796 0.000000 1.570796
    76 0.000000 -0.000001 0.000008 -1.570796 0.000000 1.570796
    77 0.000001 0.000000 0.000000 -1.570796 0.000000 1.570796
    78 0.000001 0.000002 0.000000 -1.570796 0.000000 1.570796
    79 0.000000 0.000000 0.000000 -1.570796 0.000000 1.570796
    80 0.000001 0.000000 0.000000 -1.570796 0.000000 1.570796
    81 0.000001 0.000000 0.000000 -1.570796 0.000001 1.570796
    82 -0.000001 0.000000 0.000002 -1.570796 0.000001 1.570796
    83 0.000001 0.000000 0.000000 -1.570796 0.000000 1.570796
  time 117
    0 0.668896 -13.700329 -8.742517 -3.317838 0.601988 0.161187
    1 0.073573 17.526917 0.777220 0.000000 0.000001 0.000000
    2 -0.226386 4.254942 -0.608961 0.000000 -0.000001 0.000000
    3 -0.276464 6.768168 -0.796697 0.000000 0.000001 0.000000
    4 -0.045094 3.566423 0.891595 0.000000 -0.000001 0.000000
    5 -0.116185 1.807585 2.464996 0.402670 0.000002 0.000000
    6 0.000000 1.030615 0.000004 -3.091254 -0.045912 -3.065013
    7 -0.000002 5.179932 -0.000037 -0.005574 0.001346 -0.000237
    8 -0.218267 25.777573 2.487072 2.575110 0.000002 0.000000
    9 0.000000 0.870350 0.000008 -0.039274 -0.011230 0.078270
    10 0.000000 4.478401 0.000072 0.200117 -0.012253 0.032959
    11 -1.228843 15.985200 7.764590 -1.577071 0.005819 -0.020572
    12 3.577629 -26.657033 -10.962136 1.001057 -0.360328 2.123736
    13 -1.294654 1.473667 0.640471 2.361876 -0.514949 -2.105093
    14 0.000011 1.832554 0.000004 0.105696 -0.242323 -0.022397
    15 0.000000 1.003359 0.000001 0.156021 -0.012873 -0.172530
    16 -1.632739 4.327644 -0.483953 0.365948 0.282538 -0.018902
    17 -0.000010 1.637142 0.000010 1.001957 0.015772 -0.110368
    18 0.000007 1.100985 0.000004 0.016835 0.076947 -0.068142
    19 -0.500328 4.452953 -0.532495 0.396541 0.287798 0.017522
    20 -0.000010 1.442617 -0.000010 1.327527 0.029302 -0.036670
    21 -0.000003 1.302446 0.000004 0.004478 -0.041912 0.002947
    22 0.523221 4.540312 -0.480714 0.856150 0.290072 -0.285049
    23 -0.000001 1.198256 0.000008 0.732623 -0.133919 0.043054
    24 -0.000012 0.869780 0.000015 0.218278 0.063758 -0.018624
    25 1.354362 4.150681 -0.582655 0.848409 0.193448 -0.436427
    26 0.000000 1.157421 -0.000006 0.969721 -0.115779 0.002582
    27 0.000001 1.020055 0.000002 -0.120881 -0.015655 -0.025766
    28 5.003218 -8.070315 -8.112608 -2.240646 0.153159 0.251803
    29 0.000038 12.695422 -0.000004 -1.311012 0.377266 0.412106
    30 -5.242951 -7.818479 -12.661407 0.674340 0.008820 3.153687
    31 -1.391397 1.476538 -0.700638 -1.757657 -1.119915 2.167452
    32 0.000002 1.751797 -0.000002 -0.382818 -0.196569 -0.169475
    33 0.000010 1.122969 0.000000 -0.357783 -0.049012 -0.094326
    34 -1.596883 4.441620 0.708540 1.413073 -1.364013 -1.081670
    35 -0.000008 1.481951 -0.000008 -0.100064 0.120645 0.443742
    36 0.000002 1.056648 -0.000004 -0.123943 -0.014823 0.167032
    37 -0.470901 4.219486 0.926555 -3.013837 -0.088087 -3.013791
    38 -0.000010 1.609821 0.000004 0.684169 -0.080302 0.099388
    39 -0.000002 1.562311 0.000013 0.362044 0.018113 -0.030960
    40 0.576838 4.298388 0.639431 -2.680741 0.028996 -3.071684
    41 0.000002 1.553762 -0.000008 0.575265 0.078232 0.008814
    42 0.000003 0.874434 -0.000006 0.380915 0.048526 0.019371
    43 1.459885 4.275572 0.219019 -2.427711 -0.069047 3.173395
    44 -0.000010 0.973051 -0.000004 0.381221 0.078988 -0.018530
    45 0.000007 0.970890 0.000004 0.693964 0.111587 -0.053392
    46 -7.008868 4.575658 -7.491495 -1.548215 0.491585 0.633802
    47 0.000011 12.706367 0.000010 -1.979466 0.311330 0.154344
    48 0.000000 0.000000 0.000000 1.570796 0.000000 1.570796
    49 -0.000006 1.500006 0.000000 1.570796 0.000000 1.570796
    50 0.000000 -0.299999 0.000000 -1.570796 0.000000 1.570796
    51 0.000000 0.000000 0.000000 0.000000 0.000000 1.570796
    52 0.000000 0.000000 0.000000 0.000000 0.000000 1.570796
    53 0.000000 0.000002 0.000001 0.000000 0.000000 1.919862
    54 0.000000 0.000000 0.000000 -1.570796 0.000000 1.570796
    55 0.000000 0.000000 0.000002 -1.570797 0.000000 1.570796
    56 -0.000002 -0.000002 0.000004 -1.570797 0.000001 1.570796
    57 0.000003 0.000000 0.000000 -1.570796 0.000000 1.570796
    58 0.000002 0.000003 0.000000 -1.570796 0.000000 1.570796
    59 0.000000 0.000000 0.000000 -1.570796 0.000000 1.570796
    60 -0.000001 0.000011 0.000000 -1.570796 0.000000 1.570796
    61 0.000000 0.000000 0.000000 -1.570796 -0.000001 1.570796
    62 0.000000 -0.000001 0.000000 -1.570796 0.000000 1.570796
    63 -0.000002 0.000002 -0.000002 -1.570796 0.000000 1.570796
    64 0.000000 0.000000 0.000000 -1.570797 0.000000 1.570796
    65 0.000000 0.000000 0.000000 -1.570797 0.000000 1.570796
    66 0.000000 0.000000 0.000000 1.570796 0.000000 1.570796
    67 0.000000 1.500000 0.000000 1.570796 0.000000 1.570796
    68 0.000000 0.300001 0.000000 1.570796 0.000000 1.570796
    69 -0.000011 0.000002 -0.000004 -3.141593 0.000001 1.570796
    70 0.000000 0.000000 0.000000 3.141593 0.000000 1.570796
    71 0.000001 0.000000 0.000000 -3.141593 0.000000 1.221730
    72 0.000000 0.000000 0.000000 3.141593 0.000000 1.570796
    73 0.000000 -0.000002 0.000000 3.141593 0.000000 1.570796
    74 0.000004 0.000000 0.000000 3.141593 0.000000 1.570797
    75 -0.000004 0.000000 0.000002 -1.570796 0.000000 1.570796
    76 0.000000 -0.000001 0.000008 -1.570796 0.000000 1.570796
    77 0.000001 0.000000 0.000000 -1.570796 0.000000 1.570796
    78 0.000001 0.000002 0.000000 -1.570796 0.000000 1.570796
    79 0.000000 0.000000 0.000000 -1.570796 0.000000 1.570796
    80 0.000001 0.000000 0.000000 -1.570796 0.000000 1.570796
    81 0.000001 0.000000 0.000000 -1.570796 0.000001 1.570796
    82 -0.000001 0.000000 0.000002 -1.570796 0.000001 1.570796
    83 0.000001 0.000000 0.000000 -1.570796 0.000000 1.570796
  time 118
    0 0.438420 -13.700329 -8.773768 -3.276359 0.474421 0.172854
    1 0.073573 17.526917 0.777220 0.000000 0.000001 0.000000
    2 -0.226386 4.254942 -0.608961 0.000000 -0.000001 0.000000
    3 -0.276464 6.772074 -0.800603 0.000000 0.000001 0.000000
    4 -0.045094 3.566423 0.891595 0.000000 -0.000001 0.000000
    5 -0.116185 1.807585 2.464996 0.396760 0.000002 0.000000
    6 0.000000 1.030615 0.000004 -3.091564 -0.036445 -3.081273
    7 -0.000002 5.179932 -0.000037 -0.005574 0.000376 -0.000045
    8 -0.218267 25.777573 2.487072 2.562406 0.000002 0.000000
    9 0.000000 0.870350 0.000008 -0.044596 -0.008317 0.055854
    10 0.000000 4.478401 0.000072 0.253501 -0.010959 0.031041
    11 -0.978836 15.950043 7.651305 -1.581189 0.009580 -0.011197
    12 3.511221 -26.551561 -11.360586 0.860414 -0.342957 2.162086
    13 -1.294654 1.473667 0.640471 2.361876 -0.514949 -2.105093
    14 0.000011 1.832554 0.000004 0.105708 -0.242323 -0.022342
    15 0.000000 1.003359 0.000001 0.156021 -0.012825 -0.172530
    16 -1.632739 4.327644 -0.483953 0.365948 0.282538 -0.018902
    17 -0.000010 1.637142 0.000010 1.001957 0.015772 -0.110368
    18 0.000007 1.100985 0.000004 0.016835 0.076947 -0.068142
    19 -0.500328 4.452953 -0.532495 0.396541 0.287798 0.017522
    20 -0.000010 1.442617 -0.000010 1.327527 0.029302 -0.036670
    21 -0.000003 1.302446 0.000004 0.004462 -0.041912 0.002947
    22 0.523221 4.540312 -0.480714 0.856150 0.290072 -0.285049
    23 -0.000001 1.198256 0.000008 0.732623 -0.133919 0.043066
    24 -0.000012 0.869780 0.000015 0.218278 0.063758 -0.018636
    25 1.354362 4.150681 -0.582655 0.848409 0.193448 -0.436427
    26 0.000000 1.157421 -0.000006 0.969721 -0.115779 0.002582
    27 0.000001 1.020055 0.000002 -0.120881 -0.015655 -0.025766
    28 5.003218 -8.070315 -8.112608 -2.216882 0.147833 0.251803
    29 0.000038 12.695422 -0.000004 -1.314555 0.378677 0.412497
    30 -4.739029 -7.611441 -13.012980 0.585508 0.188035 3.169810
    31 -1.391397 1.476538 -0.700638 -1.757657 -1.119915 2.167452
    32 0.000002 1.751797 -0.000002 -0.382818 -0.196569 -0.169475
    33 0.000010 1.122969 0.000000 -0.357783 -0.049012 -0.094326
    34 -1.596883 4.441620 0.708540 1.199225 -1.443886 -0.861532
    35 -0.000008 1.481951 -0.000008 -0.120845 0.133516 0.437212
    36 0.000002 1.056648 -0.000004 -0.138265 0.006318 0.162402
    37 -0.470901 4.219486 0.926555 -2.943505 -0.092498 -3.038635
    38 -0.000010 1.609821 0.000004 0.702492 -0.098854 0.097195
    39 -0.000002 1.562311 0.000013 0.317530 0.016483 -0.030673
    40 0.576838 4.298388 0.639431 -2.616971 0.053085 -3.098086
    41 0.000002 1.553762 -0.000008 0.450393 0.064378 0.013776
    42 0.000003 0.874434 -0.000006 0.297714 0.025755 -0.019004
    43 1.459885 4.275572 0.219019 -2.461076 -0.044226 3.138232
    44 -0.000010 0.973051 -0.000004 0.246908 0.036359 -0.031880
    45 0.000007 0.970890 0.000004 0.611064 0.107069 -0.101690
    46 -7.008868 4.575658 -7.491495 -1.477548 0.544338 0.744523
    47 0.000011 12.706367 0.000010 -1.978388 0.311235 0.154452
    48 0.000000 0.000000 0.000000 1.570796 0.000000 1.570796
    49 -0.000006 1.500006 0.000000 1.570796 0.000000 1.570796
    50 0.000000 -0.299999 0.000000 -1.570796 0.000000 1.570796
    51 0.000000 0.000000 0.000000 0.000000 0.000000 1.570796
    52 0.000000 0.000000 0.000000 0.000000 0.000000 1.570796
    53 0.000000 0.000002 0.000001 0.000000 0.000000 1.919862
    54 0.000000 0.000000 0.000000 -1.570796 0.000000 1.570796
    55 0.000000 0.000000 0.000002 -1.570797 0.000000 1.570796
    56 -0.000002 -0.000002 0.000004 -1.570797 0.000001 1.570796
    57 0.000003 0.000000 0.000000 -1.570796 0.000000 1.570796
    58 0.000002 0.000003 0.000000 -1.570796 0.000000 1.570796
    59 0.000000 0.000000 0.000000 -1.570796 0.000000 1.570796
    60 -0.000001 0.000011 0.000000 -1.570796 0.000000 1.570796
    61 0.000000 0.000000 0.000000 -1.570796 -0.000001 1.570796
    62 0.000000 -0.000001 0.000000 -1.570796 0.000000 1.570796
    63 -0.000002 0.000002 -0.000002 -1.570796 0.000000 1.570796
    64 0.000000 0.000000 0.000000 -1.570797 0.000000 1.570796
    65 0.000000 0.000000 0.000000 -1.570797 0.000000 1.570796
    66 0.000000 0.000000 0.000000 1.570796 0.000000 1.570796
    67 0.000000 1.500000 0.000000 1.570796 0.000000 1.570796
    68 0.000000 0.300001 0.000000 1.570796 0.000000 1.570796
    69 -0.000011 0.000002 -0.000004 -3.141593 0.000001 1.570796
    70 0.000000 0.000000 0.000000 3.141593 0.000000 1.570796
    71 0.000001 0.000000 0.000000 -3.141593 0.000000 1.221730
    72 0.000000 0.000000 0.000000 3.141593 0.000000 1.570796
    73 0.000000 -0.000002 0.000000 3.141593 0.000000 1.570796
    74 0.000004 0.000000 0.000000 3.141593 0.000000 1.570797
    75 -0.000004 0.000000 0.000002 -1.570796 0.000000 1.570796
    76 0.000000 -0.000001 0.000008 -1.570796 0.000000 1.570796
    77 0.000001 0.000000 0.000000 -1.570796 0.000000 1.570796
    78 0.000001 0.000002 0.000000 -1.570796 0.000000 1.570796
    79 0.000000 0.000000 0.000000 -1.570796 0.000000 1.570796
    80 0.000001 0.000000 0.000000 -1.570796 0.000000 1.570796
    81 0.000001 0.000000 0.000000 -1.570796 0.000001 1.570796
    82 -0.000001 0.000000 0.000002 -1.570796 0.000001 1.570796
    83 0.000001 0.000000 0.000000 -1.570796 0.000000 1.570796
  time 119
    0 0.172787 -13.688610 -8.754236 -3.245787 0.386764 0.176449
    1 0.073573 17.526917 0.777220 0.000000 0.000001 0.000000
    2 -0.226386 4.254942 -0.608961 0.000000 -0.000001 0.000000
    3 -0.276464 6.768168 -0.800603 0.000000 0.000001 0.000000
    4 -0.045094 3.566423 0.891595 0.000000 -0.000001 0.000000
    5 -0.116185 1.807585 2.464996 0.390070 0.000002 0.000000
    6 0.000000 1.030615 0.000004 -3.091983 -0.025634 -3.099674
    7 -0.000002 5.179932 -0.000037 -0.005558 -0.000955 0.000015
    8 -0.218267 25.777573 2.487072 2.555383 0.000002 0.000000
    9 0.000000 0.870350 0.000008 -0.046142 -0.005201 0.033876
    10 0.000000 4.478401 0.000072 0.292090 -0.008370 0.024054
    11 -0.697577 15.891447 7.549740 -1.585516 0.013735 -0.000798
    12 3.354966 -26.449996 -11.630125 0.763279 -0.331897 2.185146
    13 -1.294654 1.473667 0.640471 2.361876 -0.514949 -2.105093
    14 0.000011 1.832554 0.000004 0.105696 -0.242323 -0.022342
    15 0.000000 1.003359 0.000001 0.156033 -0.012849 -0.172530
    16 -1.632739 4.327644 -0.483953 0.365948 0.282538 -0.018902
    17 -0.000010 1.637142 0.000010 1.001957 0.015772 -0.110368
    18 0.000007 1.100985 0.000004 0.016835 0.076947 -0.068142
    19 -0.500328 4.452953 -0.532495 0.396541 0.287798 0.017522
    20 -0.000010 1.442617 -0.000010 1.327527 0.029302 -0.036670
    21 -0.000003 1.302446 0.000004 0.004462 -0.041912 0.002947
    22 0.523221 4.540312 -0.480714 0.856150 0.290072 -0.285049
    23 -0.000001 1.198256 0.000008 0.732623 -0.133919 0.043066
    24 -0.000012 0.869780 0.000015 0.218278 0.063758 -0.018648
    25 1.354362 4.150681 -0.582655 0.848409 0.193448 -0.436427
    26 0.000000 1.157421 -0.000006 0.969721 -0.115779 0.002582
    27 0.000001 1.020055 0.000002 -0.120881 -0.015655 -0.025766
    28 5.003218 -8.070315 -8.112608 -2.201341 0.141217 0.245096
    29 0.000038 12.695422 -0.000004 -1.318507 0.380359 0.413084
    30 -4.418707 -7.466905 -13.075482 0.506311 0.344580 3.186697
    31 -1.391397 1.476538 -0.700638 -1.757657 -1.119915 2.167452
    32 0.000002 1.751797 -0.000002 -0.382818 -0.196569 -0.169475
    33 0.000010 1.122969 0.000000 -0.357783 -0.049012 -0.094326
    34 -1.596883 4.441620 0.708540 0.590257 -1.497703 -0.249362
    35 -0.000008 1.481951 -0.000008 -0.135838 0.141258 0.427810
    36 0.000002 1.056648 -0.000004 -0.148284 0.020616 0.159683
    37 -0.470901 4.219486 0.926555 -2.873288 -0.095146 -3.063419
    38 -0.000010 1.609821 0.000004 0.727645 -0.111977 0.094954
    39 -0.000002 1.562311 0.000013 0.286159 0.015116 -0.030397
    40 0.576838 4.298388 0.639431 -2.552565 0.070954 -3.115715
    41 0.000002 1.553762 -0.000008 0.363378 0.055066 0.017994
    42 0.000003 0.874434 -0.000006 0.239899 0.007910 -0.044603
    43 1.459885 4.275572 0.219019 -2.484866 -0.027592 3.112776
    44 -0.000010 0.973051 -0.000004 0.157075 0.005930 -0.037453
    45 0.000007 0.970890 0.000004 0.553076 0.101580 -0.135259
    46 -7.008868 4.575658 -7.491495 -1.445159 0.570980 0.804870
    47 0.000011 12.706367 0.000010 -1.981700 0.311738 0.154128
    48 0.000000 0.000000 0.000000 1.570796 0.000000 1.570796
    49 -0.000006 1.500006 0.000000 1.570796 0.000000 1.570796
    50 0.000000 -0.299999 0.000000 -1.570796 0.000000 1.570796
    51 0.000000 0.000000 0.000000 0.000000 0.000000 1.570796
    52 0.000000 0.000000 0.000000 0.000000 0.000000 1.570796
    53 0.000000 0.000002 0.000001 0.000000 0.000000 1.919862
    54 0.000000 0.000000 0.000000 -1.570796 0.000000 1.570796
    55 0.000000 0.000000 0.000002 -1.570797 0.000000 1.570796
    56 -0.000002 -0.000002 0.000004 -1.570797 0.000001 1.570796
    57 0.000003 0.000000 0.000000 -1.570796 0.000000 1.570796
    58 0.000002 0.000003 0.000000 -1.570796 0.000000 1.570796
    59 0.000000 0.000000 0.000000 -1.570796 0.000000 1.570796
    60 -0.000001 0.000011 0.000000 -1.570796 0.000000 1.570796
    61 0.000000 0.000000 0.000000 -1.570796 -0.000001 1.570796
    62 0.000000 -0.000001 0.000000 -1.570796 0.000000 1.570796
    63 -0.000002 0.000002 -0.000002 -1.570796 0.000000 1.570796
    64 0.000000 0.000000 0.000000 -1.570797 0.000000 1.570796
    65 0.000000 0.000000 0.000000 -1.570797 0.000000 1.570796
    66 0.000000 0.000000 0.000000 1.570796 0.000000 1.570796
    67 0.000000 1.500000 0.000000 1.570796 0.000000 1.570796
    68 0.000000 0.300001 0.000000 1.570796 0.000000 1.570796
    69 -0.000011 0.000002 -0.000004 -3.141593 0.000001 1.570796
    70 0.000000 0.000000 0.000000 3.141593 0.000000 1.570796
    71 0.000001 0.000000 0.000000 -3.141593 0.000000 1.221730
    72 0.000000 0.000000 0.000000 3.141593 0.000000 1.570796
    73 0.000000 -0.000002 0.000000 3.141593 0.000000 1.570796
    74 0.000004 0.000000 0.000000 3.141593 0.000000 1.570797
    75 -0.000004 0.000000 0.000002 -1.570796 0.000000 1.570796
    76 0.000000 -0.000001 0.000008 -1.570796 0.000000 1.570796
    77 0.000001 0.000000 0.000000 -1.570796 0.000000 1.570796
    78 0.000001 0.000002 0.000000 -1.570796 0.000000 1.570796
    79 0.000000 0.000000 0.000000 -1.570796 0.000000 1.570796
    80 0.000001 0.000000 0.000000 -1.570796 0.000000 1.570796
    81 0.000001 0.000000 0.000000 -1.570796 0.000001 1.570796
    82 -0.000001 0.000000 0.000002 -1.570796 0.000001 1.570796
    83 0.000001 0.000000 0.000000 -1.570796 0.000000 1.570796
  time 120
    0 -0.120191 -13.649546 -8.668296 -3.220380 0.310123 0.175024
    1 0.073573 17.526917 0.777220 0.000000 0.000001 0.000000
    2 -0.226386 4.254942 -0.608961 0.000000 -0.000001 0.000000
    3 -0.277588 6.765625 -0.807617 0.000000 0.000001 0.000000
    4 -0.045094 3.566423 0.891595 0.000000 -0.000001 0.000000
    5 -0.116185 1.807585 2.464996 0.383438 0.000002 0.000000
    6 0.000000 1.030615 0.000004 -3.091921 -0.014321 -3.119019
    7 -0.000002 5.179932 -0.000037 -0.005558 -0.002093 0.000075
    8 -0.218267 25.777573 2.487072 2.553489 0.000002 0.000000
    9 0.000000 0.870350 0.000008 -0.044619 -0.001942 0.012614
    10 0.000000 4.478401 0.000072 0.316433 -0.004870 0.014491
    11 -0.428038 15.852383 7.416923 -1.590013 0.018130 0.009947
    12 3.144022 -26.332805 -11.786380 0.679376 -0.320212 2.201924
    13 -1.294654 1.473667 0.640471 2.361863 -0.514974 -2.105073
    14 0.000011 1.832554 0.000004 0.105720 -0.242323 -0.022342
    15 0.000000 1.003359 0.000001 0.156045 -0.012873 -0.172530
    16 -1.632739 4.327644 -0.483953 0.365946 0.282531 -0.019010
    17 -0.000010 1.637142 0.000010 1.001957 0.015772 -0.110368
    18 0.000007 1.100985 0.000004 0.016762 0.076954 -0.068132
    19 -0.500328 4.452953 -0.532495 0.396541 0.287796 0.017522
    20 -0.000010 1.442617 -0.000010 1.327527 0.029305 -0.036670
    21 -0.000003 1.302446 0.000004 0.004462 -0.041924 0.002935
    22 0.523221 4.540312 -0.480714 0.856150 0.290072 -0.285049
    23 -0.000001 1.198256 0.000008 0.732623 -0.133919 0.043066
    24 -0.000012 0.869780 0.000015 0.218278 0.063758 -0.018624
    25 1.354362 4.150681 -0.582655 0.848409 0.193448 -0.436427
    26 0.000000 1.157421 -0.000006 0.969721 -0.115773 0.002583
    27 0.000001 1.020055 0.000002 -0.120881 -0.015649 -0.025764
    28 5.003218 -8.070315 -8.112608 -2.190553 0.132980 0.234557
    29 0.000038 12.695422 -0.000004 -1.325048 0.383046 0.413788
    30 -4.168699 -7.357527 -13.028605 0.430448 0.504648 3.201676
    31 -1.391397 1.476538 -0.700638 -1.757484 -1.119891 2.167452
    32 0.000002 1.751797 -0.000002 -0.382696 -0.196547 -0.169376
    33 0.000010 1.122969 0.000000 -0.357783 -0.049012 -0.094326
    34 -1.596883 4.441620 0.708540 -0.297255 -1.491822 0.640345
    35 -0.000008 1.481951 -0.000008 -0.142777 0.142433 0.413936
    36 0.000002 1.056648 -0.000004 -0.152071 0.025685 0.158875
    37 -0.470901 4.219486 0.926555 -2.807071 -0.096489 -3.086610
    38 -0.000010 1.609821 0.000004 0.761284 -0.117107 0.093575
    39 -0.000002 1.562311 0.000013 0.274272 0.014793 -0.030301
    40 0.576838 4.298388 0.639431 -2.490425 0.078001 -3.122127
    41 0.000002 1.553762 -0.000008 0.330747 0.051770 0.019816
    42 0.000003 0.874434 -0.000006 0.218292 0.000863 -0.053915
    43 1.459885 4.275572 0.219019 -2.493866 -0.021480 3.103225
    44 -0.000010 0.973051 -0.000004 0.124342 -0.005467 -0.038340
    45 0.000007 0.970890 0.000004 0.531366 0.099099 -0.147855
    46 -7.008868 4.575658 -7.491495 -1.430496 0.587934 0.842033
    47 0.000011 12.706367 0.000010 -1.988015 0.312733 0.153757
    48 0.000000 0.000000 0.000000 1.570796 0.000000 1.570796
    49 -0.000006 1.500006 0.000000 1.570796 0.000000 1.570796
    50 0.000000 -0.299999 0.000000 -1.570796 0.000000 1.570796
    51 0.000000 0.000000 0.000000 0.000000 0.000000 1.570796
    52 0.000000 0.000000 0.000000 0.000000 0.000000 1.570796
    53 0.000000 0.000002 0.000001 0.000000 0.000000 1.919862
    54 0.000000 0.000000 0.000000 -1.570796 0.000000 1.570796
    55 0.000000 0.000000 0.000002 -1.570797 0.000000 1.570796
    56 -0.000002 -0.000002 0.000004 -1.570797 0.000001 1.570796
    57 0.000003 0.000000 0.000000 -1.570796 0.000000 1.570796
    58 0.000002 0.000003 0.000000 -1.570796 0.000000 1.570796
    59 0.000000 0.000000 0.000000 -1.570796 0.000000 1.570796
    60 -0.000001 0.000011 0.000000 -1.570796 0.000000 1.570796
    61 0.000000 0.000000 0.000000 -1.570796 -0.000001 1.570796
    62 0.000000 -0.000001 0.000000 -1.570796 0.000000 1.570796
    63 -0.000002 0.000002 -0.000002 -1.570796 0.000000 1.570796
    64 0.000000 0.000000 0.000000 -1.570797 0.000000 1.570796
    65 0.000000 0.000000 0.000000 -1.570797 0.000000 1.570796
    66 0.000000 0.000000 0.000000 1.570796 0.000000 1.570796
    67 0.000000 1.500000 0.000000 1.570796 0.000000 1.570796
    68 0.000000 0.300001 0.000000 1.570796 0.000000 1.570796
    69 -0.000011 0.000002 -0.000004 -3.141593 0.000001 1.570796
    70 0.000000 0.000000 0.000000 3.141593 0.000000 1.570796
    71 0.000001 0.000000 0.000000 -3.141593 0.000000 1.221730
    72 0.000000 0.000000 0.000000 3.141593 0.000000 1.570796
    73 0.000000 -0.000002 0.000000 3.141593 0.000000 1.570796
    74 0.000004 0.000000 0.000000 3.141593 0.000000 1.570797
    75 -0.000004 0.000000 0.000002 -1.570796 0.000000 1.570796
    76 0.000000 -0.000001 0.000008 -1.570796 0.000000 1.570796
    77 0.000001 0.000000 0.000000 -1.570796 0.000000 1.570796
    78 0.000001 0.000002 0.000000 -1.570796 0.000000 1.570796
    79 0.000000 0.000000 0.000000 -1.570796 0.000000 1.570796
    80 0.000001 0.000000 0.000000 -1.570796 0.000000 1.570796
    81 0.000001 0.000000 0.000000 -1.570796 0.000001 1.570796
    82 -0.000001 0.000000 0.000002 -1.570796 0.000001 1.570796
    83 0.000001 0.000000 0.000000 -1.570796 0.000000 1.570796
  time 121
    0 -0.428794 -13.587044 -8.531573 -3.199400 0.244152 0.169937
    1 0.073573 17.526917 0.777220 0.000000 0.000001 0.000000
    2 -0.226386 4.254942 -0.608961 0.000000 -0.000001 0.000000
    3 -0.277588 6.765625 -0.807617 0.000000 0.000001 0.000000
    4 -0.045094 3.566423 0.891595 0.000000 -0.000001 0.000000
    5 -0.116185 1.807585 2.464996 0.718023 0.000002 0.000000
    6 0.000000 1.030615 0.000004 -2.738373 -0.003966 -3.135956
    7 -0.000002 5.179932 -0.000037 0.013836 -0.003436 0.004856
    8 -0.218267 25.777573 2.487072 2.555922 0.000002 0.000000
    9 0.000000 0.870350 0.000008 -0.041240 0.001139 -0.007229
    10 0.000000 4.478401 0.000072 0.328020 -0.001335 0.004376
    11 -0.185843 15.782069 7.288013 -1.594314 0.022285 0.020386
    12 2.897921 -26.207801 -11.848882 0.607848 -0.308902 2.213082
    13 -1.294654 1.473667 0.640471 2.361863 -0.514974 -2.105073
    14 0.000011 1.832554 0.000004 0.105720 -0.242323 -0.022342
    15 0.000000 1.003359 0.000001 0.156021 -0.012861 -0.172530
    16 -1.632739 4.327644 -0.483953 0.365946 0.282531 -0.019010
    17 -0.000010 1.637142 0.000010 1.001957 0.015784 -0.110368
    18 0.000007 1.100985 0.000004 0.016762 0.076954 -0.068132
    19 -0.500328 4.452953 -0.532495 0.396541 0.287796 0.017522
    20 -0.000010 1.442617 -0.000010 1.327527 0.029305 -0.036670
    21 -0.000003 1.302446 0.000004 0.004462 -0.041924 0.002935
    22 0.523221 4.540312 -0.480714 0.856150 0.290072 -0.285049
    23 -0.000001 1.198256 0.000008 0.732623 -0.133919 0.043066
    24 -0.000012 0.869780 0.000015 0.218278 0.063758 -0.018636
    25 1.354362 4.150681 -0.582655 0.848409 0.193448 -0.436427
    26 0.000000 1.157421 -0.000006 0.969721 -0.115773 0.002583
    27 0.000001 1.020055 0.000002 -0.120881 -0.015649 -0.025764
    28 5.003218 -8.070315 -8.112608 -2.183839 0.123718 0.220322
    29 0.000038 12.695422 -0.000004 -1.333838 0.386545 0.414753
    30 -3.989006 -7.271587 -12.876257 0.357734 0.665252 3.214651
    31 -1.391397 1.476538 -0.700638 -1.757657 -1.119891 2.167452
    32 0.000002 1.751797 -0.000002 -0.382696 -0.196547 -0.169376
    33 0.000010 1.122969 0.000000 -0.357783 -0.049012 -0.094326
    34 -1.596883 4.441620 0.708540 -0.686965 -1.454637 1.022139
    35 -0.000008 1.481951 -0.000008 -0.139553 0.138418 0.393710
    36 0.000002 1.056648 -0.000004 -0.149626 0.021347 0.168575
    37 -0.470901 4.219486 0.926555 -2.748174 -0.096956 -3.107007
    38 -0.000010 1.609821 0.000004 0.807823 -0.117418 0.092928
    39 -0.000002 1.562311 0.000013 0.301231 0.014997 -0.030457
    40 0.576838 4.298388 0.639431 -2.433331 0.073232 -3.120233
    41 0.000002 1.553762 -0.000008 0.355750 0.053723 0.018618
    42 0.000003 0.874434 -0.000006 0.236264 0.005873 -0.048114
    43 1.459885 4.275572 0.219019 -2.484291 -0.024907 3.109672
    44 -0.000010 0.973051 -0.000004 0.146746 0.001808 -0.036327
    45 0.000007 0.970890 0.000004 0.549234 0.101388 -0.139801
    46 -7.008868 4.575658 -7.491495 -1.429789 0.598420 0.859080
    47 0.000011 12.706367 0.000010 -1.997026 0.314099 0.153074
    48 0.000000 0.000000 0.000000 1.570796 0.000000 1.570796
    49 -0.000006 1.500006 0.000000 1.570796 0.000000 1.570796
    50 0.000000 -0.299999 0.000000 -1.570796 0.000000 1.570796
    51 0.000000 0.000000 0.000000 0.000000 0.000000 1.570796
    52 0.000000 0.000000 0.000000 0.000000 0.000000 1.570796
    53 0.000000 0.000002 0.000001 0.000000 0.000000 1.919862
    54 0.000000 0.000000 0.000000 -1.570796 0.000000 1.570796
    55 0.000000 0.000000 0.000002 -1.570797 0.000000 1.570796
    56 -0.000002 -0.000002 0.000004 -1.570797 0.000001 1.570796
    57 0.000003 0.000000 0.000000 -1.570796 0.000000 1.570796
    58 0.000002 0.000003 0.000000 -1.570796 0.000000 1.570796
    59 0.000000 0.000000 0.000000 -1.570796 0.000000 1.570796
    60 -0.000001 0.000011 0.000000 -1.570796 0.000000 1.570796
    61 0.000000 0.000000 0.000000 -1.570796 -0.000001 1.570796
    62 0.000000 -0.000001 0.000000 -1.570796 0.000000 1.570796
    63 -0.000002 0.000002 -0.000002 -1.570796 0.000000 1.570796
    64 0.000000 0.000000 0.000000 -1.570797 0.000000 1.570796
    65 0.000000 0.000000 0.000000 -1.570797 0.000000 1.570796
    66 0.000000 0.000000 0.000000 1.570796 0.000000 1.570796
    67 0.000000 1.500000 0.000000 1.570796 0.000000 1.570796
    68 0.000000 0.300001 0.000000 1.570796 0.000000 1.570796
    69 -0.000011 0.000002 -0.000004 -3.141593 0.000001 1.570796
    70 0.000000 0.000000 0.000000 3.141593 0.000000 1.570796
    71 0.000001 0.000000 0.000000 -3.141593 0.000000 1.221730
    72 0.000000 0.000000 0.000000 3.141593 0.000000 1.570796
    73 0.000000 -0.000002 0.000000 3.141593 0.000000 1.570796
    74 0.000004 0.000000 0.000000 3.141593 0.000000 1.570797
    75 -0.000004 0.000000 0.000002 -1.570796 0.000000 1.570796
    76 0.000000 -0.000001 0.000008 -1.570796 0.000000 1.570796
    77 0.000001 0.000000 0.000000 -1.570796 0.000000 1.570796
    78 0.000001 0.000002 0.000000 -1.570796 0.000000 1.570796
    79 0.000000 0.000000 0.000000 -1.570796 0.000000 1.570796
    80 0.000001 0.000000 0.000000 -1.570796 0.000000 1.570796
    81 0.000001 0.000000 0.000000 -1.570796 0.000001 1.570796
    82 -0.000001 0.000000 0.000002 -1.570796 0.000001 1.570796
    83 0.000001 0.000000 0.000000 -1.570796 0.000000 1.570796
  time 122
    0 -0.753022 -13.508917 -8.367505 -3.181724 0.188347 0.162204
    1 0.073573 17.526917 0.777220 0.000000 0.000001 0.000000
    2 -0.226386 4.254942 -0.608961 0.000000 -0.000001 0.000000
    3 -0.277588 6.765625 -0.807617 0.000000 0.000001 0.000000
    4 -0.045094 3.566423 0.891595 0.000000 -0.000001 0.000000
    5 -0.116185 1.807585 2.464996 0.825130 0.000002 0.000000
    6 0.000000 1.030615 0.000004 -2.683938 0.001655 -3.143717
    7 -0.000002 5.179932 -0.000037 0.119691 -0.005077 0.017201
    8 -0.218267 25.777573 2.487072 2.561256 0.000002 0.000000
    9 0.000000 0.870350 0.000008 -0.036482 0.004123 -0.025016
    10 0.000000 4.478401 0.000072 0.329407 0.002093 -0.005092
    11 0.060259 15.743005 7.170822 -1.598040 0.026068 0.029721
    12 2.604943 -26.055452 -11.837163 0.547684 -0.298467 2.219529
    13 -1.294654 1.473667 0.640471 2.361863 -0.514974 -2.105073
    14 0.000011 1.832554 0.000004 0.105720 -0.242323 -0.022342
    15 0.000000 1.003359 0.000001 0.156021 -0.012825 -0.172530
    16 -1.632739 4.327644 -0.483953 0.365946 0.282531 -0.019010
    17 -0.000010 1.637142 0.000010 1.001957 0.015772 -0.110368
    18 0.000007 1.100985 0.000004 0.016762 0.076954 -0.068132
    19 -0.500328 4.452953 -0.532495 0.396541 0.287796 0.017522
    20 -0.000010 1.442617 -0.000010 1.327527 0.029305 -0.036670
    21 -0.000003 1.302446 0.000004 0.004478 -0.041924 0.002935
    22 0.523221 4.540312 -0.480714 0.856150 0.290072 -0.285049
    23 -0.000001 1.198256 0.000008 0.732623 -0.133919 0.043066
    24 -0.000012 0.869780 0.000015 0.218278 0.063758 -0.018624
    25 1.354362 4.150681 -0.582655 0.848409 0.193448 -0.436427
    26 0.000000 1.157421 -0.000006 0.969721 -0.115773 0.002583
    27 0.000001 1.020055 0.000002 -0.120881 -0.015649 -0.025764
    28 5.003218 -8.070315 -8.112608 -2.181576 0.113165 0.202734
    29 0.000038 12.695422 -0.000004 -1.343445 0.390469 0.415613
    30 -3.879628 -7.205179 -12.641875 0.289281 0.822869 3.224096
    31 -1.391397 1.476538 -0.700638 -1.757657 -1.119891 2.167452
    32 0.000002 1.751797 -0.000002 -0.382696 -0.196547 -0.169376
    33 0.000010 1.122969 0.000000 -0.357783 -0.049012 -0.094326
    34 -1.596883 4.441620 0.708540 -0.848874 -1.416246 1.159341
    35 -0.000008 1.481951 -0.000008 -0.125878 0.132030 0.367970
    36 0.000002 1.056648 -0.000004 -0.142843 0.009099 0.195177
    37 -0.470901 4.219486 0.926555 -2.696611 -0.097136 -3.124721
    38 -0.000010 1.609821 0.000004 0.869298 -0.117562 0.092185
    39 -0.000002 1.562311 0.000013 0.375524 0.015776 -0.030780
    40 0.576838 4.298388 0.639431 -2.381557 0.059701 -3.115655
    41 0.000002 1.553762 -0.000008 0.424232 0.059728 0.015010
    42 0.000003 0.874434 -0.000006 0.285514 0.019092 -0.031887
    43 1.459885 4.275572 0.219019 -2.457625 -0.034962 3.127530
    44 -0.000010 0.973051 -0.000004 0.208356 0.021798 -0.031101
    45 0.000007 0.970890 0.000004 0.598318 0.106817 -0.117642
    46 -7.008868 4.575658 -7.491495 -1.439565 0.604652 0.859847
    47 0.000011 12.706367 0.000010 -2.008887 0.315753 0.152295
    48 0.000000 0.000000 0.000000 1.570796 0.000000 1.570796
    49 -0.000006 1.500006 0.000000 1.570796 0.000000 1.570796
    50 0.000000 -0.299999 0.000000 -1.570796 0.000000 1.570796
    51 0.000000 0.000000 0.000000 0.000000 0.000000 1.570796
    52 0.000000 0.000000 0.000000 0.000000 0.000000 1.570796
    53 0.000000 0.000002 0.000001 0.000000 0.000000 1.919862
    54 0.000000 0.000000 0.000000 -1.570796 0.000000 1.570796
    55 0.000000 0.000000 0.000002 -1.570797 0.000000 1.570796
    56 -0.000002 -0.000002 0.000004 -1.570797 0.000001 1.570796
    57 0.000003 0.000000 0.000000 -1.570796 0.000000 1.570796
    58 0.000002 0.000003 0.000000 -1.570796 0.000000 1.570796
    59 0.000000 0.000000 0.000000 -1.570796 0.000000 1.570796
    60 -0.000001 0.000011 0.000000 -1.570796 0.000000 1.570796
    61 0.000000 0.000000 0.000000 -1.570796 -0.000001 1.570796
    62 0.000000 -0.000001 0.000000 -1.570796 0.000000 1.570796
    63 -0.000002 0.000002 -0.000002 -1.570796 0.000000 1.570796
    64 0.000000 0.000000 0.000000 -1.570797 0.000000 1.570796
    65 0.000000 0.000000 0.000000 -1.570797 0.000000 1.570796
    66 0.000000 0.000000 0.000000 1.570796 0.000000 1.570796
    67 0.000000 1.500000 0.000000 1.570796 0.000000 1.570796
    68 0.000000 0.300001 0.000000 1.570796 0.000000 1.570796
    69 -0.000011 0.000002 -0.000004 -3.141593 0.000001 1.570796
    70 0.000000 0.000000 0.000000 3.141593 0.000000 1.570796
    71 0.000001 0.000000 0.000000 -3.141593 0.000000 1.221730
    72 0.000000 0.000000 0.000000 3.141593 0.000000 1.570796
    73 0.000000 -0.000002 0.000000 3.141593 0.000000 1.570796
    74 0.000004 0.000000 0.000000 3.141593 0.000000 1.570797
    75 -0.000004 0.000000 0.000002 -1.570796 0.000000 1.570796
    76 0.000000 -0.000001 0.000008 -1.570796 0.000000 1.570796
    77 0.000001 0.000000 0.000000 -1.570796 0.000000 1.570796
    78 0.000001 0.000002 0.000000 -1.570796 0.000000 1.570796
    79 0.000000 0.000000 0.000000 -1.570796 0.000000 1.570796
    80 0.000001 0.000000 0.000000 -1.570796 0.000000 1.570796
    81 0.000001 0.000000 0.000000 -1.570796 0.000001 1.570796
    82 -0.000001 0.000000 0.000002 -1.570796 0.000001 1.570796
    83 0.000001 0.000000 0.000000 -1.570796 0.000000 1.570796
  time 123
    0 -1.085064 -13.411258 -8.160468 -3.166871 0.141922 0.152640
    1 0.073573 17.526917 0.777220 0.000000 0.000001 0.000000
    2 -0.226386 4.254942 -0.608961 0.000000 -0.000001 0.000000
    3 -0.277588 6.765625 -0.807617 0.000000 0.000001 0.000000
    4 -0.045094 3.566423 0.891595 0.000000 -0.000001 0.000000
    5 -0.116185 1.807585 2.464996 0.869272 0.000002 0.000000
    6 0.000000 1.030615 0.000004 -2.671074 0.005645 -3.149541
    7 -0.000002 5.179932 -0.000037 0.182413 -0.007031 0.027939
    8 -0.218267 25.777573 2.487072 2.567931 0.000002 0.000000
    9 0.000000 0.870350 0.000008 -0.031676 0.006604 -0.039460
    10 0.000000 4.478401 0.000072 0.324442 0.004657 -0.012679
    11 0.251671 15.711754 7.088788 -1.600968 0.029020 0.037314
    12 2.268995 -25.930449 -11.755129 0.497949 -0.289469 2.222091
    13 -1.294654 1.473667 0.640471 2.361863 -0.514974 -2.105073
    14 0.000011 1.832554 0.000004 0.105720 -0.242323 -0.022342
    15 0.000000 1.003359 0.000001 0.156045 -0.012873 -0.172530
    16 -1.632739 4.327644 -0.483953 0.365946 0.282531 -0.019010
    17 -0.000010 1.637142 0.000010 1.001957 0.015772 -0.110368
    18 0.000007 1.100985 0.000004 0.016762 0.076954 -0.068132
    19 -0.500328 4.452953 -0.532495 0.396541 0.287796 0.017522
    20 -0.000010 1.442617 -0.000010 1.327527 0.029305 -0.036670
    21 -0.000003 1.302446 0.000004 0.004462 -0.041924 0.002935
    22 0.523221 4.540312 -0.480714 0.856150 0.290072 -0.285049
    23 -0.000001 1.198256 0.000008 0.732623 -0.133919 0.043066
    24 -0.000012 0.869780 0.000015 0.218278 0.063758 -0.018624
    25 1.354362 4.150681 -0.582655 0.848409 0.193448 -0.436427
    26 0.000000 1.157421 -0.000006 0.969721 -0.115773 0.002583
    27 0.000001 1.020055 0.000002 -0.120881 -0.015649 -0.025764
    28 5.003218 -8.070315 -8.112608 -2.183009 0.101620 0.182272
    29 0.000038 12.695422 -0.000004 -1.353393 0.394606 0.416617
    30 -3.828845 -7.162209 -12.372335 0.223885 0.973823 3.228962
    31 -1.391397 1.476538 -0.700638 -1.757657 -1.119915 2.167452
    32 0.000002 1.751797 -0.000002 -0.382696 -0.196547 -0.169376
    33 0.000010 1.122969 0.000000 -0.357783 -0.049012 -0.094326
    34 -1.596883 4.441620 0.708540 -0.933673 -1.382937 1.206561
    35 -0.000008 1.481951 -0.000008 -0.104690 0.124252 0.338368
    36 0.000002 1.056648 -0.000004 -0.133627 -0.009430 0.234370
    37 -0.470901 4.219486 0.926555 -2.652240 -0.097100 -3.139749
    38 -0.000010 1.609821 0.000004 0.941219 -0.117407 0.091430
    39 -0.000002 1.562311 0.000013 0.486947 0.016782 -0.031452
    40 0.576838 4.298388 0.639431 -2.335752 0.039639 -3.109687
    41 0.000002 1.553762 -0.000008 0.526983 0.069064 0.010744
    42 0.000003 0.874434 -0.000006 0.359329 0.037476 -0.006720
    43 1.459885 4.275572 0.219019 -2.418567 -0.050662 3.153189
    44 -0.000010 0.973051 -0.000004 0.300626 0.050980 -0.021706
    45 0.000007 0.970890 0.000004 0.671373 0.112822 -0.084217
    46 -7.008868 4.575658 -7.491495 -1.456820 0.607842 0.848766
    47 0.000011 12.706367 0.000010 -2.020902 0.317479 0.151384
    48 0.000000 0.000000 0.000000 1.570796 0.000000 1.570796
    49 -0.000006 1.500006 0.000000 1.570796 0.000000 1.570796
    50 0.000000 -0.299999 0.000000 -1.570796 0.000000 1.570796
    51 0.000000 0.000000 0.000000 0.000000 0.000000 1.570796
    52 0.000000 0.000000 0.000000 0.000000 0.000000 1.570796
    53 0.000000 0.000002 0.000001 0.000000 0.000000 1.919862
    54 0.000000 0.000000 0.000000 -1.570796 0.000000 1.570796
    55 0.000000 0.000000 0.000002 -1.570797 0.000000 1.570796
    56 -0.000002 -0.000002 0.000004 -1.570797 0.000001 1.570796
    57 0.000003 0.000000 0.000000 -1.570796 0.000000 1.570796
    58 0.000002 0.000003 0.000000 -1.570796 0.000000 1.570796
    59 0.000000 0.000000 0.000000 -1.570796 0.000000 1.570796
    60 -0.000001 0.000011 0.000000 -1.570796 0.000000 1.570796
    61 0.000000 0.000000 0.000000 -1.570796 -0.000001 1.570796
    62 0.000000 -0.000001 0.000000 -1.570796 0.000000 1.570796
    63 -0.000002 0.000002 -0.000002 -1.570796 0.000000 1.570796
    64 0.000000 0.000000 0.000000 -1.570797 0.000000 1.570796
    65 0.000000 0.000000 0.000000 -1.570797 0.000000 1.570796
    66 0.000000 0.000000 0.000000 1.570796 0.000000 1.570796
    67 0.000000 1.500000 0.000000 1.570796 0.000000 1.570796
    68 0.000000 0.300001 0.000000 1.570796 0.000000 1.570796
    69 -0.000011 0.000002 -0.000004 -3.141593 0.000001 1.570796
    70 0.000000 0.000000 0.000000 3.141593 0.000000 1.570796
    71 0.000001 0.000000 0.000000 -3.141593 0.000000 1.221730
    72 0.000000 0.000000 0.000000 3.141593 0.000000 1.570796
    73 0.000000 -0.000002 0.000000 3.141593 0.000000 1.570796
    74 0.000004 0.000000 0.000000 3.141593 0.000000 1.570797
    75 -0.000004 0.000000 0.000002 -1.570796 0.000000 1.570796
    76 0.000000 -0.000001 0.000008 -1.570796 0.000000 1.570796
    77 0.000001 0.000000 0.000000 -1.570796 0.000000 1.570796
    78 0.000001 0.000002 0.000000 -1.570796 0.000000 1.570796
    79 0.000000 0.000000 0.000000 -1.570796 0.000000 1.570796
    80 0.000001 0.000000 0.000000 -1.570796 0.000000 1.570796
    81 0.000001 0.000000 0.000000 -1.570796 0.000001 1.570796
    82 -0.000001 0.000000 0.000002 -1.570796 0.000001 1.570796
    83 0.000001 0.000000 0.000000 -1.570796 0.000000 1.570796
  time 124
    0 -1.417105 -13.301879 -7.922179 -3.154713 0.103995 0.141854
    1 0.073573 17.526917 0.777220 0.000000 0.000001 0.000000
    2 -0.226386 4.254942 -0.608961 0.000000 -0.000001 0.000000
    3 -0.277588 6.765625 -0.807617 0.000000 0.000001 0.000000
    4 -0.045094 3.566423 0.891595 0.000000 -0.000001 0.000000
    5 -0.116185 1.807585 2.464996 0.890670 0.000002 0.000000
    6 0.000000 1.030615 0.000004 -2.666481 0.008642 -3.153602
    7 -0.000002 5.179932 -0.000037 0.216725 -0.008625 0.034878
    8 -0.218267 25.777573 2.487072 2.573516 0.000002 0.000000
    9 0.000000 0.870350 0.000008 -0.028081 0.008162 -0.049302
    10 0.000000 4.478401 0.000072 0.318005 0.006527 -0.017389
    11 0.388394 15.700035 7.049725 -1.602955 0.031141 0.042367
    12 1.921328 -25.805445 -11.618406 0.457165 -0.281783 2.221182
    13 -1.294654 1.473667 0.640471 2.361863 -0.514974 -2.105073
    14 0.000011 1.832554 0.000004 0.105732 -0.242323 -0.022342
    15 0.000000 1.003359 0.000001 0.156033 -0.012873 -0.172530
    16 -1.632739 4.327644 -0.483953 0.365946 0.282531 -0.019010
    17 -0.000010 1.637142 0.000010 1.001957 0.015772 -0.110368
    18 0.000007 1.100985 0.000004 0.016762 0.076954 -0.068132
    19 -0.500328 4.452953 -0.532495 0.396541 0.287796 0.017522
    20 -0.000010 1.442617 -0.000010 1.327527 0.029305 -0.036670
    21 -0.000003 1.302446 0.000004 0.004462 -0.041924 0.002935
    22 0.523221 4.540312 -0.480714 0.856150 0.290072 -0.285049
    23 -0.000001 1.198256 0.000008 0.732623 -0.133919 0.043066
    24 -0.000012 0.869780 0.000015 0.218278 0.063758 -0.018624
    25 1.354362 4.150681 -0.582655 0.848409 0.193448 -0.436427
    26 0.000000 1.157421 -0.000006 0.969721 -0.115773 0.002583
    27 0.000001 1.020055 0.000002 -0.120881 -0.015649 -0.025764
    28 5.003218 -8.070315 -8.112608 -2.188139 0.089248 0.159414
    29 0.000038 12.695422 -0.000004 -1.363409 0.398685 0.417647
    30 -3.832752 -7.111426 -12.052013 0.159971 1.113825 3.227149
    31 -1.391397 1.476538 -0.700638 -1.757588 -1.119891 2.167452
    32 0.000002 1.751797 -0.000002 -0.382696 -0.196547 -0.169376
    33 0.000010 1.122969 0.000000 -0.357783 -0.049012 -0.094326
    34 -1.596883 4.441620 0.708540 -0.986466 -1.355614 1.213186
    35 -0.000008 1.481951 -0.000008 -0.077796 0.116187 0.306682
    36 0.000002 1.056648 -0.000004 -0.123356 -0.032500 0.281744
    37 -0.470901 4.219486 0.926555 -2.614715 -0.096956 -3.152393
    38 -0.000010 1.609821 0.000004 1.018657 -0.117155 0.090687
    39 -0.000002 1.562311 0.000013 0.624778 0.018280 -0.032075
    40 0.576838 4.298388 0.639431 -2.295939 0.014950 -3.103011
    41 0.000002 1.553762 -0.000008 0.653494 0.080928 0.006501
    42 0.000003 0.874434 -0.000006 0.450355 0.057203 0.026058
    43 1.459885 4.275572 0.219019 -2.371635 -0.071228 3.183617
    44 -0.000010 0.973051 -0.000004 0.414753 0.085844 -0.006449
    45 0.000007 0.970890 0.000004 0.761256 0.116920 -0.042690
    46 -7.008868 4.575658 -7.491495 -1.478608 0.608787 0.828736
    47 0.000011 12.706367 0.000010 -2.035536 0.319588 0.150209
    48 0.000000 0.000000 0.000000 1.570796 0.000000 1.570796
    49 -0.000006 1.500006 0.000000 1.570796 0.000000 1.570796
    50 0.000000 -0.299999 0.000000 -1.570796 0.000000 1.570796
    51 0.000000 0.000000 0.000000 0.000000 0.000000 1.570796
    52 0.000000 0.000000 0.000000 0.000000 0.000000 1.570796
    53 0.000000 0.000002 0.000001 0.000000 0.000000 1.919862
    54 0.000000 0.000000 0.000000 -1.570796 0.000000 1.570796
    55 0.000000 0.000000 0.000002 -1.570797 0.000000 1.570796
    56 -0.000002 -0.000002 0.000004 -1.570797 0.000001 1.570796
    57 0.000003 0.000000 0.000000 -1.570796 0.000000 1.570796
    58 0.000002 0.000003 0.000000 -1.570796 0.000000 1.570796
    59 0.000000 0.000000 0.000000 -1.570796 0.000000 1.570796
    60 -0.000001 0.000011 0.000000 -1.570796 0.000000 1.570796
    61 0.000000 0.000000 0.000000 -1.570796 -0.000001 1.570796
    62 0.000000 -0.000001 0.000000 -1.570796 0.000000 1.570796
    63 -0.000002 0.000002 -0.000002 -1.570796 0.000000 1.570796
    64 0.000000 0.000000 0.000000 -1.570797 0.000000 1.570796
    65 0.000000 0.000000 0.000000 -1.570797 0.000000 1.570796
    66 0.000000 0.000000 0.000000 1.570796 0.000000 1.570796
    67 0.000000 1.500000 0.000000 1.570796 0.000000 1.570796
    68 0.000000 0.300001 0.000000 1.570796 0.000000 1.570796
    69 -0.000011 0.000002 -0.000004 -3.141593 0.000001 1.570796
    70 0.000000 0.000000 0.000000 3.141593 0.000000 1.570796
    71 0.000001 0.000000 0.000000 -3.141593 0.000000 1.221730
    72 0.000000 0.000000 0.000000 3.141593 0.000000 1.570796
    73 0.000000 -0.000002 0.000000 3.141593 0.000000 1.570796
    74 0.000004 0.000000 0.000000 3.141593 0.000000 1.570797
    75 -0.000004 0.000000 0.000002 -1.570796 0.000000 1.570796
    76 0.000000 -0.000001 0.000008 -1.570796 0.000000 1.570796
    77 0.000001 0.000000 0.000000 -1.570796 0.000000 1.570796
    78 0.000001 0.000002 0.000000 -1.570796 0.000000 1.570796
    79 0.000000 0.000000 0.000000 -1.570796 0.000000 1.570796
    80 0.000001 0.000000 0.000000 -1.570796 0.000000 1.570796
    81 0.000001 0.000000 0.000000 -1.570796 0.000001 1.570796
    82 -0.000001 0.000000 0.000002 -1.570796 0.000001 1.570796
    83 0.000001 0.000000 0.000000 -1.570796 0.000000 1.570796
  time 125
    0 -1.737427 -13.176875 -7.664359 -3.144768 0.073905 0.130187
    1 0.073573 17.526917 0.777220 0.000000 0.000001 0.000000
    2 -0.226386 4.254942 -0.608961 0.000000 -0.000001 0.000000
    3 -0.277588 6.765625 -0.807617 0.000000 0.000001 0.000000
    4 -0.045094 3.566423 0.891595 0.000000 -0.000001 0.000000
    5 -0.116185 1.807585 2.464996 0.897536 0.000002 0.000000
    6 0.000000 1.030615 0.000004 -2.665038 0.009672 -3.155176
    7 -0.000002 5.179932 -0.000037 0.228011 -0.009104 0.037299
    8 -0.218267 25.777573 2.487072 2.575793 0.000002 0.000000
    9 0.000000 0.870350 0.000008 -0.026607 0.008941 -0.052923
    10 0.000000 4.478401 0.000072 0.314978 0.006994 -0.018947
    11 0.431364 15.700035 7.049725 -1.603661 0.031819 0.044229
    12 1.550223 -25.676535 -11.446526 0.424709 -0.275597 2.217793
    13 -1.294654 1.473667 0.640471 2.361863 -0.514974 -2.105073
    14 0.000011 1.832554 0.000004 0.105720 -0.242323 -0.022342
    15 0.000000 1.003359 0.000001 0.156033 -0.012861 -0.172530
    16 -1.632739 4.327644 -0.483953 0.365946 0.282531 -0.019010
    17 -0.000010 1.637142 0.000010 1.001957 0.015784 -0.110368
    18 0.000007 1.100985 0.000004 0.016762 0.076954 -0.068132
    19 -0.500328 4.452953 -0.532495 0.396541 0.287796 0.017522
    20 -0.000010 1.442617 -0.000010 1.327527 0.029305 -0.036670
    21 -0.000003 1.302446 0.000004 0.004478 -0.041924 0.002935
    22 0.523221 4.540312 -0.480714 0.856150 0.290072 -0.285049
    23 -0.000001 1.198256 0.000008 0.732623 -0.133919 0.043054
    24 -0.000012 0.869780 0.000015 0.218278 0.063758 -0.018648
    25 1.354362 4.150681 -0.582655 0.848409 0.193448 -0.436427
    26 0.000000 1.157421 -0.000006 0.969721 -0.115773 0.002583
    27 0.000001 1.020055 0.000002 -0.120881 -0.015649 -0.025764
    28 5.003218 -8.070315 -8.112608 -2.196136 0.076876 0.135256
    29 0.000038 12.695422 -0.000004 -1.372880 0.402590 0.418586
    30 -3.883534 -7.080175 -11.731691 0.094112 1.239199 3.214365
    31 -1.391397 1.476538 -0.700638 -1.757657 -1.119903 2.167452
    32 0.000002 1.751797 -0.000002 -0.382696 -0.196547 -0.169376
    33 0.000010 1.122969 0.000000 -0.357783 -0.049012 -0.094326
    34 -1.596883 4.441620 0.708540 -1.023825 -1.334111 1.199213
    35 -0.000008 1.481951 -0.000008 -0.048098 0.108612 0.274615
    36 0.000002 1.056648 -0.000004 -0.113409 -0.058111 0.333356
    37 -0.470901 4.219486 0.926555 -2.583715 -0.097064 -3.162604
    38 -0.000010 1.609821 0.000004 1.097294 -0.116639 0.090172
    39 -0.000002 1.562311 0.000013 0.776181 0.020138 -0.032291
    40 0.576838 4.298388 0.639431 -2.262358 -0.011979 -3.096624
    41 0.000002 1.553762 -0.000008 0.792718 0.094723 0.003900
    42 0.000003 0.874434 -0.000006 0.550746 0.075191 0.063954
    43 1.459885 4.275572 0.219019 -2.320965 -0.095065 3.215916
    44 -0.000010 0.973051 -0.000004 0.540993 0.121690 0.014500
    45 0.000007 0.970890 0.000004 0.859684 0.117028 0.002744
    46 -7.008868 4.575658 -7.491495 -1.503224 0.608049 0.802824
    47 0.000011 12.706367 0.000010 -2.049322 0.321529 0.149179
    48 0.000000 0.000000 0.000000 1.570796 0.000000 1.570796
    49 -0.000006 1.500006 0.000000 1.570796 0.000000 1.570796
    50 0.000000 -0.299999 0.000000 -1.570796 0.000000 1.570796
    51 0.000000 0.000000 0.000000 0.000000 0.000000 1.570796
    52 0.000000 0.000000 0.000000 0.000000 0.000000 1.570796
    53 0.000000 0.000002 0.000001 0.000000 0.000000 1.919862
    54 0.000000 0.000000 0.000000 -1.570796 0.000000 1.570796
    55 0.000000 0.000000 0.000002 -1.570797 0.000000 1.570796
    56 -0.000002 -0.000002 0.000004 -1.570797 0.000001 1.570796
    57 0.000003 0.000000 0.000000 -1.570796 0.000000 1.570796
    58 0.000002 0.000003 0.000000 -1.570796 0.000000 1.570796
    59 0.000000 0.000000 0.000000 -1.570796 0.000000 1.570796
    60 -0.000001 0.000011 0.000000 -1.570796 0.000000 1.570796
    61 0.000000 0.000000 0.000000 -1.570796 -0.000001 1.570796
    62 0.000000 -0.000001 0.000000 -1.570796 0.000000 1.570796
    63 -0.000002 0.000002 -0.000002 -1.570796 0.000000 1.570796
    64 0.000000 0.000000 0.000000 -1.570797 0.000000 1.570796
    65 0.000000 0.000000 0.000000 -1.570797 0.000000 1.570796
    66 0.000000 0.000000 0.000000 1.570796 0.000000 1.570796
    67 0.000000 1.500000 0.000000 1.570796 0.000000 1.570796
    68 0.000000 0.300001 0.000000 1.570796 0.000000 1.570796
    69 -0.000011 0.000002 -0.000004 -3.141593 0.000001 1.570796
    70 0.000000 0.000000 0.000000 3.141593 0.000000 1.570796
    71 0.000001 0.000000 0.000000 -3.141593 0.000000 1.221730
    72 0.000000 0.000000 0.000000 3.141593 0.000000 1.570796
    73 0.000000 -0.000002 0.000000 3.141593 0.000000 1.570796
    74 0.000004 0.000000 0.000000 3.141593 0.000000 1.570797
    75 -0.000004 0.000000 0.000002 -1.570796 0.000000 1.570796
    76 0.000000 -0.000001 0.000008 -1.570796 0.000000 1.570796
    77 0.000001 0.000000 0.000000 -1.570796 0.000000 1.570796
    78 0.000001 0.000002 0.000000 -1.570796 0.000000 1.570796
    79 0.000000 0.000000 0.000000 -1.570796 0.000000 1.570796
    80 0.000001 0.000000 0.000000 -1.570796 0.000000 1.570796
    81 0.000001 0.000000 0.000000 -1.570796 0.000001 1.570796
    82 -0.000001 0.000000 0.000002 -1.570796 0.000001 1.570796
    83 0.000001 0.000000 0.000000 -1.570796 0.000000 1.570796
  time 126
    0 -2.049937 -13.047965 -7.402632 -3.137069 0.050519 0.118113
    1 0.073573 17.526917 0.777220 0.000000 0.000001 0.000000
    2 -0.226386 4.254942 -0.608961 0.000000 -0.000001 0.000000
    3 -0.277588 6.765625 -0.807617 0.000000 0.000001 0.000000
    4 -0.045094 3.566423 0.891595 0.000000 -0.000001 0.000000
    5 -0.116185 1.807585 2.464996 0.898531 0.000002 0.000000
    6 0.000000 1.030615 0.000004 -2.664774 0.008594 -3.153429
    7 -0.000002 5.179932 -0.000037 0.229519 -0.008949 0.036076
    8 -0.218267 25.777573 2.487072 2.574570 0.000002 0.000000
    9 0.000000 0.870350 0.000008 -0.026954 0.008317 -0.050005
    10 0.000000 4.478401 0.000072 0.317954 0.006659 -0.017592
    11 0.388394 15.700035 7.049725 -1.602772 0.030988 0.042979
    12 1.167399 -25.547624 -11.235582 0.399647 -0.270848 2.211842
    13 -1.294654 1.473667 0.640471 2.361863 -0.514974 -2.105073
    14 0.000011 1.832554 0.000004 0.105720 -0.242323 -0.022342
    15 0.000000 1.003359 0.000001 0.156033 -0.012873 -0.172530
    16 -1.632739 4.327644 -0.483953 0.365946 0.282531 -0.019010
    17 -0.000010 1.637142 0.000010 1.001957 0.015784 -0.110368
    18 0.000007 1.100985 0.000004 0.016762 0.076954 -0.068132
    19 -0.500328 4.452953 -0.532495 0.396541 0.287796 0.017522
    20 -0.000010 1.442617 -0.000010 1.327527 0.029305 -0.036670
    21 -0.000003 1.302446 0.000004 0.004462 -0.041924 0.002923
    22 0.523221 4.540312 -0.480714 0.856150 0.290072 -0.285049
    23 -0.000001 1.198256 0.000008 0.732623 -0.133919 0.043054
    24 -0.000012 0.869780 0.000015 0.218278 0.063758 -0.018624
    25 1.354362 4.150681 -0.582655 0.848432 0.193448 -0.436427
    26 0.000000 1.157421 -0.000006 0.969721 -0.115773 0.002583
    27 0.000001 1.020055 0.000002 -0.120881 -0.015649 -0.025764
    28 5.003218 -8.070315 -8.112608 -2.206773 0.064074 0.110140
    29 0.000038 12.695422 -0.000004 -1.381738 0.406089 0.419329
    30 -3.957755 -7.029392 -11.384024 0.019175 1.346498 3.182595
    31 -1.391397 1.476538 -0.700638 -1.757657 -1.119891 2.167452
    32 0.000002 1.751797 -0.000002 -0.382696 -0.196547 -0.169376
    33 0.000010 1.122969 0.000000 -0.357783 -0.049012 -0.094326
    34 -1.596883 4.441620 0.708540 -1.051161 -1.318188 1.175543
    35 -0.000008 1.481951 -0.000008 -0.018149 0.102153 0.244022
    36 0.000002 1.056648 -0.000004 -0.104792 -0.084118 0.384674
    37 -0.470901 4.219486 0.926555 -2.558959 -0.097280 -3.170598
    38 -0.000010 1.609821 0.000004 1.171840 -0.115968 0.089621
    39 -0.000002 1.562311 0.000013 0.927676 0.021888 -0.032398
    40 0.576838 4.298388 0.639431 -2.234650 -0.039028 -3.090559
    41 0.000002 1.553762 -0.000008 0.931942 0.108613 0.003121
    42 0.000003 0.874434 -0.000006 0.651877 0.089537 0.103467
    43 1.459885 4.275572 0.219019 -2.270977 -0.120496 3.246872
    44 -0.000010 0.973051 -0.000004 0.668614 0.154575 0.039727
    45 0.000007 0.970890 0.000004 0.957851 0.112774 0.048177
    46 -7.008868 4.575658 -7.491495 -1.529076 0.606070 0.773929
    47 0.000011 12.706367 0.000010 -2.065265 0.323699 0.147956
    48 0.000000 0.000000 0.000000 1.570796 0.000000 1.570796
    49 -0.000006 1.500006 0.000000 1.570796 0.000000 1.570796
    50 0.000000 -0.299999 0.000000 -1.570796 0.000000 1.570796
    51 0.000000 0.000000 0.000000 0.000000 0.000000 1.570796
    52 0.000000 0.000000 0.000000 0.000000 0.000000 1.570796
    53 0.000000 0.000002 0.000001 0.000000 0.000000 1.919862
    54 0.000000 0.000000 0.000000 -1.570796 0.000000 1.570796
    55 0.000000 0.000000 0.000002 -1.570797 0.000000 1.570796
    56 -0.000002 -0.000002 0.000004 -1.570797 0.000001 1.570796
    57 0.000003 0.000000 0.000000 -1.570796 0.000000 1.570796
    58 0.000002 0.000003 0.000000 -1.570796 0.000000 1.570796
    59 0.000000 0.000000 0.000000 -1.570796 0.000000 1.570796
    60 -0.000001 0.000011 0.000000 -1.570796 0.000000 1.570796
    61 0.000000 0.000000 0.000000 -1.570796 -0.000001 1.570796
    62 0.000000 -0.000001 0.000000 -1.570796 0.000000 1.570796
    63 -0.000002 0.000002 -0.000002 -1.570796 0.000000 1.570796
    64 0.000000 0.000000 0.000000 -1.570797 0.000000 1.570796
    65 0.000000 0.000000 0.000000 -1.570797 0.000000 1.570796
    66 0.000000 0.000000 0.000000 1.570796 0.000000 1.570796
    67 0.000000 1.500000 0.000000 1.570796 0.000000 1.570796
    68 0.000000 0.300001 0.000000 1.570796 0.000000 1.570796
    69 -0.000011 0.000002 -0.000004 -3.141593 0.000001 1.570796
    70 0.000000 0.000000 0.000000 3.141593 0.000000 1.570796
    71 0.000001 0.000000 0.000000 -3.141593 0.000000 1.221730
    72 0.000000 0.000000 0.000000 3.141593 0.000000 1.570796
    73 0.000000 -0.000002 0.000000 3.141593 0.000000 1.570796
    74 0.000004 0.000000 0.000000 3.141593 0.000000 1.570797
    75 -0.000004 0.000000 0.000002 -1.570796 0.000000 1.570796
    76 0.000000 -0.000001 0.000008 -1.570796 0.000000 1.570796
    77 0.000001 0.000000 0.000000 -1.570796 0.000000 1.570796
    78 0.000001 0.000002 0.000000 -1.570796 0.000000 1.570796
    79 0.000000 0.000000 0.000000 -1.570796 0.000000 1.570796
    80 0.000001 0.000000 0.000000 -1.570796 0.000000 1.570796
    81 0.000001 0.000000 0.000000 -1.570796 0.000001 1.570796
    82 -0.000001 0.000000 0.000002 -1.570796 0.000001 1.570796
    83 0.000001 0.000000 0.000000 -1.570796 0.000000 1.570796
  time 127
    0 -2.339008 -12.911242 -7.125280 -3.131038 0.033082 0.105903
    1 0.073573 17.526917 0.777220 0.000000 0.000001 0.000000
    2 -0.226386 4.254942 -0.608961 0.000000 -0.000001 0.000000
    3 -0.277588 6.765625 -0.807617 0.000000 0.000001 0.000000
    4 -0.045094 3.566423 0.891595 0.000000 -0.000001 0.000000
    5 -0.116185 1.807585 2.464996 0.900813 0.000002 0.000000
    6 0.000000 1.030615 0.000004 -2.664588 0.005262 -3.148864
    7 -0.000002 5.179932 -0.000037 0.232973 -0.008170 0.033080
    8 -0.218267 25.777573 2.487072 2.572138 0.000002 0.000000
    9 0.000000 0.870350 0.000008 -0.028249 0.007155 -0.042179
    10 0.000000 4.478401 0.000072 0.324993 0.005245 -0.014033
    11 0.302454 15.700035 7.049725 -1.600367 0.028517 0.039588
    12 0.784575 -25.418714 -11.009012 0.381045 -0.267349 2.204156
    13 -1.294654 1.473667 0.640471 2.361863 -0.514974 -2.105073
    14 0.000011 1.832554 0.000004 0.105720 -0.242323 -0.022342
    15 0.000000 1.003359 0.000001 0.156033 -0.012837 -0.172530
    16 -1.632739 4.327644 -0.483953 0.365946 0.282531 -0.019010
    17 -0.000010 1.637142 0.000010 1.001957 0.015784 -0.110368
    18 0.000007 1.100985 0.000004 0.016762 0.076954 -0.068132
    19 -0.500328 4.452953 -0.532495 0.396541 0.287796 0.017522
    20 -0.000010 1.442617 -0.000010 1.327527 0.029305 -0.036670
    21 -0.000003 1.302446 0.000004 0.004462 -0.041924 0.002935
    22 0.523221 4.540312 -0.480714 0.856150 0.290072 -0.285049
    23 -0.000001 1.198256 0.000008 0.732623 -0.133919 0.043066
    24 -0.000012 0.869780 0.000015 0.218278 0.063758 -0.018624
    25 1.354362 4.150681 -0.582655 0.848409 0.193448 -0.436427
    26 0.000000 1.157421 -0.000006 0.969721 -0.115773 0.002583
    27 0.000001 1.020055 0.000002 -0.120881 -0.015649 -0.025764
    28 5.003218 -8.070315 -8.112608 -2.219296 0.052066 0.085229
    29 0.000038 12.695422 -0.000004 -1.389233 0.409182 0.419968
    30 -4.059321 -6.982516 -11.063702 -0.085125 1.433272 3.111136
    31 -1.391397 1.476538 -0.700638 -1.757657 -1.119915 2.167452
    32 0.000002 1.751797 -0.000002 -0.382696 -0.196547 -0.169376
    33 0.000010 1.122969 0.000000 -0.357783 -0.049012 -0.094326
    34 -1.596883 4.441620 0.708540 -1.071265 -1.307105 1.148319
    35 -0.000008 1.481951 -0.000008 0.009751 0.097095 0.216859
    36 0.000002 1.056648 -0.000004 -0.098213 -0.108422 0.431730
    37 -0.470901 4.219486 0.926555 -2.540113 -0.097459 -3.176686
    38 -0.000010 1.609821 0.000004 1.238129 -0.115309 0.089057
    39 -0.000002 1.562311 0.000013 1.065354 0.023482 -0.032279
    40 0.576838 4.298388 0.639431 -2.213353 -0.064112 -3.085502
    41 0.000002 1.553762 -0.000008 1.059046 0.121173 0.004008
    42 0.000003 0.874434 -0.000006 0.744813 0.099005 0.140679
    43 1.459885 4.275572 0.219019 -2.225603 -0.145257 3.274281
    44 -0.000010 0.973051 -0.000004 0.786378 0.181648 0.066597
    45 0.000007 0.970890 0.000004 1.047314 0.105044 0.088997
    46 -7.008868 4.575658 -7.491495 -1.554104 0.603323 0.744097
    47 0.000011 12.706367 0.000010 -2.081285 0.326036 0.146722
    48 0.000000 0.000000 0.000000 1.570796 0.000000 1.570796
    49 -0.000006 1.500006 0.000000 1.570796 0.000000 1.570796
    50 0.000000 -0.299999 0.000000 -1.570796 0.000000 1.570796
    51 0.000000 0.000000 0.000000 0.000000 0.000000 1.570796
    52 0.000000 0.000000 0.000000 0.000000 0.000000 1.570796
    53 0.000000 0.000002 0.000001 0.000000 0.000000 1.919862
    54 0.000000 0.000000 0.000000 -1.570796 0.000000 1.570796
    55 0.000000 0.000000 0.000002 -1.570797 0.000000 1.570796
    56 -0.000002 -0.000002 0.000004 -1.570797 0.000001 1.570796
    57 0.000003 0.000000 0.000000 -1.570796 0.000000 1.570796
    58 0.000002 0.000003 0.000000 -1.570796 0.000000 1.570796
    59 0.000000 0.000000 0.000000 -1.570796 0.000000 1.570796
    60 -0.000001 0.000011 0.000000 -1.570796 0.000000 1.570796
    61 0.000000 0.000000 0.000000 -1.570796 -0.000001 1.570796
    62 0.000000 -0.000001 0.000000 -1.570796 0.000000 1.570796
    63 -0.000002 0.000002 -0.000002 -1.570796 0.000000 1.570796
    64 0.000000 0.000000 0.000000 -1.570797 0.000000 1.570796
    65 0.000000 0.000000 0.000000 -1.570797 0.000000 1.570796
    66 0.000000 0.000000 0.000000 1.570796 0.000000 1.570796
    67 0.000000 1.500000 0.000000 1.570796 0.000000 1.570796
    68 0.000000 0.300001 0.000000 1.570796 0.000000 1.570796
    69 -0.000011 0.000002 -0.000004 -3.141593 0.000001 1.570796
    70 0.000000 0.000000 0.000000 3.141593 0.000000 1.570796
    71 0.000001 0.000000 0.000000 -3.141593 0.000000 1.221730
    72 0.000000 0.000000 0.000000 3.141593 0.000000 1.570796
    73 0.000000 -0.000002 0.000000 3.141593 0.000000 1.570796
    74 0.000004 0.000000 0.000000 3.141593 0.000000 1.570797
    75 -0.000004 0.000000 0.000002 -1.570796 0.000000 1.570796
    76 0.000000 -0.000001 0.000008 -1.570796 0.000000 1.570796
    77 0.000001 0.000000 0.000000 -1.570796 0.000000 1.570796
    78 0.000001 0.000002 0.000000 -1.570796 0.000000 1.570796
    79 0.000000 0.000000 0.000000 -1.570796 0.000000 1.570796
    80 0.000001 0.000000 0.000000 -1.570796 0.000000 1.570796
    81 0.000001 0.000000 0.000000 -1.570796 0.000001 1.570796
    82 -0.000001 0.000000 0.000002 -1.570796 0.000001 1.570796
    83 0.000001 0.000000 0.000000 -1.570796 0.000000 1.570796
  time 128
    0 -2.604641 -12.770613 -6.847928 -3.126611 0.020681 0.093760
    1 0.073573 17.526917 0.777220 0.000000 0.000001 0.000000
    2 -0.226386 4.254942 -0.608961 0.000000 -0.000001 0.000000
    3 -0.277588 6.765625 -0.807617 0.000000 0.000001 0.000000
    4 -0.045094 3.566423 0.891595 0.000000 -0.000001 0.000000
    5 -0.116185 1.807585 2.464996 0.903252 0.000002 0.000000
    6 0.000000 1.030615 0.000004 -2.664324 0.000408 -3.142316
    7 -0.000002 5.179932 -0.000037 0.236638 -0.007199 0.028622
    8 -0.218267 25.777573 2.487072 2.569261 0.000002 0.000000
    9 0.000000 0.870350 0.000008 -0.029483 0.005093 -0.030799
    10 0.000000 4.478401 0.000072 0.332851 0.003087 -0.008160
    11 0.134480 15.700035 7.049725 -1.596798 0.025018 0.034641
    12 0.405657 -25.293710 -10.759005 0.367580 -0.264912 2.195725
    13 -1.294654 1.473667 0.640471 2.361863 -0.514974 -2.105073
    14 0.000011 1.832554 0.000004 0.105720 -0.242323 -0.022342
    15 0.000000 1.003359 0.000001 0.156045 -0.012885 -0.172495
    16 -1.632739 4.327644 -0.483953 0.365946 0.282531 -0.019010
    17 -0.000010 1.637142 0.000010 1.001957 0.015784 -0.110368
    18 0.000007 1.100985 0.000004 0.016762 0.076954 -0.068132
    19 -0.500328 4.452953 -0.532495 0.396541 0.287796 0.017522
    20 -0.000010 1.442617 -0.000010 1.327527 0.029305 -0.036670
    21 -0.000003 1.302446 0.000004 0.004462 -0.041924 0.002935
    22 0.523221 4.540312 -0.480714 0.856150 0.290072 -0.285049
    23 -0.000001 1.198256 0.000008 0.732623 -0.133919 0.043066
    24 -0.000012 0.869780 0.000015 0.218278 0.063758 -0.018636
    25 1.354362 4.150681 -0.582655 0.848409 0.193448 -0.436427
    26 0.000000 1.157421 -0.000006 0.969721 -0.115773 0.002583
    27 0.000001 1.020055 0.000002 -0.120881 -0.015649 -0.025764
    28 5.003218 -8.070315 -8.112608 -2.233102 0.040455 0.061208
    29 0.000038 12.695422 -0.000004 -1.395774 0.411985 0.420437
    30 -4.160887 -6.896575 -10.739473 -0.278813 1.496763 2.939025
    31 -1.391397 1.476538 -0.700638 -1.757657 -1.119891 2.167452
    32 0.000002 1.751797 -0.000002 -0.382696 -0.196547 -0.169376
    33 0.000010 1.122969 0.000000 -0.357783 -0.049012 -0.094326
    34 -1.596883 4.441620 0.708540 -1.085161 -1.300048 1.123324
    35 -0.000008 1.481951 -0.000008 0.032941 0.093584 0.195083
    36 0.000002 1.056648 -0.000004 -0.093515 -0.128568 0.470384
    37 -0.470901 4.219486 0.926555 -2.526985 -0.097903 -3.180736
    38 -0.000010 1.609821 0.000004 1.290947 -0.114890 0.088877
    39 -0.000002 1.562311 0.000013 1.176777 0.024680 -0.032123
    40 0.576838 4.298388 0.639431 -2.197953 -0.084677 -3.081511
    41 0.000002 1.553762 -0.000008 1.162249 0.131288 0.006130
    42 0.000003 0.874434 -0.000006 0.821010 0.103990 0.171491
    43 1.459885 4.275572 0.219019 -2.188858 -0.166349 3.295913
    44 -0.000010 0.973051 -0.000004 0.882794 0.201267 0.090542
    45 0.000007 0.970890 0.000004 1.120129 0.096175 0.121703
    46 -7.008868 4.575658 -7.491495 -1.577483 0.600340 0.715287
    47 0.000011 12.706367 0.000010 -2.098075 0.328361 0.145296
    48 0.000000 0.000000 0.000000 1.570796 0.000000 1.570796
    49 -0.000006 1.500006 0.000000 1.570796 0.000000 1.570796
    50 0.000000 -0.299999 0.000000 -1.570796 0.000000 1.570796
    51 0.000000 0.000000 0.000000 0.000000 0.000000 1.570796
    52 0.000000 0.000000 0.000000 0.000000 0.000000 1.570796
    53 0.000000 0.000002 0.000001 0.000000 0.000000 1.919862
    54 0.000000 0.000000 0.000000 -1.570796 0.000000 1.570796
    55 0.000000 0.000000 0.000002 -1.570797 0.000000 1.570796
    56 -0.000002 -0.000002 0.000004 -1.570797 0.000001 1.570796
    57 0.000003 0.000000 0.000000 -1.570796 0.000000 1.570796
    58 0.000002 0.000003 0.000000 -1.570796 0.000000 1.570796
    59 0.000000 0.000000 0.000000 -1.570796 0.000000 1.570796
    60 -0.000001 0.000011 0.000000 -1.570796 0.000000 1.570796
    61 0.000000 0.000000 0.000000 -1.570796 -0.000001 1.570796
    62 0.000000 -0.000001 0.000000 -1.570796 0.000000 1.570796
    63 -0.000002 0.000002 -0.000002 -1.570796 0.000000 1.570796
    64 0.000000 0.000000 0.000000 -1.570797 0.000000 1.570796
    65 0.000000 0.000000 0.000000 -1.570797 0.000000 1.570796
    66 0.000000 0.000000 0.000000 1.570796 0.000000 1.570796
    67 0.000000 1.500000 0.000000 1.570796 0.000000 1.570796
    68 0.000000 0.300001 0.000000 1.570796 0.000000 1.570796
    69 -0.000011 0.000002 -0.000004 -3.141593 0.000001 1.570796
    70 0.000000 0.000000 0.000000 3.141593 0.000000 1.570796
    71 0.000001 0.000000 0.000000 -3.141593 0.000000 1.221730
    72 0.000000 0.000000 0.000000 3.141593 0.000000 1.570796
    73 0.000000 -0.000002 0.000000 3.141593 0.000000 1.570796
    74 0.000004 0.000000 0.000000 3.141593 0.000000 1.570797
    75 -0.000004 0.000000 0.000002 -1.570796 0.000000 1.570796
    76 0.000000 -0.000001 0.000008 -1.570796 0.000000 1.570796
    77 0.000001 0.000000 0.000000 -1.570796 0.000000 1.570796
    78 0.000001 0.000002 0.000000 -1.570796 0.000000 1.570796
    79 0.000000 0.000000 0.000000 -1.570796 0.000000 1.570796
    80 0.000001 0.000000 0.000000 -1.570796 0.000000 1.570796
    81 0.000001 0.000000 0.000000 -1.570796 0.000001 1.570796
    82 -0.000001 0.000000 0.000002 -1.570796 0.000001 1.570796
    83 0.000001 0.000000 0.000000 -1.570796 0.000000 1.570796
  time 129
    0 -2.835117 -12.629984 -6.574482 -3.123435 0.012435 0.081890
    1 0.073573 17.526917 0.777220 0.000000 0.000001 0.000000
    2 -0.226386 4.254942 -0.608961 0.000000 -0.000001 0.000000
    3 -0.277588 6.765625 -0.807617 0.000000 0.000001 0.000000
    4 -0.045094 3.566423 0.891595 0.000000 -0.000001 0.000000
    5 -0.116185 1.807585 2.464996 0.904910 0.000002 0.000000
    6 0.000000 1.030615 0.000004 -2.664153 -0.005129 -3.134398
    7 -0.000002 5.179932 -0.000037 0.239119 -0.005856 0.022905
    8 -0.218267 25.777573 2.487072 2.567140 0.000002 0.000000
    9 0.000000 0.870350 0.000008 -0.030478 0.002780 -0.017177
    10 0.000000 4.478401 0.000072 0.338636 0.000571 -0.001054
    11 -0.033494 15.700035 7.049725 -1.592353 0.020623 0.028644
    12 0.054084 -25.176519 -10.516810 0.358940 -0.263350 2.185890
    13 -1.294654 1.473667 0.640471 2.361863 -0.514974 -2.105073
    14 0.000011 1.832554 0.000004 0.105720 -0.242323 -0.022342
    15 0.000000 1.003359 0.000001 0.156021 -0.012909 -0.172495
    16 -1.632739 4.327644 -0.483953 0.365946 0.282531 -0.019010
    17 -0.000010 1.637142 0.000010 1.001957 0.015772 -0.110368
    18 0.000007 1.100985 0.000004 0.016762 0.076954 -0.068132
    19 -0.500328 4.452953 -0.532495 0.396541 0.287796 0.017522
    20 -0.000010 1.442617 -0.000010 1.327527 0.029305 -0.036670
    21 -0.000003 1.302446 0.000004 0.004462 -0.041924 0.002935
    22 0.523221 4.540312 -0.480714 0.856150 0.290072 -0.285049
    23 -0.000001 1.198256 0.000008 0.732623 -0.133919 0.043066
    24 -0.000012 0.869780 0.000015 0.218278 0.063758 -0.018624
    25 1.354362 4.150681 -0.582655 0.848432 0.193448 -0.436427
    26 0.000000 1.157421 -0.000006 0.969721 -0.115773 0.002583
    27 0.000001 1.020055 0.000002 -0.120881 -0.015649 -0.025764
    28 5.003218 -8.070315 -8.112608 -2.247662 0.029836 0.038761
    29 0.000038 12.695422 -0.000004 -1.401770 0.414305 0.420802
    30 -4.266359 -6.798916 -10.442589 -0.711205 1.532530 2.523534
    31 -1.391397 1.476538 -0.700638 -1.757657 -1.119903 2.167452
    32 0.000002 1.751797 -0.000002 -0.382696 -0.196547 -0.169376
    33 0.000010 1.122969 0.000000 -0.357783 -0.049012 -0.094326
    34 -1.596883 4.441620 0.708540 -1.093304 -1.296429 1.104954
    35 -0.000008 1.481951 -0.000008 0.048569 0.091510 0.180701
    36 0.000002 1.056648 -0.000004 -0.090674 -0.142327 0.496496
    37 -0.470901 4.219486 0.926555 -2.519357 -0.098190 -3.183133
    38 -0.000010 1.609821 0.000004 1.325785 -0.114350 0.088758
    39 -0.000002 1.562311 0.000013 1.251008 0.025567 -0.031751
    40 0.576838 4.298388 0.639431 -2.188773 -0.098711 -3.078862
    41 0.000002 1.553762 -0.000008 1.231268 0.137927 0.007891
    42 0.000003 0.874434 -0.000006 0.872315 0.106208 0.192488
    43 1.459885 4.275572 0.219019 -2.164170 -0.181102 3.310223
    44 -0.000010 0.973051 -0.000004 0.947932 0.213216 0.107860
    45 0.000007 0.970890 0.000004 1.168872 0.088888 0.143371
    46 -7.008868 4.575658 -7.491495 -1.597623 0.597652 0.689631
    47 0.000011 12.706367 0.000010 -2.115404 0.330757 0.143738
    48 0.000000 0.000000 0.000000 1.570796 0.000000 1.570796
    49 -0.000006 1.500006 0.000000 1.570796 0.000000 1.570796
    50 0.000000 -0.299999 0.000000 -1.570796 0.000000 1.570796
    51 0.000000 0.000000 0.000000 0.000000 0.000000 1.570796
    52 0.000000 0.000000 0.000000 0.000000 0.000000 1.570796
    53 0.000000 0.000002 0.000001 0.000000 0.000000 1.919862
    54 0.000000 0.000000 0.000000 -1.570796 0.000000 1.570796
    55 0.000000 0.000000 0.000002 -1.570797 0.000000 1.570796
    56 -0.000002 -0.000002 0.000004 -1.570797 0.000001 1.570796
    57 0.000003 0.000000 0.000000 -1.570796 0.000000 1.570796
    58 0.000002 0.000003 0.000000 -1.570796 0.000000 1.570796
    59 0.000000 0.000000 0.000000 -1.570796 0.000000 1.570796
    60 -0.000001 0.000011 0.000000 -1.570796 0.000000 1.570796
    61 0.000000 0.000000 0.000000 -1.570796 -0.000001 1.570796
    62 0.000000 -0.000001 0.000000 -1.570796 0.000000 1.570796
    63 -0.000002 0.000002 -0.000002 -1.570796 0.000000 1.570796
    64 0.000000 0.000000 0.000000 -1.570797 0.000000 1.570796
    65 0.000000 0.000000 0.000000 -1.570797 0.000000 1.570796
    66 0.000000 0.000000 0.000000 1.570796 0.000000 1.570796
    67 0.000000 1.500000 0.000000 1.570796 0.000000 1.570796
    68 0.000000 0.300001 0.000000 1.570796 0.000000 1.570796
    69 -0.000011 0.000002 -0.000004 -3.141593 0.000001 1.570796
    70 0.000000 0.000000 0.000000 3.141593 0.000000 1.570796
    71 0.000001 0.000000 0.000000 -3.141593 0.000000 1.221730
    72 0.000000 0.000000 0.000000 3.141593 0.000000 1.570796
    73 0.000000 -0.000002 0.000000 3.141593 0.000000 1.570796
    74 0.000004 0.000000 0.000000 3.141593 0.000000 1.570797
    75 -0.000004 0.000000 0.000002 -1.570796 0.000000 1.570796
    76 0.000000 -0.000001 0.000008 -1.570796 0.000000 1.570796
    77 0.000001 0.000000 0.000000 -1.570796 0.000000 1.570796
    78 0.000001 0.000002 0.000000 -1.570796 0.000000 1.570796
    79 0.000000 0.000000 0.000000 -1.570796 0.000000 1.570796
    80 0.000001 0.000000 0.000000 -1.570796 0.000000 1.570796
    81 0.000001 0.000000 0.000000 -1.570796 0.000001 1.570796
    82 -0.000001 0.000000 0.000002 -1.570796 0.000001 1.570796
    83 0.000001 0.000000 0.000000 -1.570796 0.000000 1.570796
  time 130
    0 -3.026529 -12.493261 -6.312755 -3.121799 0.007493 0.070561
    1 0.073573 17.526917 0.777220 0.000000 0.000001 0.000000
    2 -0.226386 4.254942 -0.608961 0.000000 -0.000001 0.000000
    3 -0.277588 6.765625 -0.807617 0.000000 0.000001 0.000000
    4 -0.045094 3.566423 0.891595 0.000000 -0.000001 0.000000
    5 -0.116185 1.807585 2.464996 0.905027 0.000002 0.000000
    6 0.000000 1.030615 0.000004 -2.664215 -0.011337 -3.125819
    7 -0.000002 5.179932 -0.000037 0.239265 -0.004298 0.016529
    8 -0.218267 25.777573 2.487072 2.566493 0.000002 0.000000
    9 0.000000 0.870350 0.000008 -0.030609 0.000384 -0.002361
    10 0.000000 4.478401 0.000072 0.340409 -0.002450 0.006964
    11 -0.236625 15.700035 7.049725 -1.587490 0.015856 0.022088
    12 -0.258426 -25.055422 -10.255083 0.353648 -0.262475 2.175724
    13 -1.294654 1.473667 0.640471 2.361863 -0.514974 -2.105073
    14 0.000011 1.832554 0.000004 0.105720 -0.242323 -0.022342
    15 0.000000 1.003359 0.000001 0.156021 -0.012873 -0.172565
    16 -1.632739 4.327644 -0.483953 0.365946 0.282531 -0.019010
    17 -0.000010 1.637142 0.000010 1.001957 0.015772 -0.110368
    18 0.000007 1.100985 0.000004 0.016762 0.076954 -0.068132
    19 -0.500328 4.452953 -0.532495 0.396541 0.287796 0.017522
    20 -0.000010 1.442617 -0.000010 1.327527 0.029305 -0.036670
    21 -0.000003 1.302446 0.000004 0.004462 -0.041924 0.002935
    22 0.523221 4.540312 -0.480714 0.856150 0.290072 -0.285049
    23 -0.000001 1.198256 0.000008 0.732623 -0.133919 0.043054
    24 -0.000012 0.869780 0.000015 0.218278 0.063758 -0.018624
    25 1.354362 4.150681 -0.582655 0.848409 0.193448 -0.436427
    26 0.000000 1.157421 -0.000006 0.969721 -0.115773 0.002583
    27 0.000001 1.020055 0.000002 -0.120881 -0.015649 -0.025764
    28 5.003218 -8.070315 -8.112608 -2.261920 0.020375 0.018572
    29 0.000038 12.695422 -0.000004 -1.406744 0.416354 0.421193
    30 -4.356205 -6.650474 -10.161330 -1.159622 1.541261 2.080185
    31 -1.391397 1.476538 -0.700638 -1.757657 -1.119915 2.167452
    32 0.000002 1.751797 -0.000002 -0.382696 -0.196547 -0.169376
    33 0.000010 1.122969 0.000000 -0.357783 -0.049012 -0.094326
    34 -1.596883 4.441620 0.708540 -1.095924 -1.295283 1.097847
    35 -0.000008 1.481951 -0.000008 0.054514 0.090791 0.175416
    36 0.000002 1.056648 -0.000004 -0.089823 -0.147432 0.506074
    37 -0.470901 4.219486 0.926555 -2.516819 -0.098274 -3.183912
    38 -0.000010 1.609821 0.000004 1.338456 -0.114302 0.088710
    39 -0.000002 1.562311 0.000013 1.278029 0.025855 -0.031619
    40 0.576838 4.298388 0.639431 -2.185729 -0.104021 -3.078000
    41 0.000002 1.553762 -0.000008 1.256440 0.140300 0.008694
    42 0.000003 0.874434 -0.000006 0.891108 0.106771 0.200206
    43 1.459885 4.275572 0.219019 -2.155218 -0.186603 3.315304
    44 -0.000010 0.973051 -0.000004 0.971755 0.217255 0.114332
    45 0.000007 0.970890 0.000004 1.186781 0.085916 0.151173
    46 -7.008868 4.575658 -7.491495 -1.613052 0.595939 0.668663
    47 0.000011 12.706367 0.000010 -2.135275 0.333574 0.142000
    48 0.000000 0.000000 0.000000 1.570796 0.000000 1.570796
    49 -0.000006 1.500006 0.000000 1.570796 0.000000 1.570796
    50 0.000000 -0.299999 0.000000 -1.570796 0.000000 1.570796
    51 0.000000 0.000000 0.000000 0.000000 0.000000 1.570796
    52 0.000000 0.000000 0.000000 0.000000 0.000000 1.570796
    53 0.000000 0.000002 0.000001 0.000000 0.000000 1.919862
    54 0.000000 0.000000 0.000000 -1.570796 0.000000 1.570796
    55 0.000000 0.000000 0.000002 -1.570797 0.000000 1.570796
    56 -0.000002 -0.000002 0.000004 -1.570797 0.000001 1.570796
    57 0.000003 0.000000 0.000000 -1.570796 0.000000 1.570796
    58 0.000002 0.000003 0.000000 -1.570796 0.000000 1.570796
    59 0.000000 0.000000 0.000000 -1.570796 0.000000 1.570796
    60 -0.000001 0.000011 0.000000 -1.570796 0.000000 1.570796
    61 0.000000 0.000000 0.000000 -1.570796 -0.000001 1.570796
    62 0.000000 -0.000001 0.000000 -1.570796 0.000000 1.570796
    63 -0.000002 0.000002 -0.000002 -1.570796 0.000000 1.570796
    64 0.000000 0.000000 0.000000 -1.570797 0.000000 1.570796
    65 0.000000 0.000000 0.000000 -1.570797 0.000000 1.570796
    66 0.000000 0.000000 0.000000 1.570796 0.000000 1.570796
    67 0.000000 1.500000 0.000000 1.570796 0.000000 1.570796
    68 0.000000 0.300001 0.000000 1.570796 0.000000 1.570796
    69 -0.000011 0.000002 -0.000004 -3.141593 0.000001 1.570796
    70 0.000000 0.000000 0.000000 3.141593 0.000000 1.570796
    71 0.000001 0.000000 0.000000 -3.141593 0.000000 1.221730
    72 0.000000 0.000000 0.000000 3.141593 0.000000 1.570796
    73 0.000000 -0.000002 0.000000 3.141593 0.000000 1.570796
    74 0.000004 0.000000 0.000000 3.141593 0.000000 1.570797
    75 -0.000004 0.000000 0.000002 -1.570796 0.000000 1.570796
    76 0.000000 -0.000001 0.000008 -1.570796 0.000000 1.570796
    77 0.000001 0.000000 0.000000 -1.570796 0.000000 1.570796
    78 0.000001 0.000002 0.000000 -1.570796 0.000000 1.570796
    79 0.000000 0.000000 0.000000 -1.570796 0.000000 1.570796
    80 0.000001 0.000000 0.000000 -1.570796 0.000000 1.570796
    81 0.000001 0.000000 0.000000 -1.570796 0.000001 1.570796
    82 -0.000001 0.000000 0.000002 -1.570796 0.000001 1.570796
    83 0.000001 0.000000 0.000000 -1.570796 0.000000 1.570796
  time 131
    0 -3.171065 -12.356538 -6.066654 -3.120612 0.004944 0.059844
    1 0.073573 17.526917 0.777220 0.000000 0.000001 0.000000
    2 -0.226386 4.254942 -0.608961 0.000000 -0.000001 0.000000
    3 -0.277588 6.765625 -0.807617 0.000000 0.000001 0.000000
    4 -0.045094 3.566423 0.891595 0.000000 -0.000001 0.000000
    5 -0.116185 1.807585 2.464996 0.903369 0.000002 0.000000
    6 0.000000 1.030615 0.000004 -2.664324 -0.017605 -3.117272
    7 -0.000002 5.179932 -0.000037 0.236768 -0.002740 0.010286
    8 -0.218267 25.777573 2.487072 2.567476 0.000002 0.000000
    9 0.000000 0.870350 0.000008 -0.030118 -0.001942 0.012362
    10 0.000000 4.478401 0.000072 0.337449 -0.005038 0.014910
    11 -0.431944 15.700035 7.049725 -1.582653 0.011220 0.015532
    12 -0.524059 -24.930418 -10.032420 0.350924 -0.261975 2.165971
    13 -1.294654 1.473667 0.640471 2.361863 -0.514974 -2.105073
    14 0.000011 1.832554 0.000004 0.105756 -0.242323 -0.022342
    15 0.000000 1.003359 0.000001 0.156021 -0.012849 -0.172530
    16 -1.632739 4.327644 -0.483953 0.365946 0.282531 -0.019010
    17 -0.000010 1.637142 0.000010 1.001957 0.015784 -0.110368
    18 0.000007 1.100985 0.000004 0.016762 0.076954 -0.068132
    19 -0.500328 4.452953 -0.532495 0.396541 0.287796 0.017522
    20 -0.000010 1.442617 -0.000010 1.327527 0.029305 -0.036670
    21 -0.000003 1.302446 0.000004 0.004462 -0.041924 0.002935
    22 0.523221 4.540312 -0.480714 0.856150 0.290072 -0.285049
    23 -0.000001 1.198256 0.000008 0.732623 -0.133919 0.043066
    24 -0.000012 0.869780 0.000015 0.218278 0.063758 -0.018636
    25 1.354362 4.150681 -0.582655 0.848409 0.193448 -0.436427
    26 0.000000 1.157421 -0.000006 0.969721 -0.115773 0.002583
    27 0.000001 1.020055 0.000002 -0.120881 -0.015649 -0.025764
    28 5.003218 -8.070315 -8.112608 -2.275273 0.012535 0.001395
    29 0.000038 12.695422 -0.000004 -1.411581 0.418345 0.421545
    30 -4.418707 -6.498126 -9.911323 -1.251695 1.541261 1.978483
    31 -1.391397 1.476538 -0.700638 -1.757657 -1.119891 2.167452
    32 0.000002 1.751797 -0.000002 -0.382696 -0.196547 -0.169376
    33 0.000010 1.122969 0.000000 -0.357783 -0.049012 -0.094326
    34 -1.596883 4.441620 0.708540 -1.095924 -1.295283 1.097847
    35 -0.000008 1.481951 -0.000008 0.054514 0.090791 0.175416
    36 0.000002 1.056648 -0.000004 -0.089823 -0.147432 0.506074
    37 -0.470901 4.219486 0.926555 -2.516793 -0.098274 -3.183912
    38 -0.000010 1.609821 0.000004 1.338456 -0.114302 0.088710
    39 -0.000002 1.562311 0.000013 1.278029 0.025855 -0.031619
    40 0.576838 4.298388 0.639431 -2.185729 -0.104021 -3.078000
    41 0.000002 1.553762 -0.000008 1.256440 0.140300 0.008694
    42 0.000003 0.874434 -0.000006 0.891108 0.106771 0.200206
    43 1.459885 4.275572 0.219019 -2.155230 -0.186603 3.315304
    44 -0.000010 0.973051 -0.000004 0.971755 0.217255 0.114332
    45 0.000007 0.970890 0.000004 1.186741 0.085916 0.151173
    46 -7.008868 4.575658 -7.491495 -1.625772 0.595791 0.652980
    47 0.000011 12.706367 0.000010 -2.154761 0.336127 0.140238
    48 0.000000 0.000000 0.000000 1.570796 0.000000 1.570796
    49 -0.000006 1.500006 0.000000 1.570796 0.000000 1.570796
    50 0.000000 -0.299999 0.000000 -1.570796 0.000000 1.570796
    51 0.000000 0.000000 0.000000 0.000000 0.000000 1.570796
    52 0.000000 0.000000 0.000000 0.000000 0.000000 1.570796
    53 0.000000 0.000002 0.000001 0.000000 0.000000 1.919862
    54 0.000000 0.000000 0.000000 -1.570796 0.000000 1.570796
    55 0.000000 0.000000 0.000002 -1.570797 0.000000 1.570796
    56 -0.000002 -0.000002 0.000004 -1.570797 0.000001 1.570796
    57 0.000003 0.000000 0.000000 -1.570796 0.000000 1.570796
    58 0.000002 0.000003 0.000000 -1.570796 0.000000 1.570796
    59 0.000000 0.000000 0.000000 -1.570796 0.000000 1.570796
    60 -0.000001 0.000011 0.000000 -1.570796 0.000000 1.570796
    61 0.000000 0.000000 0.000000 -1.570796 -0.000001 1.570796
    62 0.000000 -0.000001 0.000000 -1.570796 0.000000 1.570796
    63 -0.000002 0.000002 -0.000002 -1.570796 0.000000 1.570796
    64 0.000000 0.000000 0.000000 -1.570797 0.000000 1.570796
    65 0.000000 0.000000 0.000000 -1.570797 0.000000 1.570796
    66 0.000000 0.000000 0.000000 1.570796 0.000000 1.570796
    67 0.000000 1.500000 0.000000 1.570796 0.000000 1.570796
    68 0.000000 0.300001 0.000000 1.570796 0.000000 1.570796
    69 -0.000011 0.000002 -0.000004 -3.141593 0.000001 1.570796
    70 0.000000 0.000000 0.000000 3.141593 0.000000 1.570796
    71 0.000001 0.000000 0.000000 -3.141593 0.000000 1.221730
    72 0.000000 0.000000 0.000000 3.141593 0.000000 1.570796
    73 0.000000 -0.000002 0.000000 3.141593 0.000000 1.570796
    74 0.000004 0.000000 0.000000 3.141593 0.000000 1.570797
    75 -0.000004 0.000000 0.000002 -1.570796 0.000000 1.570796
    76 0.000000 -0.000001 0.000008 -1.570796 0.000000 1.570796
    77 0.000001 0.000000 0.000000 -1.570796 0.000000 1.570796
    78 0.000001 0.000002 0.000000 -1.570796 0.000000 1.570796
    79 0.000000 0.000000 0.000000 -1.570796 0.000000 1.570796
    80 0.000001 0.000000 0.000000 -1.570796 0.000000 1.570796
    81 0.000001 0.000000 0.000000 -1.570796 0.000001 1.570796
    82 -0.000001 0.000000 0.000002 -1.570796 0.000001 1.570796
    83 0.000001 0.000000 0.000000 -1.570796 0.000000 1.570796
  time 132
    0 -3.260911 -12.231534 -5.855710 -3.120259 0.004157 0.049940
    1 0.073573 17.526917 0.777220 0.000000 0.000001 0.000000
    2 -0.226386 4.254942 -0.608961 0.000000 -0.000001 0.000000
    3 -0.277588 6.765625 -0.807617 0.000000 0.000001 0.000000
    4 -0.045094 3.566423 0.891595 0.000000 -0.000001 0.000000
    5 -0.116185 1.807585 2.464996 0.900267 0.000002 0.000000
    6 0.000000 1.030615 0.000004 -2.664774 -0.023226 -3.109323
    7 -0.000002 5.179932 -0.000037 0.232016 -0.001254 0.004365
    8 -0.218267 25.777573 2.487072 2.570028 0.000002 0.000000
    9 0.000000 0.870350 0.000008 -0.029051 -0.004267 0.026143
    10 0.000000 4.478401 0.000072 0.330594 -0.007723 0.021981
    11 -0.619450 15.700035 7.049725 -1.578130 0.006825 0.009548
    12 -0.746722 -24.840572 -9.817570 0.349990 -0.261850 2.156466
    13 -1.294654 1.473667 0.640471 2.361863 -0.514974 -2.105073
    14 0.000011 1.832554 0.000004 0.105732 -0.242323 -0.022342
    15 0.000000 1.003359 0.000001 0.156021 -0.012861 -0.172530
    16 -1.632739 4.327644 -0.483953 0.365946 0.282531 -0.019010
    17 -0.000010 1.637142 0.000010 1.001957 0.015784 -0.110368
    18 0.000007 1.100985 0.000004 0.016762 0.076954 -0.068132
    19 -0.500328 4.452953 -0.532495 0.396541 0.287796 0.017522
    20 -0.000010 1.442617 -0.000010 1.327527 0.029305 -0.036670
    21 -0.000003 1.302446 0.000004 0.004462 -0.041924 0.002935
    22 0.523221 4.540312 -0.480714 0.856150 0.290072 -0.285049
    23 -0.000001 1.198256 0.000008 0.732623 -0.133919 0.043066
    24 -0.000012 0.869780 0.000015 0.218278 0.063758 -0.018636
    25 1.354362 4.150681 -0.582655 0.848409 0.193448 -0.436427
    26 0.000000 1.157421 -0.000006 0.969721 -0.115773 0.002583
    27 0.000001 1.020055 0.000002 -0.120881 -0.015649 -0.025764
    28 5.003218 -8.070315 -8.112608 -2.286891 0.006448 -0.012224
    29 0.000038 12.695422 -0.000004 -1.416624 0.420394 0.421910
    30 -4.442145 -6.361403 -9.692566 -1.283189 1.541261 1.937077
    31 -1.391397 1.476538 -0.700638 -1.757657 -1.119903 2.167452
    32 0.000002 1.751797 -0.000002 -0.382696 -0.196547 -0.169376
    33 0.000010 1.122969 0.000000 -0.357783 -0.049012 -0.094326
    34 -1.596883 4.441620 0.708540 -1.095924 -1.295283 1.097847
    35 -0.000008 1.481951 -0.000008 0.054514 0.090791 0.175416
    36 0.000002 1.056648 -0.000004 -0.089823 -0.147420 0.506074
    37 -0.470901 4.219486 0.926555 -2.516819 -0.098274 -3.183912
    38 -0.000010 1.609821 0.000004 1.338456 -0.114302 0.088710
    39 -0.000002 1.562311 0.000013 1.278029 0.025855 -0.031619
    40 0.576838 4.298388 0.639431 -2.185729 -0.104021 -3.078000
    41 0.000002 1.553762 -0.000008 1.256440 0.140300 0.008694
    42 0.000003 0.874434 -0.000006 0.891108 0.106771 0.200206
    43 1.459885 4.275572 0.219019 -2.155218 -0.186603 3.315304
    44 -0.000010 0.973051 -0.000004 0.971755 0.217255 0.114332
    45 0.000007 0.970890 0.000004 1.186741 0.085916 0.151173
    46 -7.008868 4.575658 -7.491495 -1.636902 0.597652 0.642922
    47 0.000011 12.706367 0.000010 -2.171012 0.338272 0.138704
    48 0.000000 0.000000 0.000000 1.570796 0.000000 1.570796
    49 -0.000006 1.500006 0.000000 1.570796 0.000000 1.570796
    50 0.000000 -0.299999 0.000000 -1.570796 0.000000 1.570796
    51 0.000000 0.000000 0.000000 0.000000 0.000000 1.570796
    52 0.000000 0.000000 0.000000 0.000000 0.000000 1.570796
    53 0.000000 0.000002 0.000001 0.000000 0.000000 1.919862
    54 0.000000 0.000000 0.000000 -1.570796 0.000000 1.570796
    55 0.000000 0.000000 0.000002 -1.570797 0.000000 1.570796
    56 -0.000002 -0.000002 0.000004 -1.570797 0.000001 1.570796
    57 0.000003 0.000000 0.000000 -1.570796 0.000000 1.570796
    58 0.000002 0.000003 0.000000 -1.570796 0.000000 1.570796
    59 0.000000 0.000000 0.000000 -1.570796 0.000000 1.570796
    60 -0.000001 0.000011 0.000000 -1.570796 0.000000 1.570796
    61 0.000000 0.000000 0.000000 -1.570796 -0.000001 1.570796
    62 0.000000 -0.000001 0.000000 -1.570796 0.000000 1.570796
    63 -0.000002 0.000002 -0.000002 -1.570796 0.000000 1.570796
    64 0.000000 0.000000 0.000000 -1.570797 0.000000 1.570796
    65 0.000000 0.000000 0.000000 -1.570797 0.000000 1.570796
    66 0.000000 0.000000 0.000000 1.570796 0.000000 1.570796
    67 0.000000 1.500000 0.000000 1.570796 0.000000 1.570796
    68 0.000000 0.300001 0.000000 1.570796 0.000000 1.570796
    69 -0.000011 0.000002 -0.000004 -3.141593 0.000001 1.570796
    70 0.000000 0.000000 0.000000 3.141593 0.000000 1.570796
    71 0.000001 0.000000 0.000000 -3.141593 0.000000 1.221730
    72 0.000000 0.000000 0.000000 3.141593 0.000000 1.570796
    73 0.000000 -0.000002 0.000000 3.141593 0.000000 1.570796
    74 0.000004 0.000000 0.000000 3.141593 0.000000 1.570797
    75 -0.000004 0.000000 0.000002 -1.570796 0.000000 1.570796
    76 0.000000 -0.000001 0.000008 -1.570796 0.000000 1.570796
    77 0.000001 0.000000 0.000000 -1.570796 0.000000 1.570796
    78 0.000001 0.000002 0.000000 -1.570796 0.000000 1.570796
    79 0.000000 0.000000 0.000000 -1.570796 0.000000 1.570796
    80 0.000001 0.000000 0.000000 -1.570796 0.000000 1.570796
    81 0.000001 0.000000 0.000000 -1.570796 0.000001 1.570796
    82 -0.000001 0.000000 0.000002 -1.570796 0.000001 1.570796
    83 0.000001 0.000000 0.000000 -1.570796 0.000000 1.570796
  time 133
    0 -3.296069 -12.114343 -5.676017 -3.120227 0.004094 0.040986
    1 0.073573 17.526917 0.777220 0.000000 0.000001 0.000000
    2 -0.226386 4.254942 -0.608961 0.000000 -0.000001 0.000000
    3 -0.277588 6.765625 -0.807617 0.000000 0.000001 0.000000
    4 -0.045094 3.566423 0.891595 0.000000 -0.000001 0.000000
    5 -0.116185 1.807585 2.464996 0.896541 0.000002 0.000000
    6 0.000000 1.030615 0.000004 -2.665395 -0.027959 -3.102759
    7 -0.000002 5.179932 -0.000037 0.226292 -0.000236 -0.000261
    8 -0.218267 25.777573 2.487072 2.573132 0.000002 0.000000
    9 0.000000 0.870350 0.000008 -0.027529 -0.006328 0.037656
    10 0.000000 4.478401 0.000072 0.321817 -0.009544 0.027494
    11 -0.767892 15.700035 7.049725 -1.574339 0.003304 0.004588
    12 -0.883445 -24.746819 -9.637877 0.349990 -0.261850 2.147292
    13 -1.294654 1.473667 0.640471 2.361863 -0.514974 -2.105073
    14 0.000011 1.832554 0.000004 0.105744 -0.242323 -0.022342
    15 0.000000 1.003359 0.000001 0.156021 -0.012861 -0.172530
    16 -1.632739 4.327644 -0.483953 0.365946 0.282531 -0.019010
    17 -0.000010 1.637142 0.000010 1.001957 0.015784 -0.110368
    18 0.000007 1.100985 0.000004 0.016762 0.076954 -0.068132
    19 -0.500328 4.452953 -0.532495 0.396541 0.287796 0.017522
    20 -0.000010 1.442617 -0.000010 1.327527 0.029305 -0.036670
    21 -0.000003 1.302446 0.000004 0.004462 -0.041924 0.002935
    22 0.523221 4.540312 -0.480714 0.856150 0.290072 -0.285049
    23 -0.000001 1.198256 0.000008 0.732623 -0.133919 0.043066
    24 -0.000012 0.869780 0.000015 0.218278 0.063758 -0.018624
    25 1.354362 4.150681 -0.582655 0.848409 0.193448 -0.436427
    26 0.000000 1.157421 -0.000006 0.969721 -0.115773 0.002583
    27 0.000001 1.020055 0.000002 -0.120881 -0.015649 -0.025764
    28 5.003218 -8.070315 -8.112608 -2.295567 0.002015 -0.021463
    29 0.000038 12.695422 -0.000004 -1.422211 0.422714 0.422432
    30 -4.410894 -6.236399 -9.524592 -1.284949 1.541261 1.926964
    31 -1.391397 1.476538 -0.700638 -1.757657 -1.119891 2.167452
    32 0.000002 1.751797 -0.000002 -0.382696 -0.196547 -0.169376
    33 0.000010 1.122969 0.000000 -0.357783 -0.049012 -0.094326
    34 -1.596883 4.441620 0.708540 -1.095924 -1.295283 1.097847
    35 -0.000008 1.481951 -0.000008 0.054514 0.090791 0.175416
    36 0.000002 1.056648 -0.000004 -0.089823 -0.147432 0.506074
    37 -0.470901 4.219486 0.926555 -2.516819 -0.098274 -3.183912
    38 -0.000010 1.609821 0.000004 1.338456 -0.114302 0.088710
    39 -0.000002 1.562311 0.000013 1.278029 0.025855 -0.031619
    40 0.576838 4.298388 0.639431 -2.185729 -0.104021 -3.078000
    41 0.000002 1.553762 -0.000008 1.256440 0.140300 0.008694
    42 0.000003 0.874434 -0.000006 0.891108 0.106771 0.200206
    43 1.459885 4.275572 0.219019 -2.155218 -0.186603 3.315304
    44 -0.000010 0.973051 -0.000004 0.971755 0.217255 0.114332
    45 0.000007 0.970890 0.000004 1.186781 0.085916 0.151173
    46 -7.008868 4.575658 -7.491495 -1.645441 0.602112 0.639768
    47 0.000011 12.706367 0.000010 -2.184182 0.340010 0.137446
    48 0.000000 0.000000 0.000000 1.570796 0.000000 1.570796
    49 -0.000006 1.500006 0.000000 1.570796 0.000000 1.570796
    50 0.000000 -0.299999 0.000000 -1.570796 0.000000 1.570796
    51 0.000000 0.000000 0.000000 0.000000 0.000000 1.570796
    52 0.000000 0.000000 0.000000 0.000000 0.000000 1.570796
    53 0.000000 0.000002 0.000001 0.000000 0.000000 1.919862
    54 0.000000 0.000000 0.000000 -1.570796 0.000000 1.570796
    55 0.000000 0.000000 0.000002 -1.570797 0.000000 1.570796
    56 -0.000002 -0.000002 0.000004 -1.570797 0.000001 1.570796
    57 0.000003 0.000000 0.000000 -1.570796 0.000000 1.570796
    58 0.000002 0.000003 0.000000 -1.570796 0.000000 1.570796
    59 0.000000 0.000000 0.000000 -1.570796 0.000000 1.570796
    60 -0.000001 0.000011 0.000000 -1.570796 0.000000 1.570796
    61 0.000000 0.000000 0.000000 -1.570796 -0.000001 1.570796
    62 0.000000 -0.000001 0.000000 -1.570796 0.000000 1.570796
    63 -0.000002 0.000002 -0.000002 -1.570796 0.000000 1.570796
    64 0.000000 0.000000 0.000000 -1.570797 0.000000 1.570796
    65 0.000000 0.000000 0.000000 -1.570797 0.000000 1.570796
    66 0.000000 0.000000 0.000000 1.570796 0.000000 1.570796
    67 0.000000 1.500000 0.000000 1.570796 0.000000 1.570796
    68 0.000000 0.300001 0.000000 1.570796 0.000000 1.570796
    69 -0.000011 0.000002 -0.000004 -3.141593 0.000001 1.570796
    70 0.000000 0.000000 0.000000 3.141593 0.000000 1.570796
    71 0.000001 0.000000 0.000000 -3.141593 0.000000 1.221730
    72 0.000000 0.000000 0.000000 3.141593 0.000000 1.570796
    73 0.000000 -0.000002 0.000000 3.141593 0.000000 1.570796
    74 0.000004 0.000000 0.000000 3.141593 0.000000 1.570797
    75 -0.000004 0.000000 0.000002 -1.570796 0.000000 1.570796
    76 0.000000 -0.000001 0.000008 -1.570796 0.000000 1.570796
    77 0.000001 0.000000 0.000000 -1.570796 0.000000 1.570796
    78 0.000001 0.000002 0.000000 -1.570796 0.000000 1.570796
    79 0.000000 0.000000 0.000000 -1.570796 0.000000 1.570796
    80 0.000001 0.000000 0.000000 -1.570796 0.000000 1.570796
    81 0.000001 0.000000 0.000000 -1.570796 0.000001 1.570796
    82 -0.000001 0.000000 0.000002 -1.570796 0.000001 1.570796
    83 0.000001 0.000000 0.000000 -1.570796 0.000000 1.570796
  time 134
    0 -3.292162 -12.012777 -5.519762 -3.120580 0.005227 0.033118
    1 0.073573 17.526917 0.777220 0.000000 0.000001 0.000000
    2 -0.226386 4.254942 -0.608961 0.000000 -0.000001 0.000000
    3 -0.277588 6.765625 -0.807617 0.000000 0.000001 0.000000
    4 -0.045094 3.566423 0.891595 0.000000 -0.000001 0.000000
    5 -0.116185 1.807585 2.464996 0.893362 0.000002 0.000000
    6 0.000000 1.030615 0.000004 -2.665876 -0.031231 -3.098226
    7 -0.000002 5.179932 -0.000037 0.221476 0.000519 -0.003173
    8 -0.218267 25.777573 2.487072 2.576033 0.000002 0.000000
    9 0.000000 0.870350 0.000008 -0.026259 -0.007502 0.045601
    10 0.000000 4.478401 0.000072 0.314109 -0.010935 0.030849
    11 -0.873364 15.700035 7.049725 -1.571672 0.000877 0.001237
    12 -0.985010 -24.668691 -9.489435 0.351079 -0.262100 2.139357
    13 -1.294654 1.473667 0.640471 2.361863 -0.514974 -2.105073
    14 0.000011 1.832554 0.000004 0.105720 -0.242323 -0.022397
    15 0.000000 1.003359 0.000001 0.156021 -0.012849 -0.172530
    16 -1.632739 4.327644 -0.483953 0.365946 0.282531 -0.019010
    17 -0.000010 1.637142 0.000010 1.001957 0.015784 -0.110368
    18 0.000007 1.100985 0.000004 0.016762 0.076954 -0.068132
    19 -0.500328 4.452953 -0.532495 0.396541 0.287796 0.017522
    20 -0.000010 1.442617 -0.000010 1.327527 0.029305 -0.036670
    21 -0.000003 1.302446 0.000004 0.004462 -0.041924 0.002935
    22 0.523221 4.540312 -0.480714 0.856150 0.290072 -0.285049
    23 -0.000001 1.198256 0.000008 0.732623 -0.133919 0.043066
    24 -0.000012 0.869780 0.000015 0.218278 0.063758 -0.018624
    25 1.354362 4.150681 -0.582655 0.848409 0.193448 -0.436427
    26 0.000000 1.157421 -0.000006 0.969721 -0.115773 0.002583
    27 0.000001 1.020055 0.000002 -0.120881 -0.015649 -0.025764
    28 5.003218 -8.070315 -8.112608 -2.302432 -0.001061 -0.028033
    29 0.000038 12.695422 -0.000004 -1.427662 0.425053 0.422797
    30 -4.360111 -6.115302 -9.376150 -1.245211 1.541261 1.958257
    31 -1.391397 1.476538 -0.700638 -1.757657 -1.119891 2.167452
    32 0.000002 1.751797 -0.000002 -0.382696 -0.196547 -0.169376
    33 0.000010 1.122969 0.000000 -0.357783 -0.049012 -0.094326
    34 -1.596883 4.441620 0.708540 -1.095924 -1.295283 1.097847
    35 -0.000008 1.481951 -0.000008 0.054514 0.090791 0.175416
    36 0.000002 1.056648 -0.000004 -0.089823 -0.147432 0.506025
    37 -0.470901 4.219486 0.926555 -2.516793 -0.098274 -3.183912
    38 -0.000010 1.609821 0.000004 1.338456 -0.114302 0.088710
    39 -0.000002 1.562311 0.000013 1.278029 0.025855 -0.031619
    40 0.576838 4.298388 0.639431 -2.185729 -0.104021 -3.078000
    41 0.000002 1.553762 -0.000008 1.256440 0.140300 0.008694
    42 0.000003 0.874434 -0.000006 0.891108 0.106771 0.200206
    43 1.459885 4.275572 0.219019 -2.155218 -0.186603 3.315304
    44 -0.000010 0.973051 -0.000004 0.971755 0.217255 0.114332
    45 0.000007 0.970890 0.000004 1.186741 0.085916 0.151173
    46 -7.008868 4.575658 -7.491495 -1.652331 0.607665 0.640365
    47 0.000011 12.706367 0.000010 -2.194888 0.341400 0.136271
    48 0.000000 0.000000 0.000000 1.570796 0.000000 1.570796
    49 -0.000006 1.500006 0.000000 1.570796 0.000000 1.570796
    50 0.000000 -0.299999 0.000000 -1.570796 0.000000 1.570796
    51 0.000000 0.000000 0.000000 0.000000 0.000000 1.570796
    52 0.000000 0.000000 0.000000 0.000000 0.000000 1.570796
    53 0.000000 0.000002 0.000001 0.000000 0.000000 1.919862
    54 0.000000 0.000000 0.000000 -1.570796 0.000000 1.570796
    55 0.000000 0.000000 0.000002 -1.570797 0.000000 1.570796
    56 -0.000002 -0.000002 0.000004 -1.570797 0.000001 1.570796
    57 0.000003 0.000000 0.000000 -1.570796 0.000000 1.570796
    58 0.000002 0.000003 0.000000 -1.570796 0.000000 1.570796
    59 0.000000 0.000000 0.000000 -1.570796 0.000000 1.570796
    60 -0.000001 0.000011 0.000000 -1.570796 0.000000 1.570796
    61 0.000000 0.000000 0.000000 -1.570796 -0.000001 1.570796
    62 0.000000 -0.000001 0.000000 -1.570796 0.000000 1.570796
    63 -0.000002 0.000002 -0.000002 -1.570796 0.000000 1.570796
    64 0.000000 0.000000 0.000000 -1.570797 0.000000 1.570796
    65 0.000000 0.000000 0.000000 -1.570797 0.000000 1.570796
    66 0.000000 0.000000 0.000000 1.570796 0.000000 1.570796
    67 0.000000 1.500000 0.000000 1.570796 0.000000 1.570796
    68 0.000000 0.300001 0.000000 1.570796 0.000000 1.570796
    69 -0.000011 0.000002 -0.000004 -3.141593 0.000001 1.570796
    70 0.000000 0.000000 0.000000 3.141593 0.000000 1.570796
    71 0.000001 0.000000 0.000000 -3.141593 0.000000 1.221730
    72 0.000000 0.000000 0.000000 3.141593 0.000000 1.570796
    73 0.000000 -0.000002 0.000000 3.141593 0.000000 1.570796
    74 0.000004 0.000000 0.000000 3.141593 0.000000 1.570797
    75 -0.000004 0.000000 0.000002 -1.570796 0.000000 1.570796
    76 0.000000 -0.000001 0.000008 -1.570796 0.000000 1.570796
    77 0.000001 0.000000 0.000000 -1.570796 0.000000 1.570796
    78 0.000001 0.000002 0.000000 -1.570796 0.000000 1.570796
    79 0.000000 0.000000 0.000000 -1.570796 0.000000 1.570796
    80 0.000001 0.000000 0.000000 -1.570796 0.000000 1.570796
    81 0.000001 0.000000 0.000000 -1.570796 0.000001 1.570796
    82 -0.000001 0.000000 0.000002 -1.570796 0.000001 1.570796
    83 0.000001 0.000000 0.000000 -1.570796 0.000000 1.570796
  time 135
    0 -3.288256 -11.919024 -5.394758 -3.121799 0.008060 0.026266
    1 0.073573 17.526917 0.777220 0.000000 0.000001 0.000000
    2 -0.226386 4.254942 -0.608961 0.000000 -0.000001 0.000000
    3 -0.277588 6.765625 -0.807617 0.000000 0.000001 0.000000
    4 -0.045094 3.566423 0.891595 0.000000 -0.000001 0.000000
    5 -0.116185 1.807585 2.464996 0.892016 0.000002 0.000000
    6 0.000000 1.030615 0.000004 -2.666062 -0.032562 -3.096573
    7 -0.000002 5.179932 -0.000037 0.219433 0.000939 -0.004408
    8 -0.218267 25.777573 2.487072 2.577267 0.000002 0.000000
    9 0.000000 0.870350 0.000008 -0.025876 -0.008138 0.048599
    10 0.000000 4.478401 0.000072 0.310932 -0.011234 0.032228
    11 -0.916334 15.700035 7.049725 -1.570796 0.000002 0.000000
    12 -1.082670 -24.590564 -9.344899 0.354193 -0.262725 2.131671
    13 -1.294654 1.473667 0.640471 2.361863 -0.514974 -2.105073
    14 0.000011 1.832554 0.000004 0.105720 -0.242323 -0.022342
    15 0.000000 1.003359 0.000001 0.156021 -0.012849 -0.172530
    16 -1.632739 4.327644 -0.483953 0.365946 0.282531 -0.019010
    17 -0.000010 1.637142 0.000010 1.001957 0.015784 -0.110368
    18 0.000007 1.100985 0.000004 0.016762 0.076954 -0.068132
    19 -0.500328 4.452953 -0.532495 0.396541 0.287796 0.017522
    20 -0.000010 1.442617 -0.000010 1.327527 0.029305 -0.036670
    21 -0.000003 1.302446 0.000004 0.004462 -0.041924 0.002923
    22 0.523221 4.540312 -0.480714 0.856150 0.290072 -0.285049
    23 -0.000001 1.198256 0.000008 0.732623 -0.133919 0.043066
    24 -0.000012 0.869780 0.000015 0.218278 0.063758 -0.018624
    25 1.354362 4.150681 -0.582655 0.848432 0.193448 -0.436427
    26 0.000000 1.157421 -0.000006 0.969721 -0.115773 0.002583
    27 0.000001 1.020055 0.000002 -0.120881 -0.015649 -0.025764
    28 5.003218 -8.070315 -8.112608 -2.308769 -0.003939 -0.033987
    29 0.000038 12.695422 -0.000004 -1.432159 0.426909 0.422940
    30 -4.321048 -6.033268 -9.247240 -1.141652 1.540648 2.054235
    31 -1.391397 1.476538 -0.700638 -1.757657 -1.119891 2.167452
    32 0.000002 1.751797 -0.000002 -0.382696 -0.196547 -0.169376
    33 0.000010 1.122969 0.000000 -0.357783 -0.049012 -0.094326
    34 -1.596883 4.441620 0.708540 -1.095924 -1.295283 1.097847
    35 -0.000008 1.481951 -0.000008 0.054514 0.090791 0.175416
    36 0.000002 1.056648 -0.000004 -0.089823 -0.147432 0.506074
    37 -0.470901 4.219486 0.926555 -2.516793 -0.098274 -3.183912
    38 -0.000010 1.609821 0.000004 1.338456 -0.114302 0.088710
    39 -0.000002 1.562311 0.000013 1.278029 0.025855 -0.031619
    40 0.576838 4.298388 0.639431 -2.185729 -0.104021 -3.078000
    41 0.000002 1.553762 -0.000008 1.256440 0.140288 0.008694
    42 0.000003 0.874434 -0.000006 0.891108 0.106771 0.200206
    43 1.459885 4.275572 0.219019 -2.155218 -0.186603 3.315304
    44 -0.000010 0.973051 -0.000004 0.971755 0.217255 0.114332
    45 0.000007 0.970890 0.000004 1.186781 0.085916 0.151173
    46 -7.008868 4.575658 -7.491495 -1.657631 0.612568 0.640706
    47 0.000011 12.706367 0.000010 -2.204053 0.342430 0.135348
    48 0.000000 0.000000 0.000000 1.570796 0.000000 1.570796
    49 -0.000006 1.500006 0.000000 1.570796 0.000000 1.570796
    50 0.000000 -0.299999 0.000000 -1.570796 0.000000 1.570796
    51 0.000000 0.000000 0.000000 0.000000 0.000000 1.570796
    52 0.000000 0.000000 0.000000 0.000000 0.000000 1.570796
    53 0.000000 0.000002 0.000001 0.000000 0.000000 1.919862
    54 0.000000 0.000000 0.000000 -1.570796 0.000000 1.570796
    55 0.000000 0.000000 0.000002 -1.570797 0.000000 1.570796
    56 -0.000002 -0.000002 0.000004 -1.570797 0.000001 1.570796
    57 0.000003 0.000000 0.000000 -1.570796 0.000000 1.570796
    58 0.000002 0.000003 0.000000 -1.570796 0.000000 1.570796
    59 0.000000 0.000000 0.000000 -1.570796 0.000000 1.570796
    60 -0.000001 0.000011 0.000000 -1.570796 0.000000 1.570796
    61 0.000000 0.000000 0.000000 -1.570796 -0.000001 1.570796
    62 0.000000 -0.000001 0.000000 -1.570796 0.000000 1.570796
    63 -0.000002 0.000002 -0.000002 -1.570796 0.000000 1.570796
    64 0.000000 0.000000 0.000000 -1.570797 0.000000 1.570796
    65 0.000000 0.000000 0.000000 -1.570797 0.000000 1.570796
    66 0.000000 0.000000 0.000000 1.570796 0.000000 1.570796
    67 0.000000 1.500000 0.000000 1.570796 0.000000 1.570796
    68 0.000000 0.300001 0.000000 1.570796 0.000000 1.570796
    69 -0.000011 0.000002 -0.000004 -3.141593 0.000001 1.570796
    70 0.000000 0.000000 0.000000 3.141593 0.000000 1.570796
    71 0.000001 0.000000 0.000000 -3.141593 0.000000 1.221730
    72 0.000000 0.000000 0.000000 3.141593 0.000000 1.570796
    73 0.000000 -0.000002 0.000000 3.141593 0.000000 1.570796
    74 0.000004 0.000000 0.000000 3.141593 0.000000 1.570797
    75 -0.000004 0.000000 0.000002 -1.570796 0.000000 1.570796
    76 0.000000 -0.000001 0.000008 -1.570796 0.000000 1.570796
    77 0.000001 0.000000 0.000000 -1.570796 0.000000 1.570796
    78 0.000001 0.000002 0.000000 -1.570796 0.000000 1.570796
    79 0.000000 0.000000 0.000000 -1.570796 0.000000 1.570796
    80 0.000001 0.000000 0.000000 -1.570796 0.000000 1.570796
    81 0.000001 0.000000 0.000000 -1.570796 0.000001 1.570796
    82 -0.000001 0.000000 0.000002 -1.570796 0.000001 1.570796
    83 0.000001 0.000000 0.000000 -1.570796 0.000000 1.570796
  time 136
    0 -3.284350 -11.840897 -5.285380 -3.123082 0.012435 0.020433
    1 0.073573 17.526917 0.777220 0.000000 0.000001 0.000000
    2 -0.226386 4.254942 -0.608961 0.000000 -0.000001 0.000000
    3 -0.277588 6.765625 -0.807617 0.000000 0.000001 0.000000
    4 -0.045094 3.566423 0.891595 0.000000 -0.000001 0.000000
    5 -0.116185 1.807585 2.464996 0.892640 0.000002 0.000000
    6 0.000000 1.030615 0.000004 -2.665969 -0.031890 -3.097360
    7 -0.000002 5.179932 -0.000037 0.220357 0.000819 -0.003772
    8 -0.218267 25.777573 2.487072 2.576716 0.000002 0.000000
    9 0.000000 0.870350 0.000008 -0.025971 -0.007910 0.047246
    10 0.000000 4.478401 0.000072 0.312404 -0.011079 0.031593
    11 -0.881176 15.700035 7.049725 -1.570796 0.000002 0.000000
    12 -1.164703 -24.535875 -9.219895 0.358785 -0.263662 2.124728
    13 -1.294654 1.473667 0.640471 2.361863 -0.514974 -2.105073
    14 0.000011 1.832554 0.000004 0.105720 -0.242323 -0.022342
    15 0.000000 1.003359 0.000001 0.156021 -0.012873 -0.172530
    16 -1.632739 4.327644 -0.483953 0.365946 0.282531 -0.019010
    17 -0.000010 1.637142 0.000010 1.001957 0.015784 -0.110368
    18 0.000007 1.100985 0.000004 0.016762 0.076954 -0.068132
    19 -0.500328 4.452953 -0.532495 0.396541 0.287796 0.017522
    20 -0.000010 1.442617 -0.000010 1.327527 0.029305 -0.036670
    21 -0.000003 1.302446 0.000004 0.004462 -0.041924 0.002935
    22 0.523221 4.540312 -0.480714 0.856150 0.290072 -0.285049
    23 -0.000001 1.198256 0.000008 0.732623 -0.133919 0.043066
    24 -0.000012 0.869780 0.000015 0.218278 0.063758 -0.018624
    25 1.354362 4.150681 -0.582655 0.848432 0.193448 -0.436427
    26 0.000000 1.157421 -0.000006 0.969721 -0.115773 0.002583
    27 0.000001 1.020055 0.000002 -0.120881 -0.015649 -0.025764
    28 5.003218 -8.070315 -8.112608 -2.314729 -0.006420 -0.039393
    29 0.000038 12.695422 -0.000004 -1.435634 0.428320 0.423227
    30 -4.289797 -5.947328 -9.149581 -0.989833 1.539959 2.198965
    31 -1.391397 1.476538 -0.700638 -1.757657 -1.119903 2.167452
    32 0.000002 1.751797 -0.000002 -0.382696 -0.196547 -0.169376
    33 0.000010 1.122969 0.000000 -0.357783 -0.049012 -0.094326
    34 -1.596883 4.441620 0.708540 -1.095981 -1.295283 1.097847
    35 -0.000008 1.481951 -0.000008 0.054514 0.090791 0.175416
    36 0.000002 1.056648 -0.000004 -0.089823 -0.147432 0.506074
    37 -0.470901 4.219486 0.926555 -2.516793 -0.098274 -3.183912
    38 -0.000010 1.609821 0.000004 1.338456 -0.114302 0.088710
    39 -0.000002 1.562311 0.000013 1.278029 0.025855 -0.031619
    40 0.576838 4.298388 0.639431 -2.185741 -0.104021 -3.078000
    41 0.000002 1.553762 -0.000008 1.256440 0.140300 0.008694
    42 0.000003 0.874434 -0.000006 0.891108 0.106771 0.200206
    43 1.459885 4.275572 0.219019 -2.155254 -0.186603 3.315304
    44 -0.000010 0.973051 -0.000004 0.971755 0.217255 0.114332
    45 0.000007 0.970890 0.000004 1.186741 0.085916 0.151173
    46 -7.008868 4.575658 -7.491495 -1.661871 0.616644 0.640791
    47 0.000011 12.706367 0.000010 -2.211601 0.343521 0.134581
    48 0.000000 0.000000 0.000000 1.570796 0.000000 1.570796
    49 -0.000006 1.500006 0.000000 1.570796 0.000000 1.570796
    50 0.000000 -0.299999 0.000000 -1.570796 0.000000 1.570796
    51 0.000000 0.000000 0.000000 0.000000 0.000000 1.570796
    52 0.000000 0.000000 0.000000 0.000000 0.000000 1.570796
    53 0.000000 0.000002 0.000001 0.000000 0.000000 1.919862
    54 0.000000 0.000000 0.000000 -1.570796 0.000000 1.570796
    55 0.000000 0.000000 0.000002 -1.570797 0.000000 1.570796
    56 -0.000002 -0.000002 0.000004 -1.570797 0.000001 1.570796
    57 0.000003 0.000000 0.000000 -1.570796 0.000000 1.570796
    58 0.000002 0.000003 0.000000 -1.570796 0.000000 1.570796
    59 0.000000 0.000000 0.000000 -1.570796 0.000000 1.570796
    60 -0.000001 0.000011 0.000000 -1.570796 0.000000 1.570796
    61 0.000000 0.000000 0.000000 -1.570796 -0.000001 1.570796
    62 0.000000 -0.000001 0.000000 -1.570796 0.000000 1.570796
    63 -0.000002 0.000002 -0.000002 -1.570796 0.000000 1.570796
    64 0.000000 0.000000 0.000000 -1.570797 0.000000 1.570796
    65 0.000000 0.000000 0.000000 -1.570797 0.000000 1.570796
    66 0.000000 0.000000 0.000000 1.570796 0.000000 1.570796
    67 0.000000 1.500000 0.000000 1.570796 0.000000 1.570796
    68 0.000000 0.300001 0.000000 1.570796 0.000000 1.570796
    69 -0.000011 0.000002 -0.000004 -3.141593 0.000001 1.570796
    70 0.000000 0.000000 0.000000 3.141593 0.000000 1.570796
    71 0.000001 0.000000 0.000000 -3.141593 0.000000 1.221730
    72 0.000000 0.000000 0.000000 3.141593 0.000000 1.570796
    73 0.000000 -0.000002 0.000000 3.141593 0.000000 1.570796
    74 0.000004 0.000000 0.000000 3.141593 0.000000 1.570797
    75 -0.000004 0.000000 0.000002 -1.570796 0.000000 1.570796
    76 0.000000 -0.000001 0.000008 -1.570796 0.000000 1.570796
    77 0.000001 0.000000 0.000000 -1.570796 0.000000 1.570796
    78 0.000001 0.000002 0.000000 -1.570796 0.000000 1.570796
    79 0.000000 0.000000 0.000000 -1.570796 0.000000 1.570796
    80 0.000001 0.000000 0.000000 -1.570796 0.000000 1.570796
    81 0.000001 0.000000 0.000000 -1.570796 0.000001 1.570796
    82 -0.000001 0.000000 0.000002 -1.570796 0.000001 1.570796
    83 0.000001 0.000000 0.000000 -1.570796 0.000000 1.570796
  time 137
    0 -3.276537 -11.770582 -5.199440 -3.125007 0.017880 0.015549
    1 0.073573 17.526917 0.777220 0.000000 0.000001 0.000000
    2 -0.226386 4.254942 -0.608961 0.000000 -0.000001 0.000000
    3 -0.277588 6.765625 -0.807617 0.000000 0.000001 0.000000
    4 -0.045094 3.566423 0.891595 0.000000 -0.000001 0.000000
    5 -0.116185 1.807585 2.464996 0.894220 0.000002 0.000000
    6 0.000000 1.030615 0.000004 -2.665643 -0.030392 -3.099422
    7 -0.000002 5.179932 -0.000037 0.222757 0.000376 -0.002394
    8 -0.218267 25.777573 2.487072 2.575254 0.000002 0.000000
    9 0.000000 0.870350 0.000008 -0.026714 -0.007299 0.043572
    10 0.000000 4.478401 0.000072 0.316232 -0.010479 0.030035
    11 -0.846019 15.700035 7.049725 -1.570796 0.000002 0.000000
    12 -1.246737 -24.477279 -9.130049 0.364778 -0.264787 2.118116
    13 -1.294654 1.473667 0.640471 2.361863 -0.514974 -2.105073
    14 0.000011 1.832554 0.000004 0.105720 -0.242323 -0.022342
    15 0.000000 1.003359 0.000001 0.156033 -0.012885 -0.172530
    16 -1.632739 4.327644 -0.483953 0.365946 0.282531 -0.019010
    17 -0.000010 1.637142 0.000010 1.001957 0.015784 -0.110368
    18 0.000007 1.100985 0.000004 0.016762 0.076954 -0.068132
    19 -0.500328 4.452953 -0.532495 0.396541 0.287796 0.017522
    20 -0.000010 1.442617 -0.000010 1.327527 0.029305 -0.036670
    21 -0.000003 1.302446 0.000004 0.004462 -0.041924 0.002935
    22 0.523221 4.540312 -0.480714 0.856150 0.290072 -0.285049
    23 -0.000001 1.198256 0.000008 0.732623 -0.133919 0.043066
    24 -0.000012 0.869780 0.000015 0.218278 0.063758 -0.018624
    25 1.354362 4.150681 -0.582655 0.848432 0.193448 -0.436427
    26 0.000000 1.157421 -0.000006 0.969721 -0.115773 0.002583
    27 0.000001 1.020055 0.000002 -0.120881 -0.015649 -0.025764
    28 5.003218 -8.070315 -8.112608 -2.319859 -0.008703 -0.044252
    29 0.000038 12.695422 -0.000004 -1.438632 0.429422 0.423475
    30 -4.270265 -5.877013 -9.067547 -0.814301 1.537738 2.366974
    31 -1.391397 1.476538 -0.700638 -1.757657 -1.119891 2.167452
    32 0.000002 1.751797 -0.000002 -0.382696 -0.196547 -0.169376
    33 0.000010 1.122969 0.000000 -0.357783 -0.049012 -0.094326
    34 -1.596883 4.441620 0.708540 -1.095924 -1.295283 1.097847
    35 -0.000008 1.481951 -0.000008 0.054514 0.090791 0.175416
    36 0.000002 1.056648 -0.000004 -0.089823 -0.147420 0.506025
    37 -0.470901 4.219486 0.926555 -2.516819 -0.098274 -3.183912
    38 -0.000010 1.609821 0.000004 1.338456 -0.114302 0.088710
    39 -0.000002 1.562311 0.000013 1.278029 0.025855 -0.031619
    40 0.576838 4.298388 0.639431 -2.185729 -0.104021 -3.078000
    41 0.000002 1.553762 -0.000008 1.256440 0.140300 0.008694
    42 0.000003 0.874434 -0.000006 0.891108 0.106771 0.200206
    43 1.459885 4.275572 0.219019 -2.155218 -0.186603 3.315304
    44 -0.000010 0.973051 -0.000004 0.971755 0.217255 0.114332
    45 0.000007 0.970890 0.000004 1.186761 0.085916 0.151173
    46 -7.008868 4.575658 -7.491495 -1.665581 0.619893 0.640791
    47 0.000011 12.706367 0.000010 -2.217531 0.344336 0.134090
    48 0.000000 0.000000 0.000000 1.570796 0.000000 1.570796
    49 -0.000006 1.500006 0.000000 1.570796 0.000000 1.570796
    50 0.000000 -0.299999 0.000000 -1.570796 0.000000 1.570796
    51 0.000000 0.000000 0.000000 0.000000 0.000000 1.570796
    52 0.000000 0.000000 0.000000 0.000000 0.000000 1.570796
    53 0.000000 0.000002 0.000001 0.000000 0.000000 1.919862
    54 0.000000 0.000000 0.000000 -1.570796 0.000000 1.570796
    55 0.000000 0.000000 0.000002 -1.570797 0.000000 1.570796
    56 -0.000002 -0.000002 0.000004 -1.570797 0.000001 1.570796
    57 0.000003 0.000000 0.000000 -1.570796 0.000000 1.570796
    58 0.000002 0.000003 0.000000 -1.570796 0.000000 1.570796
    59 0.000000 0.000000 0.000000 -1.570796 0.000000 1.570796
    60 -0.000001 0.000011 0.000000 -1.570796 0.000000 1.570796
    61 0.000000 0.000000 0.000000 -1.570796 -0.000001 1.570796
    62 0.000000 -0.000001 0.000000 -1.570796 0.000000 1.570796
    63 -0.000002 0.000002 -0.000002 -1.570796 0.000000 1.570796
    64 0.000000 0.000000 0.000000 -1.570797 0.000000 1.570796
    65 0.000000 0.000000 0.000000 -1.570797 0.000000 1.570796
    66 0.000000 0.000000 0.000000 1.570796 0.000000 1.570796
    67 0.000000 1.500000 0.000000 1.570796 0.000000 1.570796
    68 0.000000 0.300001 0.000000 1.570796 0.000000 1.570796
    69 -0.000011 0.000002 -0.000004 -3.141593 0.000001 1.570796
    70 0.000000 0.000000 0.000000 3.141593 0.000000 1.570796
    71 0.000001 0.000000 0.000000 -3.141593 0.000000 1.221730
    72 0.000000 0.000000 0.000000 3.141593 0.000000 1.570796
    73 0.000000 -0.000002 0.000000 3.141593 0.000000 1.570796
    74 0.000004 0.000000 0.000000 3.141593 0.000000 1.570797
    75 -0.000004 0.000000 0.000002 -1.570796 0.000000 1.570796
    76 0.000000 -0.000001 0.000008 -1.570796 0.000000 1.570796
    77 0.000001 0.000000 0.000000 -1.570796 0.000000 1.570796
    78 0.000001 0.000002 0.000000 -1.570796 0.000000 1.570796
    79 0.000000 0.000000 0.000000 -1.570796 0.000000 1.570796
    80 0.000001 0.000000 0.000000 -1.570796 0.000000 1.570796
    81 0.000001 0.000000 0.000000 -1.570796 0.000001 1.570796
    82 -0.000001 0.000000 0.000002 -1.570796 0.000001 1.570796
    83 0.000001 0.000000 0.000000 -1.570796 0.000000 1.570796
  time 138
    0 -3.268724 -11.708081 -5.129125 -3.127477 0.024175 0.011411
    1 0.073573 17.526917 0.777220 0.000000 0.000001 0.000000
    2 -0.226386 4.254942 -0.608961 0.000000 -0.000001 0.000000
    3 -0.277588 6.765625 -0.807617 0.000000 0.000001 0.000000
    4 -0.045094 3.566423 0.891595 0.000000 -0.000001 0.000000
    5 -0.116185 1.807585 2.464996 0.896346 0.000002 0.000000
    6 0.000000 1.030615 0.000004 -2.665457 -0.028223 -3.102460
    7 -0.000002 5.179932 -0.000037 0.225984 -0.000188 -0.000477
    8 -0.218267 25.777573 2.487072 2.573456 0.000002 0.000000
    9 0.000000 0.870350 0.000008 -0.027493 -0.006412 0.038200
    10 0.000000 4.478401 0.000072 0.321349 -0.009640 0.027710
    11 -0.767892 15.700035 7.049725 -1.570796 0.000002 0.000000
    12 -1.313145 -24.430403 -9.044109 0.371316 -0.265974 2.112413
    13 -1.294654 1.473667 0.640471 2.361863 -0.514974 -2.105073
    14 0.000011 1.832554 0.000004 0.105720 -0.242323 -0.022342
    15 0.000000 1.003359 0.000001 0.156021 -0.012885 -0.172530
    16 -1.632739 4.327644 -0.483953 0.365946 0.282531 -0.019010
    17 -0.000010 1.637142 0.000010 1.001957 0.015784 -0.110368
    18 0.000007 1.100985 0.000004 0.016762 0.076954 -0.068132
    19 -0.500328 4.452953 -0.532495 0.396541 0.287796 0.017522
    20 -0.000010 1.442617 -0.000010 1.327527 0.029305 -0.036670
    21 -0.000003 1.302446 0.000004 0.004462 -0.041924 0.002923
    22 0.523221 4.540312 -0.480714 0.856150 0.290072 -0.285049
    23 -0.000001 1.198256 0.000008 0.732623 -0.133919 0.043066
    24 -0.000012 0.869780 0.000015 0.218278 0.063758 -0.018624
    25 1.354362 4.150681 -0.582655 0.848409 0.193448 -0.436427
    26 0.000000 1.157421 -0.000006 0.969721 -0.115773 0.002583
    27 0.000001 1.020055 0.000002 -0.120881 -0.015649 -0.025764
    28 5.003218 -8.070315 -8.112608 -2.324536 -0.010522 -0.048495
    29 0.000038 12.695422 -0.000004 -1.440608 0.430234 0.423592
    30 -4.258546 -5.826230 -9.005045 -0.642567 1.534904 2.531548
    31 -1.391397 1.476538 -0.700638 -1.757657 -1.119891 2.167452
    32 0.000002 1.751797 -0.000002 -0.382696 -0.196547 -0.169376
    33 0.000010 1.122969 0.000000 -0.357783 -0.049012 -0.094326
    34 -1.596883 4.441620 0.708540 -1.095924 -1.295283 1.097847
    35 -0.000008 1.481951 -0.000008 0.054514 0.090791 0.175416
    36 0.000002 1.056648 -0.000004 -0.089823 -0.147432 0.506074
    37 -0.470901 4.219486 0.926555 -2.516819 -0.098274 -3.183912
    38 -0.000010 1.609821 0.000004 1.338475 -0.114302 0.088710
    39 -0.000002 1.562311 0.000013 1.278029 0.025855 -0.031619
    40 0.576838 4.298388 0.639431 -2.185729 -0.104021 -3.078000
    41 0.000002 1.553762 -0.000008 1.256440 0.140300 0.008694
    42 0.000003 0.874434 -0.000006 0.891108 0.106771 0.200206
    43 1.459885 4.275572 0.219019 -2.155242 -0.186603 3.315304
    44 -0.000010 0.973051 -0.000004 0.971755 0.217255 0.114332
    45 0.000007 0.970890 0.000004 1.186761 0.085916 0.151173
    46 -7.008868 4.575658 -7.491495 -1.667878 0.622138 0.640365
    47 0.000011 12.706367 0.000010 -2.222229 0.344839 0.133563
    48 0.000000 0.000000 0.000000 1.570796 0.000000 1.570796
    49 -0.000006 1.500006 0.000000 1.570796 0.000000 1.570796
    50 0.000000 -0.299999 0.000000 -1.570796 0.000000 1.570796
    51 0.000000 0.000000 0.000000 0.000000 0.000000 1.570796
    52 0.000000 0.000000 0.000000 0.000000 0.000000 1.570796
    53 0.000000 0.000002 0.000001 0.000000 0.000000 1.919862
    54 0.000000 0.000000 0.000000 -1.570796 0.000000 1.570796
    55 0.000000 0.000000 0.000002 -1.570797 0.000000 1.570796
    56 -0.000002 -0.000002 0.000004 -1.570797 0.000001 1.570796
    57 0.000003 0.000000 0.000000 -1.570796 0.000000 1.570796
    58 0.000002 0.000003 0.000000 -1.570796 0.000000 1.570796
    59 0.000000 0.000000 0.000000 -1.570796 0.000000 1.570796
    60 -0.000001 0.000011 0.000000 -1.570796 0.000000 1.570796
    61 0.000000 0.000000 0.000000 -1.570796 -0.000001 1.570796
    62 0.000000 -0.000001 0.000000 -1.570796 0.000000 1.570796
    63 -0.000002 0.000002 -0.000002 -1.570796 0.000000 1.570796
    64 0.000000 0.000000 0.000000 -1.570797 0.000000 1.570796
    65 0.000000 0.000000 0.000000 -1.570797 0.000000 1.570796
    66 0.000000 0.000000 0.000000 1.570796 0.000000 1.570796
    67 0.000000 1.500000 0.000000 1.570796 0.000000 1.570796
    68 0.000000 0.300001 0.000000 1.570796 0.000000 1.570796
    69 -0.000011 0.000002 -0.000004 -3.141593 0.000001 1.570796
    70 0.000000 0.000000 0.000000 3.141593 0.000000 1.570796
    71 0.000001 0.000000 0.000000 -3.141593 0.000000 1.221730
    72 0.000000 0.000000 0.000000 3.141593 0.000000 1.570796
    73 0.000000 -0.000002 0.000000 3.141593 0.000000 1.570796
    74 0.000004 0.000000 0.000000 3.141593 0.000000 1.570797
    75 -0.000004 0.000000 0.000002 -1.570796 0.000000 1.570796
    76 0.000000 -0.000001 0.000008 -1.570796 0.000000 1.570796
    77 0.000001 0.000000 0.000000 -1.570796 0.000000 1.570796
    78 0.000001 0.000002 0.000000 -1.570796 0.000000 1.570796
    79 0.000000 0.000000 0.000000 -1.570796 0.000000 1.570796
    80 0.000001 0.000000 0.000000 -1.570796 0.000000 1.570796
    81 0.000001 0.000000 0.000000 -1.570796 0.000001 1.570796
    82 -0.000001 0.000000 0.000002 -1.570796 0.000001 1.570796
    83 0.000001 0.000000 0.000000 -1.570796 0.000000 1.570796
  time 139
    0 -3.260911 -11.661204 -5.074436 -3.129883 0.030942 0.008087
    1 0.073573 17.526917 0.777220 0.000000 0.000001 0.000000
    2 -0.226386 4.254942 -0.608961 0.000000 -0.000001 0.000000
    3 -0.277588 6.765625 -0.807617 0.000000 0.000001 0.000000
    4 -0.045094 3.566423 0.891595 0.000000 -0.000001 0.000000
    5 -0.116185 1.807585 2.464996 0.898570 0.000002 0.000000
    6 0.000000 1.030615 0.000004 -2.665131 -0.025563 -3.106096
    7 -0.000002 5.179932 -0.000037 0.229438 -0.000679 0.002076
    8 -0.218267 25.777573 2.487072 2.571370 0.000002 0.000000
    9 0.000000 0.870350 0.000008 -0.028332 -0.005201 0.031767
    10 0.000000 4.478401 0.000072 0.326649 -0.008706 0.024594
    11 -0.693671 15.700035 7.049725 -1.570796 0.000002 0.000000
    12 -1.371741 -24.406965 -8.969888 0.378321 -0.267349 2.107206
    13 -1.294654 1.473667 0.640471 2.361863 -0.514974 -2.105073
    14 0.000011 1.832554 0.000004 0.105744 -0.242323 -0.022342
    15 0.000000 1.003359 0.000001 0.156021 -0.012849 -0.172530
    16 -1.632739 4.327644 -0.483953 0.365946 0.282531 -0.019010
    17 -0.000010 1.637142 0.000010 1.001957 0.015784 -0.110368
    18 0.000007 1.100985 0.000004 0.016762 0.076954 -0.068132
    19 -0.500328 4.452953 -0.532495 0.396541 0.287796 0.017522
    20 -0.000010 1.442617 -0.000010 1.327527 0.029305 -0.036670
    21 -0.000003 1.302446 0.000004 0.004462 -0.041924 0.002923
    22 0.523221 4.540312 -0.480714 0.856150 0.290072 -0.285049
    23 -0.000001 1.198256 0.000008 0.732623 -0.133919 0.043066
    24 -0.000012 0.869780 0.000015 0.218278 0.063758 -0.018636
    25 1.354362 4.150681 -0.582655 0.848409 0.193448 -0.436427
    26 0.000000 1.157421 -0.000006 0.969721 -0.115773 0.002583
    27 0.000001 1.020055 0.000002 -0.120881 -0.015649 -0.025764
    28 5.003218 -8.070315 -8.112608 -2.328610 -0.012011 -0.052191
    29 0.000038 12.695422 -0.000004 -1.441834 0.430814 0.423566
    30 -4.258546 -5.783260 -8.958169 -0.493527 1.530309 2.674561
    31 -1.391397 1.476538 -0.700638 -1.757657 -1.119891 2.167452
    32 0.000002 1.751797 -0.000002 -0.382696 -0.196547 -0.169376
    33 0.000010 1.122969 0.000000 -0.357783 -0.049012 -0.094326
    34 -1.596883 4.441620 0.708540 -1.095981 -1.295283 1.097847
    35 -0.000008 1.481951 -0.000008 0.054514 0.090791 0.175416
    36 0.000002 1.056648 -0.000004 -0.089823 -0.147432 0.506025
    37 -0.470901 4.219486 0.926555 -2.516793 -0.098274 -3.183912
    38 -0.000010 1.609821 0.000004 1.338456 -0.114302 0.088710
    39 -0.000002 1.562311 0.000013 1.278029 0.025855 -0.031619
    40 0.576838 4.298388 0.639431 -2.185777 -0.104021 -3.078000
    41 0.000002 1.553762 -0.000008 1.256440 0.140300 0.008694
    42 0.000003 0.874434 -0.000006 0.891108 0.106771 0.200206
    43 1.459885 4.275572 0.219019 -2.155242 -0.186603 3.315304
    44 -0.000010 0.973051 -0.000004 0.971755 0.217255 0.114332
    45 0.000007 0.970890 0.000004 1.186761 0.085916 0.151173
    46 -7.008868 4.575658 -7.491495 -1.669821 0.623260 0.639768
    47 0.000011 12.706367 0.000010 -2.226311 0.345475 0.132999
    48 0.000000 0.000000 0.000000 1.570796 0.000000 1.570796
    49 -0.000006 1.500006 0.000000 1.570796 0.000000 1.570796
    50 0.000000 -0.299999 0.000000 -1.570796 0.000000 1.570796
    51 0.000000 0.000000 0.000000 0.000000 0.000000 1.570796
    52 0.000000 0.000000 0.000000 0.000000 0.000000 1.570796
    53 0.000000 0.000002 0.000001 0.000000 0.000000 1.919862
    54 0.000000 0.000000 0.000000 -1.570796 0.000000 1.570796
    55 0.000000 0.000000 0.000002 -1.570797 0.000000 1.570796
    56 -0.000002 -0.000002 0.000004 -1.570797 0.000001 1.570796
    57 0.000003 0.000000 0.000000 -1.570796 0.000000 1.570796
    58 0.000002 0.000003 0.000000 -1.570796 0.000000 1.570796
    59 0.000000 0.000000 0.000000 -1.570796 0.000000 1.570796
    60 -0.000001 0.000011 0.000000 -1.570796 0.000000 1.570796
    61 0.000000 0.000000 0.000000 -1.570796 -0.000001 1.570796
    62 0.000000 -0.000001 0.000000 -1.570796 0.000000 1.570796
    63 -0.000002 0.000002 -0.000002 -1.570796 0.000000 1.570796
    64 0.000000 0.000000 0.000000 -1.570797 0.000000 1.570796
    65 0.000000 0.000000 0.000000 -1.570797 0.000000 1.570796
    66 0.000000 0.000000 0.000000 1.570796 0.000000 1.570796
    67 0.000000 1.500000 0.000000 1.570796 0.000000 1.570796
    68 0.000000 0.300001 0.000000 1.570796 0.000000 1.570796
    69 -0.000011 0.000002 -0.000004 -3.141593 0.000001 1.570796
    70 0.000000 0.000000 0.000000 3.141593 0.000000 1.570796
    71 0.000001 0.000000 0.000000 -3.141593 0.000000 1.221730
    72 0.000000 0.000000 0.000000 3.141593 0.000000 1.570796
    73 0.000000 -0.000002 0.000000 3.141593 0.000000 1.570796
    74 0.000004 0.000000 0.000000 3.141593 0.000000 1.570797
    75 -0.000004 0.000000 0.000002 -1.570796 0.000000 1.570796
    76 0.000000 -0.000001 0.000008 -1.570796 0.000000 1.570796
    77 0.000001 0.000000 0.000000 -1.570796 0.000000 1.570796
    78 0.000001 0.000002 0.000000 -1.570796 0.000000 1.570796
    79 0.000000 0.000000 0.000000 -1.570796 0.000000 1.570796
    80 0.000001 0.000000 0.000000 -1.570796 0.000000 1.570796
    81 0.000001 0.000000 0.000000 -1.570796 0.000001 1.570796
    82 -0.000001 0.000000 0.000002 -1.570796 0.000001 1.570796
    83 0.000001 0.000000 0.000000 -1.570796 0.000000 1.570796
  time 140
    0 -3.249192 -11.618234 -5.031466 -3.132257 0.037835 0.005374
    1 0.073573 17.526917 0.777220 0.000000 0.000001 0.000000
    2 -0.226386 4.254942 -0.608961 0.000000 -0.000001 0.000000
    3 -0.277588 6.765625 -0.807617 0.000000 0.000001 0.000000
    4 -0.045094 3.566423 0.891595 0.000000 -0.000001 0.000000
    5 -0.116185 1.807585 2.464996 0.900618 0.000002 0.000000
    6 0.000000 1.030615 0.000004 -2.664712 -0.022662 -3.110110
    7 -0.000002 5.179932 -0.000037 0.232600 -0.001374 0.004892
    8 -0.218267 25.777573 2.487072 2.569765 0.000002 0.000000
    9 0.000000 0.870350 0.000008 -0.029123 -0.004183 0.024883
    10 0.000000 4.478401 0.000072 0.331414 -0.007351 0.021346
    11 -0.588199 15.700035 7.049725 -1.570796 0.000002 0.000000
    12 -1.418617 -24.379620 -8.907386 0.386104 -0.268661 2.102495
    13 -1.294654 1.473667 0.640471 2.361863 -0.514974 -2.105073
    14 0.000011 1.832554 0.000004 0.105720 -0.242323 -0.022342
    15 0.000000 1.003359 0.000001 0.156033 -0.012849 -0.172530
    16 -1.632739 4.327644 -0.483953 0.365946 0.282531 -0.019010
    17 -0.000010 1.637142 0.000010 1.001957 0.015784 -0.110368
    18 0.000007 1.100985 0.000004 0.016762 0.076954 -0.068132
    19 -0.500328 4.452953 -0.532495 0.396541 0.287796 0.017522
    20 -0.000010 1.442617 -0.000010 1.327527 0.029305 -0.036670
    21 -0.000003 1.302446 0.000004 0.004462 -0.041924 0.002935
    22 0.523221 4.540312 -0.480714 0.856150 0.290072 -0.285049
    23 -0.000001 1.198256 0.000008 0.732623 -0.133919 0.043066
    24 -0.000012 0.869780 0.000015 0.218278 0.063758 -0.018624
    25 1.354362 4.150681 -0.582655 0.848409 0.193448 -0.436427
    26 0.000000 1.157421 -0.000006 0.969721 -0.115773 0.002583
    27 0.000001 1.020055 0.000002 -0.120881 -0.015649 -0.025764
    28 5.003218 -8.070315 -8.112608 -2.332231 -0.013003 -0.055407
    29 0.000038 12.695422 -0.000004 -1.442652 0.431181 0.423579
    30 -4.258546 -5.744197 -8.930824 -0.374128 1.525024 2.789238
    31 -1.391397 1.476538 -0.700638 -1.757657 -1.119891 2.167452
    32 0.000002 1.751797 -0.000002 -0.382696 -0.196547 -0.169376
    33 0.000010 1.122969 0.000000 -0.357783 -0.049012 -0.094326
    34 -1.596883 4.441620 0.708540 -1.095924 -1.295283 1.097847
    35 -0.000008 1.481951 -0.000008 0.054514 0.090791 0.175416
    36 0.000002 1.056648 -0.000004 -0.089823 -0.147432 0.506025
    37 -0.470901 4.219486 0.926555 -2.516793 -0.098274 -3.183912
    38 -0.000010 1.609821 0.000004 1.338437 -0.114302 0.088710
    39 -0.000002 1.562311 0.000013 1.278029 0.025855 -0.031619
    40 0.576838 4.298388 0.639431 -2.185741 -0.104021 -3.078000
    41 0.000002 1.553762 -0.000008 1.256440 0.140300 0.008694
    42 0.000003 0.874434 -0.000006 0.891108 0.106771 0.200206
    43 1.459885 4.275572 0.219019 -2.155218 -0.186603 3.315304
    44 -0.000010 0.973051 -0.000004 0.971755 0.217255 0.114332
    45 0.000007 0.970890 0.000004 1.186781 0.085916 0.151173
    46 -7.008868 4.575658 -7.491495 -1.671411 0.623260 0.638831
    47 0.000011 12.706367 0.000010 -2.229854 0.345918 0.132808
    48 0.000000 0.000000 0.000000 1.570796 0.000000 1.570796
    49 -0.000006 1.500006 0.000000 1.570796 0.000000 1.570796
    50 0.000000 -0.299999 0.000000 -1.570796 0.000000 1.570796
    51 0.000000 0.000000 0.000000 0.000000 0.000000 1.570796
    52 0.000000 0.000000 0.000000 0.000000 0.000000 1.570796
    53 0.000000 0.000002 0.000001 0.000000 0.000000 1.919862
    54 0.000000 0.000000 0.000000 -1.570796 0.000000 1.570796
    55 0.000000 0.000000 0.000002 -1.570797 0.000000 1.570796
    56 -0.000002 -0.000002 0.000004 -1.570797 0.000001 1.570796
    57 0.000003 0.000000 0.000000 -1.570796 0.000000 1.570796
    58 0.000002 0.000003 0.000000 -1.570796 0.000000 1.570796
    59 0.000000 0.000000 0.000000 -1.570796 0.000000 1.570796
    60 -0.000001 0.000011 0.000000 -1.570796 0.000000 1.570796
    61 0.000000 0.000000 0.000000 -1.570796 -0.000001 1.570796
    62 0.000000 -0.000001 0.000000 -1.570796 0.000000 1.570796
    63 -0.000002 0.000002 -0.000002 -1.570796 0.000000 1.570796
    64 0.000000 0.000000 0.000000 -1.570797 0.000000 1.570796
    65 0.000000 0.000000 0.000000 -1.570797 0.000000 1.570796
    66 0.000000 0.000000 0.000000 1.570796 0.000000 1.570796
    67 0.000000 1.500000 0.000000 1.570796 0.000000 1.570796
    68 0.000000 0.300001 0.000000 1.570796 0.000000 1.570796
    69 -0.000011 0.000002 -0.000004 -3.141593 0.000001 1.570796
    70 0.000000 0.000000 0.000000 3.141593 0.000000 1.570796
    71 0.000001 0.000000 0.000000 -3.141593 0.000000 1.221730
    72 0.000000 0.000000 0.000000 3.141593 0.000000 1.570796
    73 0.000000 -0.000002 0.000000 3.141593 0.000000 1.570796
    74 0.000004 0.000000 0.000000 3.141593 0.000000 1.570797
    75 -0.000004 0.000000 0.000002 -1.570796 0.000000 1.570796
    76 0.000000 -0.000001 0.000008 -1.570796 0.000000 1.570796
    77 0.000001 0.000000 0.000000 -1.570796 0.000000 1.570796
    78 0.000001 0.000002 0.000000 -1.570796 0.000000 1.570796
    79 0.000000 0.000000 0.000000 -1.570796 0.000000 1.570796
    80 0.000001 0.000000 0.000000 -1.570796 0.000000 1.570796
    81 0.000001 0.000000 0.000000 -1.570796 0.000001 1.570796
    82 -0.000001 0.000000 0.000002 -1.570796 0.000001 1.570796
    83 0.000001 0.000000 0.000000 -1.570796 0.000000 1.570796
  time 141
    0 -3.241379 -11.586983 -5.000215 -3.134631 0.044539 0.003271
    1 0.073573 17.526917 0.777220 0.000000 0.000001 0.000000
    2 -0.226386 4.254942 -0.608961 0.000000 -0.000001 0.000000
    3 -0.277588 6.765625 -0.807617 0.000000 0.000001 0.000000
    4 -0.045094 3.566423 0.891595 0.000000 -0.000001 0.000000
    5 -0.116185 1.807585 2.464996 0.902257 0.000002 0.000000
    6 0.000000 1.030615 0.000004 -2.664526 -0.019894 -3.113998
    7 -0.000002 5.179932 -0.000037 0.235065 -0.002093 0.007889
    8 -0.218267 25.777573 2.487072 2.568302 0.000002 0.000000
    9 0.000000 0.870350 0.000008 -0.029830 -0.002888 0.018026
    10 0.000000 4.478401 0.000072 0.335159 -0.006237 0.017714
    11 -0.513978 15.700035 7.049725 -1.570796 0.000002 0.000000
    12 -1.465494 -24.356182 -8.852697 0.393109 -0.269911 2.098280
    13 -1.294654 1.473667 0.640471 2.361863 -0.514974 -2.105073
    14 0.000011 1.832554 0.000004 0.105720 -0.242323 -0.022342
    15 0.000000 1.003359 0.000001 0.156033 -0.012873 -0.172495
    16 -1.632739 4.327644 -0.483953 0.365946 0.282531 -0.019010
    17 -0.000010 1.637142 0.000010 1.001957 0.015784 -0.110368
    18 0.000007 1.100985 0.000004 0.016762 0.076954 -0.068132
    19 -0.500328 4.452953 -0.532495 0.396541 0.287796 0.017522
    20 -0.000010 1.442617 -0.000010 1.327527 0.029305 -0.036670
    21 -0.000003 1.302446 0.000004 0.004462 -0.041924 0.002923
    22 0.523221 4.540312 -0.480714 0.856150 0.290072 -0.285049
    23 -0.000001 1.198256 0.000008 0.732623 -0.133919 0.043066
    24 -0.000012 0.869780 0.000015 0.218278 0.063758 -0.018636
    25 1.354362 4.150681 -0.582655 0.848432 0.193448 -0.436427
    26 0.000000 1.157421 -0.000006 0.969721 -0.115773 0.002583
    27 0.000001 1.020055 0.000002 -0.120881 -0.015649 -0.025764
    28 5.003218 -8.070315 -8.112608 -2.335098 -0.014194 -0.058008
    29 0.000038 12.695422 -0.000004 -1.443197 0.431355 0.423592
    30 -4.258546 -5.732477 -8.911292 -0.282333 1.519357 2.877202
    31 -1.391397 1.476538 -0.700638 -1.757657 -1.119903 2.167452
    32 0.000002 1.751797 -0.000002 -0.382696 -0.196547 -0.169376
    33 0.000010 1.122969 0.000000 -0.357783 -0.049012 -0.094326
    34 -1.596883 4.441620 0.708540 -1.095981 -1.295283 1.097847
    35 -0.000008 1.481951 -0.000008 0.054514 0.090791 0.175416
    36 0.000002 1.056648 -0.000004 -0.089823 -0.147432 0.506074
    37 -0.470901 4.219486 0.926555 -2.516793 -0.098274 -3.183912
    38 -0.000010 1.609821 0.000004 1.338494 -0.114302 0.088710
    39 -0.000002 1.562311 0.000013 1.278029 0.025855 -0.031619
    40 0.576838 4.298388 0.639431 -2.185729 -0.104021 -3.078000
    41 0.000002 1.553762 -0.000008 1.256440 0.140300 0.008694
    42 0.000003 0.874434 -0.000006 0.891108 0.106771 0.200206
    43 1.459885 4.275572 0.219019 -2.155218 -0.186603 3.315304
    44 -0.000010 0.973051 -0.000004 0.971755 0.217255 0.114332
    45 0.000007 0.970890 0.000004 1.186741 0.085916 0.151173
    46 -7.008868 4.575658 -7.491495 -1.672000 0.622640 0.637808
    47 0.000011 12.706367 0.000010 -2.232781 0.346218 0.132556
    48 0.000000 0.000000 0.000000 1.570796 0.000000 1.570796
    49 -0.000006 1.500006 0.000000 1.570796 0.000000 1.570796
    50 0.000000 -0.299999 0.000000 -1.570796 0.000000 1.570796
    51 0.000000 0.000000 0.000000 0.000000 0.000000 1.570796
    52 0.000000 0.000000 0.000000 0.000000 0.000000 1.570796
    53 0.000000 0.000002 0.000001 0.000000 0.000000 1.919862
    54 0.000000 0.000000 0.000000 -1.570796 0.000000 1.570796
    55 0.000000 0.000000 0.000002 -1.570797 0.000000 1.570796
    56 -0.000002 -0.000002 0.000004 -1.570797 0.000001 1.570796
    57 0.000003 0.000000 0.000000 -1.570796 0.000000 1.570796
    58 0.000002 0.000003 0.000000 -1.570796 0.000000 1.570796
    59 0.000000 0.000000 0.000000 -1.570796 0.000000 1.570796
    60 -0.000001 0.000011 0.000000 -1.570796 0.000000 1.570796
    61 0.000000 0.000000 0.000000 -1.570796 -0.000001 1.570796
    62 0.000000 -0.000001 0.000000 -1.570796 0.000000 1.570796
    63 -0.000002 0.000002 -0.000002 -1.570796 0.000000 1.570796
    64 0.000000 0.000000 0.000000 -1.570797 0.000000 1.570796
    65 0.000000 0.000000 0.000000 -1.570797 0.000000 1.570796
    66 0.000000 0.000000 0.000000 1.570796 0.000000 1.570796
    67 0.000000 1.500000 0.000000 1.570796 0.000000 1.570796
    68 0.000000 0.300001 0.000000 1.570796 0.000000 1.570796
    69 -0.000011 0.000002 -0.000004 -3.141593 0.000001 1.570796
    70 0.000000 0.000000 0.000000 3.141593 0.000000 1.570796
    71 0.000001 0.000000 0.000000 -3.141593 0.000000 1.221730
    72 0.000000 0.000000 0.000000 3.141593 0.000000 1.570796
    73 0.000000 -0.000002 0.000000 3.141593 0.000000 1.570796
    74 0.000004 0.000000 0.000000 3.141593 0.000000 1.570797
    75 -0.000004 0.000000 0.000002 -1.570796 0.000000 1.570796
    76 0.000000 -0.000001 0.000008 -1.570796 0.000000 1.570796
    77 0.000001 0.000000 0.000000 -1.570796 0.000000 1.570796
    78 0.000001 0.000002 0.000000 -1.570796 0.000000 1.570796
    79 0.000000 0.000000 0.000000 -1.570796 0.000000 1.570796
    80 0.000001 0.000000 0.000000 -1.570796 0.000000 1.570796
    81 0.000001 0.000000 0.000000 -1.570796 0.000001 1.570796
    82 -0.000001 0.000000 0.000002 -1.570796 0.000001 1.570796
    83 0.000001 0.000000 0.000000 -1.570796 0.000000 1.570796
  time 142
    0 -3.233567 -11.559639 -4.976777 -3.136748 0.050708 0.001711
    1 0.073573 17.526917 0.777220 0.000000 0.000001 0.000000
    2 -0.226386 4.254942 -0.608961 0.000000 -0.000001 0.000000
    3 -0.277588 6.765625 -0.807617 0.000000 0.000001 0.000000
    4 -0.045094 3.566423 0.891595 0.000000 -0.000001 0.000000
    5 -0.116185 1.807585 2.464996 0.903447 0.000002 0.000000
    6 0.000000 1.030615 0.000004 -2.664324 -0.017197 -3.117634
    7 -0.000002 5.179932 -0.000037 0.236930 -0.002752 0.010417
    8 -0.218267 25.777573 2.487072 2.567476 0.000002 0.000000
    9 0.000000 0.870350 0.000008 -0.030166 -0.001942 0.011765
    10 0.000000 4.478401 0.000072 0.337683 -0.004918 0.014491
    11 -0.428038 15.700035 7.049725 -1.570796 0.000002 0.000000
    12 -1.500651 -24.336650 -8.821446 0.400036 -0.271098 2.095387
    13 -1.294654 1.473667 0.640471 2.361863 -0.514974 -2.105073
    14 0.000011 1.832554 0.000004 0.105720 -0.242323 -0.022342
    15 0.000000 1.003359 0.000001 0.156021 -0.012861 -0.172530
    16 -1.632739 4.327644 -0.483953 0.365946 0.282531 -0.019010
    17 -0.000010 1.637142 0.000010 1.001957 0.015784 -0.110368
    18 0.000007 1.100985 0.000004 0.016762 0.076954 -0.068132
    19 -0.500328 4.452953 -0.532495 0.396541 0.287796 0.017522
    20 -0.000010 1.442617 -0.000010 1.327527 0.029305 -0.036670
    21 -0.000003 1.302446 0.000004 0.004462 -0.041924 0.002935
    22 0.523221 4.540312 -0.480714 0.856150 0.290072 -0.285049
    23 -0.000001 1.198256 0.000008 0.732623 -0.133919 0.043066
    24 -0.000012 0.869780 0.000015 0.218278 0.063758 -0.018636
    25 1.354362 4.150681 -0.582655 0.848432 0.193448 -0.436427
    26 0.000000 1.157421 -0.000006 0.969721 -0.115773 0.002583
    27 0.000001 1.020055 0.000002 -0.120881 -0.015649 -0.025764
    28 5.003218 -8.070315 -8.112608 -2.337512 -0.014922 -0.060198
    29 0.000038 12.695422 -0.000004 -1.443606 0.431471 0.423605
    30 -4.262452 -5.709039 -8.880041 -0.214158 1.513766 2.942555
    31 -1.391397 1.476538 -0.700638 -1.757657 -1.119903 2.167452
    32 0.000002 1.751797 -0.000002 -0.382696 -0.196547 -0.169376
    33 0.000010 1.122969 0.000000 -0.357783 -0.049012 -0.094326
    34 -1.596883 4.441620 0.708540 -1.095924 -1.295283 1.097847
    35 -0.000008 1.481951 -0.000008 0.054514 0.090791 0.175416
    36 0.000002 1.056648 -0.000004 -0.089823 -0.147432 0.506074
    37 -0.470901 4.219486 0.926555 -2.516793 -0.098274 -3.183912
    38 -0.000010 1.609821 0.000004 1.338456 -0.114302 0.088710
    39 -0.000002 1.562311 0.000013 1.278029 0.025855 -0.031619
    40 0.576838 4.298388 0.639431 -2.185729 -0.104021 -3.078000
    41 0.000002 1.553762 -0.000008 1.256440 0.140300 0.008694
    42 0.000003 0.874434 -0.000006 0.891108 0.106771 0.200206
    43 1.459885 4.275572 0.219019 -2.155242 -0.186603 3.315304
    44 -0.000010 0.973051 -0.000004 0.971755 0.217255 0.114332
    45 0.000007 0.970890 0.000004 1.186761 0.085916 0.151173
    46 -7.008868 4.575658 -7.491495 -1.672530 0.622138 0.636870
    47 0.000011 12.706367 0.000010 -2.234321 0.346301 0.132220
    48 0.000000 0.000000 0.000000 1.570796 0.000000 1.570796
    49 -0.000006 1.500006 0.000000 1.570796 0.000000 1.570796
    50 0.000000 -0.299999 0.000000 -1.570796 0.000000 1.570796
    51 0.000000 0.000000 0.000000 0.000000 0.000000 1.570796
    52 0.000000 0.000000 0.000000 0.000000 0.000000 1.570796
    53 0.000000 0.000002 0.000001 0.000000 0.000000 1.919862
    54 0.000000 0.000000 0.000000 -1.570796 0.000000 1.570796
    55 0.000000 0.000000 0.000002 -1.570797 0.000000 1.570796
    56 -0.000002 -0.000002 0.000004 -1.570797 0.000001 1.570796
    57 0.000003 0.000000 0.000000 -1.570796 0.000000 1.570796
    58 0.000002 0.000003 0.000000 -1.570796 0.000000 1.570796
    59 0.000000 0.000000 0.000000 -1.570796 0.000000 1.570796
    60 -0.000001 0.000011 0.000000 -1.570796 0.000000 1.570796
    61 0.000000 0.000000 0.000000 -1.570796 -0.000001 1.570796
    62 0.000000 -0.000001 0.000000 -1.570796 0.000000 1.570796
    63 -0.000002 0.000002 -0.000002 -1.570796 0.000000 1.570796
    64 0.000000 0.000000 0.000000 -1.570797 0.000000 1.570796
    65 0.000000 0.000000 0.000000 -1.570797 0.000000 1.570796
    66 0.000000 0.000000 0.000000 1.570796 0.000000 1.570796
    67 0.000000 1.500000 0.000000 1.570796 0.000000 1.570796
    68 0.000000 0.300001 0.000000 1.570796 0.000000 1.570796
    69 -0.000011 0.000002 -0.000004 -3.141593 0.000001 1.570796
    70 0.000000 0.000000 0.000000 3.141593 0.000000 1.570796
    71 0.000001 0.000000 0.000000 -3.141593 0.000000 1.221730
    72 0.000000 0.000000 0.000000 3.141593 0.000000 1.570796
    73 0.000000 -0.000002 0.000000 3.141593 0.000000 1.570796
    74 0.000004 0.000000 0.000000 3.141593 0.000000 1.570797
    75 -0.000004 0.000000 0.000002 -1.570796 0.000000 1.570796
    76 0.000000 -0.000001 0.000008 -1.570796 0.000000 1.570796
    77 0.000001 0.000000 0.000000 -1.570796 0.000000 1.570796
    78 0.000001 0.000002 0.000000 -1.570796 0.000000 1.570796
    79 0.000000 0.000000 0.000000 -1.570796 0.000000 1.570796
    80 0.000001 0.000000 0.000000 -1.570796 0.000000 1.570796
    81 0.000001 0.000000 0.000000 -1.570796 0.000001 1.570796
    82 -0.000001 0.000000 0.000002 -1.570796 0.000001 1.570796
    83 0.000001 0.000000 0.000000 -1.570796 0.000000 1.570796
  time 143
    0 -3.225754 -11.540107 -4.968964 -3.138705 0.056153 0.000626
    1 0.073573 17.526917 0.777220 0.000000 0.000001 0.000000
    2 -0.226386 4.254942 -0.608961 0.000000 -0.000001 0.000000
    3 -0.277588 6.765625 -0.807617 0.000000 0.000001 0.000000
    4 -0.045094 3.566423 0.891595 0.000000 -0.000001 0.000000
    5 -0.116185 1.807585 2.464996 0.904227 0.000002 0.000000
    6 0.000000 1.030615 0.000004 -2.664324 -0.015124 -3.120609
    7 -0.000002 5.179932 -0.000037 0.238065 -0.003436 0.012634
    8 -0.218267 25.777573 2.487072 2.566816 0.000002 0.000000
    9 0.000000 0.870350 0.000008 -0.030550 -0.001103 0.006632
    10 0.000000 4.478401 0.000072 0.339155 -0.004068 0.011842
    11 -0.353817 15.700035 7.049725 -1.570796 0.000002 0.000000
    12 -1.520183 -24.332744 -8.790195 0.405640 -0.272098 2.092577
    13 -1.294654 1.473667 0.640471 2.361863 -0.514974 -2.105073
    14 0.000011 1.832554 0.000004 0.105720 -0.242323 -0.022342
    15 0.000000 1.003359 0.000001 0.156021 -0.012873 -0.172530
    16 -1.632739 4.327644 -0.483953 0.365946 0.282531 -0.019010
    17 -0.000010 1.637142 0.000010 1.001957 0.015784 -0.110368
    18 0.000007 1.100985 0.000004 0.016762 0.076954 -0.068132
    19 -0.500328 4.452953 -0.532495 0.396541 0.287796 0.017522
    20 -0.000010 1.442617 -0.000010 1.327527 0.029305 -0.036670
    21 -0.000003 1.302446 0.000004 0.004462 -0.041924 0.002923
    22 0.523221 4.540312 -0.480714 0.856150 0.290072 -0.285049
    23 -0.000001 1.198256 0.000008 0.732623 -0.133919 0.043066
    24 -0.000012 0.869780 0.000015 0.218278 0.063758 -0.018636
    25 1.354362 4.150681 -0.582655 0.848409 0.193448 -0.436427
    26 0.000000 1.157421 -0.000006 0.969721 -0.115773 0.002583
    27 0.000001 1.020055 0.000002 -0.120881 -0.015649 -0.025764
    28 5.003218 -8.070315 -8.112608 -2.339398 -0.015484 -0.061772
    29 0.000038 12.695422 -0.000004 -1.443606 0.431471 0.423605
    30 -4.270265 -5.693414 -8.880041 -0.165713 1.508941 2.989685
    31 -1.391397 1.476538 -0.700638 -1.757657 -1.119903 2.167452
    32 0.000002 1.751797 -0.000002 -0.382696 -0.196547 -0.169376
    33 0.000010 1.122969 0.000000 -0.357783 -0.049012 -0.094326
    34 -1.596883 4.441620 0.708540 -1.095981 -1.295283 1.097847
    35 -0.000008 1.481951 -0.000008 0.054514 0.090791 0.175416
    36 0.000002 1.056648 -0.000004 -0.089823 -0.147432 0.506074
    37 -0.470901 4.219486 0.926555 -2.516819 -0.098274 -3.183912
    38 -0.000010 1.609821 0.000004 1.338456 -0.114302 0.088710
    39 -0.000002 1.562311 0.000013 1.278029 0.025855 -0.031619
    40 0.576838 4.298388 0.639431 -2.185777 -0.104021 -3.078000
    41 0.000002 1.553762 -0.000008 1.256440 0.140300 0.008694
    42 0.000003 0.874434 -0.000006 0.891108 0.106771 0.200206
    43 1.459885 4.275572 0.219019 -2.155218 -0.186615 3.315304
    44 -0.000010 0.973051 -0.000004 0.971791 0.217255 0.114332
    45 0.000007 0.970890 0.000004 1.186741 0.085916 0.151173
    46 -7.008868 4.575658 -7.491495 -1.672000 0.621754 0.636359
    47 0.000011 12.706367 0.000010 -2.235785 0.346469 0.132088
    48 0.000000 0.000000 0.000000 1.570796 0.000000 1.570796
    49 -0.000006 1.500006 0.000000 1.570796 0.000000 1.570796
    50 0.000000 -0.299999 0.000000 -1.570796 0.000000 1.570796
    51 0.000000 0.000000 0.000000 0.000000 0.000000 1.570796
    52 0.000000 0.000000 0.000000 0.000000 0.000000 1.570796
    53 0.000000 0.000002 0.000001 0.000000 0.000000 1.919862
    54 0.000000 0.000000 0.000000 -1.570796 0.000000 1.570796
    55 0.000000 0.000000 0.000002 -1.570797 0.000000 1.570796
    56 -0.000002 -0.000002 0.000004 -1.570797 0.000001 1.570796
    57 0.000003 0.000000 0.000000 -1.570796 0.000000 1.570796
    58 0.000002 0.000003 0.000000 -1.570796 0.000000 1.570796
    59 0.000000 0.000000 0.000000 -1.570796 0.000000 1.570796
    60 -0.000001 0.000011 0.000000 -1.570796 0.000000 1.570796
    61 0.000000 0.000000 0.000000 -1.570796 -0.000001 1.570796
    62 0.000000 -0.000001 0.000000 -1.570796 0.000000 1.570796
    63 -0.000002 0.000002 -0.000002 -1.570796 0.000000 1.570796
    64 0.000000 0.000000 0.000000 -1.570797 0.000000 1.570796
    65 0.000000 0.000000 0.000000 -1.570797 0.000000 1.570796
    66 0.000000 0.000000 0.000000 1.570796 0.000000 1.570796
    67 0.000000 1.500000 0.000000 1.570796 0.000000 1.570796
    68 0.000000 0.300001 0.000000 1.570796 0.000000 1.570796
    69 -0.000011 0.000002 -0.000004 -3.141593 0.000001 1.570796
    70 0.000000 0.000000 0.000000 3.141593 0.000000 1.570796
    71 0.000001 0.000000 0.000000 -3.141593 0.000000 1.221730
    72 0.000000 0.000000 0.000000 3.141593 0.000000 1.570796
    73 0.000000 -0.000002 0.000000 3.141593 0.000000 1.570796
    74 0.000004 0.000000 0.000000 3.141593 0.000000 1.570797
    75 -0.000004 0.000000 0.000002 -1.570796 0.000000 1.570796
    76 0.000000 -0.000001 0.000008 -1.570796 0.000000 1.570796
    77 0.000001 0.000000 0.000000 -1.570796 0.000000 1.570796
    78 0.000001 0.000002 0.000000 -1.570796 0.000000 1.570796
    79 0.000000 0.000000 0.000000 -1.570796 0.000000 1.570796
    80 0.000001 0.000000 0.000000 -1.570796 0.000000 1.570796
    81 0.000001 0.000000 0.000000 -1.570796 0.000001 1.570796
    82 -0.000001 0.000000 0.000002 -1.570796 0.000001 1.570796
    83 0.000001 0.000000 0.000000 -1.570796 0.000000 1.570796
  time 144
    0 -3.221848 -11.528388 -4.965058 -3.140277 0.060371 -0.000121
    1 0.073573 17.526917 0.777220 0.000000 0.000001 0.000000
    2 -0.226386 4.254942 -0.608961 0.000000 -0.000001 0.000000
    3 -0.277588 6.765625 -0.807617 0.000000 0.000001 0.000000
    4 -0.045094 3.566423 0.891595 0.000000 -0.000001 0.000000
    5 -0.116185 1.807585 2.464996 0.904578 0.000002 0.000000
    6 0.000000 1.030615 0.000004 -2.664324 -0.013674 -3.122608
    7 -0.000002 5.179932 -0.000037 0.238649 -0.003663 0.014180
    8 -0.218267 25.777573 2.487072 2.566697 0.000002 0.000000
    9 0.000000 0.870350 0.000008 -0.030598 -0.000384 0.003157
    10 0.000000 4.478401 0.000072 0.339823 -0.003301 0.009828
    11 -0.303034 15.700035 7.049725 -1.570796 0.000002 0.000000
    12 -1.547528 -24.305399 -8.770663 0.410621 -0.272910 2.090924
    13 -1.294654 1.473667 0.640471 2.361863 -0.514974 -2.105073
    14 0.000011 1.832554 0.000004 0.105720 -0.242323 -0.022342
    15 0.000000 1.003359 0.000001 0.156021 -0.012921 -0.172530
    16 -1.632739 4.327644 -0.483953 0.365946 0.282531 -0.019010
    17 -0.000010 1.637142 0.000010 1.001957 0.015784 -0.110368
    18 0.000007 1.100985 0.000004 0.016762 0.076954 -0.068132
    19 -0.500328 4.452953 -0.532495 0.396541 0.287796 0.017522
    20 -0.000010 1.442617 -0.000010 1.327527 0.029305 -0.036670
    21 -0.000003 1.302446 0.000004 0.004462 -0.041924 0.002935
    22 0.523221 4.540312 -0.480714 0.856150 0.290072 -0.285049
    23 -0.000001 1.198256 0.000008 0.732623 -0.133919 0.043066
    24 -0.000012 0.869780 0.000015 0.218278 0.063758 -0.018636
    25 1.354362 4.150681 -0.582655 0.848432 0.193448 -0.436427
    26 0.000000 1.157421 -0.000006 0.969721 -0.115773 0.002583
    27 0.000001 1.020055 0.000002 -0.120881 -0.015649 -0.025764
    28 5.003218 -8.070315 -8.112608 -2.340605 -0.015848 -0.062867
    29 0.000038 12.695422 -0.000004 -1.443538 0.431413 0.423592
    30 -4.278078 -5.681695 -8.899573 -0.132274 1.504805 3.021932
    31 -1.391397 1.476538 -0.700638 -1.757657 -1.119903 2.167452
    32 0.000002 1.751797 -0.000002 -0.382696 -0.196547 -0.169376
    33 0.000010 1.122969 0.000000 -0.357783 -0.049012 -0.094326
    34 -1.596883 4.441620 0.708540 -1.095924 -1.295283 1.097847
    35 -0.000008 1.481951 -0.000008 0.054514 0.090791 0.175416
    36 0.000002 1.056648 -0.000004 -0.089823 -0.147432 0.506074
    37 -0.470901 4.219486 0.926555 -2.516819 -0.098274 -3.183912
    38 -0.000010 1.609821 0.000004 1.338456 -0.114302 0.088710
    39 -0.000002 1.562311 0.000013 1.278029 0.025855 -0.031619
    40 0.576838 4.298388 0.639431 -2.185729 -0.104021 -3.078000
    41 0.000002 1.553762 -0.000008 1.256440 0.140300 0.008694
    42 0.000003 0.874434 -0.000006 0.891108 0.106771 0.200206
    43 1.459885 4.275572 0.219019 -2.155218 -0.186603 3.315304
    44 -0.000010 0.973051 -0.000004 0.971755 0.217255 0.114332
    45 0.000007 0.970890 0.000004 1.186761 0.085916 0.151173
    46 -7.008868 4.575658 -7.491495 -1.671942 0.621488 0.635933
    47 0.000011 12.706367 0.000010 -2.236632 0.346697 0.132077
    48 0.000000 0.000000 0.000000 1.570796 0.000000 1.570796
    49 -0.000006 1.500006 0.000000 1.570796 0.000000 1.570796
    50 0.000000 -0.299999 0.000000 -1.570796 0.000000 1.570796
    51 0.000000 0.000000 0.000000 0.000000 0.000000 1.570796
    52 0.000000 0.000000 0.000000 0.000000 0.000000 1.570796
    53 0.000000 0.000002 0.000001 0.000000 0.000000 1.919862
    54 0.000000 0.000000 0.000000 -1.570796 0.000000 1.570796
    55 0.000000 0.000000 0.000002 -1.570797 0.000000 1.570796
    56 -0.000002 -0.000002 0.000004 -1.570797 0.000001 1.570796
    57 0.000003 0.000000 0.000000 -1.570796 0.000000 1.570796
    58 0.000002 0.000003 0.000000 -1.570796 0.000000 1.570796
    59 0.000000 0.000000 0.000000 -1.570796 0.000000 1.570796
    60 -0.000001 0.000011 0.000000 -1.570796 0.000000 1.570796
    61 0.000000 0.000000 0.000000 -1.570796 -0.000001 1.570796
    62 0.000000 -0.000001 0.000000 -1.570796 0.000000 1.570796
    63 -0.000002 0.000002 -0.000002 -1.570796 0.000000 1.570796
    64 0.000000 0.000000 0.000000 -1.570797 0.000000 1.570796
    65 0.000000 0.000000 0.000000 -1.570797 0.000000 1.570796
    66 0.000000 0.000000 0.000000 1.570796 0.000000 1.570796
    67 0.000000 1.500000 0.000000 1.570796 0.000000 1.570796
    68 0.000000 0.300001 0.000000 1.570796 0.000000 1.570796
    69 -0.000011 0.000002 -0.000004 -3.141593 0.000001 1.570796
    70 0.000000 0.000000 0.000000 3.141593 0.000000 1.570796
    71 0.000001 0.000000 0.000000 -3.141593 0.000000 1.221730
    72 0.000000 0.000000 0.000000 3.141593 0.000000 1.570796
    73 0.000000 -0.000002 0.000000 3.141593 0.000000 1.570796
    74 0.000004 0.000000 0.000000 3.141593 0.000000 1.570797
    75 -0.000004 0.000000 0.000002 -1.570796 0.000000 1.570796
    76 0.000000 -0.000001 0.000008 -1.570796 0.000000 1.570796
    77 0.000001 0.000000 0.000000 -1.570796 0.000000 1.570796
    78 0.000001 0.000002 0.000000 -1.570796 0.000000 1.570796
    79 0.000000 0.000000 0.000000 -1.570796 0.000000 1.570796
    80 0.000001 0.000000 0.000000 -1.570796 0.000000 1.570796
    81 0.000001 0.000000 0.000000 -1.570796 0.000001 1.570796
    82 -0.000001 0.000000 0.000002 -1.570796 0.000001 1.570796
    83 0.000001 0.000000 0.000000 -1.570796 0.000000 1.570796
  time 145
    0 -3.217941 -11.520575 -4.957245 -3.141239 0.063172 -0.000528
    1 0.073573 17.526917 0.777220 0.000000 0.000001 0.000000
    2 -0.226386 4.254942 -0.608961 0.000000 -0.000001 0.000000
    3 -0.277588 6.765625 -0.807617 0.000000 0.000001 0.000000
    4 -0.045094 3.566423 0.891595 0.000000 -0.000001 0.000000
    5 -0.116185 1.807585 2.464996 0.904695 0.000002 0.000000
    6 0.000000 1.030615 0.000004 -2.664215 -0.013111 -3.123332
    7 -0.000002 5.179932 -0.000037 0.238811 -0.003807 0.014804
    8 -0.218267 25.777573 2.487072 2.566625 0.000002 0.000000
    9 0.000000 0.870350 0.000008 -0.030598 -0.000300 0.001857
    10 0.000000 4.478401 0.000072 0.340007 -0.003145 0.009133
    11 -0.295221 15.700035 7.049725 -1.570796 0.000002 0.000000
    12 -1.555340 -24.305399 -8.751131 0.413579 -0.273410 2.089684
    13 -1.294654 1.473667 0.640471 2.361863 -0.514974 -2.105073
    14 0.000011 1.832554 0.000004 0.105720 -0.242323 -0.022342
    15 0.000000 1.003359 0.000001 0.156045 -0.012921 -0.172495
    16 -1.632739 4.327644 -0.483953 0.365946 0.282531 -0.019010
    17 -0.000010 1.637142 0.000010 1.001957 0.015784 -0.110368
    18 0.000007 1.100985 0.000004 0.016762 0.076954 -0.068132
    19 -0.500328 4.452953 -0.532495 0.396541 0.287796 0.017522
    20 -0.000010 1.442617 -0.000010 1.327527 0.029305 -0.036670
    21 -0.000003 1.302446 0.000004 0.004462 -0.041924 0.002935
    22 0.523221 4.540312 -0.480714 0.856150 0.290072 -0.285049
    23 -0.000001 1.198256 0.000008 0.732623 -0.133919 0.043054
    24 -0.000012 0.869780 0.000015 0.218278 0.063758 -0.018624
    25 1.354362 4.150681 -0.582655 0.848409 0.193448 -0.436427
    26 0.000000 1.157421 -0.000006 0.969721 -0.115773 0.002583
    27 0.000001 1.020055 0.000002 -0.120881 -0.015649 -0.025764
    28 5.003218 -8.070315 -8.112608 -2.341435 -0.015914 -0.063551
    29 0.000038 12.695422 -0.000004 -1.443197 0.431394 0.423592
    30 -4.281984 -5.677788 -8.895667 -0.112544 1.502201 3.040918
    31 -1.391397 1.476538 -0.700638 -1.757657 -1.119903 2.167452
    32 0.000002 1.751797 -0.000002 -0.382696 -0.196547 -0.169376
    33 0.000010 1.122969 0.000000 -0.357783 -0.049012 -0.094326
    34 -1.596883 4.441620 0.708540 -1.095867 -1.295283 1.097847
    35 -0.000008 1.481951 -0.000008 0.054514 0.090791 0.175416
    36 0.000002 1.056648 -0.000004 -0.089823 -0.147432 0.506074
    37 -0.470901 4.219486 0.926555 -2.516806 -0.098274 -3.183912
    38 -0.000010 1.609821 0.000004 1.338456 -0.114302 0.088710
    39 -0.000002 1.562311 0.000013 1.278029 0.025855 -0.031619
    40 0.576838 4.298388 0.639431 -2.185729 -0.104021 -3.078000
    41 0.000002 1.553762 -0.000008 1.256440 0.140300 0.008694
    42 0.000003 0.874434 -0.000006 0.891108 0.106771 0.200206
    43 1.459885 4.275572 0.219019 -2.155218 -0.186603 3.315304
    44 -0.000010 0.973051 -0.000004 0.971755 0.217255 0.114332
    45 0.000007 0.970890 0.000004 1.186741 0.085916 0.151173
    46 -7.008868 4.575658 -7.491495 -1.671411 0.621311 0.635677
    47 0.000011 12.706367 0.000010 -2.236863 0.346745 0.132077
    48 0.000000 0.000000 0.000000 1.570796 0.000000 1.570796
    49 -0.000006 1.500006 0.000000 1.570796 0.000000 1.570796
    50 0.000000 -0.299999 0.000000 -1.570796 0.000000 1.570796
    51 0.000000 0.000000 0.000000 0.000000 0.000000 1.570796
    52 0.000000 0.000000 0.000000 0.000000 0.000000 1.570796
    53 0.000000 0.000002 0.000001 0.000000 0.000000 1.919862
    54 0.000000 0.000000 0.000000 -1.570796 0.000000 1.570796
    55 0.000000 0.000000 0.000002 -1.570797 0.000000 1.570796
    56 -0.000002 -0.000002 0.000004 -1.570797 0.000001 1.570796
    57 0.000003 0.000000 0.000000 -1.570796 0.000000 1.570796
    58 0.000002 0.000003 0.000000 -1.570796 0.000000 1.570796
    59 0.000000 0.000000 0.000000 -1.570796 0.000000 1.570796
    60 -0.000001 0.000011 0.000000 -1.570796 0.000000 1.570796
    61 0.000000 0.000000 0.000000 -1.570796 -0.000001 1.570796
    62 0.000000 -0.000001 0.000000 -1.570796 0.000000 1.570796
    63 -0.000002 0.000002 -0.000002 -1.570796 0.000000 1.570796
    64 0.000000 0.000000 0.000000 -1.570797 0.000000 1.570796
    65 0.000000 0.000000 0.000000 -1.570797 0.000000 1.570796
    66 0.000000 0.000000 0.000000 1.570796 0.000000 1.570796
    67 0.000000 1.500000 0.000000 1.570796 0.000000 1.570796
    68 0.000000 0.300001 0.000000 1.570796 0.000000 1.570796
    69 -0.000011 0.000002 -0.000004 -3.141593 0.000001 1.570796
    70 0.000000 0.000000 0.000000 3.141593 0.000000 1.570796
    71 0.000001 0.000000 0.000000 -3.141593 0.000000 1.221730
    72 0.000000 0.000000 0.000000 3.141593 0.000000 1.570796
    73 0.000000 -0.000002 0.000000 3.141593 0.000000 1.570796
    74 0.000004 0.000000 0.000000 3.141593 0.000000 1.570797
    75 -0.000004 0.000000 0.000002 -1.570796 0.000000 1.570796
    76 0.000000 -0.000001 0.000008 -1.570796 0.000000 1.570796
    77 0.000001 0.000000 0.000000 -1.570796 0.000000 1.570796
    78 0.000001 0.000002 0.000000 -1.570796 0.000000 1.570796
    79 0.000000 0.000000 0.000000 -1.570796 0.000000 1.570796
    80 0.000001 0.000000 0.000000 -1.570796 0.000000 1.570796
    81 0.000001 0.000000 0.000000 -1.570796 0.000001 1.570796
    82 -0.000001 0.000000 0.000002 -1.570796 0.000001 1.570796
    83 0.000001 0.000000 0.000000 -1.570796 0.000000 1.570796
  time 146
    0 -3.214035 -11.520575 -4.957245 -3.141592 0.064148 -0.000595
    1 0.073573 17.526917 0.777220 0.000000 0.000001 0.000000
    2 -0.226386 4.254942 -0.608961 0.000000 -0.000001 0.000000
    3 -0.277588 6.765625 -0.807617 0.000000 0.000001 0.000000
    4 -0.045094 3.566423 0.891595 0.000000 -0.000001 0.000000
    5 -0.116185 1.807585 2.464996 0.904734 0.000002 0.000000
    6 0.000000 1.030615 0.000004 -2.664215 -0.013111 -3.123332
    7 -0.000002 5.179932 -0.000037 0.238811 -0.003807 0.014804
    8 -0.218267 25.777573 2.487072 2.566625 0.000002 0.000000
    9 0.000000 0.870350 0.000008 -0.030598 -0.000300 0.001857
    10 0.000000 4.478401 0.000072 0.340007 -0.003145 0.009133
    11 -0.295221 15.700035 7.049725 -1.570796 0.000002 0.000000
    12 -1.559247 -24.305399 -8.755037 0.414513 -0.273660 2.089436
    13 -1.294654 1.473667 0.640471 2.361863 -0.514974 -2.105073
    14 0.000011 1.832554 0.000004 0.105720 -0.242323 -0.022342
    15 0.000000 1.003359 0.000001 0.156021 -0.012873 -0.172530
    16 -1.632739 4.327644 -0.483953 0.365946 0.282531 -0.019010
    17 -0.000010 1.637142 0.000010 1.001957 0.015784 -0.110368
    18 0.000007 1.100985 0.000004 0.016762 0.076954 -0.068132
    19 -0.500328 4.452953 -0.532495 0.396541 0.287796 0.017522
    20 -0.000010 1.442617 -0.000010 1.327527 0.029305 -0.036670
    21 -0.000003 1.302446 0.000004 0.004462 -0.041924 0.002935
    22 0.523221 4.540312 -0.480714 0.856150 0.290072 -0.285049
    23 -0.000001 1.198256 0.000008 0.732623 -0.133919 0.043054
    24 -0.000012 0.869780 0.000015 0.218278 0.063758 -0.018648
    25 1.354362 4.150681 -0.582655 0.848432 0.193448 -0.436427
    26 0.000000 1.157421 -0.000006 0.969721 -0.115773 0.002583
    27 0.000001 1.020055 0.000002 -0.120881 -0.015649 -0.025764
    28 5.003218 -8.070315 -8.112608 -2.341661 -0.015914 -0.063825
    29 0.000038 12.695422 -0.000004 -1.443197 0.431355 0.423592
    30 -4.285890 -5.677788 -8.899573 -0.106060 1.501129 3.047596
    31 -1.391397 1.476538 -0.700638 -1.757657 -1.119903 2.167452
    32 0.000002 1.751797 -0.000002 -0.382696 -0.196547 -0.169376
    33 0.000010 1.122969 0.000000 -0.357783 -0.049012 -0.094326
    34 -1.596883 4.441620 0.708540 -1.095924 -1.295283 1.097847
    35 -0.000008 1.481951 -0.000008 0.054514 0.090791 0.175416
    36 0.000002 1.056648 -0.000004 -0.089823 -0.147432 0.506074
    37 -0.470901 4.219486 0.926555 -2.516793 -0.098274 -3.183912
    38 -0.000010 1.609821 0.000004 1.338456 -0.114302 0.088710
    39 -0.000002 1.562311 0.000013 1.278029 0.025855 -0.031619
    40 0.576838 4.298388 0.639431 -2.185741 -0.104021 -3.078000
    41 0.000002 1.553762 -0.000008 1.256440 0.140300 0.008694
    42 0.000003 0.874434 -0.000006 0.891108 0.106771 0.200206
    43 1.459885 4.275572 0.219019 -2.155218 -0.186603 3.315304
    44 -0.000010 0.973051 -0.000004 0.971755 0.217255 0.114332
    45 0.000007 0.970890 0.000004 1.186741 0.085916 0.151173
    46 -7.008868 4.575658 -7.491495 -1.671058 0.621252 0.635592
    47 0.000011 12.706367 0.000010 -2.237017 0.346757 0.132077
    48 0.000000 0.000000 0.000000 1.570796 0.000000 1.570796
    49 -0.000006 1.500006 0.000000 1.570796 0.000000 1.570796
    50 0.000000 -0.299999 0.000000 -1.570796 0.000000 1.570796
    51 0.000000 0.000000 0.000000 0.000000 0.000000 1.570796
    52 0.000000 0.000000 0.000000 0.000000 0.000000 1.570796
    53 0.000000 0.000002 0.000001 0.000000 0.000000 1.919862
    54 0.000000 0.000000 0.000000 -1.570796 0.000000 1.570796
    55 0.000000 0.000000 0.000002 -1.570797 0.000000 1.570796
    56 -0.000002 -0.000002 0.000004 -1.570797 0.000001 1.570796
    57 0.000003 0.000000 0.000000 -1.570796 0.000000 1.570796
    58 0.000002 0.000003 0.000000 -1.570796 0.000000 1.570796
    59 0.000000 0.000000 0.000000 -1.570796 0.000000 1.570796
    60 -0.000001 0.000011 0.000000 -1.570796 0.000000 1.570796
    61 0.000000 0.000000 0.000000 -1.570796 -0.000001 1.570796
    62 0.000000 -0.000001 0.000000 -1.570796 0.000000 1.570796
    63 -0.000002 0.000002 -0.000002 -1.570796 0.000000 1.570796
    64 0.000000 0.000000 0.000000 -1.570797 0.000000 1.570796
    65 0.000000 0.000000 0.000000 -1.570797 0.000000 1.570796
    66 0.000000 0.000000 0.000000 1.570796 0.000000 1.570796
    67 0.000000 1.500000 0.000000 1.570796 0.000000 1.570796
    68 0.000000 0.300001 0.000000 1.570796 0.000000 1.570796
    69 -0.000011 0.000002 -0.000004 -3.141593 0.000001 1.570796
    70 0.000000 0.000000 0.000000 3.141593 0.000000 1.570796
    71 0.000001 0.000000 0.000000 -3.141593 0.000000 1.221730
    72 0.000000 0.000000 0.000000 3.141593 0.000000 1.570796
    73 0.000000 -0.000002 0.000000 3.141593 0.000000 1.570796
    74 0.000004 0.000000 0.000000 3.141593 0.000000 1.570797
    75 -0.000004 0.000000 0.000002 -1.570796 0.000000 1.570796
    76 0.000000 -0.000001 0.000008 -1.570796 0.000000 1.570796
    77 0.000001 0.000000 0.000000 -1.570796 0.000000 1.570796
    78 0.000001 0.000002 0.000000 -1.570796 0.000000 1.570796
    79 0.000000 0.000000 0.000000 -1.570796 0.000000 1.570796
    80 0.000001 0.000000 0.000000 -1.570796 0.000000 1.570796
    81 0.000001 0.000000 0.000000 -1.570796 0.000001 1.570796
    82 -0.000001 0.000000 0.000002 -1.570796 0.000001 1.570796
    83 0.000001 0.000000 0.000000 -1.570796 0.000000 1.570796
end
