version 1
nodes
  0 "spas_main" -1
  1 "pump" 0
  2 "slide" 0
  3 "12g" 0
  4 "trapdoor" 0
  5 "sl_ring1" 0
  6 "sl1a" 5
  7 "sl1b" 6
  8 "sl_ring2" 0
  9 "sl2a" 8
  10 "sl2b" 9
  11 "sltarget" 0
  12 "l_wrist" -1
  13 "l_thumb_low" 12
  14 "l_thumb_mid" 13
  15 "l_thumb_tip" 14
  16 "l_index_low" 12
  17 "l_index_mid" 16
  18 "l_index_tip" 17
  19 "l_middle_low" 12
  20 "l_middle_mid" 19
  21 "l_middle_tip" 20
  22 "l_ring_low" 12
  23 "l_ring_mid" 22
  24 "l_ring_tip" 23
  25 "l_pinky_low" 12
  26 "l_pinky_mid" 25
  27 "l_pinky_tip" 26
  28 "l_upperarm" -1
  29 "l_forearm" 28
  30 "r_wrist" -1
  31 "r_thumb_low" 30
  32 "r_thumb_mid" 31
  33 "r_thumb_tip" 32
  34 "r_index_low" 30
  35 "r_index_mid" 34
  36 "r_index_tip" 35
  37 "r_middle_low" 30
  38 "r_middle_mid" 37
  39 "r_middle_tip" 38
  40 "r_ring_low" 30
  41 "r_ring_mid" 40
  42 "r_ring_tip" 41
  43 "r_pinky_low" 30
  44 "r_pinky_mid" 43
  45 "r_pinky_tip" 44
  46 "r_upperarm" -1
  47 "r_forearm" 46
  48 "ValveBiped.Bip01_L_UpperArm" 28
  49 "ValveBiped.Bip01_L_Forearm" 29
  50 "ValveBiped.Bip01_L_Hand" 12
  51 "ValveBiped.Bip01_L_Finger0" 13
  52 "ValveBiped.Bip01_L_Finger01" 14
  53 "ValveBiped.Bip01_L_Finger02" 15
  54 "ValveBiped.Bip01_L_Finger1" 16
  55 "ValveBiped.Bip01_L_Finger11" 17
  56 "ValveBiped.Bip01_L_Finger12" 18
  57 "ValveBiped.Bip01_L_Finger2" 19
  58 "ValveBiped.Bip01_L_Finger21" 20
  59 "ValveBiped.Bip01_L_Finger22" 21
  60 "ValveBiped.Bip01_L_Finger3" 22
  61 "ValveBiped.Bip01_L_Finger31" 23
  62 "ValveBiped.Bip01_L_Finger32" 24
  63 "ValveBiped.Bip01_L_Finger4" 25
  64 "ValveBiped.Bip01_L_Finger41" 26
  65 "ValveBiped.Bip01_L_Finger42" 27
  66 "ValveBiped.Bip01_R_UpperArm" 46
  67 "ValveBiped.Bip01_R_Forearm" 47
  68 "ValveBiped.Bip01_R_Hand" 30
  69 "ValveBiped.Bip01_R_Finger0" 31
  70 "ValveBiped.Bip01_R_Finger01" 32
  71 "ValveBiped.Bip01_R_Finger02" 33
  72 "ValveBiped.Bip01_R_Finger1" 34
  73 "ValveBiped.Bip01_R_Finger11" 35
  74 "ValveBiped.Bip01_R_Finger12" 36
  75 "ValveBiped.Bip01_R_Finger2" 37
  76 "ValveBiped.Bip01_R_Finger21" 38
  77 "ValveBiped.Bip01_R_Finger22" 39
  78 "ValveBiped.Bip01_R_Finger3" 40
  79 "ValveBiped.Bip01_R_Finger31" 41
  80 "ValveBiped.Bip01_R_Finger32" 42
  81 "ValveBiped.Bip01_R_Finger4" 43
  82 "ValveBiped.Bip01_R_Finger41" 44
  83 "ValveBiped.Bip01_R_Finger42" 45
end
skeleton
  time 0
    0 -3.214035 -11.520575 -4.957245 -3.141592 0.064148 -0.000595
    1 0.073573 17.526917 0.777220 0.000000 0.000001 0.000000
    2 -0.226386 4.254942 -0.608961 0.000000 -0.000001 0.000000
    3 -0.276464 6.772074 -0.800603 0.000000 0.000001 0.000000
    4 -0.045094 3.566423 0.891595 0.000000 -0.000001 0.000000
    5 -0.116185 1.807585 2.464996 0.904734 0.000002 0.000000
    6 0.000000 1.030615 0.000004 -2.664215 -0.013111 -3.123332
    7 -0.000002 5.179932 -0.000037 0.238811 -0.003807 0.014816
    8 -0.218267 25.777573 2.487072 2.566625 0.000002 0.000000
    9 0.000000 0.870350 0.000008 -0.030598 -0.000300 0.001857
    10 0.000000 4.478401 0.000072 0.340007 -0.003145 0.009133
    11 -0.295221 15.700035 7.049725 -1.570796 0.000002 0.000000
    12 -1.559247 -24.305399 -8.755037 0.414513 -0.273660 2.089436
    13 -1.294654 1.473667 0.640471 2.361876 -0.514949 -2.105093
    14 0.000011 1.832554 0.000004 0.105648 -0.242335 -0.022342
    15 0.000000 1.003359 0.000001 0.156021 -0.012873 -0.172530
    16 -1.632739 4.327644 -0.483953 0.365948 0.282538 -0.018866
    17 -0.000010 1.637142 0.000010 1.001957 0.015784 -0.110368
    18 0.000007 1.100985 0.000004 0.016863 0.076959 -0.068142
    19 -0.500328 4.452953 -0.532495 0.396641 0.287811 0.017519
    20 -0.000010 1.442617 -0.000010 1.327387 0.029467 -0.036819
    21 -0.000003 1.302446 0.000004 0.004462 -0.041900 0.003019
    22 0.523221 4.540312 -0.480714 0.856087 0.290097 -0.284908
    23 -0.000001 1.198256 0.000008 0.732584 -0.133859 0.043090
    24 -0.000012 0.869780 0.000015 0.218278 0.063758 -0.018624
    25 1.354362 4.150681 -0.582655 0.848455 0.193304 -0.436307
    26 0.000000 1.157421 -0.000006 0.969716 -0.115782 0.002585
    27 0.000001 1.020055 0.000002 -0.120834 -0.015597 -0.025922
    28 5.003218 -8.070315 -8.112608 -2.341661 -0.015914 -0.063825
    29 0.000038 12.695422 -0.000004 -1.443197 0.431355 0.423592
    30 -4.285890 -5.677788 -8.899573 -0.106060 1.501129 3.047596
    31 -1.391397 1.476538 -0.700638 -1.757693 -1.119969 2.167463
    32 0.000002 1.751797 -0.000002 -0.382702 -0.196552 -0.169375
    33 0.000010 1.122969 0.000000 -0.357783 -0.049016 -0.094327
    34 -1.596883 4.441620 0.708540 -1.095924 -1.295283 1.097847
    35 -0.000008 1.481951 -0.000008 0.054514 0.090791 0.175416
    36 0.000002 1.056648 -0.000004 -0.089823 -0.147432 0.506074
    37 -0.470901 4.219486 0.926555 -2.516735 -0.098957 3.098983
    38 -0.000010 1.609821 0.000004 1.338602 -0.114174 0.088559
    39 -0.000002 1.562311 0.000013 1.278058 0.025862 -0.031766
    40 0.576838 4.298388 0.639431 -2.185725 -0.104952 -3.078380
    41 0.000002 1.553762 -0.000008 1.256440 0.140300 0.008694
    42 0.000003 0.874434 -0.000006 0.891126 0.106776 0.200329
    43 1.459885 4.275572 0.219019 -2.155218 -0.186603 3.315304
    44 -0.000010 0.973051 -0.000004 0.971832 0.217249 0.114333
    45 0.000007 0.970890 0.000004 1.186789 0.085797 0.151228
    46 -7.008868 4.575658 -7.491495 -1.671058 0.621252 0.635592
    47 0.000011 12.706367 0.000010 -2.237017 0.346757 0.132077
    48 0.000000 0.000000 0.000000 1.570796 0.000000 1.570796
    49 -0.000006 1.500006 0.000000 1.570796 0.000000 1.570796
    50 0.000000 -0.299999 0.000000 -1.570796 0.000000 1.570796
    51 0.000000 0.000000 0.000000 0.000000 0.000000 1.570796
    52 0.000000 0.000000 0.000000 0.000000 0.000000 1.570796
    53 0.000000 0.000002 0.000001 0.000000 0.000000 1.919862
    54 0.000000 0.000000 0.000000 -1.570796 0.000000 1.570796
    55 0.000000 0.000000 0.000002 -1.570797 0.000000 1.570796
    56 -0.000002 -0.000002 0.000004 -1.570797 0.000001 1.570796
    57 0.000003 0.000000 0.000000 -1.570796 0.000000 1.570796
    58 0.000002 0.000003 0.000000 -1.570796 0.000000 1.570796
    59 0.000000 0.000000 0.000000 -1.570796 0.000000 1.570796
    60 -0.000001 0.000011 0.000000 -1.570796 0.000000 1.570796
    61 0.000000 0.000000 0.000000 -1.570796 -0.000001 1.570796
    62 0.000000 -0.000001 0.000000 -1.570796 0.000000 1.570796
    63 -0.000002 0.000002 -0.000002 -1.570796 0.000000 1.570796
    64 0.000000 0.000000 0.000000 -1.570797 0.000000 1.570796
    65 0.000000 0.000000 0.000000 -1.570797 0.000000 1.570796
    66 0.000000 0.000000 0.000000 1.570796 0.000000 1.570796
    67 0.000000 1.500000 0.000000 1.570796 0.000000 1.570796
    68 0.000000 0.300001 0.000000 1.570796 0.000000 1.570796
    69 -0.000011 0.000002 -0.000004 -3.141593 0.000001 1.570796
    70 0.000000 0.000000 0.000000 3.141593 0.000000 1.570796
    71 0.000001 0.000000 0.000000 -3.141593 0.000000 1.221730
    72 0.000000 0.000000 0.000000 3.141593 0.000000 1.570796
    73 0.000000 -0.000002 0.000000 3.141593 0.000000 1.570796
    74 0.000004 0.000000 0.000000 3.141593 0.000000 1.570797
    75 -0.000004 0.000000 0.000002 -1.570796 0.000000 1.570796
    76 0.000000 -0.000001 0.000008 -1.570796 0.000000 1.570796
    77 0.000001 0.000000 0.000000 -1.570796 0.000000 1.570796
    78 0.000001 0.000002 0.000000 -1.570796 0.000000 1.570796
    79 0.000000 0.000000 0.000000 -1.570796 0.000000 1.570796
    80 0.000001 0.000000 0.000000 -1.570796 0.000000 1.570796
    81 0.000001 0.000000 0.000000 -1.570796 0.000001 1.570796
    82 -0.000001 0.000000 0.000002 -1.570796 0.000001 1.570796
    83 0.000001 0.000000 0.000000 -1.570796 0.000000 1.570796
  time 1
    0 -3.225754 -11.403384 -4.968964 -3.141592 0.093797 -0.007175
    1 0.073573 17.526917 0.777220 0.000000 0.000001 0.000000
    2 -0.226386 4.254942 -0.608961 0.000000 -0.000001 0.000000
    3 -0.311621 6.522067 -0.663880 0.000000 0.000001 0.000000
    4 -0.045094 3.566423 0.891595 0.000000 -0.000001 0.000000
    5 -0.116185 1.807585 2.464996 0.904675 0.000002 0.000000
    6 0.000000 1.030615 0.000004 -2.664308 -0.011828 -3.125032
    7 -0.000002 5.179932 -0.000037 0.238892 -0.004251 0.015906
    8 -0.218267 25.777573 2.487072 2.566625 0.000002 0.000000
    9 0.000000 0.870350 0.000008 -0.030598 0.000180 -0.000995
    10 0.000000 4.478401 0.000072 0.339890 -0.002581 0.007707
    11 -0.267876 15.700035 7.049725 -1.570796 0.000002 0.000000
    12 -1.774097 -24.207740 -8.848790 0.444167 -0.285595 2.072823
    13 -1.294654 1.473667 0.640471 2.361876 -0.514949 -2.105093
    14 0.000011 1.832554 0.000004 0.105648 -0.242335 -0.022342
    15 0.000000 1.003359 0.000001 0.156045 -0.012813 -0.172530
    16 -1.632739 4.327644 -0.483953 0.365948 0.282538 -0.018866
    17 -0.000010 1.637142 0.000010 1.001957 0.015784 -0.110368
    18 0.000007 1.100985 0.000004 0.016835 0.076959 -0.068142
    19 -0.500328 4.452953 -0.532495 0.396574 0.287811 0.017519
    20 -0.000010 1.442617 -0.000010 1.327387 0.029467 -0.036819
    21 -0.000003 1.302446 0.000004 0.004462 -0.041900 0.003019
    22 0.523221 4.540312 -0.480714 0.856087 0.290097 -0.284908
    23 -0.000001 1.198256 0.000008 0.732525 -0.133859 0.043090
    24 -0.000012 0.869780 0.000015 0.218278 0.063758 -0.018636
    25 1.354362 4.150681 -0.582655 0.848455 0.193304 -0.436307
    26 0.000000 1.157421 -0.000006 0.969716 -0.115782 0.002585
    27 0.000001 1.020055 0.000002 -0.120816 -0.015597 -0.025922
    28 5.003218 -8.070315 -8.112608 -2.334268 -0.010952 -0.077170
    29 0.000038 12.695422 -0.000004 -1.444219 0.431761 0.423801
    30 -4.371831 -5.556691 -8.852697 -0.077715 1.471872 3.069635
    31 -1.391397 1.476538 -0.700638 -1.757693 -1.119969 2.167463
    32 0.000002 1.751797 -0.000002 -0.382702 -0.196552 -0.169375
    33 0.000010 1.122969 0.000000 -0.357783 -0.049016 -0.094327
    34 -1.596883 4.441620 0.708540 -1.095924 -1.295283 1.097847
    35 -0.000008 1.481951 -0.000008 0.054454 0.090827 0.174679
    36 0.000002 1.056648 -0.000004 -0.089236 -0.147720 0.502571
    37 -0.470901 4.219486 0.926555 -2.516735 -0.098957 3.098983
    38 -0.000010 1.609821 0.000004 1.338602 -0.114174 0.088559
    39 -0.000002 1.562311 0.000013 1.278058 0.025862 -0.031766
    40 0.576838 4.298388 0.639431 -2.185725 -0.104952 -3.078380
    41 0.000002 1.553762 -0.000008 1.256440 0.140300 0.008694
    42 0.000003 0.874434 -0.000006 0.891126 0.106776 0.200329
    43 1.459885 4.275572 0.219019 -2.155218 -0.186603 3.315304
    44 -0.000010 0.973051 -0.000004 0.971832 0.217249 0.114333
    45 0.000007 0.970890 0.000004 1.186789 0.085797 0.151228
    46 -7.008868 4.575658 -7.491495 -1.666347 0.617353 0.629625
    47 0.000011 12.706367 0.000010 -2.249494 0.348303 0.130662
    48 0.000000 0.000000 0.000000 1.570796 0.000000 1.570796
    49 -0.000006 1.500006 0.000000 1.570796 0.000000 1.570796
    50 0.000000 -0.299999 0.000000 -1.570796 0.000000 1.570796
    51 0.000000 0.000000 0.000000 0.000000 0.000000 1.570796
    52 0.000000 0.000000 0.000000 0.000000 0.000000 1.570796
    53 0.000000 0.000002 0.000001 0.000000 0.000000 1.919862
    54 0.000000 0.000000 0.000000 -1.570796 0.000000 1.570796
    55 0.000000 0.000000 0.000002 -1.570797 0.000000 1.570796
    56 -0.000002 -0.000002 0.000004 -1.570797 0.000001 1.570796
    57 0.000003 0.000000 0.000000 -1.570796 0.000000 1.570796
    58 0.000002 0.000003 0.000000 -1.570796 0.000000 1.570796
    59 0.000000 0.000000 0.000000 -1.570796 0.000000 1.570796
    60 -0.000001 0.000011 0.000000 -1.570796 0.000000 1.570796
    61 0.000000 0.000000 0.000000 -1.570796 -0.000001 1.570796
    62 0.000000 -0.000001 0.000000 -1.570796 0.000000 1.570796
    63 -0.000002 0.000002 -0.000002 -1.570796 0.000000 1.570796
    64 0.000000 0.000000 0.000000 -1.570797 0.000000 1.570796
    65 0.000000 0.000000 0.000000 -1.570797 0.000000 1.570796
    66 0.000000 0.000000 0.000000 1.570796 0.000000 1.570796
    67 0.000000 1.500000 0.000000 1.570796 0.000000 1.570796
    68 0.000000 0.300001 0.000000 1.570796 0.000000 1.570796
    69 -0.000011 0.000002 -0.000004 -3.141593 0.000001 1.570796
    70 0.000000 0.000000 0.000000 3.141593 0.000000 1.570796
    71 0.000001 0.000000 0.000000 -3.141593 0.000000 1.221730
    72 0.000000 0.000000 0.000000 3.141593 0.000000 1.570796
    73 0.000000 -0.000002 0.000000 3.141593 0.000000 1.570796
    74 0.000004 0.000000 0.000000 3.141593 0.000000 1.570797
    75 -0.000004 0.000000 0.000002 -1.570796 0.000000 1.570796
    76 0.000000 -0.000001 0.000008 -1.570796 0.000000 1.570796
    77 0.000001 0.000000 0.000000 -1.570796 0.000000 1.570796
    78 0.000001 0.000002 0.000000 -1.570796 0.000000 1.570796
    79 0.000000 0.000000 0.000000 -1.570796 0.000000 1.570796
    80 0.000001 0.000000 0.000000 -1.570796 0.000000 1.570796
    81 0.000001 0.000000 0.000000 -1.570796 0.000001 1.570796
    82 -0.000001 0.000000 0.000002 -1.570796 0.000001 1.570796
    83 0.000001 0.000000 0.000000 -1.570796 0.000000 1.570796
  time 2
    0 -3.276537 -11.192440 -5.008028 -3.142555 0.149035 -0.023455
    1 0.073573 17.526917 0.777220 0.000000 0.000001 0.000000
    2 -0.226386 4.254942 -0.608961 0.000000 -0.000001 0.000000
    3 -0.467876 5.713448 -0.183397 0.000000 0.000001 0.000000
    4 -0.045094 3.566423 0.891595 0.000000 -0.000001 0.000000
    5 -0.116185 1.807585 2.464996 0.904305 0.000002 0.000000
    6 0.000000 1.030615 0.000004 -2.664324 -0.008964 -3.129093
    7 -0.000002 5.179932 -0.000037 0.237838 -0.004970 0.018854
    8 -0.218267 25.777573 2.487072 2.567296 0.000002 0.000000
    9 0.000000 0.870350 0.000008 -0.030502 0.001210 -0.007892
    10 0.000000 4.478401 0.000072 0.337366 -0.001203 0.003908
    11 -0.170217 15.700035 7.049725 -1.570796 0.000002 0.000000
    12 -2.278019 -24.028047 -9.032390 0.503553 -0.304028 2.035465
    13 -1.294654 1.473667 0.640471 2.361876 -0.514949 -2.105093
    14 0.000011 1.832554 0.000004 0.105648 -0.242335 -0.022342
    15 0.000000 1.003359 0.000001 0.156021 -0.012909 -0.172530
    16 -1.632739 4.327644 -0.483953 0.365948 0.282538 -0.018866
    17 -0.000010 1.637142 0.000010 1.001957 0.015772 -0.110368
    18 0.000007 1.100985 0.000004 0.016835 0.076959 -0.068142
    19 -0.500328 4.452953 -0.532495 0.396668 0.287811 0.017519
    20 -0.000010 1.442617 -0.000010 1.327387 0.029467 -0.036819
    21 -0.000003 1.302446 0.000004 0.004462 -0.041900 0.003019
    22 0.523221 4.540312 -0.480714 0.856087 0.290097 -0.284908
    23 -0.000001 1.198256 0.000008 0.732525 -0.133859 0.043090
    24 -0.000012 0.869780 0.000015 0.218278 0.063758 -0.018624
    25 1.354362 4.150681 -0.582655 0.848455 0.193304 -0.436307
    26 0.000000 1.157421 -0.000006 0.969716 -0.115782 0.002585
    27 0.000001 1.020055 0.000002 -0.120816 -0.015597 -0.025922
    28 5.003218 -8.070315 -8.112608 -2.319255 0.006878 -0.107282
    29 0.000038 12.695422 -0.000004 -1.441085 0.430466 0.423579
    30 -4.520273 -5.334028 -8.852697 -0.048166 1.416729 3.082610
    31 -1.391397 1.476538 -0.700638 -1.757693 -1.119969 2.167463
    32 0.000002 1.751797 -0.000002 -0.382702 -0.196552 -0.169375
    33 0.000010 1.122969 0.000000 -0.357783 -0.049016 -0.094327
    34 -1.596883 4.441620 0.708540 -1.095924 -1.295283 1.097847
    35 -0.000008 1.481951 -0.000008 0.054106 0.090911 0.172570
    36 0.000002 1.056648 -0.000004 -0.087786 -0.148571 0.492577
    37 -0.470901 4.219486 0.926555 -2.516735 -0.098957 3.098983
    38 -0.000010 1.609821 0.000004 1.338602 -0.114174 0.088559
    39 -0.000002 1.562311 0.000013 1.278058 0.025862 -0.031766
    40 0.576838 4.298388 0.639431 -2.185725 -0.104952 -3.078380
    41 0.000002 1.553762 -0.000008 1.256440 0.140300 0.008694
    42 0.000003 0.874434 -0.000006 0.891126 0.106776 0.200329
    43 1.459885 4.275572 0.219019 -2.155218 -0.186603 3.315304
    44 -0.000010 0.973051 -0.000004 0.971832 0.217249 0.114333
    45 0.000007 0.970890 0.000004 1.186789 0.085797 0.151228
    46 -7.008868 4.575658 -7.491495 -1.656041 0.610471 0.620164
    47 0.000011 12.706367 0.000010 -2.272446 0.350975 0.128182
    48 0.000000 0.000000 0.000000 1.570796 0.000000 1.570796
    49 -0.000006 1.500006 0.000000 1.570796 0.000000 1.570796
    50 0.000000 -0.299999 0.000000 -1.570796 0.000000 1.570796
    51 0.000000 0.000000 0.000000 0.000000 0.000000 1.570796
    52 0.000000 0.000000 0.000000 0.000000 0.000000 1.570796
    53 0.000000 0.000002 0.000001 0.000000 0.000000 1.919862
    54 0.000000 0.000000 0.000000 -1.570796 0.000000 1.570796
    55 0.000000 0.000000 0.000002 -1.570797 0.000000 1.570796
    56 -0.000002 -0.000002 0.000004 -1.570797 0.000001 1.570796
    57 0.000003 0.000000 0.000000 -1.570796 0.000000 1.570796
    58 0.000002 0.000003 0.000000 -1.570796 0.000000 1.570796
    59 0.000000 0.000000 0.000000 -1.570796 0.000000 1.570796
    60 -0.000001 0.000011 0.000000 -1.570796 0.000000 1.570796
    61 0.000000 0.000000 0.000000 -1.570796 -0.000001 1.570796
    62 0.000000 -0.000001 0.000000 -1.570796 0.000000 1.570796
    63 -0.000002 0.000002 -0.000002 -1.570796 0.000000 1.570796
    64 0.000000 0.000000 0.000000 -1.570797 0.000000 1.570796
    65 0.000000 0.000000 0.000000 -1.570797 0.000000 1.570796
    66 0.000000 0.000000 0.000000 1.570796 0.000000 1.570796
    67 0.000000 1.500000 0.000000 1.570796 0.000000 1.570796
    68 0.000000 0.300001 0.000000 1.570796 0.000000 1.570796
    69 -0.000011 0.000002 -0.000004 -3.141593 0.000001 1.570796
    70 0.000000 0.000000 0.000000 3.141593 0.000000 1.570796
    71 0.000001 0.000000 0.000000 -3.141593 0.000000 1.221730
    72 0.000000 0.000000 0.000000 3.141593 0.000000 1.570796
    73 0.000000 -0.000002 0.000000 3.141593 0.000000 1.570796
    74 0.000004 0.000000 0.000000 3.141593 0.000000 1.570797
    75 -0.000004 0.000000 0.000002 -1.570796 0.000000 1.570796
    76 0.000000 -0.000001 0.000008 -1.570796 0.000000 1.570796
    77 0.000001 0.000000 0.000000 -1.570796 0.000000 1.570796
    78 0.000001 0.000002 0.000000 -1.570796 0.000000 1.570796
    79 0.000000 0.000000 0.000000 -1.570796 0.000000 1.570796
    80 0.000001 0.000000 0.000000 -1.570796 0.000000 1.570796
    81 0.000001 0.000000 0.000000 -1.570796 0.000001 1.570796
    82 -0.000001 0.000000 0.000002 -1.570796 0.000001 1.570796
    83 0.000001 0.000000 0.000000 -1.570796 0.000000 1.570796
  time 3
    0 -3.382009 -11.079155 -5.082249 -3.144512 0.179125 -0.044212
    1 0.073573 17.526917 0.777220 0.000000 0.000001 0.000000
    2 -0.226386 4.254942 -0.608961 0.000000 -0.000001 0.000000
    3 -0.678820 4.428253 0.578345 0.000000 0.000001 0.000000
    4 -0.045094 3.566423 0.891595 0.000000 -0.000001 0.000000
    5 -0.116185 1.807585 2.464996 0.902062 0.000002 0.000000
    6 0.000000 1.030615 0.000004 -2.665038 -0.005333 -3.134020
    7 -0.000002 5.179932 -0.000037 0.233589 -0.005773 0.022078
    8 -0.218267 25.777573 2.487072 2.569561 0.000002 0.000000
    9 0.000000 0.870350 0.000008 -0.029711 0.002721 -0.016076
    10 0.000000 4.478401 0.000072 0.329273 0.000415 -0.000526
    11 -0.072558 15.700035 7.049725 -1.570796 0.000002 0.000000
    12 -2.809285 -23.934294 -9.235521 0.544337 -0.305153 1.998685
    13 -1.294654 1.473667 0.640471 2.361876 -0.514949 -2.105093
    14 0.000011 1.832554 0.000004 0.105648 -0.242335 -0.022342
    15 0.000000 1.003359 0.000001 0.156033 -0.012873 -0.172565
    16 -1.632739 4.327644 -0.483953 0.365948 0.282538 -0.018866
    17 -0.000010 1.637142 0.000010 1.001957 0.015772 -0.110368
    18 0.000007 1.100985 0.000004 0.016835 0.076959 -0.068154
    19 -0.500328 4.452953 -0.532495 0.396574 0.287811 0.017519
    20 -0.000010 1.442617 -0.000010 1.327387 0.029467 -0.036819
    21 -0.000003 1.302446 0.000004 0.004462 -0.041900 0.003019
    22 0.523221 4.540312 -0.480714 0.856087 0.290097 -0.284908
    23 -0.000001 1.198256 0.000008 0.732525 -0.133859 0.043102
    24 -0.000012 0.869780 0.000015 0.218278 0.063758 -0.018624
    25 1.354362 4.150681 -0.582655 0.848455 0.193304 -0.436307
    26 0.000000 1.157421 -0.000006 0.969716 -0.115794 0.002585
    27 0.000001 1.020055 0.000002 -0.120834 -0.015597 -0.025922
    28 5.003218 -8.070315 -8.112608 -2.304167 0.041811 -0.136641
    29 0.000038 12.695422 -0.000004 -1.426231 0.424454 0.422549
    30 -4.602306 -5.189492 -8.880041 -0.031678 1.386783 3.078412
    31 -1.391397 1.476538 -0.700638 -1.757693 -1.119969 2.167463
    32 0.000002 1.751797 -0.000002 -0.382702 -0.196552 -0.169375
    33 0.000010 1.122969 0.000000 -0.357783 -0.049016 -0.094327
    34 -1.596883 4.441620 0.708540 -1.095924 -1.295283 1.097847
    35 -0.000008 1.481951 -0.000008 0.053938 0.091115 0.169216
    36 0.000002 1.056648 -0.000004 -0.085437 -0.149973 0.476679
    37 -0.470901 4.219486 0.926555 -2.516735 -0.098957 3.098983
    38 -0.000010 1.609821 0.000004 1.338602 -0.114174 0.088559
    39 -0.000002 1.562311 0.000013 1.278058 0.025862 -0.031766
    40 0.576838 4.298388 0.639431 -2.185725 -0.104952 -3.078380
    41 0.000002 1.553762 -0.000008 1.256440 0.140300 0.008694
    42 0.000003 0.874434 -0.000006 0.891126 0.106776 0.200329
    43 1.459885 4.275572 0.219019 -2.155218 -0.186603 3.315304
    44 -0.000010 0.973051 -0.000004 0.971832 0.217249 0.114333
    45 0.000007 0.970890 0.000004 1.186789 0.085797 0.151228
    46 -7.008868 4.575658 -7.491495 -1.642202 0.608669 0.620761
    47 0.000011 12.706367 0.000010 -2.285000 0.352485 0.126803
    48 0.000000 0.000000 0.000000 1.570796 0.000000 1.570796
    49 -0.000006 1.500006 0.000000 1.570796 0.000000 1.570796
    50 0.000000 -0.299999 0.000000 -1.570796 0.000000 1.570796
    51 0.000000 0.000000 0.000000 0.000000 0.000000 1.570796
    52 0.000000 0.000000 0.000000 0.000000 0.000000 1.570796
    53 0.000000 0.000002 0.000001 0.000000 0.000000 1.919862
    54 0.000000 0.000000 0.000000 -1.570796 0.000000 1.570796
    55 0.000000 0.000000 0.000002 -1.570797 0.000000 1.570796
    56 -0.000002 -0.000002 0.000004 -1.570797 0.000001 1.570796
    57 0.000003 0.000000 0.000000 -1.570796 0.000000 1.570796
    58 0.000002 0.000003 0.000000 -1.570796 0.000000 1.570796
    59 0.000000 0.000000 0.000000 -1.570796 0.000000 1.570796
    60 -0.000001 0.000011 0.000000 -1.570796 0.000000 1.570796
    61 0.000000 0.000000 0.000000 -1.570796 -0.000001 1.570796
    62 0.000000 -0.000001 0.000000 -1.570796 0.000000 1.570796
    63 -0.000002 0.000002 -0.000002 -1.570796 0.000000 1.570796
    64 0.000000 0.000000 0.000000 -1.570797 0.000000 1.570796
    65 0.000000 0.000000 0.000000 -1.570797 0.000000 1.570796
    66 0.000000 0.000000 0.000000 1.570796 0.000000 1.570796
    67 0.000000 1.500000 0.000000 1.570796 0.000000 1.570796
    68 0.000000 0.300001 0.000000 1.570796 0.000000 1.570796
    69 -0.000011 0.000002 -0.000004 -3.141593 0.000001 1.570796
    70 0.000000 0.000000 0.000000 3.141593 0.000000 1.570796
    71 0.000001 0.000000 0.000000 -3.141593 0.000000 1.221730
    72 0.000000 0.000000 0.000000 3.141593 0.000000 1.570796
    73 0.000000 -0.000002 0.000000 3.141593 0.000000 1.570796
    74 0.000004 0.000000 0.000000 3.141593 0.000000 1.570797
    75 -0.000004 0.000000 0.000002 -1.570796 0.000000 1.570796
    76 0.000000 -0.000001 0.000008 -1.570796 0.000000 1.570796
    77 0.000001 0.000000 0.000000 -1.570796 0.000000 1.570796
    78 0.000001 0.000002 0.000000 -1.570796 0.000000 1.570796
    79 0.000000 0.000000 0.000000 -1.570796 0.000000 1.570796
    80 0.000001 0.000000 0.000000 -1.570796 0.000000 1.570796
    81 0.000001 0.000000 0.000000 -1.570796 0.000001 1.570796
    82 -0.000001 0.000000 0.000002 -1.570796 0.000001 1.570796
    83 0.000001 0.000000 0.000000 -1.570796 0.000000 1.570796
  time 4
    0 -3.553889 -11.180721 -5.199440 -3.156028 0.177992 -0.065580
    1 0.073573 17.526917 0.777220 0.000000 0.000001 0.000000
    2 -0.226386 4.254942 -0.608961 0.000000 -0.000001 0.000000
    3 -0.850700 2.982896 1.422121 0.000000 0.000001 0.000000
    4 -0.045094 3.566423 0.891595 0.000000 -0.000001 0.000000
    5 -0.116185 1.807585 2.464996 0.897458 0.000002 0.000000
    6 0.000000 1.030615 0.000004 -2.666481 -0.002229 -3.138380
    7 -0.000002 5.179932 -0.000037 0.224930 -0.006360 0.024451
    8 -0.218267 25.777573 2.487072 2.573827 0.000002 0.000000
    9 0.000000 0.870350 0.000008 -0.028153 0.003751 -0.022960
    10 0.000000 4.478401 0.000072 0.313557 0.001577 -0.004397
    11 0.029008 15.700035 7.061444 -1.570796 0.000002 0.000000
    12 -3.281955 -24.071017 -9.344899 0.562939 -0.280846 1.970997
    13 -1.294654 1.473667 0.640471 2.361876 -0.514949 -2.105093
    14 0.000011 1.832554 0.000004 0.105660 -0.242335 -0.022342
    15 0.000000 1.003359 0.000001 0.156045 -0.012885 -0.172530
    16 -1.632739 4.327644 -0.483953 0.365948 0.282538 -0.018866
    17 -0.000010 1.637142 0.000010 1.001957 0.015772 -0.110368
    18 0.000007 1.100985 0.000004 0.016918 0.076959 -0.068142
    19 -0.500328 4.452953 -0.532495 0.396547 0.287811 0.017519
    20 -0.000010 1.442617 -0.000010 1.327387 0.029467 -0.036819
    21 -0.000003 1.302446 0.000004 0.004462 -0.041900 0.003019
    22 0.523221 4.540312 -0.480714 0.856087 0.290097 -0.284908
    23 -0.000001 1.198256 0.000008 0.732525 -0.133859 0.043114
    24 -0.000012 0.869780 0.000015 0.218278 0.063758 -0.018624
    25 1.354362 4.150681 -0.582655 0.848455 0.193304 -0.436307
    26 0.000000 1.157421 -0.000006 0.969716 -0.115782 0.002585
    27 0.000001 1.020055 0.000002 -0.120816 -0.015597 -0.025922
    28 5.003218 -8.070315 -8.112608 -2.300923 0.094905 -0.157309
    29 0.000038 12.695422 -0.000004 -1.391754 0.410245 0.420085
    30 -4.637464 -5.310590 -9.090985 0.030476 1.387779 3.120295
    31 -1.391397 1.476538 -0.700638 -1.757693 -1.119969 2.167463
    32 0.000002 1.751797 -0.000002 -0.382702 -0.196552 -0.169375
    33 0.000010 1.122969 0.000000 -0.357783 -0.049016 -0.094327
    34 -1.596883 4.441620 0.708540 -1.095924 -1.295283 1.097847
    35 -0.000008 1.481951 -0.000008 0.053399 0.091414 0.164744
    36 0.000002 1.056648 -0.000004 -0.082273 -0.151675 0.455711
    37 -0.470901 4.219486 0.926555 -2.516735 -0.098957 3.098983
    38 -0.000010 1.609821 0.000004 1.338602 -0.114174 0.088559
    39 -0.000002 1.562311 0.000013 1.278058 0.025862 -0.031766
    40 0.576838 4.298388 0.639431 -2.185725 -0.104952 -3.078380
    41 0.000002 1.553762 -0.000008 1.256440 0.140300 0.008694
    42 0.000003 0.874434 -0.000006 0.891126 0.106776 0.200329
    43 1.459885 4.275572 0.219019 -2.155218 -0.186603 3.315304
    44 -0.000010 0.973051 -0.000004 0.971832 0.217249 0.114333
    45 0.000007 0.970890 0.000004 1.186789 0.085797 0.151228
    46 -7.008868 4.575658 -7.491495 -1.623888 0.612302 0.629199
    47 0.000011 12.706367 0.000010 -2.273139 0.351047 0.128182
    48 0.000000 0.000000 0.000000 1.570796 0.000000 1.570796
    49 -0.000006 1.500006 0.000000 1.570796 0.000000 1.570796
    50 0.000000 -0.299999 0.000000 -1.570796 0.000000 1.570796
    51 0.000000 0.000000 0.000000 0.000000 0.000000 1.570796
    52 0.000000 0.000000 0.000000 0.000000 0.000000 1.570796
    53 0.000000 0.000002 0.000001 0.000000 0.000000 1.919862
    54 0.000000 0.000000 0.000000 -1.570796 0.000000 1.570796
    55 0.000000 0.000000 0.000002 -1.570797 0.000000 1.570796
    56 -0.000002 -0.000002 0.000004 -1.570797 0.000001 1.570796
    57 0.000003 0.000000 0.000000 -1.570796 0.000000 1.570796
    58 0.000002 0.000003 0.000000 -1.570796 0.000000 1.570796
    59 0.000000 0.000000 0.000000 -1.570796 0.000000 1.570796
    60 -0.000001 0.000011 0.000000 -1.570796 0.000000 1.570796
    61 0.000000 0.000000 0.000000 -1.570796 -0.000001 1.570796
    62 0.000000 -0.000001 0.000000 -1.570796 0.000000 1.570796
    63 -0.000002 0.000002 -0.000002 -1.570796 0.000000 1.570796
    64 0.000000 0.000000 0.000000 -1.570797 0.000000 1.570796
    65 0.000000 0.000000 0.000000 -1.570797 0.000000 1.570796
    66 0.000000 0.000000 0.000000 1.570796 0.000000 1.570796
    67 0.000000 1.500000 0.000000 1.570796 0.000000 1.570796
    68 0.000000 0.300001 0.000000 1.570796 0.000000 1.570796
    69 -0.000011 0.000002 -0.000004 -3.141593 0.000001 1.570796
    70 0.000000 0.000000 0.000000 3.141593 0.000000 1.570796
    71 0.000001 0.000000 0.000000 -3.141593 0.000000 1.221730
    72 0.000000 0.000000 0.000000 3.141593 0.000000 1.570796
    73 0.000000 -0.000002 0.000000 3.141593 0.000000 1.570796
    74 0.000004 0.000000 0.000000 3.141593 0.000000 1.570797
    75 -0.000004 0.000000 0.000002 -1.570796 0.000000 1.570796
    76 0.000000 -0.000001 0.000008 -1.570796 0.000000 1.570796
    77 0.000001 0.000000 0.000000 -1.570796 0.000000 1.570796
    78 0.000001 0.000002 0.000000 -1.570796 0.000000 1.570796
    79 0.000000 0.000000 0.000000 -1.570796 0.000000 1.570796
    80 0.000001 0.000000 0.000000 -1.570796 0.000000 1.570796
    81 0.000001 0.000000 0.000000 -1.570796 0.000001 1.570796
    82 -0.000001 0.000000 0.000002 -1.570796 0.000001 1.570796
    83 0.000001 0.000000 0.000000 -1.570796 0.000000 1.570796
  time 5
    0 -3.788271 -11.450260 -5.347882 -3.183841 0.172358 -0.087083
    1 0.073573 17.526917 0.777220 0.000000 0.000001 0.000000
    2 -0.226386 4.254942 -0.608961 0.000000 -0.000001 0.000000
    3 -1.030393 1.225030 2.461215 0.000000 0.000001 0.000000
    4 -0.045094 3.566423 0.891595 0.000000 -0.000001 0.000000
    5 -0.116185 1.807585 2.464996 0.890124 0.000002 0.000000
    6 0.000000 1.030615 0.000004 -2.668964 -0.000647 -3.140568
    7 -0.000002 5.179932 -0.000037 0.211163 -0.006444 0.024847
    8 -0.218267 25.777573 2.487072 2.580730 0.000002 0.000000
    9 0.000000 0.870350 0.000008 -0.025732 0.004267 -0.025732
    10 0.000000 4.478401 0.000072 0.288763 0.002129 -0.006279
    11 0.068071 15.700035 7.131758 -1.570796 0.000002 0.000000
    12 -3.762439 -24.430403 -9.313648 0.585744 -0.238605 1.947607
    13 -1.294654 1.473667 0.640471 2.361876 -0.514949 -2.105093
    14 0.000011 1.832554 0.000004 0.105672 -0.242335 -0.022342
    15 0.000000 1.003359 0.000001 0.156045 -0.012837 -0.172530
    16 -1.632739 4.327644 -0.483953 0.365948 0.282538 -0.018866
    17 -0.000010 1.637142 0.000010 1.001957 0.015784 -0.110368
    18 0.000007 1.100985 0.000004 0.016946 0.076959 -0.068142
    19 -0.500328 4.452953 -0.532495 0.396547 0.287811 0.017519
    20 -0.000010 1.442617 -0.000010 1.327387 0.029467 -0.036819
    21 -0.000003 1.302446 0.000004 0.004462 -0.041900 0.003019
    22 0.523221 4.540312 -0.480714 0.856087 0.290097 -0.284908
    23 -0.000001 1.198256 0.000008 0.732525 -0.133859 0.043090
    24 -0.000012 0.869780 0.000015 0.218278 0.063758 -0.018624
    25 1.354362 4.150681 -0.582655 0.848455 0.193304 -0.436307
    26 0.000000 1.157421 -0.000006 0.969716 -0.115782 0.002585
    27 0.000001 1.020055 0.000002 -0.120816 -0.015597 -0.025922
    28 5.003218 -8.070315 -8.112608 -2.318350 0.155640 -0.175513
    29 0.000038 12.695422 -0.000004 -1.335950 0.387415 0.414857
    30 -4.746842 -5.673882 -9.434746 0.184703 1.390000 3.255389
    31 -1.391397 1.476538 -0.700638 -1.757693 -1.119969 2.167463
    32 0.000002 1.751797 -0.000002 -0.382702 -0.196552 -0.169375
    33 0.000010 1.122969 0.000000 -0.357783 -0.049016 -0.094327
    34 -1.596883 4.441620 0.708540 -1.095924 -1.295283 1.097847
    35 -0.000008 1.481951 -0.000008 0.053052 0.091642 0.159408
    36 0.000002 1.056648 -0.000004 -0.078414 -0.153760 0.430236
    37 -0.470901 4.219486 0.926555 -2.516735 -0.098957 3.098983
    38 -0.000010 1.609821 0.000004 1.338602 -0.114174 0.088559
    39 -0.000002 1.562311 0.000013 1.278058 0.025862 -0.031766
    40 0.576838 4.298388 0.639431 -2.185725 -0.104952 -3.078380
    41 0.000002 1.553762 -0.000008 1.256440 0.140300 0.008694
    42 0.000003 0.874434 -0.000006 0.891126 0.106776 0.200329
    43 1.459885 4.275572 0.219019 -2.155218 -0.186603 3.315304
    44 -0.000010 0.973051 -0.000004 0.971832 0.217249 0.114333
    45 0.000007 0.970890 0.000004 1.186789 0.085797 0.151228
    46 -7.008868 4.575658 -7.491495 -1.604572 0.616467 0.633887
    47 0.000011 12.706367 0.000010 -2.238711 0.347033 0.131849
    48 0.000000 0.000000 0.000000 1.570796 0.000000 1.570796
    49 -0.000006 1.500006 0.000000 1.570796 0.000000 1.570796
    50 0.000000 -0.299999 0.000000 -1.570796 0.000000 1.570796
    51 0.000000 0.000000 0.000000 0.000000 0.000000 1.570796
    52 0.000000 0.000000 0.000000 0.000000 0.000000 1.570796
    53 0.000000 0.000002 0.000001 0.000000 0.000000 1.919862
    54 0.000000 0.000000 0.000000 -1.570796 0.000000 1.570796
    55 0.000000 0.000000 0.000002 -1.570797 0.000000 1.570796
    56 -0.000002 -0.000002 0.000004 -1.570797 0.000001 1.570796
    57 0.000003 0.000000 0.000000 -1.570796 0.000000 1.570796
    58 0.000002 0.000003 0.000000 -1.570796 0.000000 1.570796
    59 0.000000 0.000000 0.000000 -1.570796 0.000000 1.570796
    60 -0.000001 0.000011 0.000000 -1.570796 0.000000 1.570796
    61 0.000000 0.000000 0.000000 -1.570796 -0.000001 1.570796
    62 0.000000 -0.000001 0.000000 -1.570796 0.000000 1.570796
    63 -0.000002 0.000002 -0.000002 -1.570796 0.000000 1.570796
    64 0.000000 0.000000 0.000000 -1.570797 0.000000 1.570796
    65 0.000000 0.000000 0.000000 -1.570797 0.000000 1.570796
    66 0.000000 0.000000 0.000000 1.570796 0.000000 1.570796
    67 0.000000 1.500000 0.000000 1.570796 0.000000 1.570796
    68 0.000000 0.300001 0.000000 1.570796 0.000000 1.570796
    69 -0.000011 0.000002 -0.000004 -3.141593 0.000001 1.570796
    70 0.000000 0.000000 0.000000 3.141593 0.000000 1.570796
    71 0.000001 0.000000 0.000000 -3.141593 0.000000 1.221730
    72 0.000000 0.000000 0.000000 3.141593 0.000000 1.570796
    73 0.000000 -0.000002 0.000000 3.141593 0.000000 1.570796
    74 0.000004 0.000000 0.000000 3.141593 0.000000 1.570797
    75 -0.000004 0.000000 0.000002 -1.570796 0.000000 1.570796
    76 0.000000 -0.000001 0.000008 -1.570796 0.000000 1.570796
    77 0.000001 0.000000 0.000000 -1.570796 0.000000 1.570796
    78 0.000001 0.000002 0.000000 -1.570796 0.000000 1.570796
    79 0.000000 0.000000 0.000000 -1.570796 0.000000 1.570796
    80 0.000001 0.000000 0.000000 -1.570796 0.000000 1.570796
    81 0.000001 0.000000 0.000000 -1.570796 0.000001 1.570796
    82 -0.000001 0.000000 0.000002 -1.570796 0.000001 1.570796
    83 0.000001 0.000000 0.000000 -1.570796 0.000000 1.570796
  time 6
    0 -4.065623 -11.840897 -5.527575 -3.223235 0.160555 -0.107500
    1 0.073573 17.526917 0.777220 0.000000 0.000001 0.000000
    2 -0.226386 4.254942 -0.608961 0.000000 -0.000001 0.000000
    3 -1.198367 -0.927379 3.699534 0.000000 0.000001 0.000000
    4 -0.045094 3.566423 0.891595 0.000000 -0.000001 0.000000
    5 -0.116185 1.807585 2.464996 0.879532 0.000002 0.000000
    6 0.000000 1.030615 0.000004 -2.672564 -0.001965 -3.138506
    7 -0.000002 5.179932 -0.000037 0.191688 -0.005713 0.021227
    8 -0.218267 25.777573 2.487072 2.590522 0.000002 0.000000
    9 0.000000 0.870350 0.000008 -0.022160 0.003476 -0.020904
    10 0.000000 4.478401 0.000072 0.253819 0.001230 -0.003822
    11 0.009476 15.700035 7.178635 -1.570796 0.000002 0.000000
    12 -4.242922 -24.985107 -9.141768 0.608860 -0.183180 1.931738
    13 -1.294654 1.473667 0.640471 2.361876 -0.514949 -2.105093
    14 0.000011 1.832554 0.000004 0.105672 -0.242335 -0.022342
    15 0.000000 1.003359 0.000001 0.156033 -0.012861 -0.172530
    16 -1.632739 4.327644 -0.483953 0.365948 0.282538 -0.018866
    17 -0.000010 1.637142 0.000010 1.001957 0.015772 -0.110368
    18 0.000007 1.100985 0.000004 0.016835 0.076959 -0.068142
    19 -0.500328 4.452953 -0.532495 0.396547 0.287811 0.017519
    20 -0.000010 1.442617 -0.000010 1.327387 0.029467 -0.036819
    21 -0.000003 1.302446 0.000004 0.004478 -0.041900 0.003019
    22 0.523221 4.540312 -0.480714 0.856087 0.290097 -0.284908
    23 -0.000001 1.198256 0.000008 0.732525 -0.133859 0.043102
    24 -0.000012 0.869780 0.000015 0.218278 0.063758 -0.018624
    25 1.354362 4.150681 -0.582655 0.848455 0.193304 -0.436307
    26 0.000000 1.157421 -0.000006 0.969716 -0.115818 0.002585
    27 0.000001 1.020055 0.000002 -0.120834 -0.015597 -0.025922
    28 5.003218 -8.070315 -8.112608 -2.352902 0.215052 -0.193101
    29 0.000038 12.695422 -0.000004 -1.264679 0.358553 0.406396
    30 -4.895284 -6.228586 -9.880072 0.410162 1.389234 3.463182
    31 -1.391397 1.476538 -0.700638 -1.757693 -1.119969 2.167463
    32 0.000002 1.751797 -0.000002 -0.382702 -0.196552 -0.169375
    33 0.000010 1.122969 0.000000 -0.357783 -0.049016 -0.094327
    34 -1.596883 4.441620 0.708540 -1.095981 -1.295283 1.097847
    35 -0.000008 1.481951 -0.000008 0.052380 0.092002 0.153284
    36 0.000002 1.056648 -0.000004 -0.074076 -0.155905 0.401184
    37 -0.470901 4.219486 0.926555 -2.516735 -0.098957 3.098983
    38 -0.000010 1.609821 0.000004 1.338602 -0.114174 0.088559
    39 -0.000002 1.562311 0.000013 1.278058 0.025862 -0.031766
    40 0.576838 4.298388 0.639431 -2.185725 -0.104952 -3.078380
    41 0.000002 1.553762 -0.000008 1.256440 0.140300 0.008694
    42 0.000003 0.874434 -0.000006 0.891126 0.106776 0.200329
    43 1.459885 4.275572 0.219019 -2.155218 -0.186603 3.315304
    44 -0.000010 0.973051 -0.000004 0.971832 0.217249 0.114333
    45 0.000007 0.970890 0.000004 1.186789 0.085797 0.151228
    46 -7.008868 4.575658 -7.491495 -1.588319 0.622020 0.636529
    47 0.000011 12.706367 0.000010 -2.187648 0.340453 0.136966
    48 0.000000 0.000000 0.000000 1.570796 0.000000 1.570796
    49 -0.000006 1.500006 0.000000 1.570796 0.000000 1.570796
    50 0.000000 -0.299999 0.000000 -1.570796 0.000000 1.570796
    51 0.000000 0.000000 0.000000 0.000000 0.000000 1.570796
    52 0.000000 0.000000 0.000000 0.000000 0.000000 1.570796
    53 0.000000 0.000002 0.000001 0.000000 0.000000 1.919862
    54 0.000000 0.000000 0.000000 -1.570796 0.000000 1.570796
    55 0.000000 0.000000 0.000002 -1.570797 0.000000 1.570796
    56 -0.000002 -0.000002 0.000004 -1.570797 0.000001 1.570796
    57 0.000003 0.000000 0.000000 -1.570796 0.000000 1.570796
    58 0.000002 0.000003 0.000000 -1.570796 0.000000 1.570796
    59 0.000000 0.000000 0.000000 -1.570796 0.000000 1.570796
    60 -0.000001 0.000011 0.000000 -1.570796 0.000000 1.570796
    61 0.000000 0.000000 0.000000 -1.570796 -0.000001 1.570796
    62 0.000000 -0.000001 0.000000 -1.570796 0.000000 1.570796
    63 -0.000002 0.000002 -0.000002 -1.570796 0.000000 1.570796
    64 0.000000 0.000000 0.000000 -1.570797 0.000000 1.570796
    65 0.000000 0.000000 0.000000 -1.570797 0.000000 1.570796
    66 0.000000 0.000000 0.000000 1.570796 0.000000 1.570796
    67 0.000000 1.500000 0.000000 1.570796 0.000000 1.570796
    68 0.000000 0.300001 0.000000 1.570796 0.000000 1.570796
    69 -0.000011 0.000002 -0.000004 -3.141593 0.000001 1.570796
    70 0.000000 0.000000 0.000000 3.141593 0.000000 1.570796
    71 0.000001 0.000000 0.000000 -3.141593 0.000000 1.221730
    72 0.000000 0.000000 0.000000 3.141593 0.000000 1.570796
    73 0.000000 -0.000002 0.000000 3.141593 0.000000 1.570796
    74 0.000004 0.000000 0.000000 3.141593 0.000000 1.570797
    75 -0.000004 0.000000 0.000002 -1.570796 0.000000 1.570796
    76 0.000000 -0.000001 0.000008 -1.570796 0.000000 1.570796
    77 0.000001 0.000000 0.000000 -1.570796 0.000000 1.570796
    78 0.000001 0.000002 0.000000 -1.570796 0.000000 1.570796
    79 0.000000 0.000000 0.000000 -1.570796 0.000000 1.570796
    80 0.000001 0.000000 0.000000 -1.570796 0.000000 1.570796
    81 0.000001 0.000000 0.000000 -1.570796 0.000001 1.570796
    82 -0.000001 0.000000 0.000002 -1.570796 0.000001 1.570796
    83 0.000001 0.000000 0.000000 -1.570796 0.000000 1.570796
  time 7
    0 -4.370320 -12.313568 -5.726800 -3.269302 0.141324 -0.125748
    1 0.073573 17.526917 0.777220 0.000000 0.000001 0.000000
    2 -0.226386 4.254942 -0.608961 0.000000 -0.000001 0.000000
    3 -1.272588 -2.681339 4.726909 0.000000 0.000001 0.000000
    4 -0.045094 3.566423 0.891595 0.000000 -0.000001 0.000000
    5 -0.116185 1.807585 2.464996 0.864376 0.000002 0.000000
    6 0.000000 1.030615 0.000004 -2.677902 -0.006327 -3.132068
    7 -0.000002 5.179932 -0.000037 0.165646 -0.004298 0.014420
    8 -0.218267 25.777573 2.487072 2.604784 0.000002 0.000000
    9 0.000000 0.870350 0.000008 -0.016683 0.001222 -0.008025
    10 0.000000 4.478401 0.000072 0.204363 -0.000868 0.001967
    11 -0.162404 15.700035 7.256762 -1.570796 0.000002 0.000000
    12 -4.688248 -25.602314 -8.899573 0.628240 -0.119382 1.925043
    13 -1.294654 1.473667 0.640471 2.361876 -0.514949 -2.105093
    14 0.000011 1.832554 0.000004 0.105648 -0.242335 -0.022342
    15 0.000000 1.003359 0.000001 0.156033 -0.012825 -0.172530
    16 -1.632739 4.327644 -0.483953 0.365948 0.282538 -0.018866
    17 -0.000010 1.637142 0.000010 1.001957 0.015772 -0.110368
    18 0.000007 1.100985 0.000004 0.016835 0.076959 -0.068142
    19 -0.500328 4.452953 -0.532495 0.396547 0.287811 0.017519
    20 -0.000010 1.442617 -0.000010 1.327387 0.029467 -0.036819
    21 -0.000003 1.302446 0.000004 0.004478 -0.041900 0.003019
    22 0.523221 4.540312 -0.480714 0.856087 0.290097 -0.284908
    23 -0.000001 1.198256 0.000008 0.732525 -0.133859 0.043102
    24 -0.000012 0.869780 0.000015 0.218278 0.063758 -0.018636
    25 1.354362 4.150681 -0.582655 0.848455 0.193304 -0.436307
    26 0.000000 1.157421 -0.000006 0.969716 -0.115782 0.002585
    27 0.000001 1.020055 0.000002 -0.120816 -0.015597 -0.025922
    28 5.003218 -8.070315 -8.112608 -2.402240 0.264838 -0.211989
    29 0.000038 12.695422 -0.000004 -1.183801 0.326231 0.393958
    30 -5.067164 -6.904388 -10.387900 0.675637 1.381269 3.712286
    31 -1.391397 1.476538 -0.700638 -1.757693 -1.119969 2.167463
    32 0.000002 1.751797 -0.000002 -0.382702 -0.196552 -0.169375
    33 0.000010 1.122969 0.000000 -0.357783 -0.049016 -0.094327
    34 -1.596883 4.441620 0.708540 -1.095981 -1.295283 1.097847
    35 -0.000008 1.481951 -0.000008 0.051721 0.092349 0.146525
    36 0.000002 1.056648 -0.000004 -0.068910 -0.158158 0.368997
    37 -0.470901 4.219486 0.926555 -2.516735 -0.098957 3.098983
    38 -0.000010 1.609821 0.000004 1.338602 -0.114174 0.088559
    39 -0.000002 1.562311 0.000013 1.278058 0.025862 -0.031766
    40 0.576838 4.298388 0.639431 -2.185725 -0.104952 -3.078380
    41 0.000002 1.553762 -0.000008 1.256440 0.140300 0.008694
    42 0.000003 0.874434 -0.000006 0.891126 0.106776 0.200329
    43 1.459885 4.275572 0.219019 -2.155242 -0.186603 3.315304
    44 -0.000010 0.973051 -0.000004 0.971832 0.217249 0.114333
    45 0.000007 0.970890 0.000004 1.186789 0.085797 0.151228
    46 -7.008868 4.575658 -7.491495 -1.579014 0.629404 0.638660
    47 0.000011 12.706367 0.000010 -2.121335 0.331488 0.143150
    48 0.000000 0.000000 0.000000 1.570796 0.000000 1.570796
    49 -0.000006 1.500006 0.000000 1.570796 0.000000 1.570796
    50 0.000000 -0.299999 0.000000 -1.570796 0.000000 1.570796
    51 0.000000 0.000000 0.000000 0.000000 0.000000 1.570796
    52 0.000000 0.000000 0.000000 0.000000 0.000000 1.570796
    53 0.000000 0.000002 0.000001 0.000000 0.000000 1.919862
    54 0.000000 0.000000 0.000000 -1.570796 0.000000 1.570796
    55 0.000000 0.000000 0.000002 -1.570797 0.000000 1.570796
    56 -0.000002 -0.000002 0.000004 -1.570797 0.000001 1.570796
    57 0.000003 0.000000 0.000000 -1.570796 0.000000 1.570796
    58 0.000002 0.000003 0.000000 -1.570796 0.000000 1.570796
    59 0.000000 0.000000 0.000000 -1.570796 0.000000 1.570796
    60 -0.000001 0.000011 0.000000 -1.570796 0.000000 1.570796
    61 0.000000 0.000000 0.000000 -1.570796 -0.000001 1.570796
    62 0.000000 -0.000001 0.000000 -1.570796 0.000000 1.570796
    63 -0.000002 0.000002 -0.000002 -1.570796 0.000000 1.570796
    64 0.000000 0.000000 0.000000 -1.570797 0.000000 1.570796
    65 0.000000 0.000000 0.000000 -1.570797 0.000000 1.570796
    66 0.000000 0.000000 0.000000 1.570796 0.000000 1.570796
    67 0.000000 1.500000 0.000000 1.570796 0.000000 1.570796
    68 0.000000 0.300001 0.000000 1.570796 0.000000 1.570796
    69 -0.000011 0.000002 -0.000004 -3.141593 0.000001 1.570796
    70 0.000000 0.000000 0.000000 3.141593 0.000000 1.570796
    71 0.000001 0.000000 0.000000 -3.141593 0.000000 1.221730
    72 0.000000 0.000000 0.000000 3.141593 0.000000 1.570796
    73 0.000000 -0.000002 0.000000 3.141593 0.000000 1.570796
    74 0.000004 0.000000 0.000000 3.141593 0.000000 1.570797
    75 -0.000004 0.000000 0.000002 -1.570796 0.000000 1.570796
    76 0.000000 -0.000001 0.000008 -1.570796 0.000000 1.570796
    77 0.000001 0.000000 0.000000 -1.570796 0.000000 1.570796
    78 0.000001 0.000002 0.000000 -1.570796 0.000000 1.570796
    79 0.000000 0.000000 0.000000 -1.570796 0.000000 1.570796
    80 0.000001 0.000000 0.000000 -1.570796 0.000000 1.570796
    81 0.000001 0.000000 0.000000 -1.570796 0.000001 1.570796
    82 -0.000001 0.000000 0.000002 -1.570796 0.000001 1.570796
    83 0.000001 0.000000 0.000000 -1.570796 0.000000 1.570796
  time 8
    0 -4.690642 -12.821396 -5.929931 -3.317357 0.113563 -0.140467
    1 0.073573 17.526917 0.777220 0.000000 0.000001 0.000000
    2 -0.226386 4.254942 -0.608961 0.000000 -0.000001 0.000000
    3 1.266552 -4.040756 5.531621 0.000000 0.000001 0.000000
    4 -0.045094 3.566423 0.891595 0.000000 -0.000001 0.000000
    5 -0.116185 1.807585 2.464996 0.841593 0.000002 0.000000
    6 0.000000 1.030615 0.000004 -2.686126 -0.013087 -3.122545
    7 -0.000002 5.179932 -0.000037 0.130669 -0.002740 0.006546
    8 -0.218267 25.777573 2.487072 2.631258 0.000002 0.000000
    9 0.000000 0.870350 0.000008 -0.005717 -0.001414 0.011752
    10 0.000000 4.478401 0.000072 0.120950 -0.002689 0.005945
    11 -0.342097 15.700035 7.338796 -1.570796 0.000002 0.000000
    12 -5.082792 -26.242958 -8.610502 0.641394 -0.051897 1.928845
    13 -1.294654 1.473667 0.640471 2.361876 -0.514949 -2.105093
    14 0.000011 1.832554 0.000004 0.105648 -0.242335 -0.022342
    15 0.000000 1.003359 0.000001 0.156033 -0.012873 -0.172530
    16 -1.632739 4.327644 -0.483953 0.365948 0.282538 -0.018866
    17 -0.000010 1.637142 0.000010 1.001957 0.015784 -0.110368
    18 0.000007 1.100985 0.000004 0.016946 0.076959 -0.068142
    19 -0.500328 4.452953 -0.532495 0.396547 0.287811 0.017519
    20 -0.000010 1.442617 -0.000010 1.327387 0.029467 -0.036819
    21 -0.000003 1.302446 0.000004 0.004462 -0.041900 0.003019
    22 0.523221 4.540312 -0.480714 0.856087 0.290097 -0.284908
    23 -0.000001 1.198256 0.000008 0.732525 -0.133859 0.043102
    24 -0.000012 0.869780 0.000015 0.218278 0.063758 -0.018648
    25 1.354362 4.150681 -0.582655 0.848455 0.193304 -0.436307
    26 0.000000 1.157421 -0.000006 0.969716 -0.115782 0.002585
    27 0.000001 1.020055 0.000002 -0.120834 -0.015597 -0.025922
    28 5.003218 -8.070315 -8.112608 -2.480472 0.233610 -0.239227
    29 0.000038 12.695422 -0.000004 -1.098562 0.293174 0.378118
    30 -5.235138 -7.658317 -10.930885 0.944446 1.364496 3.966446
    31 -1.391397 1.476538 -0.700638 -1.757693 -1.119969 2.167463
    32 0.000002 1.751797 -0.000002 -0.382702 -0.196552 -0.169375
    33 0.000010 1.122969 0.000000 -0.357783 -0.049016 -0.094327
    34 -1.596883 4.441620 0.708540 -1.095924 -1.295283 1.097847
    35 -0.000008 1.481951 -0.000008 0.051074 0.092721 0.139258
    36 0.000002 1.056648 -0.000004 -0.063469 -0.160375 0.334581
    37 -0.470901 4.219486 0.926555 -2.516735 -0.098957 3.098983
    38 -0.000010 1.609821 0.000004 1.338602 -0.114174 0.088559
    39 -0.000002 1.562311 0.000013 1.278058 0.025862 -0.031766
    40 0.576838 4.298388 0.639431 -2.185725 -0.104952 -3.078380
    41 0.000002 1.553762 -0.000008 1.256440 0.140300 0.008694
    42 0.000003 0.874434 -0.000006 0.891126 0.106776 0.200329
    43 1.459885 4.275572 0.219019 -2.155242 -0.186603 3.315304
    44 -0.000010 0.973051 -0.000004 0.971832 0.217249 0.114333
    45 0.000007 0.970890 0.000004 1.186789 0.085797 0.151228
    46 -7.008868 4.575658 -7.491495 -1.577483 0.638590 0.641899
    47 0.000011 12.706367 0.000010 -2.045471 0.321122 0.149406
    48 0.000000 0.000000 0.000000 1.570796 0.000000 1.570796
    49 -0.000006 1.500006 0.000000 1.570796 0.000000 1.570796
    50 0.000000 -0.299999 0.000000 -1.570796 0.000000 1.570796
    51 0.000000 0.000000 0.000000 0.000000 0.000000 1.570796
    52 0.000000 0.000000 0.000000 0.000000 0.000000 1.570796
    53 0.000000 0.000002 0.000001 0.000000 0.000000 1.919862
    54 0.000000 0.000000 0.000000 -1.570796 0.000000 1.570796
    55 0.000000 0.000000 0.000002 -1.570797 0.000000 1.570796
    56 -0.000002 -0.000002 0.000004 -1.570797 0.000001 1.570796
    57 0.000003 0.000000 0.000000 -1.570796 0.000000 1.570796
    58 0.000002 0.000003 0.000000 -1.570796 0.000000 1.570796
    59 0.000000 0.000000 0.000000 -1.570796 0.000000 1.570796
    60 -0.000001 0.000011 0.000000 -1.570796 0.000000 1.570796
    61 0.000000 0.000000 0.000000 -1.570796 -0.000001 1.570796
    62 0.000000 -0.000001 0.000000 -1.570796 0.000000 1.570796
    63 -0.000002 0.000002 -0.000002 -1.570796 0.000000 1.570796
    64 0.000000 0.000000 0.000000 -1.570797 0.000000 1.570796
    65 0.000000 0.000000 0.000000 -1.570797 0.000000 1.570796
    66 0.000000 0.000000 0.000000 1.570796 0.000000 1.570796
    67 0.000000 1.500000 0.000000 1.570796 0.000000 1.570796
    68 0.000000 0.300001 0.000000 1.570796 0.000000 1.570796
    69 -0.000011 0.000002 -0.000004 -3.141593 0.000001 1.570796
    70 0.000000 0.000000 0.000000 3.141593 0.000000 1.570796
    71 0.000001 0.000000 0.000000 -3.141593 0.000000 1.221730
    72 0.000000 0.000000 0.000000 3.141593 0.000000 1.570796
    73 0.000000 -0.000002 0.000000 3.141593 0.000000 1.570796
    74 0.000004 0.000000 0.000000 3.141593 0.000000 1.570797
    75 -0.000004 0.000000 0.000002 -1.570796 0.000000 1.570796
    76 0.000000 -0.000001 0.000008 -1.570796 0.000000 1.570796
    77 0.000001 0.000000 0.000000 -1.570796 0.000000 1.570796
    78 0.000001 0.000002 0.000000 -1.570796 0.000000 1.570796
    79 0.000000 0.000000 0.000000 -1.570796 0.000000 1.570796
    80 0.000001 0.000000 0.000000 -1.570796 0.000000 1.570796
    81 0.000001 0.000000 0.000000 -1.570796 0.000001 1.570796
    82 -0.000001 0.000000 0.000002 -1.570796 0.000001 1.570796
    83 0.000001 0.000000 0.000000 -1.570796 0.000000 1.570796
  time 9
    0 -5.010965 -13.321411 -6.140875 -3.362814 0.076612 -0.150574
    1 0.073573 17.526917 0.777220 0.000000 0.000001 0.000000
    2 -0.226386 4.254942 -0.608961 0.000000 -0.000001 0.000000
    3 3.782254 -4.556396 5.828506 0.000000 0.000001 0.000000
    4 -0.045094 3.566423 0.891595 0.000000 -0.000001 0.000000
    5 -0.116185 1.807585 2.464996 0.807048 0.000002 0.000000
    6 0.000000 1.030615 0.000004 -2.700278 -0.020936 -3.111007
    7 -0.000002 5.179932 -0.000037 0.085460 -0.001218 0.000147
    8 -0.218267 25.777573 2.487072 2.672988 0.000002 0.000000
    9 0.000000 0.870350 0.000008 0.007549 -0.004782 0.038863
    10 0.000000 4.478401 0.000072 0.005136 -0.004199 0.001080
    11 -0.603824 15.700035 7.420830 -1.570796 0.000002 0.000000
    12 -5.133574 -26.598438 -8.407370 0.622792 0.020587 1.968435
    13 -1.294654 1.473667 0.640471 2.390843 -0.560563 -2.161480
    14 0.000011 1.832554 0.000004 0.090704 -0.248399 0.039510
    15 0.000000 1.003359 0.000001 0.152809 -0.020339 -0.117947
    16 -1.632739 4.327644 -0.483953 0.306837 0.267665 0.035160
    17 -0.000010 1.637142 0.000010 0.888212 0.015772 -0.110296
    18 0.000007 1.100985 0.000004 0.031469 0.076935 -0.068142
    19 -0.500328 4.452953 -0.532495 0.360825 0.266586 0.042351
    20 -0.000010 1.442617 -0.000010 1.207361 0.039318 -0.035620
    21 -0.000003 1.302446 0.000004 0.072176 -0.038856 0.010749
    22 0.523221 4.540312 -0.480714 0.827575 0.278627 -0.261371
    23 -0.000001 1.198256 0.000008 0.704327 -0.133859 0.043090
    24 -0.000012 0.869780 0.000015 0.218278 0.063758 -0.018624
    25 1.354362 4.150681 -0.582655 0.837093 0.166471 -0.411092
    26 0.000000 1.157421 -0.000006 0.930472 -0.122374 0.009129
    27 0.000001 1.020055 0.000002 -0.040660 -0.012253 -0.030871
    28 5.003218 -8.070315 -8.112608 -2.548897 0.108997 -0.251614
    29 0.000038 12.695422 -0.000004 -1.058838 0.278308 0.369800
    30 -5.364048 -8.416153 -11.446526 1.194081 1.341290 4.203815
    31 -1.391397 1.476538 -0.700638 -1.757693 -1.119969 2.167463
    32 0.000002 1.751797 -0.000002 -0.382702 -0.196552 -0.169375
    33 0.000010 1.122969 0.000000 -0.357783 -0.049016 -0.094327
    34 -1.596883 4.441620 0.708540 -1.095810 -1.299671 1.102786
    35 -0.000008 1.481951 -0.000008 0.050487 0.093116 0.131762
    36 0.000002 1.056648 -0.000004 -0.057825 -0.162545 0.298548
    37 -0.470901 4.219486 0.926555 -2.516735 -0.098957 3.098983
    38 -0.000010 1.609821 0.000004 1.338602 -0.114174 0.088559
    39 -0.000002 1.562311 0.000013 1.278058 0.025862 -0.031766
    40 0.576838 4.298388 0.639431 -2.185725 -0.104952 -3.078380
    41 0.000002 1.553762 -0.000008 1.256440 0.140300 0.008694
    42 0.000003 0.874434 -0.000006 0.891126 0.106776 0.200329
    43 1.459885 4.275572 0.219019 -2.155218 -0.186603 3.315304
    44 -0.000010 0.973051 -0.000004 0.971832 0.217249 0.114333
    45 0.000007 0.970890 0.000004 1.186789 0.085797 0.151228
    46 -7.008868 4.575658 -7.491495 -1.582783 0.649312 0.647525
    47 0.000011 12.706367 0.000010 -1.967374 0.309689 0.155135
    48 0.000000 0.000000 0.000000 1.570796 0.000000 1.570796
    49 -0.000006 1.500006 0.000000 1.570796 0.000000 1.570796
    50 0.000000 -0.299999 0.000000 -1.570796 0.000000 1.570796
    51 0.000000 0.000000 0.000000 0.000000 0.000000 1.570796
    52 0.000000 0.000000 0.000000 0.000000 0.000000 1.570796
    53 0.000000 0.000002 0.000001 0.000000 0.000000 1.919862
    54 0.000000 0.000000 0.000000 -1.570796 0.000000 1.570796
    55 0.000000 0.000000 0.000002 -1.570797 0.000000 1.570796
    56 -0.000002 -0.000002 0.000004 -1.570797 0.000001 1.570796
    57 0.000003 0.000000 0.000000 -1.570796 0.000000 1.570796
    58 0.000002 0.000003 0.000000 -1.570796 0.000000 1.570796
    59 0.000000 0.000000 0.000000 -1.570796 0.000000 1.570796
    60 -0.000001 0.000011 0.000000 -1.570796 0.000000 1.570796
    61 0.000000 0.000000 0.000000 -1.570796 -0.000001 1.570796
    62 0.000000 -0.000001 0.000000 -1.570796 0.000000 1.570796
    63 -0.000002 0.000002 -0.000002 -1.570796 0.000000 1.570796
    64 0.000000 0.000000 0.000000 -1.570797 0.000000 1.570796
    65 0.000000 0.000000 0.000000 -1.570797 0.000000 1.570796
    66 0.000000 0.000000 0.000000 1.570796 0.000000 1.570796
    67 0.000000 1.500000 0.000000 1.570796 0.000000 1.570796
    68 0.000000 0.300001 0.000000 1.570796 0.000000 1.570796
    69 -0.000011 0.000002 -0.000004 -3.141593 0.000001 1.570796
    70 0.000000 0.000000 0.000000 3.141593 0.000000 1.570796
    71 0.000001 0.000000 0.000000 -3.141593 0.000000 1.221730
    72 0.000000 0.000000 0.000000 3.141593 0.000000 1.570796
    73 0.000000 -0.000002 0.000000 3.141593 0.000000 1.570796
    74 0.000004 0.000000 0.000000 3.141593 0.000000 1.570797
    75 -0.000004 0.000000 0.000002 -1.570796 0.000000 1.570796
    76 0.000000 -0.000001 0.000008 -1.570796 0.000000 1.570796
    77 0.000001 0.000000 0.000000 -1.570796 0.000000 1.570796
    78 0.000001 0.000002 0.000000 -1.570796 0.000000 1.570796
    79 0.000000 0.000000 0.000000 -1.570796 0.000000 1.570796
    80 0.000001 0.000000 0.000000 -1.570796 0.000000 1.570796
    81 0.000001 0.000000 0.000000 -1.570796 0.000001 1.570796
    82 -0.000001 0.000000 0.000002 -1.570796 0.000001 1.570796
    83 0.000001 0.000000 0.000000 -1.570796 0.000000 1.570796
  time 10
    0 -5.315662 -13.762831 -6.340100 -3.401374 0.029872 -0.155187
    1 0.073573 17.526917 0.777220 0.000000 0.000001 0.000000
    2 -0.226386 4.254942 -0.608961 0.000000 -0.000001 0.000000
    3 3.782254 -4.556396 5.828506 0.000000 0.000001 0.000000
    4 -0.045094 3.566423 0.891595 0.000000 -0.000001 0.000000
    5 -0.116185 1.807585 2.464996 0.756313 0.000002 0.000000
    6 0.000000 1.030615 0.000004 -2.727092 -0.029446 -3.098572
    7 -0.000002 5.179932 -0.000037 0.034138 -0.000296 -0.003137
    8 -0.218267 25.777573 2.487072 2.668697 0.000002 0.000000
    9 0.000000 0.870350 0.000008 0.006123 -0.007418 0.060629
    10 0.000000 4.478401 0.000072 0.005152 -0.006141 0.001307
    11 -0.834300 15.700035 7.495051 -1.570796 0.000002 0.000000
    12 -4.653091 -26.379681 -8.376119 0.559670 0.107068 2.061996
    13 -1.294654 1.473667 0.640471 2.447530 -0.612827 -2.236436
    14 0.000011 1.832554 0.000004 0.075148 -0.253325 0.101609
    15 0.000000 1.003359 0.000001 0.145763 -0.028081 -0.063329
    16 -1.632739 4.327644 -0.483953 0.173386 0.246692 0.157906
    17 -0.000010 1.637142 0.000010 0.620854 0.015688 -0.110092
    18 0.000007 1.100985 0.000004 0.063320 0.076887 -0.068118
    19 -0.500328 4.452953 -0.532495 0.276930 0.222722 0.099182
    20 -0.000010 1.442617 -0.000010 0.919690 0.061466 -0.037310
    21 -0.000003 1.302446 0.000004 0.222206 -0.034182 0.028318
    22 0.523221 4.540312 -0.480714 0.746364 0.254143 -0.207500
    23 -0.000001 1.198256 0.000008 0.629678 -0.133847 0.043126
    24 -0.000012 0.869780 0.000015 0.218278 0.063758 -0.018636
    25 1.354362 4.150681 -0.582655 0.797928 0.107639 -0.354932
    26 0.000000 1.157421 -0.000006 0.824541 -0.135713 0.024014
    27 0.000001 1.020055 0.000002 0.137362 -0.003325 -0.041166
    28 5.003218 -8.070315 -8.112608 -2.559836 -0.036358 -0.229372
    29 0.000038 12.695422 -0.000004 -1.108033 0.296789 0.379995
    30 -5.426550 -9.095861 -11.923103 1.422875 1.315174 4.422961
    31 -1.391397 1.476538 -0.700638 -1.757693 -1.119969 2.167463
    32 0.000002 1.751797 -0.000002 -0.382702 -0.196552 -0.169375
    33 0.000010 1.122969 0.000000 -0.357783 -0.049016 -0.094327
    34 -1.596883 4.441620 0.708540 -1.095753 -1.311674 1.116819
    35 -0.000008 1.481951 -0.000008 0.049792 0.093488 0.124114
    36 0.000002 1.056648 -0.000004 -0.051760 -0.164558 0.261805
    37 -0.470901 4.219486 0.926555 -2.516735 -0.098957 3.098983
    38 -0.000010 1.609821 0.000004 1.338602 -0.114174 0.088559
    39 -0.000002 1.562311 0.000013 1.278058 0.025862 -0.031766
    40 0.576838 4.298388 0.639431 -2.185725 -0.104952 -3.078380
    41 0.000002 1.553762 -0.000008 1.256440 0.140300 0.008694
    42 0.000003 0.874434 -0.000006 0.891126 0.106776 0.200329
    43 1.459885 4.275572 0.219019 -2.155218 -0.186603 3.315304
    44 -0.000010 0.973051 -0.000004 0.971832 0.217249 0.114333
    45 0.000007 0.970890 0.000004 1.186789 0.085797 0.151228
    46 -7.008868 4.575658 -7.491495 -1.591499 0.661156 0.657071
    47 0.000011 12.706367 0.000010 -1.893898 0.298507 0.159413
    48 0.000000 0.000000 0.000000 1.570796 0.000000 1.570796
    49 -0.000006 1.500006 0.000000 1.570796 0.000000 1.570796
    50 0.000000 -0.299999 0.000000 -1.570796 0.000000 1.570796
    51 0.000000 0.000000 0.000000 0.000000 0.000000 1.570796
    52 0.000000 0.000000 0.000000 0.000000 0.000000 1.570796
    53 0.000000 0.000002 0.000001 0.000000 0.000000 1.919862
    54 0.000000 0.000000 0.000000 -1.570796 0.000000 1.570796
    55 0.000000 0.000000 0.000002 -1.570797 0.000000 1.570796
    56 -0.000002 -0.000002 0.000004 -1.570797 0.000001 1.570796
    57 0.000003 0.000000 0.000000 -1.570796 0.000000 1.570796
    58 0.000002 0.000003 0.000000 -1.570796 0.000000 1.570796
    59 0.000000 0.000000 0.000000 -1.570796 0.000000 1.570796
    60 -0.000001 0.000011 0.000000 -1.570796 0.000000 1.570796
    61 0.000000 0.000000 0.000000 -1.570796 -0.000001 1.570796
    62 0.000000 -0.000001 0.000000 -1.570796 0.000000 1.570796
    63 -0.000002 0.000002 -0.000002 -1.570796 0.000000 1.570796
    64 0.000000 0.000000 0.000000 -1.570797 0.000000 1.570796
    65 0.000000 0.000000 0.000000 -1.570797 0.000000 1.570796
    66 0.000000 0.000000 0.000000 1.570796 0.000000 1.570796
    67 0.000000 1.500000 0.000000 1.570796 0.000000 1.570796
    68 0.000000 0.300001 0.000000 1.570796 0.000000 1.570796
    69 -0.000011 0.000002 -0.000004 -3.141593 0.000001 1.570796
    70 0.000000 0.000000 0.000000 3.141593 0.000000 1.570796
    71 0.000001 0.000000 0.000000 -3.141593 0.000000 1.221730
    72 0.000000 0.000000 0.000000 3.141593 0.000000 1.570796
    73 0.000000 -0.000002 0.000000 3.141593 0.000000 1.570796
    74 0.000004 0.000000 0.000000 3.141593 0.000000 1.570797
    75 -0.000004 0.000000 0.000002 -1.570796 0.000000 1.570796
    76 0.000000 -0.000001 0.000008 -1.570796 0.000000 1.570796
    77 0.000001 0.000000 0.000000 -1.570796 0.000000 1.570796
    78 0.000001 0.000002 0.000000 -1.570796 0.000000 1.570796
    79 0.000000 0.000000 0.000000 -1.570796 0.000000 1.570796
    80 0.000001 0.000000 0.000000 -1.570796 0.000000 1.570796
    81 0.000001 0.000000 0.000000 -1.570796 0.000001 1.570796
    82 -0.000001 0.000000 0.000002 -1.570796 0.000001 1.570796
    83 0.000001 0.000000 0.000000 -1.570796 0.000000 1.570796
  time 11
    0 -5.585201 -14.106591 -6.519793 -3.429155 -0.027350 -0.154034
    1 0.073573 17.526917 0.777220 0.000000 0.000001 0.000000
    2 -0.226386 4.254942 -0.608961 0.000000 -0.000001 0.000000
    3 3.782254 -4.556396 5.828506 0.000000 0.000001 0.000000
    4 -0.045094 3.566423 0.891595 0.000000 -0.000001 0.000000
    5 -0.116185 1.807585 2.464996 0.695513 0.000002 0.000000
    6 0.000000 1.030615 0.000004 -2.770851 -0.036445 -3.087522
    7 -0.000002 5.179932 -0.000037 -0.004974 0.000447 -0.003113
    8 -0.218267 25.777573 2.487072 2.665426 0.000002 0.000000
    9 0.000000 0.870350 0.000008 0.005176 -0.009540 0.076413
    10 0.000000 4.478401 0.000072 0.005737 -0.007291 0.001847
    11 -1.002274 15.700035 7.553646 -1.570796 0.000002 0.000000
    12 -3.809315 -25.610126 -8.575344 0.469696 0.219293 2.199114
    13 -1.294654 1.473667 0.640471 2.494222 -0.626625 -2.265629
    14 0.000011 1.832554 0.000004 0.076729 -0.253002 0.095254
    15 0.000000 1.003359 0.000001 0.137745 -0.026739 -0.073143
    16 -1.632739 4.327644 -0.483953 0.038740 0.243216 0.282186
    17 -0.000010 1.637142 0.000010 0.323928 0.015700 -0.109936
    18 0.000007 1.100985 0.000004 0.095337 0.076863 -0.068118
    19 -0.500328 4.452953 -0.532495 0.182080 0.183904 0.158902
    20 -0.000010 1.442617 -0.000010 0.585643 0.082391 -0.044992
    21 -0.000003 1.302446 0.000004 0.372220 -0.032348 0.046679
    22 0.523221 4.540312 -0.480714 0.619964 0.230186 -0.149207
    23 -0.000001 1.198256 0.000008 0.523714 -0.133847 0.043174
    24 -0.000012 0.869780 0.000015 0.218278 0.063758 -0.018648
    25 1.354362 4.150681 -0.582655 0.726220 0.050796 -0.297238
    26 0.000000 1.157421 -0.000006 0.669379 -0.147302 0.040289
    27 0.000001 1.020055 0.000002 0.315291 0.007102 -0.049627
    28 5.003218 -8.070315 -8.112608 -2.517438 -0.159846 -0.184957
    29 0.000038 12.695422 -0.000004 -1.229180 0.344209 0.401246
    30 -5.407018 -9.654472 -12.302021 1.642313 1.288981 -1.647306
    31 -1.391397 1.476538 -0.700638 -1.757693 -1.119969 2.167463
    32 0.000002 1.751797 -0.000002 -0.382702 -0.196552 -0.169375
    33 0.000010 1.122969 0.000000 -0.357783 -0.049016 -0.094327
    34 -1.596883 4.441620 0.708540 -1.097063 -1.329844 1.139646
    35 -0.000008 1.481951 -0.000008 0.049073 0.093883 0.116440
    36 0.000002 1.056648 -0.000004 -0.045672 -0.166320 0.224988
    37 -0.470901 4.219486 0.926555 -2.516735 -0.098957 3.098983
    38 -0.000010 1.609821 0.000004 1.338602 -0.114174 0.088559
    39 -0.000002 1.562311 0.000013 1.278058 0.025862 -0.031766
    40 0.576838 4.298388 0.639431 -2.185725 -0.104952 -3.078380
    41 0.000002 1.553762 -0.000008 1.256440 0.140288 0.008694
    42 0.000003 0.874434 -0.000006 0.891126 0.106776 0.200329
    43 1.459885 4.275572 0.219019 -2.155218 -0.186603 3.315304
    44 -0.000010 0.973051 -0.000004 0.971832 0.217249 0.114333
    45 0.000007 0.970890 0.000004 1.186789 0.085797 0.151228
    46 -7.008868 4.575658 -7.491495 -1.599213 0.673473 0.672669
    47 0.000011 12.706367 0.000010 -1.832283 0.288751 0.162433
    48 0.000000 0.000000 0.000000 1.570796 0.000000 1.570796
    49 -0.000006 1.500006 0.000000 1.570796 0.000000 1.570796
    50 0.000000 -0.299999 0.000000 -1.570796 0.000000 1.570796
    51 0.000000 0.000000 0.000000 0.000000 0.000000 1.570796
    52 0.000000 0.000000 0.000000 0.000000 0.000000 1.570796
    53 0.000000 0.000002 0.000001 0.000000 0.000000 1.919862
    54 0.000000 0.000000 0.000000 -1.570796 0.000000 1.570796
    55 0.000000 0.000000 0.000002 -1.570797 0.000000 1.570796
    56 -0.000002 -0.000002 0.000004 -1.570797 0.000001 1.570796
    57 0.000003 0.000000 0.000000 -1.570796 0.000000 1.570796
    58 0.000002 0.000003 0.000000 -1.570796 0.000000 1.570796
    59 0.000000 0.000000 0.000000 -1.570796 0.000000 1.570796
    60 -0.000001 0.000011 0.000000 -1.570796 0.000000 1.570796
    61 0.000000 0.000000 0.000000 -1.570796 -0.000001 1.570796
    62 0.000000 -0.000001 0.000000 -1.570796 0.000000 1.570796
    63 -0.000002 0.000002 -0.000002 -1.570796 0.000000 1.570796
    64 0.000000 0.000000 0.000000 -1.570797 0.000000 1.570796
    65 0.000000 0.000000 0.000000 -1.570797 0.000000 1.570796
    66 0.000000 0.000000 0.000000 1.570796 0.000000 1.570796
    67 0.000000 1.500000 0.000000 1.570796 0.000000 1.570796
    68 0.000000 0.300001 0.000000 1.570796 0.000000 1.570796
    69 -0.000011 0.000002 -0.000004 -3.141593 0.000001 1.570796
    70 0.000000 0.000000 0.000000 3.141593 0.000000 1.570796
    71 0.000001 0.000000 0.000000 -3.141593 0.000000 1.221730
    72 0.000000 0.000000 0.000000 3.141593 0.000000 1.570796
    73 0.000000 -0.000002 0.000000 3.141593 0.000000 1.570796
    74 0.000004 0.000000 0.000000 3.141593 0.000000 1.570797
    75 -0.000004 0.000000 0.000002 -1.570796 0.000000 1.570796
    76 0.000000 -0.000001 0.000008 -1.570796 0.000000 1.570796
    77 0.000001 0.000000 0.000000 -1.570796 0.000000 1.570796
    78 0.000001 0.000002 0.000000 -1.570796 0.000000 1.570796
    79 0.000000 0.000000 0.000000 -1.570796 0.000000 1.570796
    80 0.000001 0.000000 0.000000 -1.570796 0.000000 1.570796
    81 0.000001 0.000000 0.000000 -1.570796 0.000001 1.570796
    82 -0.000001 0.000000 0.000002 -1.570796 0.000001 1.570796
    83 0.000001 0.000000 0.000000 -1.570796 0.000000 1.570796
  time 12
    0 -5.811770 -14.305816 -6.679954 -3.442436 -0.096248 -0.147386
    1 0.073573 17.526917 0.777220 0.000000 0.000001 0.000000
    2 -0.226386 4.254942 -0.608961 0.000000 -0.000001 0.000000
    3 3.782254 -4.556396 5.828506 0.000000 0.000001 0.000000
    4 -0.045094 3.566423 0.891595 0.000000 -0.000001 0.000000
    5 -0.116185 1.807585 2.464996 0.664245 0.000002 0.000000
    6 0.000000 1.030615 0.000004 -2.798441 -0.039453 -3.082611
    7 -0.000002 5.179932 -0.000037 -0.016390 0.000891 -0.002730
    8 -0.218267 25.777573 2.487072 2.664083 0.000002 0.000000
    9 0.000000 0.870350 0.000008 0.004913 -0.010295 0.082488
    10 0.000000 4.478401 0.000072 0.005938 -0.007939 0.002003
    11 -1.068682 15.700035 7.569272 -1.570796 0.000002 0.000000
    12 -2.719438 -24.238991 -9.005045 0.371316 0.368760 2.366648
    13 -1.294654 1.473667 0.640471 2.538386 -0.636819 -2.291758
    14 0.000011 1.832554 0.000004 0.081176 -0.251527 0.078024
    15 0.000000 1.003359 0.000001 0.127402 -0.022113 -0.099425
    16 -1.632739 4.327644 -0.483953 -0.021705 0.251234 0.337615
    17 -0.000010 1.637142 0.000010 0.124784 0.015772 -0.109840
    18 0.000007 1.100985 0.000004 0.109888 0.076863 -0.068106
    19 -0.500328 4.452953 -0.532495 0.116153 0.168864 0.186957
    20 -0.000010 1.442617 -0.000010 0.327463 0.090456 -0.050565
    21 -0.000003 1.302446 0.000004 0.439902 -0.032360 0.054828
    22 0.523221 4.540312 -0.480714 0.458109 0.215253 -0.114152
    23 -0.000001 1.198256 0.000008 0.401096 -0.133847 0.043186
    24 -0.000012 0.869780 0.000015 0.218278 0.063758 -0.018636
    25 1.354362 4.150681 -0.582655 0.622739 0.026551 -0.269997
    26 0.000000 1.157421 -0.000006 0.482189 -0.150777 0.048498
    27 0.000001 1.020055 0.000002 0.395241 0.012219 -0.052851
    28 5.003218 -8.070315 -8.112608 -2.426683 -0.251412 -0.134588
    29 0.000038 12.695422 -0.000004 -1.403746 0.415194 0.421115
    30 -5.278108 -9.978701 -12.567654 1.867309 1.263171 -1.425870
    31 -1.391397 1.476538 -0.700638 -1.757693 -1.119969 2.167463
    32 0.000002 1.751797 -0.000002 -0.382702 -0.196552 -0.169375
    33 0.000010 1.122969 0.000000 -0.357783 -0.049016 -0.094327
    34 -1.596883 4.441620 0.708540 -1.101391 -1.352628 1.170965
    35 -0.000008 1.481951 -0.000008 0.048366 0.094231 0.108919
    36 0.000002 1.056648 -0.000004 -0.039824 -0.167842 0.188833
    37 -0.470901 4.219486 0.926555 -2.516735 -0.098957 3.098983
    38 -0.000010 1.609821 0.000004 1.338602 -0.114174 0.088559
    39 -0.000002 1.562311 0.000013 1.278058 0.025862 -0.031766
    40 0.576838 4.298388 0.639431 -2.185725 -0.104952 -3.078380
    41 0.000002 1.553762 -0.000008 1.256440 0.140300 0.008694
    42 0.000003 0.874434 -0.000006 0.891126 0.106776 0.200329
    43 1.459885 4.275572 0.219019 -2.155230 -0.186615 3.315304
    44 -0.000010 0.973051 -0.000004 0.971832 0.217249 0.114333
    45 0.000007 0.970890 0.000004 1.186789 0.085797 0.151228
    46 -7.008868 4.575658 -7.491495 -1.600273 0.685347 0.695342
    47 0.000011 12.706367 0.000010 -1.791617 0.282472 0.164063
    48 0.000000 0.000000 0.000000 1.570796 0.000000 1.570796
    49 -0.000006 1.500006 0.000000 1.570796 0.000000 1.570796
    50 0.000000 -0.299999 0.000000 -1.570796 0.000000 1.570796
    51 0.000000 0.000000 0.000000 0.000000 0.000000 1.570796
    52 0.000000 0.000000 0.000000 0.000000 0.000000 1.570796
    53 0.000000 0.000002 0.000001 0.000000 0.000000 1.919862
    54 0.000000 0.000000 0.000000 -1.570796 0.000000 1.570796
    55 0.000000 0.000000 0.000002 -1.570797 0.000000 1.570796
    56 -0.000002 -0.000002 0.000004 -1.570797 0.000001 1.570796
    57 0.000003 0.000000 0.000000 -1.570796 0.000000 1.570796
    58 0.000002 0.000003 0.000000 -1.570796 0.000000 1.570796
    59 0.000000 0.000000 0.000000 -1.570796 0.000000 1.570796
    60 -0.000001 0.000011 0.000000 -1.570796 0.000000 1.570796
    61 0.000000 0.000000 0.000000 -1.570796 -0.000001 1.570796
    62 0.000000 -0.000001 0.000000 -1.570796 0.000000 1.570796
    63 -0.000002 0.000002 -0.000002 -1.570796 0.000000 1.570796
    64 0.000000 0.000000 0.000000 -1.570797 0.000000 1.570796
    65 0.000000 0.000000 0.000000 -1.570797 0.000000 1.570796
    66 0.000000 0.000000 0.000000 1.570796 0.000000 1.570796
    67 0.000000 1.500000 0.000000 1.570796 0.000000 1.570796
    68 0.000000 0.300001 0.000000 1.570796 0.000000 1.570796
    69 -0.000011 0.000002 -0.000004 -3.141593 0.000001 1.570796
    70 0.000000 0.000000 0.000000 3.141593 0.000000 1.570796
    71 0.000001 0.000000 0.000000 -3.141593 0.000000 1.221730
    72 0.000000 0.000000 0.000000 3.141593 0.000000 1.570796
    73 0.000000 -0.000002 0.000000 3.141593 0.000000 1.570796
    74 0.000004 0.000000 0.000000 3.141593 0.000000 1.570797
    75 -0.000004 0.000000 0.000002 -1.570796 0.000000 1.570796
    76 0.000000 -0.000001 0.000008 -1.570796 0.000000 1.570796
    77 0.000001 0.000000 0.000000 -1.570796 0.000000 1.570796
    78 0.000001 0.000002 0.000000 -1.570796 0.000000 1.570796
    79 0.000000 0.000000 0.000000 -1.570796 0.000000 1.570796
    80 0.000001 0.000000 0.000000 -1.570796 0.000000 1.570796
    81 0.000001 0.000000 0.000000 -1.570796 0.000001 1.570796
    82 -0.000001 0.000000 0.000002 -1.570796 0.000001 1.570796
    83 0.000001 0.000000 0.000000 -1.570796 0.000000 1.570796
  time 13
    0 -5.979744 -14.383943 -6.801051 -3.444874 -0.173739 -0.136872
    1 0.073573 17.526917 0.777220 0.000000 0.000001 0.000000
    2 -0.226386 4.254942 -0.608961 0.000000 -0.000001 0.000000
    3 3.782254 -4.556396 5.828506 0.000000 0.000001 0.000000
    4 -0.045094 3.566423 0.891595 0.000000 -0.000001 0.000000
    5 -0.116185 1.807585 2.464996 0.715643 0.000002 0.000000
    6 0.000000 1.030615 0.000004 -2.754744 -0.034851 -3.090261
    7 -0.000002 5.179932 -0.000037 0.005485 0.000376 -0.003605
    8 -0.218267 25.777573 2.487072 2.666576 0.000002 0.000000
    9 0.000000 0.870350 0.000008 0.005644 -0.008976 0.073004
    10 0.000000 4.478401 0.000072 0.005570 -0.007160 0.001607
    11 -0.971023 15.700035 7.538021 -1.570796 0.000002 0.000000
    12 -1.551434 -22.320963 -9.598813 0.293172 0.559905 2.551786
    13 -1.294654 1.473667 0.640471 2.578965 -0.644086 -2.314456
    14 0.000011 1.832554 0.000004 0.087480 -0.249442 0.052631
    15 0.000000 1.003359 0.000001 0.115489 -0.015366 -0.138295
    16 -1.632739 4.327644 -0.483953 -0.003641 0.256890 0.326302
    17 -0.000010 1.637142 0.000010 0.045688 0.015772 -0.109840
    18 0.000007 1.100985 0.000004 0.061959 0.076863 -0.068142
    19 -0.500328 4.452953 -0.532495 0.087163 0.173070 0.179275
    20 -0.000010 1.442617 -0.000010 0.196233 0.087951 -0.049390
    21 -0.000003 1.302446 0.000004 0.357943 -0.032288 0.052479
    22 0.523221 4.540312 -0.480714 0.279405 0.208326 -0.105104
    23 -0.000001 1.198256 0.000008 0.278773 -0.133847 0.043210
    24 -0.000012 0.869780 0.000015 0.183412 0.063782 -0.018636
    25 1.354362 4.150681 -0.582655 0.497329 0.032951 -0.277715
    26 0.000000 1.157421 -0.000006 0.284338 -0.148980 0.046736
    27 0.000001 1.020055 0.000002 0.307978 0.010685 -0.052036
    28 5.003218 -8.070315 -8.112608 -2.291795 -0.312908 -0.095511
    29 0.000038 12.695422 -0.000004 -1.613130 0.500291 0.427021
    30 -5.047632 -10.131049 -12.700470 2.089711 1.230698 -1.204911
    31 -1.391397 1.476538 -0.700638 -1.757693 -1.119969 2.167463
    32 0.000002 1.751797 -0.000002 -0.382702 -0.196552 -0.169375
    33 0.000010 1.122969 0.000000 -0.357783 -0.049016 -0.094327
    34 -1.596883 4.441620 0.708540 -1.111415 -1.378534 1.211620
    35 -0.000008 1.481951 -0.000008 0.047683 0.094626 0.101677
    36 0.000002 1.056648 -0.000004 -0.033915 -0.169040 0.154466
    37 -0.470901 4.219486 0.926555 -2.516735 -0.098957 3.098983
    38 -0.000010 1.609821 0.000004 1.338602 -0.114174 0.088559
    39 -0.000002 1.562311 0.000013 1.278058 0.025862 -0.031766
    40 0.576838 4.298388 0.639431 -2.185725 -0.104952 -3.078380
    41 0.000002 1.553762 -0.000008 1.256440 0.140300 0.008694
    42 0.000003 0.874434 -0.000006 0.891126 0.106776 0.200329
    43 1.459885 4.275572 0.219019 -2.155218 -0.186603 3.315304
    44 -0.000010 0.973051 -0.000004 0.971832 0.217249 0.114333
    45 0.000007 0.970890 0.000004 1.186789 0.085797 0.151228
    46 -7.008868 4.575658 -7.491495 -1.596563 0.695980 0.722873
    47 0.000011 12.706367 0.000010 -1.770899 0.279200 0.164806
    48 0.000000 0.000000 0.000000 1.570796 0.000000 1.570796
    49 -0.000006 1.500006 0.000000 1.570796 0.000000 1.570796
    50 0.000000 -0.299999 0.000000 -1.570796 0.000000 1.570796
    51 0.000000 0.000000 0.000000 0.000000 0.000000 1.570796
    52 0.000000 0.000000 0.000000 0.000000 0.000000 1.570796
    53 0.000000 0.000002 0.000001 0.000000 0.000000 1.919862
    54 0.000000 0.000000 0.000000 -1.570796 0.000000 1.570796
    55 0.000000 0.000000 0.000002 -1.570797 0.000000 1.570796
    56 -0.000002 -0.000002 0.000004 -1.570797 0.000001 1.570796
    57 0.000003 0.000000 0.000000 -1.570796 0.000000 1.570796
    58 0.000002 0.000003 0.000000 -1.570796 0.000000 1.570796
    59 0.000000 0.000000 0.000000 -1.570796 0.000000 1.570796
    60 -0.000001 0.000011 0.000000 -1.570796 0.000000 1.570796
    61 0.000000 0.000000 0.000000 -1.570796 -0.000001 1.570796
    62 0.000000 -0.000001 0.000000 -1.570796 0.000000 1.570796
    63 -0.000002 0.000002 -0.000002 -1.570796 0.000000 1.570796
    64 0.000000 0.000000 0.000000 -1.570797 0.000000 1.570796
    65 0.000000 0.000000 0.000000 -1.570797 0.000000 1.570796
    66 0.000000 0.000000 0.000000 1.570796 0.000000 1.570796
    67 0.000000 1.500000 0.000000 1.570796 0.000000 1.570796
    68 0.000000 0.300001 0.000000 1.570796 0.000000 1.570796
    69 -0.000011 0.000002 -0.000004 -3.141593 0.000001 1.570796
    70 0.000000 0.000000 0.000000 3.141593 0.000000 1.570796
    71 0.000001 0.000000 0.000000 -3.141593 0.000000 1.221730
    72 0.000000 0.000000 0.000000 3.141593 0.000000 1.570796
    73 0.000000 -0.000002 0.000000 3.141593 0.000000 1.570796
    74 0.000004 0.000000 0.000000 3.141593 0.000000 1.570797
    75 -0.000004 0.000000 0.000002 -1.570796 0.000000 1.570796
    76 0.000000 -0.000001 0.000008 -1.570796 0.000000 1.570796
    77 0.000001 0.000000 0.000000 -1.570796 0.000000 1.570796
    78 0.000001 0.000002 0.000000 -1.570796 0.000000 1.570796
    79 0.000000 0.000000 0.000000 -1.570796 0.000000 1.570796
    80 0.000001 0.000000 0.000000 -1.570796 0.000000 1.570796
    81 0.000001 0.000000 0.000000 -1.570796 0.000001 1.570796
    82 -0.000001 0.000000 0.000002 -1.570796 0.000001 1.570796
    83 0.000001 0.000000 0.000000 -1.570796 0.000000 1.570796
  time 14
    0 -6.096935 -14.411288 -6.894804 -3.444649 -0.239332 -0.127376
    1 0.073573 17.526917 0.777220 0.000000 0.000001 0.000000
    2 -0.226386 4.254942 -0.608961 0.000000 -0.000001 0.000000
    3 3.782254 -4.556396 5.828506 0.000000 0.000001 0.000000
    4 -0.045094 3.566423 0.891595 0.000000 -0.000001 0.000000
    5 -0.116185 1.807585 2.464996 0.793218 0.000002 0.000000
    6 0.000000 1.030615 0.000004 -2.706267 -0.025047 -3.105073
    7 -0.000002 5.179932 -0.000037 0.070412 -0.000631 -0.002143
    8 -0.218267 25.777573 2.487072 2.672137 0.000002 0.000000
    9 0.000000 0.870350 0.000008 0.007490 -0.006256 0.050111
    10 0.000000 4.478401 0.000072 0.005503 -0.005122 0.001271
    11 -0.717109 15.700035 7.436455 -1.570796 0.000002 0.000000
    12 -0.559216 -19.988861 -10.473840 0.280875 0.764984 2.756513
    13 -1.294654 1.473667 0.640471 2.615638 -0.648805 -2.333607
    14 0.000011 1.832554 0.000004 0.095066 -0.246853 0.021705
    15 0.000000 1.003359 0.000001 0.102642 -0.007216 -0.185662
    16 -1.632739 4.327644 -0.483953 0.044548 0.262260 0.296220
    17 -0.000010 1.637142 0.000010 0.015926 0.015772 -0.109864
    18 0.000007 1.100985 0.000004 -0.027400 0.076863 -0.068166
    19 -0.500328 4.452953 -0.532495 0.071973 0.182970 0.158147
    20 -0.000010 1.442617 -0.000010 0.145344 0.081899 -0.045028
    21 -0.000003 1.302446 0.000004 0.205834 -0.033103 0.046655
    22 0.523221 4.540312 -0.480714 0.129385 0.203484 -0.103797
    23 -0.000001 1.198256 0.000008 0.182537 -0.133847 0.043282
    24 -0.000012 0.869780 0.000015 0.117384 0.063842 -0.018588
    25 1.354362 4.150681 -0.582655 0.387340 0.047656 -0.300294
    26 0.000000 1.157421 -0.000006 0.121961 -0.146379 0.040732
    27 0.000001 1.020055 0.000002 0.145778 0.007198 -0.048836
    28 5.003218 -8.070315 -8.112608 -2.101382 -0.344533 -0.095853
    29 0.000038 12.695422 -0.000004 -1.833484 0.584750 0.411767
    30 -4.832782 -10.193551 -12.762972 2.246995 1.195161 -1.047969
    31 -1.391397 1.476538 -0.700638 -1.757693 -1.119969 2.167463
    32 0.000002 1.751797 -0.000002 -0.382702 -0.196552 -0.169375
    33 0.000010 1.122969 0.000000 -0.357783 -0.049016 -0.094327
    34 -1.596883 4.441620 0.708540 -1.131176 -1.405842 1.263357
    35 -0.000008 1.481951 -0.000008 0.046939 0.094878 0.094919
    36 0.000002 1.056648 -0.000004 -0.028486 -0.170059 0.122132
    37 -0.470901 4.219486 0.926555 -2.516735 -0.098957 3.098983
    38 -0.000010 1.609821 0.000004 1.338602 -0.114174 0.088559
    39 -0.000002 1.562311 0.000013 1.278058 0.025862 -0.031766
    40 0.576838 4.298388 0.639431 -2.185725 -0.104952 -3.078380
    41 0.000002 1.553762 -0.000008 1.256440 0.140276 0.008694
    42 0.000003 0.874434 -0.000006 0.891126 0.106776 0.200329
    43 1.459885 4.275572 0.219019 -2.155218 -0.186603 3.315304
    44 -0.000010 0.973051 -0.000004 0.971832 0.217249 0.114333
    45 0.000007 0.970890 0.000004 1.186789 0.085797 0.151228
    46 -7.008868 4.575658 -7.491495 -1.593383 0.703453 0.744949
    47 0.000011 12.706367 0.000010 -1.759346 0.277282 0.165322
    48 0.000000 0.000000 0.000000 1.570796 0.000000 1.570796
    49 -0.000006 1.500006 0.000000 1.570796 0.000000 1.570796
    50 0.000000 -0.299999 0.000000 -1.570796 0.000000 1.570796
    51 0.000000 0.000000 0.000000 0.000000 0.000000 1.570796
    52 0.000000 0.000000 0.000000 0.000000 0.000000 1.570796
    53 0.000000 0.000002 0.000001 0.000000 0.000000 1.919862
    54 0.000000 0.000000 0.000000 -1.570796 0.000000 1.570796
    55 0.000000 0.000000 0.000002 -1.570797 0.000000 1.570796
    56 -0.000002 -0.000002 0.000004 -1.570797 0.000001 1.570796
    57 0.000003 0.000000 0.000000 -1.570796 0.000000 1.570796
    58 0.000002 0.000003 0.000000 -1.570796 0.000000 1.570796
    59 0.000000 0.000000 0.000000 -1.570796 0.000000 1.570796
    60 -0.000001 0.000011 0.000000 -1.570796 0.000000 1.570796
    61 0.000000 0.000000 0.000000 -1.570796 -0.000001 1.570796
    62 0.000000 -0.000001 0.000000 -1.570796 0.000000 1.570796
    63 -0.000002 0.000002 -0.000002 -1.570796 0.000000 1.570796
    64 0.000000 0.000000 0.000000 -1.570797 0.000000 1.570796
    65 0.000000 0.000000 0.000000 -1.570797 0.000000 1.570796
    66 0.000000 0.000000 0.000000 1.570796 0.000000 1.570796
    67 0.000000 1.500000 0.000000 1.570796 0.000000 1.570796
    68 0.000000 0.300001 0.000000 1.570796 0.000000 1.570796
    69 -0.000011 0.000002 -0.000004 -3.141593 0.000001 1.570796
    70 0.000000 0.000000 0.000000 3.141593 0.000000 1.570796
    71 0.000001 0.000000 0.000000 -3.141593 0.000000 1.221730
    72 0.000000 0.000000 0.000000 3.141593 0.000000 1.570796
    73 0.000000 -0.000002 0.000000 3.141593 0.000000 1.570796
    74 0.000004 0.000000 0.000000 3.141593 0.000000 1.570797
    75 -0.000004 0.000000 0.000002 -1.570796 0.000000 1.570796
    76 0.000000 -0.000001 0.000008 -1.570796 0.000000 1.570796
    77 0.000001 0.000000 0.000000 -1.570796 0.000000 1.570796
    78 0.000001 0.000002 0.000000 -1.570796 0.000000 1.570796
    79 0.000000 0.000000 0.000000 -1.570796 0.000000 1.570796
    80 0.000001 0.000000 0.000000 -1.570796 0.000000 1.570796
    81 0.000001 0.000000 0.000000 -1.570796 0.000001 1.570796
    82 -0.000001 0.000000 0.000002 -1.570796 0.000001 1.570796
    83 0.000001 0.000000 0.000000 -1.570796 0.000000 1.570796
  time 15
    0 -6.178969 -14.419101 -6.965119 -3.443783 -0.267093 -0.124662
    1 0.073573 17.526917 0.777220 0.000000 0.000001 0.000000
    2 -0.226386 4.254942 -0.608961 0.000000 -0.000001 0.000000
    3 3.782254 -4.556396 5.828506 0.000000 0.000001 0.000000
    4 -0.045094 3.566423 0.891595 0.000000 -0.000001 0.000000
    5 -0.116185 1.807585 2.464996 0.843407 0.000002 0.000000
    6 0.000000 1.030615 0.000004 -2.684652 -0.015519 -3.118972
    7 -0.000002 5.179932 -0.000037 0.134577 -0.002177 0.004737
    8 -0.218267 25.777573 2.487072 2.617799 0.000002 0.000000
    9 0.000000 0.870350 0.000008 -0.011446 -0.002493 0.017243
    10 0.000000 4.478401 0.000072 0.161094 -0.003504 0.009145
    11 -0.428038 15.700035 7.338796 -1.570796 0.000002 0.000000
    12 0.124398 -17.383313 -11.794193 0.368514 0.931322 2.997358
    13 -1.294654 1.473667 0.640471 2.647745 -0.651672 -2.349311
    14 0.000011 1.832554 0.000004 0.103144 -0.243606 -0.011851
    15 0.000000 1.003359 0.000001 0.089003 0.000885 -0.237313
    16 -1.632739 4.327644 -0.483953 0.112830 0.268719 0.254023
    17 -0.000010 1.637142 0.000010 0.010317 0.015772 -0.109936
    18 0.000007 1.100985 0.000004 -0.076662 0.076863 -0.068190
    19 -0.500328 4.452953 -0.532495 0.064027 0.195997 0.127238
    20 -0.000010 1.442617 -0.000010 0.133750 0.074133 -0.037729
    21 -0.000003 1.302446 0.000004 0.123989 -0.035895 0.038805
    22 0.523221 4.540312 -0.480714 0.064258 0.195071 -0.106626
    23 -0.000001 1.198256 0.000008 0.142165 -0.133847 0.043330
    24 -0.000012 0.869780 0.000015 0.079845 0.063866 -0.018576
    25 1.354362 4.150681 -0.582655 0.337403 0.065717 -0.334163
    26 0.000000 1.157421 -0.000006 0.051247 -0.143766 0.031851
    27 0.000001 1.020055 0.000002 0.058347 0.004477 -0.043635
    28 5.003218 -8.070315 -8.112608 -1.819460 -0.335998 -0.161415
    29 0.000038 12.695422 -0.000004 -2.036736 0.654208 0.379278
    30 -4.766374 -10.209177 -12.817661 2.305907 1.178312 -0.990344
    31 -1.391397 1.476538 -0.700638 -1.757693 -1.119969 2.167463
    32 0.000002 1.751797 -0.000002 -0.382702 -0.196552 -0.169375
    33 0.000010 1.122969 0.000000 -0.357783 -0.049016 -0.094327
    34 -1.596883 4.441620 0.708540 -1.164549 -1.432954 1.329007
    35 -0.000008 1.481951 -0.000008 0.046316 0.095250 0.088769
    36 0.000002 1.056648 -0.000004 -0.023632 -0.170838 0.092859
    37 -0.470901 4.219486 0.926555 -2.516735 -0.098957 3.098983
    38 -0.000010 1.609821 0.000004 1.338602 -0.114174 0.088559
    39 -0.000002 1.562311 0.000013 1.278058 0.025862 -0.031766
    40 0.576838 4.298388 0.639431 -2.185725 -0.104952 -3.078380
    41 0.000002 1.553762 -0.000008 1.256440 0.140288 0.008694
    42 0.000003 0.874434 -0.000006 0.891126 0.106776 0.200329
    43 1.459885 4.275572 0.219019 -2.155218 -0.186603 3.315304
    44 -0.000010 0.973051 -0.000004 0.971832 0.217249 0.114333
    45 0.000007 0.970890 0.000004 1.186789 0.085797 0.151228
    46 -7.008868 4.575658 -7.491495 -1.590145 0.706377 0.754325
    47 0.000011 12.706367 0.000010 -1.755033 0.276743 0.165454
    48 0.000000 0.000000 0.000000 1.570796 0.000000 1.570796
    49 -0.000006 1.500006 0.000000 1.570796 0.000000 1.570796
    50 0.000000 -0.299999 0.000000 -1.570796 0.000000 1.570796
    51 0.000000 0.000000 0.000000 0.000000 0.000000 1.570796
    52 0.000000 0.000000 0.000000 0.000000 0.000000 1.570796
    53 0.000000 0.000002 0.000001 0.000000 0.000000 1.919862
    54 0.000000 0.000000 0.000000 -1.570796 0.000000 1.570796
    55 0.000000 0.000000 0.000002 -1.570797 0.000000 1.570796
    56 -0.000002 -0.000002 0.000004 -1.570797 0.000001 1.570796
    57 0.000003 0.000000 0.000000 -1.570796 0.000000 1.570796
    58 0.000002 0.000003 0.000000 -1.570796 0.000000 1.570796
    59 0.000000 0.000000 0.000000 -1.570796 0.000000 1.570796
    60 -0.000001 0.000011 0.000000 -1.570796 0.000000 1.570796
    61 0.000000 0.000000 0.000000 -1.570796 -0.000001 1.570796
    62 0.000000 -0.000001 0.000000 -1.570796 0.000000 1.570796
    63 -0.000002 0.000002 -0.000002 -1.570796 0.000000 1.570796
    64 0.000000 0.000000 0.000000 -1.570797 0.000000 1.570796
    65 0.000000 0.000000 0.000000 -1.570797 0.000000 1.570796
    66 0.000000 0.000000 0.000000 1.570796 0.000000 1.570796
    67 0.000000 1.500000 0.000000 1.570796 0.000000 1.570796
    68 0.000000 0.300001 0.000000 1.570796 0.000000 1.570796
    69 -0.000011 0.000002 -0.000004 -3.141593 0.000001 1.570796
    70 0.000000 0.000000 0.000000 3.141593 0.000000 1.570796
    71 0.000001 0.000000 0.000000 -3.141593 0.000000 1.221730
    72 0.000000 0.000000 0.000000 3.141593 0.000000 1.570796
    73 0.000000 -0.000002 0.000000 3.141593 0.000000 1.570796
    74 0.000004 0.000000 0.000000 3.141593 0.000000 1.570797
    75 -0.000004 0.000000 0.000002 -1.570796 0.000000 1.570796
    76 0.000000 -0.000001 0.000008 -1.570796 0.000000 1.570796
    77 0.000001 0.000000 0.000000 -1.570796 0.000000 1.570796
    78 0.000001 0.000002 0.000000 -1.570796 0.000000 1.570796
    79 0.000000 0.000000 0.000000 -1.570796 0.000000 1.570796
    80 0.000001 0.000000 0.000000 -1.570796 0.000000 1.570796
    81 0.000001 0.000000 0.000000 -1.570796 0.000001 1.570796
    82 -0.000001 0.000000 0.000002 -1.570796 0.000001 1.570796
    83 0.000001 0.000000 0.000000 -1.570796 0.000000 1.570796
  time 16
    0 -6.233658 -14.423007 -7.008089 -3.442564 -0.264701 -0.129343
    1 0.073573 17.526917 0.777220 0.000000 0.000001 0.000000
    2 -0.226386 4.254942 -0.608961 0.000000 -0.000001 0.000000
    3 3.782254 -4.556396 5.828506 0.000000 0.000001 0.000000
    4 -0.045094 3.566423 0.891595 0.000000 -0.000001 0.000000
    5 -0.116185 1.807585 2.464996 0.872744 0.000002 0.000000
    6 0.000000 1.030615 0.000004 -2.674007 -0.008712 -3.128794
    7 -0.000002 5.179932 -0.000037 0.181391 -0.004035 0.013401
    8 -0.218267 25.777573 2.487072 2.587394 0.000002 0.000000
    9 0.000000 0.870350 0.000008 -0.023862 0.000467 -0.003409
    10 0.000000 4.478401 0.000072 0.260340 -0.001754 0.004627
    11 -0.213187 15.700035 7.205979 -1.570796 0.000002 0.000000
    12 0.600976 -14.746513 -13.407523 0.540056 1.037611 3.272917
    13 -1.294654 1.473667 0.640471 2.674674 -0.653225 -2.361601
    14 0.000011 1.832554 0.000004 0.111077 -0.239962 -0.045297
    15 0.000000 1.003359 0.000001 0.075784 0.008591 -0.289087
    16 -1.632739 4.327644 -0.483953 0.191450 0.278331 0.205761
    17 -0.000010 1.637142 0.000010 0.096300 -0.004686 -0.129843
    18 0.000007 1.100985 0.000004 0.014253 0.047680 -0.061503
    19 -0.500328 4.452953 -0.532495 0.122480 0.211565 0.091620
    20 -0.000010 1.442617 -0.000010 0.282293 0.064570 -0.028753
    21 -0.000003 1.302446 0.000004 0.194919 -0.039802 0.029744
    22 0.523221 4.540312 -0.480714 0.170942 0.188108 -0.130918
    23 -0.000001 1.198256 0.000008 0.229994 -0.133847 0.043294
    24 -0.000012 0.869780 0.000015 0.195773 0.063866 -0.018648
    25 1.354362 4.150681 -0.582655 0.415325 0.088152 -0.372621
    26 0.000000 1.157421 -0.000006 0.169701 -0.140590 0.021029
    27 0.000001 1.020055 0.000002 0.140373 0.001517 -0.037151
    28 5.003218 -8.070315 -8.112608 -1.463002 -0.297195 -0.276593
    29 0.000038 12.695422 -0.000004 -2.179414 0.696621 0.346854
    30 -4.813250 -10.220896 -12.852819 2.303128 1.180916 -0.997118
    31 -1.391397 1.476538 -0.700638 -1.757693 -1.119969 2.167463
    32 0.000002 1.751797 -0.000002 -0.382702 -0.196552 -0.169375
    33 0.000010 1.122969 0.000000 -0.357783 -0.049016 -0.094327
    34 -1.596883 4.441620 0.708540 -1.218196 -1.458000 1.412786
    35 -0.000008 1.481951 -0.000008 0.045945 0.095477 0.083433
    36 0.000002 1.056648 -0.000004 -0.019186 -0.171293 0.067286
    37 -0.470901 4.219486 0.926555 -2.516735 -0.098957 3.098983
    38 -0.000010 1.609821 0.000004 1.338602 -0.114174 0.088559
    39 -0.000002 1.562311 0.000013 1.278058 0.025862 -0.031766
    40 0.576838 4.298388 0.639431 -2.185725 -0.104952 -3.078380
    41 0.000002 1.553762 -0.000008 1.256440 0.140300 0.008694
    42 0.000003 0.874434 -0.000006 0.891126 0.106776 0.200329
    43 1.459885 4.275572 0.219019 -2.155230 -0.186603 3.315304
    44 -0.000010 0.973051 -0.000004 0.971832 0.217249 0.114333
    45 0.000007 0.970890 0.000004 1.186789 0.085797 0.151228
    46 -7.008868 4.575658 -7.491495 -1.586493 0.706436 0.754325
    47 0.000011 12.706367 0.000010 -1.754648 0.276431 0.165490
    48 0.000000 0.000000 0.000000 1.570796 0.000000 1.570796
    49 -0.000006 1.500006 0.000000 1.570796 0.000000 1.570796
    50 0.000000 -0.299999 0.000000 -1.570796 0.000000 1.570796
    51 0.000000 0.000000 0.000000 0.000000 0.000000 1.570796
    52 0.000000 0.000000 0.000000 0.000000 0.000000 1.570796
    53 0.000000 0.000002 0.000001 0.000000 0.000000 1.919862
    54 0.000000 0.000000 0.000000 -1.570796 0.000000 1.570796
    55 0.000000 0.000000 0.000002 -1.570797 0.000000 1.570796
    56 -0.000002 -0.000002 0.000004 -1.570797 0.000001 1.570796
    57 0.000003 0.000000 0.000000 -1.570796 0.000000 1.570796
    58 0.000002 0.000003 0.000000 -1.570796 0.000000 1.570796
    59 0.000000 0.000000 0.000000 -1.570796 0.000000 1.570796
    60 -0.000001 0.000011 0.000000 -1.570796 0.000000 1.570796
    61 0.000000 0.000000 0.000000 -1.570796 -0.000001 1.570796
    62 0.000000 -0.000001 0.000000 -1.570796 0.000000 1.570796
    63 -0.000002 0.000002 -0.000002 -1.570796 0.000000 1.570796
    64 0.000000 0.000000 0.000000 -1.570797 0.000000 1.570796
    65 0.000000 0.000000 0.000000 -1.570797 0.000000 1.570796
    66 0.000000 0.000000 0.000000 1.570796 0.000000 1.570796
    67 0.000000 1.500000 0.000000 1.570796 0.000000 1.570796
    68 0.000000 0.300001 0.000000 1.570796 0.000000 1.570796
    69 -0.000011 0.000002 -0.000004 -3.141593 0.000001 1.570796
    70 0.000000 0.000000 0.000000 3.141593 0.000000 1.570796
    71 0.000001 0.000000 0.000000 -3.141593 0.000000 1.221730
    72 0.000000 0.000000 0.000000 3.141593 0.000000 1.570796
    73 0.000000 -0.000002 0.000000 3.141593 0.000000 1.570796
    74 0.000004 0.000000 0.000000 3.141593 0.000000 1.570797
    75 -0.000004 0.000000 0.000002 -1.570796 0.000000 1.570796
    76 0.000000 -0.000001 0.000008 -1.570796 0.000000 1.570796
    77 0.000001 0.000000 0.000000 -1.570796 0.000000 1.570796
    78 0.000001 0.000002 0.000000 -1.570796 0.000000 1.570796
    79 0.000000 0.000000 0.000000 -1.570796 0.000000 1.570796
    80 0.000001 0.000000 0.000000 -1.570796 0.000000 1.570796
    81 0.000001 0.000000 0.000000 -1.570796 0.000001 1.570796
    82 -0.000001 0.000000 0.000002 -1.570796 0.000001 1.570796
    83 0.000001 0.000000 0.000000 -1.570796 0.000000 1.570796
  time 17
    0 -6.268816 -14.434726 -7.039340 -3.440062 -0.258469 -0.136601
    1 0.073573 17.526917 0.777220 0.000000 0.000001 0.000000
    2 -0.226386 4.254942 -0.608961 0.000000 -0.000001 0.000000
    3 3.782254 -4.556396 5.828506 0.000000 0.000001 0.000000
    4 -0.045094 3.566423 0.891595 0.000000 -0.000001 0.000000
    5 -0.116185 1.807585 2.464996 0.889792 0.000002 0.000000
    6 0.000000 1.030615 0.000004 -2.668188 -0.006603 -3.132194
    7 -0.000002 5.179932 -0.000037 0.212444 -0.005042 0.018723
    8 -0.218267 25.777573 2.487072 2.571862 0.000002 0.000000
    9 0.000000 0.870350 0.000008 -0.029447 0.001942 -0.011447
    10 0.000000 4.478401 0.000072 0.315998 -0.000436 0.001559
    11 -0.119434 15.700035 7.077069 -1.570796 0.000002 0.000000
    12 0.956455 -12.316752 -14.970071 0.752772 1.098410 3.555584
    13 -1.294654 1.473667 0.640471 2.696342 -0.653762 -2.370660
    14 0.000011 1.832554 0.000004 0.118472 -0.236655 -0.076032
    15 0.000000 1.003359 0.000001 0.063896 0.015303 -0.336542
    16 -1.632739 4.327644 -0.483953 0.269792 0.290399 0.158026
    17 -0.000010 1.637142 0.000010 0.311407 -0.046824 -0.185199
    18 0.000007 1.100985 0.000004 0.240484 -0.025486 -0.056242
    19 -0.500328 4.452953 -0.532495 0.272963 0.232825 0.058543
    20 -0.000010 1.442617 -0.000010 0.665907 0.050703 -0.024079
    21 -0.000003 1.302446 0.000004 0.368257 -0.042691 0.020277
    22 0.523221 4.540312 -0.480714 0.438047 0.198319 -0.184442
    23 -0.000001 1.198256 0.000008 0.447073 -0.133847 0.043222
    24 -0.000012 0.869780 0.000015 0.485548 0.063866 -0.018684
    25 1.354362 4.150681 -0.582655 0.611468 0.119072 -0.406885
    26 0.000000 1.157421 -0.000006 0.472180 -0.134562 0.010711
    27 0.000001 1.020055 0.000002 0.342969 -0.003145 -0.031434
    28 5.003218 -8.070315 -8.112608 -1.107148 -0.231167 -0.385133
    29 0.000038 12.695422 -0.000004 -2.233787 0.711216 0.332839
    30 -4.852314 -10.213083 -12.884070 2.294421 1.186660 -1.011715
    31 -1.391397 1.476538 -0.700638 -1.757693 -1.119969 2.167463
    32 0.000002 1.751797 -0.000002 -0.382702 -0.196552 -0.169375
    33 0.000010 1.122969 0.000000 -0.357783 -0.049016 -0.094327
    34 -1.596883 4.441620 0.708540 -1.295534 -1.479442 1.516862
    35 -0.000008 1.481951 -0.000008 0.045393 0.095633 0.078961
    36 0.000002 1.056648 -0.000004 -0.015711 -0.171713 0.046147
    37 -0.470901 4.219486 0.926555 -2.516735 -0.098957 3.098983
    38 -0.000010 1.609821 0.000004 1.338602 -0.114174 0.088559
    39 -0.000002 1.562311 0.000013 1.278058 0.025862 -0.031766
    40 0.576838 4.298388 0.639431 -2.185725 -0.104952 -3.078380
    41 0.000002 1.553762 -0.000008 1.256440 0.140300 0.008694
    42 0.000003 0.874434 -0.000006 0.891126 0.106776 0.200329
    43 1.459885 4.275572 0.219019 -2.155230 -0.186615 3.315304
    44 -0.000010 0.973051 -0.000004 0.971832 0.217249 0.114333
    45 0.000007 0.970890 0.000004 1.186789 0.085797 0.151228
    46 -7.008868 4.575658 -7.491495 -1.584903 0.706141 0.753558
    47 0.000011 12.706367 0.000010 -1.754417 0.276395 0.165490
    48 0.000000 0.000000 0.000000 1.570796 0.000000 1.570796
    49 -0.000006 1.500006 0.000000 1.570796 0.000000 1.570796
    50 0.000000 -0.299999 0.000000 -1.570796 0.000000 1.570796
    51 0.000000 0.000000 0.000000 0.000000 0.000000 1.570796
    52 0.000000 0.000000 0.000000 0.000000 0.000000 1.570796
    53 0.000000 0.000002 0.000001 0.000000 0.000000 1.919862
    54 0.000000 0.000000 0.000000 -1.570796 0.000000 1.570796
    55 0.000000 0.000000 0.000002 -1.570797 0.000000 1.570796
    56 -0.000002 -0.000002 0.000004 -1.570797 0.000001 1.570796
    57 0.000003 0.000000 0.000000 -1.570796 0.000000 1.570796
    58 0.000002 0.000003 0.000000 -1.570796 0.000000 1.570796
    59 0.000000 0.000000 0.000000 -1.570796 0.000000 1.570796
    60 -0.000001 0.000011 0.000000 -1.570796 0.000000 1.570796
    61 0.000000 0.000000 0.000000 -1.570796 -0.000001 1.570796
    62 0.000000 -0.000001 0.000000 -1.570796 0.000000 1.570796
    63 -0.000002 0.000002 -0.000002 -1.570796 0.000000 1.570796
    64 0.000000 0.000000 0.000000 -1.570797 0.000000 1.570796
    65 0.000000 0.000000 0.000000 -1.570797 0.000000 1.570796
    66 0.000000 0.000000 0.000000 1.570796 0.000000 1.570796
    67 0.000000 1.500000 0.000000 1.570796 0.000000 1.570796
    68 0.000000 0.300001 0.000000 1.570796 0.000000 1.570796
    69 -0.000011 0.000002 -0.000004 -3.141593 0.000001 1.570796
    70 0.000000 0.000000 0.000000 3.141593 0.000000 1.570796
    71 0.000001 0.000000 0.000000 -3.141593 0.000000 1.221730
    72 0.000000 0.000000 0.000000 3.141593 0.000000 1.570796
    73 0.000000 -0.000002 0.000000 3.141593 0.000000 1.570796
    74 0.000004 0.000000 0.000000 3.141593 0.000000 1.570797
    75 -0.000004 0.000000 0.000002 -1.570796 0.000000 1.570796
    76 0.000000 -0.000001 0.000008 -1.570796 0.000000 1.570796
    77 0.000001 0.000000 0.000000 -1.570796 0.000000 1.570796
    78 0.000001 0.000002 0.000000 -1.570796 0.000000 1.570796
    79 0.000000 0.000000 0.000000 -1.570796 0.000000 1.570796
    80 0.000001 0.000000 0.000000 -1.570796 0.000000 1.570796
    81 0.000001 0.000000 0.000000 -1.570796 0.000001 1.570796
    82 -0.000001 0.000000 0.000002 -1.570796 0.000001 1.570796
    83 0.000001 0.000000 0.000000 -1.570796 0.000000 1.570796
  time 18
    0 -6.288347 -14.442539 -7.054965 -3.437303 -0.250915 -0.144266
    1 0.073573 17.526917 0.777220 0.000000 0.000001 0.000000
    2 -0.226386 4.254942 -0.608961 0.000000 -0.000001 0.000000
    3 3.782254 -4.556396 5.828506 0.000000 0.000001 0.000000
    4 -0.045094 3.566423 0.891595 0.000000 -0.000001 0.000000
    5 -0.116185 1.807585 2.464996 0.898882 0.000002 0.000000
    6 0.000000 1.030615 0.000004 -2.665007 -0.008472 -3.129597
    7 -0.000002 5.179932 -0.000037 0.229811 -0.004898 0.018351
    8 -0.218267 25.777573 2.487072 2.563616 0.000002 0.000000
    9 0.000000 0.870350 0.000008 -0.032156 0.001282 -0.008343
    10 0.000000 4.478401 0.000072 0.346494 -0.001167 0.003872
    11 -0.181936 15.700035 7.049725 -1.570796 0.000002 0.000000
    12 1.218182 -10.297159 -16.302143 0.949532 1.120905 3.795685
    13 -1.294654 1.473667 0.640471 2.712270 -0.653643 -2.376805
    14 0.000011 1.832554 0.000004 0.124212 -0.233622 -0.101288
    15 0.000000 1.003359 0.000001 0.053961 0.020217 -0.375675
    16 -1.632739 4.327644 -0.483953 0.337546 0.303547 0.117398
    17 -0.000010 1.637142 0.000010 0.574962 -0.080297 -0.262560
    18 0.000007 1.100985 0.000004 0.515560 -0.112602 -0.072013
    19 -0.500328 4.452953 -0.532495 0.455634 0.257873 0.034046
    20 -0.000010 1.442617 -0.000010 1.123208 0.037832 -0.027183
    21 -0.000003 1.302446 0.000004 0.577100 -0.043350 0.011228
    22 0.523221 4.540312 -0.480714 0.761954 0.231816 -0.240182
    23 -0.000001 1.198256 0.000008 0.707977 -0.133847 0.043210
    24 -0.000012 0.869780 0.000015 0.831510 0.063866 -0.018876
    25 1.354362 4.150681 -0.582655 0.848228 0.154343 -0.428326
    26 0.000000 1.157421 -0.000006 0.837692 -0.125778 0.004143
    27 0.000001 1.020055 0.000002 0.588074 -0.008814 -0.027755
    28 5.003218 -8.070315 -8.112608 -0.829224 -0.149889 -0.414629
    29 0.000038 12.695422 -0.000004 -2.208781 0.704547 0.339475
    30 -4.875752 -10.213083 -12.884070 2.283491 1.193553 -1.029174
    31 -1.391397 1.476538 -0.700638 -1.757693 -1.119969 2.167463
    32 0.000002 1.751797 -0.000002 -0.382702 -0.196552 -0.169375
    33 0.000010 1.122969 0.000000 -0.357783 -0.049016 -0.094327
    34 -1.596883 4.441620 0.708540 -1.394058 -1.495607 1.636357
    35 -0.000008 1.481951 -0.000008 0.045202 0.095825 0.075607
    36 0.000002 1.056648 -0.000004 -0.012882 -0.171881 0.030175
    37 -0.470901 4.219486 0.926555 -2.516735 -0.098957 3.098983
    38 -0.000010 1.609821 0.000004 1.338602 -0.114174 0.088559
    39 -0.000002 1.562311 0.000013 1.278058 0.025862 -0.031766
    40 0.576838 4.298388 0.639431 -2.185725 -0.104952 -3.078380
    41 0.000002 1.553762 -0.000008 1.256440 0.140300 0.008694
    42 0.000003 0.874434 -0.000006 0.891126 0.106776 0.200329
    43 1.459885 4.275572 0.219019 -2.155218 -0.186603 3.315280
    44 -0.000010 0.973051 -0.000004 0.971832 0.217249 0.114333
    45 0.000007 0.970890 0.000004 1.186789 0.085797 0.151228
    46 -7.008868 4.575658 -7.491495 -1.584373 0.705727 0.752194
    47 0.000011 12.706367 0.000010 -1.754648 0.276431 0.165490
    48 0.000000 0.000000 0.000000 1.570796 0.000000 1.570796
    49 -0.000006 1.500006 0.000000 1.570796 0.000000 1.570796
    50 0.000000 -0.299999 0.000000 -1.570796 0.000000 1.570796
    51 0.000000 0.000000 0.000000 0.000000 0.000000 1.570796
    52 0.000000 0.000000 0.000000 0.000000 0.000000 1.570796
    53 0.000000 0.000002 0.000001 0.000000 0.000000 1.919862
    54 0.000000 0.000000 0.000000 -1.570796 0.000000 1.570796
    55 0.000000 0.000000 0.000002 -1.570797 0.000000 1.570796
    56 -0.000002 -0.000002 0.000004 -1.570797 0.000001 1.570796
    57 0.000003 0.000000 0.000000 -1.570796 0.000000 1.570796
    58 0.000002 0.000003 0.000000 -1.570796 0.000000 1.570796
    59 0.000000 0.000000 0.000000 -1.570796 0.000000 1.570796
    60 -0.000001 0.000011 0.000000 -1.570796 0.000000 1.570796
    61 0.000000 0.000000 0.000000 -1.570796 -0.000001 1.570796
    62 0.000000 -0.000001 0.000000 -1.570796 0.000000 1.570796
    63 -0.000002 0.000002 -0.000002 -1.570796 0.000000 1.570796
    64 0.000000 0.000000 0.000000 -1.570797 0.000000 1.570796
    65 0.000000 0.000000 0.000000 -1.570797 0.000000 1.570796
    66 0.000000 0.000000 0.000000 1.570796 0.000000 1.570796
    67 0.000000 1.500000 0.000000 1.570796 0.000000 1.570796
    68 0.000000 0.300001 0.000000 1.570796 0.000000 1.570796
    69 -0.000011 0.000002 -0.000004 -3.141593 0.000001 1.570796
    70 0.000000 0.000000 0.000000 3.141593 0.000000 1.570796
    71 0.000001 0.000000 0.000000 -3.141593 0.000000 1.221730
    72 0.000000 0.000000 0.000000 3.141593 0.000000 1.570796
    73 0.000000 -0.000002 0.000000 3.141593 0.000000 1.570796
    74 0.000004 0.000000 0.000000 3.141593 0.000000 1.570797
    75 -0.000004 0.000000 0.000002 -1.570796 0.000000 1.570796
    76 0.000000 -0.000001 0.000008 -1.570796 0.000000 1.570796
    77 0.000001 0.000000 0.000000 -1.570796 0.000000 1.570796
    78 0.000001 0.000002 0.000000 -1.570796 0.000000 1.570796
    79 0.000000 0.000000 0.000000 -1.570796 0.000000 1.570796
    80 0.000001 0.000000 0.000000 -1.570796 0.000000 1.570796
    81 0.000001 0.000000 0.000000 -1.570796 0.000001 1.570796
    82 -0.000001 0.000000 0.000002 -1.570796 0.000001 1.570796
    83 0.000001 0.000000 0.000000 -1.570796 0.000000 1.570796
  time 19
    0 -6.296160 -14.450352 -7.058872 -3.435218 -0.244494 -0.150371
    1 0.073573 17.526917 0.777220 0.000000 0.000001 0.000000
    2 -0.226386 4.254942 -0.608961 0.000000 -0.000001 0.000000
    3 3.782254 -4.556396 5.828506 0.000000 0.000001 0.000000
    4 -0.045094 3.566423 0.891595 0.000000 -0.000001 0.000000
    5 -0.116185 1.807585 2.464996 0.902608 0.000002 0.000000
    6 0.000000 1.030615 0.000004 -2.663672 -0.011481 -3.125709
    7 -0.000002 5.179932 -0.000037 0.237238 -0.004298 0.016338
    8 -0.218267 25.777573 2.487072 2.560488 0.000002 0.000000
    9 0.000000 0.870350 0.000008 -0.033198 0.000384 -0.002255
    10 0.000000 4.478401 0.000072 0.359402 -0.002533 0.007515
    11 -0.263970 15.700035 7.038005 -1.570796 0.000002 0.000000
    12 1.374437 -8.918211 -17.224046 1.081691 1.123217 3.950077
    13 -1.294654 1.473667 0.640471 2.721977 -0.653464 -2.380419
    14 0.000011 1.832554 0.000004 0.128143 -0.231405 -0.118381
    15 0.000000 1.003359 0.000001 0.047249 0.023416 -0.402115
    16 -1.632739 4.327644 -0.483953 0.384957 0.313865 0.089330
    17 -0.000010 1.637142 0.000010 0.793540 -0.091910 -0.330764
    18 0.000007 1.100985 0.000004 0.744651 -0.178505 -0.102850
    19 -0.500328 4.452953 -0.532495 0.608141 0.279122 0.021282
    20 -0.000010 1.442617 -0.000010 1.470989 0.031085 -0.033679
    21 -0.000003 1.302446 0.000004 0.750601 -0.042151 0.004984
    22 0.523221 4.540312 -0.480714 1.025155 0.271628 -0.274542
    23 -0.000001 1.198256 0.000008 0.921050 -0.133836 0.043126
    24 -0.000012 0.869780 0.000015 1.105400 0.063866 -0.018972
    25 1.354362 4.150681 -0.582655 1.043396 0.182422 -0.435540
    26 0.000000 1.157421 -0.000006 1.129417 -0.118575 0.002441
    27 0.000001 1.020055 0.000002 0.790932 -0.013691 -0.026617
    28 5.003218 -8.070315 -8.112608 -0.653824 -0.094976 -0.360222
    29 0.000038 12.695422 -0.000004 -2.156997 0.690319 0.352447
    30 -4.887471 -10.213083 -12.887976 2.273487 1.199297 -1.043962
    31 -1.391397 1.476538 -0.700638 -1.757693 -1.119969 2.167463
    32 0.000002 1.751797 -0.000002 -0.382702 -0.196552 -0.169375
    33 0.000010 1.122969 0.000000 -0.357783 -0.049016 -0.094327
    34 -1.596883 4.441620 0.708540 -1.487855 -1.505695 1.744288
    35 -0.000008 1.481951 -0.000008 0.044854 0.095957 0.073498
    36 0.000002 1.056648 -0.000004 -0.011228 -0.171989 0.020083
    37 -0.470901 4.219486 0.926555 -2.516735 -0.098957 3.098983
    38 -0.000010 1.609821 0.000004 1.338602 -0.114174 0.088559
    39 -0.000002 1.562311 0.000013 1.278058 0.025862 -0.031766
    40 0.576838 4.298388 0.639431 -2.185725 -0.104952 -3.078380
    41 0.000002 1.553762 -0.000008 1.256440 0.140300 0.008694
    42 0.000003 0.874434 -0.000006 0.891126 0.106776 0.200329
    43 1.459885 4.275572 0.219019 -2.155206 -0.186603 3.315304
    44 -0.000010 0.973051 -0.000004 0.971832 0.217249 0.114333
    45 0.000007 0.970890 0.000004 1.186789 0.085797 0.151228
    46 -7.008868 4.575658 -7.491495 -1.584373 0.705284 0.750916
    47 0.000011 12.706367 0.000010 -1.754879 0.276647 0.165478
    48 0.000000 0.000000 0.000000 1.570796 0.000000 1.570796
    49 -0.000006 1.500006 0.000000 1.570796 0.000000 1.570796
    50 0.000000 -0.299999 0.000000 -1.570796 0.000000 1.570796
    51 0.000000 0.000000 0.000000 0.000000 0.000000 1.570796
    52 0.000000 0.000000 0.000000 0.000000 0.000000 1.570796
    53 0.000000 0.000002 0.000001 0.000000 0.000000 1.919862
    54 0.000000 0.000000 0.000000 -1.570796 0.000000 1.570796
    55 0.000000 0.000000 0.000002 -1.570797 0.000000 1.570796
    56 -0.000002 -0.000002 0.000004 -1.570797 0.000001 1.570796
    57 0.000003 0.000000 0.000000 -1.570796 0.000000 1.570796
    58 0.000002 0.000003 0.000000 -1.570796 0.000000 1.570796
    59 0.000000 0.000000 0.000000 -1.570796 0.000000 1.570796
    60 -0.000001 0.000011 0.000000 -1.570796 0.000000 1.570796
    61 0.000000 0.000000 0.000000 -1.570796 -0.000001 1.570796
    62 0.000000 -0.000001 0.000000 -1.570796 0.000000 1.570796
    63 -0.000002 0.000002 -0.000002 -1.570796 0.000000 1.570796
    64 0.000000 0.000000 0.000000 -1.570797 0.000000 1.570796
    65 0.000000 0.000000 0.000000 -1.570797 0.000000 1.570796
    66 0.000000 0.000000 0.000000 1.570796 0.000000 1.570796
    67 0.000000 1.500000 0.000000 1.570796 0.000000 1.570796
    68 0.000000 0.300001 0.000000 1.570796 0.000000 1.570796
    69 -0.000011 0.000002 -0.000004 -3.141593 0.000001 1.570796
    70 0.000000 0.000000 0.000000 3.141593 0.000000 1.570796
    71 0.000001 0.000000 0.000000 -3.141593 0.000000 1.221730
    72 0.000000 0.000000 0.000000 3.141593 0.000000 1.570796
    73 0.000000 -0.000002 0.000000 3.141593 0.000000 1.570796
    74 0.000004 0.000000 0.000000 3.141593 0.000000 1.570797
    75 -0.000004 0.000000 0.000002 -1.570796 0.000000 1.570796
    76 0.000000 -0.000001 0.000008 -1.570796 0.000000 1.570796
    77 0.000001 0.000000 0.000000 -1.570796 0.000000 1.570796
    78 0.000001 0.000002 0.000000 -1.570796 0.000000 1.570796
    79 0.000000 0.000000 0.000000 -1.570796 0.000000 1.570796
    80 0.000001 0.000000 0.000000 -1.570796 0.000000 1.570796
    81 0.000001 0.000000 0.000000 -1.570796 0.000001 1.570796
    82 -0.000001 0.000000 0.000002 -1.570796 0.000001 1.570796
    83 0.000001 0.000000 0.000000 -1.570796 0.000000 1.570796
  time 20
    0 -6.296160 -14.454258 -7.062778 -3.434352 -0.241850 -0.152813
    1 0.073573 17.526917 0.777220 0.000000 0.000001 0.000000
    2 -0.226386 4.254942 -0.608961 0.000000 -0.000001 0.000000
    3 3.782254 -4.556396 5.828506 0.000000 0.000001 0.000000
    4 -0.045094 3.566423 0.891595 0.000000 -0.000001 0.000000
    5 -0.116185 1.807585 2.464996 0.903330 0.000002 0.000000
    6 0.000000 1.030615 0.000004 -2.663377 -0.012895 -3.123694
    7 -0.000002 5.179932 -0.000037 0.238795 -0.003855 0.014959
    8 -0.218267 25.777573 2.487072 2.559709 0.000002 0.000000
    9 0.000000 0.870350 0.000008 -0.033366 -0.000168 0.001035
    10 0.000000 4.478401 0.000072 0.362294 -0.003193 0.009253
    11 -0.295221 15.700035 7.026286 -1.570796 0.000002 0.000000
    12 1.433032 -8.394757 -17.571713 1.128157 1.121905 4.003222
    13 -1.294654 1.473667 0.640471 2.725333 -0.653245 -2.381518
    14 0.000011 1.832554 0.000004 0.129582 -0.230614 -0.124626
    15 0.000000 1.003359 0.000001 0.044816 0.024711 -0.411929
    16 -1.632739 4.327644 -0.483953 0.402882 0.318216 0.078976
    17 -0.000010 1.637142 0.000010 0.882687 -0.092185 -0.359180
    18 0.000007 1.100985 0.000004 0.838981 -0.202846 -0.119736
    19 -0.500328 4.452953 -0.532495 0.671491 0.287763 0.017663
    20 -0.000010 1.442617 -0.000010 1.602257 0.029491 -0.036519
    21 -0.000003 1.302446 0.000004 0.822132 -0.041396 0.002743
    22 0.523221 4.540312 -0.480714 1.131049 0.290145 -0.284765
    23 -0.000001 1.198256 0.000008 1.007439 -0.133812 0.043102
    24 -0.000012 0.869780 0.000015 1.213432 0.063866 -0.019008
    25 1.354362 4.150681 -0.582655 1.123382 0.193412 -0.436260
    26 0.000000 1.157421 -0.000006 1.244636 -0.115651 0.002549
    27 0.000001 1.020055 0.000002 0.874137 -0.015609 -0.026437
    28 5.003218 -8.070315 -8.112608 -0.589850 -0.079660 -0.316423
    29 0.000038 12.695422 -0.000004 -2.131650 0.683031 0.358601
    30 -4.891378 -10.209177 -12.884070 2.269411 1.201518 -1.050163
    31 -1.391397 1.476538 -0.700638 -1.757693 -1.119969 2.167463
    32 0.000002 1.751797 -0.000002 -0.382702 -0.196552 -0.169375
    33 0.000010 1.122969 0.000000 -0.357783 -0.049016 -0.094327
    34 -1.596883 4.441620 0.708540 -1.529771 -1.509133 1.791146
    35 -0.000008 1.481951 -0.000008 0.044782 0.096005 0.072761
    36 0.000002 1.056648 -0.000004 -0.010557 -0.172025 0.016532
    37 -0.470901 4.219486 0.926555 -2.516735 -0.098957 3.098983
    38 -0.000010 1.609821 0.000004 1.338602 -0.114174 0.088559
    39 -0.000002 1.562311 0.000013 1.278058 0.025862 -0.031766
    40 0.576838 4.298388 0.639431 -2.185725 -0.104952 -3.078380
    41 0.000002 1.553762 -0.000008 1.256440 0.140300 0.008694
    42 0.000003 0.874434 -0.000006 0.891126 0.106776 0.200329
    43 1.459885 4.275572 0.219019 -2.155206 -0.186603 3.315304
    44 -0.000010 0.973051 -0.000004 0.971832 0.217249 0.114333
    45 0.000007 0.970890 0.000004 1.186789 0.085797 0.151228
    46 -7.008868 4.575658 -7.491495 -1.584844 0.705166 0.750404
    47 0.000011 12.706367 0.000010 -1.754879 0.276659 0.165466
    48 0.000000 0.000000 0.000000 1.570796 0.000000 1.570796
    49 -0.000006 1.500006 0.000000 1.570796 0.000000 1.570796
    50 0.000000 -0.299999 0.000000 -1.570796 0.000000 1.570796
    51 0.000000 0.000000 0.000000 0.000000 0.000000 1.570796
    52 0.000000 0.000000 0.000000 0.000000 0.000000 1.570796
    53 0.000000 0.000002 0.000001 0.000000 0.000000 1.919862
    54 0.000000 0.000000 0.000000 -1.570796 0.000000 1.570796
    55 0.000000 0.000000 0.000002 -1.570797 0.000000 1.570796
    56 -0.000002 -0.000002 0.000004 -1.570797 0.000001 1.570796
    57 0.000003 0.000000 0.000000 -1.570796 0.000000 1.570796
    58 0.000002 0.000003 0.000000 -1.570796 0.000000 1.570796
    59 0.000000 0.000000 0.000000 -1.570796 0.000000 1.570796
    60 -0.000001 0.000011 0.000000 -1.570796 0.000000 1.570796
    61 0.000000 0.000000 0.000000 -1.570796 -0.000001 1.570796
    62 0.000000 -0.000001 0.000000 -1.570796 0.000000 1.570796
    63 -0.000002 0.000002 -0.000002 -1.570796 0.000000 1.570796
    64 0.000000 0.000000 0.000000 -1.570797 0.000000 1.570796
    65 0.000000 0.000000 0.000000 -1.570797 0.000000 1.570796
    66 0.000000 0.000000 0.000000 1.570796 0.000000 1.570796
    67 0.000000 1.500000 0.000000 1.570796 0.000000 1.570796
    68 0.000000 0.300001 0.000000 1.570796 0.000000 1.570796
    69 -0.000011 0.000002 -0.000004 -3.141593 0.000001 1.570796
    70 0.000000 0.000000 0.000000 3.141593 0.000000 1.570796
    71 0.000001 0.000000 0.000000 -3.141593 0.000000 1.221730
    72 0.000000 0.000000 0.000000 3.141593 0.000000 1.570796
    73 0.000000 -0.000002 0.000000 3.141593 0.000000 1.570796
    74 0.000004 0.000000 0.000000 3.141593 0.000000 1.570797
    75 -0.000004 0.000000 0.000002 -1.570796 0.000000 1.570796
    76 0.000000 -0.000001 0.000008 -1.570796 0.000000 1.570796
    77 0.000001 0.000000 0.000000 -1.570796 0.000000 1.570796
    78 0.000001 0.000002 0.000000 -1.570796 0.000000 1.570796
    79 0.000000 0.000000 0.000000 -1.570796 0.000000 1.570796
    80 0.000001 0.000000 0.000000 -1.570796 0.000000 1.570796
    81 0.000001 0.000000 0.000000 -1.570796 0.000001 1.570796
    82 -0.000001 0.000000 0.000002 -1.570796 0.000001 1.570796
    83 0.000001 0.000000 0.000000 -1.570796 0.000000 1.570796
end
