// Created by Crowbar 0.74
version 1
nodes
  0 "ValveBiped.Bip01_Pelvis" -1
  1 "ValveBiped.Bip01_Spine" 0
  2 "ValveBiped.Bip01_Spine1" 1
  3 "ValveBiped.Bip01_Spine2" 2
  4 "ValveBiped.Bip01_Spine4" 3
  5 "ValveBiped.Bip01_Neck1" 4
  6 "ValveBiped.Bip01_Head1" 5
  7 "ValveBiped.forward" 6
  8 "ValveBiped.Bip01_R_Clavicle" 4
  9 "ValveBiped.Bip01_R_UpperArm" 8
  10 "ValveBiped.Bip01_R_Forearm" 9
  11 "ValveBiped.Bip01_R_Hand" 10
  12 "ValveBiped.Anim_Attachment_RH" 11
  13 "ValveBiped.Bip01_L_Clavicle" 4
  14 "ValveBiped.Bip01_L_UpperArm" 13
  15 "ValveBiped.Bip01_L_Forearm" 14
  16 "ValveBiped.Bip01_L_Hand" 15
  17 "ValveBiped.Anim_Attachment_LH" 16
  18 "ValveBiped.Bip01_R_Thigh" 0
  19 "ValveBiped.Bip01_R_Calf" 18
  20 "ValveBiped.Bip01_R_Foot" 19
  21 "ValveBiped.Bip01_R_Toe0" 20
  22 "ValveBiped.Bip01_L_Thigh" 0
  23 "ValveBiped.Bip01_L_Calf" 22
  24 "ValveBiped.Bip01_L_Foot" 23
  25 "ValveBiped.Bip01_L_Toe0" 24
  26 "ValveBiped.Bip01_L_Finger4" 16
  27 "ValveBiped.Bip01_L_Finger41" 26
  28 "ValveBiped.Bip01_L_Finger42" 27
  29 "ValveBiped.Bip01_L_Finger3" 16
  30 "ValveBiped.Bip01_L_Finger31" 29
  31 "ValveBiped.Bip01_L_Finger32" 30
  32 "ValveBiped.Bip01_L_Finger2" 16
  33 "ValveBiped.Bip01_L_Finger21" 32
  34 "ValveBiped.Bip01_L_Finger22" 33
  35 "ValveBiped.Bip01_L_Finger1" 16
  36 "ValveBiped.Bip01_L_Finger11" 35
  37 "ValveBiped.Bip01_L_Finger12" 36
  38 "ValveBiped.Bip01_L_Finger0" 16
  39 "ValveBiped.Bip01_L_Finger01" 38
  40 "ValveBiped.Bip01_L_Finger02" 39
  41 "ValveBiped.Bip01_R_Finger4" 11
  42 "ValveBiped.Bip01_R_Finger41" 41
  43 "ValveBiped.Bip01_R_Finger42" 42
  44 "ValveBiped.Bip01_R_Finger3" 11
  45 "ValveBiped.Bip01_R_Finger31" 44
  46 "ValveBiped.Bip01_R_Finger32" 45
  47 "ValveBiped.Bip01_R_Finger2" 11
  48 "ValveBiped.Bip01_R_Finger21" 47
  49 "ValveBiped.Bip01_R_Finger22" 48
  50 "ValveBiped.Bip01_R_Finger1" 11
  51 "ValveBiped.Bip01_R_Finger11" 50
  52 "ValveBiped.Bip01_R_Finger12" 51
  53 "ValveBiped.Bip01_R_Finger0" 11
  54 "ValveBiped.Bip01_R_Finger01" 53
  55 "ValveBiped.Bip01_R_Finger02" 54
  56 "ValveBiped.Bip01_L_Elbow" 14
  57 "ValveBiped.Bip01_L_Ulna" 15
  58 "ValveBiped.Bip01_R_Ulna" 10
  59 "ValveBiped.Bip01_R_Shoulder" 9
  60 "ValveBiped.Bip01_L_Shoulder" 14
  61 "ValveBiped.Bip01_R_Trapezius" 8
  62 "ValveBiped.Bip01_R_Wrist" 10
  63 "ValveBiped.Bip01_R_Bicep" 9
  64 "ValveBiped.Bip01_L_Bicep" 14
  65 "ValveBiped.Bip01_L_Trapezius" 13
  66 "ValveBiped.Bip01_L_Wrist" 15
  67 "ValveBiped.Bip01_R_Elbow" 9
  68 "ValveBiped.Bip01" -1
end
skeleton
  time 0
    0 -0.000005 -0.533615 38.566917 1.570796 0.000000 0.000000
    1 0.000005 3.345127 -2.981901 1.570796 0.086293 1.570796
    2 4.018330 0.000000 0.000000 0.000000 0.000000 -0.029242
    3 3.518562 0.000000 0.000000 0.000000 0.000000 0.100336
    4 8.942638 0.000000 0.000000 0.000000 0.000000 0.194096
    5 3.307270 0.000000 0.000000 3.141590 0.000000 0.400478
    6 3.593712 -0.000004 0.000000 0.000000 -0.000001 0.406587
    7 1.999996 -3.000001 0.000000 -1.570796 0.000000 -1.326450
    8 2.033356 1.000772 -1.937610 -1.668474 1.286518 2.942953
    9 6.028143 0.000004 0.000000 1.639479 -0.008065 -0.586846
    10 11.692543 0.000000 0.000000 0.000000 0.000000 -0.060372
    11 11.481695 0.000000 0.000000 -1.564937 0.106606 0.044193
    12 2.676085 -1.712444 0.000000 -1.570796 0.000000 -1.570796
    13 2.033348 1.000767 1.937660 1.596637 -1.286515 2.942961
    14 6.028145 0.000000 0.000000 -1.579613 0.047802 -0.585173
    15 11.692556 0.000000 0.000000 0.000000 0.000000 -0.060372
    16 11.481672 0.000000 -0.000023 1.573183 -0.106613 0.044193
    17 2.676088 -1.712440 0.000000 1.570797 0.000000 1.570797
    18 -3.890452 0.000004 0.000007 -1.570796 0.051845 -1.576021
    19 17.848167 0.000000 0.000000 0.000000 0.000000 0.034187
    20 16.525251 0.000000 0.000000 0.038611 0.040779 -1.071632
    21 6.879452 0.000000 0.000000 -0.081333 -0.002951 -0.584373
    22 3.890452 -0.000004 -0.000003 -1.570796 0.051839 -1.565574
    23 17.848169 0.000000 0.000000 0.000000 0.000000 0.034200
    24 16.525246 0.000000 0.000000 -0.027915 -0.040782 -1.071638
    25 6.879447 -0.000001 0.000001 -0.007299 -0.002951 -0.584373
    26 3.859707 -0.142406 -1.191976 -0.479144 0.152190 -0.879874
    27 1.312557 0.000002 0.000001 0.000000 0.009665 -0.439720
    28 0.729362 0.000001 0.000000 0.000000 0.004971 -0.244299
    29 3.942327 0.046772 -0.431443 -0.155014 0.073328 -0.810648
    30 1.539093 0.000002 0.000000 0.000000 0.004460 -0.247797
    31 1.196323 0.000000 0.000000 0.000000 0.007361 -0.430802
    32 3.883690 -0.046776 0.431443 0.085902 0.021830 -0.587867
    33 1.719572 -0.000004 0.000000 0.000000 0.005516 -0.366478
    34 1.209179 0.000000 0.000000 0.000000 0.003084 -0.216400
    35 3.859861 -0.137947 1.332467 0.354449 -0.042750 -0.531717
    36 1.719429 0.000000 0.000000 0.000000 0.004074 -0.363008
    37 1.099663 0.000000 -0.000001 0.000000 0.002596 -0.244331
    38 0.806046 -0.348923 1.321259 -1.206854 -0.679489 -0.789308
    39 1.789785 0.000000 0.000000 0.000000 0.007386 0.228523
    40 1.206999 0.000000 0.000004 0.000000 0.011266 0.362860
    41 3.859673 -0.132568 1.193107 0.479140 -0.158545 -0.879041
    42 1.312561 0.000000 -0.000001 0.000000 -0.011932 -0.439672
    43 0.729362 0.000001 0.000000 0.000000 -0.006134 -0.244271
    44 3.942289 0.050335 0.431043 0.154999 -0.079305 -0.810205
    45 1.539097 0.000004 0.000000 0.000000 -0.005854 -0.247771
    46 1.196323 0.000002 0.000000 0.000000 -0.009663 -0.430761
    47 3.883656 -0.050327 -0.431043 -0.085905 -0.026404 -0.587695
    48 1.719574 0.000000 0.000000 0.000000 -0.007974 -0.366436
    49 1.209179 -0.000002 0.000000 0.000000 -0.004461 -0.216376
    50 3.859827 -0.148937 -1.331281 -0.354419 0.038567 -0.532001
    51 1.719427 0.000000 0.000000 0.000000 -0.006613 -0.362970
    52 1.099663 0.000000 0.000000 0.000000 -0.004211 -0.244312
    53 0.806013 -0.359833 -1.318333 1.204200 0.673618 -0.793956
    54 1.789783 -0.000002 0.000004 0.000000 -0.006301 0.228555
    55 1.206993 0.000000 -0.000002 0.000000 -0.009618 0.362905
    56 11.692554 0.000000 0.000000 0.000000 0.000000 -0.029500
    57 5.740850 0.000000 0.000004 0.000688 0.000000 0.000000
    58 5.740845 0.000000 0.000000 0.000081 0.000000 0.000000
    59 1.500000 0.000000 -0.000004 0.000000 0.000000 0.000000
    60 1.500000 0.000000 0.000004 0.000000 0.000000 0.000000
    61 5.166965 0.000004 0.000000 0.000000 0.000000 0.000000
    62 11.481689 0.000000 -0.000004 0.000150 0.000000 0.000000
    63 5.559994 0.000000 -0.000004 0.000000 0.000000 0.000000
    64 5.559998 0.000000 0.000000 0.000000 0.000000 0.000000
    65 5.166965 -0.000004 0.000000 0.000000 0.000000 0.000000
    66 11.481697 0.000000 0.000008 0.001272 0.000000 0.000000
    67 11.692545 0.000000 -0.000004 0.000000 0.000000 -0.029500
    68 -0.000005 -0.533615 38.566917 1.570796 0.000000 0.000000
end
triangles
  phy
    0 -1.664987 -5.491654 44.578831 -0.045284 -0.171833 0.984085 0 0
    0 -1.664995 3.974132 44.578831 -0.122209 0.351796 0.928065 0 0
    0 -5.564928 -1.283773 44.578831 -0.629892 -0.094089 0.770962 0 0
  phy
    0 -1.664987 -5.491654 44.578831 -0.045284 -0.171833 0.984085 0 0
    0 1.823204 3.974136 44.578831 0.086272 0.349987 0.932773 0 0
    0 -1.664995 3.974132 44.578831 -0.122209 0.351796 0.928065 0 0
  phy
    0 -1.664987 -5.491654 44.578831 -0.045284 -0.171833 0.984085 0 0
    0 4.645222 -3.884380 44.578831 0.280937 -0.307535 0.909119 0 0
    0 1.823204 3.974136 44.578831 0.086272 0.349987 0.932773 0 0
  phy
    0 4.645222 -3.884380 44.578831 0.280937 -0.307535 0.909119 0 0
    0 5.723134 -1.283768 44.578831 0.765898 -0.093011 0.636200 0 0
    0 1.823204 3.974136 44.578831 0.086272 0.349987 0.932773 0 0
  phy
    0 -4.870207 3.734394 40.859135 -0.769554 0.620354 0.151489 0 0
    0 -1.664995 3.974132 44.578831 -0.122209 0.351796 0.928065 0 0
    0 -1.746732 5.404266 40.859135 -0.187989 0.981185 0.043994 0 0
  phy
    0 -1.664995 3.974132 44.578831 -0.122209 0.351796 0.928065 0 0
    0 -4.870207 3.734394 40.859135 -0.769554 0.620354 0.151489 0 0
    0 -4.487022 2.366865 44.578831 -0.770998 0.444664 0.455890 0 0
  phy
    0 -4.487022 2.366865 44.578831 -0.770998 0.444664 0.455890 0 0
    0 -5.564928 -1.283773 44.578831 -0.629892 -0.094089 0.770962 0 0
    0 -1.664995 3.974132 44.578831 -0.122209 0.351796 0.928065 0 0
  phy
    0 -1.746732 5.404266 40.859135 -0.187989 0.981185 0.043994 0 0
    0 -1.664995 3.974132 44.578831 -0.122209 0.351796 0.928065 0 0
    0 1.823204 3.974136 44.578831 0.086272 0.349987 0.932773 0 0
  phy
    0 -6.063281 0.161589 40.859135 -0.954879 0.250482 0.159579 0 0
    0 -4.870207 3.734394 40.859135 -0.769554 0.620354 0.151489 0 0
    0 -6.613223 0.251926 35.175900 -0.972065 -0.082569 -0.219711 0 0
  phy
    0 -4.870207 3.734394 40.859135 -0.769554 0.620354 0.151489 0 0
    0 -5.335114 3.262086 35.175900 -0.601406 0.776311 -0.188815 0 0
    0 -6.613223 0.251926 35.175900 -0.972065 -0.082569 -0.219711 0 0
  phy
    0 -4.870207 3.734394 40.859135 -0.769554 0.620354 0.151489 0 0
    0 -6.063281 0.161589 40.859135 -0.954879 0.250482 0.159579 0 0
    0 -4.487022 2.366865 44.578831 -0.770998 0.444664 0.455890 0 0
  phy
    0 -4.870207 3.734394 40.859135 -0.769554 0.620354 0.151489 0 0
    0 -1.746732 5.404266 40.859135 -0.187989 0.981185 0.043994 0 0
    0 -5.335114 3.262086 35.175900 -0.601406 0.776311 -0.188815 0 0
  phy
    0 -4.870207 -3.411221 40.859133 -0.765269 -0.643638 -0.009639 0 0
    0 -1.746716 -5.619331 40.859135 -0.271494 -0.959016 -0.081114 0 0
    0 -4.518764 -3.868849 44.524588 -0.799563 -0.589516 0.114756 0 0
  phy
    0 -5.335114 -2.758231 35.175899 -0.501697 -0.549122 -0.668405 0 0
    0 -1.746716 -5.619331 40.859135 -0.271494 -0.959016 -0.081114 0 0
    0 -4.870207 -3.411221 40.859133 -0.765269 -0.643638 -0.009639 0 0
  phy
    0 -4.870207 -3.411221 40.859133 -0.765269 -0.643638 -0.009639 0 0
    0 -4.518764 -3.868849 44.524588 -0.799563 -0.589516 0.114756 0 0
    0 -6.613223 0.251926 35.175900 -0.972065 -0.082569 -0.219711 0 0
  phy
    0 -5.335114 -2.758231 35.175899 -0.501697 -0.549122 -0.668405 0 0
    0 -4.870207 -3.411221 40.859133 -0.765269 -0.643638 -0.009639 0 0
    0 -6.613223 0.251926 35.175900 -0.972065 -0.082569 -0.219711 0 0
  phy
    0 6.430672 0.161594 40.859135 0.989447 0.049118 0.136317 0 0
    0 6.771448 0.251926 35.175904 0.947300 0.000000 -0.320349 0 0
    0 5.237615 3.734398 40.859135 0.769913 0.620645 0.148438 0 0
  phy
    0 5.237615 3.734398 40.859135 0.769913 0.620645 0.148438 0 0
    0 6.771448 0.251926 35.175904 0.947300 0.000000 -0.320349 0 0
    0 5.493313 3.262086 35.175900 0.598760 0.772901 -0.210025 0 0
  phy
    0 5.237615 3.734398 40.859135 0.769913 0.620645 0.148438 0 0
    0 2.114114 5.404266 40.859135 0.264154 0.963630 0.040502 0 0
    0 1.823204 3.974136 44.578831 0.086272 0.349987 0.932773 0 0
  phy
    0 4.645206 2.366875 44.578831 0.755513 0.435731 0.489222 0 0
    0 5.237615 3.734398 40.859135 0.769913 0.620645 0.148438 0 0
    0 1.823204 3.974136 44.578831 0.086272 0.349987 0.932773 0 0
  phy
    0 5.237615 3.734398 40.859135 0.769913 0.620645 0.148438 0 0
    0 4.645206 2.366875 44.578831 0.755513 0.435731 0.489222 0 0
    0 6.430672 0.161594 40.859135 0.989447 0.049118 0.136317 0 0
  phy
    0 2.114114 5.404266 40.859135 0.264154 0.963630 0.040502 0 0
    0 5.237615 3.734398 40.859135 0.769913 0.620645 0.148438 0 0
    0 5.493313 3.262086 35.175900 0.598760 0.772901 -0.210025 0 0
  phy
    0 2.114114 5.404266 40.859135 0.264154 0.963630 0.040502 0 0
    0 -1.746732 5.404266 40.859135 -0.187989 0.981185 0.043994 0 0
    0 1.823204 3.974136 44.578831 0.086272 0.349987 0.932773 0 0
  phy
    0 2.147143 4.584219 35.175896 0.080264 0.688613 -0.720674 0 0
    0 -1.746732 5.404266 40.859135 -0.187989 0.981185 0.043994 0 0
    0 2.114114 5.404266 40.859135 0.264154 0.963630 0.040502 0 0
  phy
    0 -1.746732 5.404266 40.859135 -0.187989 0.981185 0.043994 0 0
    0 2.147143 4.584219 35.175896 0.080264 0.688613 -0.720674 0 0
    0 -1.988941 4.584218 35.175894 -0.042517 0.240615 -0.969689 0 0
  phy
    0 -5.335114 3.262086 35.175900 -0.601406 0.776311 -0.188815 0 0
    0 -1.746732 5.404266 40.859135 -0.187989 0.981185 0.043994 0 0
    0 -1.988941 4.584218 35.175894 -0.042517 0.240615 -0.969689 0 0
  phy
    0 -5.335114 -2.758231 35.175899 -0.501697 -0.549122 -0.668405 0 0
    0 -1.988941 4.584218 35.175894 -0.042517 0.240615 -0.969689 0 0
    0 -1.988934 -4.618608 35.175904 -0.120646 -0.485228 -0.866025 0 0
  phy
    0 -1.988934 -4.618608 35.175904 -0.120646 -0.485228 -0.866025 0 0
    0 -1.988941 4.584218 35.175894 -0.042517 0.240615 -0.969689 0 0
    0 2.147159 -4.618612 35.175906 0.096583 -0.588882 -0.802427 0 0
  phy
    0 -1.988941 4.584218 35.175894 -0.042517 0.240615 -0.969689 0 0
    0 2.147143 4.584219 35.175896 0.080264 0.688613 -0.720674 0 0
    0 5.493313 -2.758231 35.175906 0.363735 -0.398118 -0.842140 0 0
  phy
    0 -1.988941 4.584218 35.175894 -0.042517 0.240615 -0.969689 0 0
    0 5.493313 -2.758231 35.175906 0.363735 -0.398118 -0.842140 0 0
    0 2.147159 -4.618612 35.175906 0.096583 -0.588882 -0.802427 0 0
  phy
    0 5.493313 -2.758231 35.175906 0.363735 -0.398118 -0.842140 0 0
    0 2.147143 4.584219 35.175896 0.080264 0.688613 -0.720674 0 0
    0 6.771448 0.251926 35.175904 0.947300 0.000000 -0.320349 0 0
  phy
    0 2.147143 4.584219 35.175896 0.080264 0.688613 -0.720674 0 0
    0 5.493313 3.262086 35.175900 0.598760 0.772901 -0.210025 0 0
    0 6.771448 0.251926 35.175904 0.947300 0.000000 -0.320349 0 0
  phy
    0 2.147143 4.584219 35.175896 0.080264 0.688613 -0.720674 0 0
    0 2.114114 5.404266 40.859135 0.264154 0.963630 0.040502 0 0
    0 5.493313 3.262086 35.175900 0.598760 0.772901 -0.210025 0 0
  phy
    0 6.430672 0.161594 40.859135 0.989447 0.049118 0.136317 0 0
    0 5.723134 -1.283768 44.578831 0.765898 -0.093011 0.636200 0 0
    0 5.237615 -3.411217 40.859135 0.842518 -0.538516 0.012814 0 0
  phy
    0 5.237615 -3.411217 40.859135 0.842518 -0.538516 0.012814 0 0
    0 6.771448 0.251926 35.175904 0.947300 0.000000 -0.320349 0 0
    0 6.430672 0.161594 40.859135 0.989447 0.049118 0.136317 0 0
  phy
    0 6.430672 0.161594 40.859135 0.989447 0.049118 0.136317 0 0
    0 4.645206 2.366875 44.578831 0.755513 0.435731 0.489222 0 0
    0 5.723134 -1.283768 44.578831 0.765898 -0.093011 0.636200 0 0
  phy
    0 -4.518764 -3.868849 44.524588 -0.799563 -0.589516 0.114756 0 0
    0 -1.746716 -5.619331 40.859135 -0.271494 -0.959016 -0.081114 0 0
    0 -1.664987 -5.491654 44.578831 -0.045284 -0.171833 0.984085 0 0
  phy
    0 -4.518764 -3.868849 44.524588 -0.799563 -0.589516 0.114756 0 0
    0 -5.564928 -1.283773 44.578831 -0.629892 -0.094089 0.770962 0 0
    0 -6.613223 0.251926 35.175900 -0.972065 -0.082569 -0.219711 0 0
  phy
    0 -1.664987 -5.491654 44.578831 -0.045284 -0.171833 0.984085 0 0
    0 -5.564928 -1.283773 44.578831 -0.629892 -0.094089 0.770962 0 0
    0 -4.518764 -3.868849 44.524588 -0.799563 -0.589516 0.114756 0 0
  phy
    0 -1.664987 -5.491654 44.578831 -0.045284 -0.171833 0.984085 0 0
    0 -1.746716 -5.619331 40.859135 -0.271494 -0.959016 -0.081114 0 0
    0 1.823208 -5.491651 44.578831 0.153274 -0.969939 0.189014 0 0
  phy
    0 1.823208 -5.491651 44.578831 0.153274 -0.969939 0.189014 0 0
    0 -1.746716 -5.619331 40.859135 -0.271494 -0.959016 -0.081114 0 0
    0 2.114123 -5.619328 40.859135 0.363997 -0.928542 -0.072915 0 0
  phy
    0 2.114123 -5.619328 40.859135 0.363997 -0.928542 -0.072915 0 0
    0 4.645222 -3.884380 44.578831 0.280937 -0.307535 0.909119 0 0
    0 1.823208 -5.491651 44.578831 0.153274 -0.969939 0.189014 0 0
  phy
    0 1.823208 -5.491651 44.578831 0.153274 -0.969939 0.189014 0 0
    0 4.645222 -3.884380 44.578831 0.280937 -0.307535 0.909119 0 0
    0 -1.664987 -5.491654 44.578831 -0.045284 -0.171833 0.984085 0 0
  phy
    0 -4.487022 2.366865 44.578831 -0.770998 0.444664 0.455890 0 0
    0 -6.063281 0.161589 40.859135 -0.954879 0.250482 0.159579 0 0
    0 -5.564928 -1.283773 44.578831 -0.629892 -0.094089 0.770962 0 0
  phy
    0 -5.564928 -1.283773 44.578831 -0.629892 -0.094089 0.770962 0 0
    0 -6.063281 0.161589 40.859135 -0.954879 0.250482 0.159579 0 0
    0 -6.613223 0.251926 35.175900 -0.972065 -0.082569 -0.219711 0 0
  phy
    0 -5.335114 3.262086 35.175900 -0.601406 0.776311 -0.188815 0 0
    0 -1.988941 4.584218 35.175894 -0.042517 0.240615 -0.969689 0 0
    0 -6.613223 0.251926 35.175900 -0.972065 -0.082569 -0.219711 0 0
  phy
    0 5.723134 -1.283768 44.578831 0.765898 -0.093011 0.636200 0 0
    0 4.645222 -3.884380 44.578831 0.280937 -0.307535 0.909119 0 0
    0 5.237615 -3.411217 40.859135 0.842518 -0.538516 0.012814 0 0
  phy
    0 5.493313 -2.758231 35.175906 0.363735 -0.398118 -0.842140 0 0
    0 6.771448 0.251926 35.175904 0.947300 0.000000 -0.320349 0 0
    0 5.237615 -3.411217 40.859135 0.842518 -0.538516 0.012814 0 0
  phy
    0 2.114123 -5.619328 40.859135 0.363997 -0.928542 -0.072915 0 0
    0 5.493313 -2.758231 35.175906 0.363735 -0.398118 -0.842140 0 0
    0 5.237615 -3.411217 40.859135 0.842518 -0.538516 0.012814 0 0
  phy
    0 5.237615 -3.411217 40.859135 0.842518 -0.538516 0.012814 0 0
    0 4.645222 -3.884380 44.578831 0.280937 -0.307535 0.909119 0 0
    0 2.114123 -5.619328 40.859135 0.363997 -0.928542 -0.072915 0 0
  phy
    0 -1.988934 -4.618608 35.175904 -0.120646 -0.485228 -0.866025 0 0
    0 -1.746716 -5.619331 40.859135 -0.271494 -0.959016 -0.081114 0 0
    0 -5.335114 -2.758231 35.175899 -0.501697 -0.549122 -0.668405 0 0
  phy
    0 2.147159 -4.618612 35.175906 0.096583 -0.588882 -0.802427 0 0
    0 -1.746716 -5.619331 40.859135 -0.271494 -0.959016 -0.081114 0 0
    0 -1.988934 -4.618608 35.175904 -0.120646 -0.485228 -0.866025 0 0
  phy
    0 4.645206 2.366875 44.578831 0.755513 0.435731 0.489222 0 0
    0 1.823204 3.974136 44.578831 0.086272 0.349987 0.932773 0 0
    0 5.723134 -1.283768 44.578831 0.765898 -0.093011 0.636200 0 0
  phy
    0 2.114123 -5.619328 40.859135 0.363997 -0.928542 -0.072915 0 0
    0 2.147159 -4.618612 35.175906 0.096583 -0.588882 -0.802427 0 0
    0 5.493313 -2.758231 35.175906 0.363735 -0.398118 -0.842140 0 0
  phy
    0 2.114123 -5.619328 40.859135 0.363997 -0.928542 -0.072915 0 0
    0 -1.746716 -5.619331 40.859135 -0.271494 -0.959016 -0.081114 0 0
    0 2.147159 -4.618612 35.175906 0.096583 -0.588882 -0.802427 0 0
  phy
    0 -1.988941 4.584218 35.175894 -0.042517 0.240615 -0.969689 0 0
    0 -5.335114 -2.758231 35.175899 -0.501697 -0.549122 -0.668405 0 0
    0 -6.613223 0.251926 35.175900 -0.972065 -0.082569 -0.219711 0 0
  phy
    22 5.711186 2.415148 21.411422 0.154328 -0.788492 0.595368 0 0
    22 4.497325 4.280617 39.489456 0.049158 -0.508418 0.859706 0 0
    22 6.594913 2.046324 33.746291 0.050901 -0.880340 0.471605 0 0
  phy
    22 4.497325 4.280617 39.489456 0.049158 -0.508418 0.859706 0 0
    22 6.120983 2.471415 39.489454 -0.302158 -0.882154 0.361255 0 0
    22 6.594913 2.046324 33.746291 0.050901 -0.880340 0.471605 0 0
  phy
    22 6.594913 2.046324 33.746291 0.050901 -0.880340 0.471605 0 0
    22 6.120983 2.471415 39.489454 -0.302158 -0.882154 0.361255 0 0
    22 7.248807 -0.609933 33.746287 -0.018952 -0.999820 0.000984 0 0
  phy
    22 6.594913 2.046324 33.746291 0.050901 -0.880340 0.471605 0 0
    22 6.872959 -0.454761 21.411423 0.358820 -0.932732 0.035497 0 0
    22 5.711186 2.415148 21.411422 0.154328 -0.788492 0.595368 0 0
  phy
    22 7.248807 -0.609933 33.746287 -0.018952 -0.999820 0.000984 0 0
    22 6.872959 -0.454761 21.411423 0.358820 -0.932732 0.035497 0 0
    22 6.594913 2.046324 33.746291 0.050901 -0.880340 0.471605 0 0
  phy
    22 6.594913 -3.266190 33.746291 -0.007807 -0.891339 -0.453271 0 0
    22 4.497325 -5.192492 39.489447 -0.145759 -0.540093 -0.828887 0 0
    22 4.882953 -4.907844 33.746291 0.005859 -0.348406 -0.937326 0 0
  phy
    22 6.594913 -3.266190 33.746291 -0.007807 -0.891339 -0.453271 0 0
    22 6.120983 -3.383296 39.489450 -0.728899 -0.649744 -0.215729 0 0
    22 4.497325 -5.192492 39.489447 -0.145759 -0.540093 -0.828887 0 0
  phy
    22 6.594913 -3.266190 33.746291 -0.007807 -0.891339 -0.453271 0 0
    22 6.872959 -0.454761 21.411423 0.358820 -0.932732 0.035497 0 0
    22 7.248807 -0.609933 33.746287 -0.018952 -0.999820 0.000984 0 0
  phy
    22 6.594913 -3.266190 33.746291 -0.007807 -0.891339 -0.453271 0 0
    22 6.315319 -2.720014 21.411423 0.049582 -0.815838 -0.576151 0 0
    22 6.872959 -0.454761 21.411423 0.358820 -0.932732 0.035497 0 0
  phy
    22 6.594913 -3.266190 33.746291 -0.007807 -0.891339 -0.453271 0 0
    22 4.882953 -4.907844 33.746291 0.005859 -0.348406 -0.937326 0 0
    22 6.315319 -2.720014 21.411423 0.049582 -0.815838 -0.576151 0 0
  phy
    22 7.248807 -0.609933 33.746287 -0.018952 -0.999820 0.000984 0 0
    22 6.120983 -3.383296 39.489450 -0.728899 -0.649744 -0.215729 0 0
    22 6.594913 -3.266190 33.746291 -0.007807 -0.891339 -0.453271 0 0
  phy
    22 1.638493 1.800778 21.411420 0.103891 0.830322 0.547514 0 0
    22 0.866712 2.471416 39.489454 0.040014 0.925810 0.375866 0 0
    22 2.490369 4.280617 39.489455 -0.227398 0.405667 0.885282 0 0
  phy
    22 1.638493 1.800778 21.411420 0.103891 0.830322 0.547514 0 0
    22 2.490369 4.280617 39.489455 -0.227398 0.405667 0.885282 0 0
    22 3.084436 3.194776 21.411420 0.700809 0.298165 0.648046 0 0
  phy
    22 0.866712 2.471416 39.489454 0.040014 0.925810 0.375866 0 0
    22 1.638493 1.800778 21.411420 0.103891 0.830322 0.547514 0 0
    22 1.081353 -0.447135 21.411418 0.227679 0.968172 0.103951 0 0
  phy
    22 3.084436 3.194776 21.411420 0.700809 0.298165 0.648046 0 0
    22 1.081353 -0.447135 21.411418 0.227679 0.968172 0.103951 0 0
    22 1.638493 1.800778 21.411420 0.103891 0.830322 0.547514 0 0
  phy
    22 0.866712 -3.383291 39.489447 -0.071142 0.929723 -0.361323 0 0
    22 0.400997 -0.609931 33.746288 0.038894 0.997268 -0.062805 0 0
    22 1.054908 -3.266187 33.746288 0.026063 0.880907 -0.472571 0 0
  phy
    22 0.400997 -0.609931 33.746288 0.038894 0.997268 -0.062805 0 0
    22 0.866712 -3.383291 39.489447 -0.071142 0.929723 -0.361323 0 0
    22 0.246524 -0.455940 39.489452 -0.918001 0.393708 0.047630 0 0
  phy
    22 0.400997 -0.609931 33.746288 0.038894 0.997268 -0.062805 0 0
    22 1.638493 -2.710298 21.411419 0.052653 0.862259 -0.503723 0 0
    22 1.054908 -3.266187 33.746288 0.026063 0.880907 -0.472571 0 0
  phy
    22 1.638493 -2.710298 21.411419 0.052653 0.862259 -0.503723 0 0
    22 0.400997 -0.609931 33.746288 0.038894 0.997268 -0.062805 0 0
    22 1.081353 -0.447135 21.411418 0.227679 0.968172 0.103951 0 0
  phy
    22 0.866712 2.471416 39.489454 0.040014 0.925810 0.375866 0 0
    22 0.400997 -0.609931 33.746288 0.038894 0.997268 -0.062805 0 0
    22 0.246524 -0.455940 39.489452 -0.918001 0.393708 0.047630 0 0
  phy
    22 0.400997 -0.609931 33.746288 0.038894 0.997268 -0.062805 0 0
    22 0.866712 2.471416 39.489454 0.040014 0.925810 0.375866 0 0
    22 1.081353 -0.447135 21.411418 0.227679 0.968172 0.103951 0 0
  phy
    22 1.054908 -3.266187 33.746288 0.026063 0.880907 -0.472571 0 0
    22 1.638493 -2.710298 21.411419 0.052653 0.862259 -0.503723 0 0
    22 2.490361 -5.192492 39.489447 -0.214643 0.462096 -0.860462 0 0
  phy
    22 1.638493 -2.710298 21.411419 0.052653 0.862259 -0.503723 0 0
    22 3.065679 -4.104302 21.411421 0.486892 0.245391 -0.838283 0 0
    22 2.490361 -5.192492 39.489447 -0.214643 0.462096 -0.860462 0 0
  phy
    22 1.638493 -2.710298 21.411419 0.052653 0.862259 -0.503723 0 0
    22 1.081353 -0.447135 21.411418 0.227679 0.968172 0.103951 0 0
    22 3.065679 -4.104302 21.411421 0.486892 0.245391 -0.838283 0 0
  phy
    22 0.866712 -3.383291 39.489447 -0.071142 0.929723 -0.361323 0 0
    22 1.054908 -3.266187 33.746288 0.026063 0.880907 -0.472571 0 0
    22 2.490361 -5.192492 39.489447 -0.214643 0.462096 -0.860462 0 0
  phy
    22 0.246524 -0.455940 39.489452 -0.918001 0.393708 0.047630 0 0
    22 0.866712 -3.383291 39.489447 -0.071142 0.929723 -0.361323 0 0
    22 2.490361 -5.192492 39.489447 -0.214643 0.462096 -0.860462 0 0
  phy
    22 4.871747 -4.104302 21.411422 0.215270 -0.377100 -0.900807 0 0
    22 3.065679 -4.104302 21.411421 0.486892 0.245391 -0.838283 0 0
    22 6.872959 -0.454761 21.411423 0.358820 -0.932732 0.035497 0 0
  phy
    22 6.872959 -0.454761 21.411423 0.358820 -0.932732 0.035497 0 0
    22 6.315319 -2.720014 21.411423 0.049582 -0.815838 -0.576151 0 0
    22 4.871747 -4.104302 21.411422 0.215270 -0.377100 -0.900807 0 0
  phy
    22 4.871747 -4.104302 21.411422 0.215270 -0.377100 -0.900807 0 0
    22 4.882953 -4.907844 33.746291 0.005859 -0.348406 -0.937326 0 0
    22 3.065679 -4.104302 21.411421 0.486892 0.245391 -0.838283 0 0
  phy
    22 4.882953 -4.907844 33.746291 0.005859 -0.348406 -0.937326 0 0
    22 4.871747 -4.104302 21.411422 0.215270 -0.377100 -0.900807 0 0
    22 6.315319 -2.720014 21.411423 0.049582 -0.815838 -0.576151 0 0
  phy
    22 4.882953 -4.907844 33.746291 0.005859 -0.348406 -0.937326 0 0
    22 4.497325 -5.192492 39.489447 -0.145759 -0.540093 -0.828887 0 0
    22 2.490361 -5.192492 39.489447 -0.214643 0.462096 -0.860462 0 0
  phy
    22 4.497325 -5.192492 39.489447 -0.145759 -0.540093 -0.828887 0 0
    22 6.120983 -3.383296 39.489450 -0.728899 -0.649744 -0.215729 0 0
    22 2.490361 -5.192492 39.489447 -0.214643 0.462096 -0.860462 0 0
  phy
    22 6.872959 -0.454761 21.411423 0.358820 -0.932732 0.035497 0 0
    22 3.084436 3.194776 21.411420 0.700809 0.298165 0.648046 0 0
    22 5.711186 2.415148 21.411422 0.154328 -0.788492 0.595368 0 0
  phy
    22 3.084436 3.194776 21.411420 0.700809 0.298165 0.648046 0 0
    22 4.871745 3.194776 21.411421 0.123742 -0.165110 0.978482 0 0
    22 5.711186 2.415148 21.411422 0.154328 -0.788492 0.595368 0 0
  phy
    22 5.711186 2.415148 21.411422 0.154328 -0.788492 0.595368 0 0
    22 4.871745 3.194776 21.411421 0.123742 -0.165110 0.978482 0 0
    22 4.497325 4.280617 39.489456 0.049158 -0.508418 0.859706 0 0
  phy
    22 7.248807 -0.609933 33.746287 -0.018952 -0.999820 0.000984 0 0
    22 6.741160 -0.455940 39.489452 -0.876185 -0.479827 0.045461 0 0
    22 6.120983 -3.383296 39.489450 -0.728899 -0.649744 -0.215729 0 0
  phy
    22 6.120983 2.471415 39.489454 -0.302158 -0.882154 0.361255 0 0
    22 6.741160 -0.455940 39.489452 -0.876185 -0.479827 0.045461 0 0
    22 7.248807 -0.609933 33.746287 -0.018952 -0.999820 0.000984 0 0
  phy
    22 0.866712 2.471416 39.489454 0.040014 0.925810 0.375866 0 0
    22 0.246524 -0.455940 39.489452 -0.918001 0.393708 0.047630 0 0
    22 2.490369 4.280617 39.489455 -0.227398 0.405667 0.885282 0 0
  phy
    22 3.065679 -4.104302 21.411421 0.486892 0.245391 -0.838283 0 0
    22 4.882953 -4.907844 33.746291 0.005859 -0.348406 -0.937326 0 0
    22 2.490361 -5.192492 39.489447 -0.214643 0.462096 -0.860462 0 0
  phy
    22 3.065679 -4.104302 21.411421 0.486892 0.245391 -0.838283 0 0
    22 3.084436 3.194776 21.411420 0.700809 0.298165 0.648046 0 0
    22 6.872959 -0.454761 21.411423 0.358820 -0.932732 0.035497 0 0
  phy
    22 6.120983 2.471415 39.489454 -0.302158 -0.882154 0.361255 0 0
    22 4.497325 4.280617 39.489456 0.049158 -0.508418 0.859706 0 0
    22 2.490369 4.280617 39.489455 -0.227398 0.405667 0.885282 0 0
  phy
    22 4.497325 4.280617 39.489456 0.049158 -0.508418 0.859706 0 0
    22 4.871745 3.194776 21.411421 0.123742 -0.165110 0.978482 0 0
    22 2.490369 4.280617 39.489455 -0.227398 0.405667 0.885282 0 0
  phy
    22 3.065679 -4.104302 21.411421 0.486892 0.245391 -0.838283 0 0
    22 1.081353 -0.447135 21.411418 0.227679 0.968172 0.103951 0 0
    22 3.084436 3.194776 21.411420 0.700809 0.298165 0.648046 0 0
  phy
    22 2.490369 4.280617 39.489455 -0.227398 0.405667 0.885282 0 0
    22 4.871745 3.194776 21.411421 0.123742 -0.165110 0.978482 0 0
    22 3.084436 3.194776 21.411420 0.700809 0.298165 0.648046 0 0
  phy
    22 0.246524 -0.455940 39.489452 -0.918001 0.393708 0.047630 0 0
    22 6.120983 -3.383296 39.489450 -0.728899 -0.649744 -0.215729 0 0
    22 6.741160 -0.455940 39.489452 -0.876185 -0.479827 0.045461 0 0
  phy
    22 2.490369 4.280617 39.489455 -0.227398 0.405667 0.885282 0 0
    22 0.246524 -0.455940 39.489452 -0.918001 0.393708 0.047630 0 0
    22 6.741160 -0.455940 39.489452 -0.876185 -0.479827 0.045461 0 0
  phy
    22 6.120983 -3.383296 39.489450 -0.728899 -0.649744 -0.215729 0 0
    22 0.246524 -0.455940 39.489452 -0.918001 0.393708 0.047630 0 0
    22 2.490361 -5.192492 39.489447 -0.214643 0.462096 -0.860462 0 0
  phy
    22 6.120983 2.471415 39.489454 -0.302158 -0.882154 0.361255 0 0
    22 2.490369 4.280617 39.489455 -0.227398 0.405667 0.885282 0 0
    22 6.741160 -0.455940 39.489452 -0.876185 -0.479827 0.045461 0 0
  phy
    23 6.986332 0.089519 16.630496 0.073116 -0.996706 -0.035101 0 0
    23 6.861620 -0.454768 21.011809 -0.106393 -0.990043 0.092167 0 0
    23 6.336611 -2.611445 21.011809 -0.860927 -0.474557 -0.183306 0 0
  phy
    23 6.986332 0.089519 16.630496 0.073116 -0.996706 -0.035101 0 0
    23 6.336611 -2.611445 21.011809 -0.860927 -0.474557 -0.183306 0 0
    23 6.456275 -2.087894 16.630497 0.109925 -0.892070 -0.438323 0 0
  phy
    23 6.986332 0.089519 16.630496 0.073116 -0.996706 -0.035101 0 0
    23 5.564562 1.541970 4.823319 0.292595 -0.955904 -0.025237 0 0
    23 6.456275 2.266929 16.630497 0.078486 -0.892211 0.444746 0 0
  phy
    23 6.456275 2.266929 16.630497 0.078486 -0.892211 0.444746 0 0
    23 6.861620 -0.454768 21.011809 -0.106393 -0.990043 0.092167 0 0
    23 6.986332 0.089519 16.630496 0.073116 -0.996706 -0.035101 0 0
  phy
    23 6.456275 -2.087894 16.630497 0.109925 -0.892070 -0.438323 0 0
    23 5.564562 1.541970 4.823319 0.292595 -0.955904 -0.025237 0 0
    23 6.986332 0.089519 16.630496 0.073116 -0.996706 -0.035101 0 0
  phy
    23 2.470944 1.541969 4.823318 0.124988 0.970291 -0.207158 0 0
    23 2.766351 2.838255 4.823318 0.289616 0.796049 0.531440 0 0
    23 3.539758 -1.355694 4.823320 0.287965 0.598022 -0.747961 0 0
  phy
    23 2.766351 2.838255 4.823318 0.289616 0.796049 0.531440 0 0
    23 2.470944 1.541969 4.823318 0.124988 0.970291 -0.207158 0 0
    23 1.419105 0.079938 16.867144 0.069175 0.997556 0.009829 0 0
  phy
    23 2.470944 1.541969 4.823318 0.124988 0.970291 -0.207158 0 0
    23 3.539758 -1.355694 4.823320 0.287965 0.598022 -0.747961 0 0
    23 1.965473 -2.087894 16.630497 0.085765 0.884391 -0.458799 0 0
  phy
    23 2.470944 1.541969 4.823318 0.124988 0.970291 -0.207158 0 0
    23 1.965473 -2.087894 16.630497 0.085765 0.884391 -0.458799 0 0
    23 1.419105 0.079938 16.867144 0.069175 0.997556 0.009829 0 0
  phy
    23 3.353212 -3.433614 16.630513 0.070775 0.347747 -0.934913 0 0
    23 5.068545 -3.433612 16.630497 0.074934 -0.373969 -0.924409 0 0
    23 4.940353 -3.965432 21.011809 -0.345622 -0.257607 -0.902322 0 0
  phy
    23 3.353212 -3.433614 16.630513 0.070775 0.347747 -0.934913 0 0
    23 4.940353 -3.965432 21.011809 -0.345622 -0.257607 -0.902322 0 0
    23 3.144138 -3.965432 21.011809 -0.052352 0.507751 -0.859912 0 0
  phy
    23 5.068545 -3.433612 16.630497 0.074934 -0.373969 -0.924409 0 0
    23 3.353212 -3.433614 16.630513 0.070775 0.347747 -0.934913 0 0
    23 3.539758 -1.355694 4.823320 0.287965 0.598022 -0.747961 0 0
  phy
    23 3.539758 -1.355694 4.823320 0.287965 0.598022 -0.747961 0 0
    23 3.353212 -3.433614 16.630513 0.070775 0.347747 -0.934913 0 0
    23 1.965473 -2.087894 16.630497 0.085765 0.884391 -0.458799 0 0
  phy
    23 1.965473 -2.087894 16.630497 0.085765 0.884391 -0.458799 0 0
    23 3.353212 -3.433614 16.630513 0.070775 0.347747 -0.934913 0 0
    23 3.144138 -3.965432 21.011809 -0.052352 0.507751 -0.859912 0 0
  phy
    23 1.747880 -2.611454 21.011809 -0.546780 0.783409 -0.295469 0 0
    23 3.144138 -3.965432 21.011809 -0.052352 0.507751 -0.859912 0 0
    23 4.940353 -3.965432 21.011809 -0.345622 -0.257607 -0.902322 0 0
  phy
    23 1.747880 -2.611454 21.011809 -0.546780 0.783409 -0.295469 0 0
    23 4.940353 -3.965432 21.011809 -0.345622 -0.257607 -0.902322 0 0
    23 6.336611 -2.611445 21.011809 -0.860927 -0.474557 -0.183306 0 0
  phy
    23 1.747880 -2.611454 21.011809 -0.546780 0.783409 -0.295469 0 0
    23 6.336611 -2.611445 21.011809 -0.860927 -0.474557 -0.183306 0 0
    23 1.222862 -0.454768 21.011809 -0.612278 0.781498 0.119906 0 0
  phy
    23 1.222862 -0.454768 21.011809 -0.612278 0.781498 0.119906 0 0
    23 6.336611 -2.611445 21.011809 -0.860927 -0.474557 -0.183306 0 0
    23 1.761313 1.714938 21.011809 -0.883293 0.371630 0.285804 0 0
  phy
    23 6.336611 -2.611445 21.011809 -0.860927 -0.474557 -0.183306 0 0
    23 6.861620 -0.454768 21.011809 -0.106393 -0.990043 0.092167 0 0
    23 6.323169 1.714938 21.011809 -0.338942 -0.761316 0.552735 0 0
  phy
    23 6.336611 -2.611445 21.011809 -0.860927 -0.474557 -0.183306 0 0
    23 6.323169 1.714938 21.011809 -0.338942 -0.761316 0.552735 0 0
    23 4.913482 3.055892 21.011809 -0.855769 -0.179103 0.485367 0 0
  phy
    23 6.336611 -2.611445 21.011809 -0.860927 -0.474557 -0.183306 0 0
    23 4.913482 3.055892 21.011809 -0.855769 -0.179103 0.485367 0 0
    23 1.761313 1.714938 21.011809 -0.883293 0.371630 0.285804 0 0
  phy
    23 3.171000 3.055891 21.011809 -0.101413 0.378433 0.920056 0 0
    23 1.961402 2.266319 16.886176 0.048706 0.876229 0.479428 0 0
    23 1.761313 1.714938 21.011809 -0.883293 0.371630 0.285804 0 0
  phy
    23 3.171000 3.055891 21.011809 -0.101413 0.378433 0.920056 0 0
    23 3.353212 3.612642 16.630497 0.071682 0.404304 0.911812 0 0
    23 1.961402 2.266319 16.886176 0.048706 0.876229 0.479428 0 0
  phy
    23 1.761313 1.714938 21.011809 -0.883293 0.371630 0.285804 0 0
    23 4.913482 3.055892 21.011809 -0.855769 -0.179103 0.485367 0 0
    23 3.171000 3.055891 21.011809 -0.101413 0.378433 0.920056 0 0
  phy
    23 1.761313 1.714938 21.011809 -0.883293 0.371630 0.285804 0 0
    23 1.961402 2.266319 16.886176 0.048706 0.876229 0.479428 0 0
    23 1.222862 -0.454768 21.011809 -0.612278 0.781498 0.119906 0 0
  phy
    23 3.353212 3.612642 16.630497 0.071682 0.404304 0.911812 0 0
    23 3.171000 3.055891 21.011809 -0.101413 0.378433 0.920056 0 0
    23 5.068534 3.612642 16.630507 0.035569 -0.396313 0.917426 0 0
  phy
    23 5.068534 3.612642 16.630507 0.035569 -0.396313 0.917426 0 0
    23 4.495748 3.639402 4.823318 0.192664 -0.405403 0.893605 0 0
    23 3.353212 3.612642 16.630497 0.071682 0.404304 0.911812 0 0
  phy
    23 3.353212 3.612642 16.630497 0.071682 0.404304 0.911812 0 0
    23 4.495748 3.639402 4.823318 0.192664 -0.405403 0.893605 0 0
    23 2.766351 2.838255 4.823318 0.289616 0.796049 0.531440 0 0
  phy
    23 3.353212 3.612642 16.630497 0.071682 0.404304 0.911812 0 0
    23 2.766351 2.838255 4.823318 0.289616 0.796049 0.531440 0 0
    23 1.961402 2.266319 16.886176 0.048706 0.876229 0.479428 0 0
  phy
    23 6.456275 2.266929 16.630497 0.078486 -0.892211 0.444746 0 0
    23 5.068534 3.612642 16.630507 0.035569 -0.396313 0.917426 0 0
    23 6.323169 1.714938 21.011809 -0.338942 -0.761316 0.552735 0 0
  phy
    23 6.323169 1.714938 21.011809 -0.338942 -0.761316 0.552735 0 0
    23 5.068534 3.612642 16.630507 0.035569 -0.396313 0.917426 0 0
    23 4.913482 3.055892 21.011809 -0.855769 -0.179103 0.485367 0 0
  phy
    23 6.323169 1.714938 21.011809 -0.338942 -0.761316 0.552735 0 0
    23 6.861620 -0.454768 21.011809 -0.106393 -0.990043 0.092167 0 0
    23 6.456275 2.266929 16.630497 0.078486 -0.892211 0.444746 0 0
  phy
    23 5.068545 -3.433612 16.630497 0.074934 -0.373969 -0.924409 0 0
    23 6.456275 -2.087894 16.630497 0.109925 -0.892070 -0.438323 0 0
    23 6.336611 -2.611445 21.011809 -0.860927 -0.474557 -0.183306 0 0
  phy
    23 5.068545 -3.433612 16.630497 0.074934 -0.373969 -0.924409 0 0
    23 6.336611 -2.611445 21.011809 -0.860927 -0.474557 -0.183306 0 0
    23 4.940353 -3.965432 21.011809 -0.345622 -0.257607 -0.902322 0 0
  phy
    23 6.456275 -2.087894 16.630497 0.109925 -0.892070 -0.438323 0 0
    23 5.068545 -3.433612 16.630497 0.074934 -0.373969 -0.924409 0 0
    23 4.495747 -1.355694 4.823321 0.176044 -0.758029 -0.628013 0 0
  phy
    23 6.456275 -2.087894 16.630497 0.109925 -0.892070 -0.438323 0 0
    23 4.495747 -1.355694 4.823321 0.176044 -0.758029 -0.628013 0 0
    23 5.564562 1.541970 4.823319 0.292595 -0.955904 -0.025237 0 0
  phy
    23 5.068545 -3.433612 16.630497 0.074934 -0.373969 -0.924409 0 0
    23 3.539758 -1.355694 4.823320 0.287965 0.598022 -0.747961 0 0
    23 4.495747 -1.355694 4.823321 0.176044 -0.758029 -0.628013 0 0
  phy
    23 1.965473 -2.087894 16.630497 0.085765 0.884391 -0.458799 0 0
    23 1.747880 -2.611454 21.011809 -0.546780 0.783409 -0.295469 0 0
    23 1.419105 0.079938 16.867144 0.069175 0.997556 0.009829 0 0
  phy
    23 1.747880 -2.611454 21.011809 -0.546780 0.783409 -0.295469 0 0
    23 1.222862 -0.454768 21.011809 -0.612278 0.781498 0.119906 0 0
    23 1.419105 0.079938 16.867144 0.069175 0.997556 0.009829 0 0
  phy
    23 1.747880 -2.611454 21.011809 -0.546780 0.783409 -0.295469 0 0
    23 1.965473 -2.087894 16.630497 0.085765 0.884391 -0.458799 0 0
    23 3.144138 -3.965432 21.011809 -0.052352 0.507751 -0.859912 0 0
  phy
    23 2.766351 2.838255 4.823318 0.289616 0.796049 0.531440 0 0
    23 5.564562 1.541970 4.823319 0.292595 -0.955904 -0.025237 0 0
    23 3.539758 -1.355694 4.823320 0.287965 0.598022 -0.747961 0 0
  phy
    23 5.564562 1.541970 4.823319 0.292595 -0.955904 -0.025237 0 0
    23 4.495747 -1.355694 4.823321 0.176044 -0.758029 -0.628013 0 0
    23 3.539758 -1.355694 4.823320 0.287965 0.598022 -0.747961 0 0
  phy
    23 1.222862 -0.454768 21.011809 -0.612278 0.781498 0.119906 0 0
    23 1.961402 2.266319 16.886176 0.048706 0.876229 0.479428 0 0
    23 1.419105 0.079938 16.867144 0.069175 0.997556 0.009829 0 0
  phy
    23 1.961402 2.266319 16.886176 0.048706 0.876229 0.479428 0 0
    23 2.766351 2.838255 4.823318 0.289616 0.796049 0.531440 0 0
    23 1.419105 0.079938 16.867144 0.069175 0.997556 0.009829 0 0
  phy
    23 5.564562 1.541970 4.823319 0.292595 -0.955904 -0.025237 0 0
    23 4.495748 3.639402 4.823318 0.192664 -0.405403 0.893605 0 0
    23 6.456275 2.266929 16.630497 0.078486 -0.892211 0.444746 0 0
  phy
    23 6.456275 2.266929 16.630497 0.078486 -0.892211 0.444746 0 0
    23 4.495748 3.639402 4.823318 0.192664 -0.405403 0.893605 0 0
    23 5.068534 3.612642 16.630507 0.035569 -0.396313 0.917426 0 0
  phy
    23 5.068534 3.612642 16.630507 0.035569 -0.396313 0.917426 0 0
    23 3.171000 3.055891 21.011809 -0.101413 0.378433 0.920056 0 0
    23 4.913482 3.055892 21.011809 -0.855769 -0.179103 0.485367 0 0
  phy
    23 2.766351 2.838255 4.823318 0.289616 0.796049 0.531440 0 0
    23 4.495748 3.639402 4.823318 0.192664 -0.405403 0.893605 0 0
    23 5.564562 1.541970 4.823319 0.292595 -0.955904 -0.025237 0 0
  phy
    18 -1.551572 1.800778 21.411424 0.446473 -0.794813 0.411015 0 0
    18 -6.786040 -0.454762 21.411426 0.225644 0.974149 -0.010902 0 0
    18 -6.220236 1.843649 21.411425 0.368144 0.824955 0.428858 0 0
  phy
    18 -6.220236 1.843649 21.411425 0.368144 0.824955 0.428858 0 0
    18 -4.811247 3.194777 21.411425 0.162845 0.381274 0.910006 0 0
    18 -1.551572 1.800778 21.411424 0.446473 -0.794813 0.411015 0 0
  phy
    18 -6.507992 2.046324 33.746299 0.046948 0.861200 0.506094 0 0
    18 -6.220236 1.843649 21.411425 0.368144 0.824955 0.428858 0 0
    18 -6.786040 -0.454762 21.411426 0.225644 0.974149 -0.010902 0 0
  phy
    18 -6.507992 2.046324 33.746299 0.046948 0.861200 0.506094 0 0
    18 -4.811247 3.194777 21.411425 0.162845 0.381274 0.910006 0 0
    18 -6.220236 1.843649 21.411425 0.368144 0.824955 0.428858 0 0
  phy
    18 -4.796031 -4.907844 33.746299 0.003907 0.263434 -0.964669 0 0
    18 -4.784816 -4.104303 21.411429 0.320534 0.485283 -0.813485 0 0
    18 -2.997523 -4.104303 21.411429 0.196410 -0.278775 -0.940057 0 0
  phy
    18 -4.796031 -4.907844 33.746299 0.003907 0.263434 -0.964669 0 0
    18 -2.997523 -4.104303 21.411429 0.196410 -0.278775 -0.940057 0 0
    18 -2.403433 -5.192493 39.489459 -0.328855 -0.448166 -0.831265 0 0
  phy
    18 -4.410404 -5.192493 39.489459 -0.381676 0.511265 -0.770021 0 0
    18 -4.796031 -4.907844 33.746299 0.003907 0.263434 -0.964669 0 0
    18 -2.403433 -5.192493 39.489459 -0.328855 -0.448166 -0.831265 0 0
  phy
    18 -4.784816 -4.104303 21.411429 0.320534 0.485283 -0.813485 0 0
    18 -4.796031 -4.907844 33.746299 0.003907 0.263434 -0.964669 0 0
    18 -6.507992 -3.266190 33.746299 -0.004399 0.865992 -0.500038 0 0
  phy
    18 -6.507992 -3.266190 33.746299 -0.004399 0.865992 -0.500038 0 0
    18 -4.796031 -4.907844 33.746299 0.003907 0.263434 -0.964669 0 0
    18 -4.410404 -5.192493 39.489459 -0.381676 0.511265 -0.770021 0 0
  phy
    18 -4.784816 -4.104303 21.411429 0.320534 0.485283 -0.813485 0 0
    18 -6.228401 -2.720002 21.411428 0.463330 0.765814 -0.445930 0 0
    18 -1.551572 1.800778 21.411424 0.446473 -0.794813 0.411015 0 0
  phy
    18 -1.551572 1.800778 21.411424 0.446473 -0.794813 0.411015 0 0
    18 -6.228401 -2.720002 21.411428 0.463330 0.765814 -0.445930 0 0
    18 -6.786040 -0.454762 21.411426 0.225644 0.974149 -0.010902 0 0
  phy
    18 -1.551572 -2.710298 21.411428 0.105341 -0.856326 -0.505578 0 0
    18 -2.997523 -4.104303 21.411429 0.196410 -0.278775 -0.940057 0 0
    18 -1.551572 1.800778 21.411424 0.446473 -0.794813 0.411015 0 0
  phy
    18 -1.551572 1.800778 21.411424 0.446473 -0.794813 0.411015 0 0
    18 -2.997523 -4.104303 21.411429 0.196410 -0.278775 -0.940057 0 0
    18 -4.784816 -4.104303 21.411429 0.320534 0.485283 -0.813485 0 0
  phy
    18 -1.551572 1.800778 21.411424 0.446473 -0.794813 0.411015 0 0
    18 -4.811247 3.194777 21.411425 0.162845 0.381274 0.910006 0 0
    18 -2.997506 3.194776 21.411426 0.152168 -0.391500 0.907509 0 0
  phy
    18 -1.551572 1.800778 21.411424 0.446473 -0.794813 0.411015 0 0
    18 -2.403440 4.280617 39.489466 -0.226367 -0.404503 0.886079 0 0
    18 -0.779791 2.471416 39.489462 0.035348 -0.911346 0.410121 0 0
  phy
    18 -2.997506 3.194776 21.411426 0.152168 -0.391500 0.907509 0 0
    18 -2.403440 4.280617 39.489466 -0.226367 -0.404503 0.886079 0 0
    18 -1.551572 1.800778 21.411424 0.446473 -0.794813 0.411015 0 0
  phy
    18 -1.551572 1.800778 21.411424 0.446473 -0.794813 0.411015 0 0
    18 -0.779791 2.471416 39.489462 0.035348 -0.911346 0.410121 0 0
    18 -0.314076 -0.609931 33.746299 0.043346 -0.999055 0.003199 0 0
  phy
    18 -0.314076 -0.609931 33.746299 0.043346 -0.999055 0.003199 0 0
    18 -0.994432 -0.447135 21.411427 0.094497 -0.995513 -0.004903 0 0
    18 -1.551572 1.800778 21.411424 0.446473 -0.794813 0.411015 0 0
  phy
    18 -1.551572 1.800778 21.411424 0.446473 -0.794813 0.411015 0 0
    18 -0.994432 -0.447135 21.411427 0.094497 -0.995513 -0.004903 0 0
    18 -1.551572 -2.710298 21.411428 0.105341 -0.856326 -0.505578 0 0
  phy
    18 -0.779791 -3.383292 39.489459 -0.071146 -0.929723 -0.361321 0 0
    18 -0.967987 -3.266189 33.746299 0.026058 -0.880908 -0.472570 0 0
    18 -0.314076 -0.609931 33.746299 0.043346 -0.999055 0.003199 0 0
  phy
    18 -0.314076 -0.609931 33.746299 0.043346 -0.999055 0.003199 0 0
    18 -0.159604 -0.455940 39.489462 -0.897191 -0.439182 0.046556 0 0
    18 -0.779791 -3.383292 39.489459 -0.071146 -0.929723 -0.361321 0 0
  phy
    18 -0.314076 -0.609931 33.746299 0.043346 -0.999055 0.003199 0 0
    18 -0.967987 -3.266189 33.746299 0.026058 -0.880908 -0.472570 0 0
    18 -1.551572 -2.710298 21.411428 0.105341 -0.856326 -0.505578 0 0
  phy
    18 -1.551572 -2.710298 21.411428 0.105341 -0.856326 -0.505578 0 0
    18 -0.994432 -0.447135 21.411427 0.094497 -0.995513 -0.004903 0 0
    18 -0.314076 -0.609931 33.746299 0.043346 -0.999055 0.003199 0 0
  phy
    18 -0.779791 2.471416 39.489462 0.035348 -0.911346 0.410121 0 0
    18 -0.159604 -0.455940 39.489462 -0.897191 -0.439182 0.046556 0 0
    18 -0.314076 -0.609931 33.746299 0.043346 -0.999055 0.003199 0 0
  phy
    18 -1.551572 -2.710298 21.411428 0.105341 -0.856326 -0.505578 0 0
    18 -0.967987 -3.266189 33.746299 0.026058 -0.880908 -0.472570 0 0
    18 -2.403433 -5.192493 39.489459 -0.328855 -0.448166 -0.831265 0 0
  phy
    18 -2.997523 -4.104303 21.411429 0.196410 -0.278775 -0.940057 0 0
    18 -1.551572 -2.710298 21.411428 0.105341 -0.856326 -0.505578 0 0
    18 -2.403433 -5.192493 39.489459 -0.328855 -0.448166 -0.831265 0 0
  phy
    18 -0.779791 -3.383292 39.489459 -0.071146 -0.929723 -0.361321 0 0
    18 -2.403433 -5.192493 39.489459 -0.328855 -0.448166 -0.831265 0 0
    18 -0.967987 -3.266189 33.746299 0.026058 -0.880908 -0.472570 0 0
  phy
    18 -0.779791 -3.383292 39.489459 -0.071146 -0.929723 -0.361321 0 0
    18 -0.159604 -0.455940 39.489462 -0.897191 -0.439182 0.046556 0 0
    18 -2.403433 -5.192493 39.489459 -0.328855 -0.448166 -0.831265 0 0
  phy
    18 -6.507992 2.046324 33.746299 0.046948 0.861200 0.506094 0 0
    18 -7.161888 -0.609933 33.746299 -0.018951 0.999820 0.000983 0 0
    18 -6.034054 2.471416 39.489462 -0.302155 0.882154 0.361256 0 0
  phy
    18 -6.034054 2.471416 39.489462 -0.302155 0.882154 0.361256 0 0
    18 -7.161888 -0.609933 33.746299 -0.018951 0.999820 0.000983 0 0
    18 -6.654233 -0.455940 39.489462 -0.929808 0.364868 0.048248 0 0
  phy
    18 -6.034054 -3.383296 39.489459 -0.166718 0.920853 -0.352469 0 0
    18 -7.161888 -0.609933 33.746299 -0.018951 0.999820 0.000983 0 0
    18 -6.507992 -3.266190 33.746299 -0.004399 0.865992 -0.500038 0 0
  phy
    18 -7.161888 -0.609933 33.746299 -0.018951 0.999820 0.000983 0 0
    18 -6.034054 -3.383296 39.489459 -0.166718 0.920853 -0.352469 0 0
    18 -6.654233 -0.455940 39.489462 -0.929808 0.364868 0.048248 0 0
  phy
    18 -7.161888 -0.609933 33.746299 -0.018951 0.999820 0.000983 0 0
    18 -6.507992 2.046324 33.746299 0.046948 0.861200 0.506094 0 0
    18 -6.786040 -0.454762 21.411426 0.225644 0.974149 -0.010902 0 0
  phy
    18 -6.507992 -3.266190 33.746299 -0.004399 0.865992 -0.500038 0 0
    18 -7.161888 -0.609933 33.746299 -0.018951 0.999820 0.000983 0 0
    18 -6.786040 -0.454762 21.411426 0.225644 0.974149 -0.010902 0 0
  phy
    18 -6.034054 -3.383296 39.489459 -0.166718 0.920853 -0.352469 0 0
    18 -6.507992 -3.266190 33.746299 -0.004399 0.865992 -0.500038 0 0
    18 -4.410404 -5.192493 39.489459 -0.381676 0.511265 -0.770021 0 0
  phy
    18 -6.034054 -3.383296 39.489459 -0.166718 0.920853 -0.352469 0 0
    18 -4.410404 -5.192493 39.489459 -0.381676 0.511265 -0.770021 0 0
    18 -6.654233 -0.455940 39.489462 -0.929808 0.364868 0.048248 0 0
  phy
    18 -6.507992 2.046324 33.746299 0.046948 0.861200 0.506094 0 0
    18 -6.034054 2.471416 39.489462 -0.302155 0.882154 0.361256 0 0
    18 -4.410404 4.280617 39.489462 0.045391 0.480865 0.875619 0 0
  phy
    18 -4.410404 4.280617 39.489462 0.045391 0.480865 0.875619 0 0
    18 -4.811247 3.194777 21.411425 0.162845 0.381274 0.910006 0 0
    18 -6.507992 2.046324 33.746299 0.046948 0.861200 0.506094 0 0
  phy
    18 -4.784816 -4.104303 21.411429 0.320534 0.485283 -0.813485 0 0
    18 -6.507992 -3.266190 33.746299 -0.004399 0.865992 -0.500038 0 0
    18 -6.228401 -2.720002 21.411428 0.463330 0.765814 -0.445930 0 0
  phy
    18 -0.159604 -0.455940 39.489462 -0.897191 -0.439182 0.046556 0 0
    18 -0.779791 2.471416 39.489462 0.035348 -0.911346 0.410121 0 0
    18 -2.403440 4.280617 39.489466 -0.226367 -0.404503 0.886079 0 0
  phy
    18 -6.507992 -3.266190 33.746299 -0.004399 0.865992 -0.500038 0 0
    18 -6.786040 -0.454762 21.411426 0.225644 0.974149 -0.010902 0 0
    18 -6.228401 -2.720002 21.411428 0.463330 0.765814 -0.445930 0 0
  phy
    18 -4.410404 4.280617 39.489462 0.045391 0.480865 0.875619 0 0
    18 -6.034054 2.471416 39.489462 -0.302155 0.882154 0.361256 0 0
    18 -2.403440 4.280617 39.489466 -0.226367 -0.404503 0.886079 0 0
  phy
    18 -2.403440 4.280617 39.489466 -0.226367 -0.404503 0.886079 0 0
    18 -6.034054 2.471416 39.489462 -0.302155 0.882154 0.361256 0 0
    18 -6.654233 -0.455940 39.489462 -0.929808 0.364868 0.048248 0 0
  phy
    18 -2.997506 3.194776 21.411426 0.152168 -0.391500 0.907509 0 0
    18 -4.811247 3.194777 21.411425 0.162845 0.381274 0.910006 0 0
    18 -2.403440 4.280617 39.489466 -0.226367 -0.404503 0.886079 0 0
  phy
    18 -0.159604 -0.455940 39.489462 -0.897191 -0.439182 0.046556 0 0
    18 -2.403440 4.280617 39.489466 -0.226367 -0.404503 0.886079 0 0
    18 -6.654233 -0.455940 39.489462 -0.929808 0.364868 0.048248 0 0
  phy
    18 -0.159604 -0.455940 39.489462 -0.897191 -0.439182 0.046556 0 0
    18 -6.654233 -0.455940 39.489462 -0.929808 0.364868 0.048248 0 0
    18 -2.403433 -5.192493 39.489459 -0.328855 -0.448166 -0.831265 0 0
  phy
    18 -6.654233 -0.455940 39.489462 -0.929808 0.364868 0.048248 0 0
    18 -4.410404 -5.192493 39.489459 -0.381676 0.511265 -0.770021 0 0
    18 -2.403433 -5.192493 39.489459 -0.328855 -0.448166 -0.831265 0 0
  phy
    18 -2.403440 4.280617 39.489466 -0.226367 -0.404503 0.886079 0 0
    18 -4.811247 3.194777 21.411425 0.162845 0.381274 0.910006 0 0
    18 -4.410404 4.280617 39.489462 0.045391 0.480865 0.875619 0 0
  phy
    19 -6.899402 0.089519 16.630509 0.084758 0.996375 -0.007310 0 0
    19 -6.369347 2.266930 16.630509 0.078485 0.892212 0.444746 0 0
    19 -5.477633 1.541970 4.823328 0.188205 0.981996 -0.016232 0 0
  phy
    19 -6.369347 2.266930 16.630509 0.078485 0.892212 0.444746 0 0
    19 -6.899402 0.089519 16.630509 0.084758 0.996375 -0.007310 0 0
    19 -6.774690 -0.454768 21.011824 -0.674901 0.735518 0.059344 0 0
  phy
    19 -6.369347 -2.087894 16.630509 0.099448 0.901214 -0.421809 0 0
    19 -6.899402 0.089519 16.630509 0.084758 0.996375 -0.007310 0 0
    19 -5.477633 1.541970 4.823328 0.188205 0.981996 -0.016232 0 0
  phy
    19 -6.899402 0.089519 16.630509 0.084758 0.996375 -0.007310 0 0
    19 -6.369347 -2.087894 16.630509 0.099448 0.901214 -0.421809 0 0
    19 -6.774690 -0.454768 21.011824 -0.674901 0.735518 0.059344 0 0
  phy
    19 -6.369347 -2.087894 16.630509 0.099448 0.901214 -0.421809 0 0
    19 -4.981616 -3.433613 16.630515 0.068027 0.391337 -0.917730 0 0
    19 -6.249683 -2.611444 21.011824 -0.594168 0.687740 -0.417108 0 0
  phy
    19 -6.249683 -2.611444 21.011824 -0.594168 0.687740 -0.417108 0 0
    19 -4.981616 -3.433613 16.630515 0.068027 0.391337 -0.917730 0 0
    19 -4.853422 -3.965434 21.011824 -0.136358 0.390065 -0.910635 0 0
  phy
    19 -4.981616 -3.433613 16.630515 0.068027 0.391337 -0.917730 0 0
    19 -3.266282 -3.433612 16.630509 0.076241 -0.375279 -0.923771 0 0
    19 -3.057208 -3.965434 21.011824 -0.330320 -0.256216 -0.908429 0 0
  phy
    19 -4.853422 -3.965434 21.011824 -0.136358 0.390065 -0.910635 0 0
    19 -4.981616 -3.433613 16.630515 0.068027 0.391337 -0.917730 0 0
    19 -3.057208 -3.965434 21.011824 -0.330320 -0.256216 -0.908429 0 0
  phy
    19 -3.266282 -3.433612 16.630509 0.076241 -0.375279 -0.923771 0 0
    19 -4.981616 -3.433613 16.630515 0.068027 0.391337 -0.917730 0 0
    19 -4.408818 -1.355695 4.823328 0.336795 0.583338 -0.739112 0 0
  phy
    19 -4.981616 -3.433613 16.630515 0.068027 0.391337 -0.917730 0 0
    19 -6.369347 -2.087894 16.630509 0.099448 0.901214 -0.421809 0 0
    19 -4.408818 -1.355695 4.823328 0.336795 0.583338 -0.739112 0 0
  phy
    19 -3.266282 -3.433612 16.630509 0.076241 -0.375279 -0.923771 0 0
    19 -3.452829 -1.355695 4.823326 0.144168 -0.764307 -0.628531 0 0
    19 -1.878543 -2.087894 16.630509 0.087988 -0.896226 -0.434784 0 0
  phy
    19 -3.452829 -1.355695 4.823326 0.144168 -0.764307 -0.628531 0 0
    19 -3.266282 -3.433612 16.630509 0.076241 -0.375279 -0.923771 0 0
    19 -4.408818 -1.355695 4.823328 0.336795 0.583338 -0.739112 0 0
  phy
    19 -2.384015 1.541969 4.823325 0.275246 -0.937413 -0.213297 0 0
    19 -1.878543 -2.087894 16.630509 0.087988 -0.896226 -0.434784 0 0
    19 -3.452829 -1.355695 4.823326 0.144168 -0.764307 -0.628531 0 0
  phy
    19 -3.452829 -1.355695 4.823326 0.144168 -0.764307 -0.628531 0 0
    19 -4.408818 -1.355695 4.823328 0.336795 0.583338 -0.739112 0 0
    19 -2.384015 1.541969 4.823325 0.275246 -0.937413 -0.213297 0 0
  phy
    19 -3.266282 3.612643 16.630509 0.071674 -0.404303 0.911812 0 0
    19 -3.084071 3.055892 21.011824 -0.101420 -0.378431 0.920056 0 0
    19 -1.874471 2.266320 16.886191 0.050781 -0.860074 0.507636 0 0
  phy
    19 -3.084071 3.055892 21.011824 -0.101420 -0.378431 0.920056 0 0
    19 -1.674383 1.714939 21.011824 -0.559722 -0.739561 0.373845 0 0
    19 -1.874471 2.266320 16.886191 0.050781 -0.860074 0.507636 0 0
  phy
    19 -1.874471 2.266320 16.886191 0.050781 -0.860074 0.507636 0 0
    19 -1.674383 1.714939 21.011824 -0.559722 -0.739561 0.373845 0 0
    19 -1.332175 0.079937 16.867159 0.065935 -0.997375 0.029926 0 0
  phy
    19 -1.674383 1.714939 21.011824 -0.559722 -0.739561 0.373845 0 0
    19 -1.135933 -0.454768 21.011824 -0.880420 -0.467835 0.077404 0 0
    19 -1.332175 0.079937 16.867159 0.065935 -0.997375 0.029926 0 0
  phy
    19 -1.674383 1.714939 21.011824 -0.559722 -0.739561 0.373845 0 0
    19 -3.084071 3.055892 21.011824 -0.101420 -0.378431 0.920056 0 0
    19 -4.826553 3.055892 21.011824 -0.501437 0.324564 0.802010 0 0
  phy
    19 -1.674383 1.714939 21.011824 -0.559722 -0.739561 0.373845 0 0
    19 -4.826553 3.055892 21.011824 -0.501437 0.324564 0.802010 0 0
    19 -6.236241 1.714939 21.011824 -0.729282 0.533724 0.428121 0 0
  phy
    19 -1.674383 1.714939 21.011824 -0.559722 -0.739561 0.373845 0 0
    19 -6.236241 1.714939 21.011824 -0.729282 0.533724 0.428121 0 0
    19 -1.135933 -0.454768 21.011824 -0.880420 -0.467835 0.077404 0 0
  phy
    19 -1.135933 -0.454768 21.011824 -0.880420 -0.467835 0.077404 0 0
    19 -6.236241 1.714939 21.011824 -0.729282 0.533724 0.428121 0 0
    19 -6.774690 -0.454768 21.011824 -0.674901 0.735518 0.059344 0 0
  phy
    19 -1.135933 -0.454768 21.011824 -0.880420 -0.467835 0.077404 0 0
    19 -6.774690 -0.454768 21.011824 -0.674901 0.735518 0.059344 0 0
    19 -1.660951 -2.611455 21.011824 -0.616345 -0.710035 -0.340542 0 0
  phy
    19 -1.660951 -2.611455 21.011824 -0.616345 -0.710035 -0.340542 0 0
    19 -6.774690 -0.454768 21.011824 -0.674901 0.735518 0.059344 0 0
    19 -6.249683 -2.611444 21.011824 -0.594168 0.687740 -0.417108 0 0
  phy
    19 -1.660951 -2.611455 21.011824 -0.616345 -0.710035 -0.340542 0 0
    19 -6.249683 -2.611444 21.011824 -0.594168 0.687740 -0.417108 0 0
    19 -3.057208 -3.965434 21.011824 -0.330320 -0.256216 -0.908429 0 0
  phy
    19 -3.057208 -3.965434 21.011824 -0.330320 -0.256216 -0.908429 0 0
    19 -6.249683 -2.611444 21.011824 -0.594168 0.687740 -0.417108 0 0
    19 -4.853422 -3.965434 21.011824 -0.136358 0.390065 -0.910635 0 0
  phy
    19 -4.981607 3.612644 16.630509 0.035563 0.396314 0.917426 0 0
    19 -3.084071 3.055892 21.011824 -0.101420 -0.378431 0.920056 0 0
    19 -3.266282 3.612643 16.630509 0.071674 -0.404303 0.911812 0 0
  phy
    19 -3.266282 3.612643 16.630509 0.071674 -0.404303 0.911812 0 0
    19 -4.408819 3.639403 4.823326 0.349431 0.391671 0.851171 0 0
    19 -4.981607 3.612644 16.630509 0.035563 0.396314 0.917426 0 0
  phy
    19 -2.679422 2.838256 4.823324 0.111691 -0.818677 0.563287 0 0
    19 -4.408819 3.639403 4.823326 0.349431 0.391671 0.851171 0 0
    19 -3.266282 3.612643 16.630509 0.071674 -0.404303 0.911812 0 0
  phy
    19 -1.874471 2.266320 16.886191 0.050781 -0.860074 0.507636 0 0
    19 -2.679422 2.838256 4.823324 0.111691 -0.818677 0.563287 0 0
    19 -3.266282 3.612643 16.630509 0.071674 -0.404303 0.911812 0 0
  phy
    19 -6.236241 1.714939 21.011824 -0.729282 0.533724 0.428121 0 0
    19 -4.981607 3.612644 16.630509 0.035563 0.396314 0.917426 0 0
    19 -6.369347 2.266930 16.630509 0.078485 0.892212 0.444746 0 0
  phy
    19 -4.826553 3.055892 21.011824 -0.501437 0.324564 0.802010 0 0
    19 -4.981607 3.612644 16.630509 0.035563 0.396314 0.917426 0 0
    19 -6.236241 1.714939 21.011824 -0.729282 0.533724 0.428121 0 0
  phy
    19 -6.236241 1.714939 21.011824 -0.729282 0.533724 0.428121 0 0
    19 -6.369347 2.266930 16.630509 0.078485 0.892212 0.444746 0 0
    19 -6.774690 -0.454768 21.011824 -0.674901 0.735518 0.059344 0 0
  phy
    19 -6.369347 -2.087894 16.630509 0.099448 0.901214 -0.421809 0 0
    19 -6.249683 -2.611444 21.011824 -0.594168 0.687740 -0.417108 0 0
    19 -6.774690 -0.454768 21.011824 -0.674901 0.735518 0.059344 0 0
  phy
    19 -6.369347 -2.087894 16.630509 0.099448 0.901214 -0.421809 0 0
    19 -5.477633 1.541970 4.823328 0.188205 0.981996 -0.016232 0 0
    19 -4.408818 -1.355695 4.823328 0.336795 0.583338 -0.739112 0 0
  phy
    19 -2.384015 1.541969 4.823325 0.275246 -0.937413 -0.213297 0 0
    19 -4.408819 3.639403 4.823326 0.349431 0.391671 0.851171 0 0
    19 -2.679422 2.838256 4.823324 0.111691 -0.818677 0.563287 0 0
  phy
    19 -4.408818 -1.355695 4.823328 0.336795 0.583338 -0.739112 0 0
    19 -4.408819 3.639403 4.823326 0.349431 0.391671 0.851171 0 0
    19 -2.384015 1.541969 4.823325 0.275246 -0.937413 -0.213297 0 0
  phy
    19 -2.384015 1.541969 4.823325 0.275246 -0.937413 -0.213297 0 0
    19 -1.332175 0.079937 16.867159 0.065935 -0.997375 0.029926 0 0
    19 -1.878543 -2.087894 16.630509 0.087988 -0.896226 -0.434784 0 0
  phy
    19 -2.679422 2.838256 4.823324 0.111691 -0.818677 0.563287 0 0
    19 -1.332175 0.079937 16.867159 0.065935 -0.997375 0.029926 0 0
    19 -2.384015 1.541969 4.823325 0.275246 -0.937413 -0.213297 0 0
  phy
    19 -1.878543 -2.087894 16.630509 0.087988 -0.896226 -0.434784 0 0
    19 -1.332175 0.079937 16.867159 0.065935 -0.997375 0.029926 0 0
    19 -1.660951 -2.611455 21.011824 -0.616345 -0.710035 -0.340542 0 0
  phy
    19 -1.660951 -2.611455 21.011824 -0.616345 -0.710035 -0.340542 0 0
    19 -1.332175 0.079937 16.867159 0.065935 -0.997375 0.029926 0 0
    19 -1.135933 -0.454768 21.011824 -0.880420 -0.467835 0.077404 0 0
  phy
    19 -1.660951 -2.611455 21.011824 -0.616345 -0.710035 -0.340542 0 0
    19 -3.266282 -3.433612 16.630509 0.076241 -0.375279 -0.923771 0 0
    19 -1.878543 -2.087894 16.630509 0.087988 -0.896226 -0.434784 0 0
  phy
    19 -3.266282 -3.433612 16.630509 0.076241 -0.375279 -0.923771 0 0
    19 -1.660951 -2.611455 21.011824 -0.616345 -0.710035 -0.340542 0 0
    19 -3.057208 -3.965434 21.011824 -0.330320 -0.256216 -0.908429 0 0
  phy
    19 -1.874471 2.266320 16.886191 0.050781 -0.860074 0.507636 0 0
    19 -1.332175 0.079937 16.867159 0.065935 -0.997375 0.029926 0 0
    19 -2.679422 2.838256 4.823324 0.111691 -0.818677 0.563287 0 0
  phy
    19 -5.477633 1.541970 4.823328 0.188205 0.981996 -0.016232 0 0
    19 -6.369347 2.266930 16.630509 0.078485 0.892212 0.444746 0 0
    19 -4.408819 3.639403 4.823326 0.349431 0.391671 0.851171 0 0
  phy
    19 -4.981607 3.612644 16.630509 0.035563 0.396314 0.917426 0 0
    19 -4.408819 3.639403 4.823326 0.349431 0.391671 0.851171 0 0
    19 -6.369347 2.266930 16.630509 0.078485 0.892212 0.444746 0 0
  phy
    19 -4.826553 3.055892 21.011824 -0.501437 0.324564 0.802010 0 0
    19 -3.084071 3.055892 21.011824 -0.101420 -0.378431 0.920056 0 0
    19 -4.981607 3.612644 16.630509 0.035563 0.396314 0.917426 0 0
  phy
    19 -5.477633 1.541970 4.823328 0.188205 0.981996 -0.016232 0 0
    19 -4.408819 3.639403 4.823326 0.349431 0.391671 0.851171 0 0
    19 -4.408818 -1.355695 4.823328 0.336795 0.583338 -0.739112 0 0
  phy
    20 -2.083068 3.949984 1.368147 -0.381831 -0.882557 0.274406 0 0
    20 -6.483754 3.949986 1.368155 -0.270509 0.953889 0.130078 0 0
    20 -5.463091 3.544562 5.167679 -0.554801 0.782693 -0.282112 0 0
  phy
    20 -2.083068 3.949984 1.368147 -0.381831 -0.882557 0.274406 0 0
    20 -5.463091 3.544562 5.167679 -0.554801 0.782693 -0.282112 0 0
    20 -2.388042 3.544559 5.167678 -0.447522 -0.788378 -0.422119 0 0
  phy
    20 -2.388034 -2.217896 4.357512 -0.227337 -0.185729 -0.955941 0 0
    20 -2.388042 3.544559 5.167678 -0.447522 -0.788378 -0.422119 0 0
    20 -5.463085 -2.217895 4.357512 -0.327035 0.163785 -0.930711 0 0
  phy
    20 -5.463085 -2.217895 4.357512 -0.327035 0.163785 -0.930711 0 0
    20 -2.388042 3.544559 5.167678 -0.447522 -0.788378 -0.422119 0 0
    20 -5.463091 3.544562 5.167679 -0.554801 0.782693 -0.282112 0 0
  phy
    20 -6.597574 -7.909326 1.601911 -0.056653 0.730544 -0.680512 0 0
    20 -5.463091 3.544562 5.167679 -0.554801 0.782693 -0.282112 0 0
    20 -6.483754 3.949986 1.368155 -0.270509 0.953889 0.130078 0 0
  phy
    20 -5.463091 3.544562 5.167679 -0.554801 0.782693 -0.282112 0 0
    20 -6.597574 -7.909326 1.601911 -0.056653 0.730544 -0.680512 0 0
    20 -5.463085 -2.217895 4.357512 -0.327035 0.163785 -0.930711 0 0
  phy
    20 -5.463085 -2.217895 4.357512 -0.327035 0.163785 -0.930711 0 0
    20 -6.597574 -7.909326 1.601911 -0.056653 0.730544 -0.680512 0 0
    20 -2.388034 -2.217896 4.357512 -0.227337 -0.185729 -0.955941 0 0
  phy
    20 -2.388034 -2.217896 4.357512 -0.227337 -0.185729 -0.955941 0 0
    20 -6.597574 -7.909326 1.601911 -0.056653 0.730544 -0.680512 0 0
    20 -1.969266 -7.909330 1.601910 0.049688 -0.914351 -0.401863 0 0
  phy
    20 -1.969266 -7.909330 1.601910 0.049688 -0.914351 -0.401863 0 0
    20 -6.474333 -7.300436 0.136842 0.639909 0.293349 0.710256 0 0
    20 -2.092522 -7.300440 0.136842 0.536885 -0.493944 0.683940 0 0
  phy
    20 -1.969266 -7.909330 1.601910 0.049688 -0.914351 -0.401863 0 0
    20 -6.597574 -7.909326 1.601911 -0.056653 0.730544 -0.680512 0 0
    20 -6.474333 -7.300436 0.136842 0.639909 0.293349 0.710256 0 0
  phy
    20 -6.597574 -7.909326 1.601911 -0.056653 0.730544 -0.680512 0 0
    20 -6.483754 3.949986 1.368155 -0.270509 0.953889 0.130078 0 0
    20 -6.474333 -7.300436 0.136842 0.639909 0.293349 0.710256 0 0
  phy
    20 -1.969266 -7.909330 1.601910 0.049688 -0.914351 -0.401863 0 0
    20 -2.388042 3.544559 5.167678 -0.447522 -0.788378 -0.422119 0 0
    20 -2.388034 -2.217896 4.357512 -0.227337 -0.185729 -0.955941 0 0
  phy
    20 -6.483754 3.949986 1.368155 -0.270509 0.953889 0.130078 0 0
    20 -2.343919 3.142009 0.136830 0.447911 -0.121573 0.885774 0 0
    20 -6.222904 3.142006 0.136829 0.453212 0.274351 0.848133 0 0
  phy
    20 -6.483754 3.949986 1.368155 -0.270509 0.953889 0.130078 0 0
    20 -6.222904 3.142006 0.136829 0.453212 0.274351 0.848133 0 0
    20 -6.474333 -7.300436 0.136842 0.639909 0.293349 0.710256 0 0
  phy
    20 -2.343919 3.142009 0.136830 0.447911 -0.121573 0.885774 0 0
    20 -6.474333 -7.300436 0.136842 0.639909 0.293349 0.710256 0 0
    20 -6.222904 3.142006 0.136829 0.453212 0.274351 0.848133 0 0
  phy
    20 -2.092522 -7.300440 0.136842 0.536885 -0.493944 0.683940 0 0
    20 -2.343919 3.142009 0.136830 0.447911 -0.121573 0.885774 0 0
    20 -2.083068 3.949984 1.368147 -0.381831 -0.882557 0.274406 0 0
  phy
    20 -2.083068 3.949984 1.368147 -0.381831 -0.882557 0.274406 0 0
    20 -1.969266 -7.909330 1.601910 0.049688 -0.914351 -0.401863 0 0
    20 -2.092522 -7.300440 0.136842 0.536885 -0.493944 0.683940 0 0
  phy
    20 -2.083068 3.949984 1.368147 -0.381831 -0.882557 0.274406 0 0
    20 -2.388042 3.544559 5.167678 -0.447522 -0.788378 -0.422119 0 0
    20 -1.969266 -7.909330 1.601910 0.049688 -0.914351 -0.401863 0 0
  phy
    20 -2.083068 3.949984 1.368147 -0.381831 -0.882557 0.274406 0 0
    20 -2.343919 3.142009 0.136830 0.447911 -0.121573 0.885774 0 0
    20 -6.483754 3.949986 1.368155 -0.270509 0.953889 0.130078 0 0
  phy
    20 -2.092522 -7.300440 0.136842 0.536885 -0.493944 0.683940 0 0
    20 -6.474333 -7.300436 0.136842 0.639909 0.293349 0.710256 0 0
    20 -2.343919 3.142009 0.136830 0.447911 -0.121573 0.885774 0 0
  phy
    3 6.545832 0.140773 60.605115 0.690318 -0.690671 0.215487 0 0
    3 2.225917 -4.632234 59.699285 0.942687 -0.035873 0.331743 0 0
    3 5.351829 -2.809105 60.045276 0.402296 -0.573254 0.713820 0 0
  phy
    3 5.351829 3.090650 61.164949 0.845655 -0.501339 -0.183102 0 0
    3 2.225917 -4.632234 59.699285 0.942687 -0.035873 0.331743 0 0
    3 6.545832 0.140773 60.605115 0.690318 -0.690671 0.215487 0 0
  phy
    3 6.545832 0.140773 60.605115 0.690318 -0.690671 0.215487 0 0
    3 5.351829 -2.809105 60.045276 0.402296 -0.573254 0.713820 0 0
    3 6.264035 -3.066115 56.778322 0.165491 -0.775608 0.609134 0 0
  phy
    3 6.264035 -3.066115 56.778322 0.165491 -0.775608 0.609134 0 0
    3 7.682899 0.470011 56.593105 0.100649 -0.993881 -0.045504 0 0
    3 6.545832 0.140773 60.605115 0.690318 -0.690671 0.215487 0 0
  phy
    3 6.545832 0.140773 60.605115 0.690318 -0.690671 0.215487 0 0
    3 7.682899 0.470011 56.593105 0.100649 -0.993881 -0.045504 0 0
    3 5.351829 3.090650 61.164949 0.845655 -0.501339 -0.183102 0 0
  phy
    3 5.351829 -2.809105 60.045276 0.402296 -0.573254 0.713820 0 0
    3 2.574363 -5.310577 56.778322 0.168441 -0.299823 0.939007 0 0
    3 6.264035 -3.066115 56.778322 0.165491 -0.775608 0.609134 0 0
  phy
    3 6.264035 -3.066115 56.778322 0.165491 -0.775608 0.609134 0 0
    3 2.574363 -5.310577 56.778322 0.168441 -0.299823 0.939007 0 0
    3 6.112159 -3.749320 52.817476 -0.034113 -0.711075 0.702288 0 0
  phy
    3 6.112159 -3.749320 52.817476 -0.034113 -0.711075 0.702288 0 0
    3 7.682899 0.470011 56.593105 0.100649 -0.993881 -0.045504 0 0
    3 6.264035 -3.066115 56.778322 0.165491 -0.775608 0.609134 0 0
  phy
    3 5.351829 -2.809105 60.045276 0.402296 -0.573254 0.713820 0 0
    3 2.225917 -4.632234 59.699285 0.942687 -0.035873 0.331743 0 0
    3 2.574363 -5.310577 56.778322 0.168441 -0.299823 0.939007 0 0
  phy
    3 7.485649 -0.312551 52.817483 -0.137164 -0.987684 0.075277 0 0
    3 7.682899 0.470011 56.593105 0.100649 -0.993881 -0.045504 0 0
    3 6.112159 -3.749320 52.817476 -0.034113 -0.711075 0.702288 0 0
  phy
    3 2.574363 -5.310577 56.778322 0.168441 -0.299823 0.939007 0 0
    3 2.516345 -5.873362 52.817483 0.014630 -0.216077 0.976267 0 0
    3 6.112159 -3.749320 52.817476 -0.034113 -0.711075 0.702288 0 0
  phy
    3 6.112159 -3.749320 52.817476 -0.034113 -0.711075 0.702288 0 0
    3 2.516345 -5.873362 52.817483 0.014630 -0.216077 0.976267 0 0
    3 2.098595 -5.536070 45.146443 -0.473077 -0.234634 0.849203 0 0
  phy
    3 2.098595 -5.536070 45.146443 -0.473077 -0.234634 0.849203 0 0
    3 5.018495 -3.667899 45.146443 -0.221105 -0.819390 0.528879 0 0
    3 6.112159 -3.749320 52.817476 -0.034113 -0.711075 0.702288 0 0
  phy
    3 6.112159 -3.749320 52.817476 -0.034113 -0.711075 0.702288 0 0
    3 5.018495 -3.667899 45.146443 -0.221105 -0.819390 0.528879 0 0
    3 7.485649 -0.312551 52.817483 -0.137164 -0.987684 0.075277 0 0
  phy
    3 5.351829 3.090650 61.164949 0.845655 -0.501339 -0.183102 0 0
    3 2.225925 4.913780 61.510947 0.979300 -0.129038 -0.155953 0 0
    3 2.225917 -4.632234 59.699285 0.942687 -0.035873 0.331743 0 0
  phy
    3 7.682899 0.470011 56.593105 0.100649 -0.993881 -0.045504 0 0
    3 6.264035 4.197110 56.778322 0.171365 -0.709512 -0.683540 0 0
    3 5.351829 3.090650 61.164949 0.845655 -0.501339 -0.183102 0 0
  phy
    3 5.351829 3.090650 61.164949 0.845655 -0.501339 -0.183102 0 0
    3 6.264035 4.197110 56.778322 0.171365 -0.709512 -0.683540 0 0
    3 2.225925 4.913780 61.510947 0.979300 -0.129038 -0.155953 0 0
  phy
    3 -1.637909 -4.632236 59.699285 0.386038 0.131203 0.913105 0 0
    3 -1.986338 -5.310579 56.778322 0.156898 0.282931 0.946221 0 0
    3 2.574363 -5.310577 56.778322 0.168441 -0.299823 0.939007 0 0
  phy
    3 2.574363 -5.310577 56.778322 0.168441 -0.299823 0.939007 0 0
    3 2.225917 -4.632234 59.699285 0.942687 -0.035873 0.331743 0 0
    3 -1.637909 -4.632236 59.699285 0.386038 0.131203 0.913105 0 0
  phy
    3 2.574363 -5.310577 56.778322 0.168441 -0.299823 0.939007 0 0
    3 -1.986338 -5.310579 56.778322 0.156898 0.282931 0.946221 0 0
    3 2.516345 -5.873362 52.817483 0.014630 -0.216077 0.976267 0 0
  phy
    3 5.018495 -3.667899 45.146443 -0.221105 -0.819390 0.528879 0 0
    3 6.133793 -0.645143 45.146443 -0.773392 -0.626503 -0.096741 0 0
    3 7.485649 -0.312551 52.817483 -0.137164 -0.987684 0.075277 0 0
  phy
    3 7.485649 -0.312551 52.817483 -0.137164 -0.987684 0.075277 0 0
    3 6.112159 3.768443 52.817476 -0.167420 -0.760774 -0.627052 0 0
    3 7.682899 0.470011 56.593105 0.100649 -0.993881 -0.045504 0 0
  phy
    3 7.485649 -0.312551 52.817483 -0.137164 -0.987684 0.075277 0 0
    3 6.133793 -0.645143 45.146443 -0.773392 -0.626503 -0.096741 0 0
    3 6.112159 3.768443 52.817476 -0.167420 -0.760774 -0.627052 0 0
  phy
    3 2.574363 6.441572 56.778322 0.097065 -0.222614 -0.970063 0 0
    3 2.516345 5.892484 52.817476 -0.175013 -0.250781 -0.952092 0 0
    3 -1.928320 5.892485 52.817476 -0.173533 0.171543 -0.969773 0 0
  phy
    3 -1.928320 5.892485 52.817476 -0.173533 0.171543 -0.969773 0 0
    3 2.516345 5.892484 52.817476 -0.175013 -0.250781 -0.952092 0 0
    3 2.098595 4.245787 45.146443 -0.259116 -0.254212 -0.931791 0 0
  phy
    3 2.516345 5.892484 52.817476 -0.175013 -0.250781 -0.952092 0 0
    3 2.574363 6.441572 56.778322 0.097065 -0.222614 -0.970063 0 0
    3 6.112159 3.768443 52.817476 -0.167420 -0.760774 -0.627052 0 0
  phy
    3 2.098595 4.245787 45.146443 -0.259116 -0.254212 -0.931791 0 0
    3 2.516345 5.892484 52.817476 -0.175013 -0.250781 -0.952092 0 0
    3 6.112159 3.768443 52.817476 -0.167420 -0.760774 -0.627052 0 0
  phy
    3 -1.928320 -5.873363 52.817483 -0.018246 0.199721 0.979683 0 0
    3 -1.986338 -5.310579 56.778322 0.156898 0.282931 0.946221 0 0
    3 -5.524150 -3.749320 52.817483 -0.040166 0.679585 0.732496 0 0
  phy
    3 -5.524150 -3.749320 52.817483 -0.040166 0.679585 0.732496 0 0
    3 -1.986338 -5.310579 56.778322 0.156898 0.282931 0.946221 0 0
    3 -5.676020 -3.066117 56.778322 0.142611 0.806787 0.573373 0 0
  phy
    3 -5.524150 -3.749320 52.817483 -0.040166 0.679585 0.732496 0 0
    3 -1.510579 -5.536066 45.146443 -0.160199 0.362869 0.917967 0 0
    3 -1.928320 -5.873363 52.817483 -0.018246 0.199721 0.979683 0 0
  phy
    3 -4.430476 -3.667899 45.146443 -0.901305 0.369405 0.226249 0 0
    3 -1.510579 -5.536066 45.146443 -0.160199 0.362869 0.917967 0 0
    3 -5.524150 -3.749320 52.817483 -0.040166 0.679585 0.732496 0 0
  phy
    3 -6.897632 -0.312551 52.817476 -0.118553 0.986634 0.111799 0 0
    3 -5.524150 -3.749320 52.817483 -0.040166 0.679585 0.732496 0 0
    3 -5.676020 -3.066117 56.778322 0.142611 0.806787 0.573373 0 0
  phy
    3 -5.524150 -3.749320 52.817483 -0.040166 0.679585 0.732496 0 0
    3 -6.897632 -0.312551 52.817476 -0.118553 0.986634 0.111799 0 0
    3 -4.430476 -3.667899 45.146443 -0.901305 0.369405 0.226249 0 0
  phy
    3 -4.763829 -2.809109 60.045281 0.924028 0.147750 0.352622 0 0
    3 -1.986338 -5.310579 56.778322 0.156898 0.282931 0.946221 0 0
    3 -1.637909 -4.632236 59.699285 0.386038 0.131203 0.913105 0 0
  phy
    3 -1.637909 -4.632236 59.699285 0.386038 0.131203 0.913105 0 0
    3 2.225917 -4.632234 59.699285 0.942687 -0.035873 0.331743 0 0
    3 -4.763829 -2.809109 60.045281 0.924028 0.147750 0.352622 0 0
  phy
    3 2.098595 -5.536070 45.146443 -0.473077 -0.234634 0.849203 0 0
    3 2.516345 -5.873362 52.817483 0.014630 -0.216077 0.976267 0 0
    3 -1.928320 -5.873363 52.817483 -0.018246 0.199721 0.979683 0 0
  phy
    3 -1.928320 -5.873363 52.817483 -0.018246 0.199721 0.979683 0 0
    3 -1.510579 -5.536066 45.146443 -0.160199 0.362869 0.917967 0 0
    3 2.098595 -5.536070 45.146443 -0.473077 -0.234634 0.849203 0 0
  phy
    3 2.516345 -5.873362 52.817483 0.014630 -0.216077 0.976267 0 0
    3 -1.986338 -5.310579 56.778322 0.156898 0.282931 0.946221 0 0
    3 -1.928320 -5.873363 52.817483 -0.018246 0.199721 0.979683 0 0
  phy
    3 -4.763837 3.090649 61.164950 0.693211 0.646787 -0.318002 0 0
    3 -5.676020 4.197110 56.778322 0.171364 0.709511 -0.683541 0 0
    3 -7.094880 0.470021 56.593128 0.111910 0.987086 -0.114619 0 0
  phy
    3 -5.676020 4.197110 56.778322 0.171364 0.709511 -0.683541 0 0
    3 -5.524150 3.768443 52.817476 -0.167420 0.760774 -0.627052 0 0
    3 -7.094880 0.470021 56.593128 0.111910 0.987086 -0.114619 0 0
  phy
    3 -1.637894 4.913781 61.510947 0.757902 0.195623 -0.622347 0 0
    3 -5.676020 4.197110 56.778322 0.171364 0.709511 -0.683541 0 0
    3 -4.763837 3.090649 61.164950 0.693211 0.646787 -0.318002 0 0
  phy
    3 -5.676020 4.197110 56.778322 0.171364 0.709511 -0.683541 0 0
    3 -1.637894 4.913781 61.510947 0.757902 0.195623 -0.622347 0 0
    3 -1.986338 6.441572 56.778322 0.090109 0.308059 -0.947090 0 0
  phy
    3 -5.524150 3.768443 52.817476 -0.167420 0.760774 -0.627052 0 0
    3 -5.676020 4.197110 56.778322 0.171364 0.709511 -0.683541 0 0
    3 -1.986338 6.441572 56.778322 0.090109 0.308059 -0.947090 0 0
  phy
    3 -1.637894 4.913781 61.510947 0.757902 0.195623 -0.622347 0 0
    3 -4.763837 3.090649 61.164950 0.693211 0.646787 -0.318002 0 0
    3 -4.763829 -2.809109 60.045281 0.924028 0.147750 0.352622 0 0
  phy
    3 -4.763829 -2.809109 60.045281 0.924028 0.147750 0.352622 0 0
    3 2.225925 4.913780 61.510947 0.979300 -0.129038 -0.155953 0 0
    3 -1.637894 4.913781 61.510947 0.757902 0.195623 -0.622347 0 0
  phy
    3 -1.637894 4.913781 61.510947 0.757902 0.195623 -0.622347 0 0
    3 2.574363 6.441572 56.778322 0.097065 -0.222614 -0.970063 0 0
    3 -1.986338 6.441572 56.778322 0.090109 0.308059 -0.947090 0 0
  phy
    3 2.574363 6.441572 56.778322 0.097065 -0.222614 -0.970063 0 0
    3 -1.637894 4.913781 61.510947 0.757902 0.195623 -0.622347 0 0
    3 2.225925 4.913780 61.510947 0.979300 -0.129038 -0.155953 0 0
  phy
    3 7.682899 0.470011 56.593105 0.100649 -0.993881 -0.045504 0 0
    3 6.112159 3.768443 52.817476 -0.167420 -0.760774 -0.627052 0 0
    3 6.264035 4.197110 56.778322 0.171365 -0.709512 -0.683540 0 0
  phy
    3 6.264035 4.197110 56.778322 0.171365 -0.709512 -0.683540 0 0
    3 2.574363 6.441572 56.778322 0.097065 -0.222614 -0.970063 0 0
    3 2.225925 4.913780 61.510947 0.979300 -0.129038 -0.155953 0 0
  phy
    3 2.574363 6.441572 56.778322 0.097065 -0.222614 -0.970063 0 0
    3 -1.928320 5.892485 52.817476 -0.173533 0.171543 -0.969773 0 0
    3 -1.986338 6.441572 56.778322 0.090109 0.308059 -0.947090 0 0
  phy
    3 2.574363 6.441572 56.778322 0.097065 -0.222614 -0.970063 0 0
    3 6.264035 4.197110 56.778322 0.171365 -0.709512 -0.683540 0 0
    3 6.112159 3.768443 52.817476 -0.167420 -0.760774 -0.627052 0 0
  phy
    3 -4.430476 2.377618 45.146443 -0.880449 0.359060 -0.309655 0 0
    3 5.018476 2.377618 45.146443 -0.931037 -0.274402 -0.240570 0 0
    3 -4.430476 -3.667899 45.146443 -0.901305 0.369405 0.226249 0 0
  phy
    3 5.018476 2.377618 45.146443 -0.931037 -0.274402 -0.240570 0 0
    3 -4.430476 2.377618 45.146443 -0.880449 0.359060 -0.309655 0 0
    3 -1.510579 4.245787 45.146443 -0.447380 0.325702 -0.832928 0 0
  phy
    3 -4.430476 -3.667899 45.146443 -0.901305 0.369405 0.226249 0 0
    3 5.018476 2.377618 45.146443 -0.931037 -0.274402 -0.240570 0 0
    3 6.133793 -0.645143 45.146443 -0.773392 -0.626503 -0.096741 0 0
  phy
    3 2.098595 4.245787 45.146443 -0.259116 -0.254212 -0.931791 0 0
    3 5.018476 2.377618 45.146443 -0.931037 -0.274402 -0.240570 0 0
    3 -1.510579 4.245787 45.146443 -0.447380 0.325702 -0.832928 0 0
  phy
    3 5.018476 2.377618 45.146443 -0.931037 -0.274402 -0.240570 0 0
    3 2.098595 4.245787 45.146443 -0.259116 -0.254212 -0.931791 0 0
    3 6.112159 3.768443 52.817476 -0.167420 -0.760774 -0.627052 0 0
  phy
    3 6.112159 3.768443 52.817476 -0.167420 -0.760774 -0.627052 0 0
    3 6.133793 -0.645143 45.146443 -0.773392 -0.626503 -0.096741 0 0
    3 5.018476 2.377618 45.146443 -0.931037 -0.274402 -0.240570 0 0
  phy
    3 -1.928320 5.892485 52.817476 -0.173533 0.171543 -0.969773 0 0
    3 2.098595 4.245787 45.146443 -0.259116 -0.254212 -0.931791 0 0
    3 -1.510579 4.245787 45.146443 -0.447380 0.325702 -0.832928 0 0
  phy
    3 -1.928320 5.892485 52.817476 -0.173533 0.171543 -0.969773 0 0
    3 -5.524150 3.768443 52.817476 -0.167420 0.760774 -0.627052 0 0
    3 -1.986338 6.441572 56.778322 0.090109 0.308059 -0.947090 0 0
  phy
    3 -5.524150 3.768443 52.817476 -0.167420 0.760774 -0.627052 0 0
    3 -1.928320 5.892485 52.817476 -0.173533 0.171543 -0.969773 0 0
    3 -1.510579 4.245787 45.146443 -0.447380 0.325702 -0.832928 0 0
  phy
    3 -4.430476 2.377618 45.146443 -0.880449 0.359060 -0.309655 0 0
    3 -4.430476 -3.667899 45.146443 -0.901305 0.369405 0.226249 0 0
    3 -5.545775 -0.645143 45.146443 -0.260075 0.956291 -0.133672 0 0
  phy
    3 -5.524150 3.768443 52.817476 -0.167420 0.760774 -0.627052 0 0
    3 -4.430476 2.377618 45.146443 -0.880449 0.359060 -0.309655 0 0
    3 -5.545775 -0.645143 45.146443 -0.260075 0.956291 -0.133672 0 0
  phy
    3 -4.430476 2.377618 45.146443 -0.880449 0.359060 -0.309655 0 0
    3 -5.524150 3.768443 52.817476 -0.167420 0.760774 -0.627052 0 0
    3 -1.510579 4.245787 45.146443 -0.447380 0.325702 -0.832928 0 0
  phy
    3 -4.430476 -3.667899 45.146443 -0.901305 0.369405 0.226249 0 0
    3 2.098595 -5.536070 45.146443 -0.473077 -0.234634 0.849203 0 0
    3 -1.510579 -5.536066 45.146443 -0.160199 0.362869 0.917967 0 0
  phy
    3 2.098595 -5.536070 45.146443 -0.473077 -0.234634 0.849203 0 0
    3 -4.430476 -3.667899 45.146443 -0.901305 0.369405 0.226249 0 0
    3 6.133793 -0.645143 45.146443 -0.773392 -0.626503 -0.096741 0 0
  phy
    3 5.018495 -3.667899 45.146443 -0.221105 -0.819390 0.528879 0 0
    3 2.098595 -5.536070 45.146443 -0.473077 -0.234634 0.849203 0 0
    3 6.133793 -0.645143 45.146443 -0.773392 -0.626503 -0.096741 0 0
  phy
    3 -6.897632 -0.312551 52.817476 -0.118553 0.986634 0.111799 0 0
    3 -5.676020 -3.066117 56.778322 0.142611 0.806787 0.573373 0 0
    3 -7.094880 0.470021 56.593128 0.111910 0.987086 -0.114619 0 0
  phy
    3 -6.897632 -0.312551 52.817476 -0.118553 0.986634 0.111799 0 0
    3 -5.524150 3.768443 52.817476 -0.167420 0.760774 -0.627052 0 0
    3 -5.545775 -0.645143 45.146443 -0.260075 0.956291 -0.133672 0 0
  phy
    3 -5.524150 3.768443 52.817476 -0.167420 0.760774 -0.627052 0 0
    3 -6.897632 -0.312551 52.817476 -0.118553 0.986634 0.111799 0 0
    3 -7.094880 0.470021 56.593128 0.111910 0.987086 -0.114619 0 0
  phy
    3 -4.430476 -3.667899 45.146443 -0.901305 0.369405 0.226249 0 0
    3 -6.897632 -0.312551 52.817476 -0.118553 0.986634 0.111799 0 0
    3 -5.545775 -0.645143 45.146443 -0.260075 0.956291 -0.133672 0 0
  phy
    3 2.225917 -4.632234 59.699285 0.942687 -0.035873 0.331743 0 0
    3 2.225925 4.913780 61.510947 0.979300 -0.129038 -0.155953 0 0
    3 -4.763829 -2.809109 60.045281 0.924028 0.147750 0.352622 0 0
  phy
    3 -5.676020 -3.066117 56.778322 0.142611 0.806787 0.573373 0 0
    3 -4.763829 -2.809109 60.045281 0.924028 0.147750 0.352622 0 0
    3 -5.957832 0.140774 60.605117 0.428040 0.885184 0.182291 0 0
  phy
    3 -5.676020 -3.066117 56.778322 0.142611 0.806787 0.573373 0 0
    3 -1.986338 -5.310579 56.778322 0.156898 0.282931 0.946221 0 0
    3 -4.763829 -2.809109 60.045281 0.924028 0.147750 0.352622 0 0
  phy
    3 -4.763837 3.090649 61.164950 0.693211 0.646787 -0.318002 0 0
    3 -5.957832 0.140774 60.605117 0.428040 0.885184 0.182291 0 0
    3 -4.763829 -2.809109 60.045281 0.924028 0.147750 0.352622 0 0
  phy
    3 -5.676020 -3.066117 56.778322 0.142611 0.806787 0.573373 0 0
    3 -5.957832 0.140774 60.605117 0.428040 0.885184 0.182291 0 0
    3 -7.094880 0.470021 56.593128 0.111910 0.987086 -0.114619 0 0
  phy
    3 -5.957832 0.140774 60.605117 0.428040 0.885184 0.182291 0 0
    3 -4.763837 3.090649 61.164950 0.693211 0.646787 -0.318002 0 0
    3 -7.094880 0.470021 56.593128 0.111910 0.987086 -0.114619 0 0
  phy
    14 13.995498 0.412559 48.907234 0.084626 0.667927 -0.739400 0 0
    14 5.040514 0.846905 56.754494 -0.144392 0.901784 -0.407353 0 0
    14 13.378989 1.614903 48.380687 0.505212 0.833952 -0.222002 0 0
  phy
    14 5.040514 0.846905 56.754494 -0.144392 0.901784 -0.407353 0 0
    14 13.995498 0.412559 48.907234 0.084626 0.667927 -0.739400 0 0
    14 6.441804 -1.443776 58.434577 -0.495184 0.345123 -0.797297 0 0
  phy
    14 13.995498 0.412559 48.907234 0.084626 0.667927 -0.739400 0 0
    14 14.993033 -0.046696 49.759208 0.315923 -0.129680 -0.939881 0 0
    14 6.441804 -1.443776 58.434577 -0.495184 0.345123 -0.797297 0 0
  phy
    14 13.995498 0.412559 48.907234 0.084626 0.667927 -0.739400 0 0
    14 13.378989 1.614903 48.380687 0.505212 0.833952 -0.222002 0 0
    14 14.993033 -0.046696 49.759208 0.315923 -0.129680 -0.939881 0 0
  phy
    14 13.995133 4.303259 48.906923 0.534810 0.410090 0.738786 0 0
    14 13.378987 3.101084 48.380685 0.157498 0.910749 0.381748 0 0
    14 10.177280 4.486992 52.780087 0.066139 0.740109 0.669227 0 0
  phy
    14 10.177280 4.486992 52.780087 0.066139 0.740109 0.669227 0 0
    14 13.378987 3.101084 48.380685 0.157498 0.910749 0.381748 0 0
    14 9.480935 3.128340 52.185353 0.085047 0.983358 0.160541 0 0
  phy
    14 13.378987 3.101084 48.380685 0.157498 0.910749 0.381748 0 0
    14 13.378989 1.614903 48.380687 0.505212 0.833952 -0.222002 0 0
    14 9.480935 3.128340 52.185353 0.085047 0.983358 0.160541 0 0
  phy
    14 13.995133 4.303259 48.906923 0.534810 0.410090 0.738786 0 0
    14 13.378989 1.614903 48.380687 0.505212 0.833952 -0.222002 0 0
    14 13.378987 3.101084 48.380685 0.157498 0.910749 0.381748 0 0
  phy
    14 14.980004 4.768685 49.748081 0.108245 -0.059403 0.992348 0 0
    14 15.990568 4.303430 50.611182 0.335583 -0.587223 0.736582 0 0
    14 13.995133 4.303259 48.906923 0.534810 0.410090 0.738786 0 0
  phy
    14 15.990568 4.303430 50.611182 0.335583 -0.587223 0.736582 0 0
    14 16.607080 3.101086 51.137733 0.522591 -0.807476 0.273644 0 0
    14 13.995133 4.303259 48.906923 0.534810 0.410090 0.738786 0 0
  phy
    14 12.430699 4.486990 54.704685 0.040321 -0.598601 0.800032 0 0
    14 16.607080 3.101086 51.137733 0.522591 -0.807476 0.273644 0 0
    14 15.990568 4.303430 50.611182 0.335583 -0.587223 0.736582 0 0
  phy
    14 15.990568 4.303430 50.611182 0.335583 -0.587223 0.736582 0 0
    14 14.980004 4.768685 49.748081 0.108245 -0.059403 0.992348 0 0
    14 12.430699 4.486990 54.704685 0.040321 -0.598601 0.800032 0 0
  phy
    14 14.993033 -0.046696 49.759208 0.315923 -0.129680 -0.939881 0 0
    14 16.607080 3.101086 51.137733 0.522591 -0.807476 0.273644 0 0
    14 16.607084 1.614908 51.137736 0.085425 -0.981373 -0.172074 0 0
  phy
    14 14.993033 -0.046696 49.759208 0.315923 -0.129680 -0.939881 0 0
    14 13.378989 1.614903 48.380687 0.505212 0.833952 -0.222002 0 0
    14 16.607080 3.101086 51.137733 0.522591 -0.807476 0.273644 0 0
  phy
    14 13.378989 1.614903 48.380687 0.505212 0.833952 -0.222002 0 0
    14 13.995133 4.303259 48.906923 0.534810 0.410090 0.738786 0 0
    14 16.607080 3.101086 51.137733 0.522591 -0.807476 0.273644 0 0
  phy
    14 16.607084 1.614908 51.137736 0.085425 -0.981373 -0.172074 0 0
    14 15.990571 0.412559 50.611185 0.043907 -0.704193 -0.708649 0 0
    14 14.993033 -0.046696 49.759208 0.315923 -0.129680 -0.939881 0 0
  phy
    14 7.925640 -0.810645 59.701887 -0.006584 -0.523882 -0.851765 0 0
    14 14.993033 -0.046696 49.759208 0.315923 -0.129680 -0.939881 0 0
    14 15.990571 0.412559 50.611185 0.043907 -0.704193 -0.708649 0 0
  phy
    14 14.993033 -0.046696 49.759208 0.315923 -0.129680 -0.939881 0 0
    14 7.925640 -0.810645 59.701887 -0.006584 -0.523882 -0.851765 0 0
    14 6.441804 -1.443776 58.434577 -0.495184 0.345123 -0.797297 0 0
  phy
    14 10.177280 4.486992 52.780087 0.066139 0.740109 0.669227 0 0
    14 6.441803 5.186437 58.434574 -0.343796 0.213709 0.914403 0 0
    14 13.995133 4.303259 48.906923 0.534810 0.410090 0.738786 0 0
  phy
    14 6.441803 5.186437 58.434574 -0.343796 0.213709 0.914403 0 0
    14 14.980004 4.768685 49.748081 0.108245 -0.059403 0.992348 0 0
    14 13.995133 4.303259 48.906923 0.534810 0.410090 0.738786 0 0
  phy
    14 13.378989 1.614903 48.380687 0.505212 0.833952 -0.222002 0 0
    14 5.040514 0.846905 56.754494 -0.144392 0.901784 -0.407353 0 0
    14 9.480935 3.128340 52.185353 0.085047 0.983358 0.160541 0 0
  phy
    14 5.040514 0.846905 56.754494 -0.144392 0.901784 -0.407353 0 0
    14 5.040511 2.895753 56.754486 -0.058543 0.879709 0.471894 0 0
    14 9.480935 3.128340 52.185353 0.085047 0.983358 0.160541 0 0
  phy
    14 5.040511 2.895753 56.754486 -0.058543 0.879709 0.471894 0 0
    14 5.040514 0.846905 56.754494 -0.144392 0.901784 -0.407353 0 0
    14 6.441803 5.186437 58.434574 -0.343796 0.213709 0.914403 0 0
  phy
    14 6.441803 5.186437 58.434574 -0.343796 0.213709 0.914403 0 0
    14 5.040514 0.846905 56.754494 -0.144392 0.901784 -0.407353 0 0
    14 6.441804 -1.443776 58.434577 -0.495184 0.345123 -0.797297 0 0
  phy
    14 8.842698 2.895754 60.485125 -0.019986 -0.964916 0.261797 0 0
    14 16.607080 3.101086 51.137733 0.522591 -0.807476 0.273644 0 0
    14 12.430699 4.486990 54.704685 0.040321 -0.598601 0.800032 0 0
  phy
    14 12.430699 4.486990 54.704685 0.040321 -0.598601 0.800032 0 0
    14 7.925637 4.553308 59.701888 -0.729698 -0.382217 0.566967 0 0
    14 8.842698 2.895754 60.485125 -0.019986 -0.964916 0.261797 0 0
  phy
    14 16.607084 1.614908 51.137736 0.085425 -0.981373 -0.172074 0 0
    14 16.607080 3.101086 51.137733 0.522591 -0.807476 0.273644 0 0
    14 8.842698 2.895754 60.485125 -0.019986 -0.964916 0.261797 0 0
  phy
    14 8.842698 2.895754 60.485125 -0.019986 -0.964916 0.261797 0 0
    14 8.842699 0.846908 60.485128 -0.278444 -0.892606 -0.354576 0 0
    14 16.607084 1.614908 51.137736 0.085425 -0.981373 -0.172074 0 0
  phy
    14 8.842698 2.895754 60.485125 -0.019986 -0.964916 0.261797 0 0
    14 7.925637 4.553308 59.701888 -0.729698 -0.382217 0.566967 0 0
    14 8.842699 0.846908 60.485128 -0.278444 -0.892606 -0.354576 0 0
  phy
    14 16.607084 1.614908 51.137736 0.085425 -0.981373 -0.172074 0 0
    14 8.842699 0.846908 60.485128 -0.278444 -0.892606 -0.354576 0 0
    14 15.990571 0.412559 50.611185 0.043907 -0.704193 -0.708649 0 0
  phy
    14 12.430699 4.486990 54.704685 0.040321 -0.598601 0.800032 0 0
    14 6.441803 5.186437 58.434574 -0.343796 0.213709 0.914403 0 0
    14 7.925637 4.553308 59.701888 -0.729698 -0.382217 0.566967 0 0
  phy
    14 12.430699 4.486990 54.704685 0.040321 -0.598601 0.800032 0 0
    14 14.980004 4.768685 49.748081 0.108245 -0.059403 0.992348 0 0
    14 6.441803 5.186437 58.434574 -0.343796 0.213709 0.914403 0 0
  phy
    14 5.040511 2.895753 56.754486 -0.058543 0.879709 0.471894 0 0
    14 10.177280 4.486992 52.780087 0.066139 0.740109 0.669227 0 0
    14 9.480935 3.128340 52.185353 0.085047 0.983358 0.160541 0 0
  phy
    14 10.177280 4.486992 52.780087 0.066139 0.740109 0.669227 0 0
    14 5.040511 2.895753 56.754486 -0.058543 0.879709 0.471894 0 0
    14 6.441803 5.186437 58.434574 -0.343796 0.213709 0.914403 0 0
  phy
    14 15.990571 0.412559 50.611185 0.043907 -0.704193 -0.708649 0 0
    14 8.842699 0.846908 60.485128 -0.278444 -0.892606 -0.354576 0 0
    14 7.925640 -0.810645 59.701887 -0.006584 -0.523882 -0.851765 0 0
  phy
    14 7.925640 -0.810645 59.701887 -0.006584 -0.523882 -0.851765 0 0
    14 8.842699 0.846908 60.485128 -0.278444 -0.892606 -0.354576 0 0
    14 6.441804 -1.443776 58.434577 -0.495184 0.345123 -0.797297 0 0
  phy
    14 7.925637 4.553308 59.701888 -0.729698 -0.382217 0.566967 0 0
    14 6.441803 5.186437 58.434574 -0.343796 0.213709 0.914403 0 0
    14 6.441804 -1.443776 58.434577 -0.495184 0.345123 -0.797297 0 0
  phy
    14 8.842699 0.846908 60.485128 -0.278444 -0.892606 -0.354576 0 0
    14 7.925637 4.553308 59.701888 -0.729698 -0.382217 0.566967 0 0
    14 6.441804 -1.443776 58.434577 -0.495184 0.345123 -0.797297 0 0
  phy
    15 13.738055 2.962172 47.880536 -0.038185 0.982924 0.180005 0 0
    15 13.738055 1.340500 47.880536 -0.901472 0.400041 -0.165272 0 0
    15 14.367055 4.274141 48.417752 -0.234800 0.625916 0.743706 0 0
  phy
    15 14.367055 4.274141 48.417752 -0.234800 0.625916 0.743706 0 0
    15 13.738055 1.340500 47.880536 -0.901472 0.400041 -0.165272 0 0
    15 15.384804 4.775263 49.286991 -0.718675 0.003566 0.695337 0 0
  phy
    15 15.384804 4.775263 49.286991 -0.718675 0.003566 0.695337 0 0
    15 13.738055 1.340500 47.880536 -0.901472 0.400041 -0.165272 0 0
    15 16.402549 4.274141 50.156227 -0.682834 -0.406030 0.607353 0 0
  phy
    15 16.402549 4.274141 50.156227 -0.682834 -0.406030 0.607353 0 0
    15 13.738055 1.340500 47.880536 -0.901472 0.400041 -0.165272 0 0
    15 17.031553 2.962177 50.693446 -0.579157 -0.786411 0.214789 0 0
  phy
    15 17.031553 2.962177 50.693446 -0.579157 -0.786411 0.214789 0 0
    15 13.738055 1.340500 47.880536 -0.901472 0.400041 -0.165272 0 0
    15 17.031553 1.340501 50.693446 -0.723052 -0.640423 -0.258948 0 0
  phy
    15 17.031553 1.340501 50.693446 -0.723052 -0.640423 -0.258948 0 0
    15 13.738055 1.340500 47.880536 -0.901472 0.400041 -0.165272 0 0
    15 15.384805 -0.472592 49.286991 -0.574953 -0.095229 -0.812625 0 0
  phy
    15 17.031553 1.340501 50.693446 -0.723052 -0.640423 -0.258948 0 0
    15 15.384805 -0.472592 49.286991 -0.574953 -0.095229 -0.812625 0 0
    15 16.402551 0.028539 50.156227 -0.104927 -0.637337 -0.763408 0 0
  phy
    15 15.384805 -0.472592 49.286991 -0.574953 -0.095229 -0.812625 0 0
    15 13.738055 1.340500 47.880536 -0.901472 0.400041 -0.165272 0 0
    15 14.367056 0.028538 48.417752 -0.017911 0.553136 -0.832899 0 0
  phy
    15 17.680048 4.781540 46.750319 0.062563 -0.000452 0.998041 0 0
    15 14.367055 4.274141 48.417752 -0.234800 0.625916 0.743706 0 0
    15 15.384804 4.775263 49.286991 -0.718675 0.003566 0.695337 0 0
  phy
    15 15.384804 4.775263 49.286991 -0.718675 0.003566 0.695337 0 0
    15 16.402549 4.274141 50.156227 -0.682834 -0.406030 0.607353 0 0
    15 17.680048 4.781540 46.750319 0.062563 -0.000452 0.998041 0 0
  phy
    15 17.031553 2.962177 50.693446 -0.579157 -0.786411 0.214789 0 0
    15 19.271206 3.028573 48.110912 0.160262 -0.939887 0.301543 0 0
    15 18.663935 4.296909 47.590639 0.090126 -0.672429 0.734654 0 0
  phy
    15 18.663935 4.296909 47.590639 0.090126 -0.672429 0.734654 0 0
    15 16.402549 4.274141 50.156227 -0.682834 -0.406030 0.607353 0 0
    15 17.031553 2.962177 50.693446 -0.579157 -0.786411 0.214789 0 0
  phy
    15 17.680048 4.781540 46.750319 0.062563 -0.000452 0.998041 0 0
    15 16.402549 4.274141 50.156227 -0.682834 -0.406030 0.607353 0 0
    15 18.663935 4.296909 47.590639 0.090126 -0.672429 0.734654 0 0
  phy
    15 18.663935 4.296909 47.590639 0.090126 -0.672429 0.734654 0 0
    15 22.769663 3.625303 40.491366 0.333736 -0.384890 0.860512 0 0
    15 17.680048 4.781540 46.750319 0.062563 -0.000452 0.998041 0 0
  phy
    15 19.271206 3.028573 48.110912 0.160262 -0.939887 0.301543 0 0
    15 22.769663 3.625303 40.491366 0.333736 -0.384890 0.860512 0 0
    15 18.663935 4.296909 47.590639 0.090126 -0.672429 0.734654 0 0
  phy
    15 16.081880 3.029076 45.396197 0.105287 0.945491 0.308157 0 0
    15 14.367055 4.274141 48.417752 -0.234800 0.625916 0.743706 0 0
    15 16.696277 4.297148 45.910100 0.114499 0.681196 0.723092 0 0
  phy
    15 14.367055 4.274141 48.417752 -0.234800 0.625916 0.743706 0 0
    15 16.081880 3.029076 45.396197 0.105287 0.945491 0.308157 0 0
    15 13.738055 2.962172 47.880536 -0.038185 0.982924 0.180005 0 0
  phy
    15 22.161828 2.548843 39.972228 0.194608 0.955559 0.221439 0 0
    15 16.081880 3.029076 45.396197 0.105287 0.945491 0.308157 0 0
    15 16.696277 4.297148 45.910100 0.114499 0.681196 0.723092 0 0
  phy
    15 16.083582 1.460288 45.394391 0.120863 0.969135 -0.214872 0 0
    15 16.081880 3.029076 45.396197 0.105287 0.945491 0.308157 0 0
    15 22.161828 2.548843 39.972228 0.194608 0.955559 0.221439 0 0
  phy
    15 16.081880 3.029076 45.396197 0.105287 0.945491 0.308157 0 0
    15 16.083582 1.460288 45.394391 0.120863 0.969135 -0.214872 0 0
    15 13.738055 2.962172 47.880536 -0.038185 0.982924 0.180005 0 0
  phy
    15 16.083582 1.460288 45.394391 0.120863 0.969135 -0.214872 0 0
    15 16.696163 0.191039 45.910002 0.102349 0.672439 -0.733042 0 0
    15 13.738055 1.340500 47.880536 -0.901472 0.400041 -0.165272 0 0
  phy
    15 13.738055 1.340500 47.880536 -0.901472 0.400041 -0.165272 0 0
    15 16.696163 0.191039 45.910002 0.102349 0.672439 -0.733042 0 0
    15 14.367056 0.028538 48.417752 -0.017911 0.553136 -0.832899 0 0
  phy
    15 16.696163 0.191039 45.910002 0.102349 0.672439 -0.733042 0 0
    15 17.680048 -0.293595 46.750318 0.112513 0.039790 -0.992853 0 0
    15 14.367056 0.028538 48.417752 -0.017911 0.553136 -0.832899 0 0
  phy
    15 17.680048 -0.293595 46.750318 0.112513 0.039790 -0.992853 0 0
    15 16.696163 0.191039 45.910002 0.102349 0.672439 -0.733042 0 0
    15 22.394001 0.807108 40.170518 0.292061 0.688188 -0.664152 0 0
  phy
    15 16.696163 0.191039 45.910002 0.102349 0.672439 -0.733042 0 0
    15 16.083582 1.460288 45.394391 0.120863 0.969135 -0.214872 0 0
    15 22.394001 0.807108 40.170518 0.292061 0.688188 -0.664152 0 0
  phy
    15 16.083582 1.460288 45.394391 0.120863 0.969135 -0.214872 0 0
    15 13.738055 1.340500 47.880536 -0.901472 0.400041 -0.165272 0 0
    15 13.738055 2.962172 47.880536 -0.038185 0.982924 0.180005 0 0
  phy
    15 17.680048 -0.293595 46.750318 0.112513 0.039790 -0.992853 0 0
    15 23.145325 0.807108 40.812211 0.183315 -0.590371 -0.786039 0 0
    15 18.662721 0.190873 47.592477 0.092867 -0.640098 -0.762660 0 0
  phy
    15 23.145325 0.807108 40.812211 0.183315 -0.590371 -0.786039 0 0
    15 17.680048 -0.293595 46.750318 0.112513 0.039790 -0.992853 0 0
    15 22.394001 0.807108 40.170518 0.292061 0.688188 -0.664152 0 0
  phy
    15 23.145325 0.807108 40.812211 0.183315 -0.590371 -0.786039 0 0
    15 22.394001 0.807108 40.170518 0.292061 0.688188 -0.664152 0 0
    15 23.377501 1.586037 41.010508 0.307253 -0.945196 0.110454 0 0
  phy
    15 23.377501 1.586037 41.010508 0.307253 -0.945196 0.110454 0 0
    15 19.272012 1.459821 48.109982 0.112534 -0.961561 -0.250473 0 0
    15 23.145325 0.807108 40.812211 0.183315 -0.590371 -0.786039 0 0
  phy
    15 23.145325 0.807108 40.812211 0.183315 -0.590371 -0.786039 0 0
    15 19.272012 1.459821 48.109982 0.112534 -0.961561 -0.250473 0 0
    15 18.662721 0.190873 47.592477 0.092867 -0.640098 -0.762660 0 0
  phy
    15 17.031553 2.962177 50.693446 -0.579157 -0.786411 0.214789 0 0
    15 19.272012 1.459821 48.109982 0.112534 -0.961561 -0.250473 0 0
    15 19.271206 3.028573 48.110912 0.160262 -0.939887 0.301543 0 0
  phy
    15 17.031553 1.340501 50.693446 -0.723052 -0.640423 -0.258948 0 0
    15 19.272012 1.459821 48.109982 0.112534 -0.961561 -0.250473 0 0
    15 17.031553 2.962177 50.693446 -0.579157 -0.786411 0.214789 0 0
  phy
    15 18.662721 0.190873 47.592477 0.092867 -0.640098 -0.762660 0 0
    15 17.031553 1.340501 50.693446 -0.723052 -0.640423 -0.258948 0 0
    15 16.402551 0.028539 50.156227 -0.104927 -0.637337 -0.763408 0 0
  phy
    15 18.662721 0.190873 47.592477 0.092867 -0.640098 -0.762660 0 0
    15 16.402551 0.028539 50.156227 -0.104927 -0.637337 -0.763408 0 0
    15 15.384805 -0.472592 49.286991 -0.574953 -0.095229 -0.812625 0 0
  phy
    15 14.367056 0.028538 48.417752 -0.017911 0.553136 -0.832899 0 0
    15 17.680048 -0.293595 46.750318 0.112513 0.039790 -0.992853 0 0
    15 15.384805 -0.472592 49.286991 -0.574953 -0.095229 -0.812625 0 0
  phy
    15 17.680048 -0.293595 46.750318 0.112513 0.039790 -0.992853 0 0
    15 18.662721 0.190873 47.592477 0.092867 -0.640098 -0.762660 0 0
    15 15.384805 -0.472592 49.286991 -0.574953 -0.095229 -0.812625 0 0
  phy
    15 17.680048 4.781540 46.750319 0.062563 -0.000452 0.998041 0 0
    15 16.696277 4.297148 45.910100 0.114499 0.681196 0.723092 0 0
    15 14.367055 4.274141 48.417752 -0.234800 0.625916 0.743706 0 0
  phy
    15 17.680048 4.781540 46.750319 0.062563 -0.000452 0.998041 0 0
    15 22.769663 3.625303 40.491366 0.333736 -0.384890 0.860512 0 0
    15 16.696277 4.297148 45.910100 0.114499 0.681196 0.723092 0 0
  phy
    15 16.083582 1.460288 45.394391 0.120863 0.969135 -0.214872 0 0
    15 22.161828 2.548843 39.972228 0.194608 0.955559 0.221439 0 0
    15 22.394001 0.807108 40.170518 0.292061 0.688188 -0.664152 0 0
  phy
    15 19.271206 3.028573 48.110912 0.160262 -0.939887 0.301543 0 0
    15 19.272012 1.459821 48.109982 0.112534 -0.961561 -0.250473 0 0
    15 23.377501 1.586037 41.010508 0.307253 -0.945196 0.110454 0 0
  phy
    15 23.377501 1.586037 41.010508 0.307253 -0.945196 0.110454 0 0
    15 22.769663 3.625303 40.491366 0.333736 -0.384890 0.860512 0 0
    15 19.271206 3.028573 48.110912 0.160262 -0.939887 0.301543 0 0
  phy
    15 23.377501 1.586037 41.010508 0.307253 -0.945196 0.110454 0 0
    15 22.394001 0.807108 40.170518 0.292061 0.688188 -0.664152 0 0
    15 22.769663 3.625303 40.491366 0.333736 -0.384890 0.860512 0 0
  phy
    15 18.662721 0.190873 47.592477 0.092867 -0.640098 -0.762660 0 0
    15 19.272012 1.459821 48.109982 0.112534 -0.961561 -0.250473 0 0
    15 17.031553 1.340501 50.693446 -0.723052 -0.640423 -0.258948 0 0
  phy
    15 22.161828 2.548843 39.972228 0.194608 0.955559 0.221439 0 0
    15 16.696277 4.297148 45.910100 0.114499 0.681196 0.723092 0 0
    15 22.769663 3.625303 40.491366 0.333736 -0.384890 0.860512 0 0
  phy
    15 22.769663 3.625303 40.491366 0.333736 -0.384890 0.860512 0 0
    15 22.394001 0.807108 40.170518 0.292061 0.688188 -0.664152 0 0
    15 22.161828 2.548843 39.972228 0.194608 0.955559 0.221439 0 0
  phy
    9 -13.869443 0.607487 48.797305 0.081965 -0.656768 -0.749625 0 0
    9 -13.252941 1.809831 48.270746 0.475815 -0.862837 -0.170625 0 0
    9 -4.845683 1.041830 56.666488 0.007390 -0.871147 -0.490967 0 0
  phy
    9 -13.869443 0.607487 48.797305 0.081965 -0.656768 -0.749625 0 0
    9 -4.845683 1.041830 56.666488 0.007390 -0.871147 -0.490967 0 0
    9 -6.364903 -1.248847 58.422955 -0.476780 -0.347864 -0.807262 0 0
  phy
    9 -14.866980 0.148231 49.649278 0.133792 0.135734 -0.981670 0 0
    9 -13.252941 1.809831 48.270746 0.475815 -0.862837 -0.170625 0 0
    9 -13.869443 0.607487 48.797305 0.081965 -0.656768 -0.749625 0 0
  phy
    9 -14.866980 0.148231 49.649278 0.133792 0.135734 -0.981670 0 0
    9 -13.869443 0.607487 48.797305 0.081965 -0.656768 -0.749625 0 0
    9 -6.364903 -1.248847 58.422955 -0.476780 -0.347864 -0.807262 0 0
  phy
    9 -13.252941 3.296005 48.270740 0.116902 -0.930532 0.347050 0 0
    9 -13.869456 4.498356 48.797289 0.383949 -0.450057 0.806246 0 0
    9 -10.100375 4.681917 52.768469 0.066030 -0.745149 0.663621 0 0
  phy
    9 -10.100375 4.681917 52.768469 0.066030 -0.745149 0.663621 0 0
    9 -4.845680 3.090678 56.666483 -0.168344 -0.930386 0.325642 0 0
    9 -13.252941 3.296005 48.270740 0.116902 -0.930532 0.347050 0 0
  phy
    9 -13.252941 1.809831 48.270746 0.475815 -0.862837 -0.170625 0 0
    9 -13.869456 4.498356 48.797289 0.383949 -0.450057 0.806246 0 0
    9 -13.252941 3.296005 48.270740 0.116902 -0.930532 0.347050 0 0
  phy
    9 -13.252941 3.296005 48.270740 0.116902 -0.930532 0.347050 0 0
    9 -4.845680 3.090678 56.666483 -0.168344 -0.930386 0.325642 0 0
    9 -13.252941 1.809831 48.270746 0.475815 -0.862837 -0.170625 0 0
  phy
    9 -13.252941 1.809831 48.270746 0.475815 -0.862837 -0.170625 0 0
    9 -4.845680 3.090678 56.666483 -0.168344 -0.930386 0.325642 0 0
    9 -4.845683 1.041830 56.666488 0.007390 -0.871147 -0.490967 0 0
  phy
    9 -4.845683 1.041830 56.666488 0.007390 -0.871147 -0.490967 0 0
    9 -4.845680 3.090678 56.666483 -0.168344 -0.930386 0.325642 0 0
    9 -6.364903 -1.248847 58.422955 -0.476780 -0.347864 -0.807262 0 0
  phy
    9 -14.866980 0.148231 49.649278 0.133792 0.135734 -0.981670 0 0
    9 -7.848736 -0.615719 59.690266 -0.002364 0.523817 -0.851827 0 0
    9 -15.864515 0.607486 50.501254 0.343840 0.655506 -0.672374 0 0
  phy
    9 -7.848736 -0.615719 59.690266 -0.002364 0.523817 -0.851827 0 0
    9 -14.866980 0.148231 49.649278 0.133792 0.135734 -0.981670 0 0
    9 -6.364903 -1.248847 58.422955 -0.476780 -0.347864 -0.807262 0 0
  phy
    9 -14.866980 0.148231 49.649278 0.133792 0.135734 -0.981670 0 0
    9 -15.864515 0.607486 50.501254 0.343840 0.655506 -0.672374 0 0
    9 -13.252941 1.809831 48.270746 0.475815 -0.862837 -0.170625 0 0
  phy
    9 -16.481027 1.809835 51.027801 0.113866 0.966486 -0.230084 0 0
    9 -16.503291 3.252575 51.046810 0.115476 0.952494 0.281815 0 0
    9 -15.864886 4.498188 50.501552 0.767274 0.472427 0.433709 0 0
  phy
    9 -15.864886 4.498188 50.501552 0.767274 0.472427 0.433709 0 0
    9 -15.864515 0.607486 50.501254 0.343840 0.655506 -0.672374 0 0
    9 -16.481027 1.809835 51.027801 0.113866 0.966486 -0.230084 0 0
  phy
    9 -15.864886 4.498188 50.501552 0.767274 0.472427 0.433709 0 0
    9 -13.869456 4.498356 48.797289 0.383949 -0.450057 0.806246 0 0
    9 -13.252941 1.809831 48.270746 0.475815 -0.862837 -0.170625 0 0
  phy
    9 -13.252941 1.809831 48.270746 0.475815 -0.862837 -0.170625 0 0
    9 -15.864515 0.607486 50.501254 0.343840 0.655506 -0.672374 0 0
    9 -15.864886 4.498188 50.501552 0.767274 0.472427 0.433709 0 0
  phy
    9 -13.050132 3.323268 55.287802 0.024505 0.975808 0.217251 0 0
    9 -15.864886 4.498188 50.501552 0.767274 0.472427 0.433709 0 0
    9 -16.503291 3.252575 51.046810 0.115476 0.952494 0.281815 0 0
  phy
    9 -15.864886 4.498188 50.501552 0.767274 0.472427 0.433709 0 0
    9 -13.050132 3.323268 55.287802 0.024505 0.975808 0.217251 0 0
    9 -12.353790 4.681917 54.693067 0.044659 0.553667 0.831540 0 0
  phy
    9 -15.864886 4.498188 50.501552 0.767274 0.472427 0.433709 0 0
    9 -14.866986 4.957612 49.649261 0.108604 0.058969 0.992334 0 0
    9 -13.869456 4.498356 48.797289 0.383949 -0.450057 0.806246 0 0
  phy
    9 -12.353790 4.681917 54.693067 0.044659 0.553667 0.831540 0 0
    9 -14.866986 4.957612 49.649261 0.108604 0.058969 0.992334 0 0
    9 -15.864886 4.498188 50.501552 0.767274 0.472427 0.433709 0 0
  phy
    9 -12.353790 4.681917 54.693067 0.044659 0.553667 0.831540 0 0
    9 -13.050132 3.323268 55.287802 0.024505 0.975808 0.217251 0 0
    9 -8.765795 3.090678 60.473508 -0.054717 0.919836 0.388469 0 0
  phy
    9 -16.481027 1.809835 51.027801 0.113866 0.966486 -0.230084 0 0
    9 -13.050132 3.323268 55.287802 0.024505 0.975808 0.217251 0 0
    9 -16.503291 3.252575 51.046810 0.115476 0.952494 0.281815 0 0
  phy
    9 -13.050132 3.323268 55.287802 0.024505 0.975808 0.217251 0 0
    9 -16.481027 1.809835 51.027801 0.113866 0.966486 -0.230084 0 0
    9 -8.765796 1.041834 60.473509 -0.380900 0.877510 -0.291362 0 0
  phy
    9 -8.765795 3.090678 60.473508 -0.054717 0.919836 0.388469 0 0
    9 -13.050132 3.323268 55.287802 0.024505 0.975808 0.217251 0 0
    9 -8.765796 1.041834 60.473509 -0.380900 0.877510 -0.291362 0 0
  phy
    9 -16.481027 1.809835 51.027801 0.113866 0.966486 -0.230084 0 0
    9 -15.864515 0.607486 50.501254 0.343840 0.655506 -0.672374 0 0
    9 -8.765796 1.041834 60.473509 -0.380900 0.877510 -0.291362 0 0
  phy
    9 -13.869456 4.498356 48.797289 0.383949 -0.450057 0.806246 0 0
    9 -6.364902 5.381360 58.422951 -0.449304 -0.189451 0.873060 0 0
    9 -10.100375 4.681917 52.768469 0.066030 -0.745149 0.663621 0 0
  phy
    9 -10.100375 4.681917 52.768469 0.066030 -0.745149 0.663621 0 0
    9 -6.364902 5.381360 58.422951 -0.449304 -0.189451 0.873060 0 0
    9 -4.845680 3.090678 56.666483 -0.168344 -0.930386 0.325642 0 0
  phy
    9 -7.848733 4.748232 59.690262 -0.295609 0.552862 0.779076 0 0
    9 -6.364902 5.381360 58.422951 -0.449304 -0.189451 0.873060 0 0
    9 -12.353790 4.681917 54.693067 0.044659 0.553667 0.831540 0 0
  phy
    9 -6.364902 5.381360 58.422951 -0.449304 -0.189451 0.873060 0 0
    9 -14.866986 4.957612 49.649261 0.108604 0.058969 0.992334 0 0
    9 -12.353790 4.681917 54.693067 0.044659 0.553667 0.831540 0 0
  phy
    9 -7.848733 4.748232 59.690262 -0.295609 0.552862 0.779076 0 0
    9 -12.353790 4.681917 54.693067 0.044659 0.553667 0.831540 0 0
    9 -8.765795 3.090678 60.473508 -0.054717 0.919836 0.388469 0 0
  phy
    9 -7.848733 4.748232 59.690262 -0.295609 0.552862 0.779076 0 0
    9 -8.765795 3.090678 60.473508 -0.054717 0.919836 0.388469 0 0
    9 -8.765796 1.041834 60.473509 -0.380900 0.877510 -0.291362 0 0
  phy
    9 -6.364902 5.381360 58.422951 -0.449304 -0.189451 0.873060 0 0
    9 -7.848733 4.748232 59.690262 -0.295609 0.552862 0.779076 0 0
    9 -8.765796 1.041834 60.473509 -0.380900 0.877510 -0.291362 0 0
  phy
    9 -13.869456 4.498356 48.797289 0.383949 -0.450057 0.806246 0 0
    9 -14.866986 4.957612 49.649261 0.108604 0.058969 0.992334 0 0
    9 -6.364902 5.381360 58.422951 -0.449304 -0.189451 0.873060 0 0
  phy
    9 -15.864515 0.607486 50.501254 0.343840 0.655506 -0.672374 0 0
    9 -7.848736 -0.615719 59.690266 -0.002364 0.523817 -0.851827 0 0
    9 -8.765796 1.041834 60.473509 -0.380900 0.877510 -0.291362 0 0
  phy
    9 -8.765796 1.041834 60.473509 -0.380900 0.877510 -0.291362 0 0
    9 -7.848736 -0.615719 59.690266 -0.002364 0.523817 -0.851827 0 0
    9 -6.364903 -1.248847 58.422955 -0.476780 -0.347864 -0.807262 0 0
  phy
    9 -4.845680 3.090678 56.666483 -0.168344 -0.930386 0.325642 0 0
    9 -6.364902 5.381360 58.422951 -0.449304 -0.189451 0.873060 0 0
    9 -6.364903 -1.248847 58.422955 -0.476780 -0.347864 -0.807262 0 0
  phy
    9 -6.364902 5.381360 58.422951 -0.449304 -0.189451 0.873060 0 0
    9 -8.765796 1.041834 60.473509 -0.380900 0.877510 -0.291362 0 0
    9 -6.364903 -1.248847 58.422955 -0.476780 -0.347864 -0.807262 0 0
  phy
    10 -16.618227 4.492003 45.899416 0.108431 -0.652090 0.750347 0 0
    10 -14.240983 4.469063 48.307835 -0.283061 -0.693586 0.662431 0 0
    10 -16.008240 3.223277 45.381663 0.116428 -0.944384 0.307545 0 0
  phy
    10 -14.240983 4.469063 48.307835 -0.283061 -0.693586 0.662431 0 0
    10 -13.611983 3.157096 47.770620 -0.872883 -0.481936 0.076241 0 0
    10 -16.008240 3.223277 45.381663 0.116428 -0.944384 0.307545 0 0
  phy
    10 -16.008240 3.223277 45.381663 0.116428 -0.944384 0.307545 0 0
    10 -22.084892 2.743769 39.960631 0.194583 -0.955606 0.221259 0 0
    10 -16.618227 4.492003 45.899416 0.108431 -0.652090 0.750347 0 0
  phy
    10 -16.000369 1.655046 45.388688 0.127321 -0.961388 -0.243970 0 0
    10 -22.084892 2.743769 39.960631 0.194583 -0.955606 0.221259 0 0
    10 -16.008240 3.223277 45.381663 0.116428 -0.944384 0.307545 0 0
  phy
    10 -16.008240 3.223277 45.381663 0.116428 -0.944384 0.307545 0 0
    10 -13.611983 3.157096 47.770620 -0.872883 -0.481936 0.076241 0 0
    10 -16.000369 1.655046 45.388688 0.127321 -0.961388 -0.243970 0 0
  phy
    10 -17.603120 -0.098671 46.738721 0.097578 -0.048954 -0.994023 0 0
    10 -16.619235 0.385964 45.898404 0.109501 -0.623306 -0.774273 0 0
    10 -14.240985 0.223462 48.307839 -0.638972 -0.491335 -0.591865 0 0
  phy
    10 -16.619235 0.385964 45.898404 0.109501 -0.623306 -0.774273 0 0
    10 -17.603120 -0.098671 46.738721 0.097578 -0.048954 -0.994023 0 0
    10 -22.692726 0.704510 40.479771 0.222844 0.529391 -0.818588 0 0
  phy
    10 -22.317065 1.002034 40.158924 0.321930 -0.853849 -0.409028 0 0
    10 -16.619235 0.385964 45.898404 0.109501 -0.623306 -0.774273 0 0
    10 -22.692726 0.704510 40.479771 0.222844 0.529391 -0.818588 0 0
  phy
    10 -16.619235 0.385964 45.898404 0.109501 -0.623306 -0.774273 0 0
    10 -22.317065 1.002034 40.158924 0.321930 -0.853849 -0.409028 0 0
    10 -16.000369 1.655046 45.388688 0.127321 -0.961388 -0.243970 0 0
  phy
    10 -16.000369 1.655046 45.388688 0.127321 -0.961388 -0.243970 0 0
    10 -14.240985 0.223462 48.307839 -0.638972 -0.491335 -0.591865 0 0
    10 -16.619235 0.385964 45.898404 0.109501 -0.623306 -0.774273 0 0
  phy
    10 -13.611984 1.535425 47.770621 -0.035671 -0.961743 -0.271622 0 0
    10 -14.240985 0.223462 48.307839 -0.638972 -0.491335 -0.591865 0 0
    10 -16.000369 1.655046 45.388688 0.127321 -0.961388 -0.243970 0 0
  phy
    10 -16.000369 1.655046 45.388688 0.127321 -0.961388 -0.243970 0 0
    10 -13.611983 3.157096 47.770620 -0.872883 -0.481936 0.076241 0 0
    10 -13.611984 1.535425 47.770621 -0.035671 -0.961743 -0.271622 0 0
  phy
    10 -14.240985 0.223462 48.307839 -0.638972 -0.491335 -0.591865 0 0
    10 -13.611984 1.535425 47.770621 -0.035671 -0.961743 -0.271622 0 0
    10 -13.611983 3.157096 47.770620 -0.872883 -0.481936 0.076241 0 0
  phy
    10 -22.317065 1.002034 40.158924 0.321930 -0.853849 -0.409028 0 0
    10 -22.084892 2.743769 39.960631 0.194583 -0.955606 0.221259 0 0
    10 -16.000369 1.655046 45.388688 0.127321 -0.961388 -0.243970 0 0
  phy
    10 -18.587004 4.491832 47.579038 0.121543 0.681434 0.721716 0 0
    10 -23.300561 2.743770 40.998911 0.283581 0.949931 0.131195 0 0
    10 -19.194530 3.223117 48.099333 0.093057 0.946942 0.307637 0 0
  phy
    10 -23.300561 2.743770 40.998911 0.283581 0.949931 0.131195 0 0
    10 -18.587004 4.491832 47.579038 0.121543 0.681434 0.721716 0 0
    10 -22.692726 3.820227 40.479768 0.306096 0.001552 0.952000 0 0
  phy
    10 -17.603119 4.976463 46.738717 0.070067 0.049777 0.996300 0 0
    10 -22.692726 3.820227 40.479768 0.306096 0.001552 0.952000 0 0
    10 -18.587004 4.491832 47.579038 0.121543 0.681434 0.721716 0 0
  phy
    10 -18.587004 4.491832 47.579038 0.121543 0.681434 0.721716 0 0
    10 -16.276479 4.469065 50.046313 -0.523661 0.548801 0.651611 0 0
    10 -17.603119 4.976463 46.738717 0.070067 0.049777 0.996300 0 0
  phy
    10 -18.587004 4.491832 47.579038 0.121543 0.681434 0.721716 0 0
    10 -19.194530 3.223117 48.099333 0.093057 0.946942 0.307637 0 0
    10 -16.276479 4.469065 50.046313 -0.523661 0.548801 0.651611 0 0
  phy
    10 -17.603119 4.976463 46.738717 0.070067 0.049777 0.996300 0 0
    10 -15.258732 4.970186 49.177075 -0.106224 -0.121009 0.986952 0 0
    10 -16.618227 4.492003 45.899416 0.108431 -0.652090 0.750347 0 0
  phy
    10 -15.258732 4.970186 49.177075 -0.106224 -0.121009 0.986952 0 0
    10 -14.240983 4.469063 48.307835 -0.283061 -0.693586 0.662431 0 0
    10 -16.618227 4.492003 45.899416 0.108431 -0.652090 0.750347 0 0
  phy
    10 -15.258732 4.970186 49.177075 -0.106224 -0.121009 0.986952 0 0
    10 -16.276479 4.469065 50.046313 -0.523661 0.548801 0.651611 0 0
    10 -14.240983 4.469063 48.307835 -0.283061 -0.693586 0.662431 0 0
  phy
    10 -14.240983 4.469063 48.307835 -0.283061 -0.693586 0.662431 0 0
    10 -16.276479 4.469065 50.046313 -0.523661 0.548801 0.651611 0 0
    10 -13.611983 3.157096 47.770620 -0.872883 -0.481936 0.076241 0 0
  phy
    10 -13.611983 3.157096 47.770620 -0.872883 -0.481936 0.076241 0 0
    10 -16.276479 4.469065 50.046313 -0.523661 0.548801 0.651611 0 0
    10 -16.905479 3.157101 50.583532 -0.658789 0.741359 0.128004 0 0
  phy
    10 -13.611983 3.157096 47.770620 -0.872883 -0.481936 0.076241 0 0
    10 -16.905479 3.157101 50.583532 -0.658789 0.741359 0.128004 0 0
    10 -16.905479 1.535427 50.583532 -0.907530 0.400524 -0.126374 0 0
  phy
    10 -13.611983 3.157096 47.770620 -0.872883 -0.481936 0.076241 0 0
    10 -16.905479 1.535427 50.583532 -0.907530 0.400524 -0.126374 0 0
    10 -14.240985 0.223462 48.307839 -0.638972 -0.491335 -0.591865 0 0
  phy
    10 -14.240985 0.223462 48.307839 -0.638972 -0.491335 -0.591865 0 0
    10 -16.905479 1.535427 50.583532 -0.907530 0.400524 -0.126374 0 0
    10 -16.276480 0.223463 50.046316 -0.312987 0.681455 -0.661557 0 0
  phy
    10 -14.240985 0.223462 48.307839 -0.638972 -0.491335 -0.591865 0 0
    10 -16.276480 0.223463 50.046316 -0.312987 0.681455 -0.661557 0 0
    10 -15.258733 -0.277667 49.177079 -0.041103 0.120644 -0.991844 0 0
  phy
    10 -17.603119 4.976463 46.738717 0.070067 0.049777 0.996300 0 0
    10 -16.276479 4.469065 50.046313 -0.523661 0.548801 0.651611 0 0
    10 -15.258732 4.970186 49.177075 -0.106224 -0.121009 0.986952 0 0
  phy
    10 -19.194530 3.223117 48.099333 0.093057 0.946942 0.307637 0 0
    10 -19.194539 1.654283 48.099322 0.125495 0.947409 -0.294394 0 0
    10 -16.905479 3.157101 50.583532 -0.658789 0.741359 0.128004 0 0
  phy
    10 -16.905479 3.157101 50.583532 -0.658789 0.741359 0.128004 0 0
    10 -19.194539 1.654283 48.099322 0.125495 0.947409 -0.294394 0 0
    10 -16.905479 1.535427 50.583532 -0.907530 0.400524 -0.126374 0 0
  phy
    10 -19.194530 3.223117 48.099333 0.093057 0.946942 0.307637 0 0
    10 -16.905479 3.157101 50.583532 -0.658789 0.741359 0.128004 0 0
    10 -16.276479 4.469065 50.046313 -0.523661 0.548801 0.651611 0 0
  phy
    10 -18.586402 0.385787 47.579881 0.104358 0.604635 -0.789636 0 0
    10 -16.276480 0.223463 50.046316 -0.312987 0.681455 -0.661557 0 0
    10 -19.194539 1.654283 48.099322 0.125495 0.947409 -0.294394 0 0
  phy
    10 -16.276480 0.223463 50.046316 -0.312987 0.681455 -0.661557 0 0
    10 -16.905479 1.535427 50.583532 -0.907530 0.400524 -0.126374 0 0
    10 -19.194539 1.654283 48.099322 0.125495 0.947409 -0.294394 0 0
  phy
    10 -16.276480 0.223463 50.046316 -0.312987 0.681455 -0.661557 0 0
    10 -18.586402 0.385787 47.579881 0.104358 0.604635 -0.789636 0 0
    10 -15.258733 -0.277667 49.177079 -0.041103 0.120644 -0.991844 0 0
  phy
    10 -17.603120 -0.098671 46.738721 0.097578 -0.048954 -0.994023 0 0
    10 -14.240985 0.223462 48.307839 -0.638972 -0.491335 -0.591865 0 0
    10 -15.258733 -0.277667 49.177079 -0.041103 0.120644 -0.991844 0 0
  phy
    10 -18.586402 0.385787 47.579881 0.104358 0.604635 -0.789636 0 0
    10 -17.603120 -0.098671 46.738721 0.097578 -0.048954 -0.994023 0 0
    10 -15.258733 -0.277667 49.177079 -0.041103 0.120644 -0.991844 0 0
  phy
    10 -17.603120 -0.098671 46.738721 0.097578 -0.048954 -0.994023 0 0
    10 -18.586402 0.385787 47.579881 0.104358 0.604635 -0.789636 0 0
    10 -22.692726 0.704510 40.479771 0.222844 0.529391 -0.818588 0 0
  phy
    10 -16.618227 4.492003 45.899416 0.108431 -0.652090 0.750347 0 0
    10 -22.692726 3.820227 40.479768 0.306096 0.001552 0.952000 0 0
    10 -17.603119 4.976463 46.738717 0.070067 0.049777 0.996300 0 0
  phy
    10 -22.084892 2.743769 39.960631 0.194583 -0.955606 0.221259 0 0
    10 -22.692726 3.820227 40.479768 0.306096 0.001552 0.952000 0 0
    10 -16.618227 4.492003 45.899416 0.108431 -0.652090 0.750347 0 0
  phy
    10 -23.300561 2.743770 40.998911 0.283581 0.949931 0.131195 0 0
    10 -22.692726 3.820227 40.479768 0.306096 0.001552 0.952000 0 0
    10 -22.317065 1.002034 40.158924 0.321930 -0.853849 -0.409028 0 0
  phy
    10 -22.317065 1.002034 40.158924 0.321930 -0.853849 -0.409028 0 0
    10 -22.692726 0.704510 40.479771 0.222844 0.529391 -0.818588 0 0
    10 -23.300561 2.743770 40.998911 0.283581 0.949931 0.131195 0 0
  phy
    10 -22.317065 1.002034 40.158924 0.321930 -0.853849 -0.409028 0 0
    10 -22.692726 3.820227 40.479768 0.306096 0.001552 0.952000 0 0
    10 -22.084892 2.743769 39.960631 0.194583 -0.955606 0.221259 0 0
  phy
    10 -19.194530 3.223117 48.099333 0.093057 0.946942 0.307637 0 0
    10 -23.300561 2.743770 40.998911 0.283581 0.949931 0.131195 0 0
    10 -19.194539 1.654283 48.099322 0.125495 0.947409 -0.294394 0 0
  phy
    10 -19.194539 1.654283 48.099322 0.125495 0.947409 -0.294394 0 0
    10 -23.300561 2.743770 40.998911 0.283581 0.949931 0.131195 0 0
    10 -22.692726 0.704510 40.479771 0.222844 0.529391 -0.818588 0 0
  phy
    10 -18.586402 0.385787 47.579881 0.104358 0.604635 -0.789636 0 0
    10 -19.194539 1.654283 48.099322 0.125495 0.947409 -0.294394 0 0
    10 -22.692726 0.704510 40.479771 0.222844 0.529391 -0.818588 0 0
  phy
    11 -23.973332 3.529194 40.750262 -0.025077 -0.209394 0.977510 0 0
    11 -23.251206 3.529192 40.455161 -0.829871 -0.482259 0.280609 0 0
    11 -24.639725 4.366682 38.201696 -0.230977 -0.971430 0.054529 0 0
  phy
    11 -24.639725 4.366682 38.201696 -0.230977 -0.971430 0.054529 0 0
    11 -25.807017 4.366686 38.519593 0.485140 -0.385944 0.784656 0 0
    11 -23.973332 3.529194 40.750262 -0.025077 -0.209394 0.977510 0 0
  phy
    11 -23.973332 3.529194 40.750262 -0.025077 -0.209394 0.977510 0 0
    11 -25.807018 -0.613205 38.519597 0.268240 0.430748 0.861686 0 0
    11 -23.973332 0.667188 40.750264 -0.438270 0.629599 0.641502 0 0
  phy
    11 -23.973332 3.529194 40.750262 -0.025077 -0.209394 0.977510 0 0
    11 -25.807017 4.366686 38.519593 0.485140 -0.385944 0.784656 0 0
    11 -25.807018 -0.613205 38.519597 0.268240 0.430748 0.861686 0 0
  phy
    11 -23.251206 3.529192 40.455161 -0.829871 -0.482259 0.280609 0 0
    11 -23.973332 3.529194 40.750262 -0.025077 -0.209394 0.977510 0 0
    11 -23.973332 0.667188 40.750264 -0.438270 0.629599 0.641502 0 0
  phy
    11 -23.251206 0.667188 40.455164 -0.845389 0.490936 0.210476 0 0
    11 -22.649613 3.529191 39.977089 -0.769898 -0.515599 -0.376051 0 0
    11 -23.251206 3.529192 40.455161 -0.829871 -0.482259 0.280609 0 0
  phy
    11 -22.649613 3.529191 39.977089 -0.769898 -0.515599 -0.376051 0 0
    11 -23.251206 0.667188 40.455164 -0.845389 0.490936 0.210476 0 0
    11 -22.649613 0.667185 39.977091 -0.721882 0.092437 -0.685814 0 0
  phy
    11 -23.276594 -1.843196 35.728617 -0.278894 0.531611 -0.799755 0 0
    11 -23.251206 0.667188 40.455164 -0.845389 0.490936 0.210476 0 0
    11 -23.973332 0.667188 40.750264 -0.438270 0.629599 0.641502 0 0
  phy
    11 -23.251206 0.667188 40.455164 -0.845389 0.490936 0.210476 0 0
    11 -23.276594 -1.843196 35.728617 -0.278894 0.531611 -0.799755 0 0
    11 -22.649613 0.667185 39.977091 -0.721882 0.092437 -0.685814 0 0
  phy
    11 -23.251206 0.667188 40.455164 -0.845389 0.490936 0.210476 0 0
    11 -23.251206 3.529192 40.455161 -0.829871 -0.482259 0.280609 0 0
    11 -23.973332 0.667188 40.750264 -0.438270 0.629599 0.641502 0 0
  phy
    11 -24.639725 4.366682 38.201696 -0.230977 -0.971430 0.054529 0 0
    11 -23.251206 3.529192 40.455161 -0.829871 -0.482259 0.280609 0 0
    11 -22.649613 3.529191 39.977089 -0.769898 -0.515599 -0.376051 0 0
  phy
    11 -22.649613 3.529191 39.977089 -0.769898 -0.515599 -0.376051 0 0
    11 -22.816156 4.366684 36.267718 -0.370428 -0.375380 -0.849631 0 0
    11 -24.639725 4.366682 38.201696 -0.230977 -0.971430 0.054529 0 0
  phy
    11 -22.816156 4.366684 36.267718 -0.370428 -0.375380 -0.849631 0 0
    11 -25.807017 4.366686 38.519593 0.485140 -0.385944 0.784656 0 0
    11 -24.639725 4.366682 38.201696 -0.230977 -0.971430 0.054529 0 0
  phy
    11 -22.816156 4.366684 36.267718 -0.370428 -0.375380 -0.849631 0 0
    11 -22.649613 3.529191 39.977089 -0.769898 -0.515599 -0.376051 0 0
    11 -22.649613 0.667185 39.977091 -0.721882 0.092437 -0.685814 0 0
  phy
    11 -26.212614 3.960635 34.880151 0.738059 -0.080418 0.669927 0 0
    11 -25.739717 3.960634 33.832920 0.369745 -0.405157 -0.836144 0 0
    11 -26.212615 -0.295681 34.880153 0.705504 0.292124 0.645699 0 0
  phy
    11 -26.212615 -0.295681 34.880153 0.705504 0.292124 0.645699 0 0
    11 -25.739717 3.960634 33.832920 0.369745 -0.405157 -0.836144 0 0
    11 -25.739718 -0.295685 33.832924 0.548820 0.266380 -0.792362 0 0
  phy
    11 -26.212615 -0.295681 34.880153 0.705504 0.292124 0.645699 0 0
    11 -23.276594 -1.843196 35.728617 -0.278894 0.531611 -0.799755 0 0
    11 -25.807018 -0.613205 38.519597 0.268240 0.430748 0.861686 0 0
  phy
    11 -23.276594 -1.843196 35.728617 -0.278894 0.531611 -0.799755 0 0
    11 -26.212615 -0.295681 34.880153 0.705504 0.292124 0.645699 0 0
    11 -25.739718 -0.295685 33.832924 0.548820 0.266380 -0.792362 0 0
  phy
    11 -26.212615 -0.295681 34.880153 0.705504 0.292124 0.645699 0 0
    11 -25.807017 4.366686 38.519593 0.485140 -0.385944 0.784656 0 0
    11 -26.212614 3.960635 34.880151 0.738059 -0.080418 0.669927 0 0
  phy
    11 -25.807018 -0.613205 38.519597 0.268240 0.430748 0.861686 0 0
    11 -25.807017 4.366686 38.519593 0.485140 -0.385944 0.784656 0 0
    11 -26.212615 -0.295681 34.880153 0.705504 0.292124 0.645699 0 0
  phy
    11 -23.276594 -1.843196 35.728617 -0.278894 0.531611 -0.799755 0 0
    11 -23.973332 0.667188 40.750264 -0.438270 0.629599 0.641502 0 0
    11 -25.807018 -0.613205 38.519597 0.268240 0.430748 0.861686 0 0
  phy
    11 -23.276594 -1.843196 35.728617 -0.278894 0.531611 -0.799755 0 0
    11 -22.816156 4.366684 36.267718 -0.370428 -0.375380 -0.849631 0 0
    11 -22.649613 0.667185 39.977091 -0.721882 0.092437 -0.685814 0 0
  phy
    11 -22.816156 4.366684 36.267718 -0.370428 -0.375380 -0.849631 0 0
    11 -23.276594 -1.843196 35.728617 -0.278894 0.531611 -0.799755 0 0
    11 -25.739717 3.960634 33.832920 0.369745 -0.405157 -0.836144 0 0
  phy
    11 -23.276594 -1.843196 35.728617 -0.278894 0.531611 -0.799755 0 0
    11 -25.739718 -0.295685 33.832924 0.548820 0.266380 -0.792362 0 0
    11 -25.739717 3.960634 33.832920 0.369745 -0.405157 -0.836144 0 0
  phy
    11 -25.807017 4.366686 38.519593 0.485140 -0.385944 0.784656 0 0
    11 -25.739717 3.960634 33.832920 0.369745 -0.405157 -0.836144 0 0
    11 -26.212614 3.960635 34.880151 0.738059 -0.080418 0.669927 0 0
  phy
    11 -22.816156 4.366684 36.267718 -0.370428 -0.375380 -0.849631 0 0
    11 -25.739717 3.960634 33.832920 0.369745 -0.405157 -0.836144 0 0
    11 -25.807017 4.366686 38.519593 0.485140 -0.385944 0.784656 0 0
  phy
    6 -0.498949 0.823982 62.559989 -0.890567 -0.389259 0.235305 0 0
    6 0.004896 0.956558 62.559989 -0.970078 -0.000001 0.242792 0 0
    6 -0.926097 -2.295791 61.543345 -0.851899 -0.522940 -0.028324 0 0
  phy
    6 -1.715331 1.490513 63.605746 -0.758557 -0.588390 0.279978 0 0
    6 -0.498949 0.823982 62.559989 -0.890567 -0.389259 0.235305 0 0
    6 -0.926097 -2.295791 61.543345 -0.851899 -0.522940 -0.028324 0 0
  phy
    6 0.004896 0.956558 62.559989 -0.970078 -0.000001 0.242792 0 0
    6 -0.498949 0.823982 62.559989 -0.890567 -0.389259 0.235305 0 0
    6 -0.926097 2.188093 63.605746 -0.652209 -0.407919 0.638925 0 0
  phy
    6 -0.926097 2.188093 63.605746 -0.652209 -0.407919 0.638925 0 0
    6 -0.498949 0.823982 62.559989 -0.890567 -0.389259 0.235305 0 0
    6 -1.715331 1.490513 63.605746 -0.758557 -0.588390 0.279978 0 0
  phy
    6 -1.513159 -0.981719 72.078502 0.954333 -0.294581 0.049704 0 0
    6 0.004896 -0.315219 72.445727 0.985109 0.000000 0.171929 0 0
    6 -1.638212 -0.315122 72.078518 0.863053 -0.470188 0.184561 0 0
  phy
    6 -1.638212 -0.315122 72.078518 0.863053 -0.470188 0.184561 0 0
    6 0.004896 -0.315219 72.445727 0.985109 0.000000 0.171929 0 0
    6 -1.513175 0.351275 72.078499 0.816029 -0.474180 0.330530 0 0
  phy
    6 -1.638212 -0.315122 72.078518 0.863053 -0.470188 0.184561 0 0
    6 -1.513175 0.351275 72.078499 0.816029 -0.474180 0.330530 0 0
    6 -3.031222 -0.315219 71.032748 0.478771 -0.862290 0.165027 0 0
  phy
    6 -3.031222 -0.315219 71.032748 0.478771 -0.862290 0.165027 0 0
    6 -2.772705 -2.046053 71.373203 0.530600 -0.837622 -0.129816 0 0
    6 -1.638212 -0.315122 72.078518 0.863053 -0.470188 0.184561 0 0
  phy
    6 -1.638212 -0.315122 72.078518 0.863053 -0.470188 0.184561 0 0
    6 -2.772705 -2.046053 71.373203 0.530600 -0.837622 -0.129816 0 0
    6 -1.513159 -0.981719 72.078502 0.954333 -0.294581 0.049704 0 0
  phy
    6 -2.800100 0.916321 71.032749 0.436022 -0.795674 0.420461 0 0
    6 -3.049192 1.293860 69.467654 0.014891 -0.952754 0.303376 0 0
    6 -3.031222 -0.315219 71.032748 0.478771 -0.862290 0.165027 0 0
  phy
    6 -3.049192 1.293860 69.467654 0.014891 -0.952754 0.303376 0 0
    6 -3.300823 -0.315218 69.467654 0.110006 -0.993915 -0.005652 0 0
    6 -3.031222 -0.315219 71.032748 0.478771 -0.862290 0.165027 0 0
  phy
    6 -3.031222 -0.315219 71.032748 0.478771 -0.862290 0.165027 0 0
    6 -3.300823 -0.315218 69.467654 0.110006 -0.993915 -0.005652 0 0
    6 -2.772705 -2.046053 71.373203 0.530600 -0.837622 -0.129816 0 0
  phy
    6 -3.031222 -0.315219 71.032748 0.478771 -0.862290 0.165027 0 0
    6 -1.513175 0.351275 72.078499 0.816029 -0.474180 0.330530 0 0
    6 -2.800100 0.916321 71.032749 0.436022 -0.795674 0.420461 0 0
  phy
    6 -1.260152 3.569439 69.467654 0.013227 -0.458675 0.888506 0 0
    6 -2.332598 2.657971 69.467654 0.086551 -0.780432 0.619222 0 0
    6 -2.141951 1.960364 71.032749 0.520798 -0.554630 0.648965 0 0
  phy
    6 -2.141951 1.960364 71.032749 0.520798 -0.554630 0.648965 0 0
    6 -1.156976 2.657971 71.032748 0.504330 -0.280323 0.816744 0 0
    6 -1.260152 3.569439 69.467654 0.013227 -0.458675 0.888506 0 0
  phy
    6 -2.800100 0.916321 71.032749 0.436022 -0.795674 0.420461 0 0
    6 -1.513175 0.351275 72.078499 0.816029 -0.474180 0.330530 0 0
    6 -2.141951 1.960364 71.032749 0.520798 -0.554630 0.648965 0 0
  phy
    6 -2.141951 1.960364 71.032749 0.520798 -0.554630 0.648965 0 0
    6 -1.513175 0.351275 72.078499 0.816029 -0.474180 0.330530 0 0
    6 -1.156974 0.916321 72.078502 0.848895 -0.299827 0.435293 0 0
  phy
    6 -2.141951 1.960364 71.032749 0.520798 -0.554630 0.648965 0 0
    6 -2.332598 2.657971 69.467654 0.086551 -0.780432 0.619222 0 0
    6 -2.800100 0.916321 71.032749 0.436022 -0.795674 0.420461 0 0
  phy
    6 -2.141951 1.960364 71.032749 0.520798 -0.554630 0.648965 0 0
    6 -1.156974 0.916321 72.078502 0.848895 -0.299827 0.435293 0 0
    6 -0.623906 1.293865 72.078502 0.778996 -0.198455 0.594795 0 0
  phy
    6 -0.623906 1.293865 72.078502 0.778996 -0.198455 0.594795 0 0
    6 -1.156976 2.657971 71.032748 0.504330 -0.280323 0.816744 0 0
    6 -2.141951 1.960364 71.032749 0.520798 -0.554630 0.648965 0 0
  phy
    6 -1.156974 0.916321 72.078502 0.848895 -0.299827 0.435293 0 0
    6 0.004896 -0.315219 72.445727 0.985109 0.000000 0.171929 0 0
    6 -0.623906 1.293865 72.078502 0.778996 -0.198455 0.594795 0 0
  phy
    6 -0.623906 1.293865 72.078502 0.778996 -0.198455 0.594795 0 0
    6 0.004896 -0.315219 72.445727 0.985109 0.000000 0.171929 0 0
    6 0.004896 1.426444 72.078500 0.794448 0.039422 0.606051 0 0
  phy
    6 -0.623906 1.293865 72.078502 0.778996 -0.198455 0.594795 0 0
    6 0.004896 1.426444 72.078500 0.794448 0.039422 0.606051 0 0
    6 0.004896 2.902939 71.032749 0.570497 -0.014659 0.821169 0 0
  phy
    6 0.004896 2.902939 71.032749 0.570497 -0.014659 0.821169 0 0
    6 -1.156976 2.657971 71.032748 0.504330 -0.280323 0.816744 0 0
    6 -0.623906 1.293865 72.078502 0.778996 -0.198455 0.594795 0 0
  phy
    6 -2.618060 -3.569059 66.436114 0.065908 -0.948902 -0.308613 0 0
    6 -2.394833 -4.036452 64.669528 -0.088114 -0.880875 -0.465075 0 0
    6 -2.253607 -4.049905 67.949229 0.161558 -0.796422 -0.582762 0 0
  phy
    6 -2.253607 -4.049905 67.949229 0.161558 -0.796422 -0.582762 0 0
    6 -2.394833 -4.036452 64.669528 -0.088114 -0.880875 -0.465075 0 0
    6 -0.881278 -5.882106 66.284938 0.138527 -0.605699 -0.783543 0 0
  phy
    6 -2.283779 -3.664714 69.964344 0.252735 -0.814599 -0.522066 0 0
    6 -2.618060 -3.569059 66.436114 0.065908 -0.948902 -0.308613 0 0
    6 -2.253607 -4.049905 67.949229 0.161558 -0.796422 -0.582762 0 0
  phy
    6 -2.253607 -4.049905 67.949229 0.161558 -0.796422 -0.582762 0 0
    6 -0.881278 -5.882106 66.284938 0.138527 -0.605699 -0.783543 0 0
    6 -2.283779 -3.664714 69.964344 0.252735 -0.814599 -0.522066 0 0
  phy
    6 2.391209 -3.664712 69.964343 0.372757 0.733702 -0.568096 0 0
    6 2.179146 -3.090098 71.373203 0.761415 0.515811 -0.392667 0 0
    6 1.318756 -4.576183 69.964343 0.505026 0.399003 -0.765340 0 0
  phy
    6 2.391209 -3.664712 69.964343 0.372757 0.733702 -0.568096 0 0
    6 1.318756 -4.576183 69.964343 0.505026 0.399003 -0.765340 0 0
    6 1.551491 -5.882108 66.284938 0.220201 0.596042 -0.772170 0 0
  phy
    6 2.611947 -4.049905 67.949229 0.037696 0.950008 -0.309943 0 0
    6 2.391209 -3.664712 69.964343 0.372757 0.733702 -0.568096 0 0
    6 1.551491 -5.882108 66.284938 0.220201 0.596042 -0.772170 0 0
  phy
    6 2.179146 -3.090098 71.373203 0.761415 0.515811 -0.392667 0 0
    6 2.391209 -3.664712 69.964343 0.372757 0.733702 -0.568096 0 0
    6 2.837278 -2.046055 71.373203 0.473610 0.868501 -0.146287 0 0
  phy
    6 2.391209 -3.664712 69.964343 0.372757 0.733702 -0.568096 0 0
    6 2.611947 -4.049905 67.949229 0.037696 0.950008 -0.309943 0 0
    6 2.837278 -2.046055 71.373203 0.473610 0.868501 -0.146287 0 0
  phy
    6 1.194156 -3.787709 71.373203 0.858052 0.240569 -0.453732 0 0
    6 1.166773 -1.546737 72.078502 0.968932 0.239802 -0.060551 0 0
    6 0.633684 -1.924295 72.078501 0.988370 0.098890 -0.115525 0 0
  phy
    6 2.179146 -3.090098 71.373203 0.761415 0.515811 -0.392667 0 0
    6 1.166773 -1.546737 72.078502 0.968932 0.239802 -0.060551 0 0
    6 1.194156 -3.787709 71.373203 0.858052 0.240569 -0.453732 0 0
  phy
    6 0.633684 -1.924295 72.078501 0.988370 0.098890 -0.115525 0 0
    6 0.032291 -4.032678 71.373210 0.922807 0.000001 -0.385263 0 0
    6 1.194156 -3.787709 71.373203 0.858052 0.240569 -0.453732 0 0
  phy
    6 1.194156 -3.787709 71.373203 0.858052 0.240569 -0.453732 0 0
    6 0.053715 -4.896247 69.964343 0.565512 0.000002 -0.824740 0 0
    6 1.318756 -4.576183 69.964343 0.505026 0.399003 -0.765340 0 0
  phy
    6 0.053715 -4.896247 69.964343 0.565512 0.000002 -0.824740 0 0
    6 1.194156 -3.787709 71.373203 0.858052 0.240569 -0.453732 0 0
    6 0.032291 -4.032678 71.373210 0.922807 0.000001 -0.385263 0 0
  phy
    6 2.179146 -3.090098 71.373203 0.761415 0.515811 -0.392667 0 0
    6 1.194156 -3.787709 71.373203 0.858052 0.240569 -0.453732 0 0
    6 1.318756 -4.576183 69.964343 0.505026 0.399003 -0.765340 0 0
  phy
    6 0.935873 -2.295791 61.543345 -0.860171 0.509837 0.013115 0 0
    6 0.004896 0.956558 62.559989 -0.970078 -0.000001 0.242792 0 0
    6 0.508734 0.823984 62.559988 -0.890565 0.389263 0.235306 0 0
  phy
    6 0.004896 0.956558 62.559989 -0.970078 -0.000001 0.242792 0 0
    6 0.935873 -2.295791 61.543345 -0.860171 0.509837 0.013115 0 0
    6 -0.926097 -2.295791 61.543345 -0.851899 -0.522940 -0.028324 0 0
  phy
    6 0.508734 0.823984 62.559988 -0.890565 0.389263 0.235306 0 0
    6 0.004896 0.956558 62.559989 -0.970078 -0.000001 0.242792 0 0
    6 0.935873 2.188093 63.605746 -0.691225 0.376803 0.616626 0 0
  phy
    6 0.935873 2.188093 63.605746 -0.691225 0.376803 0.616626 0 0
    6 0.004896 0.956558 62.559989 -0.970078 -0.000001 0.242792 0 0
    6 0.004896 2.433059 63.605746 -0.775982 -0.000002 0.630755 0 0
  phy
    6 0.004896 0.956558 62.559989 -0.970078 -0.000001 0.242792 0 0
    6 -0.926097 2.188093 63.605746 -0.652209 -0.407919 0.638925 0 0
    6 0.004896 2.433059 63.605746 -0.775982 -0.000002 0.630755 0 0
  phy
    6 0.935873 -2.295791 61.543345 -0.860171 0.509837 0.013115 0 0
    6 0.508734 0.823984 62.559988 -0.890565 0.389263 0.235306 0 0
    6 1.725130 1.490484 63.605746 -0.760449 0.586671 0.278450 0 0
  phy
    6 2.252484 0.446442 63.605746 -0.576932 0.795666 0.184566 0 0
    6 0.935873 -2.295791 61.543345 -0.860171 0.509837 0.013115 0 0
    6 1.725130 1.490484 63.605746 -0.760449 0.586671 0.278450 0 0
  phy
    6 0.935873 -2.295791 61.543345 -0.860171 0.509837 0.013115 0 0
    6 0.004896 -2.805910 61.543345 -0.934817 0.000001 -0.355129 0 0
    6 -0.926097 -2.295791 61.543345 -0.851899 -0.522940 -0.028324 0 0
  phy
    6 0.935873 -2.295791 61.543345 -0.860171 0.509837 0.013115 0 0
    6 2.437673 -0.785094 63.605750 -0.555230 0.831211 -0.028426 0 0
    6 2.356321 -3.047205 63.335101 -0.224586 0.940440 -0.255213 0 0
  phy
    6 0.935873 -2.295791 61.543345 -0.860171 0.509837 0.013115 0 0
    6 2.356321 -3.047205 63.335101 -0.224586 0.940440 -0.255213 0 0
    6 1.248417 -4.909485 62.070315 -0.359118 0.673776 -0.645803 0 0
  phy
    6 0.004896 -2.805910 61.543345 -0.934817 0.000001 -0.355129 0 0
    6 0.935873 -2.295791 61.543345 -0.860171 0.509837 0.013115 0 0
    6 1.248417 -4.909485 62.070315 -0.359118 0.673776 -0.645803 0 0
  phy
    6 2.437673 -0.785094 63.605750 -0.555230 0.831211 -0.028426 0 0
    6 0.935873 -2.295791 61.543345 -0.860171 0.509837 0.013115 0 0
    6 2.252484 0.446442 63.605746 -0.576932 0.795666 0.184566 0 0
  phy
    6 3.058984 1.293860 69.467655 0.015374 0.952825 0.303131 0 0
    6 2.342390 2.657971 69.467654 0.087065 0.780349 0.619254 0 0
    6 2.809883 0.916317 71.032748 0.436025 0.795673 0.420460 0 0
  phy
    6 2.809883 0.916317 71.032748 0.436025 0.795673 0.420460 0 0
    6 2.342390 2.657971 69.467654 0.087065 0.780349 0.619254 0 0
    6 2.151751 1.960364 71.032748 0.520800 0.554624 0.648968 0 0
  phy
    6 1.269937 3.569437 69.467654 0.013618 0.458638 0.888519 0 0
    6 2.151751 1.960364 71.032748 0.520800 0.554624 0.648968 0 0
    6 2.342390 2.657971 69.467654 0.087065 0.780349 0.619254 0 0
  phy
    6 2.342390 2.657971 69.467654 0.087065 0.780349 0.619254 0 0
    6 3.058984 1.293860 69.467655 0.015374 0.952825 0.303131 0 0
    6 2.467181 2.758193 67.016986 -0.223209 0.826433 0.516901 0 0
  phy
    6 2.342390 2.657971 69.467654 0.087065 0.780349 0.619254 0 0
    6 2.467181 2.758193 67.016986 -0.223209 0.826433 0.516901 0 0
    6 1.269937 3.569437 69.467654 0.013618 0.458638 0.888519 0 0
  phy
    6 -1.156976 -1.546752 72.078503 0.966143 -0.254696 -0.041189 0 0
    6 0.004896 -0.315219 72.445727 0.985109 0.000000 0.171929 0 0
    6 -1.513159 -0.981719 72.078502 0.954333 -0.294581 0.049704 0 0
  phy
    6 -1.513159 -0.981719 72.078502 0.954333 -0.294581 0.049704 0 0
    6 -2.772705 -2.046053 71.373203 0.530600 -0.837622 -0.129816 0 0
    6 -1.156976 -1.546752 72.078503 0.966143 -0.254696 -0.041189 0 0
  phy
    6 -2.800100 0.916321 71.032749 0.436022 -0.795674 0.420461 0 0
    6 -2.332598 2.657971 69.467654 0.086551 -0.780432 0.619222 0 0
    6 -3.049192 1.293860 69.467654 0.014891 -0.952754 0.303376 0 0
  phy
    6 -1.513175 0.351275 72.078499 0.816029 -0.474180 0.330530 0 0
    6 0.004896 -0.315219 72.445727 0.985109 0.000000 0.171929 0 0
    6 -1.156974 0.916321 72.078502 0.848895 -0.299827 0.435293 0 0
  phy
    6 0.633680 1.293861 72.078502 0.800799 0.222598 0.556031 0 0
    6 0.004896 -0.315219 72.445727 0.985109 0.000000 0.171929 0 0
    6 1.166755 0.916320 72.078502 0.848896 0.299822 0.435296 0 0
  phy
    6 0.004896 1.426444 72.078500 0.794448 0.039422 0.606051 0 0
    6 0.004896 -0.315219 72.445727 0.985109 0.000000 0.171929 0 0
    6 0.633680 1.293861 72.078502 0.800799 0.222598 0.556031 0 0
  phy
    6 1.166752 2.657971 71.032749 0.525181 0.265618 0.808475 0 0
    6 0.004896 1.426444 72.078500 0.794448 0.039422 0.606051 0 0
    6 0.633680 1.293861 72.078502 0.800799 0.222598 0.556031 0 0
  phy
    6 1.166755 0.916320 72.078502 0.848896 0.299822 0.435296 0 0
    6 2.151751 1.960364 71.032748 0.520800 0.554624 0.648968 0 0
    6 0.633680 1.293861 72.078502 0.800799 0.222598 0.556031 0 0
  phy
    6 0.633680 1.293861 72.078502 0.800799 0.222598 0.556031 0 0
    6 2.151751 1.960364 71.032748 0.520800 0.554624 0.648968 0 0
    6 1.166752 2.657971 71.032749 0.525181 0.265618 0.808475 0 0
  phy
    6 0.633684 -1.924295 72.078501 0.988370 0.098890 -0.115525 0 0
    6 0.004896 -2.056873 72.078502 0.994164 0.000002 -0.107883 0 0
    6 0.032291 -4.032678 71.373210 0.922807 0.000001 -0.385263 0 0
  phy
    6 1.166773 -1.546737 72.078502 0.968932 0.239802 -0.060551 0 0
    6 0.004896 -0.315219 72.445727 0.985109 0.000000 0.171929 0 0
    6 0.633684 -1.924295 72.078501 0.988370 0.098890 -0.115525 0 0
  phy
    6 0.633684 -1.924295 72.078501 0.988370 0.098890 -0.115525 0 0
    6 0.004896 -0.315219 72.445727 0.985109 0.000000 0.171929 0 0
    6 0.004896 -2.056873 72.078502 0.994164 0.000002 -0.107883 0 0
  phy
    6 0.053715 -4.896247 69.964343 0.565512 0.000002 -0.824740 0 0
    6 -1.129581 -3.787709 71.373203 0.832286 -0.244747 -0.497392 0 0
    6 -1.211326 -4.576183 69.964344 0.467765 -0.405346 -0.785424 0 0
  phy
    6 -1.129581 -3.787709 71.373203 0.832286 -0.244747 -0.497392 0 0
    6 0.053715 -4.896247 69.964343 0.565512 0.000002 -0.824740 0 0
    6 0.032291 -4.032678 71.373210 0.922807 0.000001 -0.385263 0 0
  phy
    6 1.318756 -4.576183 69.964343 0.505026 0.399003 -0.765340 0 0
    6 0.053715 -4.896247 69.964343 0.565512 0.000002 -0.824740 0 0
    6 0.335110 -6.202173 66.284938 0.224444 0.000002 -0.974487 0 0
  phy
    6 0.053715 -4.896247 69.964343 0.565512 0.000002 -0.824740 0 0
    6 -1.211326 -4.576183 69.964344 0.467765 -0.405346 -0.785424 0 0
    6 0.335110 -6.202173 66.284938 0.224444 0.000002 -0.974487 0 0
  phy
    6 -1.129581 -3.787709 71.373203 0.832286 -0.244747 -0.497392 0 0
    6 0.032291 -4.032678 71.373210 0.922807 0.000001 -0.385263 0 0
    6 -0.623921 -1.924299 72.078502 0.984586 -0.126542 -0.120733 0 0
  phy
    6 -0.623921 -1.924299 72.078502 0.984586 -0.126542 -0.120733 0 0
    6 -2.114569 -3.090088 71.373205 0.785831 -0.492078 -0.374605 0 0
    6 -1.129581 -3.787709 71.373203 0.832286 -0.244747 -0.497392 0 0
  phy
    6 -1.211326 -4.576183 69.964344 0.467765 -0.405346 -0.785424 0 0
    6 -1.129581 -3.787709 71.373203 0.832286 -0.244747 -0.497392 0 0
    6 -2.114569 -3.090088 71.373205 0.785831 -0.492078 -0.374605 0 0
  phy
    6 -3.435571 -0.315218 67.016986 -0.047147 -0.998615 -0.023363 0 0
    6 -3.049192 1.293860 69.467654 0.014891 -0.952754 0.303376 0 0
    6 -2.454171 2.758191 67.016986 -0.245836 -0.809752 0.532791 0 0
  phy
    6 -2.454171 2.758191 67.016986 -0.245836 -0.809752 0.532791 0 0
    6 -3.173686 -0.315218 65.170832 -0.289281 -0.955700 0.054355 0 0
    6 -3.435571 -0.315218 67.016986 -0.047147 -0.998615 -0.023363 0 0
  phy
    6 -3.435571 -0.315218 67.016986 -0.047147 -0.998615 -0.023363 0 0
    6 -3.300823 -0.315218 69.467654 0.110006 -0.993915 -0.005652 0 0
    6 -3.049192 1.293860 69.467654 0.014891 -0.952754 0.303376 0 0
  phy
    6 -3.435571 -0.315218 67.016986 -0.047147 -0.998615 -0.023363 0 0
    6 -2.394833 -4.036452 64.669528 -0.088114 -0.880875 -0.465075 0 0
    6 -2.618060 -3.569059 66.436114 0.065908 -0.948902 -0.308613 0 0
  phy
    6 -3.173686 -0.315218 65.170832 -0.289281 -0.955700 0.054355 0 0
    6 -2.394833 -4.036452 64.669528 -0.088114 -0.880875 -0.465075 0 0
    6 -3.435571 -0.315218 67.016986 -0.047147 -0.998615 -0.023363 0 0
  phy
    6 -3.049192 -1.924297 69.467654 0.101942 -0.960418 -0.259241 0 0
    6 -3.300823 -0.315218 69.467654 0.110006 -0.993915 -0.005652 0 0
    6 -3.435571 -0.315218 67.016986 -0.047147 -0.998615 -0.023363 0 0
  phy
    6 -2.618060 -3.569059 66.436114 0.065908 -0.948902 -0.308613 0 0
    6 -3.049192 -1.924297 69.467654 0.101942 -0.960418 -0.259241 0 0
    6 -3.435571 -0.315218 67.016986 -0.047147 -0.998615 -0.023363 0 0
  phy
    6 -2.283779 -3.664714 69.964344 0.252735 -0.814599 -0.522066 0 0
    6 -3.049192 -1.924297 69.467654 0.101942 -0.960418 -0.259241 0 0
    6 -2.618060 -3.569059 66.436114 0.065908 -0.948902 -0.308613 0 0
  phy
    6 -2.283779 -3.664714 69.964344 0.252735 -0.814599 -0.522066 0 0
    6 -2.772705 -2.046053 71.373203 0.530600 -0.837622 -0.129816 0 0
    6 -3.049192 -1.924297 69.467654 0.101942 -0.960418 -0.259241 0 0
  phy
    6 -2.283779 -3.664714 69.964344 0.252735 -0.814599 -0.522066 0 0
    6 -2.114569 -3.090088 71.373205 0.785831 -0.492078 -0.374605 0 0
    6 -2.772705 -2.046053 71.373203 0.530600 -0.837622 -0.129816 0 0
  phy
    6 -1.211326 -4.576183 69.964344 0.467765 -0.405346 -0.785424 0 0
    6 -2.283779 -3.664714 69.964344 0.252735 -0.814599 -0.522066 0 0
    6 -0.881278 -5.882106 66.284938 0.138527 -0.605699 -0.783543 0 0
  phy
    6 -2.283779 -3.664714 69.964344 0.252735 -0.814599 -0.522066 0 0
    6 -1.211326 -4.576183 69.964344 0.467765 -0.405346 -0.785424 0 0
    6 -2.114569 -3.090088 71.373205 0.785831 -0.492078 -0.374605 0 0
  phy
    6 -2.454171 2.758191 67.016986 -0.245836 -0.809752 0.532791 0 0
    6 -0.858949 2.944208 65.170832 -0.499664 -0.426838 0.753754 0 0
    6 -0.926097 2.188093 63.605746 -0.652209 -0.407919 0.638925 0 0
  phy
    6 -0.926097 2.188093 63.605746 -0.652209 -0.407919 0.638925 0 0
    6 -2.060996 2.142688 65.170832 -0.425998 -0.802714 0.417345 0 0
    6 -2.454171 2.758191 67.016986 -0.245836 -0.809752 0.532791 0 0
  phy
    6 -2.454171 2.758191 67.016986 -0.245836 -0.809752 0.532791 0 0
    6 -1.260152 3.569439 69.467654 0.013227 -0.458675 0.888506 0 0
    6 -1.033898 3.625749 67.016986 -0.343441 -0.406741 0.846528 0 0
  phy
    6 -2.454171 2.758191 67.016986 -0.245836 -0.809752 0.532791 0 0
    6 -2.332598 2.657971 69.467654 0.086551 -0.780432 0.619222 0 0
    6 -1.260152 3.569439 69.467654 0.013227 -0.458675 0.888506 0 0
  phy
    6 -1.033898 3.625749 67.016986 -0.343441 -0.406741 0.846528 0 0
    6 -0.858949 2.944208 65.170832 -0.499664 -0.426838 0.753754 0 0
    6 -2.454171 2.758191 67.016986 -0.245836 -0.809752 0.532791 0 0
  phy
    6 -3.049192 1.293860 69.467654 0.014891 -0.952754 0.303376 0 0
    6 -2.332598 2.657971 69.467654 0.086551 -0.780432 0.619222 0 0
    6 -2.454171 2.758191 67.016986 -0.245836 -0.809752 0.532791 0 0
  phy
    6 -2.454171 2.758191 67.016986 -0.245836 -0.809752 0.532791 0 0
    6 -2.060996 2.142688 65.170832 -0.425998 -0.802714 0.417345 0 0
    6 -3.173686 -0.315218 65.170832 -0.289281 -0.955700 0.054355 0 0
  phy
    6 2.179146 -3.090098 71.373203 0.761415 0.515811 -0.392667 0 0
    6 2.837278 -2.046055 71.373203 0.473610 0.868501 -0.146287 0 0
    6 1.166773 -1.546737 72.078502 0.968932 0.239802 -0.060551 0 0
  phy
    6 -1.156976 -1.546752 72.078503 0.966143 -0.254696 -0.041189 0 0
    6 -2.114569 -3.090088 71.373205 0.785831 -0.492078 -0.374605 0 0
    6 -0.623921 -1.924299 72.078502 0.984586 -0.126542 -0.120733 0 0
  phy
    6 0.032291 -4.032678 71.373210 0.922807 0.000001 -0.385263 0 0
    6 0.004896 -2.056873 72.078502 0.994164 0.000002 -0.107883 0 0
    6 -0.623921 -1.924299 72.078502 0.984586 -0.126542 -0.120733 0 0
  phy
    6 -0.623921 -1.924299 72.078502 0.984586 -0.126542 -0.120733 0 0
    6 0.004896 -0.315219 72.445727 0.985109 0.000000 0.171929 0 0
    6 -1.156976 -1.546752 72.078503 0.966143 -0.254696 -0.041189 0 0
  phy
    6 0.004896 -2.056873 72.078502 0.994164 0.000002 -0.107883 0 0
    6 0.004896 -0.315219 72.445727 0.985109 0.000000 0.171929 0 0
    6 -0.623921 -1.924299 72.078502 0.984586 -0.126542 -0.120733 0 0
  phy
    6 0.021592 3.225664 65.170832 -0.549715 -0.000002 0.835353 0 0
    6 -0.858949 2.944208 65.170832 -0.499664 -0.426838 0.753754 0 0
    6 -1.033898 3.625749 67.016986 -0.343441 -0.406741 0.846528 0 0
  phy
    6 -1.033898 3.625749 67.016986 -0.343441 -0.406741 0.846528 0 0
    6 0.006502 3.930395 67.016986 -0.260801 -0.000003 0.965393 0 0
    6 0.021592 3.225664 65.170832 -0.549715 -0.000002 0.835353 0 0
  phy
    6 -1.260152 3.569439 69.467654 0.013227 -0.458675 0.888506 0 0
    6 0.006502 3.930395 67.016986 -0.260801 -0.000003 0.965393 0 0
    6 -1.033898 3.625749 67.016986 -0.343441 -0.406741 0.846528 0 0
  phy
    6 0.021592 3.225664 65.170832 -0.549715 -0.000002 0.835353 0 0
    6 1.046889 3.625751 67.016986 -0.340232 0.407007 0.847696 0 0
    6 0.902128 2.944208 65.170832 -0.497548 0.445732 0.744157 0 0
  phy
    6 0.902128 2.944208 65.170832 -0.497548 0.445732 0.744157 0 0
    6 0.935873 2.188093 63.605746 -0.691225 0.376803 0.616626 0 0
    6 0.021592 3.225664 65.170832 -0.549715 -0.000002 0.835353 0 0
  phy
    6 2.104186 2.142690 65.170832 -0.443022 0.761873 0.472527 0 0
    6 0.935873 2.188093 63.605746 -0.691225 0.376803 0.616626 0 0
    6 0.902128 2.944208 65.170832 -0.497548 0.445732 0.744157 0 0
  phy
    6 0.902128 2.944208 65.170832 -0.497548 0.445732 0.744157 0 0
    6 2.467181 2.758193 67.016986 -0.223209 0.826433 0.516901 0 0
    6 2.104186 2.142690 65.170832 -0.443022 0.761873 0.472527 0 0
  phy
    6 1.046889 3.625751 67.016986 -0.340232 0.407007 0.847696 0 0
    6 2.467181 2.758193 67.016986 -0.223209 0.826433 0.516901 0 0
    6 0.902128 2.944208 65.170832 -0.497548 0.445732 0.744157 0 0
  phy
    6 1.166752 2.657971 71.032749 0.525181 0.265618 0.808475 0 0
    6 0.004896 3.889502 69.467654 0.159270 -0.000002 0.987235 0 0
    6 0.004896 2.902939 71.032749 0.570497 -0.014659 0.821169 0 0
  phy
    6 0.004896 3.889502 69.467654 0.159270 -0.000002 0.987235 0 0
    6 -1.156976 2.657971 71.032748 0.504330 -0.280323 0.816744 0 0
    6 0.004896 2.902939 71.032749 0.570497 -0.014659 0.821169 0 0
  phy
    6 0.004896 2.902939 71.032749 0.570497 -0.014659 0.821169 0 0
    6 0.004896 1.426444 72.078500 0.794448 0.039422 0.606051 0 0
    6 1.166752 2.657971 71.032749 0.525181 0.265618 0.808475 0 0
  phy
    6 -1.715331 1.490513 63.605746 -0.758557 -0.588390 0.279978 0 0
    6 -2.060996 2.142688 65.170832 -0.425998 -0.802714 0.417345 0 0
    6 -0.926097 2.188093 63.605746 -0.652209 -0.407919 0.638925 0 0
  phy
    6 -0.926097 2.188093 63.605746 -0.652209 -0.407919 0.638925 0 0
    6 -0.858949 2.944208 65.170832 -0.499664 -0.426838 0.753754 0 0
    6 0.021592 3.225664 65.170832 -0.549715 -0.000002 0.835353 0 0
  phy
    6 0.021592 3.225664 65.170832 -0.549715 -0.000002 0.835353 0 0
    6 0.004896 2.433059 63.605746 -0.775982 -0.000002 0.630755 0 0
    6 -0.926097 2.188093 63.605746 -0.652209 -0.407919 0.638925 0 0
  phy
    6 0.508734 0.823984 62.559988 -0.890565 0.389263 0.235306 0 0
    6 0.935873 2.188093 63.605746 -0.691225 0.376803 0.616626 0 0
    6 1.725130 1.490484 63.605746 -0.760449 0.586671 0.278450 0 0
  phy
    6 2.252484 0.446442 63.605746 -0.576932 0.795666 0.184566 0 0
    6 2.104186 2.142690 65.170832 -0.443022 0.761873 0.472527 0 0
    6 3.183470 -0.315218 65.170832 -0.305305 0.942658 0.134852 0 0
  phy
    6 3.183470 -0.315218 65.170832 -0.305305 0.942658 0.134852 0 0
    6 2.104186 2.142690 65.170832 -0.443022 0.761873 0.472527 0 0
    6 2.467181 2.758193 67.016986 -0.223209 0.826433 0.516901 0 0
  phy
    6 2.104186 2.142690 65.170832 -0.443022 0.761873 0.472527 0 0
    6 2.252484 0.446442 63.605746 -0.576932 0.795666 0.184566 0 0
    6 1.725130 1.490484 63.605746 -0.760449 0.586671 0.278450 0 0
  phy
    6 0.935873 2.188093 63.605746 -0.691225 0.376803 0.616626 0 0
    6 2.104186 2.142690 65.170832 -0.443022 0.761873 0.472527 0 0
    6 1.725130 1.490484 63.605746 -0.760449 0.586671 0.278450 0 0
  phy
    6 0.021592 3.225664 65.170832 -0.549715 -0.000002 0.835353 0 0
    6 0.006502 3.930395 67.016986 -0.260801 -0.000003 0.965393 0 0
    6 1.046889 3.625751 67.016986 -0.340232 0.407007 0.847696 0 0
  phy
    6 0.935873 2.188093 63.605746 -0.691225 0.376803 0.616626 0 0
    6 0.004896 2.433059 63.605746 -0.775982 -0.000002 0.630755 0 0
    6 0.021592 3.225664 65.170832 -0.549715 -0.000002 0.835353 0 0
  phy
    6 -2.427880 -0.785095 63.605746 -0.527820 -0.845973 -0.075732 0 0
    6 -0.926097 -2.295791 61.543345 -0.851899 -0.522940 -0.028324 0 0
    6 -2.138857 -3.047204 63.335101 -0.437310 -0.863041 -0.252823 0 0
  phy
    6 -2.242693 0.446439 63.605746 -0.574277 -0.796582 0.188847 0 0
    6 -0.926097 -2.295791 61.543345 -0.851899 -0.522940 -0.028324 0 0
    6 -2.427880 -0.785095 63.605746 -0.527820 -0.845973 -0.075732 0 0
  phy
    6 -2.427880 -0.785095 63.605746 -0.527820 -0.845973 -0.075732 0 0
    6 -2.138857 -3.047204 63.335101 -0.437310 -0.863041 -0.252823 0 0
    6 -3.173686 -0.315218 65.170832 -0.289281 -0.955700 0.054355 0 0
  phy
    6 -3.173686 -0.315218 65.170832 -0.289281 -0.955700 0.054355 0 0
    6 -2.242693 0.446439 63.605746 -0.574277 -0.796582 0.188847 0 0
    6 -2.427880 -0.785095 63.605746 -0.527820 -0.845973 -0.075732 0 0
  phy
    6 2.077430 -4.970638 66.284938 -0.075977 0.899791 -0.429655 0 0
    6 1.551491 -5.882108 66.284938 0.220201 0.596042 -0.772170 0 0
    6 1.248417 -4.909485 62.070315 -0.359118 0.673776 -0.645803 0 0
  phy
    6 2.356321 -3.047205 63.335101 -0.224586 0.940440 -0.255213 0 0
    6 2.077430 -4.970638 66.284938 -0.075977 0.899791 -0.429655 0 0
    6 1.248417 -4.909485 62.070315 -0.359118 0.673776 -0.645803 0 0
  phy
    6 2.077430 -4.970638 66.284938 -0.075977 0.899791 -0.429655 0 0
    6 2.611947 -4.049905 67.949229 0.037696 0.950008 -0.309943 0 0
    6 1.551491 -5.882108 66.284938 0.220201 0.596042 -0.772170 0 0
  phy
    6 2.611947 -4.049905 67.949229 0.037696 0.950008 -0.309943 0 0
    6 2.077430 -4.970638 66.284938 -0.075977 0.899791 -0.429655 0 0
    6 2.356321 -3.047205 63.335101 -0.224586 0.940440 -0.255213 0 0
  phy
    6 3.058984 -1.924296 69.467654 0.089352 0.977194 -0.192634 0 0
    6 2.611947 -4.049905 67.949229 0.037696 0.950008 -0.309943 0 0
    6 3.445356 -0.315218 67.016986 -0.053049 0.996668 -0.061962 0 0
  phy
    6 3.310616 -0.315216 69.467654 0.103840 0.994593 -0.001388 0 0
    6 3.058984 -1.924296 69.467654 0.089352 0.977194 -0.192634 0 0
    6 3.445356 -0.315218 67.016986 -0.053049 0.996668 -0.061962 0 0
  phy
    6 2.611947 -4.049905 67.949229 0.037696 0.950008 -0.309943 0 0
    6 3.058984 -1.924296 69.467654 0.089352 0.977194 -0.192634 0 0
    6 2.837278 -2.046055 71.373203 0.473610 0.868501 -0.146287 0 0
  phy
    6 3.058984 -1.924296 69.467654 0.089352 0.977194 -0.192634 0 0
    6 3.310616 -0.315216 69.467654 0.103840 0.994593 -0.001388 0 0
    6 2.837278 -2.046055 71.373203 0.473610 0.868501 -0.146287 0 0
  phy
    6 2.437673 -0.785094 63.605750 -0.555230 0.831211 -0.028426 0 0
    6 2.252484 0.446442 63.605746 -0.576932 0.795666 0.184566 0 0
    6 3.183470 -0.315218 65.170832 -0.305305 0.942658 0.134852 0 0
  phy
    6 2.356321 -3.047205 63.335101 -0.224586 0.940440 -0.255213 0 0
    6 2.437673 -0.785094 63.605750 -0.555230 0.831211 -0.028426 0 0
    6 3.183470 -0.315218 65.170832 -0.305305 0.942658 0.134852 0 0
  phy
    6 3.058984 1.293860 69.467655 0.015374 0.952825 0.303131 0 0
    6 3.040998 -0.315218 71.032749 0.476382 0.861451 0.175959 0 0
    6 3.310616 -0.315216 69.467654 0.103840 0.994593 -0.001388 0 0
  phy
    6 3.040998 -0.315218 71.032749 0.476382 0.861451 0.175959 0 0
    6 3.058984 1.293860 69.467655 0.015374 0.952825 0.303131 0 0
    6 2.809883 0.916317 71.032748 0.436025 0.795673 0.420460 0 0
  phy
    6 3.058984 1.293860 69.467655 0.015374 0.952825 0.303131 0 0
    6 3.310616 -0.315216 69.467654 0.103840 0.994593 -0.001388 0 0
    6 3.445356 -0.315218 67.016986 -0.053049 0.996668 -0.061962 0 0
  phy
    6 2.467181 2.758193 67.016986 -0.223209 0.826433 0.516901 0 0
    6 3.058984 1.293860 69.467655 0.015374 0.952825 0.303131 0 0
    6 3.445356 -0.315218 67.016986 -0.053049 0.996668 -0.061962 0 0
  phy
    6 1.166755 0.916320 72.078502 0.848896 0.299822 0.435296 0 0
    6 0.004896 -0.315219 72.445727 0.985109 0.000000 0.171929 0 0
    6 1.522943 0.351282 72.078502 0.816034 0.474178 0.330520 0 0
  phy
    6 1.522943 0.351282 72.078502 0.816034 0.474178 0.330520 0 0
    6 2.151751 1.960364 71.032748 0.520800 0.554624 0.648968 0 0
    6 1.166755 0.916320 72.078502 0.848896 0.299822 0.435296 0 0
  phy
    6 1.166773 -1.546737 72.078502 0.968932 0.239802 -0.060551 0 0
    6 2.837278 -2.046055 71.373203 0.473610 0.868501 -0.146287 0 0
    6 1.522943 -0.981719 72.078502 0.955505 0.290433 0.051558 0 0
  phy
    6 1.522943 -0.981719 72.078502 0.955505 0.290433 0.051558 0 0
    6 0.004896 -0.315219 72.445727 0.985109 0.000000 0.171929 0 0
    6 1.166773 -1.546737 72.078502 0.968932 0.239802 -0.060551 0 0
  phy
    6 1.648003 -0.315218 72.078502 0.862576 0.468007 0.192178 0 0
    6 0.004896 -0.315219 72.445727 0.985109 0.000000 0.171929 0 0
    6 1.522943 -0.981719 72.078502 0.955505 0.290433 0.051558 0 0
  phy
    6 1.522943 0.351282 72.078502 0.816034 0.474178 0.330520 0 0
    6 0.004896 -0.315219 72.445727 0.985109 0.000000 0.171929 0 0
    6 1.648003 -0.315218 72.078502 0.862576 0.468007 0.192178 0 0
  phy
    6 3.040998 -0.315218 71.032749 0.476382 0.861451 0.175959 0 0
    6 1.522943 0.351282 72.078502 0.816034 0.474178 0.330520 0 0
    6 1.648003 -0.315218 72.078502 0.862576 0.468007 0.192178 0 0
  phy
    6 1.648003 -0.315218 72.078502 0.862576 0.468007 0.192178 0 0
    6 2.837278 -2.046055 71.373203 0.473610 0.868501 -0.146287 0 0
    6 3.040998 -0.315218 71.032749 0.476382 0.861451 0.175959 0 0
  phy
    6 1.522943 -0.981719 72.078502 0.955505 0.290433 0.051558 0 0
    6 2.837278 -2.046055 71.373203 0.473610 0.868501 -0.146287 0 0
    6 1.648003 -0.315218 72.078502 0.862576 0.468007 0.192178 0 0
  phy
    6 -1.211326 -4.576183 69.964344 0.467765 -0.405346 -0.785424 0 0
    6 -0.881278 -5.882106 66.284938 0.138527 -0.605699 -0.783543 0 0
    6 0.335110 -6.202173 66.284938 0.224444 0.000002 -0.974487 0 0
  phy
    6 -2.772705 -2.046053 71.373203 0.530600 -0.837622 -0.129816 0 0
    6 -3.300823 -0.315218 69.467654 0.110006 -0.993915 -0.005652 0 0
    6 -3.049192 -1.924297 69.467654 0.101942 -0.960418 -0.259241 0 0
  phy
    6 1.551491 -5.882108 66.284938 0.220201 0.596042 -0.772170 0 0
    6 1.318756 -4.576183 69.964343 0.505026 0.399003 -0.765340 0 0
    6 0.335110 -6.202173 66.284938 0.224444 0.000002 -0.974487 0 0
  phy
    6 -2.772705 -2.046053 71.373203 0.530600 -0.837622 -0.129816 0 0
    6 -2.114569 -3.090088 71.373205 0.785831 -0.492078 -0.374605 0 0
    6 -1.156976 -1.546752 72.078503 0.966143 -0.254696 -0.041189 0 0
  phy
    6 0.317441 -5.154451 62.070315 -0.433862 0.000003 -0.900979 0 0
    6 -0.613552 -4.909486 62.070315 -0.350761 -0.575046 -0.739113 0 0
    6 0.004896 -2.805910 61.543345 -0.934817 0.000001 -0.355129 0 0
  phy
    6 0.317441 -5.154451 62.070315 -0.433862 0.000003 -0.900979 0 0
    6 0.004896 -2.805910 61.543345 -0.934817 0.000001 -0.355129 0 0
    6 1.248417 -4.909485 62.070315 -0.359118 0.673776 -0.645803 0 0
  phy
    6 -0.613552 -4.909486 62.070315 -0.350761 -0.575046 -0.739113 0 0
    6 0.317441 -5.154451 62.070315 -0.433862 0.000003 -0.900979 0 0
    6 0.335110 -6.202173 66.284938 0.224444 0.000002 -0.974487 0 0
  phy
    6 0.317441 -5.154451 62.070315 -0.433862 0.000003 -0.900979 0 0
    6 1.248417 -4.909485 62.070315 -0.359118 0.673776 -0.645803 0 0
    6 0.335110 -6.202173 66.284938 0.224444 0.000002 -0.974487 0 0
  phy
    6 0.004896 3.889502 69.467654 0.159270 -0.000002 0.987235 0 0
    6 0.006502 3.930395 67.016986 -0.260801 -0.000003 0.965393 0 0
    6 -1.260152 3.569439 69.467654 0.013227 -0.458675 0.888506 0 0
  phy
    6 -1.260152 3.569439 69.467654 0.013227 -0.458675 0.888506 0 0
    6 -1.156976 2.657971 71.032748 0.504330 -0.280323 0.816744 0 0
    6 0.004896 3.889502 69.467654 0.159270 -0.000002 0.987235 0 0
  phy
    6 1.046889 3.625751 67.016986 -0.340232 0.407007 0.847696 0 0
    6 0.006502 3.930395 67.016986 -0.260801 -0.000003 0.965393 0 0
    6 1.269937 3.569437 69.467654 0.013618 0.458638 0.888519 0 0
  phy
    6 1.269937 3.569437 69.467654 0.013618 0.458638 0.888519 0 0
    6 0.006502 3.930395 67.016986 -0.260801 -0.000003 0.965393 0 0
    6 0.004896 3.889502 69.467654 0.159270 -0.000002 0.987235 0 0
  phy
    6 1.269937 3.569437 69.467654 0.013618 0.458638 0.888519 0 0
    6 2.467181 2.758193 67.016986 -0.223209 0.826433 0.516901 0 0
    6 1.046889 3.625751 67.016986 -0.340232 0.407007 0.847696 0 0
  phy
    6 1.269937 3.569437 69.467654 0.013618 0.458638 0.888519 0 0
    6 0.004896 3.889502 69.467654 0.159270 -0.000002 0.987235 0 0
    6 1.166752 2.657971 71.032749 0.525181 0.265618 0.808475 0 0
  phy
    6 1.166752 2.657971 71.032749 0.525181 0.265618 0.808475 0 0
    6 2.151751 1.960364 71.032748 0.520800 0.554624 0.648968 0 0
    6 1.269937 3.569437 69.467654 0.013618 0.458638 0.888519 0 0
  phy
    6 -2.242693 0.446439 63.605746 -0.574277 -0.796582 0.188847 0 0
    6 -1.715331 1.490513 63.605746 -0.758557 -0.588390 0.279978 0 0
    6 -0.926097 -2.295791 61.543345 -0.851899 -0.522940 -0.028324 0 0
  phy
    6 -2.242693 0.446439 63.605746 -0.574277 -0.796582 0.188847 0 0
    6 -2.060996 2.142688 65.170832 -0.425998 -0.802714 0.417345 0 0
    6 -1.715331 1.490513 63.605746 -0.758557 -0.588390 0.279978 0 0
  phy
    6 -2.138857 -3.047204 63.335101 -0.437310 -0.863041 -0.252823 0 0
    6 -2.394833 -4.036452 64.669528 -0.088114 -0.880875 -0.465075 0 0
    6 -3.173686 -0.315218 65.170832 -0.289281 -0.955700 0.054355 0 0
  phy
    6 -3.173686 -0.315218 65.170832 -0.289281 -0.955700 0.054355 0 0
    6 -2.060996 2.142688 65.170832 -0.425998 -0.802714 0.417345 0 0
    6 -2.242693 0.446439 63.605746 -0.574277 -0.796582 0.188847 0 0
  phy
    6 2.611947 -4.049905 67.949229 0.037696 0.950008 -0.309943 0 0
    6 2.356321 -3.047205 63.335101 -0.224586 0.940440 -0.255213 0 0
    6 3.445356 -0.315218 67.016986 -0.053049 0.996668 -0.061962 0 0
  phy
    6 3.310616 -0.315216 69.467654 0.103840 0.994593 -0.001388 0 0
    6 3.040998 -0.315218 71.032749 0.476382 0.861451 0.175959 0 0
    6 2.837278 -2.046055 71.373203 0.473610 0.868501 -0.146287 0 0
  phy
    6 2.809883 0.916317 71.032748 0.436025 0.795673 0.420460 0 0
    6 1.522943 0.351282 72.078502 0.816034 0.474178 0.330520 0 0
    6 3.040998 -0.315218 71.032749 0.476382 0.861451 0.175959 0 0
  phy
    6 -0.613552 -4.909486 62.070315 -0.350761 -0.575046 -0.739113 0 0
    6 -0.881278 -5.882106 66.284938 0.138527 -0.605699 -0.783543 0 0
    6 -2.394833 -4.036452 64.669528 -0.088114 -0.880875 -0.465075 0 0
  phy
    6 -0.881278 -5.882106 66.284938 0.138527 -0.605699 -0.783543 0 0
    6 -0.613552 -4.909486 62.070315 -0.350761 -0.575046 -0.739113 0 0
    6 0.335110 -6.202173 66.284938 0.224444 0.000002 -0.974487 0 0
  phy
    6 0.004896 -2.805910 61.543345 -0.934817 0.000001 -0.355129 0 0
    6 -0.613552 -4.909486 62.070315 -0.350761 -0.575046 -0.739113 0 0
    6 -0.926097 -2.295791 61.543345 -0.851899 -0.522940 -0.028324 0 0
  phy
    6 -2.138857 -3.047204 63.335101 -0.437310 -0.863041 -0.252823 0 0
    6 -0.926097 -2.295791 61.543345 -0.851899 -0.522940 -0.028324 0 0
    6 -0.613552 -4.909486 62.070315 -0.350761 -0.575046 -0.739113 0 0
  phy
    6 -0.613552 -4.909486 62.070315 -0.350761 -0.575046 -0.739113 0 0
    6 -2.394833 -4.036452 64.669528 -0.088114 -0.880875 -0.465075 0 0
    6 -2.138857 -3.047204 63.335101 -0.437310 -0.863041 -0.252823 0 0
  phy
    6 1.248417 -4.909485 62.070315 -0.359118 0.673776 -0.645803 0 0
    6 1.551491 -5.882108 66.284938 0.220201 0.596042 -0.772170 0 0
    6 0.335110 -6.202173 66.284938 0.224444 0.000002 -0.974487 0 0
  phy
    6 2.356321 -3.047205 63.335101 -0.224586 0.940440 -0.255213 0 0
    6 3.183470 -0.315218 65.170832 -0.305305 0.942658 0.134852 0 0
    6 3.445356 -0.315218 67.016986 -0.053049 0.996668 -0.061962 0 0
  phy
    6 2.809883 0.916317 71.032748 0.436025 0.795673 0.420460 0 0
    6 2.151751 1.960364 71.032748 0.520800 0.554624 0.648968 0 0
    6 1.522943 0.351282 72.078502 0.816034 0.474178 0.330520 0 0
  phy
    6 3.183470 -0.315218 65.170832 -0.305305 0.942658 0.134852 0 0
    6 2.467181 2.758193 67.016986 -0.223209 0.826433 0.516901 0 0
    6 3.445356 -0.315218 67.016986 -0.053049 0.996668 -0.061962 0 0
  phy
    16 23.328153 3.334267 40.466768 -0.763518 0.606712 0.221224 0 0
    16 24.050279 3.334270 40.761869 -0.103071 0.211351 0.971960 0 0
    16 24.716679 4.171760 38.213303 -0.226950 0.973342 0.033165 0 0
  phy
    16 23.328153 3.334267 40.466768 -0.763518 0.606712 0.221224 0 0
    16 24.716679 4.171760 38.213303 -0.226950 0.973342 0.033165 0 0
    16 22.726560 3.334267 39.988695 -0.762796 0.513355 -0.393203 0 0
  phy
    16 24.050279 3.334270 40.761869 -0.103071 0.211351 0.971960 0 0
    16 23.328153 3.334267 40.466768 -0.763518 0.606712 0.221224 0 0
    16 23.328153 0.472264 40.466768 -0.862866 -0.441261 0.246476 0 0
  phy
    16 23.328153 0.472264 40.466768 -0.862866 -0.441261 0.246476 0 0
    16 23.328153 3.334267 40.466768 -0.763518 0.606712 0.221224 0 0
    16 22.726560 3.334267 39.988695 -0.762796 0.513355 -0.393203 0 0
  phy
    16 24.050279 3.334270 40.761869 -0.103071 0.211351 0.971960 0 0
    16 23.328153 0.472264 40.466768 -0.862866 -0.441261 0.246476 0 0
    16 24.050279 0.472264 40.761869 -0.375982 -0.692777 0.615384 0 0
  phy
    16 24.716679 4.171760 38.213303 -0.226950 0.973342 0.033165 0 0
    16 24.050279 3.334270 40.761869 -0.103071 0.211351 0.971960 0 0
    16 25.883967 4.171764 38.531200 0.464658 0.405002 0.787443 0 0
  phy
    16 24.050279 0.472264 40.761869 -0.375982 -0.692777 0.615384 0 0
    16 25.883968 -0.808129 38.531200 0.248130 -0.443234 0.861380 0 0
    16 24.050279 3.334270 40.761869 -0.103071 0.211351 0.971960 0 0
  phy
    16 24.050279 3.334270 40.761869 -0.103071 0.211351 0.971960 0 0
    16 25.883968 -0.808129 38.531200 0.248130 -0.443234 0.861380 0 0
    16 25.883967 4.171764 38.531200 0.464658 0.405002 0.787443 0 0
  phy
    16 22.726560 3.334267 39.988695 -0.762796 0.513355 -0.393203 0 0
    16 24.716679 4.171760 38.213303 -0.226950 0.973342 0.033165 0 0
    16 22.867272 4.171761 35.943361 -0.363736 0.383744 -0.848785 0 0
  phy
    16 22.867272 4.171761 35.943361 -0.363736 0.383744 -0.848785 0 0
    16 24.716679 4.171760 38.213303 -0.226950 0.973342 0.033165 0 0
    16 25.883967 4.171764 38.531200 0.464658 0.405002 0.787443 0 0
  phy
    16 23.328153 0.472264 40.466768 -0.862866 -0.441261 0.246476 0 0
    16 22.726560 3.334267 39.988695 -0.762796 0.513355 -0.393203 0 0
    16 22.726560 0.472262 39.988695 -0.725740 -0.097983 -0.680956 0 0
  phy
    16 23.328153 0.472264 40.466768 -0.862866 -0.441261 0.246476 0 0
    16 23.327710 -2.038123 35.404259 -0.248621 -0.561249 -0.789422 0 0
    16 24.050279 0.472264 40.761869 -0.375982 -0.692777 0.615384 0 0
  phy
    16 23.328153 0.472264 40.466768 -0.862866 -0.441261 0.246476 0 0
    16 22.726560 0.472262 39.988695 -0.725740 -0.097983 -0.680956 0 0
    16 23.327710 -2.038123 35.404259 -0.248621 -0.561249 -0.789422 0 0
  phy
    16 26.418747 3.765709 34.891758 0.774081 0.071089 0.629083 0 0
    16 25.883967 4.171764 38.531200 0.464658 0.405002 0.787443 0 0
    16 26.418747 -0.490607 34.891757 0.648854 -0.320680 0.690039 0 0
  phy
    16 25.883967 4.171764 38.531200 0.464658 0.405002 0.787443 0 0
    16 25.883968 -0.808129 38.531200 0.248130 -0.443234 0.861380 0 0
    16 26.418747 -0.490607 34.891757 0.648854 -0.320680 0.690039 0 0
  phy
    16 26.418747 -0.490607 34.891757 0.648854 -0.320680 0.690039 0 0
    16 25.945851 -0.490609 33.844527 0.817713 -0.236025 -0.525012 0 0
    16 26.418747 3.765709 34.891758 0.774081 0.071089 0.629083 0 0
  phy
    16 26.418747 -0.490607 34.891757 0.648854 -0.320680 0.690039 0 0
    16 23.327710 -2.038123 35.404259 -0.248621 -0.561249 -0.789422 0 0
    16 25.945851 -0.490609 33.844527 0.817713 -0.236025 -0.525012 0 0
  phy
    16 25.883968 -0.808129 38.531200 0.248130 -0.443234 0.861380 0 0
    16 23.327710 -2.038123 35.404259 -0.248621 -0.561249 -0.789422 0 0
    16 26.418747 -0.490607 34.891757 0.648854 -0.320680 0.690039 0 0
  phy
    16 22.726560 3.334267 39.988695 -0.762796 0.513355 -0.393203 0 0
    16 22.867272 4.171761 35.943361 -0.363736 0.383744 -0.848785 0 0
    16 22.726560 0.472262 39.988695 -0.725740 -0.097983 -0.680956 0 0
  phy
    16 25.945851 -0.490609 33.844527 0.817713 -0.236025 -0.525012 0 0
    16 25.945850 3.765708 33.844528 0.346658 0.416147 -0.840625 0 0
    16 26.418747 3.765709 34.891758 0.774081 0.071089 0.629083 0 0
  phy
    16 25.883967 4.171764 38.531200 0.464658 0.405002 0.787443 0 0
    16 26.418747 3.765709 34.891758 0.774081 0.071089 0.629083 0 0
    16 25.945850 3.765708 33.844528 0.346658 0.416147 -0.840625 0 0
  phy
    16 24.050279 0.472264 40.761869 -0.375982 -0.692777 0.615384 0 0
    16 23.327710 -2.038123 35.404259 -0.248621 -0.561249 -0.789422 0 0
    16 25.883968 -0.808129 38.531200 0.248130 -0.443234 0.861380 0 0
  phy
    16 25.945851 -0.490609 33.844527 0.817713 -0.236025 -0.525012 0 0
    16 23.327710 -2.038123 35.404259 -0.248621 -0.561249 -0.789422 0 0
    16 25.945850 3.765708 33.844528 0.346658 0.416147 -0.840625 0 0
  phy
    16 22.867272 4.171761 35.943361 -0.363736 0.383744 -0.848785 0 0
    16 25.883967 4.171764 38.531200 0.464658 0.405002 0.787443 0 0
    16 25.945850 3.765708 33.844528 0.346658 0.416147 -0.840625 0 0
  phy
    16 23.327710 -2.038123 35.404259 -0.248621 -0.561249 -0.789422 0 0
    16 22.867272 4.171761 35.943361 -0.363736 0.383744 -0.848785 0 0
    16 25.945850 3.765708 33.844528 0.346658 0.416147 -0.840625 0 0
  phy
    16 22.867272 4.171761 35.943361 -0.363736 0.383744 -0.848785 0 0
    16 23.327710 -2.038123 35.404259 -0.248621 -0.561249 -0.789422 0 0
    16 22.726560 0.472262 39.988695 -0.725740 -0.097983 -0.680956 0 0
  phy
    24 5.550014 3.544562 5.167678 -0.377482 -0.831672 -0.407221 0 0
    24 6.570675 3.949986 1.368154 -0.377643 -0.905014 0.195796 0 0
    24 2.474964 3.544560 5.167678 -0.618076 0.725666 -0.302310 0 0
  phy
    24 2.474964 3.544560 5.167678 -0.618076 0.725666 -0.302310 0 0
    24 6.570675 3.949986 1.368154 -0.377643 -0.905014 0.195796 0 0
    24 2.169990 3.949984 1.368147 -0.269447 0.939782 0.210257 0 0
  phy
    24 5.550014 3.544562 5.167678 -0.377482 -0.831672 -0.407221 0 0
    24 2.474964 3.544560 5.167678 -0.618076 0.725666 -0.302310 0 0
    24 5.550003 -2.217895 4.357514 -0.267424 -0.113517 -0.956869 0 0
  phy
    24 5.550003 -2.217895 4.357514 -0.267424 -0.113517 -0.956869 0 0
    24 2.474964 3.544560 5.167678 -0.618076 0.725666 -0.302310 0 0
    24 2.474955 -2.217894 4.357515 -0.289606 0.284855 -0.913776 0 0
  phy
    24 5.550014 3.544562 5.167678 -0.377482 -0.831672 -0.407221 0 0
    24 5.550003 -2.217895 4.357514 -0.267424 -0.113517 -0.956869 0 0
    24 6.684491 -7.909327 1.601917 -0.034182 -0.841008 -0.539942 0 0
  phy
    24 6.684491 -7.909327 1.601917 -0.034182 -0.841008 -0.539942 0 0
    24 6.570675 3.949986 1.368154 -0.377643 -0.905014 0.195796 0 0
    24 5.550014 3.544562 5.167678 -0.377482 -0.831672 -0.407221 0 0
  phy
    24 6.684491 -7.909327 1.601917 -0.034182 -0.841008 -0.539942 0 0
    24 6.561251 -7.300443 0.136847 0.639910 -0.285736 0.713351 0 0
    24 6.570675 3.949986 1.368154 -0.377643 -0.905014 0.195796 0 0
  phy
    24 6.684491 -7.909327 1.601917 -0.034182 -0.841008 -0.539942 0 0
    24 5.550003 -2.217895 4.357514 -0.267424 -0.113517 -0.956869 0 0
    24 2.056184 -7.909333 1.601915 0.016044 0.816193 -0.577557 0 0
  phy
    24 2.056184 -7.909333 1.601915 0.016044 0.816193 -0.577557 0 0
    24 6.561251 -7.300443 0.136847 0.639910 -0.285736 0.713351 0 0
    24 6.684491 -7.909327 1.601917 -0.034182 -0.841008 -0.539942 0 0
  phy
    24 5.550003 -2.217895 4.357514 -0.267424 -0.113517 -0.956869 0 0
    24 2.474955 -2.217894 4.357515 -0.289606 0.284855 -0.913776 0 0
    24 2.056184 -7.909333 1.601915 0.016044 0.816193 -0.577557 0 0
  phy
    24 2.056184 -7.909333 1.601915 0.016044 0.816193 -0.577557 0 0
    24 2.474955 -2.217894 4.357515 -0.289606 0.284855 -0.913776 0 0
    24 2.474964 3.544560 5.167678 -0.618076 0.725666 -0.302310 0 0
  phy
    24 6.309825 3.142005 0.136830 0.453214 -0.265265 0.851018 0 0
    24 2.430839 3.142008 0.136830 0.447912 0.131039 0.884423 0 0
    24 6.570675 3.949986 1.368154 -0.377643 -0.905014 0.195796 0 0
  phy
    24 6.570675 3.949986 1.368154 -0.377643 -0.905014 0.195796 0 0
    24 6.561251 -7.300443 0.136847 0.639910 -0.285736 0.713351 0 0
    24 6.309825 3.142005 0.136830 0.453214 -0.265265 0.851018 0 0
  phy
    24 6.309825 3.142005 0.136830 0.453214 -0.265265 0.851018 0 0
    24 6.561251 -7.300443 0.136847 0.639910 -0.285736 0.713351 0 0
    24 2.430839 3.142008 0.136830 0.447912 0.131039 0.884423 0 0
  phy
    24 2.179440 -7.300439 0.136847 0.536885 0.501231 0.678618 0 0
    24 2.169990 3.949984 1.368147 -0.269447 0.939782 0.210257 0 0
    24 2.430839 3.142008 0.136830 0.447912 0.131039 0.884423 0 0
  phy
    24 2.169990 3.949984 1.368147 -0.269447 0.939782 0.210257 0 0
    24 2.179440 -7.300439 0.136847 0.536885 0.501231 0.678618 0 0
    24 2.056184 -7.909333 1.601915 0.016044 0.816193 -0.577557 0 0
  phy
    24 2.169990 3.949984 1.368147 -0.269447 0.939782 0.210257 0 0
    24 2.056184 -7.909333 1.601915 0.016044 0.816193 -0.577557 0 0
    24 2.474964 3.544560 5.167678 -0.618076 0.725666 -0.302310 0 0
  phy
    24 6.570675 3.949986 1.368154 -0.377643 -0.905014 0.195796 0 0
    24 2.430839 3.142008 0.136830 0.447912 0.131039 0.884423 0 0
    24 2.169990 3.949984 1.368147 -0.269447 0.939782 0.210257 0 0
  phy
    24 2.430839 3.142008 0.136830 0.447912 0.131039 0.884423 0 0
    24 6.561251 -7.300443 0.136847 0.639910 -0.285736 0.713351 0 0
    24 2.179440 -7.300439 0.136847 0.536885 0.501231 0.678618 0 0
  phy
    24 2.179440 -7.300439 0.136847 0.536885 0.501231 0.678618 0 0
    24 6.561251 -7.300443 0.136847 0.639910 -0.285736 0.713351 0 0
    24 2.056184 -7.909333 1.601915 0.016044 0.816193 -0.577557 0 0
end
